stage,trial,time,position.x,position.y,position.z,rotation.x,rotation.y,rotation.z,rotation.w,event
0,0,0,0,0,0,0,0,0,1,
1,1,0.01999999,-0.002664187,0.6047001,7.366789,-0.00330913,-0.9435973,-0.3309444,0.009434998,BallLaunch
1,1,0.02833333,-0.003829101,0.6493593,7.308544,-0.00330913,-0.9435973,-0.3309444,0.009434998,
1,1,0.03607813,-0.004909815,0.6901798,7.254508,-0.00330913,-0.9435973,-0.3309444,0.009434998,
1,1,0.04441146,-0.006070585,0.7333637,7.196469,-0.00330913,-0.9435973,-0.3309444,0.009434998,
1,1,0.04905146,-0.006715986,0.7570797,7.164198,-0.00330913,-0.9435973,-0.3309444,0.009434998,
1,1,0.05738479,-0.007873464,0.7990781,7.106325,-0.00330913,-0.9435973,-0.3309444,0.009434998,
1,1,0.06571813,-0.009028856,0.8403188,7.048555,-0.00330913,-0.9435973,-0.3309444,0.009434998,
1,1,0.07405146,-0.01018218,0.8808032,6.990888,-0.00330913,-0.9435973,-0.3309444,0.009434998,
1,1,0.08229136,-0.01132055,0.9200895,6.933969,-0.00330913,-0.9435973,-0.3309444,0.009434998,
1,1,0.0906247,-0.0124698,0.959073,6.876506,-0.00330913,-0.9435973,-0.3309444,0.009434998,
1,1,0.09895803,-0.01361705,0.9973062,6.819142,-0.00330913,-0.9435973,-0.3309444,0.009434998,
1,1,0.1072914,-0.01476229,1.034788,6.761882,-0.00330913,-0.9435973,-0.3309444,0.009434998,
1,1,0.1147991,-0.01579238,1.067917,6.710377,-0.00330913,-0.9435973,-0.3309444,0.009434998,
1,1,0.1231324,-0.01693387,1.103979,6.653301,-0.00330913,-0.9435973,-0.3309444,0.009434998,
1,1,0.1314431,-0.01807033,1.139201,6.596478,-0.00330913,-0.9435973,-0.3309444,0.009434998,
1,1,0.1397764,-0.01920795,1.173778,6.539597,-0.00330913,-0.9435973,-0.3309444,0.009434998,
1,1,0.1475472,-0.02026706,1.205352,6.486641,-0.00330913,-0.9435973,-0.3309444,0.009434998,
1,1,0.1558806,-0.021401,1.238499,6.429944,-0.00330913,-0.9435973,-0.3309444,0.009434998,
1,1,0.1639091,-0.02249168,1.269734,6.375409,-0.00330913,-0.9435973,-0.3309444,0.009434998,
1,1,0.1722424,-0.02362194,1.301431,6.318896,-0.00330913,-0.9435973,-0.3309444,0.009434998,
1,1,0.1805757,-0.02475034,1.332393,6.262476,-0.00330913,-0.9435973,-0.3309444,0.009434998,
1,1,0.1881012,-0.02576778,1.359725,6.211603,-0.00330913,-0.9435973,-0.3309444,0.009434998,
1,1,0.1964346,-0.0268927,1.389292,6.155357,-0.00330913,-0.9435973,-0.3309444,0.009434998,
1,1,0.2044808,-0.02797715,1.417149,6.101134,-0.00330913,-0.9435973,-0.3309444,0.009434998,
1,1,0.2128141,-0.02909854,1.445282,6.045065,-0.00330913,-0.9435973,-0.3309444,0.009434998,
1,1,0.2210972,-0.0302114,1.472525,5.98942,-0.00330913,-0.9435973,-0.3309444,0.009434998,
1,1,0.229259,-0.03130626,1.498666,5.934678,-0.00330913,-0.9435973,-0.3309444,0.009434998,
1,1,0.2375162,-0.03241219,1.524406,5.87938,-0.00330913,-0.9435973,-0.3309444,0.009434998,
1,1,0.2458495,-0.03352661,1.549663,5.823659,-0.00330913,-0.9435973,-0.3309444,0.009434998,
1,1,0.2539105,-0.03460296,1.573407,5.769841,-0.00330913,-0.9435973,-0.3309444,0.009434998,
1,1,0.2622439,-0.03571399,1.597243,5.71429,-0.00330913,-0.9435973,-0.3309444,0.009434998,
1,1,0.2705772,-0.03682332,1.62036,5.658823,-0.00330913,-0.9435973,-0.3309444,0.009434998,
1,1,0.278895,-0.0379289,1.642719,5.603544,-0.00330913,-0.9435973,-0.3309444,0.009434998,
1,1,0.2871679,-0.03902685,1.664247,5.548646,-0.00330913,-0.9435973,-0.3309444,0.009434998,
1,1,0.2952036,-0.04009175,1.684483,5.4954,-0.00330913,-0.9435973,-0.3309444,0.009434998,
1,1,0.3035369,-0.04119447,1.704766,5.440264,-0.00330913,-0.9435973,-0.3309444,0.009434998,
1,1,0.3118246,-0.04228953,1.724232,5.385511,-0.00330913,-0.9435973,-0.3309444,0.009434998,
1,1,0.320033,-0.04337253,1.742817,5.331361,-0.00330913,-0.9435973,-0.3309444,0.009434998,
1,1,0.3283664,-0.04447039,1.760977,5.276467,-0.00330913,-0.9435973,-0.3309444,0.009434998,
1,1,0.3366997,-0.04556665,1.77843,5.221654,-0.00330913,-0.9435973,-0.3309444,0.009434998,
1,1,0.3442107,-0.04655336,1.793553,5.172318,-0.00330913,-0.9435973,-0.3309444,0.009434998,
1,1,0.352544,-0.04764659,1.809658,5.117657,-0.00330913,-0.9435973,-0.3309444,0.009434998,
1,1,0.3605463,-0.04869491,1.824459,5.065241,-0.00330913,-0.9435973,-0.3309444,0.009434998,
1,1,0.3688797,-0.04978505,1.839181,5.010734,-0.00330913,-0.9435973,-0.3309444,0.009434998,
1,1,0.3771199,-0.05086147,1.853046,4.956911,-0.00330913,-0.9435973,-0.3309444,0.009434998,
1,1,0.3854532,-0.05194852,1.866368,4.902559,-0.00330913,-0.9435973,-0.3309444,0.009434998,
1,1,0.3937865,-0.05303403,1.878988,4.848284,-0.00330913,-0.9435973,-0.3309444,0.009434998,
1,1,0.4019048,-0.05409005,1.890609,4.795482,-0.00330913,-0.9435973,-0.3309444,0.009434998,
1,1,0.4102382,-0.05517254,1.901846,4.741358,-0.00330913,-0.9435973,-0.3309444,0.009434998,
1,1,0.418049,-0.05618577,1.911745,4.690696,-0.00330913,-0.9435973,-0.3309444,0.009434998,
1,1,0.4263823,-0.05726533,1.921628,4.636718,-0.00330913,-0.9435973,-0.3309444,0.009434998,
1,1,0.4347156,-0.05834337,1.930815,4.582815,-0.00330913,-0.9435973,-0.3309444,0.009434998,
1,1,0.4430348,-0.0594181,1.939294,4.529078,-0.00330913,-0.9435973,-0.3309444,0.009434998,
1,1,0.4509882,-0.06044419,1.946751,4.477774,-0.00330913,-0.9435973,-0.3309444,0.009434998,
1,1,0.4593216,-0.06151784,1.953885,4.424091,-0.00330913,-0.9435973,-0.3309444,0.009434998,
1,1,0.4675528,-0.06257689,1.960252,4.371138,-0.00330913,-0.9435973,-0.3309444,0.009434998,
1,1,0.4758861,-0.06364762,1.966012,4.317601,-0.00330913,-0.9435973,-0.3309444,0.009434998,
1,1,0.4835358,-0.06462922,1.970689,4.268521,-0.00330913,-0.9435973,-0.3309444,0.009434998,
1,1,0.4918691,-0.06569714,1.975123,4.215124,-0.00330913,-0.9435973,-0.3309444,0.009434998,
1,1,0.500142,-0.06675589,1.978843,4.162187,-0.00330913,-0.9435973,-0.3309444,0.009434998,
1,1,0.5083867,-0.0678096,1.981875,4.1095,-0.00330913,-0.9435973,-0.3309444,0.009434998,
1,1,0.5167201,-0.0688732,1.984257,4.05632,-0.00330913,-0.9435973,-0.3309444,0.009434998,
1,1,0.5250534,-0.06993537,1.985953,4.003211,-0.00330913,-0.9435973,-0.3309444,0.009434998,
1,1,0.5333805,-0.07099532,1.986961,3.950213,-0.00330913,-0.9435973,-0.3309444,0.009434998,
1,1,0.541416,-0.07201681,1.987286,3.899139,-0.00330913,-0.9435973,-0.3309444,0.009434998,
1,1,0.5497493,-0.07307474,1.986953,3.846242,-0.00330913,-0.9435973,-0.3309444,0.009434998,
1,1,0.5573145,-0.0740339,1.986058,3.798284,-0.00330913,-0.9435973,-0.3309444,0.009434998,
1,1,0.5656478,-0.07508913,1.984423,3.745522,-0.00330913,-0.9435973,-0.3309444,0.009434998,
1,1,0.5739811,-0.07614294,1.982107,3.692831,-0.00330913,-0.9435973,-0.3309444,0.009434998,
1,1,0.5818997,-0.077143,1.979275,3.642828,-0.00330913,-0.9435973,-0.3309444,0.009434998,
1,1,0.590233,-0.07819406,1.975632,3.590275,-0.00330913,-0.9435973,-0.3309444,0.009434998,
1,1,0.5985168,-0.07923748,1.971339,3.538104,-0.00330913,-0.9435973,-0.3309444,0.009434998,
1,1,0.6068501,-0.08028574,1.966346,3.48569,-0.00330913,-0.9435973,-0.3309444,0.009434998,
1,1,0.61457,-0.08125556,1.961115,3.437199,-0.00330913,-0.9435973,-0.3309444,0.009434998,
1,1,0.6229033,-0.08230111,1.954819,3.384921,-0.00330913,-0.9435973,-0.3309444,0.009434998,
1,1,0.6311206,-0.08333074,1.94795,3.333439,-0.00330913,-0.9435973,-0.3309444,0.009434998,
1,1,0.6394539,-0.08437352,1.940313,3.2813,-0.00330913,-0.9435973,-0.3309444,0.009434998,
1,1,0.6476488,-0.0853976,1.932148,3.230096,-0.00330913,-0.9435973,-0.3309444,0.009434998,
1,1,0.6556582,-0.08639722,1.92354,3.180115,-0.00330913,-0.9435973,-0.3309444,0.009434998,
1,1,0.6639916,-0.08743589,1.913926,3.128182,-0.00330913,-0.9435973,-0.3309444,0.009434998,
1,1,0.6723249,-0.08847314,1.90364,3.076318,-0.00330913,-0.9435973,-0.3309444,0.009434998,
1,1,0.6805881,-0.08950032,1.89278,3.02496,-0.00330913,-0.9435973,-0.3309444,0.009434998,
1,1,0.6887986,-0.09051958,1.88134,2.973997,-0.00330913,-0.9435973,-0.3309444,0.009434998,
1,1,0.6967807,-0.09150917,1.869596,2.924516,-0.00330913,-0.9435973,-0.3309444,0.009434998,
1,1,0.7049424,-0.09251972,1.856955,2.873989,-0.00330913,-0.9435973,-0.3309444,0.009434998,
1,1,0.7132757,-0.09355013,1.843389,2.822468,-0.00330913,-0.9435973,-0.3309444,0.009434998,
1,1,0.7215554,-0.09457252,1.829252,2.771348,-0.00330913,-0.9435973,-0.3309444,0.009434998,
1,1,0.7298762,-0.09559861,1.814386,2.720044,-0.00330913,-0.9435973,-0.3309444,0.009434998,
1,1,0.7382095,-0.09662484,1.798833,2.668732,-0.00330913,-0.9435973,-0.3309444,0.009434998,
1,1,0.7461995,-0.09760749,1.783301,2.6196,-0.00330913,-0.9435973,-0.3309444,0.009434998,
1,1,0.7545328,-0.09863097,1.766452,2.568425,-0.00330913,-0.9435973,-0.3309444,0.009434998,
1,1,0.7626769,-0.09962986,1.749349,2.51848,-0.00330913,-0.9435973,-0.3309444,0.009434998,
1,1,0.7710102,-0.1006506,1.731199,2.467444,-0.00330913,-0.9435973,-0.3309444,0.009434998,
1,1,0.7792282,-0.1016558,1.712652,2.417184,-0.00330913,-0.9435973,-0.3309444,0.009434998,
1,1,0.7873057,-0.1026425,1.693801,2.36785,-0.00330913,-0.9435973,-0.3309444,0.009434998,
1,1,0.7954149,-0.1036317,1.674255,2.318388,-0.00330913,-0.9435973,-0.3309444,0.009434998,
1,1,0.8037482,-0.1046469,1.653524,2.267629,-0.00330913,-0.9435973,-0.3309444,0.009434998,
1,1,0.8118586,-0.1056335,1.632719,2.218296,-0.00330913,-0.9435973,-0.3309444,0.009434998,
1,1,0.8201919,-0.1066459,1.610696,2.167676,-0.00330913,-0.9435973,-0.3309444,0.009434998,
1,1,0.8285252,-0.1076569,1.588022,2.117129,-0.00330913,-0.9435973,-0.3309444,0.009434998,
1,1,0.8367751,-0.1086563,1.564933,2.067157,-0.00330913,-0.9435973,-0.3309444,0.009434998,
1,1,0.8448635,-0.1096348,1.541678,2.018231,-0.00330913,-0.9435973,-0.3309444,0.009434998,
1,1,0.8531969,-0.1106415,1.517078,1.967895,-0.00330913,-0.9435973,-0.3309444,0.009434998,
1,1,0.8613741,-0.111628,1.492309,1.918571,-0.00330913,-0.9435973,-0.3309444,0.009434998,
1,1,0.8696716,-0.1126276,1.46654,1.868593,-0.00330913,-0.9435973,-0.3309444,0.009434998,
1,1,0.877809,-0.1136064,1.440646,1.819648,-0.00330913,-0.9435973,-0.3309444,0.009434998,
1,1,0.8861188,-0.1146047,1.413568,1.769737,-0.00330913,-0.9435973,-0.3309444,0.009434998,
1,1,0.8944521,-0.1156042,1.38577,1.719758,-0.00330913,-0.9435973,-0.3309444,0.009434998,
1,1,0.9027854,-0.1166024,1.35733,1.669851,-0.00330913,-0.9435973,-0.3309444,0.009434998,
1,1,0.9111188,-0.117599,1.328249,1.620017,-0.00330913,-0.9435973,-0.3309444,0.009434998,
1,1,0.9191341,-0.1185563,1.299672,1.572155,-0.00330913,-0.9435973,-0.3309444,0.009434998,
1,1,0.9274674,-0.1195501,1.269334,1.522465,-0.00330913,-0.9435973,-0.3309444,0.009434998,
1,1,0.9356456,-0.1205239,1.238941,1.473771,-0.00330913,-0.9435973,-0.3309444,0.009434998,
1,1,0.9438061,-0.1214943,1.208003,1.425254,-0.00330913,-0.9435973,-0.3309444,0.009434998,
1,1,0.9521394,-0.1224837,1.17578,1.375782,-0.00330913,-0.9435973,-0.3309444,0.009434998,
1,1,0.9602287,-0.1234427,1.143892,1.327831,-0.00330913,-0.9435973,-0.3309444,0.009434998,
1,1,0.9685621,-0.1244292,1.110419,1.278506,-0.00330913,-0.9435973,-0.3309444,0.009434998,
1,1,0.9767957,-0.1254024,1.076725,1.229845,-0.00330913,-0.9435973,-0.3309444,0.009434998,
1,1,0.9850803,-0.1263802,1.042202,1.180956,-0.00330913,-0.9435973,-0.3309444,0.009434998,
1,1,0.9933496,-0.1273547,1.00712,1.132232,-0.00330913,-0.9435973,-0.3309444,0.009434998,
1,1,1.001683,-0.1283352,0.9711403,1.083206,-0.00330913,-0.9435973,-0.3309444,0.009434998,
1,1,1.010003,-0.1293126,0.9345948,1.034336,-0.00330913,-0.9435973,-0.3309444,0.009434998,
1,1,1.017954,-0.1302453,0.8990838,0.987702,-0.00330913,-0.9435973,-0.3309444,0.009434998,
1,1,1.026287,-0.1312213,0.8612545,0.9389007,-0.00330913,-0.9435973,-0.3309444,0.009434998,
1,1,1.034286,-0.1321568,0.8243545,0.8921264,-0.00330913,-0.9435973,-0.3309444,0.009434998,
1,1,1.042498,-0.1331156,0.7858795,0.8441858,-0.00330913,-0.9435973,-0.3309444,0.009434998,
1,1,1.050831,-0.1340871,0.7462182,0.795611,-0.00330913,-0.9435973,-0.3309444,0.009434998,
1,1,1.059151,-0.1350554,0.7060047,0.7471952,-0.00330913,-0.9435973,-0.3309444,0.009434998,
1,1,1.067484,-0.1360238,0.6651049,0.6987755,-0.00330913,-0.9435973,-0.3309444,0.009434998,
1,1,1.075285,-0.1369289,0.6262585,0.6535189,-0.00330913,-0.9435973,-0.3309444,0.009434998,
1,1,1.083619,-0.1378943,0.5841652,0.6052506,-0.00330913,-0.9435973,-0.3309444,0.009434998,
1,1,1.091701,-0.1388291,0.5427546,0.5585131,-0.00330913,-0.9435973,-0.3309444,0.009434998,
1,1,1.100034,-0.1397913,0.4994529,0.5103997,-0.00330913,-0.9435973,-0.3309444,0.009434998,
1,1,1.108367,-0.140752,0.4555377,0.4623656,-0.00330913,-0.9435973,-0.3309444,0.009434998,
1,1,1.116526,-0.1416911,0.4119495,0.4154121,-0.00330913,-0.9435973,-0.3309444,0.009434998,
1,1,1.12486,-0.1426486,0.3668289,0.3675354,-0.00330913,-0.9435973,-0.3309444,0.009434998,
1,1,1.133193,-0.1436045,0.3210999,0.3197388,-0.00330913,-0.9435973,-0.3309444,0.009434998,
1,1,1.14124,-0.1445261,0.276368,0.273662,-0.00330913,-0.9435973,-0.3309444,0.009434998,
1,1,1.1492,-0.1454362,0.2315644,0.2281566,-0.00330913,-0.9435973,-0.3309444,0.009434998,
1,1,1.157533,-0.1463874,0.1840685,0.1805955,-0.00330913,-0.9435973,-0.3309444,0.009434998,
1,1,1.164382,-0.1471679,0.1445829,0.1415674,-0.00330913,-0.9435973,-0.3309444,0.009434998,
1,1,1.172715,-0.1481162,0.09599186,0.09415454,-0.00330913,-0.9435973,-0.3309444,0.009434998,
1,1,1.181049,-0.1490634,0.04680233,0.04682316,-0.00330913,-0.9435973,-0.3309444,0.009434998,CourtEnter
1,1,1.189382,-0.1498132,0.06310254,0.009402943,0.0003783343,-0.999265,0.03700827,0.009993685,CourtExit
1,1,1.19706,-0.1503009,0.09562212,0.006946534,0.0004168021,-0.8758839,0.482484,0.006044401,RacketHit
1,1,1.205393,-0.1507479,0.1291482,0.02067393,-0.002048291,-0.5245428,0.8513807,-0.001251208,
1,1,1.213536,-0.1511842,0.1612214,0.03406723,-0.003946643,-0.04911023,0.998753,-0.0080766,
1,1,1.221793,-0.1516264,0.1930493,0.04762718,-0.004871299,0.4445016,0.8956713,-0.01294506,
1,1,1.230126,-0.1520724,0.2244672,0.06129357,-0.004549033,0.827564,0.5611652,-0.01451896,
1,1,1.238339,-0.1525116,0.2547367,0.07474323,-0.003079949,0.9959285,0.08923743,-0.01239686,
1,1,1.246523,-0.1529489,0.2842166,0.0881273,-0.0008476659,0.9150882,-0.4031887,-0.007188641,
1,1,1.254856,-0.153394,0.3135357,0.1017376,0.001636992,0.599247,-0.8005626,-6.081443E-05,
1,1,1.263041,-0.1538308,0.341644,0.1150872,0.003668961,0.1383684,-0.9903496,0.006961987,
1,1,1.271128,-0.1542622,0.3687518,0.1282625,0.004782365,-0.3510479,-0.9362658,0.01220579,
1,1,1.279462,-0.1547064,0.39599,0.1418215,0.004716352,-0.7649674,-0.6438884,0.01450468,
1,1,1.287795,-0.1551503,0.4225268,0.1553642,0.003440143,-0.9823723,-0.1864448,0.01308041,
1,1,1.296128,-0.1555939,0.4483621,0.168891,0.001282945,-0.9478761,0.3185283,0.008304472,
1,1,1.304102,-0.1560182,0.4724261,0.1818195,-0.001096169,-0.6869417,0.7267096,0.001723957,
1,1,1.312435,-0.1564613,0.4968905,0.1953166,-0.003298029,-0.24368,0.9698341,-0.00555508,
1,1,1.32043,-0.1568861,0.519704,0.2082514,-0.004622851,0.241494,0.9703264,-0.01122197,
1,1,1.328763,-0.1573287,0.542801,0.2217207,-0.004843699,0.6848835,0.7284961,-0.01430253,
1,1,1.337096,-0.1577711,0.565201,0.2351765,-0.003829926,0.9534773,0.3011276,-0.01373618,
1,1,1.344962,-0.1581884,0.5857041,0.2478646,-0.001971186,0.9845909,-0.1745775,-0.00997954,
1,1,1.353295,-0.1586303,0.6067498,0.2612952,0.0004743171,0.7743031,-0.6328048,-0.003556815,
1,1,1.361341,-0.1590567,0.6264109,0.2742509,0.002726757,0.3836983,-0.9234477,0.003519089,
1,1,1.369674,-0.1594981,0.6460921,0.2876577,0.004372033,-0.1150777,-0.9932971,0.009945331,
1,1,1.377922,-0.1599348,0.6648899,0.3009163,0.004909018,-0.5801986,-0.8143429,0.01382405,
1,1,1.386256,-0.1603757,0.6831912,0.3143006,0.004214376,-0.9033288,-0.4286912,0.0142555,
1,1,1.394255,-0.1607988,0.7001089,0.327139,0.002540111,-0.9989251,0.04489272,0.01126985,
1,1,1.402475,-0.1612334,0.7168282,0.3403208,0.0002083037,-0.8545772,0.5192954,0.005476697,
1,1,1.410809,-0.1616737,0.7330925,0.3536747,-0.002203936,-0.4942971,0.8692885,-0.001759186,
1,1,1.419142,-0.1621139,0.7486659,0.3670188,-0.004059209,-0.009564042,0.9999095,-0.008547755,
1,1,1.427475,-0.1625538,0.7635486,0.3803536,-0.004891132,0.4773497,0.878601,-0.01317999,
1,1,1.435627,-0.162984,0.7774408,0.3933893,-0.004513545,0.8379384,0.5455534,-0.01450418,
1,1,1.44396,-0.1634235,0.7909617,0.4067067,-0.00300677,0.9974452,0.07031327,-0.01225012,
1,1,1.452139,-0.1638547,0.8035613,0.4197694,-0.0007911841,0.9103249,-0.4138337,-0.007040563,
1,1,1.460473,-0.1642939,0.8157167,0.4330706,0.001658122,0.5955855,-0.8032902,5.501609E-06,
1,1,1.467196,-0.1646481,0.8250227,0.4437953,0.003356817,0.2278628,-0.9736704,0.005772696,
1,1,1.475529,-0.165087,0.8359363,0.4570827,0.004673352,-0.2723025,-0.9621315,0.01151016,
1,1,1.48378,-0.1655214,0.8460667,0.4702323,0.004824858,-0.7005795,-0.7134137,0.01435461,
1,1,1.492114,-0.1659599,0.8556145,0.4835055,0.003778166,-0.9583632,-0.2852006,0.01365481,
1,1,1.500447,-0.1663983,0.8644751,0.4967721,0.001788751,-0.9767817,0.2140168,0.00954651,
1,1,1.508464,-0.1668198,0.8723531,0.509529,-0.0005525071,-0.7640759,0.6451176,0.003330711,
1,1,1.516797,-0.1672579,0.8798696,0.5227829,-0.002842286,-0.357173,0.9340257,-0.003920106,
1,1,1.524895,-0.1676834,0.8865175,0.5356569,-0.004392701,0.124339,0.9921793,-0.01004333,
1,1,1.533229,-0.1681212,0.8926827,0.5488991,-0.004907339,0.5879592,0.8087569,-0.01386568,
1,1,1.541385,-0.1685495,0.898054,0.5618546,-0.004229548,0.9007168,0.4341518,-0.01427171,
1,1,1.549378,-0.1689691,0.9026819,0.574545,-0.002586921,0.9993631,-0.03372421,-0.01137121,
1,1,1.557711,-0.1694064,0.9068372,0.587771,-0.0002531018,0.8592834,-0.5114692,-0.005599168,
1,1,1.566044,-0.1698435,0.9103094,0.6009918,0.002142309,0.5064107,-0.8622884,0.001557144,
1,1,1.574074,-0.1702646,0.9130073,0.6137251,0.003953687,0.04670395,-0.9988681,0.008104973,
1,1,1.582407,-0.1707015,0.9151358,0.626936,0.004868156,-0.4400759,-0.8978546,0.01291123,
1,1,1.590354,-0.171118,0.9165302,0.6395296,0.004619814,-0.8043175,-0.594004,0.01453084,
1,1,1.598687,-0.1715547,0.9173254,0.6527312,0.003247936,-0.9909362,-0.1336905,0.01272255,
1,1,1.606875,-0.1719835,0.9174425,0.6656978,0.001117844,-0.9362708,0.3511888,0.0078856,
1,1,1.615208,-0.1724199,0.9168844,0.6788901,-0.001318712,-0.652236,0.7580141,0.001047722,
1,1,1.623542,-0.1728561,0.9156441,0.6920779,-0.003429727,-0.2078282,0.9781407,-0.006044983,
1,1,1.63177,-0.1732866,0.913751,0.7050951,-0.004687483,0.2814179,0.9595038,-0.01159332,
1,1,1.640078,-0.1737213,0.9111654,0.7182346,-0.004817136,0.7064366,0.7076141,-0.01437217,
1,1,1.648412,-0.1741571,0.9078904,0.7314089,-0.003767006,0.9593691,0.2817994,-0.01363655,
1,1,1.656745,-0.1745927,0.9039353,0.7445788,-0.001793969,0.9770255,-0.2129004,-0.009558646,
1,1,1.664461,-0.1749959,0.8996658,0.756769,0.0004366054,0.7791612,-0.6268128,-0.003665127,
1,1,1.672498,-0.1754158,0.8945984,0.7694629,0.002654499,0.3998793,-0.9165581,0.003270363,
1,1,1.680832,-0.175851,0.8886766,0.7826201,0.004309451,-0.08797301,-0.9960667,0.009652311,
1,1,1.688886,-0.1762715,0.8823066,0.7953324,0.004910557,-0.5401329,-0.8414557,0.01359029,
1,1,1.697219,-0.1767063,0.8750473,0.8084806,0.00435342,-0.8769677,-0.480314,0.01439389,
1,1,1.704874,-0.1771057,0.8677813,0.8205542,0.002898869,-0.9990042,-0.04286438,0.01202992,
1,1,1.713207,-0.1775402,0.8592193,0.8336937,0.000650487,-0.8979643,0.4400174,0.00666916,
1,1,1.72122,-0.1779579,0.8503469,0.8463237,-0.001666918,-0.5940608,0.8044184,-3.306274E-05,
1,1,1.729554,-0.1783921,0.8404543,0.8594542,-0.003671295,-0.1376709,0.9904467,-0.00697019,
1,1,1.7377,-0.1788164,0.8301287,0.8722862,-0.004770732,0.3414714,0.9398019,-0.01212333,
1,1,1.746034,-0.1792503,0.8188978,0.8854075,-0.004749202,0.7485952,0.6628523,-0.01447629,
1,1,1.754367,-0.1796839,0.8069882,0.898524,-0.00357706,0.97416,0.2254378,-0.01332086,
1,1,1.762242,-0.1800935,0.7951126,0.9109154,-0.001666464,0.9707475,-0.2399187,-0.009251256,
1,1,1.770576,-0.1805268,0.7818888,0.9240227,0.0007367324,0.7391289,-0.6735579,-0.002793114,
1,1,1.778909,-0.1809599,0.7679911,0.937125,0.002960794,0.3290856,-0.9442855,0.004336523,
1,1,1.786756,-0.1813674,0.7542864,0.9494584,0.004408508,-0.1315245,-0.9912515,0.01011862,
1,1,1.794967,-0.1817937,0.7393074,0.962359,0.00490876,-0.5814884,-0.8134223,0.01382986,
1,1,1.8033,-0.1822261,0.723435,0.9754471,0.004242583,-0.8984269,-0.4388703,0.01428513,
1,1,1.81138,-0.1826451,0.7074044,0.9881314,0.002619147,-0.9995933,0.02598942,0.01144031,
1,1,1.819625,-0.1830725,0.6903924,1.001072,0.0003557071,-0.869799,0.4933711,0.005878348,
1,1,1.827766,-0.1834941,0.6729536,1.013843,-0.001962028,-0.5408309,0.8411285,-0.0009720969,
1,1,1.836097,-0.1839255,0.6544413,1.026908,-0.003863966,-0.07683021,0.9970067,-0.007736819,
1,1,1.844431,-0.1843566,0.6352544,1.039972,-0.004839785,0.4054227,0.914029,-0.01264618,
1,1,1.852195,-0.1847581,0.6167758,1.052139,-0.004706957,0.7693188,0.638683,-0.01450851,
1,1,1.860529,-0.1851888,0.5962965,1.065192,-0.003479942,0.9801783,0.1976501,-0.01315018,
1,1,1.868862,-0.1856192,0.5751504,1.07824,-0.00142262,0.9568803,-0.2903502,-0.008652543,
1,1,1.876897,-0.1860338,0.5541294,1.090816,0.000887775,0.7177701,-0.6962757,-0.002347123,
1,1,1.88523,-0.1864636,0.5316726,1.103855,0.003068219,0.3027982,-0.9530381,0.004718929,
1,1,1.893278,-0.1868784,0.5093543,1.116441,0.004484135,-0.1673975,-0.9858235,0.01048994,
1,1,1.901611,-0.1873076,0.4855902,1.129469,0.004898487,-0.6136054,-0.7894737,0.01399687,
1,1,1.909797,-0.1877289,0.4616013,1.142262,0.004172138,-0.9102889,-0.4137088,0.0142053,
1,1,1.91813,-0.1881574,0.4365225,1.155279,0.002453678,-0.9978014,0.06529766,0.01107874,
1,1,1.926108,-0.1885674,0.4118933,1.167737,0.0002576804,-0.8597594,0.5106684,0.005611281,
1,1,1.934221,-0.188984,0.3862232,1.180402,-0.002028996,-0.5282171,0.8491061,-0.001188304,
1,1,1.942555,-0.1894116,0.3592061,1.193405,-0.003898322,-0.06543952,0.9978178,-0.007876509,
1,1,1.950888,-0.1898388,0.3315309,1.206403,-0.00484614,0.4125345,0.9108406,-0.01270118,
1,1,1.958745,-0.1902412,0.3048337,1.218654,-0.004692929,0.7755673,0.6310806,-0.01451519,
1,1,1.967078,-0.1906677,0.2758806,1.231642,-0.003458522,0.9813783,0.1916059,-0.0131115,
1,1,1.975412,-0.1910939,0.2462699,1.244626,-0.00141102,0.956161,-0.2927113,-0.008623493,
1,1,1.983745,-0.1915196,0.2160051,1.257604,0.0009669559,0.7062417,-0.707967,-0.002111306,
1,1,1.991526,-0.1919168,0.1871542,1.269719,0.002991976,0.3215321,-0.9468835,0.00444688,
1,1,1.99986,-0.1923418,0.1556261,1.282688,0.004470851,-0.1609161,-0.986903,0.01042337,
1,1,2.008193,-0.1927664,0.1234454,1.295653,0.004901873,-0.6053976,-0.7957858,0.01395537,
1,1,2.016526,-0.1931905,0.09061371,1.308612,0.004186116,-0.90803,-0.4186428,0.01422126,
1,1,2.024428,-0.1935923,0.05888509,1.320896,0.002599136,-0.9994573,0.03079799,0.01139647,
1,2,2.032761,0,0.5,7.5,0,0,0,1,BallLaunch
1,2,2.041094,-0.001136376,0.5450937,7.443075,-0.00330913,-0.9435973,-0.3309444,0.009434998,
1,2,2.049428,-0.002304146,0.5907586,7.384685,-0.00330913,-0.9435973,-0.3309444,0.009434998,
1,2,2.055962,-0.00321833,0.6260309,7.338976,-0.00330913,-0.9435973,-0.3309444,0.009434998,
1,2,2.064296,-0.004382216,0.6703259,7.280782,-0.00330913,-0.9435973,-0.3309444,0.009434998,
1,2,2.071583,-0.005398219,0.7084336,7.229981,-0.00330913,-0.9435973,-0.3309444,0.009434998,
1,2,2.079916,-0.006558101,0.7512986,7.171987,-0.00330913,-0.9435973,-0.3309444,0.009434998,
1,2,2.087679,-0.007636764,0.7905461,7.118053,-0.00330913,-0.9435973,-0.3309444,0.009434998,
1,2,2.096013,-0.008792585,0.8319429,7.060262,-0.00330913,-0.9435973,-0.3309444,0.009434998,
1,2,2.104346,-0.009946323,0.87258,7.002575,-0.00330913,-0.9435973,-0.3309444,0.009434998,
1,2,2.111591,-0.01094771,0.9072969,6.952504,-0.00330913,-0.9435973,-0.3309444,0.009434998,
1,2,2.119737,-0.01207173,0.9456487,6.896303,-0.00330913,-0.9435973,-0.3309444,0.009434998,
1,2,2.12807,-0.01321967,0.9841418,6.838905,-0.00330913,-0.9435973,-0.3309444,0.009434998,
1,2,2.135785,-0.0142807,1.01911,6.785854,-0.00330913,-0.9435973,-0.3309444,0.009434998,
1,2,2.144119,-0.0154248,1.05616,6.72865,-0.00330913,-0.9435973,-0.3309444,0.009434998,
1,2,2.151495,-0.01643587,1.088331,6.678095,-0.00330913,-0.9435973,-0.3309444,0.009434998,
1,2,2.159828,-0.01757627,1.123973,6.621075,-0.00330913,-0.9435973,-0.3309444,0.009434998,
1,2,2.168162,-0.01871473,1.158872,6.564151,-0.00330913,-0.9435973,-0.3309444,0.009434998,
1,2,2.175977,-0.01978059,1.190925,6.510858,-0.00330913,-0.9435973,-0.3309444,0.009434998,
1,2,2.183432,-0.02079585,1.220895,6.460094,-0.00330913,-0.9435973,-0.3309444,0.009434998,
1,2,2.191765,-0.02192891,1.253697,6.403441,-0.00330913,-0.9435973,-0.3309444,0.009434998,
1,2,2.198747,-0.02287682,1.280612,6.356046,-0.00330913,-0.9435973,-0.3309444,0.009434998,
1,2,2.207081,-0.02400645,1.31206,6.299564,-0.00330913,-0.9435973,-0.3309444,0.009434998,
1,2,2.214946,-0.02507096,1.341068,6.246338,-0.00330913,-0.9435973,-0.3309444,0.009434998,
1,2,2.223279,-0.02619701,1.371088,6.190036,-0.00330913,-0.9435973,-0.3309444,0.009434998,
1,2,2.230507,-0.02717224,1.396535,6.141273,-0.00330913,-0.9435973,-0.3309444,0.009434998,
1,2,2.238841,-0.02829491,1.425191,6.08514,-0.00330913,-0.9435973,-0.3309444,0.009434998,
1,2,2.247174,-0.02941579,1.453118,6.029096,-0.00330913,-0.9435973,-0.3309444,0.009434998,
1,2,2.251614,-0.03001225,1.4677,5.999272,-0.00330913,-0.9435973,-0.3309444,0.009434998,
1,2,2.259674,-0.03109374,1.493644,5.945197,-0.00330913,-0.9435973,-0.3309444,0.009434998,
1,2,2.268007,-0.03221021,1.519757,5.889373,-0.00330913,-0.9435973,-0.3309444,0.009434998,
1,2,2.275994,-0.03327856,1.544102,5.835956,-0.00330913,-0.9435973,-0.3309444,0.009434998,
1,2,2.283675,-0.03430466,1.566891,5.78465,-0.00330913,-0.9435973,-0.3309444,0.009434998,
1,2,2.291925,-0.03540508,1.590686,5.72963,-0.00330913,-0.9435973,-0.3309444,0.009434998,
1,2,2.300259,-0.03651487,1.614002,5.674139,-0.00330913,-0.9435973,-0.3309444,0.009434998,
1,2,2.308592,-0.03762298,1.636601,5.618733,-0.00330913,-0.9435973,-0.3309444,0.009434998,
1,2,2.316926,-0.03872941,1.658483,5.563412,-0.00330913,-0.9435973,-0.3309444,0.009434998,
1,2,2.323561,-0.03960929,1.675394,5.519418,-0.00330913,-0.9435973,-0.3309444,0.009434998,
1,2,2.331895,-0.04071273,1.695991,5.464245,-0.00330913,-0.9435973,-0.3309444,0.009434998,
1,2,2.338062,-0.04152821,1.710772,5.42347,-0.00330913,-0.9435973,-0.3309444,0.009434998,
1,2,2.346395,-0.0426288,1.730125,5.368441,-0.00330913,-0.9435973,-0.3309444,0.009434998,
1,2,2.352384,-0.04341879,1.743596,5.328941,-0.00330913,-0.9435973,-0.3309444,0.009434998,
1,2,2.360717,-0.04451659,1.761728,5.274051,-0.00330913,-0.9435973,-0.3309444,0.009434998,
1,2,2.368784,-0.04557768,1.778603,5.220996,-0.00330913,-0.9435973,-0.3309444,0.009434998,
1,2,2.377117,-0.04667233,1.79534,5.166264,-0.00330913,-0.9435973,-0.3309444,0.009434998,
1,2,2.385036,-0.0477111,1.810589,5.114325,-0.00330913,-0.9435973,-0.3309444,0.009434998,
1,2,2.39251,-0.0486902,1.824395,5.06537,-0.00330913,-0.9435973,-0.3309444,0.009434998,
1,2,2.400258,-0.04970375,1.838107,5.014692,-0.00330913,-0.9435973,-0.3309444,0.009434998,
1,2,2.408591,-0.05079244,1.852177,4.960257,-0.00330913,-0.9435973,-0.3309444,0.009434998,
1,2,2.41642,-0.05181384,1.864755,4.909187,-0.00330913,-0.9435973,-0.3309444,0.009434998,
1,2,2.424176,-0.0528243,1.876604,4.858664,-0.00330913,-0.9435973,-0.3309444,0.009434998,
1,2,2.431693,-0.05380241,1.887509,4.809758,-0.00330913,-0.9435973,-0.3309444,0.009434998,
1,2,2.439749,-0.05484938,1.898564,4.757409,-0.00330913,-0.9435973,-0.3309444,0.009434998,
1,2,2.448082,-0.0559308,1.909312,4.703338,-0.00330913,-0.9435973,-0.3309444,0.009434998,
1,2,2.454905,-0.05681504,1.91759,4.659126,-0.00330913,-0.9435973,-0.3309444,0.009434998,
1,2,2.463238,-0.05789372,1.927067,4.605192,-0.00330913,-0.9435973,-0.3309444,0.009434998,
1,2,2.471572,-0.05897089,1.935849,4.551332,-0.00330913,-0.9435973,-0.3309444,0.009434998,
1,2,2.479905,-0.06004658,1.943936,4.497548,-0.00330913,-0.9435973,-0.3309444,0.009434998,
1,2,2.486782,-0.06093311,1.950085,4.453221,-0.00330913,-0.9435973,-0.3309444,0.009434998,
1,2,2.495115,-0.06200609,1.956905,4.399572,-0.00330913,-0.9435973,-0.3309444,0.009434998,
1,2,2.501482,-0.06282487,1.961648,4.358632,-0.00330913,-0.9435973,-0.3309444,0.009434998,
1,2,2.509815,-0.06389526,1.967247,4.305113,-0.00330913,-0.9435973,-0.3309444,0.009434998,
1,2,2.517583,-0.06489165,1.971843,4.255293,-0.00330913,-0.9435973,-0.3309444,0.009434998,
1,2,2.525916,-0.06595922,1.976108,4.201914,-0.00330913,-0.9435973,-0.3309444,0.009434998,
1,2,2.533937,-0.06698547,1.979563,4.150601,-0.00330913,-0.9435973,-0.3309444,0.009434998,
1,2,2.542271,-0.06805019,1.982475,4.097364,-0.00330913,-0.9435973,-0.3309444,0.009434998,
1,2,2.550289,-0.06907336,1.98463,4.046206,-0.00330913,-0.9435973,-0.3309444,0.009434998,
1,2,2.558204,-0.07008195,1.986134,3.995777,-0.00330913,-0.9435973,-0.3309444,0.009434998,
1,2,2.565487,-0.07100888,1.98697,3.94943,-0.00330913,-0.9435973,-0.3309444,0.009434998,
1,2,2.57382,-0.07206818,1.987288,3.896465,-0.00330913,-0.9435973,-0.3309444,0.009434998,
1,2,2.580999,-0.07297955,1.987013,3.850896,-0.00330913,-0.9435973,-0.3309444,0.009434998,
1,2,2.588977,-0.07399113,1.986112,3.800316,-0.00330913,-0.9435973,-0.3309444,0.009434998,
1,2,2.59731,-0.07504642,1.984503,3.747551,-0.00330913,-0.9435973,-0.3309444,0.009434998,
1,2,2.604934,-0.07601061,1.982436,3.699341,-0.00330913,-0.9435973,-0.3309444,0.009434998,
1,2,2.613267,-0.07706319,1.979524,3.646713,-0.00330913,-0.9435973,-0.3309444,0.009434998,
1,2,2.621601,-0.07811435,1.975933,3.594154,-0.00330913,-0.9435973,-0.3309444,0.009434998,
1,2,2.628833,-0.07902543,1.972268,3.548599,-0.00330913,-0.9435973,-0.3309444,0.009434998,
1,2,2.637166,-0.08007397,1.967411,3.496172,-0.00330913,-0.9435973,-0.3309444,0.009434998,
1,2,2.644459,-0.08099042,1.962604,3.45035,-0.00330913,-0.9435973,-0.3309444,0.009434998,
1,2,2.652792,-0.08203633,1.956479,3.398054,-0.00330913,-0.9435973,-0.3309444,0.009434998,
1,2,2.661125,-0.08308084,1.949679,3.345828,-0.00330913,-0.9435973,-0.3309444,0.009434998,
1,2,2.668337,-0.0839825,1.943245,3.300668,-0.00330913,-0.9435973,-0.3309444,0.009434998,
1,2,2.67667,-0.08502334,1.935189,3.248478,-0.00330913,-0.9435973,-0.3309444,0.009434998,
1,2,2.684853,-0.08604511,1.926614,3.197398,-0.00330913,-0.9435973,-0.3309444,0.009434998,
1,2,2.692773,-0.0870327,1.917707,3.148018,-0.00330913,-0.9435973,-0.3309444,0.009434998,
1,2,2.701103,-0.08807008,1.907686,3.096149,-0.00330913,-0.9435973,-0.3309444,0.009434998,
1,2,2.709436,-0.08910649,1.896989,3.044328,-0.00330913,-0.9435973,-0.3309444,0.009434998,
1,2,2.717176,-0.09006788,1.886456,2.996259,-0.00330913,-0.9435973,-0.3309444,0.009434998,
1,2,2.725474,-0.09109719,1.874523,2.944792,-0.00330913,-0.9435973,-0.3309444,0.009434998,
1,2,2.733808,-0.09212954,1.861875,2.893176,-0.00330913,-0.9435973,-0.3309444,0.009434998,
1,2,2.742141,-0.09316047,1.848559,2.841628,-0.00330913,-0.9435973,-0.3309444,0.009434998,
1,2,2.749482,-0.09406748,1.836278,2.796278,-0.00330913,-0.9435973,-0.3309444,0.009434998,
1,2,2.757815,-0.09509581,1.821713,2.744861,-0.00330913,-0.9435973,-0.3309444,0.009434998,
1,2,2.766067,-0.09611265,1.806637,2.694019,-0.00330913,-0.9435973,-0.3309444,0.009434998,
1,2,2.773209,-0.09699164,1.793063,2.650069,-0.00330913,-0.9435973,-0.3309444,0.009434998,
1,2,2.781542,-0.09801597,1.776611,2.598853,-0.00330913,-0.9435973,-0.3309444,0.009434998,
1,2,2.787379,-0.09873259,1.764694,2.563021,-0.00330913,-0.9435973,-0.3309444,0.009434998,
1,2,2.795712,-0.09975454,1.747119,2.511924,-0.00330913,-0.9435973,-0.3309444,0.009434998,
1,2,2.803102,-0.1006596,1.730983,2.466669,-0.00330913,-0.9435973,-0.3309444,0.009434998,
1,2,2.811435,-0.1016789,1.712165,2.415705,-0.00330913,-0.9435973,-0.3309444,0.009434998,
1,2,2.819178,-0.1026247,1.694094,2.368417,-0.00330913,-0.9435973,-0.3309444,0.009434998,
1,2,2.82696,-0.103574,1.675359,2.320951,-0.00330913,-0.9435973,-0.3309444,0.009434998,
1,2,2.835293,-0.1045892,1.654662,2.270188,-0.00330913,-0.9435973,-0.3309444,0.009434998,
1,2,2.843386,-0.1055739,1.633936,2.220954,-0.00330913,-0.9435973,-0.3309444,0.009434998,
1,2,2.851319,-0.1065377,1.613023,2.172764,-0.00330913,-0.9435973,-0.3309444,0.009434998,
1,2,2.859652,-0.1075488,1.590417,2.122209,-0.00330913,-0.9435973,-0.3309444,0.009434998,
1,2,2.867259,-0.1084705,1.569212,2.076121,-0.00330913,-0.9435973,-0.3309444,0.009434998,
1,2,2.875593,-0.1094789,1.545361,2.025702,-0.00330913,-0.9435973,-0.3309444,0.009434998,
1,2,2.883926,-0.1104859,1.520861,1.975355,-0.00330913,-0.9435973,-0.3309444,0.009434998,
1,2,2.891987,-0.1114586,1.496544,1.92672,-0.00330913,-0.9435973,-0.3309444,0.009434998,
1,2,2.899231,-0.1123315,1.474176,1.883074,-0.00330913,-0.9435973,-0.3309444,0.009434998,
1,2,2.907564,-0.1133343,1.447839,1.832931,-0.00330913,-0.9435973,-0.3309444,0.009434998,
1,2,2.915898,-0.1143358,1.420858,1.782859,-0.00330913,-0.9435973,-0.3309444,0.009434998,
1,2,2.923079,-0.1151975,1.397091,1.739771,-0.00330913,-0.9435973,-0.3309444,0.009434998,
1,2,2.931412,-0.1161962,1.36891,1.689834,-0.00330913,-0.9435973,-0.3309444,0.009434998,
1,2,2.939745,-0.1171935,1.340088,1.639971,-0.00330913,-0.9435973,-0.3309444,0.009434998,
1,2,2.947899,-0.1181679,1.311266,1.591251,-0.00330913,-0.9435973,-0.3309444,0.009434998,
1,2,2.954941,-0.1190082,1.285883,1.549235,-0.00330913,-0.9435973,-0.3309444,0.009434998,
1,2,2.963274,-0.1200013,1.255254,1.499579,-0.00330913,-0.9435973,-0.3309444,0.009434998,
1,2,2.970574,-0.1208701,1.227899,1.456141,-0.00330913,-0.9435973,-0.3309444,0.009434998,
1,2,2.978595,-0.1218234,1.197277,1.408475,-0.00330913,-0.9435973,-0.3309444,0.009434998,
1,2,2.986929,-0.1228123,1.164842,1.359028,-0.00330913,-0.9435973,-0.3309444,0.009434998,
1,2,2.994181,-0.1236718,1.136097,1.316056,-0.00330913,-0.9435973,-0.3309444,0.009434998,
1,2,3.002514,-0.1246579,1.102475,1.266749,-0.00330913,-0.9435973,-0.3309444,0.009434998,
1,2,3.009766,-0.1255149,1.072701,1.2239,-0.00330913,-0.9435973,-0.3309444,0.009434998,
1,2,3.0181,-0.1264982,1.037899,1.174733,-0.00330913,-0.9435973,-0.3309444,0.009434998,
1,2,3.025271,-0.1273432,1.007445,1.132482,-0.00330913,-0.9435973,-0.3309444,0.009434998,
1,2,3.033604,-0.1283238,0.9714713,1.083456,-0.00330913,-0.9435973,-0.3309444,0.009434998,
1,2,3.040239,-0.1291033,0.9423828,1.044478,-0.00330913,-0.9435973,-0.3309444,0.009434998,
1,2,3.048572,-0.1300811,0.9052829,0.9955874,-0.00330913,-0.9435973,-0.3309444,0.009434998,
1,2,3.056455,-0.1310046,0.8696138,0.9494111,-0.00330913,-0.9435973,-0.3309444,0.009434998,
1,2,3.064788,-0.1319795,0.8312989,0.9006695,-0.00330913,-0.9435973,-0.3309444,0.009434998,
1,2,3.072661,-0.1328991,0.7945268,0.8546898,-0.00330913,-0.9435973,-0.3309444,0.009434998,
1,2,3.080992,-0.1338706,0.7550149,0.8061127,-0.00330913,-0.9435973,-0.3309444,0.009434998,
1,2,3.087499,-0.1346284,0.7237204,0.7682248,-0.00330913,-0.9435973,-0.3309444,0.009434998,
1,2,3.095833,-0.1355974,0.6830924,0.7197709,-0.00330913,-0.9435973,-0.3309444,0.009434998,
1,2,3.10296,-0.1364251,0.6478521,0.6783889,-0.00330913,-0.9435973,-0.3309444,0.009434998,
1,2,3.111294,-0.1373913,0.6060778,0.6300799,-0.00330913,-0.9435973,-0.3309444,0.009434998,
1,2,3.11928,-0.1383157,0.5654668,0.5838569,-0.00330913,-0.9435973,-0.3309444,0.009434998,
1,2,3.126877,-0.1391938,0.5263095,0.5399507,-0.00330913,-0.9435973,-0.3309444,0.009434998,
1,2,3.135211,-0.1401555,0.4827734,0.4918675,-0.00330913,-0.9435973,-0.3309444,0.009434998,
1,2,3.143544,-0.1411156,0.4386258,0.4438636,-0.00330913,-0.9435973,-0.3309444,0.009434998,
1,2,3.151106,-0.1419836,0.3980378,0.4003704,-0.00330913,-0.9435973,-0.3309444,0.009434998,
1,2,3.159246,-0.1429122,0.3537894,0.3536319,-0.00330913,-0.9435973,-0.3309444,0.009434998,
1,2,3.167579,-0.1438629,0.3078853,0.3058592,-0.00330913,-0.9435973,-0.3309444,0.009434998,
1,2,3.17514,-0.1447277,0.2657146,0.2625849,-0.00330913,-0.9435973,-0.3309444,0.009434998,
1,2,3.182854,-0.1456094,0.2221718,0.2184972,-0.00330913,-0.9435973,-0.3309444,0.009434998,
1,2,3.191188,-0.1465603,0.1745566,0.1709523,-0.00330913,-0.9435973,-0.3309444,0.009434998,
1,2,3.199521,-0.1475096,0.1263393,0.1234886,-0.00330913,-0.9435973,-0.3309444,0.009434998,
1,2,3.207854,-0.1484573,0.07752281,0.07610643,-0.00330913,-0.9435973,-0.3309444,0.009434998,
1,2,3.215351,-0.1492994,0.03638189,0.03409168,-0.00311305,-0.9502147,-0.3114355,0.009501407,CourtEnter
1,2,3.223685,-0.1499876,0.07349578,-0.0003014675,0.001721476,-0.9851699,0.1712898,0.009851079,RacketHit
1,2,3.230417,-0.150358,0.1011279,0.008977208,6.444035E-06,-0.8323221,0.5542706,0.0049142,
1,2,3.23875,-0.1508048,0.134541,0.02269888,-0.002413097,-0.4512799,0.8923758,-0.002460292,
1,2,3.245785,-0.1511817,0.1621933,0.03426599,-0.003988986,-0.03360168,0.9993932,-0.008261374,
1,2,3.254118,-0.151628,0.1942949,0.04794932,-0.004880888,0.4625752,0.8864702,-0.01307414,
1,2,3.262038,-0.1520518,0.2241466,0.06093543,-0.00455743,0.8246401,0.5654531,-0.01451991,
1,2,3.270371,-0.1524974,0.254864,0.07458027,-0.003071378,0.996129,0.08697303,-0.01237817,
1,2,3.277655,-0.1528867,0.2811349,0.08649147,-0.001104684,0.9352077,-0.3540109,-0.00784883,
1,2,3.285989,-0.1533317,0.3105296,0.1001014,0.001386793,0.6408764,-0.7676424,-0.0008323852,
1,2,3.293268,-0.1537203,0.3356289,0.1119759,0.003290549,0.2449825,-0.9695061,0.005535648,
1,2,3.301602,-0.1541648,0.3637014,0.1255527,0.004654755,-0.2621238,-0.9649556,0.01141423,
1,2,3.308808,-0.1545489,0.3874107,0.1372795,0.004874263,-0.6505757,-0.7592937,0.01416674,
1,2,3.317141,-0.1549929,0.4141725,0.1508251,0.003961535,-0.9392309,-0.3429805,0.01393066,
1,2,3.324995,-0.155411,0.4387516,0.1635761,0.0021642,-0.9912032,0.1319196,0.01042519,
1,2,3.333328,-0.1558545,0.46415,0.1770909,-0.0002702092,-0.7997698,0.6002926,0.004135692,
1,2,3.34131,-0.1562789,0.4878207,0.190021,-0.002544162,-0.4234655,0.9059041,-0.002901955,
1,2,3.348361,-0.1566537,0.508198,0.2014324,-0.004069446,-0.004912705,0.9999427,-0.00860071,
1,2,3.356694,-0.1570964,0.5316372,0.2149062,-0.004892524,0.4845161,0.8746687,-0.01322764,
1,2,3.364693,-0.1575211,0.5534794,0.2278263,-0.00450812,0.8391517,0.5436854,-0.01450038,
1,2,3.372436,-0.157932,0.5740128,0.2403223,-0.003123495,0.9948444,0.1005942,-0.01248078,
1,2,3.3801,-0.1583385,0.5937434,0.2526784,-0.001074517,0.9329584,-0.3598989,-0.007771384,
1,2,3.388359,-0.1587763,0.6143477,0.265983,0.001377814,0.642337,-0.7664207,-0.0008600104,
1,2,3.396693,-0.1592178,0.6344456,0.2793946,0.003500636,0.1871112,-0.9823122,0.006321699,
1,2,3.405026,-0.1596591,0.6538504,0.2927945,0.004734278,-0.3153434,-0.9488913,0.01189588,
1,2,3.412181,-0.1600378,0.6699572,0.3042909,0.004839431,-0.6872192,-0.7262931,0.01430824,
1,2,3.420515,-0.1604787,0.6880724,0.31767,0.003824917,-0.9539241,-0.2997094,0.01372709,
1,2,3.428339,-0.1608925,0.704453,0.3302233,0.00198375,-0.9850439,0.1720012,0.010006,
1,2,3.436673,-0.1613329,0.7212272,0.3435822,-0.0004512949,-0.7770265,0.6294573,0.003617669,
1,2,3.444031,-0.1617217,0.7354659,0.3553703,-0.002525841,-0.4274044,0.9040526,-0.002839863,
1,2,3.452365,-0.1621617,0.7509387,0.3687108,-0.004253396,0.06579228,0.99778,-0.009406836,
1,2,3.460379,-0.1625848,0.7651696,0.3815323,-0.004906349,0.5257803,0.8504992,-0.01349954,
1,2,3.468022,-0.162988,0.7781467,0.3937507,-0.004462651,0.8513255,0.5244192,-0.01447524,
1,2,3.476167,-0.1634176,0.7913389,0.4067656,-0.002953825,0.9983118,0.05672267,-0.01214106,
1,2,3.484501,-0.163857,0.8041543,0.4200722,-0.0006808367,0.9005587,-0.4346816,-0.006745616,
1,2,3.492834,-0.1642961,0.8162828,0.4333708,0.001761872,0.5769214,-0.8167977,0.0003395676,
1,2,3.500155,-0.1646818,0.8263705,0.445048,0.003561071,0.1696745,-0.985472,0.006552401,
1,2,3.508144,-0.1651024,0.8367729,0.4577835,0.004725657,-0.3091255,-0.9509358,0.01184076,
1,2,3.516478,-0.1655411,0.8469504,0.4710609,0.00477893,-0.7309211,-0.6822925,0.01443693,
1,2,3.523814,-0.1659285,0.855341,0.4827465,0.003830377,-0.9533898,-0.3014046,0.01373522,
1,2,3.532147,-0.1663711,0.8642266,0.4960234,0.001866776,-0.9802614,0.1974577,0.009729547,
1,2,3.539297,-0.1667508,0.8713059,0.5073895,-0.0002108134,-0.806978,0.5905657,0.004303817,
1,2,3.54763,-0.167193,0.8789225,0.5206341,-0.002555339,-0.4210427,0.9070325,-0.002939865,
1,2,3.555955,-0.1676304,0.8858457,0.533868,-0.004261384,0.0690593,0.9975588,-0.009442866,
1,2,3.564009,-0.1680535,0.8918918,0.5466644,-0.004906747,0.5279117,0.8491776,-0.01351269,
1,2,3.571294,-0.1684361,0.896809,0.558235,-0.004506689,0.8395479,0.5430734,-0.014499,
1,2,3.579119,-0.1688468,0.9015094,0.5706578,-0.00312567,0.9947863,0.1011658,-0.01248444,
1,2,3.587452,-0.1692841,0.9058508,0.5838829,-0.0009122596,0.9202847,-0.3911792,-0.007352283,
1,2,3.595786,-0.1697213,0.9095095,0.5971029,0.00152623,0.6177599,-0.7863652,-0.0004004837,
1,2,3.603806,-0.1701419,0.9123849,0.6098213,0.003521782,0.1810411,-0.9834484,0.006402036,
1,2,3.611062,-0.1705223,0.9144415,0.6213243,0.004639348,-0.2527487,-0.9674546,0.01132554,
1,2,3.619395,-0.1709591,0.9161627,0.6345301,0.004839288,-0.6873187,-0.7261989,0.01430783,
1,2,3.626735,-0.1713437,0.917114,0.6461568,0.004020154,-0.9319959,-0.3621757,0.01401133,
1,2,3.635068,-0.1717802,0.9175526,0.6593536,0.002168956,-0.9913452,0.1308475,0.01043534,
1,2,3.643094,-0.1722005,0.9173293,0.6720595,-0.000125229,-0.8171561,0.5763986,0.004545172,
1,2,3.651315,-0.1726309,0.9164437,0.6850699,-0.002439925,-0.4456524,0.8951992,-0.002550082,
1,2,3.659649,-0.173067,0.9148692,0.6982531,-0.004186532,0.03917804,0.999182,-0.009107881,
1,2,3.667982,-0.173503,0.9126141,0.711432,-0.004903537,0.514155,0.8575783,-0.01342445,
1,2,3.676315,-0.1739388,0.9096755,0.7246063,-0.00441641,0.8626903,0.505507,-0.01444338,
1,2,3.68429,-0.1743557,0.9062265,0.7372094,-0.002931787,0.9986148,0.0511238,-0.01209553,
1,2,3.692329,-0.1747759,0.9021181,0.7499108,-0.0007699452,0.9083818,-0.4180828,-0.006980318,
1,2,3.700663,-0.1752113,0.8971909,0.7630721,0.001648411,0.5968712,-0.8023354,-1.853105E-05,
1,2,3.708996,-0.1756465,0.8915844,0.7762291,0.003662487,0.1395351,-0.990186,0.006944482,
1,2,3.716537,-0.1760402,0.8859232,0.78813,0.004722421,-0.3068295,-0.9516794,0.01181971,
1,2,3.723737,-0.176416,0.8799992,0.799491,0.004850897,-0.6766018,-0.7361948,0.01426895,
1,2,3.73207,-0.1768508,0.8725101,0.8126355,0.003898071,-0.9464129,-0.3226391,0.01383692,
1,2,3.736087,-0.1770603,0.8686574,0.8189695,0.003075384,-0.9960381,-0.08800752,0.01238462,
1,2,3.74442,-0.1774949,0.8601606,0.8321073,0.0008711367,-0.9169188,0.3990073,0.007244988,
1,2,3.752753,-0.1779292,0.8509864,0.8452405,-0.001544049,-0.61475,0.7887205,0.0003450268,
1,2,3.760414,-0.1783284,0.8419538,0.8573098,-0.003445036,-0.2028151,0.979192,-0.006110801,
1,2,3.768748,-0.1787624,0.8314784,0.870434,-0.004697088,0.2893732,0.9571338,-0.01166307,
1,2,3.774347,-0.179054,0.8240585,0.8792505,-0.004905572,0.5874613,0.8091187,-0.01385994,
1,2,3.782681,-0.1794877,0.8124508,0.892367,-0.004219213,0.9023666,0.4307126,-0.0142584,
1,2,3.790047,-0.1798709,0.8016279,0.9039571,-0.002750464,0.9999105,0.005850622,-0.01171835,
1,2,3.798174,-0.1802935,0.789073,0.9167399,-0.0005393277,0.8875564,-0.4606549,-0.006368535,
1,2,3.806507,-0.1807266,0.7755321,0.9298428,0.001850965,0.5608725,-0.8278999,0.000622876,
1,2,3.81484,-0.1811532,0.7613157,0.942955,0.003793158,0.09891973,-0.9950603,0.007460477,
1,2,3.823174,-0.1815793,0.7464305,0.9560681,0.004819452,-0.3866583,-0.9221258,0.01249511,
1,2,3.830339,-0.1819458,0.7330855,0.9673426,0.004774813,-0.7334061,-0.6796206,0.01444172,
1,2,3.838672,-0.1823719,0.7169403,0.9804557,0.00365733,-0.968406,-0.2489886,0.01345566,
1,2,3.847005,-0.1828023,0.7001262,0.9935436,0.001660911,-0.9704052,0.2413002,0.009234329,
1,2,3.854695,-0.1832008,0.6840128,1.005608,-0.0005474505,-0.7644814,0.6446369,0.003339598,
1,2,3.862811,-0.1836211,0.6663866,1.018337,-0.002746498,-0.3786378,0.9255339,-0.003594532,
1,2,3.871145,-0.1840524,0.6476271,1.031401,-0.004348867,0.1060134,0.9943064,-0.009845148,
1,2,3.877165,-0.1843638,0.6336571,1.040837,-0.00487082,0.4469286,0.8944625,-0.01295876,
1,2,3.885499,-0.1847947,0.6137435,1.053892,-0.004579342,0.8176823,0.5754683,-0.01452326,
1,2,3.893832,-0.1852252,0.5931624,1.066942,-0.003193435,0.9927986,0.1190863,-0.01261553,
1,2,3.90152,-0.1856222,0.5735822,1.078977,-0.001228335,0.944066,-0.3296532,-0.008161982,
1,2,3.909853,-0.1860522,0.5517178,1.092018,0.001168902,0.6754641,-0.7373904,-0.001497844,
1,2,3.918186,-0.1864819,0.5291864,1.105053,0.003286351,0.2460825,-0.9692276,0.005519518,
1,2,3.923249,-0.1867429,0.5151718,1.112971,0.004215862,-0.05072133,-0.9986612,0.009237601,
1,2,3.931583,-0.1871721,0.4915708,1.125998,0.004904271,-0.5169325,-0.8559066,0.01344172,
1,2,3.939916,-0.1876011,0.4673068,1.13902,0.0044273,-0.8600957,-0.5099089,0.01445049,
1,2,3.948061,-0.18802,0.4429485,1.151744,0.002943868,-0.9984528,-0.05419002,0.01211959,
1,2,3.956017,-0.1884289,0.4185461,1.164167,0.0008480907,-0.9150069,0.4033733,0.007184642,
1,2,3.964351,-0.1888568,0.3923384,1.177174,-0.00153406,-0.6164365,0.787403,0.0003761227,
1,2,3.968709,-0.1890805,0.3783704,1.183974,-0.002668567,-0.3961774,0.9181641,-0.003326003,
1,2,3.977042,-0.1895079,0.3511592,1.196973,-0.004296191,0.08349033,0.9964531,-0.009600767,
1,2,3.984203,-0.1898749,0.3272493,1.20814,-0.004892225,0.483988,0.8749611,-0.01322216,
1,2,3.99246,-0.1902978,0.2990751,1.221011,-0.004517043,0.8366262,0.5475636,-0.01450253,
1,2,4.000793,-0.1907242,0.2699881,1.233996,-0.003080013,0.9959303,0.08921788,-0.01239333,
1,2,4.009127,-0.1911502,0.2402452,1.246977,-0.0009192291,0.9208476,-0.389852,-0.007369813,
1,2,4.016797,-0.191542,0.2122908,1.258919,0.001272662,0.6592144,-0.751953,-0.001182196,
1,2,4.024356,-0.1919278,0.184196,1.270686,0.003185429,0.2724802,-0.9621423,0.005150001,
1,2,4.032153,-0.1923264,0.1546593,1.282831,0.004507839,-0.1804901,-0.9835091,0.01062038,
1,2,4.040486,-0.1927526,0.1224577,1.295813,0.004893037,-0.6210986,-0.7835916,0.01403082,
1,2,4.04882,-0.1931788,0.08960443,1.308795,0.004133512,-0.9161766,-0.4005035,0.01415743,
1,2,4.057061,-0.1936003,0.05647479,1.321634,0.002431751,-0.9974436,0.07056104,0.01102761,
1,3,4.06284,0,0.5,7.5,0,0,0,1,BallLaunch
1,3,4.071174,-0.001147498,0.5455298,7.442579,-0.00330913,-0.9435973,-0.3309444,0.009434998,
1,3,4.076544,-0.001900319,0.5750407,7.404984,-0.00330913,-0.9435973,-0.3309444,0.009434998,
1,3,4.084877,-0.003066663,0.6202043,7.346666,-0.00330913,-0.9435973,-0.3309444,0.009434998,
1,3,4.093211,-0.004230832,0.6645998,7.288458,-0.00330913,-0.9435973,-0.3309444,0.009434998,
1,3,4.101082,-0.005328454,0.7058308,7.233577,-0.00330913,-0.9435973,-0.3309444,0.009434998,
1,3,4.105242,-0.005907849,0.7273482,7.204607,-0.00330913,-0.9435973,-0.3309444,0.009434998,
1,3,4.113575,-0.007066797,0.7698774,7.146659,-0.00330913,-0.9435973,-0.3309444,0.009434998,
1,3,4.121134,-0.0081161,0.8077933,7.094194,-0.00330913,-0.9435973,-0.3309444,0.009434998,
1,3,4.129467,-0.009271053,0.8488741,7.036446,-0.00330913,-0.9435973,-0.3309444,0.009434998,
1,3,4.1373,-0.01035482,0.8868009,6.982257,-0.00330913,-0.9435973,-0.3309444,0.009434998,
1,3,4.145278,-0.01145668,0.9247403,6.927164,-0.00330913,-0.9435973,-0.3309444,0.009434998,
1,3,4.153611,-0.0126057,0.9636346,6.869712,-0.00330913,-0.9435973,-0.3309444,0.009434998,
1,3,4.161944,-0.0137527,1.001779,6.812361,-0.00330913,-0.9435973,-0.3309444,0.009434998,
1,3,4.170083,-0.01487092,1.038306,6.756451,-0.00330913,-0.9435973,-0.3309444,0.009434998,
1,3,4.177997,-0.01595658,1.073145,6.702168,-0.00330913,-0.9435973,-0.3309444,0.009434998,
1,3,4.18633,-0.0170978,1.109098,6.645106,-0.00330913,-0.9435973,-0.3309444,0.009434998,
1,3,4.194216,-0.01817608,1.142436,6.591059,-0.00330913,-0.9435973,-0.3309444,0.009434998,
1,3,4.202549,-0.01931342,1.176934,6.534361,-0.00330913,-0.9435973,-0.3309444,0.009434998,
1,3,4.210176,-0.02035266,1.207873,6.482514,-0.00330913,-0.9435973,-0.3309444,0.009434998,
1,3,4.21851,-0.0214864,1.240972,6.425866,-0.00330913,-0.9435973,-0.3309444,0.009434998,
1,3,4.226843,-0.02261826,1.273329,6.369217,-0.00330913,-0.9435973,-0.3309444,0.009434998,
1,3,4.23338,-0.02350482,1.298176,6.324783,-0.00330913,-0.9435973,-0.3309444,0.009434998,
1,3,4.241713,-0.02463359,1.329208,6.268135,-0.00330913,-0.9435973,-0.3309444,0.009434998,
1,3,4.249603,-0.02570057,1.357914,6.214978,-0.00330913,-0.9435973,-0.3309444,0.009434998,
1,3,4.257937,-0.02682552,1.387524,6.158854,-0.00330913,-0.9435973,-0.3309444,0.009434998,
1,3,4.26627,-0.02794853,1.416411,6.102726,-0.00330913,-0.9435973,-0.3309444,0.009434998,
1,3,4.273994,-0.02898808,1.442531,6.050748,-0.00330913,-0.9435973,-0.3309444,0.009434998,
1,3,4.282328,-0.03010785,1.470007,5.99476,-0.00330913,-0.9435973,-0.3309444,0.009434998,
1,3,4.290661,-0.03122586,1.496758,5.938858,-0.00330913,-0.9435973,-0.3309444,0.009434998,
1,3,4.2986,-0.03228933,1.521567,5.885684,-0.00330913,-0.9435973,-0.3309444,0.009434998,
1,3,4.306231,-0.03331022,1.544795,5.834691,-0.00330913,-0.9435973,-0.3309444,0.009434998,
1,3,4.314524,-0.03441864,1.569338,5.779363,-0.00330913,-0.9435973,-0.3309444,0.009434998,
1,3,4.322413,-0.03547,1.592037,5.726725,-0.00330913,-0.9435973,-0.3309444,0.009434998,
1,3,4.330747,-0.03658051,1.61533,5.671125,-0.00330913,-0.9435973,-0.3309444,0.009434998,
1,3,4.338845,-0.03765687,1.637266,5.617092,-0.00330913,-0.9435973,-0.3309444,0.009434998,
1,3,4.345818,-0.03858257,1.655601,5.570877,-0.00330913,-0.9435973,-0.3309444,0.009434998,
1,3,4.354151,-0.03968841,1.676845,5.515802,-0.00330913,-0.9435973,-0.3309444,0.009434998,
1,3,4.361451,-0.04065403,1.694892,5.467558,-0.00330913,-0.9435973,-0.3309444,0.009434998,
1,3,4.368908,-0.04164043,1.712757,5.418274,-0.00330913,-0.9435973,-0.3309444,0.009434998,
1,3,4.377241,-0.04274115,1.732026,5.363199,-0.00330913,-0.9435973,-0.3309444,0.009434998,
1,3,4.385156,-0.04378424,1.749697,5.310889,-0.00330913,-0.9435973,-0.3309444,0.009434998,
1,3,4.392482,-0.04474973,1.765463,5.262471,-0.00330913,-0.9435973,-0.3309444,0.009434998,
1,3,4.400815,-0.04584508,1.782734,5.207762,-0.00330913,-0.9435973,-0.3309444,0.009434998,
1,3,4.408883,-0.0469043,1.798789,5.154952,-0.00330913,-0.9435973,-0.3309444,0.009434998,
1,3,4.416526,-0.04790751,1.813377,5.104921,-0.00330913,-0.9435973,-0.3309444,0.009434998,
1,3,4.42486,-0.04899753,1.828615,5.050371,-0.00330913,-0.9435973,-0.3309444,0.009434998,
1,3,4.433189,-0.05008706,1.84313,4.995846,-0.00330913,-0.9435973,-0.3309444,0.009434998,
1,3,4.441411,-0.05116092,1.856773,4.94202,-0.00330913,-0.9435973,-0.3309444,0.009434998,
1,3,4.449363,-0.05219702,1.869316,4.889973,-0.00330913,-0.9435973,-0.3309444,0.009434998,
1,3,4.457217,-0.05322052,1.881078,4.839013,-0.00330913,-0.9435973,-0.3309444,0.009434998,
1,3,4.46555,-0.05430371,1.892878,4.784987,-0.00330913,-0.9435973,-0.3309444,0.009434998,
1,3,4.471923,-0.05513109,1.901434,4.743669,-0.00330913,-0.9435973,-0.3309444,0.009434998,
1,3,4.480257,-0.05621291,1.911999,4.689643,-0.00330913,-0.9435973,-0.3309444,0.009434998,
1,3,4.48859,-0.05729198,1.921866,4.635617,-0.00330913,-0.9435973,-0.3309444,0.009434998,
1,3,4.496045,-0.05825606,1.930095,4.587289,-0.00330913,-0.9435973,-0.3309444,0.009434998,
1,3,4.504378,-0.05933378,1.938646,4.533264,-0.00330913,-0.9435973,-0.3309444,0.009434998,
1,3,4.512452,-0.0603748,1.946267,4.481199,-0.00330913,-0.9435973,-0.3309444,0.009434998,
1,3,4.520785,-0.06144843,1.953444,4.427698,-0.00330913,-0.9435973,-0.3309444,0.009434998,
1,3,4.528631,-0.06245915,1.959562,4.377332,-0.00330913,-0.9435973,-0.3309444,0.009434998,
1,3,4.53667,-0.06349491,1.965203,4.325717,-0.00330913,-0.9435973,-0.3309444,0.009434998,
1,3,4.544827,-0.06454203,1.970277,4.27335,-0.00330913,-0.9435973,-0.3309444,0.009434998,
1,3,4.55316,-0.06560747,1.974768,4.219849,-0.00330913,-0.9435973,-0.3309444,0.009434998,
1,3,4.559936,-0.06647377,1.977919,4.176347,-0.00330913,-0.9435973,-0.3309444,0.009434998,
1,3,4.568269,-0.06753921,1.981156,4.122862,-0.00330913,-0.9435973,-0.3309444,0.009434998,
1,3,4.576261,-0.06856099,1.983618,4.072056,-0.00330913,-0.9435973,-0.3309444,0.009434998,
1,3,4.584595,-0.06962642,1.985518,4.01908,-0.00330913,-0.9435973,-0.3309444,0.009434998,
1,3,4.591466,-0.07050151,1.986566,3.975398,-0.00330913,-0.9435973,-0.3309444,0.009434998,
1,3,4.599799,-0.07155874,1.987221,3.922421,-0.00330913,-0.9435973,-0.3309444,0.009434998,
1,3,4.605997,-0.07234506,1.987262,3.88302,-0.00330913,-0.9435973,-0.3309444,0.009434998,
1,3,4.61433,-0.0734023,1.986722,3.830054,-0.00330913,-0.9435973,-0.3309444,0.009434998,
1,3,4.622009,-0.07437645,1.985624,3.781482,-0.00330913,-0.9435973,-0.3309444,0.009434998,
1,3,4.630342,-0.07543369,1.983772,3.728768,-0.00330913,-0.9435973,-0.3309444,0.009434998,
1,3,4.638537,-0.07647089,1.981286,3.676929,-0.00330913,-0.9435973,-0.3309444,0.009434998,
1,3,4.646871,-0.07751994,1.978081,3.624273,-0.00330913,-0.9435973,-0.3309444,0.009434998,
1,3,4.655204,-0.07856897,1.974194,3.571821,-0.00330913,-0.9435973,-0.3309444,0.009434998,
1,3,4.662513,-0.07948913,1.970237,3.525813,-0.00330913,-0.9435973,-0.3309444,0.009434998,
1,3,4.670211,-0.08045813,1.965502,3.477363,-0.00330913,-0.9435973,-0.3309444,0.009434998,
1,3,4.678544,-0.08150718,1.959716,3.424991,-0.00330913,-0.9435973,-0.3309444,0.009434998,
1,3,4.685603,-0.08239421,1.9543,3.380782,-0.00330913,-0.9435973,-0.3309444,0.009434998,
1,3,4.693936,-0.08343506,1.947271,3.328592,-0.00330913,-0.9435973,-0.3309444,0.009434998,
1,3,4.702073,-0.08445128,1.93975,3.277637,-0.00330913,-0.9435973,-0.3309444,0.009434998,
1,3,4.710406,-0.08549213,1.931388,3.225554,-0.00330913,-0.9435973,-0.3309444,0.009434998,
1,3,4.717904,-0.08642863,1.923294,3.178833,-0.00330913,-0.9435973,-0.3309444,0.009434998,
1,3,4.726237,-0.08746948,1.913651,3.126905,-0.00330913,-0.9435973,-0.3309444,0.009434998,
1,3,4.734571,-0.08850878,1.903357,3.074977,-0.00330913,-0.9435973,-0.3309444,0.009434998,
1,3,4.74159,-0.08937858,1.894153,3.031352,-0.00330913,-0.9435973,-0.3309444,0.009434998,
1,3,4.749923,-0.09041124,1.882619,2.979686,-0.00330913,-0.9435973,-0.3309444,0.009434998,
1,3,4.758256,-0.09144389,1.870415,2.928021,-0.00330913,-0.9435973,-0.3309444,0.009434998,
1,3,4.763407,-0.09208213,1.862537,2.896089,-0.00330913,-0.9435973,-0.3309444,0.009434998,
1,3,4.77174,-0.09311478,1.849261,2.844478,-0.00330913,-0.9435973,-0.3309444,0.009434998,
1,3,4.776137,-0.09365967,1.84198,2.817355,-0.00330913,-0.9435973,-0.3309444,0.009434998,
1,3,4.7803,-0.09417546,1.834915,2.79168,-0.00330913,-0.9435973,-0.3309444,0.009434998,
1,3,4.788633,-0.09520158,1.820289,2.740277,-0.00330913,-0.9435973,-0.3309444,0.009434998,
1,3,4.796967,-0.09622604,1.804996,2.688874,-0.00330913,-0.9435973,-0.3309444,0.009434998,
1,3,4.805266,-0.09724633,1.789104,2.637814,-0.00330913,-0.9435973,-0.3309444,0.009434998,
1,3,4.812112,-0.09808791,1.775501,2.595802,-0.00330913,-0.9435973,-0.3309444,0.009434998,
1,3,4.81975,-0.09902696,1.759791,2.548925,-0.00330913,-0.9435973,-0.3309444,0.009434998,
1,3,4.828084,-0.1000514,1.74203,2.497784,-0.00330913,-0.9435973,-0.3309444,0.009434998,
1,3,4.836417,-0.1010705,1.723618,2.446782,-0.00330913,-0.9435973,-0.3309444,0.009434998,
1,3,4.842732,-0.1018406,1.70922,2.408227,-0.00330913,-0.9435973,-0.3309444,0.009434998,
1,3,4.851065,-0.1028569,1.689656,2.357349,-0.00330913,-0.9435973,-0.3309444,0.009434998,
1,3,4.859205,-0.1038496,1.669903,2.307651,-0.00330913,-0.9435973,-0.3309444,0.009434998,
1,3,4.867538,-0.1048658,1.649037,2.256915,-0.00330913,-0.9435973,-0.3309444,0.009434998,
1,3,4.875582,-0.1058468,1.628275,2.208057,-0.00330913,-0.9435973,-0.3309444,0.009434998,
1,3,4.883462,-0.1068034,1.60734,2.160193,-0.00330913,-0.9435973,-0.3309444,0.009434998,
1,3,4.891796,-0.1078115,1.584571,2.109577,-0.00330913,-0.9435973,-0.3309444,0.009434998,
1,3,4.900129,-0.1088196,1.561135,2.059153,-0.00330913,-0.9435973,-0.3309444,0.009434998,
1,3,4.90804,-0.1097764,1.538303,2.011355,-0.00330913,-0.9435973,-0.3309444,0.009434998,
1,3,4.916276,-0.1107728,1.513908,1.961587,-0.00330913,-0.9435973,-0.3309444,0.009434998,
1,3,4.924524,-0.1117706,1.48884,1.911865,-0.00330913,-0.9435973,-0.3309444,0.009434998,
1,3,4.932858,-0.1127729,1.462864,1.861655,-0.00330913,-0.9435973,-0.3309444,0.009434998,
1,3,4.94102,-0.1137523,1.436811,1.812589,-0.00330913,-0.9435973,-0.3309444,0.009434998,
1,3,4.949354,-0.1147521,1.409556,1.762534,-0.00330913,-0.9435973,-0.3309444,0.009434998,
1,3,4.957687,-0.115752,1.381665,1.712573,-0.00330913,-0.9435973,-0.3309444,0.009434998,
1,3,4.96582,-0.1167278,1.353818,1.663875,-0.00330913,-0.9435973,-0.3309444,0.009434998,
1,3,4.973682,-0.1176711,1.326323,1.616865,-0.00330913,-0.9435973,-0.3309444,0.009434998,
1,3,4.981375,-0.1185869,1.298862,1.570932,-0.00330913,-0.9435973,-0.3309444,0.009434998,
1,3,4.989708,-0.1195786,1.26851,1.521234,-0.00330913,-0.9435973,-0.3309444,0.009434998,
1,3,4.997895,-0.1205528,1.238072,1.472501,-0.00330913,-0.9435973,-0.3309444,0.009434998,
1,3,5.00528,-0.1214316,1.210079,1.428576,-0.00330913,-0.9435973,-0.3309444,0.009434998,
1,3,5.013613,-0.1224233,1.177898,1.379113,-0.00330913,-0.9435973,-0.3309444,0.009434998,
1,3,5.021931,-0.1234113,1.145143,1.329782,-0.00330913,-0.9435973,-0.3309444,0.009434998,
1,3,5.030055,-0.1243699,1.11255,1.281722,-0.00330913,-0.9435973,-0.3309444,0.009434998,
1,3,5.038388,-0.1253534,1.078474,1.232454,-0.00330913,-0.9435973,-0.3309444,0.009434998,
1,3,5.045214,-0.126159,1.050096,1.192172,-0.00330913,-0.9435973,-0.3309444,0.009434998,
1,3,5.053547,-0.1271425,1.014889,1.143054,-0.00330913,-0.9435973,-0.3309444,0.009434998,
1,3,5.060812,-0.1279999,0.983678,1.100301,-0.00330913,-0.9435973,-0.3309444,0.009434998,
1,3,5.069146,-0.1289833,0.947291,1.051324,-0.00330913,-0.9435973,-0.3309444,0.009434998,
1,3,5.077213,-0.1299354,0.9114628,1.003972,-0.00330913,-0.9435973,-0.3309444,0.009434998,
1,3,5.085546,-0.1309189,0.8738378,0.9551404,-0.00330913,-0.9435973,-0.3309444,0.009434998,
1,3,5.092778,-0.131763,0.8406794,0.9128298,-0.00330913,-0.9435973,-0.3309444,0.009434998,
1,3,5.101111,-0.1327301,0.8018849,0.8641472,-0.00330913,-0.9435973,-0.3309444,0.009434998,
1,3,5.107558,-0.1334782,0.771456,0.8265405,-0.00330913,-0.9435973,-0.3309444,0.009434998,
1,3,5.115891,-0.1344453,0.7315633,0.7779952,-0.00330913,-0.9435973,-0.3309444,0.009434998,
1,3,5.124225,-0.1354124,0.6910552,0.729526,-0.00330913,-0.9435973,-0.3309444,0.009434998,
1,3,5.132383,-0.1363592,0.6507962,0.6821534,-0.00330913,-0.9435973,-0.3309444,0.009434998,
1,3,5.140716,-0.1373262,0.6090643,0.6338454,-0.00330913,-0.9435973,-0.3309444,0.009434998,
1,3,5.14873,-0.1382562,0.5683535,0.5874619,-0.00330913,-0.9435973,-0.3309444,0.009434998,
1,3,5.156931,-0.139208,0.5261021,0.5400665,-0.00330913,-0.9435973,-0.3309444,0.009434998,
1,3,5.165184,-0.1401657,0.4829883,0.4924495,-0.00330913,-0.9435973,-0.3309444,0.009434998,
1,3,5.17342,-0.1411216,0.4393602,0.445003,-0.00330913,-0.9435973,-0.3309444,0.009434998,
1,3,5.181754,-0.1420773,0.3946137,0.3970755,-0.00330913,-0.9435973,-0.3309444,0.009434998,
1,3,5.187219,-0.1427008,0.3649389,0.3656929,-0.00330913,-0.9435973,-0.3309444,0.009434998,
1,3,5.195552,-0.1436515,0.3191826,0.3178989,-0.00330913,-0.9435973,-0.3309444,0.009434998,
1,3,5.20361,-0.1445707,0.2743623,0.2717639,-0.00330913,-0.9435973,-0.3309444,0.009434998,
1,3,5.211943,-0.1455214,0.2274176,0.2241311,-0.00330913,-0.9435973,-0.3309444,0.009434998,
1,3,5.218734,-0.1462962,0.1887117,0.1853697,-0.00330913,-0.9435973,-0.3309444,0.009434998,
1,3,5.227068,-0.1472469,0.1406728,0.137881,-0.00330913,-0.9435973,-0.3309444,0.009434998,
1,3,5.235081,-0.1481611,0.09391162,0.0922941,-0.00330913,-0.9435973,-0.3309444,0.009434998,
1,3,5.243414,-0.1491118,0.04469512,0.04496684,-0.00330913,-0.9435973,-0.3309444,0.009434998,CourtEnter
1,3,5.250185,-0.149721,0.05767483,0.01454393,-0.0003268384,-0.9993898,-0.03346899,0.009993754,CourtExit
1,3,5.258142,-0.1502562,0.09188208,0.005622272,0.000691408,-0.9020657,0.431545,0.006780261,RacketHit
1,3,5.266392,-0.1506943,0.1251448,0.01922809,-0.001768977,-0.5767642,0.8169087,-0.0003626094,
1,3,5.274725,-0.1511369,0.1580373,0.03295062,-0.003794542,-0.09991327,0.9949609,-0.007473883,
1,3,5.282848,-0.1515682,0.1894166,0.04630713,-0.004825105,0.3906081,0.9204589,-0.01255158,
1,3,5.291182,-0.1520108,0.2209052,0.05998971,-0.004648128,0.7927483,0.6093579,-0.01454326,
1,3,5.298942,-0.152423,0.2495946,0.07271373,-0.003397906,0.9843184,0.1758872,-0.01301485,
1,3,5.306942,-0.1528478,0.2785236,0.08581293,-0.001316374,0.9504243,-0.3108402,-0.0083927,
1,3,5.315275,-0.1532904,0.307965,0.0994401,0.001175356,0.6754596,-0.7373946,-0.001479692,
1,3,5.323608,-0.1537329,0.3367018,0.1130502,0.003363218,0.2267864,-0.9739214,0.005810448,
1,3,5.33088,-0.1541191,0.3612043,0.1249123,0.004579494,-0.216729,-0.976159,0.01100591,
1,3,5.339213,-0.1545617,0.3886266,0.1384905,0.004859515,-0.6673774,-0.7445675,0.01425412,
1,3,5.34556,-0.1548987,0.4090372,0.1488194,0.004228132,-0.9003306,-0.4349516,0.01428419,
1,3,5.353893,-0.1553413,0.4352222,0.1623674,0.002464242,-0.9980305,0.06168986,0.01111175,
1,3,5.362226,-0.1557839,0.4607013,0.1759002,7.051609E-05,-0.8401927,0.542264,0.005096621,
1,3,5.370211,-0.1562079,0.4844609,0.1888526,-0.002247135,-0.4864018,0.8737303,-0.001910563,
1,3,5.378008,-0.156622,0.5070428,0.20149,-0.004003387,-0.03000551,0.9995071,-0.008329056,
1,3,5.386342,-0.1570646,0.5304986,0.2149801,-0.00488188,0.4622395,0.886645,-0.01309367,
1,3,5.39285,-0.1574102,0.5483353,0.2255045,-0.004702451,0.7701259,0.6377093,-0.01452514,
1,3,5.401183,-0.1578528,0.5705525,0.2389699,-0.003414557,0.9834804,0.1805119,-0.01304496,
1,3,5.409517,-0.1582953,0.5920696,0.2524242,-0.001258805,0.9465769,-0.3223702,-0.008247495,
1,3,5.417511,-0.1587199,0.6120614,0.2653177,0.001116728,0.6844596,-0.7290481,-0.001657155,
1,3,5.425844,-0.1591624,0.6322179,0.2787552,0.003305792,0.2422752,-0.9701858,0.005597107,
1,3,5.434177,-0.159605,0.6516818,0.2921633,0.004655607,-0.2610969,-0.9652337,0.01142853,
1,3,5.442511,-0.1600476,0.6704535,0.3055714,0.004825743,-0.6981004,-0.7158395,0.01436281,
1,3,5.449107,-0.1603979,0.6848164,0.3161837,0.004085868,-0.9227002,-0.3852383,0.01411317,
1,3,5.4573,-0.160833,0.7020597,0.3293346,0.002282125,-0.9945249,0.103925,0.01070378,
1,3,5.464098,-0.161194,0.7158532,0.3402453,0.0003390714,-0.8685991,0.4954811,0.005834186,
1,3,5.472431,-0.1616366,0.7321396,0.3536205,-0.002084725,-0.5182644,0.8552169,-0.00137796,
1,3,5.480485,-0.1620643,0.7472235,0.366529,-0.00393246,-0.05450929,0.9984732,-0.008033936,
1,3,5.488437,-0.1624866,0.7614834,0.379261,-0.004848678,0.4162517,0.9091471,-0.01275206,
1,3,5.496676,-0.1629242,0.7756038,0.3924536,-0.004623748,0.8018591,0.5973183,-0.01454436,
1,3,5.50501,-0.1633668,0.7891906,0.4057961,-0.00324174,0.9909997,0.133219,-0.0127217,
1,3,5.513181,-0.1638007,0.801846,0.4188539,-0.001094127,0.9348808,-0.3548739,-0.007828528,
1,3,5.521514,-0.1642433,0.8140767,0.4321636,0.001363086,0.6457515,-0.7635459,-0.0009058103,
1,3,5.529379,-0.164661,0.8249806,0.4447263,0.003377929,0.2227742,-0.9748466,0.005865067,
1,3,5.536988,-0.1650651,0.8349506,0.4568786,0.004611363,-0.23468,-0.9719975,0.01117874,
1,3,5.545321,-0.1655076,0.8452139,0.4701753,0.004851199,-0.6758569,-0.7368785,0.0142856,
1,3,5.552173,-0.1658715,0.8531446,0.4810911,0.004133602,-0.9157079,-0.4015732,0.01417308,
1,3,5.560111,-0.1662931,0.8617448,0.4937381,0.002439244,-0.9976509,0.06756097,0.01105575,
1,3,5.568444,-0.1667356,0.8700969,0.5069977,7.529331E-05,-0.8407174,0.54145,0.005109512,
1,3,5.576777,-0.1671782,0.8777672,0.5202419,-0.002306326,-0.474467,0.8802677,-0.002106551,
1,3,5.584826,-0.1676056,0.8845273,0.5330338,-0.004066244,-0.007541613,0.9999264,-0.00859447,
1,3,5.592779,-0.168028,0.8905808,0.5456733,-0.004877946,0.4557757,0.8899857,-0.01304661,
1,3,5.601112,-0.1684706,0.8962569,0.5589175,-0.004542256,0.8286794,0.5595165,-0.01452877,
1,3,5.607775,-0.1688244,0.9003045,0.569506,-0.0034493,0.9816461,0.1902297,-0.01310727,
1,3,5.616108,-0.1692669,0.9047509,0.5827501,-0.001337116,0.9517757,-0.3066758,-0.008444026,
1,3,5.623806,-0.1696758,0.9082524,0.594985,0.0009212673,0.7135519,-0.7005982,-0.002243578,
1,3,5.631309,-0.1700742,0.9111048,0.6069087,0.002937242,0.3354363,-0.9420487,0.004265415,
1,3,5.639601,-0.1705146,0.913611,0.620087,0.00446379,-0.1571668,-0.9875072,0.0104086,
1,3,5.647934,-0.1709572,0.9154494,0.6333312,0.004896967,-0.6130773,-0.7898835,0.01401288,
1,3,5.655527,-0.1713604,0.9165301,0.6453984,0.004236492,-0.8988719,-0.4379578,0.01429218,
1,3,5.66386,-0.171803,0.9170631,0.6586359,0.002520881,-0.998765,0.04833174,0.01123542,
1,3,5.672044,-0.1722376,0.916922,0.6715775,0.0002294211,-0.8573015,0.5147849,0.005534398,
1,3,5.680377,-0.1726801,0.9161003,0.684756,-0.002155342,-0.5045647,0.8633698,-0.001608609,
1,3,5.688326,-0.1731023,0.9146814,0.6973262,-0.003942604,-0.05105867,0.9986553,-0.00807544,
1,3,5.696659,-0.1735448,0.9125262,0.7105048,-0.004863379,0.4346139,0.9005116,-0.01289075,
1,3,5.704699,-0.1739718,0.9098001,0.7232188,-0.004620476,0.8030441,0.5957242,-0.01454363,
1,3,5.712561,-0.1743893,0.9065192,0.7356526,-0.003360281,0.9861249,0.1654654,-0.01294415,
1,3,5.720392,-0.1748052,0.9026475,0.7480362,-0.001375363,0.9542292,-0.2989511,-0.008539458,
1,3,5.728725,-0.1752478,0.8978645,0.7612149,0.001051598,0.6943103,-0.7196726,-0.001853307,
1,3,5.736852,-0.1756794,0.892543,0.7740662,0.003174167,0.2767354,-0.9609273,0.005114273,
1,3,5.744095,-0.1760641,0.8872681,0.785522,0.004455095,-0.1529864,-0.9881639,0.01036529,
1,3,5.752349,-0.1765024,0.8806251,0.7985743,0.004900934,-0.603449,-0.7972642,0.01396429,
1,3,5.760682,-0.176945,0.8732386,0.8117529,0.004161852,-0.9113384,-0.4113919,0.01420665,
1,3,5.76816,-0.1773421,0.8660315,0.8235791,0.00262527,-0.9996573,0.0233865,0.01146216,
1,3,5.776494,-0.1777847,0.8573524,0.8367577,0.0003229048,-0.8669581,0.4983473,0.005789683,
1,3,5.784827,-0.1782272,0.848006,0.8499297,-0.002056876,-0.5236007,0.8519604,-0.001287346,
1,3,5.792887,-0.1786553,0.838315,0.862613,-0.003887685,-0.06955269,0.9975398,-0.007849727,
1,3,5.800358,-0.1790521,0.8287594,0.8743689,-0.004801041,0.3676094,0.9298857,-0.01236361,
1,3,5.808692,-0.1794873,0.8174725,0.8874819,-0.00470991,0.7667229,0.6417968,-0.01451951,
1,3,5.816951,-0.1799098,0.8056119,0.9004791,-0.003493704,0.9791321,0.2027664,-0.01318616,
1,3,5.825284,-0.1803359,0.7929725,0.9135921,-0.001427073,0.957454,-0.2884521,-0.008668093,
1,3,5.832157,-0.1806874,0.7820432,0.9244061,0.0005614833,0.763478,-0.6458252,-0.003301616,
1,3,5.84049,-0.1811136,0.7681651,0.9375191,0.002816548,0.363846,-0.931447,0.003841678,
1,3,5.848007,-0.181498,0.7550789,0.9493476,0.004279433,-0.07499781,-0.997129,0.009532847,
1,3,5.85634,-0.1819242,0.7399197,0.9624606,0.004909214,-0.5403613,-0.8413087,0.01361023,
1,3,5.863742,-0.1823027,0.7258953,0.9741078,0.004475749,-0.8473603,-0.5308016,0.01449656,
1,3,5.870691,-0.182658,0.712248,0.9850415,0.003289132,-0.9891948,-0.1460101,0.01281062,
1,3,5.879024,-0.1830842,0.6952618,0.9981546,0.001162152,-0.9398332,0.3415381,0.008001445,
1,3,5.887019,-0.1834931,0.6783404,1.010734,-0.001146882,-0.6798398,0.7333581,0.001565598,
1,3,5.894579,-0.1838797,0.6617575,1.022631,-0.003104353,-0.2944489,0.9556499,-0.004861551,
1,3,5.902117,-0.1842652,0.6446797,1.034493,-0.004444058,0.1477438,0.9889619,-0.01031068,
1,3,5.91045,-0.1846914,0.6251661,1.047606,-0.00490247,0.5990644,0.8005645,-0.01394131,
1,3,5.918349,-0.1850953,0.6060509,1.060034,-0.004253603,0.8958119,0.4441828,-0.01430971,
1,3,5.925493,-0.1854607,0.5882373,1.071276,-0.002871447,0.9992346,0.03712847,-0.01198227,
1,3,5.933826,-0.1858868,0.5668426,1.084389,-0.0006431022,0.8977298,-0.4404959,-0.006650853,
1,3,5.941388,-0.1862735,0.5468532,1.096287,0.001525836,0.6188825,-0.785482,-0.0004017089,
1,3,5.949721,-0.1866997,0.5241927,1.1094,0.003552032,0.1736989,-0.9847708,0.006523354,
1,3,5.958054,-0.1871259,0.5008624,1.122387,0.00473262,-0.312541,-0.949818,0.01189367,
1,3,5.966387,-0.187552,0.4768694,1.135369,0.004788657,-0.724302,-0.6893151,0.01443658,
1,3,5.972732,-0.1878765,0.4581568,1.145252,0.004059939,-0.9263045,-0.376491,0.01407761,
1,3,5.981066,-0.1883027,0.4329964,1.158234,0.002275369,-0.9943622,0.1054723,0.01068716,
1,3,5.989399,-0.1887289,0.4071693,1.171216,-4.692399E-05,-0.8269802,0.5622109,0.004768459,
1,3,5.99677,-0.1891059,0.3837762,1.1827,-0.002109134,-0.513552,0.8580547,-0.001457434,
1,3,6.005104,-0.189532,0.3567111,1.195682,-0.003950122,-0.04847967,0.9987835,-0.008106033,
1,3,6.013437,-0.1899582,0.3289798,1.208664,-0.004858108,0.4277811,0.9037781,-0.01283846,
1,3,6.021425,-0.1903667,0.3017858,1.221107,-0.004653464,0.7906906,0.6120256,-0.01454002,
1,3,6.028729,-0.1907402,0.2763909,1.232486,-0.003578762,0.9737605,0.2271559,-0.01333463,
1,3,6.037062,-0.1911664,0.2468037,1.245468,-0.001576948,0.9662057,-0.257609,-0.009037617,
1,3,6.045395,-0.1915926,0.2165589,1.258449,0.0007941384,0.7317198,-0.6816,-0.002620317,
1,3,6.052997,-0.1919813,0.1884007,1.270292,0.002807306,0.3659835,-0.9306093,0.003809235,
1,3,6.060981,-0.1923896,0.1582411,1.282729,0.004323347,-0.0934843,-0.9955638,0.009734462,
1,3,6.069089,-0.1928043,0.1269987,1.295359,0.004909039,-0.5387263,-0.8423568,0.01359956,
1,3,6.077422,-0.1932305,0.09424515,1.308341,0.004377897,-0.8709385,-0.4911607,0.01442681,
1,3,6.085755,-0.1936566,0.06084326,1.321323,0.002824839,-0.9996006,-0.0254829,0.011885,
1,4,6.093703,0,0.5,7.5,0,0,0,1,BallLaunch
1,4,6.101021,-0.0009858118,0.5391561,7.450633,-0.00330913,-0.9435973,-0.3309444,0.009434998,
1,4,6.109354,-0.002153873,0.5849187,7.392411,-0.00330913,-0.9435973,-0.3309444,0.009434998,
1,4,6.116825,-0.003199046,0.6252894,7.340219,-0.00330913,-0.9435973,-0.3309444,0.009434998,
1,4,6.125158,-0.004363019,0.6695953,7.281998,-0.00330913,-0.9435973,-0.3309444,0.009434998,
1,4,6.132521,-0.005389539,0.7081001,7.230557,-0.00330913,-0.9435973,-0.3309444,0.009434998,
1,4,6.140854,-0.006549473,0.7509766,7.172452,-0.00330913,-0.9435973,-0.3309444,0.009434998,
1,4,6.148634,-0.007630563,0.7903136,7.118585,-0.00330913,-0.9435973,-0.3309444,0.009434998,
1,4,6.156967,-0.008786466,0.8317116,7.060887,-0.00330913,-0.9435973,-0.3309444,0.009434998,
1,4,6.164864,-0.009879828,0.8702469,7.006213,-0.00330913,-0.9435973,-0.3309444,0.009434998,
1,4,6.172841,-0.01098235,0.9084808,6.950984,-0.00330913,-0.9435973,-0.3309444,0.009434998,
1,4,6.180905,-0.01209519,0.9464342,6.895149,-0.00330913,-0.9435973,-0.3309444,0.009434998,
1,4,6.188899,-0.01319631,0.9833604,6.840238,-0.00330913,-0.9435973,-0.3309444,0.009434998,
1,4,6.197232,-0.0143423,1.021124,6.783065,-0.00330913,-0.9435973,-0.3309444,0.009434998,
1,4,6.205281,-0.01544726,1.05688,6.727843,-0.00330913,-0.9435973,-0.3309444,0.009434998,
1,4,6.212716,-0.01646631,1.089285,6.676838,-0.00330913,-0.9435973,-0.3309444,0.009434998,
1,4,6.221049,-0.01760655,1.124916,6.619665,-0.00330913,-0.9435973,-0.3309444,0.009434998,
1,4,6.228912,-0.01868075,1.157845,6.565901,-0.00330913,-0.9435973,-0.3309444,0.009434998,
1,4,6.237246,-0.01981734,1.192015,6.509254,-0.00330913,-0.9435973,-0.3309444,0.009434998,
1,4,6.244259,-0.02077265,1.220218,6.461574,-0.00330913,-0.9435973,-0.3309444,0.009434998,
1,4,6.252593,-0.0219057,1.253048,6.404926,-0.00330913,-0.9435973,-0.3309444,0.009434998,
1,4,6.260926,-0.0230368,1.285119,6.348278,-0.00330913,-0.9435973,-0.3309444,0.009434998,
1,4,6.268826,-0.02410735,1.314839,6.294573,-0.00330913,-0.9435973,-0.3309444,0.009434998,
1,4,6.276595,-0.02515869,1.343426,6.241989,-0.00330913,-0.9435973,-0.3309444,0.009434998,
1,4,6.284514,-0.02622866,1.371917,6.188658,-0.00330913,-0.9435973,-0.3309444,0.009434998,
1,4,6.292847,-0.02735281,1.401187,6.132534,-0.00330913,-0.9435973,-0.3309444,0.009434998,
1,4,6.30118,-0.02847532,1.429725,6.07641,-0.00330913,-0.9435973,-0.3309444,0.009434998,
1,4,6.308977,-0.0295238,1.455771,6.023905,-0.00330913,-0.9435973,-0.3309444,0.009434998,
1,4,6.31731,-0.03064252,1.482902,5.967782,-0.00330913,-0.9435973,-0.3309444,0.009434998,
1,4,6.324539,-0.03161203,1.505845,5.919317,-0.00330913,-0.9435973,-0.3309444,0.009434998,
1,4,6.332872,-0.03272664,1.53162,5.863717,-0.00330913,-0.9435973,-0.3309444,0.009434998,
1,4,6.341206,-0.03384125,1.556662,5.808118,-0.00330913,-0.9435973,-0.3309444,0.009434998,
1,4,6.34775,-0.03471475,1.575818,5.764454,-0.00330913,-0.9435973,-0.3309444,0.009434998,
1,4,6.356083,-0.03582526,1.599592,5.708855,-0.00330913,-0.9435973,-0.3309444,0.009434998,
1,4,6.36374,-0.03684559,1.620802,5.65777,-0.00330913,-0.9435973,-0.3309444,0.009434998,
1,4,6.372074,-0.03795214,1.643187,5.602175,-0.00330913,-0.9435973,-0.3309444,0.009434998,
1,4,6.38001,-0.03900583,1.663836,5.549725,-0.00330913,-0.9435973,-0.3309444,0.009434998,
1,4,6.388343,-0.04011011,1.684816,5.49465,-0.00330913,-0.9435973,-0.3309444,0.009434998,
1,4,6.395648,-0.0410763,1.702632,5.446376,-0.00330913,-0.9435973,-0.3309444,0.009434998,
1,4,6.403981,-0.04217862,1.722272,5.391301,-0.00330913,-0.9435973,-0.3309444,0.009434998,
1,4,6.412314,-0.04327733,1.741209,5.336226,-0.00330913,-0.9435973,-0.3309444,0.009434998,
1,4,6.420648,-0.04437555,1.759437,5.281152,-0.00330913,-0.9435973,-0.3309444,0.009434998,
1,4,6.427792,-0.0453162,1.774488,5.234047,-0.00330913,-0.9435973,-0.3309444,0.009434998,
1,4,6.436125,-0.04641032,1.791408,5.179497,-0.00330913,-0.9435973,-0.3309444,0.009434998,
1,4,6.443699,-0.04740477,1.80615,5.129917,-0.00330913,-0.9435973,-0.3309444,0.009434998,
1,4,6.452033,-0.04849641,1.821715,5.075367,-0.00330913,-0.9435973,-0.3309444,0.009434998,
1,4,6.459421,-0.04946285,1.834917,5.027,-0.00330913,-0.9435973,-0.3309444,0.009434998,
1,4,6.467755,-0.05055287,1.849145,4.97245,-0.00330913,-0.9435973,-0.3309444,0.009434998,
1,4,6.474949,-0.05149101,1.860851,4.925355,-0.00330913,-0.9435973,-0.3309444,0.009434998,
1,4,6.483283,-0.05257693,1.873774,4.870948,-0.00330913,-0.9435973,-0.3309444,0.009434998,
1,4,6.491616,-0.05366255,1.885983,4.816923,-0.00330913,-0.9435973,-0.3309444,0.009434998,
1,4,6.49869,-0.05458087,1.895807,4.771062,-0.00330913,-0.9435973,-0.3309444,0.009434998,
1,4,6.506834,-0.05563817,1.906495,4.718261,-0.00330913,-0.9435973,-0.3309444,0.009434998,
1,4,6.515167,-0.05671942,1.916723,4.664236,-0.00330913,-0.9435973,-0.3309444,0.009434998,
1,4,6.522687,-0.05769196,1.925366,4.615483,-0.00330913,-0.9435973,-0.3309444,0.009434998,
1,4,6.531021,-0.05876969,1.934281,4.561457,-0.00330913,-0.9435973,-0.3309444,0.009434998,
1,4,6.538986,-0.05979884,1.942145,4.509818,-0.00330913,-0.9435973,-0.3309444,0.009434998,
1,4,6.546325,-0.06074437,1.948829,4.4627,-0.00330913,-0.9435973,-0.3309444,0.009434998,
1,4,6.554658,-0.061818,1.955769,4.409199,-0.00330913,-0.9435973,-0.3309444,0.009434998,
1,4,6.562332,-0.06280655,1.961544,4.359936,-0.00330913,-0.9435973,-0.3309444,0.009434998,
1,4,6.570665,-0.06388018,1.967156,4.306435,-0.00330913,-0.9435973,-0.3309444,0.009434998,
1,4,6.577966,-0.06481497,1.971502,4.25956,-0.00330913,-0.9435973,-0.3309444,0.009434998,
1,4,6.585721,-0.06580637,1.975539,4.209776,-0.00330913,-0.9435973,-0.3309444,0.009434998,
1,4,6.594054,-0.06687181,1.979221,4.156275,-0.00330913,-0.9435973,-0.3309444,0.009434998,
1,4,6.601623,-0.06783958,1.981955,4.107843,-0.00330913,-0.9435973,-0.3309444,0.009434998,
1,4,6.609957,-0.06890502,1.984319,4.054867,-0.00330913,-0.9435973,-0.3309444,0.009434998,
1,4,6.617745,-0.06990077,1.985907,4.005355,-0.00330913,-0.9435973,-0.3309444,0.009434998,
1,4,6.626078,-0.07095924,1.986948,3.952378,-0.00330913,-0.9435973,-0.3309444,0.009434998,
1,4,6.634411,-0.07201647,1.987304,3.899402,-0.00330913,-0.9435973,-0.3309444,0.009434998,
1,4,6.642176,-0.0730015,1.987023,3.850044,-0.00330913,-0.9435973,-0.3309444,0.009434998,
1,4,6.650509,-0.07405873,1.98606,3.797241,-0.00330913,-0.9435973,-0.3309444,0.009434998,
1,4,6.658448,-0.07506592,1.984508,3.747022,-0.00330913,-0.9435973,-0.3309444,0.009434998,
1,4,6.665919,-0.07601379,1.982482,3.699761,-0.00330913,-0.9435973,-0.3309444,0.009434998,
1,4,6.674253,-0.0770639,1.979573,3.647046,-0.00330913,-0.9435973,-0.3309444,0.009434998,
1,4,6.681569,-0.07798496,1.976454,3.600938,-0.00330913,-0.9435973,-0.3309444,0.009434998,
1,4,6.689298,-0.07895796,1.972589,3.552288,-0.00330913,-0.9435973,-0.3309444,0.009434998,
1,4,6.697632,-0.080007,1.967782,3.499836,-0.00330913,-0.9435973,-0.3309444,0.009434998,
1,4,6.705376,-0.08098184,1.962701,3.451094,-0.00330913,-0.9435973,-0.3309444,0.009434998,
1,4,6.713709,-0.08203088,1.956592,3.398853,-0.00330913,-0.9435973,-0.3309444,0.009434998,
1,4,6.721648,-0.08302379,1.950137,3.349131,-0.00330913,-0.9435973,-0.3309444,0.009434998,
1,4,6.729981,-0.08406463,1.942695,3.296941,-0.00330913,-0.9435973,-0.3309444,0.009434998,
1,4,6.736949,-0.08493493,1.935962,3.253303,-0.00330913,-0.9435973,-0.3309444,0.009434998,
1,4,6.745283,-0.08597578,1.927281,3.201342,-0.00330913,-0.9435973,-0.3309444,0.009434998,
1,4,6.753616,-0.08701663,1.917932,3.149414,-0.00330913,-0.9435973,-0.3309444,0.009434998,
1,4,6.76195,-0.08805747,1.907918,3.097487,-0.00330913,-0.9435973,-0.3309444,0.009434998,
1,4,6.769791,-0.08903114,1.897888,3.048651,-0.00330913,-0.9435973,-0.3309444,0.009434998,
1,4,6.77731,-0.08996296,1.887709,3.002031,-0.00330913,-0.9435973,-0.3309444,0.009434998,
1,4,6.785644,-0.0909956,1.875804,2.950366,-0.00330913,-0.9435973,-0.3309444,0.009434998,
1,4,6.793205,-0.09193256,1.864408,2.903488,-0.00330913,-0.9435973,-0.3309444,0.009434998,
1,4,6.801538,-0.09296522,1.851232,2.85184,-0.00330913,-0.9435973,-0.3309444,0.009434998,
1,4,6.809526,-0.09395505,1.837961,2.802567,-0.00330913,-0.9435973,-0.3309444,0.009434998,
1,4,6.816718,-0.09484266,1.825488,2.758202,-0.00330913,-0.9435973,-0.3309444,0.009434998,
1,4,6.825051,-0.09586712,1.810434,2.706799,-0.00330913,-0.9435973,-0.3309444,0.009434998,
1,4,6.833385,-0.09689158,1.794711,2.65544,-0.00330913,-0.9435973,-0.3309444,0.009434998,
1,4,6.841092,-0.09783901,1.779568,2.608144,-0.00330913,-0.9435973,-0.3309444,0.009434998,
1,4,6.84826,-0.09872022,1.764987,2.564153,-0.00330913,-0.9435973,-0.3309444,0.009434998,
1,4,6.856554,-0.09973989,1.747503,2.513252,-0.00330913,-0.9435973,-0.3309444,0.009434998,
1,4,6.864888,-0.1007615,1.729285,2.46217,-0.00330913,-0.9435973,-0.3309444,0.009434998,
1,4,6.872422,-0.1016803,1.712252,2.416172,-0.00330913,-0.9435973,-0.3309444,0.009434998,
1,4,6.880755,-0.1026966,1.69278,2.365293,-0.00330913,-0.9435973,-0.3309444,0.009434998,
1,4,6.886817,-0.1034358,1.678213,2.328285,-0.00330913,-0.9435973,-0.3309444,0.009434998,
1,4,6.894376,-0.1043576,1.659551,2.282145,-0.00330913,-0.9435973,-0.3309444,0.009434998,
1,4,6.902558,-0.1053554,1.638753,2.232448,-0.00330913,-0.9435973,-0.3309444,0.009434998,
1,4,6.910891,-0.1063708,1.61691,2.181831,-0.00330913,-0.9435973,-0.3309444,0.009434998,
1,4,6.918695,-0.1073149,1.595864,2.134427,-0.00330913,-0.9435973,-0.3309444,0.009434998,
1,4,6.926953,-0.1083138,1.572975,2.084333,-0.00330913,-0.9435973,-0.3309444,0.009434998,
1,4,6.935287,-0.1093219,1.549213,2.033979,-0.00330913,-0.9435973,-0.3309444,0.009434998,
1,4,6.942441,-0.1101873,1.528314,1.990749,-0.00330913,-0.9435973,-0.3309444,0.009434998,
1,4,6.950774,-0.1111954,1.503364,1.940438,-0.00330913,-0.9435973,-0.3309444,0.009434998,
1,4,6.958516,-0.1121314,1.4796,1.89378,-0.00330913,-0.9435973,-0.3309444,0.009434998,
1,4,6.966083,-0.1130393,1.455837,1.848223,-0.00330913,-0.9435973,-0.3309444,0.009434998,
1,4,6.974416,-0.1140392,1.429048,1.798132,-0.00330913,-0.9435973,-0.3309444,0.009434998,
1,4,6.982707,-0.1150339,1.401752,1.748372,-0.00330913,-0.9435973,-0.3309444,0.009434998,
1,4,6.99104,-0.1160338,1.373682,1.698411,-0.00330913,-0.9435973,-0.3309444,0.009434998,
1,4,6.99853,-0.1169325,1.347899,1.653593,-0.00330913,-0.9435973,-0.3309444,0.009434998,
1,4,7.006864,-0.1179305,1.3186,1.603763,-0.00330913,-0.9435973,-0.3309444,0.009434998,
1,4,7.014997,-0.1188983,1.289394,1.555242,-0.00330913,-0.9435973,-0.3309444,0.009434998,
1,4,7.02333,-0.11989,1.258841,1.505549,-0.00330913,-0.9435973,-0.3309444,0.009434998,
1,4,7.031327,-0.1208417,1.228917,1.457981,-0.00330913,-0.9435973,-0.3309444,0.009434998,
1,4,7.039428,-0.1218057,1.198008,1.409821,-0.00330913,-0.9435973,-0.3309444,0.009434998,
1,4,7.047454,-0.1227608,1.166791,1.362203,-0.00330913,-0.9435973,-0.3309444,0.009434998,
1,4,7.054954,-0.1236494,1.137089,1.317762,-0.00330913,-0.9435973,-0.3309444,0.009434998,
1,4,7.062866,-0.1245831,1.105206,1.270948,-0.00330913,-0.9435973,-0.3309444,0.009434998,
1,4,7.071199,-0.1255666,1.070996,1.22171,-0.00330913,-0.9435973,-0.3309444,0.009434998,
1,4,7.079533,-0.1265501,1.036168,1.172536,-0.00330913,-0.9435973,-0.3309444,0.009434998,
1,4,7.086545,-0.1273777,1.006374,1.131245,-0.00330913,-0.9435973,-0.3309444,0.009434998,
1,4,7.094493,-0.1283157,0.9720514,1.084468,-0.00330913,-0.9435973,-0.3309444,0.009434998,
1,4,7.102827,-0.1292992,0.9354613,1.035532,-0.00330913,-0.9435973,-0.3309444,0.009434998,
1,4,7.110056,-0.1301524,0.9032037,0.9931065,-0.00330913,-0.9435973,-0.3309444,0.009434998,
1,4,7.11839,-0.1311359,0.8654369,0.944295,-0.00330913,-0.9435973,-0.3309444,0.009434998,
1,4,7.126723,-0.1321042,0.8270484,0.8955596,-0.00330913,-0.9435973,-0.3309444,0.009434998,
1,4,7.134109,-0.1329613,0.7925049,0.852433,-0.00330913,-0.9435973,-0.3309444,0.009434998,
1,4,7.142442,-0.1339284,0.7529483,0.8038458,-0.00330913,-0.9435973,-0.3309444,0.009434998,
1,4,7.150054,-0.1348117,0.7162738,0.7595379,-0.00330913,-0.9435973,-0.3309444,0.009434998,
1,4,7.158387,-0.1357788,0.6755331,0.711104,-0.00330913,-0.9435973,-0.3309444,0.009434998,
1,4,7.166193,-0.1366847,0.6368055,0.6658041,-0.00330913,-0.9435973,-0.3309444,0.009434998,
1,4,7.173734,-0.1375598,0.5988819,0.6221093,-0.00330913,-0.9435973,-0.3309444,0.009434998,
1,4,7.181889,-0.1385062,0.5573011,0.5749222,-0.00330913,-0.9435973,-0.3309444,0.009434998,
1,4,7.190222,-0.1394733,0.5142047,0.5267808,-0.00330913,-0.9435973,-0.3309444,0.009434998,
1,4,7.196719,-0.1402272,0.4801818,0.4893104,-0.00330913,-0.9435973,-0.3309444,0.009434998,
1,4,7.205052,-0.1411943,0.4359999,0.4413119,-0.00330913,-0.9435973,-0.3309444,0.009434998,
1,4,7.213033,-0.1421086,0.3931154,0.3954169,-0.00330913,-0.9435973,-0.3309444,0.009434998,
1,4,7.221366,-0.1430593,0.3477368,0.3475769,-0.00330913,-0.9435973,-0.3309444,0.009434998,
1,4,7.2297,-0.14401,0.3017524,0.299813,-0.00330913,-0.9435973,-0.3309444,0.009434998,
1,4,7.238033,-0.1449607,0.2551619,0.2521331,-0.00330913,-0.9435973,-0.3309444,0.009434998,
1,4,7.246077,-0.1458783,0.2096182,0.2061846,-0.00330913,-0.9435973,-0.3309444,0.009434998,
1,4,7.253845,-0.1467646,0.1651007,0.1618801,-0.00330913,-0.9435973,-0.3309444,0.009434998,
1,4,7.262178,-0.1477153,0.116766,0.1144327,-0.00330913,-0.9435973,-0.3309444,0.009434998,
1,4,7.270512,-0.148666,0.06782936,0.06706666,-0.00330913,-0.9435973,-0.3309444,0.009434998,
1,4,7.277648,-0.1494283,0.04155825,0.02909933,-0.002379078,-0.9711176,-0.2383921,0.009711211,CourtEnter
1,4,7.285982,-0.1500878,0.07895341,0.0003408355,0.001621835,-0.9686815,0.2481329,0.00914993,RacketHit
1,4,7.293637,-0.1504943,0.1100872,0.01297658,-0.0006685319,-0.7492037,0.6623326,0.002990061,
1,4,7.30197,-0.1509369,0.1433,0.02671194,-0.002977074,-0.326006,0.9453527,-0.004407809,
1,4,7.310303,-0.1513795,0.1757975,0.04042669,-0.004513164,0.1813883,0.9833434,-0.01065965,
1,4,7.317835,-0.1517795,0.2045611,0.05280489,-0.004901322,0.6028917,0.7976858,-0.01396613,
1,4,7.32615,-0.152221,0.2356422,0.06645075,-0.004126815,0.9167089,0.3992831,-0.0141676,
1,4,7.333967,-0.1526362,0.264221,0.07926314,-0.002424158,0.9974135,-0.07098631,-0.0110241,
1,4,7.342301,-0.1530788,0.2939997,0.09290241,-1.501946E-05,0.8340807,-0.5516202,-0.004942431,
1,4,7.350634,-0.1535213,0.323074,0.1065236,0.002396684,0.4560517,-0.8899468,0.002408662,
1,4,7.357491,-0.1538855,0.3464702,0.1177189,0.003941379,0.05167088,-0.9986238,0.008072247,
1,4,7.365825,-0.1543281,0.3742613,0.1313097,0.00487086,-0.4445598,-0.895642,0.01296905,
1,4,7.373178,-0.1547186,0.3981954,0.1432854,0.004652613,-0.7910326,-0.6115835,0.01454499,
1,4,7.381511,-0.1551612,0.4246593,0.1568446,0.003287768,-0.9892361,-0.1457296,0.01281119,
1,4,7.389844,-0.1556037,0.4504261,0.1703867,0.001081681,-0.9339972,0.3571936,0.007797511,
1,4,7.398178,-0.1560463,0.4754913,0.1839138,-0.001399866,-0.6398823,0.7684712,0.0007921206,
1,4,7.405785,-0.1564503,0.4977615,0.1962488,-0.003366787,-0.2259888,0.9741067,-0.005824729,
1,4,7.414118,-0.1568929,0.5214863,0.2097471,-0.004684107,0.2789088,0.9602361,-0.01159678,
1,4,7.422451,-0.1573354,0.5445166,0.2232323,-0.004806575,0.7124417,0.7015669,-0.01440934,
1,4,7.429995,-0.157736,0.5647593,0.2354278,-0.003856431,0.9504011,0.3106971,-0.01379096,
1,4,7.438328,-0.1581786,0.5864618,0.248887,-0.001882831,0.9812183,-0.1926432,-0.009778043,
1,4,7.446661,-0.1586211,0.6074667,0.2623292,0.0005682462,0.7626718,-0.6467772,-0.003282357,
1,4,7.454311,-0.1590274,0.6261342,0.2746679,0.002705112,0.3894251,-0.9210477,0.003456288,
1,4,7.462645,-0.15947,0.6458055,0.2880905,0.004359005,-0.1087158,-0.994014,0.009903785,
1,4,7.470345,-0.1598789,0.6633666,0.3004794,0.00490997,-0.5471191,-0.836929,0.01365562,
1,4,7.478678,-0.1603214,0.6817083,0.3138874,0.00430879,-0.8853575,-0.4646688,0.01436924,
1,4,7.485654,-0.1606919,0.6965276,0.3251013,0.002953058,-0.9982473,-0.05784341,0.01215263,
1,4,7.493987,-0.1611345,0.7135992,0.3384766,0.0006723563,-0.9004158,0.4349778,0.006729738,
1,4,7.50232,-0.1615771,0.7299759,0.3518519,-0.001776832,-0.5754758,0.8178168,-0.0003881967,
1,4,7.510604,-0.162017,0.745571,0.3651448,-0.003767519,-0.1086765,0.9940428,-0.007366849,
1,4,7.518491,-0.1624358,0.7597848,0.3777722,-0.00479576,0.3625425,0.9318734,-0.01232613,
1,4,7.525763,-0.162822,0.7723502,0.3894154,-0.004785226,0.7265267,0.6869697,-0.01444652,
1,4,7.533776,-0.1632476,0.7855774,0.4022461,-0.003713328,0.9636242,0.2668904,-0.01356436,
1,4,7.54211,-0.1636902,0.7986626,0.4155843,-0.001689363,0.9721994,-0.233963,-0.009313574,
1,4,7.550443,-0.1641327,0.8110641,0.428894,0.0007572895,0.736976,-0.6759129,-0.002729264,
1,4,7.557972,-0.1645326,0.8216666,0.4409189,0.00282029,0.3631391,-0.9317227,0.003855745,
1,4,7.566305,-0.1649752,0.8327521,0.4542286,0.004414075,-0.1335005,-0.9909868,0.01016652,
1,4,7.574245,-0.1653968,0.8426789,0.4669101,0.004908194,-0.5772275,-0.8164515,0.0138288,
1,4,7.581932,-0.1658051,0.8516987,0.4791681,0.00432309,-0.8825018,-0.4700691,0.01438247,
1,4,7.590266,-0.1662476,0.8608108,0.4924451,0.002657814,-0.999811,0.01542792,0.01153406,
1,4,7.598442,-0.1666819,0.8690804,0.5054744,0.0003771537,-0.8724856,0.4886037,0.005937752,
1,4,7.60548,-0.1670556,0.8756722,0.5166597,-0.001679305,-0.5926957,0.8054248,-7.961422E-05,
1,4,7.613813,-0.1674982,0.8828492,0.5299039,-0.003699118,-0.1299688,0.9914858,-0.007096016,
1,4,7.621052,-0.1678826,0.8885258,0.5414075,-0.004718934,0.3024624,0.9530765,-0.01180892,
1,4,7.629385,-0.1683252,0.8944252,0.5546517,-0.004787868,0.7248734,0.6887141,-0.01444208,
1,4,7.637718,-0.1687677,0.8996427,0.5678958,-0.003668657,0.9672175,0.2535644,-0.01349024,
1,4,7.644466,-0.1691261,0.9033632,0.57862,-0.002075278,0.9885622,-0.1504524,-0.01022975,
1,4,7.652799,-0.1695687,0.9073445,0.5918641,0.0003265665,0.7936929,-0.6083056,-0.003978351,
1,4,7.661133,-0.1700112,0.9106427,0.6051083,0.00264646,0.4025055,-0.915408,0.003254559,
1,4,7.669219,-0.1704406,0.9131893,0.6179588,0.004275494,-0.07314259,-0.9972669,0.009516481,
1,4,7.676884,-0.1708477,0.9150094,0.6301413,0.004903464,-0.5099384,-0.8600922,0.0134223,
1,4,7.684238,-0.1712383,0.9162118,0.6418304,0.004539753,-0.8294244,-0.5584115,0.01453008,
1,4,7.692572,-0.1716809,0.9169327,0.6550746,0.003080422,-0.9958026,-0.09063029,0.01240825,
1,4,7.700905,-0.1721235,0.9169716,0.6683116,0.0008629525,-0.9168082,0.3992614,0.007230874,
1,4,7.708802,-0.1725428,0.9163768,0.6807994,-0.001443103,-0.6327859,0.7743252,0.0006583201,
1,4,7.717135,-0.1729854,0.9150853,0.693978,-0.003519955,-0.183151,0.9830577,-0.006402042,
1,4,7.72543,-0.1734259,0.913121,0.7070951,-0.004728235,0.3090559,0.9509581,-0.01186719,
1,4,7.733763,-0.1738684,0.9104672,0.7202737,-0.004783705,0.7274954,0.6859438,-0.01444823,
1,4,7.74128,-0.1742676,0.9074849,0.732161,-0.003822024,0.9538368,0.2999867,-0.01373696,
1,4,7.749613,-0.1747102,0.9035316,0.7453396,-0.001876103,0.9809308,-0.1941029,-0.00976122,
1,4,7.757271,-0.1751169,0.8992949,0.7574503,0.0003299531,0.793272,-0.6088544,-0.003968543,
1,4,7.765336,-0.1755452,0.8942103,0.7702045,0.002569545,0.4193629,-0.9078102,0.002991765,
1,4,7.77367,-0.1759878,0.8882858,0.7833833,0.004259345,-0.06649538,-0.997733,0.009442723,
1,4,7.781727,-0.1764157,0.8819225,0.7961261,0.004906612,-0.5219018,-0.8528847,0.01349897,
1,4,7.790061,-0.1768583,0.874671,0.8093047,0.004398358,-0.8663369,-0.4992318,0.01444643,
1,4,7.797421,-0.1772492,0.8676957,0.8209443,0.003048294,-0.9965286,-0.08227456,0.01234386,
1,4,7.805754,-0.1776917,0.8591574,0.8341229,0.0008375817,-0.9146985,0.4040727,0.007164323,
1,4,7.813694,-0.1781134,0.850394,0.8466793,-0.00146591,-0.629011,0.7773948,0.0005876145,
1,4,7.822027,-0.178556,0.8405385,0.8598498,-0.003525824,-0.1814668,0.9833698,-0.006424278,
1,4,7.830145,-0.1789871,0.8302803,0.8726237,-0.004712038,0.2976329,0.9545963,-0.01176528,
1,4,7.837657,-0.179386,0.8202182,0.8844441,-0.004844867,0.6820087,0.7311881,-0.01431018,
1,4,7.845991,-0.1798168,0.8084146,0.8975571,-0.00387781,0.9481834,0.3173992,-0.01382199,
1,4,7.854324,-0.180243,0.7959266,0.9106702,-0.001973228,0.9848752,-0.1729659,-0.009990666,
1,4,7.86148,-0.180609,0.7846724,0.9219306,6.333258E-05,0.8251706,-0.5648639,-0.004722819,
1,4,7.869813,-0.1810351,0.7709341,0.9350436,0.002393908,0.4566277,-0.8896514,0.00239913,
1,4,7.877613,-0.181434,0.7574631,0.9473163,0.004060269,0.009918892,-0.9999059,0.008569716,
1,4,7.885946,-0.1818601,0.7424188,0.9604293,0.004884986,-0.4670032,-0.8841447,0.01312963,
1,4,7.892796,-0.1822105,0.729547,0.9712079,0.004682044,-0.7791018,-0.6267114,0.01453552,
1,4,7.901,-0.18263,0.7135311,0.9841177,0.003443002,-0.9819747,-0.1885271,0.01309674,
1,4,7.908464,-0.1830118,0.6983956,0.9958637,0.001607684,-0.9679161,0.2511034,0.009113942,
1,4,7.916755,-0.1834358,0.6809471,1.00891,-0.0007763033,-0.7343187,0.6787992,0.002672928,
1,4,7.925088,-0.1838619,0.6627438,1.022023,-0.002984676,-0.324163,0.9459862,-0.004434197,
1,4,7.932349,-0.1842332,0.6463403,1.033448,-0.004339931,0.1003758,0.9948918,-0.009813108,
1,4,7.939911,-0.18462,0.628714,1.045346,-0.004906565,0.5217129,0.8530002,-0.01349735,
1,4,7.948244,-0.1850462,0.6086457,1.05846,-0.004409682,0.8637206,0.5037444,-0.01445466,
1,4,7.956577,-0.1854723,0.5879105,1.071573,-0.002860171,0.9993331,0.03438409,-0.01196021,
1,4,7.964911,-0.1858985,0.5665092,1.084686,-0.0006293234,0.8965315,-0.4429303,-0.006614556,
1,4,7.972643,-0.186294,0.5460531,1.096854,0.001586268,0.6087524,-0.7933587,-0.0002124889,
1,4,7.980977,-0.1867201,0.5233744,1.109967,0.003595715,0.1610899,-0.9869105,0.006692626,
1,4,7.988096,-0.1870842,0.5034634,1.12112,0.004647794,-0.2560109,-0.9665957,0.01138342,
1,4,7.996429,-0.1875104,0.4795482,1.134102,0.004844421,-0.6824109,-0.7308127,0.01431113,
1,4,8.004763,-0.1879365,0.4549685,1.147084,0.003891741,-0.9467024,-0.3217885,0.01384237,
1,4,8.013096,-0.1883627,0.4297242,1.160066,0.002017461,-0.9865302,0.1632549,0.010094,
1,4,8.020606,-0.1887468,0.4064049,1.171766,-9.533406E-05,-0.8214671,0.5702372,0.004632758,
1,4,8.028939,-0.189173,0.3799067,1.184748,-0.002399176,-0.4555242,0.8902169,-0.002416861,
1,4,8.036146,-0.1895416,0.3564561,1.195975,-0.003950641,-0.04850018,0.9987825,-0.008109489,
1,4,8.04448,-0.1899677,0.3287216,1.208957,-0.00485843,0.4277332,0.9038008,-0.01284171,
1,4,8.05209,-0.1903569,0.3028256,1.220812,-0.004687333,0.776834,0.6295202,-0.01453299,
1,4,8.060423,-0.1907831,0.2738361,1.233794,-0.00344765,0.981723,0.1898326,-0.01310472,
1,4,8.067741,-0.1911573,0.2478327,1.245194,-0.001676096,0.9715201,-0.2367693,-0.009280199,
1,4,8.076075,-0.1915835,0.2176128,1.258176,0.0006902937,0.7462232,-0.6656891,-0.002925613,
1,4,8.084408,-0.1920097,0.1867365,1.271158,0.002893443,0.3460081,-0.9382181,0.004111686,
1,4,8.092742,-0.1924359,0.1552085,1.28414,0.00441745,-0.1350511,-0.9907765,0.01018168,
1,4,8.101036,-0.19286,0.1231792,1.297061,0.004907269,-0.5823764,-0.8127864,0.01385549,
1,4,8.108596,-0.1932466,0.09342738,1.308838,0.00436146,-0.8745202,-0.4847552,0.01441526,
1,4,8.116929,-0.1936728,0.06001253,1.32182,0.002795137,-0.9997608,-0.01818648,0.01182413,
1,5,8.124603,0,0.5,7.5,0,0,0,1,BallLaunch
1,5,8.131901,-0.0009689979,0.5384917,7.451469,-0.00330913,-0.9435973,-0.3309444,0.009434998,
1,5,8.140234,-0.002137094,0.5842662,7.393248,-0.00330913,-0.9435973,-0.3309444,0.009434998,
1,5,8.148568,-0.003302948,0.6292735,7.335026,-0.00330913,-0.9435973,-0.3309444,0.009434998,
1,5,8.156412,-0.004398497,0.6709337,7.280221,-0.00330913,-0.9435973,-0.3309444,0.009434998,
1,5,8.164101,-0.005470277,0.7111086,7.226507,-0.00330913,-0.9435973,-0.3309444,0.009434998,
1,5,8.172434,-0.006630078,0.7539297,7.168438,-0.00330913,-0.9435973,-0.3309444,0.009434998,
1,5,8.18031,-0.007724405,0.793699,7.113904,-0.00330913,-0.9435973,-0.3309444,0.009434998,
1,5,8.188624,-0.008877468,0.8349417,7.056339,-0.00330913,-0.9435973,-0.3309444,0.009434998,
1,5,8.19668,-0.009992687,0.87419,7.000563,-0.00330913,-0.9435973,-0.3309444,0.009434998,
1,5,8.205013,-0.01114421,0.9140443,6.942865,-0.00330913,-0.9435973,-0.3309444,0.009434998,
1,5,8.213084,-0.01225763,0.9519235,6.886993,-0.00330913,-0.9435973,-0.3309444,0.009434998,
1,5,8.220376,-0.01326194,0.9855415,6.836966,-0.00330913,-0.9435973,-0.3309444,0.009434998,
1,5,8.228709,-0.01440785,1.023263,6.779793,-0.00330913,-0.9435973,-0.3309444,0.009434998,
1,5,8.236253,-0.01544338,1.056756,6.728037,-0.00330913,-0.9435973,-0.3309444,0.009434998,
1,5,8.243876,-0.01648828,1.089979,6.675737,-0.00330913,-0.9435973,-0.3309444,0.009434998,
1,5,8.25221,-0.01762849,1.125595,6.618564,-0.00330913,-0.9435973,-0.3309444,0.009434998,
1,5,8.260399,-0.0187472,1.159861,6.562592,-0.00330913,-0.9435973,-0.3309444,0.009434998,
1,5,8.268732,-0.01988367,1.193992,6.505943,-0.00330913,-0.9435973,-0.3309444,0.009434998,
1,5,8.27611,-0.02088834,1.223603,6.455791,-0.00330913,-0.9435973,-0.3309444,0.009434998,
1,5,8.284444,-0.02202128,1.256361,6.399142,-0.00330913,-0.9435973,-0.3309444,0.009434998,
1,5,8.291276,-0.02294863,1.282645,6.352694,-0.00330913,-0.9435973,-0.3309444,0.009434998,
1,5,8.299609,-0.024078,1.314032,6.296046,-0.00330913,-0.9435973,-0.3309444,0.009434998,
1,5,8.307583,-0.025157,1.34338,6.242072,-0.00330913,-0.9435973,-0.3309444,0.009434998,
1,5,8.315916,-0.02628294,1.373347,6.185949,-0.00330913,-0.9435973,-0.3309444,0.009434998,
1,5,8.323918,-0.02736245,1.401436,6.132052,-0.00330913,-0.9435973,-0.3309444,0.009434998,
1,5,8.331503,-0.02838418,1.427432,6.080974,-0.00330913,-0.9435973,-0.3309444,0.009434998,
1,5,8.339836,-0.02950493,1.455307,6.02485,-0.00330913,-0.9435973,-0.3309444,0.009434998,
1,5,8.348169,-0.03062367,1.482451,5.968727,-0.00330913,-0.9435973,-0.3309444,0.009434998,
1,5,8.356133,-0.03169158,1.507708,5.915349,-0.00330913,-0.9435973,-0.3309444,0.009434998,
1,5,8.363841,-0.03272251,1.531525,5.863923,-0.00330913,-0.9435973,-0.3309444,0.009434998,
1,5,8.372175,-0.03383712,1.556571,5.808325,-0.00330913,-0.9435973,-0.3309444,0.009434998,
1,5,8.380508,-0.03494901,1.580884,5.752725,-0.00330913,-0.9435973,-0.3309444,0.009434998,
1,5,8.388671,-0.03603683,1.604039,5.698262,-0.00330913,-0.9435973,-0.3309444,0.009434998,
1,5,8.396113,-0.03702801,1.624542,5.64861,-0.00330913,-0.9435973,-0.3309444,0.009434998,
1,5,8.404447,-0.03813442,1.64681,5.593102,-0.00330913,-0.9435973,-0.3309444,0.009434998,
1,5,8.412339,-0.03918229,1.667224,5.540941,-0.00330913,-0.9435973,-0.3309444,0.009434998,
1,5,8.420341,-0.04024214,1.687282,5.488054,-0.00330913,-0.9435973,-0.3309444,0.009434998,
1,5,8.428675,-0.04134445,1.707475,5.432979,-0.00330913,-0.9435973,-0.3309444,0.009434998,
1,5,8.436064,-0.04232188,1.724777,5.384142,-0.00330913,-0.9435973,-0.3309444,0.009434998,
1,5,8.444397,-0.04342009,1.743623,5.329067,-0.00330913,-0.9435973,-0.3309444,0.009434998,
1,5,8.45263,-0.04450509,1.761541,5.274656,-0.00330913,-0.9435973,-0.3309444,0.009434998,
1,5,8.460963,-0.04560135,1.778968,5.219831,-0.00330913,-0.9435973,-0.3309444,0.009434998,
1,5,8.4688,-0.04663015,1.794715,5.168537,-0.00330913,-0.9435973,-0.3309444,0.009434998,
1,5,8.476815,-0.04768261,1.810166,5.116065,-0.00330913,-0.9435973,-0.3309444,0.009434998,
1,5,8.484748,-0.0487208,1.824835,5.064137,-0.00330913,-0.9435973,-0.3309444,0.009434998,
1,5,8.493081,-0.04981082,1.839529,5.009586,-0.00330913,-0.9435973,-0.3309444,0.009434998,
1,5,8.500537,-0.05078571,1.852093,4.960785,-0.00330913,-0.9435973,-0.3309444,0.009434998,
1,5,8.50887,-0.05187162,1.865463,4.906235,-0.00330913,-0.9435973,-0.3309444,0.009434998,
1,5,8.516096,-0.05281328,1.876495,4.85919,-0.00330913,-0.9435973,-0.3309444,0.009434998,
1,5,8.524429,-0.05389801,1.888551,4.805164,-0.00330913,-0.9435973,-0.3309444,0.009434998,
1,5,8.529516,-0.0545583,1.895571,4.772189,-0.00330913,-0.9435973,-0.3309444,0.009434998,
1,5,8.537292,-0.05556789,1.905805,4.721771,-0.00330913,-0.9435973,-0.3309444,0.009434998,
1,5,8.545626,-0.05664941,1.916078,4.667746,-0.00330913,-0.9435973,-0.3309444,0.009434998,
1,5,8.55396,-0.05772714,1.92567,4.61372,-0.00330913,-0.9435973,-0.3309444,0.009434998,
1,5,8.560695,-0.05859818,1.932904,4.570055,-0.00330913,-0.9435973,-0.3309444,0.009434998,
1,5,8.569028,-0.0596754,1.941226,4.516029,-0.00330913,-0.9435973,-0.3309444,0.009434998,
1,5,8.577361,-0.06074902,1.94886,4.462467,-0.00330913,-0.9435973,-0.3309444,0.009434998,
1,5,8.584903,-0.06172066,1.955173,4.414049,-0.00330913,-0.9435973,-0.3309444,0.009434998,
1,5,8.593236,-0.06279429,1.961476,4.360548,-0.00330913,-0.9435973,-0.3309444,0.009434998,
1,5,8.601569,-0.06386792,1.967096,4.307046,-0.00330913,-0.9435973,-0.3309444,0.009434998,
1,5,8.609153,-0.06483881,1.971605,4.258363,-0.00330913,-0.9435973,-0.3309444,0.009434998,
1,5,8.617486,-0.06590424,1.975905,4.204862,-0.00330913,-0.9435973,-0.3309444,0.009434998,
1,5,8.624413,-0.06678987,1.97896,4.16039,-0.00330913,-0.9435973,-0.3309444,0.009434998,
1,5,8.632746,-0.0678553,1.981996,4.107062,-0.00330913,-0.9435973,-0.3309444,0.009434998,
1,5,8.641079,-0.06892072,1.984349,4.054085,-0.00330913,-0.9435973,-0.3309444,0.009434998,
1,5,8.649207,-0.06995987,1.985984,4.002416,-0.00330913,-0.9435973,-0.3309444,0.009434998,
1,5,8.65754,-0.07101789,1.986985,3.949439,-0.00330913,-0.9435973,-0.3309444,0.009434998,
1,5,8.664672,-0.07192263,1.987299,3.904104,-0.00330913,-0.9435973,-0.3309444,0.009434998,
1,5,8.673005,-0.07297987,1.987036,3.851128,-0.00330913,-0.9435973,-0.3309444,0.009434998,
1,5,8.681338,-0.0740371,1.986086,3.798319,-0.00330913,-0.9435973,-0.3309444,0.009434998,
1,5,8.688642,-0.07496362,1.984692,3.752122,-0.00330913,-0.9435973,-0.3309444,0.009434998,
1,5,8.696975,-0.07602086,1.982465,3.699408,-0.00330913,-0.9435973,-0.3309444,0.009434998,
1,5,8.704877,-0.07701664,1.979719,3.649421,-0.00330913,-0.9435973,-0.3309444,0.009434998,
1,5,8.71321,-0.07806568,1.976158,3.596902,-0.00330913,-0.9435973,-0.3309444,0.009434998,
1,5,8.72047,-0.07897968,1.972497,3.551202,-0.00330913,-0.9435973,-0.3309444,0.009434998,
1,5,8.728805,-0.08002873,1.967676,3.49875,-0.00330913,-0.9435973,-0.3309444,0.009434998,
1,5,8.737138,-0.08107777,1.962171,3.446298,-0.00330913,-0.9435973,-0.3309444,0.009434998,
1,5,8.744388,-0.08199039,1.956841,3.400867,-0.00330913,-0.9435973,-0.3309444,0.009434998,
1,5,8.752721,-0.08303282,1.950075,3.348678,-0.00330913,-0.9435973,-0.3309444,0.009434998,
1,5,8.760481,-0.08400215,1.94316,3.300074,-0.00330913,-0.9435973,-0.3309444,0.009434998,
1,5,8.768815,-0.08504299,1.935091,3.247884,-0.00330913,-0.9435973,-0.3309444,0.009434998,
1,5,8.777148,-0.08608384,1.926341,3.195951,-0.00330913,-0.9435973,-0.3309444,0.009434998,
1,5,8.785197,-0.08708917,1.917256,3.145796,-0.00330913,-0.9435973,-0.3309444,0.009434998,
1,5,8.792567,-0.08800977,1.908393,3.099866,-0.00330913,-0.9435973,-0.3309444,0.009434998,
1,5,8.800736,-0.08902442,1.89796,3.048988,-0.00330913,-0.9435973,-0.3309444,0.009434998,
1,5,8.80907,-0.09005706,1.886656,2.997323,-0.00330913,-0.9435973,-0.3309444,0.009434998,
1,5,8.816665,-0.09099828,1.875772,2.950232,-0.00330913,-0.9435973,-0.3309444,0.009434998,
1,5,8.824107,-0.09192051,1.864558,2.904092,-0.00330913,-0.9435973,-0.3309444,0.009434998,
1,5,8.83244,-0.09295316,1.85139,2.85244,-0.00330913,-0.9435973,-0.3309444,0.009434998,
1,5,8.839491,-0.0938268,1.839712,2.808952,-0.00330913,-0.9435973,-0.3309444,0.009434998,
1,5,8.847772,-0.09484921,1.825394,2.757874,-0.00330913,-0.9435973,-0.3309444,0.009434998,
1,5,8.856105,-0.09587367,1.810336,2.706471,-0.00330913,-0.9435973,-0.3309444,0.009434998,
1,5,8.864438,-0.09689812,1.794608,2.655113,-0.00330913,-0.9435973,-0.3309444,0.009434998,
1,5,8.872771,-0.09792258,1.77821,2.603972,-0.00330913,-0.9435973,-0.3309444,0.009434998,
1,5,8.879259,-0.09872008,1.764989,2.56416,-0.00330913,-0.9435973,-0.3309444,0.009434998,
1,5,8.887592,-0.09974454,1.747422,2.51302,-0.00330913,-0.9435973,-0.3309444,0.009434998,
1,5,8.895287,-0.1006882,1.730618,2.465838,-0.00330913,-0.9435973,-0.3309444,0.009434998,
1,5,8.90239,-0.1015545,1.714613,2.42247,-0.00330913,-0.9435973,-0.3309444,0.009434998,
1,5,8.910724,-0.1025708,1.695227,2.371591,-0.00330913,-0.9435973,-0.3309444,0.009434998,
1,5,8.918919,-0.1035702,1.675527,2.321554,-0.00330913,-0.9435973,-0.3309444,0.009434998,
1,5,8.927253,-0.1045865,1.654836,2.270746,-0.00330913,-0.9435973,-0.3309444,0.009434998,
1,5,8.935586,-0.1056027,1.633494,2.22013,-0.00330913,-0.9435973,-0.3309444,0.009434998,
1,5,8.943919,-0.1066161,1.611502,2.169514,-0.00330913,-0.9435973,-0.3309444,0.009434998,
1,5,8.950944,-0.1074659,1.592447,2.126847,-0.00330913,-0.9435973,-0.3309444,0.009434998,
1,5,8.959277,-0.1084739,1.569242,2.076334,-0.00330913,-0.9435973,-0.3309444,0.009434998,
1,5,8.967303,-0.1094449,1.546268,2.027832,-0.00330913,-0.9435973,-0.3309444,0.009434998,
1,5,8.975637,-0.110453,1.521806,1.977478,-0.00330913,-0.9435973,-0.3309444,0.009434998,
1,5,8.982971,-0.1113402,1.499728,1.933223,-0.00330913,-0.9435973,-0.3309444,0.009434998,
1,5,8.991304,-0.112346,1.47403,1.883,-0.00330913,-0.9435973,-0.3309444,0.009434998,
1,5,8.999523,-0.1133321,1.448057,1.833557,-0.00330913,-0.9435973,-0.3309444,0.009434998,
1,5,9.007856,-0.1143319,1.421087,1.783465,-0.00330913,-0.9435973,-0.3309444,0.009434998,
1,5,9.015018,-0.1151912,1.397379,1.740512,-0.00330913,-0.9435973,-0.3309444,0.009434998,
1,5,9.023351,-0.1161911,1.369206,1.690552,-0.00330913,-0.9435973,-0.3309444,0.009434998,
1,5,9.031685,-0.1171909,1.340382,1.640712,-0.00330913,-0.9435973,-0.3309444,0.009434998,
1,5,9.039191,-0.1180884,1.313877,1.59583,-0.00330913,-0.9435973,-0.3309444,0.009434998,
1,5,9.047524,-0.1190801,1.283841,1.546131,-0.00330913,-0.9435973,-0.3309444,0.009434998,
1,5,9.055858,-0.1200718,1.253168,1.496462,-0.00330913,-0.9435973,-0.3309444,0.009434998,
1,5,9.06382,-0.1210193,1.223266,1.449101,-0.00330913,-0.9435973,-0.3309444,0.009434998,
1,5,9.070739,-0.1218427,1.196809,1.407974,-0.00330913,-0.9435973,-0.3309444,0.009434998,
1,5,9.079072,-0.1228343,1.164361,1.358538,-0.00330913,-0.9435973,-0.3309444,0.009434998,
1,5,9.086061,-0.1236621,1.136658,1.317124,-0.00330913,-0.9435973,-0.3309444,0.009434998,
1,5,9.093826,-0.1245784,1.105368,1.271185,-0.00330913,-0.9435973,-0.3309444,0.009434998,
1,5,9.10216,-0.1255619,1.071162,1.221946,-0.00330913,-0.9435973,-0.3309444,0.009434998,
1,5,9.110493,-0.1265454,1.036337,1.172772,-0.00330913,-0.9435973,-0.3309444,0.009434998,
1,5,9.118072,-0.1274398,1.004119,1.128146,-0.00330913,-0.9435973,-0.3309444,0.009434998,
1,5,9.126405,-0.1284233,0.9680825,1.079104,-0.00330913,-0.9435973,-0.3309444,0.009434998,
1,5,9.132874,-0.1291867,0.9396802,1.041125,-0.00330913,-0.9435973,-0.3309444,0.009434998,
1,5,9.141207,-0.1301702,0.9025261,0.992224,-0.00330913,-0.9435973,-0.3309444,0.009434998,
1,5,9.148663,-0.1310501,0.8687564,0.9485493,-0.00330913,-0.9435973,-0.3309444,0.009434998,
1,5,9.156997,-0.1320199,0.830422,0.8998082,-0.00330913,-0.9435973,-0.3309444,0.009434998,
1,5,9.16533,-0.1329869,0.7914635,0.851143,-0.00330913,-0.9435973,-0.3309444,0.009434998,
1,5,9.172922,-0.1338681,0.7554336,0.806872,-0.00330913,-0.9435973,-0.3309444,0.009434998,
1,5,9.181255,-0.1348352,0.7152929,0.7583631,-0.00330913,-0.9435973,-0.3309444,0.009434998,
1,5,9.188657,-0.1356941,0.6791247,0.7153414,-0.00330913,-0.9435973,-0.3309444,0.009434998,
1,5,9.196991,-0.1366612,0.6378167,0.6669779,-0.00330913,-0.9435973,-0.3309444,0.009434998,
1,5,9.205324,-0.1376283,0.5958925,0.6186905,-0.00330913,-0.9435973,-0.3309444,0.009434998,
1,5,9.213657,-0.1385954,0.5533545,0.570479,-0.00330913,-0.9435973,-0.3309444,0.009434998,
1,5,9.221766,-0.1395363,0.511375,0.5236433,-0.00330913,-0.9435973,-0.3309444,0.009434998,
1,5,9.229366,-0.1404184,0.4714996,0.479819,-0.00330913,-0.9435973,-0.3309444,0.009434998,
1,5,9.2377,-0.1413854,0.4271963,0.4318335,-0.00330913,-0.9435973,-0.3309444,0.009434998,
1,5,9.245467,-0.1422722,0.3853495,0.3871807,-0.00330913,-0.9435973,-0.3309444,0.009434998,
1,5,9.2538,-0.1432229,0.3398666,0.339352,-0.00330913,-0.9435973,-0.3309444,0.009434998,
1,5,9.261101,-0.1440557,0.2995249,0.2975173,-0.00330913,-0.9435973,-0.3309444,0.009434998,
1,5,9.269434,-0.1450064,0.2529053,0.2498418,-0.00330913,-0.9435973,-0.3309444,0.009434998,
1,5,9.277314,-0.1459054,0.2082669,0.2048314,-0.00330913,-0.9435973,-0.3309444,0.009434998,
1,5,9.284697,-0.1467476,0.1659587,0.1627288,-0.00330913,-0.9435973,-0.3309444,0.009434998,
1,5,9.29303,-0.1476983,0.1176356,0.11528,-0.00330913,-0.9435973,-0.3309444,0.009434998,
1,5,9.300338,-0.1485321,0.07475846,0.07373331,-0.00330913,-0.9435973,-0.3309444,0.009434998,
1,5,9.308671,-0.1494302,0.0416625,0.0290052,-0.002366092,-0.9714349,-0.2370956,0.009714384,CourtEnter
1,5,9.317004,-0.150089,0.07904698,0.0003784484,0.001615312,-0.9683315,0.2494956,0.009134009,RacketHit
1,5,9.324113,-0.1504665,0.1079753,0.012112,-0.0005106136,-0.7702615,0.6377186,0.00344966,
1,5,9.332446,-0.1509091,0.1412309,0.02584865,-0.002849125,-0.3564333,0.9343081,-0.003956742,
1,5,9.340779,-0.1513516,0.1737746,0.0395647,-0.004448257,0.1494934,0.9886987,-0.01033393,
1,5,9.348727,-0.1517738,0.2041538,0.0526281,-0.004903165,0.5975813,0.8016722,-0.01393878,
1,5,9.356047,-0.1521625,0.2315612,0.06464177,-0.004298033,0.8874584,0.460644,-0.01435929,
1,5,9.363678,-0.1525677,0.2595497,0.0771501,-0.002755454,0.9998919,0.008412261,-0.01174279,
1,5,9.372011,-0.1530103,0.2894372,0.09079318,-0.0004044808,0.8752026,-0.4837191,-0.006012238,
1,5,9.380344,-0.1534528,0.318622,0.1044169,0.002049353,0.5251722,-0.8509926,0.001263557,
1,5,9.387747,-0.153846,0.3439531,0.1165036,0.003803145,0.09734679,-0.9952149,0.007509557,
1,5,9.39608,-0.1542885,0.3718058,0.1300952,0.004837382,-0.403093,-0.9150588,0.01265378,
1,5,9.404413,-0.1547311,0.3989524,0.143669,0.004629418,-0.7998004,-0.6000718,0.01454731,
1,5,9.411983,-0.1551331,0.4230024,0.155985,0.003404346,-0.9839844,-0.1777457,0.01302802,
1,5,9.420316,-0.1555757,0.4488129,0.1695282,0.001236432,-0.9450858,0.3267174,0.008191675,
1,5,9.427396,-0.1559517,0.4701896,0.1810224,-0.0008782248,-0.7198671,0.6941074,0.002371617,
1,5,9.435729,-0.1563942,0.494706,0.1945379,-0.003128624,-0.2885025,0.9574612,-0.004950545,
1,5,9.443657,-0.1568152,0.5173774,0.2073816,-0.0045337,0.1919479,0.9813356,-0.01076518,
1,5,9.45199,-0.1572578,0.5405306,0.2208697,-0.004876983,0.6469011,0.7624266,-0.01417313,
1,5,9.460323,-0.1577004,0.5629809,0.2343433,-0.003977909,0.9368463,0.3494397,-0.01396933,
1,5,9.467525,-0.1580828,0.581826,0.2459763,-0.002370311,0.9964435,-0.08352195,-0.01090368,
1,5,9.475788,-0.1585216,0.6028031,0.2593076,7.226628E-06,0.83157,-0.5553986,-0.004880256,
1,5,9.484121,-0.1589642,0.6232716,0.2727485,0.002400288,0.4552991,-0.890332,0.002420665,
1,5,9.491377,-0.1593496,0.6405256,0.2844427,0.004005373,0.02950293,-0.9995219,0.008338529,
1,5,9.499711,-0.1597921,0.6596908,0.2978507,0.004881517,-0.4610905,-0.8872432,0.01308869,
1,5,9.507613,-0.1602118,0.6772277,0.3105659,0.004570385,-0.8199768,-0.5721939,0.01454028,
1,5,9.515441,-0.1606275,0.6939844,0.3231543,0.003234874,-0.9912354,-0.1314553,0.01271026,
1,5,9.523774,-0.1610701,0.711154,0.3365296,0.00102972,-0.930072,0.3672959,0.007663795,
1,5,9.530803,-0.1614434,0.7250968,0.3478107,-0.001056826,-0.693625,0.7203332,0.001837503,
1,5,9.539136,-0.1618859,0.740999,0.361186,-0.003253783,-0.2562278,0.9665958,-0.005406423,
1,5,9.546198,-0.1622609,0.7539244,0.3724996,-0.004490114,0.1698177,0.9854089,-0.010542,
1,5,9.554531,-0.1627035,0.7685483,0.3858421,-0.004890123,0.6268856,0.7789688,-0.01408285,
1,5,9.562864,-0.1631461,0.7824823,0.3991846,-0.004060807,0.9261633,0.3768378,-0.01408228,
1,5,9.570075,-0.163529,0.793978,0.4107298,-0.002505892,0.9985926,-0.05177841,-0.01120421,
1,5,9.578408,-0.1639716,0.8066287,0.4240471,-0.0001444106,0.8483241,-0.5294508,-0.005301035,
1,5,9.586741,-0.1644141,0.818584,0.4373568,0.002252145,0.4855312,-0.8742144,0.001927816,
1,5,9.594911,-0.164848,0.8296367,0.4504041,0.00405633,0.01133196,-0.999891,0.008553627,
1,5,9.603244,-0.1652905,0.8402345,0.4637138,0.004888805,-0.4741626,-0.880325,0.01318086,
1,5,9.610221,-0.1656611,0.8485849,0.4748477,0.004645726,-0.7936956,-0.6081235,0.01454533,
1,5,9.618554,-0.1661036,0.8579198,0.4881246,0.003297093,-0.9888602,-0.148257,0.01282817,
1,5,9.626591,-0.1665305,0.866269,0.500932,0.001212351,-0.9434181,0.3315037,0.008130246,
1,5,9.634688,-0.1669605,0.8740386,0.5138128,-0.001170307,-0.6763381,0.736589,0.001494474,
1,5,9.643023,-0.1674031,0.8813617,0.5270569,-0.003328277,-0.2364136,0.9716302,-0.0056813,
1,5,9.651356,-0.1678456,0.8880002,0.5403011,-0.004657664,0.2620939,0.9649633,-0.01144107,
1,5,9.658717,-0.1682366,0.8932972,0.5520004,-0.004873143,0.6518871,0.7581676,-0.01419365,
1,5,9.66705,-0.1686791,0.8986509,0.5652446,-0.003978306,0.9367978,0.3495697,-0.01396921,
1,5,9.674318,-0.1690651,0.9027621,0.5767964,-0.002378306,0.9965969,-0.08166866,-0.01092102,
1,5,9.682549,-0.1695023,0.9067904,0.5898784,-4.337801E-05,0.8372483,-0.5467998,-0.005020934,
1,5,9.690884,-0.1699449,0.9101906,0.6031225,0.002327621,0.4702656,-0.8825192,0.002178099,
1,5,9.698006,-0.1703231,0.9125564,0.6144418,0.003916388,0.06014134,-0.9981504,0.007968729,
1,5,9.706339,-0.1707657,0.9146881,0.627686,0.004858449,-0.4277762,-0.9037805,0.01284297,
1,5,9.713902,-0.1711673,0.9160342,0.6397055,0.004675517,-0.781818,-0.6233196,0.01453835,
1,5,9.722235,-0.1716099,0.9168636,0.6529497,0.003377876,-0.9852832,-0.170403,0.01297845,
1,5,9.730043,-0.1720246,0.9170226,0.6653599,0.001397885,-0.9556811,0.2942752,0.008596496,
1,5,9.738377,-0.1724671,0.9165288,0.678546,-0.001036096,-0.6967325,0.7173278,0.001899684,
1,5,9.74671,-0.1729097,0.9153531,0.6917245,-0.003214223,-0.2665654,0.9637972,-0.0052613,
1,5,9.753737,-0.1732829,0.9138326,0.7028373,-0.004453244,0.1518641,0.9883371,-0.01035748,
1,5,9.762071,-0.1737255,0.911398,0.7160159,-0.004899554,0.6075698,0.794128,-0.01398847,
1,5,9.770076,-0.1741506,0.908416,0.7286763,-0.004195155,0.9059319,0.4231629,-0.01424789,
1,5,9.778026,-0.1745728,0.9048316,0.7412479,-0.002555092,0.999128,-0.04010992,-0.01131124,
1,5,9.786359,-0.1750154,0.9004052,0.7544265,-0.0002327174,0.8577101,-0.5141038,-0.005543573,
1,5,9.794483,-0.1754468,0.8954336,0.7672744,0.002089993,0.5173821,-0.8557509,0.001395692,
1,5,9.802498,-0.1758725,0.8898932,0.7799487,0.003906398,0.0635104,-0.9979421,0.007927406,
1,5,9.810831,-0.176315,0.8834785,0.7931273,0.004853791,-0.4219074,-0.9065356,0.0127981,
1,5,9.819164,-0.1767576,0.8763806,0.8063059,0.004617244,-0.8042201,-0.5941356,0.01454592,
1,5,9.826512,-0.1771478,0.869557,0.8179263,0.003466954,-0.9806569,-0.1952622,0.0131401,
1,5,9.834846,-0.1775904,0.8611742,0.8311048,0.001383009,-0.9547444,0.2973012,0.008559107,
1,5,9.842146,-0.1779781,0.8532729,0.8426498,-0.0007380641,-0.7396444,0.6729918,0.002785558,
1,5,9.850479,-0.1784207,0.843626,0.8558283,-0.002966957,-0.3284512,0.9445062,-0.004371431,
1,5,9.857975,-0.1788187,0.8343645,0.8676353,-0.004368128,0.1127257,0.9935668,-0.009945985,
1,5,9.866308,-0.1792613,0.82342,0.8807483,-0.004908868,0.5731645,0.8193094,-0.01380547,
1,5,9.874225,-0.1796753,0.812407,0.8932043,-0.004319858,0.8831603,0.468831,-0.0143786,
1,5,9.882558,-0.1801015,0.8001469,0.9063173,-0.002684518,0.9998892,-0.008951379,-0.01159056,
1,5,9.890891,-0.1805277,0.787213,0.9194303,-0.0004010505,0.8748599,-0.4843387,-0.00600214,
1,5,9.898448,-0.1809142,0.7749001,0.9313215,0.001768287,0.5770018,-0.8167409,0.0003610939,
1,5,9.906781,-0.1813403,0.7606792,0.9444346,0.003735799,0.1186315,-0.992905,0.007240278,
1,5,9.914615,-0.181741,0.7466961,0.9567616,0.004769428,-0.3403107,-0.9402226,0.0121383,
1,5,9.922948,-0.1821671,0.7311661,0.9698746,0.004750603,-0.7465473,-0.6651576,0.01448958,
1,5,9.930568,-0.1825568,0.7163756,0.9818637,0.00372819,-0.9623802,-0.2713409,0.01358743,
1,5,9.938901,-0.182983,0.6995568,0.9949768,0.001762077,-0.9757748,0.2185647,0.009488286,
1,5,9.945106,-0.1833003,0.686596,1.00474,-7.03264E-06,-0.8315917,0.555366,0.004880214,
1,5,9.953439,-0.1837264,0.6686071,1.017853,-0.002337305,-0.4682905,0.8835687,-0.002210144,
1,5,9.961772,-0.1841526,0.6499503,1.030966,-0.004106458,0.0070195,0.9999285,-0.008767447,
1,5,9.968978,-0.1845211,0.6332674,1.042305,-0.004852858,0.420776,0.9070615,-0.01278907,
1,5,9.977311,-0.1849473,0.6133559,1.055418,-0.004627564,0.8005013,0.5991366,-0.01454553,
1,5,9.985644,-0.1853735,0.592778,1.068531,-0.003297202,0.9888576,0.148274,-0.01282724,
1,5,9.993126,-0.1857561,0.5737393,1.080304,-0.001419696,0.9570314,-0.2898519,-0.008650214,
1,5,10.00146,-0.1861823,0.5518919,1.093417,0.0009743991,0.7058752,-0.7083325,-0.002084394,
1,5,10.00979,-0.1866084,0.5293775,1.10653,0.003135286,0.286808,-0.9579701,0.00497421,
1,5,10.01757,-0.1870061,0.5077751,1.118741,0.004486162,-0.1678568,-0.9857451,0.01052106,
1,5,10.0259,-0.1874323,0.4839809,1.131723,0.00489686,-0.6138082,-0.7893156,0.01401875,
1,5,10.03389,-0.1878405,0.4605659,1.144158,0.004199031,-0.9052888,-0.4245368,0.01425159,
1,5,10.04222,-0.1882667,0.435471,1.15714,0.002499969,-0.9985183,0.05319482,0.01118988,
1,5,10.05055,-0.1886929,0.409713,1.170122,0.0002099494,-0.8553116,0.5180849,0.005480695,
1,5,10.05794,-0.1890708,0.3863171,1.181636,-0.001879627,-0.5568776,0.8305922,-0.0007162476,
1,5,10.06628,-0.189497,0.3593156,1.194618,-0.003795959,-0.09963955,0.9949883,-0.007479781,
1,5,10.07379,-0.1898811,0.3344105,1.206319,-0.004763635,0.3357152,0.9418738,-0.01209864,
1,5,10.08212,-0.1903073,0.3061559,1.219301,-0.00476306,0.7396888,0.6727766,-0.01447526,
1,5,10.08908,-0.1906632,0.2820561,1.230143,-0.003895042,0.9463455,0.3228365,-0.01384718,
1,5,10.09741,-0.1910894,0.2525891,1.243125,-0.002030768,0.9870118,-0.1603159,-0.01012505,
1,5,10.10575,-0.1915156,0.2224726,1.256107,0.0003095119,0.7958025,-0.6055428,-0.004026585,
1,5,10.11329,-0.1919013,0.1946513,1.267856,0.002378903,0.4597296,-0.8880526,0.002348934,
1,5,10.12162,-0.1923274,0.1632891,1.280838,0.004117548,-0.01116231,-0.9998904,0.008815185,
1,5,10.12944,-0.1927274,0.1332619,1.293022,0.004876267,-0.4525988,-0.8916059,0.01302574,
1,5,10.13778,-0.1931536,0.1006366,1.306003,0.004576621,-0.8179919,-0.5750278,0.01453973,
1,5,10.14514,-0.1935303,0.07125844,1.317479,0.003413643,-0.9835169,-0.1803132,0.0130428,
1,6,10.15348,0,0.5,7.5,0,0,0,1,BallLaunch
1,6,10.16181,-0.001096337,0.5435138,7.445128,-0.00330913,-0.9435973,-0.3309444,0.009434998,
1,6,10.1669,-0.00181058,0.5715404,7.409534,-0.00330913,-0.9435973,-0.3309444,0.009434998,
1,6,10.17524,-0.002977046,0.6167639,7.351312,-0.00330913,-0.9435973,-0.3309444,0.009434998,
1,6,10.18281,-0.004035511,0.6571994,7.298389,-0.00330913,-0.9435973,-0.3309444,0.009434998,
1,6,10.19114,-0.005197895,0.7009506,7.240167,-0.00330913,-0.9435973,-0.3309444,0.009434998,
1,6,10.19948,-0.006358136,0.7439488,7.181976,-0.00330913,-0.9435973,-0.3309444,0.009434998,
1,6,10.20473,-0.007087884,0.7706404,7.145636,-0.00330913,-0.9435973,-0.3309444,0.009434998,
1,6,10.21306,-0.008244783,0.8123991,7.087938,-0.00330913,-0.9435973,-0.3309444,0.009434998,
1,6,10.22139,-0.009399533,0.8533958,7.030241,-0.00330913,-0.9435973,-0.3309444,0.009434998,
1,6,10.22705,-0.01018187,0.8807812,6.991092,-0.00330913,-0.9435973,-0.3309444,0.009434998,
1,6,10.23538,-0.01133305,0.9205095,6.933395,-0.00330913,-0.9435973,-0.3309444,0.009434998,
1,6,10.24074,-0.0120726,0.9456702,6.896283,-0.00330913,-0.9435973,-0.3309444,0.009434998,
1,6,10.24907,-0.01322054,0.9841655,6.839031,-0.00330913,-0.9435973,-0.3309444,0.009434998,
1,6,10.25741,-0.01436648,1.021913,6.781857,-0.00330913,-0.9435973,-0.3309444,0.009434998,
1,6,10.26505,-0.01541492,1.055845,6.72946,-0.00330913,-0.9435973,-0.3309444,0.009434998,
1,6,10.27245,-0.01643005,1.088139,6.678654,-0.00330913,-0.9435973,-0.3309444,0.009434998,
1,6,10.28078,-0.01757037,1.123795,6.621481,-0.00330913,-0.9435973,-0.3309444,0.009434998,
1,6,10.28905,-0.01869944,1.158413,6.56497,-0.00330913,-0.9435973,-0.3309444,0.009434998,
1,6,10.29496,-0.01950644,1.182732,6.524769,-0.00330913,-0.9435973,-0.3309444,0.009434998,
1,6,10.3033,-0.02064154,1.216373,6.468121,-0.00330913,-0.9435973,-0.3309444,0.009434998,
1,6,10.31163,-0.02177476,1.24929,6.411472,-0.00330913,-0.9435973,-0.3309444,0.009434998,
1,6,10.31629,-0.0224077,1.267371,6.379787,-0.00330913,-0.9435973,-0.3309444,0.009434998,
1,6,10.32462,-0.02353805,1.299109,6.323139,-0.00330913,-0.9435973,-0.3309444,0.009434998,
1,6,10.33296,-0.02466677,1.330122,6.26649,-0.00330913,-0.9435973,-0.3309444,0.009434998,
1,6,10.34007,-0.02562829,1.355999,6.218601,-0.00330913,-0.9435973,-0.3309444,0.009434998,
1,6,10.34759,-0.02664382,1.382805,6.167943,-0.00330913,-0.9435973,-0.3309444,0.009434998,
1,6,10.35592,-0.02776721,1.411807,6.111819,-0.00330913,-0.9435973,-0.3309444,0.009434998,
1,6,10.36296,-0.02871394,1.435712,6.064461,-0.00330913,-0.9435973,-0.3309444,0.009434998,
1,6,10.37129,-0.02983413,1.463369,6.008337,-0.00330913,-0.9435973,-0.3309444,0.009434998,
1,6,10.37854,-0.03080764,1.486842,5.959497,-0.00330913,-0.9435973,-0.3309444,0.009434998,
1,6,10.38687,-0.03192424,1.513141,5.903743,-0.00330913,-0.9435973,-0.3309444,0.009434998,
1,6,10.39443,-0.03293451,1.536342,5.853348,-0.00330913,-0.9435973,-0.3309444,0.009434998,
1,6,10.40276,-0.03404912,1.561248,5.797749,-0.00330913,-0.9435973,-0.3309444,0.009434998,
1,6,10.40789,-0.03473331,1.576221,5.763525,-0.00330913,-0.9435973,-0.3309444,0.009434998,
1,6,10.41622,-0.03584381,1.599982,5.707925,-0.00330913,-0.9435973,-0.3309444,0.009434998,
1,6,10.42345,-0.03680714,1.620012,5.659695,-0.00330913,-0.9435973,-0.3309444,0.009434998,
1,6,10.43178,-0.03791383,1.642424,5.604095,-0.00330913,-0.9435973,-0.3309444,0.009434998,
1,6,10.43887,-0.03885434,1.660908,5.557266,-0.00330913,-0.9435973,-0.3309444,0.009434998,
1,6,10.4472,-0.03995918,1.681985,5.502191,-0.00330913,-0.9435973,-0.3309444,0.009434998,
1,6,10.45427,-0.04089434,1.69932,5.455468,-0.00330913,-0.9435973,-0.3309444,0.009434998,
1,6,10.46169,-0.04187589,1.716953,5.406426,-0.00330913,-0.9435973,-0.3309444,0.009434998,
1,6,10.47003,-0.04297573,1.736079,5.351352,-0.00330913,-0.9435973,-0.3309444,0.009434998,
1,6,10.47759,-0.043973,1.75284,5.30134,-0.00330913,-0.9435973,-0.3309444,0.009434998,
1,6,10.48593,-0.04507121,1.770612,5.246265,-0.00330913,-0.9435973,-0.3309444,0.009434998,
1,6,10.49288,-0.04598491,1.784915,5.200707,-0.00330913,-0.9435973,-0.3309444,0.009434998,
1,6,10.50122,-0.04707903,1.801386,5.146157,-0.00330913,-0.9435973,-0.3309444,0.009434998,
1,6,10.50606,-0.04771416,1.81062,5.114491,-0.00330913,-0.9435973,-0.3309444,0.009434998,
1,6,10.51439,-0.04880464,1.825988,5.059941,-0.00330913,-0.9435973,-0.3309444,0.009434998,
1,6,10.51956,-0.04948103,1.835159,5.026091,-0.00330913,-0.9435973,-0.3309444,0.009434998,
1,6,10.52789,-0.05057105,1.849377,4.971541,-0.00330913,-0.9435973,-0.3309444,0.009434998,
1,6,10.53623,-0.05165751,1.862878,4.916991,-0.00330913,-0.9435973,-0.3309444,0.009434998,
1,6,10.54409,-0.05268269,1.874998,4.865686,-0.00330913,-0.9435973,-0.3309444,0.009434998,
1,6,10.55243,-0.05376791,1.887139,4.811661,-0.00330913,-0.9435973,-0.3309444,0.009434998,
1,6,10.55987,-0.05473426,1.897392,4.763402,-0.00330913,-0.9435973,-0.3309444,0.009434998,
1,6,10.5682,-0.05581608,1.908223,4.709376,-0.00330913,-0.9435973,-0.3309444,0.009434998,
1,6,10.57604,-0.05683234,1.917753,4.658575,-0.00330913,-0.9435973,-0.3309444,0.009434998,
1,6,10.58352,-0.05780016,1.926292,4.610059,-0.00330913,-0.9435973,-0.3309444,0.009434998,
1,6,10.59186,-0.05887789,1.935136,4.556033,-0.00330913,-0.9435973,-0.3309444,0.009434998,
1,6,10.59916,-0.05982071,1.942306,4.508727,-0.00330913,-0.9435973,-0.3309444,0.009434998,
1,6,10.60676,-0.06080093,1.949209,4.459881,-0.00330913,-0.9435973,-0.3309444,0.009434998,
1,6,10.6151,-0.06187456,1.956114,4.40638,-0.00330913,-0.9435973,-0.3309444,0.009434998,
1,6,10.62202,-0.06276661,1.961324,4.361927,-0.00330913,-0.9435973,-0.3309444,0.009434998,
1,6,10.63035,-0.06384024,1.966961,4.308425,-0.00330913,-0.9435973,-0.3309444,0.009434998,
1,6,10.63867,-0.06490472,1.971889,4.255054,-0.00330913,-0.9435973,-0.3309444,0.009434998,
1,6,10.64566,-0.06579813,1.975508,4.21019,-0.00330913,-0.9435973,-0.3309444,0.009434998,
1,6,10.65399,-0.06686357,1.979196,4.156689,-0.00330913,-0.9435973,-0.3309444,0.009434998,
1,6,10.66232,-0.067929,1.982182,4.103397,-0.00330913,-0.9435973,-0.3309444,0.009434998,
1,6,10.66972,-0.06887475,1.98426,4.056372,-0.00330913,-0.9435973,-0.3309444,0.009434998,
1,6,10.67745,-0.06986311,1.985856,4.007227,-0.00330913,-0.9435973,-0.3309444,0.009434998,
1,6,10.68578,-0.07092187,1.986922,3.954251,-0.00330913,-0.9435973,-0.3309444,0.009434998,
1,6,10.69293,-0.07182842,1.987287,3.908824,-0.00330913,-0.9435973,-0.3309444,0.009434998,
1,6,10.70126,-0.07288567,1.987083,3.855848,-0.00330913,-0.9435973,-0.3309444,0.009434998,
1,6,10.70838,-0.07378835,1.986369,3.810722,-0.00330913,-0.9435973,-0.3309444,0.009434998,
1,6,10.71671,-0.07484559,1.984897,3.758008,-0.00330913,-0.9435973,-0.3309444,0.009434998,
1,6,10.72443,-0.07582523,1.982926,3.709162,-0.00330913,-0.9435973,-0.3309444,0.009434998,
1,6,10.73209,-0.0767912,1.980395,3.660749,-0.00330913,-0.9435973,-0.3309444,0.009434998,
1,6,10.74042,-0.07784025,1.976979,3.608174,-0.00330913,-0.9435973,-0.3309444,0.009434998,
1,6,10.74739,-0.07871753,1.973601,3.56431,-0.00330913,-0.9435973,-0.3309444,0.009434998,
1,6,10.75572,-0.07976657,1.96895,3.511858,-0.00330913,-0.9435973,-0.3309444,0.009434998,
1,6,10.76377,-0.08077967,1.963809,3.461202,-0.00330913,-0.9435973,-0.3309444,0.009434998,
1,6,10.77114,-0.08170728,1.958545,3.414952,-0.00330913,-0.9435973,-0.3309444,0.009434998,
1,6,10.77947,-0.08275193,1.951962,3.362762,-0.00330913,-0.9435973,-0.3309444,0.009434998,
1,6,10.78639,-0.08361574,1.945981,3.319449,-0.00330913,-0.9435973,-0.3309444,0.009434998,
1,6,10.79472,-0.08465658,1.938167,3.267259,-0.00330913,-0.9435973,-0.3309444,0.009434998,
1,6,10.80259,-0.08563901,1.930163,3.218143,-0.00330913,-0.9435973,-0.3309444,0.009434998,
1,6,10.80961,-0.08651622,1.922516,3.17438,-0.00330913,-0.9435973,-0.3309444,0.009434998,
1,6,10.81794,-0.08755706,1.912817,3.122452,-0.00330913,-0.9435973,-0.3309444,0.009434998,
1,6,10.82528,-0.08847237,1.903736,3.076725,-0.00330913,-0.9435973,-0.3309444,0.009434998,
1,6,10.83361,-0.08950502,1.892782,3.024942,-0.00330913,-0.9435973,-0.3309444,0.009434998,
1,6,10.84105,-0.09042596,1.882454,2.978866,-0.00330913,-0.9435973,-0.3309444,0.009434998,
1,6,10.84931,-0.09144957,1.87035,2.927653,-0.00330913,-0.9435973,-0.3309444,0.009434998,
1,6,10.85764,-0.09248221,1.857475,2.875988,-0.00330913,-0.9435973,-0.3309444,0.009434998,
1,6,10.8647,-0.09335735,1.846049,2.832319,-0.00330913,-0.9435973,-0.3309444,0.009434998,
1,6,10.87213,-0.09427813,1.833494,2.786486,-0.00330913,-0.9435973,-0.3309444,0.009434998,
1,6,10.88047,-0.09530343,1.818797,2.735083,-0.00330913,-0.9435973,-0.3309444,0.009434998,
1,6,10.8876,-0.09618084,1.805687,2.691058,-0.00330913,-0.9435973,-0.3309444,0.009434998,
1,6,10.89594,-0.09720529,1.789757,2.639779,-0.00330913,-0.9435973,-0.3309444,0.009434998,
1,6,10.901,-0.09782771,1.779752,2.608708,-0.00330913,-0.9435973,-0.3309444,0.009434998,
1,6,10.90933,-0.09885216,1.762757,2.557567,-0.00330913,-0.9435973,-0.3309444,0.009434998,
1,6,10.91767,-0.09987663,1.745112,2.506426,-0.00330913,-0.9435973,-0.3309444,0.009434998,
1,6,10.92438,-0.1006998,1.730408,2.465261,-0.00330913,-0.9435973,-0.3309444,0.009434998,
1,6,10.93271,-0.101716,1.711579,2.414382,-0.00330913,-0.9435973,-0.3309444,0.009434998,
1,6,10.94016,-0.1026242,1.694191,2.368917,-0.00330913,-0.9435973,-0.3309444,0.009434998,
1,6,10.94849,-0.1036404,1.674115,2.318039,-0.00330913,-0.9435973,-0.3309444,0.009434998,
1,6,10.95424,-0.1043415,1.659882,2.282948,-0.00330913,-0.9435973,-0.3309444,0.009434998,
1,6,10.96258,-0.1053578,1.638703,2.232332,-0.00330913,-0.9435973,-0.3309444,0.009434998,
1,6,10.97045,-0.1063171,1.618091,2.18453,-0.00330913,-0.9435973,-0.3309444,0.009434998,
1,6,10.97878,-0.1073251,1.595633,2.133913,-0.00330913,-0.9435973,-0.3309444,0.009434998,
1,6,10.98387,-0.1079403,1.581605,2.103024,-0.00330913,-0.9435973,-0.3309444,0.009434998,
1,6,10.9922,-0.1089484,1.558096,2.052634,-0.00330913,-0.9435973,-0.3309444,0.009434998,
1,6,10.99917,-0.1097913,1.537941,2.010531,-0.00330913,-0.9435973,-0.3309444,0.009434998,
1,6,11.0075,-0.1107993,1.513244,1.960177,-0.00330913,-0.9435973,-0.3309444,0.009434998,
1,6,11.01457,-0.1116549,1.491779,1.917546,-0.00330913,-0.9435973,-0.3309444,0.009434998,
1,6,11.02233,-0.1125894,1.467671,1.870772,-0.00330913,-0.9435973,-0.3309444,0.009434998,
1,6,11.03067,-0.1135893,1.441183,1.82067,-0.00330913,-0.9435973,-0.3309444,0.009434998,
1,6,11.03759,-0.1144204,1.418666,1.779035,-0.00330913,-0.9435973,-0.3309444,0.009434998,
1,6,11.04593,-0.1154202,1.390981,1.729068,-0.00330913,-0.9435973,-0.3309444,0.009434998,
1,6,11.05331,-0.1163056,1.36594,1.684832,-0.00330913,-0.9435973,-0.3309444,0.009434998,
1,6,11.06164,-0.1173055,1.337036,1.635002,-0.00330913,-0.9435973,-0.3309444,0.009434998,
1,6,11.06877,-0.1181569,1.311822,1.5924,-0.00330913,-0.9435973,-0.3309444,0.009434998,
1,6,11.0771,-0.1191486,1.281749,1.542701,-0.00330913,-0.9435973,-0.3309444,0.009434998,
1,6,11.08449,-0.1200279,1.254539,1.498658,-0.00330913,-0.9435973,-0.3309444,0.009434998,
1,6,11.09282,-0.1210195,1.22326,1.449091,-0.00330913,-0.9435973,-0.3309444,0.009434998,
1,6,11.10098,-0.12199,1.192036,1.40063,-0.00330913,-0.9435973,-0.3309444,0.009434998,
1,6,11.10877,-0.122917,1.16163,1.354419,-0.00330913,-0.9435973,-0.3309444,0.009434998,
1,6,11.1171,-0.1239027,1.128493,1.305063,-0.00330913,-0.9435973,-0.3309444,0.009434998,
1,6,11.12424,-0.1247456,1.099598,1.262804,-0.00330913,-0.9435973,-0.3309444,0.009434998,
1,6,11.13258,-0.1257291,1.065291,1.213587,-0.00330913,-0.9435973,-0.3309444,0.009434998,
1,6,11.14034,-0.1266458,1.032741,1.167748,-0.00330913,-0.9435973,-0.3309444,0.009434998,
1,6,11.14782,-0.1275284,1.000896,1.123731,-0.00330913,-0.9435973,-0.3309444,0.009434998,
1,6,11.15615,-0.1285118,0.9648097,1.07469,-0.00330913,-0.9435973,-0.3309444,0.009434998,
1,6,11.16116,-0.1291021,0.9428453,1.045334,-0.00330913,-0.9435973,-0.3309444,0.009434998,
1,6,11.16949,-0.1300856,0.9057493,0.9964273,-0.00330913,-0.9435973,-0.3309444,0.009434998,
1,6,11.17673,-0.1309399,0.8730168,0.9540172,-0.00330913,-0.9435973,-0.3309444,0.009434998,
1,6,11.18506,-0.1319115,0.8347508,0.9052687,-0.00330913,-0.9435973,-0.3309444,0.009434998,
1,6,11.19023,-0.1325106,0.8107345,0.8751032,-0.00330913,-0.9435973,-0.3309444,0.009434998,
1,6,11.19856,-0.1334777,0.7714634,0.8264819,-0.00330913,-0.9435973,-0.3309444,0.009434998,
1,6,11.20689,-0.1344448,0.7315707,0.7779367,-0.00330913,-0.9435973,-0.3309444,0.009434998,
1,6,11.21423,-0.1352968,0.6959196,0.735236,-0.00330913,-0.9435973,-0.3309444,0.009434998,
1,6,11.2216,-0.136152,0.6596424,0.6924298,-0.00330913,-0.9435973,-0.3309444,0.009434998,
1,6,11.22994,-0.1371191,0.6180419,0.6440973,-0.00330913,-0.9435973,-0.3309444,0.009434998,
1,6,11.23701,-0.13794,0.5822529,0.6031386,-0.00330913,-0.9435973,-0.3309444,0.009434998,
1,6,11.24534,-0.138907,0.5395142,0.5549589,-0.00330913,-0.9435973,-0.3309444,0.009434998,
1,6,11.25289,-0.1397833,0.5002622,0.5113686,-0.00330913,-0.9435973,-0.3309444,0.009434998,
1,6,11.26038,-0.140652,0.4608533,0.4682194,-0.00330913,-0.9435973,-0.3309444,0.009434998,
1,6,11.26871,-0.1416157,0.4164009,0.420255,-0.00330913,-0.9435973,-0.3309444,0.009434998,
1,6,11.27608,-0.1424566,0.3765767,0.377896,-0.00330913,-0.9435973,-0.3309444,0.009434998,
1,6,11.28442,-0.1434073,0.3309745,0.3300816,-0.00330913,-0.9435973,-0.3309444,0.009434998,
1,6,11.29275,-0.144358,0.2847661,0.2823509,-0.00330913,-0.9435973,-0.3309444,0.009434998,
1,6,11.2997,-0.145151,0.2457626,0.2425964,-0.00330913,-0.9435973,-0.3309444,0.009434998,
1,6,11.30803,-0.1461017,0.1984475,0.1950109,-0.00330913,-0.9435973,-0.3309444,0.009434998,
1,6,11.31576,-0.1469833,0.1540364,0.1509594,-0.00330913,-0.9435973,-0.3309444,0.009434998,
1,6,11.32409,-0.147934,0.1055636,0.1035305,-0.00330913,-0.9435973,-0.3309444,0.009434998,
1,6,11.32935,-0.1485333,0.07469587,0.07367305,-0.00330913,-0.9435973,-0.3309444,0.009434998,
1,6,11.33768,-0.1494311,0.04171107,0.02896134,-0.002360034,-0.9715823,-0.2364909,0.009715857,CourtEnter
1,6,11.34573,-0.1500743,0.07790425,-8.067203E-05,0.001694834,-0.972472,0.2328269,0.009327202,RacketHit
1,6,11.35336,-0.1504796,0.1089732,0.01252056,-0.0005852148,-0.7604063,0.6494395,0.003232964,
1,6,11.36169,-0.1509222,0.1422089,0.0262566,-0.002909919,-0.3420855,0.9396551,-0.004170436,
1,6,11.36931,-0.1513265,0.1719455,0.03878611,-0.00438557,0.1205531,0.9926465,-0.01003025,
1,6,11.37712,-0.1517413,0.2018451,0.05162599,-0.004909508,0.5669979,0.8235895,-0.01377208,
1,6,11.38545,-0.1521839,0.2330555,0.06530382,-0.004237619,0.8986561,0.4384005,-0.01429665,
1,6,11.39378,-0.1526265,0.2635579,0.07896277,-0.002472206,0.9981487,-0.05974252,-0.01113038,
1,6,11.40096,-0.1530075,0.2892496,0.09070645,-0.0004204327,0.8767632,-0.4808841,-0.006055178,
1,6,11.40929,-0.15345,0.318439,0.1043303,0.002034785,0.5279216,-0.8492899,0.00121651,
1,6,11.41675,-0.153846,0.3439561,0.1165049,0.003803285,0.09726772,-0.9952227,0.007510354,
1,6,11.42425,-0.1542445,0.3690689,0.1287442,0.004788201,-0.3560096,-0.9343895,0.01227202,
1,6,11.43258,-0.1546871,0.3962848,0.1423196,0.004706633,-0.7682511,-0.6399665,0.01452556,
1,6,11.43945,-0.1550515,0.418171,0.1534859,0.003722466,-0.9628633,-0.2696219,0.01357964,
1,6,11.44778,-0.1554941,0.4441111,0.1670321,0.001678213,-0.9716265,0.236332,0.00928668,
1,6,11.45549,-0.1559033,0.4674721,0.1795445,-0.0006071982,-0.7574683,0.652864,0.003168881,
1,6,11.46382,-0.1563459,0.4920647,0.1930618,-0.002912633,-0.3414392,0.9398901,-0.004179876,
1,6,11.47115,-0.1567355,0.5131304,0.204949,-0.004341157,0.1009474,0.9948339,-0.009820137,
1,6,11.47866,-0.1571342,0.5341382,0.2171038,-0.004908433,0.5320759,0.8465738,-0.01356377,
1,6,11.487,-0.1575768,0.5567899,0.23058,-0.004346146,0.8777636,0.4788577,-0.01440386,
1,6,11.49392,-0.1579443,0.5750661,0.2417629,-0.003023081,0.9970456,0.07576139,-0.0122943,
1,6,11.50225,-0.1583869,0.5964403,0.2552138,-0.0007511305,0.9073415,-0.4203365,-0.00693786,
1,6,11.50988,-0.1587922,0.6154009,0.2675214,0.001511344,0.6214195,-0.7834765,-0.0004464484,
1,6,11.51731,-0.1591865,0.6332955,0.2794988,0.003406054,0.2151937,-0.9765472,0.005971613,
1,6,11.52564,-0.1596291,0.6527205,0.2929096,0.004697546,-0.2878257,-0.9576001,0.01167754,
1,6,11.53307,-0.1600234,0.6694474,0.304856,0.004849087,-0.678026,-0.7348829,0.01429667,
1,6,11.5414,-0.160466,0.6875565,0.3182641,0.003860278,-0.9500097,-0.3118916,0.01379641,
1,6,11.54823,-0.160829,0.701903,0.3292384,0.002301385,-0.9949839,0.09942934,0.01074822,
1,6,11.55657,-0.1612716,0.7187531,0.3426138,-9.830799E-05,-0.8211148,0.5707445,0.004624894,
1,6,11.56183,-0.1615508,0.7290356,0.351052,-0.00163873,-0.5997265,0.8002034,4.795571E-05,
1,6,11.57016,-0.1619934,0.7447641,0.3644267,-0.003681283,-0.1353986,0.9907595,-0.007026213,
1,6,11.57798,-0.1624089,0.7589025,0.3769539,-0.004761095,0.3337642,0.9425672,-0.01208286,
1,6,11.58632,-0.1628515,0.7732968,0.3902964,-0.004745237,0.7493644,0.6619821,-0.01449569,
1,6,11.59465,-0.163294,0.7869934,0.4036388,-0.003537037,0.9764755,0.2151906,-0.01326502,
1,6,11.59981,-0.1635682,0.7951389,0.4119047,-0.002313462,0.9952567,-0.09665736,-0.01077529,
1,6,11.60815,-0.1640107,0.8077293,0.4252191,7.634531E-05,0.8236587,-0.5670664,-0.004686435,
1,6,11.61308,-0.164273,0.8148568,0.4331053,0.001522796,0.6194916,-0.7850018,-0.0004106423,
1,6,11.62142,-0.1647155,0.8263424,0.446415,0.003593615,0.161682,-0.9868137,0.006685145,
1,6,11.62884,-0.1651096,0.8359948,0.4582655,0.004691327,-0.2837022,-0.9588304,0.01163977,
1,6,11.63587,-0.1654833,0.8446511,0.469506,0.004870507,-0.6551115,-0.755383,0.01420691,
1,6,11.64421,-0.1659259,0.8542686,0.4827874,0.003961399,-0.938831,-0.3440731,0.01394508,
1,6,11.65213,-0.1663469,0.8627692,0.4954179,0.002173181,-0.9916428,0.1285708,0.01045576,
1,6,11.66003,-0.1667661,0.8706183,0.507988,-9.496813E-05,-0.821501,0.5701882,0.004634063,
1,6,11.66747,-0.1671616,0.8774624,0.5198245,-0.002223884,-0.4911462,0.8710724,-0.001834842,
1,6,11.67537,-0.1675807,0.8841203,0.5323669,-0.003986486,-0.0360827,0.9993067,-0.008259371,
1,6,11.6837,-0.1680233,0.8904853,0.5456111,-0.004875027,0.4508263,0.8925035,-0.01301387,
1,6,11.69155,-0.16844,0.8958542,0.558081,-0.004604697,0.8085946,0.5881684,-0.01454542,
1,6,11.69862,-0.1688156,0.9001765,0.5693213,-0.003484641,0.9796472,0.200264,-0.01317207,
1,6,11.70695,-0.1692581,0.9046361,0.5825655,-0.001384962,0.9548643,-0.2969156,-0.008564123,
1,6,11.71452,-0.1696598,0.9080926,0.5945854,0.0008328485,0.726332,-0.687339,-0.002505777,
1,6,11.72285,-0.1701024,0.911249,0.6078295,0.003060959,0.3054241,-0.9521999,0.004706884,
1,6,11.72982,-0.1704724,0.9133659,0.6189023,0.004360504,-0.1094047,-0.9939383,0.009910454,
1,6,11.73815,-0.1709149,0.9152689,0.6321465,0.004908626,-0.5743048,-0.8185103,0.01381194,
1,6,11.74545,-0.1713025,0.9163726,0.6437448,0.004390783,-0.8680469,-0.4962528,0.01444061,
1,6,11.75283,-0.1716944,0.9169567,0.6554714,0.003020048,-0.9971045,-0.07498413,0.0122874,
1,6,11.76116,-0.1721369,0.9169745,0.6687065,0.0007870279,-0.9104286,0.4136056,0.007031859,
1,6,11.76949,-0.1725793,0.9163094,0.6818798,-0.001637782,-0.5998964,0.8000761,5.101546E-05,
1,6,11.77675,-0.1729649,0.9151714,0.693361,-0.003441148,-0.2054477,0.9786431,-0.006103206,
1,6,11.78508,-0.1734074,0.9132288,0.7065396,-0.004700201,0.289612,0.9570612,-0.01169297,
1,6,11.79285,-0.1738198,0.9108022,0.7188202,-0.004836834,0.6890802,0.7245272,-0.01433482,
1,6,11.80021,-0.1742106,0.9079553,0.7304575,-0.004011071,0.932725,0.3602938,-0.01401427,
1,6,11.80854,-0.1746532,0.9040891,0.743636,-0.002161894,0.9913116,-0.1311028,-0.01042957,
1,6,11.81556,-0.1750259,0.9003041,0.7547325,-0.0001720417,0.8512828,-0.5246797,-0.005376777,
1,6,11.82389,-0.1754684,0.8951803,0.7679111,0.002199975,0.4959024,-0.8683737,0.001755812,
1,6,11.83178,-0.1758874,0.8896991,0.7803885,0.003957654,0.04608003,-0.9988968,0.008138847,
1,6,11.84011,-0.17633,0.8832613,0.7935671,0.00486593,-0.4376635,-0.8990329,0.01291651,
1,6,11.84736,-0.1767148,0.8771101,0.8050263,0.004691482,-0.7750278,-0.6317426,0.01453168,
1,6,11.85569,-0.1771574,0.8693949,0.8182049,0.003427192,-0.982815,-0.1840986,0.01306817,
1,6,11.86291,-0.1775408,0.8621625,0.8296214,0.001641126,-0.9696999,0.2441208,0.009195549,
1,6,11.87124,-0.1779833,0.8531747,0.8428,-0.0007696578,-0.7352374,0.677804,0.002692455,
1,6,11.87661,-0.178268,0.8470423,0.8512771,-0.002257512,-0.4844383,0.8748204,-0.001945556,
1,6,11.88494,-0.1787106,0.8369476,0.8644247,-0.004065521,-0.007983739,0.999923,-0.008592207,
1,6,11.89288,-0.1791326,0.8266863,0.8769277,-0.004874285,0.4496401,0.8931019,-0.0130046,
1,6,11.90122,-0.1795727,0.8152723,0.8900408,-0.004566464,0.8212294,0.5703947,-0.01453781,
1,6,11.90668,-0.1798522,0.8074141,0.8986402,-0.003748089,0.9606653,0.2773491,-0.01361955,
1,6,11.91502,-0.1802784,0.7948714,0.9117532,-0.001783017,0.976761,-0.2141114,-0.009538529,
1,6,11.92335,-0.1807045,0.7816601,0.9248662,0.000611947,0.7568336,-0.6535998,-0.003154685,
1,6,11.93035,-0.1810625,0.7700397,0.9358797,0.002532168,0.4274155,-0.9040472,0.002864829,
1,6,11.93868,-0.1814887,0.7555856,0.9489928,0.004229365,-0.05440568,-0.9984666,0.00930753,
1,6,11.94398,-0.1817599,0.746032,0.9573386,0.004794705,-0.3616282,-0.9322287,0.01231729,
1,6,11.95232,-0.1821861,0.7304707,0.9704516,0.004721074,-0.7614959,-0.6479901,0.01451459,
1,6,11.96023,-0.1825904,0.7150851,0.9828929,0.003597954,-0.9724279,-0.2327924,0.01336964,
1,6,11.96856,-0.1830166,0.6982138,0.9960059,0.001578191,-0.9663013,0.25725,0.009041656,
1,6,11.97574,-0.1833839,0.6831259,1.007309,-0.0004871019,-0.7733088,0.6340196,0.00351696,
1,6,11.98407,-0.1838101,0.665005,1.020422,-0.002748103,-0.3796974,0.9250997,-0.003604532,
1,6,11.98926,-0.1840755,0.6533836,1.028588,-0.003852039,-0.08149905,0.9966362,-0.007705667,
1,6,11.9976,-0.1845017,0.6341706,1.041701,-0.004835405,0.4009665,0.9159929,-0.01263524,
1,6,12.00593,-0.1849279,0.6142914,1.054814,-0.004662079,0.7873085,0.6163701,-0.01454107,
1,6,12.01303,-0.1852912,0.5968221,1.065993,-0.003625812,0.970444,0.2409259,-0.01341703,
1,6,12.02137,-0.1857173,0.5757024,1.079106,-0.00162515,0.9688525,-0.2474642,-0.009156331,
1,6,12.02648,-0.1859789,0.5624102,1.087154,-0.0001700292,0.8510668,-0.5250301,-0.00537095,
1,6,12.03482,-0.1864051,0.5402138,1.100267,0.002172467,0.5013257,-0.8652543,0.001665413,
1,6,12.04315,-0.1868313,0.5173578,1.11338,0.003996804,0.03249904,-0.9994293,0.008301686,
1,6,12.0483,-0.1870946,0.5029016,1.12143,0.004667691,-0.2683884,-0.9632309,0.01149838,
1,6,12.05663,-0.1875207,0.4789703,1.134412,0.004833726,-0.6917347,-0.7219931,0.0143431,
1,6,12.0645,-0.187923,0.4557727,1.146665,0.003935578,-0.9418406,-0.3357491,0.01390674,
1,6,12.07283,-0.1883492,0.43055,1.159647,0.002083308,-0.9888297,0.1486824,0.01024735,
1,6,12.07973,-0.1887019,0.4091704,1.170392,0.0001543333,-0.849382,0.5277516,0.005327579,
1,6,12.08806,-0.1891281,0.38274,1.183374,-0.002178466,-0.5001434,0.8659382,-0.001685143,
1,6,12.09491,-0.1894781,0.3605372,1.194037,-0.003730336,-0.1203075,0.9927034,-0.007218531,
1,6,12.10237,-0.18986,0.3358058,1.20567,-0.00473446,0.3135935,0.9494709,-0.01190623,
1,6,12.11071,-0.1902862,0.3075835,1.218652,-0.004789613,0.7237753,0.6898681,-0.01443779,
1,6,12.1179,-0.1906538,0.2827149,1.229849,-0.00392453,0.9430949,0.3322104,-0.0138905,
1,6,12.12623,-0.19108,0.253267,1.242831,-0.002075018,0.9885508,-0.150527,-0.01022797,
1,6,12.13331,-0.1914422,0.2277188,1.253867,-9.919082E-05,0.8433996,-0.5372618,-0.005175122,
1,6,12.14165,-0.1918684,0.1970595,1.266848,0.002219459,0.4920354,-0.8705705,0.001819977,
1,6,12.14883,-0.1922359,0.1700959,1.278044,0.003817652,0.09266298,-0.9956614,0.007566738,
1,6,12.15717,-0.1926621,0.1382212,1.291026,0.004820424,-0.3855623,-0.9225844,0.01251238,
1,6,12.16524,-0.1930751,0.106711,1.303606,0.004716495,-0.7636887,-0.6454043,0.01451719,
1,6,12.17322,-0.1934832,0.07497674,1.316037,0.003595603,-0.9725943,-0.2320966,0.01336503,
1,7,12.18036,0,0.5,7.5,0,0,0,1,BallLaunch
1,7,12.1887,-0.001080438,0.542887,7.44592,-0.00330913,-0.9435973,-0.3309444,0.009434998,
1,7,12.19678,-0.002213369,0.5872321,7.389442,-0.00330913,-0.9435973,-0.3309444,0.009434998,
1,7,12.20511,-0.003379086,0.6321903,7.33122,-0.00330913,-0.9435973,-0.3309444,0.009434998,
1,7,12.21006,-0.004069677,0.658496,7.296679,-0.00330913,-0.9435973,-0.3309444,0.009434998,
1,7,12.21839,-0.005231989,0.7022231,7.238458,-0.00330913,-0.9435973,-0.3309444,0.009434998,
1,7,12.22672,-0.006392171,0.7452,7.180282,-0.00330913,-0.9435973,-0.3309444,0.009434998,
1,7,12.23412,-0.007419955,0.7826982,7.129086,-0.00330913,-0.9435973,-0.3309444,0.009434998,
1,7,12.24147,-0.00844066,0.819397,7.078158,-0.00330913,-0.9435973,-0.3309444,0.009434998,
1,7,12.24927,-0.009520226,0.85764,7.024204,-0.00330913,-0.9435973,-0.3309444,0.009434998,
1,7,12.25755,-0.0106664,0.897585,6.96682,-0.00330913,-0.9435973,-0.3309444,0.009434998,
1,7,12.26589,-0.01181681,0.9369994,6.909122,-0.00330913,-0.9435973,-0.3309444,0.009434998,
1,7,12.27337,-0.01284738,0.9717251,6.857625,-0.00330913,-0.9435973,-0.3309444,0.009434998,
1,7,12.28129,-0.01393767,1.007867,6.803263,-0.00330913,-0.9435973,-0.3309444,0.009434998,
1,7,12.28962,-0.01508237,1.045144,6.74609,-0.00330913,-0.9435973,-0.3309444,0.009434998,
1,7,12.29668,-0.01605048,1.07612,6.697669,-0.00330913,-0.9435973,-0.3309444,0.009434998,
1,7,12.30501,-0.01719148,1.112017,6.640497,-0.00330913,-0.9435973,-0.3309444,0.009434998,
1,7,12.31335,-0.01833058,1.147174,6.583345,-0.00330913,-0.9435973,-0.3309444,0.009434998,
1,7,12.32145,-0.01943611,1.180623,6.528273,-0.00330913,-0.9435973,-0.3309444,0.009434998,
1,7,12.32911,-0.02047959,1.211621,6.476203,-0.00330913,-0.9435973,-0.3309444,0.009434998,
1,7,12.33688,-0.02153696,1.242445,6.423362,-0.00330913,-0.9435973,-0.3309444,0.009434998,
1,7,12.34493,-0.02263076,1.273693,6.368615,-0.00330913,-0.9435973,-0.3309444,0.009434998,
1,7,12.35327,-0.02376071,1.305286,6.311967,-0.00330913,-0.9435973,-0.3309444,0.009434998,
1,7,12.3616,-0.02488902,1.336149,6.255419,-0.00330913,-0.9435973,-0.3309444,0.009434998,
1,7,12.36722,-0.02564916,1.356555,6.217562,-0.00330913,-0.9435973,-0.3309444,0.009434998,
1,7,12.37556,-0.02677421,1.386201,6.161438,-0.00330913,-0.9435973,-0.3309444,0.009434998,
1,7,12.38272,-0.02773979,1.411105,6.11319,-0.00330913,-0.9435973,-0.3309444,0.009434998,
1,7,12.39105,-0.02886159,1.439393,6.057067,-0.00330913,-0.9435973,-0.3309444,0.009434998,
1,7,12.39872,-0.02989217,1.464785,6.005425,-0.00330913,-0.9435973,-0.3309444,0.009434998,
1,7,12.40627,-0.03090509,1.489162,5.954605,-0.00330913,-0.9435973,-0.3309444,0.009434998,
1,7,12.4146,-0.03202139,1.515394,5.898897,-0.00330913,-0.9435973,-0.3309444,0.009434998,
1,7,12.42196,-0.03300582,1.537961,5.849791,-0.00330913,-0.9435973,-0.3309444,0.009434998,
1,7,12.43029,-0.03412043,1.562817,5.794192,-0.00330913,-0.9435973,-0.3309444,0.009434998,
1,7,12.4353,-0.03478774,1.577399,5.760799,-0.00330913,-0.9435973,-0.3309444,0.009434998,
1,7,12.44363,-0.03589824,1.601126,5.7052,-0.00330913,-0.9435973,-0.3309444,0.009434998,
1,7,12.45196,-0.03700828,1.624139,5.649601,-0.00330913,-0.9435973,-0.3309444,0.009434998,
1,7,12.45956,-0.0380167,1.644473,5.598962,-0.00330913,-0.9435973,-0.3309444,0.009434998,
1,7,12.4666,-0.03895081,1.662773,5.552464,-0.00330913,-0.9435973,-0.3309444,0.009434998,
1,7,12.47493,-0.04005529,1.683791,5.497389,-0.00330913,-0.9435973,-0.3309444,0.009434998,
1,7,12.48293,-0.04111363,1.703311,5.444511,-0.00330913,-0.9435973,-0.3309444,0.009434998,
1,7,12.49083,-0.04215823,1.721915,5.39232,-0.00330913,-0.9435973,-0.3309444,0.009434998,
1,7,12.49916,-0.04325702,1.740864,5.337246,-0.00330913,-0.9435973,-0.3309444,0.009434998,
1,7,12.50615,-0.04417829,1.756221,5.291044,-0.00330913,-0.9435973,-0.3309444,0.009434998,
1,7,12.51448,-0.04527578,1.773849,5.236063,-0.00330913,-0.9435973,-0.3309444,0.009434998,
1,7,12.52214,-0.04628119,1.789444,5.185935,-0.00330913,-0.9435973,-0.3309444,0.009434998,
1,7,12.53047,-0.04737531,1.805723,5.131385,-0.00330913,-0.9435973,-0.3309444,0.009434998,
1,7,12.53779,-0.04833407,1.819446,5.083491,-0.00330913,-0.9435973,-0.3309444,0.009434998,
1,7,12.54613,-0.04942409,1.834399,5.02894,-0.00330913,-0.9435973,-0.3309444,0.009434998,
1,7,12.55373,-0.05041924,1.847437,4.979138,-0.00330913,-0.9435973,-0.3309444,0.009434998,
1,7,12.56207,-0.05150627,1.861037,4.924588,-0.00330913,-0.9435973,-0.3309444,0.009434998,
1,7,12.56718,-0.05217292,1.869048,4.8911,-0.00330913,-0.9435973,-0.3309444,0.009434998,
1,7,12.57552,-0.05325884,1.88152,4.837023,-0.00330913,-0.9435973,-0.3309444,0.009434998,
1,7,12.58385,-0.05434189,1.893297,4.782997,-0.00330913,-0.9435973,-0.3309444,0.009434998,
1,7,12.59109,-0.05528159,1.902964,4.736069,-0.00330913,-0.9435973,-0.3309444,0.009434998,
1,7,12.59942,-0.05636342,1.913432,4.682043,-0.00330913,-0.9435973,-0.3309444,0.009434998,
1,7,12.60697,-0.05734077,1.922315,4.633088,-0.00330913,-0.9435973,-0.3309444,0.009434998,
1,7,12.6153,-0.05841849,1.93145,4.579062,-0.00330913,-0.9435973,-0.3309444,0.009434998,
1,7,12.62353,-0.05948182,1.939778,4.525759,-0.00330913,-0.9435973,-0.3309444,0.009434998,
1,7,12.62892,-0.06017717,1.944888,4.490964,-0.00330913,-0.9435973,-0.3309444,0.009434998,
1,7,12.63726,-0.06125081,1.952191,4.437463,-0.00330913,-0.9435973,-0.3309444,0.009434998,
1,7,12.64499,-0.06224691,1.958341,4.387825,-0.00330913,-0.9435973,-0.3309444,0.009434998,
1,7,12.65332,-0.06332053,1.964311,4.334324,-0.00330913,-0.9435973,-0.3309444,0.009434998,
1,7,12.66165,-0.06439155,1.969599,4.280823,-0.00330913,-0.9435973,-0.3309444,0.009434998,
1,7,12.66655,-0.0650176,1.972376,4.249385,-0.00330913,-0.9435973,-0.3309444,0.009434998,
1,7,12.67488,-0.06608304,1.976565,4.195884,-0.00330913,-0.9435973,-0.3309444,0.009434998,
1,7,12.68224,-0.06702305,1.979683,4.148681,-0.00330913,-0.9435973,-0.3309444,0.009434998,
1,7,12.68999,-0.06801494,1.982393,4.099124,-0.00330913,-0.9435973,-0.3309444,0.009434998,
1,7,12.69833,-0.06908038,1.984638,4.046147,-0.00330913,-0.9435973,-0.3309444,0.009434998,
1,7,12.70557,-0.07000605,1.98604,4.00012,-0.00330913,-0.9435973,-0.3309444,0.009434998,
1,7,12.71324,-0.07097936,1.986961,3.95137,-0.00330913,-0.9435973,-0.3309444,0.009434998,
1,7,12.72157,-0.0720366,1.987304,3.898393,-0.00330913,-0.9435973,-0.3309444,0.009434998,
1,7,12.72893,-0.0729709,1.987041,3.851577,-0.00330913,-0.9435973,-0.3309444,0.009434998,
1,7,12.73647,-0.07392709,1.986215,3.803804,-0.00330913,-0.9435973,-0.3309444,0.009434998,
1,7,12.7448,-0.07498433,1.984657,3.75109,-0.00330913,-0.9435973,-0.3309444,0.009434998,
1,7,12.75274,-0.07599123,1.982535,3.700886,-0.00330913,-0.9435973,-0.3309444,0.009434998,
1,7,12.75984,-0.07688551,1.980112,3.65601,-0.00330913,-0.9435973,-0.3309444,0.009434998,
1,7,12.76817,-0.07793456,1.976637,3.603458,-0.00330913,-0.9435973,-0.3309444,0.009434998,
1,7,12.77556,-0.07886467,1.972986,3.556952,-0.00330913,-0.9435973,-0.3309444,0.009434998,
1,7,12.78389,-0.07991371,1.968237,3.5045,-0.00330913,-0.9435973,-0.3309444,0.009434998,
1,7,12.79076,-0.08077795,1.963819,3.461288,-0.00330913,-0.9435973,-0.3309444,0.009434998,
1,7,12.79909,-0.08182699,1.957827,3.408996,-0.00330913,-0.9435973,-0.3309444,0.009434998,
1,7,12.80441,-0.08249386,1.95366,3.375702,-0.00330913,-0.9435973,-0.3309444,0.009434998,
1,7,12.81274,-0.0835347,1.946563,3.323512,-0.00330913,-0.9435973,-0.3309444,0.009434998,
1,7,12.81986,-0.08442434,1.939963,3.278904,-0.00330913,-0.9435973,-0.3309444,0.009434998,
1,7,12.82819,-0.08546519,1.931618,3.226815,-0.00330913,-0.9435973,-0.3309444,0.009434998,
1,7,12.83624,-0.08647034,1.922927,3.176669,-0.00330913,-0.9435973,-0.3309444,0.009434998,
1,7,12.84458,-0.08751117,1.913256,3.124741,-0.00330913,-0.9435973,-0.3309444,0.009434998,
1,7,12.8526,-0.08851195,1.903328,3.074734,-0.00330913,-0.9435973,-0.3309444,0.009434998,
1,7,12.86093,-0.0895446,1.89235,3.022962,-0.00330913,-0.9435973,-0.3309444,0.009434998,
1,7,12.86895,-0.09053841,1.881155,2.97324,-0.00330913,-0.9435973,-0.3309444,0.009434998,
1,7,12.87638,-0.09145892,1.870236,2.927185,-0.00330913,-0.9435973,-0.3309444,0.009434998,
1,7,12.88472,-0.09249157,1.857355,2.87552,-0.00330913,-0.9435973,-0.3309444,0.009434998,
1,7,12.89253,-0.0934599,1.844674,2.827216,-0.00330913,-0.9435973,-0.3309444,0.009434998,
1,7,12.9,-0.09438524,1.831998,2.781154,-0.00330913,-0.9435973,-0.3309444,0.009434998,
1,7,12.90833,-0.0954097,1.817233,2.729751,-0.00330913,-0.9435973,-0.3309444,0.009434998,
1,7,12.91661,-0.09642705,1.801927,2.678704,-0.00330913,-0.9435973,-0.3309444,0.009434998,
1,7,12.92416,-0.09735592,1.787364,2.63226,-0.00330913,-0.9435973,-0.3309444,0.009434998,
1,7,12.9325,-0.09838037,1.770666,2.581119,-0.00330913,-0.9435973,-0.3309444,0.009434998,
1,7,12.93947,-0.09923819,1.756189,2.538297,-0.00330913,-0.9435973,-0.3309444,0.009434998,
1,7,12.94725,-0.1001943,1.739502,2.490568,-0.00330913,-0.9435973,-0.3309444,0.009434998,
1,7,12.95558,-0.1012123,1.720993,2.439603,-0.00330913,-0.9435973,-0.3309444,0.009434998,
1,7,12.96291,-0.1021061,1.70417,2.394853,-0.00330913,-0.9435973,-0.3309444,0.009434998,
1,7,12.97125,-0.1031224,1.684429,2.343975,-0.00330913,-0.9435973,-0.3309444,0.009434998,
1,7,12.97876,-0.1040392,1.666061,2.298074,-0.00330913,-0.9435973,-0.3309444,0.009434998,
1,7,12.98649,-0.1049816,1.646616,2.251066,-0.00330913,-0.9435973,-0.3309444,0.009434998,
1,7,12.99483,-0.1059979,1.625025,2.20045,-0.00330913,-0.9435973,-0.3309444,0.009434998,
1,7,13.00298,-0.1069869,1.603241,2.150897,-0.00330913,-0.9435973,-0.3309444,0.009434998,
1,7,13.0103,-0.1078723,1.583171,2.10644,-0.00330913,-0.9435973,-0.3309444,0.009434998,
1,7,13.01818,-0.1088248,1.561009,2.058807,-0.00330913,-0.9435973,-0.3309444,0.009434998,
1,7,13.02595,-0.1097653,1.538569,2.01183,-0.00330913,-0.9435973,-0.3309444,0.009434998,
1,7,13.03429,-0.1107733,1.51389,1.961475,-0.00330913,-0.9435973,-0.3309444,0.009434998,
1,7,13.03932,-0.111382,1.498675,1.931141,-0.00330913,-0.9435973,-0.3309444,0.009434998,
1,7,13.04765,-0.1123874,1.472948,1.880918,-0.00330913,-0.9435973,-0.3309444,0.009434998,
1,7,13.05598,-0.1133873,1.446587,1.83079,-0.00330913,-0.9435973,-0.3309444,0.009434998,
1,7,13.06365,-0.1143075,1.421754,1.784689,-0.00330913,-0.9435973,-0.3309444,0.009434998,
1,7,13.07129,-0.115224,1.396462,1.738872,-0.00330913,-0.9435973,-0.3309444,0.009434998,
1,7,13.07963,-0.1162239,1.368271,1.688912,-0.00330913,-0.9435973,-0.3309444,0.009434998,
1,7,13.08715,-0.1171267,1.342253,1.643915,-0.00330913,-0.9435973,-0.3309444,0.009434998,
1,7,13.09466,-0.118025,1.315776,1.599015,-0.00330913,-0.9435973,-0.3309444,0.009434998,
1,7,13.10299,-0.1190167,1.285779,1.549311,-0.00330913,-0.9435973,-0.3309444,0.009434998,
1,7,13.10995,-0.119845,1.260243,1.507797,-0.00330913,-0.9435973,-0.3309444,0.009434998,
1,7,13.11829,-0.1208367,1.229075,1.458229,-0.00330913,-0.9435973,-0.3309444,0.009434998,
1,7,13.12614,-0.1217719,1.199103,1.411505,-0.00330913,-0.9435973,-0.3309444,0.009434998,
1,7,13.13448,-0.1227635,1.166703,1.362069,-0.00330913,-0.9435973,-0.3309444,0.009434998,
1,7,13.14131,-0.1235736,1.139654,1.321559,-0.00330913,-0.9435973,-0.3309444,0.009434998,
1,7,13.14899,-0.1244801,1.108752,1.276116,-0.00330913,-0.9435973,-0.3309444,0.009434998,
1,7,13.15733,-0.1254635,1.074611,1.226864,-0.00330913,-0.9435973,-0.3309444,0.009434998,
1,7,13.16218,-0.1260361,1.054446,1.198236,-0.00330913,-0.9435973,-0.3309444,0.009434998,
1,7,13.17051,-0.1270196,1.019313,1.149101,-0.00330913,-0.9435973,-0.3309444,0.009434998,
1,7,13.17511,-0.1275626,0.9996482,1.122021,-0.00330913,-0.9435973,-0.3309444,0.009434998,
1,7,13.18344,-0.1285461,0.9635392,1.072986,-0.00330913,-0.9435973,-0.3309444,0.009434998,
1,7,13.19178,-0.1295296,0.9267938,1.024074,-0.00330913,-0.9435973,-0.3309444,0.009434998,
1,7,13.20011,-0.1305131,0.889426,0.9751959,-0.00330913,-0.9435973,-0.3309444,0.009434998,
1,7,13.20845,-0.1314917,0.8514349,0.9264121,-0.00330913,-0.9435973,-0.3309444,0.009434998,
1,7,13.21396,-0.1321321,0.8259321,0.8941538,-0.00330913,-0.9435973,-0.3309444,0.009434998,
1,7,13.2223,-0.1330992,0.7869027,0.8454987,-0.00330913,-0.9435973,-0.3309444,0.009434998,
1,7,13.22853,-0.1338226,0.7573035,0.8091547,-0.00330913,-0.9435973,-0.3309444,0.009434998,
1,7,13.23686,-0.1347897,0.7171925,0.7606397,-0.00330913,-0.9435973,-0.3309444,0.009434998,
1,7,13.2452,-0.1357568,0.6764663,0.7122043,-0.00330913,-0.9435973,-0.3309444,0.009434998,
1,7,13.25074,-0.1364006,0.649006,0.6799989,-0.00330913,-0.9435973,-0.3309444,0.009434998,
1,7,13.25908,-0.1373677,0.607248,0.6316937,-0.00330913,-0.9435973,-0.3309444,0.009434998,
1,7,13.26741,-0.1383348,0.5648743,0.5834647,-0.00330913,-0.9435973,-0.3309444,0.009434998,
1,7,13.27265,-0.1389432,0.5379045,0.5531605,-0.00330913,-0.9435973,-0.3309444,0.009434998,
1,7,13.28099,-0.1399103,0.4945343,0.5050592,-0.00330913,-0.9435973,-0.3309444,0.009434998,
1,7,13.28932,-0.1408774,0.4505489,0.4570341,-0.00330913,-0.9435973,-0.3309444,0.009434998,
1,7,13.29765,-0.1418372,0.4059537,0.4090874,-0.00330913,-0.9435973,-0.3309444,0.009434998,
1,7,13.30421,-0.1425851,0.3704485,0.3714292,-0.00330913,-0.9435973,-0.3309444,0.009434998,
1,7,13.31254,-0.1435358,0.3247663,0.3236274,-0.00330913,-0.9435973,-0.3309444,0.009434998,
1,7,13.32045,-0.1444377,0.2808666,0.2783532,-0.00330913,-0.9435973,-0.3309444,0.009434998,
1,7,13.32828,-0.1453312,0.2368433,0.2335738,-0.00330913,-0.9435973,-0.3309444,0.009434998,
1,7,13.3362,-0.1462344,0.191796,0.1883771,-0.00330913,-0.9435973,-0.3309444,0.009434998,
1,7,13.34453,-0.1471851,0.1437956,0.140883,-0.00330913,-0.9435973,-0.3309444,0.009434998,
1,7,13.35286,-0.1481358,0.09519493,0.09347217,-0.00330913,-0.9435973,-0.3309444,0.009434998,
1,7,13.35774,-0.1486921,0.06647554,0.06576535,-0.00330913,-0.9435973,-0.3309444,0.009434998,
1,7,13.36607,-0.1495461,0.04807348,0.02320531,-0.001558904,-0.9876261,-0.1565083,0.00987627,CourtEnter
1,7,13.37441,-0.1501635,0.08479651,0.002695629,0.001207614,-0.943083,0.3324563,0.008118699,RacketHit
1,7,13.38274,-0.1506061,0.118541,0.01644712,-0.001293584,-0.6569977,0.7538906,0.001118689,
1,7,13.39011,-0.1509972,0.1477692,0.02858124,-0.003243191,-0.258985,0.965861,-0.005367962,
1,7,13.39774,-0.1514027,0.1774839,0.04114588,-0.004563704,0.2078852,0.9780816,-0.01092298,
1,7,13.40607,-0.1518453,0.2092382,0.05483897,-0.004864567,0.6620414,0.7493163,-0.0142361,
1,7,13.41145,-0.1521305,0.229331,0.06365576,-0.004383026,0.869789,0.4931932,-0.01443573,
1,7,13.41978,-0.1525731,0.2599193,0.07731669,-0.002729919,0.9999257,0.002122816,-0.01168855,
1,7,13.42752,-0.1529843,0.2877012,0.08999236,-0.0005517298,0.8893649,-0.4571528,-0.006408409,
1,7,13.43507,-0.153385,0.3141928,0.1023296,0.001692478,0.5903757,-0.8071268,0.0001213387,
1,7,13.4434,-0.1538275,0.342779,0.1159378,0.003736012,0.118525,-0.9929177,0.007242239,
1,7,13.45097,-0.1542296,0.3681372,0.1282846,0.004768649,-0.3397704,-0.9404181,0.01213487,
1,7,13.45861,-0.1546352,0.3931319,0.1407292,0.004782039,-0.7284909,-0.6848864,0.01445174,
1,7,13.46694,-0.1550778,0.4197336,0.1542915,0.003623367,-0.9706208,-0.2402128,0.01341469,
1,7,13.47401,-0.1554533,0.4417543,0.1657858,0.00189354,-0.9816678,0.1903385,0.009803415,
1,7,13.48164,-0.1558581,0.4649231,0.1781644,-0.0003523006,-0.7904759,0.6124806,0.003904915,
1,7,13.48997,-0.1563007,0.4895886,0.1916834,-0.002702649,-0.3899583,0.9208221,-0.003447979,
1,7,13.49501,-0.1565686,0.504176,0.1998587,-0.0038219,-0.091287,0.9957884,-0.007584919,
1,7,13.50335,-0.1570111,0.5277156,0.2133526,-0.004840874,0.4069673,0.9133419,-0.01268368,
1,7,13.51168,-0.1574537,0.55056,0.2268334,-0.004625494,0.8012411,0.5981469,-0.01454704,
1,7,13.51962,-0.1578753,0.5716654,0.2396624,-0.003321105,0.9878582,0.1547882,-0.01287357,
1,7,13.52499,-0.1581606,0.5855996,0.248338,-0.0019761,0.9849836,-0.1723467,-0.009998242,
1,7,13.53332,-0.1586031,0.6066313,0.2617808,0.0004674205,0.7758519,-0.6309048,-0.003574129,
1,7,13.54166,-0.1590457,0.6269652,0.2752217,0.002791067,0.3698667,-0.9290731,0.003754092,
1,7,13.54704,-0.1593319,0.6397523,0.2839051,0.003947022,0.0497206,-0.9987226,0.008095414,
1,7,13.55538,-0.1597745,0.6589512,0.2973132,0.004869786,-0.4430555,-0.8963873,0.0129574,
1,7,13.5632,-0.1601901,0.6763487,0.3099061,0.004613559,-0.805511,-0.5923843,0.01454663,
1,7,13.57154,-0.1606327,0.6942004,0.3233041,0.003212566,-0.9920118,-0.1254667,0.01266716,
1,7,13.57718,-0.1609321,0.7058927,0.3323543,0.001773257,-0.9763021,0.2161956,0.00951587,
1,7,13.58551,-0.1613747,0.7225822,0.3457296,-0.0006768354,-0.7480515,0.6636337,0.002965311,
1,7,13.59314,-0.1617799,0.7372686,0.3579771,-0.002784622,-0.371342,0.9284845,-0.003731711,
1,7,13.60147,-0.1622225,0.7526338,0.3713348,-0.004398544,0.1264247,0.9919151,-0.01009181,
1,7,13.60636,-0.1624821,0.7613308,0.3791624,-0.004844961,0.4115934,0.911266,-0.01271924,
1,7,13.6147,-0.1629247,0.7756138,0.3925049,-0.004622847,0.8021971,0.5968642,-0.01454661,
1,7,13.62278,-0.1633538,0.7887928,0.40544,-0.003296118,0.9889022,0.147977,-0.01282618,
1,7,13.63111,-0.1637963,0.8017147,0.4187703,-0.001117786,0.9366562,-0.3501595,-0.007889328,
1,7,13.63668,-0.1640925,0.809976,0.427677,0.0005341509,0.767158,-0.6414491,-0.003380927,
1,7,13.64502,-0.164535,0.8217421,0.4409868,0.002832328,0.3603173,-0.9328174,0.003897986,
1,7,13.65251,-0.1649328,0.831732,0.4529499,0.004305486,-0.08569996,-0.9962649,0.009654236,
1,7,13.66084,-0.1653754,0.8422008,0.4662596,0.004910065,-0.5572919,-0.8301889,0.01371515,
1,7,13.66846,-0.1657802,0.8511778,0.4784178,0.004386711,-0.8689675,-0.4946389,0.01443766,
1,7,13.67602,-0.1661816,0.8595057,0.4904571,0.002960037,-0.9981437,-0.05960299,0.0121662,
1,7,13.68435,-0.1666241,0.8680301,0.5037404,0.0006970532,-0.9026031,0.4304196,0.006794634,
1,7,13.6923,-0.1670462,0.8755233,0.5163711,-0.001630789,-0.6010939,0.7991768,7.278083E-05,
1,7,13.70064,-0.1674888,0.8827143,0.5296152,-0.003665068,-0.1403216,0.9900748,-0.006962704,
1,7,13.70607,-0.1677775,0.8870364,0.5382569,-0.004523804,0.1868769,0.9823145,-0.01071372,
1,7,13.71441,-0.1682201,0.8930968,0.551501,-0.004883361,0.6378004,0.7700566,-0.01413222,
1,7,13.72016,-0.1685255,0.8968835,0.5606422,-0.004417215,0.8619408,0.5067835,-0.01446102,
1,7,13.72849,-0.1689681,0.9017911,0.5738864,-0.002835399,0.9995276,0.02819253,-0.01190938,
1,7,13.73366,-0.1692426,0.9044912,0.582101,-0.001467846,0.9599515,-0.2800251,-0.008770208,
1,7,13.74199,-0.1696852,0.9082919,0.5953451,0.000972042,0.7062122,-0.7079965,-0.00209154,
1,7,13.75033,-0.1701277,0.9114081,0.6085892,0.003170319,0.2778606,-0.9606026,0.005101539,
1,7,13.75553,-0.170404,0.9130078,0.6168569,0.004172446,-0.03204466,-0.9994367,0.009055431,
1,7,13.76386,-0.1708466,0.9150171,0.6301011,0.004903197,-0.5091793,-0.8605419,0.01341703,
1,7,13.7722,-0.1712891,0.9163429,0.6433453,0.004423561,-0.8604312,-0.5093421,0.01446543,
1,7,13.78052,-0.171731,0.9169853,0.6565686,0.002856618,-0.9993632,-0.033498,0.01195339,
1,7,13.78798,-0.1721276,0.9169813,0.6684281,0.0008383024,-0.9147559,0.4039426,0.007166293,
1,7,13.79632,-0.1725701,0.9163297,0.6816067,-0.0015896,-0.6081758,0.7938008,0.000202141,
1,7,13.80175,-0.1728588,0.9155366,0.6902038,-0.002997067,-0.3211297,0.9470199,-0.004478531,
1,7,13.81009,-0.1733014,0.9137563,0.7033824,-0.004496465,0.1730044,0.984854,-0.01057361,
1,7,13.81842,-0.173744,0.9112922,0.716561,-0.004891464,0.6244537,0.7809198,-0.01407048,
1,7,13.82613,-0.1741536,0.9084048,0.7287589,-0.004185205,0.9075674,0.4196441,-0.01423622,
1,7,13.83431,-0.1745877,0.9047049,0.7416847,-0.002482067,0.9982849,-0.05741714,-0.011151,
1,7,13.8418,-0.1749857,0.9007368,0.7535366,-0.0003943211,0.8741882,-0.4855503,-0.005983963,
1,7,13.85013,-0.1754283,0.8956741,0.7667152,0.001998777,0.5347434,-0.8450115,0.00109962,
1,7,13.85786,-0.1758386,0.890371,0.7789339,0.003791562,0.1010298,-0.9948482,0.007462434,
1,7,13.86619,-0.1762809,0.8840107,0.7921064,0.004822151,-0.3872902,-0.9218602,0.01252696,
1,7,13.87381,-0.1766856,0.8775958,0.804157,0.004736604,-0.753825,-0.6568981,0.01450276,
1,7,13.88214,-0.1771282,0.8699269,0.8173355,0.003540985,-0.9762248,-0.2163251,0.01327119,
1,7,13.89048,-0.1775708,0.8615732,0.8305141,0.001484031,-0.9609138,0.2767037,0.00881,
1,7,13.89825,-0.1779837,0.8531661,0.8428121,-0.0007718699,-0.7349282,0.6781393,0.002685934,
1,7,13.90585,-0.1783874,0.8443844,0.854834,-0.002821326,-0.3628812,0.9318232,-0.003859203,
1,7,13.91419,-0.17883,0.8341059,0.8679639,-0.004397572,0.1259695,0.9919731,-0.01008632,
1,7,13.91955,-0.1791149,0.8271285,0.8764045,-0.004861567,0.4318219,0.9018539,-0.0128727,
1,7,13.92789,-0.1795557,0.8157414,0.8895175,-0.004601357,0.8097541,0.5865711,-0.01454441,
1,7,13.93562,-0.1799513,0.8045601,0.9016899,-0.003357298,0.9862516,0.1647092,-0.01293973,
1,7,13.94352,-0.1803552,0.7925394,0.9141165,-0.001366883,0.9537192,-0.3005751,-0.008518617,
1,7,13.9518,-0.1807786,0.7792963,0.9271441,0.001029299,0.6977335,-0.7163542,-0.001919932,
1,7,13.95983,-0.1811892,0.7658091,0.9397777,0.00312295,0.2899177,-0.9570338,0.004929594,
1,7,13.96816,-0.1816154,0.751156,0.9528908,0.004549868,-0.2004675,-0.9796298,0.01084837,
1,7,13.97331,-0.181879,0.7417496,0.9610035,0.004894935,-0.4869169,-0.8733339,0.01326777,
1,7,13.98165,-0.1823052,0.7259998,0.9741166,0.004489591,-0.8436676,-0.5366511,0.01450639,
1,7,13.98881,-0.1826713,0.71193,0.985382,0.003268389,-0.9899972,-0.1404695,0.01277275,
1,7,13.99657,-0.1830684,0.6961166,0.9975999,0.001295725,-0.9490893,0.3148942,0.00834011,
1,7,14.0049,-0.1834946,0.6784915,1.010713,-0.001108831,-0.6857548,0.7278299,0.001680431,
1,7,14.01253,-0.1838847,0.6617668,1.022716,-0.003089339,-0.2983682,0.9544337,-0.004808384,
1,7,14.0199,-0.1842616,0.6450787,1.034314,-0.004414747,0.1338196,0.9909437,-0.01016884,
1,7,14.02824,-0.1846878,0.6255748,1.047427,-0.004906016,0.5877281,0.8089246,-0.01388463,
1,7,14.03345,-0.1849546,0.6130195,1.055638,-0.004612063,0.8060422,0.5916614,-0.01454506,
1,7,14.04179,-0.1853808,0.5924304,1.068751,-0.003263194,0.9901959,0.1390629,-0.01276274,
1,7,14.05012,-0.185807,0.5711741,1.081864,-0.001136575,0.9380276,-0.346468,-0.007936688,
1,7,14.05838,-0.1862291,0.5494629,1.094852,0.001237471,0.6658706,-0.7460651,-0.001289967,
1,7,14.06581,-0.1866096,0.5293287,1.106559,0.003143399,0.2847393,-0.9585868,0.005003488,
1,7,14.07415,-0.1870357,0.506153,1.119638,0.004553421,-0.2023513,-0.9792421,0.01086686,
1,7,14.08248,-0.1874619,0.4823129,1.13262,0.004881148,-0.6411282,-0.767288,0.01414599,
1,7,14.09017,-0.1878552,0.4597231,1.144601,0.004152961,-0.9127195,-0.408319,0.01419725,
1,7,14.09814,-0.1882626,0.4357285,1.157009,0.002516267,-0.9987156,0.04934347,0.01122555,
1,7,14.10647,-0.1886887,0.4099769,1.169991,0.0002288375,-0.8572962,0.5147938,0.005532479,
1,7,14.11479,-0.1891142,0.383613,1.18295,-0.00210765,-0.5139582,0.8578115,-0.001453349,
1,7,14.12312,-0.1895403,0.3565463,1.195932,-0.003949222,-0.04897363,0.9987594,-0.008103529,
1,7,14.13146,-0.1899665,0.3288136,1.208914,-0.00485808,0.4273164,0.903998,-0.01283829,
1,7,14.13921,-0.1903632,0.3024116,1.220999,-0.004675148,0.7819862,0.6231086,-0.0145372,
1,7,14.14658,-0.1907399,0.2768164,1.232472,-0.003613709,0.9713179,0.2373792,-0.01339615,
1,7,14.15491,-0.1911661,0.2472371,1.245454,-0.001625333,0.968861,-0.2474307,-0.009156531,
1,7,14.16231,-0.1915442,0.2204432,1.256973,0.0004749747,0.7748747,-0.6321048,-0.00355172,
1,7,14.17053,-0.1919648,0.1900364,1.269784,0.002689293,0.3929562,-0.919547,0.003401523,
1,7,14.17837,-0.1923658,0.1604497,1.282001,0.004233635,-0.05611849,-0.9983716,0.009326399,
1,7,14.18671,-0.192792,0.1283762,1.294982,0.004905695,-0.5181418,-0.8551745,0.01347394,
1,7,14.19504,-0.1932182,0.09565389,1.307964,0.004430544,-0.8587646,-0.5121468,0.01446919,
1,7,14.20337,-0.1936443,0.06228066,1.320946,0.002921209,-0.9986849,-0.04973905,0.01208558,
1,8,14.21141,0,0.5,7.5,0,0,0,1,BallLaunch
1,8,14.21974,-0.001086754,0.543136,7.445605,-0.00330913,-0.9435973,-0.3309444,0.009434998,
1,8,14.22498,-0.001821831,0.57198,7.408973,-0.00330913,-0.9435973,-0.3309444,0.009434998,
1,8,14.23332,-0.002988274,0.6171954,7.350751,-0.00330913,-0.9435973,-0.3309444,0.009434998,
1,8,14.24165,-0.004152602,0.6616368,7.292529,-0.00330913,-0.9435973,-0.3309444,0.009434998,
1,8,14.24927,-0.005214669,0.7015767,7.239326,-0.00330913,-0.9435973,-0.3309444,0.009434998,
1,8,14.2576,-0.006374882,0.7445644,7.181142,-0.00330913,-0.9435973,-0.3309444,0.009434998,
1,8,14.26593,-0.007533085,0.7867942,7.123445,-0.00330913,-0.9435973,-0.3309444,0.009434998,
1,8,14.27105,-0.008242907,0.8123321,7.088032,-0.00330913,-0.9435973,-0.3309444,0.009434998,
1,8,14.27938,-0.009397661,0.8533299,7.030335,-0.00330913,-0.9435973,-0.3309444,0.009434998,
1,8,14.28771,-0.01055028,0.8935697,6.972638,-0.00330913,-0.9435973,-0.3309444,0.009434998,
1,8,14.29532,-0.01160048,0.9296398,6.919981,-0.00330913,-0.9435973,-0.3309444,0.009434998,
1,8,14.30365,-0.01274927,0.9684425,6.862514,-0.00330913,-0.9435973,-0.3309444,0.009434998,
1,8,14.31104,-0.01376541,1.002196,6.811856,-0.00330913,-0.9435973,-0.3309444,0.009434998,
1,8,14.31932,-0.01490384,1.039382,6.755013,-0.00330913,-0.9435973,-0.3309444,0.009434998,
1,8,14.32738,-0.01601017,1.074837,6.699689,-0.00330913,-0.9435973,-0.3309444,0.009434998,
1,8,14.33572,-0.01715124,1.110761,6.642516,-0.00330913,-0.9435973,-0.3309444,0.009434998,
1,8,14.3435,-0.01821535,1.143649,6.589111,-0.00330913,-0.9435973,-0.3309444,0.009434998,
1,8,14.35184,-0.01935262,1.17812,6.532432,-0.00330913,-0.9435973,-0.3309444,0.009434998,
1,8,14.35917,-0.02035215,1.207868,6.482563,-0.00330913,-0.9435973,-0.3309444,0.009434998,
1,8,14.36751,-0.02148589,1.240968,6.425915,-0.00330913,-0.9435973,-0.3309444,0.009434998,
1,8,14.3751,-0.02251822,1.270509,6.374252,-0.00330913,-0.9435973,-0.3309444,0.009434998,
1,8,14.38329,-0.02362866,1.301624,6.318593,-0.00330913,-0.9435973,-0.3309444,0.009434998,
1,8,14.39121,-0.0247015,1.331064,6.264758,-0.00330913,-0.9435973,-0.3309444,0.009434998,
1,8,14.39955,-0.02582827,1.361323,6.208634,-0.00330913,-0.9435973,-0.3309444,0.009434998,
1,8,14.40733,-0.02687848,1.388912,6.156235,-0.00330913,-0.9435973,-0.3309444,0.009434998,
1,8,14.41508,-0.02792318,1.415777,6.104023,-0.00330913,-0.9435973,-0.3309444,0.009434998,
1,8,14.42341,-0.02904465,1.443949,6.0479,-0.00330913,-0.9435973,-0.3309444,0.009434998,
1,8,14.43096,-0.03005864,1.468828,5.997074,-0.00330913,-0.9435973,-0.3309444,0.009434998,
1,8,14.43929,-0.03117679,1.495614,5.940969,-0.00330913,-0.9435973,-0.3309444,0.009434998,
1,8,14.44724,-0.03224072,1.520474,5.887957,-0.00330913,-0.9435973,-0.3309444,0.009434998,
1,8,14.45483,-0.03325573,1.543593,5.837325,-0.00330913,-0.9435973,-0.3309444,0.009434998,
1,8,14.46316,-0.03436977,1.568294,5.781726,-0.00330913,-0.9435973,-0.3309444,0.009434998,
1,8,14.47149,-0.03548027,1.592278,5.726127,-0.00330913,-0.9435973,-0.3309444,0.009434998,
1,8,14.47964,-0.03656558,1.615043,5.671789,-0.00330913,-0.9435973,-0.3309444,0.009434998,
1,8,14.48737,-0.0375931,1.636003,5.620213,-0.00330913,-0.9435973,-0.3309444,0.009434998,
1,8,14.4957,-0.03869951,1.657898,5.564973,-0.00330913,-0.9435973,-0.3309444,0.009434998,
1,8,14.50302,-0.03967007,1.67652,5.516635,-0.00330913,-0.9435973,-0.3309444,0.009434998,
1,8,14.51134,-0.0407706,1.697057,5.46165,-0.00330913,-0.9435973,-0.3309444,0.009434998,
1,8,14.51967,-0.04187291,1.7169,5.406575,-0.00330913,-0.9435973,-0.3309444,0.009434998,
1,8,14.52799,-0.04297123,1.736002,5.351578,-0.00330913,-0.9435973,-0.3309444,0.009434998,
1,8,14.53632,-0.04406944,1.75443,5.296503,-0.00330913,-0.9435973,-0.3309444,0.009434998,
1,8,14.54435,-0.04512679,1.771492,5.243491,-0.00330913,-0.9435973,-0.3309444,0.009434998,
1,8,14.55178,-0.04610261,1.786723,5.194839,-0.00330913,-0.9435973,-0.3309444,0.009434998,
1,8,14.56011,-0.04719672,1.803119,5.140289,-0.00330913,-0.9435973,-0.3309444,0.009434998,
1,8,14.56687,-0.04808281,1.815892,5.096065,-0.00330913,-0.9435973,-0.3309444,0.009434998,
1,8,14.57509,-0.04915843,1.830822,5.042236,-0.00330913,-0.9435973,-0.3309444,0.009434998,
1,8,14.58343,-0.05024845,1.845238,4.987685,-0.00330913,-0.9435973,-0.3309444,0.009434998,
1,8,14.59124,-0.05126767,1.858115,4.936574,-0.00330913,-0.9435973,-0.3309444,0.009434998,
1,8,14.59898,-0.05227695,1.87028,4.885874,-0.00330913,-0.9435973,-0.3309444,0.009434998,
1,8,14.60623,-0.05322172,1.881108,4.83887,-0.00330913,-0.9435973,-0.3309444,0.009434998,
1,8,14.61456,-0.05430491,1.892907,4.784844,-0.00330913,-0.9435973,-0.3309444,0.009434998,
1,8,14.6229,-0.05538673,1.904009,4.730818,-0.00330913,-0.9435973,-0.3309444,0.009434998,
1,8,14.63123,-0.05646855,1.914409,4.676793,-0.00330913,-0.9435973,-0.3309444,0.009434998,
1,8,14.63911,-0.05748799,1.923604,4.625708,-0.00330913,-0.9435973,-0.3309444,0.009434998,
1,8,14.64744,-0.05856572,1.932643,4.571682,-0.00330913,-0.9435973,-0.3309444,0.009434998,
1,8,14.65578,-0.05964306,1.940985,4.517657,-0.00330913,-0.9435973,-0.3309444,0.009434998,
1,8,14.66067,-0.06027376,1.945573,4.486151,-0.00330913,-0.9435973,-0.3309444,0.009434998,
1,8,14.66901,-0.06134739,1.952816,4.432649,-0.00330913,-0.9435973,-0.3309444,0.009434998,
1,8,14.67734,-0.06242102,1.959357,4.379148,-0.00330913,-0.9435973,-0.3309444,0.009434998,
1,8,14.68567,-0.06349465,1.965215,4.325647,-0.00330913,-0.9435973,-0.3309444,0.009434998,
1,8,14.69271,-0.06439833,1.969631,4.280482,-0.00330913,-0.9435973,-0.3309444,0.009434998,
1,8,14.70104,-0.06546376,1.974217,4.226981,-0.00330913,-0.9435973,-0.3309444,0.009434998,
1,8,14.70937,-0.06652919,1.978116,4.17348,-0.00330913,-0.9435973,-0.3309444,0.009434998,
1,8,14.71459,-0.06719565,1.980193,4.140014,-0.00330913,-0.9435973,-0.3309444,0.009434998,
1,8,14.72292,-0.06826108,1.982969,4.086885,-0.00330913,-0.9435973,-0.3309444,0.009434998,
1,8,14.73072,-0.06925843,1.984945,4.037294,-0.00330913,-0.9435973,-0.3309444,0.009434998,
1,8,14.73869,-0.07027576,1.986348,3.986627,-0.00330913,-0.9435973,-0.3309444,0.009434998,
1,8,14.74702,-0.071333,1.987148,3.93365,-0.00330913,-0.9435973,-0.3309444,0.009434998,
1,8,14.75461,-0.07229567,1.987279,3.885412,-0.00330913,-0.9435973,-0.3309444,0.009434998,
1,8,14.76283,-0.07333804,1.986785,3.83318,-0.00330913,-0.9435973,-0.3309444,0.009434998,
1,8,14.77116,-0.07439528,1.985606,3.78046,-0.00330913,-0.9435973,-0.3309444,0.009434998,
1,8,14.77929,-0.075426,1.983797,3.729068,-0.00330913,-0.9435973,-0.3309444,0.009434998,
1,8,14.78762,-0.07648066,1.981268,3.676354,-0.00330913,-0.9435973,-0.3309444,0.009434998,
1,8,14.7959,-0.07752317,1.978078,3.624027,-0.00330913,-0.9435973,-0.3309444,0.009434998,
1,8,14.80289,-0.07840265,1.974865,3.580053,-0.00330913,-0.9435973,-0.3309444,0.009434998,
1,8,14.81122,-0.0794517,1.970417,3.527601,-0.00330913,-0.9435973,-0.3309444,0.009434998,
1,8,14.81909,-0.08044288,1.96559,3.478041,-0.00330913,-0.9435973,-0.3309444,0.009434998,
1,8,14.8271,-0.08145001,1.960059,3.427751,-0.00330913,-0.9435973,-0.3309444,0.009434998,
1,8,14.83543,-0.08249666,1.953642,3.375562,-0.00330913,-0.9435973,-0.3309444,0.009434998,
1,8,14.84376,-0.08353751,1.946543,3.323372,-0.00330913,-0.9435973,-0.3309444,0.009434998,
1,8,14.85182,-0.08454463,1.939038,3.272873,-0.00330913,-0.9435973,-0.3309444,0.009434998,
1,8,14.86016,-0.08558547,1.930615,3.220814,-0.00330913,-0.9435973,-0.3309444,0.009434998,
1,8,14.86835,-0.08660879,1.921683,3.169761,-0.00330913,-0.9435973,-0.3309444,0.009434998,
1,8,14.87652,-0.08762902,1.91212,3.118862,-0.00330913,-0.9435973,-0.3309444,0.009434998,
1,8,14.88451,-0.08862472,1.902161,3.069064,-0.00330913,-0.9435973,-0.3309444,0.009434998,
1,8,14.89271,-0.08964096,1.891287,3.018141,-0.00330913,-0.9435973,-0.3309444,0.009434998,
1,8,14.90048,-0.0906032,1.880406,2.969999,-0.00330913,-0.9435973,-0.3309444,0.009434998,
1,8,14.90881,-0.09163584,1.868079,2.918334,-0.00330913,-0.9435973,-0.3309444,0.009434998,
1,8,14.91708,-0.0926607,1.855185,2.867058,-0.00330913,-0.9435973,-0.3309444,0.009434998,
1,8,14.92541,-0.09369335,1.841525,2.815595,-0.00330913,-0.9435973,-0.3309444,0.009434998,
1,8,14.93287,-0.09461564,1.82874,2.769594,-0.00330913,-0.9435973,-0.3309444,0.009434998,
1,8,14.94121,-0.09564009,1.813823,2.718191,-0.00330913,-0.9435973,-0.3309444,0.009434998,
1,8,14.94824,-0.09650531,1.800721,2.674777,-0.00330913,-0.9435973,-0.3309444,0.009434998,
1,8,14.95658,-0.09752977,1.784573,2.623581,-0.00330913,-0.9435973,-0.3309444,0.009434998,
1,8,14.9633,-0.09835604,1.77107,2.582334,-0.00330913,-0.9435973,-0.3309444,0.009434998,
1,8,14.97163,-0.09938049,1.753738,2.531193,-0.00330913,-0.9435973,-0.3309444,0.009434998,
1,8,14.97996,-0.1004049,1.735754,2.480052,-0.00330913,-0.9435973,-0.3309444,0.009434998,
1,8,14.98781,-0.1013622,1.718207,2.432096,-0.00330913,-0.9435973,-0.3309444,0.009434998,
1,8,14.99615,-0.1023785,1.698949,2.381218,-0.00330913,-0.9435973,-0.3309444,0.009434998,
1,8,15.00448,-0.1033947,1.679029,2.330339,-0.00330913,-0.9435973,-0.3309444,0.009434998,
1,8,15.01272,-0.1043992,1.658699,2.280076,-0.00330913,-0.9435973,-0.3309444,0.009434998,
1,8,15.0208,-0.1053853,1.638121,2.23096,-0.00330913,-0.9435973,-0.3309444,0.009434998,
1,8,15.02841,-0.1063123,1.618195,2.184767,-0.00330913,-0.9435973,-0.3309444,0.009434998,
1,8,15.03674,-0.1073204,1.59574,2.134151,-0.00330913,-0.9435973,-0.3309444,0.009434998,
1,8,15.04507,-0.1083285,1.572634,2.0836,-0.00330913,-0.9435973,-0.3309444,0.009434998,
1,8,15.05341,-0.1093365,1.548862,2.033246,-0.00330913,-0.9435973,-0.3309444,0.009434998,
1,8,15.06072,-0.1102212,1.527484,1.989053,-0.00330913,-0.9435973,-0.3309444,0.009434998,
1,8,15.06905,-0.1112293,1.502512,1.938747,-0.00330913,-0.9435973,-0.3309444,0.009434998,
1,8,15.07608,-0.1120796,1.480938,1.896381,-0.00330913,-0.9435973,-0.3309444,0.009434998,
1,8,15.08442,-0.1130795,1.454773,1.846212,-0.00330913,-0.9435973,-0.3309444,0.009434998,
1,8,15.09224,-0.1140181,1.429621,1.799189,-0.00330913,-0.9435973,-0.3309444,0.009434998,
1,8,15.10023,-0.1149771,1.403332,1.75121,-0.00330913,-0.9435973,-0.3309444,0.009434998,
1,8,15.10851,-0.11597,1.37549,1.701599,-0.00330913,-0.9435973,-0.3309444,0.009434998,
1,8,15.11605,-0.1168744,1.349582,1.656487,-0.00330913,-0.9435973,-0.3309444,0.009434998,
1,8,15.12438,-0.1178729,1.320321,1.606657,-0.00330913,-0.9435973,-0.3309444,0.009434998,
1,8,15.13078,-0.1186342,1.297423,1.568478,-0.00330913,-0.9435973,-0.3309444,0.009434998,
1,8,15.13879,-0.1195875,1.268228,1.520705,-0.00330913,-0.9435973,-0.3309444,0.009434998,
1,8,15.14712,-0.1205791,1.237235,1.471103,-0.00330913,-0.9435973,-0.3309444,0.009434998,
1,8,15.15545,-0.1215708,1.205592,1.421536,-0.00330913,-0.9435973,-0.3309444,0.009434998,
1,8,15.1624,-0.1223974,1.178739,1.38032,-0.00330913,-0.9435973,-0.3309444,0.009434998,
1,8,15.17073,-0.1233874,1.145937,1.330896,-0.00330913,-0.9435973,-0.3309444,0.009434998,
1,8,15.17907,-0.1243709,1.112508,1.281591,-0.00330913,-0.9435973,-0.3309444,0.009434998,
1,8,15.18587,-0.1251734,1.084748,1.241368,-0.00330913,-0.9435973,-0.3309444,0.009434998,
1,8,15.1942,-0.1261569,1.050161,1.192194,-0.00330913,-0.9435973,-0.3309444,0.009434998,
1,8,15.20078,-0.1269338,1.0224,1.153377,-0.00330913,-0.9435973,-0.3309444,0.009434998,
1,8,15.20912,-0.1279173,0.9866947,1.104335,-0.00330913,-0.9435973,-0.3309444,0.009434998,
1,8,15.21629,-0.1287639,0.9554554,1.062156,-0.00330913,-0.9435973,-0.3309444,0.009434998,
1,8,15.22462,-0.1297473,0.918574,1.013245,-0.00330913,-0.9435973,-0.3309444,0.009434998,
1,8,15.23262,-0.1306908,0.8826063,0.9663712,-0.00330913,-0.9435973,-0.3309444,0.009434998,
1,8,15.24095,-0.1316665,0.8445059,0.9176061,-0.00330913,-0.9435973,-0.3309444,0.009434998,
1,8,15.24928,-0.1326336,0.8057715,0.868917,-0.00330913,-0.9435973,-0.3309444,0.009434998,
1,8,15.25745,-0.1335815,0.7672126,0.8212714,-0.00330913,-0.9435973,-0.3309444,0.009434998,
1,8,15.26564,-0.1345316,0.7279576,0.7735811,-0.00330913,-0.9435973,-0.3309444,0.009434998,
1,8,15.27397,-0.1354987,0.6873957,0.7251179,-0.00330913,-0.9435973,-0.3309444,0.009434998,
1,8,15.27896,-0.1360775,0.6628257,0.6961592,-0.00330913,-0.9435973,-0.3309444,0.009434998,
1,8,15.28729,-0.1370446,0.621271,0.6478217,-0.00330913,-0.9435973,-0.3309444,0.009434998,
1,8,15.2953,-0.1379733,0.580789,0.6014782,-0.00330913,-0.9435973,-0.3309444,0.009434998,
1,8,15.30363,-0.1389404,0.53803,0.5533007,-0.00330913,-0.9435973,-0.3309444,0.009434998,
1,8,15.31196,-0.1399074,0.4946614,0.5051992,-0.00330913,-0.9435973,-0.3309444,0.009434998,
1,8,15.31864,-0.140682,0.4594805,0.4667274,-0.00330913,-0.9435973,-0.3309444,0.009434998,
1,8,15.32594,-0.1415275,0.4205495,0.4246989,-0.00330913,-0.9435973,-0.3309444,0.009434998,
1,8,15.33355,-0.1423956,0.3794808,0.3809674,-0.00330913,-0.9435973,-0.3309444,0.009434998,
1,8,15.34188,-0.1433463,0.3339188,0.3331472,-0.00330913,-0.9435973,-0.3309444,0.009434998,
1,8,15.34974,-0.1442423,0.2904233,0.2881577,-0.00330913,-0.9435973,-0.3309444,0.009434998,
1,8,15.35807,-0.145193,0.2436888,0.2404952,-0.00330913,-0.9435973,-0.3309444,0.009434998,
1,8,15.36599,-0.1460966,0.1987047,0.1952677,-0.00330913,-0.9435973,-0.3309444,0.009434998,
1,8,15.37382,-0.14699,0.1536932,0.1506211,-0.00330913,-0.9435973,-0.3309444,0.009434998,
1,8,15.38215,-0.1479407,0.1052158,0.1031928,-0.00330913,-0.9435973,-0.3309444,0.009434998,
1,8,15.38896,-0.1487176,0.06515831,0.06449922,-0.00330913,-0.9435973,-0.3309444,0.009434998,
1,8,15.3973,-0.1495645,0.04908952,0.02228367,-0.001429522,-0.9895867,-0.1435906,0.009895872,CourtEnter
1,8,15.40409,-0.1500933,0.07937653,0.0005111995,0.001592356,-0.9670796,0.2543074,0.009077662,RacketHit
1,8,15.41242,-0.1505359,0.113233,0.01426602,-0.0009025596,-0.7163455,0.6977414,0.002299121,
1,8,15.41716,-0.1507877,0.1321858,0.02208481,-0.002258256,-0.4842864,0.8749045,-0.001948302,
1,8,15.42549,-0.1512303,0.1649239,0.03580654,-0.004111804,0.009043973,0.999912,-0.008791944,
1,8,15.43383,-0.1516729,0.1969516,0.04950745,-0.00490007,0.4997526,0.8660514,-0.01335613,
1,8,15.44202,-0.152108,0.2277572,0.06296016,-0.004439385,0.8565966,0.5157645,-0.01447784,
1,8,15.44958,-0.1525094,0.2555597,0.07535172,-0.003023814,0.9970312,0.07595047,-0.01229612,
1,8,15.4574,-0.1529248,0.2837208,0.08815984,-0.0008866361,0.9187459,-0.3947808,-0.007293148,
1,8,15.46574,-0.1533674,0.3130411,0.1017881,0.001598156,0.6067067,-0.7949242,-0.0001752643,
1,8,15.47294,-0.1537499,0.3378165,0.1135526,0.003434923,0.2071743,-0.9782792,0.006080459,
1,8,15.48127,-0.1541925,0.3658236,0.127147,0.004714086,-0.2991289,-0.9541284,0.01177965,
1,8,15.48856,-0.1545793,0.389723,0.139015,0.004844045,-0.6826976,-0.7305447,0.01431394,
1,8,15.49689,-0.1550219,0.4164119,0.1525794,0.003829836,-0.9530714,-0.302409,0.01375018,
1,8,15.50503,-0.1554544,0.4418135,0.1658171,0.001888188,-0.9814425,0.1914978,0.009790715,
1,8,15.51336,-0.1558969,0.4671125,0.1793497,-0.0005712791,-0.7622576,0.6472653,0.003273413,
1,8,15.521,-0.1563022,0.4896738,0.1917306,-0.002709966,-0.3883133,0.9215169,-0.003473214,
1,8,15.52849,-0.1566999,0.5112328,0.2038668,-0.004243565,0.0601247,0.9981379,-0.009372411,
1,8,15.53682,-0.1571425,0.5345699,0.2173568,-0.004909439,0.5401566,0.8414401,-0.01361348,
1,8,15.54483,-0.1575681,0.5563533,0.2303169,-0.00436868,0.8729513,0.4875746,-0.01442341,
1,8,15.55317,-0.1580107,0.5783176,0.2437804,-0.002718858,0.9999281,-0.0005843799,-0.01166473,
1,8,15.55825,-0.1582808,0.5913767,0.2519914,-0.00133687,0.95179,-0.3066314,-0.008444339,
1,8,15.56659,-0.1587234,0.6122248,0.2654322,0.001137161,0.6814251,-0.7318853,-0.001594912,
1,8,15.57492,-0.1591659,0.6323754,0.2788731,0.003321314,0.2382669,-0.9711776,0.005655692,
1,8,15.58259,-0.159573,0.6503001,0.291211,0.004595748,-0.2255512,-0.9741573,0.01109459,
1,8,15.59092,-0.1600156,0.6691211,0.3046191,0.004855823,-0.6713979,-0.7409437,0.01427197,
1,8,15.59925,-0.1604581,0.6872425,0.3180271,0.003887378,-0.947169,-0.3204129,0.01383728,
1,8,15.60758,-0.1609007,0.7046814,0.3314053,0.001937041,-0.9834521,0.1808871,0.009906031,
1,8,15.61512,-0.1613008,0.7198431,0.3434969,-0.0002627667,-0.8015305,0.5979394,0.004160102,
1,8,15.62325,-0.1617326,0.7355809,0.3565466,-0.002561168,-0.4211529,0.9069812,-0.002963608,
1,8,15.63158,-0.1621752,0.7510247,0.3699078,-0.004273783,0.07246903,0.9973162,-0.00950905,
1,8,15.63992,-0.1626177,0.7657809,0.3832503,-0.004909958,0.5476077,0.8366094,-0.01365806,
1,8,15.64781,-0.1630371,0.7791249,0.3958927,-0.004372344,0.872151,0.4890047,-0.01442605,
1,8,15.656,-0.163472,0.7923095,0.4090048,-0.002775126,0.9998392,0.01323629,-0.01178338,
1,8,15.66433,-0.1639145,0.8050473,0.4223263,-0.0004630197,0.8809152,-0.4732337,-0.006169719,
1,8,15.6722,-0.1643325,0.8164415,0.4348944,0.001836447,0.5647287,-0.8252743,0.0005782841,
1,8,15.68054,-0.164775,0.8278365,0.4482041,0.00381255,0.0942936,-0.9955086,0.007547109,
1,8,15.68771,-0.1651559,0.837095,0.4596596,0.004761441,-0.3340376,-0.9424703,0.01208508,
1,8,15.69604,-0.1655985,0.8472197,0.4729652,0.004746941,-0.7484668,-0.6629969,0.01449386,
1,8,15.70348,-0.1659934,0.8556755,0.4848133,0.003726357,-0.9625358,-0.2707885,0.01358512,
1,8,15.71143,-0.1664157,0.8641012,0.4974819,0.001821429,-0.9785255,0.2058925,0.009631015,
1,8,15.71976,-0.1668583,0.8722655,0.5107479,-0.0006094947,-0.7571566,0.6532255,0.003161852,
1,8,15.72732,-0.1672596,0.8790766,0.5227592,-0.002698028,-0.3909885,0.9203852,-0.003432048,
1,8,15.73565,-0.1677022,0.8859383,0.5360034,-0.00434374,0.1020829,0.9947178,-0.009831909,
1,8,15.74395,-0.168143,0.8920938,0.5491929,-0.004909411,0.5678477,0.8230037,-0.0137758,
1,8,15.75229,-0.1685855,0.8975898,0.5624371,-0.004260782,0.8944876,0.4468431,-0.01432017,
1,8,15.75887,-0.1689354,0.9014505,0.5729063,-0.002982646,0.9977814,0.06537871,-0.01221202,
1,8,15.76721,-0.1693779,0.9057257,0.5861504,-0.0007328332,0.9057499,-0.4237562,-0.006889166,
1,8,15.77495,-0.1697893,0.9090862,0.5984595,0.001532907,0.6177919,-0.7863401,-0.0003791543,
1,8,15.78291,-0.1702118,0.9119239,0.6111045,0.003513162,0.1850698,-0.9826984,0.006376333,
1,8,15.79124,-0.1706544,0.9142292,0.6243486,0.004730715,-0.3109002,-0.9503565,0.01188331,
1,8,15.7994,-0.1710876,0.9158242,0.6373133,0.004791382,-0.7226136,-0.6910849,0.01443581,
1,8,15.80695,-0.1714888,0.9167172,0.6493195,0.00383246,-0.9528115,-0.3032266,0.0137531,
1,8,15.81529,-0.1719313,0.9170516,0.6625637,0.001884458,-0.9812856,0.1923003,0.009781075,
1,8,15.82362,-0.1723739,0.9167037,0.6757636,-0.0005266776,-0.768145,0.6402667,0.003402586,
1,8,15.8301,-0.1727181,0.9159584,0.6860128,-0.002342026,-0.4673065,0.8840895,-0.002226047,
1,8,15.83844,-0.1731607,0.9143952,0.6991915,-0.004126771,0.01464267,0.9998451,-0.00885578,
1,8,15.84677,-0.1736032,0.91215,0.71237,-0.0048974,0.4927819,0.8700373,-0.01330801,
1,8,15.85391,-0.1739823,0.9096832,0.7236579,-0.004601098,0.8098364,0.5864574,-0.0145447,
1,8,15.86156,-0.1743885,0.9064833,0.7357545,-0.003364765,0.9859046,0.1667726,-0.01295389,
1,8,15.86989,-0.1748311,0.902343,0.748933,-0.001238507,0.9452233,-0.3263192,-0.008196044,
1,8,15.87822,-0.1752737,0.8975192,0.7621117,0.001189738,0.6733214,-0.7393476,-0.001435366,
1,8,15.88575,-0.1756731,0.8925785,0.7740076,0.003146741,0.2838872,-0.9588394,0.00501577,
1,8,15.89408,-0.1761157,0.8864636,0.7871862,0.004567262,-0.2098018,-0.9776721,0.01094053,
1,8,15.90217,-0.1765456,0.8798772,0.799988,0.004881075,-0.64121,-0.7672196,0.01414686,
1,8,15.91051,-0.1769882,0.8724232,0.8131666,0.004031318,-0.9301129,-0.3669831,0.01404172,
1,8,15.91812,-0.1773926,0.8650161,0.8252097,0.002386857,-0.9967564,0.07969575,0.01093951,
1,8,15.92646,-0.1778352,0.8562549,0.8383883,4.590759E-05,-0.8375221,0.5463802,0.005027632,
1,8,15.93479,-0.1782777,0.8468276,0.8515669,-0.002305119,-0.4748317,0.8800711,-0.00210327,
1,8,15.94193,-0.178657,0.8382082,0.8628377,-0.003892405,-0.06816022,0.9976358,-0.00787011,
1,8,15.95026,-0.1790996,0.827512,0.8759506,-0.004848985,0.4162288,0.9091576,-0.01275417,
1,8,15.9586,-0.179541,0.8161453,0.8890637,-0.004630164,0.7995398,0.6004192,-0.0145455,
1,8,15.96614,-0.1799269,0.8052675,0.9009374,-0.003458109,0.9811504,0.1927683,-0.01312393,
1,8,15.97448,-0.180353,0.7926049,0.9140505,-0.001378681,0.9544681,-0.2981873,-0.008548096,
1,8,15.98188,-0.1807316,0.7807995,0.9256977,0.0007650017,0.7358875,-0.677098,-0.002706149,
1,8,15.99021,-0.1811577,0.7668631,0.9388106,0.002982227,0.3247373,-0.9457892,0.004425598,
1,8,15.99655,-0.1814819,0.7558211,0.9487833,0.004209467,-0.04649238,-0.9988673,0.009218667,
1,8,16.00488,-0.181908,0.7407007,0.9618963,0.004905175,-0.516115,-0.8563995,0.0134614,
1,8,16.01322,-0.1823342,0.7249044,0.9750094,0.004419995,-0.8612863,-0.507895,0.01446222,
1,8,16.02002,-0.1826819,0.7115141,0.9857094,0.003222846,-0.9916592,-0.1282212,0.01268575,
1,8,16.02835,-0.1831081,0.6945001,0.9988225,0.001075897,-0.9335602,0.3583346,0.007781575,
1,8,16.03607,-0.1835029,0.6781422,1.010968,-0.001154805,-0.6787207,0.734394,0.001541333,
1,8,16.04358,-0.1838873,0.6616535,1.022796,-0.003100847,-0.2954857,0.9553298,-0.004849804,
1,8,16.05192,-0.1843134,0.6427432,1.035909,-0.004535868,0.1930951,0.9811105,-0.01077514,
1,8,16.05959,-0.1847057,0.6247405,1.047978,-0.004900785,0.6043847,0.7965551,-0.01397156,
1,8,16.06764,-0.1851177,0.6052262,1.060654,-0.004213783,0.9027987,0.429806,-0.01426827,
1,8,16.07546,-0.1855175,0.5856891,1.072956,-0.002644327,0.9997554,-0.01870372,-0.01150394,
1,8,16.08379,-0.1859436,0.5642157,1.086069,-0.0003700971,0.8717744,-0.4898716,-0.005917976,
1,8,16.09129,-0.1863271,0.5443217,1.097869,0.001767203,0.5771824,-0.8166133,0.0003577318,
1,8,16.09919,-0.1867311,0.5227946,1.110297,0.003640435,0.1477694,-0.9889913,0.006865909,
1,8,16.10752,-0.1871572,0.4994254,1.123339,0.004765689,-0.337358,-0.9412864,0.01211259,
1,8,16.11586,-0.1875834,0.4753966,1.136321,0.004758702,-0.7421208,-0.6700928,0.01448026,
1,8,16.12419,-0.1880096,0.4507014,1.149303,0.00362306,-0.9706448,-0.2401161,0.0134122,
1,8,16.13252,-0.1884358,0.4253429,1.162285,0.001629655,-0.9690918,0.2465246,0.009167179,
1,8,16.13986,-0.1888108,0.402481,1.17371,-0.0004613196,-0.7766388,0.6299358,0.003591176,
1,8,16.14753,-0.1892032,0.3780103,1.185664,-0.002550839,-0.4233933,0.9059377,-0.002928173,
1,8,16.15586,-0.1896294,0.3508044,1.198645,-0.004227193,0.05353576,0.9985137,-0.009297581,
1,8,16.1642,-0.1900556,0.3229365,1.211627,-0.004905548,0.5175671,0.8555226,-0.01347038,
1,8,16.17097,-0.1904022,0.2997901,1.222185,-0.004603248,0.8091084,0.5874614,-0.01454406,
1,8,16.17931,-0.1908284,0.2707325,1.235167,-0.003257637,0.9904061,0.1375593,-0.01275187,
1,8,16.18764,-0.1912545,0.2410152,1.248149,-0.001146936,0.938775,-0.3444369,-0.007962885,
1,8,16.19524,-0.1916432,0.213341,1.259989,0.00102627,0.6981835,-0.7159156,-0.001928851,
1,8,16.20358,-0.1920694,0.1823742,1.272971,0.003161867,0.280028,-0.9599732,0.005070408,
1,8,16.21078,-0.1924381,0.155059,1.284202,0.004424955,-0.1385535,-0.9902924,0.01021815,
1,8,16.21912,-0.1928642,0.1228745,1.297183,0.004906178,-0.5870942,-0.8093847,0.01388082,
1,8,16.22641,-0.1932371,0.0941876,1.30854,0.004383728,-0.8696427,-0.4934511,0.01443374,
1,8,16.23474,-0.1936632,0.06078676,1.321522,0.002835194,-0.9995292,-0.02813384,0.01190778,
1,9,16.24264,0,0.5,7.5,0,0,0,1,BallLaunch
1,9,16.25068,-0.001078573,0.5428134,7.446012,-0.00330913,-0.9435973,-0.3309444,0.009434998,
1,9,16.25659,-0.001907345,0.5753178,7.404708,-0.00330913,-0.9435973,-0.3309444,0.009434998,
1,9,16.26493,-0.003073628,0.6204754,7.346487,-0.00330913,-0.9435973,-0.3309444,0.009434998,
1,9,16.27326,-0.004237806,0.664862,7.288265,-0.00330913,-0.9435973,-0.3309444,0.009434998,
1,9,16.27996,-0.005171888,0.6999797,7.241471,-0.00330913,-0.9435973,-0.3309444,0.009434998,
1,9,16.28793,-0.006282035,0.7411505,7.185768,-0.00330913,-0.9435973,-0.3309444,0.009434998,
1,9,16.29626,-0.007440408,0.7834386,7.128066,-0.00330913,-0.9435973,-0.3309444,0.009434998,
1,9,16.30423,-0.008545147,0.8231242,7.072942,-0.00330913,-0.9435973,-0.3309444,0.009434998,
1,9,16.31256,-0.009699365,0.863928,7.015244,-0.00330913,-0.9435973,-0.3309444,0.009434998,
1,9,16.32037,-0.0107798,0.9015017,6.961137,-0.00330913,-0.9435973,-0.3309444,0.009434998,
1,9,16.32871,-0.01193001,0.9408424,6.90344,-0.00330913,-0.9435973,-0.3309444,0.009434998,
1,9,16.33551,-0.01286694,0.9723788,6.85665,-0.00330913,-0.9435973,-0.3309444,0.009434998,
1,9,16.34384,-0.0140135,1.010359,6.799478,-0.00330913,-0.9435973,-0.3309444,0.009434998,
1,9,16.3518,-0.01510753,1.045955,6.744832,-0.00330913,-0.9435973,-0.3309444,0.009434998,
1,9,16.36014,-0.0162503,1.082459,6.687659,-0.00330913,-0.9435973,-0.3309444,0.009434998,
1,9,16.36496,-0.01691032,1.103237,6.654594,-0.00330913,-0.9435973,-0.3309444,0.009434998,
1,9,16.37329,-0.01804977,1.138579,6.597422,-0.00330913,-0.9435973,-0.3309444,0.009434998,
1,9,16.37817,-0.01871553,1.158901,6.564168,-0.00330913,-0.9435973,-0.3309444,0.009434998,
1,9,16.3865,-0.01985206,1.19305,6.507521,-0.00330913,-0.9435973,-0.3309444,0.009434998,
1,9,16.39483,-0.02098671,1.226472,6.450872,-0.00330913,-0.9435973,-0.3309444,0.009434998,
1,9,16.4009,-0.02181186,1.250355,6.409618,-0.00330913,-0.9435973,-0.3309444,0.009434998,
1,9,16.40924,-0.02294313,1.282491,6.35297,-0.00330913,-0.9435973,-0.3309444,0.009434998,
1,9,16.41437,-0.0236396,1.301928,6.318044,-0.00330913,-0.9435973,-0.3309444,0.009434998,
1,9,16.42271,-0.02476813,1.332871,6.26144,-0.00330913,-0.9435973,-0.3309444,0.009434998,
1,9,16.43081,-0.02586442,1.362284,6.206831,-0.00330913,-0.9435973,-0.3309444,0.009434998,
1,9,16.4388,-0.02694288,1.390586,6.153022,-0.00330913,-0.9435973,-0.3309444,0.009434998,
1,9,16.44705,-0.02805442,1.419103,6.097464,-0.00330913,-0.9435973,-0.3309444,0.009434998,
1,9,16.45539,-0.02917565,1.447192,6.04134,-0.00330913,-0.9435973,-0.3309444,0.009434998,
1,9,16.46264,-0.03015046,1.471056,5.992467,-0.00330913,-0.9435973,-0.3309444,0.009434998,
1,9,16.47098,-0.03126847,1.497777,5.936405,-0.00330913,-0.9435973,-0.3309444,0.009434998,
1,9,16.4792,-0.03236895,1.523428,5.88156,-0.00330913,-0.9435973,-0.3309444,0.009434998,
1,9,16.48723,-0.03344339,1.547807,5.827964,-0.00330913,-0.9435973,-0.3309444,0.009434998,
1,9,16.49556,-0.03455674,1.572378,5.772365,-0.00330913,-0.9435973,-0.3309444,0.009434998,
1,9,16.5039,-0.03566724,1.596252,5.716765,-0.00330913,-0.9435973,-0.3309444,0.009434998,
1,9,16.51136,-0.0366616,1.617022,5.666982,-0.00330913,-0.9435973,-0.3309444,0.009434998,
1,9,16.51969,-0.03776882,1.639532,5.611383,-0.00330913,-0.9435973,-0.3309444,0.009434998,
1,9,16.52803,-0.03887523,1.661313,5.556226,-0.00330913,-0.9435973,-0.3309444,0.009434998,
1,9,16.53636,-0.03997999,1.682376,5.501152,-0.00330913,-0.9435973,-0.3309444,0.009434998,
1,9,16.54469,-0.0410823,1.702741,5.446076,-0.00330913,-0.9435973,-0.3309444,0.009434998,
1,9,16.55102,-0.04191946,1.717725,5.40425,-0.00330913,-0.9435973,-0.3309444,0.009434998,
1,9,16.55935,-0.04301914,1.73682,5.349175,-0.00330913,-0.9435973,-0.3309444,0.009434998,
1,9,16.56769,-0.04411735,1.755219,5.2941,-0.00330913,-0.9435973,-0.3309444,0.009434998,
1,9,16.57551,-0.04514776,1.771823,5.242446,-0.00330913,-0.9435973,-0.3309444,0.009434998,
1,9,16.58384,-0.04624188,1.788846,5.187896,-0.00330913,-0.9435973,-0.3309444,0.009434998,
1,9,16.59164,-0.04726613,1.804134,5.136828,-0.00330913,-0.9435973,-0.3309444,0.009434998,
1,9,16.59998,-0.0483583,1.819787,5.082278,-0.00330913,-0.9435973,-0.3309444,0.009434998,
1,9,16.60524,-0.0490463,1.829299,5.047847,-0.00330913,-0.9435973,-0.3309444,0.009434998,
1,9,16.61357,-0.05013632,1.843788,4.993297,-0.00330913,-0.9435973,-0.3309444,0.009434998,
1,9,16.61858,-0.05079158,1.852168,4.96049,-0.00330913,-0.9435973,-0.3309444,0.009434998,
1,9,16.62691,-0.0518775,1.865534,4.90594,-0.00330913,-0.9435973,-0.3309444,0.009434998,
1,9,16.63525,-0.05296342,1.878199,4.85172,-0.00330913,-0.9435973,-0.3309444,0.009434998,
1,9,16.64267,-0.05392959,1.888892,4.803587,-0.00330913,-0.9435973,-0.3309444,0.009434998,
1,9,16.65101,-0.05501141,1.900231,4.749561,-0.00330913,-0.9435973,-0.3309444,0.009434998,
1,9,16.65795,-0.05591302,1.909163,4.704536,-0.00330913,-0.9435973,-0.3309444,0.009434998,
1,9,16.66628,-0.05699323,1.919217,4.65051,-0.00330913,-0.9435973,-0.3309444,0.009434998,
1,9,16.67362,-0.05794217,1.927492,4.602941,-0.00330913,-0.9435973,-0.3309444,0.009434998,
1,9,16.68169,-0.05898505,1.935973,4.550662,-0.00330913,-0.9435973,-0.3309444,0.009434998,
1,9,16.69002,-0.0600608,1.944049,4.496763,-0.00330913,-0.9435973,-0.3309444,0.009434998,
1,9,16.69835,-0.06113442,1.951428,4.443262,-0.00330913,-0.9435973,-0.3309444,0.009434998,
1,9,16.70593,-0.06211055,1.957541,4.39462,-0.00330913,-0.9435973,-0.3309444,0.009434998,
1,9,16.71415,-0.06316952,1.963518,4.341849,-0.00330913,-0.9435973,-0.3309444,0.009434998,
1,9,16.72248,-0.06424169,1.968899,4.288348,-0.00330913,-0.9435973,-0.3309444,0.009434998,
1,9,16.73033,-0.06524532,1.97333,4.23795,-0.00330913,-0.9435973,-0.3309444,0.009434998,
1,9,16.73866,-0.06631075,1.977369,4.184449,-0.00330913,-0.9435973,-0.3309444,0.009434998,
1,9,16.747,-0.06737618,1.980711,4.130948,-0.00330913,-0.9435973,-0.3309444,0.009434998,
1,9,16.75251,-0.06808072,1.982547,4.095853,-0.00330913,-0.9435973,-0.3309444,0.009434998,
1,9,16.76084,-0.06914616,1.984752,4.042876,-0.00330913,-0.9435973,-0.3309444,0.009434998,
1,9,16.76873,-0.07015434,1.986212,3.992711,-0.00330913,-0.9435973,-0.3309444,0.009434998,
1,9,16.77688,-0.07118815,1.987077,3.940908,-0.00330913,-0.9435973,-0.3309444,0.009434998,
1,9,16.78423,-0.07212035,1.987301,3.894196,-0.00330913,-0.9435973,-0.3309444,0.009434998,
1,9,16.79256,-0.07317759,1.986905,3.84122,-0.00330913,-0.9435973,-0.3309444,0.009434998,
1,9,16.80022,-0.07414845,1.985945,3.792767,-0.00330913,-0.9435973,-0.3309444,0.009434998,
1,9,16.80802,-0.07513907,1.984371,3.743375,-0.00330913,-0.9435973,-0.3309444,0.009434998,
1,9,16.81636,-0.07619596,1.982025,3.69066,-0.00330913,-0.9435973,-0.3309444,0.009434998,
1,9,16.82425,-0.07718904,1.979178,3.640758,-0.00330913,-0.9435973,-0.3309444,0.009434998,
1,9,16.8325,-0.07822782,1.975543,3.588795,-0.00330913,-0.9435973,-0.3309444,0.009434998,
1,9,16.83983,-0.07915095,1.971756,3.542638,-0.00330913,-0.9435973,-0.3309444,0.009434998,
1,9,16.8481,-0.08019149,1.966865,3.490611,-0.00330913,-0.9435973,-0.3309444,0.009434998,
1,9,16.85634,-0.08122928,1.961319,3.438733,-0.00330913,-0.9435973,-0.3309444,0.009434998,
1,9,16.86467,-0.08227766,1.95505,3.386543,-0.00330913,-0.9435973,-0.3309444,0.009434998,
1,9,16.873,-0.08331751,1.948107,3.334403,-0.00330913,-0.9435973,-0.3309444,0.009434998,
1,9,16.88133,-0.08435836,1.94047,3.282213,-0.00330913,-0.9435973,-0.3309444,0.009434998,
1,9,16.88805,-0.08519716,1.933832,3.240187,-0.00330913,-0.9435973,-0.3309444,0.009434998,
1,9,16.89638,-0.08623801,1.924995,3.188259,-0.00330913,-0.9435973,-0.3309444,0.009434998,
1,9,16.90472,-0.08727886,1.915476,3.136332,-0.00330913,-0.9435973,-0.3309444,0.009434998,
1,9,16.91295,-0.08830707,1.905419,3.085034,-0.00330913,-0.9435973,-0.3309444,0.009434998,
1,9,16.92085,-0.08928612,1.895155,3.035894,-0.00330913,-0.9435973,-0.3309444,0.009434998,
1,9,16.92918,-0.09031877,1.88368,2.984229,-0.00330913,-0.9435973,-0.3309444,0.009434998,
1,9,16.93656,-0.09123357,1.87296,2.93846,-0.00330913,-0.9435973,-0.3309444,0.009434998,
1,9,16.9449,-0.09226622,1.860226,2.886795,-0.00330913,-0.9435973,-0.3309444,0.009434998,
1,9,16.95323,-0.09329887,1.846829,2.835231,-0.00330913,-0.9435973,-0.3309444,0.009434998,
1,9,16.96151,-0.09432535,1.832835,2.784135,-0.00330913,-0.9435973,-0.3309444,0.009434998,
1,9,16.96972,-0.09533485,1.818335,2.733506,-0.00330913,-0.9435973,-0.3309444,0.009434998,
1,9,16.97743,-0.09628305,1.80413,2.685929,-0.00330913,-0.9435973,-0.3309444,0.009434998,
1,9,16.98577,-0.09730751,1.788134,2.634676,-0.00330913,-0.9435973,-0.3309444,0.009434998,
1,9,16.99142,-0.09800273,1.7769,2.599971,-0.00330913,-0.9435973,-0.3309444,0.009434998,
1,9,16.99976,-0.09902718,1.759788,2.54883,-0.00330913,-0.9435973,-0.3309444,0.009434998,
1,9,17.00712,-0.09993251,1.74413,2.503636,-0.00330913,-0.9435973,-0.3309444,0.009434998,
1,9,17.01546,-0.1009526,1.725785,2.452604,-0.00330913,-0.9435973,-0.3309444,0.009434998,
1,9,17.02283,-0.1018524,1.708997,2.407554,-0.00330913,-0.9435973,-0.3309444,0.009434998,
1,9,17.03117,-0.1028687,1.689424,2.356676,-0.00330913,-0.9435973,-0.3309444,0.009434998,
1,9,17.0395,-0.103885,1.669185,2.305797,-0.00330913,-0.9435973,-0.3309444,0.009434998,
1,9,17.04704,-0.1048042,1.650323,2.2599,-0.00330913,-0.9435973,-0.3309444,0.009434998,
1,9,17.05495,-0.1057688,1.629945,2.21186,-0.00330913,-0.9435973,-0.3309444,0.009434998,
1,9,17.06328,-0.1067808,1.60784,2.161244,-0.00330913,-0.9435973,-0.3309444,0.009434998,
1,9,17.07049,-0.107653,1.588188,2.117449,-0.00330913,-0.9435973,-0.3309444,0.009434998,
1,9,17.07882,-0.1086611,1.56486,2.066985,-0.00330913,-0.9435973,-0.3309444,0.009434998,
1,9,17.08662,-0.1096044,1.54244,2.019864,-0.00330913,-0.9435973,-0.3309444,0.009434998,
1,9,17.09496,-0.1106125,1.51787,1.96951,-0.00330913,-0.9435973,-0.3309444,0.009434998,
1,9,17.1025,-0.1115257,1.495046,1.923978,-0.00330913,-0.9435973,-0.3309444,0.009434998,
1,9,17.11065,-0.1125068,1.469834,1.874925,-0.00330913,-0.9435973,-0.3309444,0.009434998,
1,9,17.11898,-0.1135066,1.443395,1.824812,-0.00330913,-0.9435973,-0.3309444,0.009434998,
1,9,17.12669,-0.1144315,1.418361,1.778479,-0.00330913,-0.9435973,-0.3309444,0.009434998,
1,9,17.13444,-0.1153612,1.392628,1.732015,-0.00330913,-0.9435973,-0.3309444,0.009434998,
1,9,17.14222,-0.116295,1.366244,1.685361,-0.00330913,-0.9435973,-0.3309444,0.009434998,
1,9,17.15055,-0.1172949,1.337347,1.635532,-0.00330913,-0.9435973,-0.3309444,0.009434998,
1,9,17.15858,-0.1182541,1.308905,1.587529,-0.00330913,-0.9435973,-0.3309444,0.009434998,
1,9,17.1666,-0.1192076,1.279939,1.539744,-0.00330913,-0.9435973,-0.3309444,0.009434998,
1,9,17.17493,-0.1201992,1.249176,1.490092,-0.00330913,-0.9435973,-0.3309444,0.009434998,
1,9,17.18272,-0.1211265,1.219851,1.443744,-0.00330913,-0.9435973,-0.3309444,0.009434998,
1,9,17.19105,-0.1221182,1.187866,1.39424,-0.00330913,-0.9435973,-0.3309444,0.009434998,
1,9,17.19939,-0.1231099,1.155232,1.344804,-0.00330913,-0.9435973,-0.3309444,0.009434998,
1,9,17.20722,-0.124035,1.123991,1.298431,-0.00330913,-0.9435973,-0.3309444,0.009434998,
1,9,17.21556,-0.1250184,1.090142,1.249126,-0.00330913,-0.9435973,-0.3309444,0.009434998,
1,9,17.22307,-0.1259056,1.05906,1.204761,-0.00330913,-0.9435973,-0.3309444,0.009434998,
1,9,17.23097,-0.1268376,1.025863,1.158175,-0.00330913,-0.9435973,-0.3309444,0.009434998,
1,9,17.2393,-0.1278211,0.990217,1.109132,-0.00330913,-0.9435973,-0.3309444,0.009434998,
1,9,17.2473,-0.1287643,0.955437,1.062132,-0.00330913,-0.9435973,-0.3309444,0.009434998,
1,9,17.25563,-0.1297478,0.9185555,1.01322,-0.00330913,-0.9435973,-0.3309444,0.009434998,
1,9,17.26289,-0.1306043,0.885927,0.9706624,-0.00330913,-0.9435973,-0.3309444,0.009434998,
1,9,17.27122,-0.1315815,0.8478794,0.9218907,-0.00330913,-0.9435973,-0.3309444,0.009434998,
1,9,17.27673,-0.1322208,0.8223769,0.8896839,-0.00330913,-0.9435973,-0.3309444,0.009434998,
1,9,17.28506,-0.1331879,0.7832927,0.8410408,-0.00330913,-0.9435973,-0.3309444,0.009434998,
1,9,17.29174,-0.1339633,0.7515079,0.8020927,-0.00330913,-0.9435973,-0.3309444,0.009434998,
1,9,17.30008,-0.1349304,0.7113078,0.7535908,-0.00330913,-0.9435973,-0.3309444,0.009434998,
1,9,17.30841,-0.1358975,0.6704921,0.705165,-0.00330913,-0.9435973,-0.3309444,0.009434998,
1,9,17.31612,-0.1367923,0.6321714,0.6604268,-0.00330913,-0.9435973,-0.3309444,0.009434998,
1,9,17.32445,-0.1377594,0.5901645,0.6121482,-0.00330913,-0.9435973,-0.3309444,0.009434998,
1,9,17.33209,-0.1386451,0.5511516,0.5680003,-0.00330913,-0.9435973,-0.3309444,0.009434998,
1,9,17.34042,-0.1396122,0.5079669,0.5198716,-0.00330913,-0.9435973,-0.3309444,0.009434998,
1,9,17.34875,-0.1405793,0.4641698,0.4718271,-0.00330913,-0.9435973,-0.3309444,0.009434998,
1,9,17.35638,-0.1414638,0.4235469,0.427914,-0.00330913,-0.9435973,-0.3309444,0.009434998,
1,9,17.36471,-0.1424145,0.3785844,0.380019,-0.00330913,-0.9435973,-0.3309444,0.009434998,
1,9,17.37292,-0.1433503,0.3337263,0.3329465,-0.00330913,-0.9435973,-0.3309444,0.009434998,
1,9,17.38053,-0.1442185,0.2915859,0.2893523,-0.00330913,-0.9435973,-0.3309444,0.009434998,
1,9,17.38886,-0.1451692,0.2448665,0.241688,-0.00330913,-0.9435973,-0.3309444,0.009434998,
1,9,17.39691,-0.1460873,0.1991673,0.19573,-0.00330913,-0.9435973,-0.3309444,0.009434998,
1,9,17.40459,-0.1469636,0.155034,0.1519427,-0.00330913,-0.9435973,-0.3309444,0.009434998,
1,9,17.41292,-0.1479143,0.1065739,0.1045122,-0.00330913,-0.9435973,-0.3309444,0.009434998,
1,9,17.42011,-0.1487345,0.06428246,0.06365841,-0.00330913,-0.9435973,-0.3309444,0.009434998,
1,9,17.42845,-0.1495768,0.04976434,0.02167154,-0.001343456,-0.9907957,-0.1349965,0.009907959,CourtEnter
1,9,17.43545,-0.1501124,0.08085492,0.001106618,0.001488335,-0.9611749,0.2757949,0.008822011,RacketHit
1,9,17.44378,-0.150555,0.114682,0.01486056,-0.001009956,-0.7006302,0.7135211,0.001978462,
1,9,17.45211,-0.1509976,0.1477969,0.028593,-0.003244873,-0.2585706,0.965972,-0.005373976,
1,9,17.45948,-0.1513888,0.1764741,0.04071528,-0.004533854,0.1920321,0.9813191,-0.01076629,
1,9,17.46776,-0.1518286,0.2080516,0.0543226,-0.004876609,0.6473711,0.7620276,-0.01417547,
1,9,17.47609,-0.1522711,0.2391222,0.0679965,-0.003965287,0.9383613,0.3453515,-0.01395178,
1,9,17.48443,-0.1527137,0.2694843,0.0816519,-0.002031135,0.9870271,-0.1602211,-0.01012767,
1,9,17.49226,-0.1531296,0.2973773,0.09446882,0.0002743941,0.8001263,-0.5998173,-0.004127449,
1,9,17.50024,-0.1535537,0.3251708,0.1075185,0.002555543,0.4223954,-0.9064033,0.002944424,
1,9,17.50858,-0.1539963,0.3534879,0.1211205,0.004283478,-0.07644867,-0.9970186,0.009553566,
1,9,17.51616,-0.1543989,0.3786421,0.1334817,0.004905249,-0.5163902,-0.8562335,0.01346502,
1,9,17.52449,-0.1548415,0.4056143,0.1470527,0.004383377,-0.8697058,-0.4933398,0.01443595,
1,9,17.53161,-0.1552194,0.4280891,0.1586278,0.003035038,-0.9968048,-0.07886254,0.01231863,
1,9,17.53994,-0.1556619,0.4537651,0.1721677,0.0007573058,-0.9078838,0.4191637,0.0069544,
1,9,17.54807,-0.1560939,0.4781487,0.1853698,-0.001656608,-0.5966509,0.8024992,-8.028496E-06,
1,9,17.55607,-0.1565186,0.5014694,0.1983334,-0.003637786,-0.1485818,0.9888697,-0.006856378,
1,9,17.56441,-0.1569611,0.5250856,0.2118292,-0.004785486,0.3536236,0.9352953,-0.0122521,
1,9,17.57274,-0.1574037,0.5480121,0.2253119,-0.004712762,0.7654294,0.6433387,-0.01452191,
1,9,17.581,-0.1578427,0.5700534,0.2386734,-0.003454729,0.9813344,0.1918302,-0.01311936,
1,9,17.58896,-0.1582652,0.5906288,0.2515215,-0.001421424,0.9571403,-0.2894918,-0.008655702,
1,9,17.59729,-0.1587078,0.6115003,0.2649623,0.001051249,0.6944611,-0.7195271,-0.001854309,
1,9,17.60483,-0.1591082,0.6297789,0.277122,0.003073812,0.3022532,-0.9532109,0.004753046,
1,9,17.61317,-0.1595508,0.6493253,0.2905386,0.00454987,-0.2004519,-0.9796329,0.01084947,
1,9,17.62069,-0.1599505,0.6663864,0.3026501,0.004896696,-0.6141026,-0.7890865,0.01402175,
1,9,17.62903,-0.1603931,0.684611,0.3160582,0.004100689,-0.920561,-0.3903217,0.01413423,
1,9,17.63722,-0.1608281,0.7018557,0.3292169,0.002306372,-0.9950992,0.09826689,0.01075976,
1,9,17.64506,-0.1612445,0.7177288,0.3418002,5.498392E-05,-0.8385395,0.5448174,0.005053432,
1,9,17.65339,-0.161687,0.7339371,0.3551754,-0.002338405,-0.4680633,0.8836891,-0.002213987,
1,9,17.66074,-0.1620772,0.7476521,0.3669597,-0.003975635,-0.03989124,0.9991624,-0.00821408,
1,9,17.66907,-0.1625198,0.7625607,0.3803022,-0.004874745,0.4503098,0.8927643,-0.01301067,
1,9,17.67606,-0.1628908,0.7745318,0.3914886,-0.004683852,0.7783107,0.6276937,-0.01453594,
1,9,17.68439,-0.1633334,0.7881674,0.4048311,-0.003380774,0.9851437,0.1712074,-0.01298431,
1,9,17.6922,-0.163748,0.8003234,0.4173237,-0.001380902,0.9546145,-0.2977181,-0.00855452,
1,9,17.70053,-0.1641906,0.8126324,0.4306334,0.001076177,0.6907132,-0.7231259,-0.001779223,
1,9,17.70884,-0.1646318,0.824211,0.4439025,0.003256846,0.2554222,-0.966809,0.005417631,
1,9,17.71646,-0.1650366,0.8342392,0.4560783,0.004554138,-0.2027249,-0.9791648,0.0108717,
1,9,17.72452,-0.1654645,0.844214,0.4689443,0.004882932,-0.6384893,-0.7694855,0.01413576,
1,9,17.73245,-0.165886,0.8534175,0.4815945,0.004090173,-0.9220695,-0.3867451,0.01412041,
1,9,17.74079,-0.1663285,0.8623981,0.4948714,0.002266242,-0.9941502,0.1074541,0.01066858,
1,9,17.74862,-0.1667442,0.8702106,0.5073386,2.888983E-05,-0.8356317,0.5492675,0.004980685,
1,9,17.75674,-0.1671756,0.8776828,0.5202497,-0.002292295,-0.4774443,0.8786566,-0.002060774,
1,9,17.76427,-0.1675758,0.8840342,0.5322264,-0.003969656,-0.04196069,0.9990779,-0.008189041,
1,9,17.77261,-0.1680184,0.8904065,0.5454707,-0.004871556,0.4455585,0.8951455,-0.01297565,
1,9,17.7801,-0.1684161,0.8955522,0.5573727,-0.004649833,0.7921194,0.6101752,-0.01454461,
1,9,17.78843,-0.1688587,0.9006271,0.5706169,-0.003312272,0.9882317,0.1523875,-0.01285658,
1,9,17.79624,-0.1692733,0.9047633,0.5830243,-0.001305429,0.9497353,-0.3129398,-0.00836515,
1,9,17.80457,-0.1697158,0.908516,0.5962684,0.001137292,0.6814167,-0.7318931,-0.001594506,
1,9,17.81189,-0.1701047,0.911252,0.6079062,0.003069832,0.303243,-0.9528965,0.004738614,
1,9,17.81984,-0.1705265,0.9136214,0.620529,0.004490186,-0.1698537,-0.9854027,0.01054204,
1,9,17.82817,-0.1709691,0.91544,0.6337731,0.004892184,-0.6231513,-0.7819596,0.01406477,
1,9,17.83613,-0.1713916,0.9165398,0.6464185,0.004147741,-0.9135223,-0.4065198,0.01419207,
1,9,17.84446,-0.1718342,0.9170231,0.6596626,0.002373017,-0.9964961,0.08289152,0.01090902,
1,9,17.85279,-0.1722768,0.9168244,0.6728769,1.472858E-05,-0.8340466,0.5516719,0.004941116,
1,9,17.85956,-0.172636,0.9161626,0.6835735,-0.001929222,-0.5477527,0.8366376,-0.0008752911,
1,9,17.86789,-0.1730785,0.9147263,0.6967521,-0.003860692,-0.07867914,0.9968625,-0.007741131,
1,9,17.8758,-0.1734987,0.9127308,0.7092636,-0.004821163,0.386258,0.9222932,-0.01251912,
1,9,17.88369,-0.1739175,0.9101293,0.7217349,-0.004714951,0.7644152,0.6445436,-0.01451945,
1,9,17.89202,-0.1743601,0.9067155,0.7349135,-0.003479773,0.9799277,0.1988877,-0.01316323,
1,9,17.89977,-0.1747719,0.9029253,0.7471769,-0.001555562,0.9650409,-0.261941,-0.008986511,
1,9,17.90735,-0.1751743,0.8986523,0.7591578,0.0006461971,0.7522287,-0.6588948,-0.0030549,
1,9,17.91568,-0.1756168,0.8932981,0.7723364,0.002898844,0.3447365,-0.938686,0.00413084,
1,9,17.92369,-0.176042,0.8875175,0.7849972,0.004400641,-0.1273272,-0.9917996,0.01010107,
1,9,17.93202,-0.1764846,0.8808434,0.7981758,0.004906372,-0.5864485,-0.8098528,0.01387841,
1,9,17.94036,-0.1769271,0.8734825,0.8113544,0.004216013,-0.9024205,-0.4305994,0.01427135,
1,9,17.94737,-0.1772995,0.8667603,0.8224436,0.002825212,-0.9995961,-0.02565736,0.01188786,
1,9,17.9557,-0.1777421,0.8581449,0.8356222,0.000562145,-0.8903447,0.4552413,0.006435651,
1,9,17.96404,-0.1781847,0.8488551,0.8488008,-0.00183645,-0.5647495,0.8252602,-0.0005780764,
1,9,17.9707,-0.1785385,0.8409411,0.8593307,-0.003457819,-0.2008025,0.9796062,-0.006165945,
1,9,17.97903,-0.178981,0.8304297,0.8724437,-0.004702504,0.2911105,0.9566063,-0.01170662,
1,9,17.98723,-0.1794166,0.8194246,0.8853489,-0.00481464,0.7066875,0.7073631,-0.01439122,
1,9,17.99557,-0.1798462,0.8075732,0.8984619,-0.003772259,0.9585117,0.284701,-0.01365849,
1,9,18.0039,-0.1802724,0.7950399,0.911575,-0.001817967,0.9783724,-0.2066194,-0.009622454,
1,9,18.01223,-0.1806986,0.7818386,0.924688,0.0005746204,0.7618264,-0.6477728,-0.003263444,
1,9,18.02057,-0.1811247,0.7679546,0.937801,0.0028274,0.3614925,-0.9323627,0.003880318,
1,9,18.02764,-0.1814864,0.7556517,0.9489291,0.004221051,-0.05105687,-0.9986438,0.009270311,
1,9,18.03597,-0.1819126,0.7405242,0.9620421,0.004906182,-0.5200092,-0.8540401,0.01348668,
1,9,18.0443,-0.1823387,0.7247203,0.9751551,0.004410265,-0.8635841,-0.5039783,0.01445528,
1,9,18.05264,-0.1827649,0.7082422,0.9882681,0.002854325,-0.9993824,-0.03292448,0.01194827,
1,9,18.06086,-0.1831856,0.6913235,1.001212,0.0006448832,-0.8979447,0.4400575,0.006656114,
1,9,18.0692,-0.1836118,0.6735122,1.014325,-0.001743651,-0.581381,0.8136296,-0.0002829361,
1,9,18.07666,-0.1839935,0.6569942,1.026069,-0.00354261,-0.1766217,0.9842511,-0.006488291,
1,9,18.08484,-0.184412,0.6382597,1.038948,-0.004719698,0.3029746,0.9529138,-0.01181268,
1,9,18.09268,-0.1848127,0.619721,1.051277,-0.004826416,0.6977136,0.7162166,-0.01436304,
1,9,18.10101,-0.1852389,0.5993527,1.06439,-0.003822081,0.9538327,0.2999997,-0.01373644,
1,9,18.10835,-0.1856139,0.5808747,1.07593,-0.002170441,0.9915639,-0.1291793,-0.01044881,
1,9,18.11668,-0.1860401,0.5592529,1.089043,0.0001734369,0.8122922,-0.5832341,-0.004412835,
1,9,18.12461,-0.1864455,0.5380638,1.101517,0.002372261,0.4611001,-0.8873419,0.002326859,
1,9,18.13223,-0.1868356,0.5171118,1.113519,0.004008544,0.02838592,-0.9995542,0.008351007,
1,9,18.14057,-0.1872617,0.493583,1.126528,0.004872886,-0.4474865,-0.8941831,0.0129888,
1,9,18.14625,-0.1875524,0.4771546,1.135382,0.004799891,-0.7170474,-0.6968588,0.01442038,
1,9,18.15458,-0.1879786,0.4525086,1.148364,0.003742078,-0.9611889,-0.2755297,0.0136096,
1,9,18.16229,-0.1883724,0.4291397,1.160362,0.001967116,-0.9846381,0.1743115,0.009975878,
1,9,18.17062,-0.1887986,0.4032188,1.173344,-0.0003882331,-0.7859667,0.618257,0.003801392,
1,9,18.17756,-0.1891534,0.3811353,1.184152,-0.002302088,-0.4754552,0.8797345,-0.002093232,
1,9,18.18589,-0.1895796,0.3540065,1.197134,-0.004074553,-0.004712126,0.9999434,-0.008630542,
1,9,18.19401,-0.189995,0.3269229,1.209789,-0.004878369,0.4559255,0.8899089,-0.01305002,
1,9,18.20159,-0.1903825,0.3011051,1.22159,-0.004642321,0.7950054,0.6064102,-0.0145443,
1,9,18.20992,-0.1908086,0.2720763,1.234572,-0.003343451,0.9868792,0.1609084,-0.01291366,
1,9,18.21801,-0.1912224,0.2432599,1.247177,-0.001326605,0.9511244,-0.3086903,-0.008417497,
1,9,18.22635,-0.1916486,0.2129369,1.260159,0.001051354,0.6944426,-0.719545,-0.00185359,
1,9,18.23317,-0.1919973,0.1876454,1.27078,0.002836651,0.3593342,-0.9331964,0.003912566,
1,9,18.2415,-0.1924234,0.1561356,1.283762,0.004386486,-0.1209338,-0.9926002,0.01003278,
1,9,18.24958,-0.1928366,0.1249627,1.296348,0.004910033,-0.5603635,-0.8281184,0.0137318,
1,9,18.25791,-0.1932628,0.09217229,1.30933,0.004318953,-0.883347,-0.4684793,0.01437689,
1,9,18.26578,-0.1936653,0.06061046,1.321589,0.002829955,-0.9995651,-0.02683486,0.01189697,
1,10,18.27411,0,0.5,7.5,0,0,0,1,BallLaunch
1,10,18.28188,-0.0009653519,0.5383475,7.451652,-0.00330913,-0.9435973,-0.3309444,0.009434998,
1,10,18.28921,-0.001992984,0.5786575,7.400437,-0.00330913,-0.9435973,-0.3309444,0.009434998,
1,10,18.29754,-0.003159101,0.6237564,7.342216,-0.00330913,-0.9435973,-0.3309444,0.009434998,
1,10,18.30587,-0.004323145,0.6680894,7.283994,-0.00330913,-0.9435973,-0.3309444,0.009434998,
1,10,18.31306,-0.005325186,0.705701,7.233785,-0.00330913,-0.9435973,-0.3309444,0.009434998,
1,10,18.32139,-0.006485207,0.7486175,7.175651,-0.00330913,-0.9435973,-0.3309444,0.009434998,
1,10,18.32933,-0.007587808,0.7887704,7.120716,-0.00330913,-0.9435973,-0.3309444,0.009434998,
1,10,18.33766,-0.008743806,0.8301951,7.063019,-0.00330913,-0.9435973,-0.3309444,0.009434998,
1,10,18.34599,-0.009897631,0.8708697,7.005322,-0.00330913,-0.9435973,-0.3309444,0.009434998,
1,10,18.35433,-0.01104932,0.9107838,6.947624,-0.00330913,-0.9435973,-0.3309444,0.009434998,
1,10,18.36236,-0.01215805,0.9485592,6.891992,-0.00330913,-0.9435973,-0.3309444,0.009434998,
1,10,18.3706,-0.01329314,0.9865782,6.83541,-0.00330913,-0.9435973,-0.3309444,0.009434998,
1,10,18.37809,-0.01432256,1.02048,6.78405,-0.00330913,-0.9435973,-0.3309444,0.009434998,
1,10,18.38642,-0.01546657,1.057498,6.726877,-0.00330913,-0.9435973,-0.3309444,0.009434998,
1,10,18.39469,-0.01659973,1.09349,6.670154,-0.00330913,-0.9435973,-0.3309444,0.009434998,
1,10,18.40283,-0.01771299,1.128212,6.614323,-0.00330913,-0.9435973,-0.3309444,0.009434998,
1,10,18.41067,-0.01878434,1.160987,6.560741,-0.00330913,-0.9435973,-0.3309444,0.009434998,
1,10,18.4187,-0.01987989,1.193879,6.506132,-0.00330913,-0.9435973,-0.3309444,0.009434998,
1,10,18.42698,-0.02100608,1.227037,6.449904,-0.00330913,-0.9435973,-0.3309444,0.009434998,
1,10,18.43503,-0.02210108,1.258646,6.395145,-0.00330913,-0.9435973,-0.3309444,0.009434998,
1,10,18.44335,-0.02322932,1.290502,6.338631,-0.00330913,-0.9435973,-0.3309444,0.009434998,
1,10,18.45168,-0.02435827,1.32171,6.281983,-0.00330913,-0.9435973,-0.3309444,0.009434998,
1,10,18.45818,-0.02523756,1.345545,6.238061,-0.00330913,-0.9435973,-0.3309444,0.009434998,
1,10,18.46651,-0.02636335,1.375458,6.181937,-0.00330913,-0.9435973,-0.3309444,0.009434998,
1,10,18.4746,-0.02745454,1.403803,6.127449,-0.00330913,-0.9435973,-0.3309444,0.009434998,
1,10,18.48227,-0.02848744,1.43003,6.075803,-0.00330913,-0.9435973,-0.3309444,0.009434998,
1,10,18.4906,-0.02960804,1.457835,6.01968,-0.00330913,-0.9435973,-0.3309444,0.009434998,
1,10,18.49894,-0.03072675,1.484916,5.963556,-0.00330913,-0.9435973,-0.3309444,0.009434998,
1,10,18.50672,-0.03176941,1.50953,5.911466,-0.00330913,-0.9435973,-0.3309444,0.009434998,
1,10,18.51466,-0.03283206,1.534016,5.858459,-0.00330913,-0.9435973,-0.3309444,0.009434998,
1,10,18.52299,-0.03394667,1.558994,5.802859,-0.00330913,-0.9435973,-0.3309444,0.009434998,
1,10,18.53093,-0.03500478,1.582089,5.749933,-0.00330913,-0.9435973,-0.3309444,0.009434998,
1,10,18.53926,-0.03611529,1.605684,5.694334,-0.00330913,-0.9435973,-0.3309444,0.009434998,
1,10,18.54759,-0.03722452,1.628548,5.638735,-0.00330913,-0.9435973,-0.3309444,0.009434998,
1,10,18.55593,-0.03833093,1.650685,5.58332,-0.00330913,-0.9435973,-0.3309444,0.009434998,
1,10,18.5632,-0.03929619,1.669408,5.535271,-0.00330913,-0.9435973,-0.3309444,0.009434998,
1,10,18.57153,-0.04039939,1.690211,5.480196,-0.00330913,-0.9435973,-0.3309444,0.009434998,
1,10,18.57986,-0.0415017,1.7103,5.425122,-0.00330913,-0.9435973,-0.3309444,0.009434998,
1,10,18.5882,-0.04260294,1.729657,5.370047,-0.00330913,-0.9435973,-0.3309444,0.009434998,
1,10,18.59653,-0.04370116,1.748331,5.314972,-0.00330913,-0.9435973,-0.3309444,0.009434998,
1,10,18.60415,-0.04470459,1.76476,5.264651,-0.00330913,-0.9435973,-0.3309444,0.009434998,
1,10,18.61237,-0.04578541,1.781831,5.210654,-0.00330913,-0.9435973,-0.3309444,0.009434998,
1,10,18.6207,-0.04687953,1.79844,5.156104,-0.00330913,-0.9435973,-0.3309444,0.009434998,
1,10,18.62781,-0.04781278,1.812038,5.109574,-0.00330913,-0.9435973,-0.3309444,0.009434998,
1,10,18.6357,-0.04884587,1.826554,5.057878,-0.00330913,-0.9435973,-0.3309444,0.009434998,
1,10,18.64404,-0.04993589,1.841169,5.003327,-0.00330913,-0.9435973,-0.3309444,0.009434998,
1,10,18.6519,-0.05096385,1.854338,4.951836,-0.00330913,-0.9435973,-0.3309444,0.009434998,
1,10,18.65989,-0.05200515,1.867061,4.899528,-0.00330913,-0.9435973,-0.3309444,0.009434998,
1,10,18.66823,-0.05309107,1.879644,4.845369,-0.00330913,-0.9435973,-0.3309444,0.009434998,
1,10,18.67609,-0.05411307,1.89087,4.794424,-0.00330913,-0.9435973,-0.3309444,0.009434998,
1,10,18.6842,-0.05516604,1.901803,4.741839,-0.00330913,-0.9435973,-0.3309444,0.009434998,
1,10,18.69253,-0.05624787,1.912346,4.687814,-0.00330913,-0.9435973,-0.3309444,0.009434998,
1,10,18.70056,-0.0572876,1.921843,4.635753,-0.00330913,-0.9435973,-0.3309444,0.009434998,
1,10,18.70889,-0.05836533,1.931015,4.581728,-0.00330913,-0.9435973,-0.3309444,0.009434998,
1,10,18.71652,-0.05935127,1.938793,4.532303,-0.00330913,-0.9435973,-0.3309444,0.009434998,
1,10,18.72485,-0.06042563,1.946636,4.478583,-0.00330913,-0.9435973,-0.3309444,0.009434998,
1,10,18.72991,-0.06107695,1.951049,4.446126,-0.00330913,-0.9435973,-0.3309444,0.009434998,
1,10,18.73824,-0.06215058,1.957777,4.392625,-0.00330913,-0.9435973,-0.3309444,0.009434998,
1,10,18.74657,-0.06322421,1.963805,4.339124,-0.00330913,-0.9435973,-0.3309444,0.009434998,
1,10,18.7549,-0.06429572,1.969151,4.285635,-0.00330913,-0.9435973,-0.3309444,0.009434998,
1,10,18.76251,-0.06526812,1.973423,4.236805,-0.00330913,-0.9435973,-0.3309444,0.009434998,
1,10,18.77023,-0.06625496,1.977177,4.187251,-0.00330913,-0.9435973,-0.3309444,0.009434998,
1,10,18.77856,-0.06732039,1.980553,4.133749,-0.00330913,-0.9435973,-0.3309444,0.009434998,
1,10,18.78461,-0.06809301,1.982576,4.095242,-0.00330913,-0.9435973,-0.3309444,0.009434998,
1,10,18.79294,-0.06915844,1.984773,4.042265,-0.00330913,-0.9435973,-0.3309444,0.009434998,
1,10,18.80127,-0.07022263,1.986289,3.989289,-0.00330913,-0.9435973,-0.3309444,0.009434998,
1,10,18.80835,-0.07112043,1.987043,3.944301,-0.00330913,-0.9435973,-0.3309444,0.009434998,
1,10,18.81668,-0.07217768,1.987293,3.891325,-0.00330913,-0.9435973,-0.3309444,0.009434998,
1,10,18.82392,-0.07309642,1.986964,3.845288,-0.00330913,-0.9435973,-0.3309444,0.009434998,
1,10,18.83226,-0.07415365,1.985938,3.792508,-0.00330913,-0.9435973,-0.3309444,0.009434998,
1,10,18.84059,-0.07521089,1.984229,3.739794,-0.00330913,-0.9435973,-0.3309444,0.009434998,
1,10,18.84824,-0.07618126,1.982063,3.691399,-0.00330913,-0.9435973,-0.3309444,0.009434998,
1,10,18.85658,-0.0772303,1.979044,3.638684,-0.00330913,-0.9435973,-0.3309444,0.009434998,
1,10,18.86438,-0.0782125,1.975602,3.589561,-0.00330913,-0.9435973,-0.3309444,0.009434998,
1,10,18.87217,-0.07919367,1.971569,3.540503,-0.00330913,-0.9435973,-0.3309444,0.009434998,
1,10,18.8805,-0.08024271,1.966609,3.48805,-0.00330913,-0.9435973,-0.3309444,0.009434998,
1,10,18.88799,-0.08118466,1.96157,3.440953,-0.00330913,-0.9435973,-0.3309444,0.009434998,
1,10,18.89632,-0.08223338,1.955329,3.388763,-0.00330913,-0.9435973,-0.3309444,0.009434998,
1,10,18.90465,-0.08327423,1.948407,3.336573,-0.00330913,-0.9435973,-0.3309444,0.009434998,
1,10,18.91224,-0.08422133,1.941511,3.289083,-0.00330913,-0.9435973,-0.3309444,0.009434998,
1,10,18.92057,-0.08526218,1.933299,3.236943,-0.00330913,-0.9435973,-0.3309444,0.009434998,
1,10,18.9289,-0.08630303,1.924422,3.185016,-0.00330913,-0.9435973,-0.3309444,0.009434998,
1,10,18.93636,-0.08723444,1.915896,3.138547,-0.00330913,-0.9435973,-0.3309444,0.009434998,
1,10,18.9446,-0.08826321,1.905861,3.087223,-0.00330913,-0.9435973,-0.3309444,0.009434998,
1,10,18.95251,-0.08924383,1.895611,3.03801,-0.00330913,-0.9435973,-0.3309444,0.009434998,
1,10,18.96043,-0.09022558,1.884745,2.988892,-0.00330913,-0.9435973,-0.3309444,0.009434998,
1,10,18.96876,-0.09125822,1.872663,2.937227,-0.00330913,-0.9435973,-0.3309444,0.009434998,
1,10,18.9771,-0.09229088,1.859915,2.885561,-0.00330913,-0.9435973,-0.3309444,0.009434998,
1,10,18.98507,-0.09327886,1.847096,2.836227,-0.00330913,-0.9435973,-0.3309444,0.009434998,
1,10,18.99333,-0.09430224,1.833158,2.785285,-0.00330913,-0.9435973,-0.3309444,0.009434998,
1,10,19.00139,-0.09529375,1.81894,2.735569,-0.00330913,-0.9435973,-0.3309444,0.009434998,
1,10,19.0095,-0.09629072,1.804013,2.685545,-0.00330913,-0.9435973,-0.3309444,0.009434998,
1,10,19.01664,-0.09716885,1.790335,2.641598,-0.00330913,-0.9435973,-0.3309444,0.009434998,
1,10,19.02497,-0.0981933,1.773762,2.590458,-0.00330913,-0.9435973,-0.3309444,0.009434998,
1,10,19.03247,-0.09911541,1.758286,2.544426,-0.00330913,-0.9435973,-0.3309444,0.009434998,
1,10,19.04081,-0.1001399,1.740468,2.493285,-0.00330913,-0.9435973,-0.3309444,0.009434998,
1,10,19.0491,-0.1011534,1.722087,2.44255,-0.00330913,-0.9435973,-0.3309444,0.009434998,
1,10,19.05413,-0.1017671,1.710615,2.411825,-0.00330913,-0.9435973,-0.3309444,0.009434998,
1,10,19.06247,-0.1027834,1.691089,2.360947,-0.00330913,-0.9435973,-0.3309444,0.009434998,
1,10,19.07015,-0.1037204,1.672505,2.314035,-0.00330913,-0.9435973,-0.3309444,0.009434998,
1,10,19.07848,-0.1047367,1.651728,2.263266,-0.00330913,-0.9435973,-0.3309444,0.009434998,
1,10,19.08682,-0.1057529,1.630284,2.21265,-0.00330913,-0.9435973,-0.3309444,0.009434998,
1,10,19.09453,-0.1066906,1.609848,2.165776,-0.00330913,-0.9435973,-0.3309444,0.009434998,
1,10,19.10201,-0.1075947,1.589515,2.120377,-0.00330913,-0.9435973,-0.3309444,0.009434998,
1,10,19.10993,-0.1085534,1.567383,2.072366,-0.00330913,-0.9435973,-0.3309444,0.009434998,
1,10,19.11827,-0.1095614,1.543475,2.022012,-0.00330913,-0.9435973,-0.3309444,0.009434998,
1,10,19.12611,-0.1105104,1.520393,1.97461,-0.00330913,-0.9435973,-0.3309444,0.009434998,
1,10,19.13384,-0.1114448,1.497088,1.928009,-0.00330913,-0.9435973,-0.3309444,0.009434998,
1,10,19.14182,-0.112408,1.472411,1.879884,-0.00330913,-0.9435973,-0.3309444,0.009434998,
1,10,19.15015,-0.1134079,1.446036,1.829758,-0.00330913,-0.9435973,-0.3309444,0.009434998,
1,10,19.15793,-0.1143412,1.420834,1.783,-0.00330913,-0.9435973,-0.3309444,0.009434998,
1,10,19.16627,-0.1153411,1.393191,1.733022,-0.00330913,-0.9435973,-0.3309444,0.009434998,
1,10,19.17397,-0.1162649,1.367103,1.68686,-0.00330913,-0.9435973,-0.3309444,0.009434998,
1,10,19.18156,-0.1171759,1.34082,1.641462,-0.00330913,-0.9435973,-0.3309444,0.009434998,
1,10,19.18981,-0.1181622,1.311663,1.592133,-0.00330913,-0.9435973,-0.3309444,0.009434998,
1,10,19.19814,-0.1191539,1.281586,1.542434,-0.00330913,-0.9435973,-0.3309444,0.009434998,
1,10,19.20613,-0.1201038,1.252168,1.494863,-0.00330913,-0.9435973,-0.3309444,0.009434998,
1,10,19.21419,-0.1210635,1.221858,1.446892,-0.00330913,-0.9435973,-0.3309444,0.009434998,
1,10,19.22252,-0.1220552,1.189916,1.397381,-0.00330913,-0.9435973,-0.3309444,0.009434998,
1,10,19.23058,-0.1230142,1.158409,1.349576,-0.00330913,-0.9435973,-0.3309444,0.009434998,
1,10,19.23892,-0.123999,1.125217,1.300233,-0.00330913,-0.9435973,-0.3309444,0.009434998,
1,10,19.24612,-0.1248492,1.096019,1.257611,-0.00330913,-0.9435973,-0.3309444,0.009434998,
1,10,19.25445,-0.1258326,1.061637,1.208408,-0.00330913,-0.9435973,-0.3309444,0.009434998,
1,10,19.26178,-0.1266978,1.030877,1.16515,-0.00330913,-0.9435973,-0.3309444,0.009434998,
1,10,19.26943,-0.1276004,0.9982747,1.12014,-0.00330913,-0.9435973,-0.3309444,0.009434998,
1,10,19.27777,-0.1285838,0.9621406,1.071109,-0.00330913,-0.9435973,-0.3309444,0.009434998,
1,10,19.28583,-0.1295352,0.9265805,1.023793,-0.00330913,-0.9435973,-0.3309444,0.009434998,
1,10,19.29416,-0.1305187,0.8892089,0.9749147,-0.00330913,-0.9435973,-0.3309444,0.009434998,
1,10,19.30124,-0.1313524,0.8569448,0.9334356,-0.00330913,-0.9435973,-0.3309444,0.009434998,
1,10,19.30958,-0.1323195,0.8184198,0.8847193,-0.00330913,-0.9435973,-0.3309444,0.009434998,
1,10,19.31791,-0.1332866,0.7792732,0.836085,-0.00330913,-0.9435973,-0.3309444,0.009434998,
1,10,19.32608,-0.1342342,0.7403147,0.788501,-0.00330913,-0.9435973,-0.3309444,0.009434998,
1,10,19.33441,-0.1352013,0.6999395,0.7400175,-0.00330913,-0.9435973,-0.3309444,0.009434998,
1,10,19.34258,-0.1361487,0.6597835,0.6925951,-0.00330913,-0.9435973,-0.3309444,0.009434998,
1,10,19.3508,-0.1371038,0.6187075,0.6448651,-0.00330913,-0.9435973,-0.3309444,0.009434998,
1,10,19.3583,-0.137974,0.580757,0.601442,-0.00330913,-0.9435973,-0.3309444,0.009434998,
1,10,19.36664,-0.1389411,0.5379975,0.5532645,-0.00330913,-0.9435973,-0.3309444,0.009434998,
1,10,19.37414,-0.1398117,0.4989808,0.5099569,-0.00330913,-0.9435973,-0.3309444,0.009434998,
1,10,19.38245,-0.1407762,0.4551788,0.4620559,-0.00330913,-0.9435973,-0.3309444,0.009434998,
1,10,19.39078,-0.1417378,0.410648,0.4140998,-0.00330913,-0.9435973,-0.3309444,0.009434998,
1,10,19.39876,-0.1426476,0.367462,0.3682831,-0.00330913,-0.9435973,-0.3309444,0.009434998,
1,10,19.40597,-0.1434702,0.3279367,0.3269202,-0.00330913,-0.9435973,-0.3309444,0.009434998,
1,10,19.4143,-0.1444209,0.281687,0.2791938,-0.00330913,-0.9435973,-0.3309444,0.009434998,
1,10,19.42263,-0.1453716,0.2348369,0.2315479,-0.00330913,-0.9435973,-0.3309444,0.009434998,
1,10,19.42816,-0.146002,0.203438,0.1999977,-0.00330913,-0.9435973,-0.3309444,0.009434998,
1,10,19.43649,-0.1469527,0.155584,0.1524849,-0.00330913,-0.9435973,-0.3309444,0.009434998,
1,10,19.44368,-0.1477722,0.1138534,0.1115952,-0.00330913,-0.9435973,-0.3309444,0.009434998,
1,10,19.45201,-0.1487229,0.0648823,0.06423401,-0.00330913,-0.9435973,-0.3309444,0.009434998,
1,10,19.45897,-0.1494548,0.0430254,0.02777448,-0.002195977,-0.9754233,-0.2201122,0.009754262,CourtEnter
1,10,19.4673,-0.1501048,0.08026774,0.0008701258,0.001529712,-0.9635785,0.2672726,0.008924098,RacketHit
1,10,19.47407,-0.1504642,0.1078031,0.01204152,-0.0004977199,-0.7719421,0.6356831,0.003486957,
1,10,19.4824,-0.1509068,0.1410622,0.02577827,-0.002838558,-0.3588983,0.9333641,-0.00391977,
1,10,19.49074,-0.1513494,0.1736095,0.03949442,-0.004442757,0.146885,0.9890899,-0.01030688,
1,10,19.49777,-0.1517227,0.2005119,0.05104844,-0.004910036,0.5489925,0.8357012,-0.01366732,
1,10,19.5061,-0.1521652,0.2317537,0.06472708,-0.004290402,0.8889305,0.4577971,-0.01435173,
1,10,19.51443,-0.1526078,0.2622851,0.07838672,-0.002563558,0.9992073,-0.03807755,-0.01133092,
1,10,19.52277,-0.1530504,0.2921094,0.09202757,-0.0001766747,0.8517869,-0.5238607,-0.005390234,
1,10,19.53016,-0.1534432,0.3179927,0.1041196,0.001999245,0.5346705,-0.8450576,0.001101144,
1,10,19.5385,-0.1538858,0.3464844,0.1177257,0.003942136,0.0514127,-0.9986371,0.008075376,
1,10,19.54667,-0.1543196,0.373737,0.1310504,0.004864567,-0.4357817,-0.8999467,0.012904,
1,10,19.55404,-0.1547111,0.3977396,0.1430544,0.004666106,-0.7856743,-0.6184518,0.01454212,
1,10,19.56237,-0.1551536,0.4242146,0.1566139,0.003319412,-0.9879282,-0.1543417,0.01287074,
1,10,19.5707,-0.1555962,0.4499931,0.1701563,0.001123327,-0.9370698,0.3490508,0.007904108,
1,10,19.57865,-0.1560181,0.4739158,0.183053,-0.001246065,-0.6645331,0.7472567,0.001264109,
1,10,19.58698,-0.1564607,0.4983273,0.196566,-0.003409402,-0.2142927,0.9767452,-0.005984153,
1,10,19.59531,-0.1569032,0.5220343,0.2100639,-0.004701423,0.2903986,0.9568227,-0.01170122,
1,10,19.60001,-0.1571525,0.5350841,0.2176608,-0.00491008,0.5497492,0.8352035,-0.01367152,
1,10,19.60834,-0.157595,0.5577034,0.2311364,-0.004297208,0.8876249,0.4603232,-0.01435814,
1,10,19.61659,-0.1580333,0.579417,0.2444709,-0.002611523,0.9995774,-0.02659783,-0.01143476,
1,10,19.62493,-0.1584759,0.6006476,0.2579185,-0.0002512071,0.8596428,-0.5108649,-0.005594752,
1,10,19.63255,-0.1588807,0.6194571,0.2702107,0.001978051,0.5386493,-0.8425272,0.001032628,
1,10,19.64088,-0.1593232,0.6393641,0.2836441,0.003917486,0.05977115,-0.9981726,0.007973556,
1,10,19.64921,-0.1597658,0.6585702,0.2970522,0.004863241,-0.4340011,-0.900807,0.01289037,
1,10,19.65704,-0.1601813,0.6759747,0.3096408,0.004630517,-0.799402,-0.6006025,0.01454694,
1,10,19.66496,-0.1606018,0.6929662,0.3223765,0.003342574,-0.9869167,-0.1606782,0.01291372,
1,10,19.67329,-0.1610443,0.7101742,0.3357518,0.001171051,-0.9405099,0.3396696,0.0080256,
1,10,19.68123,-0.1614659,0.7259235,0.3484922,-0.001180444,-0.6747722,0.7380237,0.001463804,
