stage,trial,time,position.x,position.y,position.z,rotation.x,rotation.y,rotation.z,rotation.w,event
0,0,0,0,0,0,0,0,0,1,
1,1,0.01999999,0,0,0,0,0,0,1,StageStart
1,1,0.02833333,0,0,0,0,0,0,1,
1,1,0.03601273,0,0,0,0,0,0,1,
1,1,0.04407972,0,0,0,0,0,0,1,
1,1,0.05241306,0,0,0,0,0,0,1,
1,1,0.05996526,0,0,0,0,0,0,1,
1,1,0.06829859,0,0,0,0,0,0,1,
1,1,0.07636768,0,0,0,0,0,0,1,
1,1,0.08443478,0,0,0,0,0,0,1,
1,1,0.09276812,0,0,0,0,0,0,1,
1,1,0.101085,0,0,0,0,0,0,1,
1,1,0.1094184,0,0,0,0,0,0,1,
1,1,0.1172938,0,0,0,0,0,0,1,
1,1,0.1256271,0,0,0,0,0,0,1,
1,1,0.1333002,0,0,0,0,0,0,1,
1,1,0.1416237,0,0,0,0,0,0,1,
1,1,0.149957,0,0,0,0,0,0,1,
1,1,0.1582903,0,0,0,0,0,0,1,
1,1,0.1666237,0,0,0,0,0,0,1,
1,1,0.1749563,0,0,0,0,0,0,1,
1,1,0.1827907,0,0,0,0,0,0,1,
1,1,0.191124,0,0,0,0,0,0,1,
1,1,0.1994573,0,0,0,0,0,0,1,
1,1,0.2077907,0,0,0,0,0,0,1,
1,1,0.2160958,0,0,0,0,0,0,1,
1,1,0.2244291,0,0,0,0,0,0,1,
1,1,0.2327624,0,0,0,0,0,0,1,
1,1,0.240474,0,0,0,0,0,0,1,
1,1,0.2487488,0,0,0,0,0,0,1,
1,1,0.2570822,0,0,0,0,0,0,1,
1,1,0.2651969,0,0,0,0,0,0,1,
1,1,0.2735302,0,0,0,0,0,0,1,
1,1,0.2812831,0,0,0,0,0,0,1,
1,1,0.2896165,0,0,0,0,0,0,1,
1,1,0.2977875,0,0,0,0,0,0,1,
1,1,0.3061209,0,0,0,0,0,0,1,
1,1,0.3139738,0,0,0,0,0,0,1,
1,1,0.3221991,0,0,0,0,0,0,1,
1,1,0.3305324,0,0,0,0,0,0,1,
1,1,0.3388658,0,0,0,0,0,0,1,
1,1,0.3471991,0,0,0,0,0,0,1,
1,1,0.3551807,0,0,0,0,0,0,1,
1,1,0.3632754,0,0,0,0,0,0,1,
1,1,0.3715438,0,0,0,0,0,0,1,
1,1,0.3798771,0,0,0,0,0,0,1,
1,1,0.3882104,0,0,0,0,0,0,1,
1,1,0.3959848,0,0,0,0,0,0,1,
1,1,0.4040847,0,0,0,0,0,0,1,
1,1,0.412418,0,0,0,0,0,0,1,
1,1,0.4207513,0,0,0,0,0,0,1,
1,1,0.4290373,0,0,0,0,0,0,1,
1,1,0.4373707,0,0,0,0,0,0,1,
1,1,0.445704,0,0,0,0,0,0,1,
1,1,0.4535723,0,0,0,0,0,0,1,
1,1,0.4619056,0,0,0,0,0,0,1,
1,1,0.469912,0,0,0,0,0,0,1,
1,1,0.4782453,0,0,0,0,0,0,1,
1,1,0.4865787,0,0,0,0,0,0,1,
1,1,0.4942626,0,0,0,0,0,0,1,
1,1,0.5025959,0,0,0,0,0,0,1,
1,1,0.5103295,0,0,0,0,0,0,1,
1,1,0.5186629,0,0,0,0,0,0,1,
1,1,0.5269962,0,0,0,0,0,0,1,
1,1,0.5350018,0,0,0,0,0,0,1,
1,1,0.5433351,0,0,0,0,0,0,1,
1,1,0.5516685,0,0,0,0,0,0,1,
1,1,0.5600018,0,0,0,0,0,0,1,
1,1,0.5683342,0,0,0,0,0,0,1,
1,1,0.5766675,0,0,0,0,0,0,1,
1,1,0.5850009,0,0,0,0,0,0,1,
1,1,0.592712,0,0,0,0,0,0,1,
1,1,0.6010454,0,0,0,0,0,0,1,
1,1,0.6087471,0,0,0,0,0,0,1,
1,1,0.6170805,0,0,0,0,0,0,1,
1,1,0.6254138,0,0,0,0,0,0,1,
1,1,0.6337471,0,0,0,0,0,0,1,
1,1,0.6420804,0,0,0,0,0,0,1,
1,1,0.6504056,0,0,0,0,0,0,1,
1,1,0.658442,0,0,0,0,0,0,1,
1,1,0.6667753,0,0,0,0,0,0,1,
1,1,0.6750162,0,0,0,0,0,0,1,
1,1,0.6833084,0,0,0,0,0,0,1,
1,1,0.6915088,0,0,0,0,0,0,1,
1,1,0.6998422,0,0,0,0,0,0,1,
1,1,0.70811,0,0,0,0,0,0,1,
1,1,0.7164433,0,0,0,0,0,0,1,
1,1,0.7243035,0,0,0,0,0,0,1,
1,1,0.7326369,0,0,0,0,0,0,1,
1,1,0.7408625,0,0,0,0,0,0,1,
1,1,0.749191,0,0,0,0,0,0,1,
1,1,0.7575243,0,0,0,0,0,0,1,
1,1,0.7654636,0,0,0,0,0,0,1,
1,1,0.773791,0,0,0,0,0,0,1,
1,1,0.7820334,0,0,0,0,0,0,1,
1,1,0.7903667,0,0,0,0,0,0,1,
1,1,0.7987,0,0,0,0,0,0,1,
1,1,0.8067812,0,0,0,0,0,0,1,
1,1,0.8151145,0,0,0,0,0,0,1,
1,1,0.8234478,0,0,0,0,0,0,1,
1,1,0.8316444,0,0,0,0,0,0,1,
1,1,0.8399777,0,0,0,0,0,0,1,
1,1,0.8479863,0,0,0,0,0,0,1,
1,1,0.8559971,0,0,0,0,0,0,1,
1,1,0.8643305,0,0,0,0,0,0,1,
1,1,0.8720953,0,0,0,0,0,0,1,
1,1,0.8804286,0,0,0,0,0,0,1,
1,1,0.8884561,0,0.5,7.5,0,0,0,1,BallLaunch
1,1,0.8966787,-0.001078089,0.5427949,7.446095,-0.00330913,-0.9435973,-0.3309444,0.009434998,
1,1,0.9048134,-0.00221816,0.587419,7.389091,-0.00330913,-0.9435973,-0.3309444,0.009434998,
1,1,0.9131467,-0.003383908,0.6323729,7.330803,-0.00330913,-0.9435973,-0.3309444,0.009434998,
1,1,0.9214801,-0.004547489,0.6765593,7.272624,-0.00330913,-0.9435973,-0.3309444,0.009434998,
1,1,0.9271779,-0.005341838,0.7063321,7.232906,-0.00330913,-0.9435973,-0.3309444,0.009434998,
1,1,0.9355112,-0.006501818,0.7492326,7.174907,-0.00330913,-0.9435973,-0.3309444,0.009434998,
1,1,0.9431548,-0.007563934,0.7879143,7.121801,-0.00330913,-0.9435973,-0.3309444,0.009434998,
1,1,0.9514881,-0.008719881,0.829357,7.064003,-0.00330913,-0.9435973,-0.3309444,0.009434998,
1,1,0.9597692,-0.009866528,0.8697907,7.006671,-0.00330913,-0.9435973,-0.3309444,0.009434998,
1,1,0.9680672,-0.01101348,0.9095586,6.949322,-0.00330913,-0.9435973,-0.3309444,0.009434998,
1,1,0.9764006,-0.01216327,0.9487421,6.891832,-0.00330913,-0.9435973,-0.3309444,0.009434998,
1,1,0.9846856,-0.0133044,0.9869541,6.834774,-0.00330913,-0.9435973,-0.3309444,0.009434998,
1,1,0.9930189,-0.01445019,1.024642,6.777486,-0.00330913,-0.9435973,-0.3309444,0.009434998,
1,1,1.001318,-0.01558928,1.061429,6.720531,-0.00330913,-0.9435973,-0.3309444,0.009434998,
1,1,1.009447,-0.01670313,1.096744,6.664839,-0.00330913,-0.9435973,-0.3309444,0.009434998,
1,1,1.01778,-0.01784307,1.132212,6.607841,-0.00330913,-0.9435973,-0.3309444,0.009434998,
1,1,1.025603,-0.01891141,1.164831,6.554424,-0.00330913,-0.9435973,-0.3309444,0.009434998,
1,1,1.033936,-0.02004762,1.19886,6.497613,-0.00330913,-0.9435973,-0.3309444,0.009434998,
1,1,1.042191,-0.02117127,1.231839,6.44143,-0.00330913,-0.9435973,-0.3309444,0.009434998,
1,1,1.050267,-0.02226877,1.263401,6.386555,-0.00330913,-0.9435973,-0.3309444,0.009434998,
1,1,1.058551,-0.02339264,1.295055,6.330361,-0.00330913,-0.9435973,-0.3309444,0.009434998,
1,1,1.066685,-0.02449448,1.325433,6.275269,-0.00330913,-0.9435973,-0.3309444,0.009434998,
1,1,1.075018,-0.02562147,1.355829,6.218919,-0.00330913,-0.9435973,-0.3309444,0.009434998,
1,1,1.083352,-0.02674662,1.385491,6.162661,-0.00330913,-0.9435973,-0.3309444,0.009434998,
1,1,1.091625,-0.02786192,1.414219,6.106896,-0.00330913,-0.9435973,-0.3309444,0.009434998,
1,1,1.099491,-0.02892063,1.440864,6.05396,-0.00330913,-0.9435973,-0.3309444,0.009434998,
1,1,1.107824,-0.03004052,1.468386,5.997965,-0.00330913,-0.9435973,-0.3309444,0.009434998,
1,1,1.116158,-0.03115864,1.49518,5.942058,-0.00330913,-0.9435973,-0.3309444,0.009434998,
1,1,1.124059,-0.03221715,1.519916,5.889132,-0.00330913,-0.9435973,-0.3309444,0.009434998,
1,1,1.132392,-0.03333187,1.545298,5.833397,-0.00330913,-0.9435973,-0.3309444,0.009434998,
1,1,1.140375,-0.03439799,1.568934,5.78009,-0.00330913,-0.9435973,-0.3309444,0.009434998,
1,1,1.148708,-0.03550934,1.592904,5.724523,-0.00330913,-0.9435973,-0.3309444,0.009434998,
1,1,1.157041,-0.03661898,1.616154,5.66904,-0.00330913,-0.9435973,-0.3309444,0.009434998,
1,1,1.165375,-0.03772693,1.638685,5.613643,-0.00330913,-0.9435973,-0.3309444,0.009434998,
1,1,1.173708,-0.0388332,1.660499,5.558329,-0.00330913,-0.9435973,-0.3309444,0.009434998,
1,1,1.182041,-0.03993781,1.681598,5.503098,-0.00330913,-0.9435973,-0.3309444,0.009434998,
1,1,1.189818,-0.04096711,1.700641,5.451632,-0.00330913,-0.9435973,-0.3309444,0.009434998,
1,1,1.198135,-0.0420664,1.720321,5.396668,-0.00330913,-0.9435973,-0.3309444,0.009434998,
1,1,1.206468,-0.0431662,1.739326,5.341678,-0.00330913,-0.9435973,-0.3309444,0.009434998,
1,1,1.214258,-0.04419282,1.756451,5.290346,-0.00330913,-0.9435973,-0.3309444,0.009434998,
1,1,1.222592,-0.04528949,1.774082,5.235512,-0.00330913,-0.9435973,-0.3309444,0.009434998,
1,1,1.230612,-0.04634342,1.790381,5.182816,-0.00330913,-0.9435973,-0.3309444,0.009434998,
1,1,1.238877,-0.04742805,1.806494,5.128584,-0.00330913,-0.9435973,-0.3309444,0.009434998,
1,1,1.247195,-0.04851793,1.822005,5.07409,-0.00330913,-0.9435973,-0.3309444,0.009434998,
1,1,1.255528,-0.04960832,1.83684,5.01957,-0.00330913,-0.9435973,-0.3309444,0.009434998,
1,1,1.263675,-0.05067279,1.850663,4.966346,-0.00330913,-0.9435973,-0.3309444,0.009434998,
1,1,1.272008,-0.05176011,1.864109,4.91198,-0.00330913,-0.9435973,-0.3309444,0.009434998,
1,1,1.279868,-0.05278426,1.876145,4.860772,-0.00330913,-0.9435973,-0.3309444,0.009434998,
1,1,1.288201,-0.0538686,1.888226,4.806555,-0.00330913,-0.9435973,-0.3309444,0.009434998,
1,1,1.296071,-0.05489119,1.898992,4.755424,-0.00330913,-0.9435973,-0.3309444,0.009434998,
1,1,1.304404,-0.05597255,1.909711,4.701356,-0.00330913,-0.9435973,-0.3309444,0.009434998,
1,1,1.312738,-0.05705241,1.919733,4.647364,-0.00330913,-0.9435973,-0.3309444,0.009434998,
1,1,1.321071,-0.05813076,1.929058,4.593446,-0.00330913,-0.9435973,-0.3309444,0.009434998,
1,1,1.329182,-0.0591789,1.937465,4.541039,-0.00330913,-0.9435973,-0.3309444,0.009434998,
1,1,1.337515,-0.06025429,1.945417,4.487268,-0.00330913,-0.9435973,-0.3309444,0.009434998,
1,1,1.345464,-0.06127871,1.952355,4.436048,-0.00330913,-0.9435973,-0.3309444,0.009434998,
1,1,1.353798,-0.06235122,1.958952,4.382422,-0.00330913,-0.9435973,-0.3309444,0.009434998,
1,1,1.361872,-0.06338894,1.964683,4.330536,-0.00330913,-0.9435973,-0.3309444,0.009434998,
1,1,1.370205,-0.06445855,1.969917,4.277054,-0.00330913,-0.9435973,-0.3309444,0.009434998,
1,1,1.378538,-0.06552671,1.974461,4.223646,-0.00330913,-0.9435973,-0.3309444,0.009434998,
1,1,1.386816,-0.06658632,1.978293,4.170665,-0.00330913,-0.9435973,-0.3309444,0.009434998,
1,1,1.39515,-0.06765158,1.981464,4.117401,-0.00330913,-0.9435973,-0.3309444,0.009434998,
1,1,1.403048,-0.06865993,1.983835,4.066984,-0.00330913,-0.9435973,-0.3309444,0.009434998,
1,1,1.411305,-0.06971268,1.985653,4.014346,-0.00330913,-0.9435973,-0.3309444,0.009434998,
1,1,1.419639,-0.07077372,1.986807,3.961294,-0.00330913,-0.9435973,-0.3309444,0.009434998,
1,1,1.427972,-0.07183333,1.987276,3.908313,-0.00330913,-0.9435973,-0.3309444,0.009434998,
1,1,1.436176,-0.07287506,1.987068,3.856226,-0.00330913,-0.9435973,-0.3309444,0.009434998,
1,1,1.444138,-0.07388477,1.986235,3.80574,-0.00330913,-0.9435973,-0.3309444,0.009434998,
1,1,1.452471,-0.0749402,1.984695,3.752969,-0.00330913,-0.9435973,-0.3309444,0.009434998,
1,1,1.460577,-0.07596549,1.982544,3.701704,-0.00330913,-0.9435973,-0.3309444,0.009434998,
1,1,1.468645,-0.07698458,1.979764,3.650749,-0.00330913,-0.9435973,-0.3309444,0.009434998,
1,1,1.476938,-0.07803079,1.976244,3.598438,-0.00330913,-0.9435973,-0.3309444,0.009434998,
1,1,1.485271,-0.07908066,1.972028,3.545944,-0.00330913,-0.9435973,-0.3309444,0.009434998,
1,1,1.493605,-0.08012913,1.967135,3.493521,-0.00330913,-0.9435973,-0.3309444,0.009434998,
1,1,1.501938,-0.08117619,1.961566,3.441167,-0.00330913,-0.9435973,-0.3309444,0.009434998,
1,1,1.510271,-0.08222185,1.95532,3.388884,-0.00330913,-0.9435973,-0.3309444,0.009434998,
1,1,1.518605,-0.08326611,1.9484,3.336671,-0.00330913,-0.9435973,-0.3309444,0.009434998,
1,1,1.526476,-0.08425126,1.941244,3.287414,-0.00330913,-0.9435973,-0.3309444,0.009434998,
1,1,1.53481,-0.0852928,1.933014,3.235336,-0.00330913,-0.9435973,-0.3309444,0.009434998,
1,1,1.542752,-0.08628424,1.924544,3.185764,-0.00330913,-0.9435973,-0.3309444,0.009434998,
1,1,1.551077,-0.08732193,1.915014,3.133879,-0.00330913,-0.9435973,-0.3309444,0.009434998,
1,1,1.55941,-0.08835934,1.904802,3.082008,-0.00330913,-0.9435973,-0.3309444,0.009434998,
1,1,1.567743,-0.08939538,1.893921,3.030206,-0.00330913,-0.9435973,-0.3309444,0.009434998,
1,1,1.575453,-0.09035261,1.883259,2.982345,-0.00330913,-0.9435973,-0.3309444,0.009434998,
1,1,1.583786,-0.09138595,1.871092,2.930677,-0.00330913,-0.9435973,-0.3309444,0.009434998,
1,1,1.59212,-0.0924179,1.858258,2.87908,-0.00330913,-0.9435973,-0.3309444,0.009434998,
1,1,1.600123,-0.09340766,1.845306,2.829592,-0.00330913,-0.9435973,-0.3309444,0.009434998,
1,1,1.608456,-0.09443686,1.831167,2.778131,-0.00330913,-0.9435973,-0.3309444,0.009434998,
1,1,1.615939,-0.09535991,1.817905,2.731978,-0.00330913,-0.9435973,-0.3309444,0.009434998,
1,1,1.624273,-0.09638648,1.802507,2.68065,-0.00330913,-0.9435973,-0.3309444,0.009434998,
1,1,1.632606,-0.09741163,1.786446,2.629392,-0.00330913,-0.9435973,-0.3309444,0.009434998,
1,1,1.640939,-0.09843539,1.769726,2.578204,-0.00330913,-0.9435973,-0.3309444,0.009434998,
1,1,1.649273,-0.09945775,1.752343,2.527086,-0.00330913,-0.9435973,-0.3309444,0.009434998,
1,1,1.657606,-0.1004787,1.734302,2.476038,-0.00330913,-0.9435973,-0.3309444,0.009434998,
1,1,1.665847,-0.1014869,1.715815,2.425628,-0.00330913,-0.9435973,-0.3309444,0.009434998,
1,1,1.67415,-0.1025013,1.696538,2.374907,-0.00330913,-0.9435973,-0.3309444,0.009434998,
1,1,1.682351,-0.103502,1.676855,2.324872,-0.00330913,-0.9435973,-0.3309444,0.009434998,
1,1,1.690684,-0.1045174,1.656207,2.274105,-0.00330913,-0.9435973,-0.3309444,0.009434998,
1,1,1.698959,-0.1055242,1.635057,2.223765,-0.00330913,-0.9435973,-0.3309444,0.009434998,
1,1,1.707292,-0.1065367,1.613105,2.173138,-0.00330913,-0.9435973,-0.3309444,0.009434998,
1,1,1.715626,-0.1075478,1.590501,2.122582,-0.00330913,-0.9435973,-0.3309444,0.009434998,
1,1,1.723959,-0.1085575,1.567246,2.072098,-0.00330913,-0.9435973,-0.3309444,0.009434998,
1,1,1.731883,-0.1095162,1.544529,2.024159,-0.00330913,-0.9435973,-0.3309444,0.009434998,
1,1,1.739975,-0.110494,1.520725,1.975269,-0.00330913,-0.9435973,-0.3309444,0.009434998,
1,1,1.748309,-0.1114995,1.495572,1.924994,-0.00330913,-0.9435973,-0.3309444,0.009434998,
1,1,1.756156,-0.112445,1.471296,1.877718,-0.00330913,-0.9435973,-0.3309444,0.009434998,
1,1,1.764489,-0.1134478,1.444887,1.827582,-0.00330913,-0.9435973,-0.3309444,0.009434998,
1,1,1.772822,-0.114449,1.417834,1.777519,-0.00330913,-0.9435973,-0.3309444,0.009434998,
1,1,1.781156,-0.1154488,1.390137,1.727528,-0.00330913,-0.9435973,-0.3309444,0.009434998,
1,1,1.789489,-0.1164472,1.361796,1.67761,-0.00330913,-0.9435973,-0.3309444,0.009434998,
1,1,1.797651,-0.1174236,1.333417,1.62879,-0.00330913,-0.9435973,-0.3309444,0.009434998,
1,1,1.805984,-0.118419,1.303809,1.579017,-0.00330913,-0.9435973,-0.3309444,0.009434998,
1,1,1.81311,-0.119269,1.277983,1.536515,-0.00330913,-0.9435973,-0.3309444,0.009434998,
1,1,1.821443,-0.1202618,1.247187,1.486878,-0.00330913,-0.9435973,-0.3309444,0.009434998,
1,1,1.829776,-0.1212531,1.215755,1.437315,-0.00330913,-0.9435973,-0.3309444,0.009434998,
1,1,1.837673,-0.122191,1.185384,1.390419,-0.00330913,-0.9435973,-0.3309444,0.009434998,
1,1,1.846006,-0.1231793,1.152714,1.341,-0.00330913,-0.9435973,-0.3309444,0.009434998,
1,1,1.854339,-0.1241662,1.119409,1.291655,-0.00330913,-0.9435973,-0.3309444,0.009434998,
1,1,1.862607,-0.1251439,1.085741,1.242772,-0.00330913,-0.9435973,-0.3309444,0.009434998,
1,1,1.87094,-0.1261278,1.051179,1.193576,-0.00330913,-0.9435973,-0.3309444,0.009434998,
1,1,1.878622,-0.1270334,1.018761,1.148297,-0.00330913,-0.9435973,-0.3309444,0.009434998,
1,1,1.886955,-0.1280144,0.9829881,1.099247,-0.00330913,-0.9435973,-0.3309444,0.009434998,
1,1,1.895288,-0.1289939,0.9465857,1.050272,-0.00330913,-0.9435973,-0.3309444,0.009434998,
1,1,1.90345,-0.1299518,0.9103243,1.002377,-0.00330913,-0.9435973,-0.3309444,0.009434998,
1,1,1.911784,-0.1309283,0.8726838,0.9535522,-0.00330913,-0.9435973,-0.3309444,0.009434998,
1,1,1.920117,-0.1319032,0.8344189,0.9048045,-0.00330913,-0.9435973,-0.3309444,0.009434998,
1,1,1.92845,-0.1328766,0.7955304,0.8561337,-0.00330913,-0.9435973,-0.3309444,0.009434998,
1,1,1.936276,-0.1337894,0.7584463,0.8104984,-0.00330913,-0.9435973,-0.3309444,0.009434998,
1,1,1.944609,-0.1347598,0.7183543,0.7619773,-0.00330913,-0.9435973,-0.3309444,0.009434998,
1,1,1.952943,-0.1357286,0.6776443,0.7135338,-0.00330913,-0.9435973,-0.3309444,0.009434998,
1,1,1.960963,-0.1366596,0.6378819,0.6669864,-0.00330913,-0.9435973,-0.3309444,0.009434998,
1,1,1.969296,-0.1376254,0.5959595,0.6186962,-0.00330913,-0.9435973,-0.3309444,0.009434998,
1,1,1.977629,-0.1385896,0.5534229,0.5704847,-0.00330913,-0.9435973,-0.3309444,0.009434998,
1,1,1.985352,-0.1394818,0.5134555,0.5258761,-0.00330913,-0.9435973,-0.3309444,0.009434998,
1,1,1.993685,-0.140443,0.4697379,0.4778163,-0.00330913,-0.9435973,-0.3309444,0.009434998,
1,1,2.001624,-0.1413571,0.4275244,0.4321087,-0.00330913,-0.9435973,-0.3309444,0.009434998,
1,1,2.009957,-0.1423152,0.3826162,0.3842041,-0.00330913,-0.9435973,-0.3309444,0.009434998,
1,1,2.01829,-0.1432717,0.3370982,0.3363797,-0.00330913,-0.9435973,-0.3309444,0.009434998,
1,1,2.02629,-0.1441884,0.2928296,0.2905425,-0.00330913,-0.9435973,-0.3309444,0.009434998,
1,1,2.034624,-0.1451418,0.2461243,0.2428755,-0.00330913,-0.9435973,-0.3309444,0.009434998,
1,1,2.042957,-0.1460935,0.198816,0.1952893,-0.00330913,-0.9435973,-0.3309444,0.009434998,
1,1,2.051124,-0.1470247,0.1518652,0.1487306,-0.00330913,-0.9435973,-0.3309444,0.009434998,
1,1,2.059458,-0.1479732,0.1033641,0.1013055,-0.00330913,-0.9435973,-0.3309444,0.009434998,
1,1,2.067366,-0.1488718,0.05678051,0.05637245,-0.00330913,-0.9435973,-0.3309444,0.009434998,
1,1,2.0757,-0.1496745,0.05547344,0.01634747,-0.0006091865,-0.9980505,-0.06160508,0.009980177,CourtEnter
1,1,2.084033,-0.1503628,0.09297078,-0.01803238,0.004153646,-0.9101829,0.4140858,0.009101235,CourtExit
1,1,2.091697,-0.150995,0.1267981,-0.04962107,0.007697226,-0.6401783,0.7681612,0.006401068,
1,1,2.10003,-0.1516819,0.1628686,-0.08393569,0.009801535,-0.2053569,0.9786359,0.002052902,
1,1,2.108364,-0.152368,0.1981961,-0.1182165,0.0096192,0.27706,0.9608005,-0.002771049,
1,1,2.116403,-0.1530293,0.2315788,-0.1512573,0.007315793,0.6822051,0.7310924,-0.006822175,
1,1,2.124737,-0.1537141,0.2654566,-0.1854725,0.003266447,0.9449984,0.3269223,-0.009449734,
1,1,2.13307,-0.1543983,0.2985986,-0.2196546,-0.001538658,0.9881929,-0.1528882,-0.009881363,
1,1,2.141173,-0.155063,0.33012,-0.2528615,-0.005875651,0.8101602,-0.5861231,-0.008100856,
1,1,2.149078,-0.1557107,0.3602024,-0.2852256,-0.00886885,0.4649225,-0.8852947,-0.004648463,
1,1,2.157412,-0.156393,0.3912008,-0.3193119,-0.01001336,-0.001999108,-0.9999479,2.056914E-05,
1,1,2.1657,-0.1570709,0.4213085,-0.3531824,-0.008856745,-0.4658529,-0.8848056,0.004658764,
1,1,2.173712,-0.1577257,0.4497275,-0.3858944,-0.005811359,-0.8138714,-0.5809589,0.008138547,
1,1,2.18197,-0.1583999,0.4783156,-0.4195793,-0.001386917,-0.9902046,-0.1392655,0.009901491,
1,1,2.190304,-0.1590796,0.5064386,-0.453539,0.003389326,-0.9411884,0.3377342,0.009411064,
1,1,2.198637,-0.1597587,0.5338374,-0.487467,0.007384009,-0.6759775,0.7368543,0.006758885,
1,1,2.206432,-0.1603933,0.5588109,-0.5191748,0.009597556,-0.2859091,0.9582044,0.00285833,
1,1,2.214765,-0.1610712,0.5848104,-0.5530422,0.009825333,0.1921186,0.9813207,-0.001921618,
1,1,2.223099,-0.1617484,0.6100885,-0.5868786,0.007804533,0.6258782,0.7798567,-0.006258763,
1,1,2.231042,-0.1623934,0.6335117,-0.6191007,0.004207755,0.9070541,0.4208955,-0.009070083,
1,1,2.239375,-0.1630694,0.6573827,-0.6528767,-0.0004870587,0.9988039,-0.04786407,-0.009987218,
1,1,2.247375,-0.1637179,0.6796254,-0.6852741,-0.004900735,0.8723843,-0.4887183,-0.008722854,
1,1,2.255709,-0.1643927,0.7020914,-0.7189903,-0.008388663,0.5466822,-0.8372803,-0.005465881,
1,1,2.263922,-0.1650573,0.7235352,-0.7521928,-0.009960137,0.1037503,-0.994553,-0.001036829,
1,1,2.271932,-0.1657048,0.743777,-0.7845425,-0.00937417,-0.3508189,-0.9363898,0.003508446,
1,1,2.280265,-0.1663778,0.7641363,-0.81817,-0.006683438,-0.7440988,-0.6679947,0.007440744,
1,1,2.288296,-0.1670259,0.7830827,-0.850548,-0.002649224,-0.9641133,-0.2653031,0.009640453,
1,1,2.296629,-0.1676978,0.8020442,-0.8841171,0.002111022,-0.9776392,0.2100514,0.009775411,
1,1,2.304803,-0.1683563,0.8199534,-0.9170161,0.006320481,-0.7760677,0.6305701,0.007759618,
1,1,2.312954,-0.1690123,0.8371323,-0.9497936,0.009148664,-0.4072047,0.913282,0.004071146,
1,1,2.321288,-0.1696825,0.8539931,-0.9832758,0.009995004,0.05979228,0.9981606,-0.0005984465,
1,1,2.329437,-0.1703372,0.8697968,-1.015988,0.008644952,0.5039299,0.8636867,-0.005039332,
1,1,2.33777,-0.1710062,0.8852599,-1.049413,0.00534613,0.845093,0.5345259,-0.008450438,
1,1,2.345624,-0.1716363,0.8991874,-1.08089,0.001122671,0.9935584,0.1128797,-0.009934695,
1,1,2.353958,-0.1723042,0.9132805,-1.114259,-0.003580768,0.9341049,-0.3568586,-0.00933993,
1,1,2.362291,-0.1729715,0.9266675,-1.147599,-0.007479314,0.6654441,-0.7463806,-0.006653344,
1,1,2.369967,-0.1735857,0.9383781,-1.178285,-0.009602259,0.2843263,-0.9586753,-0.002842415,
1,1,2.3783,-0.1742519,0.9504142,-1.21157,-0.009833907,-0.1877136,-0.9821728,0.001877523,
1,1,2.386348,-0.1748946,0.9613714,-1.243684,-0.007970905,-0.6046178,-0.7964529,0.006046021,
1,1,2.394681,-0.1755597,0.9720296,-1.276914,-0.004302365,-0.9026127,-0.4303376,0.009025435,
1,1,2.40252,-0.1761849,0.9814158,-1.308146,3.914022E-05,-0.9999451,0.003136514,0.009998386,
1,1,2.410853,-0.1768489,0.990716,-1.34132,0.004623175,-0.8873475,0.4609929,0.008872246,
1,1,2.418752,-0.1774777,0.9988852,-1.372739,0.00803177,-0.5977707,0.8016047,0.005976585,
1,1,2.427085,-0.1781406,1.006824,-1.405858,0.009878073,-0.1645741,0.9863139,0.001644982,
1,1,2.435418,-0.178803,1.014065,-1.43895,0.009534322,0.304849,0.9523481,-0.003048693,
1,1,2.443704,-0.1794609,1.020574,-1.471824,0.007099713,0.7046019,0.7095323,-0.007045601,
1,1,2.451862,-0.1801083,1.026311,-1.504166,0.003183377,0.9478271,0.3186281,-0.009477319,
1,1,2.460196,-0.180769,1.031482,-1.537175,-0.001503545,0.9887286,-0.1493843,-0.009885996,
1,1,2.468234,-0.1814057,1.035812,-1.568989,-0.005719326,0.8212307,-0.5705085,-0.008210956,
1,1,2.476568,-0.1820653,1.039619,-1.601942,-0.008838977,0.4705578,-0.8823124,-0.004704462,
1,1,2.484603,-0.1827008,1.042634,-1.633691,-0.010008,0.03345732,-0.99939,-0.000333932,
1,1,2.492936,-0.1833592,1.04508,-1.666589,-0.009057823,-0.4255979,-0.904857,0.004255977,
1,1,2.501101,-0.1840038,1.046805,-1.698792,-0.006195811,-0.7850677,-0.6193292,0.007850025,
1,1,2.509375,-0.1846564,1.047874,-1.7314,-0.0019696,-0.9802632,-0.1974439,0.009801455,
1,1,2.517708,-0.1853132,1.048264,-1.764214,0.002712013,-0.962785,0.2700835,0.009626394,
1,1,2.526041,-0.1859694,1.047964,-1.796999,0.006797759,-0.7347456,0.678269,0.007346049,
1,1,2.534187,-0.1866103,1.047003,-1.82902,0.009359024,-0.3562606,0.934333,0.003561557,
1,1,2.542487,-0.1872628,1.045346,-1.861617,0.00995716,0.1050198,0.9944198,-0.00105064,
1,1,2.550099,-0.1878607,1.043228,-1.891489,0.008607385,0.5102949,0.8599413,-0.005102733,
1,1,2.558433,-0.1885146,1.040248,-1.924163,0.005349735,0.8448663,0.5348842,-0.008447775,
1,1,2.566766,-0.189168,1.036582,-1.956807,0.000930717,0.9955494,0.09370931,-0.009954121,
1,1,2.574969,-0.1898106,1.032304,-1.988912,-0.003619158,0.932629,-0.3606981,-0.009324727,
1,1,2.582976,-0.1904373,1.027485,-2.020225,-0.007330698,0.6817327,-0.7315329,-0.006815898,
1,1,2.591309,-0.191089,1.021797,-2.052783,-0.009624157,0.2768063,-0.9608736,-0.002767085,
1,1,2.599642,-0.1917401,1.015425,-2.085312,-0.009833707,-0.187796,-0.9821571,0.001878259,
1,1,2.60757,-0.1923589,1.008727,-2.116231,-0.008055528,-0.593331,-0.8048964,0.00593288,
1,1,2.615904,-0.1930089,1.001021,-2.148702,-0.004498762,-0.893002,-0.4499416,0.008928917,
1,1,2.624237,-0.1936581,0.9926298,-2.181142,2.595738E-05,-0.9999484,0.001823389,0.009997945,
1,1,2.632155,-0.1942745,0.9840248,-2.211938,0.004333332,-0.9017982,0.4320416,0.009016331,
1,1,2.640489,-0.1949227,0.974303,-2.244319,0.007939477,-0.6099417,0.7923831,0.006098002,
1,1,2.648381,-0.1955359,0.9644682,-2.274957,0.009788488,-0.2114592,0.9773356,0.002113692,
1,1,2.656714,-0.1961828,0.9534209,-2.307276,0.009689223,0.2516039,0.9677786,-0.002516195,
1,1,2.665048,-0.196829,0.9416942,-2.339565,0.007513207,0.660463,0.750792,-0.006604,
1,1,2.67299,-0.1974443,0.9298849,-2.370307,0.00393269,0.9192985,0.393434,-0.009191725,
1,1,2.681323,-0.1980893,0.9168297,-2.402533,-0.0006298744,0.9980179,-0.0621318,-0.009978518,
1,1,2.689329,-0.1987084,0.9036502,-2.43346,-0.004896014,0.8726445,-0.4882534,-0.008724729,
1,1,2.697662,-0.1993521,0.8892671,-2.465621,-0.008298604,0.5602199,-0.8282834,-0.005600792,
1,1,2.705355,-0.1999458,0.8753871,-2.495283,-0.009879027,0.1639792,-0.986413,-0.001638943,
1,1,2.713689,-0.2005882,0.8597028,-2.52738,-0.00956173,-0.2961736,-0.9550817,0.0029618,
1,1,2.722022,-0.20123,0.8433437,-2.559444,-0.007212322,-0.6931008,-0.7207713,0.006930253,
1,1,2.729983,-0.2018424,0.8270853,-2.590042,-0.003528703,-0.9355301,-0.3531056,0.009353903,
1,1,2.738316,-0.2024828,0.8094056,-2.622038,0.001043676,-0.994584,0.1034544,0.00994406,
1,1,2.74648,-0.2031095,0.7914338,-2.653349,0.00531239,-0.8480332,0.5298486,0.008478546,
1,1,2.754813,-0.2037485,0.7724233,-2.685276,0.008549173,-0.5212717,0.853332,0.005211305,
1,1,2.763146,-0.2043868,0.7527405,-2.717166,0.009978097,-0.0845997,0.9963647,0.000845263,
1,1,2.77148,-0.2050244,0.7323861,-2.749021,0.009301103,0.3696667,0.9291105,-0.003696543,
1,1,2.779308,-0.2056226,0.7126565,-2.77891,0.006871967,0.7267694,0.6868086,-0.007266763,
1,1,2.787641,-0.2062588,0.6910033,-2.810694,0.002897533,0.9569464,0.2900926,-0.009567859,
1,1,2.79565,-0.2068695,0.6695625,-2.841205,-0.001505672,0.9886968,-0.149595,-0.009885034,
1,1,2.803909,-0.2074985,0.6468076,-2.872631,-0.005728249,0.8206108,-0.5713999,-0.008204228,
1,1,2.812242,-0.2081324,0.6231825,-2.904303,-0.008788119,0.4799698,-0.8772279,-0.004798277,
1,1,2.820576,-0.2087656,0.5988913,-2.935935,-0.01000599,0.03902631,-0.999188,-0.0003896175,
1,1,2.828395,-0.2093589,0.5754941,-2.96558,-0.009243857,-0.383691,-0.9234073,0.003836677,
1,1,2.836728,-0.2099905,0.5499147,-2.997137,-0.006566335,-0.7544237,-0.6563117,0.007543096,
1,1,2.844852,-0.2106055,0.5243407,-3.027859,-0.002632933,-0.9645592,-0.2636772,0.00964378,
1,1,2.853185,-0.2112354,0.4974516,-3.059336,0.001933776,-0.9812755,0.1923499,0.009810623,
1,1,2.861518,-0.2118646,0.4699003,-3.09077,0.00609538,-0.7938117,0.6080813,0.007936109,
1,1,2.869674,-0.2124796,0.4422956,-3.121497,0.008944246,-0.4502605,0.8928411,0.00450113,
1,1,2.877861,-0.2130961,0.413954,-3.152295,0.0100122,-0.01569104,0.9998267,0.0001562742,
1,1,2.885892,-0.2137,0.3855321,-3.18247,0.009111683,0.4139777,0.910232,-0.004139446,
1,1,2.894225,-0.2143258,0.3553935,-3.213738,0.006329637,0.7743397,0.6326911,-0.007742119,
1,1,2.902558,-0.2149508,0.3245981,-3.244962,0.002240887,0.9744146,0.2245355,-0.009742174,
1,1,2.910892,-0.2155749,0.2931481,-3.276142,-0.002307867,0.9732071,-0.2297129,-0.009729809,
1,1,2.918761,-0.2161634,0.2628457,-3.305546,-0.006179264,0.787321,-0.6164621,-0.007871102,
1,1,2.927095,-0.2167857,0.2301235,-3.336638,-0.009024808,0.4339161,-0.9008976,-0.004337653,
1,1,2.935038,-0.217378,0.1983263,-3.366232,-0.0100126,0.01292639,-0.9998664,-0.0001286326,
1,1,2.943371,-0.2179985,0.1643292,-3.397234,-0.009038614,-0.4296381,-0.9029457,0.00429595,
1,1,2.951704,-0.2186181,0.1296827,-3.428189,-0.006211665,-0.7838131,-0.6209162,0.007836725,
1,1,2.95991,-0.2192273,0.09493341,-3.458624,-0.002182874,-0.9757314,-0.2187426,0.009755212,
1,1,2.968243,-0.219845,0.05899898,-3.489484,0.002344453,-0.9723371,0.2333677,0.009720984,
1,1,2.976403,-0.2204557,0.04548481,-3.520038,0.006192594,-0.7865711,0.6174186,0.007861706,CourtEnter
1,1,2.984713,-0.2210888,0.07303718,-3.551692,0.008842759,-0.4712956,0.8819184,0.004708298,CourtExit
1,1,2.992898,-0.2217124,0.09946984,-3.582837,0.009989955,-0.08275981,0.9965191,0.0008230745,
1,1,3.001182,-0.2223432,0.1255177,-3.614334,0.009482498,0.3238163,0.9460669,-0.003241782,
1,1,3.009516,-0.222977,0.1510028,-3.645988,0.007368535,0.6776305,0.7353344,-0.006778392,
1,1,3.016592,-0.2235149,0.1720798,-3.672845,0.004573666,0.8896061,0.4566191,-0.008896555,
1,1,3.024925,-0.2241477,0.1962409,-3.704448,0.0005960941,0.9981555,0.05987981,-0.009980102,
1,1,3.033258,-0.22478,0.2196854,-3.736023,-0.00347975,0.9379104,-0.3467334,-0.009375949,
1,1,3.041299,-0.2253895,0.2416301,-3.766463,-0.006860228,0.7293737,-0.6840423,-0.007289451,
1,1,3.049632,-0.2260208,0.2636731,-3.797985,-0.009218826,0.3930413,-0.9194663,-0.003925673,
1,1,3.057966,-0.2266514,0.2850051,-3.829479,-0.01002352,-0.009272048,-0.9999068,9.709734E-05,
1,1,3.066219,-0.2272755,0.3054313,-3.860646,-0.00915802,-0.4061882,-0.9137346,0.004065145,
1,1,3.074542,-0.2279044,0.3253233,-3.892047,-0.006758221,-0.7382256,-0.6744797,0.007383842,
1,1,3.082263,-0.2284872,0.3431434,-3.921152,-0.003510362,-0.9364831,-0.3505701,0.009364609,
1,1,3.090596,-0.2291157,0.3616959,-3.95254,0.000545237,-0.9984924,0.05397348,0.009982782,
1,1,3.098929,-0.2297437,0.3795423,-3.983904,0.004507144,-0.893355,0.4492403,0.008929852,
1,1,3.107263,-0.2303713,0.396681,-4.015241,0.007713282,-0.6389577,0.7691768,0.006384933,
1,1,3.115448,-0.2309871,0.4128287,-4.045995,0.009609264,-0.2850541,0.9584591,0.002845733,
1,1,3.123665,-0.2316049,0.428356,-4.076844,0.009955737,0.116085,0.9931887,-0.001165038,
1,1,3.131998,-0.2322309,0.4434052,-4.108104,0.008660527,0.5031422,0.8641456,-0.005034279,
1,1,3.140049,-0.2328352,0.4572759,-4.138281,0.006037402,0.7979828,0.6025971,-0.007980935,
1,1,3.148383,-0.2334601,0.4709419,-4.169491,0.002343463,0.9721421,0.2341791,-0.009720538,
1,1,3.156523,-0.2340701,0.4836148,-4.199952,-0.001643248,0.9864909,-0.1635109,-0.009862216,
1,1,3.164856,-0.2346941,0.4958969,-4.231112,-0.005447852,0.8396072,-0.5431019,-0.008391974,
1,1,3.172999,-0.2353033,0.5072222,-4.261535,-0.00829611,0.5616015,-0.8273473,-0.005611202,
1,1,3.181332,-0.2359263,0.5181197,-4.292645,-0.009850129,0.1858575,-0.9825256,-0.001853831,
1,1,3.189666,-0.2365488,0.5283201,-4.32373,-0.009776662,-0.2203646,-0.9753661,0.002207527,
1,1,3.197421,-0.2371276,0.5371859,-4.352635,-0.008255341,-0.5668634,-0.8237509,0.005671122,
1,1,3.205754,-0.2377491,0.5460405,-4.383673,-0.005315968,-0.8475319,-0.5306502,0.008475918,
1,1,3.214087,-0.2383701,0.554199,-4.414685,-0.001503587,-0.9885741,-0.1504039,0.009884348,
1,1,3.22199,-0.2389586,0.5612934,-4.444073,0.002348908,-0.9722068,0.2339102,0.009718992,
1,1,3.230324,-0.2395786,0.5680957,-4.475037,0.006022099,-0.7996354,0.6004025,0.007992003,
1,1,3.238657,-0.2401982,0.5742048,-4.505977,0.008705775,-0.4960426,0.8682404,0.004955524,
1,1,3.246716,-0.2407969,0.5794533,-4.535875,0.009946317,-0.1246803,0.9921463,0.001242141,
1,1,3.255049,-0.2414155,0.5841991,-4.566766,0.009626387,0.278444,0.9604002,-0.002788094,
1,1,3.263383,-0.2420336,0.5882509,-4.597633,0.007733768,0.6358461,0.7717509,-0.006360479,
1,1,3.271716,-0.2426512,0.5916117,-4.628475,0.00458005,0.8892782,0.4572573,-0.008892825,
1,1,3.279884,-0.2432561,0.5942355,-4.65868,0.0007622166,0.997023,0.0764541,-0.009968319,
1,1,3.288218,-0.2438727,0.5962277,-4.689473,-0.003249305,0.9460944,-0.3237367,-0.009457354,
1,1,3.295505,-0.2444115,0.5974042,-4.716381,-0.006343219,0.7745431,-0.632442,-0.007740849,
1,1,3.303838,-0.2450272,0.5981043,-4.747128,-0.008891942,0.4620038,-0.8868214,-0.004615042,
1,1,3.311762,-0.2456122,0.5981301,-4.77634,-0.009979544,0.0945473,-0.9954699,-0.0009408501,
1,1,3.32001,-0.2462207,0.5974968,-4.806727,-0.009555651,-0.3016964,-0.9533514,0.00302047,
1,1,3.328338,-0.2468345,0.5961717,-4.83738,-0.007590818,-0.6527621,-0.7574968,0.006529425,
1,1,3.336012,-0.2473996,0.5943452,-4.865602,-0.004685154,-0.8838097,-0.4677396,0.008838056,
1,1,3.344345,-0.2480129,0.5916997,-4.896228,-0.0008185513,-0.9965761,-0.08207378,0.009963727,
1,1,3.352678,-0.2486257,0.588369,-4.926828,0.003177961,-0.9485001,0.316619,0.009481302,
1,1,3.360986,-0.2492361,0.584367,-4.957309,0.006650745,-0.7484359,0.6631316,0.007479592,
1,1,3.369319,-0.2498478,0.5796665,-4.987858,0.009062943,-0.4276343,0.9038964,0.004271286,
1,1,3.377653,-0.250459,0.5742823,-5.018381,0.01001684,-0.03826551,0.9992174,0.0003781326,
1,1,3.385986,-0.2510697,0.5682153,-5.048879,0.009361818,0.3570234,0.9340417,-0.003573478,
1,1,3.394094,-0.2516634,0.5616553,-5.078526,0.007281408,0.6869366,0.7266485,-0.006870852,
1,1,3.402318,-0.2522651,0.5543401,-5.108573,0.004045639,0.9147224,0.403959,-0.009146689,
1,1,3.410651,-0.2528743,0.5462506,-5.138993,0.0001281357,0.9998628,0.01320303,-0.009996128,
1,1,3.417914,-0.2534048,0.5386453,-5.165483,-0.003323391,0.9435326,-0.3311288,-0.009431431,
1,1,3.426247,-0.2540129,0.5292797,-5.195853,-0.006760077,0.7386245,-0.6740429,-0.007381344,
1,1,3.434008,-0.2545788,0.519947,-5.224112,-0.008998401,0.4409967,-0.8974528,-0.004404833,
1,1,3.441108,-0.2550961,0.5108911,-5.249944,-0.009958924,0.1141976,-0.9934075,-0.001137261,
1,1,3.448142,-0.2556082,0.5014327,-5.275518,-0.009771552,-0.2226034,-0.9748576,0.002229785,
1,1,3.456475,-0.2562144,0.4896009,-5.305789,-0.008121902,-0.5857236,-0.810449,0.005859286,
1,1,3.464221,-0.2567773,0.4779964,-5.333899,-0.005424345,-0.8406664,-0.5414609,0.008406826,
1,1,3.472509,-0.2573791,0.4649293,-5.363953,-0.001726626,-0.9849317,-0.1726547,0.009847439,
1,1,3.480024,-0.2579243,0.4525038,-5.391178,0.001874898,-0.9823819,0.1866171,0.009820336,
1,1,3.488358,-0.2585283,0.4380795,-5.421339,0.005564636,-0.8319564,0.5547509,0.008314841,
1,1,3.493262,-0.2588835,0.4292744,-5.439078,0.007356677,-0.6795287,0.7335806,0.006790178,
1,1,3.501595,-0.2594865,0.4137774,-5.469193,0.009427382,-0.3402357,0.9402868,0.003397249,
1,1,3.509929,-0.260089,0.3976065,-5.499279,0.01000998,0.05251846,0.9985697,-0.0005294675,
1,1,3.514847,-0.2604442,0.3877465,-5.517019,0.009609077,0.2843275,0.9586748,-0.002846732,
1,1,3.518847,-0.260733,0.3795534,-5.531442,0.008889155,0.4617883,0.8869336,-0.004620521,
1,1,3.52718,-0.2613342,0.3619867,-5.561465,0.006389389,0.7702206,0.637699,-0.007702861,
1,1,3.535233,-0.2619147,0.3443707,-5.59045,0.003015519,0.9535037,0.3012154,-0.00953368,
1,1,3.543567,-0.2625147,0.3254816,-5.620412,-0.0009325133,0.9956529,-0.09260391,-0.009953294,
1,1,3.551003,-0.2630495,0.3080599,-5.647123,-0.004348935,0.9011225,-0.4334494,-0.00900674,
1,1,3.559337,-0.2636483,0.2879003,-5.677026,-0.007511028,0.6625115,-0.7489848,-0.00661991,
1,1,3.567555,-0.2642382,0.2673632,-5.706485,-0.009479024,0.3256288,-0.9454446,-0.003251177,
1,1,3.575889,-0.2648357,0.2458758,-5.736322,-0.0100019,-0.06599917,-0.9977694,0.0006642043,
1,1,3.584146,-0.2654271,0.2239255,-5.765853,-0.008980664,-0.443829,-0.8960555,0.004440956,
1,1,3.592479,-0.2660232,0.2011072,-5.795624,-0.006558638,-0.755929,-0.6545772,0.007559965,
1,1,3.600565,-0.266601,0.1783293,-5.824481,-0.003229601,-0.9464932,-0.3225689,0.009463574,
1,1,3.608891,-0.2671953,0.1542204,-5.85416,0.0006847392,-0.9976431,0.06788471,0.009973182,
1,1,3.616745,-0.2677552,0.1308719,-5.88212,0.004287801,-0.904032,0.4273478,0.009035745,
1,1,3.625078,-0.2683486,0.1054521,-5.911757,0.00745253,-0.669056,0.7431446,0.006685277,
1,1,3.632764,-0.2688954,0.08141725,-5.93906,0.009355379,-0.359493,0.933094,0.003589739,
1,1,3.641097,-0.2694875,0.05472326,-5.968627,0.01002001,0.02798568,0.9995581,-0.0002841654,
1,1,3.64895,-0.2700442,0.03895237,-5.996325,0.009213492,0.3933507,0.9193339,-0.003939177,CourtEnter
1,1,3.657284,-0.270633,0.05967978,-6.025479,0.006869792,0.727789,0.6857281,-0.007285504,CourtExit
1,1,3.665617,-0.2712153,0.07969943,-6.054548,0.003385091,0.9410104,0.3382296,-0.009418386,
1,1,3.673418,-0.2717601,0.09780025,-6.08174,-0.000397609,0.9991857,-0.03908593,-0.009999508,
1,1,3.681751,-0.2723416,0.1164517,-6.110764,-0.004358039,0.9007503,-0.434222,-0.009013258,
1,1,3.690036,-0.2729192,0.134295,-6.139595,-0.007578296,0.6549486,-0.7556071,-0.006552411,
1,1,3.69837,-0.2734997,0.1515391,-6.168573,-0.009564287,0.2998672,-0.9539283,-0.002998281,
1,1,3.706703,-0.2740799,0.1680805,-6.197529,-0.009968312,-0.1045741,-0.9944667,0.001049364,
1,1,3.714867,-0.2746478,0.183605,-6.225876,-0.008767111,-0.4842742,-0.8748589,0.004848941,
1,1,3.722979,-0.2752116,0.1983618,-6.25402,-0.006198666,-0.7854735,-0.6188144,0.007862508,
1,1,3.731312,-0.2757904,0.2128284,-6.28291,-0.002558527,-0.9666804,-0.2557908,0.009674927,
1,1,3.739613,-0.2763665,0.2265429,-6.311666,0.001484573,-0.9890079,0.1475235,0.009897219,
1,1,3.747946,-0.2769444,0.2396138,-6.340512,0.005296908,-0.8492404,0.5279115,0.008497383,
1,1,3.756279,-0.2775219,0.2519838,-6.369337,0.008237811,-0.5701938,0.8214491,0.005703951,
1,1,3.761362,-0.2778739,0.2591857,-6.386907,0.009389852,-0.3505229,0.9365005,0.003505241,
1,1,3.769653,-0.2784478,0.2703779,-6.415553,0.01001239,0.04725156,0.9988328,-0.0004756947,
1,1,3.777987,-0.2790242,0.280932,-6.444322,0.009003763,0.4389774,0.8984423,-0.004395618,
1,1,3.782856,-0.2793607,0.2867749,-6.461121,0.007712494,0.6382735,0.7697446,-0.006389708,
1,1,3.790484,-0.2798877,0.2954516,-6.487425,0.004854026,0.8746068,0.4847296,-0.008754001,
1,1,3.798437,-0.2804368,0.3038778,-6.514831,0.001174554,0.9929934,0.1177453,-0.009937705,
1,1,3.806771,-0.2810116,0.3120279,-6.543527,-0.00285607,0.9586661,-0.2843575,-0.009593029,
1,1,3.814687,-0.2815574,0.319127,-6.570768,-0.006262104,0.7811714,-0.6242363,-0.007815787,
1,1,3.823021,-0.2821315,0.3259243,-6.599422,-0.008843804,0.4712206,-0.8819584,-0.004713234,
1,1,3.830902,-0.282674,0.3317137,-6.626501,-0.009967103,0.1068361,-0.9942262,-0.001066354,
1,1,3.838719,-0.2832118,0.336844,-6.653342,-0.009650303,-0.2698826,-0.9628411,0.002703543,
1,1,3.847052,-0.2837846,0.3416437,-6.681935,-0.007800127,-0.627589,-0.7784805,0.006282737,
1,1,3.855227,-0.2843461,0.3456786,-6.709962,-0.004757061,-0.8798966,-0.4750598,0.008806808,
1,1,3.86356,-0.2849181,0.3491079,-6.738513,-0.000898326,-0.9958742,-0.09019174,0.009966335,
1,1,3.871251,-0.2854456,0.351661,-6.764845,0.002804744,-0.9601704,0.2792358,0.009607976,
1,1,3.879075,-0.285982,0.3536555,-6.791615,0.006170918,-0.7883583,0.6151349,0.007887632,
1,1,3.887408,-0.2865528,0.35511,-6.820106,0.008779585,-0.4830331,0.8755447,0.004831394,
1,1,3.895164,-0.2870836,0.355846,-6.846601,0.009942172,-0.1279772,0.9917265,0.001277914,
1,1,3.903497,-0.2876535,0.3559715,-6.875051,0.009644912,0.27179,0.9623044,-0.002722577,
1,1,3.911507,-0.288201,0.3554442,-6.902375,0.007896906,0.6154302,0.7881278,-0.006160969,
1,1,3.919251,-0.2887299,0.3543309,-6.928778,0.005089685,0.861163,0.5082304,-0.008619274,
1,1,3.927346,-0.2892824,0.3525328,-6.956351,0.001410824,0.9899144,0.141313,-0.009906671,
1,1,3.935679,-0.2898507,0.3500054,-6.984718,-0.002591225,0.9661108,-0.2579336,-0.009667328,
1,1,3.943358,-0.290374,0.3470692,-7.010839,-0.005924329,0.8069561,-0.5905265,-0.008073688,
1,1,3.951691,-0.2909415,0.3432245,-7.039165,-0.008616896,0.5113732,-0.8593004,-0.005114975,
1,1,3.959441,-0.2914689,0.3390339,-7.065488,-0.009892022,0.1622109,-0.9867052,-0.001620497,
1,1,3.967445,-0.292013,0.3340856,-7.09265,-0.009774529,-0.2210689,-0.9752067,0.002214993,
1,2,3.97574,-0.2925766,0.3282912,-7.120783,-0.008139411,-0.5831509,-0.8123021,0.005837909,TrialStart
1,2,3.984073,-0.2931423,0.3217887,-7.149022,-0.005207388,-0.8541265,-0.519969,0.008548733,
1,2,3.991278,-0.2936311,0.3156156,-7.173418,-0.001986563,-0.9800009,-0.1987417,0.009807446,
1,2,3.996829,-0.2940075,0.310512,-7.192203,0.0006767434,-0.9977074,0.06693202,0.009983877,
1,2,4.005162,-0.2945721,0.302282,-7.220385,0.004524264,-0.8925636,0.4508104,0.008930613,
1,2,4.013495,-0.2951362,0.2933702,-7.248543,0.007653479,-0.6461856,0.7631145,0.006464219,
1,2,4.021829,-0.2956999,0.2837785,-7.276678,0.009570818,-0.297774,0.9545838,0.00297713,
1,2,4.029817,-0.2962398,0.2739447,-7.303626,0.009990466,0.08097784,0.9966655,-0.0008131328,
1,2,4.037446,-0.2967549,0.2639698,-7.329341,0.009036236,0.4322936,0.9016773,-0.004328444,
1,2,4.045779,-0.2973172,0.2524242,-7.357408,0.006636683,0.7490053,0.6624883,-0.007497071,
1,2,4.053734,-0.2978535,0.2407691,-7.384177,0.003365554,0.9417083,0.3362816,-0.009424507,
1,2,4.062068,-0.2984149,0.2278978,-7.412196,-0.0005678282,0.9983768,-0.05606862,-0.00999047,
1,2,4.070401,-0.2989757,0.2143475,-7.44019,-0.004409836,0.898239,-0.4393934,-0.008987316,
1,2,4.078161,-0.2994975,0.201122,-7.466235,-0.007374689,0.6776834,-0.7352856,-0.006779413,
1,2,4.086494,-0.3000573,0.1862654,-7.49418,-0.009430854,0.3393763,-0.9405974,-0.003393441,
1,2,4.09361,-0.300535,0.1730452,-7.518021,-0.0100237,0.006286808,-0.99993,-6.009997E-05,
1,2,4.101943,-0.3010938,0.156938,-7.545917,-0.009262678,-0.3816893,-0.9242364,0.003822093,
1,2,4.109618,-0.301608,0.1415067,-7.571584,-0.007276271,-0.6873527,-0.7262549,0.006880242,
1,2,4.117951,-0.3021659,0.1241046,-7.599429,-0.004040335,-0.9148902,-0.4035787,0.009156235,
1,2,4.125551,-0.3026742,0.107646,-7.624799,-0.0005271323,-0.9985359,-0.05316019,0.009992258,
1,2,4.132885,-0.3031643,0.09123298,-7.649262,0.002931738,-0.9563933,0.2919104,0.009569559,
1,2,4.141219,-0.3037206,0.07195213,-7.67703,0.006408296,-0.769284,0.6388286,0.007696214,
1,2,4.149552,-0.3042765,0.05200019,-7.704777,0.008888035,-0.4628577,0.886376,0.004629192,CourtEnter
1,2,4.156442,-0.3047373,0.03602556,-7.727793,0.009906184,-0.1534879,0.9880997,0.001531911,
1,2,4.164775,-0.3052948,0.05056314,-7.755632,0.009754159,0.2305864,0.9730002,-0.002315263,
1,2,4.17233,-0.3058012,0.06420176,-7.780909,0.008366749,0.5506477,0.8346776,-0.005519266,CourtExit
1,2,4.180663,-0.30636,0.0785782,-7.808792,0.005669045,0.8245863,0.5656475,-0.008260567,
1,2,4.188997,-0.3069184,0.09225612,-7.836656,0.002137841,0.9769022,0.2134523,-0.009783467,
1,2,4.19705,-0.3074577,0.1048085,-7.863562,-0.001577481,0.9875257,-0.1571391,-0.009887431,
1,2,4.20504,-0.3079924,0.1166199,-7.890242,-0.00504924,0.8639582,-0.5034639,-0.008647848,
1,2,4.213374,-0.3085496,0.1282534,-7.918046,-0.007934915,0.6112729,-0.7913565,-0.006115745,
1,2,4.221588,-0.3090985,0.13904,-7.945434,-0.009640619,0.2743845,-0.9615679,-0.002741265,
1,2,4.229082,-0.3095988,0.148291,-7.970401,-0.01000132,-0.0682046,-0.997621,0.0006894138,
1,2,4.237415,-0.3101549,0.1579161,-7.998147,-0.009012491,-0.4376964,-0.8990669,0.004388581,
1,2,4.244847,-0.3106504,0.1659149,-8.022873,-0.00701128,-0.7145518,-0.6995108,0.007159494,
1,2,4.253181,-0.3112057,0.1742266,-8.050581,-0.003813004,-0.9247119,-0.380536,0.009261785,
1,2,4.260877,-0.3117183,0.1812875,-8.076156,-0.0003545199,-0.9993168,-0.03557709,0.01000656,
1,2,4.269183,0,0.5,7.5,0,0,0,1,BallLaunch
1,2,4.27731,-0.001026443,0.5407581,7.448677,-0.00330913,-0.9435973,-0.3309444,0.009434998,
1,2,4.285644,-0.002194421,0.5864961,7.390277,-0.00330913,-0.9435973,-0.3309444,0.009434998,
1,2,4.292249,-0.003118664,0.6222042,7.344065,-0.00330913,-0.9435973,-0.3309444,0.009434998,
1,2,4.300582,-0.004282737,0.6665655,7.285862,-0.00330913,-0.9435973,-0.3309444,0.009434998,
1,2,4.307165,-0.005200678,0.7010648,7.239965,-0.00330913,-0.9435973,-0.3309444,0.009434998,
1,2,4.315498,-0.006360916,0.744058,7.181952,-0.00330913,-0.9435973,-0.3309444,0.009434998,
1,2,4.323444,-0.007465299,0.7843457,7.126732,-0.00330913,-0.9435973,-0.3309444,0.009434998,
1,2,4.331778,-0.008621428,0.8258542,7.068926,-0.00330913,-0.9435973,-0.3309444,0.009434998,
1,2,4.340111,-0.009775477,0.866605,7.011223,-0.00330913,-0.9435973,-0.3309444,0.009434998,
1,2,4.348444,-0.01092746,0.9065989,6.953623,-0.00330913,-0.9435973,-0.3309444,0.009434998,
1,2,4.356778,-0.01207742,0.9458401,6.896126,-0.00330913,-0.9435973,-0.3309444,0.009434998,
1,2,4.361899,-0.01278316,0.9695843,6.860837,-0.00330913,-0.9435973,-0.3309444,0.009434998,
1,2,4.370233,-0.01392986,1.007611,6.803502,-0.00330913,-0.9435973,-0.3309444,0.009434998,
1,2,4.378566,-0.01507456,1.044889,6.746268,-0.00330913,-0.9435973,-0.3309444,0.009434998,
1,2,4.386542,-0.01616833,1.079869,6.691579,-0.00330913,-0.9435973,-0.3309444,0.009434998,
1,2,4.394539,-0.01726322,1.114256,6.636834,-0.00330913,-0.9435973,-0.3309444,0.009434998,
1,2,4.402873,-0.01840221,1.149359,6.579884,-0.00330913,-0.9435973,-0.3309444,0.009434998,
1,2,4.411016,-0.01951341,1.182946,6.524324,-0.00330913,-0.9435973,-0.3309444,0.009434998,
1,2,4.41935,-0.0206486,1.216581,6.467564,-0.00330913,-0.9435973,-0.3309444,0.009434998,
1,2,4.427061,-0.02169735,1.247049,6.415125,-0.00330913,-0.9435973,-0.3309444,0.009434998,
1,2,4.435116,-0.02279119,1.2782,6.360433,-0.00330913,-0.9435973,-0.3309444,0.009434998,
1,2,4.443449,-0.02392096,1.309702,6.303945,-0.00330913,-0.9435973,-0.3309444,0.009434998,
1,2,4.45154,-0.02501597,1.339583,6.249194,-0.00330913,-0.9435973,-0.3309444,0.009434998,
1,2,4.459873,-0.02614211,1.36964,6.192887,-0.00330913,-0.9435973,-0.3309444,0.009434998,
1,2,4.468127,-0.02725576,1.39869,6.137204,-0.00330913,-0.9435973,-0.3309444,0.009434998,
1,2,4.47646,-0.02837829,1.427291,6.081077,-0.00330913,-0.9435973,-0.3309444,0.009434998,
1,2,4.483521,-0.029328,1.450954,6.033591,-0.00330913,-0.9435973,-0.3309444,0.009434998,
1,2,4.491854,-0.03044724,1.478212,5.977629,-0.00330913,-0.9435973,-0.3309444,0.009434998,
1,2,4.500187,-0.03156472,1.504742,5.921754,-0.00330913,-0.9435973,-0.3309444,0.009434998,
1,2,4.508521,-0.03268045,1.530548,5.865968,-0.00330913,-0.9435973,-0.3309444,0.009434998,
1,2,4.516854,-0.03379444,1.555631,5.810267,-0.00330913,-0.9435973,-0.3309444,0.009434998,
1,2,4.525187,-0.03490672,1.579992,5.754653,-0.00330913,-0.9435973,-0.3309444,0.009434998,
1,2,4.53323,-0.03597854,1.602818,5.701065,-0.00330913,-0.9435973,-0.3309444,0.009434998,
1,2,4.541119,-0.03702817,1.624563,5.648626,-0.00330913,-0.9435973,-0.3309444,0.009434998,
1,2,4.548466,-0.03800467,1.64423,5.59979,-0.00330913,-0.9435973,-0.3309444,0.009434998,
1,2,4.556799,-0.03911062,1.665865,5.544423,-0.00330913,-0.9435973,-0.3309444,0.009434998,
1,2,4.564434,-0.04012208,1.685053,5.49386,-0.00330913,-0.9435973,-0.3309444,0.009434998,
1,2,4.572767,-0.04122476,1.705317,5.438726,-0.00330913,-0.9435973,-0.3309444,0.009434998,
1,2,4.5811,-0.04232581,1.724869,5.383675,-0.00330913,-0.9435973,-0.3309444,0.009434998,
1,2,4.587872,-0.04321938,1.740232,5.338996,-0.00330913,-0.9435973,-0.3309444,0.009434998,
1,2,4.596206,-0.04431747,1.758492,5.284091,-0.00330913,-0.9435973,-0.3309444,0.009434998,
1,2,4.6042,-0.04536939,1.775343,5.231494,-0.00330913,-0.9435973,-0.3309444,0.009434998,
1,2,4.61198,-0.04639173,1.791117,5.180377,-0.00330913,-0.9435973,-0.3309444,0.009434998,
1,2,4.619584,-0.04738949,1.805935,5.130488,-0.00330913,-0.9435973,-0.3309444,0.009434998,
1,2,4.627917,-0.04848152,1.821501,5.075888,-0.00330913,-0.9435973,-0.3309444,0.009434998,
1,2,4.635909,-0.04952725,1.835765,5.023601,-0.00330913,-0.9435973,-0.3309444,0.009434998,
1,2,4.644094,-0.05059686,1.849703,4.970119,-0.00330913,-0.9435973,-0.3309444,0.009434998,
1,2,4.652427,-0.05168428,1.863195,4.915748,-0.00330913,-0.9435973,-0.3309444,0.009434998,
1,2,4.660061,-0.05267905,1.87494,4.86601,-0.00330913,-0.9435973,-0.3309444,0.009434998,
1,2,4.668394,-0.05376352,1.887087,4.811786,-0.00330913,-0.9435973,-0.3309444,0.009434998,
1,2,4.674885,-0.05460721,1.896066,4.769601,-0.00330913,-0.9435973,-0.3309444,0.009434998,
1,2,4.683218,-0.05568897,1.906969,4.715512,-0.00330913,-0.9435973,-0.3309444,0.009434998,
1,2,4.691148,-0.05671689,1.916695,4.664116,-0.00330913,-0.9435973,-0.3309444,0.009434998,
1,2,4.698595,-0.05768102,1.925254,4.61591,-0.00330913,-0.9435973,-0.3309444,0.009434998,
1,2,4.706928,-0.0587585,1.934174,4.562036,-0.00330913,-0.9435973,-0.3309444,0.009434998,
1,2,4.715261,-0.05983448,1.942397,4.508237,-0.00330913,-0.9435973,-0.3309444,0.009434998,
1,2,4.723533,-0.06090096,1.949872,4.454912,-0.00330913,-0.9435973,-0.3309444,0.009434998,
1,2,4.731446,-0.06191995,1.956384,4.403962,-0.00330913,-0.9435973,-0.3309444,0.009434998,
1,2,4.73945,-0.06294922,1.962335,4.352499,-0.00330913,-0.9435973,-0.3309444,0.009434998,
1,2,4.747783,-0.06401944,1.967854,4.298987,-0.00330913,-0.9435973,-0.3309444,0.009434998,
1,2,4.755573,-0.0650185,1.972387,4.249033,-0.00330913,-0.9435973,-0.3309444,0.009434998,
1,2,4.763206,-0.06599633,1.976245,4.200142,-0.00330913,-0.9435973,-0.3309444,0.009434998,
1,2,4.77154,-0.06706239,1.979796,4.146838,-0.00330913,-0.9435973,-0.3309444,0.009434998,
1,2,4.779553,-0.06808615,1.982563,4.09565,-0.00330913,-0.9435973,-0.3309444,0.009434998,
1,2,4.787887,-0.06914939,1.984766,4.042488,-0.00330913,-0.9435973,-0.3309444,0.009434998,
1,2,4.79622,-0.07021119,1.986283,3.989398,-0.00330913,-0.9435973,-0.3309444,0.009434998,
1,2,4.802781,-0.07104617,1.986995,3.947649,-0.00330913,-0.9435973,-0.3309444,0.009434998,
1,2,4.811114,-0.07210542,1.987287,3.894686,-0.00330913,-0.9435973,-0.3309444,0.009434998,
1,2,4.81875,-0.07307469,1.986955,3.846221,-0.00330913,-0.9435973,-0.3309444,0.009434998,
1,2,4.827083,-0.07413108,1.985943,3.793389,-0.00330913,-0.9435973,-0.3309444,0.009434998,
1,2,4.834553,-0.07507725,1.984449,3.746093,-0.00330913,-0.9435973,-0.3309444,0.009434998,
1,2,4.842886,-0.07613179,1.982143,3.693403,-0.00330913,-0.9435973,-0.3309444,0.009434998,
1,2,4.85122,-0.07718307,1.979156,3.64078,-0.00330913,-0.9435973,-0.3309444,0.009434998,
1,2,4.859553,-0.07823428,1.975486,3.588228,-0.00330913,-0.9435973,-0.3309444,0.009434998,
1,2,4.867418,-0.07922488,1.971402,3.538697,-0.00330913,-0.9435973,-0.3309444,0.009434998,
1,2,4.875395,-0.08022844,1.966642,3.488519,-0.00330913,-0.9435973,-0.3309444,0.009434998,
1,2,4.882962,-0.0811791,1.961556,3.440985,-0.00330913,-0.9435973,-0.3309444,0.009434998,
1,2,4.891295,-0.08222476,1.955308,3.388702,-0.00330913,-0.9435973,-0.3309444,0.009434998,
1,2,4.899584,-0.08326337,1.948425,3.336771,-0.00330913,-0.9435973,-0.3309444,0.009434998,
1,2,4.907173,-0.08421319,1.941538,3.28928,-0.00330913,-0.9435973,-0.3309444,0.009434998,
1,2,4.915506,-0.08525479,1.933332,3.237201,-0.00330913,-0.9435973,-0.3309444,0.009434998,
1,2,4.923615,-0.08626693,1.924703,3.186594,-0.00330913,-0.9435973,-0.3309444,0.009434998,
1,2,4.931948,-0.08730577,1.915174,3.134651,-0.00330913,-0.9435973,-0.3309444,0.009434998,
1,2,4.939331,-0.08822498,1.906169,3.08869,-0.00330913,-0.9435973,-0.3309444,0.009434998,
1,2,4.947664,-0.08926119,1.895374,3.03688,-0.00330913,-0.9435973,-0.3309444,0.009434998,
1,2,4.955998,-0.09029601,1.883913,2.985138,-0.00330913,-0.9435973,-0.3309444,0.009434998,
1,2,4.961516,-0.09098044,1.875954,2.950917,-0.00330913,-0.9435973,-0.3309444,0.009434998,
1,2,4.969849,-0.09201293,1.863382,2.899292,-0.00330913,-0.9435973,-0.3309444,0.009434998,
1,2,4.978182,-0.09304404,1.850143,2.847736,-0.00330913,-0.9435973,-0.3309444,0.009434998,
1,2,4.983665,-0.09372172,1.841069,2.813852,-0.00330913,-0.9435973,-0.3309444,0.009434998,
1,2,4.991999,-0.09475051,1.826729,2.762413,-0.00330913,-0.9435973,-0.3309444,0.009434998,
1,2,5.000267,-0.09576986,1.811843,2.711445,-0.00330913,-0.9435973,-0.3309444,0.009434998,
1,2,5.0086,-0.09679586,1.79618,2.660145,-0.00330913,-0.9435973,-0.3309444,0.009434998,
1,2,5.016649,-0.0977855,1.780424,2.610663,-0.00330913,-0.9435973,-0.3309444,0.009434998,
1,2,5.024565,-0.09875758,1.764326,2.562059,-0.00330913,-0.9435973,-0.3309444,0.009434998,
1,2,5.032402,-0.09971859,1.747804,2.514009,-0.00330913,-0.9435973,-0.3309444,0.009434998,
1,2,5.040735,-0.1007392,1.729595,2.462979,-0.00330913,-0.9435973,-0.3309444,0.009434998,
1,2,5.048492,-0.1016879,1.71205,2.415538,-0.00330913,-0.9435973,-0.3309444,0.009434998,
1,2,5.056826,-0.1027054,1.692562,2.364618,-0.00330913,-0.9435973,-0.3309444,0.009434998,
1,2,5.064591,-0.1036536,1.673823,2.317278,-0.00330913,-0.9435973,-0.3309444,0.009434998,
1,2,5.072772,-0.1046494,1.653474,2.267427,-0.00330913,-0.9435973,-0.3309444,0.009434998,
1,2,5.081105,-0.1056627,1.632083,2.216763,-0.00330913,-0.9435973,-0.3309444,0.009434998,
1,2,5.086582,-0.1063287,1.617669,2.183465,-0.00330913,-0.9435973,-0.3309444,0.009434998,
1,2,5.094464,-0.1072859,1.596427,2.135649,-0.00330913,-0.9435973,-0.3309444,0.009434998,
1,2,5.102797,-0.108296,1.573341,2.085146,-0.00330913,-0.9435973,-0.3309444,0.009434998,
1,2,5.111131,-0.1093046,1.549604,2.034714,-0.00330913,-0.9435973,-0.3309444,0.009434998,
1,2,5.116595,-0.1099652,1.533686,2.001684,-0.00330913,-0.9435973,-0.3309444,0.009434998,
1,2,5.124928,-0.1109715,1.508875,1.95137,-0.00330913,-0.9435973,-0.3309444,0.009434998,
1,2,5.133192,-0.1119679,1.483632,1.901552,-0.00330913,-0.9435973,-0.3309444,0.009434998,
1,2,5.141525,-0.1129712,1.457531,1.851382,-0.00330913,-0.9435973,-0.3309444,0.009434998,
1,2,5.149353,-0.1139125,1.432424,1.80432,-0.00330913,-0.9435973,-0.3309444,0.009434998,
1,2,5.157686,-0.1149131,1.405072,1.75429,-0.00330913,-0.9435973,-0.3309444,0.009434998,
1,2,5.166019,-0.1159122,1.377077,1.704333,-0.00330913,-0.9435973,-0.3309444,0.009434998,
1,2,5.174172,-0.1168883,1.349066,1.655528,-0.00330913,-0.9435973,-0.3309444,0.009434998,
1,2,5.181483,-0.1177624,1.323426,1.611826,-0.00330913,-0.9435973,-0.3309444,0.009434998,
1,2,5.189382,-0.1187055,1.29517,1.564668,-0.00330913,-0.9435973,-0.3309444,0.009434998,
1,2,5.197715,-0.1196991,1.264737,1.514989,-0.00330913,-0.9435973,-0.3309444,0.009434998,
1,2,5.206048,-0.1206912,1.233667,1.465384,-0.00330913,-0.9435973,-0.3309444,0.009434998,
1,2,5.214069,-0.1216446,1.203161,1.417709,-0.00330913,-0.9435973,-0.3309444,0.009434998,
1,2,5.221351,-0.1225079,1.174955,1.374485,-0.00330913,-0.9435973,-0.3309444,0.009434998,
1,2,5.229684,-0.1234959,1.142078,1.325091,-0.00330913,-0.9435973,-0.3309444,0.009434998,
1,2,5.236518,-0.124306,1.114644,1.284643,-0.00330913,-0.9435973,-0.3309444,0.009434998,
1,2,5.244851,-0.1252912,1.080614,1.235386,-0.00330913,-0.9435973,-0.3309444,0.009434998,
1,2,5.252486,-0.1261928,1.048888,1.190323,-0.00330913,-0.9435973,-0.3309444,0.009434998,
1,2,5.259932,-0.127068,1.017435,1.146436,-0.00330913,-0.9435973,-0.3309444,0.009434998,
1,2,5.268265,-0.1280475,0.9816403,1.097387,-0.00330913,-0.9435973,-0.3309444,0.009434998,
1,2,5.276598,-0.129027,0.9452157,1.048416,-0.00330913,-0.9435973,-0.3309444,0.009434998,
1,2,5.284191,-0.1299195,0.9114828,1.003865,-0.00330913,-0.9435973,-0.3309444,0.009434998,
1,2,5.292525,-0.1308962,0.8738618,0.95504,-0.00330913,-0.9435973,-0.3309444,0.009434998,
1,2,5.300482,-0.1318272,0.8373557,0.9084886,-0.00330913,-0.9435973,-0.3309444,0.009434998,
1,2,5.30838,-0.13275,0.8005593,0.8623523,-0.00330913,-0.9435973,-0.3309444,0.009434998,
1,2,5.316713,-0.133722,0.76113,0.8137485,-0.00330913,-0.9435973,-0.3309444,0.009434998,
1,2,5.323826,-0.1345505,0.7269843,0.7723241,-0.00330913,-0.9435973,-0.3309444,0.009434998,
1,2,5.33216,-0.1355197,0.6864058,0.723864,-0.00330913,-0.9435973,-0.3309444,0.009434998,
1,2,5.340493,-0.1364902,0.6452088,0.6754806,-0.00330913,-0.9435973,-0.3309444,0.009434998,
1,2,5.347233,-0.1372693,0.6114379,0.636406,-0.00330913,-0.9435973,-0.3309444,0.009434998,
1,2,5.355567,-0.1382319,0.569128,0.588165,-0.00330913,-0.9435973,-0.3309444,0.009434998,
1,2,5.363621,-0.1391623,0.5276461,0.5416117,-0.00330913,-0.9435973,-0.3309444,0.009434998,
1,2,5.371954,-0.1401249,0.4841296,0.4935271,-0.00330913,-0.9435973,-0.3309444,0.009434998,
1,2,5.379346,-0.1409788,0.445017,0.4509404,-0.00330913,-0.9435973,-0.3309444,0.009434998,
1,2,5.38768,-0.1419387,0.4003474,0.403005,-0.00330913,-0.9435973,-0.3309444,0.009434998,
1,2,5.395511,-0.1428354,0.3578101,0.3580283,-0.00330913,-0.9435973,-0.3309444,0.009434998,
1,2,5.403227,-0.1437189,0.315378,0.3137827,-0.00330913,-0.9435973,-0.3309444,0.009434998,
1,2,5.411561,-0.1446731,0.2689679,0.2660753,-0.00330913,-0.9435973,-0.3309444,0.009434998,
1,2,5.419894,-0.1456272,0.221954,0.2184502,-0.00330913,-0.9435973,-0.3309444,0.009434998,
1,2,5.4279,-0.1465439,0.1762168,0.1727697,-0.00330913,-0.9435973,-0.3309444,0.009434998,
1,2,5.435311,-0.1473861,0.1333873,0.1305557,-0.00330913,-0.9435973,-0.3309444,0.009434998,
1,2,5.443644,-0.1483318,0.08465824,0.08316259,-0.00330913,-0.9435973,-0.3309444,0.009434998,
1,2,5.451312,-0.149202,0.03929196,0.03962732,-0.00330913,-0.9435973,-0.3309444,0.009434998,CourtEnter
1,2,5.459645,-0.1499144,0.0688117,0.004165437,0.001118143,-0.9937856,0.1108617,0.009938052,CourtExit
1,2,5.467978,-0.1505983,0.106047,-0.03019914,0.005656519,-0.8255358,0.564261,0.008255572,
1,2,5.476312,-0.1512823,0.1425375,-0.06452964,0.008870166,-0.4645076,0.8855126,0.004645251,
1,2,5.484645,-0.1519663,0.1782854,-0.09882533,0.01001205,0.00467266,0.999939,-4.661863E-05,
1,2,5.490496,-0.1524465,0.2029425,-0.1228863,0.009412892,0.3399971,0.9403732,-0.003399914,
1,2,5.498829,-0.1531304,0.2374328,-0.157126,0.006720455,0.7406671,0.6717978,-0.007406672,
1,2,5.506991,-0.1538004,0.2704999,-0.1906318,0.002564301,0.9663882,0.2568928,-0.009663919,
1,2,5.512505,-0.1542529,0.292434,-0.2132436,-0.0006292564,0.998024,-0.06203241,-0.009980292,
1,2,5.520838,-0.1549368,0.3249794,-0.2473969,-0.005226167,0.8533404,-0.5212582,-0.008533473,
1,2,5.529171,-0.1556208,0.3567936,-0.2815168,-0.008609626,0.5111145,-0.8594543,-0.005111227,
1,2,5.537505,-0.1563048,0.3878735,-0.3156035,-0.009999636,0.05088493,-0.9986544,-0.000508946,
1,2,5.544509,-0.1568797,0.4134338,-0.3442306,-0.009378036,-0.3494546,-0.9368999,0.003494432,
1,2,5.552843,-0.1575636,0.4431704,-0.3782572,-0.00666181,-0.7459339,-0.6659449,0.007459215,
1,2,5.561176,-0.1582476,0.4721787,-0.4122526,-0.002412465,-0.9702913,-0.2417328,0.009702804,
1,2,5.567901,-0.1587977,0.4950594,-0.4396663,0.001471829,-0.9892063,0.1461885,0.009891983,
1,2,5.576235,-0.1594732,0.5227534,-0.4736027,0.005911425,-0.8075359,0.5897335,0.008075334,
1,2,5.584311,-0.1601279,0.5489061,-0.5064663,0.008924811,-0.453934,0.8909791,0.004539386,
1,2,5.592531,-0.1607942,0.574822,-0.539882,0.01001198,0.00562215,0.9999341,-5.610043E-05,
1,2,5.600864,-0.1614697,0.6003825,-0.5737274,0.008836322,0.4694623,0.8828958,-0.004694435,
1,2,5.608669,-0.1621023,0.6236621,-0.6053946,0.005891849,0.8079994,0.5890984,-0.008079776,
1,2,5.617002,-0.1627779,0.6478266,-0.63918,0.001463591,0.9890887,0.1469818,-0.009890673,
1,2,5.624872,-0.1634159,0.6699895,-0.6710603,-0.003041558,0.9529406,-0.3029918,-0.009529237,
1,2,5.633206,-0.1640914,0.6927556,-0.7047855,-0.007115656,0.7040403,-0.7100894,-0.007040326,
1,2,5.641276,-0.1647456,0.7141239,-0.7374182,-0.009522771,0.3095855,-0.9508189,-0.003095899,
1,2,5.648694,-0.1653469,0.7331707,-0.7673897,-0.009946733,-0.1133306,-0.9935069,0.001133136,
1,2,5.657027,-0.1660224,0.7538931,-0.8010304,-0.008289739,-0.5600742,-0.8283821,0.005600447,
1,2,5.663504,-0.1665474,0.7695073,-0.8271499,-0.005669031,-0.8237545,-0.5668585,0.008237189,
1,2,5.671837,-0.1672229,0.7889627,-0.8607374,-0.001213757,-0.9924757,-0.1220327,0.009924391,
1,2,5.680015,-0.1678858,0.8073632,-0.8936647,0.003428745,-0.9397658,0.3416727,0.009397358,
1,2,5.688348,-0.1685539,0.825416,-0.9271947,0.007383503,-0.6759678,0.7368632,0.006759525,
1,2,5.694602,-0.1690545,0.8384899,-0.9523389,0.009291736,-0.3732124,0.9276919,0.003732106,
1,2,5.702935,-0.1697215,0.8552968,-0.9858124,0.009964584,0.09657583,0.9952753,-0.0009655758,
1,2,5.71083,-0.1703535,0.8705693,-1.0175,0.008528962,0.52305,0.8522434,-0.005230152,
1,2,5.719163,-0.1710206,0.8860053,-1.050938,0.005155412,0.8567783,0.515588,-0.008567325,
1,2,5.72705,-0.1716519,0.8999665,-1.082528,0.0008819182,0.9959909,0.08889393,-0.009959433,
1,2,5.734462,-0.1722453,0.912496,-1.11221,-0.003310656,0.9439716,-0.3298749,-0.009439311,
1,2,5.742795,-0.1729124,0.9259202,-1.14555,-0.007284545,0.686596,-0.7269703,-0.006865724,
1,2,5.75073,-0.1735475,0.9380474,-1.17726,-0.009560855,0.2976248,-0.9546304,-0.002976231,
1,2,5.758757,-0.17419,0.9496701,-1.209337,-0.009887172,-0.1567259,-0.9875914,0.001567033,
1,2,5.766794,-0.1748334,0.9606673,-1.241395,-0.008159317,-0.5788544,-0.8153695,0.005788106,
1,2,5.774521,-0.175452,0.9706218,-1.272213,-0.004893821,-0.8719609,-0.4894735,0.008719046,
1,2,5.782481,-0.1760891,0.9802434,-1.303929,-0.0005578707,-0.9983507,-0.05653181,0.00998293,
1,2,5.790658,-0.1767437,0.9894597,-1.336475,0.004003542,-0.916854,0.3990974,0.009168068,
1,2,5.798991,-0.1774108,0.9981597,-1.369643,0.007761951,-0.632256,0.7746949,0.006322304,
1,2,5.806996,-0.1780485,1.005866,-1.401439,0.0097554,-0.2258138,0.974119,0.002258153,
1,2,5.81533,-0.1787072,1.013197,-1.43454,0.009705414,0.2448433,0.969511,-0.002448109,
1,2,5.823663,-0.1793658,1.019833,-1.467602,0.007506969,0.6610386,0.7502853,-0.006609792,
1,2,5.831734,-0.1800037,1.025599,-1.499597,0.003788622,0.9252861,0.3791381,-0.009252119,
1,2,5.840068,-0.1806624,1.030868,-1.532621,-0.0008622113,0.9963054,-0.085297,-0.009962311,
1,2,5.847753,-0.1812698,1.03511,-1.563023,-0.005004166,0.8665022,-0.4990729,-0.008664432,
1,2,5.856086,-0.1819284,1.039037,-1.595988,-0.008409297,0.5433944,-0.8394178,-0.005433655,
1,2,5.864079,-0.1825601,1.042156,-1.627566,-0.009940719,0.120096,-0.9927118,-0.001201043,
1,2,5.872354,-0.1832142,1.044712,-1.660233,-0.009404233,-0.3423757,-0.9395099,0.003423277,
1,2,5.879817,-0.183804,1.04643,-1.689688,-0.007161482,-0.6982229,-0.7158106,0.006981458,
1,2,5.88815,-0.1844626,1.047697,-1.722518,-0.003191324,-0.9475326,-0.3195028,0.009474379,
1,2,5.896182,-0.1850974,1.048269,-1.75416,0.001306211,-0.9915102,0.1296437,0.009914176,
1,2,5.90449,-0.185754,1.048176,-1.786846,0.005665325,-0.8249363,0.5651371,0.008248661,
1,2,5.910916,-0.1862619,1.047634,-1.812111,0.008232117,-0.5698342,0.8216987,0.005697923,
1,2,5.91925,-0.1869206,1.046326,-1.844871,0.009922496,-0.134391,0.9908778,0.001343955,
1,2,5.927583,-0.1875792,1.04433,-1.877566,0.009448181,0.3301184,0.9438865,-0.003300671,
1,2,5.935916,-0.1882298,1.041648,-1.910262,0.006916282,0.7224604,0.6913401,-0.00722373,
1,2,5.943205,-0.1887985,1.038731,-1.938818,0.003441297,0.9387475,0.3444609,-0.009386437,
1,2,5.950809,-0.1893918,1.035133,-1.96859,-0.0007841439,0.9969423,-0.07749833,-0.009968393,
1,2,5.959143,-0.190042,1.030532,-2.0012,-0.005220865,0.8536668,-0.5207233,-0.008535861,
1,2,5.965905,-0.1905696,1.026286,-2.027622,-0.008025168,0.5985736,-0.8010053,-0.005985242,
1,2,5.974238,-0.1912198,1.020445,-2.060182,-0.009865693,0.1712745,-0.9851725,-0.001712739,
1,2,5.982572,-0.19187,1.013916,-2.092742,-0.009570882,-0.2928421,-0.9561085,0.002927913,
1,2,5.990587,-0.1924954,1.006986,-2.123986,-0.007331324,-0.6804194,-0.7327547,0.006803274,
1,2,5.99892,-0.1931456,0.9991136,-2.156411,-0.003459719,-0.9380714,-0.3462979,0.009379552,
1,2,6.00714,-0.1937868,0.9906789,-2.18839,0.001091413,-0.9940799,0.1081908,0.00993964,
1,2,6.015217,-0.1944171,0.9817429,-2.219822,0.005344482,-0.8460068,0.5330783,0.00845915,
1,2,6.023551,-0.1950673,0.971856,-2.252238,0.008588634,-0.5146316,0.857353,0.005145854,
1,2,6.031315,-0.1956731,0.9620285,-2.282324,0.009958037,-0.1046911,0.9944544,0.001046971,
1,2,6.038727,-0.1962514,0.9520941,-2.311044,0.009529943,0.3058265,0.9520347,-0.003057704,
1,2,6.047061,-0.1968995,0.940286,-2.343334,0.007126722,0.7017626,0.7123407,-0.007016594,
1,2,6.055394,-0.1975412,0.9277949,-2.375624,0.003199404,0.9472608,0.3203078,-0.009471318,
1,2,6.063116,-0.1981359,0.9156173,-2.405462,-0.001069684,0.9943137,-0.1060209,-0.009941847,
1,2,6.071449,-0.1987776,0.9018205,-2.437616,-0.005430619,0.8405212,-0.5416864,-0.008404193,
1,2,6.079589,-0.1994045,0.8876916,-2.469026,-0.008575476,0.5168176,-0.856037,-0.005167636,
1,2,6.087923,-0.2000462,0.8725592,-2.50118,-0.009982808,0.07740726,-0.9969493,-0.0007741447,
1,2,6.092962,-0.2004343,0.8630813,-2.520608,-0.009803046,-0.2025343,-0.979224,0.002024893,
1,2,6.101295,-0.201076,0.8468654,-2.552628,-0.00784801,-0.6202896,-0.7843091,0.006201894,
1,2,6.108153,-0.2016042,0.8330134,-2.578978,-0.004959417,-0.8682542,-0.4960188,0.008681233,
1,2,6.116487,-0.2022459,0.8155658,-2.610998,-0.000535963,-0.9984723,-0.05434206,0.009983287,
1,2,6.124028,-0.2028266,0.7991968,-2.639973,0.003589495,-0.9337711,0.3577311,0.009336422,
1,2,6.132361,-0.2034684,0.7804639,-2.671873,0.00739355,-0.6748759,0.7378634,0.0067479,
1,2,6.13995,-0.2040528,0.7628207,-2.70091,0.009511424,-0.313074,0.949676,0.003130451,
1,2,6.148283,-0.2046943,0.7428067,-2.732795,0.009905881,0.1445673,0.9894444,-0.001445275,
1,2,6.156043,-0.205284,0.7235668,-2.762484,0.008389905,0.5450153,0.8383664,-0.005449177,
1,2,6.164376,-0.2059173,0.7022576,-2.794233,0.005066617,0.8620534,0.5067187,-0.008619128,
1,2,6.172269,-0.2065171,0.68146,-2.824303,0.0009237957,0.9956091,0.09307315,-0.009954549,
1,2,6.180408,-0.2071356,0.6593859,-2.855311,-0.003519292,0.9364278,-0.3507177,-0.009362902,
1,2,6.188741,-0.2077689,0.6361234,-2.887016,-0.007328962,0.6818685,-0.7314063,-0.006817766,
1,2,6.197043,-0.2083998,0.6122833,-2.918512,-0.00959564,0.2862345,-0.9581073,-0.002862086,
1,2,6.205377,-0.2090331,0.5876897,-2.950127,-0.009864574,-0.1703188,-0.9853382,0.001702714,
1,2,6.213204,-0.209628,0.5639854,-2.979821,-0.008234271,-0.5681862,-0.8228393,0.005680766,
1,2,6.221537,-0.2102613,0.5381,-3.01133,-0.004841922,-0.8748522,-0.4842867,0.008746965,
1,2,6.229092,-0.2108354,0.5140646,-3.039867,-0.0008720933,-0.9960784,-0.08790868,0.009959082,
1,2,6.237425,-0.2114687,0.4869162,-3.071346,0.003649404,-0.9314561,0.3637162,0.009313035,
1,2,6.244998,-0.2120381,0.461676,-3.099904,0.007120077,-0.7036003,0.7105255,0.00703492,
1,2,6.252356,-0.2125898,0.4366265,-3.127579,0.00932102,-0.3658674,0.9306132,0.003658211,
1,2,6.260689,-0.2132147,0.4076376,-3.158923,0.009975575,0.08475454,0.9963516,-0.0008472101,
1,2,6.268433,-0.2137953,0.3801062,-3.18805,0.008726707,0.4894862,0.8719537,-0.00489383,
1,2,6.276766,-0.2144202,0.349847,-3.219269,0.005650132,0.8250559,0.5649627,-0.008248973,
1,2,6.284081,-0.2149686,0.3227461,-3.246661,0.001961028,0.9804227,0.1966506,-0.009802414,
1,2,6.292414,-0.2155935,0.2912534,-3.27787,-0.002584789,0.9662633,-0.2573623,-0.009660908,
1,2,6.300124,-0.2161716,0.2615388,-3.306644,-0.006332909,0.775025,-0.6318514,-0.007748927,
1,2,6.30757,-0.2167299,0.2323048,-3.334411,-0.008894509,0.4598494,-0.8879405,-0.004597784,
1,2,6.315903,-0.2173548,0.1989725,-3.365485,-0.01001036,0.02048111,-0.9997401,-0.0002049217,
1,2,6.323567,-0.2179248,0.1677403,-3.39399,-0.009219244,-0.3892854,-0.9210628,0.003892002,
1,2,6.331901,-0.2185413,0.1331585,-3.424928,-0.006551733,-0.7556058,-0.6549503,0.007554556,
1,2,6.339767,-0.2191231,0.09991769,-3.454133,-0.00279086,-0.9600908,-0.27951,0.009599064,
1,2,6.348101,-0.2197395,0.06407379,-3.484989,0.001729905,-0.9850517,0.1719684,0.009848674,
1,2,6.35569,-0.2203045,0.03971793,-3.513239,0.005494091,-0.8366149,0.5477002,0.008362918,CourtEnter
1,2,6.363793,-0.2209203,0.06673446,-3.544112,0.008344084,-0.5545448,0.8320936,0.005541373,CourtExit
1,2,6.371902,-0.2215366,0.09308637,-3.575006,0.009855211,-0.1834822,0.982972,0.001830572,
1,2,6.380235,-0.2221699,0.119457,-3.606756,0.009760586,0.2276369,0.9736945,-0.002280077,
1,2,6.384698,-0.222509,0.1332842,-3.623748,0.009018955,0.4361884,0.8997996,-0.004365029,
1,2,6.393032,-0.2231423,0.1585537,-3.655362,0.006498184,0.7611621,0.6484845,-0.007613326,
1,2,6.401365,-0.2237757,0.1831036,-3.686977,0.002883235,0.9575855,0.2879759,-0.009575827,
1,2,6.409248,-0.2243747,0.2056693,-3.716882,-0.0009924982,0.9950761,-0.09860872,-0.009949093,
1,2,6.417581,-0.225008,0.228828,-3.748496,-0.004912648,0.871841,-0.4896869,-0.008715289,
1,2,6.425569,-0.225615,0.2503555,-3.778772,-0.007900536,0.6158168,-0.7878258,-0.006154151,
1,2,6.433902,-0.2262483,0.272122,-3.810251,-0.00971153,0.2483644,-0.9686148,-0.002479357,
1,2,6.441497,-0.2268255,0.2913341,-3.838944,-0.009946343,-0.1243804,-0.992184,0.001247697,
1,2,6.449831,-0.2274588,0.3117383,-3.870423,-0.008613406,-0.5112435,-0.8593775,0.005115255,
1,2,6.458164,-0.2280921,0.3314361,-3.901902,-0.005841494,-0.8124092,-0.5830019,0.008125358,
1,2,6.465799,-0.2286716,0.3488525,-3.930744,-0.002432449,-0.9699706,-0.2430165,0.009699358,
1,2,6.473501,-0.229249,0.3658211,-3.959715,0.001348391,-0.9909163,0.1341084,0.009907235,
1,2,6.481834,-0.2298739,0.3835061,-3.991059,0.005204355,-0.8548441,0.5187886,0.008545125,
1,2,6.490047,-0.2304897,0.4002474,-4.021951,0.008157844,-0.5814754,0.8135023,0.005810616,
1,2,6.498381,-0.2311146,0.4165337,-4.053295,0.009804992,-0.2085972,0.9779503,0.002081688,
1,2,6.50609,-0.2316927,0.4309761,-4.082293,0.009880686,0.1685103,0.9856489,-0.001688872,
1,2,6.513927,-0.2322803,0.4450379,-4.111768,0.008518886,0.5267631,0.8499531,-0.005270305,
1,2,6.52226,-0.2329051,0.4593082,-4.143112,0.005709044,0.8217276,0.5697926,-0.008218342,
1,2,6.530398,-0.2335154,0.4725667,-4.173725,0.00205057,0.9787261,0.2049276,-0.00978658,
1,2,6.538126,-0.2340948,0.4845338,-4.202557,-0.001729737,0.9850202,-0.172149,-0.00984796,
1,2,6.546397,-0.234715,0.4966721,-4.233399,-0.005488106,0.8370083,-0.5470988,-0.008366531,
1,2,6.55473,-0.2353398,0.5082075,-4.264473,-0.008370071,0.550639,-0.8346834,-0.005502101,
1,2,6.562513,-0.2359234,0.5183468,-4.293493,-0.009822299,0.2003187,-0.9796795,-0.001998859,
1,2,6.570846,-0.2365482,0.5285285,-4.324567,-0.009810866,-0.2050505,-0.9787,0.002054177,
1,2,6.578839,-0.2371476,0.5376443,-4.354371,-0.008283854,-0.5628122,-0.8265241,0.005630571,
1,2,6.586056,-0.2376888,0.5453212,-4.381285,-0.005820039,-0.8139408,-0.5808617,0.008140418,
1,2,6.594389,-0.2383136,0.5535352,-4.412358,-0.002108515,-0.9774982,-0.210707,0.009774178,
1,2,6.602637,-0.238932,0.5609801,-4.44311,0.001904481,-0.9818139,0.1895826,0.009815665,
1,2,6.61097,-0.2395498,0.5678121,-4.474185,0.005645141,-0.8265529,0.5627701,0.008261776,
1,2,6.618752,-0.2401254,0.5735625,-4.5032,0.008314278,-0.558983,0.8291187,0.005585439,
1,2,6.626915,-0.2407293,0.578949,-4.533451,0.009835651,-0.1936602,0.9810175,0.001932227,
1,2,6.63485,-0.2413162,0.5835407,-4.562779,0.009839824,0.1907632,0.981585,-0.001911312,
1,2,6.643183,-0.2419326,0.5876937,-4.593583,0.008282711,0.5629775,0.8264116,-0.005632123,
1,2,6.651516,-0.242549,0.5911551,-4.624387,0.005380531,0.8435017,0.5370333,-0.008435637,
1,2,6.659436,-0.2431348,0.5937989,-4.65366,0.001805683,0.9835239,0.1805016,-0.009834112,
1,2,6.667769,-0.2437512,0.5959104,-4.684464,-0.002229173,0.9750013,-0.2219739,-0.009747228,
1,2,6.673295,-0.2441599,0.5969336,-4.704889,-0.00474336,0.8811141,-0.472798,-0.008807493,
1,2,6.681628,-0.2447763,0.5978971,-4.735693,-0.007839083,0.6235813,-0.7816944,-0.006231379,
1,2,6.689961,-0.2453927,0.5981732,-4.766497,-0.009666133,0.2654173,-0.9640815,-0.002649685,
1,2,6.698061,-0.2459918,0.5977823,-4.796433,-0.00994667,-0.1241086,-0.992218,0.001244913,
1,2,6.706394,-0.2466082,0.5966996,-4.827237,-0.008654143,-0.5043534,-0.8634392,0.005046063,
1,2,6.714004,-0.2471711,0.5951119,-4.855303,-0.0062471,-0.7818002,-0.6234488,0.007818975,
1,2,6.722008,-0.2477632,0.5928242,-4.884632,-0.002818156,-0.9595134,-0.2814853,0.009594326,
1,2,6.730342,-0.2483796,0.5897648,-4.915165,0.001185796,-0.9929762,0.1178911,0.009927222,
1,2,6.738217,-0.2489622,0.5862474,-4.944023,0.004803597,-0.8778629,0.4788075,0.008774827,
1,2,6.745678,-0.2495134,0.582347,-4.97136,0.007601068,-0.6522467,0.7579407,0.006517979,
1,2,6.754012,-0.2501214,0.5773444,-5.001894,0.009554898,-0.3028976,0.9529704,0.00302442,
1,2,6.761414,-0.2506614,0.572327,-5.029014,0.01001203,0.04983512,0.9987072,-0.0005023401,
1,2,6.769747,-0.2512694,0.5660341,-5.059547,0.009015161,0.4369634,0.8994235,-0.004372369,
1,2,6.777421,-0.2518293,0.5596334,-5.087667,0.006817129,0.7328757,0.6802889,-0.007329938,
1,2,6.785755,-0.2524372,0.5520267,-5.1182,0.003398719,0.9405934,0.3393878,-0.009405241,
1,2,6.79314,-0.252976,0.5447143,-5.145259,-0.000101102,0.9999031,-0.009692333,-0.009996753,
1,2,6.801238,-0.2535668,0.5360792,-5.174859,-0.003905857,0.9210805,-0.3892437,-0.009207129,
1,2,6.809572,-0.2541748,0.5265242,-5.205122,-0.007201354,0.6959141,-0.7180552,-0.006954606,
1,2,6.814925,-0.2545654,0.5200282,-5.224564,-0.008740542,0.4899935,-0.8716685,-0.004895233,
1,2,6.823258,-0.2551734,0.5093549,-5.254827,-0.009963074,0.1110572,-0.9937634,-0.001106231,
1,2,6.831592,-0.2557813,0.4980029,-5.28509,-0.009606981,-0.2852553,-0.9583992,0.002855818,
1,2,6.838931,-0.2563168,0.4874419,-5.311743,-0.008027165,-0.598665,-0.8009369,0.005988523,
1,2,6.847264,-0.2569247,0.4748136,-5.342006,-0.005054115,-0.8633643,-0.504482,0.008633653,
1,2,6.854899,-0.2574817,0.4626491,-5.369732,-0.00161752,-0.9867839,-0.1617331,0.009866125,
1,2,6.863232,-0.2580897,0.4487213,-5.399995,0.002359328,-0.9719537,0.2349596,0.009716208,
1,2,6.870815,-0.2586429,0.4354603,-5.427532,0.005668735,-0.8249427,0.5651278,0.008245079,
1,2,6.879148,-0.2592508,0.4202435,-5.457791,0.00843646,-0.5404482,0.8413177,0.005399674,
1,2,6.886904,-0.2598167,0.4054721,-5.485707,0.009826228,-0.1983515,0.9800797,0.00197897,
1,2,6.895238,-0.2604247,0.3889498,-5.5157,0.009826022,0.1976874,0.9802139,-0.00198044,
1,2,6.90318,-0.2610041,0.3725795,-5.544284,0.008390008,0.546944,0.8371093,-0.005471538,
1,2,6.910548,-0.2615416,0.3568423,-5.570804,0.005983028,0.8020931,0.5971152,-0.008021384,
1,2,6.918881,-0.2621496,0.3384118,-5.600797,0.00239801,0.9708254,0.2395787,-0.009706778,
1,2,6.92641,-0.2626989,0.3211811,-5.627894,-0.001178147,0.9930662,-0.1171308,-0.009927628,
1,2,6.934743,-0.2632993,0.301473,-5.657887,-0.004940241,0.8702869,-0.4924437,-0.008698572,
1,2,6.942086,-0.2638201,0.2835509,-5.684315,-0.00763206,0.6486321,-0.7610363,-0.00648147,
1,2,6.950419,-0.2644112,0.2625803,-5.714308,-0.009551723,0.3038872,-0.9526553,-0.003034124,
1,2,6.957198,-0.264892,0.2450303,-5.738536,-0.01002363,-0.01398343,-0.999852,0.0001439345,
1,2,6.965531,-0.265483,0.2228478,-5.768259,-0.009189986,-0.3991129,-0.9168471,0.003993849,
1,2,6.973865,-0.2660741,0.199998,-5.797982,-0.006931618,-0.7221117,-0.6917041,0.007222032,
1,2,6.981564,-0.2666202,0.1782961,-5.825442,-0.003881325,-0.9218075,-0.3875189,0.009217177,
1,2,6.989084,-0.2671537,0.1565479,-5.852267,-0.0004039773,-0.9991219,-0.04068765,0.009988654,
1,2,6.997417,-0.2677447,0.1318167,-5.88199,0.003487303,-0.9376314,0.3474874,0.00937229,
1,2,7.005751,-0.2683358,0.1064226,-5.911713,0.006838003,-0.7314727,0.6817972,0.007309868,
1,2,7.013225,-0.2688659,0.0830832,-5.93837,0.008956677,-0.4494608,0.8932439,0.004489643,
1,2,7.021558,-0.269457,0.05643088,-5.967945,0.009999447,-0.07125827,0.9974076,0.000708238,
1,2,7.029891,-0.2700476,0.03880398,-5.997331,0.009491293,0.3212302,0.9469481,-0.003219411,CourtEnter
1,2,7.036616,-0.2705152,0.05559062,-6.02088,0.007923919,0.6121268,0.7906961,-0.006130305,CourtExit
1,2,7.044949,-0.2710894,0.07575519,-6.050031,0.004812426,0.8769943,0.4803965,-0.00877998,
1,2,7.053283,-0.2716636,0.09521109,-6.078943,0.0009024882,0.995856,0.09039221,-0.009967925,
1,2,7.061417,-0.2722241,0.1135203,-6.107164,-0.003061517,0.9522789,-0.305065,-0.009529996,
1,2,7.06975,-0.2727982,0.1315829,-6.136076,-0.006613257,0.7516789,-0.6594533,-0.007520612,
1,2,7.077416,-0.2733265,0.1475782,-6.162674,-0.008922052,0.4560793,-0.8898827,-0.004560943,
1,2,7.085749,-0.2739007,0.1642906,-6.191586,-0.01000344,0.06393815,-0.9979035,-0.0006355482,
1,2,7.094083,-0.2744749,0.1802997,-6.220499,-0.009430541,-0.3385395,-0.9408988,0.003392561,
1,2,7.09972,-0.2748633,0.1907301,-6.240058,-0.008143176,-0.5827874,-0.8125629,0.005836645,
1,2,7.108054,-0.2754375,0.2055596,-6.26897,-0.005147491,-0.8578402,-0.513819,0.008588294,
1,2,7.116124,-0.2759935,0.2192485,-6.296968,-0.001433639,-0.9896171,-0.14338,0.009905582,
1,2,7.124457,-0.2765677,0.232699,-6.32588,0.002624762,-0.965155,0.2614875,0.00965894,
1,2,7.132056,-0.2770913,0.2443537,-6.352246,0.005963659,-0.8039383,0.5946285,0.008043861,
1,2,7.140298,-0.2776592,0.2563372,-6.380841,0.008648189,-0.505888,0.862541,0.005059534,
1,2,7.148632,-0.2782334,0.2677563,-6.409668,0.009948847,-0.1223813,0.9924326,0.001220507,
1,2,7.156765,-0.2787938,0.2782328,-6.437623,0.009646053,0.271553,0.9623713,-0.002722164,
1,2,7.165098,-0.279368,0.2882789,-6.466264,0.007777503,0.6305302,0.7761,-0.006314257,
1,2,7.173116,-0.2799205,0.2972842,-6.493821,0.004775255,0.8790129,0.4766928,-0.008799929,
1,2,7.181238,-0.2804801,0.3057549,-6.52174,0.001001179,0.9949129,0.1002405,-0.009958273,
1,2,7.18927,-0.2810336,0.3134767,-6.549346,-0.002883643,0.9577833,-0.2873167,-0.009584931,
1,2,7.197604,-0.2816078,0.3208111,-6.577988,-0.006443026,0.7662486,-0.6424662,-0.007666336,
1,2,7.205937,-0.282182,0.327451,-6.60663,-0.00895217,0.4501605,-0.8928915,-0.004501597,
1,2,7.212433,-0.2826295,0.3321439,-6.628956,-0.009910745,0.150046,-0.9886282,-0.001497422,
1,2,7.220766,-0.2832037,0.3375517,-6.657598,-0.009698553,-0.2522571,-0.9676083,0.002528996,
1,2,7.229099,-0.2837779,0.3422654,-6.68624,-0.007913733,-0.6134246,-0.7896898,0.00614299,
1,2,7.236446,-0.2842841,0.3458473,-6.711491,-0.005263032,-0.8508297,-0.5253462,0.008517905,
1,2,7.24478,-0.2848583,0.3492633,-6.740133,-0.001476383,-0.9889898,-0.1476446,0.009899011,
1,2,7.251135,-0.2852963,0.3514024,-6.761978,0.001605582,-0.9870971,0.1598098,0.009878701,
1,2,7.259469,-0.2858705,0.3535979,-6.790379,0.005370298,-0.8445227,0.5354262,0.008450069,
1,2,7.267061,-0.2863936,0.3550018,-6.816228,0.008057788,-0.5950597,0.8036191,0.005952116,
1,2,7.275245,-0.2869574,0.3558718,-6.844089,0.009735852,-0.2382519,0.9711517,0.002380262,
1,2,7.283578,-0.2875316,0.3560761,-6.872461,0.009889745,0.1625417,0.9866508,-0.00163114,
1,2,7.290836,-0.2880318,0.3556941,-6.897172,0.008722573,0.4923572,0.8703356,-0.004931566,
1,2,7.299169,-0.2886059,0.354611,-6.925543,0.006083735,0.7944871,0.6071985,-0.007954235,
1,2,7.307109,-0.289153,0.3529409,-6.952576,0.002654873,0.9641414,0.2652005,-0.00965067,
1,2,7.314862,-0.2896872,0.3507088,-6.978971,-0.001068799,0.9942882,-0.1062587,-0.009950729,
1,2,7.323195,-0.2902614,0.3476475,-7.007343,-0.004889415,0.8730969,-0.4874439,-0.008736097,
1,2,7.330944,-0.2907953,0.3441861,-7.033724,-0.007749877,0.634463,-0.7728884,-0.006346491,
1,2,7.339277,-0.2913695,0.3398022,-7.062096,-0.009620096,0.2812272,-0.9595889,-0.002810358,
1,2,7.34761,-0.2919437,0.3347328,-7.090467,-0.009954751,-0.1166762,-0.9931195,0.001172128,
1,3,7.355235,-0.292469,0.3294966,-7.116425,-0.008868055,-0.4657883,-0.8848395,0.004665641,TrialStart
1,3,7.363568,-0.2930278,0.3231173,-7.144551,-0.006336209,-0.7745953,-0.6323779,0.007755109,
1,3,7.371901,-0.2935852,0.316059,-7.172653,-0.00279847,-0.9600866,-0.279524,0.009609952,
1,3,7.379649,-0.2941033,0.3088821,-7.19878,0.0009008693,-0.9959361,0.08950549,0.009967079,
1,3,7.386953,-0.2945918,0.3015784,-7.223412,0.004282109,-0.904268,0.426848,0.009048133,
1,3,7.395287,-0.2951491,0.2926022,-7.251513,0.007477893,-0.6661579,0.7457435,0.006663667,
1,3,7.40362,-0.2957064,0.2829479,-7.279615,0.009488381,-0.3227439,0.9464333,0.003225847,
1,3,7.41122,-0.2962147,0.2735506,-7.305243,0.0100169,0.03633067,0.9992896,-0.0003680325,
1,3,7.419279,-0.2967536,0.2629662,-7.332418,0.009138057,0.4106145,0.911754,-0.004113487,
1,3,7.427612,-0.2973109,0.2513555,-7.36052,0.006814306,0.7330909,0.6800569,-0.007339796,
1,3,7.435032,-0.2978071,0.2404461,-7.385542,0.003827332,0.9240463,0.3821495,-0.009249546,
1,3,7.443366,-0.2983644,0.227551,-7.413644,-7.543557E-05,0.9999244,-0.007159333,-0.01000719,
1,3,7.451173,-0.2988866,0.2148554,-7.439968,-0.003731317,0.9282217,-0.3718929,-0.009287956,
1,3,7.459507,-0.2994439,0.2006499,-7.467799,-0.007051367,0.7109436,-0.7031778,-0.007111969,
1,3,7.46703,-0.299947,0.1872455,-7.492924,-0.009108301,0.4178019,-0.9084829,-0.004177301,
1,3,7.475363,-0.3005043,0.1717529,-7.520755,-0.01001842,0.03266455,-0.9994161,-0.0003224615,
1,3,7.483696,-0.3010616,0.1555861,-7.548587,-0.00936035,-0.357366,-0.9339107,0.003580636,
1,3,7.491498,-0.3015834,0.1398385,-7.574644,-0.007413223,-0.6727711,-0.7397829,0.006736304,
1,3,7.49948,-0.3021172,0.1231174,-7.6013,-0.004373902,-0.8995677,-0.4366667,0.009004695,
1,3,7.507067,-0.3026246,0.106652,-7.62664,-0.0008978922,-0.9958971,-0.08993834,0.009967193,
1,3,7.5154,-0.3031819,0.08792266,-7.654471,0.003034008,-0.9531538,0.3023205,0.009537661,
1,3,7.522901,-0.3036834,0.07049266,-7.67952,0.0061835,-0.7872348,0.616572,0.007875759,
1,3,7.531234,-0.3042408,0.05048811,-7.707351,0.008751632,-0.4878381,0.8728766,0.0048783,CourtEnter
1,3,7.536849,-0.3046163,0.03662933,-7.726047,0.009731464,-0.2400258,0.9707148,0.002397804,
1,3,7.545183,-0.305174,0.04946612,-7.753878,0.009922152,0.1427935,0.9897017,-0.001437793,
1,3,7.552724,-0.3056783,0.06312111,-7.779063,0.008835825,0.4723597,0.8813488,-0.004736946,CourtExit
1,3,7.561058,-0.3062356,0.07754494,-7.806894,0.00640962,0.7688527,0.6393474,-0.007703848,
1,3,7.568696,-0.3067464,0.09015027,-7.832406,0.00335138,0.9424133,0.3343008,-0.009439287,
1,3,7.576437,-0.3072641,0.1023253,-7.858258,-0.0001649584,0.9998147,-0.01644123,-0.01001123,
1,3,7.58477,0,0.5,7.5,0,0,0,1,BallLaunch
1,3,7.592932,-0.00111368,0.5441983,7.444313,-0.00330913,-0.9435973,-0.3309444,0.009434998,
1,3,7.601266,-0.00228148,0.5898783,7.385948,-0.00330913,-0.9435973,-0.3309444,0.009434998,
1,3,7.608822,-0.003338524,0.6306342,7.333028,-0.00330913,-0.9435973,-0.3309444,0.009434998,
1,3,7.617155,-0.004502153,0.6748521,7.274927,-0.00330913,-0.9435973,-0.3309444,0.009434998,
1,3,7.625488,-0.005663774,0.7183039,7.216832,-0.00330913,-0.9435973,-0.3309444,0.009434998,
1,3,7.633137,-0.00672796,0.757512,7.163616,-0.00330913,-0.9435973,-0.3309444,0.009434998,
1,3,7.640954,-0.007813734,0.7969267,7.109374,-0.00330913,-0.9435973,-0.3309444,0.009434998,
1,3,7.649287,-0.008969203,0.8382056,7.051549,-0.00330913,-0.9435973,-0.3309444,0.009434998,
1,3,7.657153,-0.01005803,0.8764787,6.997133,-0.00330913,-0.9435973,-0.3309444,0.009434998,
1,3,7.664651,-0.01109419,0.9123319,6.945348,-0.00330913,-0.9435973,-0.3309444,0.009434998,
1,3,7.672985,-0.01224386,0.951462,6.887794,-0.00330913,-0.9435973,-0.3309444,0.009434998,
1,3,7.678299,-0.0129759,0.9760208,6.85123,-0.00330913,-0.9435973,-0.3309444,0.009434998,
1,3,7.686632,-0.0141223,1.013921,6.793946,-0.00330913,-0.9435973,-0.3309444,0.009434998,
1,3,7.694965,-0.0152667,1.051069,6.736662,-0.00330913,-0.9435973,-0.3309444,0.009434998,
1,3,7.702713,-0.0163288,1.084933,6.683591,-0.00330913,-0.9435973,-0.3309444,0.009434998,
1,3,7.711046,-0.01746932,1.120645,6.626577,-0.00330913,-0.9435973,-0.3309444,0.009434998,
1,3,7.719379,-0.0186079,1.155617,6.569563,-0.00330913,-0.9435973,-0.3309444,0.009434998,
1,3,7.726963,-0.01964243,1.186793,6.517907,-0.00330913,-0.9435973,-0.3309444,0.009434998,
1,3,7.734435,-0.02066015,1.216911,6.467031,-0.00330913,-0.9435973,-0.3309444,0.009434998,
1,3,7.742768,-0.02179348,1.249801,6.410287,-0.00330913,-0.9435973,-0.3309444,0.009434998,
1,3,7.75044,-0.02283519,1.279431,6.358253,-0.00330913,-0.9435973,-0.3309444,0.009434998,
1,3,7.758773,-0.02396493,1.310901,6.30178,-0.00330913,-0.9435973,-0.3309444,0.009434998,
1,3,7.766237,-0.02497509,1.338471,6.251201,-0.00330913,-0.9435973,-0.3309444,0.009434998,
1,3,7.77457,-0.02610133,1.368556,6.194941,-0.00330913,-0.9435973,-0.3309444,0.009434998,
1,3,7.782904,-0.02722576,1.397914,6.138737,-0.00330913,-0.9435973,-0.3309444,0.009434998,
1,3,7.791237,-0.02834827,1.426533,6.082534,-0.00330913,-0.9435973,-0.3309444,0.009434998,
1,3,7.799223,-0.02942237,1.453276,6.028872,-0.00330913,-0.9435973,-0.3309444,0.009434998,
1,3,7.807557,-0.03054148,1.480472,5.972939,-0.00330913,-0.9435973,-0.3309444,0.009434998,
1,3,7.815811,-0.0316481,1.506692,5.91754,-0.00330913,-0.9435973,-0.3309444,0.009434998,
1,3,7.824032,-0.03274873,1.532106,5.862556,-0.00330913,-0.9435973,-0.3309444,0.009434998,
1,3,7.830014,-0.03354884,1.550152,5.8226,-0.00330913,-0.9435973,-0.3309444,0.009434998,
1,3,7.838347,-0.03466133,1.574672,5.766937,-0.00330913,-0.9435973,-0.3309444,0.009434998,
1,3,7.84668,-0.03577214,1.598466,5.711361,-0.00330913,-0.9435973,-0.3309444,0.009434998,
1,3,7.855014,-0.03688125,1.621548,5.655969,-0.00330913,-0.9435973,-0.3309444,0.009434998,
1,3,7.862976,-0.03793968,1.642929,5.603042,-0.00330913,-0.9435973,-0.3309444,0.009434998,
1,3,7.871309,-0.03904577,1.664607,5.54766,-0.00330913,-0.9435973,-0.3309444,0.009434998,
1,3,7.879642,-0.04014982,1.685566,5.492537,-0.00330913,-0.9435973,-0.3309444,0.009434998,
1,3,7.887728,-0.04121958,1.705222,5.439054,-0.00330913,-0.9435973,-0.3309444,0.009434998,
1,3,7.895887,-0.0422977,1.724369,5.385087,-0.00330913,-0.9435973,-0.3309444,0.009434998,
1,3,7.904084,-0.04337959,1.742927,5.331028,-0.00330913,-0.9435973,-0.3309444,0.009434998,
1,3,7.912166,-0.04444418,1.760547,5.277831,-0.00330913,-0.9435973,-0.3309444,0.009434998,
1,3,7.920499,-0.04554025,1.778013,5.222979,-0.00330913,-0.9435973,-0.3309444,0.009434998,
1,3,7.927818,-0.0465017,1.792774,5.174834,-0.00330913,-0.9435973,-0.3309444,0.009434998,
1,3,7.936151,-0.0475952,1.808913,5.120253,-0.00330913,-0.9435973,-0.3309444,0.009434998,
1,3,7.943981,-0.04862084,1.823427,5.068969,-0.00330913,-0.9435973,-0.3309444,0.009434998,
1,3,7.952314,-0.04971113,1.83819,5.014387,-0.00330913,-0.9435973,-0.3309444,0.009434998,
1,3,7.95995,-0.05070905,1.851103,4.964531,-0.00330913,-0.9435973,-0.3309444,0.009434998,
1,3,7.96722,-0.05165744,1.862847,4.917152,-0.00330913,-0.9435973,-0.3309444,0.009434998,
1,3,7.975554,-0.0527432,1.875648,4.862841,-0.00330913,-0.9435973,-0.3309444,0.009434998,
1,3,7.983887,-0.05382777,1.887754,4.808529,-0.00330913,-0.9435973,-0.3309444,0.009434998,
1,3,7.991231,-0.05478219,1.897845,4.760897,-0.00330913,-0.9435973,-0.3309444,0.009434998,
1,3,7.999565,-0.05586347,1.908638,4.706856,-0.00330913,-0.9435973,-0.3309444,0.009434998,
1,3,8.007811,-0.0569323,1.918625,4.653378,-0.00330913,-0.9435973,-0.3309444,0.009434998,
1,3,8.015695,-0.05795281,1.927535,4.602308,-0.00330913,-0.9435973,-0.3309444,0.009434998,
1,3,8.023909,-0.05901437,1.936159,4.549305,-0.00330913,-0.9435973,-0.3309444,0.009434998,
1,3,8.032242,-0.0600899,1.944217,4.495534,-0.00330913,-0.9435973,-0.3309444,0.009434998,
1,3,8.040575,-0.06116425,1.951579,4.441762,-0.00330913,-0.9435973,-0.3309444,0.009434998,
1,3,8.048232,-0.06214959,1.95774,4.392493,-0.00330913,-0.9435973,-0.3309444,0.009434998,
1,3,8.056565,-0.06322198,1.963776,4.338992,-0.00330913,-0.9435973,-0.3309444,0.009434998,
1,3,8.064479,-0.06423701,1.968867,4.288188,-0.00330913,-0.9435973,-0.3309444,0.009434998,
1,3,8.072173,-0.06522331,1.973218,4.238788,-0.00330913,-0.9435973,-0.3309444,0.009434998,
1,3,8.080506,-0.06629147,1.977268,4.185465,-0.00330913,-0.9435973,-0.3309444,0.009434998,
1,3,8.08884,-0.06735617,1.980632,4.132235,-0.00330913,-0.9435973,-0.3309444,0.009434998,
1,3,8.096722,-0.06836241,1.983181,4.08189,-0.00330913,-0.9435973,-0.3309444,0.009434998,
1,3,8.104726,-0.06938436,1.985139,4.030761,-0.00330913,-0.9435973,-0.3309444,0.009434998,
1,3,8.112971,-0.0704341,1.98649,3.97826,-0.00330913,-0.9435973,-0.3309444,0.009434998,
1,3,8.121305,-0.07149382,1.987179,3.925282,-0.00330913,-0.9435973,-0.3309444,0.009434998,
1,3,8.129579,-0.07254591,1.987184,3.872703,-0.00330913,-0.9435973,-0.3309444,0.009434998,
1,3,8.137446,-0.07354318,1.98657,3.822821,-0.00330913,-0.9435973,-0.3309444,0.009434998,
1,3,8.145173,-0.07452184,1.985366,3.77384,-0.00330913,-0.9435973,-0.3309444,0.009434998,
1,3,8.153506,-0.07557733,1.98342,3.721137,-0.00330913,-0.9435973,-0.3309444,0.009434998,
1,3,8.161049,-0.07653019,1.98107,3.673443,-0.00330913,-0.9435973,-0.3309444,0.009434998,
1,3,8.169124,-0.07754877,1.97793,3.622506,-0.00330913,-0.9435973,-0.3309444,0.009434998,
1,3,8.177457,-0.07860005,1.974029,3.569951,-0.00330913,-0.9435973,-0.3309444,0.009434998,
1,3,8.184881,-0.07953469,1.969985,3.523239,-0.00330913,-0.9435973,-0.3309444,0.009434998,
1,3,8.193214,-0.08058175,1.964789,3.470819,-0.00330913,-0.9435973,-0.3309444,0.009434998,
1,3,8.201548,-0.08162881,1.958922,3.418521,-0.00330913,-0.9435973,-0.3309444,0.009434998,
1,3,8.209504,-0.08262669,1.952692,3.368603,-0.00330913,-0.9435973,-0.3309444,0.009434998,
1,3,8.217837,-0.08366952,1.945501,3.316445,-0.00330913,-0.9435973,-0.3309444,0.009434998,
1,3,8.226171,-0.08471236,1.937656,3.264297,-0.00330913,-0.9435973,-0.3309444,0.009434998,
1,3,8.230983,-0.08531453,1.932816,3.234262,-0.00330913,-0.9435973,-0.3309444,0.009434998,
1,3,8.239316,-0.08635366,1.923896,3.182247,-0.00330913,-0.9435973,-0.3309444,0.009434998,
1,3,8.247649,-0.08739226,1.914305,3.130323,-0.00330913,-0.9435973,-0.3309444,0.009434998,
1,3,8.255982,-0.08843087,1.904052,3.078444,-0.00330913,-0.9435973,-0.3309444,0.009434998,
1,3,8.261559,-0.08912362,1.896813,3.043782,-0.00330913,-0.9435973,-0.3309444,0.009434998,
1,3,8.269893,-0.09015801,1.885438,2.992038,-0.00330913,-0.9435973,-0.3309444,0.009434998,
1,3,8.276558,-0.09098534,1.87586,2.950692,-0.00330913,-0.9435973,-0.3309444,0.009434998,
1,3,8.284891,-0.09201826,1.863286,2.899083,-0.00330913,-0.9435973,-0.3309444,0.009434998,
1,3,8.292834,-0.0930002,1.850675,2.849919,-0.00330913,-0.9435973,-0.3309444,0.009434998,
1,3,8.301167,-0.09403037,1.836801,2.798444,-0.00330913,-0.9435973,-0.3309444,0.009434998,
1,3,8.308949,-0.09499121,1.823245,2.750416,-0.00330913,-0.9435973,-0.3309444,0.009434998,
1,3,8.317282,-0.09601714,1.808086,2.699077,-0.00330913,-0.9435973,-0.3309444,0.009434998,
1,3,8.325404,-0.09701715,1.792669,2.649075,-0.00330913,-0.9435973,-0.3309444,0.009434998,
1,3,8.333373,-0.09799747,1.776937,2.600112,-0.00330913,-0.9435973,-0.3309444,0.009434998,
1,3,8.341706,-0.09901919,1.759835,2.548952,-0.00330913,-0.9435973,-0.3309444,0.009434998,
1,3,8.348805,-0.09988968,1.744747,2.505442,-0.00330913,-0.9435973,-0.3309444,0.009434998,
1,3,8.35714,-0.1009113,1.726435,2.454408,-0.00330913,-0.9435973,-0.3309444,0.009434998,
1,3,8.364778,-0.1018439,1.709062,2.407723,-0.00330913,-0.9435973,-0.3309444,0.009434998,
1,3,8.372925,-0.1028388,1.68992,2.357953,-0.00330913,-0.9435973,-0.3309444,0.009434998,
1,3,8.381243,-0.1038544,1.669745,2.30725,-0.00330913,-0.9435973,-0.3309444,0.009434998,
1,3,8.389576,-0.1048681,1.64887,2.256492,-0.00330913,-0.9435973,-0.3309444,0.009434998,
1,3,8.397909,-0.1058813,1.627342,2.205828,-0.00330913,-0.9435973,-0.3309444,0.009434998,
1,3,8.404526,-0.1066858,1.609782,2.165629,-0.00330913,-0.9435973,-0.3309444,0.009434998,
1,3,8.412848,-0.1076948,1.587113,2.115164,-0.00330913,-0.9435973,-0.3309444,0.009434998,
1,3,8.421182,-0.1087039,1.563756,2.064687,-0.00330913,-0.9435973,-0.3309444,0.009434998,
1,3,8.427937,-0.1095218,1.544353,2.023839,-0.00330913,-0.9435973,-0.3309444,0.009434998,
1,3,8.43627,-0.1105287,1.519824,1.97348,-0.00330913,-0.9435973,-0.3309444,0.009434998,
1,3,8.444603,-0.1115336,1.494653,1.923208,-0.00330913,-0.9435973,-0.3309444,0.009434998,
1,3,8.452537,-0.1124902,1.47008,1.875413,-0.00330913,-0.9435973,-0.3309444,0.009434998,
1,3,8.46087,-0.1134926,1.443639,1.825277,-0.00330913,-0.9435973,-0.3309444,0.009434998,
1,3,8.468348,-0.1143904,1.419369,1.780355,-0.00330913,-0.9435973,-0.3309444,0.009434998,
1,3,8.476368,-0.1153535,1.392758,1.732236,-0.00330913,-0.9435973,-0.3309444,0.009434998,
1,3,8.484701,-0.1163517,1.364481,1.68231,-0.00330913,-0.9435973,-0.3309444,0.009434998,
1,3,8.492959,-0.1173391,1.335828,1.632906,-0.00330913,-0.9435973,-0.3309444,0.009434998,
1,3,8.501147,-0.1183181,1.306791,1.583996,-0.00330913,-0.9435973,-0.3309444,0.009434998,
1,3,8.509481,-0.1193122,1.276604,1.534289,-0.00330913,-0.9435973,-0.3309444,0.009434998,
1,3,8.517815,-0.1203044,1.245776,1.484653,-0.00330913,-0.9435973,-0.3309444,0.009434998,
1,3,8.525753,-0.1212496,1.215818,1.437438,-0.00330913,-0.9435973,-0.3309444,0.009434998,
1,3,8.533583,-0.122179,1.185709,1.390936,-0.00330913,-0.9435973,-0.3309444,0.009434998,
1,3,8.541917,-0.123167,1.153042,1.34152,-0.00330913,-0.9435973,-0.3309444,0.009434998,
1,3,8.547357,-0.1238119,1.131381,1.309296,-0.00330913,-0.9435973,-0.3309444,0.009434998,
1,3,8.55569,-0.124798,1.097665,1.260005,-0.00330913,-0.9435973,-0.3309444,0.009434998,
1,3,8.564023,-0.125785,1.063325,1.210784,-0.00330913,-0.9435973,-0.3309444,0.009434998,
1,3,8.572021,-0.1267252,1.02977,1.163615,-0.00330913,-0.9435973,-0.3309444,0.009434998,
1,3,8.580191,-0.1276854,0.9948919,1.115505,-0.00330913,-0.9435973,-0.3309444,0.009434998,
1,3,8.588287,-0.1286371,0.959734,1.067896,-0.00330913,-0.9435973,-0.3309444,0.009434998,
1,3,8.596622,-0.1296166,0.9229337,1.018967,-0.00330913,-0.9435973,-0.3309444,0.009434998,
1,3,8.604041,-0.1304887,0.8896375,0.9754697,-0.00330913,-0.9435973,-0.3309444,0.009434998,
1,3,8.612374,-0.1314658,0.8516529,0.9266908,-0.00330913,-0.9435973,-0.3309444,0.009434998,
1,3,8.620498,-0.1324125,0.8140223,0.87921,-0.00330913,-0.9435973,-0.3309444,0.009434998,
1,3,8.628831,-0.1333835,0.7748119,0.830578,-0.00330913,-0.9435973,-0.3309444,0.009434998,
1,3,8.637165,-0.1343546,0.734974,0.7820249,-0.00330913,-0.9435973,-0.3309444,0.009434998,
1,3,8.643925,-0.1351423,0.7022012,0.7426947,-0.00330913,-0.9435973,-0.3309444,0.009434998,
1,3,8.652258,-0.1361134,0.6612448,0.694282,-0.00330913,-0.9435973,-0.3309444,0.009434998,
1,3,8.660375,-0.1370547,0.6207644,0.6472076,-0.00330913,-0.9435973,-0.3309444,0.009434998,
1,3,8.6681,-0.1379472,0.581684,0.6024607,-0.00330913,-0.9435973,-0.3309444,0.009434998,
1,3,8.676434,-0.1389098,0.5389407,0.5542744,-0.00330913,-0.9435973,-0.3309444,0.009434998,
1,3,8.684767,-0.1398724,0.4955843,0.5061702,-0.00330913,-0.9435973,-0.3309444,0.009434998,
1,3,8.6931,-0.140835,0.4516156,0.4581425,-0.00330913,-0.9435973,-0.3309444,0.009434998,
1,3,8.698826,-0.1414964,0.4210517,0.4251902,-0.00330913,-0.9435973,-0.3309444,0.009434998,
1,3,8.707159,-0.1424517,0.3760542,0.3772981,-0.00330913,-0.9435973,-0.3309444,0.009434998,
1,3,8.715215,-0.1433741,0.3319776,0.3310771,-0.00330913,-0.9435973,-0.3309444,0.009434998,
1,3,8.723548,-0.1443283,0.2857859,0.283341,-0.00330913,-0.9435973,-0.3309444,0.009434998,
1,3,8.731881,-0.1452825,0.2389914,0.2356858,-0.00330913,-0.9435973,-0.3309444,0.009434998,
1,3,8.739876,-0.1461979,0.1935303,0.190044,-0.00330913,-0.9435973,-0.3309444,0.009434998,
1,3,8.747924,-0.1471153,0.1472084,0.1441758,-0.00330913,-0.9435973,-0.3309444,0.009434998,
1,3,8.756257,-0.148061,0.0986497,0.09675838,-0.00330913,-0.9435973,-0.3309444,0.009434998,
1,3,8.76459,-0.1490068,0.04949227,0.04942325,-0.00330913,-0.9435973,-0.3309444,0.009434998,CourtEnter
1,3,8.770222,-0.1495476,0.0487437,0.02245361,-0.001471608,-0.9889774,-0.1477285,0.009889894,
1,3,8.778555,-0.1502324,0.08637036,-0.01191868,0.003351316,-0.9424982,0.3340616,0.009425207,CourtExit
1,3,8.786531,-0.1508871,0.12169,-0.04478808,0.007243781,-0.6907116,0.7230611,0.006907398,
1,3,8.794865,-0.151571,0.1578622,-0.07909413,0.009638386,-0.2708636,0.9625657,0.002708922,
1,3,8.802952,-0.1522348,0.1922587,-0.1123539,0.009811318,0.1978254,0.9801862,-0.001978012,
1,3,8.809711,-0.1527895,0.2204674,-0.1401262,0.008288457,0.5601406,0.8283372,-0.005601226,
1,3,8.818044,-0.1534735,0.2545833,-0.1743377,0.004695581,0.8827761,0.4696876,-0.008827683,
1,3,8.825375,-0.1540751,0.2839826,-0.2044072,0.0005992082,0.9981126,0.06059099,-0.009981144,
1,3,8.833708,-0.1547591,0.3167141,-0.2385566,-0.004143219,0.9105906,-0.4131885,-0.009106027,
1,3,8.842041,-0.1554431,0.3487116,-0.2726743,-0.007921658,0.6119509,-0.7908325,-0.006119715,
1,3,8.849271,-0.1560364,0.3758752,-0.3022448,-0.009732532,0.2347824,-0.9719964,-0.002348074,
1,3,8.857604,-0.1567204,0.4065058,-0.336302,-0.009701007,-0.2460627,-0.9692023,0.002460355,
1,3,8.865414,-0.1573613,0.4345478,-0.3681885,-0.007629614,-0.6468049,-0.7625899,0.006467801,
1,3,8.873747,-0.1580453,0.4637668,-0.4021837,-0.0037284,-0.9277328,-0.3731112,0.00927715,
1,3,8.881989,-0.1587168,0.4919568,-0.4357786,0.0009771622,-0.9952468,0.09687028,0.009952388,
1,3,8.889844,-0.1593534,0.5181498,-0.4677582,0.005268483,-0.8506538,0.5256312,0.008506574,
1,3,8.897598,-0.1599821,0.5433845,-0.4993083,0.008448812,-0.5369712,0.8435413,0.005369864,
1,3,8.905931,-0.1606576,0.5698055,-0.5331824,0.009976689,-0.08306211,0.9964941,0.0008308763,
1,3,8.913914,-0.1613047,0.5944318,-0.5655991,0.009294359,0.3707642,0.9286731,-0.003707322,
1,3,8.921824,-0.1619459,0.6181837,-0.5976933,0.006688013,0.7435504,0.6686051,-0.00743516,
1,3,8.930158,-0.1626214,0.6425039,-0.6314741,0.002465734,0.96896,0.2470153,-0.009689294,
1,3,8.937768,-0.1632383,0.6640862,-0.6622961,-0.001907678,0.9817663,-0.1898284,-0.009817445,
1,3,8.946101,-0.1639138,0.6870309,-0.6960176,-0.006246948,0.7818236,-0.6234194,-0.007818169,
1,3,8.953563,-0.1645187,0.7069726,-0.7261887,-0.008945649,0.4494796,-0.8932346,-0.00449488,
1,3,8.961896,-0.1651942,0.7285625,-0.7598556,-0.01000937,-0.01534688,-0.9998322,0.0001532132,
1,3,8.969202,-0.1657864,0.7469015,-0.7893492,-0.009065575,-0.4234588,-0.9058601,0.004234202,
1,3,8.977535,-0.166462,0.7671521,-0.8229563,-0.006072698,-0.794501,-0.6071805,0.007944535,
1,3,8.983121,-0.1669147,0.7803234,-0.8454627,-0.003240555,-0.9458692,-0.3243941,0.009458214,
1,3,8.991454,-0.1675902,0.7993822,-0.879022,0.001503822,-0.9887138,0.1494824,0.009886746,
1,3,8.999787,-0.1682578,0.8177385,-0.9125543,0.005905216,-0.807878,0.5892648,0.008078565,
1,3,9.007483,-0.1688738,0.8340484,-0.9434938,0.008800532,-0.4772357,0.8787184,0.004772355,
1,3,9.015625,-0.1695256,0.850652,-0.9762007,0.01000668,-0.02898099,0.9995298,0.0002900469,
1,3,9.023958,-0.1701927,0.8669503,-1.009645,0.009009774,0.4351667,0.9002943,-0.004351212,
1,3,9.031655,-0.1708089,0.8813795,-1.040533,0.006274282,0.7787095,0.627305,-0.007786513,
1,3,9.039989,-0.171476,0.896312,-1.073906,0.001976464,0.9801203,0.1981523,-0.009800599,
1,3,9.047644,-0.1720887,0.909402,-1.104559,-0.002385982,0.9713088,-0.2376118,-0.009712577,
1,3,9.055977,-0.1727558,0.9229804,-1.13789,-0.00659128,0.7530968,-0.6578336,-0.007530671,
1,3,9.064092,-0.1734053,0.9355242,-1.170318,-0.009270875,0.377951,-0.9257715,-0.003779493,
1,3,9.072425,-0.1740724,0.9477113,-1.203609,-0.009969624,-0.08974161,-0.9959148,0.0008971218,
1,3,9.077211,-0.1744556,0.9543937,-1.222699,-0.009352221,-0.3559775,-0.934441,0.003559313,
1,3,9.085545,-0.1751226,0.9654863,-1.255935,-0.006668919,-0.7452596,-0.6666994,0.00745192,
1,3,9.093878,-0.1757897,0.9758802,-1.289147,-0.002499699,-0.9680886,-0.2504087,0.009680139,
1,3,9.10126,-0.1763807,0.9844999,-1.318529,0.001690307,-0.9857175,0.1681102,0.009856502,
1,3,9.109198,-0.1770161,0.9931522,-1.350123,0.005842627,-0.8124057,0.5830067,0.008123597,
1,3,9.117531,-0.1776806,1.001552,-1.383238,0.008917337,-0.4550709,0.890399,0.004550575,
1,3,9.12312,-0.1781223,1.006799,-1.405438,0.009894131,-0.1528837,0.9881935,0.001528947,
1,3,9.131454,-0.178781,1.014036,-1.438535,0.00949424,0.316326,0.9485978,-0.003162792,
1,3,9.139571,-0.1794225,1.02041,-1.470712,0.007078733,0.7065353,0.7076072,-0.00706462,
1,3,9.147521,-0.1800508,1.026021,-1.502224,0.003267433,0.9449434,0.3270811,-0.009448581,
1,3,9.155854,-0.1807095,1.031215,-1.535217,-0.001416951,0.9899877,-0.140799,-0.009899076,
1,3,9.163201,-0.1812902,1.035228,-1.564282,-0.005318654,0.8475392,-0.5306385,-0.008474787,
1,3,9.171535,-0.1819488,1.039117,-1.597243,-0.00860316,0.5119263,-0.8589711,-0.005119009,
1,3,9.179014,-0.1825399,1.042022,-1.626771,-0.00994849,0.1120606,-0.993651,-0.00112072,
1,3,9.187347,-0.1831986,1.044598,-1.659669,-0.009362494,-0.3532809,-0.9354638,0.003532296,
1,3,9.195241,-0.1838224,1.046398,-1.690795,-0.006902573,-0.7237185,-0.6900228,0.007236381,
1,3,9.203292,-0.1844587,1.0476,-1.722513,-0.002996642,-0.9538746,-0.3000389,0.009537807,
1,3,9.211625,-0.1851174,1.04816,-1.755338,0.001679362,-0.9859039,0.167014,0.009858157,
1,3,9.21907,-0.1857058,1.048077,-1.784608,0.005573597,-0.8310435,0.5561174,0.008309778,
1,3,9.227404,-0.1863644,1.047331,-1.817371,0.008745039,-0.4873247,0.8731635,0.00487298,
1,3,9.235104,-0.1869729,1.046032,-1.847608,0.009984416,-0.07314125,0.9972714,0.0007315757,
1,3,9.243364,-0.1876225,1.043977,-1.880019,0.009240288,0.3839916,0.9232824,-0.003839306,
1,3,9.251698,-0.1882726,1.041222,-1.9127,0.006485353,0.7612534,0.6483775,-0.00761159,
1,3,9.259793,-0.1889043,1.037894,-1.944399,0.00245032,0.9693502,0.2454798,-0.009692414,
1,3,9.267629,-0.1895157,1.034049,-1.975077,-0.001941677,0.9811044,-0.1932205,-0.009810027,
1,3,9.275962,-0.1901658,1.029297,-2.007656,-0.006181266,0.787017,-0.6168501,-0.007869447,
1,3,9.284295,-0.190816,1.023855,-2.040216,-0.00907734,0.4222901,-0.9064055,-0.004222643,
1,3,9.291581,-0.1913845,1.018536,-2.068683,-0.01000767,0.02528047,-0.9996303,-0.0002530083,
1,3,9.299914,-0.1920346,1.011812,-2.101212,-0.009035966,-0.4297208,-0.9029064,0.004296508,
1,3,9.307114,-0.1925963,1.00545,-2.129223,-0.006604603,-0.7509527,-0.6602804,0.007508499,
1,3,9.315326,-0.1932371,0.9975725,-2.161176,-0.002557684,-0.9665718,-0.2562011,0.009664509,
1,3,9.323659,-0.1938873,0.9889035,-2.193601,0.002089898,-0.9780717,0.2080283,0.00977958,
1,3,9.330993,-0.1944595,0.9807097,-2.222136,0.005837001,-0.8128105,0.5824423,0.00812724,
1,3,9.338917,-0.1950777,0.9712578,-2.252907,0.008770251,-0.4827799,0.8756845,0.0048274,
1,3,9.34725,-0.1957279,0.9606568,-2.285197,0.01000448,-0.03600126,0.9993016,0.0003602032,
1,3,9.35508,-0.1963388,0.9500777,-2.315535,0.00920468,0.3924253,0.9197295,-0.003923516,
1,3,9.363413,-0.1969825,0.9381555,-2.347825,0.006445083,0.7646608,0.6443555,-0.007645425,
1,3,9.371024,-0.1975686,0.9266766,-2.377313,0.002698893,0.9627233,0.2703035,-0.009625855,
1,3,9.378889,-0.1981743,0.9142143,-2.407663,-0.001669605,0.9860685,-0.1660388,-0.00985936,
1,3,9.387222,-0.198816,0.9003531,-2.439818,-0.005930177,0.8060582,-0.5917518,-0.008059587,
1,3,9.394793,-0.199399,0.8871747,-2.469027,-0.008720579,0.4916896,-0.870713,-0.004916403,
1,3,9.402442,-0.1999881,0.8732891,-2.498543,-0.00997405,0.08626989,-0.9962215,-0.0008628134,
1,3,9.410775,-0.2006298,0.8575141,-2.530604,-0.009296651,-0.3702023,-0.9288973,0.003701259,
1,3,9.419109,-0.2012716,0.8410622,-2.562624,-0.006642056,-0.747651,-0.6640165,0.007475229,
1,3,9.426461,-0.2018377,0.8259879,-2.590873,-0.003103208,-0.950462,-0.3106798,0.00950309,
1,3,9.434794,-0.2024795,0.8082727,-2.622893,0.001492047,-0.9888918,0.1483009,0.009887404,
1,3,9.442081,-0.2030406,0.792228,-2.650825,0.005281553,-0.8498502,0.5269294,0.008497272,
1,3,9.450415,-0.2036824,0.7732463,-2.682709,0.008530142,-0.5239885,0.8516665,0.005239231,
1,3,9.458748,-0.2043241,0.7535974,-2.714594,0.009972973,-0.08751138,0.9961132,0.0008751879,
1,3,9.466398,-0.2049078,0.7349659,-2.743865,0.009441839,0.3315859,0.943372,-0.0033151,
1,3,9.474186,-0.2054996,0.7154173,-2.773578,0.007174419,0.6968404,0.7171566,-0.006967078,
1,3,9.482519,-0.2061329,0.6938527,-2.805327,0.003300137,0.9438067,0.3303468,-0.009436394,
1,3,9.490852,-0.2067662,0.6716205,-2.837077,-0.001266289,0.9920119,-0.1257476,-0.009918444,
1,3,9.498759,-0.2073671,0.6499069,-2.867201,-0.005365334,0.8446014,-0.5353022,-0.008444669,
1,3,9.506608,-0.2079636,0.6277605,-2.896982,-0.008429025,0.5400778,-0.8415556,-0.005400029,
1,3,9.514941,-0.2085969,0.6036003,-2.928596,-0.009952485,0.1084408,-0.9940525,-0.001084443,
1,3,9.522954,-0.2092058,0.5797395,-2.958993,-0.00945124,-0.328905,-0.9443101,0.003288246,
1,3,9.531002,-0.2098175,0.555157,-2.989478,-0.007106549,-0.7037442,-0.7103831,0.00703601,
1,3,9.539336,-0.2104508,0.5290508,-3.020957,-0.003228172,-0.9462913,-0.3231609,0.00946112,
1,3,9.546937,-0.2110285,0.5046591,-3.049672,0.0009189722,-0.995796,0.09105174,0.009956161,
1,3,9.554379,-0.2115905,0.4802491,-3.07778,0.004826225,-0.8764285,0.4814281,0.008762788,
1,3,9.562712,-0.2122154,0.4522846,-3.10915,0.008219084,-0.5714701,0.8205619,0.005713845,
1,3,9.571045,-0.2128402,0.4236616,-3.140495,0.009901644,-0.1479404,0.9889456,0.001479371,
1,3,9.578829,-0.2134239,0.3963296,-3.169771,0.009616729,0.2770509,0.9608032,-0.002769746,
1,3,9.586031,-0.2139639,0.3705306,-3.196795,0.007794142,0.626932,0.7790098,-0.00626792,
1,3,9.594364,-0.2145887,0.3400651,-3.228004,0.004204337,0.9071724,0.4206404,-0.009069852,
1,3,9.602697,-0.2152136,0.3089436,-3.259212,-0.0002526328,0.9996501,-0.02448823,-0.009994537,
1,3,9.610482,-0.2157973,0.2792764,-3.288328,-0.004385244,0.8992301,-0.4373616,-0.008990618,
1,3,9.618815,-0.2164222,0.2468905,-3.319402,-0.007912649,0.6131279,-0.7899203,-0.006130233,
1,3,9.626227,-0.216978,0.2175342,-3.347039,-0.00969412,0.2502166,-0.9681381,-0.002501881,
1,3,9.634068,-0.2175638,0.1859162,-3.376246,-0.009852035,-0.1766111,-0.9842299,0.001765529,
1,3,9.642377,-0.2181784,0.1517881,-3.40709,-0.008064998,-0.5917825,-0.8060357,0.005916419,
1,3,9.65071,-0.2187948,0.1169057,-3.438028,-0.004621867,-0.8866522,-0.4623288,0.008864573,
1,3,9.658477,-0.2193693,0.08380949,-3.466825,-0.0005442265,-0.9984305,-0.05510576,0.009982208,
1,3,9.66681,-0.2199857,0.04767538,-3.497628,0.003915298,-0.9205896,0.3904034,0.009204057,CourtEnter
1,3,9.675043,-0.220607,0.05432028,-3.528747,0.00735199,-0.6799026,0.7332341,0.006794897,CourtExit
1,3,9.683213,-0.2212279,0.08118767,-3.559873,0.009453363,-0.3328394,0.9429303,0.00332354,
1,3,9.690933,-0.2218146,0.1059427,-3.589191,0.01001337,0.04630308,0.9988772,-0.0004678161,
1,3,9.699266,-0.2224479,0.1319692,-3.620806,0.008970911,0.4459979,0.8949779,-0.004463878,
1,3,9.704732,-0.2228633,0.1486495,-3.641541,0.007434725,0.670559,0.7417886,-0.006708525,
1,3,9.713066,-0.2234966,0.1734883,-3.673155,0.004087741,0.9129404,0.4079704,-0.009130477,
1,3,9.721115,-0.2241083,0.1967985,-3.703691,0.0001896552,0.9997668,0.01914371,-0.00999676,
1,3,9.728925,-0.2247018,0.2187797,-3.733256,-0.00362527,0.9323487,-0.361422,-0.009320796,
1,3,9.737258,-0.2253351,0.2415405,-3.764736,-0.007083867,0.7076641,-0.7064781,-0.007072506,
1,3,9.742083,-0.2257018,0.2543934,-3.782961,-0.008566773,0.5194461,-0.8544445,-0.005189803,
1,3,9.750417,-0.2263351,0.2760304,-3.81444,-0.009937475,0.1315167,-0.9912633,-0.001310259,
1,3,9.757287,-0.2268572,0.2933341,-3.840394,-0.00980463,-0.2079501,-0.9780881,0.00208397,
1,3,9.76562,-0.2274905,0.313671,-3.871873,-0.008137745,-0.5837157,-0.8118964,0.005840398,
1,3,9.773418,-0.2280756,0.332064,-3.901225,-0.005326687,-0.8469712,-0.5315445,0.008471304,
1,3,9.781367,-0.2286717,0.3501732,-3.931125,-0.001655827,-0.9861764,-0.1653967,0.00986143,
1,3,9.789235,-0.2292616,0.3674571,-3.960718,0.002227302,-0.9750046,0.2219598,0.009747852,
1,3,9.797568,-0.2298865,0.3850792,-3.992062,0.005961451,-0.8040398,0.5944913,0.008036603,
1,3,9.805411,-0.2304745,0.4010217,-4.021561,0.008568848,-0.5191059,0.8546513,0.005186343,
1,3,9.813321,-0.2310676,0.4164696,-4.051313,0.009905294,-0.1538229,0.9880477,0.001533302,
1,3,9.821438,-0.2316763,0.4316624,-4.081843,0.009719618,0.2444292,0.9696153,-0.002448646,
1,3,9.829772,-0.2323011,0.4465659,-4.113187,0.007925229,0.6121191,0.7907022,-0.006124224,
1,3,9.838105,-0.232926,0.4607659,-4.144334,0.004807866,0.8773232,0.4797957,-0.008774424,
1,3,9.845684,-0.2334943,0.4730693,-4.172597,0.001260723,0.991982,0.1259833,-0.009919149,
1,3,9.854018,-0.2341192,0.4859262,-4.203671,-0.002818245,0.9596812,-0.2809131,-0.009594211,
1,3,9.862257,-0.234737,0.497944,-4.234393,-0.006389852,0.7706047,-0.6372348,-0.007701964,
1,3,9.870231,-0.2353348,0.508927,-4.264124,-0.008859899,0.4679511,-0.8836976,-0.004674628,
1,3,9.878564,-0.2359597,0.5197203,-4.295198,-0.009994985,0.07657684,-0.9970133,-0.0007608482,
1,3,9.886662,-0.2365669,0.5295502,-4.325397,-0.009508719,-0.316335,-0.9485946,0.003167503,
1,3,9.894707,-0.2371702,0.5386569,-4.355394,-0.007551101,-0.6574952,-0.7533922,0.006577686,
1,3,9.90304,-0.237795,0.547404,-4.386468,-0.004300909,-0.9031401,-0.4292296,0.009032213,
1,3,9.911373,-0.2384124,0.5554583,-4.417542,-0.0003416739,-0.9993615,-0.03430399,0.009992365,
1,3,9.917974,-0.2389006,0.5613405,-4.442154,0.002866025,-0.9582719,0.2856834,0.009579969,
1,3,9.926105,-0.239502,0.5679939,-4.47234,0.006372522,-0.7720282,0.6355096,0.007716096,
1,3,9.934438,-0.2401185,0.574122,-4.503143,0.008922713,-0.4559098,0.8899696,0.004554139,
1,3,9.942771,-0.2407349,0.5795594,-4.533947,0.01000319,-0.06494908,0.9978383,0.000644593,
1,3,9.949403,-0.2412254,0.5833877,-4.55846,0.009687144,0.2569131,0.9663826,-0.002573379,
1,3,9.957736,-0.2418418,0.5875784,-4.589264,0.007869376,0.6192447,0.7851343,-0.006195252,
1,3,9.965888,-0.2424448,0.5910132,-4.619397,0.004840121,0.8755561,0.4830128,-0.0087565,
1,3,9.973912,-0.2430384,0.5937412,-4.649059,0.001115525,0.9937144,0.1114976,-0.009936089,
1,3,9.981591,-0.2436064,0.5957543,-4.677444,-0.002613595,0.9654216,-0.2605018,-0.009651399,
1,3,9.989924,-0.2442228,0.597279,-4.708248,-0.006231239,0.7834178,-0.6214148,-0.007829906,
1,3,9.998093,-0.2448269,0.5981017,-4.738438,-0.008790824,0.4807333,-0.8768097,-0.004802317,
1,3,10.00638,-0.2454396,0.5982617,-4.769057,-0.009976887,0.09725735,-0.9952088,-0.0009676205,
1,3,10.01439,-0.2460326,0.597765,-4.798641,-0.009595163,-0.2892009,-0.957216,0.002896118,
1,3,10.02273,-0.246649,0.5965741,-4.829175,-0.007668851,-0.6437883,-0.7651381,0.006440444,
1,3,10.03065,-0.2472356,0.5948056,-4.858233,-0.004672201,-0.8845887,-0.4662647,0.008846568,
1,3,10.03887,-0.2478429,0.5923181,-4.888314,-0.0008538169,-0.9962973,-0.08539156,0.009961604,
1,3,10.0472,-0.2484581,0.5891106,-4.918848,0.003153974,-0.9492346,0.3144101,0.009489113,
1,3,10.05553,-0.249066,0.5852177,-4.949381,0.006648807,-0.7484846,0.6630766,0.007480284,
1,3,10.06338,-0.2496388,0.5809253,-4.978148,0.008963599,-0.447851,0.8940521,0.004473377,
1,3,10.07172,-0.2502468,0.5757011,-5.008681,0.01000645,-0.05970468,0.9981658,0.0005921263,
1,3,10.08005,-0.2508548,0.5697926,-5.039215,0.009433963,0.3378513,0.9411461,-0.003382408,
1,3,10.08808,-0.2514409,0.5634499,-5.06865,0.007439682,0.6700124,0.7422823,-0.006702414,
1,3,10.09525,-0.2519634,0.5572585,-5.094892,0.004710118,0.8825857,0.4700452,-0.008826412,
1,3,10.10358,-0.2525713,0.5494225,-5.125341,0.0008554103,0.9962838,0.08554945,-0.009961301,
1,3,10.11125,-0.2531314,0.5416024,-5.153217,-0.002829989,0.9593359,-0.2820897,-0.009590108,
1,3,10.11959,-0.2537393,0.5324554,-5.183481,-0.006376519,0.7716988,-0.6359094,-0.007712391,
1,3,10.12784,-0.2543415,0.5227273,-5.213453,-0.008881119,0.4639213,-0.8858198,-0.004634017,
1,3,10.13535,-0.2548894,0.513296,-5.240729,-0.009953067,0.1191469,-0.992826,-0.001186449,
1,3,10.14278,-0.2554312,0.5034252,-5.2677,-0.009738013,-0.2370257,-0.9714517,0.002374447,
1,3,10.15111,-0.2560392,0.4917063,-5.297964,-0.008029343,-0.5984667,-0.8010852,0.005987289,
1,3,10.15906,-0.2566193,0.4798925,-5.326838,-0.005199476,-0.8548052,-0.5188525,0.008548765,
1,3,10.16721,-0.2572135,0.4671535,-5.356416,-0.001523692,-0.9882977,-0.1522095,0.00988162,
1,3,10.17554,-0.2578214,0.4534461,-5.38668,0.002470311,-0.9691648,0.2462107,0.009688389,
1,3,10.18347,-0.2583998,0.4397814,-5.415453,0.005912087,-0.8076513,0.5895754,0.008071923,
1,3,10.19109,-0.2589555,0.426075,-5.442869,0.008421201,-0.5426074,0.8399267,0.005420831,
1,3,10.19934,-0.2595575,0.4105895,-5.472567,0.009868608,-0.1757108,0.9843909,0.001751947,
1,3,10.20767,-0.2601655,0.3942794,-5.50256,0.009773275,0.2221193,0.974968,-0.002225444,
1,3,10.21572,-0.2607526,0.3778881,-5.531525,0.008211242,0.5733832,0.8192261,-0.005736541,
1,3,10.22372,-0.2613366,0.3609592,-5.560337,0.005455901,0.8387474,0.5444289,-0.008388241,
1,3,10.23206,-0.2619446,0.3426788,-5.59033,0.001751439,0.9845306,0.1749272,-0.00984393,
1,3,10.23973,-0.262495,0.3252465,-5.617953,-0.001917395,0.9815288,-0.191053,-0.009812123,
1,3,10.24721,-0.2630256,0.307707,-5.64488,-0.005248509,0.8520455,-0.5233721,-0.00851596,
1,3,10.25555,-0.2636167,0.2875332,-5.674873,-0.008155281,0.5816295,-0.8133922,-0.005811008,
1,3,10.26287,-0.2641358,0.2692649,-5.700991,-0.009660586,0.2670878,-0.9636201,-0.002665595,
1,3,10.2712,-0.2647269,0.247835,-5.730714,-0.009941488,-0.1279726,-0.9917271,0.00128422,
1,3,10.27953,-0.2653179,0.225737,-5.760437,-0.008664044,-0.5027412,-0.8643789,0.005030401,
1,3,10.28723,-0.265864,0.2047271,-5.787898,-0.006270885,-0.7799886,-0.6257136,0.007801043,
1,3,10.29502,-0.2664162,0.1829036,-5.815665,-0.003001371,-0.9540107,-0.2996058,0.009539249,
1,3,10.30335,-0.2670073,0.1588985,-5.845387,0.0009374494,-0.9955882,0.09329627,0.009952999,
1,3,10.31139,-0.2675779,0.1350923,-5.874084,0.004605819,-0.8882494,0.4592527,0.008878083,
1,3,10.31944,-0.2681484,0.1106749,-5.902769,0.007601811,-0.6519857,0.7581652,0.006514561,
1,3,10.32777,-0.2687395,0.08472419,-5.932305,0.009537028,-0.3081503,0.9512849,0.003076103,
1,3,10.33556,-0.2692919,0.05987181,-5.95983,0.01000752,0.05746299,0.9982973,-0.0005793629,
1,3,10.3432,-0.2698341,0.03578076,-5.986844,0.009145463,0.4091594,0.9124079,-0.004095681,CourtEnter
1,3,10.35154,-0.2704249,0.05539282,-6.016025,0.006754096,0.7385597,0.6741138,-0.007394498,CourtExit
1,3,10.3593,-0.2709758,0.07421115,-6.043221,0.003511998,0.9363993,0.3507936,-0.009374126,
1,3,10.36736,-0.2715473,0.09308709,-6.071442,-0.000376221,0.9992635,-0.03704577,-0.0100025,
1,3,10.37536,-0.2720999,0.1111729,-6.099458,-0.004178231,0.9091447,-0.4163601,-0.009099545,
1,3,10.3837,-0.2726741,0.1293199,-6.128488,-0.007453835,0.6689547,-0.7432357,-0.006694499,
1,3,10.39151,-0.2732126,0.1456963,-6.155603,-0.009418021,0.342863,-0.939332,-0.003429891,
1,3,10.39938,-0.2737548,0.1615607,-6.182906,-0.0100176,-0.03529092,-0.9993268,0.0003555374,
1,3,10.40771,-0.274329,0.1776765,-6.211818,-0.009054054,-0.4286852,-0.9033984,0.004293144,
1,3,10.41225,-0.2746418,0.186161,-6.227571,-0.007884344,-0.6171209,-0.7868046,0.006179085,
1,3,10.42059,-0.275216,0.201194,-6.256483,-0.004786596,-0.8783496,-0.4779139,0.008793227,
1,3,10.42584,-0.2755781,0.2103149,-6.274715,-0.002393109,-0.9709199,-0.2391953,0.009719289,
1,3,10.43418,-0.2761523,0.2242045,-6.303627,0.001655322,-0.9863012,0.1646504,0.009872316,
1,3,10.44177,-0.2766755,0.2362492,-6.329968,0.005123274,-0.8597251,0.510659,0.008604512,
1,3,10.4501,-0.2772496,0.248803,-6.358881,0.008112403,-0.587761,0.8089727,0.005881519,
1,3,10.45799,-0.2777934,0.2600489,-6.386259,0.009729146,-0.2412168,0.9704195,0.002412322,
1,3,10.46544,-0.2783062,0.270077,-6.412081,0.009952533,0.1187155,0.9928777,-0.001190554,
1,3,10.47377,-0.2788804,0.2806462,-6.440992,0.008672558,0.5010195,0.865378,-0.005017001,
1,3,10.4821,-0.2794546,0.2905232,-6.469869,0.00598591,0.8017947,0.5975158,-0.008027037,
1,3,10.48986,-0.2799889,0.2990815,-6.496521,0.002603908,0.9654971,0.2602213,-0.009664857,
1,3,10.49819,-0.2805631,0.3076161,-6.525164,-0.001421656,0.9899107,-0.1413392,-0.009908297,
1,3,10.50577,-0.2810852,0.3147681,-6.55121,-0.004897668,0.8727039,-0.4881472,-0.008734299,
1,3,10.5141,-0.2816594,0.3219768,-6.579852,-0.007945298,0.6100602,-0.7922917,-0.006104633,
1,3,10.5221,-0.2822107,0.3282416,-6.607351,-0.009667677,0.2647142,-0.9642748,-0.002647472,
1,3,10.52995,-0.2827511,0.3337638,-6.63431,-0.009960103,-0.1122645,-0.9936278,0.001125977,
1,3,10.53828,-0.2833253,0.3389594,-6.662952,-0.008714324,-0.4937634,-0.8695385,0.004944315,
1,3,10.54661,-0.2838995,0.3434613,-6.691594,-0.006067786,-0.7956471,-0.6056776,0.007965407,
1,3,10.55441,-0.2844371,0.3470491,-6.718407,-0.002697596,-0.9629306,-0.2695636,0.009639049,
1,3,10.56275,-0.2850112,0.3502164,-6.747049,0.001307098,-0.991475,0.129912,0.009923834,
1,3,10.56798,-0.2853722,0.3518526,-6.765053,0.003756442,-0.9272625,0.374278,0.009280534,
1,3,10.57632,-0.2859464,0.3538914,-6.793695,0.007099189,-0.7063005,0.7078413,0.007068052,
1,3,10.58427,-0.2864944,0.3551975,-6.821032,0.009234459,-0.3894354,0.9209992,0.003895921,
1,3,10.5926,-0.2870686,0.3558914,-6.849492,0.01002397,0.002352591,0.999947,-2.581716E-05,
1,3,10.60094,-0.2876428,0.3558984,-6.877864,0.009213138,0.3935457,0.9192504,-0.003941219,
1,3,10.60909,-0.2882041,0.3552389,-6.905602,0.006998777,0.7155286,0.6985117,-0.007163555,
1,3,10.61659,-0.2887214,0.3540502,-6.931161,0.004004864,0.9164823,0.39995,-0.009174292,
1,3,10.62493,-0.2892956,0.3520781,-6.959533,9.549884E-05,0.9998998,0.01001011,-0.01000835,
1,3,10.63294,-0.2898477,0.3495342,-6.986813,-0.003683464,0.9301685,-0.3669964,-0.009309529,
1,3,10.64056,-0.290373,0.3465236,-7.012771,-0.006782539,0.7366129,-0.6762404,-0.007371462,
1,3,10.6489,-0.2909472,0.34258,-7.041142,-0.009124701,0.4143993,-0.91004,-0.004145801,
1,3,10.65683,-0.2914941,0.3381848,-7.068167,-0.01001372,0.04573746,-0.9989032,-0.0004555706,
1,3,10.66517,-0.2920683,0.3329029,-7.096539,-0.009398746,-0.3471771,-0.937746,0.003477064,
1,4,10.67258,-0.2925793,0.3276272,-7.121789,-0.007594317,-0.652304,-0.7578914,0.006530743,TrialStart
1,4,10.68051,-0.2931255,0.3213914,-7.148774,-0.004622662,-0.8870499,-0.4615651,0.008879697,
1,4,10.68884,-0.2936997,0.3141717,-7.177145,-0.0007974118,-0.9967424,-0.08002765,0.009976769,
1,4,10.69718,-0.2942593,0.3062673,-7.205285,0.003151228,-0.949405,0.3138949,0.009502064,
1,4,10.70475,-0.2947657,0.2984948,-7.230816,0.006322427,-0.7762672,0.6303244,0.007768381,
1,4,10.71308,-0.295323,0.2892899,-7.258918,0.008847654,-0.4704338,0.8823784,0.004706673,
1,4,10.72062,-0.2958274,0.2803698,-7.284357,0.009941514,-0.1284719,0.9916625,0.001283685,
1,4,10.72896,-0.2963848,0.2698689,-7.312459,0.009660341,0.2664206,0.9638048,-0.002668775,
1,4,10.73626,-0.2968729,0.2601098,-7.337075,0.008163698,0.5798563,0.8146572,-0.005805639,
1,4,10.74459,0,0.5,7.5,0,0,0,1,BallLaunch
1,4,10.75272,-0.001083278,0.5429993,7.445831,-0.00330913,-0.9435973,-0.3309444,0.009434998,
1,4,10.75832,-0.00186871,0.5738094,7.406591,-0.00330913,-0.9435973,-0.3309444,0.009434998,
1,4,10.76665,-0.003035134,0.618995,7.348226,-0.00330913,-0.9435973,-0.3309444,0.009434998,
1,4,10.77499,-0.004199368,0.6634117,7.290055,-0.00330913,-0.9435973,-0.3309444,0.009434998,
1,4,10.78316,-0.00534005,0.7062618,7.233034,-0.00330913,-0.9435973,-0.3309444,0.009434998,
1,4,10.7915,-0.006500087,0.7491643,7.174988,-0.00330913,-0.9435973,-0.3309444,0.009434998,
1,4,10.79934,-0.007590276,0.7888628,7.120545,-0.00330913,-0.9435973,-0.3309444,0.009434998,
1,4,10.80768,-0.008746142,0.8302901,7.06272,-0.00330913,-0.9435973,-0.3309444,0.009434998,
1,4,10.81512,-0.009777225,0.8666668,7.011152,-0.00330913,-0.9435973,-0.3309444,0.009434998,
1,4,10.82346,-0.01092923,0.9066606,6.953598,-0.00330913,-0.9435973,-0.3309444,0.009434998,
1,4,10.83179,-0.01207916,0.9458972,6.896044,-0.00330913,-0.9435973,-0.3309444,0.009434998,
1,4,10.83993,-0.01319994,0.9834825,6.840044,-0.00330913,-0.9435973,-0.3309444,0.009434998,
1,4,10.84735,-0.01422151,1.017169,6.788984,-0.00330913,-0.9435973,-0.3309444,0.009434998,
1,4,10.855,-0.01527112,1.051211,6.736441,-0.00330913,-0.9435973,-0.3309444,0.009434998,
1,4,10.86333,-0.01641347,1.087606,6.679362,-0.00330913,-0.9435973,-0.3309444,0.009434998,
1,4,10.8715,-0.01753091,1.122554,6.623497,-0.00330913,-0.9435973,-0.3309444,0.009434998,
1,4,10.87983,-0.01866937,1.157485,6.566483,-0.00330913,-0.9435973,-0.3309444,0.009434998,
1,4,10.88744,-0.01970744,1.188731,6.514659,-0.00330913,-0.9435973,-0.3309444,0.009434998,
1,4,10.89544,-0.02079711,1.220921,6.460179,-0.00330913,-0.9435973,-0.3309444,0.009434998,
1,4,10.90357,-0.02190238,1.252922,6.404831,-0.00330913,-0.9435973,-0.3309444,0.009434998,
1,4,10.9119,-0.02303356,1.285007,6.348344,-0.00330913,-0.9435973,-0.3309444,0.009434998,
1,4,10.91994,-0.0241232,1.315262,6.293859,-0.00330913,-0.9435973,-0.3309444,0.009434998,
1,4,10.928,-0.02521397,1.344905,6.239233,-0.00330913,-0.9435973,-0.3309444,0.009434998,
1,4,10.93596,-0.02628941,1.373517,6.185545,-0.00330913,-0.9435973,-0.3309444,0.009434998,
1,4,10.9443,-0.02741348,1.402746,6.129343,-0.00330913,-0.9435973,-0.3309444,0.009434998,
1,4,10.95263,-0.02853574,1.431248,6.073139,-0.00330913,-0.9435973,-0.3309444,0.009434998,
1,4,10.96015,-0.02954632,1.456324,6.022681,-0.00330913,-0.9435973,-0.3309444,0.009434998,
1,4,10.96837,-0.03065095,1.483095,5.967461,-0.00330913,-0.9435973,-0.3309444,0.009434998,
1,4,10.97629,-0.03171259,1.5082,5.91431,-0.00330913,-0.9435973,-0.3309444,0.009434998,
1,4,10.98462,-0.03282814,1.533911,5.858591,-0.00330913,-0.9435973,-0.3309444,0.009434998,
1,4,10.99296,-0.033942,1.558898,5.802928,-0.00330913,-0.9435973,-0.3309444,0.009434998,
1,4,11.00046,-0.03494329,1.580771,5.752824,-0.00330913,-0.9435973,-0.3309444,0.009434998,
1,4,11.00609,-0.03569348,1.596805,5.715285,-0.00330913,-0.9435973,-0.3309444,0.009434998,
1,4,11.01442,-0.03680274,1.619936,5.659893,-0.00330913,-0.9435973,-0.3309444,0.009434998,
1,4,11.02276,-0.03791057,1.642347,5.6045,-0.00330913,-0.9435973,-0.3309444,0.009434998,
1,4,11.03036,-0.03891966,1.66217,5.553968,-0.00330913,-0.9435973,-0.3309444,0.009434998,
1,4,11.03819,-0.03995737,1.681969,5.502146,-0.00330913,-0.9435973,-0.3309444,0.009434998,
1,4,11.04652,-0.04106028,1.702338,5.447023,-0.00330913,-0.9435973,-0.3309444,0.009434998,
1,4,11.05449,-0.04211365,1.721143,5.394312,-0.00330913,-0.9435973,-0.3309444,0.009434998,
1,4,11.06248,-0.04316837,1.739356,5.341564,-0.00330913,-0.9435973,-0.3309444,0.009434998,
1,4,11.07082,-0.04426646,1.75765,5.286711,-0.00330913,-0.9435973,-0.3309444,0.009434998,
1,4,11.07813,-0.04522894,1.773119,5.238564,-0.00330913,-0.9435973,-0.3309444,0.009434998,
1,4,11.08646,-0.04632418,1.790083,5.183712,-0.00330913,-0.9435973,-0.3309444,0.009434998,
1,4,11.0938,-0.04728626,1.804427,5.135673,-0.00330913,-0.9435973,-0.3309444,0.009434998,
1,4,11.10213,-0.04837845,1.820052,5.081091,-0.00330913,-0.9435973,-0.3309444,0.009434998,
1,4,11.10951,-0.04934439,1.833297,5.032763,-0.00330913,-0.9435973,-0.3309444,0.009434998,
1,4,11.11784,-0.05043367,1.847596,4.978274,-0.00330913,-0.9435973,-0.3309444,0.009434998,
1,4,11.12617,-0.05152113,1.861191,4.923962,-0.00330913,-0.9435973,-0.3309444,0.009434998,
1,4,11.13451,-0.05260715,1.874082,4.86965,-0.00330913,-0.9435973,-0.3309444,0.009434998,
1,4,11.14214,-0.05360077,1.885269,4.819913,-0.00330913,-0.9435973,-0.3309444,0.009434998,
1,4,11.15047,-0.05468371,1.896828,4.765812,-0.00330913,-0.9435973,-0.3309444,0.009434998,
1,4,11.15881,-0.05576518,1.907684,4.71177,-0.00330913,-0.9435973,-0.3309444,0.009434998,
1,4,11.16671,-0.05678982,1.917329,4.660517,-0.00330913,-0.9435973,-0.3309444,0.009434998,
1,4,11.17504,-0.05786854,1.926823,4.606509,-0.00330913,-0.9435973,-0.3309444,0.009434998,
1,4,11.18273,-0.05886165,1.934959,4.556932,-0.00330913,-0.9435973,-0.3309444,0.009434998,
1,4,11.19006,-0.05980822,1.942175,4.50963,-0.00330913,-0.9435973,-0.3309444,0.009434998,
1,4,11.19839,-0.06088271,1.94972,4.455859,-0.00330913,-0.9435973,-0.3309444,0.009434998,
1,4,11.20611,-0.06187709,1.956097,4.406088,-0.00330913,-0.9435973,-0.3309444,0.009434998,
1,4,11.21445,-0.06294948,1.962305,4.352587,-0.00330913,-0.9435973,-0.3309444,0.009434998,
1,4,11.22278,-0.06401944,1.967827,4.299086,-0.00330913,-0.9435973,-0.3309444,0.009434998,
1,4,11.23067,-0.06503109,1.972415,4.248415,-0.00330913,-0.9435973,-0.3309444,0.009434998,
1,4,11.239,-0.06609834,1.976588,4.19509,-0.00330913,-0.9435973,-0.3309444,0.009434998,
1,4,11.24733,-0.0671638,1.980077,4.141859,-0.00330913,-0.9435973,-0.3309444,0.009434998,
1,4,11.25567,-0.06822775,1.982876,4.088628,-0.00330913,-0.9435973,-0.3309444,0.009434998,
1,4,11.2638,-0.06926636,1.984943,4.036664,-0.00330913,-0.9435973,-0.3309444,0.009434998,
1,4,11.2713,-0.07022195,1.986269,3.988889,-0.00330913,-0.9435973,-0.3309444,0.009434998,
1,4,11.27964,-0.07128167,1.987098,3.935884,-0.00330913,-0.9435973,-0.3309444,0.009434998,
1,4,11.28691,-0.0722065,1.987257,3.889665,-0.00330913,-0.9435973,-0.3309444,0.009434998,
1,4,11.29516,-0.07325359,1.986811,3.837314,-0.00330913,-0.9435973,-0.3309444,0.009434998,
1,4,11.30349,-0.0743091,1.985677,3.784488,-0.00330913,-0.9435973,-0.3309444,0.009434998,
1,4,11.31118,-0.0752825,1.984034,3.735855,-0.00330913,-0.9435973,-0.3309444,0.009434998,
1,4,11.31883,-0.07624987,1.981816,3.687493,-0.00330913,-0.9435973,-0.3309444,0.009434998,
1,4,11.32716,-0.07730114,1.978751,3.634886,-0.00330913,-0.9435973,-0.3309444,0.009434998,
1,4,11.33469,-0.07825141,1.975398,3.58738,-0.00330913,-0.9435973,-0.3309444,0.009434998,
1,4,11.34303,-0.07930166,1.971045,3.534906,-0.00330913,-0.9435973,-0.3309444,0.009434998,
1,4,11.35091,-0.08029264,1.966292,3.485293,-0.00330913,-0.9435973,-0.3309444,0.009434998,
1,4,11.3586,-0.08125864,1.961073,3.437006,-0.00330913,-0.9435973,-0.3309444,0.009434998,
1,4,11.36693,-0.08230522,1.954769,3.38472,-0.00330913,-0.9435973,-0.3309444,0.009434998,
1,4,11.37527,-0.08334805,1.947793,3.33252,-0.00330913,-0.9435973,-0.3309444,0.009434998,
1,4,11.38307,-0.08432418,1.940653,3.283706,-0.00330913,-0.9435973,-0.3309444,0.009434998,
1,4,11.39075,-0.08528513,1.933056,3.235728,-0.00330913,-0.9435973,-0.3309444,0.009434998,
1,4,11.39908,-0.08632437,1.924157,3.183713,-0.00330913,-0.9435973,-0.3309444,0.009434998,
1,4,11.40741,-0.08736299,1.914584,3.131786,-0.00330913,-0.9435973,-0.3309444,0.009434998,
1,4,11.4155,-0.08837016,1.904667,3.081476,-0.00330913,-0.9435973,-0.3309444,0.009434998,
1,4,11.42359,-0.08937539,1.894103,3.031188,-0.00330913,-0.9435973,-0.3309444,0.009434998,
1,4,11.4309,-0.0902831,1.884018,2.98578,-0.00330913,-0.9435973,-0.3309444,0.009434998,
1,4,11.43849,-0.09122454,1.873013,2.938758,-0.00330913,-0.9435973,-0.3309444,0.009434998,
1,4,11.44682,-0.09225649,1.860281,2.887148,-0.00330913,-0.9435973,-0.3309444,0.009434998,
1,4,11.45515,-0.09328665,1.846889,2.835606,-0.00330913,-0.9435973,-0.3309444,0.009434998,
1,4,11.46262,-0.09421021,1.834308,2.789458,-0.00330913,-0.9435973,-0.3309444,0.009434998,
1,4,11.47096,-0.09523837,1.819658,2.738048,-0.00330913,-0.9435973,-0.3309444,0.009434998,
1,4,11.47859,-0.09617779,1.805649,2.691039,-0.00330913,-0.9435973,-0.3309444,0.009434998,
1,4,11.48692,-0.09720372,1.789726,2.639763,-0.00330913,-0.9435973,-0.3309444,0.009434998,
1,4,11.49525,-0.09822802,1.773134,2.588558,-0.00330913,-0.9435973,-0.3309444,0.009434998,
1,4,11.50321,-0.09920315,1.756685,2.539757,-0.00330913,-0.9435973,-0.3309444,0.009434998,
1,4,11.51105,-0.1001647,1.739886,2.491697,-0.00330913,-0.9435973,-0.3309444,0.009434998,
1,4,11.51938,-0.1011852,1.721391,2.440699,-0.00330913,-0.9435973,-0.3309444,0.009434998,
1,4,11.52665,-0.1020731,1.704709,2.396254,-0.00330913,-0.9435973,-0.3309444,0.009434998,
1,4,11.53492,-0.1030826,1.685139,2.345783,-0.00330913,-0.9435973,-0.3309444,0.009434998,
1,4,11.54299,-0.1040672,1.665425,2.296603,-0.00330913,-0.9435973,-0.3309444,0.009434998,
1,4,11.55132,-0.1050804,1.644411,2.245874,-0.00330913,-0.9435973,-0.3309444,0.009434998,
1,4,11.55886,-0.1059965,1.624855,2.200072,-0.00330913,-0.9435973,-0.3309444,0.009434998,
1,4,11.56719,-0.1070097,1.602595,2.149476,-0.00330913,-0.9435973,-0.3309444,0.009434998,
1,4,11.57552,-0.1080187,1.579684,2.098947,-0.00330913,-0.9435973,-0.3309444,0.009434998,
1,4,11.58301,-0.1089248,1.558558,2.053657,-0.00330913,-0.9435973,-0.3309444,0.009434998,
1,4,11.59134,-0.1099338,1.53442,2.003264,-0.00330913,-0.9435973,-0.3309444,0.009434998,
1,4,11.59877,-0.1108308,1.51233,1.958358,-0.00330913,-0.9435973,-0.3309444,0.009434998,
1,4,11.60711,-0.1118356,1.486954,1.908109,-0.00330913,-0.9435973,-0.3309444,0.009434998,
1,4,11.61464,-0.1127443,1.463452,1.862728,-0.00330913,-0.9435973,-0.3309444,0.009434998,
1,4,11.62298,-0.1137456,1.436852,1.812613,-0.00330913,-0.9435973,-0.3309444,0.009434998,
1,4,11.63063,-0.1146647,1.411849,1.766644,-0.00330913,-0.9435973,-0.3309444,0.009434998,
1,4,11.63834,-0.1155898,1.386138,1.720439,-0.00330913,-0.9435973,-0.3309444,0.009434998,
1,4,11.64667,-0.116587,1.357712,1.670532,-0.00330913,-0.9435973,-0.3309444,0.009434998,
1,4,11.655,-0.1175834,1.328638,1.620695,-0.00330913,-0.9435973,-0.3309444,0.009434998,
1,4,11.66317,-0.1185594,1.299533,1.571955,-0.00330913,-0.9435973,-0.3309444,0.009434998,
1,4,11.67097,-0.1194901,1.271123,1.52539,-0.00330913,-0.9435973,-0.3309444,0.009434998,
1,4,11.67896,-0.1204407,1.241492,1.477844,-0.00330913,-0.9435973,-0.3309444,0.009434998,
1,4,11.68729,-0.1214328,1.209943,1.428296,-0.00330913,-0.9435973,-0.3309444,0.009434998,
1,4,11.69476,-0.1223182,1.181144,1.383969,-0.00330913,-0.9435973,-0.3309444,0.009434998,
1,4,11.70309,-0.1233062,1.148387,1.334562,-0.00330913,-0.9435973,-0.3309444,0.009434998,
1,4,11.71142,-0.1242941,1.114997,1.285225,-0.00330913,-0.9435973,-0.3309444,0.009434998,
1,4,11.71913,-0.1252051,1.083551,1.239666,-0.00330913,-0.9435973,-0.3309444,0.009434998,
1,4,11.72746,-0.1261895,1.048949,1.190473,-0.00330913,-0.9435973,-0.3309444,0.009434998,
1,4,11.73263,-0.1267971,1.027176,1.160008,-0.00330913,-0.9435973,-0.3309444,0.009434998,
1,4,11.74097,-0.1277766,0.9915482,1.110938,-0.00330913,-0.9435973,-0.3309444,0.009434998,
1,4,11.74862,-0.1286765,0.9582641,1.065925,-0.00330913,-0.9435973,-0.3309444,0.009434998,
1,4,11.75696,-0.129656,0.9214393,1.016998,-0.00330913,-0.9435973,-0.3309444,0.009434998,
1,4,11.76433,-0.1305226,0.8883346,0.9737825,-0.00330913,-0.9435973,-0.3309444,0.009434998,
1,4,11.77266,-0.1314994,0.8503288,0.925006,-0.00330913,-0.9435973,-0.3309444,0.009434998,
1,4,11.781,-0.1324704,0.8116989,0.8763037,-0.00330913,-0.9435973,-0.3309444,0.009434998,
1,4,11.78878,-0.133378,0.7750342,0.8308517,-0.00330913,-0.9435973,-0.3309444,0.009434998,
1,4,11.79673,-0.1343038,0.7370718,0.7845623,-0.00330913,-0.9435973,-0.3309444,0.009434998,
1,4,11.80474,-0.1352379,0.6981963,0.7379276,-0.00330913,-0.9435973,-0.3309444,0.009434998,
1,4,11.81308,-0.1362089,0.6571822,0.6895218,-0.00330913,-0.9435973,-0.3309444,0.009434998,
1,4,11.8206,-0.1370809,0.6196233,0.6458917,-0.00330913,-0.9435973,-0.3309444,0.009434998,
1,4,11.82893,-0.1380435,0.5774336,0.5976321,-0.00330913,-0.9435973,-0.3309444,0.009434998,
1,4,11.83651,-0.1389188,0.5385342,0.5538203,-0.00330913,-0.9435973,-0.3309444,0.009434998,
1,4,11.84485,-0.1398815,0.4951724,0.5057166,-0.00330913,-0.9435973,-0.3309444,0.009434998,
1,4,11.85285,-0.1408064,0.4529315,0.4595694,-0.00330913,-0.9435973,-0.3309444,0.009434998,
1,4,11.86119,-0.1417678,0.4083711,0.4116202,-0.00330913,-0.9435973,-0.3309444,0.009434998,
1,4,11.86952,-0.142722,0.3632008,0.3637507,-0.00330913,-0.9435973,-0.3309444,0.009434998,
1,4,11.87502,-0.1433518,0.3330503,0.3321936,-0.00330913,-0.9435973,-0.3309444,0.009434998,
1,4,11.88335,-0.144306,0.2868724,0.2844556,-0.00330913,-0.9435973,-0.3309444,0.009434998,
1,4,11.89169,-0.1452602,0.2400913,0.2367985,-0.00330913,-0.9435973,-0.3309444,0.009434998,
1,4,11.89967,-0.1461738,0.1947307,0.1912417,-0.00330913,-0.9435973,-0.3309444,0.009434998,
1,4,11.90735,-0.1470506,0.1505072,0.1474225,-0.00330913,-0.9435973,-0.3309444,0.009434998,
1,4,11.91569,-0.1479964,0.1019902,0.09999941,-0.00330913,-0.9435973,-0.3309444,0.009434998,
1,4,11.92402,-0.1489421,0.05287493,0.05265848,-0.00330913,-0.9435973,-0.3309444,0.009434998,CourtEnter
1,4,11.92913,-0.1494567,0.04374639,0.02697077,-0.002104241,-0.9774538,-0.2109129,0.009774641,
1,4,11.93599,-0.150022,0.07488022,-0.001352172,0.00190095,-0.9818957,0.189158,0.009819154,CourtExit
1,4,11.94324,-0.1506172,0.1072146,-0.03124314,0.005786184,-0.8164201,0.5773717,0.008164464,
1,4,11.95158,-0.1513011,0.143678,-0.06556219,0.008942485,-0.4501004,0.8929218,0.004501291,
1,4,11.95841,-0.1518617,0.1730129,-0.09366626,0.009988723,-0.06685308,0.9977126,0.0006687878,
1,4,11.96674,-0.1525457,0.2081298,-0.1279232,0.009134265,0.4084786,0.9127131,-0.004084604,
1,4,11.97478,-0.1532058,0.2413214,-0.160955,0.006285768,0.7777833,0.6284529,-0.007777744,
1,4,11.98306,-0.1538851,0.2747582,-0.1949116,0.001941738,0.9808154,0.1946825,-0.00980817,
1,4,11.99073,-0.1545148,0.3051078,-0.2263636,-0.002504921,0.9683236,-0.2494982,-0.009683341,
1,4,11.99906,-0.1551988,0.3373671,-0.2604921,-0.006744761,0.7394107,-0.6731802,-0.00739429,
1,4,12.0074,-0.1558827,0.368893,-0.294588,-0.009419148,0.3393205,-0.9406176,-0.003393447,
1,4,12.01294,-0.1563374,0.3894452,-0.3172351,-0.01000807,0.02332155,-0.9996779,-0.0002334769,
1,4,12.02127,-0.1570213,0.4197516,-0.3512768,-0.008957187,-0.445848,-0.8950528,0.004458232,
1,4,12.0296,-0.1577053,0.4493331,-0.3852874,-0.005839023,-0.8117976,-0.5838532,0.008117775,
1,4,12.03794,-0.1583883,0.4781864,-0.4192669,-0.001376632,-0.9903482,-0.1382412,0.00990336,
1,4,12.04319,-0.1588138,0.4959893,-0.4406548,0.001666751,-0.9861149,0.1657628,0.009861091,
1,4,12.04857,-0.15925,0.5139347,-0.4625627,0.004622422,-0.8873046,0.4610754,0.008873062,
1,4,12.0567,-0.159909,0.5404838,-0.4956426,0.008155758,-0.580436,0.8142444,0.005804483,
1,4,12.06324,-0.1604398,0.5613636,-0.522263,0.009727328,-0.236907,0.9714807,0.002369263,
1,4,12.07158,-0.1611153,0.5872922,-0.5561136,0.009711565,0.2418587,0.9702599,-0.002418323,
1,4,12.07991,-0.1617908,0.6124989,-0.5899332,0.007471696,0.6649357,0.7468337,-0.006649059,
1,4,12.08825,-0.1624663,0.636984,-0.6237217,0.003524368,0.9356686,0.3527384,-0.009356407,
1,4,12.09375,-0.1629128,0.6527717,-0.6460351,0.0004090136,0.9990845,0.04159484,-0.009990611,
1,4,12.10209,-0.1635883,0.6760638,-0.6797729,-0.004276834,0.904413,-0.4265409,-0.009044004,
1,4,12.11001,-0.1642306,0.6975465,-0.7118255,-0.007839976,0.6223573,-0.7826693,-0.006223582,
1,4,12.11828,-0.164901,0.719278,-0.7452474,-0.009824635,0.1925639,-0.9812334,-0.001925795,
1,4,12.12661,-0.1655765,0.7404639,-0.7788953,-0.009597355,-0.2836249,-0.9588831,0.002835961,
1,4,12.13479,-0.1662396,0.7605642,-0.8118937,-0.007252356,-0.6887363,-0.724943,0.006886986,
1,4,12.14313,-0.1669151,0.7803358,-0.845484,-0.00323935,-0.9459091,-0.3242777,0.0094587,
1,4,12.15146,-0.1675906,0.7993941,-0.8790433,0.00150497,-0.9886965,0.1495971,0.009886641,
1,4,12.15979,-0.1682583,0.8177499,-0.9125756,0.005906058,-0.8078137,0.589353,0.008077967,
1,4,12.16813,-0.1689253,0.8353854,-0.9460808,0.008970212,-0.4445488,0.8956987,0.00444552,
1,4,12.17479,-0.1694591,0.8489899,-0.9728646,0.009981514,-0.07689396,0.996989,0.0007691436,
1,4,12.18313,-0.1701262,0.8653581,-1.006312,0.009208552,0.3914964,0.9201252,-0.00391457,
1,4,12.19058,-0.1707231,0.8794067,-1.036233,0.006744004,0.7384807,0.6742005,-0.007384306,
1,4,12.19604,-0.1711595,0.8893172,-1.058073,0.004137015,0.9102594,0.4139178,-0.00910207,
1,4,12.20437,-0.1718265,0.9038731,-1.091444,-0.0005247185,0.998614,-0.05167314,-0.009985681,
1,4,12.20999,-0.1722769,0.9133043,-1.113972,-0.003669297,0.9306269,-0.3658326,-0.009305915,
1,4,12.21833,-0.1729439,0.9266814,-1.147283,-0.007542238,0.6580599,-0.7528991,-0.006580468,
1,4,12.22666,-0.173611,0.939356,-1.180586,-0.009724,0.2382824,-0.9711443,-0.002382971,
1,4,12.23215,-0.1740503,0.9473198,-1.202509,-0.009982818,-0.07371907,-0.9972288,0.000736863,
1,4,12.23672,-0.1744161,0.9537153,-1.220731,-0.009450193,-0.3291777,-0.944215,0.003291317,
1,4,12.24505,-0.1750831,0.9648501,-1.253966,-0.006879101,-0.72594,-0.6876853,0.007258771,
1,4,12.2533,-0.1757433,0.9751796,-1.286838,-0.002822649,-0.959167,-0.2826637,0.009590995,
1,4,12.26163,-0.1764104,0.984918,-1.320006,0.001896278,-0.9819862,0.1886879,0.009819287,
1,4,12.26996,-0.1770774,0.9939539,-1.353174,0.006190501,-0.7862886,0.6177785,0.007862544,
1,4,12.2783,-0.1777412,1.002289,-1.386283,0.009106477,-0.4159623,0.9093268,0.0041596,
1,4,12.28285,-0.1781007,1.00655,-1.404354,0.009868626,-0.1685606,0.9856405,0.001685768,
1,4,12.29118,-0.1787594,1.01381,-1.437453,0.009543409,0.3012148,0.9535038,-0.003011676,
1,4,12.29598,-0.1791385,1.017673,-1.45647,0.008372073,0.5475952,0.8366836,-0.005475339,
1,4,12.30259,-0.1796614,1.02262,-1.482692,0.005763559,0.8171612,0.5763226,-0.00817087,
1,4,12.31086,-0.1803151,1.028191,-1.515477,0.001420728,0.9897226,0.1426508,-0.009896465,
1,4,12.3192,-0.1809737,1.03311,-1.548444,-0.003262528,0.9455968,-0.3251872,-0.009455355,
1,4,12.32753,-0.1816323,1.037333,-1.581409,-0.007223318,0.6928483,-0.721014,-0.00692816,
1,4,12.33203,-0.1819876,1.039328,-1.59918,-0.008740774,0.4880773,-0.872743,-0.004880647,
1,4,12.33895,-0.1825348,1.041999,-1.626515,-0.009943813,0.1160755,-0.9931899,-0.001160951,
1,4,12.34728,-0.1831934,1.044581,-1.659413,-0.009376672,-0.3494926,-0.9368857,0.003494364,
1,4,12.35458,-0.1837704,1.046272,-1.688204,-0.007170815,-0.6972029,-0.7168041,0.006971226,
1,4,12.36292,-0.1844291,1.04756,-1.721034,-0.003202758,-0.9471533,-0.3206257,0.009470614,
1,4,12.37125,-0.1850877,1.048151,-1.753863,0.001465228,-0.9892897,0.1456225,0.009892059,
1,4,12.37951,-0.1857405,1.048055,-1.786333,0.005775426,-0.8171832,0.5762913,0.008171256,
1,4,12.38784,-0.1863991,1.047274,-1.819096,0.008861546,-0.4658213,0.8848222,0.004658038,
1,4,12.39618,-0.1870577,1.045804,-1.851817,0.01000989,-0.01289693,0.9998667,0.0001292443,
1,4,12.40162,-0.1874863,1.044469,-1.873173,0.009575858,0.2907779,0.9567382,-0.002907226,
1,4,12.40995,-0.1881365,1.041855,-1.905868,0.007207476,0.6934212,0.7204632,-0.006933318,
1,4,12.41581,-0.1885939,1.039611,-1.928821,0.004555541,0.8900717,0.455711,-0.008899691,
1,4,12.42415,-0.1892441,1.035831,-1.961449,1.731477E-05,0.999947,0.002475058,-0.009998445,
1,4,12.42929,-0.1896453,1.033159,-1.981581,-0.002848914,0.9588136,-0.2838599,-0.009587226,
1,4,12.43762,-0.1902955,1.028269,-2.014147,-0.006888128,0.7261101,-0.6875056,-0.007260531,
1,4,12.44479,-0.1908542,1.023514,-2.04213,-0.009188798,0.3974662,-0.9175622,-0.003974497,
1,4,12.45167,-0.1913912,1.018471,-2.069018,-0.0100086,0.0208605,-0.9997323,-0.0002088559,
1,4,12.46,-0.1920414,1.01174,-2.101545,-0.009016807,-0.4336993,-0.9010022,0.004336284,
1,4,12.46833,-0.1926915,1.00432,-2.13397,-0.006076145,-0.7942326,-0.6075316,0.007941304,
1,4,12.47667,-0.1933417,0.9962244,-2.166395,-0.001825021,-0.9830559,-0.1830329,0.009829449,
1,4,12.485,-0.1939919,0.9874454,-2.19882,0.002817228,-0.9597455,0.2806932,0.009596492,
1,4,12.49333,-0.1946421,0.9779813,-2.231245,0.006849934,-0.7297066,0.6836873,0.007296458,
1,4,12.49854,-0.1950484,0.9717196,-2.25145,0.00866402,-0.5015607,0.8650646,0.005015297,
1,4,12.50687,-0.1956986,0.9611507,-2.28374,0.009994472,-0.05754406,0.9982927,0.0005756567,
1,4,12.51261,-0.1961459,0.9534824,-2.305952,0.009661632,0.2610139,0.9652832,-0.002609567,
1,4,12.52094,-0.1967921,0.941764,-2.338242,0.007445014,0.6679135,0.7441718,-0.006678138,
1,4,12.52641,-0.1972134,0.9336996,-2.359443,0.005077112,0.8614234,0.5077891,-0.008613057,
1,4,12.53297,-0.1977184,0.9236493,-2.384819,0.001639409,0.9863273,0.1644949,-0.009862023,
1,4,12.5413,-0.1983601,0.91027,-2.416973,-0.002978813,0.9548761,-0.2968361,-0.009547655,
1,4,12.54964,-0.1990018,0.8962149,-2.449128,-0.006958022,0.7194337,-0.694489,-0.007193615,
1,4,12.55764,-0.1996183,0.882072,-2.480017,-0.009387954,0.3478713,-0.9374889,-0.003478514,
1,4,12.56597,-0.2002601,0.8666871,-2.512156,-0.009948815,-0.1102356,-0.9938551,0.001101961,
1,4,12.57431,-0.2009018,0.8506228,-2.544175,-0.008391594,-0.5446078,-0.8386312,0.005445149,
1,4,12.58036,-0.2013681,0.8385297,-2.56744,-0.006106575,-0.7918997,-0.6105694,0.007917795,
1,4,12.5887,-0.2020098,0.8213044,-2.599459,-0.001901239,-0.9816078,-0.1906468,0.009814717,
1,4,12.59703,-0.2026516,0.8034074,-2.631479,0.002704913,-0.9629573,0.2694685,0.009628334,
1,4,12.60226,-0.2030548,0.7918169,-2.651527,0.00536326,-0.8447325,0.5350952,0.008446302,
1,4,12.6106,-0.2036965,0.7728212,-2.683411,0.008580139,-0.5157673,0.8566703,0.005157181,
1,4,12.61605,-0.2041166,0.7600258,-2.704282,0.009729704,-0.235973,0.9717081,0.002359658,
1,4,12.62439,-0.2047549,0.7399197,-2.736167,0.00975558,0.2235663,0.9746373,-0.002235071,
1,4,12.62933,-0.2051307,0.7276729,-2.755081,0.008779187,0.4798402,0.877299,-0.004797454,
1,4,12.6339,-0.2054777,0.7161514,-2.77248,0.007289466,0.684817,0.7286465,-0.006846944,
1,4,12.64223,-0.206111,0.6946096,-2.804229,0.003456841,0.9381806,0.3460018,-0.009380279,
1,4,12.65056,-0.2067443,0.6723998,-2.835979,-0.001100995,0.9939661,-0.1092314,-0.009938149,
1,4,12.6589,-0.2073776,0.6495224,-2.867728,-0.005424671,0.8408141,-0.5412315,-0.008406962,
1,4,12.66723,-0.2080109,0.6259788,-2.899344,-0.008607044,0.5112712,-0.8593612,-0.005112125,
1,4,12.67449,-0.2085627,0.6049226,-2.926887,-0.009921546,0.1338675,-0.9909487,-0.001338737,
1,4,12.68282,-0.209196,0.5801297,-2.958501,-0.009476684,-0.3215064,-0.9468545,0.003214251,
1,4,12.68938,-0.2096943,0.560158,-2.983355,-0.007713682,-0.6367709,-0.7709882,0.006366402,
1,4,12.69771,-0.2103276,0.5341808,-3.014835,-0.004069412,-0.9132957,-0.4071744,0.009131263,
1,4,12.70605,-0.2109609,0.5075421,-3.046314,0.000421605,-0.9990942,0.04136265,0.009989217,
1,4,12.71152,-0.2113759,0.4897004,-3.066968,0.003378825,-0.9415237,0.3367984,0.009413693,
1,4,12.71985,-0.2120008,0.461964,-3.098385,0.007212784,-0.6939495,0.7199542,0.00693849,
1,4,12.72803,-0.2126142,0.4340926,-3.129157,0.009518987,-0.3102387,0.950606,0.003102123,
1,4,12.73633,-0.2132367,0.4051562,-3.160383,0.009908179,0.1419633,0.9898213,-0.001419073,
1,4,12.74467,-0.2138616,0.3754557,-3.191684,0.008247765,0.5660899,0.8242829,-0.005659594,
1,4,12.75287,-0.2144769,0.3455643,-3.22242,0.004941005,0.869289,0.4942032,-0.008691097,
1,4,12.76121,-0.2151018,0.3145607,-3.253629,0.0005751475,0.9982548,0.05820156,-0.009980629,
1,4,12.76954,-0.2157266,0.2828998,-3.284812,-0.003906809,0.9209499,-0.3895525,-0.009207853,
1,4,12.77599,-0.2162105,0.2579359,-3.308874,-0.006865008,0.7282982,-0.6851872,-0.007281789,
1,4,12.78433,-0.2168353,0.2251154,-3.339948,-0.009378457,0.3504287,-0.936536,-0.003503899,
1,4,12.79263,-0.2174572,0.1917713,-3.370894,-0.009962144,-0.0975869,-0.9951767,0.000975366,
1,4,12.80096,-0.2180735,0.1576556,-3.401829,-0.008504622,-0.5268335,-0.8499097,0.005267021,
1,4,12.80929,-0.2186899,0.1228832,-3.432767,-0.005302706,-0.8477405,-0.530317,0.008475542,
1,4,12.81664,-0.2192332,0.09169716,-3.460027,-0.001553448,-0.98772,-0.1559151,0.009875173,
1,4,12.82497,-0.2198497,0.05570655,-3.49083,0.002962977,-0.9553685,0.2952477,0.009551857,
1,4,12.8333,-0.2204749,0.0485113,-3.522123,0.006727321,-0.7414722,0.670909,0.007410979,CourtEnter
1,4,12.84079,-0.221044,0.07330208,-3.550655,0.008978979,-0.4447598,0.8955939,0.004443027,CourtExit
1,4,12.84913,-0.2216773,0.1002041,-3.582338,0.01001418,-0.04458492,0.9989554,0.000441117,
1,4,12.85493,-0.222118,0.1185008,-3.604339,0.009724203,0.2425105,0.970097,-0.002429457,
1,4,12.86326,-0.2227513,0.1441818,-3.635953,0.007912369,0.6137389,0.7894456,-0.006140559,
1,4,12.87065,-0.2233127,0.1663445,-3.663974,0.005165394,0.8568441,0.5154786,-0.008570087,
1,4,12.87898,-0.223946,0.1906751,-3.695588,0.001259788,0.9919919,0.1259057,-0.009919581,
1,4,12.88724,-0.2245736,0.214078,-3.726881,-0.002821401,0.9595904,-0.2812227,-0.009593655,
1,4,12.89557,-0.2252069,0.2369833,-3.75836,-0.006458662,0.7648714,-0.6441053,-0.007644915,
1,4,12.90226,-0.225715,0.2548476,-3.783619,-0.008607923,0.5126064,-0.8585653,-0.005121488,
1,4,12.91059,-0.2263483,0.2764704,-3.815099,-0.009947444,0.1235958,-0.992282,-0.001231133,
1,4,12.91892,-0.2269816,0.2973787,-3.846578,-0.009604367,-0.2860731,-0.9581554,0.002864962,
1,4,12.92726,-0.2276136,0.3175769,-3.878053,-0.007639811,-0.6471865,-0.7622659,0.00647478,
1,4,12.93271,-0.2280226,0.3304161,-3.898568,-0.005626349,-0.8274468,-0.561455,0.008276237,
1,4,12.94087,-0.2286342,0.3490465,-3.929246,-0.00190651,-0.9816524,-0.1904171,0.009816363,
1,4,12.94786,-0.2291584,0.3644708,-3.955542,0.001549668,-0.987965,0.154354,0.00987784,
1,4,12.95619,-0.2297833,0.3822092,-3.986886,0.005393153,-0.843015,0.5377972,0.008426671,
1,4,12.96453,-0.2304081,0.3992438,-4.01823,0.008328856,-0.556604,0.8307176,0.005561475,
1,4,12.97286,-0.231033,0.4155758,-4.049574,0.009866099,-0.1770231,0.9841557,0.001765361,
1,4,12.97835,-0.2314448,0.4259536,-4.070231,0.009979866,0.09350134,0.9955687,-0.0009396306,
1,4,12.98332,-0.2318175,0.4350828,-4.088926,0.00945151,0.3328721,0.9429188,-0.00333281,
1,4,12.99165,-0.2324423,0.449827,-4.12027,0.007325048,0.682438,0.7308749,-0.006827058,
1,4,12.99999,-0.2330672,0.4638686,-4.151355,0.00397641,0.9178137,0.3968856,-0.009178955,
1,4,13.00738,-0.2336213,0.4757292,-4.17891,0.0004330606,0.9990062,0.04343645,-0.009989103,
1,4,13.01571,-0.2342461,0.4884423,-4.209984,-0.003604466,0.9331515,-0.3593444,-0.009328714,
1,4,13.02404,-0.234871,0.5004529,-4.241057,-0.007039694,0.7120281,-0.7020797,-0.007116115,
1,4,13.03066,-0.2353674,0.5094972,-4.265744,-0.008955036,0.449533,-0.8932076,-0.004490576,
1,4,13.039,-0.2359923,0.5202531,-4.296818,-0.01000846,0.05590979,-0.9983855,-0.0005543283,
1,4,13.04591,-0.2365108,0.5286573,-4.322607,-0.00962066,-0.2805741,-0.9597801,0.002809905,
1,4,13.05425,-0.2371357,0.5381411,-4.353681,-0.007702129,-0.639794,-0.7684813,0.006400728,
1,4,13.06258,-0.2377605,0.5469258,-4.384755,-0.00450992,-0.8929214,-0.4501013,0.008930155,
1,4,13.07091,-0.2383784,0.5550202,-4.415829,-0.0005740353,-0.9982954,-0.05750026,0.009981885,
1,4,13.0781,-0.2389102,0.5614383,-4.442636,0.002920705,-0.9566318,0.2911283,0.009563649,
1,4,13.08644,-0.2395266,0.5682379,-4.473566,0.006492596,-0.7620088,0.6474894,0.007615989,
1,4,13.09477,-0.240143,0.574339,-4.504369,0.008992845,-0.4419608,0.8969784,0.00441476,
1,4,13.1031,-0.2407594,0.5797487,-4.535173,0.01001191,-0.0493795,0.9987298,0.0004889912,
1,4,13.11144,-0.2413758,0.5844623,-4.565977,0.009384987,0.3510957,0.936286,-0.003514922,
1,4,13.11977,-0.2419922,0.5884846,-4.59678,0.007217845,0.6937105,0.7201843,-0.006939578,
1,4,13.12496,-0.2423763,0.5906433,-4.615972,0.005238307,0.8524255,0.5227531,-0.008525571,
1,4,13.12934,-0.2427005,0.5922524,-4.632174,0.003300354,0.9441188,0.3294538,-0.009441455,
1,4,13.13768,-0.2433169,0.5947888,-4.662977,-0.0007199737,0.9973845,-0.07158284,-0.009972118,
1,4,13.14415,-0.2437955,0.5962805,-4.686893,-0.003792554,0.9257081,-0.3781066,-0.009253983,
1,4,13.15236,-0.2444028,0.5975747,-4.717244,-0.007113497,0.7046934,-0.7094414,-0.007042566,
1,4,13.16069,-0.2450192,0.5982063,-4.748048,-0.009327108,0.3665567,-0.9303418,-0.003660634,
1,4,13.16903,-0.2456356,0.5981473,-4.778852,-0.01001908,-0.03113523,-0.9994649,0.0003160291,
1,4,13.17736,-0.2462521,0.5973995,-4.809514,-0.009079452,-0.4235332,-0.9058251,0.004238977,
1,4,13.18569,-0.2468685,0.5959641,-4.840048,-0.006663835,-0.7468371,-0.6649317,0.007470377,
1,4,13.19403,-0.2474849,0.5938407,-4.870582,-0.003167235,-0.9486481,-0.3161753,0.009486514,
1,4,13.20203,-0.2480769,0.591158,-4.899908,0.0006810585,-0.9976556,0.06770054,0.009974685,
1,4,13.21036,-0.2486889,0.5876876,-4.930441,0.004568793,-0.890155,0.4555481,0.008897996,
1,4,13.21862,-0.2492914,0.5835752,-4.9607,0.007691501,-0.6414321,0.7671145,0.006409674,
1,4,13.2255,-0.2497936,0.5796357,-4.985919,0.009374974,-0.3541935,0.9351185,0.003536951,
1,4,13.23383,-0.2504009,0.5742437,-5.016418,0.01001506,0.04203749,0.9990658,-0.0004250206,
1,4,13.24216,-0.2510088,0.5681605,-5.046951,0.009040802,0.4316804,0.901971,-0.004320347,
1,4,13.25049,-0.2516168,0.5613956,-5.077485,0.006610375,0.7515507,0.6595994,-0.007517364,
1,4,13.25879,-0.2522217,0.5539873,-5.107863,0.00313702,0.9496475,0.3131607,-0.009496339,
1,4,13.26712,-0.2528296,0.5458636,-5.138198,-0.0008540008,0.9963347,-0.08495434,-0.009961222,
1,4,13.27345,-0.2532913,0.5392373,-5.161179,-0.003825937,0.9243404,-0.3814379,-0.009239981,
1,4,13.27963,-0.2537426,0.53238,-5.183642,-0.006387603,0.7707871,-0.6370142,-0.007703496,
1,4,13.28797,-0.2543505,0.5225511,-5.213905,-0.008905529,0.4592223,-0.8882649,-0.004587209,
1,4,13.2963,-0.2549585,0.5120431,-5.244169,-0.009996465,0.07432865,-0.9971834,-0.0007384588,
1,4,13.30319,-0.2554612,0.5028399,-5.269189,-0.00969065,-0.2555075,-0.9667551,0.002559145,
1,4,13.31152,-0.2560691,0.4910867,-5.299452,-0.00791321,-0.6136286,-0.7895313,0.006138841,
1,4,13.31986,-0.2566771,0.4786574,-5.329716,-0.004874384,-0.8736488,-0.4864543,0.008737113,
1,4,13.32665,-0.2571725,0.4680278,-5.354377,-0.001798265,-0.983685,-0.1796215,0.00983581,
1,4,13.33498,-0.2577805,0.4543671,-5.38464,0.002199599,-0.9756314,0.2191884,0.0097534,
1,4,13.34331,-0.2583885,0.440031,-5.414893,0.005845409,-0.8124705,0.5829165,0.008120382,
1,4,13.35165,-0.2589964,0.4250191,-5.444886,0.00856091,-0.5203858,0.8538726,0.005198835,
1,4,13.35996,-0.2596027,0.4093757,-5.474797,0.009915415,-0.1470263,0.9890818,0.001465348,
1,4,13.36829,-0.2602107,0.393015,-5.50479,0.00970419,0.2503388,0.9681064,-0.002507405,
1,4,13.37374,-0.2606081,0.3819554,-5.524395,0.00872375,0.4923139,0.8703601,-0.004926205,
1,4,13.38207,-0.261216,0.3644824,-5.554389,0.006110843,0.7925074,0.6097803,-0.007926286,
1,4,13.38913,-0.2617314,0.3491406,-5.579813,0.003120095,0.950202,0.3114742,-0.009501496,
1,4,13.39747,-0.2623344,0.330421,-5.609807,-0.0008332299,0.9965094,-0.08288062,-0.009962612,
1,4,13.4058,-0.2629255,0.3110324,-5.6398,-0.004652954,0.8858074,-0.4639453,-0.008854026,
1,4,13.41393,-0.2635017,0.2914838,-5.66904,-0.007674129,0.6434987,-0.7653817,-0.006430033,
1,4,13.41947,-0.2638947,0.2777897,-5.688867,-0.009096374,0.4203387,-0.907312,-0.004198244,
1,4,13.4278,-0.2644857,0.2566337,-5.71859,-0.01001795,0.03500846,-0.9993368,-0.0003453462,
1,4,13.43587,-0.2650579,0.2355163,-5.747361,-0.009412698,-0.343634,-0.9390502,0.00343996,
1,4,13.4442,-0.265649,0.213044,-5.777084,-0.00733883,-0.6809611,-0.7322512,0.006811508,
1,4,13.45092,-0.2661254,0.1944432,-5.801043,-0.004810488,-0.8771667,-0.4800817,0.008771929,
1,4,13.45925,-0.2667165,0.1707654,-5.830766,-0.001027454,-0.994659,-0.1027305,0.009944794,
1,4,13.46745,-0.2672983,0.1468081,-5.860023,0.002853937,-0.9586333,0.2844684,0.009582783,
1,4,13.47532,-0.2678566,0.1232183,-5.888094,0.006177262,-0.7876596,0.6160294,0.007871874,
1,4,13.48366,-0.2684476,0.09759404,-5.917763,0.008749768,-0.488114,0.8727224,0.004875899,
1,4,13.4909,-0.2689612,0.07479247,-5.943353,0.009888018,-0.1643827,0.9863457,0.001638808,
1,4,13.49923,-0.2695523,0.04793014,-5.972806,0.0097561,0.2294049,0.9732795,-0.002298063,CourtEnter
1,4,13.50756,-0.270143,0.04552525,-6.002109,0.008065969,0.5932857,0.8049297,-0.005940262,
1,4,13.5159,-0.2707341,0.06603102,-6.031291,0.005028841,0.8647547,0.5020947,-0.008656943,CourtExit
1,4,13.52423,-0.2713252,0.08582753,-6.060473,0.001162446,0.9931446,0.1164629,-0.009941273,
1,4,13.52903,-0.2716572,0.096901,-6.077267,-0.001192157,0.9929128,-0.118423,-0.009938457,
1,4,13.53736,-0.2722314,0.115583,-6.106438,-0.005051224,0.8639643,-0.5034537,-0.008646923,
1,4,13.54569,-0.2728056,0.1335604,-6.13535,-0.008075897,0.5927556,-0.8053201,-0.005931595,
1,4,13.55402,-0.2733798,0.1508329,-6.164263,-0.009769935,0.2241744,-0.9744975,-0.002241899,
1,4,13.56044,-0.2738217,0.163647,-6.186518,-0.009984631,-0.08796882,-0.9960728,0.000882565,
1,4,13.56722,-0.2742889,0.1767393,-6.21004,-0.009150631,-0.4077519,-0.9130378,0.004083272,
1,4,13.57555,-0.2748631,0.1921926,-6.238952,-0.006777636,-0.7363899,-0.6764833,0.007372282,
1,4,13.58389,-0.2754373,0.2069493,-6.267864,-0.003295636,-0.9441941,-0.3292375,0.009451566,
1,4,13.59222,-0.2760115,0.2210038,-6.296777,0.0007235848,-0.9973776,0.0716778,0.009983061,
1,4,13.60055,-0.2765856,0.2343551,-6.325689,0.004622295,-0.8875232,0.4606543,0.008882662,
1,4,13.60889,-0.2771598,0.2470117,-6.354601,0.00776421,-0.6328504,0.7742093,0.006332878,
1,4,13.61386,-0.2775024,0.2542287,-6.371847,0.009059543,-0.4284065,0.9035305,0.004286245,
1,4,13.62092,-0.2779893,0.2640615,-6.396366,0.009976204,-0.0979524,0.9951406,0.0009784102,
1,4,13.62926,-0.2785635,0.2750052,-6.425278,0.009550516,0.3031862,0.9528787,-0.003036647,
1,4,13.63759,-0.2791377,0.2852568,-6.45419,0.007572384,0.6548123,0.7557251,-0.006555785,
1,4,13.64583,-0.2797057,0.2947119,-6.482569,0.004405147,0.8979927,0.4398965,-0.008989198,
1,4,13.65417,-0.2802799,0.303578,-6.511211,0.0004966092,0.9986967,0.05004661,-0.009996365,
1,4,13.6625,-0.280854,0.3117483,-6.539853,-0.003490224,0.9375538,-0.3476962,-0.009383538,
1,4,13.66957,-0.2813414,0.3181387,-6.564163,-0.006452745,0.7655376,-0.6433133,-0.007661159,
1,4,13.67791,-0.2819156,0.3250264,-6.592805,-0.008952076,0.4503482,-0.8927968,-0.004505817,
1,4,13.68624,-0.2824898,0.3312218,-6.621447,-0.01000458,0.06262447,-0.9979868,-0.0006247759,
1,4,13.69457,-0.283064,0.3367211,-6.650089,-0.009443022,-0.3349879,-0.9421691,0.003354892,
1,4,13.69932,-0.2833912,0.3395482,-6.66641,-0.008426283,-0.5411795,-0.8408474,0.005418485,
1,4,13.70766,-0.2839653,0.3439643,-6.695053,-0.00561447,-0.8280959,-0.5604971,0.008289683,
1,4,13.71599,-0.2845396,0.3476873,-6.723695,-0.001901479,-0.9816979,-0.1901816,0.009826329,
1,4,13.72432,-0.2851138,0.3507214,-6.752337,0.002114826,-0.9775488,0.2104711,0.009783963,
1,4,13.7316,-0.285615,0.3528069,-6.77734,0.0053633,-0.8450503,0.534593,0.008457096,
1,4,13.73993,-0.2861892,0.3545499,-6.805983,0.008254702,-0.5677091,0.8231682,0.005680561,
1,4,13.74826,-0.2867634,0.3556011,-6.834518,0.009823149,-0.1996506,0.9798159,0.001996304,
1,4,13.7566,-0.2873376,0.3559647,-6.86289,0.009820146,0.2001298,0.9797181,-0.002005124,
1,4,13.76364,-0.2878229,0.3557349,-6.886873,0.008587009,0.5154435,0.856865,-0.005160852,
1,4,13.77197,-0.2883971,0.3548311,-6.915245,0.005878499,0.8096523,0.5868245,-0.008105035,
1,4,13.78031,-0.2889713,0.3532391,-6.943616,0.002234714,0.9746711,0.2234193,-0.009755949,
1,4,13.78864,-0.2895455,0.35096,-6.971988,-0.001762812,0.9844548,-0.1753526,-0.009853042,
1,4,13.79697,-0.2901197,0.3479958,-7.00036,-0.00547781,0.8377118,-0.5460207,-0.008383517,
1,4,13.80446,-0.2906358,0.3447459,-7.025859,-0.008087097,0.5912337,-0.8064381,-0.005915985,
1,4,13.8128,-0.29121,0.3404812,-7.054232,-0.009757241,0.2296242,-0.9732278,-0.002296295,
1,4,13.82113,-0.2917842,0.3355321,-7.082603,-0.009880332,-0.1681652,-0.9857079,0.001685178,
1,5,13.82643,-0.2921489,0.3320302,-7.10063,-0.009136582,-0.4108737,-0.9116372,0.004114266,TrialStart
1,5,13.83476,-0.2927231,0.3259635,-7.129002,-0.006807407,-0.7336526,-0.679451,0.007344426,
1,5,13.83953,-0.293052,0.3221795,-7.145249,-0.004958258,-0.8688037,-0.4950555,0.008696745,
1,5,13.84398,-0.2933582,0.3184572,-7.160382,-0.003001377,-0.953922,-0.2998877,0.009548267,
1,5,13.85231,-0.2939237,0.3109483,-7.188614,0.0009579585,-0.9954214,0.09505926,0.00996279,
1,5,13.86023,-0.2944535,0.3031793,-7.21533,0.004589469,-0.8892159,0.4573782,0.008899036,
1,5,13.86856,-0.2950108,0.2943434,-7.243431,0.007693291,-0.6414148,0.7671289,0.006418195,
1,5,13.8769,-0.2955681,0.2848266,-7.271533,0.009585754,-0.2929036,0.9560894,0.002929636,
1,5,13.88419,-0.2960559,0.2759364,-7.296132,0.0100102,0.05186029,0.9986041,-0.0005211007,
1,5,13.89253,-0.2966133,0.2651446,-7.324233,0.009021454,0.4354357,0.9001641,-0.004359997,
1,5,13.89716,-0.2969231,0.2588504,-7.339856,0.00784091,0.62258,0.7824921,-0.006232822,
1,5,13.90549,-0.2974804,0.2470013,-7.367958,0.004805103,0.8773316,0.4797804,-0.008781917,
1,5,13.91383,-0.2980377,0.2344743,-7.39606,0.001019444,0.994714,0.1021962,-0.009955959,
1,5,13.92216,-0.298595,0.2212685,-7.424161,-0.002923274,0.95663,-0.2911338,-0.009573955,
1,5,13.92802,-0.2989872,0.2115703,-7.443936,-0.005457493,0.8390273,-0.543997,-0.008396377,
1,5,13.93636,-0.2995445,0.1972107,-7.472038,-0.008286295,0.5631018,-0.8263268,-0.005634154,
1,5,13.94469,-0.3001018,0.1821749,-7.50002,-0.009823117,0.1996422,-0.9798176,-0.001996119,
1,5,13.9517,-0.3005707,0.1690026,-7.523435,-0.009934802,-0.1325441,-0.9911264,0.001328611,
1,5,13.96003,-0.3011279,0.1527258,-7.551266,-0.008647884,-0.5052139,-0.8629361,0.005058222,
1,5,13.96767,-0.3016388,0.1372135,-7.576775,-0.006281381,-0.7789547,-0.6270002,0.007797472,
1,5,13.97601,-0.3021961,0.1196444,-7.604606,-0.002779624,-0.9605958,-0.2777686,0.009614703,
1,5,13.9816,-0.30257,0.1074751,-7.623283,-0.0001523894,-0.9998266,-0.01570435,0.0100068,
1,5,13.98993,-0.3031273,0.08878207,-7.651114,0.003724049,-0.9285662,0.3710318,0.009292787,
1,5,13.99826,-0.3036847,0.06941572,-7.678946,0.007022757,-0.713869,0.7002077,0.007143311,
1,5,14.00358,-0.30404,0.05671623,-7.696693,0.008585082,-0.5166153,0.856159,0.005168778,
1,5,14.01191,-0.3045973,0.03625298,-7.724524,0.009915459,-0.1471818,0.9890587,0.001471031,CourtEnter
1,5,14.02024,-0.3051549,0.04958192,-7.752369,0.009737278,0.2374469,0.9713488,-0.002383098,
1,5,14.02858,-0.3057122,0.06463483,-7.7802,0.008116804,0.5866496,0.8097789,-0.005879856,CourtExit
1,5,14.03445,-0.3061047,0.07481714,-7.799803,0.006233291,0.7830018,0.6219388,-0.007845544,
1,5,14.03964,-0.3064517,0.08353097,-7.817136,0.004180157,0.908776,0.4171639,-0.009104249,
1,5,14.04797,-0.3070091,0.0969564,-7.844967,0.0004357272,0.9989957,0.04367375,-0.01000599,
1,5,14.0563,-0.3075663,0.1096813,-7.872799,-0.003370833,0.941793,-0.3360443,-0.009431145,
1,5,14.06464,-0.3081236,0.1217097,-7.90063,-0.006678598,0.7458525,-0.6660358,-0.007466986,
1,5,14.07297,-0.308681,0.133041,-7.928461,-0.009001559,0.4402563,-0.8978162,-0.004405037,
1,5,14.0777,-0.3089971,0.1391577,-7.944248,-0.009744614,0.2348513,-0.9719797,-0.002347376,
1,5,14.08603,-0.3095544,0.1493978,-7.97208,-0.009913841,-0.1479697,-0.9889411,0.001486946,
1,5,14.09436,-0.3101117,0.1589411,-7.999904,-0.00862834,-0.5088654,-0.8607877,0.005100918,
1,5,14.10262,-0.3106636,0.1677076,-8.027205,-0.006108862,-0.792701,-0.6095283,0.007942446,
1,5,14.10947,-0.3111216,0.1744663,-8.049855,-0.003332996,-0.9429916,-0.3326659,0.009446299,
1,5,14.1178,-0.3116789,0.182059,-8.077416,0.0004589792,-0.9989108,0.04557414,0.01000445,
1,5,14.12613,-0.3122362,0.1889577,-8.104978,0.004181745,-0.9088783,0.4169413,0.009100853,
1,5,14.13447,-0.3127935,0.1951621,-8.132539,0.007292316,-0.6862793,0.7272691,0.00686984,
1,5,14.14244,-0.3133271,0.2004563,-8.158931,0.009277732,-0.3789078,0.9253802,0.003790351,
1,5,14.15078,-0.3138844,0.2053084,-8.186492,0.01002439,-0.004788761,0.9999383,4.296817E-05,
1,5,14.15911,-0.3144417,0.2094708,-8.214053,0.009312968,0.3698145,0.9290516,-0.003708525,
1,5,14.16611,-0.31491,0.2124327,-8.237211,0.007659381,0.6449457,0.7641627,-0.006463276,
1,5,14.17423,-0.3154526,0.215256,-8.264046,0.004775041,0.8791192,0.4764968,-0.008807185,
1,5,14.18256,-0.3160099,0.2174747,-8.291607,0.001135224,0.9934937,0.1134463,-0.009950868,
1,5,14.19089,-0.3165672,0.2190065,-8.319168,-0.002666935,0.9639685,-0.2658283,-0.009653243,
1,5,14.19923,-0.3171245,0.2198485,-8.346729,-0.006081292,0.79506,-0.6064481,-0.007959829,
1,5,14.20438,-0.3174691,0.2200248,-8.36377,-0.007778669,0.6309031,-0.775797,-0.006314866,
1,5,14.21271,-0.3180264,0.2197539,-8.391332,-0.009575689,0.2960448,-0.9551215,-0.002960221,
1,5,14.22105,-0.3185837,0.2187977,-8.418893,-0.009991104,-0.08130881,-0.9966385,0.0008193171,
1,5,14.22938,-0.319141,0.2171525,-8.446454,-0.008967454,-0.4467456,-0.8946049,0.004478776,
1,5,14.23771,-0.3196969,0.2148231,-8.474015,-0.006654403,-0.7477196,-0.6639391,0.007491963,
1,5,14.24327,-0.320057,0.2128902,-8.492382,-0.004555875,-0.8906195,-0.454639,0.008922094,
1,5,14.2516,-0.3205975,0.2094176,-8.519943,-0.0009072126,-0.9958276,-0.09070408,0.009973945,
1,5,14.25993,-0.3211378,0.205261,-8.547504,0.002869521,-0.9581664,0.2860365,0.009594855,
1,5,14.26547,-0.3214972,0.2021177,-8.565832,0.005184109,-0.8559629,0.5169404,0.008570096,
1,5,14.26999,-0.3217902,0.1993324,-8.580775,0.006832135,-0.7318812,0.6813586,0.007326556,
1,5,14.27833,-0.3223307,0.193664,-8.608122,0.009067606,-0.4265404,0.904413,0.00426737,
1,5,14.28567,-0.3228068,0.1881059,-8.631927,0.009968761,-0.1054748,0.9943714,0.001051376,
1,5,14.294,-0.3233472,0.1811553,-8.658949,0.009648995,0.2709089,0.9625528,-0.002718015,
1,5,14.30233,-0.3238876,0.1735218,-8.685969,0.00795376,0.6084591,0.793522,-0.006097785,
1,5,14.3106,-0.3244238,0.1652754,-8.712776,0.005152632,0.8576364,0.514159,-0.008591917,
1,5,14.31783,-0.3248923,0.1575209,-8.736205,0.002098608,0.9777483,0.2095421,-0.009793315,
1,5,14.32616,-0.3254327,0.1479416,-8.763225,-0.001678736,0.9858637,-0.1672499,-0.009872693,
1,5,14.33449,-0.3259732,0.1376815,-8.790247,-0.005215732,0.8540488,-0.5200964,-0.008550777,
1,5,14.34283,-0.3265136,0.1267422,-8.817266,-0.008011322,0.6012314,-0.7990122,-0.006017379,
1,5,14.35116,-0.327054,0.1151232,-8.844288,-0.009670902,0.2634256,-0.9646277,-0.002633393,
1,5,14.35636,-0.327391,0.1075343,-8.861137,-0.0100198,0.03067384,-0.9994792,-0.0003021939,
1,5,14.36139,-0.3277171,0.09993953,-8.877442,-0.009829122,-0.1962318,-0.9805064,0.001970184,
1,5,14.36972,-0.3282575,0.08681074,-8.904463,-0.008408456,-0.544245,-0.8388665,0.005454833,
1,5,14.37671,-0.3287109,0.07527362,-8.927133,-0.006288584,-0.7785876,-0.627456,0.0078007,
1,5,14.38504,-0.3292513,0.06090059,-8.954154,-0.002967543,-0.9550687,-0.2962152,0.009566469,
1,5,14.39236,-0.3297257,0.04772447,-8.977874,0.0003081142,-0.9994838,0.03052551,0.01000962,CourtEnter
1,5,14.40069,-0.330266,0.03647891,-9.004891,0.00398563,-0.9177561,0.3970182,0.009188168,
1,5,14.40899,-0.3308042,0.04822345,-9.031804,0.007106929,-0.7059308,0.7082099,0.007065764,
1,5,14.41728,-0.3313419,0.05926422,-9.058688,0.009218574,-0.3946232,0.9187883,0.003947642,CourtExit
1,5,14.42441,-0.3318039,0.06820218,-9.081789,0.009999039,-0.08084602,0.9966761,0.0008053671,
1,5,14.43274,-0.3323444,0.07801177,-9.10881,0.009586637,0.2942454,0.9556773,-0.00295035,
1,5,14.44108,-0.3328848,0.08712734,-9.135832,0.007810629,0.6272631,0.778743,-0.006284185,
1,5,14.44941,-0.3334252,0.09554726,-9.162826,0.004925707,0.870963,0.4912466,-0.008723184,
1,5,14.45774,-0.3339656,0.1032754,-9.189306,0.001343223,0.9909062,0.1341813,-0.009922689,
1,5,14.46608,-0.334506,0.1103111,-9.215786,-0.002427669,0.970298,-0.2417056,-0.009714749,
1,5,14.47295,-0.3349521,0.1155967,-9.237643,-0.005302022,0.8490267,-0.528255,-0.008499227,
1,5,14.48129,-0.3354925,0.1213679,-9.264124,-0.008072617,0.5938664,-0.8045012,-0.0059431,
1,5,14.48956,-0.3360292,0.1264165,-9.290424,-0.009694345,0.2574005,-0.9662528,-0.002573337,
1,5,14.4979,-0.3365697,0.1308116,-9.316905,-0.009962065,-0.1172744,-0.9930489,0.001178438,
1,5,14.50623,-0.3371101,0.1345158,-9.343386,-0.008825066,-0.4752059,-0.8798175,0.004761954,
1,5,14.51146,-0.3374489,0.1364861,-9.359987,-0.007460583,-0.6682574,-0.7438626,0.006694416,
1,5,14.51979,-0.3379893,0.1390688,-9.386468,-0.004464951,-0.8953128,-0.4453253,0.008966664,
1,5,14.52812,-0.3385297,0.1409632,-9.412949,-0.0008433484,-0.9963855,-0.08435502,0.00997717,
1,5,14.53518,-0.3389875,0.1420283,-9.43538,0.002336825,-0.972509,0.2326498,0.009736749,
1,5,14.54351,-0.3395279,0.1426513,-9.46186,0.005761697,-0.8187349,0.5740844,0.008195566,
1,5,14.55185,-0.3400585,0.1425874,-9.48834,0.008377367,-0.5503231,0.8348917,0.005506874,
1,5,14.55671,-0.3403639,0.1422321,-9.50379,0.009378173,-0.3552728,0.9347089,0.003553427,
1,5,14.56143,-0.3406608,0.1416637,-9.518805,0.00991955,-0.1493516,0.9887333,0.001491327,
1,5,14.56977,-0.3411843,0.1401224,-9.545285,0.009775636,0.224175,0.9744973,-0.002248689,
1,5,14.57738,-0.3416623,0.1381164,-9.569465,0.008448,0.5389922,0.8422511,-0.005400344,
1,5,14.58571,-0.3421859,0.1352643,-9.595945,0.005874495,0.8103903,0.5858048,-0.008116718,
1,5,14.59404,-0.3427094,0.1317277,-9.622425,0.002484019,0.9687366,0.2478896,-0.009700776,
1,5,14.60238,-0.3432329,0.1275042,-9.648906,-0.00125028,0.9921895,-0.1243376,-0.00993403,
1,5,14.607,-0.3435231,0.1248704,-9.663584,-0.003277495,0.9451705,-0.3264237,-0.009462385,
1,5,14.61533,-0.3440467,0.1195842,-9.690063,-0.006521209,0.7600298,-0.649811,-0.007607252,
1,5,14.62366,-0.3445702,0.1136165,-9.716544,-0.008858322,0.469531,-0.8828591,-0.00469759,
1,5,14.62846,-0.3448715,0.1098717,-9.731785,-0.009660142,0.2698765,-0.9628427,-0.002698175,
1,5,14.63679,-0.345395,0.1028288,-9.758265,-0.00998019,-0.1008346,-0.9948527,0.001013761,
1,5,14.64513,-0.3459186,0.09510353,-9.784744,-0.008919342,-0.4573868,-0.8892114,0.004583341,
1,5,14.65103,-0.3462892,0.08922205,-9.803493,-0.00740753,-0.6740946,-0.738577,0.006752509,
1,5,14.65936,-0.3468127,0.08033222,-9.829972,-0.004426728,-0.8971975,-0.441516,0.008985084,
1,5,14.66769,-0.3473363,0.07076316,-9.856453,-0.000837038,-0.9964386,-0.08372564,0.009977232,
1,5,14.67603,-0.3478598,0.06051475,-9.882934,0.00286592,-0.9583575,0.2853959,0.009594388,
1,5,14.68436,-0.3483833,0.04958443,-9.909414,0.006172467,-0.7884308,0.6150419,0.007891602,CourtEnter
1,5,14.69149,-0.3488314,0.03969211,-9.931655,0.008341513,-0.5557032,0.8313203,0.005560505,
1,5,14.69938,-0.3493271,0.03886087,-9.956223,0.009759907,-0.2321902,0.9726187,0.00231779,
1,5,14.70772,-0.3498506,0.047575,-9.982162,0.009933596,0.1414245,0.9898982,-0.001424202,
1,5,14.71605,-0.3503742,0.05559642,-10.0081,0.008718678,0.4950603,0.8688007,-0.004965005,CourtExit
1,5,14.72422,-0.3508875,0.06278784,-10.03354,0.006344212,0.774776,0.6321563,-0.007764553,
1,5,14.73243,-0.3514033,0.06934361,-10.0591,0.003102995,0.9509618,0.3091461,-0.009526532,
1,5,14.74019,-0.3518907,0.07492295,-10.08325,-0.000352224,0.9993308,-0.03517986,-0.01000822,
1,5,14.74852,-0.3524143,0.08024693,-10.10919,-0.00400248,0.9169259,-0.3989318,-0.009180028,
1,5,14.75686,-0.3529378,0.08488205,-10.13513,-0.007094367,0.7071112,-0.7070314,-0.007076243,
1,5,14.76519,-0.3534613,0.08882588,-10.16107,-0.009199534,0.3992364,-0.9167932,-0.003991154,
1,5,14.77352,-0.3539848,0.09207966,-10.18701,-0.01002772,0.03615696,-0.9992958,-0.0003542044,
1,5,14.7804,-0.3544168,0.09424647,-10.20841,-0.009663668,-0.2693412,-0.9629925,0.002705106,
1,5,14.78873,-0.3549404,0.09624425,-10.23435,-0.008007591,-0.6026624,-0.7979332,0.006042041,
1,5,14.79429,0,0.5,7.5,0,0,0,1,BallLaunch
1,5,14.80262,-0.001070227,0.5424846,7.446483,-0.00330913,-0.9435973,-0.3309444,0.009434998,
1,5,14.81077,-0.002211364,0.5871556,7.389456,-0.00330913,-0.9435973,-0.3309444,0.009434998,
1,5,14.8191,-0.003377178,0.6321141,7.331094,-0.00330913,-0.9435973,-0.3309444,0.009434998,
1,5,14.82597,-0.004336827,0.66861,7.283188,-0.00330913,-0.9435973,-0.3309444,0.009434998,
1,5,14.8343,-0.005498727,0.7121717,7.225094,-0.00330913,-0.9435973,-0.3309444,0.009434998,
1,5,14.84222,-0.00660073,0.7528547,7.169966,-0.00330913,-0.9435973,-0.3309444,0.009434998,
1,5,14.85041,-0.007738693,0.7942201,7.113125,-0.00330913,-0.9435973,-0.3309444,0.009434998,
1,5,14.85875,-0.0088943,0.8355508,7.055301,-0.00330913,-0.9435973,-0.3309444,0.009434998,
1,5,14.86708,-0.01004786,0.8761242,6.997642,-0.00330913,-0.9435973,-0.3309444,0.009434998,
1,5,14.875,-0.01114179,0.9139673,6.942966,-0.00330913,-0.9435973,-0.3309444,0.009434998,
1,5,14.88333,-0.01229138,0.953064,6.885411,-0.00330913,-0.9435973,-0.3309444,0.009434998,
1,5,14.89135,-0.01339597,0.9899871,6.830252,-0.00330913,-0.9435973,-0.3309444,0.009434998,
1,5,14.89968,-0.01454138,1.027606,6.772979,-0.00330913,-0.9435973,-0.3309444,0.009434998,
1,5,14.90791,-0.01567063,1.064018,6.716448,-0.00330913,-0.9435973,-0.3309444,0.009434998,
1,5,14.91624,-0.01681228,1.10015,6.659434,-0.00330913,-0.9435973,-0.3309444,0.009434998,
1,5,14.92353,-0.01780831,1.131128,6.609612,-0.00330913,-0.9435973,-0.3309444,0.009434998,
1,5,14.93186,-0.01894635,1.165879,6.552659,-0.00330913,-0.9435973,-0.3309444,0.009434998,
1,5,14.94019,-0.02008257,1.199881,6.495915,-0.00330913,-0.9435973,-0.3309444,0.009434998,
1,5,14.94626,-0.02090805,1.224165,6.454626,-0.00330913,-0.9435973,-0.3309444,0.009434998,
1,5,14.95459,-0.022041,1.256888,6.397902,-0.00330913,-0.9435973,-0.3309444,0.009434998,
1,5,14.96292,-0.02317199,1.288887,6.341428,-0.00330913,-0.9435973,-0.3309444,0.009434998,
1,5,14.97126,-0.0243011,1.320139,6.284955,-0.00330913,-0.9435973,-0.3309444,0.009434998,
1,5,14.97947,-0.0254122,1.350228,6.229341,-0.00330913,-0.9435973,-0.3309444,0.009434998,
1,5,14.98742,-0.02648584,1.378667,6.175734,-0.00330913,-0.9435973,-0.3309444,0.009434998,
1,5,14.99575,-0.02760954,1.407775,6.119531,-0.00330913,-0.9435973,-0.3309444,0.009434998,
1,5,15.00236,-0.02849958,1.430339,6.074952,-0.00330913,-0.9435973,-0.3309444,0.009434998,
1,5,15.01056,-0.0296022,1.457693,6.01989,-0.00330913,-0.9435973,-0.3309444,0.009434998,
1,5,15.01872,-0.03069772,1.484214,5.96512,-0.00330913,-0.9435973,-0.3309444,0.009434998,
1,5,15.02705,-0.03181485,1.510587,5.909187,-0.00330913,-0.9435973,-0.3309444,0.009434998,
1,5,15.03539,-0.03293021,1.536228,5.853494,-0.00330913,-0.9435973,-0.3309444,0.009434998,
1,5,15.0406,-0.03362735,1.551906,5.818672,-0.00330913,-0.9435973,-0.3309444,0.009434998,
1,5,15.0462,-0.03437523,1.568435,5.781252,-0.00330913,-0.9435973,-0.3309444,0.009434998,
1,5,15.05299,-0.03527996,1.58801,5.735947,-0.00330913,-0.9435973,-0.3309444,0.009434998,
1,5,15.06132,-0.03639001,1.611403,5.680521,-0.00330913,-0.9435973,-0.3309444,0.009434998,
1,5,15.06965,-0.03749828,1.634086,5.625129,-0.00330913,-0.9435973,-0.3309444,0.009434998,
1,5,15.07625,-0.03837366,1.65152,5.58131,-0.00330913,-0.9435973,-0.3309444,0.009434998,
1,5,15.08458,-0.03947891,1.672917,5.526034,-0.00330913,-0.9435973,-0.3309444,0.009434998,
1,5,15.09291,-0.04058273,1.693596,5.470912,-0.00330913,-0.9435973,-0.3309444,0.009434998,
1,5,15.098,-0.04125512,1.705865,5.437276,-0.00330913,-0.9435973,-0.3309444,0.009434998,
1,5,15.10633,-0.04235622,1.725391,5.382154,-0.00330913,-0.9435973,-0.3309444,0.009434998,
1,5,15.11466,-0.04345588,1.744214,5.327215,-0.00330913,-0.9435973,-0.3309444,0.009434998,
1,5,15.12246,-0.04448339,1.761181,5.275872,-0.00330913,-0.9435973,-0.3309444,0.009434998,
1,5,15.1308,-0.04557938,1.778623,5.22102,-0.00330913,-0.9435973,-0.3309444,0.009434998,
1,5,15.13913,-0.04667394,1.795362,5.166236,-0.00330913,-0.9435973,-0.3309444,0.009434998,
1,5,15.14746,-0.04776733,1.811388,5.111655,-0.00330913,-0.9435973,-0.3309444,0.009434998,
1,5,15.1558,-0.04885871,1.826704,5.057073,-0.00330913,-0.9435973,-0.3309444,0.009434998,
1,5,15.16413,-0.04994854,1.841316,5.002491,-0.00330913,-0.9435973,-0.3309444,0.009434998,
1,5,15.17246,-0.05103694,1.855224,4.948151,-0.00330913,-0.9435973,-0.3309444,0.009434998,
1,5,15.1808,-0.0521239,1.868429,4.893839,-0.00330913,-0.9435973,-0.3309444,0.009434998,
1,5,15.18913,-0.05320895,1.88093,4.839527,-0.00330913,-0.9435973,-0.3309444,0.009434998,
1,5,15.19746,-0.05429263,1.892736,4.785328,-0.00330913,-0.9435973,-0.3309444,0.009434998,
1,5,15.2058,-0.05537486,1.903847,4.731287,-0.00330913,-0.9435973,-0.3309444,0.009434998,
1,5,15.21413,-0.05645569,1.914254,4.677245,-0.00330913,-0.9435973,-0.3309444,0.009434998,
1,5,15.22246,-0.05753463,1.923959,4.623203,-0.00330913,-0.9435973,-0.3309444,0.009434998,
1,5,15.2308,-0.05861239,1.932976,4.569382,-0.00330913,-0.9435973,-0.3309444,0.009434998,
1,5,15.23575,-0.05925217,1.937998,4.537428,-0.00330913,-0.9435973,-0.3309444,0.009434998,
1,5,15.24373,-0.0602819,1.945587,4.485926,-0.00330913,-0.9435973,-0.3309444,0.009434998,
1,5,15.25206,-0.06135588,1.952825,4.432154,-0.00330913,-0.9435973,-0.3309444,0.009434998,
1,5,15.257,-0.061991,1.956793,4.400405,-0.00330913,-0.9435973,-0.3309444,0.009434998,
1,5,15.26151,-0.06257141,1.960197,4.371449,-0.00330913,-0.9435973,-0.3309444,0.009434998,
1,5,15.26984,-0.06364287,1.965964,4.317947,-0.00330913,-0.9435973,-0.3309444,0.009434998,
1,5,15.27486,-0.06428544,1.969093,4.285762,-0.00330913,-0.9435973,-0.3309444,0.009434998,
1,5,15.28168,-0.06515972,1.972954,4.241973,-0.00330913,-0.9435973,-0.3309444,0.009434998,
1,5,15.29001,-0.06622788,1.977047,4.188634,-0.00330913,-0.9435973,-0.3309444,0.009434998,
1,5,15.29553,-0.06693338,1.979376,4.153387,-0.00330913,-0.9435973,-0.3309444,0.009434998,
1,5,15.30386,-0.06799732,1.982324,4.100156,-0.00330913,-0.9435973,-0.3309444,0.009434998,
1,5,15.31219,-0.06906126,1.984585,4.046926,-0.00330913,-0.9435973,-0.3309444,0.009434998,
1,5,15.31835,-0.06984642,1.985816,4.007685,-0.00330913,-0.9435973,-0.3309444,0.009434998,
1,5,15.32668,-0.07090614,1.986879,3.954652,-0.00330913,-0.9435973,-0.3309444,0.009434998,
1,5,15.33502,-0.07196587,1.987264,3.901691,-0.00330913,-0.9435973,-0.3309444,0.009434998,
1,5,15.34315,-0.07299845,1.986985,3.850083,-0.00330913,-0.9435973,-0.3309444,0.009434998,
1,5,15.35148,-0.07405394,1.986015,3.797258,-0.00330913,-0.9435973,-0.3309444,0.009434998,
1,5,15.35981,-0.07510944,1.984366,3.744494,-0.00330913,-0.9435973,-0.3309444,0.009434998,
1,5,15.36445,-0.07569683,1.983157,3.715171,-0.00330913,-0.9435973,-0.3309444,0.009434998,
1,5,15.37075,-0.0764922,1.981173,3.675347,-0.00330913,-0.9435973,-0.3309444,0.009434998,
1,5,15.37908,-0.07754347,1.977948,3.622771,-0.00330913,-0.9435973,-0.3309444,0.009434998,
1,5,15.38741,-0.07859474,1.97405,3.570216,-0.00330913,-0.9435973,-0.3309444,0.009434998,
1,5,15.39575,-0.07964362,1.969474,3.517786,-0.00330913,-0.9435973,-0.3309444,0.009434998,
1,5,15.40408,-0.08069067,1.964212,3.465367,-0.00330913,-0.9435973,-0.3309444,0.009434998,
1,5,15.41209,-0.08169723,1.958515,3.415104,-0.00330913,-0.9435973,-0.3309444,0.009434998,
1,5,15.42043,-0.08274204,1.951931,3.362826,-0.00330913,-0.9435973,-0.3309444,0.009434998,
1,5,15.42551,-0.08337876,1.947576,3.330985,-0.00330913,-0.9435973,-0.3309444,0.009434998,
1,5,15.43371,-0.0844048,1.940036,3.279675,-0.00330913,-0.9435973,-0.3309444,0.009434998,
1,5,15.44184,-0.08542126,1.931932,3.228938,-0.00330913,-0.9435973,-0.3309444,0.009434998,
1,5,15.45017,-0.08645996,1.922947,3.176923,-0.00330913,-0.9435973,-0.3309444,0.009434998,
1,5,15.45566,-0.08714409,1.916661,3.14272,-0.00330913,-0.9435973,-0.3309444,0.009434998,
1,5,15.46399,-0.0881827,1.906561,3.09084,-0.00330913,-0.9435973,-0.3309444,0.009434998,
1,5,15.4721,-0.08919016,1.896104,3.040453,-0.00330913,-0.9435973,-0.3309444,0.009434998,
1,5,15.48026,-0.09020311,1.884927,2.989782,-0.00330913,-0.9435973,-0.3309444,0.009434998,
1,5,15.48859,-0.09123749,1.872857,2.938112,-0.00330913,-0.9435973,-0.3309444,0.009434998,
1,5,15.49692,-0.09226939,1.860117,2.886502,-0.00330913,-0.9435973,-0.3309444,0.009434998,
1,5,15.50522,-0.09329519,1.846775,2.835179,-0.00330913,-0.9435973,-0.3309444,0.009434998,
1,5,15.51355,-0.09432535,1.832703,2.783705,-0.00330913,-0.9435973,-0.3309444,0.009434998,
1,5,15.52134,-0.095286,1.818959,2.735665,-0.00330913,-0.9435973,-0.3309444,0.009434998,
1,5,15.52968,-0.09631193,1.803603,2.684325,-0.00330913,-0.9435973,-0.3309444,0.009434998,
1,5,15.53797,-0.09733295,1.787676,2.633313,-0.00330913,-0.9435973,-0.3309444,0.009434998,
1,5,15.54582,-0.09829734,1.771984,2.585085,-0.00330913,-0.9435973,-0.3309444,0.009434998,
1,5,15.55388,-0.099286,1.755261,2.535616,-0.00330913,-0.9435973,-0.3309444,0.009434998,
1,5,15.56222,-0.1003077,1.737338,2.484547,-0.00330913,-0.9435973,-0.3309444,0.009434998,
1,5,15.57055,-0.1013276,1.718748,2.433568,-0.00330913,-0.9435973,-0.3309444,0.009434998,
1,5,15.57883,-0.1023387,1.699625,2.382954,-0.00330913,-0.9435973,-0.3309444,0.009434998,
1,5,15.58682,-0.1033145,1.680553,2.334205,-0.00330913,-0.9435973,-0.3309444,0.009434998,
1,5,15.59489,-0.104298,1.660694,2.285032,-0.00330913,-0.9435973,-0.3309444,0.009434998,
1,5,15.60322,-0.1053112,1.639538,2.234334,-0.00330913,-0.9435973,-0.3309444,0.009434998,
1,5,15.61085,-0.1062385,1.619598,2.187968,-0.00330913,-0.9435973,-0.3309444,0.009434998,
1,5,15.61918,-0.1072507,1.597178,2.137404,-0.00330913,-0.9435973,-0.3309444,0.009434998,
1,5,15.62628,-0.1081097,1.577585,2.094389,-0.00330913,-0.9435973,-0.3309444,0.009434998,
1,5,15.63461,-0.1091188,1.553968,2.043967,-0.00330913,-0.9435973,-0.3309444,0.009434998,
1,5,15.64247,-0.1100703,1.531098,1.996438,-0.00330913,-0.9435973,-0.3309444,0.009434998,
1,5,15.6508,-0.1110752,1.506215,1.946134,-0.00330913,-0.9435973,-0.3309444,0.009434998,
1,5,15.65813,-0.1119586,1.483803,1.901968,-0.00330913,-0.9435973,-0.3309444,0.009434998,
1,5,15.66646,-0.1129632,1.457705,1.851796,-0.00330913,-0.9435973,-0.3309444,0.009434998,
1,5,15.67479,-0.1139638,1.430967,1.801695,-0.00330913,-0.9435973,-0.3309444,0.009434998,
1,5,15.68313,-0.1149644,1.403586,1.751673,-0.00330913,-0.9435973,-0.3309444,0.009434998,
1,5,15.68898,-0.1156667,1.38398,1.716606,-0.00330913,-0.9435973,-0.3309444,0.009434998,
1,5,15.69731,-0.1166636,1.355502,1.666703,-0.00330913,-0.9435973,-0.3309444,0.009434998,
1,5,15.70564,-0.11766,1.326376,1.616872,-0.00330913,-0.9435973,-0.3309444,0.009434998,
1,5,15.71398,-0.1186564,1.296609,1.567118,-0.00330913,-0.9435973,-0.3309444,0.009434998,
1,5,15.72231,-0.119649,1.266207,1.517435,-0.00330913,-0.9435973,-0.3309444,0.009434998,
1,5,15.73053,-0.1206279,1.235585,1.468487,-0.00330913,-0.9435973,-0.3309444,0.009434998,
1,5,15.73886,-0.1216196,1.203918,1.418952,-0.00330913,-0.9435973,-0.3309444,0.009434998,
1,5,15.74473,-0.122315,1.181249,1.384129,-0.00330913,-0.9435973,-0.3309444,0.009434998,
1,5,15.75306,-0.123303,1.148495,1.334722,-0.00330913,-0.9435973,-0.3309444,0.009434998,
1,5,15.75971,-0.1240906,1.121929,1.295386,-0.00330913,-0.9435973,-0.3309444,0.009434998,
1,5,15.76804,-0.1250758,1.088036,1.246114,-0.00330913,-0.9435973,-0.3309444,0.009434998,
1,5,15.77613,-0.1260325,1.054543,1.19836,-0.00330913,-0.9435973,-0.3309444,0.009434998,
1,5,15.78436,-0.1269994,1.019863,1.149863,-0.00330913,-0.9435973,-0.3309444,0.009434998,
1,5,15.79237,-0.1279415,0.9854885,1.10268,-0.00330913,-0.9435973,-0.3309444,0.009434998,
1,5,15.80033,-0.1288773,0.9507673,1.055887,-0.00330913,-0.9435973,-0.3309444,0.009434998,
1,5,15.80859,-0.1298475,0.9141675,1.007445,-0.00330913,-0.9435973,-0.3309444,0.009434998,
1,5,15.81692,-0.130827,0.8765903,0.9586158,-0.00330913,-0.9435973,-0.3309444,0.009434998,
1,5,15.82525,-0.1318011,0.8383908,0.9098613,-0.00330913,-0.9435973,-0.3309444,0.009434998,
1,5,15.83328,-0.1327364,0.8010119,0.8629797,-0.00330913,-0.9435973,-0.3309444,0.009434998,
1,5,15.84046,-0.133573,0.7670851,0.8210988,-0.00330913,-0.9435973,-0.3309444,0.009434998,
1,5,15.84879,-0.1345441,0.7271272,0.7725598,-0.00330913,-0.9435973,-0.3309444,0.009434998,
1,5,15.85712,-0.1355151,0.6865487,0.724099,-0.00330913,-0.9435973,-0.3309444,0.009434998,
1,5,15.86546,-0.1364862,0.6453573,0.6757144,-0.00330913,-0.9435973,-0.3309444,0.009434998,
1,5,15.87379,-0.1374494,0.6035489,0.6274117,-0.00330913,-0.9435973,-0.3309444,0.009434998,
1,5,15.88015,-0.1381844,0.5712081,0.5905771,-0.00330913,-0.9435973,-0.3309444,0.009434998,
1,5,15.88849,-0.139147,0.5283101,0.5424111,-0.00330913,-0.9435973,-0.3309444,0.009434998,
1,5,15.89526,-0.1399294,0.4929943,0.5033205,-0.00330913,-0.9435973,-0.3309444,0.009434998,
1,5,15.90359,-0.1408921,0.4489892,0.4552978,-0.00330913,-0.9435973,-0.3309444,0.009434998,
1,5,15.91193,-0.1418527,0.4043749,0.407355,-0.00330913,-0.9435973,-0.3309444,0.009434998,
1,5,15.92001,-0.1427783,0.3605154,0.3609269,-0.00330913,-0.9435973,-0.3309444,0.009434998,
1,5,15.92834,-0.1437325,0.3147016,0.3131401,-0.00330913,-0.9435973,-0.3309444,0.009434998,
1,5,15.93668,-0.1446866,0.2682832,0.2654336,-0.00330913,-0.9435973,-0.3309444,0.009434998,
1,5,15.94459,-0.1455926,0.2236509,0.2202146,-0.00330913,-0.9435973,-0.3309444,0.009434998,
1,5,15.95235,-0.1464809,0.1793601,0.175946,-0.00330913,-0.9435973,-0.3309444,0.009434998,
1,5,15.96068,-0.1474283,0.131204,0.128474,-0.00330913,-0.9435973,-0.3309444,0.009434998,
1,5,15.96898,-0.1483696,0.08268078,0.08130781,-0.00330913,-0.9435973,-0.3309444,0.009434998,
1,5,15.97679,-0.1492565,0.03641255,0.03693771,-0.00330913,-0.9435973,-0.3309444,0.009434998,CourtEnter
1,5,15.98512,-0.1499508,0.07097171,0.002227089,0.00139832,-0.9902498,0.138944,0.009902684,CourtExit
1,5,15.99346,-0.1506348,0.1081602,-0.03212509,0.005888314,-0.8091059,0.5875776,0.008091325,
1,5,16.00179,-0.1513187,0.1446053,-0.06644332,0.008998269,-0.4388571,0.8985011,0.004388863,
1,5,16.00989,-0.1519834,0.1793128,-0.09976093,0.01000852,0.01986933,0.9997525,-0.0001984299,
1,5,16.01814,-0.1526608,0.2139663,-0.1336846,0.008767849,0.4819067,0.8761654,-0.004818873,
1,5,16.02648,-0.1533448,0.248219,-0.1679024,0.005485115,0.8360784,0.5485188,-0.008360685,
1,5,16.03422,-0.1539801,0.2793761,-0.1996576,0.00127348,0.9917317,0.1279385,-0.009917319,
1,5,16.04005,-0.1544589,0.3024395,-0.2235724,-0.002117928,0.9774704,-0.2108355,-0.009774781,
1,5,16.04838,-0.1551429,0.3347575,-0.2577037,-0.006445879,0.7655444,-0.6433053,-0.007655615,
1,5,16.05646,-0.155806,0.3653943,-0.2907671,-0.009220821,0.3899829,-0.9207677,-0.003900064,
1,5,16.06435,-0.1564535,0.394644,-0.3230212,-0.009992654,-0.0591913,-0.9981965,0.0005916441,
1,5,16.07217,-0.1570951,0.4229757,-0.354945,-0.008710905,-0.4920946,-0.8704843,0.004920683,
1,5,16.0805,-0.157779,0.4524781,-0.3889519,-0.005405608,-0.8412326,-0.540581,0.008412114,
1,5,16.08728,-0.1583348,0.4759272,-0.416577,-0.001755473,-0.9843251,-0.1760803,0.009843111,
1,5,16.09561,-0.1590103,0.5041118,-0.4505261,0.003037089,-0.9530446,0.3026648,0.00953042,
1,5,16.10388,-0.1596806,0.531361,-0.4841815,0.007101793,-0.7052729,0.7088653,0.007052828,
1,5,16.112,-0.1603389,0.5574306,-0.5172029,0.009531668,-0.306318,0.9518766,0.00306339,
1,5,16.12,-0.1609872,0.5824324,-0.5496971,0.009892972,0.1521543,0.9883061,-0.001521251,
1,5,16.12833,-0.1616627,0.6077709,-0.5835189,0.008049437,0.5938892,0.8044847,-0.005938552,
1,5,16.13659,-0.1623318,0.6321644,-0.6169946,0.004406389,0.897544,0.4408115,-0.008975111,
1,5,16.14464,-0.1629846,0.6552808,-0.6496217,-0.0001055372,0.999902,-0.009802114,-0.009998759,
1,5,16.15297,-0.1636601,0.678498,-0.6833559,-0.00473616,0.8813086,-0.4724354,-0.008812957,
1,5,16.16081,-0.1642957,0.6996883,-0.715074,-0.008121407,0.5852353,-0.8108017,-0.005852381,
1,5,16.16902,-0.1649614,0.7212015,-0.7482582,-0.009898505,0.1499977,-0.9886357,-0.001500175,
1,5,16.17705,-0.1656122,0.7415653,-0.7806742,-0.009521403,-0.3080838,-0.9513066,0.003080487,
1,5,16.18532,-0.1662822,0.761833,-0.8140147,-0.007038479,-0.7105371,-0.7035886,0.007104911,
1,5,16.19353,-0.1669477,0.7812715,-0.8471044,-0.003017058,-0.9532318,-0.3020748,0.009531843,
1,5,16.20186,-0.1676233,0.8002973,-0.8806621,0.001735867,-0.98493,0.1726639,0.009848915,
1,5,16.20954,-0.1682379,0.8172002,-0.9115542,0.005788791,-0.816238,0.577629,0.008162159,
1,5,16.21776,-0.168896,0.8346244,-0.9446076,0.008875497,-0.4631625,0.8862169,0.004631631,
1,5,16.22585,-0.1695437,0.8511025,-0.977106,0.0100095,-0.01601886,0.9998216,0.0001604319,
1,5,16.23418,-0.1702107,0.867381,-1.010549,0.008952507,0.4467908,0.8945826,-0.004467448,
1,5,16.24228,-0.1708584,0.8825136,-1.043014,0.005993006,0.8005183,0.5992249,-0.008004595,
1,5,16.25047,-0.1715147,0.8971558,-1.075845,0.001703,0.985248,0.1708401,-0.009851879,
1,5,16.25812,-0.1721267,0.9101952,-1.106461,-0.002649885,0.9644769,-0.2639776,-0.009644268,
1,5,16.26645,-0.1727938,0.9237311,-1.139787,-0.006793932,0.7349111,-0.6780896,-0.007348828,
1,5,16.27479,-0.1734609,0.9365644,-1.17309,-0.009413681,0.3408518,-0.9400638,-0.003408527,
1,5,16.28282,-0.1741043,0.9482766,-1.205199,-0.009946346,-0.1124551,-0.9936064,0.001124242,
1,5,16.29101,-0.1747598,0.9595386,-1.237856,-0.008361009,-0.5492871,-0.8355739,0.005492297,
1,5,16.29905,-0.1754031,0.9699439,-1.26991,-0.005048565,-0.863101,-0.5049324,0.008630285,
1,5,16.30688,-0.1760302,0.9794561,-1.301107,-0.0008056059,-0.9966469,-0.0812101,0.009965736,
1,5,16.31522,-0.1766973,0.9888918,-1.334275,0.003858914,-0.9229562,0.3847751,0.00922898,
1,5,16.32355,-0.1773644,0.9976236,-1.367422,0.007662602,-0.6440406,0.7649258,0.006440108,
1,5,16.33188,-0.1780245,1.005665,-1.400522,0.009762001,-0.2222257,0.9749439,0.002222312,
1,5,16.33989,-0.1786571,1.01273,-1.432313,0.009739625,0.2303981,0.973045,-0.002303577,
1,5,16.34819,-0.1793132,1.019372,-1.46523,0.007614187,0.6486168,0.7610495,-0.006485471,
1,5,16.35652,-0.1799718,1.025352,-1.498262,0.003800485,0.9248044,0.3803116,-0.009247199,
1,5,16.36433,-0.1805887,1.030318,-1.529172,-0.0005505257,0.9984775,-0.05424717,-0.00998395,
1,5,16.37266,-0.1812473,1.03495,-1.562138,-0.005054615,0.8634985,-0.5042523,-0.008634361,
1,5,16.38082,-0.1818919,1.038807,-1.594401,-0.008386642,0.5466256,-0.8373173,-0.005465968,
1,5,16.389,-0.1825387,1.042016,-1.626711,-0.009947518,0.1129235,-0.9935533,-0.001129349,
1,5,16.39627,-0.1831132,1.044303,-1.655403,-0.009562201,-0.2952456,-0.955369,0.002951991,
1,5,16.4046,-0.1837718,1.046276,-1.688272,-0.007161504,-0.6981642,-0.7158678,0.006980857,
1,5,16.41293,-0.1844305,1.047562,-1.721102,-0.003190022,-0.947584,-0.3193505,0.009474903,
1,5,16.42082,-0.1850536,1.048138,-1.752167,0.001226681,-0.9925054,0.1217915,0.009924158,
1,5,16.42889,-0.1856913,1.048085,-1.783887,0.005486829,-0.8367811,0.5474461,0.008367145,
1,5,16.43722,-0.1863499,1.047354,-1.816649,0.00869391,-0.4963767,0.8680496,0.00496349,
1,5,16.44555,-0.1870086,1.045937,-1.849375,0.009999644,-0.04770263,0.9988114,0.0004772152,
1,5,16.4534,-0.187625,1.043968,-1.880148,0.009233075,0.3857163,0.9225632,-0.003856552,
1,5,16.46173,-0.1882752,1.041209,-1.91283,0.006471101,0.7624629,0.6469547,-0.007623683,
1,5,16.47001,-0.1889216,1.037795,-1.945264,0.002328915,0.9723402,0.2333551,-0.009722313,
1,5,16.47835,-0.1895715,1.033669,-1.977881,-0.002337093,0.9724913,-0.2327244,-0.009723913,
1,5,16.48609,-0.1901756,1.02922,-2.008143,-0.006236447,0.7826629,-0.6223654,-0.007825911,
1,5,16.49442,-0.1908257,1.023769,-2.040703,-0.009106777,0.4159102,-0.9093506,-0.004158852,
1,5,16.50275,-0.1914759,1.017631,-2.073263,-0.01000206,-0.04076402,-0.9991187,0.0004073624,
1,5,16.51098,-0.1921176,1.010907,-2.10535,-0.008761819,-0.4830023,-0.875562,0.004829266,
1,5,16.51931,-0.1927678,1.003406,-2.137775,-0.005625853,-0.8266886,-0.5625709,0.008265787,
1,5,16.52746,-0.1934038,0.9954159,-2.169491,-0.001378675,-0.990319,-0.1384497,0.009901974,
1,5,16.5358,-0.194054,0.9865716,-2.201915,0.003248052,-0.946094,0.3237379,0.009459863,
1,5,16.54381,-0.1946794,0.9774177,-2.233104,0.007046673,-0.7107732,0.7033501,0.007107015,
1,5,16.5521,-0.1953265,0.9672819,-2.26526,0.009489534,-0.319142,0.9476541,0.003191242,
1,5,16.56037,-0.1959712,0.9565156,-2.297276,0.009913214,0.1384794,0.9903148,-0.001384378,
1,5,16.5687,-0.1966196,0.9449805,-2.329566,0.008221678,0.5698739,0.8216713,-0.005697783,
1,5,16.57682,-0.1972448,0.9330879,-2.361024,0.004874288,0.8730476,0.4875326,-0.008729178,
1,5,16.58502,-0.1978762,0.9204221,-2.392727,0.0004924025,0.9987028,0.04992863,-0.009985642,
1,5,16.59335,-0.198518,0.9068752,-2.424882,-0.004058014,0.9144104,-0.4046649,-0.009142923,
1,5,16.60168,-0.1991597,0.8926539,-2.457036,-0.007739082,0.6348547,-0.7725667,-0.00634783,
1,5,16.60967,-0.1997745,0.8783894,-2.48784,-0.009722156,0.2390867,-0.9709466,-0.002390757,
1,5,16.618,-0.2004162,0.8628415,-2.519946,-0.009758347,-0.222396,-0.9749051,0.002223404,
1,5,16.62349,-0.2008387,0.8522322,-2.541028,-0.008629736,-0.50616,-0.8623816,0.005060646,
1,5,16.63182,-0.2014805,0.8355619,-2.573047,-0.005436261,-0.8392587,-0.5436405,0.008391188,
1,5,16.63851,-0.2019956,0.8216928,-2.59875,-0.001996916,-0.9797048,-0.2001965,0.009795491,
1,5,16.64684,-0.2026373,0.8038109,-2.630769,0.002611125,-0.9655298,0.2601004,0.009653839,
1,5,16.655,-0.2032657,0.7856503,-2.662005,0.006590143,-0.7532018,0.6577135,0.007530964,
1,5,16.663,-0.2038818,0.7672144,-2.692617,0.009194497,-0.3961696,0.9181228,0.003961258,
1,5,16.67114,-0.2045085,0.7478213,-2.723762,0.009999935,0.04568686,0.9989057,-0.0004565759,
1,5,16.67879,-0.2050893,0.7290342,-2.753001,0.008918215,0.4535801,0.8911594,-0.004534849,
1,5,16.68712,-0.2057226,0.7079033,-2.784754,0.005946066,0.8040047,0.5945389,-0.008038564,
1,5,16.69542,-0.2063535,0.6861848,-2.816386,0.001740206,0.984596,0.174559,-0.009844244,
1,5,16.70322,-0.206946,0.6651855,-2.846091,-0.002555821,0.9670014,-0.2545747,-0.009668406,
1,5,16.71155,-0.2075793,0.6420943,-2.877799,-0.006605115,0.7518919,-0.6592106,-0.007517762,
1,5,16.71953,-0.2081856,0.6193659,-2.908064,-0.009189527,0.3973164,-0.9176271,-0.003972681,
1,5,16.72786,-0.2088189,0.5949714,-2.939679,-0.009996165,-0.05315713,-0.998536,0.0005312496,
1,5,16.7362,-0.2094522,0.5699118,-2.971293,-0.008710203,-0.4922242,-0.870411,0.004921163,
1,5,16.74453,-0.2100855,0.5441878,-3.002801,-0.005604374,-0.8281437,-0.5604267,0.008279809,
1,5,16.7525,-0.2106912,0.5189669,-3.032909,-0.00152943,-0.9880968,-0.1535083,0.009879133,
1,5,16.76028,-0.2112826,0.4937527,-3.062306,0.002735171,-0.9621058,0.2724932,0.00961936,
1,5,16.76862,-0.2119082,0.466113,-3.093742,0.006728256,-0.7409194,0.6715194,0.007407989,
1,5,16.77553,-0.2124264,0.4426939,-3.119734,0.00900412,-0.4376748,0.8990776,0.004376156,
1,5,16.78386,-0.2130512,0.4138473,-3.151078,0.01001043,0.006703463,0.9999275,-6.677619E-05,
1,5,16.79219,-0.2136761,0.3843419,-3.182419,0.008939364,0.4494069,0.8932711,-0.004492989,
1,5,16.80053,-0.2143009,0.354179,-3.213628,0.006016845,0.7987294,0.6016074,-0.007985596,
1,5,16.80741,-0.2148172,0.3287648,-3.239412,0.002628921,0.9646573,0.2633182,-0.009644619,
1,5,16.81574,-0.215442,0.2974035,-3.270621,-0.00191837,0.9815607,-0.1908889,-0.009813713,
1,5,16.82314,-0.215997,0.2689985,-3.298257,-0.005651097,0.82581,-0.5638598,-0.008256588,
1,5,16.83134,-0.2166112,0.2369655,-3.3288,-0.008683342,0.4982273,-0.8669887,-0.00498147,
1,5,16.83967,-0.217236,0.2037267,-3.359874,-0.009990753,0.06388795,-0.9979069,-0.0006389759,
1,5,16.84763,-0.2178274,0.1713555,-3.389477,-0.009319322,-0.3644777,-0.9311584,0.003643818,
1,5,16.85597,-0.2184439,0.1368448,-3.420415,-0.006749651,-0.7379718,-0.6747575,0.007378033,
1,5,16.86408,-0.2190442,0.1026094,-3.450546,-0.002912096,-0.9564895,-0.2915954,0.009562834,
1,5,16.87221,-0.2196452,0.0677167,-3.480612,0.001494439,-0.9888561,0.1485389,0.009886527,
1,5,16.88054,-0.2202648,0.03921346,-3.51159,0.005644808,-0.8264615,0.5629044,0.008261199,CourtEnter
1,5,16.88751,-0.2207948,0.06251879,-3.538161,0.008135639,-0.5843681,0.8114269,0.005839251,CourtExit
1,5,16.89585,-0.2214281,0.089705,-3.569897,0.009809251,-0.2061944,0.9784598,0.002057029,
1,5,16.90239,-0.2219255,0.11055,-3.594726,0.009952866,0.1188776,0.9928583,-0.001193465,
1,5,16.91002,-0.2225052,0.1342885,-3.623665,0.008796356,0.4793384,0.877573,-0.004797166,
1,5,16.91835,-0.2231385,0.1595317,-3.655279,0.00610596,0.7929016,0.6092675,-0.007931186,
1,5,16.92655,-0.2237616,0.183667,-3.686383,0.002443471,0.9697332,0.2439622,-0.009697547,
1,5,16.93469,-0.2243797,0.206928,-3.717241,-0.001587045,0.987374,-0.1580904,-0.009871983,
1,5,16.94302,-0.225013,0.2300549,-3.748725,-0.00544208,0.8398831,-0.5426751,-0.008395354,
1,5,16.95135,-0.2256463,0.2524644,-3.780204,-0.008372243,0.5501092,-0.8350327,-0.005496496,
1,5,16.95937,-0.2262558,0.2733618,-3.810502,-0.009855959,0.1826858,-0.9831203,-0.001821934,
1,5,16.96771,-0.2268891,0.2943766,-3.841981,-0.00975892,-0.2283265,-0.9735331,0.002287689,
1,5,16.97429,-0.2273897,0.3104796,-3.86686,-0.008505483,-0.5289934,-0.8485668,0.005293415,
1,5,16.98263,-0.2280162,0.330225,-3.898248,-0.005656022,-0.8254464,-0.5643919,0.008256238,
1,5,16.99027,-0.2285893,0.3477112,-3.926994,-0.002191466,-0.9757127,-0.218826,0.009757064,
1,5,16.99852,-0.2292083,0.3659203,-3.958043,0.001881572,-0.9822194,0.1874705,0.009820159,
1,5,17.00657,-0.2298114,0.3829984,-3.988295,0.005554528,-0.8325278,0.553893,0.008321645,
1,5,17.0149,-0.2304362,0.4000026,-4.019639,0.008434558,-0.5405529,0.8412505,0.005400852,
1,5,17.02274,-0.2310244,0.4153637,-4.049141,0.00985729,-0.1819704,0.9832529,0.001814766,
1,5,17.03103,-0.231646,0.430922,-4.080322,0.009766718,0.2249907,0.9743094,-0.002254308,
1,5,17.03937,-0.2322708,0.4458584,-4.111666,0.008046336,0.5961921,0.8027794,-0.005965031,
1,5,17.04762,-0.23289,0.4599659,-4.142543,0.005015059,0.8657012,0.5004612,-0.00865832,
1,5,17.05543,-0.2334751,0.4726631,-4.171642,0.00138626,0.9903112,0.1385057,-0.009902504,
1,5,17.06311,-0.2340509,0.484556,-4.200276,-0.002383759,0.9713191,-0.2375693,-0.009710786,
1,5,17.07144,-0.2346758,0.4967843,-4.231351,-0.006074197,0.7955986,-0.6057416,-0.007952023,
1,5,17.07824,-0.2351856,0.5062459,-4.256704,-0.00835845,0.5521908,-0.8336576,-0.005517158,
1,5,17.08657,-0.2358105,0.5172049,-4.287778,-0.009872195,0.173726,-0.9847431,-0.001732271,
1,5,17.09486,-0.236432,0.5274235,-4.318685,-0.009752122,-0.231195,-0.9728558,0.002316337,
1,5,17.10165,-0.2369409,0.5352732,-4.343995,-0.008453269,-0.5372564,-0.8433595,0.005375902,
1,5,17.10998,-0.2375658,0.5442739,-4.375069,-0.005607618,-0.8287283,-0.5595616,0.008288836,
1,5,17.11832,-0.2381863,0.5525856,-4.406143,-0.00183632,-0.9829882,-0.1833963,0.009829384,
1,5,17.12665,-0.2388027,0.5601946,-4.437217,0.002236166,-0.9748017,0.2228493,0.009745549,
1,5,17.13477,-0.2394035,0.5669501,-4.467416,0.005853661,-0.8118773,0.5837424,0.00811478,
1,5,17.1424,-0.2399677,0.5726848,-4.495609,0.008422386,-0.54243,0.8400413,0.005419456,
1,5,17.15042,-0.2405611,0.5780982,-4.525266,0.009862514,-0.1791012,0.9837796,0.001786011,
1,5,17.15864,-0.2411692,0.5829706,-4.555652,0.009776336,0.2207811,0.9752719,-0.002212159,
1,5,17.16669,-0.2417642,0.5870894,-4.585383,0.008177974,0.5780938,0.8159089,-0.005783956,
1,5,17.17502,-0.2423805,0.5906787,-4.616187,0.005208631,0.8542487,0.5197684,-0.008543639,
1,5,17.18303,-0.2429729,0.5934722,-4.645788,0.001545277,0.9879633,0.1543655,-0.009878795,
1,5,17.19113,-0.2435724,0.59565,-4.675745,-0.002395567,0.9710293,-0.2387515,-0.009707572,
1,5,17.1994,-0.2441841,0.5972025,-4.706312,-0.006028431,0.7990506,-0.6011806,-0.007986306,
1,5,17.20731,-0.2447693,0.5980519,-4.735556,-0.008601142,0.5137509,-0.8578809,-0.00513253,
1,5,17.21565,-0.2453857,0.5982751,-4.766359,-0.009935954,0.1326097,-0.9911177,-0.001321105,
1,5,17.22398,-0.2460021,0.5978066,-4.797131,-0.009651507,-0.2699141,-0.9628323,0.002703311,
1,5,17.23209,-0.2466018,0.5966905,-4.826837,-0.00786583,-0.6196907,-0.7847822,0.006199605,
1,5,17.24009,-0.2471937,0.5949526,-4.856155,-0.004915242,-0.8713805,-0.4905059,0.008714627,
1,5,17.24799,-0.2477783,0.5926154,-4.885113,-0.001277547,-0.9917677,-0.1276592,0.009916521,
1,5,17.25632,-0.2483943,0.5894777,-4.915646,0.002746973,-0.9617325,0.2738076,0.009614268,
1,5,17.26466,-0.2490023,0.5856577,-4.946179,0.006324369,-0.7759568,0.6307067,0.007755113,
1,5,17.26948,-0.2493543,0.5831317,-4.963858,0.00795807,-0.6082121,0.7937114,0.006077182,
1,5,17.27756,-0.2499433,0.578393,-4.993441,0.009683522,-0.2586888,0.9659088,0.002581755,
1,5,17.28437,-0.2504406,0.5738905,-5.018415,0.01000005,0.06915244,0.9975558,-0.0006962017,
1,5,17.29271,-0.2510486,0.5677632,-5.048949,0.008920159,0.4560104,0.8899181,-0.004563524,
1,5,17.29996,-0.2515776,0.5618777,-5.075515,0.006799555,0.7345862,0.6784415,-0.007347716,
1,5,17.30829,-0.2521856,0.5544738,-5.106048,0.003358111,0.9420972,0.3351907,-0.009420756,
1,5,17.31662,-0.2527935,0.5463898,-5.136399,-0.000621261,0.9980414,-0.06175323,-0.009978157,
1,5,17.32485,-0.2533938,0.5377371,-5.16628,-0.004452873,0.895975,-0.4439919,-0.008955837,
1,5,17.33306,-0.2539924,0.52845,-5.196078,-0.007578591,0.6546729,-0.755846,-0.006541783,
1,5,17.34139,-0.2546004,0.5183396,-5.226341,-0.009544313,0.3059017,-0.9520104,-0.003053817,
1,5,17.34707,-0.2550146,0.5110639,-5.246961,-0.01001761,0.03652175,-0.9992826,-0.0003603335,
1,5,17.3554,-0.2556226,0.4998093,-5.277224,-0.009359679,-0.3578169,-0.9337381,0.003581928,
1,5,17.36325,-0.2561949,0.4885953,-5.305713,-0.007369896,-0.6776454,-0.7353207,0.006778591,
1,5,17.3713,-0.2567822,0.4764643,-5.334948,-0.004248129,-0.905624,-0.4239635,0.009056383,
1,5,17.37963,-0.2573902,0.4632385,-5.365211,-0.0003593315,-0.9992995,-0.03606271,0.009991049,
1,5,17.38796,-0.2579981,0.4493379,-5.395475,0.003584354,-0.9339178,0.3573481,0.009335451,
1,5,17.39312,-0.2583746,0.4403905,-5.414209,0.005776617,-0.8173465,0.5760597,0.00816892,
1,5,17.40146,-0.2589825,0.4253933,-5.444202,0.008516797,-0.5275482,0.8494661,0.005270225,
1,5,17.40979,-0.2595905,0.409721,-5.474195,0.009904557,-0.1542465,0.9879816,0.001537333,
1,5,17.41812,-0.2601985,0.3933749,-5.504189,0.009722504,0.2432655,0.9699079,-0.002436834,
1,5,17.42646,-0.2608065,0.3763532,-5.534182,0.008002291,0.6020591,0.7983887,-0.006023136,
1,5,17.43479,-0.2614144,0.3586579,-5.564175,0.00501853,0.8655021,0.5008054,-0.008655513,
1,5,17.44312,-0.2620224,0.34029,-5.594168,0.001244522,0.9921865,0.124362,-0.009920224,
1,5,17.45146,-0.2626173,0.3212505,-5.624161,-0.002723456,0.9623965,-0.2714647,-0.009620451,
1,5,17.45979,-0.2632084,0.30154,-5.654154,-0.006260309,0.7811058,-0.6243185,-0.007806233,
1,5,17.46812,-0.2637994,0.2811599,-5.684078,-0.008810638,0.477105,-0.8787892,-0.004765689,
1,5,17.47646,-0.2643905,0.2601107,-5.713801,-0.009975801,0.09835714,-0.9951007,-0.0009785307,
1,5,17.48479,-0.2649816,0.2383937,-5.743524,-0.009575574,-0.2955904,-0.9552622,0.002959827,
1,5,17.49312,-0.2655727,0.2160082,-5.773247,-0.007675592,-0.6429913,-0.765808,0.006432086,
1,5,17.50146,-0.2661638,0.1929534,-5.802969,-0.004575878,-0.8895879,-0.4566545,0.008895946,
1,5,17.50979,-0.2667548,0.1692332,-5.832692,-0.0007630363,-0.9970323,-0.07633343,0.009968269,
1,5,17.51812,-0.2673459,0.1448475,-5.862415,0.003166506,-0.9488188,0.3156628,0.00948433,
1,5,17.52646,-0.267937,0.1197959,-5.892138,0.006600152,-0.7527555,0.6582242,0.007522502,
1,5,17.53479,-0.2685281,0.09408218,-5.921771,0.00900433,-0.4396408,0.8981178,0.004390946,
1,5,17.54312,-0.2691191,0.0677058,-5.951223,0.01000724,-0.05838063,0.998244,0.0005787876,
1,5,17.55146,-0.2697102,0.04066638,-5.980676,0.009455871,0.3317096,0.9433283,-0.003320875,CourtEnter
1,5,17.55979,-0.270301,0.05107486,-6.009907,0.00736421,0.6780513,0.7349464,-0.006788949,
1,5,17.56812,-0.2708921,0.07139169,-6.039089,0.004049763,0.9145152,0.4044278,-0.00915519,CourtExit
1,5,17.57646,-0.2714831,0.09099926,-6.068271,6.893112E-05,0.9999229,0.007360809,-0.0100092,
1,5,17.58479,-0.2720605,0.1099009,-6.097454,-0.003920923,0.9204693,-0.3906867,-0.009212963,
1,5,17.59312,-0.2726347,0.1280968,-6.126502,-0.007262918,0.6895374,-0.7241808,-0.006900575,
1,5,17.60146,-0.2732089,0.1455844,-6.155415,-0.009408833,0.3453665,-0.9384144,-0.003454953,
1,5,17.60979,-0.273783,0.1623696,-6.184327,-0.0100084,-0.05532013,-0.9984184,0.0005560259,
1,5,17.61812,-0.2743572,0.1784509,-6.213239,-0.008966066,-0.4466954,-0.89463,0.004473404,
1,5,17.62301,-0.2746943,0.187564,-6.230212,-0.007648488,-0.6459778,-0.7632905,0.006467884,
1,5,17.63135,-0.2752685,0.2025327,-6.259124,-0.004455714,-0.8955169,-0.4449151,0.008964993,
1,5,17.63968,-0.2758427,0.2168018,-6.288036,-0.0005362197,-0.9984922,-0.05397368,0.009994853,
1,5,17.64761,-0.2763886,0.2297164,-6.315527,0.003279752,-0.9450695,0.3267163,0.009459219,
1,5,17.65594,-0.2769628,0.2426207,-6.344439,0.006758656,-0.7387949,0.6738559,0.007393648,
1,5,17.66403,-0.2775207,0.2544878,-6.372529,0.009086082,-0.4227682,0.9061825,0.004229757,
1,5,17.67237,-0.2780949,0.2660128,-6.401442,0.01001952,-0.0303827,0.9994881,0.000301861,
1,5,17.67869,-0.2785304,0.2742859,-6.423371,0.009639185,0.2739403,0.9616945,-0.002744235,
1,5,17.68702,-0.2791046,0.2845877,-6.452283,0.007771083,0.631251,0.7755139,-0.006320365,
1,5,17.69386,-0.279576,0.2925213,-6.475925,0.005275517,0.8500087,0.5266735,-0.008509478,
1,5,17.7022,-0.2801502,0.3015496,-6.504567,0.001487765,0.988803,0.1488911,-0.009897882,
1,5,17.71053,-0.2807243,0.3098865,-6.533209,-0.002538728,0.9674709,-0.2527841,-0.009683424,
1,5,17.71858,-0.2812791,0.3172807,-6.560883,-0.006043626,0.798057,-0.6024987,-0.007986847,
1,5,17.72692,-0.2818533,0.3242522,-6.589525,-0.008703531,0.4964907,-0.8679842,-0.004967673,
1,5,17.73442,-0.2823701,0.3299347,-6.615304,-0.009903557,0.1550364,-0.9878579,-0.001549595,
1,5,17.74035,-0.2827793,0.3340338,-6.635716,-0.009935727,-0.1319499,-0.9912058,0.001323013,
1,5,17.74869,-0.2833535,0.3391965,-6.664359,-0.008614385,-0.5109074,-0.8595774,0.005115895,
1,5,17.75702,-0.2839277,0.3436659,-6.693001,-0.005908518,-0.8074906,-0.5897955,0.008083918,
1,5,17.76535,-0.2845019,0.3474411,-6.721642,-0.002255117,-0.9742081,-0.2254294,0.009751828,
1,5,17.77317,-0.2850402,0.3503576,-6.748492,0.001508624,-0.9886329,0.1500166,0.00989534,
1,5,17.78109,-0.2855862,0.3526946,-6.775729,0.005104619,-0.8608279,0.5087977,0.008615247,
1,5,17.78942,-0.2861604,0.3544776,-6.804372,0.008077583,-0.5925159,0.8054964,0.005928906,
1,5,17.79769,-0.2867301,0.3555654,-6.832766,0.009749984,-0.2326813,0.9725014,0.002326788,
1,5,17.80602,-0.2873043,0.3559772,-6.861137,0.009883008,0.1666559,0.9859642,-0.001670355,
1,5,17.81436,-0.2878785,0.355699,-6.889509,0.008439316,0.5391846,0.842128,-0.005398794,
1,5,17.82237,-0.2884308,0.3547846,-6.9168,0.005777668,0.8168604,0.5767485,-0.008177545,
1,5,17.83071,-0.289005,0.35316,-6.945172,0.002116068,0.9773133,0.2115619,-0.009782738,
1,5,17.83904,-0.2895792,0.3508489,-6.973544,-0.001879876,0.9822989,-0.187053,-0.00983173,
1,5,17.84737,-0.2901534,0.3478504,-7.001916,-0.005575089,0.8312927,-0.5557446,-0.008319419,
1,5,17.85555,-0.290717,0.3442425,-7.029766,-0.00834327,0.5546548,-0.8320202,-0.005549834,
1,5,17.86271,-0.2912101,0.3405439,-7.05413,-0.009728429,0.2415006,-0.970349,-0.002415076,
1,5,17.87104,-0.2917843,0.3356026,-7.082501,-0.009900688,-0.1558808,-0.987725,0.001562449,
1,6,17.87938,0,0.5,7.5,0,0,0,1,BallLaunch
1,6,17.88771,-0.001082531,0.5429699,7.445868,-0.00330913,-0.9435973,-0.3309444,0.009434998,
1,6,17.8937,-0.001922292,0.5759007,7.403913,-0.00330913,-0.9435973,-0.3309444,0.009434998,
1,6,17.90203,-0.003088622,0.6210516,7.345548,-0.00330913,-0.9435973,-0.3309444,0.009434998,
1,6,17.90998,-0.004198369,0.6633738,7.290105,-0.00330913,-0.9435973,-0.3309444,0.009434998,
1,6,17.91831,-0.0053605,0.707024,7.232011,-0.00330913,-0.9435973,-0.3309444,0.009434998,
1,6,17.92663,-0.006518074,0.7498243,7.17409,-0.00330913,-0.9435973,-0.3309444,0.009434998,
1,6,17.93496,-0.007675882,0.7919546,7.116266,-0.00330913,-0.9435973,-0.3309444,0.009434998,
1,6,17.94317,-0.008814639,0.8327244,7.05929,-0.00330913,-0.9435973,-0.3309444,0.009434998,
1,6,17.95113,-0.009916552,0.8715387,7.004198,-0.00330913,-0.9435973,-0.3309444,0.009434998,
1,6,17.95946,-0.01106828,0.9114422,6.946643,-0.00330913,-0.9435973,-0.3309444,0.009434998,
1,6,17.9678,-0.01221799,0.9505882,6.88909,-0.00330913,-0.9435973,-0.3309444,0.009434998,
1,6,17.97579,-0.01331892,0.9874325,6.834101,-0.00330913,-0.9435973,-0.3309444,0.009434998,
1,6,17.98412,-0.01446468,1.025107,6.776817,-0.00330913,-0.9435973,-0.3309444,0.009434998,
1,6,17.99236,-0.01559473,1.06159,6.720235,-0.00330913,-0.9435973,-0.3309444,0.009434998,
1,6,18.00029,-0.01668137,1.096045,6.665976,-0.00330913,-0.9435973,-0.3309444,0.009434998,
1,6,18.00811,-0.017752,1.129391,6.612432,-0.00330913,-0.9435973,-0.3309444,0.009434998,
1,6,18.01645,-0.01889013,1.164179,6.555465,-0.00330913,-0.9435973,-0.3309444,0.009434998,
1,6,18.02397,-0.01991599,1.194937,6.50424,-0.00330913,-0.9435973,-0.3309444,0.009434998,
1,6,18.0323,-0.02105049,1.228319,6.447495,-0.00330913,-0.9435973,-0.3309444,0.009434998,
1,6,18.04064,-0.02218318,1.260949,6.390805,-0.00330913,-0.9435973,-0.3309444,0.009434998,
1,6,18.04897,-0.02331404,1.292853,6.334332,-0.00330913,-0.9435973,-0.3309444,0.009434998,
1,6,18.05715,-0.02442218,1.32345,6.278894,-0.00330913,-0.9435973,-0.3309444,0.009434998,
1,6,18.0644,-0.02540336,1.349991,6.229782,-0.00330913,-0.9435973,-0.3309444,0.009434998,
1,6,18.07253,-0.02650112,1.379068,6.174971,-0.00330913,-0.9435973,-0.3309444,0.009434998,
1,6,18.08086,-0.0276248,1.408166,6.118767,-0.00330913,-0.9435973,-0.3309444,0.009434998,
1,6,18.08876,-0.02868807,1.435063,6.065526,-0.00330913,-0.9435973,-0.3309444,0.009434998,
1,6,18.0971,-0.02980836,1.462732,6.009593,-0.00330913,-0.9435973,-0.3309444,0.009434998,
1,6,18.10525,-0.03090286,1.48911,5.954855,-0.00330913,-0.9435973,-0.3309444,0.009434998,
1,6,18.11358,-0.03201979,1.515342,5.898942,-0.00330913,-0.9435973,-0.3309444,0.009434998,
1,6,18.12192,-0.03313476,1.540857,5.843278,-0.00330913,-0.9435973,-0.3309444,0.009434998,
1,6,18.13025,-0.03424804,1.565648,5.787616,-0.00330913,-0.9435973,-0.3309444,0.009434998,
1,6,18.13842,-0.0353383,1.589256,5.733022,-0.00330913,-0.9435973,-0.3309444,0.009434998,
1,6,18.14676,-0.03644824,1.612614,5.677611,-0.00330913,-0.9435973,-0.3309444,0.009434998,
1,6,18.15492,-0.03753348,1.634796,5.62337,-0.00330913,-0.9435973,-0.3309444,0.009434998,
1,6,18.16325,-0.03863991,1.656734,5.567977,-0.00330913,-0.9435973,-0.3309444,0.009434998,
1,6,18.17087,-0.03964998,1.676169,5.517493,-0.00330913,-0.9435973,-0.3309444,0.009434998,
1,6,18.1792,-0.04075348,1.696735,5.46237,-0.00330913,-0.9435973,-0.3309444,0.009434998,
1,6,18.18754,-0.04185542,1.71659,5.407248,-0.00330913,-0.9435973,-0.3309444,0.009434998,
1,6,18.19559,-0.04291825,1.735098,5.354037,-0.00330913,-0.9435973,-0.3309444,0.009434998,
1,6,18.20226,-0.04379814,1.749936,5.310112,-0.00330913,-0.9435973,-0.3309444,0.009434998,
1,6,18.2106,-0.04489546,1.767818,5.25526,-0.00330913,-0.9435973,-0.3309444,0.009434998,
1,6,18.21893,-0.04599107,1.784999,5.200408,-0.00330913,-0.9435973,-0.3309444,0.009434998,
1,6,18.22726,-0.04708483,1.801472,5.145727,-0.00330913,-0.9435973,-0.3309444,0.009434998,
1,6,18.23542,-0.04815453,1.816902,5.09229,-0.00330913,-0.9435973,-0.3309444,0.009434998,
1,6,18.24325,-0.04917945,1.831071,5.041029,-0.00330913,-0.9435973,-0.3309444,0.009434998,
1,6,18.25123,-0.0502225,1.844879,4.988803,-0.00330913,-0.9435973,-0.3309444,0.009434998,
1,6,18.25956,-0.05131036,1.858609,4.934491,-0.00330913,-0.9435973,-0.3309444,0.009434998,
1,6,18.26789,-0.05239679,1.871636,4.88018,-0.00330913,-0.9435973,-0.3309444,0.009434998,
1,6,18.27581,-0.05342792,1.883363,4.828567,-0.00330913,-0.9435973,-0.3309444,0.009434998,
1,6,18.28415,-0.05451117,1.895034,4.774422,-0.00330913,-0.9435973,-0.3309444,0.009434998,
1,6,18.29234,-0.05557492,1.905824,4.721283,-0.00330913,-0.9435973,-0.3309444,0.009434998,
1,6,18.30067,-0.05665559,1.916099,4.667241,-0.00330913,-0.9435973,-0.3309444,0.009434998,
1,6,18.30883,-0.05771099,1.92548,4.614368,-0.00330913,-0.9435973,-0.3309444,0.009434998,
1,6,18.31716,-0.0587884,1.93438,4.560591,-0.00330913,-0.9435973,-0.3309444,0.009434998,
1,6,18.32307,-0.05955169,1.940265,4.522468,-0.00330913,-0.9435973,-0.3309444,0.009434998,
1,6,18.3314,-0.06062618,1.947979,4.468697,-0.00330913,-0.9435973,-0.3309444,0.009434998,
1,6,18.33974,-0.06169948,1.954999,4.414949,-0.00330913,-0.9435973,-0.3309444,0.009434998,
1,6,18.34676,-0.06260332,1.960378,4.369856,-0.00330913,-0.9435973,-0.3309444,0.009434998,
1,6,18.35509,-0.06367464,1.966125,4.316355,-0.00330913,-0.9435973,-0.3309444,0.009434998,
1,6,18.36342,-0.06474281,1.971171,4.262855,-0.00330913,-0.9435973,-0.3309444,0.009434998,
1,6,18.37176,-0.06581098,1.97553,4.20941,-0.00330913,-0.9435973,-0.3309444,0.009434998,
1,6,18.38009,-0.06687757,1.979202,4.156179,-0.00330913,-0.9435973,-0.3309444,0.009434998,
1,6,18.38669,-0.0677202,1.981625,4.114021,-0.00330913,-0.9435973,-0.3309444,0.009434998,
1,6,18.39503,-0.06878415,1.984068,4.06079,-0.00330913,-0.9435973,-0.3309444,0.009434998,
1,6,18.40192,-0.06966457,1.985563,4.016771,-0.00330913,-0.9435973,-0.3309444,0.009434998,
1,6,18.41025,-0.07072433,1.986746,3.963738,-0.00330913,-0.9435973,-0.3309444,0.009434998,
1,6,18.41795,-0.07170326,1.987238,3.914815,-0.00330913,-0.9435973,-0.3309444,0.009434998,
1,6,18.42594,-0.07271913,1.987121,3.864061,-0.00330913,-0.9435973,-0.3309444,0.009434998,
1,6,18.4342,-0.07376558,1.986345,3.81169,-0.00330913,-0.9435973,-0.3309444,0.009434998,
1,6,18.44254,-0.07482108,1.984885,3.758889,-0.00330913,-0.9435973,-0.3309444,0.009434998,
1,6,18.44989,-0.07575272,1.983031,3.712382,-0.00330913,-0.9435973,-0.3309444,0.009434998,
1,6,18.4581,-0.07678913,1.980328,3.660483,-0.00330913,-0.9435973,-0.3309444,0.009434998,
1,6,18.46416,-0.07755334,1.977914,3.622278,-0.00330913,-0.9435973,-0.3309444,0.009434998,
1,6,18.47249,-0.07860461,1.97401,3.569723,-0.00330913,-0.9435973,-0.3309444,0.009434998,
1,6,18.48083,-0.07965345,1.969428,3.517294,-0.00330913,-0.9435973,-0.3309444,0.009434998,
1,6,18.48916,-0.08070049,1.964159,3.464877,-0.00330913,-0.9435973,-0.3309444,0.009434998,
1,6,18.49749,-0.08174755,1.958213,3.412591,-0.00330913,-0.9435973,-0.3309444,0.009434998,
1,6,18.50566,-0.08277079,1.951739,3.361389,-0.00330913,-0.9435973,-0.3309444,0.009434998,
1,6,18.51391,-0.08380428,1.944525,3.309706,-0.00330913,-0.9435973,-0.3309444,0.009434998,
1,6,18.52098,-0.08468778,1.93785,3.265523,-0.00330913,-0.9435973,-0.3309444,0.009434998,
1,6,18.52931,-0.08572944,1.929335,3.213508,-0.00330913,-0.9435973,-0.3309444,0.009434998,
1,6,18.53764,-0.08676805,1.92015,3.161504,-0.00330913,-0.9435973,-0.3309444,0.009434998,
1,6,18.54441,-0.08761159,1.912193,3.119368,-0.00330913,-0.9435973,-0.3309444,0.009434998,
1,6,18.55274,-0.08864982,1.9018,3.067488,-0.00330913,-0.9435973,-0.3309444,0.009434998,
1,6,18.56085,-0.0896566,1.891032,3.01712,-0.00330913,-0.9435973,-0.3309444,0.009434998,
1,6,18.56918,-0.09068955,1.879335,2.96545,-0.00330913,-0.9435973,-0.3309444,0.009434998,
1,6,18.5761,-0.09154953,1.869081,2.922543,-0.00330913,-0.9435973,-0.3309444,0.009434998,
1,6,18.58444,-0.09258015,1.856146,2.870933,-0.00330913,-0.9435973,-0.3309444,0.009434998,
1,6,18.59243,-0.09356805,1.84311,2.821545,-0.00330913,-0.9435973,-0.3309444,0.009434998,
1,6,18.60075,-0.09459634,1.828897,2.770164,-0.00330913,-0.9435973,-0.3309444,0.009434998,
1,6,18.60894,-0.09560569,1.814242,2.719667,-0.00330913,-0.9435973,-0.3309444,0.009434998,
1,6,18.61726,-0.09663033,1.798708,2.668392,-0.00330913,-0.9435973,-0.3309444,0.009434998,
1,6,18.6256,-0.09765628,1.782485,2.617176,-0.00330913,-0.9435973,-0.3309444,0.009434998,
1,6,18.6334,-0.09861392,1.766696,2.569219,-0.00330913,-0.9435973,-0.3309444,0.009434998,
1,6,18.6416,-0.09961925,1.749489,2.518959,-0.00330913,-0.9435973,-0.3309444,0.009434998,
1,6,18.64993,-0.100641,1.731344,2.46789,-0.00330913,-0.9435973,-0.3309444,0.009434998,
1,6,18.65788,-0.1016127,1.713426,2.419297,-0.00330913,-0.9435973,-0.3309444,0.009434998,
1,6,18.66622,-0.1026302,1.693984,2.368366,-0.00330913,-0.9435973,-0.3309444,0.009434998,
1,6,18.67455,-0.1036477,1.6739,2.317567,-0.00330913,-0.9435973,-0.3309444,0.009434998,
1,6,18.68242,-0.1046056,1.654342,2.269615,-0.00330913,-0.9435973,-0.3309444,0.009434998,
1,6,18.69075,-0.1056189,1.632981,2.218951,-0.00330913,-0.9435973,-0.3309444,0.009434998,
1,6,18.69909,-0.1066322,1.610965,2.168304,-0.00330913,-0.9435973,-0.3309444,0.009434998,
1,6,18.7072,-0.1076168,1.58889,2.119073,-0.00330913,-0.9435973,-0.3309444,0.009434998,
1,6,18.71554,-0.1086258,1.565587,2.068586,-0.00330913,-0.9435973,-0.3309444,0.009434998,
1,6,18.72331,-0.1095669,1.543272,2.02159,-0.00330913,-0.9435973,-0.3309444,0.009434998,
1,6,18.73164,-0.1105736,1.518715,1.971235,-0.00330913,-0.9435973,-0.3309444,0.009434998,
1,6,18.73821,-0.1113656,1.498905,1.931611,-0.00330913,-0.9435973,-0.3309444,0.009434998,
1,6,18.74654,-0.1123704,1.47319,1.881397,-0.00330913,-0.9435973,-0.3309444,0.009434998,
1,6,18.75431,-0.1133059,1.448626,1.834631,-0.00330913,-0.9435973,-0.3309444,0.009434998,
1,6,18.76265,-0.1143065,1.42166,1.784553,-0.00330913,-0.9435973,-0.3309444,0.009434998,
1,6,18.77098,-0.1153071,1.394054,1.734554,-0.00330913,-0.9435973,-0.3309444,0.009434998,
1,6,18.77932,-0.1163055,1.365806,1.684625,-0.00330913,-0.9435973,-0.3309444,0.009434998,
1,6,18.78765,-0.1173019,1.336916,1.634766,-0.00330913,-0.9435973,-0.3309444,0.009434998,
1,6,18.79591,-0.1182901,1.307632,1.585395,-0.00330913,-0.9435973,-0.3309444,0.009434998,
1,6,18.8038,-0.1192308,1.279108,1.538367,-0.00330913,-0.9435973,-0.3309444,0.009434998,
1,6,18.81213,-0.1202229,1.248333,1.488725,-0.00330913,-0.9435973,-0.3309444,0.009434998,
1,6,18.82046,-0.1212151,1.216923,1.439162,-0.00330913,-0.9435973,-0.3309444,0.009434998,
1,6,18.8288,-0.1222043,1.18488,1.389669,-0.00330913,-0.9435973,-0.3309444,0.009434998,
1,6,18.83667,-0.1231377,1.154019,1.342983,-0.00330913,-0.9435973,-0.3309444,0.009434998,
1,6,18.84444,-0.1240594,1.122987,1.29694,-0.00330913,-0.9435973,-0.3309444,0.009434998,
1,6,18.85278,-0.1250447,1.089114,1.247666,-0.00330913,-0.9435973,-0.3309444,0.009434998,
1,6,18.86012,-0.1259134,1.058773,1.204338,-0.00330913,-0.9435973,-0.3309444,0.009434998,
1,6,18.86845,-0.1268929,1.023716,1.155204,-0.00330913,-0.9435973,-0.3309444,0.009434998,
1,6,18.87651,-0.12784,0.9892198,1.107763,-0.00330913,-0.9435973,-0.3309444,0.009434998,
1,6,18.88484,-0.1288195,0.9529278,1.058776,-0.00330913,-0.9435973,-0.3309444,0.009434998,
1,6,18.89299,-0.1297773,0.9168368,1.010944,-0.00330913,-0.9435973,-0.3309444,0.009434998,
1,6,18.9001,-0.1306134,0.8848374,0.969256,-0.00330913,-0.9435973,-0.3309444,0.009434998,
1,6,18.90802,-0.1315415,0.848666,0.9228902,-0.00330913,-0.9435973,-0.3309444,0.009434998,
1,6,18.91636,-0.1325126,0.810007,0.8741909,-0.00330913,-0.9435973,-0.3309444,0.009434998,
1,6,18.92463,-0.133477,0.7710023,0.8259005,-0.00330913,-0.9435973,-0.3309444,0.009434998,
1,6,18.9325,-0.1343935,0.7333654,0.7800823,-0.00330913,-0.9435973,-0.3309444,0.009434998,
1,6,18.94038,-0.1353121,0.6950809,0.7342238,-0.00330913,-0.9435973,-0.3309444,0.009434998,
1,6,18.94864,-0.1362749,0.6543742,0.6862367,-0.00330913,-0.9435973,-0.3309444,0.009434998,
1,6,18.95675,-0.137213,0.6138707,0.6392646,-0.00330913,-0.9435973,-0.3309444,0.009434998,
1,6,18.96508,-0.1381756,0.5715985,0.5910186,-0.00330913,-0.9435973,-0.3309444,0.009434998,
1,6,18.97341,-0.1391382,0.5287057,0.5428519,-0.00330913,-0.9435973,-0.3309444,0.009434998,
1,6,18.98174,-0.1401008,0.4852042,0.4947652,-0.00330913,-0.9435973,-0.3309444,0.009434998,
1,6,18.98888,-0.1409247,0.4474872,0.4536709,-0.00330913,-0.9435973,-0.3309444,0.009434998,
1,6,18.99721,-0.1418851,0.4028512,0.4057308,-0.00330913,-0.9435973,-0.3309444,0.009434998,
1,6,19.00554,-0.1428393,0.3576055,0.3578713,-0.00330913,-0.9435973,-0.3309444,0.009434998,
1,6,19.0135,-0.1437501,0.3138494,0.3122579,-0.00330913,-0.9435973,-0.3309444,0.009434998,
1,6,19.02173,-0.1446925,0.2679943,0.2651388,-0.00330913,-0.9435973,-0.3309444,0.009434998,
1,6,19.03006,-0.1456467,0.2209683,0.2175154,-0.00330913,-0.9435973,-0.3309444,0.009434998,
1,6,19.0384,-0.1466009,0.1733375,0.1699719,-0.00330913,-0.9435973,-0.3309444,0.009434998,
1,6,19.04673,-0.1475472,0.1251058,0.1225105,-0.00330913,-0.9435973,-0.3309444,0.009434998,
1,6,19.05252,-0.1482043,0.09124209,0.08958307,-0.00330913,-0.9435973,-0.3309444,0.009434998,
1,6,19.06085,-0.14915,0.04199449,0.04226016,-0.00330913,-0.9435973,-0.3309444,0.009434998,CourtEnter
1,6,19.06919,-0.1498738,0.06673804,0.006096578,0.0008508993,-0.9963938,0.08425829,0.009964112,CourtExit
1,6,19.07752,-0.1505578,0.1040106,-0.0282594,0.005434385,-0.8401819,0.5422123,0.008402079,
1,6,19.08584,-0.1512408,0.1404901,-0.06253435,0.008740441,-0.4881355,0.8727104,0.004881648,
1,6,19.09418,-0.1519247,0.1762792,-0.09682322,0.01000839,-0.02195065,0.999709,0.0002197738,
1,6,19.10132,-0.1525116,0.2063938,-0.1262134,0.009231225,0.3861526,0.9223806,-0.003861314,
1,6,19.10966,-0.1531955,0.2408076,-0.1604389,0.006342658,0.7731608,0.6341312,-0.007731486,
1,6,19.11794,-0.1538749,0.2742612,-0.1944017,0.002012643,0.9793832,0.2017635,-0.009793817,
1,6,19.12625,-0.1545569,0.3071168,-0.2284674,-0.00279465,0.9604001,-0.278445,-0.009604092,
1,6,19.13324,-0.1551314,0.3342209,-0.2571305,-0.006383087,0.7707747,-0.6370293,-0.007707917,
1,6,19.14158,-0.1558153,0.3658184,-0.2912298,-0.009246336,0.3838989,-0.9233209,-0.003839224,
1,6,19.14991,-0.1564993,0.3966858,-0.3252979,-0.009967904,-0.09157225,-0.9957482,0.0009154527,
1,6,19.15824,-0.1571833,0.4268216,-0.359333,-0.008385355,-0.5455709,-0.838005,0.00545545,
1,6,19.16625,-0.1578406,0.4550984,-0.3920126,-0.005032741,-0.8640232,-0.5033528,0.008640028,
1,6,19.17459,-0.158522,0.4838072,-0.4259855,-0.0004204215,-0.9990364,-0.0427351,0.009990254,
1,6,19.18185,-0.1591108,0.5082403,-0.4555716,0.003715665,-0.9287927,0.3704647,0.009287919,
1,6,19.19018,-0.1597863,0.5355926,-0.4894847,0.007615153,-0.6496295,0.7601851,0.006496414,
1,6,19.1964,-0.1602901,0.5555192,-0.5147544,0.009418891,-0.3394047,0.9405872,0.00339425,
1,6,19.20473,-0.1609656,0.5816076,-0.5486125,0.009915492,0.1368282,0.9905443,-0.001367992,
1,6,19.21305,-0.16164,0.6069317,-0.5823822,0.008145019,0.5807471,0.8140227,-0.005807132,
1,6,19.22138,-0.1623155,0.6315774,-0.6161782,0.004511004,0.8923378,0.4512575,-0.008923048,
1,6,19.22972,-0.162991,0.6555054,-0.6499432,-0.0001515577,0.9998463,-0.01439907,-0.009998203,
1,6,19.23777,-0.1636439,0.6779507,-0.6825504,-0.004634261,0.8866917,-0.4622528,-0.008866786,
1,6,19.24611,-0.1643195,0.7004682,-0.7162583,-0.008219326,0.5714254,-0.820593,-0.005714288,
1,6,19.25359,-0.1649262,0.7200796,-0.746502,-0.009857868,0.1747725,-0.984558,-0.001747913,
1,6,19.26184,-0.165595,0.7410358,-0.7798183,-0.009558518,-0.2964198,-0.9550053,0.00296385,
1,6,19.27017,-0.1662706,0.7614864,-0.8134342,-0.007097373,-0.7046676,-0.7094671,0.007046217,
1,6,19.27706,-0.166829,0.777858,-0.8412065,-0.003811273,-0.9243616,-0.3813864,0.009243135,
1,6,19.2854,-0.1675046,0.7970052,-0.8747702,0.0008987722,-0.9959779,0.08903961,0.009959373,
1,6,19.29373,-0.1681733,0.8154498,-0.9083066,0.00540271,-0.8422177,0.5390449,0.008421935,
1,6,19.30192,-0.1688287,0.8328753,-0.9412273,0.008641109,-0.5054925,0.8627729,0.005054907,
1,6,19.30901,-0.1693965,0.8474175,-0.9697228,0.00993744,-0.1214625,0.9925455,0.001214815,
1,6,19.31734,-0.1700636,0.8638506,-1.003173,0.00937507,0.3499365,0.93672,-0.003498947,
1,6,19.32563,-0.1707267,0.8794903,-1.036414,0.006723161,0.7403798,0.6721144,-0.007403228,
1,6,19.33392,-0.1713902,0.8944311,-1.069616,0.002576069,0.9660838,0.2580354,-0.009660229,
1,6,19.34225,-0.1720573,0.9087446,-1.102987,-0.002166225,0.976418,-0.2156568,-0.009763662,
1,6,19.34694,-0.1724328,0.9164949,-1.121766,-0.004687534,0.8838969,-0.4675748,-0.008838557,
1,6,19.35528,-0.1730999,0.9297081,-1.15507,-0.00823051,0.5698193,-0.8217091,-0.005698037,
1,6,19.36361,-0.173767,0.9422179,-1.188373,-0.009928833,0.1283482,-0.9916787,-0.001283635,
1,6,19.37161,-0.1744077,0.9535705,-1.220312,-0.009469084,-0.3237482,-0.9460903,0.00323704,
1,6,19.37925,-0.1750192,0.9638118,-1.250781,-0.007202276,-0.6939669,-0.7199374,0.006939017,
1,6,19.38759,-0.1756863,0.9743145,-1.284004,-0.003208576,-0.9469581,-0.3212014,0.009468834,
1,6,19.39592,-0.1763534,0.9841147,-1.317172,0.001497717,-0.9888061,0.1488705,0.009887381,
1,6,19.40425,-0.1770204,0.9932093,-1.35034,0.005867947,-0.8105837,0.5855373,0.00810538,
1,6,19.41259,-0.1776849,1.001605,-1.383455,0.008931474,-0.4522931,0.8918132,0.0045228,
1,6,19.41958,-0.1782377,1.00812,-1.411237,0.009986565,-0.07012456,0.997488,0.0007014205,
1,6,19.42791,-0.1788963,1.015236,-1.444322,0.009197419,0.3941155,0.9190065,-0.003940631,
1,6,19.4362,-0.1795509,1.02161,-1.47715,0.006394297,0.7689036,0.6392865,-0.007688267,
1,6,19.44419,-0.1801832,1.027122,-1.508861,0.00235155,0.971795,0.2356154,-0.009717094,
1,6,19.45253,-0.1808418,1.032176,-1.541842,-0.002353589,0.9720957,-0.2343711,-0.009720189,
1,6,19.46079,-0.1814948,1.036508,-1.574528,-0.006506061,0.7604573,-0.6493109,-0.007604063,
1,6,19.46912,-0.1821535,1.040186,-1.607467,-0.009261,0.3803724,-0.9247792,-0.003803595,
1,6,19.47593,-0.1826914,1.042675,-1.634336,-0.01001068,0.003419454,-0.9999441,-3.440431E-05,
1,6,19.48426,-0.18335,1.045096,-1.667233,-0.008922277,-0.4527815,-0.8915654,0.004527222,
1,6,19.49051,-0.1838434,1.046448,-1.691839,-0.006792768,-0.7340125,-0.6790623,0.007339314,
1,6,19.49884,-0.184502,1.047658,-1.724669,-0.002698705,-0.9627284,-0.2702852,0.009626344,
1,6,19.50717,-0.1851606,1.048172,-1.75749,0.001984606,-0.9802502,0.1975084,0.009801631,
1,6,19.51421,-0.1857166,1.04807,-1.785147,0.005637974,-0.8267019,0.5625512,0.008266366,
1,6,19.52254,-0.1863753,1.047313,-1.81791,0.008782587,-0.4805337,0.8769192,0.004805077,
1,6,19.53087,-0.1870339,1.045869,-1.850633,0.01000653,-0.02957187,0.9995126,0.0002959257,
1,6,19.53809,-0.1876008,1.044058,-1.87893,0.009299599,0.3694522,0.9291959,-0.003693926,
1,6,19.54642,-0.188251,1.041325,-1.911614,0.006604211,0.7509862,0.6602421,-0.007508926,
1,6,19.55451,-0.1888819,1.038021,-1.943275,0.002607347,0.9652433,0.2611619,-0.009651346,
1,6,19.56283,-0.1895314,1.033943,-1.975867,-0.002053474,0.9788386,-0.2043894,-0.009787373,
1,6,19.57116,-0.1901816,1.029173,-2.008445,-0.006270512,0.7799433,-0.6257701,-0.007798719,
1,6,19.5795,-0.1908318,1.023715,-2.041005,-0.009124801,0.4119441,-0.9111542,-0.004119195,
1,6,19.58759,-0.1914634,1.017756,-2.072635,-0.01000541,-0.03171433,-0.9994469,0.0003168757,
1,6,19.59569,-0.1920955,1.011149,-2.104245,-0.008838153,-0.4689346,-0.8831763,0.004688604,
1,6,19.60403,-0.1927457,1.003673,-2.13667,-0.005757504,-0.8175896,-0.5757146,0.008174807,
1,6,19.61198,-0.1933659,0.9959109,-2.167603,-0.001648604,-0.9861743,-0.1654093,0.009860526,
1,6,19.62031,-0.1940161,0.9871042,-2.200028,0.002988666,-0.954569,0.2978221,0.009544598,
1,6,19.62864,-0.1946663,0.977615,-2.232453,0.006979542,-0.7173515,0.6966396,0.007172788,
1,6,19.63416,-0.1950971,0.9709517,-2.253869,0.008836626,-0.4705367,0.8823237,0.004704985,
1,6,19.6425,-0.1957473,0.96033,-2.286159,0.01000843,-0.02208097,0.9997061,0.0002210183,
1,6,19.65083,-0.1963975,0.9490293,-2.318448,0.00903054,0.4308594,0.9023636,-0.004307809,
1,6,19.65808,-0.1969565,0.938652,-2.346517,0.006588844,0.7523337,0.6587064,-0.007522169,
1,6,19.66641,-0.1975982,0.9260784,-2.3788,0.002490183,0.9683335,0.24946,-0.009681953,
1,6,19.67474,-0.19824,0.9128257,-2.410955,-0.002138975,0.9770163,-0.2129298,-0.009768859,
1,6,19.6804,-0.1986757,0.9034431,-2.432785,-0.005078115,0.8621235,-0.5065994,-0.008620147,
1,6,19.68873,-0.1993174,0.8890532,-2.464939,-0.008414203,0.5423824,-0.8400721,-0.005423252,
1,6,19.69704,-0.1999568,0.874041,-2.496977,-0.009952059,0.1088485,-0.9940079,-0.001088567,
1,6,19.70537,-0.2005986,0.8582972,-2.529045,-0.009378464,-0.3490422,-0.9370536,0.003489688,
1,6,19.7137,-0.2012403,0.8418791,-2.561064,-0.006810027,-0.7324166,-0.6807834,0.007322904,
1,6,19.72151,-0.2018416,0.8258842,-2.591064,-0.003076813,-0.9513196,-0.3080439,0.009511665,
1,6,19.72976,-0.2024765,0.8083577,-2.622742,0.001470375,-0.989214,0.146136,0.009890626,
1,6,19.73791,-0.2031048,0.7903614,-2.654011,0.005670372,-0.8244911,0.5657865,0.008243727,
1,6,19.74625,-0.2037465,0.7713138,-2.685896,0.008763848,-0.483946,0.8750407,0.004838874,
1,6,19.75458,-0.2043883,0.7515956,-2.71778,0.01000251,-0.04127221,0.9990978,0.0004128723,
1,6,19.76252,-0.204993,0.7321879,-2.748154,0.009216202,0.3897246,0.9208771,-0.003896395,
1,6,19.77085,-0.2056263,0.7111582,-2.779927,0.006497813,0.7601941,0.6496192,-0.00760052,
1,6,19.77919,-0.2062596,0.6894596,-2.811677,0.002412357,0.9703025,0.241688,-0.009701323,
1,6,19.78752,-0.2068929,0.6670924,-2.843426,-0.002178229,0.9761534,-0.2168511,-0.009759904,
1,6,19.79573,-0.207517,0.6443953,-2.874688,-0.006256253,0.7810873,-0.6243417,-0.007809659,
1,6,19.80407,-0.2081503,0.620706,-2.906303,-0.009084271,0.4208053,-0.9070957,-0.004207526,
1,6,19.8124,-0.2087836,0.5963472,-2.937917,-0.01000674,-0.02745063,-0.9995731,0.0002742301,
1,6,19.81895,-0.2092818,0.5767215,-2.962785,-0.009254212,-0.3806432,-0.9246678,0.003805541,
1,6,19.82729,-0.2099151,0.5511762,-2.99433,-0.00658791,-0.7524149,-0.6586136,0.007522639,
1,6,19.83562,-0.2105484,0.5249694,-3.025809,-0.002547487,-0.9668409,-0.255184,0.009666591,
1,6,19.84256,-0.2110755,0.5026481,-3.05201,0.0012593,-0.9921002,0.1250492,0.009919218,
1,6,19.85082,-0.2116984,0.4754682,-3.083215,0.005507214,-0.8354462,0.5494813,0.008353055,
1,6,19.85915,-0.2123232,0.4473909,-3.114562,0.008646495,-0.5045831,0.8633052,0.005045107,
1,6,19.86734,-0.2129372,0.4191605,-3.145357,0.009981478,-0.07710319,0.9969729,0.0007711328,
1,6,19.87447,-0.213472,0.3940496,-3.172185,0.009512338,0.3108662,0.950401,-0.003107836,
1,6,19.8828,-0.2140968,0.3641023,-3.203435,0.007144224,0.6999261,0.7141452,-0.006997733,
1,6,19.89114,-0.2147217,0.3334978,-3.234644,0.003298807,0.9438524,0.3302162,-0.009436598,
1,6,19.89925,-0.21533,0.3030752,-3.265025,-0.001105137,0.9939203,-0.1096474,-0.009937267,
1,6,19.90758,-0.2159548,0.2711747,-3.29616,-0.005392941,0.8428469,-0.5380604,-0.008426919,
1,6,19.91582,-0.2165723,0.2390135,-3.326865,-0.00853788,0.5227283,-0.8524406,-0.005226429,
1,6,19.92415,-0.2171971,0.2058153,-3.357939,-0.009968693,0.09228503,-0.9956823,-0.000922889,
1,6,19.93188,-0.2177717,0.174446,-3.386678,-0.009462519,-0.3256628,-0.945433,0.003255747,
1,6,19.94014,-0.2183827,0.140297,-3.417346,-0.00707773,-0.7066374,-0.7075053,0.007064748,
1,6,19.94827,-0.2189838,0.106076,-3.447519,-0.003336909,-0.9425134,-0.3340187,0.009423094,
1,6,19.95593,-0.2195509,0.07322948,-3.475902,0.0008008665,-0.9968044,0.0792536,0.009965979,
1,6,19.96402,-0.2201488,0.03806378,-3.50578,0.004995092,-0.8669487,0.498297,0.008667758,CourtEnter
1,6,19.97235,-0.2207822,0.06197024,-3.537529,0.00808677,-0.5910804,0.8065505,0.005906392,CourtExit
1,6,19.98068,-0.2214155,0.0891702,-3.569268,0.009791795,-0.214299,0.9767167,0.002138077,
1,6,19.98899,-0.2220466,0.1155607,-3.600772,0.009826456,0.1974284,0.980266,-0.001978837,
1,6,19.99732,-0.2226799,0.1413234,-3.632387,0.008188333,0.5766321,0.8169425,-0.005769714,
1,6,20.00535,-0.2232901,0.1654674,-3.662847,0.005286382,0.8494809,0.5275246,-0.008496525,
1,6,20.01353,-0.2239115,0.1893698,-3.693865,0.001477757,0.9889916,0.1476334,-0.009889644,
1,6,20.02186,-0.2245448,0.2130243,-3.725449,-0.002646072,0.9645429,-0.2637368,-0.00964318,
1,6,20.0298,-0.2251486,0.2349104,-3.755463,-0.006166972,0.788466,-0.614997,-0.007880884,
1,6,20.03814,-0.2257819,0.2571687,-3.786942,-0.008827724,0.4739672,-0.8804855,-0.004734935,
1,6,20.04473,-0.2262833,0.2742878,-3.811866,-0.009887212,0.1650045,-0.9862419,-0.001645125,
1,6,20.05301,-0.2269126,0.295141,-3.843146,-0.009722701,-0.243204,-0.9699234,0.002436431,
1,6,20.06135,-0.2275455,0.3154155,-3.874625,-0.007920791,-0.6126884,-0.7902611,0.006129988,
1,6,20.06918,-0.2281327,0.3338282,-3.90409,-0.00500205,-0.8664489,-0.4991654,0.008665902,
1,6,20.07466,-0.2285439,0.3463483,-3.924717,-0.002484102,-0.9687044,-0.2480157,0.00968713,
1,6,20.083,-0.2291688,0.36478,-3.956061,0.001623889,-0.9867787,0.1617648,0.009865872,
1,6,20.09133,-0.2297936,0.382506,-3.987405,0.00545643,-0.8389568,0.5441061,0.008385976,
1,6,20.09639,-0.2301731,0.3929273,-4.00644,0.007371282,-0.6778256,0.7351546,0.00677393,
1,6,20.10472,-0.2307979,0.4095236,-4.037784,0.009476313,-0.326289,0.945217,0.003257965,
1,6,20.11306,-0.2314228,0.4254167,-4.069128,0.009992186,0.07970882,0.9967678,-0.000801775,
1,6,20.12108,-0.2320244,0.4400531,-4.099306,0.008906952,0.4585786,0.8885974,-0.004589483,
1,6,20.12941,-0.2326493,0.4545635,-4.130572,0.006322373,0.7758407,0.6308495,-0.00776046,
1,6,20.13775,-0.2332741,0.4683713,-4.161646,0.002683733,0.9633875,0.2679263,-0.00963393,
1,6,20.14494,-0.2338134,0.4797224,-4.188463,-0.0008394158,0.9964567,-0.08351072,-0.009962877,
1,6,20.15294,-0.2344135,0.4917377,-4.218307,-0.004615937,0.8877305,-0.4602549,-0.008873929,
1,6,20.16128,-0.2350384,0.5035604,-4.249381,-0.007784775,0.6301435,-0.7764142,-0.006296859,
1,6,20.16961,-0.2356632,0.5146854,-4.280455,-0.009658151,0.2679867,-0.9633705,-0.002674859,
1,6,20.17752,-0.2362559,0.5245984,-4.30993,-0.009954531,-0.1175086,-0.9930213,0.001179725,
1,6,20.1854,-0.2368469,0.5338575,-4.339318,-0.008769373,-0.4842361,-0.87488,0.004845925,
1,6,20.19373,-0.2374717,0.5429639,-4.370392,-0.006108923,-0.7926764,-0.6095604,0.007928611,
1,6,20.20206,-0.2380935,0.5513793,-4.401466,-0.002439658,-0.9698297,-0.2435784,0.009698112,
1,6,20.21038,-0.238709,0.5590839,-4.432496,0.001624899,-0.9867613,0.1618707,0.009865426,
1,6,20.21829,-0.2392937,0.5657648,-4.461928,0.00524585,-0.8522112,0.5231024,0.008518357,
1,6,20.22605,-0.2398681,0.5717166,-4.490632,0.00804538,-0.5966735,0.8024216,0.005961994,
1,6,20.23415,-0.2404667,0.5772809,-4.520548,0.009731147,-0.240241,0.9706616,0.002397381,
1,6,20.24248,-0.2410832,0.5823205,-4.551352,0.009886623,0.16489,0.9862611,-0.001653388,
1,6,20.25081,-0.2416996,0.5866739,-4.582155,0.008418166,0.5427088,0.8398612,-0.005430277,
1,6,20.25915,-0.242316,0.5903356,-4.612959,0.00556958,0.8312765,0.5557691,-0.008314127,
1,6,20.26717,-0.2429098,0.5932026,-4.642632,0.001957297,0.9806598,0.1954644,-0.009805973,
1,6,20.27551,-0.2435262,0.5955042,-4.673435,-0.002097378,0.9778636,-0.2090046,-0.009776048,
1,6,20.28363,-0.2441272,0.5970874,-4.70347,-0.005723579,0.8210521,-0.5707657,-0.008206432,
1,6,20.29163,-0.2447189,0.5980033,-4.733038,-0.008425318,0.541974,-0.8403356,-0.005414801,
1,6,20.2994,-0.2452933,0.5982854,-4.761745,-0.009836801,0.1926646,-0.9812135,-0.001921601,
1,6,20.30757,-0.2458981,0.5979325,-4.791968,-0.009814222,-0.2033784,-0.9790489,0.002038148,
1,6,20.31591,-0.2465145,0.5968915,-4.822515,-0.008209623,-0.5736112,-0.8190665,0.005739057,
1,6,20.32422,-0.2471296,0.595171,-4.852983,-0.005279013,-0.8499374,-0.5267888,0.00850041,
1,6,20.33256,-0.247746,0.5927584,-4.883517,-0.00148797,-0.9888395,-0.1486489,0.009887346,
1,6,20.34047,-0.248331,0.5898324,-4.912495,0.002341453,-0.9723407,0.2333531,0.009720528,
1,6,20.34829,-0.2489027,0.5863293,-4.94118,0.005795053,-0.8160486,0.5778967,0.008156213,
1,6,20.35629,-0.2494864,0.5821264,-4.970494,0.008462944,-0.5361075,0.8440903,0.005356023,
1,6,20.36463,-0.2500944,0.5770739,-5.001028,0.00989468,-0.1604432,0.9869942,0.001599379,
1,6,20.37261,-0.2506769,0.5715913,-5.030281,0.009767975,0.2244246,0.9744399,-0.002248519,
1,6,20.38095,-0.2512849,0.565201,-5.060815,0.008095052,0.5895905,0.8076402,-0.00589867,
1,6,20.38928,-0.2518929,0.5581238,-5.091349,0.005119463,0.8595976,0.5108737,-0.008596774,
1,6,20.39761,-0.2525008,0.5503663,-5.12183,0.001322057,0.9911863,0.1320979,-0.009910562,
1,6,20.4056,-0.2530837,0.5422904,-5.150844,-0.002524458,0.9677771,-0.2516101,-0.009674651,
1,6,20.41343,-0.2536552,0.5337618,-5.179294,-0.005935382,0.8059516,-0.5918969,-0.008055064,
1,6,20.42177,-0.2542632,0.5240301,-5.209557,-0.008628124,0.5092292,-0.8605727,-0.005087129,
1,6,20.4301,-0.2548712,0.5136198,-5.23982,-0.009937911,0.1311529,-0.9913115,-0.001306492,
1,6,20.43834,-0.2554718,0.502664,-5.269719,-0.009670672,-0.2630145,-0.9647399,0.002634249,
1,6,20.44667,-0.2560797,0.4909008,-5.299979,-0.007865689,-0.6197125,-0.784765,0.006199624,
1,6,20.45499,-0.2566867,0.478482,-5.330191,-0.004812854,-0.8770524,-0.4802906,0.008771,
1,6,20.46177,-0.2571816,0.4678528,-5.354831,-0.001731828,-0.9848762,-0.172971,0.009847514,
1,6,20.4701,-0.2577896,0.4541813,-5.385094,0.002265422,-0.9741291,0.2257712,0.009738121,
1,6,20.47844,-0.2583976,0.4398351,-5.415343,0.005900206,-0.8085154,0.58839,0.008080567,
1,6,20.48677,-0.2590055,0.4248137,-5.445336,0.008595959,-0.5146105,0.8573657,0.005140836,
1,6,20.49463,-0.2595788,0.4100299,-5.473616,0.009892308,-0.1618888,0.9867581,0.001613746,
1,6,20.50285,-0.2601784,0.3939252,-5.503199,0.009753913,0.2304259,0.9730383,-0.002308482,
1,6,20.50881,-0.2606133,0.3818341,-5.524651,0.00870349,0.4959159,0.8683127,-0.004962283,
1,6,20.51714,-0.2612212,0.3643549,-5.554644,0.006078177,0.7950254,0.6064936,-0.007951424,
1,6,20.52547,-0.2618292,0.3462002,-5.584637,0.002494711,0.9684345,0.2490677,-0.009683368,
1,6,20.53355,-0.2624114,0.3279569,-5.613716,-0.001359251,0.9907441,-0.1353741,-0.009904528,
1,6,20.54164,-0.2629847,0.3090764,-5.642806,-0.005010785,0.8661667,-0.4996551,-0.008657255,
1,6,20.54926,-0.2635254,0.2906902,-5.670243,-0.007780969,0.6306009,-0.7760428,-0.006300789,
1,6,20.55759,-0.2641165,0.2699513,-5.700023,-0.009624985,0.2795934,-0.9600662,-0.002790639,
1,6,20.56593,-0.2647076,0.2485444,-5.729746,-0.009957341,-0.1150803,-0.9933056,0.001155335,
1,6,20.5739,-0.2652728,0.2274476,-5.758169,-0.008813278,-0.476237,-0.8792599,0.004765494,
1,6,20.58215,-0.2658584,0.2049496,-5.787612,-0.006300859,-0.777581,-0.6287031,0.007776988,
1,6,20.59048,-0.2664494,0.1815718,-5.817334,-0.002786907,-0.9604672,-0.2782136,0.009603693,
1,6,20.5986,-0.267025,0.1581698,-5.846277,0.001056132,-0.9944077,0.1051356,0.009941138,
1,6,20.60693,-0.2676161,0.1334811,-5.876,0.004832433,-0.8761907,0.4818609,0.008757414,
1,6,20.61361,-0.26809,0.1132043,-5.899831,0.0073395,-0.6812392,0.7319925,0.006807152,
1,6,20.62195,-0.268681,0.08731978,-5.929393,0.009408605,-0.3452261,0.9384661,0.003446833,
1,6,20.63028,-0.2692721,0.06077066,-5.958846,0.0100143,0.04422458,0.9989713,-0.0004470148,
1,6,20.63848,-0.2698534,0.03604246,-5.9878,0.009089247,0.4213575,0.9068393,-0.004218481,CourtEnter
1,6,20.64536,-0.2703414,0.05248752,-6.011903,0.007170819,0.6983725,0.7156645,-0.00699232,
1,6,20.65305,-0.2708866,0.07120705,-6.038818,0.004084479,0.9129761,0.4078902,-0.009139791,CourtExit
1,6,20.66138,-0.2714777,0.09082091,-6.068001,0.000106905,0.9998878,0.01114889,-0.01000886,
1,6,20.66952,-0.2720421,0.1093062,-6.096519,-0.003799866,0.9255028,-0.3786083,-0.009263377,
1,6,20.67753,-0.2725938,0.1268238,-6.124444,-0.007058959,0.7103032,-0.7038246,-0.007108486,
1,6,20.68553,-0.2731449,0.143672,-6.152195,-0.009242049,0.3876406,-0.9217561,-0.003878153,
1,6,20.69382,-0.273716,0.1604471,-6.180953,-0.01002368,-0.007749184,-0.9999198,7.98487E-05,
1,6,20.70215,-0.2742902,0.1766104,-6.209865,-0.009169074,-0.4036463,-0.9148602,0.004042534,
1,6,20.71048,-0.2748644,0.1920693,-6.238777,-0.006812682,-0.7331838,-0.6799568,0.007340611,
1,6,20.71852,-0.2754184,0.2063251,-6.266671,-0.00347794,-0.9376647,-0.3473972,0.00938666,
1,6,20.72667,-0.2759799,0.2201066,-6.294943,0.0004379167,-0.9990163,0.04320147,0.009999874,
1,6,20.73491,-0.2765478,0.2333641,-6.323543,0.004324719,-0.9023068,0.4309782,0.009030931,
1,6,20.74308,-0.2771104,0.2458243,-6.351871,0.007493871,-0.664486,0.7472336,0.006649662,
1,6,20.75141,-0.2776846,0.2578493,-6.380783,0.009514956,-0.3150652,0.9490171,0.003151576,
1,6,20.75915,-0.2782176,0.268386,-6.407622,0.01000779,0.05637016,0.9983596,-0.0005665078,
1,6,20.76748,-0.2787918,0.2790602,-6.436534,0.008969869,0.4459339,0.8950098,-0.00446568,
1,6,20.77453,-0.2792772,0.2875469,-6.460975,0.006943391,0.720877,0.6929907,-0.0072173,
1,6,20.78286,-0.2798514,0.2969378,-6.489664,0.003529347,0.935749,0.3525247,-0.009367305,
1,6,20.79067,-0.2803898,0.3051142,-6.51652,-0.0002012969,0.9997579,-0.01959677,-0.01000715,
1,6,20.79832,-0.2809164,0.3125175,-6.542787,-0.003824253,0.9245031,-0.3810431,-0.009253038,
1,6,20.80665,-0.2814906,0.3199292,-6.571428,-0.007163723,0.6997862,-0.7142821,-0.007002937,
1,6,20.81437,-0.2820223,0.3261692,-6.597952,-0.009232281,0.3899506,-0.9207813,-0.00390113,
1,6,20.82253,-0.2825848,0.3321295,-6.626012,-0.01002394,0.004568588,-0.9999393,-4.345406E-05,
1,6,20.83086,-0.283159,0.3375255,-6.654654,-0.009233044,-0.3888812,-0.9212334,0.003894615,
1,6,20.83916,-0.2837304,0.3422056,-6.683159,-0.006971217,-0.7182023,-0.6957624,0.007190432,
1,6,20.84517,-0.2841449,0.3451763,-6.703836,-0.00460849,-0.8877851,-0.4601493,0.008887324,
1,6,20.85351,-0.2847191,0.3486922,-6.732478,-0.0007445737,-0.9971517,-0.07475585,0.00998113,
1,6,20.86184,-0.2852933,0.3515171,-6.76112,0.00323661,-0.9465463,0.3224127,0.009473675,
1,6,20.86842,-0.285747,0.3532623,-6.78375,0.006043348,-0.7980778,0.6024712,0.007986936,
1,6,20.87676,-0.2863212,0.3548541,-6.812392,0.008694139,-0.498126,0.8670468,0.004983976,
1,6,20.88509,-0.2868954,0.3557559,-6.840934,0.009953689,-0.1187202,0.9928772,0.001186061,
1,6,20.8933,-0.2874609,0.3559703,-6.868877,0.009640189,0.2735934,0.9617932,-0.002740674,
1,6,20.90163,-0.2880351,0.3555056,-6.897249,0.007796805,0.628089,0.7780771,-0.006288523,
1,6,20.90918,-0.288555,0.3544933,-6.922937,0.005045121,0.8638232,0.5036955,-0.008647446,
1,6,20.91751,-0.2891291,0.3527189,-6.951309,0.001258437,0.9919778,0.1260156,-0.009929324,
1,6,20.92584,-0.2897033,0.3502596,-6.979681,-0.002726165,0.9623907,-0.2714848,-0.009632271,
1,6,20.93409,-0.2902718,0.3471487,-7.007769,-0.006244278,0.7825369,-0.6225237,-0.007831252,
1,6,20.94243,-0.290846,0.3433245,-7.036139,-0.008809004,0.4776059,-0.878517,-0.004778525,
1,6,20.9507,-0.2914162,0.3388485,-7.064318,-0.009974312,0.09991413,-0.9949456,-0.0009978468,
1,6,20.95904,-0.2919904,0.3336607,-7.09269,-0.009574017,-0.2957736,-0.9552056,0.002962596,
1,7,20.96681,0,0.5,7.5,0,0,0,1,BallLaunch
1,7,20.97515,-0.00114378,0.5453838,7.442811,-0.00330913,-0.9435973,-0.3309444,0.009434998,
1,7,20.98089,-0.001948817,0.5769359,7.402586,-0.00330913,-0.9435973,-0.3309444,0.009434998,
1,7,20.98922,-0.003115094,0.6220676,7.344221,-0.00330913,-0.9435973,-0.3309444,0.009434998,
1,7,20.99756,-0.004279163,0.6664293,7.286069,-0.00330913,-0.9435973,-0.3309444,0.009434998,
1,7,21.00563,-0.005404643,0.7086689,7.229802,-0.00330913,-0.9435973,-0.3309444,0.009434998,
1,7,21.01362,-0.006516549,0.7497684,7.174166,-0.00330913,-0.9435973,-0.3309444,0.009434998,
1,7,21.02195,-0.00767436,0.7918996,7.116342,-0.00330913,-0.9435973,-0.3309444,0.009434998,
1,7,21.03028,-0.008830071,0.833272,7.058517,-0.00330913,-0.9435973,-0.3309444,0.009434998,
1,7,21.03762,-0.009846164,0.8690778,7.007711,-0.00330913,-0.9435973,-0.3309444,0.009434998,
1,7,21.04596,-0.01099804,0.9090291,6.950157,-0.00330913,-0.9435973,-0.3309444,0.009434998,
1,7,21.05286,-0.01195106,0.941561,6.902461,-0.00330913,-0.9435973,-0.3309444,0.009434998,
1,7,21.06119,-0.01309918,0.9801304,6.845075,-0.00330913,-0.9435973,-0.3309444,0.009434998,
1,7,21.06953,-0.01424536,1.017948,6.787791,-0.00330913,-0.9435973,-0.3309444,0.009434998,
1,7,21.07786,-0.01538953,1.055018,6.730507,-0.00330913,-0.9435973,-0.3309444,0.009434998,
1,7,21.0857,-0.01646461,1.08922,6.676806,-0.00330913,-0.9435973,-0.3309444,0.009434998,
1,7,21.09134,-0.0172361,1.113398,6.638242,-0.00330913,-0.9435973,-0.3309444,0.009434998,
1,7,21.09967,-0.01837511,1.148525,6.581228,-0.00330913,-0.9435973,-0.3309444,0.009434998,
1,7,21.10801,-0.0195123,1.1829,6.524409,-0.00330913,-0.9435973,-0.3309444,0.009434998,
1,7,21.11634,-0.02064747,1.21654,6.467666,-0.00330913,-0.9435973,-0.3309444,0.009434998,
1,7,21.12126,-0.02131689,1.236053,6.434161,-0.00330913,-0.9435973,-0.3309444,0.009434998,
1,7,21.12959,-0.02244908,1.268515,6.377534,-0.00330913,-0.9435973,-0.3309444,0.009434998,
1,7,21.13765,-0.02354196,1.2992,6.322935,-0.00330913,-0.9435973,-0.3309444,0.009434998,
1,7,21.14598,-0.02467046,1.330216,6.266462,-0.00330913,-0.9435973,-0.3309444,0.009434998,
1,7,21.15432,-0.02579718,1.360499,6.210128,-0.00330913,-0.9435973,-0.3309444,0.009434998,
1,7,21.16147,-0.02676247,1.385898,6.161906,-0.00330913,-0.9435973,-0.3309444,0.009434998,
1,7,21.16976,-0.02788045,1.414685,6.105968,-0.00330913,-0.9435973,-0.3309444,0.009434998,
1,7,21.17809,-0.02900192,1.442885,6.049865,-0.00330913,-0.9435973,-0.3309444,0.009434998,
1,7,21.1864,-0.03011765,1.470251,5.99413,-0.00330913,-0.9435973,-0.3309444,0.009434998,
1,7,21.19443,-0.03119555,1.496047,5.940207,-0.00330913,-0.9435973,-0.3309444,0.009434998,
1,7,21.20244,-0.03226775,1.521075,5.886577,-0.00330913,-0.9435973,-0.3309444,0.009434998,
1,7,21.21077,-0.03338236,1.546427,5.830914,-0.00330913,-0.9435973,-0.3309444,0.009434998,
1,7,21.21739,-0.03426696,1.566063,5.78667,-0.00330913,-0.9435973,-0.3309444,0.009434998,
1,7,21.22573,-0.03537851,1.590115,5.731007,-0.00330913,-0.9435973,-0.3309444,0.009434998,
1,7,21.23124,-0.03611289,1.605627,5.694363,-0.00330913,-0.9435973,-0.3309444,0.009434998,
1,7,21.23957,-0.03722135,1.628483,5.63897,-0.00330913,-0.9435973,-0.3309444,0.009434998,
1,7,21.24785,-0.03832148,1.650493,5.583923,-0.00330913,-0.9435973,-0.3309444,0.009434998,
1,7,21.25595,-0.03939528,1.67132,5.53021,-0.00330913,-0.9435973,-0.3309444,0.009434998,
1,7,21.26428,-0.04049926,1.692056,5.475087,-0.00330913,-0.9435973,-0.3309444,0.009434998,
1,7,21.27261,-0.0416012,1.712072,5.419965,-0.00330913,-0.9435973,-0.3309444,0.009434998,
1,7,21.28095,-0.04270164,1.731377,5.364842,-0.00330913,-0.9435973,-0.3309444,0.009434998,
1,7,21.28923,-0.04379398,1.749866,5.310321,-0.00330913,-0.9435973,-0.3309444,0.009434998,
1,7,21.29756,-0.04489131,1.767752,5.255468,-0.00330913,-0.9435973,-0.3309444,0.009434998,
1,7,21.30581,-0.04597551,1.784759,5.201188,-0.00330913,-0.9435973,-0.3309444,0.009434998,
1,7,21.31343,-0.04697572,1.799858,5.151174,-0.00330913,-0.9435973,-0.3309444,0.009434998,
1,7,21.32176,-0.04806852,1.815687,5.096591,-0.00330913,-0.9435973,-0.3309444,0.009434998,
1,7,21.33004,-0.0491528,1.830711,5.042364,-0.00330913,-0.9435973,-0.3309444,0.009434998,
1,7,21.33838,-0.05024207,1.845132,4.987827,-0.00330913,-0.9435973,-0.3309444,0.009434998,
1,7,21.34652,-0.05130552,1.858549,4.934733,-0.00330913,-0.9435973,-0.3309444,0.009434998,
1,7,21.35476,-0.05237932,1.871432,4.881054,-0.00330913,-0.9435973,-0.3309444,0.009434998,
1,7,21.3628,-0.05342641,1.883347,4.828642,-0.00330913,-0.9435973,-0.3309444,0.009434998,
1,7,21.37113,-0.05450966,1.895018,4.774497,-0.00330913,-0.9435973,-0.3309444,0.009434998,
1,7,21.37632,-0.05518385,1.901932,4.740837,-0.00330913,-0.9435973,-0.3309444,0.009434998,
1,7,21.38466,-0.05626468,1.912463,4.686795,-0.00330913,-0.9435973,-0.3309444,0.009434998,
1,7,21.39299,-0.05734399,1.922291,4.632753,-0.00330913,-0.9435973,-0.3309444,0.009434998,
1,7,21.39807,-0.05800195,1.92795,4.599858,-0.00330913,-0.9435973,-0.3309444,0.009434998,
1,7,21.40641,-0.0590788,1.936661,4.546087,-0.00330913,-0.9435973,-0.3309444,0.009434998,
1,7,21.41474,-0.0601542,1.944678,4.492316,-0.00330913,-0.9435973,-0.3309444,0.009434998,
1,7,21.42272,-0.061183,1.951702,4.440823,-0.00330913,-0.9435973,-0.3309444,0.009434998,
1,7,21.43077,-0.06221858,1.958148,4.389051,-0.00330913,-0.9435973,-0.3309444,0.009434998,
1,7,21.4391,-0.06329097,1.964141,4.33555,-0.00330913,-0.9435973,-0.3309444,0.009434998,
1,7,21.44608,-0.06418573,1.968627,4.290757,-0.00330913,-0.9435973,-0.3309444,0.009434998,
1,7,21.4544,-0.06525272,1.973339,4.237314,-0.00330913,-0.9435973,-0.3309444,0.009434998,
1,7,21.46274,-0.06632089,1.977371,4.183999,-0.00330913,-0.9435973,-0.3309444,0.009434998,
1,7,21.47107,-0.06738525,1.980714,4.130779,-0.00330913,-0.9435973,-0.3309444,0.009434998,
1,7,21.4794,-0.06844918,1.98337,4.077549,-0.00330913,-0.9435973,-0.3309444,0.009434998,
1,7,21.48752,-0.06948598,1.985299,4.025676,-0.00330913,-0.9435973,-0.3309444,0.009434998,
1,7,21.49448,-0.07037138,1.986426,3.981402,-0.00330913,-0.9435973,-0.3309444,0.009434998,
1,7,21.50281,-0.0714311,1.987158,3.928416,-0.00330913,-0.9435973,-0.3309444,0.009434998,
1,7,21.51114,-0.07249083,1.987202,3.875456,-0.00330913,-0.9435973,-0.3309444,0.009434998,
1,7,21.51948,-0.07354726,1.986566,3.822616,-0.00330913,-0.9435973,-0.3309444,0.009434998,
1,7,21.52764,-0.07458054,1.985276,3.770903,-0.00330913,-0.9435973,-0.3309444,0.009434998,
1,7,21.53597,-0.07563604,1.983293,3.718206,-0.00330913,-0.9435973,-0.3309444,0.009434998,
1,7,21.54397,-0.07664695,1.98074,3.667591,-0.00330913,-0.9435973,-0.3309444,0.009434998,
1,7,21.55231,-0.07769822,1.977418,3.615035,-0.00330913,-0.9435973,-0.3309444,0.009434998,
1,7,21.55987,-0.07865226,1.973817,3.567341,-0.00330913,-0.9435973,-0.3309444,0.009434998,
1,7,21.56814,-0.07969327,1.969239,3.5153,-0.00330913,-0.9435973,-0.3309444,0.009434998,
1,7,21.5764,-0.0807305,1.963999,3.463379,-0.00330913,-0.9435973,-0.3309444,0.009434998,
1,7,21.58473,-0.08177755,1.958033,3.411093,-0.00330913,-0.9435973,-0.3309444,0.009434998,
1,7,21.59295,-0.08280698,1.951497,3.359579,-0.00330913,-0.9435973,-0.3309444,0.009434998,
1,7,21.60128,-0.08384981,1.944192,3.307429,-0.00330913,-0.9435973,-0.3309444,0.009434998,
1,7,21.60847,-0.0847501,1.937357,3.262415,-0.00330913,-0.9435973,-0.3309444,0.009434998,
1,7,21.61681,-0.08579151,1.928806,3.2104,-0.00330913,-0.9435973,-0.3309444,0.009434998,
1,7,21.62514,-0.08683012,1.91958,3.158403,-0.00330913,-0.9435973,-0.3309444,0.009434998,
1,7,21.63347,-0.08786874,1.909685,3.106524,-0.00330913,-0.9435973,-0.3309444,0.009434998,
1,7,21.64181,-0.08890592,1.89912,3.054673,-0.00330913,-0.9435973,-0.3309444,0.009434998,
1,7,21.64842,-0.0897264,1.890263,3.013628,-0.00330913,-0.9435973,-0.3309444,0.009434998,
1,7,21.65675,-0.0907608,1.878502,2.961895,-0.00330913,-0.9435973,-0.3309444,0.009434998,
1,7,21.66239,-0.09146121,1.870155,2.92695,-0.00330913,-0.9435973,-0.3309444,0.009434998,
1,7,21.67072,-0.09249219,1.857278,2.87534,-0.00330913,-0.9435973,-0.3309444,0.009434998,
1,7,21.67906,-0.09352235,1.843727,2.823828,-0.00330913,-0.9435973,-0.3309444,0.009434998,
1,7,21.68575,-0.09435019,1.832356,2.782464,-0.00330913,-0.9435973,-0.3309444,0.009434998,
1,7,21.69409,-0.09537778,1.817611,2.731072,-0.00330913,-0.9435973,-0.3309444,0.009434998,
1,7,21.70235,-0.09639442,1.80234,2.680197,-0.00330913,-0.9435973,-0.3309444,0.009434998,
1,7,21.71008,-0.09734611,1.787466,2.632656,-0.00330913,-0.9435973,-0.3309444,0.009434998,
1,7,21.7184,-0.09836905,1.77079,2.581491,-0.00330913,-0.9435973,-0.3309444,0.009434998,
1,7,21.72642,-0.09935194,1.754124,2.53232,-0.00330913,-0.9435973,-0.3309444,0.009434998,
1,7,21.73475,-0.1003737,1.736157,2.481251,-0.00330913,-0.9435973,-0.3309444,0.009434998,
1,7,21.74309,-0.1013933,1.717527,2.430281,-0.00330913,-0.9435973,-0.3309444,0.009434998,
1,7,21.75131,-0.1023975,1.698493,2.380013,-0.00330913,-0.9435973,-0.3309444,0.009434998,
1,7,21.75964,-0.103415,1.678553,2.329187,-0.00330913,-0.9435973,-0.3309444,0.009434998,
1,7,21.76756,-0.1043801,1.659002,2.280913,-0.00330913,-0.9435973,-0.3309444,0.009434998,
1,7,21.77465,-0.1052422,1.640998,2.237785,-0.00330913,-0.9435973,-0.3309444,0.009434998,
1,7,21.78299,-0.1062555,1.619228,2.187121,-0.00330913,-0.9435973,-0.3309444,0.009434998,
1,7,21.79132,-0.1072676,1.596797,2.136559,-0.00330913,-0.9435973,-0.3309444,0.009434998,
1,7,21.79844,-0.1081301,1.577115,2.093368,-0.00330913,-0.9435973,-0.3309444,0.009434998,
1,7,21.80678,-0.1091392,1.553485,2.042949,-0.00330913,-0.9435973,-0.3309444,0.009434998,
1,7,21.81511,-0.1101477,1.529205,1.992566,-0.00330913,-0.9435973,-0.3309444,0.009434998,
1,7,21.82042,-0.1107873,1.513411,1.960531,-0.00330913,-0.9435973,-0.3309444,0.009434998,
1,7,21.82875,-0.1117922,1.488064,1.910279,-0.00330913,-0.9435973,-0.3309444,0.009434998,
1,7,21.83708,-0.112797,1.462072,1.860096,-0.00330913,-0.9435973,-0.3309444,0.009434998,
1,7,21.84542,-0.1137981,1.435437,1.809984,-0.00330913,-0.9435973,-0.3309444,0.009434998,
1,7,21.85375,-0.1147987,1.408162,1.759951,-0.00330913,-0.9435973,-0.3309444,0.009434998,
1,7,21.85885,-0.1154113,1.39114,1.729344,-0.00330913,-0.9435973,-0.3309444,0.009434998,
1,7,21.86687,-0.1163718,1.363905,1.681304,-0.00330913,-0.9435973,-0.3309444,0.009434998,
1,7,21.8752,-0.1173682,1.334973,1.631451,-0.00330913,-0.9435973,-0.3309444,0.009434998,
1,7,21.88317,-0.1183204,1.306724,1.583883,-0.00330913,-0.9435973,-0.3309444,0.009434998,
1,7,21.89136,-0.1192977,1.277051,1.535017,-0.00330913,-0.9435973,-0.3309444,0.009434998,
1,7,21.89962,-0.1202814,1.246499,1.485805,-0.00330913,-0.9435973,-0.3309444,0.009434998,
1,7,21.90792,-0.1212699,1.215169,1.436426,-0.00330913,-0.9435973,-0.3309444,0.009434998,
1,7,21.91626,-0.1222589,1.18309,1.386937,-0.00330913,-0.9435973,-0.3309444,0.009434998,
1,7,21.92459,-0.1232469,1.150371,1.337526,-0.00330913,-0.9435973,-0.3309444,0.009434998,
1,7,21.93292,-0.1242348,1.117019,1.288186,-0.00330913,-0.9435973,-0.3309444,0.009434998,
1,7,21.94126,-0.12522,1.083034,1.238924,-0.00330913,-0.9435973,-0.3309444,0.009434998,
1,7,21.9467,-0.1258645,1.060508,1.206794,-0.00330913,-0.9435973,-0.3309444,0.009434998,
1,7,21.95378,-0.1266965,1.0308,1.165052,-0.00330913,-0.9435973,-0.3309444,0.009434998,
1,7,21.96211,-0.127676,0.9952357,1.115975,-0.00330913,-0.9435973,-0.3309444,0.009434998,
1,7,21.97044,-0.1286555,0.9590482,1.066976,-0.00330913,-0.9435973,-0.3309444,0.009434998,
1,7,21.97573,-0.129277,0.9357619,1.035921,-0.00330913,-0.9435973,-0.3309444,0.009434998,
1,7,21.98407,-0.1302565,0.898549,0.9870461,-0.00330913,-0.9435973,-0.3309444,0.009434998,
1,7,21.99026,-0.1309844,0.8704903,0.9507737,-0.00330913,-0.9435973,-0.3309444,0.009434998,
1,7,21.99859,-0.1319573,0.8321897,0.9020303,-0.00330913,-0.9435973,-0.3309444,0.009434998,
1,7,22.00693,-0.1329283,0.793269,0.8533653,-0.00330913,-0.9435973,-0.3309444,0.009434998,
1,7,22.01348,-0.1336919,0.7622249,0.8151504,-0.00330913,-0.9435973,-0.3309444,0.009434998,
1,7,22.01895,-0.1343296,0.7360078,0.7832742,-0.00330913,-0.9435973,-0.3309444,0.009434998,
1,7,22.02728,-0.1353006,0.6955644,0.7347983,-0.00330913,-0.9435973,-0.3309444,0.009434998,
1,7,22.03486,-0.1361838,0.6582528,0.6907757,-0.00330913,-0.9435973,-0.3309444,0.009434998,
1,7,22.0432,-0.1371496,0.6166344,0.6424466,-0.00330913,-0.9435973,-0.3309444,0.009434998,
1,7,22.05064,-0.1380099,0.5789173,0.5993177,-0.00330913,-0.9435973,-0.3309444,0.009434998,
1,7,22.05898,-0.1389725,0.5361344,0.551138,-0.00330913,-0.9435973,-0.3309444,0.009434998,
1,7,22.06578,-0.1397581,0.5007657,0.5118789,-0.00330913,-0.9435973,-0.3309444,0.009434998,
1,7,22.07388,-0.1406938,0.4581046,0.4651839,-0.00330913,-0.9435973,-0.3309444,0.009434998,
1,7,22.08221,-0.1416562,0.4136158,0.4172249,-0.00330913,-0.9435973,-0.3309444,0.009434998,
1,7,22.09054,-0.1426103,0.3685164,0.3693465,-0.00330913,-0.9435973,-0.3309444,0.009434998,
1,7,22.09564,-0.1431933,0.3406615,0.340131,-0.00330913,-0.9435973,-0.3309444,0.009434998,
1,7,22.10397,-0.1441475,0.2945871,0.2923802,-0.00330913,-0.9435973,-0.3309444,0.009434998,
1,7,22.1123,-0.1451017,0.2479045,0.2447092,-0.00330913,-0.9435973,-0.3309444,0.009434998,
1,7,22.12064,-0.1460558,0.2006192,0.1971202,-0.00330913,-0.9435973,-0.3309444,0.009434998,
1,7,22.12815,-0.146914,0.1574688,0.1542821,-0.00330913,-0.9435973,-0.3309444,0.009434998,
1,7,22.13648,-0.1478597,0.1090379,0.1068471,-0.00330913,-0.9435973,-0.3309444,0.009434998,
1,7,22.14466,-0.1487882,0.06090853,0.06035778,-0.00330913,-0.9435973,-0.3309444,0.009434998,
1,7,22.153,-0.1496121,0.0522801,0.01925122,-0.00101923,-0.9946781,-0.1025454,0.009946913,CourtEnter
1,7,22.16077,-0.15025,0.08733214,-0.0128055,0.00347007,-0.9382082,0.345927,0.009382308,CourtExit
1,7,22.1691,-0.150934,0.1241962,-0.04714287,0.007471169,-0.6661028,0.7457929,0.006661311,
1,7,22.17744,-0.1516179,0.1603161,-0.08144657,0.009723513,-0.2384923,0.9710928,0.002385207,
1,7,22.18477,-0.1522197,0.191487,-0.1116014,0.009832048,0.1873142,0.9822491,-0.001872899,
1,7,22.1931,-0.1529037,0.2262151,-0.145841,0.007804696,0.6256207,0.7800633,-0.006256043,
1,7,22.1987,-0.1533633,0.2491398,-0.1688318,0.005373753,0.843268,0.5374003,-0.008432584,
1,7,22.20704,-0.1540473,0.282637,-0.2030176,0.0007969051,0.9967176,0.08033767,-0.009967188,
1,7,22.21537,-0.1547313,0.3153973,-0.2371684,-0.003962076,0.9185886,-0.3950885,-0.009186004,
1,7,22.22183,-0.1552616,0.3402927,-0.2636255,-0.007068652,0.7085842,-0.7055554,-0.007086027,
1,7,22.23016,-0.1559456,0.371753,-0.2977183,-0.009561179,0.2969703,-0.9548342,-0.002969947,
1,7,22.23794,-0.1565841,0.4004636,-0.329521,-0.00989421,-0.1513401,-0.9884311,0.00151313,
1,7,22.24628,-0.1572681,0.4305092,-0.3635519,-0.008041278,-0.5949882,-0.8036722,0.005949629,
1,7,22.25461,-0.1579521,0.459826,-0.3975516,-0.004333878,-0.9010636,-0.4335717,0.009010446,
1,7,22.26294,-0.158632,0.4884187,-0.4315183,0.0003699029,-0.9992942,0.03620901,0.009992849,
1,7,22.27005,-0.1592081,0.5122246,-0.4604576,0.004354346,-0.9007213,0.4342823,0.009007223,
1,7,22.27838,-0.1598836,0.539471,-0.4943658,0.008049168,-0.5951148,0.8035784,0.005951284,
1,7,22.28542,-0.1604542,0.5619233,-0.5229844,0.009751474,-0.2267936,0.9738914,0.002268163,
1,7,22.29376,-0.1611297,0.5878367,-0.5568343,0.009685866,0.2519354,0.9676923,-0.002519049,
1,7,22.30209,-0.1618052,0.613028,-0.5906532,0.007402091,0.6726636,0.7398808,-0.006726293,
1,7,22.31042,-0.1624807,0.6374975,-0.6244409,0.003426713,0.939288,0.3429841,-0.009392561,
1,7,22.31876,-0.1631563,0.6612494,-0.6581976,-0.00132899,0.991197,-0.1320172,-0.009911737,
1,7,22.32709,-0.1638318,0.684283,-0.6919233,-0.005778528,0.8169628,-0.5766037,-0.008169542,
1,7,22.33446,-0.1644295,0.7040699,-0.7217464,-0.00864224,0.5052993,-0.8628861,-0.005053055,
1,7,22.3428,-0.1651051,0.7257538,-0.7554178,-0.009999413,0.04813714,-0.9987906,-0.0004816058,
1,7,22.35113,-0.1657806,0.7467233,-0.7890581,-0.009083187,-0.419681,-0.9076166,0.004196425,
1,7,22.35946,-0.1664561,0.7669797,-0.8226652,-0.006105795,-0.7919651,-0.6104846,0.007919176,
1,7,22.36525,-0.1669251,0.7806236,-0.8459826,-0.003169993,-0.9482566,-0.3173476,0.009482089,
1,7,22.37358,-0.1676007,0.7996719,-0.8795413,0.001577396,-0.9875746,0.1568325,0.009875356,
1,7,22.38192,-0.1682682,0.8180177,-0.9130731,0.005965116,-0.8034772,0.5952514,0.008034559,
1,7,22.39025,-0.1689352,0.8356417,-0.9465778,0.009002586,-0.4379773,0.8989303,0.004379794,
1,7,22.39858,-0.1696023,0.8525622,-0.9800498,0.01000705,0.02613368,0.9996083,-0.0002610727,
1,7,22.40499,-0.1701155,0.8651029,-1.005778,0.00923756,0.3846461,0.9230099,-0.003846028,
1,7,22.41333,-0.1707826,0.8807768,-1.039216,0.006420293,0.7667391,0.6418809,-0.007666813,
1,7,22.42166,-0.1714497,0.895736,-1.072592,0.002161034,0.9762124,0.2165858,-0.009761518,
1,7,22.42999,-0.1721168,0.9099885,-1.105963,-0.002580978,0.9663349,-0.2570933,-0.009662844,
1,7,22.43672,-0.1726555,0.9209818,-1.132881,-0.006033157,0.7983956,-0.6020501,-0.007983623,
1,7,22.44455,-0.1732816,0.933185,-1.164141,-0.008900372,0.458374,-0.888703,-0.004583666,
1,7,22.45288,-0.1739487,0.9455041,-1.197444,-0.01001067,-0.00133601,-0.999949,1.31227E-05,
1,7,22.46121,-0.1746158,0.9571189,-1.230681,-0.008882675,-0.4604747,-0.8876165,0.004604224,
1,7,22.46955,-0.1752828,0.9680464,-1.263916,-0.005772233,-0.8165531,-0.5771839,0.008164823,
1,7,22.4777,-0.1759357,0.9780602,-1.296404,-0.001477251,-0.9888929,-0.1482937,0.009888186,
1,7,22.48477,-0.1765012,0.9861904,-1.324523,0.002532188,-0.9676189,0.2522176,0.009675546,
1,7,22.4931,-0.1771683,0.9951304,-1.35769,0.006689288,-0.7444273,0.6676285,0.00744388,
1,7,22.50143,-0.1778308,1.003371,-1.39079,0.009357639,-0.3559448,0.9344534,0.003559396,
1,7,22.50769,-0.1783253,1.009106,-1.415639,0.0100105,-0.006956263,0.9999257,6.978623E-05,
1,7,22.51602,-0.1789839,1.016127,-1.448715,0.008929494,0.4513588,0.8922865,-0.004513023,
1,7,22.52435,-0.1796426,1.02245,-1.481748,0.005871541,0.809453,0.5870996,-0.008093738,
1,7,22.53269,-0.1803012,1.02808,-1.514781,0.001516502,0.9882966,0.1522165,-0.00988211,
1,7,22.54102,-0.1809598,1.033014,-1.547749,-0.003171033,0.9486927,-0.3160415,-0.009486196,
1,7,22.54935,-0.1816185,1.037252,-1.580714,-0.007156186,0.6997725,-0.7142957,-0.00699728,
1,7,22.55768,-0.1822761,1.040796,-1.61359,-0.00955971,0.2974705,-0.9546785,-0.002974653,
1,7,22.56526,-0.1828752,1.043417,-1.643516,-0.009926979,-0.1283257,-0.9916816,0.001282933,
1,7,22.57359,-0.1835338,1.045644,-1.676409,-0.008246982,-0.5662162,-0.8241961,0.00566148,
1,7,22.58192,-0.1841924,1.047177,-1.709239,-0.004756704,-0.8795007,-0.4757925,0.008794104,
1,7,22.59026,-0.1848511,1.048014,-1.742069,-0.0002250343,-0.9996803,-0.02322278,0.009995874,
1,7,22.59859,-0.1855097,1.048163,-1.774854,0.004353444,-0.9007674,0.4341866,0.009006926,
1,7,22.60554,-0.1860587,1.047765,-1.802163,0.007477245,-0.6654302,0.746393,0.00665384,
1,7,22.61387,-0.1867173,1.046651,-1.834919,0.009685668,-0.2534544,0.9672955,0.002534523,
1,7,22.62218,-0.1873738,1.044848,-1.867515,0.009781037,0.212228,0.9771689,-0.002121835,
1,7,22.62958,-0.1879513,1.042667,-1.896554,0.008069982,0.5910997,0.8065366,-0.0059102,
1,7,22.63791,-0.1886015,1.039572,-1.929201,0.004503123,0.8927336,0.4504738,-0.008926291,
1,7,22.64625,-0.1892516,1.035783,-1.961829,-4.149211E-05,0.9999443,-0.003400218,-0.009998368,
1,7,22.65458,-0.1899018,1.031308,-1.994435,-0.004574594,0.889777,-0.456286,-0.008896902,
1,7,22.66291,-0.190552,1.026146,-2.026995,-0.008112091,0.5865291,-0.8098662,-0.005864828,
1,7,22.67049,-0.1911435,1.020853,-2.056615,-0.009813889,0.1980289,-0.980145,-0.001980296,
1,7,22.67883,-0.1917937,1.014386,-2.089175,-0.009645367,-0.2669536,-0.9636574,0.002669011,
1,7,22.68716,-0.1924439,1.007227,-2.12162,-0.007390613,-0.6739205,-0.7387362,0.006738253,
1,7,22.69458,-0.1930226,1.000285,-2.150479,-0.004018296,-0.9155583,-0.402061,0.009154409,
1,7,22.70291,-0.1936728,0.9918407,-2.182904,0.0005575112,-0.9984393,0.05494599,0.009983202,
1,7,22.71124,-0.1943229,0.9827104,-2.215328,0.005010471,-0.8660588,0.4998422,0.008659639,
1,7,22.71938,-0.1949579,0.9731361,-2.246957,0.00832187,-0.5564185,0.830842,0.005563685,
1,7,22.72771,-0.1956081,0.9626617,-2.279247,0.009936963,-0.1218871,0.9924935,0.001218951,
1,7,22.73605,-0.1962583,0.9515048,-2.311537,0.009416916,0.3385666,0.9408892,-0.003384996,
1,7,22.74296,-0.1967934,0.9417382,-2.338311,0.00743514,0.6690177,0.7431792,-0.006689106,
1,7,22.75129,-0.1974352,0.9293394,-2.370601,0.003620443,0.9319953,0.3623324,-0.009318599,
1,7,22.75962,-0.1980769,0.9162565,-2.402783,-0.0009670203,0.9953454,-0.09585226,-0.009952103,
1,7,22.76793,-0.1987166,0.9025471,-2.434835,-0.005332405,0.8466781,-0.5320114,-0.00846572,
1,7,22.7761,-0.1993455,0.8884073,-2.466348,-0.008523146,0.5251238,-0.850967,-0.005250693,
1,7,22.78443,-0.1999873,0.8733087,-2.498502,-0.009973544,0.08685832,-0.9961704,-0.0008686968,
1,7,22.7909,-0.2004853,0.8611246,-2.523394,-0.009634132,-0.2709773,-0.9625337,0.002709148,
1,7,22.79923,-0.2011271,0.8448262,-2.555414,-0.007388837,-0.6741179,-0.738556,0.006739995,
1,7,22.80423,-0.2015119,0.834729,-2.574614,-0.005243675,-0.8514057,-0.5244125,0.008512642,
1,7,22.81256,-0.2021536,0.8173531,-2.606633,-0.0008636459,-0.9961573,-0.08700915,0.009960011,
1,7,22.82073,-0.2027827,0.799668,-2.638009,0.003611495,-0.9328797,0.3600493,0.009327408,
1,7,22.82882,-0.2034053,0.7815257,-2.668941,0.007316314,-0.6830518,0.7303013,0.006829588,
1,7,22.83715,-0.204047,0.7621647,-2.700825,0.009600743,-0.2839542,0.9587856,0.002839292,
1,7,22.84253,-0.2044612,0.7493112,-2.721404,0.01000999,0.01141255,0.9998848,-0.000113889,
1,7,22.85086,-0.205095,0.728847,-2.753288,0.008899141,0.4572988,0.8892568,-0.004572029,
1,7,22.8591,-0.205721,0.7079557,-2.784676,0.005955149,0.8033333,0.5954458,-0.008031851,
1,7,22.86743,-0.2063543,0.6861572,-2.816426,0.001734497,0.9846969,0.1739889,-0.009845253,
1,7,22.87566,-0.2069797,0.6639746,-2.84778,-0.002793181,0.9604453,-0.278289,-0.009602861,
1,7,22.884,-0.207613,0.6408492,-2.879481,-0.006788038,0.7354596,-0.6774947,-0.007353471,
1,7,22.89114,-0.208156,0.6204882,-2.906589,-0.009101791,0.4170059,-0.9088486,-0.00416954,
1,7,22.89927,-0.208774,0.5967242,-2.937434,-0.01000848,-0.02040372,-0.9997417,0.0002037734,
1,7,22.9076,-0.2094073,0.5717118,-2.969049,-0.008867091,-0.4634612,-0.8860608,0.00463358,
1,7,22.91594,-0.2100406,0.546036,-3.000566,-0.005872807,-0.8093614,-0.5872259,0.008092014,
1,7,22.92427,-0.2106739,0.5196987,-3.032046,-0.001654351,-0.9860776,-0.1659849,0.009858943,
1,7,22.9326,-0.2113072,0.4926943,-3.063525,0.002906503,-0.9570922,0.289611,0.009569238,
1,7,22.94094,-0.2119324,0.4650298,-3.094957,0.00685929,-0.7288342,0.6846172,0.007287162,
1,7,22.94618,-0.2123256,0.4472819,-3.114682,0.008655375,-0.5030603,0.8641933,0.005029882,
1,7,22.95452,-0.2129505,0.4185404,-3.146026,0.009988495,-0.06732158,0.9976811,0.0006733352,
1,7,22.96259,-0.2135556,0.3900786,-3.176381,0.009302682,0.3686814,0.929502,-0.003685882,
1,7,22.97092,-0.2141805,0.3600443,-3.207613,0.006700131,0.7424586,0.6698173,-0.007422984,
1,7,22.97925,-0.2148053,0.3293515,-3.238822,0.00271259,0.9623374,0.2716739,-0.009621424,
1,7,22.98603,-0.2153137,0.3039,-3.26421,-0.0009860175,0.995161,-0.09774788,-0.00994967,
1,7,22.99437,-0.2159385,0.2720158,-3.295349,-0.005291675,0.8492225,-0.5279405,-0.00849066,
1,7,23.00115,-0.2164471,0.245586,-3.32064,-0.008023222,0.5986129,-0.800976,-0.005985114,
1,7,23.00948,-0.217072,0.2125174,-3.351714,-0.009842967,0.1830309,-0.9830562,-0.001830162,
1,7,23.01781,-0.2176929,0.1787989,-3.382726,-0.009637077,-0.2699307,-0.9628277,0.002698538,
1,7,23.02461,-0.2181954,0.1508305,-3.407947,-0.007989261,-0.6019408,-0.7984781,0.006017983,
1,7,23.03294,-0.2188118,0.1159309,-3.438885,-0.004509172,-0.8924294,-0.4510763,0.008922336,
1,7,23.04128,-0.2194283,0.08038159,-3.469771,-0.0001075334,-0.9998841,-0.01148657,0.009996751,
1,7,23.04961,-0.2200447,0.04418485,-3.500575,0.004313325,-0.9026904,0.4301746,0.00902511,BallOutOfPlay
1,7,23.05638,-0.2205563,0.05209237,-3.526203,0.007120389,-0.7040038,0.7101257,0.007036001,
1,7,23.06465,-0.2211847,0.07934167,-3.557709,0.009354935,-0.359462,0.9331059,0.003589791,CourtExit
1,7,23.07298,-0.221818,0.1060847,-3.589361,0.0100123,0.04853725,0.9987711,-0.0004901553,
1,7,23.08131,-0.2224513,0.1321071,-3.620976,0.008960886,0.4479981,0.8939784,-0.004483873,
1,7,23.08747,-0.2229198,0.1508928,-3.64436,0.007180497,0.6975822,0.7164347,-0.006978607,
1,7,23.09581,-0.2235531,0.1756679,-3.675974,0.003745992,0.9274219,0.3738832,-0.00927511,
1,7,23.10303,-0.2241021,0.1965668,-3.703382,0.000230227,0.9996811,0.02319086,-0.009995923,
1,7,23.11137,-0.2247354,0.220004,-3.734926,-0.003829981,0.9241725,-0.3818444,-0.009238943,
1,7,23.11935,-0.225342,0.2417834,-3.765077,-0.007115703,0.7044787,-0.7096546,-0.007040639,
1,7,23.12768,-0.2259753,0.2638241,-3.796556,-0.009356612,0.3590375,-0.9332693,-0.003585504,
1,7,23.13601,-0.2266085,0.2851551,-3.82803,-0.01001314,-0.04685893,-0.9988512,0.0004733397,
1,7,23.14435,-0.2272418,0.3057674,-3.859509,-0.008977592,-0.4446628,-0.895642,0.004450431,
1,7,23.15268,-0.2278702,0.3256738,-3.890923,-0.006428132,-0.7671422,-0.641399,0.007673634,
1,7,23.16099,-0.2284936,0.344834,-3.922192,-0.00280599,-0.959912,-0.2801231,0.009599372,
1,7,23.16925,-0.2291129,0.36316,-3.953259,0.001257586,-0.9920782,0.1252238,0.009919037,
1,7,23.17728,-0.2297151,0.3803158,-3.983464,0.005012872,-0.8660521,0.4998537,0.008657111,
1,7,23.18562,-0.2303399,0.3974275,-4.014809,0.008073421,-0.5928997,0.8052141,0.005924432,
1,7,23.19395,-0.2309648,0.4138366,-4.046153,0.009778071,-0.2204716,0.975342,0.00219977,
1,7,23.20204,-0.2315713,0.4290901,-4.076577,0.009865981,0.176775,0.9842002,-0.001772258,
1,7,23.21037,-0.2321961,0.4441106,-4.107921,0.008330602,0.5559928,0.8311268,-0.005563226,
1,7,23.21852,-0.2328074,0.4581239,-4.138435,0.005479502,0.8372136,0.5467844,-0.008373704,
1,7,23.22554,-0.2333337,0.4696513,-4.16461,0.002302866,0.9731544,0.2299359,-0.009731402,
1,7,23.23388,-0.2339586,0.4826887,-4.195684,-0.001788274,0.9839498,-0.1781649,-0.009837366,
1,7,23.24221,-0.2345835,0.4950215,-4.226758,-0.005579171,0.8308856,-0.5563533,-0.008305088,
1,7,23.25018,-0.235181,0.506163,-4.256476,-0.008341733,0.5547009,-0.8319896,-0.005542263,
1,7,23.25843,-0.2357996,0.5170205,-4.287238,-0.009859531,0.1807489,-0.9834782,-0.001802497,
1,7,23.26639,-0.2363968,0.5268629,-4.316936,-0.009803053,-0.2086863,-0.9779313,0.002091305,
1,7,23.27439,-0.2369966,0.5361031,-4.346763,-0.008251082,-0.5676671,-0.8231974,0.005679868,
1,7,23.28272,-0.2376214,0.545041,-4.377836,-0.005300906,-0.8485811,-0.5289706,0.008487186,
1,7,23.29091,-0.2382306,0.553156,-4.408377,-0.001545627,-0.9879579,-0.1543997,0.009878933,
1,7,23.29888,-0.2388195,0.5603931,-4.438066,0.002345259,-0.9722496,0.2337323,0.009719979,
1,7,23.30721,-0.2394359,0.5672957,-4.469036,0.006027222,-0.7991424,0.6010585,0.007987365,
1,7,23.31554,-0.2400524,0.5734969,-4.49984,0.00871403,-0.4944569,0.8691444,0.004939655,
1,7,23.32266,-0.2405788,0.5782489,-4.526146,0.009882783,-0.1676,0.9858041,0.001671006,
1,7,23.33099,-0.2411952,0.5831657,-4.55695,0.009736775,0.2375269,0.9713293,-0.002379572,
1,7,23.33906,-0.2417916,0.5872646,-4.586754,0.0080714,0.5928085,0.8052812,-0.005931029,
1,7,23.34739,-0.242408,0.5908215,-4.617558,0.005052393,0.8635377,0.5041851,-0.008636437,
1,7,23.35572,-0.2430244,0.5936838,-4.648361,0.001207352,0.9926439,0.1206574,-0.00992543,
1,7,23.36392,-0.2436309,0.5958296,-4.678671,-0.002770154,0.9610712,-0.27612,-0.009607826,
1,7,23.37192,-0.2442226,0.5972785,-4.708236,-0.006229978,0.7835176,-0.6212891,-0.007830904,
1,7,23.38025,-0.244839,0.598111,-4.739039,-0.008828755,0.4737636,-0.8805951,-0.004732613,
1,7,23.38859,-0.2454554,0.5982565,-4.769843,-0.009986443,0.08692727,-0.9961642,-0.0008643324,
1,7,23.39692,-0.2460718,0.5977113,-4.800584,-0.009516964,-0.3138466,-0.9494208,0.003142495,
1,7,23.40519,-0.2466836,0.596487,-4.830892,-0.007519473,-0.6610888,-0.7502409,0.006613346,
1,7,23.41324,-0.2472791,0.5946499,-4.86039,-0.004416126,-0.8975874,-0.4407231,0.008976409,
1,7,23.42136,-0.2478795,0.5921466,-4.890128,-0.000613032,-0.9980649,-0.06137279,0.009979161,
1,7,23.42969,-0.2484942,0.5888978,-4.920661,0.003382137,-0.94139,0.3371719,0.00941057,
1,7,23.43773,-0.2490801,0.5851203,-4.950086,0.00671865,-0.7422529,0.6700451,0.007417945,
1,7,23.44584,-0.2496724,0.5806552,-4.979832,0.009061556,-0.4277785,0.9038281,0.004272642,
1,7,23.454,-0.2502674,0.5755137,-5.009714,0.01001367,-0.04604158,0.9988893,0.0004555172,
1,7,23.46233,-0.2508753,0.5695801,-5.040247,0.009386739,0.3506897,0.9364381,-0.003510744,
1,7,23.47001,-0.2514353,0.5635133,-5.068371,0.007464375,0.6672741,0.744745,-0.006675048,
1,7,23.47834,-0.2520433,0.5562658,-5.098905,0.004234033,0.9062802,0.4225592,-0.00906308,
1,7,23.48659,-0.2526454,0.5484222,-5.129027,0.0003636243,0.9992839,0.03649275,-0.009991057,
1,7,23.49456,-0.2532268,0.540211,-5.15797,-0.003433064,0.9395547,-0.3422529,-0.009392042,
1,7,23.5029,-0.2538348,0.5309576,-5.188233,-0.006853067,0.7299232,-0.6834559,-0.007294487,
1,7,23.51123,-0.2544428,0.5210259,-5.218496,-0.00917296,0.403454,-0.9149451,-0.004029324,
1,7,23.51956,-0.2550507,0.5104133,-5.24876,-0.01002345,0.01259658,-0.9998704,-0.0001211278,
1,7,23.52525,-0.2554655,0.5027831,-5.269404,-0.009681629,-0.2589751,-0.965832,0.002593868,
1,7,23.53358,-0.2560734,0.4910253,-5.299668,-0.007891362,-0.6164567,-0.7873251,0.006167085,
1,7,23.54169,-0.2566649,0.4789366,-5.329111,-0.004938529,-0.8700707,-0.4928255,0.008701258,
1,7,23.55002,-0.2572729,0.4658444,-5.359374,-0.001133639,-0.9935104,-0.1133014,0.009933546,
1,7,23.55836,-0.2578809,0.4520709,-5.389637,0.002849461,-0.9587619,0.2840345,0.009584198,
1,7,23.56632,-0.258462,0.4382742,-5.418523,0.006239463,-0.7827644,0.6222378,0.007822947,
1,7,23.57425,-0.2590402,0.4239363,-5.447048,0.008711658,-0.4948664,0.8689113,0.004943382,
1,7,23.58258,-0.2596482,0.4081993,-5.47704,0.00995608,-0.1165912,0.9931294,0.001160837,
1,7,23.59091,-0.2602562,0.391789,-5.507034,0.009622786,0.279928,0.9599687,-0.00280333,
1,7,23.59925,-0.2608641,0.3747039,-5.537027,0.007767394,0.6319268,0.7749634,-0.006321631,
1,7,23.60726,-0.2614489,0.3576339,-5.565876,0.004820356,0.876642,0.4810393,-0.008766788,
1,7,23.61546,-0.2620473,0.3395235,-5.595395,0.001081615,0.9940885,0.1081119,-0.009939158,
1,7,23.6238,-0.2626415,0.3204577,-5.625389,-0.002880846,0.9578287,-0.2871659,-0.009574706,
1,7,23.63213,-0.2632326,0.3007191,-5.655382,-0.006387373,0.7708023,-0.6369959,-0.00770316,
1,7,23.64006,-0.2637949,0.28132,-5.683848,-0.00879587,0.4798097,-0.8773155,-0.004792736,
1,7,23.64839,-0.2643859,0.2602758,-5.713572,-0.009972725,0.1014211,-0.9947931,-0.001009165,
1,7,23.65672,-0.264977,0.2385638,-5.743294,-0.009584653,-0.2926495,-0.9561673,0.002930428,
1,7,23.66482,-0.2655513,0.2168285,-5.772173,-0.007767541,-0.631909,-0.7749779,0.006321334,
1,7,23.6728,-0.2661175,0.1947845,-5.800641,-0.004851738,-0.8749173,-0.4841692,0.00874941,
1,7,23.68114,-0.2667085,0.1711164,-5.830363,-0.001074161,-0.9941691,-0.1073686,0.009939796,
1,7,23.68777,-0.2671793,0.1517894,-5.854035,0.002083041,-0.9781677,0.2075769,0.009778277,
1,7,23.69611,-0.2677703,0.1269268,-5.883758,0.0057156,-0.8216034,0.5699718,0.008211244,
1,7,23.70437,-0.2683563,0.1016237,-5.913211,0.008437333,-0.5401085,0.8415359,0.005395653,
1,7,23.71158,-0.2688681,0.07899164,-5.938711,0.009767632,-0.2250031,0.9743065,0.002244722,
1,7,23.71992,-0.2694591,0.05223479,-5.968163,0.009879841,0.1688806,0.9855856,-0.0016932,
1,7,23.72825,-0.2700499,0.04222955,-5.997509,0.008430108,0.540618,0.8412085,-0.005413489,CourtEnter
1,7,23.7356,-0.2705715,0.06046118,-6.023263,0.00596863,0.8030773,0.5957907,-0.008040138,CourtExit
1,7,23.74394,-0.2711626,0.08045426,-6.052445,0.002272077,0.9738145,0.2271233,-0.009748368,
1,7,23.75227,-0.2717491,0.09973868,-6.081628,-0.001796994,0.9838377,-0.1787828,-0.009847765,
1,7,23.75932,-0.2722346,0.1154949,-6.106307,-0.005031351,0.8651086,-0.5014846,-0.00865855,
1,7,23.76765,-0.2728088,0.1334757,-6.135273,-0.008060892,0.5947763,-0.8038288,-0.005951838,
1,7,23.77598,-0.273383,0.1507517,-6.164186,-0.009763767,0.2268489,-0.9738784,-0.002268519,
1,7,23.78432,-0.2739573,0.1673219,-6.193098,-0.009862876,-0.1781009,-0.9839612,0.001785015,
1,7,23.79265,-0.2745314,0.1831895,-6.22201,-0.008344825,-0.5536195,-0.8327095,0.005543554,
1,7,23.79928,-0.2749884,0.1953161,-6.245019,-0.006140486,-0.7900744,-0.6129292,0.007909921,
1,7,23.80762,-0.2755626,0.2099283,-6.273932,-0.00250032,-0.9682228,-0.2498889,0.009692315,
1,7,23.81547,-0.2761036,0.2230524,-6.301173,0.001313028,-0.9913975,0.1305022,0.009923409,
1,7,23.82353,-0.276659,0.2358786,-6.32914,0.005022486,-0.8656197,0.5006021,0.008663539,
1,7,23.83186,-0.2772332,0.2484528,-6.358052,0.00804328,-0.5971422,0.8020728,0.005975438,
1,7,23.84019,-0.2778074,0.2603298,-6.386964,0.009752592,-0.2315852,0.972763,0.002315905,
1,7,23.84583,-0.278196,0.2679698,-6.406532,0.01001534,0.04108623,0.9991053,-0.0004135218,
1,7,23.85417,-0.2787702,0.2786705,-6.435444,0.009037273,0.4321897,0.9017271,-0.004328121,
1,7,23.86236,-0.2793342,0.2885116,-6.463847,0.006646517,0.7482076,0.6633891,-0.007490801,
1,7,23.87069,-0.2799084,0.297832,-6.492511,0.00314876,0.949183,0.3145655,-0.009501686,
1,7,23.87786,-0.280403,0.3053073,-6.517178,-0.0002945265,0.9995323,-0.02889704,-0.01000487,
1,7,23.8862,-0.2809772,0.3133346,-6.54582,-0.00421785,0.9073231,-0.4203149,-0.009080982,
1,7,23.89195,-0.2813737,0.3184788,-6.565602,-0.006563026,0.7561411,-0.654332,-0.007567164,
1,7,23.90029,-0.2819479,0.3253327,-6.594244,-0.009015331,0.4375949,-0.8991164,-0.004378079,
1,7,23.90844,-0.2825094,0.3313699,-6.622252,-0.01000766,0.05759394,-0.9982898,-0.0005742167,
1,7,23.91677,-0.2830836,0.3368558,-6.650894,-0.009426925,-0.3395068,-0.9405502,0.003400446,
1,7,23.9251,-0.2836578,0.3416493,-6.679535,-0.007329766,-0.6817551,-0.731512,0.006825697,
1,7,23.93344,-0.284232,0.345753,-6.708178,-0.004055785,-0.9142501,-0.4050268,0.009152099,
1,7,23.94177,-0.2848062,0.3491657,-6.73682,-0.0001325474,-0.999856,-0.01370432,0.01000806,
1,7,23.9501,-0.2853804,0.3518863,-6.765461,0.003809717,-0.9250993,0.3795935,0.009258869,
1,7,23.95814,-0.2859339,0.3538548,-6.793075,0.007037114,-0.7124553,0.7016459,0.007129674,
1,7,23.96647,-0.2865081,0.3552217,-6.821716,0.009271542,-0.3805584,0.9247026,0.003807059,
1,7,23.97454,-0.2870639,0.3558885,-6.849263,0.01002401,-0.0009019529,0.9999494,6.758703E-06,
1,7,23.98244,-0.2876081,0.3559167,-6.87615,0.009306366,0.3710982,0.9285396,-0.003716556,
1,7,23.99077,-0.2881823,0.3552764,-6.904521,0.00710766,0.704767,0.7093682,-0.007055863,
1,7,23.9991,-0.2887564,0.3539501,-6.932893,0.003778335,0.9260138,0.3773571,-0.009269645,
1,7,24.00736,-0.2893255,0.3519558,-6.96101,-0.0001139888,0.9998907,-0.01088744,-0.01000821,
1,7,24.01565,-0.2898968,0.3492762,-6.98924,-0.004001049,0.9170339,-0.3986837,-0.009177987,
1,7,24.02374,-0.2904539,0.3460098,-7.016765,-0.007188066,0.697296,-0.7167133,-0.006977836,
1,7,24.03207,-0.2910281,0.3419694,-7.045136,-0.00934411,0.3624419,-0.9319525,-0.003625695,
1,7,24.03721,-0.2913822,0.3391349,-7.062636,-0.009947825,0.1235156,-0.992292,-0.001234086,
1,7,24.04554,-0.2919564,0.3339865,-7.091007,-0.009641795,-0.2730215,-0.9619557,0.00273488,
1,8,24.05387,0,0.5,7.5,0,0,0,1,BallLaunch
1,8,24.06221,-0.001152459,0.5457253,7.442377,-0.00330913,-0.9435973,-0.3309444,0.009434998,
1,8,24.06849,-0.002032613,0.5802012,7.398396,-0.00330913,-0.9435973,-0.3309444,0.009434998,
1,8,24.07682,-0.003198744,0.6252782,7.340031,-0.00330913,-0.9435973,-0.3309444,0.009434998,
1,8,24.08382,-0.004176179,0.6625329,7.291214,-0.00330913,-0.9435973,-0.3309444,0.009434998,
1,8,24.09215,-0.00533835,0.7061985,7.233119,-0.00330913,-0.9435973,-0.3309444,0.009434998,
1,8,24.10048,-0.00649839,0.749102,7.175073,-0.00330913,-0.9435973,-0.3309444,0.009434998,
1,8,24.10682,-0.007378616,0.7812033,7.131123,-0.00330913,-0.9435973,-0.3309444,0.009434998,
1,8,24.11515,-0.008534857,0.8227701,7.073298,-0.00330913,-0.9435973,-0.3309444,0.009434998,
1,8,24.12349,-0.009689027,0.8635761,7.015554,-0.00330913,-0.9435973,-0.3309444,0.009434998,
1,8,24.13182,-0.01084119,0.9036288,6.958,-0.00330913,-0.9435973,-0.3309444,0.009434998,
1,8,24.14015,-0.01199129,0.9429237,6.900446,-0.00330913,-0.9435973,-0.3309444,0.009434998,
1,8,24.14538,-0.01271105,0.9671677,6.864451,-0.00330913,-0.9435973,-0.3309444,0.009434998,
1,8,24.15371,-0.0138579,1.005239,6.807168,-0.00330913,-0.9435973,-0.3309444,0.009434998,
1,8,24.16204,-0.01500275,1.042564,6.749884,-0.00330913,-0.9435973,-0.3309444,0.009434998,
1,8,24.17038,-0.01614551,1.079134,6.692741,-0.00330913,-0.9435973,-0.3309444,0.009434998,
1,8,24.17871,-0.01728637,1.114962,6.635727,-0.00330913,-0.9435973,-0.3309444,0.009434998,
1,8,24.18704,-0.01842529,1.150058,6.578714,-0.00330913,-0.9435973,-0.3309444,0.009434998,
1,8,24.19538,-0.01956239,1.184398,6.521906,-0.00330913,-0.9435973,-0.3309444,0.009434998,
1,8,24.20371,-0.02069751,1.218005,6.465163,-0.00330913,-0.9435973,-0.3309444,0.009434998,
1,8,24.21194,-0.0218162,1.250454,6.409149,-0.00330913,-0.9435973,-0.3309444,0.009434998,
1,8,24.21891,-0.02276355,1.277413,6.361833,-0.00330913,-0.9435973,-0.3309444,0.009434998,
1,8,24.22723,-0.02389085,1.308857,6.305488,-0.00330913,-0.9435973,-0.3309444,0.009434998,
1,8,24.23556,-0.02501873,1.339648,6.249015,-0.00330913,-0.9435973,-0.3309444,0.009434998,
1,8,24.24376,-0.02612765,1.369251,6.193625,-0.00330913,-0.9435973,-0.3309444,0.009434998,
1,8,24.24987,-0.0269515,1.390814,6.152455,-0.00330913,-0.9435973,-0.3309444,0.009434998,
1,8,24.2582,-0.02807442,1.419613,6.096251,-0.00330913,-0.9435973,-0.3309444,0.009434998,
1,8,24.26654,-0.02919564,1.447681,6.040196,-0.00330913,-0.9435973,-0.3309444,0.009434998,
1,8,24.27458,-0.03027655,1.474093,5.986187,-0.00330913,-0.9435973,-0.3309444,0.009434998,
1,8,24.28292,-0.03139427,1.50074,5.930254,-0.00330913,-0.9435973,-0.3309444,0.009434998,
1,8,24.29025,-0.03237709,1.523595,5.881116,-0.00330913,-0.9435973,-0.3309444,0.009434998,
1,8,24.29859,-0.0334917,1.548874,5.825453,-0.00330913,-0.9435973,-0.3309444,0.009434998,
1,8,24.30692,-0.0346043,1.573435,5.769791,-0.00330913,-0.9435973,-0.3309444,0.009434998,
1,8,24.31525,-0.03571521,1.597264,5.714201,-0.00330913,-0.9435973,-0.3309444,0.009434998,
1,8,24.32359,-0.03682444,1.620381,5.658808,-0.00330913,-0.9435973,-0.3309444,0.009434998,
1,8,24.33192,-0.03793222,1.64278,5.603415,-0.00330913,-0.9435973,-0.3309444,0.009434998,
1,8,24.33859,-0.03881732,1.660185,5.559093,-0.00330913,-0.9435973,-0.3309444,0.009434998,
1,8,24.34692,-0.03992173,1.6813,5.503925,-0.00330913,-0.9435973,-0.3309444,0.009434998,
1,8,24.35368,-0.04081633,1.697887,5.459227,-0.00330913,-0.9435973,-0.3309444,0.009434998,
1,8,24.36201,-0.04191826,1.717703,5.404104,-0.00330913,-0.9435973,-0.3309444,0.009434998,
1,8,24.37035,-0.0430181,1.736803,5.349058,-0.00330913,-0.9435973,-0.3309444,0.009434998,
1,8,24.37841,-0.04408085,1.754607,5.295986,-0.00330913,-0.9435973,-0.3309444,0.009434998,
1,8,24.38674,-0.04517762,1.772307,5.241134,-0.00330913,-0.9435973,-0.3309444,0.009434998,
1,8,24.39366,-0.04608738,1.786473,5.195586,-0.00330913,-0.9435973,-0.3309444,0.009434998,
1,8,24.40199,-0.04718097,1.802885,5.140928,-0.00330913,-0.9435973,-0.3309444,0.009434998,
1,8,24.41033,-0.04827337,1.818577,5.086347,-0.00330913,-0.9435973,-0.3309444,0.009434998,
1,8,24.41866,-0.04936434,1.833566,5.031765,-0.00330913,-0.9435973,-0.3309444,0.009434998,
1,8,24.42389,-0.05004749,1.842611,4.997532,-0.00330913,-0.9435973,-0.3309444,0.009434998,
1,8,24.43222,-0.0511357,1.856454,4.943217,-0.00330913,-0.9435973,-0.3309444,0.009434998,
1,8,24.44055,-0.05222247,1.869592,4.888906,-0.00330913,-0.9435973,-0.3309444,0.009434998,
1,8,24.44889,-0.05330752,1.882028,4.834594,-0.00330913,-0.9435973,-0.3309444,0.009434998,
1,8,24.45564,-0.05418511,1.891593,4.790693,-0.00330913,-0.9435973,-0.3309444,0.009434998,
1,8,24.46397,-0.05526755,1.902774,4.736652,-0.00330913,-0.9435973,-0.3309444,0.009434998,
1,8,24.47224,-0.05633999,1.913171,4.68303,-0.00330913,-0.9435973,-0.3309444,0.009434998,
1,8,24.47893,-0.05720655,1.921077,4.639639,-0.00330913,-0.9435973,-0.3309444,0.009434998,
1,8,24.48726,-0.05828495,1.930305,4.585736,-0.00330913,-0.9435973,-0.3309444,0.009434998,
1,8,24.4956,-0.05936155,1.93883,4.531965,-0.00330913,-0.9435973,-0.3309444,0.009434998,
1,8,24.50393,-0.06043641,1.94667,4.478193,-0.00330913,-0.9435973,-0.3309444,0.009434998,
1,8,24.51226,-0.06151009,1.953812,4.424422,-0.00330913,-0.9435973,-0.3309444,0.009434998,
1,8,24.51892,-0.06236663,1.959018,4.381665,-0.00330913,-0.9435973,-0.3309444,0.009434998,
1,8,24.52725,-0.06343888,1.964913,4.328164,-0.00330913,-0.9435973,-0.3309444,0.009434998,
1,8,24.53559,-0.06450705,1.970113,4.274663,-0.00330913,-0.9435973,-0.3309444,0.009434998,
1,8,24.54392,-0.06557522,1.974626,4.221162,-0.00330913,-0.9435973,-0.3309444,0.009434998,
1,8,24.55216,-0.06663074,1.978413,4.168529,-0.00330913,-0.9435973,-0.3309444,0.009434998,
1,8,24.56045,-0.06768906,1.981544,4.115579,-0.00330913,-0.9435973,-0.3309444,0.009434998,
1,8,24.56868,-0.06873994,1.983979,4.063002,-0.00330913,-0.9435973,-0.3309444,0.009434998,
1,8,24.57701,-0.06980336,1.985759,4.009836,-0.00330913,-0.9435973,-0.3309444,0.009434998,
1,8,24.58534,-0.07086309,1.986849,3.956804,-0.00330913,-0.9435973,-0.3309444,0.009434998,
1,8,24.59365,-0.07191889,1.987261,3.904039,-0.00330913,-0.9435973,-0.3309444,0.009434998,
1,8,24.60055,-0.07279603,1.987087,3.860214,-0.00330913,-0.9435973,-0.3309444,0.009434998,
1,8,24.60888,-0.07385153,1.986251,3.807389,-0.00330913,-0.9435973,-0.3309444,0.009434998,
1,8,24.61721,-0.07490702,1.984735,3.754599,-0.00330913,-0.9435973,-0.3309444,0.009434998,
1,8,24.62474,-0.07586078,1.982783,3.706988,-0.00330913,-0.9435973,-0.3309444,0.009434998,
1,8,24.63308,-0.07691218,1.979964,3.654331,-0.00330913,-0.9435973,-0.3309444,0.009434998,
1,8,24.63881,-0.07763567,1.977634,3.618162,-0.00330913,-0.9435973,-0.3309444,0.009434998,
1,8,24.64715,-0.07868695,1.973676,3.565609,-0.00330913,-0.9435973,-0.3309444,0.009434998,
1,8,24.65522,-0.0797031,1.969192,3.514808,-0.00330913,-0.9435973,-0.3309444,0.009434998,
1,8,24.66245,-0.08061121,1.964633,3.469344,-0.00330913,-0.9435973,-0.3309444,0.009434998,
1,8,24.67078,-0.08165827,1.958747,3.41705,-0.00330913,-0.9435973,-0.3309444,0.009434998,
1,8,24.67705,-0.08244468,1.953875,3.377728,-0.00330913,-0.9435973,-0.3309444,0.009434998,
1,8,24.68538,-0.08348751,1.946805,3.325547,-0.00330913,-0.9435973,-0.3309444,0.009434998,
1,8,24.69372,-0.08453035,1.939071,3.273396,-0.00330913,-0.9435973,-0.3309444,0.009434998,
1,8,24.70205,-0.08557265,1.930663,3.221361,-0.00330913,-0.9435973,-0.3309444,0.009434998,
1,8,24.71038,-0.08661126,1.921583,3.169346,-0.00330913,-0.9435973,-0.3309444,0.009434998,
1,8,24.71872,-0.08764987,1.911822,3.117456,-0.00330913,-0.9435973,-0.3309444,0.009434998,
1,8,24.72705,-0.08868795,1.901404,3.065577,-0.00330913,-0.9435973,-0.3309444,0.009434998,
1,8,24.73372,-0.08951573,1.892576,3.024167,-0.00330913,-0.9435973,-0.3309444,0.009434998,
1,8,24.74205,-0.09055012,1.880957,2.972422,-0.00330913,-0.9435973,-0.3309444,0.009434998,
1,8,24.75039,-0.09158452,1.868654,2.920797,-0.00330913,-0.9435973,-0.3309444,0.009434998,
1,8,24.75872,-0.09261499,1.855696,2.869188,-0.00330913,-0.9435973,-0.3309444,0.009434998,
1,8,24.76699,-0.09363803,1.842165,2.818049,-0.00330913,-0.9435973,-0.3309444,0.009434998,
1,8,24.7753,-0.0946647,1.827929,2.766749,-0.00330913,-0.9435973,-0.3309444,0.009434998,
1,8,24.78363,-0.095691,1.812973,2.715398,-0.00330913,-0.9435973,-0.3309444,0.009434998,
1,8,24.79197,-0.09671694,1.797368,2.664058,-0.00330913,-0.9435973,-0.3309444,0.009434998,
1,8,24.79995,-0.09770026,1.781776,2.614981,-0.00330913,-0.9435973,-0.3309444,0.009434998,
1,8,24.80774,-0.09865497,1.766007,2.567162,-0.00330913,-0.9435973,-0.3309444,0.009434998,
1,8,24.81607,-0.09967669,1.748486,2.516088,-0.00330913,-0.9435973,-0.3309444,0.009434998,
1,8,24.8244,-0.1006984,1.730304,2.465025,-0.00330913,-0.9435973,-0.3309444,0.009434998,
1,8,24.83159,-0.1015775,1.714086,2.42106,-0.00330913,-0.9435973,-0.3309444,0.009434998,
1,8,24.83993,-0.102595,1.694669,2.370126,-0.00330913,-0.9435973,-0.3309444,0.009434998,
1,8,24.84826,-0.1036125,1.674606,2.319325,-0.00330913,-0.9435973,-0.3309444,0.009434998,
1,8,24.8566,-0.1046272,1.653895,2.268536,-0.00330913,-0.9435973,-0.3309444,0.009434998,
1,8,24.86467,-0.1056088,1.633196,2.219454,-0.00330913,-0.9435973,-0.3309444,0.009434998,
1,8,24.87239,-0.1065478,1.612823,2.172513,-0.00330913,-0.9435973,-0.3309444,0.009434998,
1,8,24.88072,-0.1075587,1.59021,2.121984,-0.00330913,-0.9435973,-0.3309444,0.009434998,
1,8,24.88906,-0.1085677,1.566948,2.071488,-0.00330913,-0.9435973,-0.3309444,0.009434998,
1,8,24.8958,-0.1093847,1.547639,2.030688,-0.00330913,-0.9435973,-0.3309444,0.009434998,
1,8,24.90414,-0.1103922,1.523196,1.980321,-0.00330913,-0.9435973,-0.3309444,0.009434998,
1,8,24.91247,-0.111397,1.49811,1.930039,-0.00330913,-0.9435973,-0.3309444,0.009434998,
1,8,24.9208,-0.1124018,1.472377,1.879828,-0.00330913,-0.9435973,-0.3309444,0.009434998,
1,8,24.92913,-0.1134032,1.446027,1.829752,-0.00330913,-0.9435973,-0.3309444,0.009434998,
1,8,24.9362,-0.1142526,1.42313,1.787249,-0.00330913,-0.9435973,-0.3309444,0.009434998,
1,8,24.94453,-0.1152532,1.395557,1.737246,-0.00330913,-0.9435973,-0.3309444,0.009434998,
1,8,24.95287,-0.1162518,1.367343,1.687313,-0.00330913,-0.9435973,-0.3309444,0.009434998,
1,8,24.9612,-0.1172482,1.338488,1.63745,-0.00330913,-0.9435973,-0.3309444,0.009434998,
1,8,24.96953,-0.1182446,1.308991,1.587663,-0.00330913,-0.9435973,-0.3309444,0.009434998,
1,8,24.97509,-0.1189086,1.288956,1.554505,-0.00330913,-0.9435973,-0.3309444,0.009434998,
1,8,24.98342,-0.1199007,1.258394,1.504839,-0.00330913,-0.9435973,-0.3309444,0.009434998,
1,8,24.99003,-0.1206875,1.233702,1.465509,-0.00330913,-0.9435973,-0.3309444,0.009434998,
1,8,24.99837,-0.121679,1.201996,1.415977,-0.00330913,-0.9435973,-0.3309444,0.009434998,
1,8,25.00654,-0.1226481,1.170279,1.367457,-0.00330913,-0.9435973,-0.3309444,0.009434998,
1,8,25.01451,-0.1235925,1.138778,1.320251,-0.00330913,-0.9435973,-0.3309444,0.009434998,
1,8,25.02284,-0.1245795,1.105206,1.270941,-0.00330913,-0.9435973,-0.3309444,0.009434998,
1,8,25.0299,-0.1254146,1.076266,1.229222,-0.00330913,-0.9435973,-0.3309444,0.009434998,
1,8,25.03823,-0.1263973,1.041531,1.180054,-0.00330913,-0.9435973,-0.3309444,0.009434998,
1,8,25.04657,-0.1273768,1.006163,1.130956,-0.00330913,-0.9435973,-0.3309444,0.009434998,
1,8,25.0549,-0.1283563,0.9701704,1.081937,-0.00330913,-0.9435973,-0.3309444,0.009434998,
1,8,25.06193,-0.1291822,0.9393318,1.040656,-0.00330913,-0.9435973,-0.3309444,0.009434998,
1,8,25.07026,-0.1301617,0.902179,0.9917743,-0.00330913,-0.9435973,-0.3309444,0.009434998,
1,8,25.07859,-0.1311412,0.8644036,0.9429673,-0.00330913,-0.9435973,-0.3309444,0.009434998,
1,8,25.08526,-0.1319182,0.8337446,0.9039919,-0.00330913,-0.9435973,-0.3309444,0.009434998,
1,8,25.09352,-0.1328812,0.7951733,0.8557271,-0.00330913,-0.9435973,-0.3309444,0.009434998,
1,8,25.10185,-0.1338522,0.7556614,0.8071331,-0.00330913,-0.9435973,-0.3309444,0.009434998,
1,8,25.11019,-0.1348233,0.7155218,0.7586183,-0.00330913,-0.9435973,-0.3309444,0.009434998,
1,8,25.11628,-0.1355335,0.6857735,0.7231811,-0.00330913,-0.9435973,-0.3309444,0.009434998,
1,8,25.12461,-0.1365046,0.6445706,0.6747984,-0.00330913,-0.9435973,-0.3309444,0.009434998,
1,8,25.13283,-0.1374541,0.6033419,0.6271743,-0.00330913,-0.9435973,-0.3309444,0.009434998,
1,8,25.14076,-0.1383694,0.5630107,0.5813149,-0.00330913,-0.9435973,-0.3309444,0.009434998,
1,8,25.14909,-0.139332,0.5199989,0.5331622,-0.00330913,-0.9435973,-0.3309444,0.009434998,
1,8,25.15672,-0.1402135,0.4800717,0.4891404,-0.00330913,-0.9435973,-0.3309444,0.009434998,
1,8,25.16505,-0.1411761,0.4358872,0.4411412,-0.00330913,-0.9435973,-0.3309444,0.009434998,
1,8,25.17339,-0.1421343,0.3910917,0.3932218,-0.00330913,-0.9435973,-0.3309444,0.009434998,
1,8,25.18172,-0.1430885,0.3456876,0.3453826,-0.00330913,-0.9435973,-0.3309444,0.009434998,
1,8,25.19,-0.1440361,0.2999974,0.2979502,-0.00330913,-0.9435973,-0.3309444,0.009434998,
1,8,25.19699,-0.1448369,0.260917,0.2579259,-0.00330913,-0.9435973,-0.3309444,0.009434998,
1,8,25.20532,-0.1457911,0.213798,0.2103149,-0.00330913,-0.9435973,-0.3309444,0.009434998,
1,8,25.21366,-0.1467446,0.166077,0.1627845,-0.00330913,-0.9435973,-0.3309444,0.009434998,
1,8,25.22161,-0.1476477,0.1199458,0.1174728,-0.00330913,-0.9435973,-0.3309444,0.009434998,
1,8,25.22987,-0.1485851,0.07148716,0.07052058,-0.00330913,-0.9435973,-0.3309444,0.009434998,
1,8,25.23821,-0.1494634,0.04411604,0.02663679,-0.002057733,-0.9784445,-0.2062681,0.009784549,CourtEnter
1,8,25.24368,-0.1499143,0.06896563,0.004061216,0.001139325,-0.9935366,0.1130709,0.009935547,CourtExit
1,8,25.25201,-0.1505983,0.1061958,-0.03029285,0.005675294,-0.8241466,0.5662882,0.008241728,
1,8,25.25913,-0.1511824,0.1373991,-0.05960429,0.008529369,-0.5240964,0.8516002,0.005241256,
1,8,25.26746,-0.1518663,0.1732507,-0.09389598,0.009990859,-0.06357397,0.997927,0.0006360108,
1,8,25.27564,-0.1525372,0.2076952,-0.1274952,0.00915899,0.4029267,0.9151775,-0.004029058,
1,8,25.28361,-0.1531913,0.2405984,-0.1602289,0.006365805,0.7712598,0.6364419,-0.007712475,
1,8,25.29194,-0.1538753,0.2742815,-0.1944225,0.002009741,0.9794429,0.2014737,-0.009794413,
1,8,25.30011,-0.1545458,0.3065838,-0.2279085,-0.002717998,0.9625874,-0.2707868,-0.009625963,
1,8,25.30844,-0.1552297,0.3388083,-0.2620355,-0.006906198,0.7243914,-0.6893163,-0.007244096,
1,8,25.31677,-0.1559137,0.3703028,-0.2961299,-0.009491593,0.3185076,-0.9478675,-0.003185317,
1,8,25.32372,-0.1564837,0.3959877,-0.3245195,-0.009977549,-0.08051232,-0.9967034,0.0008048536,
1,8,25.33205,-0.1571676,0.4261413,-0.3585553,-0.008445492,-0.5362419,-0.8440051,0.00536216,
1,8,25.33739,-0.1576061,0.4450876,-0.3803574,-0.006395536,-0.7688009,-0.63941,0.007687781,
1,8,25.34573,-0.1582901,0.4740472,-0.4143419,-0.002068846,-0.9782097,-0.2073783,0.009781952,
1,8,25.35375,-0.1589406,0.5012382,-0.447026,0.002556937,-0.9669703,0.2546928,0.009669664,
1,8,25.36209,-0.1596162,0.5287734,-0.4809462,0.006768493,-0.7372475,0.6755487,0.007372561,
1,8,25.37042,-0.1602917,0.5555819,-0.5148348,0.009422782,-0.3383236,0.9409766,0.003383439,
1,8,25.37728,-0.160848,0.577118,-0.5427203,0.009996167,0.05306713,0.9985408,-0.0005303927,
1,8,25.38543,-0.1615082,0.6020384,-0.5757862,0.00865659,0.5015617,0.865064,-0.005015283,
1,8,25.39376,-0.1621837,0.6268266,-0.6095889,0.005331439,0.8459458,0.5331752,-0.008459121,
1,8,25.40209,-0.1628592,0.650895,-0.6433604,0.0007899043,0.9967735,0.07963986,-0.009967458,
1,8,25.40678,-0.1632394,0.6641222,-0.6623481,-0.001914981,0.981625,-0.190558,-0.009816032,
1,8,25.41511,-0.1639149,0.6870657,-0.6960696,-0.006252754,0.7813605,-0.6239997,-0.007813538,
1,8,25.42345,-0.1645904,0.7092981,-0.729764,-0.00916364,0.4032309,-0.9150435,-0.004032413,
1,8,25.43178,-0.1652659,0.7308123,-0.7634274,-0.009988071,-0.06640592,-0.9977425,0.0006637863,
1,8,25.44011,-0.1659414,0.7516103,-0.7970597,-0.008542704,-0.5206638,-0.8537032,0.005206225,
1,8,25.4455,-0.1663782,0.7646791,-0.8187891,-0.006536126,-0.756909,-0.6534438,0.007568621,
1,8,25.45384,-0.1670537,0.7843034,-0.8523725,-0.002289386,-0.97328,-0.2294037,0.009732333,
1,8,25.46217,-0.1677281,0.8032178,-0.8859248,0.002473116,-0.9691374,0.2463183,0.009691012,
1,8,25.46923,-0.1682937,0.8187058,-0.9143566,0.006111878,-0.7924002,0.6099194,0.007923799,
1,8,25.47757,-0.1689608,0.836303,-0.9478601,0.009081526,-0.4213826,0.9068277,0.004213856,
1,8,25.4859,-0.1696279,0.8531975,-0.9813321,0.01000043,0.04448591,0.9989599,-0.0004445859,
1,8,25.49424,-0.1702949,0.8693867,-1.014771,0.008665358,0.5000495,0.8659391,-0.005000013,
1,8,25.50257,-0.170962,0.8848721,-1.048196,0.005380868,0.8428148,0.5381109,-0.00842755,
1,8,25.50955,-0.1715207,0.8972866,-1.076145,0.00166044,0.9859757,0.1665894,-0.009859156,
1,8,25.51788,-0.1721878,0.9114632,-1.109516,-0.00306993,0.9519968,-0.3059445,-0.009519482,
1,8,25.52621,-0.1728549,0.9249355,-1.142836,-0.007109022,0.7045479,-0.7095858,-0.007045221,
1,8,25.53455,-0.173522,0.9377043,-1.176139,-0.009553539,0.2994336,-0.9540646,-0.002994374,
1,8,25.54261,-0.174167,0.9493828,-1.208323,-0.009885525,-0.1568975,-0.9875641,0.001568638,
1,8,25.54832,-0.1746247,0.9572687,-1.231123,-0.008853175,-0.4661033,-0.8846738,0.004660506,
1,8,25.55666,-0.1752917,0.9681872,-1.264359,-0.005720191,-0.820201,-0.5719882,0.008201301,
1,8,25.56472,-0.1759369,0.9780782,-1.296465,-0.001468677,-0.9890209,-0.1474373,0.009889467,
1,8,25.57305,-0.176604,0.9876134,-1.329633,0.003235276,-0.9465291,0.3224635,0.009464677,
1,8,25.58008,-0.1771664,0.9951068,-1.357598,0.00667948,-0.7453053,0.6666482,0.007452659,
1,8,25.58834,-0.1778235,1.003283,-1.390421,0.009338647,-0.360895,0.9325528,0.003608894,
1,8,25.59667,-0.1784821,1.01084,-1.423522,0.009953444,0.1060486,0.9943106,-0.001060176,
1,8,25.60501,-0.1791408,1.017695,-1.456582,0.008361502,0.5492117,0.8356234,-0.005491487,
1,8,25.61031,-0.1795598,1.021692,-1.477596,0.006344704,0.772993,0.6343358,-0.007729157,
1,8,25.61864,-0.1802184,1.027412,-1.510629,0.002103662,0.9774655,0.2108586,-0.009773797,
1,8,25.62697,-0.180877,1.032429,-1.543605,-0.002599755,0.965835,-0.2589649,-0.009657592,
1,8,25.63427,-0.1814536,1.036254,-1.572461,-0.006277058,0.7794197,-0.6264222,-0.007793667,
1,8,25.6426,-0.1821122,1.039975,-1.605405,-0.009144048,0.4076647,-0.9130769,-0.004076492,
1,8,25.65094,-0.1827708,1.043001,-1.638303,-0.009995897,-0.05364236,-0.9985101,0.000536164,
1,8,25.65819,-0.183344,1.045078,-1.666932,-0.008941856,-0.4489154,-0.8935183,0.004488564,
1,8,25.66652,-0.1840026,1.046807,-1.699777,-0.005909302,-0.8067057,-0.5908689,0.008066195,
1,8,25.67485,-0.1846613,1.047848,-1.732608,-0.001581746,-0.987271,-0.1587328,0.009871769,
1,8,25.68319,-0.1853199,1.048194,-1.765412,0.003089948,-0.951353,0.3079407,0.009512708,
1,8,25.68869,-0.1857548,1.048047,-1.787045,0.005862081,-0.8110087,0.5849485,0.008109452,
1,8,25.69702,-0.1864134,1.04725,-1.819807,0.008910577,-0.4563934,0.8897218,0.004563699,
1,8,25.70536,-0.187072,1.045765,-1.852527,0.01001068,-0.002270784,0.9999473,2.294223E-05,
1,8,25.71279,-0.1876554,1.043854,-1.881677,0.009145574,0.4059563,0.9138377,-0.004058932,
1,8,25.72112,-0.1883056,1.041063,-1.914355,0.006301364,0.7765223,0.6300105,-0.007764266,
1,8,25.72945,-0.1889558,1.037592,-1.946983,0.002086859,0.9778259,0.2091806,-0.009777168,
1,8,25.73634,-0.1894928,1.034204,-1.97393,-0.001779001,0.9841657,-0.1769688,-0.009840632,
1,8,25.74467,-0.190143,1.029475,-2.006511,-0.006050316,0.7971016,-0.6037623,-0.007970278,
1,8,25.753,-0.1907932,1.02406,-2.039072,-0.009006413,0.4371977,-0.8993096,-0.004371701,
1,8,25.76001,-0.1913399,1.018971,-2.06645,-0.009994579,0.05744595,-0.9982985,-0.0005746269,
1,8,25.76834,-0.1919901,1.012294,-2.098989,-0.009169917,-0.4004483,-0.9162648,0.004003813,
1,8,25.77668,-0.1926403,1.00493,-2.131414,-0.006362897,-0.771499,-0.636152,0.007713943,
1,8,25.78501,-0.1932905,0.9968874,-2.163839,-0.002183327,-0.9757154,-0.2188141,0.00975594,
1,8,25.79334,-0.1939407,0.9881617,-2.196264,0.002464814,-0.969349,0.2454844,0.009692369,
1,8,25.79992,-0.1944536,0.9807958,-2.221844,0.005802685,-0.8152571,0.5790128,0.008151701,
1,8,25.80814,-0.1950954,0.9709795,-2.253782,0.008830704,-0.4716457,0.8817313,0.004716073,
1,8,25.81648,-0.1957455,0.9603595,-2.286072,0.01000815,-0.02333764,0.9996775,0.0002335834,
1,8,25.82481,-0.1963957,0.9490606,-2.318362,0.00903596,0.4297258,0.902904,-0.004296474,
1,8,25.83088,-0.1968645,0.9403991,-2.341888,0.007078398,0.7065696,0.7075729,-0.007064581,
1,8,25.83921,-0.1975063,0.9279234,-2.374178,0.003133074,0.9494817,0.3136631,-0.009493449,
1,8,25.84641,-0.1980605,0.9165987,-2.401963,-0.0008482523,0.9964166,-0.083988,-0.009962811,
1,8,25.85475,-0.1987023,0.9028608,-2.434117,-0.005243954,0.8521683,-0.5231722,-0.008520612,
1,8,25.86308,-0.199344,0.8884422,-2.466272,-0.008517377,0.5260574,-0.8503902,-0.005260027,
1,8,25.87141,-0.1999858,0.873345,-2.498427,-0.009972591,0.08795141,-0.9960744,-0.0008796261,
1,8,25.87975,-0.2006275,0.8575723,-2.530488,-0.009302901,-0.368635,-0.9295204,0.003685589,
1,8,25.88808,-0.2012693,0.8411231,-2.562508,-0.006654667,-0.7465311,-0.6652754,0.007464031,
1,8,25.89641,-0.201911,0.8239995,-2.594527,-0.002594101,-0.9656006,-0.2598375,0.009654461,
1,8,25.9033,-0.2024416,0.809338,-2.621002,0.001219811,-0.9925894,0.1211052,0.00992437,
1,8,25.91159,-0.2030801,0.791081,-2.652783,0.005521883,-0.8344804,0.5509468,0.008343602,
1,8,25.91985,-0.2037162,0.7722298,-2.684387,0.008655543,-0.5030349,0.8642082,0.005029731,
1,8,25.92819,-0.2043579,0.7525448,-2.716271,0.009991196,-0.06318559,0.9979516,0.00063197,
1,8,25.93648,-0.2049903,0.7322755,-2.748019,0.009223853,0.3879172,0.9216399,-0.003878324,
1,8,25.94482,-0.2056236,0.7112485,-2.779793,0.006512727,0.7589194,0.6511079,-0.007587775,
1,8,25.95315,-0.2062569,0.689553,-2.811542,0.002431382,0.9698272,0.2435881,-0.00969657,
1,8,25.96148,-0.2068902,0.6671884,-2.843292,-0.002159093,0.9765762,-0.2149393,-0.00976413,
1,8,25.96854,-0.2074267,0.6477213,-2.870178,-0.005727592,0.8205374,-0.5715053,-0.008204079,
1,8,25.97688,-0.20806,0.6241268,-2.901792,-0.008787551,0.479631,-0.8774132,-0.004795675,
1,8,25.98519,-0.2086919,0.5999171,-2.933337,-0.01000323,0.03940954,-0.999173,-0.0003942531,
1,8,25.99352,-0.2093252,0.5749906,-2.964952,-0.009128888,-0.4096875,-0.9121711,0.004095934,
1,8,26.00186,-0.2099585,0.5494007,-2.996487,-0.006346422,-0.7728525,-0.634507,0.007726982,
1,8,26.01019,-0.2105918,0.5231499,-3.027966,-0.002240568,-0.9744154,-0.2245322,0.009742329,
1,8,26.01803,-0.2111875,0.4978479,-3.057576,0.002062996,-0.9786399,0.2053386,0.009784656,
1,8,26.02636,-0.2118143,0.4703081,-3.089034,0.006200117,-0.7855389,0.6187314,0.00785409,
1,8,26.03457,-0.2124296,0.442545,-3.119897,0.009014612,-0.4355121,0.9001272,0.004354533,
1,8,26.04154,-0.2129524,0.4184496,-3.146124,0.009989443,-0.06588775,0.9977769,0.0006589995,
1,8,26.04983,-0.2135742,0.3891937,-3.177315,0.009251207,0.3813668,0.9243697,-0.003812712,
1,8,26.05817,-0.2141991,0.3591391,-3.208543,0.006597835,0.7515451,0.6596059,-0.007513833,
1,8,26.0665,-0.214824,0.3284268,-3.239752,0.002580639,0.9659605,0.2584963,-0.00965765,
1,8,26.07483,-0.2154488,0.2970587,-3.270961,-0.001967379,0.9805959,-0.195785,-0.009804067,
1,8,26.08291,-0.2160544,0.2660358,-3.301108,-0.005993361,0.8013844,-0.598066,-0.008012388,
1,8,26.09124,-0.2166792,0.2333795,-3.332182,-0.008920674,0.4544266,-0.890728,-0.004543556,
1,8,26.09953,-0.2173009,0.2002409,-3.363097,-0.01000949,0.01647556,-0.9998142,-0.0001649481,
1,8,26.10651,-0.2178187,0.1718397,-3.389038,-0.009342815,-0.3584367,-0.9335005,0.00358342,
1,8,26.11485,-0.2184351,0.1373378,-3.419977,-0.006797357,-0.7335893,-0.6795195,0.007334216,
1,8,26.12142,-0.2189214,0.1096589,-3.444385,-0.003769706,-0.9260626,-0.3772376,0.009258611,
1,8,26.12976,-0.2195378,0.07399516,-3.475246,0.0007039086,-0.9975271,0.06956817,0.009973203,
1,8,26.13809,-0.2201544,0.03801329,-3.50606,0.0050272,-0.8651088,0.5014844,0.008649241,CourtEnter
1,8,26.14642,-0.2207878,0.06221365,-3.53781,0.008108539,-0.5881063,0.8087217,0.005876632,CourtExit
1,8,26.15475,-0.2214211,0.0894075,-3.569547,0.009799656,-0.2107025,0.9774989,0.002102087,
1,8,26.16309,-0.2220544,0.1158815,-3.601161,0.009816227,0.2024406,0.9792433,-0.002028985,
1,8,26.17142,-0.2226877,0.1416356,-3.632776,0.008158681,0.5808038,0.813982,-0.005811458,
1,8,26.17976,-0.223321,0.1666731,-3.66439,0.005112531,0.8600087,0.5101814,-0.008601756,
1,8,26.18809,-0.2239543,0.1909937,-3.696004,0.001198662,0.9927489,0.1197903,-0.009927114,
1,8,26.19642,-0.2245876,0.2145981,-3.727579,-0.002916466,0.9567577,-0.2907144,-0.009565224,
1,8,26.20476,-0.2252209,0.2374883,-3.759058,-0.006534264,0.758458,-0.6516451,-0.007580653,
1,8,26.21021,-0.225635,0.2520703,-3.779642,-0.008331203,0.5562719,-0.8309401,-0.005558108,
1,8,26.21854,-0.2262683,0.2737818,-3.811121,-0.00987054,0.1746578,-0.9845782,-0.00174159,
1,8,26.22687,-0.2269016,0.294783,-3.8426,-0.009739915,-0.2362575,-0.9716388,0.002367076,
1,8,26.2352,-0.2275347,0.3150705,-3.874079,-0.007964547,-0.6070212,-0.7946225,0.00607345,
1,8,26.24046,-0.2279288,0.3275033,-3.89386,-0.006125209,-0.7914258,-0.6111835,0.00791639,
1,8,26.24646,-0.2283787,0.3413566,-3.91643,-0.003528223,-0.9358873,-0.3521575,0.009359566,
1,8,26.25479,-0.2290036,0.3599748,-3.947774,0.000536363,-0.9985294,0.05328405,0.009983914,
1,8,26.26284,-0.2296069,0.3772838,-3.978041,0.004380764,-0.8995045,0.4367969,0.008991882,
1,8,26.27068,-0.2301948,0.3935169,-4.00753,0.007468228,-0.6671768,0.7448321,0.006667349,
1,8,26.27901,-0.2308197,0.4100895,-4.038875,0.009522309,-0.3126654,0.9498105,0.00312163,
1,8,26.28735,-0.2314445,0.4259562,-4.070219,0.009979639,0.09402672,0.9955192,-0.0009450314,
1,8,26.29568,-0.2320694,0.4411205,-4.101563,0.008766568,0.4847476,0.8745967,-0.004851162,
1,8,26.30393,-0.2326883,0.4554468,-4.132512,0.006120215,0.7918126,0.6106821,-0.007920128,
1,8,26.31227,-0.2333131,0.4692097,-4.163586,0.002434626,0.9699565,0.2430728,-0.009699524,
1,8,26.31919,-0.2338322,0.4801079,-4.189398,-0.0009631509,0.9953446,-0.09586012,-0.009951698,
1,8,26.32752,-0.234457,0.4925828,-4.220471,-0.00486898,0.874177,-0.4855045,-0.00873825,
1,8,26.33505,-0.2350212,0.5032462,-4.248528,-0.007713453,0.6388084,-0.7693007,-0.006383471,
1,8,26.34338,-0.2356461,0.5143898,-4.279603,-0.009627473,0.2787607,-0.9603083,-0.002782535,
1,8,26.35035,-0.2361688,0.5231807,-4.305599,-0.01000568,-0.06064596,-0.998109,0.000611263,
1,8,26.35564,-0.2365654,0.5295268,-4.325322,-0.00951164,-0.3154697,-0.9488828,0.003158907,
1,8,26.36263,-0.2370891,0.5374715,-4.351366,-0.007890111,-0.6166219,-0.7871957,0.006169214,
1,8,26.37096,-0.237714,0.546309,-4.38244,-0.004774657,-0.8791299,-0.4764772,0.008792393,
1,8,26.37758,-0.2382055,0.552833,-4.407112,-0.001709543,-0.9852644,-0.1707461,0.009852076,
1,8,26.38591,-0.2388219,0.560421,-4.438186,0.002361545,-0.9718569,0.2353599,0.009716014,
1,8,26.39424,-0.2394383,0.5673207,-4.469154,0.006040679,-0.7981299,0.6024023,0.007977178,
1,8,26.40258,-0.2400547,0.5735195,-4.499958,0.008722399,-0.4929883,0.8699782,0.004924878,
1,8,26.40979,-0.2405885,0.5783324,-4.526635,0.00989368,-0.16109,0.9868888,0.001605811,
1,8,26.41813,-0.241205,0.5832376,-4.557439,0.009720884,0.243934,0.9697401,-0.002443718,
1,8,26.42646,-0.2418214,0.5874506,-4.588243,0.007951891,0.6086744,0.7933569,-0.006089679,
1,8,26.43479,-0.2424378,0.5909766,-4.619046,0.004879632,0.8733739,0.4869475,-0.008734738,
1,8,26.43969,-0.2427998,0.5927192,-4.637134,0.002664939,0.9639088,0.2660447,-0.009638846,
1,8,26.44802,-0.2434162,0.5951466,-4.667938,-0.001381658,0.9904361,-0.1376099,-0.00990208,
1,8,26.45635,-0.2440326,0.5968825,-4.698741,-0.005200033,0.8549982,-0.5185345,-0.008546036,
1,8,26.46266,-0.2444988,0.597736,-4.72204,-0.007551757,0.65775,-0.7531698,-0.006572712,
1,8,26.47099,-0.2451152,0.5982624,-4.752844,-0.009543429,0.3061762,-0.9519221,-0.003056568,
1,8,26.47648,-0.2455215,0.5982308,-4.773149,-0.01001495,0.04323947,-0.9990145,-0.0004274065,
1,8,26.48482,-0.2461379,0.5976107,-4.803861,-0.009370144,-0.3550859,-0.9347799,0.003554858,
1,8,26.49315,-0.2467543,0.5963031,-4.834394,-0.007201568,-0.6954222,-0.7185317,0.006956566,
1,8,26.50025,-0.2472795,0.5946488,-4.860405,-0.004412673,-0.8977584,-0.4403747,0.008978201,
1,8,26.50858,-0.2478959,0.5920695,-4.890939,-0.0005033727,-0.9986775,-0.05043165,0.00998528,
1,8,26.51599,-0.2484431,0.5891988,-4.918095,0.003060611,-0.9522688,0.3050969,0.009519512,
1,8,26.52433,-0.2490511,0.5853219,-4.948628,0.006575061,-0.7549397,0.6557179,0.007544832,
1,8,26.53186,-0.2496007,0.5812304,-4.976235,0.008847971,-0.4701866,0.8825102,0.004696681,
1,8,26.54019,-0.2502087,0.576048,-5.006768,0.009988348,-0.08476754,0.9963503,0.000842625,
1,8,26.54724,-0.2507225,0.5711358,-5.032572,0.00969471,0.2540742,0.9671328,-0.002545027,
1,8,26.55557,-0.2513305,0.5646925,-5.063105,0.007910884,0.6139663,0.7892687,-0.006142399,
1,8,26.5639,-0.2519384,0.5575665,-5.093638,0.00485418,0.8747841,0.4844097,-0.008748581,
1,8,26.56955,-0.25235,0.5523526,-5.11431,0.002306258,0.9730759,0.230268,-0.009730054,
1,8,26.57788,-0.252958,0.5440841,-5.144588,-0.001709857,0.985333,-0.1703497,-0.009850617,
1,8,26.58486,-0.2534677,0.5366262,-5.169957,-0.00488939,0.873042,-0.4875424,-0.008726354,
1,8,26.5932,-0.2540756,0.5271067,-5.200221,-0.007930283,0.6118149,-0.7909377,-0.006113084,
1,8,26.60136,-0.2546714,0.5171138,-5.229876,-0.009678483,0.26057,-0.965403,-0.002600451,
1,8,26.6097,-0.2552794,0.5062465,-5.260139,-0.00992725,-0.1385455,-0.9903054,0.001390042,
1,8,26.61803,-0.2558873,0.4946977,-5.290402,-0.008589657,-0.5152889,-0.856958,0.005156071,
1,8,26.62636,-0.2564953,0.4824704,-5.320665,-0.005881993,-0.80958,-0.5869244,0.008097053,
1,8,26.63432,-0.257076,0.4701587,-5.349571,-0.002413992,-0.9704697,-0.2410158,0.009703904,
1,8,26.64258,-0.2576786,0.4567284,-5.379568,0.001546596,-0.9880108,0.1540608,0.009877315,
1,8,26.65076,-0.2582754,0.4427735,-5.409275,0.005230416,-0.8531544,0.5215626,0.008527203,
1,8,26.6591,-0.2588833,0.4278868,-5.439307,0.008154411,-0.581759,0.8132996,0.005812365,
1,8,26.66666,-0.2594355,0.4137813,-5.466549,0.009696158,-0.25395,0.9671654,0.002534204,
1,8,26.675,-0.2600435,0.3976068,-5.496542,0.009920316,0.1434093,0.9896127,-0.001438648,
1,8,26.68333,-0.2606515,0.3807555,-5.526536,0.00857425,0.5178374,0.8554205,-0.005181442,
1,8,26.68849,-0.2610281,0.3699811,-5.545114,0.007037809,0.7119111,0.7021983,-0.007120991,
1,8,26.69683,-0.261636,0.3520409,-5.575107,0.003702123,0.9291764,0.3695014,-0.009291512,
1,8,26.7025,-0.26205,0.3394412,-5.595527,0.001061149,0.9943084,0.1060708,-0.00994138,
1,8,26.71083,-0.2626441,0.3203726,-5.62552,-0.002900629,0.9572358,-0.2891362,-0.009568779,
1,8,26.71917,-0.2632352,0.3006309,-5.655513,-0.006403346,0.7694877,-0.6385833,-0.007689985,
1,8,26.7275,-0.2638263,0.28022,-5.685425,-0.008897167,0.4608595,-0.8874166,-0.004603161,
1,8,26.73583,-0.2644173,0.2591417,-5.715148,-0.009992286,0.08004326,-0.996741,-0.0007953233,
1,8,26.74122,-0.2647991,0.2451707,-5.734346,-0.009866653,-0.1764168,-0.9842646,0.00176862,
1,8,26.74955,-0.2653902,0.2229909,-5.76407,-0.008406784,-0.5444723,-0.838719,0.005447593,
1,8,26.75579,-0.2658326,0.2059506,-5.786319,-0.006432394,-0.7667929,-0.6418166,0.0076693,
1,8,26.76412,-0.2664237,0.1826027,-5.816042,-0.002949951,-0.9556072,-0.2944742,0.009555269,
1,8,26.77115,-0.2669221,0.1623974,-5.841106,0.0003679405,-0.9992842,0.03648489,0.009990291,
1,8,26.77948,-0.2675133,0.1378227,-5.87083,0.004217346,-0.9072405,0.4204935,0.009068162,
1,8,26.78646,-0.2680079,0.1167455,-5.895704,0.00695455,-0.7203121,0.693578,0.007197967,
1,8,26.79479,-0.268599,0.0909519,-5.925304,0.009205268,-0.396075,0.9181635,0.003955257,
1,8,26.80203,-0.2691123,0.06801379,-5.950883,0.01000477,-0.06260554,0.997988,0.0006209871,
1,8,26.80993,-0.2696731,0.04238639,-5.978824,0.009534865,0.3084291,0.9511946,-0.003088197,CourtEnter
1,8,26.81827,-0.2702639,0.04977376,-6.008071,0.007534517,0.659182,0.7519168,-0.006599906,
1,8,26.82579,-0.2707978,0.06820012,-6.034437,0.004635462,0.8863848,0.4628409,-0.008873507,CourtExit
1,8,26.8325,-0.2712732,0.08411582,-6.057906,0.00151511,0.988387,0.1516273,-0.00989383,
1,8,26.84083,-0.2718565,0.103269,-6.087089,-0.002549248,0.9672011,-0.2538148,-0.009680857,
1,8,26.84916,-0.2724307,0.1217152,-6.116233,-0.006191309,0.7867344,-0.6172105,-0.007873625,
1,8,26.85746,-0.2730026,0.1393834,-6.145029,-0.008804929,0.4784095,-0.8780797,-0.004786807,
1,8,26.8658,-0.2735768,0.1564213,-6.173941,-0.009983449,0.09064433,-0.9958329,-0.0009051435,
1,8,26.87286,-0.2740638,0.1703211,-6.198464,-0.009698423,-0.2524001,-0.9675711,0.002528546,
1,8,26.8812,-0.274638,0.1860579,-6.227376,-0.007898794,-0.6152956,-0.7882328,0.006160588,
1,8,26.88867,-0.2751526,0.1995673,-6.253288,-0.005174264,-0.8561848,-0.5165727,0.008571178,
1,8,26.897,-0.2757268,0.2139796,-6.282201,-0.001351357,-0.990755,-0.1352934,0.00991731,
1,8,26.90447,-0.2762415,0.2262987,-6.308118,0.002280958,-0.9738318,0.2270492,0.009747099,
1,8,26.9128,-0.2768157,0.2393807,-6.337031,0.00595622,-0.8045866,0.5937508,0.008052206,
1,8,26.92109,-0.2773865,0.2516916,-6.36577,0.008646248,-0.5064073,0.8622362,0.005066969,
1,8,26.92942,-0.2779607,0.2633812,-6.394682,0.009946888,-0.1245142,0.9921672,0.001244123,
1,8,26.93775,-0.2785348,0.2743683,-6.423594,0.009629437,0.2774108,0.9606991,-0.002778851,
1,8,26.94339,-0.2789235,0.2814128,-6.443166,0.008512947,0.5275749,0.8494495,-0.005282603,
1,8,26.95173,-0.2794977,0.2912367,-6.472022,0.005734214,0.8199084,0.5724071,-0.008208066,
1,8,26.96006,-0.2800719,0.3003595,-6.500664,0.002027672,0.9791799,0.2027478,-0.009801446,
1,8,26.9684,-0.2806461,0.3087918,-6.529306,-0.002005073,0.9798408,-0.1995292,-0.009807153,
1,8,26.97316,-0.2809742,0.3132954,-6.545673,-0.004203734,0.9079831,-0.4188872,-0.009087406,
1,8,26.98149,-0.2815484,0.3206375,-6.574315,-0.007447216,0.6697147,-0.7425509,-0.006701758,
1,8,26.98963,-0.282109,0.3271321,-6.602278,-0.009455369,0.3325408,-0.9430356,-0.003326423,
1,8,26.99781,-0.2826733,0.3330061,-6.630425,-0.01000701,-0.05818615,-0.9982554,0.0005846051,
1,8,27.00615,-0.2832475,0.3382957,-6.659068,-0.008970289,-0.4458907,-0.8950313,0.004465015,
1,8,27.01448,-0.2838216,0.3428904,-6.687709,-0.006491273,-0.7616614,-0.6478978,0.007625091,
1,8,27.02281,-0.2843958,0.3467964,-6.716352,-0.002970716,-0.9548849,-0.2968076,0.009558326,
1,8,27.02956,-0.2848608,0.3494545,-6.739548,0.0002580386,-0.9996311,0.02524765,0.01000548,
1,8,27.0379,-0.2854351,0.35211,-6.76819,0.004168027,-0.9096187,0.4153235,0.009103648,
1,8,27.04623,-0.2860093,0.3540741,-6.796833,0.007408343,-0.6739935,0.7386694,0.006744503,
1,8,27.05456,-0.2865834,0.355349,-6.825474,0.009461903,-0.3306887,0.9436867,0.00330784,
1,8,27.0629,-0.2871577,0.3559374,-6.853893,0.01000261,0.06525816,0.9978181,-0.0006553772,
1,8,27.07071,-0.2876962,0.3558629,-6.880506,0.009056635,0.4281888,0.9036338,-0.004287783,
1,8,27.07905,-0.2882704,0.3551176,-6.908878,0.006654175,0.7475418,0.6641393,-0.007483675,
1,8,27.08738,-0.2888446,0.3536845,-6.937249,0.003193536,0.9476917,0.3190303,-0.009486218,
1,8,27.09467,-0.2893467,0.3518684,-6.962059,-0.0002687665,0.9996035,-0.02631791,-0.01000504,
1,8,27.103,-0.2899209,0.3491493,-6.990431,-0.00416094,0.9099411,-0.4146167,-0.009106733,
1,8,27.11125,-0.2904891,0.3457811,-7.018508,-0.007362369,0.6789875,-0.7340815,-0.006794392,
1,8,27.11879,-0.2910087,0.3421159,-7.044183,-0.009297051,0.3743818,-0.9272205,-0.003745154,
1,8,27.12712,-0.2915829,0.3374122,-7.072556,-0.01002281,-0.01678565,-0.9998089,0.0001702028,
1,9,27.13546,0,0.5,7.5,0,0,0,1,BallLaunch
1,9,27.14057,-0.0006411943,0.5255193,7.467896,-0.00330913,-0.9435973,-0.3309444,0.009434998,
1,9,27.1489,-0.001809903,0.5715136,7.409531,-0.00330913,-0.9435973,-0.3309444,0.009434998,
1,9,27.15723,-0.002976433,0.6167373,7.351166,-0.00330913,-0.9435973,-0.3309444,0.009434998,
1,9,27.16557,-0.00414078,0.6611915,7.292982,-0.00330913,-0.9435973,-0.3309444,0.009434998,
1,9,27.17066,-0.004851321,0.6879832,7.257477,-0.00330913,-0.9435973,-0.3309444,0.009434998,
1,9,27.17899,-0.006012287,0.7312077,7.199382,-0.00330913,-0.9435973,-0.3309444,0.009434998,
1,9,27.18437,-0.006760619,0.7587061,7.161986,-0.00330913,-0.9435973,-0.3309444,0.009434998,
1,9,27.19271,-0.007917965,0.8006781,7.104161,-0.00330913,-0.9435973,-0.3309444,0.009434998,
1,9,27.20104,-0.009073242,0.8418892,7.046337,-0.00330913,-0.9435973,-0.3309444,0.009434998,
1,9,27.20881,-0.01014885,0.8796433,6.992598,-0.00330913,-0.9435973,-0.3309444,0.009434998,
1,9,27.2164,-0.0111975,0.915876,6.940179,-0.00330913,-0.9435973,-0.3309444,0.009434998,
1,9,27.22473,-0.01234699,0.9549383,6.882625,-0.00330913,-0.9435973,-0.3309444,0.009434998,
1,9,27.23111,-0.01322462,0.9843022,6.838811,-0.00330913,-0.9435973,-0.3309444,0.009434998,
1,9,27.23944,-0.01437055,1.022036,6.781528,-0.00330913,-0.9435973,-0.3309444,0.009434998,
1,9,27.24777,-0.01551452,1.059024,6.724243,-0.00330913,-0.9435973,-0.3309444,0.009434998,
1,9,27.25256,-0.01617083,1.079936,6.691478,-0.00330913,-0.9435973,-0.3309444,0.009434998,
1,9,27.26087,-0.01730891,1.115663,6.6346,-0.00330913,-0.9435973,-0.3309444,0.009434998,
1,9,27.26823,-0.01831434,1.146666,6.584273,-0.00330913,-0.9435973,-0.3309444,0.009434998,
1,9,27.27656,-0.01945159,1.181081,6.52744,-0.00330913,-0.9435973,-0.3309444,0.009434998,
1,9,27.28288,-0.02031277,1.206692,6.484403,-0.00330913,-0.9435973,-0.3309444,0.009434998,
1,9,27.28964,-0.02123294,1.233619,6.438363,-0.00330913,-0.9435973,-0.3309444,0.009434998,
1,9,27.29798,-0.02236529,1.266138,6.381716,-0.00330913,-0.9435973,-0.3309444,0.009434998,
1,9,27.30631,-0.02349581,1.297917,6.325243,-0.00330913,-0.9435973,-0.3309444,0.009434998,
1,9,27.31203,-0.02427023,1.319294,6.2865,-0.00330913,-0.9435973,-0.3309444,0.009434998,
1,9,27.32036,-0.02539758,1.349836,6.23007,-0.00330913,-0.9435973,-0.3309444,0.009434998,
1,9,27.3287,-0.0265232,1.379646,6.173867,-0.00330913,-0.9435973,-0.3309444,0.009434998,
1,9,27.33463,-0.02732309,1.400421,6.133866,-0.00330913,-0.9435973,-0.3309444,0.009434998,
1,9,27.34296,-0.02844551,1.42898,6.077663,-0.00330913,-0.9435973,-0.3309444,0.009434998,
1,9,27.35129,-0.02956603,1.456807,6.021696,-0.00330913,-0.9435973,-0.3309444,0.009434998,
1,9,27.35963,-0.03068488,1.483907,5.965763,-0.00330913,-0.9435973,-0.3309444,0.009434998,
1,9,27.36545,-0.03146629,1.502432,5.926646,-0.00330913,-0.9435973,-0.3309444,0.009434998,
1,9,27.37358,-0.03255426,1.52766,5.872269,-0.00330913,-0.9435973,-0.3309444,0.009434998,
1,9,27.38191,-0.03366864,1.552829,5.816606,-0.00330913,-0.9435973,-0.3309444,0.009434998,
1,9,27.39024,-0.03478114,1.577267,5.760943,-0.00330913,-0.9435973,-0.3309444,0.009434998,
1,9,27.39858,-0.03589171,1.600985,5.705396,-0.00330913,-0.9435973,-0.3309444,0.009434998,
1,9,27.40579,-0.03685111,1.620929,5.657475,-0.00330913,-0.9435973,-0.3309444,0.009434998,
1,9,27.41412,-0.03795885,1.643311,5.602082,-0.00330913,-0.9435973,-0.3309444,0.009434998,
1,9,27.42229,-0.03904311,1.664556,5.547792,-0.00330913,-0.9435973,-0.3309444,0.009434998,
1,9,27.43013,-0.04008156,1.684293,5.495945,-0.00330913,-0.9435973,-0.3309444,0.009434998,
1,9,27.43846,-0.04118423,1.704583,5.440823,-0.00330913,-0.9435973,-0.3309444,0.009434998,
1,9,27.44547,-0.04211116,1.721099,5.394437,-0.00330913,-0.9435973,-0.3309444,0.009434998,
1,9,27.45361,-0.04318452,1.73963,5.340757,-0.00330913,-0.9435973,-0.3309444,0.009434998,
1,9,27.46194,-0.04428259,1.757914,5.285905,-0.00330913,-0.9435973,-0.3309444,0.009434998,
1,9,27.47027,-0.04537898,1.775486,5.231053,-0.00330913,-0.9435973,-0.3309444,0.009434998,
1,9,27.47861,-0.04647392,1.792354,5.176221,-0.00330913,-0.9435973,-0.3309444,0.009434998,
1,9,27.48694,-0.04756742,1.808512,5.121639,-0.00330913,-0.9435973,-0.3309444,0.009434998,
1,9,27.49524,-0.04865488,1.823897,5.067267,-0.00330913,-0.9435973,-0.3309444,0.009434998,
1,9,27.50334,-0.04971414,1.83823,5.014236,-0.00330913,-0.9435973,-0.3309444,0.009434998,
1,9,27.51167,-0.05080299,1.852288,4.959838,-0.00330913,-0.9435973,-0.3309444,0.009434998,
1,9,27.51774,-0.05159543,1.862096,4.92025,-0.00330913,-0.9435973,-0.3309444,0.009434998,
1,9,27.52608,-0.0526813,1.874939,4.865938,-0.00330913,-0.9435973,-0.3309444,0.009434998,
1,9,27.53406,-0.05371969,1.886574,4.813949,-0.00330913,-0.9435973,-0.3309444,0.009434998,
1,9,27.54239,-0.05480264,1.898056,4.759877,-0.00330913,-0.9435973,-0.3309444,0.009434998,
1,9,27.54816,-0.05555162,1.905595,4.722448,-0.00330913,-0.9435973,-0.3309444,0.009434998,
1,9,27.55649,-0.05663233,1.915885,4.668406,-0.00330913,-0.9435973,-0.3309444,0.009434998,
1,9,27.56211,-0.05735998,1.922431,4.631953,-0.00330913,-0.9435973,-0.3309444,0.009434998,
1,9,27.57045,-0.05843809,1.93156,4.578088,-0.00330913,-0.9435973,-0.3309444,0.009434998,
1,9,27.57878,-0.05951469,1.939987,4.524316,-0.00330913,-0.9435973,-0.3309444,0.009434998,
1,9,27.58399,-0.06018607,1.944906,4.490721,-0.00330913,-0.9435973,-0.3309444,0.009434998,
1,9,27.59232,-0.06126023,1.952205,4.43695,-0.00330913,-0.9435973,-0.3309444,0.009434998,
1,9,27.60065,-0.06233262,1.958818,4.383362,-0.00330913,-0.9435973,-0.3309444,0.009434998,
1,9,27.60889,-0.06339276,1.964673,4.330472,-0.00330913,-0.9435973,-0.3309444,0.009434998,
1,9,27.61696,-0.06442755,1.969751,4.278644,-0.00330913,-0.9435973,-0.3309444,0.009434998,
1,9,27.62471,-0.06541981,1.974015,4.228946,-0.00330913,-0.9435973,-0.3309444,0.009434998,
1,9,27.63304,-0.06648796,1.977943,4.175673,-0.00330913,-0.9435973,-0.3309444,0.009434998,
1,9,27.64137,-0.0675519,1.981177,4.122442,-0.00330913,-0.9435973,-0.3309444,0.009434998,
1,9,27.64775,-0.06836577,1.983188,4.081722,-0.00330913,-0.9435973,-0.3309444,0.009434998,
1,9,27.65608,-0.06942971,1.985213,4.028491,-0.00330913,-0.9435973,-0.3309444,0.009434998,
1,9,27.66378,-0.0704098,1.986466,3.979477,-0.00330913,-0.9435973,-0.3309444,0.009434998,
1,9,27.67211,-0.07146952,1.987172,3.926497,-0.00330913,-0.9435973,-0.3309444,0.009434998,
1,9,27.68045,-0.07252924,1.987189,3.873536,-0.00330913,-0.9435973,-0.3309444,0.009434998,
1,9,27.68878,-0.07358553,1.986529,3.820701,-0.00330913,-0.9435973,-0.3309444,0.009434998,
1,9,27.69392,-0.07423612,1.985779,3.78814,-0.00330913,-0.9435973,-0.3309444,0.009434998,
1,9,27.70225,-0.07529163,1.984016,3.7354,-0.00330913,-0.9435973,-0.3309444,0.009434998,
1,9,27.71058,-0.07634531,1.981566,3.682709,-0.00330913,-0.9435973,-0.3309444,0.009434998,
1,9,27.71892,-0.07739659,1.978438,3.630115,-0.00330913,-0.9435973,-0.3309444,0.009434998,
1,9,27.72725,-0.07844786,1.974639,3.577559,-0.00330913,-0.9435973,-0.3309444,0.009434998,
1,9,27.73226,-0.07907981,1.972027,3.546013,-0.00330913,-0.9435973,-0.3309444,0.009434998,
1,9,27.74059,-0.08012687,1.96713,3.493593,-0.00330913,-0.9435973,-0.3309444,0.009434998,
1,9,27.74893,-0.08117392,1.961554,3.441236,-0.00330913,-0.9435973,-0.3309444,0.009434998,
1,9,27.75726,-0.08222084,1.955305,3.388951,-0.00330913,-0.9435973,-0.3309444,0.009434998,
1,9,27.76559,-0.08326367,1.948382,3.33674,-0.00330913,-0.9435973,-0.3309444,0.009434998,
1,9,27.77374,-0.08428291,1.940966,3.28577,-0.00330913,-0.9435973,-0.3309444,0.009434998,
1,9,27.78205,-0.08532289,1.932747,3.233845,-0.00330913,-0.9435973,-0.3309444,0.009434998,
1,9,27.79019,-0.08633827,1.924033,3.183017,-0.00330913,-0.9435973,-0.3309444,0.009434998,
1,9,27.79647,-0.08712094,1.916878,3.143877,-0.00330913,-0.9435973,-0.3309444,0.009434998,
1,9,27.80481,-0.08815955,1.906793,3.091997,-0.00330913,-0.9435973,-0.3309444,0.009434998,
1,9,27.81314,-0.08919556,1.896046,3.040184,-0.00330913,-0.9435973,-0.3309444,0.009434998,
1,9,27.82147,-0.09022994,1.884622,2.988439,-0.00330913,-0.9435973,-0.3309444,0.009434998,
1,9,27.8298,-0.09126313,1.872549,2.936832,-0.00330913,-0.9435973,-0.3309444,0.009434998,
1,9,27.83789,-0.09226484,1.860175,2.886729,-0.00330913,-0.9435973,-0.3309444,0.009434998,
1,9,27.84622,-0.09329501,1.846777,2.835188,-0.00330913,-0.9435973,-0.3309444,0.009434998,
1,9,27.85455,-0.09432517,1.832705,2.783714,-0.00330913,-0.9435973,-0.3309444,0.009434998,
1,9,27.86289,-0.09535287,1.817977,2.732318,-0.00330913,-0.9435973,-0.3309444,0.009434998,
1,9,27.87122,-0.09637881,1.802579,2.680979,-0.00330913,-0.9435973,-0.3309444,0.009434998,
1,9,27.87658,-0.09703894,1.792326,2.647987,-0.00330913,-0.9435973,-0.3309444,0.009434998,
1,9,27.88491,-0.09806392,1.775847,2.596782,-0.00330913,-0.9435973,-0.3309444,0.009434998,
1,9,27.89325,-0.09908564,1.758699,2.545631,-0.00330913,-0.9435973,-0.3309444,0.009434998,
1,9,27.89973,-0.09988023,1.744914,2.505914,-0.00330913,-0.9435973,-0.3309444,0.009434998,
1,9,27.90806,-0.1009019,1.726607,2.454879,-0.00330913,-0.9435973,-0.3309444,0.009434998,
1,9,27.91509,-0.1017596,1.710659,2.411946,-0.00330913,-0.9435973,-0.3309444,0.009434998,
1,9,27.92342,-0.1027771,1.691125,2.361035,-0.00330913,-0.9435973,-0.3309444,0.009434998,
1,9,27.93175,-0.1037946,1.67095,2.310236,-0.00330913,-0.9435973,-0.3309444,0.009434998,
1,9,27.93737,-0.1044778,1.656986,2.276015,-0.00330913,-0.9435973,-0.3309444,0.009434998,
1,9,27.9457,-0.1054911,1.635713,2.22534,-0.00330913,-0.9435973,-0.3309444,0.009434998,
1,9,27.95403,-0.1065044,1.613778,2.174677,-0.00330913,-0.9435973,-0.3309444,0.009434998,
1,9,27.96237,-0.1075154,1.591191,2.124148,-0.00330913,-0.9435973,-0.3309444,0.009434998,
1,9,27.97046,-0.1084949,1.568651,2.075127,-0.00330913,-0.9435973,-0.3309444,0.009434998,
1,9,27.97879,-0.1095039,1.544783,2.024733,-0.00330913,-0.9435973,-0.3309444,0.009434998,
1,9,27.98674,-0.1104643,1.521416,1.976708,-0.00330913,-0.9435973,-0.3309444,0.009434998,
1,9,27.99507,-0.1114691,1.496287,1.926431,-0.00330913,-0.9435973,-0.3309444,0.009434998,
1,9,28.00216,-0.1123237,1.474398,1.883729,-0.00330913,-0.9435973,-0.3309444,0.009434998,
1,9,28.01049,-0.1133268,1.448068,1.833583,-0.00330913,-0.9435973,-0.3309444,0.009434998,
1,9,28.01731,-0.1141461,1.426027,1.792573,-0.00330913,-0.9435973,-0.3309444,0.009434998,
1,9,28.02565,-0.1151468,1.398521,1.742563,-0.00330913,-0.9435973,-0.3309444,0.009434998,
1,9,28.03223,-0.1159371,1.376328,1.703083,-0.00330913,-0.9435973,-0.3309444,0.009434998,
1,9,28.04057,-0.1169335,1.347672,1.653199,-0.00330913,-0.9435973,-0.3309444,0.009434998,
1,9,28.0489,-0.1179299,1.318375,1.603385,-0.00330913,-0.9435973,-0.3309444,0.009434998,
1,9,28.05709,-0.1189082,1.288968,1.554525,-0.00330913,-0.9435973,-0.3309444,0.009434998,
1,9,28.06542,-0.1199003,1.258407,1.504858,-0.00330913,-0.9435973,-0.3309444,0.009434998,
1,9,28.07315,-0.1208205,1.229489,1.45886,-0.00330913,-0.9435973,-0.3309444,0.009434998,
1,9,28.08148,-0.1218114,1.197699,1.409338,-0.00330913,-0.9435973,-0.3309444,0.009434998,
1,9,28.08982,-0.1227994,1.165277,1.359892,-0.00330913,-0.9435973,-0.3309444,0.009434998,
1,9,28.09639,-0.1235792,1.139223,1.320913,-0.00330913,-0.9435973,-0.3309444,0.009434998,
1,9,28.10473,-0.1245663,1.105659,1.271601,-0.00330913,-0.9435973,-0.3309444,0.009434998,
1,9,28.11306,-0.1255524,1.071462,1.222364,-0.00330913,-0.9435973,-0.3309444,0.009434998,
1,9,28.12068,-0.1264495,1.039662,1.177436,-0.00330913,-0.9435973,-0.3309444,0.009434998,
1,9,28.12901,-0.127429,1.004262,1.128343,-0.00330913,-0.9435973,-0.3309444,0.009434998,
1,9,28.13734,-0.1284085,0.9682343,1.079327,-0.00330913,-0.9435973,-0.3309444,0.009434998,
1,9,28.14451,-0.1292507,0.9367551,1.037238,-0.00330913,-0.9435973,-0.3309444,0.009434998,
1,9,28.15284,-0.1302302,0.899559,0.9883613,-0.00330913,-0.9435973,-0.3309444,0.009434998,
1,9,28.16115,-0.1312062,0.8618708,0.9397244,-0.00330913,-0.9435973,-0.3309444,0.009434998,
1,9,28.16948,-0.1321773,0.8234278,0.8909983,-0.00330913,-0.9435973,-0.3309444,0.009434998,
1,9,28.17771,-0.1331357,0.7848736,0.8429794,-0.00330913,-0.9435973,-0.3309444,0.009434998,
1,9,28.18604,-0.1341068,0.7451973,0.7944086,-0.00330913,-0.9435973,-0.3309444,0.009434998,
1,9,28.19437,-0.1350779,0.7048984,0.745912,-0.00330913,-0.9435973,-0.3309444,0.009434998,
1,9,28.20271,-0.1360489,0.6639823,0.6974926,-0.00330913,-0.9435973,-0.3309444,0.009434998,
1,9,28.21083,-0.1369916,0.623507,0.650372,-0.00330913,-0.9435973,-0.3309444,0.009434998,
1,9,28.21916,-0.1379542,0.5813718,0.6021061,-0.00330913,-0.9435973,-0.3309444,0.009434998,
1,9,28.22536,-0.1386699,0.5496491,0.566273,-0.00330913,-0.9435973,-0.3309444,0.009434998,
1,9,28.23369,-0.1396325,0.5064438,0.5181465,-0.00330913,-0.9435973,-0.3309444,0.009434998,
1,9,28.24071,-0.1404434,0.469575,0.4776701,-0.00330913,-0.9435973,-0.3309444,0.009434998,
1,9,28.24904,-0.141406,0.4252454,0.4296899,-0.00330913,-0.9435973,-0.3309444,0.009434998,
1,9,28.25422,-0.1420009,0.3973946,0.39992,-0.00330913,-0.9435973,-0.3309444,0.009434998,
1,9,28.26255,-0.142955,0.352075,0.3520698,-0.00330913,-0.9435973,-0.3309444,0.009434998,
1,9,28.27089,-0.1439092,0.3061503,0.3042975,-0.00330913,-0.9435973,-0.3309444,0.009434998,
1,9,28.27922,-0.1448634,0.2596197,0.2566065,-0.00330913,-0.9435973,-0.3309444,0.009434998,
1,9,28.28604,-0.1456437,0.2211185,0.2176662,-0.00330913,-0.9435973,-0.3309444,0.009434998,
1,9,28.29437,-0.1465979,0.1734895,0.1701226,-0.00330913,-0.9435973,-0.3309444,0.009434998,
1,9,28.30023,-0.1472638,0.1396267,0.1367281,-0.00330913,-0.9435973,-0.3309444,0.009434998,
1,9,28.30857,-0.1482095,0.09097442,0.08932406,-0.00330913,-0.9435973,-0.3309444,0.009434998,
1,9,28.31436,-0.1488666,0.05681685,0.05643472,-0.00330913,-0.9435973,-0.3309444,0.009434998,
1,9,28.32269,-0.1496688,0.0554217,0.01640003,-0.0006146621,-0.9980177,-0.06213563,0.009980317,CourtEnter
1,9,28.3277,-0.1500804,0.07807616,-0.004285713,0.002309328,-0.9731494,0.2299569,0.009731698,CourtExit
1,9,28.33604,-0.1507644,0.115125,-0.03863156,0.006611424,-0.7513288,0.6598523,0.00751356,
1,9,28.34132,-0.1511981,0.138231,-0.06039295,0.008587585,-0.5145139,0.8574236,0.005145426,
1,9,28.34966,-0.1518821,0.1740664,-0.0946839,0.009997265,-0.05239003,0.9985765,0.0005241558,
1,9,28.35779,-0.15255,0.2083492,-0.1281393,0.009121617,0.4112852,0.9114518,-0.004112671,
1,9,28.3633,-0.153002,0.2311448,-0.1507589,0.00734705,0.6786542,0.7343899,-0.006786422,
1,9,28.37163,-0.153686,0.2650317,-0.1849609,0.003309562,0.9434777,0.3312853,-0.009434761,
1,9,28.37855,-0.1542538,0.2926034,-0.2133311,-0.0006723654,0.9977413,-0.06642471,-0.009977483,
1,9,28.38688,-0.1549378,0.3251428,-0.2474722,-0.005264171,0.8509179,-0.5252035,-0.008509334,
1,9,28.3942,-0.1555384,0.3531124,-0.277426,-0.008317457,0.5570632,-0.8304098,-0.005570847,
1,9,28.40254,-0.1562223,0.3842742,-0.3115065,-0.009956258,0.1048072,-0.9944422,-0.001048331,
1,9,28.40952,-0.1567952,0.4098145,-0.3400283,-0.009556239,-0.2971396,-0.9547817,0.00297114,
1,9,28.41785,-0.1574792,0.439635,-0.3740498,-0.007062229,-0.7081798,-0.7059613,0.007081577,
1,9,28.42517,-0.15808,0.4652279,-0.4039049,-0.003499873,-0.9365879,-0.3502901,0.009365717,
1,9,28.4335,-0.1587583,0.4936833,-0.4378653,0.001272595,-0.9919307,0.1263866,0.00991924,
1,9,28.44071,-0.1593426,0.5177085,-0.467214,0.005201423,-0.8547549,0.5189354,0.008547582,
1,9,28.44904,-0.1600181,0.544813,-0.5011163,0.008584037,-0.515098,0.8570729,0.005151119,
1,9,28.45738,-0.1606936,0.5711939,-0.534988,0.009994482,-0.05743334,0.9982991,0.0005745554,
1,9,28.46432,-0.1612566,0.5926262,-0.5631933,0.0094169,0.3385438,0.9408974,-0.003385162,
1,9,28.47265,-0.1619321,0.6176808,-0.5970057,0.006761659,0.7368689,0.6759617,-0.00736839,
1,9,28.48099,-0.1626077,0.6420167,-0.6307871,0.00256201,0.9664575,0.2566319,-0.009664306,
1,9,28.48792,-0.1631694,0.6617039,-0.6588529,-0.001420516,0.989936,-0.1411622,-0.00989916,
1,9,28.49625,-0.1638449,0.6847224,-0.6925779,-0.005853576,0.8116134,-0.5841091,-0.008116061,
1,9,28.50248,-0.1643499,0.701466,-0.7177771,-0.008340667,0.5535831,-0.8327338,-0.005535867,
1,9,28.51081,-0.1650255,0.7232354,-0.7514517,-0.009956156,0.1048674,-0.9944358,-0.001048856,
1,9,28.51693,-0.1655212,0.7387581,-0.7761426,-0.00970197,-0.2456584,-0.9693049,0.002456305,
1,9,28.52526,-0.1661968,0.7592853,-0.8097621,-0.007459465,-0.6663027,-0.7456143,0.006662654,
1,9,28.53358,-0.1668705,0.7790514,-0.8432658,-0.003538398,-0.9351385,-0.3541413,0.009350993,
1,9,28.54191,-0.167546,0.798157,-0.8768274,0.001190247,-0.9929447,0.1181565,0.009929116,
1,9,28.55024,-0.1682142,0.8165583,-0.9103619,0.005646762,-0.8260974,0.5634385,0.008260791,
1,9,28.55857,-0.1688813,0.8342417,-0.9438676,0.008824917,-0.4727038,0.8811645,0.004727057,
1,9,28.56413,-0.1693262,0.8456455,-0.9661967,0.009863307,-0.171626,0.9851114,0.001716423,
1,9,28.57247,-0.1699933,0.8621525,-0.9996505,0.009540804,0.3020252,0.9532474,-0.003019892,
1,9,28.5808,-0.1706604,0.8779569,-1.033089,0.007070125,0.7073894,0.7067533,-0.0070734,
1,9,28.58913,-0.1713275,0.8930491,-1.066477,0.003010958,0.9534236,0.301469,-0.009533719,
1,9,28.59723,-0.1719756,0.9070307,-1.098902,-0.001588298,0.9874011,-0.1579214,-0.009873581,
1,9,28.60556,-0.1726427,0.9207264,-1.132244,-0.005957749,0.8040203,-0.5945176,-0.008039961,
1,9,28.61382,-0.1733039,0.9336083,-1.165254,-0.008971177,0.4443596,-0.8957926,-0.004443611,
1,9,28.62103,-0.1738806,0.9442807,-1.194046,-0.009999602,0.04762006,-0.9988154,-0.0004764595,
1,9,28.62936,-0.1745477,0.9559662,-1.22729,-0.009097853,-0.416491,-0.9090848,0.004164408,
1,9,28.63625,-0.175099,0.9651057,-1.254757,-0.006796136,-0.7336965,-0.6794038,0.007336334,
1,9,28.6428,-0.1756231,0.9733501,-1.280863,-0.003635754,-0.9313987,-0.3638632,0.00931331,
1,9,28.65113,-0.1762902,0.983216,-1.314031,0.001046941,-0.9945439,0.1038392,0.009944836,
1,9,28.65946,-0.1769573,0.9923776,-1.347199,0.005493999,-0.8363081,0.5481685,0.008362688,
1,9,28.6678,-0.1776225,1.00084,-1.38032,0.008717258,-0.4922583,0.8703916,0.004922498,
1,9,28.67613,-0.1782812,1.008612,-1.413421,0.01000325,-0.039124,0.9991843,0.0003914912,
1,9,28.68446,-0.1789398,1.015678,-1.446501,0.009070335,0.4224325,0.9063392,-0.004223782,
1,9,28.6928,-0.1795984,1.022049,-1.479534,0.006129042,0.7901669,0.6128102,-0.007900937,
1,9,28.70082,-0.1802326,1.027527,-1.511338,0.002007155,0.9794949,0.2012206,-0.00979418,
1,9,28.70903,-0.1808815,1.03246,-1.543826,-0.002627141,0.9650962,-0.2617046,-0.009650319,
1,9,28.71736,-0.1815401,1.036784,-1.576792,-0.006747612,0.7391543,-0.6734618,-0.007391173,
1,9,28.7257,-0.1821987,1.040413,-1.609727,-0.009378452,0.3504113,-0.9365424,-0.003504109,
1,9,28.73367,-0.1828288,1.043233,-1.641198,-0.009964793,-0.09483497,-0.9954427,0.0009479842,
1,9,28.742,-0.1834874,1.045511,-1.674096,-0.008433395,-0.5381287,-0.8428034,0.00538059,
1,9,28.74959,-0.1840868,1.046979,-1.703975,-0.00541329,-0.8407354,-0.5413539,0.008406472,
1,9,28.75711,-0.1846815,1.047869,-1.733614,-0.001442005,-0.9894137,-0.1447777,0.009893226,
1,9,28.76544,-0.1853401,1.048194,-1.766417,0.003223993,-0.9469128,0.321335,0.009468371,
1,9,28.77378,-0.1859987,1.047831,-1.799179,0.007181654,-0.6971585,0.7168472,0.006971153,
1,9,28.78211,-0.1866574,1.046781,-1.831941,0.009566881,-0.2951303,0.9554046,0.002951303,
1,9,28.78804,-0.1871262,1.045614,-1.855217,0.01000382,0.0361282,0.9992971,-0.0003609605,
1,9,28.79638,-0.1877794,1.043376,-1.887912,0.00874521,0.4859823,0.8739114,-0.0048591,
1,9,28.80471,-0.1884296,1.040452,-1.920577,0.00558152,0.82968,0.5581498,-0.008295808,
1,9,28.81304,-0.1890798,1.036849,-1.953204,0.001204815,0.9925915,0.1210875,-0.009924868,
1,9,28.81964,-0.1895946,1.033511,-1.979039,-0.002495486,0.9685677,-0.2485491,-0.009684748,
1,9,28.82797,-0.1902448,1.028673,-2.011611,-0.006617563,0.7507939,-0.6604608,-0.007507336,
1,9,28.83631,-0.190895,1.023147,-2.044171,-0.009301763,0.3702798,-0.9288663,-0.003702665,
1,9,28.84132,-0.191286,1.019492,-2.063752,-0.009964461,0.09666327,-0.9952668,-0.0009668028,
1,9,28.84965,-0.1919362,1.012873,-2.096302,-0.009320598,-0.3641271,-0.9312955,0.003640629,
1,9,28.85445,-0.1923104,1.00875,-2.114963,-0.00800817,-0.5994174,-0.8003742,0.005993313,
1,9,28.86278,-0.1929606,1.001055,-2.147388,-0.004427714,-0.8964915,-0.4429482,0.008963827,
1,9,28.87111,-0.1936108,0.9926746,-2.179813,0.000106265,-0.9999014,0.009868387,0.009997936,
1,9,28.87945,-0.194261,0.9836106,-2.212238,0.004614788,-0.8877054,0.4603031,0.008876218,
1,9,28.88638,-0.1948021,0.9755464,-2.239219,0.007643768,-0.6462681,0.7630448,0.006462186,
1,9,28.89472,-0.1954523,0.965234,-2.271509,0.009737776,-0.2325997,0.9725211,0.002326013,
1,9,28.90305,-0.1961025,0.9542415,-2.303799,0.009738624,0.2307928,0.9729515,-0.002307389,
1,9,28.91136,-0.1967471,0.9426063,-2.33598,0.007660056,0.6431993,0.7656336,-0.006431021,
1,9,28.91969,-0.1973888,0.9302574,-2.36827,0.003937426,0.9190602,0.3939905,-0.009189382,
1,9,28.9259,-0.1978672,0.9206076,-2.392275,0.0005630321,0.9983249,0.05698612,-0.009982009,
1,9,28.93423,-0.1985089,0.9070705,-2.424429,-0.003993152,0.9172506,-0.398185,-0.00917147,
1,9,28.94197,-0.199105,0.8938952,-2.454294,-0.007477087,0.6654471,-0.7463779,-0.006653828,
1,9,28.95031,-0.1997467,0.8790469,-2.486449,-0.009670659,0.2591168,-0.9657941,-0.002591086,
1,9,28.95769,-0.2003155,0.8653257,-2.51492,-0.009896128,-0.1500871,-0.9886221,0.001500426,
1,9,28.96603,-0.2009572,0.8492054,-2.54694,-0.008165596,-0.5778502,-0.8160815,0.005777534,
1,9,28.97436,-0.201599,0.8324099,-2.578959,-0.004700241,-0.8825243,-0.4701606,0.008823953,
1,9,28.98269,-0.2022407,0.814943,-2.610979,-0.0002389226,-0.999647,-0.02461411,0.009995119,
1,9,28.98775,-0.20263,0.8040208,-2.6304,0.002553806,-0.9670549,0.2543715,0.009669302,
1,9,28.99608,-0.2032717,0.7854722,-2.662305,0.006618613,-0.750706,0.6605606,0.007506199,
1,9,29.00442,-0.2039135,0.7662501,-2.69419,0.009280387,-0.3756143,0.926722,0.003755864,
1,9,29.01226,-0.2045173,0.7475394,-2.724207,0.009996967,0.05154908,0.9986203,-0.000515144,
1,9,29.02059,-0.2051506,0.7270161,-2.756082,0.008707982,0.4926043,0.8701959,-0.004925078,
1,9,29.02856,-0.2057559,0.706772,-2.786426,0.005752857,0.8179117,0.5752569,-0.008177724,
1,9,29.03601,-0.206322,0.6872858,-2.814806,0.001972842,0.9801916,0.197799,-0.009800361,
1,9,29.04434,-0.2069553,0.6648526,-2.846555,-0.002615143,0.9654224,-0.2604988,-0.009652789,
1,9,29.05267,-0.2075886,0.6417521,-2.878262,-0.006651025,0.7478432,-0.6638,-0.007477426,
1,9,29.05869,-0.2080456,0.6246681,-2.901077,-0.008733751,0.4893424,-0.8720343,-0.004892875,
1,9,29.06702,-0.2086789,0.6004206,-2.932691,-0.009998756,0.04948541,-0.9987247,-0.0004950575,
1,9,29.07535,-0.2093122,0.5755072,-2.964305,-0.009169778,-0.4004647,-0.9162576,0.004003707,
1,9,29.08344,-0.2099271,0.5506853,-2.994926,-0.006526667,-0.7577145,-0.6525096,0.00757566,
1,9,29.091,-0.2105014,0.5269352,-3.023475,-0.002882934,-0.9573699,-0.288692,0.009571961,
1,9,29.09933,-0.2111347,0.5001111,-3.054955,0.001679319,-0.9859055,0.1670038,0.009857387,
1,9,29.10639,-0.2116667,0.4768738,-3.081619,0.005305042,-0.8483909,0.5292758,0.008482579,
1,9,29.11473,-0.2122916,0.4488298,-3.112973,0.008523036,-0.5251347,0.8509603,0.005250675,
1,9,29.12297,-0.2129095,0.4204493,-3.143967,0.009963117,-0.0980735,0.9951288,0.0009808617,
1,9,29.13004,-0.2134396,0.395587,-3.170559,0.009585866,0.2874775,0.9577351,-0.002873953,
1,9,29.13837,-0.2140644,0.3656722,-3.201816,0.00731383,0.6822177,0.7310807,-0.006820676,
1,9,29.14602,-0.2146384,0.3376197,-3.230481,0.003876918,0.9216251,0.3879526,-0.009214387,
1,9,29.15436,-0.2152632,0.3064452,-3.26169,-0.0006098105,0.9981385,-0.06016218,-0.0099795,
1,9,29.16158,-0.2158048,0.278892,-3.288701,-0.004428514,0.8971155,-0.4416828,-0.00896957,
1,9,29.16992,-0.2164297,0.2464987,-3.319774,-0.007942006,0.6093263,-0.7928564,-0.00609233,
1,9,29.17825,-0.2170545,0.2134483,-3.350848,-0.009817497,0.1962292,-0.980507,-0.001962217,
1,9,29.18553,-0.2175982,0.1840212,-3.377974,-0.009804813,-0.2010056,-0.979539,0.002009354,
1,9,29.19387,-0.2182147,0.1497519,-3.408912,-0.007906585,-0.6127192,-0.7902374,0.006125723,
1,9,29.20131,-0.2187654,0.1185834,-3.436554,-0.004820132,-0.87604,-0.4821347,0.008758496,
1,9,29.20949,-0.2193701,0.08376431,-3.466864,-0.0005453606,-0.9984238,-0.05522698,0.009982219,
1,9,29.21782,-0.2199865,0.04762965,-3.497668,0.003914191,-0.920638,0.3902891,0.009204651,CourtEnter
1,9,29.2232,-0.2203908,0.04479847,-3.517907,0.006306007,-0.7774577,0.6288556,0.007770933,
1,9,29.23153,-0.2210241,0.07244307,-3.549656,0.008919896,-0.4564727,0.889681,0.004560197,CourtExit
1,9,29.23986,-0.2216574,0.0993682,-3.581343,0.01000761,-0.05767287,0.9982852,0.0005721063,
1,9,29.2482,-0.2222907,0.1255728,-3.612957,0.009386496,0.3507161,0.9364282,-0.003511065,
1,9,29.25537,-0.2228355,0.1475404,-3.640155,0.007560475,0.6563945,0.7543514,-0.006566675,
1,9,29.2637,-0.2234688,0.17241,-3.671769,0.00425986,0.9050615,0.425163,-0.009051551,
1,9,29.27192,-0.2240937,0.1962482,-3.702964,0.0002920476,0.9995183,0.02937971,-0.009994182,
1,9,29.28026,-0.224727,0.2196941,-3.734509,-0.003772739,0.9265174,-0.376119,-0.009262379,
1,9,29.28859,-0.2253601,0.2424188,-3.765977,-0.007194121,0.6965141,-0.7174733,-0.006961043,
1,9,29.29692,-0.2259934,0.2644395,-3.797456,-0.009396106,0.3486038,-0.9372166,-0.003481346,
1,9,29.30509,-0.2266145,0.285347,-3.828329,-0.01001141,-0.05010553,-0.9986936,0.0005055447,
1,9,29.31343,-0.2272478,0.305953,-3.859808,-0.008962827,-0.4475753,-0.8941901,0.00447926,
1,9,29.31863,-0.2276418,0.3184703,-3.879465,-0.007517587,-0.6612784,-0.7500737,0.006615355,
1,9,29.32697,-0.2282667,0.3379348,-3.91081,-0.004219445,-0.9069452,-0.42113,0.009070197,
1,9,29.3353,-0.2288915,0.3566789,-3.942153,-0.0002126886,-0.9997197,-0.02146184,0.009995986,
1,9,29.3404,-0.2292742,0.3678097,-3.961349,0.002302174,-0.9732779,0.2294127,0.009730453,
1,9,29.34874,-0.229899,0.3854182,-3.992693,0.006023005,-0.7994689,0.6006241,0.00799089,
1,9,29.35438,-0.230322,0.3969392,-4.013912,0.007998814,-0.6028818,0.7977677,0.006024377,
1,9,29.36271,-0.2309469,0.4133677,-4.045257,0.009749767,-0.2325884,0.9725236,0.002321142,
1,9,29.37098,-0.231567,0.4289761,-4.076362,0.009871917,0.1733577,0.9848079,-0.001737812,
1,9,29.37931,-0.2321919,0.4440015,-4.107707,0.008349656,0.5531078,0.8330495,-0.005534075,
1,9,29.38484,-0.232606,0.4535725,-4.128419,0.006546245,0.7571176,0.653202,-0.007573047,
1,9,29.39317,-0.2332308,0.4674287,-4.159493,0.002963807,0.9551703,0.2958879,-0.009551642,
1,9,29.40135,-0.2338445,0.4803521,-4.190012,-0.001037672,0.9946035,-0.1032662,-0.009944083,
1,9,29.40957,-0.2344605,0.4926413,-4.220644,-0.004883141,0.8734021,-0.4868971,-0.00873049,
1,9,29.41747,-0.2350529,0.503818,-4.250104,-0.007840902,0.6231882,-0.7820078,-0.006227381,
1,9,29.4258,-0.2356778,0.5149274,-4.281178,-0.009681685,0.2593776,-0.965724,-0.002589,
1,9,29.43414,-0.2363026,0.5253412,-4.312252,-0.009914464,-0.1472683,-0.9890458,0.001476918,
1,9,29.44197,-0.23689,0.5344973,-4.341462,-0.008631446,-0.508254,-0.861149,0.005085608,
1,9,29.4503,-0.2375148,0.5435532,-4.372536,-0.005886564,-0.8092275,-0.5874102,0.008093597,
1,9,29.45864,-0.238136,0.5519212,-4.40361,-0.002169653,-0.9761929,-0.2166738,0.00976128,
1,9,29.46697,-0.2387524,0.5595894,-4.434683,0.001903497,-0.981803,0.189639,0.009815521,
1,9,29.4753,-0.2393688,0.5665648,-4.465683,0.005660236,-0.8254215,0.5644283,0.008250257,
1,9,29.48364,-0.2399852,0.5728414,-4.496487,0.008482084,-0.5331014,0.8459921,0.005326268,
1,9,29.49197,-0.2406017,0.5784317,-4.52729,0.009906163,-0.153203,0.9881439,0.001527291,
1,9,29.49942,-0.2411528,0.5828347,-4.554832,0.009800884,0.2096187,0.9777319,-0.002100245,
1,9,29.50758,-0.241756,0.5870245,-4.584976,0.008212138,0.5732241,0.8193375,-0.005734921,
1,9,29.51591,-0.2423724,0.5906228,-4.61578,0.005259178,0.8511443,0.5248366,-0.008512267,
1,9,29.52424,-0.2429888,0.5935248,-4.646583,0.00144626,0.989452,0.1445158,-0.009893346,
1,9,29.53258,-0.2436052,0.5957358,-4.677387,-0.002601221,0.9657601,-0.2592442,-0.009654614,
1,9,29.54086,-0.2442183,0.5972533,-4.708023,-0.006203783,0.7855943,-0.6186611,-0.007851645,
1,9,29.54908,-0.2448259,0.5980842,-4.738386,-0.008784954,0.4818068,-0.8762203,-0.004813165,
1,9,29.55728,-0.2454325,0.5982432,-4.768701,-0.009971588,0.1024553,-0.9946871,-0.001019839,
1,9,29.56477,-0.2459865,0.5978054,-4.796359,-0.009679995,-0.2595053,-0.9656897,0.002598932,
1,9,29.5731,-0.2466029,0.5966669,-4.826893,-0.007864174,-0.6198673,-0.7846428,0.006201012,
1,9,29.58143,-0.2472193,0.5948379,-4.857426,-0.004771321,-0.8792906,-0.4761807,0.008793309,
1,9,29.58977,-0.2478357,0.5923262,-4.887959,-0.0009056997,-0.9958376,-0.09059572,0.00995677,
1,9,29.5981,-0.248451,0.5891272,-4.918493,0.003104525,-0.9508619,0.309454,0.009505264,
1,9,29.60341,-0.2488381,0.5867307,-4.937934,0.005433355,-0.8404523,0.5417933,0.008400326,
1,9,29.61174,-0.2494461,0.5824124,-4.968467,0.008312772,-0.5590118,0.8290992,0.005585182,
1,9,29.62007,-0.2500541,0.5774056,-4.999001,0.009846968,-0.1873847,0.9822355,0.001868989,
1,9,29.62841,-0.250662,0.5717144,-5.029534,0.009790677,0.214283,0.9767202,-0.002146818,
1,9,29.63493,-0.2511378,0.5667841,-5.05343,0.008635613,0.5075392,0.8615705,-0.005078232,
1,9,29.64104,-0.2515835,0.5617841,-5.075813,0.006773811,0.7369211,0.6759046,-0.007370715,
1,9,29.64937,-0.2521915,0.5543733,-5.106347,0.003325164,0.9432485,0.3319373,-0.009431968,
1,9,29.65771,-0.2527994,0.546283,-5.136695,-0.0006560954,0.9978222,-0.06519862,-0.009975767,
1,9,29.66372,-0.2532384,0.5400168,-5.158545,-0.003500879,0.9370715,-0.3489942,-0.009367089,
1,9,29.67205,-0.2538463,0.5307508,-5.188809,-0.006905533,0.7249982,-0.6886781,-0.007245252,
1,9,29.68025,-0.2544446,0.5209702,-5.218587,-0.009175908,0.4027849,-0.9152398,-0.004022778,
1,9,29.68847,-0.2550442,0.5105065,-5.248434,-0.0100226,0.01741359,-0.9997981,-0.0001695218,
1,9,29.69681,-0.2556522,0.4992201,-5.278697,-0.009289135,-0.3755923,-0.9267309,0.003759318,
1,9,29.7049,-0.2562427,0.4876071,-5.308095,-0.007154207,-0.7002339,-0.7138433,0.007004018,
1,9,29.71323,-0.2568501,0.4749955,-5.33833,-0.00384029,-0.9235613,-0.3833206,0.009235263,
1,9,29.72156,-0.2574581,0.4616939,-5.368593,8.603655E-05,-0.9999154,0.008329887,0.009996825,
1,9,29.72986,-0.2580636,0.4477757,-5.398732,0.003981225,-0.9178013,0.3969141,0.009174081,
1,9,29.73769,-0.2586348,0.4340297,-5.427046,0.007088248,-0.7072351,0.7069076,0.007067479,
1,9,29.74602,-0.2592428,0.4187441,-5.457039,0.009292688,-0.3751872,0.926895,0.003746764,
1,9,29.75436,-0.2598507,0.4027831,-5.487032,0.01002274,0.01614145,0.9998195,-0.0001659427,
1,9,29.76234,-0.2604335,0.3868485,-5.515784,0.009231475,0.3894761,0.9209821,-0.003898046,
1,9,29.7704,-0.2610216,0.3701446,-5.544793,0.007073303,0.7083651,0.7057753,-0.007085181,
1,9,29.77874,-0.2616295,0.3522114,-5.574786,0.003748622,0.927303,0.3741781,-0.009272498,
1,9,29.78695,-0.2622271,0.3338691,-5.604364,-0.0001100065,0.9998926,-0.01071994,-0.009996437,
1,9,29.79529,-0.2628182,0.3146017,-5.634357,-0.004000341,0.9169745,-0.3988205,-0.009165664,
1,9,29.80314,-0.2633751,0.2958337,-5.662616,-0.007097439,0.7063177,-0.7078243,-0.007058184,
1,9,29.81147,-0.2639662,0.2752642,-5.692465,-0.009290175,0.375807,-0.9266438,-0.003752889,
1,9,29.81981,-0.2645573,0.2540272,-5.722188,-0.01002313,-0.01350412,-0.9998586,0.0001395788,
1,9,29.82814,-0.265148,0.2321317,-5.751894,-0.009185019,-0.4002505,-0.916351,0.004005675,
1,9,29.83647,-0.2657391,0.2095573,-5.781616,-0.006909059,-0.7243161,-0.6893955,0.007244453,
1,9,29.84439,-0.266301,0.1874764,-5.809874,-0.003737108,-0.9277655,-0.3730298,0.009276957,
1,9,29.85273,-0.2668921,0.1636017,-5.839597,0.0001578551,-0.99983,0.01549276,0.009995616,
1,9,29.86106,-0.2674832,0.1390622,-5.869319,0.004025756,-0.9158677,0.4013557,0.009154426,
1,9,29.86939,-0.2680743,0.1138556,-5.899042,0.007264052,-0.6892559,0.7244489,0.006887412,
1,9,29.87773,-0.2686654,0.08798718,-5.928612,0.009370003,-0.3555265,0.9346126,0.003550036,
1,9,29.88594,-0.2692478,0.06185,-5.957633,0.01002022,0.02744623,0.9995731,-0.0002789517,
1,9,29.89401,-0.2698203,0.03556574,-5.986161,0.009186197,0.3999759,0.9164709,-0.004002878,CourtEnter
1,9,29.90104,-0.2703186,0.05169136,-6.010777,0.007281974,0.6867985,0.7267789,-0.006875875,
1,9,29.90937,-0.2709097,0.0719854,-6.03996,0.003937094,0.9193843,0.3932333,-0.009203307,CourtExit
1,9,29.9144,-0.2712665,0.08389311,-6.057576,0.001562989,0.9876367,0.1564401,-0.009886029,
1,9,29.92274,-0.2718439,0.1030535,-6.086758,-0.002504596,0.968366,-0.2493335,-0.009692363,
1,9,29.93107,-0.2724181,0.1215084,-6.115841,-0.006156759,0.7894358,-0.6137514,-0.007900674,
1,9,29.93708,-0.2728322,0.1343787,-6.136693,-0.008188969,0.5771345,-0.8165876,-0.005775269,
1,9,29.94541,-0.2734064,0.1516167,-6.165605,-0.009811428,0.2053657,-0.978634,-0.002053765,
1,9,29.95348,-0.2739626,0.1676439,-6.193611,-0.009845446,-0.1873845,-0.9822356,0.001877438,
1,9,29.96182,-0.2745368,0.183498,-6.222523,-0.008290418,-0.561655,-0.8273109,0.005623361,
1,9,29.97015,-0.275111,0.1986492,-6.251435,-0.005377127,-0.8436225,-0.5368434,0.008445118,
1,9,29.97749,-0.2756168,0.211419,-6.276905,-0.002062944,-0.9784361,-0.2063071,0.009793885,
1,9,29.98582,-0.276191,0.2252543,-6.305817,0.001990579,-0.9801402,0.1980531,0.00981017,
1,9,29.99302,-0.2766866,0.2366325,-6.330772,0.005249407,-0.8521468,0.523207,0.008528424,
1,9,30.00135,-0.2772608,0.2491637,-6.359684,0.008199472,-0.5756453,0.8176381,0.005760271,
1,9,30.00968,-0.277835,0.2610001,-6.388597,0.00981122,-0.2054582,0.9786146,0.002054651,
1,9,30.01802,-0.2784092,0.2721344,-6.417509,0.009824552,0.1979685,0.9801571,-0.001983346,
1,9,30.02635,-0.2789834,0.2825698,-6.446421,0.008240109,0.5689715,0.8222963,-0.005696483,
1,9,30.03427,-0.2795289,0.2918433,-6.473752,0.005488937,0.836423,0.5479931,-0.008372919,
1,9,30.0426,-0.2801031,0.3009206,-6.502394,0.001734824,0.9847693,0.173578,-0.009857006,
1,9,30.05094,-0.2806773,0.3093091,-6.531036,-0.002298306,0.9734325,-0.228755,-0.009742753,
1,9,30.05927,-0.2812515,0.3169969,-6.559679,-0.005957111,0.8045285,-0.5938296,-0.008051462,
1,9,30.06759,-0.2818246,0.3239814,-6.588267,-0.008646929,0.5062808,-0.8623105,-0.005065758,
1,9,30.07554,-0.282373,0.3300167,-6.615618,-0.00992022,0.1440562,-0.9895188,-0.001439987,
1,9,30.08388,-0.2829471,0.3356571,-6.64426,-0.009686363,-0.2568426,-0.9664013,0.002572574,
1,9,30.09181,-0.2834938,0.3403884,-6.671531,-0.008009935,-0.6007829,-0.7993495,0.00601474,
1,9,30.10015,-0.284068,0.3446819,-6.700173,-0.004997161,-0.8665736,-0.498949,0.008674439,
1,9,30.10777,-0.2845932,0.3479997,-6.726369,-0.001524824,-0.988233,-0.1526285,0.009891445,
1,9,30.1161,-0.2851674,0.3509696,-6.755012,0.002486792,-0.9688205,0.2475616,0.009696365,
1,9,30.1241,-0.2857187,0.3531731,-6.782514,0.005968984,-0.8036522,0.595015,0.008042529,
1,9,30.13243,-0.2862929,0.3547903,-6.811156,0.008648812,-0.5059615,0.8624979,0.005062451,
1,9,30.1399,-0.2868075,0.3556544,-6.836699,0.009881117,-0.1687737,0.9856039,0.001687338,
1,9,30.14824,-0.2873817,0.3559649,-6.865071,0.009752182,0.2307912,0.9729517,-0.002311827,
1,9,30.15657,-0.2879559,0.3555875,-6.893443,0.008065949,0.5932837,0.8049312,-0.005939624,
1,9,30.16333,-0.2884215,0.3547768,-6.916451,0.00573475,0.8198432,0.5725006,-0.008206761,
1,9,30.17166,-0.2889957,0.3531559,-6.944822,0.002062391,0.9784488,0.2062471,-0.009793487,
1,9,30.17652,-0.2893305,0.3518954,-6.961363,-0.0002698649,0.9996015,-0.026396,-0.01000474,
1,9,30.18485,-0.2899047,0.349188,-6.989734,-0.004164057,0.9098082,-0.4149083,-0.009105259,
1,9,30.19319,-0.2904788,0.3457938,-7.018106,-0.00739445,0.6755131,-0.7372799,-0.006759629,
1,9,30.199,-0.2908797,0.3430206,-7.037912,-0.008976609,0.4454938,-0.8952289,-0.004457123,
1,9,30.20734,-0.2914539,0.3384626,-7.066284,-0.01000577,0.06088347,-0.9980946,-0.0006074599,
1,9,30.21431,-0.2919346,0.3341218,-7.090037,-0.009647395,-0.2710276,-0.9625194,0.002714466,
1,10,30.22265,0,0.5,7.5,0,0,0,1,BallLaunch
1,10,30.23098,-0.001120488,0.5444668,7.443974,-0.00330913,-0.9435973,-0.3309444,0.009434998,
1,10,30.23661,-0.00190975,0.5754112,7.404539,-0.00330913,-0.9435973,-0.3309444,0.009434998,
1,10,30.24495,-0.003076103,0.6205705,7.346174,-0.00330913,-0.9435973,-0.3309444,0.009434998,
1,10,30.25328,-0.004240248,0.6649578,7.288013,-0.00330913,-0.9435973,-0.3309444,0.009434998,
1,10,30.26037,-0.005228939,0.7021168,7.238592,-0.00330913,-0.9435973,-0.3309444,0.009434998,
1,10,30.2687,-0.006389187,0.7450919,7.180521,-0.00330913,-0.9435973,-0.3309444,0.009434998,
1,10,30.27703,-0.007547239,0.7873084,7.122696,-0.00330913,-0.9435973,-0.3309444,0.009434998,
1,10,30.28537,-0.008703183,0.8287621,7.064872,-0.00330913,-0.9435973,-0.3309444,0.009434998,
1,10,30.29355,-0.009836046,0.8687239,7.008216,-0.00330913,-0.9435973,-0.3309444,0.009434998,
1,10,30.30108,-0.01087696,0.9048613,6.956212,-0.00330913,-0.9435973,-0.3309444,0.009434998,
1,10,30.30941,-0.01202699,0.9441316,6.898658,-0.00330913,-0.9435973,-0.3309444,0.009434998,
1,10,30.31775,-0.013175,0.9826525,6.84129,-0.00330913,-0.9435973,-0.3309444,0.009434998,
1,10,30.32281,-0.01387245,1.005718,6.80644,-0.00330913,-0.9435973,-0.3309444,0.009434998,
1,10,30.33115,-0.01501727,1.043033,6.749156,-0.00330913,-0.9435973,-0.3309444,0.009434998,
1,10,30.33862,-0.01604259,1.075867,6.69788,-0.00330913,-0.9435973,-0.3309444,0.009434998,
1,10,30.34696,-0.01718364,1.111765,6.640865,-0.00330913,-0.9435973,-0.3309444,0.009434998,
1,10,30.35222,-0.01790365,1.134067,6.60484,-0.00330913,-0.9435973,-0.3309444,0.009434998,
1,10,30.36056,-0.01904151,1.168753,6.547909,-0.00330913,-0.9435973,-0.3309444,0.009434998,
1,10,30.36889,-0.02017755,1.202697,6.491166,-0.00330913,-0.9435973,-0.3309444,0.009434998,
1,10,30.37576,-0.0211132,1.230143,6.444357,-0.00330913,-0.9435973,-0.3309444,0.009434998,
1,10,30.3841,-0.02224577,1.262735,6.387681,-0.00330913,-0.9435973,-0.3309444,0.009434998,
1,10,30.39225,-0.02335147,1.293896,6.33246,-0.00330913,-0.9435973,-0.3309444,0.009434998,
1,10,30.4005,-0.02446885,1.324724,6.276558,-0.00330913,-0.9435973,-0.3309444,0.009434998,
1,10,30.40883,-0.02559583,1.355138,6.220177,-0.00330913,-0.9435973,-0.3309444,0.009434998,
1,10,30.41716,-0.02672112,1.38482,6.163974,-0.00330913,-0.9435973,-0.3309444,0.009434998,
1,10,30.42524,-0.02780954,1.412879,6.10952,-0.00330913,-0.9435973,-0.3309444,0.009434998,
1,10,30.43265,-0.02880702,1.438033,6.059591,-0.00330913,-0.9435973,-0.3309444,0.009434998,
1,10,30.44098,-0.02992708,1.465628,6.003658,-0.00330913,-0.9435973,-0.3309444,0.009434998,
1,10,30.44931,-0.03104536,1.492491,5.947724,-0.00330913,-0.9435973,-0.3309444,0.009434998,
1,10,30.45765,-0.03216217,1.518636,5.891845,-0.00330913,-0.9435973,-0.3309444,0.009434998,
1,10,30.46243,-0.03280158,1.533307,5.859918,-0.00330913,-0.9435973,-0.3309444,0.009434998,
1,10,30.47076,-0.03391549,1.55831,5.804255,-0.00330913,-0.9435973,-0.3309444,0.009434998,
1,10,30.47731,-0.03478936,1.577445,5.760531,-0.00330913,-0.9435973,-0.3309444,0.009434998,
1,10,30.48564,-0.03589992,1.601158,5.704987,-0.00330913,-0.9435973,-0.3309444,0.009434998,
1,10,30.49397,-0.0370088,1.62416,5.649594,-0.00330913,-0.9435973,-0.3309444,0.009434998,
1,10,30.50192,-0.0380652,1.645428,5.596757,-0.00330913,-0.9435973,-0.3309444,0.009434998,
1,10,30.5078,-0.03884481,1.660719,5.557717,-0.00330913,-0.9435973,-0.3309444,0.009434998,
1,10,30.51613,-0.03994916,1.681815,5.502555,-0.00330913,-0.9435973,-0.3309444,0.009434998,
1,10,30.52446,-0.04105208,1.702189,5.447433,-0.00330913,-0.9435973,-0.3309444,0.009434998,
1,10,30.53271,-0.04214227,1.721646,5.392877,-0.00330913,-0.9435973,-0.3309444,0.009434998,
1,10,30.54104,-0.0432421,1.740605,5.337886,-0.00330913,-0.9435973,-0.3309444,0.009434998,
1,10,30.54938,-0.04434006,1.758852,5.283033,-0.00330913,-0.9435973,-0.3309444,0.009434998,
1,10,30.55771,-0.04543634,1.776387,5.228181,-0.00330913,-0.9435973,-0.3309444,0.009434998,
1,10,30.56604,-0.04653117,1.79322,5.173363,-0.00330913,-0.9435973,-0.3309444,0.009434998,
1,10,30.57438,-0.04762467,1.809337,5.118781,-0.00330913,-0.9435973,-0.3309444,0.009434998,
1,10,30.58095,-0.04848518,1.821545,5.075754,-0.00330913,-0.9435973,-0.3309444,0.009434998,
1,10,30.58928,-0.04957574,1.836396,5.021172,-0.00330913,-0.9435973,-0.3309444,0.009434998,
1,10,30.59761,-0.05066486,1.850543,4.966739,-0.00330913,-0.9435973,-0.3309444,0.009434998,
1,10,30.60493,-0.05161988,1.862393,4.919029,-0.00330913,-0.9435973,-0.3309444,0.009434998,
1,10,30.61327,-0.05270571,1.875219,4.864717,-0.00330913,-0.9435973,-0.3309444,0.009434998,
1,10,30.6216,-0.05379035,1.887345,4.810405,-0.00330913,-0.9435973,-0.3309444,0.009434998,
1,10,30.62993,-0.0548733,1.898783,4.756351,-0.00330913,-0.9435973,-0.3309444,0.009434998,
1,10,30.63744,-0.05584769,1.908485,4.707644,-0.00330913,-0.9435973,-0.3309444,0.009434998,
1,10,30.64578,-0.05692782,1.918584,4.653603,-0.00330913,-0.9435973,-0.3309444,0.009434998,
1,10,30.65411,-0.05800654,1.927989,4.59963,-0.00330913,-0.9435973,-0.3309444,0.009434998,
1,10,30.65972,-0.05873107,1.933924,4.563454,-0.00330913,-0.9435973,-0.3309444,0.009434998,
1,10,30.66805,-0.05980716,1.942167,4.509683,-0.00330913,-0.9435973,-0.3309444,0.009434998,
1,10,30.67638,-0.06088166,1.949713,4.455912,-0.00330913,-0.9435973,-0.3309444,0.009434998,
1,10,30.68472,-0.06195445,1.956569,4.402228,-0.00330913,-0.9435973,-0.3309444,0.009434998,
1,10,30.69305,-0.06302684,1.962729,4.348727,-0.00330913,-0.9435973,-0.3309444,0.009434998,
1,10,30.70014,-0.06393667,1.967424,4.303232,-0.00330913,-0.9435973,-0.3309444,0.009434998,
1,10,30.70847,-0.06500483,1.972304,4.249731,-0.00330913,-0.9435973,-0.3309444,0.009434998,
1,10,30.7168,-0.066073,1.976497,4.196353,-0.00330913,-0.9435973,-0.3309444,0.009434998,
1,10,30.72514,-0.06713855,1.980003,4.143122,-0.00330913,-0.9435973,-0.3309444,0.009434998,
1,10,30.73226,-0.06804759,1.982447,4.097641,-0.00330913,-0.9435973,-0.3309444,0.009434998,
1,10,30.74035,-0.06908073,1.984619,4.045951,-0.00330913,-0.9435973,-0.3309444,0.009434998,
1,10,30.74868,-0.07014281,1.98618,3.992854,-0.00330913,-0.9435973,-0.3309444,0.009434998,
1,10,30.75702,-0.07120253,1.987062,3.939839,-0.00330913,-0.9435973,-0.3309444,0.009434998,
1,10,30.76535,-0.07226226,1.987251,3.886879,-0.00330913,-0.9435973,-0.3309444,0.009434998,
1,10,30.77357,-0.07330556,1.986771,3.834713,-0.00330913,-0.9435973,-0.3309444,0.009434998,
1,10,30.78148,-0.07430792,1.985678,3.784547,-0.00330913,-0.9435973,-0.3309444,0.009434998,
1,10,30.78867,-0.07521807,1.984159,3.739072,-0.00330913,-0.9435973,-0.3309444,0.009434998,
1,10,30.79504,-0.07602385,1.982389,3.698821,-0.00330913,-0.9435973,-0.3309444,0.009434998,
1,10,30.80337,-0.07707512,1.979468,3.646185,-0.00330913,-0.9435973,-0.3309444,0.009434998,
1,10,30.8117,-0.0781264,1.975869,3.59363,-0.00330913,-0.9435973,-0.3309444,0.009434998,
1,10,30.81926,-0.07907958,1.972028,3.546024,-0.00330913,-0.9435973,-0.3309444,0.009434998,
1,10,30.82755,-0.08012128,1.967158,3.493872,-0.00330913,-0.9435973,-0.3309444,0.009434998,
1,10,30.83588,-0.08116833,1.961585,3.441515,-0.00330913,-0.9435973,-0.3309444,0.009434998,
1,10,30.84325,-0.08209398,1.956102,3.395292,-0.00330913,-0.9435973,-0.3309444,0.009434998,
1,10,30.85158,-0.0831372,1.949255,3.343065,-0.00330913,-0.9435973,-0.3309444,0.009434998,
1,10,30.85971,-0.08415429,1.941938,3.292202,-0.00330913,-0.9435973,-0.3309444,0.009434998,
1,10,30.86804,-0.08519711,1.933774,3.240118,-0.00330913,-0.9435973,-0.3309444,0.009434998,
1,10,30.87638,-0.08623673,1.924932,3.188103,-0.00330913,-0.9435973,-0.3309444,0.009434998,
1,10,30.88471,-0.08727533,1.91542,3.136164,-0.00330913,-0.9435973,-0.3309444,0.009434998,
1,10,30.89304,-0.08831394,1.905238,3.084284,-0.00330913,-0.9435973,-0.3309444,0.009434998,
1,10,30.89977,-0.08915018,1.896531,3.042454,-0.00330913,-0.9435973,-0.3309444,0.009434998,
1,10,30.90811,-0.09018458,1.885137,2.990709,-0.00330913,-0.9435973,-0.3309444,0.009434998,
1,10,30.91644,-0.09121896,1.87308,2.939036,-0.00330913,-0.9435973,-0.3309444,0.009434998,
1,10,30.92477,-0.09225093,1.860351,2.887426,-0.00330913,-0.9435973,-0.3309444,0.009434998,
1,10,30.92971,-0.09286153,1.852491,2.856848,-0.00330913,-0.9435973,-0.3309444,0.009434998,
1,10,30.93805,-0.0938917,1.838712,2.805373,-0.00330913,-0.9435973,-0.3309444,0.009434998,
1,10,30.94638,-0.09492116,1.824255,2.753921,-0.00330913,-0.9435973,-0.3309444,0.009434998,
1,10,30.95442,-0.0959105,1.809691,2.704413,-0.00330913,-0.9435973,-0.3309444,0.009434998,
1,10,30.96237,-0.09688997,1.794666,2.655422,-0.00330913,-0.9435973,-0.3309444,0.009434998,
1,10,30.97071,-0.09791555,1.778277,2.604218,-0.00330913,-0.9435973,-0.3309444,0.009434998,
1,10,30.97739,-0.09873549,1.764651,2.563133,-0.00330913,-0.9435973,-0.3309444,0.009434998,
1,10,30.98551,-0.09973054,1.747542,2.513397,-0.00330913,-0.9435973,-0.3309444,0.009434998,
1,10,30.99384,-0.1007523,1.729328,2.462341,-0.00330913,-0.9435973,-0.3309444,0.009434998,
1,10,31.00217,-0.1017703,1.710455,2.411407,-0.00330913,-0.9435973,-0.3309444,0.009434998,
1,10,31.00934,-0.1026454,1.693689,2.367607,-0.00330913,-0.9435973,-0.3309444,0.009434998,
1,10,31.01768,-0.1036629,1.673595,2.316808,-0.00330913,-0.9435973,-0.3309444,0.009434998,
1,10,31.02355,-0.1043786,1.659034,2.280991,-0.00330913,-0.9435973,-0.3309444,0.009434998,
1,10,31.03188,-0.1053918,1.637829,2.230303,-0.00330913,-0.9435973,-0.3309444,0.009434998,
1,10,31.03788,-0.1061206,1.622167,2.193865,-0.00330913,-0.9435973,-0.3309444,0.009434998,
1,10,31.04621,-0.1071333,1.599821,2.143286,-0.00330913,-0.9435973,-0.3309444,0.009434998,
1,10,31.05454,-0.1081423,1.576832,2.092757,-0.00330913,-0.9435973,-0.3309444,0.009434998,
1,10,31.06021,-0.1088289,1.560818,2.058446,-0.00330913,-0.9435973,-0.3309444,0.009434998,
1,10,31.06855,-0.1098379,1.53674,2.008052,-0.00330913,-0.9435973,-0.3309444,0.009434998,
1,10,31.07453,-0.1105604,1.51904,1.971893,-0.00330913,-0.9435973,-0.3309444,0.009434998,
1,10,31.08287,-0.1115653,1.49385,1.921622,-0.00330913,-0.9435973,-0.3309444,0.009434998,
1,10,31.08897,-0.1123012,1.47498,1.884851,-0.00330913,-0.9435973,-0.3309444,0.009434998,
1,10,31.0973,-0.1133044,1.448664,1.834703,-0.00330913,-0.9435973,-0.3309444,0.009434998,
1,10,31.10564,-0.114305,1.4217,1.784625,-0.00330913,-0.9435973,-0.3309444,0.009434998,
1,10,31.11048,-0.1148867,1.405734,1.755554,-0.00330913,-0.9435973,-0.3309444,0.009434998,
1,10,31.11881,-0.1158869,1.377755,1.705597,-0.00330913,-0.9435973,-0.3309444,0.009434998,
1,10,31.12416,-0.1165257,1.359482,1.673604,-0.00330913,-0.9435973,-0.3309444,0.009434998,
1,10,31.13249,-0.117522,1.330449,1.623763,-0.00330913,-0.9435973,-0.3309444,0.009434998,
1,10,31.14082,-0.1185184,1.300768,1.574,-0.00330913,-0.9435973,-0.3309444,0.009434998,
1,10,31.14808,-0.1193836,1.274406,1.530716,-0.00330913,-0.9435973,-0.3309444,0.009434998,
1,10,31.15641,-0.1203758,1.243531,1.481085,-0.00330913,-0.9435973,-0.3309444,0.009434998,
1,10,31.16404,-0.1212842,1.214711,1.435714,-0.00330913,-0.9435973,-0.3309444,0.009434998,
1,10,31.17238,-0.1222731,1.182624,1.386226,-0.00330913,-0.9435973,-0.3309444,0.009434998,
1,10,31.18065,-0.1232543,1.150123,1.337156,-0.00330913,-0.9435973,-0.3309444,0.009434998,
1,10,31.18899,-0.1242422,1.116767,1.287816,-0.00330913,-0.9435973,-0.3309444,0.009434998,
1,10,31.19602,-0.1250735,1.088114,1.246226,-0.00330913,-0.9435973,-0.3309444,0.009434998,
1,10,31.20436,-0.1260591,1.053596,1.197024,-0.00330913,-0.9435973,-0.3309444,0.009434998,
1,10,31.21269,-0.1270386,1.018446,1.147901,-0.00330913,-0.9435973,-0.3309444,0.009434998,
1,10,31.21966,-0.1278583,0.9885467,1.106845,-0.00330913,-0.9435973,-0.3309444,0.009434998,
1,10,31.22738,-0.1287651,0.9549593,1.061496,-0.00330913,-0.9435973,-0.3309444,0.009434998,
1,10,31.23571,-0.1297446,0.9180768,1.012575,-0.00330913,-0.9435973,-0.3309444,0.009434998,
1,10,31.24404,-0.1307241,0.8805656,0.9637402,-0.00330913,-0.9435973,-0.3309444,0.009434998,
1,10,31.25238,-0.1316992,0.8424321,0.9149776,-0.00330913,-0.9435973,-0.3309444,0.009434998,
1,10,31.25909,-0.132482,0.8112363,0.8757259,-0.00330913,-0.9435973,-0.3309444,0.009434998,
1,10,31.26743,-0.133453,0.7719803,0.8271005,-0.00330913,-0.9435973,-0.3309444,0.009434998,
1,10,31.27344,-0.1341535,0.7432723,0.7920743,-0.00330913,-0.9435973,-0.3309444,0.009434998,
1,10,31.28177,-0.1351246,0.7029442,0.7435809,-0.00330913,-0.9435973,-0.3309444,0.009434998,
1,10,31.29011,-0.1360956,0.6619996,0.6951664,-0.00330913,-0.9435973,-0.3309444,0.009434998,
1,10,31.2956,-0.1367349,0.6346393,0.6632558,-0.00330913,-0.9435973,-0.3309444,0.009434998,
1,10,31.30394,-0.1376975,0.5926697,0.6149705,-0.00330913,-0.9435973,-0.3309444,0.009434998,
1,10,31.31227,-0.1386601,0.550087,0.5667647,-0.00330913,-0.9435973,-0.3309444,0.009434998,
1,10,31.32061,-0.1396227,0.5068879,0.5186375,-0.00330913,-0.9435973,-0.3309444,0.009434998,
1,10,31.32812,-0.1404904,0.4674255,0.4753256,-0.00330913,-0.9435973,-0.3309444,0.009434998,
1,10,31.33638,-0.1414445,0.4234572,0.4277712,-0.00330913,-0.9435973,-0.3309444,0.009434998,
1,10,31.34471,-0.1424004,0.3784929,0.3798752,-0.00330913,-0.9435973,-0.3309444,0.009434998,
1,10,31.35304,-0.1433545,0.3329197,0.3320577,-0.00330913,-0.9435973,-0.3309444,0.009434998,
1,10,31.35871,-0.1440038,0.3015642,0.2995662,-0.00330913,-0.9435973,-0.3309444,0.009434998,
1,10,31.36705,-0.1449579,0.2549753,0.2518838,-0.00330913,-0.9435973,-0.3309444,0.009434998,
1,10,31.37538,-0.1459121,0.2077793,0.2042821,-0.00330913,-0.9435973,-0.3309444,0.009434998,
1,10,31.38371,-0.1468646,0.159982,0.1567625,-0.00330913,-0.9435973,-0.3309444,0.009434998,
1,10,31.38927,-0.1474948,0.1277941,0.125138,-0.00330913,-0.9435973,-0.3309444,0.009434998,
1,10,31.3976,-0.1484405,0.07899629,0.07775398,-0.00330913,-0.9435973,-0.3309444,0.009434998,
1,10,31.40594,-0.1493576,0.03836402,0.03189283,-0.002783696,-0.9603115,-0.2787507,0.009603131,CourtEnter
1,10,31.41427,-0.1500446,0.07611871,-0.002488908,0.002059623,-0.978709,0.2050092,0.009787288,CourtExit
1,10,31.4195,-0.150474,0.09948584,-0.02405387,0.00492193,-0.8711016,0.491001,0.008711267,
1,10,31.42783,-0.151158,0.136106,-0.05838007,0.008436812,-0.5388477,0.8423438,0.005388769,
1,10,31.43616,-0.1518419,0.1719846,-0.09267298,0.009978391,-0.080939,0.9966688,0.0008096627,
1,10,31.44125,-0.1522593,0.1935184,-0.1135851,0.00977498,0.2149709,0.9765692,-0.002149469,
1,10,31.44958,-0.1529433,0.2282029,-0.1478229,0.007624664,0.6473866,0.7620962,-0.006473707,
1,10,31.45457,-0.1533523,0.2485932,-0.1682802,0.005439967,0.8390185,0.5440112,-0.008390087,
1,10,31.4629,-0.1540363,0.2821023,-0.2024665,0.0008752006,0.9960563,0.08815803,-0.009960573,
1,10,31.47124,-0.1547202,0.3148751,-0.2366179,-0.003889811,0.9216608,-0.3878678,-0.009216724,
1,10,31.47738,-0.1552246,0.3385705,-0.2617809,-0.006879837,0.7268897,-0.6866813,-0.007269078,
1,10,31.48571,-0.1559086,0.3700701,-0.2958755,-0.009479987,0.3219445,-0.9467056,-0.003219687,
1,10,31.49239,-0.1564566,0.3947785,-0.3231712,-0.009991347,-0.06132669,-0.9980676,0.0006129979,
1,10,31.49815,-0.1569296,0.4157296,-0.346713,-0.009228742,-0.386745,-0.9221324,0.003867182,
1,10,31.50649,-0.1576136,0.4454073,-0.3807282,-0.006354699,-0.7721732,-0.6353334,0.007721504,
1,10,31.51482,-0.1582975,0.4743592,-0.4147123,-0.002017043,-0.9792923,-0.2022044,0.00979278,
1,10,31.52006,-0.1587222,0.4921816,-0.4360502,0.001015746,-0.9948641,0.1007247,0.009948562,
1,10,31.52839,-0.1593977,0.5199474,-0.4699813,0.005535917,-0.8335474,0.5523574,0.008335518,
1,10,31.53672,-0.1600733,0.5469933,-0.5038809,0.00878118,-0.4807827,0.8767826,0.004807996,
1,10,31.54435,-0.1606912,0.5710993,-0.534865,0.009993614,-0.05909025,0.9982024,0.0005911621,
1,10,31.55238,-0.1613424,0.5958469,-0.5674893,0.009190558,0.3957053,0.918323,-0.00395673,
1,10,31.56071,-0.1620179,0.6208117,-0.601299,0.006295698,0.7769828,0.6294423,-0.007769485,
1,10,31.56633,-0.162473,0.6372195,-0.6240516,0.003479016,0.9373643,0.3482071,-0.009373323,
1,10,31.57466,-0.1631485,0.6609795,-0.6578086,-0.00127378,0.991916,-0.1265019,-0.009918926,
1,10,31.58299,-0.163824,0.684022,-0.6915346,-0.005733029,0.8201534,-0.5720563,-0.008201445,
1,10,31.59084,-0.1644601,0.7050673,-0.7232691,-0.008750256,0.4863805,-0.8736898,-0.004863876,
1,10,31.59812,-0.16505,0.7240124,-0.7526735,-0.009973066,0.08732346,-0.9961298,-0.0008734554,
1,10,31.60645,-0.1657255,0.7450386,-0.7863144,-0.009241315,-0.3837446,-0.9233851,0.003837072,
1,10,31.61478,-0.166401,0.7653542,-0.8199237,-0.006412156,-0.7674187,-0.6410683,0.007673716,
1,10,31.62312,-0.1670765,0.7849536,-0.853506,-0.002131045,-0.9768723,-0.21359,0.009768259,
1,10,31.62979,-0.1676171,0.8001266,-0.8803563,0.00169267,-0.9856768,0.1683484,0.009856381,
1,10,31.63585,-0.1681032,0.8135465,-0.9047868,0.004971115,-0.868314,0.4959141,0.008682876,
1,10,31.64419,-0.1687703,0.8313491,-0.9382932,0.008421199,-0.5412842,0.8407801,0.005412803,
1,10,31.64998,-0.1692336,0.8432971,-0.9615484,0.009728184,-0.2365898,0.971558,0.002366029,
1,10,31.65831,-0.1699007,0.8599021,-0.9950069,0.00972079,0.2381743,0.9711708,-0.002381377,
1,10,31.6664,-0.170548,0.8753443,-1.027457,0.007616772,0.6483139,0.7613075,-0.006482599,
1,10,31.67473,-0.1712151,0.890557,-1.060857,0.003767712,0.9261442,0.3770371,-0.009260831,
1,10,31.68306,-0.1718822,0.9050561,-1.094228,-0.0009254992,0.9957357,-0.0917086,-0.009956802,
1,10,31.6914,-0.1725493,0.9188504,-1.127579,-0.005408331,0.8418587,-0.5396052,-0.008418215,
1,10,31.69702,-0.172999,0.9277537,-1.15003,-0.007797362,0.6276892,-0.7783998,-0.006276692,
1,10,31.70535,-0.173666,0.9403698,-1.183333,-0.009810681,0.1996114,-0.979824,-0.00199622,
1,10,31.71368,-0.1743331,0.9522835,-1.216598,-0.009628736,-0.2728662,-0.962,0.002728252,
1,10,31.7194,-0.1747911,0.9600593,-1.239418,-0.008235513,-0.5678778,-0.8230522,0.005678193,
1,10,31.72774,-0.1754582,0.9708025,-1.272653,-0.004704606,-0.8822958,-0.4705892,0.008822227,
1,10,31.73607,-0.1761253,0.9808426,-1.305831,-0.0001271159,-0.9998598,-0.01343939,0.009997876,
1,10,31.74182,-0.1765854,0.987357,-1.328709,0.003109341,-0.9507228,0.309881,0.009506608,
1,10,31.75015,-0.1772525,0.9962077,-1.361867,0.007124274,-0.7030103,0.7111093,0.007029749,
1,10,31.75848,-0.177914,1.004365,-1.394968,0.009554137,-0.2992463,0.9541234,0.002992456,
1,10,31.76682,-0.1785726,1.011826,-1.428068,0.009862493,0.1706921,0.9852736,-0.001706561,
1,10,31.77401,-0.1791412,1.017699,-1.456601,0.00835995,0.5494472,0.8354686,-0.005493841,
1,10,31.78234,-0.1797998,1.023856,-1.489634,0.004916771,0.8706649,0.491775,-0.008705826,
1,10,31.788,-0.1802469,1.027645,-1.512056,0.001902686,0.9815806,0.1907866,-0.00981495,
1,10,31.79634,-0.1809055,1.03263,-1.545029,-0.002797146,0.9603302,-0.278686,-0.009602552,
1,10,31.8019,-0.1813453,1.035578,-1.567043,-0.005651168,0.8258038,-0.5638688,-0.008257457,
1,10,31.80903,-0.1819086,1.038899,-1.595239,-0.008451812,0.5365099,-0.8438347,-0.005364821,
1,10,31.81736,-0.1825673,1.042142,-1.628136,-0.009968466,0.09251431,-0.995661,-0.000925275,
1,10,31.82502,-0.1831725,1.04451,-1.658368,-0.009427154,-0.3357177,-0.9419095,0.003356678,
1,10,31.83305,-0.1838073,1.046363,-1.690044,-0.006980663,-0.7162058,-0.6978175,0.007161259,
1,10,31.84138,-0.184466,1.04761,-1.722874,-0.002946989,-0.9554202,-0.2950803,0.009553264,
1,10,31.84972,-0.1851246,1.048162,-1.755698,0.001730569,-0.9850236,0.1721296,0.009849355,
1,10,31.85676,-0.1856817,1.04809,-1.783407,0.005428798,-0.8405467,0.5416467,0.008404796,
1,10,31.8651,-0.1863403,1.04737,-1.81617,0.008659408,-0.5023631,0.8645989,0.005023348,
1,10,31.87343,-0.1869989,1.045963,-1.848896,0.009996157,-0.05460192,0.998458,0.0005462011,
1,10,31.88098,-0.1875926,1.044089,-1.878516,0.009321551,0.3638996,0.9313844,-0.003638406,
1,10,31.88931,-0.1882428,1.041364,-1.9112,0.006648996,0.747032,0.6647128,-0.007469387,
1,10,31.89765,-0.1888929,1.037959,-1.943828,0.002530177,0.9672955,0.253455,-0.009671868,
1,10,31.90377,-0.1893708,1.035016,-1.967808,-0.0009036135,0.995935,-0.08951903,-0.009958296,
1,10,31.91211,-0.190021,1.030418,-2.000402,-0.005324053,0.8472,-0.5311798,-0.008471193,
1,10,31.92044,-0.1906712,1.025128,-2.032963,-0.008586611,0.5146886,-0.8573188,-0.005146514,
1,10,31.92772,-0.1912393,1.019941,-2.061411,-0.009926947,0.1298055,-0.991489,-0.00129814,
1,10,31.93605,-0.1918894,1.013373,-2.09397,-0.009437236,-0.3328787,-0.9429166,0.003328189,
1,10,31.94439,-0.1925396,1.006117,-2.126395,-0.006906836,-0.7233115,-0.6904494,0.007232114,
1,10,31.95272,-0.1931898,0.9981766,-2.15882,-0.002885897,-0.9572833,-0.2889788,0.00957163,
1,10,31.9604,-0.193789,0.9902562,-2.188702,0.001392047,-0.9903383,0.1383122,0.009902216,
1,10,31.96774,-0.1943619,0.982141,-2.217273,0.005251983,-0.8516737,0.5239769,0.008515812,
1,10,31.97608,-0.1950121,0.9722906,-2.249649,0.008532562,-0.5235893,0.851912,0.005235438,
1,10,31.98072,-0.1953745,0.9665042,-2.267643,0.009593952,-0.2862304,0.9581085,0.002862169,
1,10,31.98905,-0.1960247,0.9555925,-2.299933,0.00985227,0.1764687,0.9842554,-0.001764223,
1,10,31.99739,-0.1966724,0.9440002,-2.332223,0.00799609,0.6010342,0.7991608,-0.00600935,
1,10,32.00481,-0.1972443,0.9330972,-2.361,0.004877343,0.8728771,0.4878376,-0.008727474,
1,10,32.01315,-0.1978861,0.9202182,-2.393222,0.000420568,0.9990357,0.04275349,-0.009988971,
1,10,32.01853,-0.1983006,0.9115396,-2.41399,-0.002567501,0.9666933,-0.255742,-0.009665652,
1,10,32.02686,-0.1989423,0.897548,-2.446145,-0.006644245,0.748445,-0.6631213,-0.007483551,
1,10,32.03512,-0.1995784,0.8830078,-2.478015,-0.009285203,0.3744341,-0.9271995,-0.003744028,
1,10,32.04146,-0.2000665,0.8713979,-2.502471,-0.0100066,0.02947815,-0.9995153,-0.0002949775,
1,10,32.04979,-0.2007082,0.8555404,-2.534516,-0.009070607,-0.4223944,-0.9063569,0.004223107,
1,10,32.05813,-0.20135,0.8390064,-2.566535,-0.006205948,-0.7841572,-0.6204818,0.007840243,
1,10,32.06646,-0.2019917,0.8217992,-2.598555,-0.002024604,-0.9791356,-0.2029619,0.009789798,
1,10,32.07479,-0.2026335,0.8039215,-2.630575,0.002583853,-0.9662597,0.2573758,0.009661137,
1,10,32.08156,-0.2031543,0.7889166,-2.65647,0.005962061,-0.8037093,0.5949382,0.008035948,
1,10,32.08989,-0.203796,0.7698187,-2.688354,0.008931354,-0.4523267,0.8917962,0.004522734,
1,10,32.09822,-0.2044377,0.7500467,-2.720239,0.01001062,-0.005529274,0.9999346,5.550151E-05,
1,10,32.10656,-0.2050718,0.7296058,-2.752123,0.008975486,0.4421779,0.8968716,-0.004420844,
1,10,32.11367,-0.2056123,0.7116305,-2.779225,0.00657552,0.7534963,0.6573761,-0.007533553,
1,10,32.122,-0.2062456,0.6899476,-2.810974,0.002511705,0.9677771,0.2516099,-0.009676071,
1,10,32.13033,-0.2068789,0.6675946,-2.842724,-0.002078089,0.9783223,-0.2068467,-0.009781587,
1,10,32.13867,-0.2075122,0.6445742,-2.874446,-0.006228525,0.7832945,-0.6215703,-0.007831726,
1,10,32.147,-0.2081455,0.6208903,-2.90606,-0.009069331,0.4240125,-0.905601,-0.004239592,
1,10,32.15521,-0.2087694,0.5969003,-2.937209,-0.01000912,-0.01710989,-0.9998035,0.0001708409,
1,10,32.16206,-0.2092895,0.5764129,-2.963172,-0.009232513,-0.3858574,-0.9225042,0.003857674,
1,10,32.17039,-0.2099228,0.550859,-2.994715,-0.006545254,-0.756121,-0.6543555,0.007559694,
1,10,32.17872,-0.2105561,0.5246449,-3.026195,-0.002492829,-0.9682651,-0.2497254,0.009680833,
1,10,32.18705,-0.2111894,0.4977639,-3.057674,0.002076908,-0.9783472,0.2067285,0.00978173,
1,10,32.1941,-0.2117194,0.4745372,-3.084269,0.005635581,-0.826866,0.56231,0.008267272,
1,10,32.20243,-0.2123442,0.4464369,-3.115613,0.008723306,-0.4912028,0.8709877,0.004911331,
1,10,32.21075,-0.2129684,0.4177067,-3.146925,0.009996416,-0.05415875,0.9984822,0.0005417317,
1,10,32.21909,-0.2135933,0.3882885,-3.178269,0.009196827,0.3942531,0.9189475,-0.003941552,
1,10,32.22689,-0.2141782,0.3601566,-3.207497,0.006712753,0.74132,0.6710773,-0.007411599,
1,10,32.23522,-0.214803,0.3294664,-3.238707,0.002728944,0.9618749,0.2733071,-0.009616799,
1,10,32.24355,-0.2154279,0.2981192,-3.269916,-0.001816447,0.9834862,-0.1807066,-0.009832962,
1,10,32.25189,-0.2160527,0.2661181,-3.301029,-0.005983992,0.8020824,-0.5971297,-0.008019366,
1,10,32.26022,-0.2166776,0.2334636,-3.332103,-0.008915364,0.4554661,-0.8901969,-0.004553949,
1,10,32.26855,-0.2173025,0.200155,-3.363177,-0.01000967,0.01530734,-0.9998327,-0.0001532683,
1,10,32.27538,-0.2178086,0.1723999,-3.388531,-0.009369507,-0.351428,-0.9361615,0.003513348,
1,10,32.28371,-0.218425,0.1379083,-3.41947,-0.006852215,-0.7284788,-0.6849954,0.007283122,
1,10,32.29205,-0.2190414,0.1027669,-3.450408,-0.002931478,-0.9558973,-0.293531,0.009556914,
1,10,32.29784,-0.2194702,0.07793955,-3.471867,0.0002033306,-0.9997586,0.019565,0.009995503,
1,10,32.30618,-0.2200866,0.04169895,-3.502671,0.00459147,-0.8889124,0.4579681,0.008887365,CourtEnter
1,10,32.31451,-0.2207183,0.05918645,-3.534327,0.007830787,-0.6244409,0.7810079,0.006240094,CourtExit
1,10,32.32061,-0.2211822,0.07923506,-3.557584,0.009349025,-0.3609895,0.932516,0.003605068,
1,10,32.32895,-0.2218155,0.1059808,-3.589237,0.01001308,0.04690345,0.9988492,-0.0004738191,
1,10,32.33728,-0.2224489,0.1320063,-3.620852,0.008968222,0.4465356,0.8947098,-0.004469253,
1,10,32.34333,-0.2229088,0.1504595,-3.643814,0.007230447,0.6924294,0.7214162,-0.006927108,
1,10,32.35167,-0.2235421,0.1752465,-3.675428,0.003812488,0.9247203,0.3805158,-0.00924813,
1,10,32.35761,-0.2239942,0.1924994,-3.697993,0.0009383011,0.9955388,0.09382251,-0.009954848,
1,10,32.36595,-0.2246275,0.2160602,-3.72956,-0.003165785,0.9488453,-0.3155833,-0.009485968,
1,10,32.3726,-0.2251328,0.234346,-3.754678,-0.006084928,0.7947829,-0.6068114,-0.007944086,
1,10,32.38093,-0.2257661,0.2566227,-3.786157,-0.008778197,0.4830365,-0.8755429,-0.004825642,
1,10,32.38926,-0.2263994,0.2781884,-3.817637,-0.009984024,0.0897245,-0.9959162,-0.0008923596,
1,10,32.39759,-0.2270327,0.2990394,-3.849116,-0.009501376,-0.3185218,-0.9478626,0.003189417,
1,10,32.40593,-0.227664,0.3191824,-3.88058,-0.007414887,-0.6727422,-0.7398092,0.006730215,
1,10,32.41107,-0.2280492,0.3312483,-3.899902,-0.005474128,-0.8375624,-0.5462501,0.008377297,
1,10,32.4194,-0.2286741,0.3502451,-3.931246,-0.001640061,-0.9864389,-0.1638242,0.009864047,
1,10,32.42773,-0.2292989,0.3685294,-3.96259,0.002467727,-0.9692324,0.2459443,0.009690021,
1,10,32.43607,-0.2299238,0.3861105,-3.993934,0.006158277,-0.7891426,0.6141285,0.007887552,
1,10,32.4444,-0.2305486,0.4029864,-4.025278,0.008812951,-0.4766968,0.8790107,0.004762185,
1,10,32.45111,-0.2310514,0.4160567,-4.0505,0.009888268,-0.164375,0.986347,0.001638819,
1,10,32.45944,-0.2316763,0.4316628,-4.081844,0.009719589,0.2444407,0.9696124,-0.002448761,
1,10,32.46625,-0.2321873,0.4439026,-4.107476,0.008363033,0.5511279,0.8343607,-0.005514598,
1,10,32.47459,-0.2328121,0.4582301,-4.138671,0.00545323,0.8389192,0.544164,-0.008390745,
1,10,32.48209,-0.2333752,0.4705389,-4.166672,0.002035834,0.9790654,0.2033,-0.009790375,
1,10,32.49043,-0.234,0.4835281,-4.197746,-0.002056534,0.9787264,-0.2049258,-0.009785009,
1,10,32.49876,-0.2346249,0.4958148,-4.22882,-0.005804077,0.815414,-0.5787919,-0.008150282,
1,10,32.50414,-0.2350278,0.5033672,-4.248857,-0.007740852,0.6355052,-0.7720317,-0.006350491,
1,10,32.51247,-0.2356527,0.5145036,-4.279931,-0.009639338,0.2746493,-0.9614922,-0.002741485,
1,10,32.5208,-0.2362776,0.5249488,-4.311005,-0.009936785,-0.1315853,-0.9912542,0.001320465,
1,10,32.52629,-0.2366894,0.5314509,-4.331484,-0.00922352,-0.39141,-0.9201618,0.003918012,
1,10,32.53463,-0.2373142,0.5407344,-4.362558,-0.006895679,-0.725616,-0.688027,0.007258482,
1,10,32.53975,-0.2376986,0.5460988,-4.381675,-0.004863911,-0.8742436,-0.4853845,0.008743563,
1,10,32.54809,-0.2383173,0.5542629,-4.412749,-0.0009730458,-0.9952064,-0.09728448,0.00995113,
1,10,32.55642,-0.2389337,0.5617234,-4.443823,0.003076297,-0.9517665,0.3066602,0.009514822,
1,10,32.56173,-0.2393266,0.5661215,-4.463571,0.005430914,-0.840599,0.5415656,0.008402161,
1,10,32.57006,-0.239943,0.5724466,-4.494374,0.008332265,-0.5561101,0.8310483,0.005556281,
1,10,32.5784,-0.2405594,0.5780832,-4.525178,0.009860427,-0.1802426,0.9835712,0.001797424,
1,10,32.58432,-0.2409978,0.5816648,-4.547085,0.009964354,0.108895,0.9940028,-0.001093563,
1,10,32.59266,-0.2416142,0.586113,-4.577889,0.00871208,0.4944132,0.8691693,-0.004947538,
1,10,32.60099,-0.2422306,0.5898695,-4.608692,0.006031075,0.798586,0.6017976,-0.007987498,
1,10,32.60619,-0.2426149,0.5918601,-4.627897,0.00382436,0.924233,0.381698,-0.009242699,
1,10,32.61452,-0.2432313,0.594491,-4.658701,-0.0001603208,0.9998257,-0.0157712,-0.009996574,
1,10,32.62214,-0.2437952,0.5962966,-4.68688,-0.003797062,0.9255204,-0.3785656,-0.00925188,
1,10,32.63048,-0.2444116,0.5976055,-4.717684,-0.007159037,0.7000899,-0.7139846,-0.006996315,
1,10,32.63881,-0.245028,0.5982274,-4.748487,-0.009350766,0.360533,-0.9326927,-0.003600241,
1,10,32.64597,-0.2455575,0.598215,-4.774945,-0.01002229,0.0197228,-0.9997553,-0.0001923839,
1,10,32.6543,-0.2461739,0.5975531,-4.805642,-0.0092838,-0.3769589,-0.9261758,0.003773396,
1,10,32.66264,-0.2467903,0.5962046,-4.836175,-0.007035729,-0.7121096,-0.701997,0.007123229,
1,10,32.67097,-0.2474067,0.5941738,-4.866709,-0.003645963,-0.9313828,-0.363904,0.009313929,
1,10,32.67915,-0.2480116,0.5915086,-4.896674,0.0002578855,-0.9996247,0.02550395,0.009994332,
1,10,32.68623,-0.2485332,0.5886664,-4.922619,0.003626133,-0.9323133,0.3615134,0.009319701,
1,10,32.69456,-0.2491411,0.5846894,-4.953153,0.007015639,-0.7143892,0.6996771,0.007139214,
1,10,32.7028,-0.2497422,0.5800861,-4.983339,0.009250985,-0.3853083,0.9227335,0.003847926,
1,10,32.70989,-0.2502597,0.5755838,-5.009328,0.01001119,-0.05114994,0.9986407,0.0005065925,
1,10,32.71823,-0.2508676,0.5696595,-5.039861,0.009404603,0.3458969,0.938219,-0.003462835,
1,10,32.72579,-0.2514196,0.5636909,-5.067581,0.00753396,0.6594468,0.7516845,-0.006596825,
1,10,32.73412,-0.2520276,0.5564625,-5.098114,0.004328809,0.9018121,0.4320125,-0.009018455,
1,10,32.73934,-0.2524081,0.5515912,-5.117217,0.001930424,0.9811906,0.1927826,-0.009810922,
1,10,32.74768,-0.2530161,0.5432587,-5.147481,-0.002087148,0.978081,-0.2079848,-0.009777881,
1,10,32.75503,-0.2535525,0.5353397,-5.174182,-0.005372033,0.8443539,-0.5356925,-0.008439283,
1,10,32.76336,-0.2541605,0.5257222,-5.204446,-0.008261165,0.5665674,-0.8239546,-0.005660573,
1,10,32.76934,-0.2545967,0.5184036,-5.226156,-0.009536738,0.3082452,-0.9512542,-0.00307725,
1,10,32.77767,-0.2552046,0.5076179,-5.256419,-0.009984092,-0.08916454,-0.9959665,0.0008962577,
1,10,32.78601,-0.2558126,0.4961529,-5.286683,-0.00883568,-0.4720922,-0.8814923,0.004724193,
1,10,32.79434,-0.2564206,0.48401,-5.316946,-0.006277658,-0.7794468,-0.6263885,0.007795862,
1,10,32.80177,-0.2569622,0.4726183,-5.343909,-0.003140233,-0.9495499,-0.3134566,0.009495009,
1,10,32.8101,-0.2575702,0.459194,-5.374172,0.0008316567,-0.9965208,0.0827432,0.009962687,
1,10,32.81784,-0.2581351,0.446111,-5.402293,0.004415057,-0.8978335,0.4402216,0.008974279,
1,10,32.82612,-0.2587392,0.4314772,-5.432199,0.007562401,-0.6565299,0.7542335,0.006560229,
1,10,32.83445,-0.2593472,0.4160749,-5.462191,0.009530764,-0.3100709,0.9506606,0.003095423,
1,10,32.84166,-0.2598728,0.4022157,-5.488121,0.01001926,0.0311537,0.9994643,-0.0003163231,
1,10,32.84996,-0.2604786,0.385616,-5.518008,0.009109717,0.4170725,0.908818,-0.004174222,
1,10,32.8583,-0.2610866,0.3682841,-5.548001,0.006759787,0.7382306,0.6744742,-0.007383937,
1,10,32.86562,-0.2616207,0.3525014,-5.57435,0.003798619,0.9252903,0.3791279,-0.009252662,
1,10,32.87395,-0.2622267,0.3339069,-5.604343,-0.0001115562,0.9998906,-0.01090999,-0.009996584,
1,10,32.88228,-0.2628178,0.31464,-5.634336,-0.004001804,0.9168987,-0.3989946,-0.009164952,
1,10,32.88944,-0.2633254,0.2975572,-5.660094,-0.006859067,0.7293589,-0.6840581,-0.007288591,
1,10,32.89777,-0.2639165,0.277045,-5.689965,-0.009160522,0.4062508,-0.9137067,-0.004057142,
1,10,32.90437,-0.264384,0.2603474,-5.713472,-0.009971359,0.1027502,-0.9946567,-0.001022453,
1,10,32.91255,-0.2649644,0.2390334,-5.742661,-0.009609251,-0.2845152,-0.9586192,0.002849117,
1,10,32.92088,-0.2655555,0.2166677,-5.772383,-0.00774962,-0.6340945,-0.7731907,0.006343175,
1,10,32.92834,-0.2660848,0.1960701,-5.799002,-0.005043091,-0.86408,-0.5032551,0.008641155,
1,10,32.93617,-0.2666399,0.173899,-5.826911,-0.00153326,-0.9881502,-0.153164,0.009879847,
1,10,32.9445,-0.2672309,0.1496417,-5.856634,0.002422481,-0.9703645,0.241439,0.009700097,
1,10,32.95284,-0.267822,0.1247211,-5.886356,0.005998142,-0.8013136,0.5981609,0.008008258,
1,10,32.9583,-0.2682098,0.1080101,-5.905857,0.007864812,-0.620165,0.7844075,0.006196303,
1,10,32.96664,-0.2688009,0.08198998,-5.935365,0.009656151,-0.2686838,0.9631763,0.002681476,
1,10,32.97497,-0.269392,0.0553083,-5.964818,0.009946162,0.1243198,0.9921916,-0.001247735,
1,10,32.98063,-0.2697934,0.03680972,-5.984819,0.009255718,0.3837718,0.9233736,-0.003841269,CourtEnter
1,10,32.98712,-0.2702537,0.04942065,-6.007574,0.007582815,0.6536376,0.7567415,-0.006544619,
1,10,32.99546,-0.2708448,0.0697929,-6.036756,0.004347435,0.9008017,0.4341155,-0.009017986,CourtExit
1,10,33.00379,-0.2714359,0.08945818,-6.065938,0.0003964447,0.9991483,0.04003162,-0.01000153,
1,10,33.01105,-0.2719406,0.1060147,-6.091362,-0.003120704,0.9504076,-0.3108461,-0.009512828,
1,10,33.01842,-0.2724483,0.1222676,-6.117118,-0.006286,0.7792088,-0.6266844,-0.007798406,
1,10,33.02675,-0.2730225,0.1399854,-6.14603,-0.008869655,0.4663005,-0.8845696,-0.004665619,
1,10,33.03387,-0.2735133,0.154572,-6.170744,-0.009931715,0.1358678,-0.9906763,-0.001357766,
1,10,33.04041,-0.2739632,0.1674911,-6.193399,-0.00985516,-0.1822898,-0.9831938,0.001826943,
1,10,33.04874,-0.2745374,0.1833516,-6.222311,-0.008321111,-0.5571586,-0.8303457,0.005578974,
1,10,33.05707,-0.2751116,0.198512,-6.251224,-0.00542535,-0.8405671,-0.5416149,0.008415179,
1,10,33.0654,-0.2756858,0.2129724,-6.280136,-0.001643886,-0.9863324,-0.1644637,0.009873391,
1,10,33.07218,-0.2761526,0.2242108,-6.30364,0.001657189,-0.9862701,0.1648367,0.009872003,
1,10,33.08051,-0.2767268,0.2373995,-6.332553,0.005432915,-0.8406046,0.5415567,0.008413048,
1,10,33.08728,-0.2771933,0.2476017,-6.356043,0.007871211,-0.6195453,0.784897,0.006199728,
1,10,33.09562,-0.2777675,0.2595271,-6.384956,0.009683367,-0.2589296,0.9658442,0.002589633,
1,10,33.10395,-0.2783417,0.2707515,-6.413868,0.009919411,0.1435959,0.9895856,-0.001439592,
1,10,33.11104,-0.2788302,0.2797511,-6.438468,0.008845164,0.4700526,0.8825815,-0.004707072,
1,10,33.11937,-0.2794044,0.2896881,-6.467368,0.00626677,0.7801417,0.6255227,-0.007810363,
1,10,33.12771,-0.2799786,0.2989226,-6.49601,0.002673907,0.9635882,0.2672032,-0.009645768,
1,10,33.13604,-0.2805528,0.3074704,-6.524652,-0.001349852,0.990907,-0.1341758,-0.009918286,
1,10,33.14166,-0.2809398,0.3128338,-6.543958,-0.003977158,0.9180668,-0.3962993,-0.009188577,
1,10,33.14999,-0.281514,0.3202187,-6.5726,-0.00727875,0.6878726,-0.7257624,-0.006883658,
1,10,33.15833,-0.2820882,0.3269031,-6.601242,-0.009403618,0.3467776,-0.9378939,-0.003468949,
1,10,33.16666,-0.2826624,0.3328991,-6.629884,-0.01001122,-0.05004052,-0.9986969,0.0005031552,
1,10,33.17351,-0.2831348,0.3373115,-6.653448,-0.009298061,-0.3731634,-0.9277115,0.003737302,
1,10,33.18185,-0.283709,0.3420424,-6.68209,-0.007078841,-0.7076488,-0.7064934,0.007084822,
1,10,33.19018,-0.2842832,0.3460856,-6.710732,-0.003723368,-0.9282296,-0.3718731,0.009291949,
1,10,33.19848,-0.2848549,0.3494234,-6.739253,0.0002107338,-0.9997389,0.02053986,0.01000681,
1,10,33.20681,-0.2854291,0.3520856,-6.767895,0.004124824,-0.9115652,0.4110336,0.009123327,
1,10,33.21515,-0.2860033,0.3540574,-6.796536,0.007376152,-0.6774683,0.7354838,0.006779394,
1,10,33.22233,-0.2864985,0.3552048,-6.821239,0.009245743,-0.3867597,0.9221261,0.003869137,
1,10,33.23066,-0.2870727,0.355894,-6.849697,0.01002385,0.005254307,0.999936,-5.486143E-05,
1,10,33.23792,-0.2875725,0.3559347,-6.874392,0.009396221,0.3478628,0.9374919,-0.003484006,
1,10,33.24625,-0.2881467,0.355336,-6.902764,0.007281394,0.6868921,0.7266904,-0.006876987,
1,10,33.25187,-0.2885338,0.3545454,-6.921893,0.005172545,0.8562871,0.5164033,-0.008572042,
1,10,33.2602,-0.289108,0.3527966,-6.950265,0.001405194,0.9900082,0.1406545,-0.009909643,
1,10,33.26854,-0.2896822,0.3503615,-6.978637,-0.002583469,0.9662936,-0.2572481,-0.009671368,
1,10,33.27687,-0.2902564,0.3472414,-7.007009,-0.006159738,0.7891747,-0.6140871,-0.007897713,
1,10,33.28493,-0.290812,0.3435702,-7.034465,-0.008693359,0.4982581,-0.8669708,-0.004985265,
1,10,33.29327,-0.2913862,0.3391007,-7.062837,-0.009951282,0.1207024,-0.9926382,-0.001205927,
1,10,33.3016,-0.2919604,0.3339477,-7.091208,-0.009633988,-0.275746,-0.9611783,0.002762148,
1,11,33.3087,-1.246735,0.03399981,-54.04626,-0.008786228,-0.6800962,-0.7330425,0.006375476,BallLaunch
1,11,33.31704,-0.001128089,0.5447662,7.443594,-0.00330913,-0.9435973,-0.3309444,0.009434998,CourtExit
1,11,33.32287,-0.001946313,0.5768382,7.402711,-0.00330913,-0.9435973,-0.3309444,0.009434998,
1,11,33.33121,-0.003112596,0.6219717,7.344347,-0.00330913,-0.9435973,-0.3309444,0.009434998,
1,11,33.33715,-0.00394366,0.6537124,7.302825,-0.00330913,-0.9435973,-0.3309444,0.009434998,
1,11,33.34549,-0.005106216,0.6975318,7.244731,-0.00330913,-0.9435973,-0.3309444,0.009434998,
1,11,33.35382,-0.006266699,0.7405866,7.186636,-0.00330913,-0.9435973,-0.3309444,0.009434998,
1,11,33.36105,-0.007270933,0.777297,7.136503,-0.00330913,-0.9435973,-0.3309444,0.009434998,
1,11,33.36938,-0.008427369,0.8189348,7.078678,-0.00330913,-0.9435973,-0.3309444,0.009434998,
1,11,33.37679,-0.009453545,0.855306,7.027304,-0.00330913,-0.9435973,-0.3309444,0.009434998,
1,11,33.38512,-0.01060616,0.8955162,6.969749,-0.00330913,-0.9435973,-0.3309444,0.009434998,
1,11,33.39345,-0.01175665,0.9349619,6.912195,-0.00330913,-0.9435973,-0.3309444,0.009434998,
1,11,33.40134,-0.01284335,0.9715943,6.857848,-0.00330913,-0.9435973,-0.3309444,0.009434998,
1,11,33.40935,-0.0139457,1.008125,6.802778,-0.00330913,-0.9435973,-0.3309444,0.009434998,
1,11,33.41768,-0.01509039,1.045391,6.745494,-0.00330913,-0.9435973,-0.3309444,0.009434998,
1,11,33.42601,-0.01623303,1.081908,6.688373,-0.00330913,-0.9435973,-0.3309444,0.009434998,
1,11,33.43151,-0.01698646,1.105603,6.650727,-0.00330913,-0.9435973,-0.3309444,0.009434998,
1,11,33.43985,-0.01812591,1.140895,6.593714,-0.00330913,-0.9435973,-0.3309444,0.009434998,
1,11,33.44818,-0.01926335,1.175437,6.536836,-0.00330913,-0.9435973,-0.3309444,0.009434998,
1,11,33.45449,-0.02012302,1.20108,6.493893,-0.00330913,-0.9435973,-0.3309444,0.009434998,
1,11,33.46282,-0.0212572,1.234324,6.437149,-0.00330913,-0.9435973,-0.3309444,0.009434998,
1,11,33.47116,-0.0223895,1.266825,6.380507,-0.00330913,-0.9435973,-0.3309444,0.009434998,
1,11,33.47949,-0.02351999,1.298589,6.324034,-0.00330913,-0.9435973,-0.3309444,0.009434998,
1,11,33.48649,-0.02446838,1.324712,6.276582,-0.00330913,-0.9435973,-0.3309444,0.009434998,
1,11,33.49413,-0.02550078,1.352601,6.22492,-0.00330913,-0.9435973,-0.3309444,0.009434998,
1,11,33.50246,-0.02662625,1.382341,6.168717,-0.00330913,-0.9435973,-0.3309444,0.009434998,
1,11,33.51079,-0.02774975,1.411355,6.112514,-0.00330913,-0.9435973,-0.3309444,0.009434998,
1,11,33.5189,-0.0288408,1.438876,6.057906,-0.00330913,-0.9435973,-0.3309444,0.009434998,
1,11,33.52723,-0.02996079,1.466447,6.001972,-0.00330913,-0.9435973,-0.3309444,0.009434998,
1,11,33.53419,-0.03089466,1.488915,5.955266,-0.00330913,-0.9435973,-0.3309444,0.009434998,
1,11,33.54252,-0.03201161,1.515153,5.89935,-0.00330913,-0.9435973,-0.3309444,0.009434998,
1,11,33.55086,-0.03312659,1.540672,5.843687,-0.00330913,-0.9435973,-0.3309444,0.009434998,
1,11,33.55919,-0.03423988,1.565469,5.788024,-0.00330913,-0.9435973,-0.3309444,0.009434998,
1,11,33.56752,-0.03535149,1.589538,5.732361,-0.00330913,-0.9435973,-0.3309444,0.009434998,
1,11,33.57286,-0.03606305,1.604585,5.696849,-0.00330913,-0.9435973,-0.3309444,0.009434998,
1,11,33.5812,-0.03717161,1.627474,5.641457,-0.00330913,-0.9435973,-0.3309444,0.009434998,
1,11,33.58953,-0.03827873,1.64965,5.586064,-0.00330913,-0.9435973,-0.3309444,0.009434998,
1,11,33.59697,-0.03926529,1.66883,5.5367,-0.00330913,-0.9435973,-0.3309444,0.009434998,
1,11,33.60303,-0.04006809,1.684041,5.496618,-0.00330913,-0.9435973,-0.3309444,0.009434998,
1,11,33.61136,-0.04117078,1.70434,5.441496,-0.00330913,-0.9435973,-0.3309444,0.009434998,
1,11,33.61969,-0.04227204,1.72392,5.386374,-0.00330913,-0.9435973,-0.3309444,0.009434998,
1,11,33.62803,-0.04337186,1.742797,5.331414,-0.00330913,-0.9435973,-0.3309444,0.009434998,
1,11,33.63464,-0.04424275,1.757262,5.287896,-0.00330913,-0.9435973,-0.3309444,0.009434998,
1,11,33.64294,-0.04533467,1.774788,5.233271,-0.00330913,-0.9435973,-0.3309444,0.009434998,
1,11,33.65127,-0.04642971,1.791685,5.178428,-0.00330913,-0.9435973,-0.3309444,0.009434998,
1,11,33.6596,-0.04752321,1.807873,5.123846,-0.00330913,-0.9435973,-0.3309444,0.009434998,
1,11,33.66793,-0.04861495,1.823345,5.069264,-0.00330913,-0.9435973,-0.3309444,0.009434998,
1,11,33.67294,-0.04926942,1.832288,5.03652,-0.00330913,-0.9435973,-0.3309444,0.009434998,
1,11,33.68127,-0.0503587,1.846634,4.982012,-0.00330913,-0.9435973,-0.3309444,0.009434998,
1,11,33.68828,-0.05127341,1.858154,4.936337,-0.00330913,-0.9435973,-0.3309444,0.009434998,
1,11,33.69661,-0.05235992,1.871204,4.882026,-0.00330913,-0.9435973,-0.3309444,0.009434998,
1,11,33.70494,-0.05344497,1.883552,4.827714,-0.00330913,-0.9435973,-0.3309444,0.009434998,
1,11,33.71328,-0.05452818,1.895211,4.773573,-0.00330913,-0.9435973,-0.3309444,0.009434998,
1,11,33.72161,-0.05560995,1.906167,4.719532,-0.00330913,-0.9435973,-0.3309444,0.009434998,
1,11,33.72994,-0.05669054,1.916421,4.66549,-0.00330913,-0.9435973,-0.3309444,0.009434998,
1,11,33.73828,-0.05776927,1.925978,4.611458,-0.00330913,-0.9435973,-0.3309444,0.009434998,
1,11,33.74364,-0.0584623,1.931758,4.576879,-0.00330913,-0.9435973,-0.3309444,0.009434998,
1,11,33.74831,-0.0590658,1.93656,4.546736,-0.00330913,-0.9435973,-0.3309444,0.009434998,
1,11,33.75664,-0.06014123,1.944585,4.492965,-0.00330913,-0.9435973,-0.3309444,0.009434998,
1,11,33.76418,-0.06111379,1.951249,4.444293,-0.00330913,-0.9435973,-0.3309444,0.009434998,
1,11,33.77252,-0.06218617,1.957957,4.390668,-0.00330913,-0.9435973,-0.3309444,0.009434998,
1,11,33.78085,-0.06325856,1.96397,4.337167,-0.00330913,-0.9435973,-0.3309444,0.009434998,
1,11,33.78706,-0.06405513,1.968,4.297298,-0.00330913,-0.9435973,-0.3309444,0.009434998,
1,11,33.79539,-0.06512329,1.972802,4.243797,-0.00330913,-0.9435973,-0.3309444,0.009434998,
1,11,33.80307,-0.06610793,1.976622,4.194612,-0.00330913,-0.9435973,-0.3309444,0.009434998,
1,11,33.80838,-0.06678678,1.978915,4.160722,-0.00330913,-0.9435973,-0.3309444,0.009434998,
1,11,33.8147,-0.06759427,1.981292,4.120321,-0.00330913,-0.9435973,-0.3309444,0.009434998,
1,11,33.82304,-0.06865822,1.983813,4.067091,-0.00330913,-0.9435973,-0.3309444,0.009434998,
1,11,33.83137,-0.06972197,1.985644,4.013904,-0.00330913,-0.9435973,-0.3309444,0.009434998,
1,11,33.83729,-0.07047473,1.98653,3.976224,-0.00330913,-0.9435973,-0.3309444,0.009434998,
1,11,33.84232,-0.0711138,1.987012,3.944274,-0.00330913,-0.9435973,-0.3309444,0.009434998,
1,11,33.85065,-0.07217352,1.987259,3.891313,-0.00330913,-0.9435973,-0.3309444,0.009434998,
1,11,33.85587,-0.07283653,1.987069,3.858187,-0.00330913,-0.9435973,-0.3309444,0.009434998,
1,11,33.8642,-0.07389203,1.986206,3.805361,-0.00330913,-0.9435973,-0.3309444,0.009434998,
1,11,33.87253,-0.07494754,1.984663,3.752577,-0.00330913,-0.9435973,-0.3309444,0.009434998,
1,11,33.88087,-0.07600259,1.982441,3.699886,-0.00330913,-0.9435973,-0.3309444,0.009434998,
1,11,33.88854,-0.07697067,1.979787,3.651407,-0.00330913,-0.9435973,-0.3309444,0.009434998,
1,11,33.89687,-0.07802194,1.976257,3.598851,-0.00330913,-0.9435973,-0.3309444,0.009434998,
1,11,33.90461,-0.07899813,1.972378,3.550093,-0.00330913,-0.9435973,-0.3309444,0.009434998,
1,11,33.91217,-0.07994848,1.96801,3.502524,-0.00330913,-0.9435973,-0.3309444,0.009434998,
1,11,33.92051,-0.08099553,1.962551,3.450144,-0.00330913,-0.9435973,-0.3309444,0.009434998,
1,11,33.92675,-0.0817797,1.95802,3.410986,-0.00330913,-0.9435973,-0.3309444,0.009434998,
1,11,33.93149,-0.08237504,1.954322,3.38122,-0.00330913,-0.9435973,-0.3309444,0.009434998,
1,11,33.93983,-0.08341788,1.9473,3.329029,-0.00330913,-0.9435973,-0.3309444,0.009434998,
1,11,33.94525,-0.08409617,1.942375,3.295109,-0.00330913,-0.9435973,-0.3309444,0.009434998,
1,11,33.95358,-0.08513901,1.934245,3.243017,-0.00330913,-0.9435973,-0.3309444,0.009434998,
1,11,33.96191,-0.08617884,1.925444,3.191002,-0.00330913,-0.9435973,-0.3309444,0.009434998,
1,11,33.96769,-0.086899,1.918943,3.154963,-0.00330913,-0.9435973,-0.3309444,0.009434998,
1,11,33.97602,-0.0879376,1.909008,3.103083,-0.00330913,-0.9435973,-0.3309444,0.009434998,
1,11,33.98423,-0.08895911,1.898558,3.052012,-0.00330913,-0.9435973,-0.3309444,0.009434998,
1,11,33.99208,-0.08993325,1.88797,3.003282,-0.00330913,-0.9435973,-0.3309444,0.009434998,
1,11,34.00042,-0.09096763,1.87607,2.951576,-0.00330913,-0.9435973,-0.3309444,0.009434998,
1,11,34.00834,-0.0919493,1.864149,2.902538,-0.00330913,-0.9435973,-0.3309444,0.009434998,
1,11,34.01635,-0.09294017,1.851462,2.852918,-0.00330913,-0.9435973,-0.3309444,0.009434998,
1,11,34.02468,-0.09397034,1.837629,2.801444,-0.00330913,-0.9435973,-0.3309444,0.009434998,
1,11,34.03302,-0.09499948,1.823126,2.750002,-0.00330913,-0.9435973,-0.3309444,0.009434998,
1,11,34.03937,-0.09578212,1.811614,2.710838,-0.00330913,-0.9435973,-0.3309444,0.009434998,
1,11,34.04771,-0.09680806,1.795947,2.65951,-0.00330913,-0.9435973,-0.3309444,0.009434998,
1,11,34.05321,-0.09748542,1.785235,2.625703,-0.00330913,-0.9435973,-0.3309444,0.009434998,
1,11,34.06154,-0.09850855,1.768462,2.574499,-0.00330913,-0.9435973,-0.3309444,0.009434998,
1,11,34.06963,-0.09950051,1.751555,2.524894,-0.00330913,-0.9435973,-0.3309444,0.009434998,
1,11,34.07788,-0.1005121,1.733669,2.474332,-0.00330913,-0.9435973,-0.3309444,0.009434998,
1,11,34.08622,-0.1015312,1.714953,2.42338,-0.00330913,-0.9435973,-0.3309444,0.009434998,
1,11,34.09335,-0.1024029,1.698389,2.379744,-0.00330913,-0.9435973,-0.3309444,0.009434998,
1,11,34.1012,-0.1033606,1.679635,2.3319,-0.00330913,-0.9435973,-0.3309444,0.009434998,
1,11,34.10953,-0.1043764,1.65908,2.281101,-0.00330913,-0.9435973,-0.3309444,0.009434998,
1,11,34.11787,-0.1053896,1.637875,2.230413,-0.00330913,-0.9435973,-0.3309444,0.009434998,
1,11,34.12302,-0.1060165,1.624423,2.19907,-0.00330913,-0.9435973,-0.3309444,0.009434998,
1,11,34.13136,-0.1070296,1.602148,2.148477,-0.00330913,-0.9435973,-0.3309444,0.009434998,
1,11,34.13931,-0.1079924,1.580289,2.100263,-0.00330913,-0.9435973,-0.3309444,0.009434998,
1,11,34.14764,-0.1090015,1.556745,2.049825,-0.00330913,-0.9435973,-0.3309444,0.009434998,
1,11,34.15279,-0.1096246,1.541883,2.018704,-0.00330913,-0.9435973,-0.3309444,0.009434998,
1,11,34.16112,-0.1106311,1.51729,1.968353,-0.00330913,-0.9435973,-0.3309444,0.009434998,
1,11,34.1663,-0.1112556,1.501678,1.937109,-0.00330913,-0.9435973,-0.3309444,0.009434998,
1,11,34.17463,-0.1122605,1.476032,1.886888,-0.00330913,-0.9435973,-0.3309444,0.009434998,
1,11,34.18183,-0.1131272,1.45337,1.843581,-0.00330913,-0.9435973,-0.3309444,0.009434998,
1,11,34.19016,-0.1141278,1.426526,1.793491,-0.00330913,-0.9435973,-0.3309444,0.009434998,
1,11,34.19672,-0.1149159,1.404928,1.754097,-0.00330913,-0.9435973,-0.3309444,0.009434998,
1,11,34.20186,-0.1155329,1.387737,1.723281,-0.00330913,-0.9435973,-0.3309444,0.009434998,
1,11,34.20881,-0.1163646,1.364111,1.681664,-0.00330913,-0.9435973,-0.3309444,0.009434998,
1,11,34.21678,-0.1173175,1.336458,1.633983,-0.00330913,-0.9435973,-0.3309444,0.009434998,
1,11,34.22511,-0.1183139,1.306917,1.584205,-0.00330913,-0.9435973,-0.3309444,0.009434998,
1,11,34.23344,-0.1193081,1.276732,1.534498,-0.00330913,-0.9435973,-0.3309444,0.009434998,
1,11,34.23982,-0.1200666,1.253226,1.496537,-0.00330913,-0.9435973,-0.3309444,0.009434998,
1,11,34.24815,-0.1210588,1.221917,1.446962,-0.00330913,-0.9435973,-0.3309444,0.009434998,
1,11,34.25648,-0.1220487,1.189973,1.397458,-0.00330913,-0.9435973,-0.3309444,0.009434998,
1,11,34.26482,-0.1230367,1.157388,1.348033,-0.00330913,-0.9435973,-0.3309444,0.009434998,
1,11,34.27013,-0.123667,1.136271,1.316528,-0.00330913,-0.9435973,-0.3309444,0.009434998,
1,11,34.27847,-0.1246537,1.10265,1.267227,-0.00330913,-0.9435973,-0.3309444,0.009434998,
1,11,34.28382,-0.1252875,1.08069,1.23556,-0.00330913,-0.9435973,-0.3309444,0.009434998,
1,11,34.29216,-0.1262712,1.046036,1.186374,-0.00330913,-0.9435973,-0.3309444,0.009434998,
1,11,34.30049,-0.1272507,1.010749,1.137268,-0.00330913,-0.9435973,-0.3309444,0.009434998,
1,11,34.30842,-0.1281824,0.9766036,1.090629,-0.00330913,-0.9435973,-0.3309444,0.009434998,
1,11,34.31616,-0.1290921,0.9427185,1.045155,-0.00330913,-0.9435973,-0.3309444,0.009434998,
1,11,34.32449,-0.1300716,0.9056236,0.996267,-0.00330913,-0.9435973,-0.3309444,0.009434998,
1,11,34.33091,-0.1308256,0.8766427,0.9586834,-0.00330913,-0.9435973,-0.3309444,0.009434998,
1,11,34.33587,-0.1314064,0.8539963,0.9296741,-0.00330913,-0.9435973,-0.3309444,0.009434998,
1,11,34.3442,-0.1323774,0.8154257,0.8809654,-0.00330913,-0.9435973,-0.3309444,0.009434998,
1,11,34.35133,-0.1332082,0.7819353,0.8393534,-0.00330913,-0.9435973,-0.3309444,0.009434998,
1,11,34.35966,-0.1341792,0.7422112,0.7907876,-0.00330913,-0.9435973,-0.3309444,0.009434998,
1,11,34.36799,-0.1351503,0.701867,0.742296,-0.00330913,-0.9435973,-0.3309444,0.009434998,
1,11,34.3738,-0.1358266,0.6734037,0.7085694,-0.00330913,-0.9435973,-0.3309444,0.009434998,
1,11,34.38213,-0.1367955,0.632014,0.6602106,-0.00330913,-0.9435973,-0.3309444,0.009434998,
1,11,34.39042,-0.1377523,0.5902605,0.612224,-0.00330913,-0.9435973,-0.3309444,0.009434998,
1,11,34.39875,-0.1387149,0.5476446,0.5640222,-0.00330913,-0.9435973,-0.3309444,0.009434998,
1,11,34.40621,-0.1395766,0.50897,0.5209395,-0.00330913,-0.9435973,-0.3309444,0.009434998,
1,11,34.41418,-0.1404972,0.4671153,0.4749876,-0.00330913,-0.9435973,-0.3309444,0.009434998,
1,11,34.42251,-0.1414598,0.4227502,0.4270126,-0.00330913,-0.9435973,-0.3309444,0.009434998,
1,11,34.42962,-0.1422751,0.3844331,0.3861609,-0.00330913,-0.9435973,-0.3309444,0.009434998,
1,11,34.43795,-0.1432292,0.3389391,0.3383323,-0.00330913,-0.9435973,-0.3309444,0.009434998,
1,11,34.44499,-0.1440352,0.3000412,0.2979955,-0.00330913,-0.9435973,-0.3309444,0.009434998,
1,11,34.45332,-0.1449894,0.2534307,0.2503159,-0.00330913,-0.9435973,-0.3309444,0.009434998,
1,11,34.46165,-0.1459435,0.2062158,0.202717,-0.00330913,-0.9435973,-0.3309444,0.009434998,
1,11,34.46826,-0.1466994,0.1683747,0.1650572,-0.00330913,-0.9435973,-0.3309444,0.009434998,
1,11,34.47417,-0.1473704,0.1341716,0.1313795,-0.00330913,-0.9435973,-0.3309444,0.009434998,
1,11,34.4792,-0.1479408,0.1048567,0.1027825,-0.00330913,-0.9435973,-0.3309444,0.009434998,
1,11,34.48753,-0.1488865,0.05577542,0.055437,-0.00330913,-0.9435973,-0.3309444,0.009434998,
1,11,34.49586,-0.1496832,0.05622076,0.01567484,-0.0005115755,-0.9986054,-0.05183886,0.009986198,CourtEnter
1,11,34.50394,-0.1503463,0.09256569,-0.01763999,0.004107093,-0.9122201,0.4095785,0.009122438,CourtExit
1,11,34.51151,-0.1509672,0.125965,-0.04880807,0.00762689,-0.6482497,0.7613621,0.00648278,
1,11,34.51984,-0.1516511,0.1620504,-0.08311024,0.009777113,-0.2154419,0.9764653,0.002154692,
1,11,34.52718,-0.1522538,0.1932362,-0.1133091,0.009783415,0.2111143,0.9774101,-0.002110925,
1,11,34.53552,-0.1529378,0.2279263,-0.1475472,0.007650231,0.6443694,0.764649,-0.006443565,
1,11,34.54333,-0.1535793,0.2597955,-0.1796287,0.004016927,0.9156191,0.4019225,-0.009156159,
1,11,34.55095,-0.154204,0.2902055,-0.2108433,-0.0003179731,0.9994686,-0.03102361,-0.009994749,
1,11,34.55919,-0.154881,0.3224708,-0.2446405,-0.004916351,0.8714148,-0.490445,-0.008714297,
1,11,34.56753,-0.155565,0.3543376,-0.2787522,-0.008421298,0.5412626,-0.840794,-0.005412844,
1,11,34.57489,-0.1561693,0.3818838,-0.3088643,-0.009909951,0.1421874,-0.9897891,-0.001422131,
1,11,34.58286,-0.1568234,0.411056,-0.3414282,-0.009494788,-0.3161472,-0.9486574,0.003161217,
1,11,34.59119,-0.1575073,0.440846,-0.3754486,-0.006919301,-0.7221208,-0.6916947,0.00722099,
1,11,34.59953,-0.1581913,0.4699105,-0.4094369,-0.002749491,-0.9612911,-0.2753534,0.009612761,
1,11,34.60569,-0.1586926,0.4909467,-0.4345621,0.0008032792,-0.9967844,0.07950337,0.009967768,
1,11,34.61072,-0.1591002,0.5078071,-0.4550417,0.003644459,-0.9315972,0.3633548,0.009315963,
1,11,34.61905,-0.1597757,0.5351716,-0.4889553,0.007565188,-0.6554212,0.7551973,0.006554314,
1,11,34.62471,-0.1602342,0.5533313,-0.5119548,0.009275435,-0.376806,0.9262381,0.003768228,
1,11,34.63304,-0.1609098,0.5794807,-0.5458156,0.009962603,0.09705356,0.9952288,-0.0009702904,
1,11,34.63842,-0.1613458,0.595972,-0.5676565,0.009181402,0.3978007,0.9174173,-0.003977724,
1,11,34.64676,-0.1620213,0.6209334,-0.6014662,0.006277958,0.7784105,0.627676,-0.007783806,
1,11,34.65509,-0.1626968,0.645175,-0.6352432,0.001941147,0.9808268,0.1946249,-0.009808009,
1,11,34.66222,-0.1632745,0.6653342,-0.6641042,-0.002159578,0.9765636,-0.2149964,-0.009765454,
1,11,34.67055,-0.16395,0.6882398,-0.6978238,-0.006445732,0.7655545,-0.6432932,-0.007655493,
1,11,34.67852,-0.1645966,0.7094988,-0.7300733,-0.009180705,0.3993157,-0.9167588,-0.003993249,
1,11,34.68618,-0.1652171,0.7292811,-0.7609951,-0.01000539,-0.03148312,-0.9994542,0.0003146118,
1,11,34.69451,-0.1658926,0.7501294,-0.7946299,-0.008719755,-0.4905181,-0.8713736,0.004904842,
1,11,34.70285,-0.1665681,0.7702711,-0.8282371,-0.005456149,-0.8379653,-0.5456321,0.008379258,
1,11,34.70791,-0.1669788,0.7821625,-0.8486475,-0.002807209,-0.9596201,-0.2811217,0.009595811,
1,11,34.71624,-0.167654,0.8011543,-0.8822036,0.001951121,-0.9809172,0.1941686,0.00980886,
1,11,34.72153,-0.1680774,0.8128415,-0.9034882,0.004806985,-0.8774763,0.4795157,0.008774543,
1,11,34.72987,-0.1687445,0.8306731,-0.9369958,0.008318054,-0.5569706,0.8304719,0.005569682,
1,11,34.73712,-0.1693248,0.8456108,-0.9661275,0.009861607,-0.1726018,0.9849408,0.00172618,
1,11,34.7422,-0.1697319,0.855767,-0.986546,0.009938885,0.1187331,0.9928758,-0.001187045,
1,11,34.75053,-0.170399,0.8718469,-1.019984,0.008268329,0.5630912,0.8263342,-0.005630457,
1,11,34.75887,-0.171066,0.8872208,-1.053399,0.004738355,0.880488,0.4739631,-0.008804357,
1,11,34.7672,-0.1717331,0.9018765,-1.08677,0.0001457284,0.999833,0.01529812,-0.009997856,
1,11,34.77214,-0.1721286,0.9102334,-1.106553,-0.002660268,0.964192,-0.2650168,-0.009641526,
1,11,34.78048,-0.1727956,0.9237674,-1.139879,-0.006801724,0.7341872,-0.6788734,-0.007341686,
1,11,34.78881,-0.1734627,0.936599,-1.173182,-0.009417207,0.3398574,-0.9404237,-0.003398657,
1,11,34.79586,-0.174027,0.9469038,-1.201344,-0.009993884,-0.05703835,-0.9983218,0.0005700651,
1,11,34.80419,-0.174694,0.9584369,-1.23458,-0.008611869,-0.5091683,-0.8606089,0.005091139,
1,11,34.81125,-0.175259,0.9676692,-1.26273,-0.005912814,-0.8064457,-0.5912237,0.008063802,
1,11,34.81958,-0.1759261,0.9779183,-1.295929,-0.001547759,-0.9878109,-0.1553376,0.009877446,
1,11,34.82766,-0.1765728,0.9871827,-1.328082,0.003020759,-0.9535615,0.3010322,0.009535084,
1,11,34.83554,-0.1772036,0.9955826,-1.359441,0.00687247,-0.7275864,0.6859431,0.007275577,
1,11,34.84387,-0.1778657,1.003789,-1.392542,0.0094431,-0.3326038,0.9430135,0.00332608,
1,11,34.84907,-0.1782765,1.00856,-1.413185,0.01000189,-0.04250146,0.9990463,0.0004252635,
1,11,34.8574,-0.1789351,1.015631,-1.446266,0.009084602,0.4193665,0.9077619,-0.004193124,
1,11,34.86574,-0.1795937,1.022005,-1.479299,0.00615574,0.7880927,0.6154754,-0.007880196,
1,11,34.87225,-0.1801083,1.026502,-1.505105,0.002876167,0.9575756,0.2880089,-0.009574981,
1,11,34.88058,-0.1807669,1.031635,-1.538093,-0.001822289,0.9833779,-0.1812953,-0.009833102,
1,11,34.88776,-0.1813343,1.035508,-1.566489,-0.005582249,0.8304609,-0.5569872,-0.008304141,
1,11,34.89609,-0.1819929,1.039356,-1.599446,-0.008759381,0.4847344,-0.8746041,-0.004847221,
1,11,34.90356,-0.1825829,1.042211,-1.628918,-0.009977801,0.08165386,-0.9966105,-0.0008167619,
1,11,34.91189,-0.1832416,1.044744,-1.661816,-0.009249862,-0.3816743,-0.9242427,0.003816158,
1,11,34.91747,-0.1836827,1.046052,-1.68383,-0.00759651,-0.6506736,-0.7592918,0.006505962,
1,11,34.92581,-0.1843413,1.047431,-1.71666,-0.003793361,-0.9250951,-0.3796039,0.009250036,
1,11,34.93335,-0.1849375,1.048073,-1.746376,0.0003916841,-0.9992132,0.03838016,0.009991258,
1,11,34.94168,-0.1855961,1.048131,-1.779152,0.004899883,-0.8723423,0.4887932,0.008722775,
1,11,34.94703,-0.1860188,1.04781,-1.800175,0.007280957,-0.6868035,0.7267743,0.006867615,
1,11,34.95536,-0.1866774,1.046737,-1.832935,0.009608163,-0.2813996,0.9595385,0.00281401,
1,11,34.9637,-0.187336,1.044971,-1.86563,0.009835999,0.1852266,0.9826449,-0.001851808,
1,11,34.97165,-0.1879571,1.042642,-1.896848,0.008047023,0.5942058,0.8042508,-0.005941244,
1,11,34.97924,-0.1885488,1.039845,-1.926559,0.004844149,0.8747185,0.4845283,-0.008746167,
1,11,34.98729,-0.1891772,1.03625,-1.958093,0.0005017148,0.9986557,0.05086021,-0.009985521,
1,11,34.99562,-0.1898274,1.031854,-1.990707,-0.004084978,0.9132116,-0.4073628,-0.009131283,
1,11,35.00224,-0.1903438,1.027878,-2.016569,-0.007137883,0.7016296,-0.7124716,-0.007015757,
1,11,35.00773,-0.1907721,1.024246,-2.038016,-0.008936935,0.4512056,-0.8923638,-0.004511828,
1,11,35.01607,-0.1914223,1.018166,-2.070576,-0.0100106,-0.001613298,-0.9999486,1.585849E-05,
1,11,35.02328,-0.1919855,1.012344,-2.098758,-0.009184857,-0.3970072,-0.917761,0.003969398,
1,11,35.03162,-0.1926357,1.004984,-2.131183,-0.006391824,-0.7691038,-0.6390457,0.007690034,
1,11,35.03995,-0.1932858,0.9969469,-2.163608,-0.002220007,-0.9748857,-0.2224815,0.009747745,
1,11,35.04565,-0.193731,0.9910492,-2.185808,0.0009721512,-0.9952959,0.09636417,0.00995191,
1,11,35.05399,-0.1943812,0.9818602,-2.218233,0.005365788,-0.8445699,0.5353518,0.008444928,
1,11,35.06232,-0.1950314,0.9719878,-2.250604,0.008601869,-0.5121322,0.8588483,0.005120998,
1,11,35.06937,-0.1955817,0.9631015,-2.277933,0.009911355,-0.1412187,0.9899278,0.001412309,
1,11,35.07771,-0.1962318,0.9519712,-2.310223,0.009481258,0.3201614,0.9473101,-0.003200978,
1,11,35.08604,-0.1968769,0.9401647,-2.342513,0.00701757,0.7125912,0.7015082,-0.007124871,
1,11,35.09438,-0.1975187,0.9276751,-2.374803,0.003051774,0.952124,0.3055486,-0.009520001,
1,11,35.10137,-0.1980571,0.9166701,-2.401792,-0.0008184618,0.9966631,-0.08101054,-0.009965423,
1,11,35.1097,-0.1986989,0.9029355,-2.433947,-0.00521838,0.8537308,-0.5206186,-0.008536379,
1,11,35.11727,-0.199282,0.8898669,-2.463163,-0.008268737,0.5642689,-0.8255304,-0.005642192,
1,11,35.12561,-0.1999237,0.8748345,-2.495317,-0.009922395,0.133235,-0.9910339,-0.001332434,
1,11,35.13394,-0.2005654,0.8591266,-2.527392,-0.009461537,-0.3259245,-0.9453429,0.00325858,
1,11,35.14025,-0.2010519,0.8467714,-2.551662,-0.007749286,-0.6324484,-0.7745379,0.006323454,
1,11,35.14859,-0.2016936,0.8298745,-2.583682,-0.004083465,-0.9126703,-0.4085743,0.009125386,
1,11,35.15623,-0.2022818,0.8138023,-2.613027,5.863174E-05,-0.999937,0.005107899,0.009998025,
1,11,35.16456,-0.2029235,0.7956202,-2.645005,0.004537473,-0.8916711,0.4525735,0.008915607,
1,11,35.17154,-0.2034606,0.7798824,-2.671689,0.007579881,-0.6537402,0.7566528,0.006536696,
1,11,35.17987,-0.2041023,0.7604646,-2.703574,0.009704915,-0.2459751,0.9692245,0.002459664,
1,11,35.1882,-0.2047408,0.7403738,-2.735458,0.0097782,0.2135115,0.9768893,-0.002134537,
1,11,35.19528,-0.2052791,0.7227727,-2.762519,0.008206367,0.5720612,0.82015,-0.005719538,
1,11,35.20362,-0.2059124,0.701441,-2.794269,0.00478021,0.8782235,0.4781459,-0.008780772,
1,11,35.21195,-0.2065457,0.6794419,-2.826018,0.0003497928,0.9993129,0.03568938,-0.009991578,
1,11,35.21881,-0.2070674,0.660812,-2.852177,-0.003396834,0.9408776,-0.3385991,-0.009407396,
1,11,35.22715,-0.2077007,0.6375926,-2.883859,-0.007240325,0.6910822,-0.7227069,-0.006909917,
1,11,35.23464,-0.2082701,0.6161494,-2.912283,-0.009414429,0.3406469,-0.940138,-0.003406179,
1,11,35.24297,-0.2089034,0.5916651,-2.943897,-0.009944668,-0.113874,-0.9934448,0.001138264,
1,11,35.25131,-0.2095367,0.5665191,-2.975511,-0.008393646,-0.5442875,-0.8388391,0.00544171,
1,11,35.25647,-0.2099289,0.5506111,-2.995017,-0.006516632,-0.758576,-0.6515079,0.007584273,
1,11,35.2648,-0.2105622,0.5243911,-3.026496,-0.002456346,-0.9691955,-0.2460895,0.009690209,
1,11,35.27011,-0.210966,0.5073248,-3.046567,0.0004586531,-0.9989341,0.04506345,0.009987618,
1,11,35.27549,-0.2113737,0.4897946,-3.06686,0.003363898,-0.9420559,0.335307,0.009419014,
1,11,35.28382,-0.2119986,0.4620605,-3.098277,0.007201793,-0.6950876,0.7188554,0.006949869,
1,11,35.29105,-0.2125408,0.4374619,-3.125474,0.009337782,-0.3611152,0.9324675,0.003610792,
1,11,35.29939,-0.2131657,0.4084918,-3.156818,0.009969275,0.09006758,0.9958854,-0.0009002084,
1,11,35.30772,-0.2137905,0.3788663,-3.188135,0.008532662,0.5222919,0.8527082,-0.005221688,
1,11,35.31563,-0.2143837,0.3501337,-3.217763,0.005525058,0.8334421,0.5525165,-0.00833268,
1,11,35.3231,-0.2149439,0.3224591,-3.24574,0.001727167,0.9848245,0.1732649,-0.009846319,
1,11,35.33143,-0.2155687,0.2909642,-3.276949,-0.00281535,0.9598022,-0.280499,-0.009596271,
1,11,35.33913,-0.2161455,0.2613131,-3.305641,-0.006510115,0.7601133,-0.6497135,-0.007599867,
1,11,35.34746,-0.2167704,0.2285606,-3.336715,-0.00920116,0.394613,-0.9187929,-0.003945651,
1,11,35.35579,-0.2173952,0.1951562,-3.367789,-0.009996797,-0.05186974,-0.9986037,0.0005182831,
1,11,35.36284,-0.217917,0.1663826,-3.393971,-0.009059013,-0.4248458,-0.9052104,0.004247333,
1,11,35.37118,-0.2185334,0.1317761,-3.42491,-0.006249858,-0.7806602,-0.6248758,0.007804845,
1,11,35.37664,-0.2189379,0.1087131,-3.445213,-0.003662483,-0.9303486,-0.36654,0.009301509,
1,11,35.38498,-0.2195543,0.0730328,-3.476071,0.0008188587,-0.9966604,0.081044,0.009964628,
1,11,35.39217,-0.220086,0.04173626,-3.50264,0.004581162,-0.8894437,0.4569353,0.008892789,CourtEnter
1,11,35.4005,-0.2207177,0.05915787,-3.534295,0.007823719,-0.6253152,0.780308,0.006248984,CourtExit
1,11,35.40713,-0.2212214,0.08091095,-3.559549,0.009436618,-0.3375031,0.9412711,0.00337033,
1,11,35.41219,-0.2216065,0.09722998,-3.578801,0.009982629,-0.09103776,0.995797,0.0009056217,
1,11,35.41923,-0.2221411,0.1194492,-3.605491,0.009686186,0.2571932,0.9663081,-0.002576253,
1,11,35.42756,-0.2227744,0.1451042,-3.637105,0.00781816,0.6256362,0.7800507,-0.006259476,
1,11,35.4359,-0.2234077,0.1700431,-3.66872,0.004619906,0.8873072,0.4610704,-0.00887443,
1,11,35.44114,-0.2238064,0.1853756,-3.688623,0.002163044,0.9763407,0.2160066,-0.009763515,
1,11,35.44947,-0.2244397,0.2091469,-3.72023,-0.001968301,0.9805297,-0.1961164,-0.009803434,
1,11,35.45573,-0.2249147,0.2265077,-3.743841,-0.004883391,0.8733793,-0.4869379,-0.008730642,
1,11,35.46406,-0.225548,0.2490303,-3.77532,-0.007996377,0.6031843,-0.7975389,-0.00602747,
1,11,35.46914,-0.2259339,0.2624001,-3.794498,-0.009252923,0.3848189,-0.9229377,-0.003843433,
1,11,35.47747,-0.2265672,0.2837784,-3.825977,-0.01002212,-0.01920025,-0.9997654,0.0001967152,
1,11,35.48581,-0.2272005,0.3044382,-3.857457,-0.009097188,-0.4197309,-0.9075933,0.004201157,
1,11,35.49271,-0.2277227,0.3210291,-3.883522,-0.007151932,-0.7004718,-0.7136099,0.007007344,
1,11,35.50105,-0.2283475,0.3404022,-3.914866,-0.003727174,-0.9281686,-0.3720256,0.009282447,
1,11,35.50938,-0.2289724,0.3590531,-3.94621,0.0003231456,-0.9994379,0.031999,0.009993141,
1,11,35.51458,-0.2293625,0.370343,-3.965783,0.002867711,-0.9582242,0.2858431,0.009579837,
1,11,35.52291,-0.2299874,0.3878526,-3.997127,0.006480072,-0.7630668,0.6462423,0.007626757,
1,11,35.53125,-0.2306123,0.4046572,-4.02847,0.009002669,-0.4399594,0.8979618,0.00439484,
1,11,35.53687,-0.231034,0.4156028,-4.049627,0.009867329,-0.176338,0.9842786,0.00175851,
1,11,35.54156,-0.2313854,0.424476,-4.067253,0.010009,0.05446068,0.9984656,-0.0005492826,
1,11,35.54989,-0.2320103,0.4397076,-4.098597,0.008952123,0.449688,0.8931295,-0.004500599,
1,11,35.5571,-0.232551,0.4523201,-4.125686,0.006816871,0.7329643,0.6801934,-0.007332021,
1,11,35.56544,-0.2331758,0.4662375,-4.156759,0.003308514,0.9438351,0.3302656,-0.009438821,
1,11,35.57266,-0.2337172,0.4777269,-4.183681,-0.0001995883,0.9997565,-0.0196736,-0.009996304,
1,11,35.58099,-0.2343421,0.4903329,-4.214755,-0.004186977,0.9086409,-0.4174588,-0.00908336,
1,11,35.58788,-0.2348586,0.5002216,-4.240442,-0.006981471,0.7177099,-0.6962703,-0.007172954,
1,11,35.59621,-0.2354835,0.511549,-4.271516,-0.009272084,0.3801976,-0.924851,-0.003797156,
1,11,35.60455,-0.2361083,0.5221748,-4.30259,-0.01002191,-0.02024939,-0.9997447,0.0002071754,
1,11,35.61181,-0.2366528,0.5308738,-4.329668,-0.009317098,-0.3686382,-0.929519,0.003690289,
1,11,35.62014,-0.2372777,0.5401983,-4.360742,-0.00707236,-0.7084652,-0.7056748,0.007087051,
1,11,35.62848,-0.237902,0.5488268,-4.391816,-0.003658692,-0.9308771,-0.3651957,0.009309256,
1,11,35.63583,-0.2384461,0.5558665,-4.419241,-0.0001238541,-0.9998708,-0.01259263,0.009997423,
1,11,35.64416,-0.2390625,0.5631841,-4.450315,0.00387336,-0.922374,0.3861688,0.009220666,
1,11,35.6525,-0.2396789,0.56981,-4.481178,0.007229655,-0.6928301,0.7210314,0.006923947,
1,11,35.65953,-0.2401989,0.5748584,-4.507162,0.009150655,-0.4084433,0.9127287,0.004079557,
1,11,35.66786,-0.2408153,0.5802051,-4.537966,0.01002329,-0.01238119,0.9998732,0.0001190528,
1,11,35.67302,-0.2411969,0.5831659,-4.557038,0.009735323,0.2380262,0.971207,-0.002384545,
1,11,35.67992,-0.2417076,0.5867134,-4.582556,0.00839251,0.5466093,0.8373278,-0.005469323,
1,11,35.68826,-0.242324,0.5903655,-4.61336,0.005530545,0.8338497,0.5519009,-0.008339976,
1,11,35.69659,-0.2429404,0.5933208,-4.644164,0.001763983,0.9843033,0.176202,-0.009842511,
1,11,35.70393,-0.2434838,0.5953562,-4.671318,-0.001815818,0.9834502,-0.1809026,-0.00983227,
1,11,35.71227,-0.2441002,0.5970144,-4.702121,-0.005570512,0.831463,-0.5554901,-0.008310815,
1,11,35.7206,-0.2447166,0.5979841,-4.732925,-0.008413511,0.5437875,-0.8391632,-0.005433119,
1,11,35.72662,-0.245162,0.5982519,-4.755181,-0.009631017,0.2774787,-0.9606795,-0.002769841,
1,11,35.73495,-0.2457784,0.598034,-4.785985,-0.009945224,-0.1248957,-0.9921193,0.001253458,
1,11,35.74013,-0.246161,0.5975535,-4.805006,-0.009317732,-0.3684798,-0.9295818,0.003688639,
1,11,35.74846,-0.2467774,0.5962191,-4.835539,-0.007100433,-0.705665,-0.7084749,0.007058925,
1,11,35.75679,-0.2473939,0.5941975,-4.866073,-0.003730876,-0.9280199,-0.3723965,0.009280532,
1,11,35.76513,-0.2480103,0.5914907,-4.896606,0.0002421072,-0.9996641,0.02391233,0.009994974,
1,11,35.77024,-0.2483884,0.5894868,-4.915348,0.002702283,-0.9629943,0.2693365,0.009627163,
1,11,35.77858,-0.2489963,0.5856735,-4.945882,0.006288186,-0.7788799,0.6270934,0.007784601,
1,11,35.7859,-0.249531,0.5817546,-4.972735,0.008615214,-0.5113892,0.8592909,0.005109015,
1,11,35.79424,-0.250139,0.5766521,-5.003269,0.009936938,-0.1317639,0.9912305,0.001312746,
1,11,35.80257,-0.250747,0.5708647,-5.033802,0.009654093,0.2689173,0.9631112,-0.002693276,
1,11,35.80853,-0.2511817,0.5663077,-5.055632,0.008484795,0.5322463,0.8465303,-0.005325575,
1,11,35.8139,-0.251573,0.5619054,-5.075287,0.006826696,0.7320532,0.6811739,-0.007322524,
1,11,35.82223,-0.252181,0.554507,-5.10582,0.003393078,0.9408407,0.3387018,-0.009408407,
1,11,35.83056,-0.252789,0.5464278,-5.136173,-0.0005840866,0.9982649,-0.05802847,-0.00998065,
1,11,35.83847,-0.2533659,0.5381286,-5.164894,-0.004279744,0.9043322,-0.4267123,-0.009039717,
1,11,35.84616,-0.2539274,0.5294661,-5.192842,-0.007283823,0.6871606,-0.7264367,-0.006866952,
1,11,35.8545,-0.2545353,0.5194286,-5.223104,-0.009400855,0.3472938,-0.9377028,-0.003467891,
1,11,35.86283,-0.2551433,0.5087124,-5.253367,-0.01001237,-0.04795149,-0.9987994,0.000484123,
1,11,35.86996,-0.2556632,0.4990086,-5.279249,-0.009262201,-0.3821518,-0.9240452,0.003825147,
1,11,35.87829,-0.2562712,0.4870306,-5.309513,-0.007022549,-0.713379,-0.700707,0.007135736,
1,11,35.88349,-0.2566504,0.4792171,-5.328386,-0.005028358,-0.8649189,-0.501812,0.008649904,
1,11,35.89182,-0.2572583,0.4661409,-5.358649,-0.001236444,-0.9922844,-0.1235789,0.009921521,
1,11,35.89728,-0.2576563,0.4572125,-5.378458,0.001391039,-0.9903082,0.1385268,0.009900522,
1,11,35.90561,-0.2582642,0.443014,-5.408722,0.005159133,-0.8574645,0.514446,0.00857056,
1,11,35.91394,-0.2588722,0.4281402,-5.43876,0.008105562,-0.5885035,0.8084326,0.005880091,
1,11,35.92072,-0.2593663,0.415555,-5.463135,0.009566888,-0.2987527,0.9542779,0.002982473,
1,11,35.92905,-0.2599743,0.3994564,-5.493128,0.009976353,0.09714973,0.9952193,-0.0009759516,
1,11,35.93738,-0.2605823,0.3826827,-5.523121,0.008806442,0.4774432,0.8786055,-0.004777567,
1,11,35.94371,-0.2610441,0.3694935,-5.545902,0.006969269,0.7185577,0.6953953,-0.007187347,
1,11,35.94874,-0.2614111,0.358732,-5.564011,0.005043596,0.8640343,0.5033336,-0.008640905,
1,11,35.95625,-0.2619591,0.34221,-5.591044,0.001664429,0.9860292,0.1662722,-0.009859009,
1,11,35.96459,-0.2625557,0.32324,-5.621037,-0.002312867,0.9730238,-0.2304881,-0.009727107,
1,11,35.97292,-0.2631468,0.3036006,-5.651031,-0.005923601,0.8068159,-0.5907182,-0.00806368,
1,11,35.98016,-0.2636606,0.2859838,-5.677096,-0.008320354,0.5578719,-0.8298666,-0.005573643,
1,11,35.9885,-0.2642516,0.2650914,-5.706819,-0.009838494,0.1917247,-0.9813976,-0.001912252,
1,11,35.99683,-0.2648427,0.2435303,-5.736542,-0.009812111,-0.2042834,-0.9788605,0.002046949,
1,11,36.00386,-0.2653413,0.224825,-5.761612,-0.00858706,-0.515669,-0.8567293,0.005159542,
1,11,36.0122,-0.2659324,0.2020323,-5.791336,-0.005909985,-0.8075266,-0.5897462,0.008076205,
1,11,36.01943,-0.2664458,0.1816914,-5.817153,-0.002817071,-0.9595834,-0.2812466,0.009594965,
1,11,36.02777,-0.2670369,0.1576542,-5.846876,0.001128854,-0.9936157,0.1123734,0.009933342,
1,11,36.03518,-0.2675626,0.1357164,-5.873311,0.004507224,-0.8932704,0.4494085,0.008928524,
1,11,36.04351,-0.2681537,0.1104211,-5.903034,0.007620126,-0.6498505,0.7599961,0.006493421,
1,11,36.04855,-0.2685109,0.09481199,-5.920916,0.008949609,-0.4506065,0.8926665,0.004500817,
1,11,36.05688,-0.269102,0.06845468,-5.950368,0.009999165,-0.07058676,0.9974553,0.0007010181,
1,11,36.06234,-0.2694888,0.05084498,-5.969644,0.009845209,0.1877865,0.9821588,-0.001882022,CourtEnter
1,11,36.07067,-0.2700796,0.04328224,-5.998976,0.008319818,0.5573242,0.8302346,-0.005580353,
1,11,36.07661,-0.2705008,0.05802307,-6.019774,0.006358486,0.7727033,0.6346884,-0.007735818,CourtExit
1,11,36.08207,-0.2708881,0.07125551,-6.038891,0.004077489,0.9132771,0.407216,-0.009142437,
1,11,36.0904,-0.2714763,0.09086722,-6.068073,9.692766E-05,0.9998981,0.01017452,-0.01000865,
1,11,36.09848,-0.2720327,0.1091997,-6.096355,-0.003780417,0.9263011,-0.3766513,-0.009271157,
1,11,36.10593,-0.2725461,0.125525,-6.122284,-0.006848385,0.7305379,-0.6827987,-0.007310999,
1,11,36.11426,-0.2731203,0.1431138,-6.151196,-0.009192614,0.3991807,-0.9168175,-0.003993757,
1,11,36.12196,-0.2736511,0.1587502,-6.177926,-0.01001859,0.03317987,-0.9993992,-0.0003300735,
1,11,36.12951,-0.2741712,0.1734832,-6.204112,-0.0094605,-0.3300514,-0.9439098,0.003305591,
1,11,36.13784,-0.2747453,0.1890818,-6.233024,-0.007370569,-0.6773398,-0.7356021,0.006781343,
1,11,36.14272,-0.2750811,0.1978763,-6.249928,-0.005558374,-0.8318551,-0.5549027,0.008327583,
1,11,36.15105,-0.2756553,0.2123684,-6.278841,-0.001798155,-0.9836387,-0.1798745,0.00984607,
1,11,36.15884,-0.2761922,0.225281,-6.305874,0.001994929,-0.9800475,0.1985111,0.009809327,
1,11,36.16718,-0.2767663,0.2384139,-6.334786,0.005720064,-0.821447,0.570197,0.008221046,
1,11,36.17503,-0.2773075,0.2501521,-6.362033,0.008383346,-0.5486156,0.8360147,0.005489608,
1,11,36.18336,-0.2778817,0.2619309,-6.390946,0.009872943,-0.1733938,0.9848016,0.001733553,
1,11,36.19094,-0.2784041,0.2720384,-6.417252,0.009832317,0.1940791,0.9809347,-0.001944612,
1,11,36.19928,-0.2789783,0.2824802,-6.446164,0.008262761,0.5657012,0.8245495,-0.005663985,
1,11,36.20761,-0.2795525,0.2922291,-6.474927,0.005351888,0.8452274,0.5343132,-0.008461251,
1,11,36.21288,-0.2799154,0.2980292,-6.493032,0.00302799,0.9530827,0.3025444,-0.009540324,
1,11,36.21743,-0.2802287,0.3028159,-6.508661,0.000857459,0.9962412,0.0860424,-0.00997186,
1,11,36.22576,-0.2808029,0.3110498,-6.537303,-0.003149177,0.9494798,-0.3136685,-0.00950298,
1,11,36.23294,-0.2812981,0.317592,-6.562005,-0.006215669,0.7848115,-0.6196536,-0.007854128,
1,11,36.24128,-0.2818723,0.3245312,-6.590646,-0.008810358,0.4773692,-0.8786457,-0.004776307,
1,11,36.247,-0.2822665,0.3288955,-6.610311,-0.009783604,0.2181482,-0.9758642,-0.002181495,
1,11,36.25533,-0.2828407,0.3346644,-6.638952,-0.009852998,-0.1833865,-0.9829898,0.001837569,
1,11,36.26367,-0.2834149,0.3397443,-6.667594,-0.008334432,-0.5551472,-0.8316918,0.00555827,
1,11,36.27082,-0.2839079,0.3435531,-6.692183,-0.005945645,-0.8047555,-0.593522,0.008056134,
1,11,36.27916,-0.2844821,0.3473456,-6.720826,-0.002297668,-0.9732101,-0.2296996,0.009741457,
1,11,36.28685,-0.2850121,0.350236,-6.747269,0.001410794,-0.990068,0.1402332,0.009909414,
1,11,36.29518,-0.2855863,0.3527024,-6.77591,0.005191789,-0.8556376,0.5174785,0.008563101,
1,11,36.30351,-0.2861605,0.3544782,-6.804553,0.008138661,-0.5841495,0.8115842,0.005845137,
1,11,36.31063,-0.2866508,0.3554477,-6.828956,0.009635107,-0.2763012,0.9610189,0.002763546,
1,11,36.31896,-0.287225,0.3559472,-6.857327,0.009948114,0.122285,0.9924445,-0.001225998,
1,11,36.3273,-0.2877992,0.355758,-6.885699,0.008671869,0.5011147,0.8653229,-0.005017452,
1,11,36.33563,-0.2883734,0.3548814,-6.914071,0.00601268,0.7997837,0.6002048,-0.008006287,
1,11,36.34091,-0.2887375,0.3539727,-6.932061,0.003796692,0.9252562,0.3792107,-0.009261683,
1,11,36.34925,-0.2893116,0.3519728,-6.960433,-0.0001326888,0.9998689,-0.01273025,-0.01000766,
1,11,36.35758,-0.2898858,0.349287,-6.988805,-0.004038834,0.9153939,-0.4024347,-0.009161336,
1,11,36.36591,-0.2904601,0.3459162,-7.017177,-0.007301085,0.6855244,-0.7279808,-0.006859901,
1,11,36.37425,-0.2910342,0.34186,-7.045548,-0.00940283,0.3469941,-0.9378138,-0.003471122,
1,11,36.3817,-0.2915476,0.3376533,-7.070915,-0.01002385,-0.003935495,-0.999942,4.144706E-05,
1,12,36.39003,-1.241779,0.0339998,-53.79789,0.01052347,0.1737581,0.9847309,-0.001539471,BallLaunch
1,12,36.39837,-0.001033978,0.541055,7.448293,-0.00330913,-0.9435973,-0.3309444,0.009434998,CourtExit
1,12,36.40472,-0.001924379,0.5759821,7.403808,-0.00330913,-0.9435973,-0.3309444,0.009434998,
1,12,36.41305,-0.003090704,0.6211315,7.345443,-0.00330913,-0.9435973,-0.3309444,0.009434998,
1,12,36.41827,-0.00382044,0.6490287,7.308977,-0.00330913,-0.9435973,-0.3309444,0.009434998,
1,12,36.42661,-0.004983212,0.6929278,7.250882,-0.00330913,-0.9435973,-0.3309444,0.009434998,
1,12,36.43365,-0.005964372,0.7294358,7.201781,-0.00330913,-0.9435973,-0.3309444,0.009434998,
1,12,36.44198,-0.00712323,0.7719317,7.14388,-0.00330913,-0.9435973,-0.3309444,0.009434998,
1,12,36.44748,-0.007887229,0.7995721,7.105699,-0.00330913,-0.9435973,-0.3309444,0.009434998,
1,12,36.45582,-0.009042561,0.8408031,7.047874,-0.00330913,-0.9435973,-0.3309444,0.009434998,
1,12,36.4629,-0.01002321,0.8752643,6.998872,-0.00330913,-0.9435973,-0.3309444,0.009434998,
1,12,36.47123,-0.01117474,0.9150961,6.941318,-0.00330913,-0.9435973,-0.3309444,0.009434998,
1,12,36.47957,-0.01232427,0.9541725,6.883763,-0.00330913,-0.9435973,-0.3309444,0.009434998,
1,12,36.48634,-0.01325666,0.9853657,6.837212,-0.00330913,-0.9435973,-0.3309444,0.009434998,
1,12,36.4919,-0.01402142,1.010612,6.798992,-0.00330913,-0.9435973,-0.3309444,0.009434998,
1,12,36.49679,-0.01469373,1.032556,6.765354,-0.00330913,-0.9435973,-0.3309444,0.009434998,
1,12,36.50512,-0.01583708,1.069332,6.708139,-0.00330913,-0.9435973,-0.3309444,0.009434998,
1,12,36.51213,-0.01679719,1.099678,6.660188,-0.00330913,-0.9435973,-0.3309444,0.009434998,
1,12,36.52047,-0.01793693,1.135091,6.603174,-0.00330913,-0.9435973,-0.3309444,0.009434998,
1,12,36.52847,-0.01902882,1.16837,6.548543,-0.00330913,-0.9435973,-0.3309444,0.009434998,
1,12,36.5368,-0.02016488,1.202321,6.491799,-0.00330913,-0.9435973,-0.3309444,0.009434998,
1,12,36.54362,-0.02109324,1.229562,6.445356,-0.00330913,-0.9435973,-0.3309444,0.009434998,
1,12,36.55195,-0.02222584,1.262167,6.388676,-0.00330913,-0.9435973,-0.3309444,0.009434998,
1,12,36.56028,-0.02335663,1.29404,6.332202,-0.00330913,-0.9435973,-0.3309444,0.009434998,
1,12,36.56533,-0.02404069,1.31299,6.297988,-0.00330913,-0.9435973,-0.3309444,0.009434998,
1,12,36.57367,-0.02516843,1.34368,6.241515,-0.00330913,-0.9435973,-0.3309444,0.009434998,
1,12,36.58192,-0.02628314,1.373351,6.185859,-0.00330913,-0.9435973,-0.3309444,0.009434998,
1,12,36.59025,-0.02740723,1.402585,6.129656,-0.00330913,-0.9435973,-0.3309444,0.009434998,
1,12,36.59536,-0.02809581,1.420156,6.095181,-0.00330913,-0.9435973,-0.3309444,0.009434998,
1,12,36.60369,-0.029217,1.448209,6.039129,-0.00330913,-0.9435973,-0.3309444,0.009434998,
1,12,36.61203,-0.03033637,1.475538,5.983196,-0.00330913,-0.9435973,-0.3309444,0.009434998,
1,12,36.61854,-0.03121022,1.496394,5.939472,-0.00330913,-0.9435973,-0.3309444,0.009434998,
1,12,36.62443,-0.03199857,1.514851,5.9,-0.00330913,-0.9435973,-0.3309444,0.009434998,
1,12,36.62901,-0.03261132,1.528967,5.869419,-0.00330913,-0.9435973,-0.3309444,0.009434998,
1,12,36.63734,-0.03372559,1.554096,5.813756,-0.00330913,-0.9435973,-0.3309444,0.009434998,
1,12,36.64301,-0.03448261,1.570782,5.775879,-0.00330913,-0.9435973,-0.3309444,0.009434998,
1,12,36.65134,-0.03559376,1.594695,5.72026,-0.00330913,-0.9435973,-0.3309444,0.009434998,
1,12,36.65968,-0.03670321,1.617889,5.664867,-0.00330913,-0.9435973,-0.3309444,0.009434998,
1,12,36.6656,-0.03749111,1.633941,5.625487,-0.00330913,-0.9435973,-0.3309444,0.009434998,
1,12,36.67393,-0.03859763,1.655909,5.570095,-0.00330913,-0.9435973,-0.3309444,0.009434998,
1,12,36.68227,-0.03970246,1.677162,5.514873,-0.00330913,-0.9435973,-0.3309444,0.009434998,
1,12,36.68786,-0.04044353,1.691026,5.477873,-0.00330913,-0.9435973,-0.3309444,0.009434998,
1,12,36.69619,-0.04154551,1.711078,5.42275,-0.00330913,-0.9435973,-0.3309444,0.009434998,
1,12,36.70447,-0.04263901,1.730296,5.367981,-0.00330913,-0.9435973,-0.3309444,0.009434998,
1,12,36.71074,-0.04346653,1.744393,5.326683,-0.00330913,-0.9435973,-0.3309444,0.009434998,
1,12,36.71908,-0.04456425,1.76249,5.271832,-0.00330913,-0.9435973,-0.3309444,0.009434998,
1,12,36.72741,-0.04566009,1.779879,5.216979,-0.00330913,-0.9435973,-0.3309444,0.009434998,
1,12,36.73444,-0.04658275,1.793994,5.170789,-0.00330913,-0.9435973,-0.3309444,0.009434998,
1,12,36.74277,-0.04767625,1.81008,5.116206,-0.00330913,-0.9435973,-0.3309444,0.009434998,
1,12,36.74854,-0.04843216,1.820803,5.078405,-0.00330913,-0.9435973,-0.3309444,0.009434998,
1,12,36.75381,-0.0491227,1.830303,5.04387,-0.00330913,-0.9435973,-0.3309444,0.009434998,
1,12,36.76215,-0.05021203,1.844744,4.989325,-0.00330913,-0.9435973,-0.3309444,0.009434998,
1,12,36.76756,-0.05091823,1.853738,4.954081,-0.00330913,-0.9435973,-0.3309444,0.009434998,
1,12,36.77589,-0.0520054,1.867019,4.89977,-0.00330913,-0.9435973,-0.3309444,0.009434998,
1,12,36.78422,-0.05309048,1.879597,4.845458,-0.00330913,-0.9435973,-0.3309444,0.009434998,
1,12,36.78963,-0.0537949,1.887395,4.810178,-0.00330913,-0.9435973,-0.3309444,0.009434998,
1,12,36.79797,-0.05487784,1.89883,4.756124,-0.00330913,-0.9435973,-0.3309444,0.009434998,
1,12,36.8063,-0.05595893,1.909558,4.702083,-0.00330913,-0.9435973,-0.3309444,0.009434998,
1,12,36.81463,-0.05703884,1.919582,4.648041,-0.00330913,-0.9435973,-0.3309444,0.009434998,
1,12,36.82297,-0.05811756,1.92892,4.594096,-0.00330913,-0.9435973,-0.3309444,0.009434998,
1,12,36.8301,-0.05903918,1.936353,4.548066,-0.00330913,-0.9435973,-0.3309444,0.009434998,
1,12,36.83843,-0.06011467,1.944394,4.494294,-0.00330913,-0.9435973,-0.3309444,0.009434998,
1,12,36.84675,-0.06118634,1.951724,4.440655,-0.00330913,-0.9435973,-0.3309444,0.009434998,
1,12,36.85508,-0.06225873,1.958386,4.387048,-0.00330913,-0.9435973,-0.3309444,0.009434998,
1,12,36.86203,-0.06315371,1.963415,4.342398,-0.00330913,-0.9435973,-0.3309444,0.009434998,
1,12,36.87025,-0.06420794,1.968731,4.289645,-0.00330913,-0.9435973,-0.3309444,0.009434998,
1,12,36.87859,-0.0652761,1.973435,4.236143,-0.00330913,-0.9435973,-0.3309444,0.009434998,
1,12,36.88549,-0.06616107,1.97681,4.191964,-0.00330913,-0.9435973,-0.3309444,0.009434998,
1,12,36.89035,-0.06678315,1.978904,4.160903,-0.00330913,-0.9435973,-0.3309444,0.009434998,
1,12,36.89869,-0.0678471,1.98195,4.107673,-0.00330913,-0.9435973,-0.3309444,0.009434998,
1,12,36.90533,-0.0686949,1.983887,4.065255,-0.00330913,-0.9435973,-0.3309444,0.009434998,
1,12,36.91366,-0.06975852,1.985696,4.012078,-0.00330913,-0.9435973,-0.3309444,0.009434998,
1,12,36.92093,-0.07068314,1.986714,3.965797,-0.00330913,-0.9435973,-0.3309444,0.009434998,
1,12,36.92926,-0.07174285,1.987244,3.912837,-0.00330913,-0.9435973,-0.3309444,0.009434998,
1,12,36.93715,-0.0727458,1.98711,3.862728,-0.00330913,-0.9435973,-0.3309444,0.009434998,
1,12,36.94544,-0.07379621,1.986311,3.810157,-0.00330913,-0.9435973,-0.3309444,0.009434998,
1,12,36.95378,-0.0748517,1.984833,3.75736,-0.00330913,-0.9435973,-0.3309444,0.009434998,
1,12,36.96211,-0.07590715,1.982674,3.70467,-0.00330913,-0.9435973,-0.3309444,0.009434998,
1,12,36.96949,-0.07683799,1.980183,3.65804,-0.00330913,-0.9435973,-0.3309444,0.009434998,
1,12,36.97742,-0.07783929,1.976922,3.607983,-0.00330913,-0.9435973,-0.3309444,0.009434998,
1,12,36.98576,-0.07889056,1.972832,3.555456,-0.00330913,-0.9435973,-0.3309444,0.009434998,
1,12,36.99336,-0.07984596,1.968507,3.507656,-0.00330913,-0.9435973,-0.3309444,0.009434998,
1,12,37.00169,-0.08089302,1.963117,3.455263,-0.00330913,-0.9435973,-0.3309444,0.009434998,
1,12,37.0086,-0.08176075,1.958134,3.411932,-0.00330913,-0.9435973,-0.3309444,0.009434998,
1,12,37.01693,-0.08280531,1.951508,3.359663,-0.00330913,-0.9435973,-0.3309444,0.009434998,
1,12,37.02349,-0.0836263,1.945812,3.318606,-0.00330913,-0.9435973,-0.3309444,0.009434998,
1,12,37.02881,-0.08429171,1.940899,3.28533,-0.00330913,-0.9435973,-0.3309444,0.009434998,
1,12,37.03714,-0.08533455,1.932651,3.233263,-0.00330913,-0.9435973,-0.3309444,0.009434998,
1,12,37.04548,-0.0863736,1.923718,3.181248,-0.00330913,-0.9435973,-0.3309444,0.009434998,
1,12,37.05254,-0.08725332,1.915629,3.137264,-0.00330913,-0.9435973,-0.3309444,0.009434998,
1,12,37.06087,-0.08829193,1.90546,3.085384,-0.00330913,-0.9435973,-0.3309444,0.009434998,
1,12,37.06827,-0.08921149,1.895874,3.039386,-0.00330913,-0.9435973,-0.3309444,0.009434998,
1,12,37.0766,-0.09024589,1.884441,2.987642,-0.00330913,-0.9435973,-0.3309444,0.009434998,
1,12,37.08339,-0.09108913,1.87463,2.945514,-0.00330913,-0.9435973,-0.3309444,0.009434998,
1,12,37.09173,-0.09212163,1.861985,2.893904,-0.00330913,-0.9435973,-0.3309444,0.009434998,
1,12,37.10006,-0.09315179,1.848678,2.842344,-0.00330913,-0.9435973,-0.3309444,0.009434998,
1,12,37.10839,-0.09418195,1.834701,2.790869,-0.00330913,-0.9435973,-0.3309444,0.009434998,
1,12,37.11338,-0.0947986,1.826017,2.760054,-0.00330913,-0.9435973,-0.3309444,0.009434998,
1,12,37.12172,-0.09582455,1.81098,2.708714,-0.00330913,-0.9435973,-0.3309444,0.009434998,
1,12,37.13005,-0.09685049,1.795284,2.657392,-0.00330913,-0.9435973,-0.3309444,0.009434998,
1,12,37.13839,-0.09787624,1.778919,2.606188,-0.00330913,-0.9435973,-0.3309444,0.009434998,
1,12,37.14502,-0.09868919,1.765432,2.565447,-0.00330913,-0.9435973,-0.3309444,0.009434998,
1,12,37.15335,-0.09971091,1.747886,2.514378,-0.00330913,-0.9435973,-0.3309444,0.009434998,
1,12,37.16003,-0.1005296,1.733355,2.473459,-0.00330913,-0.9435973,-0.3309444,0.009434998,
1,12,37.16618,-0.101282,1.719597,2.435854,-0.00330913,-0.9435973,-0.3309444,0.009434998,
1,12,37.17368,-0.1021977,1.702328,2.390013,-0.00330913,-0.9435973,-0.3309444,0.009434998,
1,12,37.18201,-0.1032152,1.682523,2.33916,-0.00330913,-0.9435973,-0.3309444,0.009434998,
1,12,37.19034,-0.1042315,1.662057,2.288362,-0.00330913,-0.9435973,-0.3309444,0.009434998,
1,12,37.19579,-0.1048942,1.648322,2.255183,-0.00330913,-0.9435973,-0.3309444,0.009434998,
1,12,37.20412,-0.1059075,1.626777,2.20452,-0.00330913,-0.9435973,-0.3309444,0.009434998,
1,12,37.20956,-0.1065684,1.61237,2.171487,-0.00330913,-0.9435973,-0.3309444,0.009434998,
1,12,37.21789,-0.1075791,1.589745,2.120958,-0.00330913,-0.9435973,-0.3309444,0.009434998,
1,12,37.22505,-0.1084461,1.56979,2.077562,-0.00330913,-0.9435973,-0.3309444,0.009434998,
1,12,37.23339,-0.1094552,1.545951,2.027168,-0.00330913,-0.9435973,-0.3309444,0.009434998,
1,12,37.24028,-0.1102886,1.525745,1.985508,-0.00330913,-0.9435973,-0.3309444,0.009434998,
1,12,37.24861,-0.1112934,1.500725,1.935219,-0.00330913,-0.9435973,-0.3309444,0.009434998,
1,12,37.25695,-0.1122983,1.475057,1.885,-0.00330913,-0.9435973,-0.3309444,0.009434998,
1,12,37.26528,-0.1133014,1.448743,1.834852,-0.00330913,-0.9435973,-0.3309444,0.009434998,
1,12,37.27361,-0.114302,1.42178,1.784774,-0.00330913,-0.9435973,-0.3309444,0.009434998,
1,12,37.28194,-0.1153027,1.394177,1.734774,-0.00330913,-0.9435973,-0.3309444,0.009434998,
1,12,37.29028,-0.1163011,1.365932,1.684845,-0.00330913,-0.9435973,-0.3309444,0.009434998,
1,12,37.29861,-0.1172975,1.337045,1.634986,-0.00330913,-0.9435973,-0.3309444,0.009434998,
1,12,37.30695,-0.1182939,1.307518,1.585204,-0.00330913,-0.9435973,-0.3309444,0.009434998,
1,12,37.31528,-0.1192881,1.277346,1.535497,-0.00330913,-0.9435973,-0.3309444,0.009434998,
1,12,37.3214,-0.1200171,1.25477,1.499015,-0.00330913,-0.9435973,-0.3309444,0.009434998,
1,12,37.32973,-0.1210093,1.223494,1.449432,-0.00330913,-0.9435973,-0.3309444,0.009434998,
1,12,37.33807,-0.1219994,1.191584,1.399926,-0.00330913,-0.9435973,-0.3309444,0.009434998,
1,12,37.3464,-0.1229873,1.15903,1.350497,-0.00330913,-0.9435973,-0.3309444,0.009434998,
1,12,37.35364,-0.1238458,1.130234,1.307605,-0.00330913,-0.9435973,-0.3309444,0.009434998,
1,12,37.36198,-0.1248317,1.096497,1.258316,-0.00330913,-0.9435973,-0.3309444,0.009434998,
1,12,37.36697,-0.1254235,1.075956,1.228779,-0.00330913,-0.9435973,-0.3309444,0.009434998,
1,12,37.37531,-0.1264061,1.041215,1.179611,-0.00330913,-0.9435973,-0.3309444,0.009434998,
1,12,37.38364,-0.1273856,1.005841,1.130514,-0.00330913,-0.9435973,-0.3309444,0.009434998,
1,12,37.3909,-0.1282389,0.9745158,1.087805,-0.00330913,-0.9435973,-0.3309444,0.009434998,
1,12,37.39923,-0.1292184,0.9379687,1.038848,-0.00330913,-0.9435973,-0.3309444,0.009434998,
1,12,37.40676,-0.1301034,0.9044086,0.9946814,-0.00330913,-0.9435973,-0.3309444,0.009434998,
1,12,37.4151,-0.1310829,0.8666694,0.9458704,-0.00330913,-0.9435973,-0.3309444,0.009434998,
1,12,37.42343,-0.1320549,0.828305,0.8971338,-0.00330913,-0.9435973,-0.3309444,0.009434998,
1,12,37.43043,-0.1328703,0.7956141,0.8562739,-0.00330913,-0.9435973,-0.3309444,0.009434998,
1,12,37.43876,-0.1338413,0.7561087,0.8076792,-0.00330913,-0.9435973,-0.3309444,0.009434998,
1,12,37.44423,-0.1344784,0.7298514,0.7758416,-0.00330913,-0.9435973,-0.3309444,0.009434998,
1,12,37.45256,-0.1354494,0.6893127,0.7273763,-0.00330913,-0.9435973,-0.3309444,0.009434998,
1,12,37.46086,-0.1364162,0.6483479,0.6791984,-0.00330913,-0.9435973,-0.3309444,0.009434998,
1,12,37.46919,-0.13738,0.606582,0.6308904,-0.00330913,-0.9435973,-0.3309444,0.009434998,
1,12,37.47522,-0.1380763,0.5759867,0.5959913,-0.00330913,-0.9435973,-0.3309444,0.009434998,
1,12,37.48355,-0.1390389,0.5331591,0.5478177,-0.00330913,-0.9435973,-0.3309444,0.009434998,
1,12,37.49183,-0.1399953,0.4900026,0.5000318,-0.00330913,-0.9435973,-0.3309444,0.009434998,
1,12,37.49778,-0.1406821,0.4586394,0.4657652,-0.00330913,-0.9435973,-0.3309444,0.009434998,
1,12,37.50611,-0.1416446,0.4141586,0.4178051,-0.00330913,-0.9435973,-0.3309444,0.009434998,
1,12,37.51323,-0.1424596,0.3756803,0.3769034,-0.00330913,-0.9435973,-0.3309444,0.009434998,
1,12,37.51889,-0.1431084,0.3447332,0.3443841,-0.00330913,-0.9435973,-0.3309444,0.009434998,
1,12,37.52584,-0.143904,0.3064027,0.3045582,-0.00330913,-0.9435973,-0.3309444,0.009434998,
1,12,37.53418,-0.1448582,0.2598756,0.2568667,-0.00330913,-0.9435973,-0.3309444,0.009434998,
1,12,37.54068,-0.1456033,0.2231202,0.2196805,-0.00330913,-0.9435973,-0.3309444,0.009434998,
1,12,37.54902,-0.1465575,0.1755184,0.1721329,-0.00330913,-0.9435973,-0.3309444,0.009434998,
1,12,37.55408,-0.1471331,0.1463034,0.1432859,-0.00330913,-0.9435973,-0.3309444,0.009434998,
1,12,37.56241,-0.1480788,0.09773327,0.09587006,-0.00330913,-0.9435973,-0.3309444,0.009434998,
1,12,37.5697,-0.1489054,0.05479276,0.0544956,-0.00330913,-0.9435973,-0.3309444,0.009434998,
1,12,37.57803,-0.1496968,0.05697438,0.01499059,-0.0004142984,-0.9990624,-0.0421223,0.009990769,CourtExit
1,12,37.5833,-0.1501296,0.0807648,-0.00675648,0.002650122,-0.9644695,0.2640049,0.009644906,
1,12,37.59164,-0.1508136,0.1177592,-0.04109983,0.006871307,-0.7276938,0.6858292,0.007277214,
1,12,37.59695,-0.1512501,0.140981,-0.06299969,0.008772497,-0.4823559,0.8759181,0.004823846,
1,12,37.60529,-0.151934,0.1767592,-0.09728806,0.01000956,-0.01535048,0.9998321,0.0001537561,
1,12,37.61078,-0.1523847,0.1999296,-0.1198614,0.009543305,0.3012507,0.9534925,-0.003012305,
1,12,37.61911,-0.1530686,0.2344802,-0.154093,0.007016016,0.7127483,0.7013485,-0.007127374,
1,12,37.62617,-0.1536483,0.2631845,-0.183077,0.003561898,0.9342479,0.356484,-0.009342458,
1,12,37.63451,-0.1543322,0.2963732,-0.2172484,-0.001228499,0.9924822,-0.1219801,-0.009924904,
1,12,37.64191,-0.1549399,0.3252453,-0.2475808,-0.005277339,0.8501043,-0.5265194,-0.008501198,
1,12,37.64764,-0.1554102,0.3471879,-0.2710341,-0.007776087,0.6303104,-0.7762787,-0.006303307,
1,12,37.65293,-0.1558441,0.3671319,-0.2926626,-0.009322569,0.3650058,-0.9309514,-0.003650298,
1,12,37.66126,-0.1565281,0.3979668,-0.3267293,-0.009947012,-0.1118151,-0.9936786,0.001117891,
1,12,37.66693,-0.1569934,0.4185281,-0.3498864,-0.009044036,-0.4280178,-0.903715,0.004279929,
1,12,37.67526,-0.1576773,0.4481386,-0.3838983,-0.005999031,-0.8000668,-0.5998276,0.008000463,
1,12,37.68308,-0.158319,0.4752588,-0.4157812,-0.001868009,-0.9822484,-0.1873185,0.009822352,
1,12,37.69102,-0.1589624,0.5021362,-0.4481178,0.0027066,-0.9629066,0.2696496,0.009629034,
1,12,37.69935,-0.1596379,0.5296458,-0.482037,0.006881821,-0.7266986,0.6868836,0.007267067,
1,12,37.70769,-0.1603134,0.5564326,-0.5159246,0.009473857,-0.3237268,0.9460976,0.003237446,
1,12,37.7149,-0.1608982,0.5790381,-0.5452353,0.009970374,0.08880237,0.995999,-0.0008877797,
1,12,37.72323,-0.1615737,0.6044739,-0.5790657,0.008412118,0.5414395,0.8406802,-0.005414101,
1,12,37.73026,-0.1621436,0.6253746,-0.6075833,0.005573134,0.8302442,0.5573102,-0.008302148,
1,12,37.7386,-0.1628191,0.6494857,-0.6413568,0.001076715,0.9940694,0.1082874,-0.009940448,
1,12,37.74693,-0.1634946,0.6728793,-0.675099,-0.003662704,0.9308847,-0.3651761,-0.009308704,
1,12,37.75219,-0.1639208,0.6872631,-0.6963647,-0.006284516,0.7788104,-0.6271796,-0.007788047,
1,12,37.76052,-0.1645963,0.7094894,-0.7300588,-0.009179878,0.3995057,-0.916676,-0.003995149,
1,12,37.76633,-0.1650668,0.7245455,-0.7535137,-0.009982566,0.07549728,-0.9970958,-0.0007551627,
1,12,37.77466,-0.1657424,0.7455549,-0.7871546,-0.009194977,-0.3946617,-0.918772,0.003946302,
1,12,37.78299,-0.1664179,0.7658535,-0.820763,-0.00632071,-0.7749483,-0.6319456,0.007749094,
1,12,37.79034,-0.1670132,0.7831472,-0.8503599,-0.002570932,-0.96622,-0.257525,0.009661813,
1,12,37.79867,-0.1676881,0.8021034,-0.8839142,0.002191051,-0.9758666,0.2181388,0.00975836,
1,12,37.807,-0.1683552,0.8203571,-0.9174416,0.006454618,-0.7648082,0.6441804,0.00764794,
1,12,37.81226,-0.1687763,0.8315064,-0.9385957,0.008443415,-0.5378075,0.8430083,0.005378061,
1,12,37.8206,-0.1694434,0.8485945,-0.9720746,0.009972248,-0.08817,0.9960552,0.0008818991,
1,12,37.82893,-0.1701105,0.8649802,-1.005523,0.009252334,0.3810726,0.924491,-0.003810334,
1,12,37.83727,-0.1707775,0.8806601,-1.038961,0.006449963,0.7642454,0.644848,-0.007641948,
1,12,37.8456,-0.1714446,0.8956243,-1.072338,0.002198961,0.9753639,0.2203756,-0.009753129,
1,12,37.85253,-0.1719992,0.9075273,-1.100084,-0.001755551,0.9845833,-0.1746302,-0.009845409,
1,12,37.86086,-0.1726663,0.921199,-1.133423,-0.006093116,0.793838,-0.6080469,-0.007938148,
1,12,37.86919,-0.1733334,0.9341667,-1.166727,-0.00906295,0.4253495,-0.9049739,-0.004253523,
1,12,37.8742,-0.1737341,0.9416187,-1.186732,-0.009895545,0.1519086,-0.9883438,-0.001519284,
1,12,37.88253,-0.1744012,0.9534593,-1.21999,-0.009484797,-0.3191126,-0.947664,0.00319067,
1,12,37.89087,-0.1750683,0.964609,-1.253225,-0.006956,-0.7185909,-0.6953612,0.007185283,
1,12,37.89873,-0.1756981,0.9744941,-1.28459,-0.003131286,-0.9495402,-0.313486,0.009494726,
1,12,37.90707,-0.1763652,0.9842817,-1.317758,0.00157803,-0.9875648,0.1568943,0.009875061,
1,12,37.9138,-0.1769041,0.9916734,-1.344556,0.005172664,-0.8564966,0.5160557,0.008564551,
1,12,37.91855,-0.1772843,0.9966124,-1.363448,0.007280126,-0.6868887,0.7266937,0.006868637,
1,12,37.92688,-0.1779454,1.004739,-1.396548,0.009618633,-0.277796,0.960588,0.002778043,
1,12,37.93521,-0.1786041,1.012165,-1.429649,0.009821564,0.1926934,0.981208,-0.00192653,
1,12,37.94059,-0.179029,1.01658,-1.450978,0.008778967,0.4798796,0.8772773,-0.00479822,
1,12,37.94893,-0.1796877,1.022858,-1.484011,0.005607365,0.8279394,0.5607285,-0.008278647,
1,12,37.95588,-0.1802376,1.027569,-1.51159,0.001971562,0.9802185,0.1976659,-0.009801417,
1,12,37.96422,-0.1808962,1.032565,-1.544565,-0.002729576,0.9622626,-0.2719388,-0.009621986,
1,12,37.9698,-0.1813373,1.035527,-1.566641,-0.005600379,0.8292428,-0.558799,-0.008291962,
1,12,37.97813,-0.1819959,1.039371,-1.599597,-0.008769932,0.4828254,-0.8756595,-0.004828132,
1,12,37.98581,-0.1826023,1.042297,-1.629888,-0.009988134,0.0677368,-0.997653,-0.0006776028,
1,12,37.99414,-0.183261,1.044808,-1.662786,-0.0091956,-0.3945217,-0.9188321,0.003944623,
1,12,38.00123,-0.1838219,1.046397,-1.690766,-0.006908152,-0.7231808,-0.6905864,0.007230989,
1,12,38.00957,-0.1844805,1.047629,-1.723597,-0.002850756,-0.9583347,-0.2854729,0.009582426,
1,12,38.01677,-0.1850495,1.048135,-1.751958,0.001193094,-0.9929113,0.1184367,0.009928265,
1,12,38.0251,-0.1857081,1.048075,-1.784722,0.00558408,-0.8303395,0.5571681,0.008302802,
1,12,38.03246,-0.18629,1.047448,-1.81367,0.008470966,-0.5334741,0.8457572,0.005334494,
1,12,38.04079,-0.1869487,1.046095,-1.846402,0.009969897,-0.09085613,0.9958137,0.0009087622,
1,12,38.04729,-0.1874604,1.044558,-1.871869,0.009629026,0.2727396,0.9620358,-0.002726859,
1,12,38.0524,-0.1878596,1.043053,-1.891944,0.00844744,0.5359278,0.8442046,-0.005358513,
1,12,38.06074,-0.1885098,1.040046,-1.924601,0.005089658,0.860684,0.5090414,-0.008605829,
1,12,38.06643,-0.188954,1.037602,-1.946894,0.002103268,0.9774734,0.2108217,-0.00977368,
1,12,38.07476,-0.1896042,1.033445,-1.979521,-0.002562796,0.966817,-0.255274,-0.009667244,
1,12,38.0831,-0.1902544,1.028597,-2.012092,-0.00666954,0.7461915,-0.6656561,-0.007461318,
1,12,38.09088,-0.1908614,1.02345,-2.04249,-0.009209342,0.3926864,-0.919618,-0.003926705,
1,12,38.09921,-0.1915116,1.017273,-2.07505,-0.009988244,-0.06608964,-0.9977635,0.0006605543,
1,12,38.10617,-0.1920545,1.011597,-2.102199,-0.0089753,-0.4421966,-0.8968623,0.00442125,
1,12,38.1145,-0.1927046,1.004163,-2.134624,-0.006000677,-0.7999395,-0.5999975,0.007998369,
1,12,38.12283,-0.1933548,0.9960549,-2.167048,-0.001731978,-0.9847408,-0.1737401,0.009846299,
1,12,38.12819,-0.1937722,0.9904872,-2.187862,0.001267336,-0.9919986,0.1258523,0.009918949,
1,12,38.13652,-0.1944224,0.9812549,-2.220287,0.005614052,-0.8283222,0.5601628,0.008282474,
1,12,38.14349,-0.1949667,0.973,-2.247391,0.008354176,-0.5515569,0.8340772,0.005515197,
1,12,38.15182,-0.1956169,0.9625164,-2.279681,0.009943791,-0.1161049,0.9931865,0.001161198,
1,12,38.16016,-0.196267,0.95135,-2.311971,0.00939696,0.3440242,0.9389074,-0.003439581,
1,12,38.16718,-0.1968107,0.9414133,-2.33918,0.00735358,0.6779434,0.735046,-0.006778427,
1,12,38.17551,-0.1974524,0.9289961,-2.371469,0.003507542,0.9362985,0.3510628,-0.009361754,
1,12,38.18181,-0.1979375,0.9191579,-2.395797,5.147395E-05,0.9999327,0.00588851,-0.009998095,
1,12,38.18684,-0.1983248,0.9110251,-2.415203,-0.002732414,0.9621836,-0.2722182,-0.009620716,
1,12,38.19518,-0.1989665,0.8970072,-2.447358,-0.006770961,0.7370257,-0.6757906,-0.007369509,
1,12,38.20351,-0.1996083,0.8823078,-2.479512,-0.009362297,0.3547147,-0.934921,-0.003546939,
1,12,38.21184,-0.20025,0.8669328,-2.511653,-0.009956663,-0.102976,-0.9946335,0.001029374,
1,12,38.22018,-0.2008917,0.8508802,-2.543673,-0.00843121,-0.5384722,-0.8425839,0.0053838,
1,12,38.22721,-0.2014335,0.8368047,-2.570705,-0.005723574,-0.8199604,-0.572333,0.008198374,
1,12,38.23555,-0.2020753,0.81951,-2.602725,-0.00143337,-0.9895391,-0.1439179,0.009894028,
1,12,38.24286,-0.2026388,0.8037696,-2.630842,0.002615779,-0.965405,0.2605631,0.009652806,
1,12,38.2512,-0.2032805,0.7852113,-2.662745,0.006666566,-0.7464612,0.6653538,0.007463757,
1,12,38.25905,-0.2038853,0.767109,-2.692789,0.009201986,-0.3944181,0.9188766,0.003943874,
1,12,38.26738,-0.2045266,0.7472436,-2.724674,0.009993181,0.05833016,0.9982471,-0.000582945,
1,12,38.27571,-0.2051599,0.7267109,-2.756546,0.008674262,0.4984996,0.8668323,-0.004984021,
1,12,38.28405,-0.2057932,0.705506,-2.788296,0.005527277,0.8332967,0.5527356,-0.008331555,
1,12,38.29238,-0.2064265,0.6836302,-2.820045,0.001218277,0.9924261,0.1224358,-0.009922702,
1,12,38.29738,-0.2068066,0.6701813,-2.839098,-0.001551997,0.9879757,-0.1542858,-0.009878264,
1,12,38.30572,-0.2074399,0.6472368,-2.870836,-0.005801168,0.8153668,-0.5788583,-0.008152537,
1,12,38.31405,-0.2080732,0.6236286,-2.902451,-0.008830187,0.4717408,-0.8816804,-0.004716891,
1,12,38.31922,-0.2084663,0.6086378,-2.922076,-0.009803468,0.203123,-0.9791021,-0.002031176,
1,12,38.32418,-0.2088435,0.5940118,-2.940904,-0.009985301,-0.07036833,-0.9974709,0.0007032792,
1,12,38.33252,-0.2094768,0.568927,-2.972519,-0.008623762,-0.5071547,-0.861797,0.005070441,
1,12,38.33972,-0.2100241,0.5467109,-2.999749,-0.005974663,-0.8018783,-0.5974038,0.008017235,
1,12,38.34805,-0.2106574,0.5203921,-3.031228,-0.001778822,-0.9839031,-0.1784236,0.009837275,
1,12,38.35639,-0.2112907,0.4934043,-3.062707,0.002785341,-0.9606731,0.2775017,0.009605136,
1,12,38.36364,-0.2118354,0.4693677,-3.090091,0.006316225,-0.7762579,0.630336,0.007761404,
1,12,38.37198,-0.2124603,0.4411469,-3.121435,0.009107692,-0.4157081,0.909443,0.004156618,
1,12,38.38031,-0.2130851,0.4122623,-3.152779,0.01000561,0.0309638,0.9994704,-0.0003092775,
1,12,38.38865,-0.21371,0.3827215,-3.184113,0.008827376,0.4709402,0.8821084,-0.004708259,
1,12,38.39518,-0.2141996,0.3591127,-3.20857,0.006599844,0.7513627,0.6598136,-0.007512014,
1,12,38.40332,-0.2148101,0.3291141,-3.239061,0.002685235,0.9631026,0.2689486,-0.009629116,
1,12,38.41165,-0.215435,0.2977598,-3.27027,-0.001860992,0.982659,-0.1851524,-0.009824769,
1,12,38.41691,-0.2158293,0.2776356,-3.289918,-0.004588962,0.8890424,-0.4577157,-0.008888857,
1,12,38.42524,-0.2164542,0.2452157,-3.320992,-0.008050013,0.5950102,-0.8036559,-0.0059492,
1,12,38.43104,-0.2168891,0.2222628,-3.342621,-0.00950899,0.3132965,-0.9496026,-0.003132653,
1,12,38.43938,-0.2175126,0.1887336,-3.373672,-0.009913321,-0.1383678,-0.9903304,0.001383096,
1,12,38.44771,-0.218129,0.1545545,-3.404611,-0.008280437,-0.5613144,-0.8275422,0.005611767,
1,12,38.45402,-0.2185958,0.1282393,-3.42804,-0.005881909,-0.808695,-0.5881433,0.008085147,
1,12,38.45881,-0.21895,0.1080181,-3.445821,-0.003578681,-0.9336023,-0.3581716,0.009334042,
1,12,38.46714,-0.2195664,0.07232419,-3.476676,0.0009083078,-0.9958934,0.0899795,0.009956963,
1,12,38.47548,-0.2201838,0.03774811,-3.507535,0.005188836,-0.8556104,0.5175238,0.008553747,CourtEnter
1,12,38.48317,-0.2207683,0.06136347,-3.536831,0.008027881,-0.5990081,0.8006805,0.005985836,CourtExit
1,12,38.4915,-0.2214016,0.08857866,-3.568573,0.009770019,-0.2239176,0.9745566,0.002234411,
1,12,38.49695,-0.2218158,0.1059925,-3.589253,0.01001313,0.04640879,0.9988723,-0.0004687431,
1,12,38.50528,-0.2224492,0.1320165,-3.620867,0.008970206,0.4460933,0.8949304,-0.004464752,
1,12,38.51234,-0.2229854,0.1534908,-3.647637,0.006877426,0.727314,0.6862319,-0.007275717,
1,12,38.52067,-0.2236187,0.1781911,-3.679251,0.003348674,0.9424238,0.3342715,-0.009424943,
1,12,38.52901,-0.224252,0.2021752,-3.710865,-0.000747141,0.9971862,-0.07429515,-0.009970565,
1,12,38.53437,-0.2246595,0.2172283,-3.731153,-0.003358352,0.9422395,-0.3347907,-0.009419905,
1,12,38.5427,-0.2252928,0.2400374,-3.762633,-0.006879662,0.727428,-0.6861112,-0.007270316,
1,12,38.5499,-0.2258399,0.2591672,-3.789826,-0.008998479,0.4408149,-0.8975422,-0.004403457,
1,12,38.55824,-0.2264732,0.2806511,-3.821305,-0.01001516,0.04224645,-0.9990569,-0.000417691,
1,12,38.56579,-0.2270472,0.2995022,-3.849837,-0.009472585,-0.3268615,-0.9450191,0.003272741,
1,12,38.57412,-0.2276783,0.3196285,-3.881299,-0.007354948,-0.6792304,-0.7338569,0.00679505,
1,12,38.58245,-0.2283032,0.3390501,-3.912642,-0.003998416,-0.9168612,-0.3990809,0.009169513,
1,12,38.58843,-0.2287513,0.352534,-3.93512,-0.001139601,-0.99344,-0.1139165,0.009933862,
1,12,38.59299,-0.2290929,0.3625722,-3.952258,0.001119817,-0.9937173,0.1114726,0.009935561,
1,12,38.60132,-0.2297178,0.3803836,-3.983602,0.005022852,-0.865475,0.5008522,0.008651423,
1,12,38.60874,-0.2302741,0.3956498,-4.011508,0.007803462,-0.6278254,0.7782899,0.00627386,
1,12,38.61707,-0.230899,0.4121327,-4.042851,0.009671061,-0.2632366,0.9646792,0.002627491,
1,12,38.6254,-0.2315238,0.4279104,-4.074195,0.009917364,0.1452383,0.989346,-0.001456911,
1,12,38.63272,-0.2320722,0.4411792,-4.101706,0.008760514,0.4857797,0.8740239,-0.004861383,
1,12,38.64105,-0.2326971,0.4556373,-4.13295,0.006079258,0.7949234,0.6066273,-0.00795119,
1,12,38.64938,-0.2333219,0.46939,-4.164024,0.002384713,0.9711848,0.2381179,-0.009711849,
1,12,38.65623,-0.2338351,0.4801594,-4.189544,-0.0009755768,0.995226,-0.09708373,-0.009950636,
1,12,38.66456,-0.23446,0.4926312,-4.220618,-0.004879736,0.8735824,-0.4865736,-0.008732487,
1,12,38.6729,-0.2350848,0.5044029,-4.251692,-0.007969792,0.606675,-0.7948869,-0.006062272,
1,12,38.68005,-0.2356216,0.5139596,-4.278388,-0.009579118,0.2948221,-0.9554996,-0.00294336,
1,12,38.68839,-0.2362465,0.5244327,-4.309462,-0.009962127,-0.1107062,-0.9938027,0.001111602,
1,12,38.69672,-0.2368713,0.5342152,-4.340535,-0.008693281,-0.4976499,-0.8673202,0.004979943,
1,12,38.70195,-0.2372638,0.5399988,-4.36005,-0.007136793,-0.7020059,-0.7121008,0.007022496,
1,12,38.71029,-0.2378883,0.5486427,-4.391124,-0.003743561,-0.9275114,-0.373661,0.009275644,
1,12,38.71862,-0.2385047,0.5565918,-4.422198,0.0002664542,-0.999603,0.02634277,0.009994561,
1,12,38.72385,-0.2388918,0.5612248,-4.44171,0.002803603,-0.9601094,0.279446,0.009598475,
1,12,38.72878,-0.2392558,0.5653384,-4.460035,0.005024096,-0.8654044,0.5009742,0.008650501,
1,12,38.73711,-0.2398722,0.5717443,-4.490839,0.008057904,-0.5949816,0.803677,0.005945202,
1,12,38.74544,-0.2404886,0.577459,-4.521643,0.009763426,-0.2267593,0.9738993,0.00226267,
1,12,38.75278,-0.2410313,0.5819113,-4.548762,0.009938229,0.1303144,0.9914221,-0.00130767,
1,12,38.76111,-0.2416477,0.5863232,-4.579566,0.008602948,0.5130302,0.8583121,-0.005133678,
1,12,38.76834,-0.2421822,0.5895861,-4.606273,0.006289226,0.7784957,0.6275702,-0.007786872,
1,12,38.77667,-0.2427986,0.5927013,-4.637076,0.00267984,0.9634897,0.2675588,-0.009634839,
1,12,38.78408,-0.2433463,0.5948929,-4.664446,-0.0009139925,0.9958064,-0.09093764,-0.009956246,
1,12,38.79241,-0.2439627,0.596704,-4.69525,-0.004792014,0.8784011,-0.4778194,-0.008780501,
1,12,38.80074,-0.2445791,0.5978277,-4.726053,-0.007885158,0.6175863,-0.7864394,-0.006171253,
1,12,38.80907,-0.2451955,0.5982587,-4.756857,-0.009690118,0.2561681,-0.9665803,-0.002556738,
1,12,38.8161,-0.2457148,0.5980898,-4.782808,-0.009989046,-0.08322106,-0.9964807,0.0008367954,
1,12,38.82443,-0.2463312,0.5972528,-4.813436,-0.00884568,-0.4701748,-0.8825164,0.004705211,
1,12,38.83276,-0.2469476,0.5957292,-4.843969,-0.006264687,-0.7804626,-0.6251224,0.007806389,
1,12,38.84031,-0.2475059,0.5937553,-4.871624,-0.003035192,-0.9529367,-0.3030043,0.009529331,
1,12,38.84864,-0.2481223,0.5909241,-4.902158,0.0009794602,-0.9951884,0.09746828,0.009949874,
1,12,38.85698,-0.2487337,0.5874064,-4.932692,0.004833093,-0.8761599,0.4819168,0.00875794,
1,12,38.86237,-0.2491275,0.5847614,-4.95247,0.006945448,-0.7211828,0.6926726,0.007207409,
1,12,38.8674,-0.249494,0.5820429,-4.970874,0.008486115,-0.5324415,0.8464076,0.005319566,
1,12,38.87573,-0.250102,0.5769824,-5.001407,0.009901402,-0.1561676,0.9876797,0.001556761,
1,12,38.88406,-0.2507099,0.5712374,-5.03194,0.009717667,0.2450948,0.9694474,-0.002455121,
1,12,38.89174,-0.2512695,0.5653446,-5.060046,0.008158655,0.5807677,0.8140078,-0.005810553,
1,12,38.90007,-0.2518775,0.5582861,-5.09058,0.005212669,0.8539888,0.5201952,-0.008540904,
1,12,38.90738,-0.252411,0.5515293,-5.117358,0.001918793,0.9814137,0.1916435,-0.009813365,
1,12,38.91571,-0.2530189,0.5431938,-5.147621,-0.002098612,0.9778399,-0.2091154,-0.009775709,
1,12,38.92405,-0.2536269,0.5341741,-5.177885,-0.005776872,0.8173325,-0.5760794,-0.008169158,
1,12,38.92912,-0.2539967,0.5283558,-5.196292,-0.007592546,0.6530581,-0.7572417,-0.006525842,
1,12,38.93745,-0.2546047,0.5182407,-5.226556,-0.009550695,0.3038708,-0.9526606,-0.003033668,
1,12,38.94472,-0.2551353,0.5088576,-5.25297,-0.01001479,-0.04266327,-0.9990392,0.0004312517,
1,12,38.95306,-0.2557433,0.49747,-5.283233,-0.009046298,-0.4305329,-0.9025193,0.004308764,
1,12,38.96139,-0.2563513,0.4854037,-5.313497,-0.006634268,-0.7494526,-0.6619824,0.00749622,
1,12,38.9663,-0.2567098,0.4779699,-5.331342,-0.004684075,-0.8839511,-0.4674724,0.008840027,
1,12,38.97464,-0.2573177,0.464826,-5.361606,-0.0008452315,-0.9963688,-0.08455439,0.009962171,
1,12,38.98297,-0.2579257,0.4510052,-5.391869,0.003125855,-0.9501629,0.3115935,0.009498325,
1,12,38.9913,-0.2585337,0.4365058,-5.422057,0.006597784,-0.7529653,0.6579841,0.007525093,
1,12,38.99791,-0.2590159,0.4245266,-5.44585,0.008627366,-0.509344,0.8605047,0.005088408,
1,12,39.00292,-0.2593809,0.4151768,-5.463856,0.009595268,-0.2895481,0.9571111,0.002890431,
1,12,39.01125,-0.2599889,0.3990608,-5.493849,0.009966495,0.1067235,0.9942383,-0.001071665,
1,12,39.01647,-0.2603696,0.388625,-5.512632,0.009388528,0.3501466,0.9366413,-0.003505133,
1,12,39.0248,-0.2609776,0.371415,-5.542625,0.007277568,0.6874716,0.7261423,-0.006876695,
1,12,39.03313,-0.2615856,0.3535309,-5.572618,0.004018272,0.9159953,0.4010642,-0.009159924,
1,12,39.04026,-0.2621058,0.3376942,-5.598281,0.0007047314,0.9974589,0.07053982,-0.00997283,
1,12,39.0486,-0.2626984,0.3185633,-5.628274,-0.003240855,0.9463235,-0.3230664,-0.009459725,
1,12,39.05693,-0.2632894,0.2987609,-5.658267,-0.006673931,0.7462577,-0.665582,-0.007457872,
1,12,39.06403,-0.2637928,0.2813674,-5.683745,-0.008785624,0.4816648,-0.8762983,-0.004811518,
1,12,39.07236,-0.2643839,0.2603254,-5.713469,-0.009970394,0.103525,-0.9945763,-0.001030385,
1,12,39.07928,-0.2648748,0.2423401,-5.738155,-0.009765454,-0.2254153,-0.9742112,0.002258199,
1,12,39.08762,-0.2654659,0.220075,-5.767879,-0.008123098,-0.5857037,-0.8104634,0.005859516,
1,12,39.09284,-0.2658362,0.2057862,-5.786499,-0.006421619,-0.7676635,-0.640775,0.007677905,
1,12,39.10117,-0.2664273,0.1824339,-5.816223,-0.002936701,-0.9560051,-0.2931795,0.009559247,
1,12,39.1095,-0.2670184,0.1584167,-5.845945,0.00100475,-0.9949379,0.09999309,0.00994662,
1,12,39.11696,-0.2675472,0.1363634,-5.872541,0.004414817,-0.8978493,0.4401894,0.008974346,
1,12,39.12529,-0.2681383,0.1110851,-5.902263,0.007552699,-0.6576375,0.753268,0.006571305,
1,12,39.13154,-0.2685813,0.09170648,-5.924424,0.009153023,-0.407907,0.9129685,0.004073825,
1,12,39.13644,-0.268929,0.07623413,-5.941751,0.009850198,-0.1856337,0.982568,0.001851285,
1,12,39.14404,-0.2694682,0.05179373,-5.968614,0.009870391,0.1741531,0.9846676,-0.001745732,CourtEnter
1,12,39.15202,-0.2700338,0.04165797,-5.996714,0.008493218,0.530671,0.8475187,-0.005313599,
1,12,39.16035,-0.2706248,0.06229278,-6.025896,0.005670246,0.8243044,0.5660583,-0.008252183,CourtExit
1,12,39.16869,-0.2712159,0.08222067,-6.055079,0.001911585,0.9815024,0.1911881,-0.009824895,
1,12,39.17396,-0.271584,0.09446873,-6.073547,-0.000671795,0.9977355,-0.06651127,-0.00998684,
1,12,39.1823,-0.2721582,0.1132406,-6.10273,-0.004593369,0.8890158,-0.457767,-0.008897776,
1,12,39.18972,-0.2726693,0.1293594,-6.12849,-0.007463298,0.6679133,-0.7441717,-0.006684022,
1,12,39.19805,-0.2732435,0.1467987,-6.157403,-0.009507249,0.3173795,-0.9482456,-0.003174896,
1,12,39.20333,-0.2736079,0.157499,-6.17575,-0.0100038,0.06386027,-0.9979085,-0.0006371743,
1,12,39.21167,-0.2741821,0.1737872,-6.204662,-0.009434451,-0.3373805,-0.9413151,0.003378947,
1,12,39.2193,-0.274708,0.188089,-6.231144,-0.007548003,-0.6576097,-0.7532922,0.006583892,
1,12,39.22763,-0.2752822,0.2030326,-6.260056,-0.004315129,-0.9023361,-0.4309169,0.009032803,
1,12,39.23492,-0.2757843,0.2155275,-6.285337,-0.0008895028,-0.9959601,-0.08923703,0.009969209,
1,12,39.24326,-0.2763585,0.2291564,-6.31425,0.003136563,-0.9498941,0.3124116,0.00950727,
1,12,39.2508,-0.2768783,0.2408944,-6.340425,0.006354528,-0.7736672,0.6335131,0.007742666,
1,12,39.25913,-0.2774525,0.2531941,-6.369338,0.00890259,-0.4600095,0.8878574,0.004602605,
1,12,39.26542,-0.2778854,0.2620054,-6.391135,0.009877506,-0.1707812,0.985258,0.001707401,
1,12,39.27033,-0.2782241,0.2686202,-6.408186,0.01000043,0.06791133,0.997641,-0.000681788,
1,12,39.27866,-0.2787982,0.279278,-6.437099,0.008916285,0.4564601,0.8896875,-0.00457069,
1,12,39.287,-0.2793724,0.2892489,-6.465946,0.006383897,0.770613,0.6372249,-0.007714625,
1,12,39.29533,-0.2799466,0.2985139,-6.494587,0.002816817,0.9595143,0.281482,-0.009604656,
1,12,39.30075,-0.2803201,0.3041729,-6.513217,0.0002122089,0.999715,0.02167642,-0.0100065,
1,12,39.30909,-0.2808942,0.3122951,-6.54186,-0.003755364,0.9273139,-0.3741507,-0.009280989,
1,12,39.31453,-0.2812693,0.3172233,-6.560563,-0.006054214,0.797269,-0.6035411,-0.007978854,
1,12,39.32286,-0.2818434,0.3241993,-6.589206,-0.00871124,0.4951509,-0.8687492,-0.00495431,
1,12,39.33119,-0.2824176,0.3304814,-6.617847,-0.009960026,0.1132462,-0.9935164,-0.00113147,
1,12,39.33826,-0.2829046,0.3352627,-6.642138,-0.009760207,-0.2273748,-0.9737557,0.002277839,
1,12,39.34659,-0.2834788,0.340266,-6.670779,-0.0080759,-0.5919394,-0.8059203,0.005926475,
1,12,39.35493,-0.2840529,0.3445783,-6.699422,-0.005092705,-0.8610247,-0.5084645,0.008619163,
1,12,39.36326,-0.2846271,0.3481948,-6.728063,-0.001292478,-0.9915374,-0.1294351,0.009924687,
1,12,39.37033,-0.2851144,0.3507246,-6.752372,0.002119672,-0.9774446,0.2109545,0.009782918,
1,12,39.37845,-0.2856736,0.353016,-6.780261,0.005706764,-0.8223683,0.5688673,0.008229999,
1,12,39.38678,-0.2862478,0.3546884,-6.808903,0.0084813,-0.5334216,0.8457901,0.005337327,
1,12,39.39511,-0.286822,0.3556706,-6.837412,0.009896818,-0.159264,0.9871851,0.001592056,
1,12,39.40039,-0.2871858,0.3559346,-6.855391,0.009978169,0.09497957,0.9954288,-0.000952703,
1,12,39.40519,-0.2875166,0.3559389,-6.871735,0.00949143,0.3211125,0.946988,-0.003215975,
1,12,39.41353,-0.2880908,0.3554,-6.900106,0.007472092,0.6661822,0.7457219,-0.00666937,
1,12,39.42186,-0.2886649,0.3541761,-6.928478,0.00426237,0.9048305,0.4256544,-0.009057337,
1,12,39.42859,-0.2891286,0.3526838,-6.951387,0.001148348,0.9933084,0.1150575,-0.009942265,
1,12,39.43692,-0.2897028,0.3502181,-6.979759,-0.002834915,0.9592698,-0.2823141,-0.009600741,
1,12,39.44526,-0.290277,0.3470649,-7.008131,-0.006365345,0.7727835,-0.6345907,-0.007733469,
1,12,39.45359,-0.2908511,0.3432279,-7.036502,-0.008883307,0.4637125,-0.8859291,-0.004639461,
1,12,39.46192,-0.2914253,0.3387059,-7.064874,-0.009991193,0.08128229,-0.9966407,-0.0008114994,
1,12,39.46888,-0.2919046,0.3344072,-7.088555,-0.009703553,-0.2503073,-0.9681146,0.002507293,
1,13,39.47721,-1.23829,0.03400008,-53.63818,-0.006081409,-0.8111361,-0.5847663,0.008346654,BallLaunch
1,13,39.48259,-0.0006449196,0.5256669,7.46771,-0.00330913,-0.9435973,-0.3309444,0.009434998,CourtExit
1,13,39.49092,-0.001813621,0.5716588,7.409345,-0.00330913,-0.9435973,-0.3309444,0.009434998,
1,13,39.49926,-0.002980144,0.61688,7.35098,-0.00330913,-0.9435973,-0.3309444,0.009434998,
1,13,39.50671,-0.004021166,0.6566556,7.298955,-0.00330913,-0.9435973,-0.3309444,0.009434998,
1,13,39.51504,-0.005183598,0.700425,7.24086,-0.00330913,-0.9435973,-0.3309444,0.009434998,
1,13,39.52266,-0.006244049,0.7397527,7.187771,-0.00330913,-0.9435973,-0.3309444,0.009434998,
1,13,39.53099,-0.007402378,0.7820652,7.129935,-0.00330913,-0.9435973,-0.3309444,0.009434998,
1,13,39.53737,-0.008288065,0.8139556,7.085649,-0.00330913,-0.9435973,-0.3309444,0.009434998,
1,13,39.5425,-0.00899832,0.8392366,7.05009,-0.00330913,-0.9435973,-0.3309444,0.009434998,
1,13,39.55083,-0.01015172,0.879743,6.992455,-0.00330913,-0.9435973,-0.3309444,0.009434998,
1,13,39.55835,-0.0111907,0.9156428,6.940519,-0.00330913,-0.9435973,-0.3309444,0.009434998,
1,13,39.56668,-0.0123402,0.9547093,6.882965,-0.00330913,-0.9435973,-0.3309444,0.009434998,
1,13,39.57366,-0.01330073,0.9868287,6.83501,-0.00330913,-0.9435973,-0.3309444,0.009434998,
1,13,39.58154,-0.0143845,1.022492,6.780829,-0.00330913,-0.9435973,-0.3309444,0.009434998,
1,13,39.58987,-0.01552845,1.05947,6.723545,-0.00330913,-0.9435973,-0.3309444,0.009434998,
1,13,39.59694,-0.01649654,1.090227,6.675211,-0.00330913,-0.9435973,-0.3309444,0.009434998,
1,13,39.60527,-0.01763684,1.125833,6.618197,-0.00330913,-0.9435973,-0.3309444,0.009434998,
1,13,39.61267,-0.01864752,1.156821,6.567578,-0.00330913,-0.9435973,-0.3309444,0.009434998,
1,13,39.621,-0.01978421,1.191018,6.510824,-0.00330913,-0.9435973,-0.3309444,0.009434998,
1,13,39.62869,-0.02083142,1.221925,6.458461,-0.00330913,-0.9435973,-0.3309444,0.009434998,
1,13,39.63703,-0.02196452,1.254701,6.401719,-0.00330913,-0.9435973,-0.3309444,0.009434998,
1,13,39.64446,-0.02297398,1.283333,6.35132,-0.00330913,-0.9435973,-0.3309444,0.009434998,
1,13,39.6528,-0.02410346,1.314718,6.294847,-0.00330913,-0.9435973,-0.3309444,0.009434998,
1,13,39.66066,-0.02516826,1.343675,6.241524,-0.00330913,-0.9435973,-0.3309444,0.009434998,
1,13,39.669,-0.02629414,1.373641,6.185309,-0.00330913,-0.9435973,-0.3309444,0.009434998,
1,13,39.67545,-0.0271643,1.396324,6.141812,-0.00330913,-0.9435973,-0.3309444,0.009434998,
1,13,39.68026,-0.02781248,1.412954,6.109373,-0.00330913,-0.9435973,-0.3309444,0.009434998,
1,13,39.68859,-0.02893402,1.441197,6.053254,-0.00330913,-0.9435973,-0.3309444,0.009434998,
1,13,39.69389,-0.029647,1.45879,6.017653,-0.00330913,-0.9435973,-0.3309444,0.009434998,
1,13,39.70223,-0.03076568,1.485839,5.96172,-0.00330913,-0.9435973,-0.3309444,0.009434998,
1,13,39.71056,-0.03188275,1.512164,5.905787,-0.00330913,-0.9435973,-0.3309444,0.009434998,
1,13,39.7178,-0.03285171,1.534447,5.857414,-0.00330913,-0.9435973,-0.3309444,0.009434998,
1,13,39.72614,-0.03396552,1.559418,5.801752,-0.00330913,-0.9435973,-0.3309444,0.009434998,
1,13,39.73447,-0.03507765,1.583669,5.746089,-0.00330913,-0.9435973,-0.3309444,0.009434998,
1,13,39.7428,-0.03618803,1.607195,5.690614,-0.00330913,-0.9435973,-0.3309444,0.009434998,
1,13,39.75009,-0.03715684,1.627174,5.642194,-0.00330913,-0.9435973,-0.3309444,0.009434998,
1,13,39.75842,-0.038264,1.649359,5.586802,-0.00330913,-0.9435973,-0.3309444,0.009434998,
1,13,39.76675,-0.03936946,1.670826,5.531498,-0.00330913,-0.9435973,-0.3309444,0.009434998,
1,13,39.77509,-0.04047349,1.69158,5.476376,-0.00330913,-0.9435973,-0.3309444,0.009434998,
1,13,39.78033,-0.04116715,1.704274,5.441677,-0.00330913,-0.9435973,-0.3309444,0.009434998,
1,13,39.78867,-0.04226841,1.723856,5.386555,-0.00330913,-0.9435973,-0.3309444,0.009434998,
1,13,39.79567,-0.04319271,1.739768,5.340349,-0.00330913,-0.9435973,-0.3309444,0.009434998,
1,13,39.804,-0.04429076,1.758048,5.285497,-0.00330913,-0.9435973,-0.3309444,0.009434998,
1,13,39.80941,-0.04500322,1.769539,5.249866,-0.00330913,-0.9435973,-0.3309444,0.009434998,
1,13,39.81642,-0.04592457,1.783974,5.203737,-0.00330913,-0.9435973,-0.3309444,0.009434998,
1,13,39.82476,-0.04701847,1.800492,5.14904,-0.00330913,-0.9435973,-0.3309444,0.009434998,
1,13,39.83235,-0.04801462,1.814923,5.099288,-0.00330913,-0.9435973,-0.3309444,0.009434998,
1,13,39.84069,-0.04910601,1.830077,5.044705,-0.00330913,-0.9435973,-0.3309444,0.009434998,
1,13,39.84774,-0.0500283,1.84236,4.998494,-0.00330913,-0.9435973,-0.3309444,0.009434998,
1,13,39.85608,-0.05111654,1.856217,4.944174,-0.00330913,-0.9435973,-0.3309444,0.009434998,
1,13,39.86344,-0.05207755,1.867878,4.896159,-0.00330913,-0.9435973,-0.3309444,0.009434998,
1,13,39.87177,-0.05316261,1.880409,4.841847,-0.00330913,-0.9435973,-0.3309444,0.009434998,
1,13,39.87878,-0.05407331,1.890399,4.796272,-0.00330913,-0.9435973,-0.3309444,0.009434998,
1,13,39.88711,-0.05515597,1.901651,4.742231,-0.00330913,-0.9435973,-0.3309444,0.009434998,
1,13,39.89544,-0.0562368,1.912199,4.68819,-0.00330913,-0.9435973,-0.3309444,0.009434998,
1,13,39.9029,-0.0572032,1.921047,4.639808,-0.00330913,-0.9435973,-0.3309444,0.009434998,
1,13,39.91124,-0.0582816,1.930278,4.585903,-0.00330913,-0.9435973,-0.3309444,0.009434998,
1,13,39.91957,-0.05935821,1.938805,4.532132,-0.00330913,-0.9435973,-0.3309444,0.009434998,
1,13,39.9279,-0.06043307,1.946646,4.478361,-0.00330913,-0.9435973,-0.3309444,0.009434998,
1,13,39.9332,-0.06111646,1.951266,4.444159,-0.00330913,-0.9435973,-0.3309444,0.009434998,
1,13,39.94154,-0.06218885,1.957972,4.390534,-0.00330913,-0.9435973,-0.3309444,0.009434998,
1,13,39.94713,-0.06290814,1.962078,4.354649,-0.00330913,-0.9435973,-0.3309444,0.009434998,
1,13,39.95203,-0.06353914,1.965432,4.323143,-0.00330913,-0.9435973,-0.3309444,0.009434998,
1,13,39.96037,-0.06460731,1.970566,4.269641,-0.00330913,-0.9435973,-0.3309444,0.009434998,
1,13,39.96828,-0.06562175,1.974807,4.21884,-0.00330913,-0.9435973,-0.3309444,0.009434998,
1,13,39.97662,-0.0666891,1.978602,4.165609,-0.00330913,-0.9435973,-0.3309444,0.009434998,
1,13,39.98418,-0.06765482,1.981455,4.117292,-0.00330913,-0.9435973,-0.3309444,0.009434998,
1,13,39.99251,-0.06871876,1.983936,4.064062,-0.00330913,-0.9435973,-0.3309444,0.009434998,
1,13,39.99954,-0.06961574,1.985492,4.019202,-0.00330913,-0.9435973,-0.3309444,0.009434998,
1,13,40.00787,-0.07067569,1.986708,3.966169,-0.00330913,-0.9435973,-0.3309444,0.009434998,
1,13,40.0162,-0.07173541,1.987243,3.913208,-0.00330913,-0.9435973,-0.3309444,0.009434998,
1,13,40.02132,-0.07238582,1.98723,3.880703,-0.00330913,-0.9435973,-0.3309444,0.009434998,
1,13,40.02965,-0.07344268,1.98666,3.827851,-0.00330913,-0.9435973,-0.3309444,0.009434998,
1,13,40.03713,-0.07438982,1.985562,3.780448,-0.00330913,-0.9435973,-0.3309444,0.009434998,
1,13,40.04546,-0.07544531,1.983703,3.727727,-0.00330913,-0.9435973,-0.3309444,0.009434998,
1,13,40.05306,-0.07640573,1.981406,3.679681,-0.00330913,-0.9435973,-0.3309444,0.009434998,
1,13,40.0614,-0.077457,1.978237,3.627094,-0.00330913,-0.9435973,-0.3309444,0.009434998,
1,13,40.06905,-0.07842232,1.974741,3.578836,-0.00330913,-0.9435973,-0.3309444,0.009434998,
1,13,40.07738,-0.07947188,1.970273,3.526384,-0.00330913,-0.9435973,-0.3309444,0.009434998,
1,13,40.0838,-0.08027803,1.966367,3.486025,-0.00330913,-0.9435973,-0.3309444,0.009434998,
1,13,40.08872,-0.08089688,1.963096,3.45507,-0.00330913,-0.9435973,-0.3309444,0.009434998,
1,13,40.09706,-0.08194394,1.957026,3.402785,-0.00330913,-0.9435973,-0.3309444,0.009434998,
1,13,40.1043,-0.08285151,1.951198,3.357352,-0.00330913,-0.9435973,-0.3309444,0.009434998,
1,13,40.11263,-0.08389433,1.943867,3.305202,-0.00330913,-0.9435973,-0.3309444,0.009434998,
1,13,40.12097,-0.08493717,1.935871,3.253084,-0.00330913,-0.9435973,-0.3309444,0.009434998,
1,13,40.12648,-0.08562608,1.930211,3.218684,-0.00330913,-0.9435973,-0.3309444,0.009434998,
1,13,40.13481,-0.08666469,1.921096,3.166669,-0.00330913,-0.9435973,-0.3309444,0.009434998,
1,13,40.14315,-0.0877033,1.911303,3.114787,-0.00330913,-0.9435973,-0.3309444,0.009434998,
1,13,40.15024,-0.08858702,1.902452,3.070639,-0.00330913,-0.9435973,-0.3309444,0.009434998,
1,13,40.15857,-0.08962139,1.891419,3.018881,-0.00330913,-0.9435973,-0.3309444,0.009434998,
1,13,40.1669,-0.09065579,1.879729,2.967137,-0.00330913,-0.9435973,-0.3309444,0.009434998,
1,13,40.17407,-0.09154581,1.869127,2.922729,-0.00330913,-0.9435973,-0.3309444,0.009434998,
1,13,40.18241,-0.09257643,1.856194,2.871119,-0.00330913,-0.9435973,-0.3309444,0.009434998,
1,13,40.19074,-0.09360661,1.842589,2.819619,-0.00330913,-0.9435973,-0.3309444,0.009434998,
1,13,40.19907,-0.09463677,1.828326,2.768144,-0.00330913,-0.9435973,-0.3309444,0.009434998,
1,13,40.20741,-0.09566318,1.813387,2.716789,-0.00330913,-0.9435973,-0.3309444,0.009434998,
1,13,40.21271,-0.09631576,1.803544,2.684134,-0.00330913,-0.9435973,-0.3309444,0.009434998,
1,13,40.22104,-0.0973417,1.787536,2.632876,-0.00330913,-0.9435973,-0.3309444,0.009434998,
1,13,40.22937,-0.09836543,1.770851,2.581672,-0.00330913,-0.9435973,-0.3309444,0.009434998,
1,13,40.23771,-0.09938715,1.753516,2.53056,-0.00330913,-0.9435973,-0.3309444,0.009434998,
1,13,40.24604,-0.1004089,1.735525,2.479491,-0.00330913,-0.9435973,-0.3309444,0.009434998,
1,13,40.25152,-0.1010797,1.723342,2.445981,-0.00330913,-0.9435973,-0.3309444,0.009434998,
1,13,40.25985,-0.1020972,1.704249,2.395047,-0.00330913,-0.9435973,-0.3309444,0.009434998,
1,13,40.26818,-0.1031147,1.684507,2.344181,-0.00330913,-0.9435973,-0.3309444,0.009434998,
1,13,40.27325,-0.1037338,1.672174,2.313272,-0.00330913,-0.9435973,-0.3309444,0.009434998,
1,13,40.28159,-0.1047479,1.651382,2.262499,-0.00330913,-0.9435973,-0.3309444,0.009434998,
1,13,40.28992,-0.1057612,1.629928,2.211835,-0.00330913,-0.9435973,-0.3309444,0.009434998,
1,13,40.29726,-0.1066533,1.610499,2.167251,-0.00330913,-0.9435973,-0.3309444,0.009434998,
1,13,40.30559,-0.1076637,1.587821,2.116722,-0.00330913,-0.9435973,-0.3309444,0.009434998,
1,13,40.31255,-0.1085061,1.568389,2.074566,-0.00330913,-0.9435973,-0.3309444,0.009434998,
1,13,40.32088,-0.1095151,1.544514,2.024173,-0.00330913,-0.9435973,-0.3309444,0.009434998,
1,13,40.32922,-0.1105221,1.519989,1.973814,-0.00330913,-0.9435973,-0.3309444,0.009434998,
1,13,40.33703,-0.111464,1.496415,1.926685,-0.00330913,-0.9435973,-0.3309444,0.009434998,
1,13,40.34414,-0.1123219,1.474446,1.883821,-0.00330913,-0.9435973,-0.3309444,0.009434998,
1,13,40.35247,-0.1133249,1.448116,1.833674,-0.00330913,-0.9435973,-0.3309444,0.009434998,
1,13,40.35893,-0.1141003,1.427272,1.794864,-0.00330913,-0.9435973,-0.3309444,0.009434998,
1,13,40.36364,-0.1146662,1.411809,1.766571,-0.00330913,-0.9435973,-0.3309444,0.009434998,
1,13,40.37198,-0.1156668,1.383976,1.716598,-0.00330913,-0.9435973,-0.3309444,0.009434998,
1,13,40.38031,-0.1166637,1.355498,1.666696,-0.00330913,-0.9435973,-0.3309444,0.009434998,
1,13,40.38865,-0.1176601,1.326372,1.616864,-0.00330913,-0.9435973,-0.3309444,0.009434998,
1,13,40.39392,-0.1182914,1.307592,1.585328,-0.00330913,-0.9435973,-0.3309444,0.009434998,
1,13,40.40226,-0.1192856,1.277422,1.53562,-0.00330913,-0.9435973,-0.3309444,0.009434998,
1,13,40.40825,-0.1199996,1.255318,1.499894,-0.00330913,-0.9435973,-0.3309444,0.009434998,
1,13,40.41659,-0.1209917,1.224052,1.450309,-0.00330913,-0.9435973,-0.3309444,0.009434998,
1,13,40.4215,-0.1215771,1.205294,1.421082,-0.00330913,-0.9435973,-0.3309444,0.009434998,
1,13,40.42984,-0.1225651,1.173021,1.371614,-0.00330913,-0.9435973,-0.3309444,0.009434998,
1,13,40.43817,-0.123553,1.140106,1.322224,-0.00330913,-0.9435973,-0.3309444,0.009434998,
1,13,40.44528,-0.1243957,1.111525,1.28015,-0.00330913,-0.9435973,-0.3309444,0.009434998,
1,13,40.45361,-0.125381,1.077436,1.230899,-0.00330913,-0.9435973,-0.3309444,0.009434998,
1,13,40.45889,-0.1260048,1.055529,1.199751,-0.00330913,-0.9435973,-0.3309444,0.009434998,
1,13,40.46722,-0.1269843,1.020413,1.150624,-0.00330913,-0.9435973,-0.3309444,0.009434998,
1,13,40.47421,-0.1278055,0.9904857,1.109489,-0.00330913,-0.9435973,-0.3309444,0.009434998,
1,13,40.48255,-0.128785,0.954215,1.060499,-0.00330913,-0.9435973,-0.3309444,0.009434998,
1,13,40.48863,-0.1295002,0.9273404,1.024779,-0.00330913,-0.9435973,-0.3309444,0.009434998,
1,13,40.49369,-0.1300951,0.9047252,0.9950945,-0.00330913,-0.9435973,-0.3309444,0.009434998,
1,13,40.50203,-0.1310746,0.8669914,0.946283,-0.00330913,-0.9435973,-0.3309444,0.009434998,
1,13,40.50706,-0.1316627,0.8438772,0.9168083,-0.00330913,-0.9435973,-0.3309444,0.009434998,
1,13,40.5154,-0.1326338,0.8051399,0.8681191,-0.00330913,-0.9435973,-0.3309444,0.009434998,
1,13,40.52373,-0.1336048,0.7657862,0.8195078,-0.00330913,-0.9435973,-0.3309444,0.009434998,
1,13,40.53206,-0.1345759,0.7258079,0.7709709,-0.00330913,-0.9435973,-0.3309444,0.009434998,
1,13,40.53737,-0.1351947,0.7000077,0.7400833,-0.00330913,-0.9435973,-0.3309444,0.009434998,
1,13,40.54571,-0.1361657,0.6590198,0.6916746,-0.00330913,-0.9435973,-0.3309444,0.009434998,
1,13,40.5529,-0.1370001,0.6231402,0.6499484,-0.00330913,-0.9435973,-0.3309444,0.009434998,
1,13,40.56104,-0.1379402,0.5819921,0.6028107,-0.00330913,-0.9435973,-0.3309444,0.009434998,
1,13,40.56937,-0.1389028,0.5392531,0.5546237,-0.00330913,-0.9435973,-0.3309444,0.009434998,
1,13,40.57662,-0.1397401,0.5015777,0.5127746,-0.00330913,-0.9435973,-0.3309444,0.009434998,
1,13,40.58495,-0.1407027,0.4576937,0.4647374,-0.00330913,-0.9435973,-0.3309444,0.009434998,
1,13,40.59329,-0.141665,0.4131988,0.4167792,-0.00330913,-0.9435973,-0.3309444,0.009434998,
1,13,40.59862,-0.1422751,0.3844314,0.3861591,-0.00330913,-0.9435973,-0.3309444,0.009434998,
1,13,40.60695,-0.1432293,0.3389374,0.3383306,-0.00330913,-0.9435973,-0.3309444,0.009434998,
1,13,40.61528,-0.1441834,0.2928385,0.290583,-0.00330913,-0.9435973,-0.3309444,0.009434998,
1,13,40.62167,-0.1449153,0.2570711,0.2540146,-0.00330913,-0.9435973,-0.3309444,0.009434998,
1,13,40.63001,-0.1458694,0.2099041,0.2064092,-0.00330913,-0.9435973,-0.3309444,0.009434998,
1,13,40.63731,-0.1467057,0.1680525,0.1647385,-0.00330913,-0.9435973,-0.3309444,0.009434998,
1,13,40.64565,-0.1476514,0.1197543,0.1172858,-0.00330913,-0.9435973,-0.3309444,0.009434998,
1,13,40.65313,-0.1485009,0.07586039,0.07473083,-0.00330913,-0.9435973,-0.3309444,0.009434998,
1,13,40.66146,-0.1494018,0.04072444,0.02969626,-0.002481878,-0.9685475,-0.248628,0.009685569,CourtEnter
1,13,40.6672,-0.149875,0.06680266,0.00603753,0.0008592486,-0.9963228,0.08509298,0.009963403,CourtExit
1,13,40.67553,-0.1505589,0.104074,-0.02831841,0.005441383,-0.8397295,0.5429127,0.008397553,
1,13,40.68387,-0.1512429,0.1406019,-0.06264035,0.008747729,-0.4868275,0.8734407,0.004868562,
1,13,40.69097,-0.1518258,0.1711477,-0.09186483,0.009968472,-0.09240974,0.9956708,0.0009243573,
1,13,40.69858,-0.1524502,0.2032708,-0.1231419,0.00939176,0.3454403,0.9383874,-0.003454209,
1,13,40.70691,-0.1531342,0.2377512,-0.1573706,0.006675168,0.7446992,0.6673253,-0.007446892,
1,13,40.71388,-0.1537063,0.2660261,-0.1859751,0.003172747,0.9481646,0.3176224,-0.009481635,
1,13,40.72221,-0.1543902,0.2991534,-0.2201434,-0.001637108,0.9866084,-0.1627999,-0.009866173,
1,13,40.72997,-0.1550271,0.3293381,-0.2519282,-0.005793859,0.8158768,-0.5781392,-0.008158934,
1,13,40.73831,-0.155711,0.3610468,-0.2860326,-0.008936654,0.4512548,-0.892339,-0.004512778,
1,13,40.74664,-0.156395,0.3920257,-0.3201051,-0.01000894,-0.01759143,-0.9997951,0.0001756527,
1,13,40.75351,-0.1569587,0.4170085,-0.3481631,-0.009146778,-0.4056783,-0.9139612,0.004056532,
1,13,40.75926,-0.1574307,0.4375431,-0.3716367,-0.007302215,-0.6834646,-0.7299151,0.006834422,
1,13,40.7641,-0.1578284,0.4545805,-0.3914065,-0.005107947,-0.8596046,-0.5108621,0.008595856,
1,13,40.77244,-0.1585099,0.4833016,-0.42538,-0.0005075987,-0.998626,-0.05144046,0.009986156,
1,13,40.78077,-0.1591854,0.5112979,-0.4593204,0.004206728,-0.9076831,0.419537,0.009076836,
1,13,40.786,-0.1596089,0.5284803,-0.4805798,0.006729154,-0.7408252,0.6716234,0.007408327,
1,13,40.79433,-0.1602844,0.5552962,-0.5144688,0.009404582,-0.3433252,0.9391633,0.003433426,
1,13,40.80152,-0.1608677,0.5778704,-0.5437059,0.009987578,0.06702147,0.9977013,-0.000669974,
1,13,40.80986,-0.1615432,0.6033403,-0.5775378,0.008528545,0.5229634,0.8522964,-0.005229342,
1,13,40.81819,-0.1622187,0.6280912,-0.6113387,0.00511892,0.858951,0.5119602,-0.008589217,
1,13,40.82404,-0.1626927,0.6450317,-0.63504,0.001969622,0.9802582,0.1974689,-0.009802322,
1,13,40.83215,-0.1633504,0.6679441,-0.6678957,-0.002685869,0.9634846,-0.2675768,-0.009634676,
1,13,40.84048,-0.1640259,0.6907692,-0.7016115,-0.006850865,0.7296118,-0.6837884,-0.007296082,
1,13,40.84674,-0.1645329,0.7074339,-0.7268963,-0.008989945,0.4405479,-0.8976733,-0.004405557,
1,13,40.85507,-0.1652084,0.7290088,-0.7605625,-0.01000719,-0.02529654,-0.9996299,0.0002527477,
1,13,40.8634,-0.1658839,0.7498658,-0.7941978,-0.008750018,-0.4851164,-0.8743924,0.004850827,
1,13,40.87174,-0.1665594,0.7700161,-0.8278049,-0.005507937,-0.8345757,-0.5508026,0.008345363,
1,13,40.88007,-0.1672349,0.7894469,-0.8613792,-0.001019559,-0.9946744,-0.1025806,0.009946375,
1,13,40.88795,-0.1678709,0.807176,-0.8931052,0.00345373,-0.9388085,0.3442945,0.009387816,
1,13,40.89366,-0.1683274,0.8196113,-0.9160484,0.006300656,-0.7775093,0.6287919,0.007774943,
1,13,40.89866,-0.1687282,0.8302461,-0.936178,0.00825226,-0.5666575,0.8238926,0.005666547,
1,13,40.907,-0.1693953,0.8473856,-0.9696594,0.009936006,-0.1225695,0.9924095,0.001225879,
1,13,40.91266,-0.1698486,0.8586311,-0.9923968,0.00980377,0.2014844,0.9794406,-0.002014524,
1,13,40.92099,-0.1705157,0.8745889,-1.025835,0.007766929,0.6302848,0.7762996,-0.006302374,
1,13,40.92677,-0.1709783,0.8852425,-1.049013,0.005283432,0.8489448,0.5283871,-0.008488927,
1,13,40.9351,-0.1716454,0.8999913,-1.082384,0.0007743957,0.996896,0.07809295,-0.009968472,
1,13,40.94344,-0.1723125,0.914035,-1.115754,-0.003905887,0.9209838,-0.3894725,-0.009209493,
1,13,40.94881,-0.1727422,0.9227092,-1.137209,-0.006515451,0.7596468,-0.6502589,-0.007596262,
1,13,40.95714,-0.1734092,0.9355972,-1.170512,-0.009280326,0.3756089,-0.9267242,-0.003756149,
1,13,40.96298,-0.1738765,0.9442063,-1.193841,-0.009998175,0.05056612,-0.9986706,-0.0005059184,
1,13,40.97131,-0.1745436,0.9558962,-1.227084,-0.009110133,-0.4138075,-0.9103094,0.004137574,
1,13,40.97964,-0.1752107,0.9668981,-1.26032,-0.006188515,-0.7855262,-0.6187476,0.007854613,
1,13,40.98488,-0.17563,0.9734563,-1.281208,-0.003589566,-0.9331875,-0.3592508,0.009331198,
1,13,40.99322,-0.1762971,0.9833145,-1.314376,0.00109615,-0.9940183,0.1087551,0.009939581,
1,13,41.00155,-0.1769642,0.9924692,-1.347544,0.005535296,-0.8335882,0.5522957,0.008335494,
1,13,41.00988,-0.1776294,1.000925,-1.380664,0.008741456,-0.4879543,0.8728119,0.004879462,
1,13,41.01643,-0.1781465,1.007076,-1.406652,0.009918705,-0.1359354,0.9906672,0.001359538,
1,13,41.02476,-0.1788051,1.014289,-1.439746,0.009438476,0.3325133,0.9430455,-0.003324643,
1,13,41.03278,-0.1794388,1.020563,-1.471527,0.006997598,0.7145498,0.6995131,-0.007144801,
1,13,41.04105,-0.1800925,1.026371,-1.504314,0.002985009,0.9542388,0.2988785,-0.009541613,
1,13,41.04926,-0.1807411,1.031447,-1.536803,-0.001639283,0.9865733,-0.1630127,-0.009865048,
1,13,41.05725,-0.1813733,1.035754,-1.568445,-0.005813667,0.8144731,-0.5801151,-0.008144282,
1,13,41.06559,-0.182032,1.03956,-1.601397,-0.00889213,0.4599611,-0.8878826,-0.00459951,
1,13,41.0709,-0.1824515,1.041622,-1.622351,-0.009856796,0.175358,-0.9844539,-0.001753726,
1,13,41.07923,-0.1831101,1.044292,-1.655249,-0.009569726,-0.2927809,-0.9561272,0.00292729,
1,13,41.08505,-0.18357,1.045748,-1.678213,-0.008098767,-0.587153,-0.8094142,0.0058708,
1,13,41.09338,-0.1842286,1.047241,-1.711043,-0.004529556,-0.8913952,-0.4531166,0.008913049,
1,13,41.10149,-0.18487,1.048027,-1.743013,-9.271032E-05,-0.9999,-0.01000595,0.009998113,
1,13,41.10983,-0.1855287,1.048157,-1.775796,0.004472073,-0.8949557,0.4460429,0.008948877,
1,13,41.11816,-0.1861873,1.0476,-1.808559,0.008055631,-0.5942413,0.8042246,0.005942098,
1,13,41.12609,-0.1868137,1.046433,-1.839705,0.009836379,-0.1864922,0.9824055,0.00186503,
1,13,41.13442,-0.1874709,1.044522,-1.8724,0.00960777,0.2801023,0.959918,-0.00280048,
1,13,41.14275,-0.1881211,1.041924,-1.905095,0.007284342,0.6853606,0.7281352,-0.006852718,
1,13,41.14971,-0.1886638,1.039237,-1.932328,0.004098869,0.9119809,0.4101109,-0.009118772,
1,13,41.15804,-0.1893139,1.035388,-1.964955,-0.0004887206,0.9987938,-0.04807306,-0.009986928,
1,13,41.16399,-0.1897776,1.032216,-1.988216,-0.003753565,0.9272748,-0.3742479,-0.009271893,
1,13,41.17232,-0.1904278,1.027185,-2.020776,-0.007550767,0.6570879,-0.7537475,-0.006570398,
1,13,41.18065,-0.191078,1.021469,-2.053336,-0.009708446,0.244558,-0.969583,-0.002445588,
1,13,41.18642,-0.191528,1.017108,-2.075868,-0.00997966,-0.07784911,-0.9969149,0.0007781369,
1,13,41.19475,-0.1921781,1.010235,-2.108367,-0.008544211,-0.5204071,-0.8538597,0.005203281,
1,13,41.20041,-0.192619,1.005182,-2.130351,-0.006484168,-0.76135,-0.648264,0.007612503,
1,13,41.20874,-0.1932691,0.997161,-2.162776,-0.002337318,-0.9721377,-0.2341975,0.009720265,
1,13,41.21671,-0.193891,0.9888525,-2.193785,0.002111647,-0.9776073,0.2102002,0.009775072,
1,13,41.22504,-0.1945411,0.9794958,-2.22621,0.006301624,-0.7774369,0.6288815,0.007773694,
1,13,41.23061,-0.1949755,0.9728625,-2.247829,0.008389024,-0.5462503,0.8375622,0.005462137,
1,13,41.23894,-0.1956257,0.9623699,-2.280119,0.009950914,-0.1098034,0.9939029,0.001098191,
1,13,41.24653,-0.1962179,0.9522172,-2.309529,0.009513058,0.3106264,0.9504794,-0.003105639,
1,13,41.25486,-0.1968631,0.940425,-2.341819,0.007088868,0.7055147,0.7086247,-0.007054113,
1,13,41.26299,-0.197489,0.9282688,-2.373309,0.003256958,0.9453034,0.326039,-0.009451798,
1,13,41.27132,-0.1981307,0.9151294,-2.40548,-0.001351016,0.9909024,-0.1342109,-0.009907836,
1,13,41.27834,-0.1986711,0.9035442,-2.432554,-0.005044687,0.8640765,-0.503261,-0.008639819,
1,13,41.28371,-0.1990846,0.8943545,-2.453273,-0.007377697,0.6764268,-0.7364419,-0.00676361,
1,13,41.28903,-0.1994942,0.8849726,-2.473794,-0.009036855,0.430875,-0.9023561,-0.004308438,
1,13,41.29736,-0.2001359,0.8697145,-2.505949,-0.01000843,-0.02035143,-0.9997428,0.0002032327,
1,13,41.30355,-0.2006129,0.8579383,-2.529759,-0.009343415,-0.3582602,-0.9335682,0.003581897,
1,13,41.31189,-0.2012546,0.8415052,-2.561779,-0.006737447,-0.7390769,-0.6735468,0.007389622,
1,13,41.31944,-0.201836,0.8260345,-2.590788,-0.003120307,-0.9499001,-0.3123938,0.009497656,
1,13,41.32757,-0.2024624,0.8087524,-2.622041,0.001363972,-0.9907265,0.1355031,0.009905959,
1,13,41.33591,-0.2031042,0.7903788,-2.653982,0.005662013,-0.8250632,0.5649518,0.008249645,
1,13,41.34127,-0.2035174,0.7781911,-2.674511,0.007842018,-0.6221161,0.782861,0.006220505,
1,13,41.34961,-0.2041591,0.758714,-2.706396,0.009797503,-0.2059895,0.978503,0.002059867,
1,13,41.35689,-0.204717,0.7411408,-2.73426,0.009814072,0.1964652,0.9804597,-0.001964098,
1,13,41.36522,-0.2053503,0.7204058,-2.766092,0.00789642,0.6140277,0.7892212,-0.006139146,
1,13,41.37246,-0.2059005,0.7018445,-2.793677,0.004855939,0.8740643,0.4857073,-0.008739184,
1,13,41.38079,-0.2065338,0.6798573,-2.825426,0.0004360308,0.9989681,0.0443033,-0.009988128,
1,13,41.38836,-0.2071092,0.6593028,-2.854268,-0.003682027,0.9301299,-0.3670946,-0.009299942,
1,13,41.3967,-0.2077425,0.6360396,-2.885942,-0.007447422,0.6687609,-0.7434102,-0.006686744,
1,13,41.40503,-0.2083758,0.6121128,-2.917556,-0.009648417,0.2672835,-0.9635659,-0.002672672,
1,13,41.41034,-0.2087791,0.5965242,-2.93769,-0.01000771,-0.0234946,-0.9996738,0.0002346201,
1,13,41.41526,-0.2091529,0.5818349,-2.956353,-0.009573173,-0.2916581,-0.9564703,0.002915816,
1,13,41.42359,-0.2097862,0.5564263,-2.987926,-0.00726945,-0.6869327,-0.7266522,0.006867945,
1,13,41.42905,-0.2102015,0.5394043,-3.008568,-0.004890411,-0.8721412,-0.4891521,0.008719768,
1,13,41.43739,-0.2108348,0.5128967,-3.040047,-0.0004960543,-0.9986841,-0.05030071,0.009985093,
1,13,41.44295,-0.2112575,0.4948371,-3.061056,0.002552336,-0.9670941,0.2542224,0.009669329,
1,13,41.45128,-0.2118834,0.4672235,-3.092498,0.006586668,-0.7535039,0.6573673,0.007533912,
1,13,41.45701,-0.2123127,0.4478725,-3.114031,0.008603518,-0.5118619,0.8590094,0.005117973,
1,13,41.46534,-0.2129375,0.419144,-3.145375,0.009981107,-0.07751065,0.9969413,0.0007752706,
1,13,41.47367,-0.2135624,0.3897582,-3.176719,0.009286683,0.3726598,0.9279141,-0.003725625,
1,13,41.48191,-0.2141796,0.3600867,-3.20757,0.006709842,0.7415765,0.6707938,-0.007414167,
1,13,41.48973,-0.2147659,0.3313099,-3.236851,0.002997041,0.9538593,0.3000873,-0.009536692,
1,13,41.49806,-0.2153907,0.3000026,-3.268059,-0.001540684,0.9881519,-0.1531532,-0.009879678,
1,13,41.50302,-0.2157628,0.2810516,-3.286608,-0.004149424,0.9103152,-0.4137949,-0.009101533,
1,13,41.51135,-0.2163876,0.2486998,-3.317682,-0.007750327,0.6334831,-0.7736918,-0.006333846,
1,13,41.51894,-0.2169568,0.2186623,-3.345987,-0.009652391,0.2658497,-0.9639625,-0.002658283,
1,13,41.52668,-0.2175348,0.1875128,-3.374788,-0.009889006,-0.1546807,-0.9879138,0.001546194,
1,13,41.53501,-0.2181512,0.1533111,-3.405727,-0.008186637,-0.574871,-0.8181829,0.005747309,
1,13,41.54165,-0.2186425,0.1255834,-3.430386,-0.00559793,-0.8285729,-0.559792,0.008283896,
1,13,41.54728,-0.2190588,0.1017668,-3.45128,-0.002814743,-0.9593968,-0.2818825,0.009591959,
1,13,41.55447,-0.2195905,0.07091963,-3.477877,0.00108541,-0.9941363,0.1076713,0.0099394,
1,13,41.5628,-0.2202086,0.03752534,-3.508772,0.005328096,-0.847095,0.5313473,0.008468071,CourtEnter
1,13,41.57093,-0.220826,0.06387517,-3.539726,0.008250059,-0.5681688,0.8228511,0.005677362,CourtExit
1,13,41.57926,-0.2214593,0.09102457,-3.571455,0.009848071,-0.1867756,0.9823515,0.001862985,
1,13,41.58486,-0.2218849,0.1088652,-3.592701,0.009981609,0.09167567,0.9957385,-0.0009213586,
1,13,41.59319,-0.2225182,0.1348113,-3.624315,0.008758152,0.4862063,0.8737866,-0.004865746,
1,13,41.60152,-0.2231515,0.1600394,-3.655929,0.006043196,0.7976559,0.6030298,-0.007978677,
1,13,41.6067,-0.2235446,0.1753391,-3.675553,0.003803604,0.9250765,0.379649,-0.009251702,
1,13,41.61503,-0.2241779,0.1994066,-3.707167,-0.0002610736,0.999617,-0.02580672,-0.009995101,
1,13,41.62069,-0.2246083,0.2153545,-3.72861,-0.003039934,0.9529304,-0.3030242,-0.009526957,
1,13,41.62903,-0.2252416,0.238222,-3.760089,-0.006631589,0.7500026,-0.6613593,-0.007496159,
1,13,41.63682,-0.2258336,0.2589486,-3.789512,-0.008980107,0.4445287,-0.8957086,-0.0044406,
1,13,41.64515,-0.2264668,0.2804401,-3.820991,-0.01001334,0.0463816,-0.9988735,-0.0004590392,
1,13,41.65227,-0.227008,0.2982332,-3.847889,-0.009553481,-0.3025429,-0.9530831,0.003029618,
1,13,41.6606,-0.2276397,0.3184026,-3.879358,-0.007526873,-0.6602232,-0.7510028,0.006605079,
1,13,41.66894,-0.2282645,0.3378693,-3.910702,-0.004232252,-0.9063521,-0.4224048,0.009064545,
1,13,41.67586,-0.2287838,0.353498,-3.936749,-0.0009254216,-0.9956577,-0.09255149,0.009955936,
1,13,41.68149,-0.2292059,0.3658439,-3.957926,0.001859897,-0.9826307,0.1853023,0.009824355,
1,13,41.68668,-0.2295949,0.3769355,-3.977437,0.004302753,-0.9032447,0.4290094,0.00902942,
1,13,41.69501,-0.2302198,0.3941837,-4.008781,0.007572684,-0.6553468,0.7552618,0.006549153,
1,13,41.70335,-0.2308446,0.4107261,-4.040125,0.009570303,-0.2976577,0.9546201,0.002971712,
1,13,41.70874,-0.2312487,0.4210494,-4.060393,0.01001771,-0.03568266,0.9993129,0.0003520439,
1,13,41.71707,-0.2318735,0.4364348,-4.091738,0.009321723,0.3674741,0.9299798,-0.003678729,
1,13,41.72217,-0.2322559,0.4455033,-4.110921,0.008108042,0.5877779,0.8089604,-0.005880937,
1,13,41.7305,-0.2328808,0.4597532,-4.142087,0.005072846,0.8623298,0.5062481,-0.008624701,
1,13,41.73791,-0.2334361,0.4718277,-4.169702,0.001647062,0.9863203,0.1645368,-0.009862835,
1,13,41.74624,-0.234061,0.4847486,-4.200776,-0.002441553,0.9698923,-0.2433288,-0.00969663,
1,13,41.75457,-0.2346858,0.4969661,-4.23185,-0.006121341,0.7919917,-0.6104499,-0.007916089,
1,13,41.76192,-0.2352365,0.5071554,-4.259234,-0.008535072,0.5245898,-0.8512962,-0.005241252,
1,13,41.77025,-0.2358613,0.5180574,-4.290308,-0.00992361,0.141405,-0.9899011,-0.001409215,
1,13,41.77858,-0.2364862,0.5282684,-4.321382,-0.009664902,-0.2650243,-0.9641896,0.002654448,
1,13,41.78408,-0.2368984,0.5346236,-4.341881,-0.008603381,-0.512957,-0.8583558,0.005132952,
1,13,41.79242,-0.2375233,0.5436702,-4.372954,-0.005842152,-0.8124251,-0.5829796,0.00812593,
1,13,41.80075,-0.2381443,0.5520295,-4.404028,-0.002116301,-0.9773604,-0.2113447,0.009773294,
1,13,41.80597,-0.2385304,0.5569085,-4.423493,0.0004372665,-0.9990085,0.04338236,0.009988536,
1,13,41.81037,-0.2388561,0.5608082,-4.43991,0.002574854,-0.9664592,0.2566256,0.009662073,
1,13,41.81871,-0.2394725,0.5676696,-4.470864,0.006214652,-0.7847295,0.6197576,0.007843297,
1,13,41.82415,-0.2398752,0.5717736,-4.490989,0.008069772,-0.5933785,0.8048612,0.005929168,
1,13,41.83248,-0.2404917,0.5774851,-4.521793,0.00976793,-0.2248181,0.9743492,0.002243259,
1,13,41.83773,-0.2408799,0.5807238,-4.541195,0.01001932,0.03041223,0.9994872,-0.0003088219,
1,13,41.84607,-0.2414963,0.5853048,-4.571999,0.009074511,0.4245866,0.9053319,-0.004249584,
1,13,41.8544,-0.2421127,0.5891907,-4.602803,0.006641002,0.7488583,0.6626545,-0.007490707,
1,13,41.86148,-0.2426363,0.5919492,-4.628965,0.00369897,0.9292905,0.3692143,-0.009293381,
1,13,41.86981,-0.2432527,0.5945578,-4.659769,-0.0002953731,0.9995229,-0.02922612,-0.009993701,
1,13,41.87687,-0.2437748,0.5962247,-4.685862,-0.003665829,0.9307718,-0.3654639,-0.009304675,
1,13,41.8852,-0.2443912,0.5975564,-4.716666,-0.007059273,0.7100988,-0.7040309,-0.007096638,
1,13,41.89354,-0.2450076,0.5982006,-4.747469,-0.009298762,0.373658,-0.9275125,-0.003731651,
1,13,41.89894,-0.2454079,0.5982506,-4.76747,-0.009953395,0.1187278,-0.9928763,-0.001182411,
1,13,41.90728,-0.2460243,0.5977556,-4.798233,-0.009612489,-0.2833474,-0.9589649,0.002837582,
1,13,41.91561,-0.2466407,0.5965737,-4.828766,-0.007707901,-0.6391017,-0.769057,0.006393683,
1,13,41.92395,-0.2472571,0.5947053,-4.8593,-0.004551883,-0.890799,-0.4542874,0.00890877,
1,13,41.92937,-0.2476583,0.5931178,-4.879171,-0.002063833,-0.9784773,-0.2061122,0.009784235,
1,13,41.9377,-0.2482747,0.5901169,-4.909705,0.001972365,-0.980449,0.1965192,0.00980203,
1,13,41.94604,-0.248884,0.5864295,-4.940238,0.005686726,-0.8235993,0.5670838,0.008232012,
1,13,41.95125,-0.2492643,0.5837755,-4.959339,0.007574224,-0.6551735,0.7554122,0.006547121,
1,13,41.95958,-0.2498723,0.578975,-4.989873,0.009547967,-0.3047265,0.9523872,0.003042278,
1,13,41.96531,-0.2502899,0.5752796,-5.010847,0.01001905,-0.03174007,0.9994459,0.0003126328,
1,13,41.97364,-0.2508979,0.5693221,-5.041381,0.009335234,0.3640485,0.9313261,-0.003644279,
1,13,41.98137,-0.2514615,0.5631889,-5.069686,0.0073514,0.6796122,0.7335033,-0.006798451,
1,13,41.9897,-0.2520695,0.5559137,-5.10022,0.004081636,0.9132028,0.4073826,-0.009132405,
1,13,41.99511,-0.2524642,0.5508275,-5.120008,0.001569981,0.987572,0.156849,-0.009874771,
1,13,42.00344,-0.2530722,0.5424314,-5.150271,-0.00244339,0.9698467,-0.2435106,-0.009695627,
1,13,42.01178,-0.2536801,0.533352,-5.180534,-0.006062381,0.7964927,-0.6045654,-0.007960662,
1,13,42.01695,-0.2540574,0.5273777,-5.199315,-0.007849736,0.6220604,-0.7829052,-0.006215798,
1,13,42.02528,-0.2546654,0.5171928,-5.229578,-0.009665363,0.2653197,-0.9641084,-0.002648175,
1,13,42.03273,-0.2552086,0.5075205,-5.256618,-0.009982147,-0.09106465,-0.9957945,0.0009151601,
1,13,42.04106,-0.2558165,0.4960508,-5.28688,-0.008826378,-0.4737707,-0.8805913,0.004740957,
1,13,42.04623,-0.2561937,0.4885951,-5.305652,-0.007380012,-0.6765192,-0.736357,0.006767376,
1,13,42.05456,-0.2568016,0.4760273,-5.335916,-0.00413751,-0.9106961,-0.4129559,0.009107168,
1,13,42.0629,-0.2574096,0.4627804,-5.366179,-0.0002377864,-0.9996629,-0.02395925,0.00999482,
1,13,42.06907,-0.25786,0.4525302,-5.3886,0.002710054,-0.962777,0.2701121,0.009624639,
1,13,42.07407,-0.2582252,0.4439468,-5.406778,0.004935935,-0.8704373,0.4921777,0.008700368,
1,13,42.08136,-0.2587566,0.4310212,-5.433055,0.007632564,-0.6483998,0.7612342,0.006479158,
1,13,42.08969,-0.2593645,0.4156005,-5.463048,0.009563416,-0.2998579,0.9539313,0.002993524,
1,13,42.09683,-0.2598855,0.40185,-5.488748,0.01001637,0.03879375,0.9991969,-0.0003925277,
1,13,42.10517,-0.2604935,0.3851751,-5.518741,0.009071196,0.4252852,0.9050039,-0.004256218,
1,13,42.11237,-0.2610192,0.3702113,-5.544679,0.007085952,0.7071104,0.7070323,-0.007072953,
1,13,42.1207,-0.2616272,0.3522806,-5.574672,0.003765235,0.9266368,0.3758249,-0.009266198,
1,13,42.12781,-0.2621456,0.3364609,-5.600247,0.0004424999,0.9989647,0.04438112,-0.009987761,
1,13,42.13615,-0.2627371,0.3172866,-5.63024,-0.003488067,0.9375417,-0.3477292,-0.009371808,
1,13,42.14219,-0.2631655,0.3029678,-5.651979,-0.006025228,0.7992934,-0.6008577,-0.007988422,
1,13,42.15052,-0.2637566,0.2826353,-5.681923,-0.008664912,0.5029604,-0.8642514,-0.005024485,
1,13,42.15857,-0.2643275,0.262361,-5.710633,-0.00992382,0.1412633,-0.9899213,-0.001407707,
1,13,42.1669,-0.2649186,0.2407151,-5.740356,-0.009694453,-0.254064,-0.9671355,0.00254459,
1,13,42.17449,-0.2654569,0.22042,-5.767425,-0.008158681,-0.5807621,-0.8140118,0.005810128,
1,13,42.18282,-0.266048,0.1974973,-5.797147,-0.005262521,-0.8509396,-0.5251682,0.008509931,
1,13,42.18995,-0.2665531,0.1773794,-5.822548,-0.002115701,-0.9773734,-0.2112852,0.009772491,
1,13,42.19828,-0.2671441,0.1532198,-5.85227,0.001843976,-0.9829291,0.1837134,0.009826163,
1,13,42.20448,-0.2675838,0.1348172,-5.87438,0.004634805,-0.8867522,0.462137,0.008863296,
1,13,42.20971,-0.2679551,0.118994,-5.893047,0.006685971,-0.745182,0.6667861,0.007446956,
1,13,42.21804,-0.2685461,0.09325979,-5.922672,0.009053951,-0.4293547,0.9030804,0.004288299,
1,13,42.22556,-0.2690789,0.06949764,-5.949216,0.009987016,-0.0860597,0.9962396,0.0008557166,
1,13,42.23389,-0.26967,0.04250449,-5.978668,0.009544242,0.3054247,0.9521635,-0.003057978,CourtEnter
1,13,42.23957,-0.2700728,0.04304385,-5.998644,0.0083458,0.5534465,0.8328245,-0.005541544,
1,13,42.24791,-0.2706639,0.0636337,-6.027826,0.005444251,0.8393356,0.5435216,-0.008402593,CourtExit
1,13,42.25624,-0.271255,0.08351418,-6.057009,0.001644565,0.9863173,0.1645537,-0.009873035,
1,13,42.26148,-0.2716195,0.0956477,-6.07535,-0.0009242696,0.9957365,-0.09169813,-0.00996678,
1,13,42.26981,-0.2721937,0.1143775,-6.104532,-0.00481691,0.8771716,-0.4800726,-0.008779173,
1,13,42.27785,-0.2727477,0.1317799,-6.132434,-0.007824447,0.625425,-0.7802199,-0.006258655,
1,13,42.28566,-0.2732856,0.1480483,-6.159522,-0.009598064,0.2888577,-0.9573196,-0.002889386,
1,13,42.29399,-0.2738598,0.1647326,-6.188435,-0.00995698,-0.1148863,-0.9933281,0.001151991,
1,13,42.2999,-0.274267,0.1761352,-6.208935,-0.009213288,-0.3934744,-0.919281,0.003940375,
1,13,42.30824,-0.2748411,0.1916153,-6.237847,-0.006891871,-0.7257614,-0.6878736,0.00726592,
1,13,42.31657,-0.2754153,0.2063975,-6.266759,-0.003442619,-0.9389539,-0.3438974,0.009399144,
1,13,42.3249,-0.2759895,0.22048,-6.295671,0.0005679861,-0.9983719,0.05615534,0.009993046,
1,13,42.32999,-0.2763402,0.228735,-6.313331,0.003013186,-0.9538546,0.3001021,0.009546939,
1,13,42.33833,-0.2769144,0.2416876,-6.342243,0.006550572,-0.7572243,0.6530781,0.007578042,
1,13,42.34666,-0.2774886,0.2539434,-6.371155,0.009017375,-0.4371774,0.8993195,0.004374045,
1,13,42.35163,-0.277831,0.2609193,-6.388393,0.009804442,-0.2085974,0.9779503,0.002085933,
1,13,42.35996,-0.2784052,0.2720585,-6.417306,0.00983084,0.1948203,0.9807878,-0.001952032,
1,13,42.36717,-0.2789022,0.2811364,-6.442335,0.008555757,0.5205787,0.8537549,-0.005212401,
1,13,42.37551,-0.2794764,0.2909782,-6.471133,0.005799318,0.8153142,0.5789322,-0.008161934,
1,13,42.38338,-0.2800191,0.2996341,-6.498202,0.002321069,0.9726561,0.2320347,-0.009736093,
1,13,42.39121,-0.2805585,0.3076305,-6.525109,-0.001469042,0.9892274,-0.1460443,-0.009901174,
1,13,42.39954,-0.2811327,0.3154607,-6.553751,-0.005257901,0.8516124,-0.5240764,-0.008522957,
1,13,42.40663,-0.2816209,0.3215792,-6.578106,-0.007829754,0.6247637,-0.7807496,-0.006251824,
1,13,42.41496,-0.2821951,0.3281285,-6.606749,-0.009661519,0.2669408,-0.9636608,-0.002669898,
1,13,42.42055,-0.28258,0.3321309,-6.625944,-0.01002393,-0.0008179397,-0.9999495,1.023746E-05,
1,13,42.42888,-0.2831541,0.3375235,-6.654586,-0.009210799,-0.3940526,-0.9190333,0.003946031,
1,13,42.43617,-0.2836565,0.341673,-6.679644,-0.007272456,-0.6878115,-0.7258203,0.006885903,
1,13,42.44451,-0.2842306,0.3457713,-6.708286,-0.003977052,-0.9176775,-0.3972,0.009185974,
1,13,42.45199,-0.2847464,0.3488615,-6.73401,-0.0004561236,-0.998891,-0.04600739,0.009998115,
1,13,42.46032,-0.2853206,0.3516449,-6.762653,0.003510721,-0.936793,0.3497407,0.009375744,
1,13,42.46866,-0.2858948,0.3537398,-6.791295,0.00691245,-0.7245103,0.6891913,0.007250277,
1,13,42.4743,-0.2862835,0.3547694,-6.810685,0.008612531,-0.512059,0.8588919,0.005123478,
1,13,42.48263,-0.2868577,0.3557084,-6.839178,0.009933582,-0.1344843,0.9908651,0.001344027,
1,13,42.49054,-0.2874025,0.355963,-6.866098,0.009718508,0.2444842,0.9696015,-0.002449047,
1,13,42.49887,-0.2879767,0.3555617,-6.894471,0.007981413,0.6045576,0.7964984,-0.006052675,
1,13,42.50604,-0.2884708,0.3546662,-6.918885,0.005452153,0.8388252,0.5443088,-0.008396938,
1,13,42.51438,-0.289045,0.3529848,-6.947257,0.00172832,0.984887,0.1729087,-0.009858094,
1,13,42.51995,-0.2894287,0.3514811,-6.966218,-0.0009520061,0.995478,-0.09446423,-0.009963541,
1,13,42.52828,-0.2900029,0.3486548,-6.99459,-0.004775174,0.8794385,-0.4759073,-0.008801306,
1,13,42.5356,-0.2905075,0.3456056,-7.019523,-0.007524862,0.6610031,-0.7503163,-0.006614421,
1,13,42.54394,-0.2910817,0.3414941,-7.047894,-0.009512815,0.315715,-0.9488012,-0.003158028,
1,13,42.55227,-0.2916559,0.3366953,-7.076267,-0.009991885,-0.07941832,-0.996791,0.0007969418,
1,14,42.55975,-1.236643,0.03399999,-53.58581,-0.01101203,-0.1523756,-0.9882609,0.0008607064,BallLaunch
1,14,42.56559,-0.0007852478,0.5312258,7.460708,-0.00330913,-0.9435973,-0.3309444,0.009434998,CourtExit
1,14,42.57393,-0.001953685,0.5771259,7.402343,-0.00330913,-0.9435973,-0.3309444,0.009434998,
1,14,42.58226,-0.003119953,0.6222541,7.343978,-0.00330913,-0.9435973,-0.3309444,0.009434998,
1,14,42.58768,-0.003876901,0.6511753,7.306158,-0.00330913,-0.9435973,-0.3309444,0.009434998,
1,14,42.59601,-0.005039578,0.6950399,7.248064,-0.00330913,-0.9435973,-0.3309444,0.009434998,
1,14,42.60243,-0.005934095,0.7283162,7.203298,-0.00330913,-0.9435973,-0.3309444,0.009434998,
1,14,42.60775,-0.006674075,0.7555401,7.166306,-0.00330913,-0.9435973,-0.3309444,0.009434998,
1,14,42.61608,-0.007831587,0.7975696,7.108481,-0.00330913,-0.9435973,-0.3309444,0.009434998,
1,14,42.62309,-0.008803817,0.8323404,7.059832,-0.00330913,-0.9435973,-0.3309444,0.009434998,
1,14,42.63143,-0.009957539,0.8729703,7.002151,-0.00330913,-0.9435973,-0.3309444,0.009434998,
1,14,42.63976,-0.01110919,0.9128474,6.944597,-0.00330913,-0.9435973,-0.3309444,0.009434998,
1,14,42.64744,-0.01216841,0.9489136,6.891573,-0.00330913,-0.9435973,-0.3309444,0.009434998,
1,14,42.65572,-0.01330908,0.9871058,6.834593,-0.00330913,-0.9435973,-0.3309444,0.009434998,
1,14,42.66391,-0.01443472,1.02413,6.778316,-0.00330913,-0.9435973,-0.3309444,0.009434998,
1,14,42.67197,-0.01554249,1.05992,6.722842,-0.00330913,-0.9435973,-0.3309444,0.009434998,
1,14,42.68031,-0.01668434,1.096138,6.665828,-0.00330913,-0.9435973,-0.3309444,0.009434998,
1,14,42.68548,-0.01739146,1.118228,6.630472,-0.00330913,-0.9435973,-0.3309444,0.009434998,
1,14,42.69381,-0.01853018,1.153253,6.573458,-0.00330913,-0.9435973,-0.3309444,0.009434998,
1,14,42.70113,-0.01952844,1.183382,6.523602,-0.00330913,-0.9435973,-0.3309444,0.009434998,
1,14,42.70946,-0.02066359,1.217012,6.466859,-0.00330913,-0.9435973,-0.3309444,0.009434998,
1,14,42.71687,-0.02167146,1.246292,6.416401,-0.00330913,-0.9435973,-0.3309444,0.009434998,
1,14,42.72471,-0.02273638,1.276645,6.36319,-0.00330913,-0.9435973,-0.3309444,0.009434998,
1,14,42.73304,-0.0238663,1.308179,6.306716,-0.00330913,-0.9435973,-0.3309444,0.009434998,
1,14,42.7397,-0.02476687,1.332833,6.261632,-0.00330913,-0.9435973,-0.3309444,0.009434998,
1,14,42.74513,-0.02550121,1.352613,6.224899,-0.00330913,-0.9435973,-0.3309444,0.009434998,
1,14,42.75272,-0.02652634,1.379728,6.173711,-0.00330913,-0.9435973,-0.3309444,0.009434998,
1,14,42.76105,-0.02764997,1.40881,6.117508,-0.00330913,-0.9435973,-0.3309444,0.009434998,
1,14,42.76631,-0.02835787,1.426775,6.082053,-0.00330913,-0.9435973,-0.3309444,0.009434998,
1,14,42.77464,-0.02947856,1.454659,6.026065,-0.00330913,-0.9435973,-0.3309444,0.009434998,
1,14,42.78297,-0.03059757,1.481817,5.970132,-0.00330913,-0.9435973,-0.3309444,0.009434998,
1,14,42.79082,-0.03164953,1.506726,5.917468,-0.00330913,-0.9435973,-0.3309444,0.009434998,
1,14,42.79839,-0.03266355,1.530161,5.866811,-0.00330913,-0.9435973,-0.3309444,0.009434998,
1,14,42.80673,-0.03377772,1.555255,5.811148,-0.00330913,-0.9435973,-0.3309444,0.009434998,
1,14,42.81393,-0.03473911,1.576358,5.763046,-0.00330913,-0.9435973,-0.3309444,0.009434998,
1,14,42.82226,-0.03584976,1.600102,5.707489,-0.00330913,-0.9435973,-0.3309444,0.009434998,
1,14,42.8306,-0.03695873,1.623135,5.652096,-0.00330913,-0.9435973,-0.3309444,0.009434998,
1,14,42.83594,-0.0376697,1.637529,5.616561,-0.00330913,-0.9435973,-0.3309444,0.009434998,
1,14,42.84428,-0.03877587,1.65938,5.561169,-0.00330913,-0.9435973,-0.3309444,0.009434998,
1,14,42.85261,-0.03988036,1.68052,5.505991,-0.00330913,-0.9435973,-0.3309444,0.009434998,
1,14,42.85802,-0.04059679,1.693855,5.470209,-0.00330913,-0.9435973,-0.3309444,0.009434998,
1,14,42.86635,-0.04169873,1.713808,5.415086,-0.00330913,-0.9435973,-0.3309444,0.009434998,
1,14,42.8728,-0.04254935,1.728747,5.372475,-0.00330913,-0.9435973,-0.3309444,0.009434998,
1,14,42.87964,-0.04345257,1.744158,5.327381,-0.00330913,-0.9435973,-0.3309444,0.009434998,
1,14,42.88797,-0.04455029,1.762264,5.272529,-0.00330913,-0.9435973,-0.3309444,0.009434998,
1,14,42.89315,-0.04523068,1.773147,5.238478,-0.00330913,-0.9435973,-0.3309444,0.009434998,
1,14,42.90148,-0.04632591,1.79011,5.183626,-0.00330913,-0.9435973,-0.3309444,0.009434998,
1,14,42.90981,-0.04741941,1.80637,5.129027,-0.00330913,-0.9435973,-0.3309444,0.009434998,
1,14,42.91486,-0.04808182,1.815875,5.095926,-0.00330913,-0.9435973,-0.3309444,0.009434998,
1,14,42.9232,-0.04917316,1.830986,5.041344,-0.00330913,-0.9435973,-0.3309444,0.009434998,
1,14,42.93057,-0.05013639,1.843765,4.993096,-0.00330913,-0.9435973,-0.3309444,0.009434998,
1,14,42.9389,-0.05122443,1.857551,4.938784,-0.00330913,-0.9435973,-0.3309444,0.009434998,
1,14,42.94603,-0.05215458,1.868793,4.892303,-0.00330913,-0.9435973,-0.3309444,0.009434998,
1,14,42.95436,-0.05323963,1.881272,4.837992,-0.00330913,-0.9435973,-0.3309444,0.009434998,
1,14,42.9627,-0.05432324,1.893061,4.7838,-0.00330913,-0.9435973,-0.3309444,0.009434998,
1,14,42.97103,-0.05540541,1.904153,4.729758,-0.00330913,-0.9435973,-0.3309444,0.009434998,
1,14,42.97785,-0.05628927,1.912695,4.685566,-0.00330913,-0.9435973,-0.3309444,0.009434998,
1,14,42.98618,-0.05736853,1.922506,4.631525,-0.00330913,-0.9435973,-0.3309444,0.009434998,
1,14,42.99339,-0.05830092,1.930436,4.584938,-0.00330913,-0.9435973,-0.3309444,0.009434998,
1,14,43.00172,-0.05937753,1.938952,4.531167,-0.00330913,-0.9435973,-0.3309444,0.009434998,
1,14,43.00706,-0.06006669,1.94405,4.496695,-0.00330913,-0.9435973,-0.3309444,0.009434998,
1,14,43.01377,-0.06093221,1.950049,4.453382,-0.00330913,-0.9435973,-0.3309444,0.009434998,
1,14,43.02211,-0.06200491,1.956876,4.399712,-0.00330913,-0.9435973,-0.3309444,0.009434998,
1,14,43.02935,-0.06293635,1.962233,4.353242,-0.00330913,-0.9435973,-0.3309444,0.009434998,
1,14,43.03768,-0.06400637,1.967763,4.299741,-0.00330913,-0.9435973,-0.3309444,0.009434998,
1,14,43.04548,-0.06500676,1.972312,4.249634,-0.00330913,-0.9435973,-0.3309444,0.009434998,
1,14,43.05382,-0.06607492,1.976504,4.196257,-0.00330913,-0.9435973,-0.3309444,0.009434998,
1,14,43.06118,-0.06701671,1.979634,4.149219,-0.00330913,-0.9435973,-0.3309444,0.009434998,
1,14,43.06952,-0.06808065,1.982527,4.095987,-0.00330913,-0.9435973,-0.3309444,0.009434998,
1,14,43.07703,-0.06903955,1.984546,4.048012,-0.00330913,-0.9435973,-0.3309444,0.009434998,
1,14,43.08461,-0.07000649,1.986021,3.999681,-0.00330913,-0.9435973,-0.3309444,0.009434998,
1,14,43.09294,-0.07106621,1.986984,3.946652,-0.00330913,-0.9435973,-0.3309444,0.009434998,
1,14,43.10059,-0.07203911,1.987264,3.898031,-0.00330913,-0.9435973,-0.3309444,0.009434998,
1,14,43.10892,-0.07309735,1.986922,3.845134,-0.00330913,-0.9435973,-0.3309444,0.009434998,
1,14,43.11645,-0.07405043,1.986019,3.797434,-0.00330913,-0.9435973,-0.3309444,0.009434998,
1,14,43.12478,-0.07510592,1.984372,3.74467,-0.00330913,-0.9435973,-0.3309444,0.009434998,
1,14,43.13005,-0.07577267,1.982986,3.711385,-0.00330913,-0.9435973,-0.3309444,0.009434998,
1,14,43.13838,-0.07682443,1.980224,3.658718,-0.00330913,-0.9435973,-0.3309444,0.009434998,
1,14,43.14502,-0.07766172,1.977545,3.61686,-0.00330913,-0.9435973,-0.3309444,0.009434998,
1,14,43.14988,-0.07827483,1.975309,3.586209,-0.00330913,-0.9435973,-0.3309444,0.009434998,
1,14,43.15821,-0.07932499,1.97094,3.533738,-0.00330913,-0.9435973,-0.3309444,0.009434998,
1,14,43.16624,-0.08033334,1.966083,3.483256,-0.00330913,-0.9435973,-0.3309444,0.009434998,
1,14,43.17457,-0.08138039,1.960378,3.430926,-0.00330913,-0.9435973,-0.3309444,0.009434998,
1,14,43.18009,-0.08207397,1.956227,3.396291,-0.00330913,-0.9435973,-0.3309444,0.009434998,
1,14,43.18842,-0.08311727,1.949392,3.344062,-0.00330913,-0.9435973,-0.3309444,0.009434998,
1,14,43.19676,-0.0841601,1.941895,3.291912,-0.00330913,-0.9435973,-0.3309444,0.009434998,
1,14,43.20509,-0.08520293,1.933727,3.239828,-0.00330913,-0.9435973,-0.3309444,0.009434998,
1,14,43.21006,-0.08582366,1.928532,3.20879,-0.00330913,-0.9435973,-0.3309444,0.009434998,
1,14,43.2184,-0.08686227,1.919283,3.156797,-0.00330913,-0.9435973,-0.3309444,0.009434998,
1,14,43.22673,-0.08790088,1.909369,3.104918,-0.00330913,-0.9435973,-0.3309444,0.009434998,
1,14,43.23427,-0.08883932,1.89982,3.058004,-0.00330913,-0.9435973,-0.3309444,0.009434998,
1,14,43.2426,-0.08987372,1.888633,3.006259,-0.00330913,-0.9435973,-0.3309444,0.009434998,
1,14,43.24806,-0.09055081,1.880949,2.972388,-0.00330913,-0.9435973,-0.3309444,0.009434998,
1,14,43.25639,-0.0915852,1.868645,2.920763,-0.00330913,-0.9435973,-0.3309444,0.009434998,
1,14,43.26385,-0.09250711,1.857087,2.874592,-0.00330913,-0.9435973,-0.3309444,0.009434998,
1,14,43.27218,-0.09353727,1.843526,2.823083,-0.00330913,-0.9435973,-0.3309444,0.009434998,
1,14,43.27873,-0.09434721,1.832397,2.782613,-0.00330913,-0.9435973,-0.3309444,0.009434998,
1,14,43.28359,-0.09494688,1.823885,2.752635,-0.00330913,-0.9435973,-0.3309444,0.009434998,
1,14,43.29192,-0.09597282,1.808756,2.701295,-0.00330913,-0.9435973,-0.3309444,0.009434998,
1,14,43.29972,-0.09693316,1.793989,2.653266,-0.00330913,-0.9435973,-0.3309444,0.009434998,
1,14,43.30806,-0.09795857,1.777574,2.602062,-0.00330913,-0.9435973,-0.3309444,0.009434998,
1,14,43.31639,-0.0989803,1.760498,2.550896,-0.00330913,-0.9435973,-0.3309444,0.009434998,
1,14,43.32472,-0.100002,1.742766,2.499827,-0.00330913,-0.9435973,-0.3309444,0.009434998,
1,14,43.33003,-0.1006531,1.731124,2.467283,-0.00330913,-0.9435973,-0.3309444,0.009434998,
1,14,43.33837,-0.1016716,1.712318,2.416349,-0.00330913,-0.9435973,-0.3309444,0.009434998,
1,14,43.3467,-0.1026891,1.692839,2.365426,-0.00330913,-0.9435973,-0.3309444,0.009434998,
1,14,43.35182,-0.1033144,1.680555,2.33421,-0.00330913,-0.9435973,-0.3309444,0.009434998,
1,14,43.36015,-0.1043303,1.660028,2.283411,-0.00330913,-0.9435973,-0.3309444,0.009434998,
1,14,43.36542,-0.1049708,1.646717,2.251356,-0.00330913,-0.9435973,-0.3309444,0.009434998,
1,14,43.37375,-0.1059841,1.625123,2.200692,-0.00330913,-0.9435973,-0.3309444,0.009434998,
1,14,43.37887,-0.106606,1.611541,2.169608,-0.00330913,-0.9435973,-0.3309444,0.009434998,
1,14,43.3872,-0.1076167,1.588892,2.119079,-0.00330913,-0.9435973,-0.3309444,0.009434998,
1,14,43.39553,-0.1086257,1.565589,2.068592,-0.00330913,-0.9435973,-0.3309444,0.009434998,
1,14,43.40073,-0.1092551,1.550732,2.037161,-0.00330913,-0.9435973,-0.3309444,0.009434998,
1,14,43.40907,-0.1102631,1.526373,1.986785,-0.00330913,-0.9435973,-0.3309444,0.009434998,
1,14,43.4174,-0.1112679,1.501368,1.936494,-0.00330913,-0.9435973,-0.3309444,0.009434998,
1,14,43.42569,-0.1122681,1.475835,1.886506,-0.00330913,-0.9435973,-0.3309444,0.009434998,
1,14,43.43403,-0.1132714,1.449544,1.836356,-0.00330913,-0.9435973,-0.3309444,0.009434998,
1,14,43.44156,-0.114175,1.425242,1.79113,-0.00330913,-0.9435973,-0.3309444,0.009434998,
1,14,43.44989,-0.1151756,1.397719,1.741121,-0.00330913,-0.9435973,-0.3309444,0.009434998,
1,14,43.45737,-0.1160727,1.372463,1.696288,-0.00330913,-0.9435973,-0.3309444,0.009434998,
1,14,43.4657,-0.1170691,1.343722,1.646413,-0.00330913,-0.9435973,-0.3309444,0.009434998,
1,14,43.47403,-0.1180655,1.314339,1.596609,-0.00330913,-0.9435973,-0.3309444,0.009434998,
1,14,43.4796,-0.1187309,1.294354,1.563396,-0.00330913,-0.9435973,-0.3309444,0.009434998,
1,14,43.48793,-0.1197233,1.263906,1.513718,-0.00330913,-0.9435973,-0.3309444,0.009434998,
1,14,43.49627,-0.1207155,1.232816,1.46411,-0.00330913,-0.9435973,-0.3309444,0.009434998,
1,14,43.5046,-0.1217068,1.201093,1.41458,-0.00330913,-0.9435973,-0.3309444,0.009434998,
1,14,43.51012,-0.1223613,1.179727,1.38181,-0.00330913,-0.9435973,-0.3309444,0.009434998,
1,14,43.51846,-0.1233493,1.146942,1.332406,-0.00330913,-0.9435973,-0.3309444,0.009434998,
1,14,43.52679,-0.1243372,1.113525,1.283073,-0.00330913,-0.9435973,-0.3309444,0.009434998,
1,14,43.5344,-0.1252376,1.082421,1.238044,-0.00330913,-0.9435973,-0.3309444,0.009434998,
1,14,43.54274,-0.1262218,1.047799,1.188853,-0.00330913,-0.9435973,-0.3309444,0.009434998,
1,14,43.54891,-0.1269469,1.021765,1.152497,-0.00330913,-0.9435973,-0.3309444,0.009434998,
1,14,43.55376,-0.1275169,1.001055,1.123942,-0.00330913,-0.9435973,-0.3309444,0.009434998,
1,14,43.56173,-0.128454,0.9665453,1.077051,-0.00330913,-0.9435973,-0.3309444,0.009434998,
1,14,43.57006,-0.1294335,0.9298608,1.028109,-0.00330913,-0.9435973,-0.3309444,0.009434998,
1,14,43.57738,-0.1302936,0.8971266,0.9851966,-0.00330913,-0.9435973,-0.3309444,0.009434998,
1,14,43.58572,-0.1312724,0.8592684,0.9363988,-0.00330913,-0.9435973,-0.3309444,0.009434998,
1,14,43.59218,-0.1320263,0.8294452,0.8985698,-0.00330913,-0.9435973,-0.3309444,0.009434998,
1,14,43.60014,-0.1329532,0.7922625,0.8521183,-0.00330913,-0.9435973,-0.3309444,0.009434998,
1,14,43.60847,-0.1339243,0.7527034,0.8035313,-0.00330913,-0.9435973,-0.3309444,0.009434998,
1,14,43.61624,-0.1348297,0.7152543,0.7582979,-0.00330913,-0.9435973,-0.3309444,0.009434998,
1,14,43.62437,-0.1357764,0.6755296,0.7110748,-0.00330913,-0.9435973,-0.3309444,0.009434998,
1,14,43.6327,-0.1367457,0.6341707,0.6627119,-0.00330913,-0.9435973,-0.3309444,0.009434998,
1,14,43.63808,-0.1373673,0.6071346,0.6315241,-0.00330913,-0.9435973,-0.3309444,0.009434998,
1,14,43.64642,-0.13833,0.5647601,0.58329,-0.00330913,-0.9435973,-0.3309444,0.009434998,
1,14,43.65475,-0.1392926,0.5217727,0.5351342,-0.00330913,-0.9435973,-0.3309444,0.009434998,
1,14,43.65981,-0.1398771,0.4953712,0.5059355,-0.00330913,-0.9435973,-0.3309444,0.009434998,
1,14,43.66814,-0.1408397,0.4513993,0.4579082,-0.00330913,-0.9435973,-0.3309444,0.009434998,
1,14,43.67389,-0.1415037,0.420713,0.4248267,-0.00330913,-0.9435973,-0.3309444,0.009434998,
1,14,43.68222,-0.142459,0.3757105,0.3769353,-0.00330913,-0.9435973,-0.3309444,0.009434998,
1,14,43.69056,-0.1434132,0.3300996,0.3291225,-0.00330913,-0.9435973,-0.3309444,0.009434998,
1,14,43.69889,-0.1443673,0.2838838,0.2813899,-0.00330913,-0.9435973,-0.3309444,0.009434998,
1,14,43.70654,-0.1452428,0.2409502,0.2376674,-0.00330913,-0.9435973,-0.3309444,0.009434998,
1,14,43.71487,-0.1461969,0.1935764,0.19009,-0.00330913,-0.9435973,-0.3309444,0.009434998,
1,14,43.72017,-0.1468027,0.1631256,0.1598669,-0.00330913,-0.9435973,-0.3309444,0.009434998,
1,14,43.7285,-0.1477484,0.1147656,0.1124224,-0.00330913,-0.9435973,-0.3309444,0.009434998,
1,14,43.73374,-0.1483431,0.08404925,0.08262985,-0.00330913,-0.9435973,-0.3309444,0.009434998,
1,14,43.74208,-0.1492866,0.03542813,0.03543632,-0.003266664,-0.9450662,-0.3267262,0.009449767,CourtEnter
1,14,43.75041,-0.1499742,0.07225694,0.001050128,0.001564044,-0.9877852,0.1555005,0.009878042,CourtExit
1,14,43.75621,-0.1504505,0.09821683,-0.02287581,0.004775058,-0.8792123,0.4763252,0.008792371,
1,14,43.76455,-0.1511345,0.1348616,-0.05720314,0.008345307,-0.5528896,0.8331944,0.005529182,
1,14,43.77246,-0.1517842,0.1689834,-0.0897789,0.009936829,-0.1219292,0.9924883,0.001219555,
1,14,43.78078,-0.1524671,0.2041342,-0.12399,0.009349222,0.3567491,0.9341466,-0.003567299,
1,14,43.78883,-0.1531275,0.2374176,-0.1570362,0.006710608,0.7415139,0.6708629,-0.007415038,
1,14,43.79704,-0.1538018,0.2706954,-0.1907474,0.002520486,0.9675496,0.2524832,-0.009675499,
1,14,43.80533,-0.154482,0.3035443,-0.224728,-0.00227834,0.9738758,-0.2268612,-0.009738858,
1,14,43.81367,-0.155166,0.3358382,-0.2588581,-0.006570708,0.7548833,-0.6557828,-0.007549013,
1,14,43.82071,-0.1557441,0.36256,-0.2876787,-0.00904009,0.4301816,-0.9026868,-0.004302048,
1,14,43.82904,-0.156428,0.3935043,-0.3217504,-0.01000189,-0.04103334,-0.9991077,0.0004100719,
1,14,43.83562,-0.1569681,0.4174209,-0.3486308,-0.009119434,-0.411767,-0.9112343,0.00411742,
1,14,43.84298,-0.157572,0.4436246,-0.3786612,-0.006580507,-0.75306,-0.657876,0.007530387,
1,14,43.84825,-0.1580043,0.4620363,-0.4001476,-0.0039974,-0.9164726,-0.3999727,0.009164553,
1,14,43.85658,-0.1586836,0.4905726,-0.4341117,0.0007390931,-0.9972751,0.07309151,0.009972673,
1,14,43.86273,-0.1591819,0.5111529,-0.4591424,0.004183641,-0.9087459,0.4172301,0.009087464,
1,14,43.87106,-0.1598574,0.5384288,-0.4930519,0.007935501,-0.6101523,0.792221,0.006101638,
1,14,43.87658,-0.1603047,0.5560931,-0.5154896,0.009453586,-0.3295976,0.9440684,0.003296153,
1,14,43.88491,-0.1609802,0.5821661,-0.549347,0.00990057,0.1471105,0.9890694,-0.001470853,
1,14,43.89272,-0.1616129,0.6059281,-0.5810273,0.008256697,0.564792,0.8251727,-0.005647626,
1,14,43.90055,-0.1622479,0.6291451,-0.6128005,0.004938032,0.8694617,0.4938993,-0.008694325,
1,14,43.90888,-0.1629235,0.6531462,-0.6465688,0.0003326771,0.9993728,0.03396985,-0.009993494,
1,14,43.91454,-0.1633816,0.669015,-0.6694553,-0.002900178,0.9572803,-0.2889885,-0.009572639,
1,14,43.92287,-0.1640572,0.6918074,-0.7031696,-0.007011772,0.7141977,-0.6998726,-0.007141947,
1,14,43.92869,-0.1645293,0.7073175,-0.7267177,-0.008978662,0.4428404,-0.8965446,-0.004428481,
1,14,43.93703,-0.1652048,0.7288965,-0.7603841,-0.01000782,-0.02274506,-0.9996912,0.0002272337,
1,14,43.94536,-0.1658803,0.7497571,-0.7940195,-0.008762402,-0.482883,-0.8756278,0.004828494,
1,14,43.9524,-0.1664514,0.7668412,-0.8224313,-0.006133659,-0.7898083,-0.6132723,0.007897691,
1,14,43.95769,-0.1668796,0.779314,-0.8437191,-0.003477552,-0.937417,-0.3480652,0.009373778,
1,14,43.96296,-0.1673071,0.7914814,-0.864965,-0.0005074296,-0.9986267,-0.05142735,0.009985904,
1,14,43.97129,-0.1679783,0.8101308,-0.8985046,0.0041689,-0.9094221,0.4157541,0.009093978,
1,14,43.97686,-0.1684235,0.8221848,-0.9208754,0.006823017,-0.7322116,0.6810037,0.007321996,
1,14,43.98519,-0.1690906,0.8396449,-0.9543723,0.009433693,-0.3352491,0.9420763,0.003352578,
1,14,43.991,-0.169556,0.8514094,-0.9777231,0.01001037,-0.007393028,0.9999226,7.416342E-05,
1,14,43.99934,-0.170223,0.8676742,-1.011165,0.008913499,0.454483,0.8906993,-0.004544412,
1,14,44.00706,-0.1708417,0.8821311,-1.042176,0.006090692,0.793121,0.6089821,-0.007930698,
1,14,44.01484,-0.1714641,0.8960513,-1.073312,0.00206232,0.9783472,0.2067288,-0.009782965,
1,14,44.02317,-0.1721312,0.9102871,-1.106682,-0.002678175,0.9636984,-0.2668058,-0.009636591,
1,14,44.02906,-0.172602,0.9199133,-1.130214,-0.00572088,0.8209973,-0.5708445,-0.008209717,
1,14,44.03739,-0.1732691,0.9329476,-1.163517,-0.008857706,0.4665433,-0.8844417,-0.004665434,
1,14,44.04553,-0.1739208,0.9450022,-1.19605,-0.01000896,0.01891306,-0.999771,-0.0001894061,
1,14,44.05386,-0.1745878,0.956647,-1.22929,-0.008974213,-0.4424168,-0.8967537,0.004423655,
1,14,44.05921,-0.1750157,0.963754,-1.250605,-0.00722179,-0.6919345,-0.721891,0.006918728,
1,14,44.06754,-0.1756827,0.9742603,-1.283828,-0.003235328,-0.9460468,-0.323876,0.009459792,
1,14,44.07587,-0.1763498,0.9840642,-1.316996,0.001469702,-0.9892234,0.1460723,0.009891644,
1,14,44.0828,-0.176904,0.9916716,-1.344549,0.005171866,-0.8565446,0.515976,0.008565032,
1,14,44.08892,-0.1773938,0.9979926,-1.36888,0.007793981,-0.6281031,0.7780657,0.006280833,
1,14,44.09491,-0.1778686,1.003824,-1.392689,0.009450097,-0.3306115,0.9437138,0.003306158,
1,14,44.10324,-0.1785273,1.011333,-1.425789,0.009913744,0.1380461,0.9903752,-0.001380093,
1,14,44.10931,-0.1790071,1.016359,-1.449877,0.008854064,0.4659238,0.8847683,-0.00465867,
1,14,44.11765,-0.1796657,1.022659,-1.48291,0.005737904,0.8189617,0.5737612,-0.008188875,
1,14,44.12549,-0.1802855,1.027954,-1.513992,0.001631889,0.9864527,0.163741,-0.009863762,
1,14,44.13377,-0.1809401,1.032875,-1.546759,-0.003032263,0.9531983,-0.3021806,-0.009531358,
1,14,44.14211,-0.1815987,1.037137,-1.579724,-0.007053316,0.7101098,-0.7040198,-0.007100758,
1,14,44.14717,-0.1819992,1.039389,-1.599762,-0.008781349,0.4807486,-0.8768014,-0.004807366,
1,14,44.15551,-0.1826578,1.042533,-1.63266,-0.01000694,0.0278954,-0.9995608,-0.0002792212,
1,14,44.16384,-0.1833165,1.044991,-1.665557,-0.009030567,-0.4308375,-0.9023741,0.004307754,
1,14,44.16975,-0.1837839,1.046306,-1.688877,-0.007102732,-0.7041219,-0.7100086,0.007040411,
1,14,44.17809,-0.1844426,1.047579,-1.721707,-0.003110735,-0.9502146,-0.3114358,0.009501226,
1,14,44.18599,-0.1850672,1.048144,-1.752841,0.001319206,-0.9913273,0.1310351,0.009912429,
1,14,44.19432,-0.1857258,1.048064,-1.785603,0.00568908,-0.823201,0.5676619,0.008231426,
1,14,44.1996,-0.186143,1.04766,-1.806357,0.007863156,-0.6194406,0.7849797,0.006194063,
1,14,44.20794,-0.1868017,1.046462,-1.839104,0.009819904,-0.1949927,0.9807536,0.001950026,
1,14,44.21455,-0.1873242,1.045008,-1.865043,0.009851418,0.1768955,0.9841788,-0.001768504,
1,14,44.2202,-0.187766,1.043429,-1.887237,0.008792182,0.4774593,0.878597,-0.004773876,
1,14,44.22854,-0.1884162,1.040519,-1.919903,0.005662045,0.8242146,0.5661893,-0.008241158,
1,14,44.23612,-0.1890079,1.037282,-1.949596,0.001720211,0.9849476,0.172564,-0.009848422,
1,14,44.24445,-0.1896581,1.033068,-1.982224,-0.002937762,0.9561408,-0.2927368,-0.009560504,
1,14,44.2525,-0.1902856,1.028347,-2.013653,-0.006836173,0.7309924,-0.6823123,-0.007309346,
1,14,44.26083,-0.1909358,1.022779,-2.046213,-0.00940678,0.3427401,-0.9393769,-0.003427299,
1,14,44.26693,-0.1914114,1.018273,-2.070031,-0.01001048,0.006243441,-0.9999304,-6.270065E-05,
1,14,44.27523,-0.1920592,1.011545,-2.102437,-0.008959943,-0.4452896,-0.8953307,0.004452176,
1,14,44.28356,-0.1927094,1.004106,-2.134862,-0.005972993,-0.802005,-0.5972337,0.008019024,
1,14,44.2893,-0.1931572,0.9985915,-2.157194,-0.003114488,-0.9500914,-0.3118117,0.009499804,
1,14,44.29763,-0.1938074,0.9900041,-2.189619,0.001519032,-0.9884837,0.1509965,0.009883811,
1,14,44.30548,-0.1944194,0.9812983,-2.22014,0.005596415,-0.8295115,0.5584001,0.008294365,
1,14,44.31381,-0.1950696,0.9713861,-2.252503,0.008739528,-0.4883031,0.8726167,0.004882738,
1,14,44.31957,-0.1955189,0.9641405,-2.274813,0.009837704,-0.1857943,0.9825377,0.001858013,
1,14,44.3279,-0.196169,0.9530765,-2.307103,0.009616624,0.2770642,0.9607993,-0.002770053,
1,14,44.33559,-0.1967655,0.9422606,-2.336908,0.007572757,0.6534299,0.756921,-0.006533317,
1,14,44.34393,-0.1974073,0.9298932,-2.369198,0.0038135,0.9242671,0.3816156,-0.009241448,
1,14,44.35106,-0.1979562,0.9187717,-2.396734,-8.453439E-05,0.9999204,-0.007697175,-0.009997976,
1,14,44.35939,-0.1985979,0.9051408,-2.428889,-0.004578151,0.8895952,-0.4566404,-0.008894964,
1,14,44.3648,-0.1990147,0.8959271,-2.449771,-0.00702486,0.7129237,-0.7011703,-0.007128524,
1,14,44.37313,-0.1996564,0.8811778,-2.481926,-0.009480501,0.3218065,-0.9467525,-0.0032179,
1,14,44.37894,-0.2001035,0.8705027,-2.504324,-0.01001063,0.003182045,-0.9999449,-3.20722E-05,
1,14,44.38727,-0.2007452,0.8546061,-2.536361,-0.008956146,-0.4460543,-0.89495,0.004459731,
1,14,44.39246,-0.2011442,0.8443808,-2.55627,-0.007307868,-0.6828576,-0.7304831,0.006827489,
1,14,44.40079,-0.201786,0.8273889,-2.58829,-0.003463133,-0.937949,-0.3466292,0.009378154,
1,14,44.40912,-0.2024277,0.8097281,-2.62031,0.001114292,-0.9938191,0.1105608,0.009936877,
1,14,44.41651,-0.2029964,0.7935122,-2.648626,0.005001496,-0.8665773,0.4989427,0.008664714,
1,14,44.42484,-0.2036381,0.7745776,-2.68051,0.008354832,-0.5514649,0.8341381,0.005514102,
1,14,44.43317,-0.2042799,0.7549742,-2.712395,0.009939313,-0.1199249,0.9927325,0.001199348,
1,14,44.43835,-0.2046765,0.7424437,-2.73222,0.009868299,0.1673039,0.9858546,-0.001672526,
1,14,44.44669,-0.2053098,0.7217522,-2.764061,0.008075243,0.5903767,0.8070658,-0.005902668,
1,14,44.45502,-0.2059431,0.7003891,-2.795811,0.004581207,0.8887538,0.4582758,-0.008886063,
1,14,44.46088,-0.2063888,0.6849531,-2.818154,0.001491732,0.9886737,0.149748,-0.009885177,
1,14,44.46922,-0.2070221,0.6624497,-2.849903,-0.003083083,0.951576,-0.3072509,-0.009514356,
1,14,44.47557,-0.2075051,0.6448351,-2.874093,-0.006182909,0.7868907,-0.6170113,-0.007867829,
1,14,44.48325,-0.208088,0.6230674,-2.903191,-0.008880652,0.4621823,-0.8867285,-0.004621322,
1,14,44.49158,-0.2087213,0.5987744,-2.934805,-0.01000905,0.0186372,-0.9997762,-0.0001866273,
1,14,44.49711,-0.209142,0.5822696,-2.955806,-0.009596262,-0.2840038,-0.9587709,0.002839286,
1,14,44.50545,-0.2097753,0.5568721,-2.987381,-0.00732421,-0.6811047,-0.7321177,0.006809673,
1,14,44.51342,-0.2103816,0.5319368,-3.017517,-0.003707234,-0.9285756,-0.3710085,0.009284046,
1,14,44.52176,-0.2110149,0.50524,-3.048996,0.000813718,-0.9967019,0.08053204,0.00996531,
1,14,44.53009,-0.211644,0.4778818,-3.080475,0.00516227,-0.857127,0.515008,0.008569922,
1,14,44.53729,-0.2121838,0.4537123,-3.107568,0.008080139,-0.5909168,0.8066704,0.005908369,
1,14,44.54534,-0.2127876,0.4260962,-3.137856,0.009835915,-0.186751,0.9823563,0.001867475,
1,14,44.55368,-0.2134125,0.3968677,-3.1692,0.009641406,0.268353,0.9632686,-0.002682741,
1,14,44.56201,-0.2140373,0.3669833,-3.200463,0.007448379,0.6675369,0.7445096,-0.006673893,
1,14,44.56986,-0.2146263,0.3382158,-3.229877,0.003958658,0.9181466,0.3961149,-0.009179606,
1,14,44.5782,-0.2152511,0.3070549,-3.261086,-0.000521153,0.998633,-0.05130595,-0.009984439,
1,14,44.58551,-0.2157995,0.2791646,-3.288436,-0.004393516,0.8988289,-0.4381856,-0.008986698,
1,14,44.59385,-0.2164244,0.2467764,-3.31951,-0.007918238,0.6124062,-0.7904799,-0.006123122,
1,14,44.60218,-0.2170492,0.2137321,-3.350584,-0.009809813,0.20004,-0.9797366,-0.002000318,
1,14,44.60952,-0.2175976,0.1840567,-3.377941,-0.009805777,-0.2005373,-0.9796349,0.002004672,
1,14,44.61575,-0.2180582,0.1585127,-3.401058,-0.008564175,-0.5171256,-0.8558511,0.005169959,
1,14,44.62056,-0.2184141,0.1385266,-3.41892,-0.006916161,-0.7224145,-0.691388,0.007222485,
1,14,44.62889,-0.2190305,0.1033967,-3.449859,-0.003015551,-0.9532757,-0.3019363,0.009530755,
1,14,44.63723,-0.2196469,0.06761742,-3.480697,0.0015,-0.9887734,0.1490881,0.009885795,
1,14,44.64556,-0.2202666,0.03929059,-3.511679,0.005648518,-0.8262104,0.5632728,0.008258805,CourtEnter
1,14,44.65123,-0.2206972,0.05826348,-3.533267,0.007738497,-0.6357816,0.7718041,0.006353679,CourtExit
1,14,44.65956,-0.2213305,0.08555975,-3.565017,0.009654606,-0.2691983,0.9630327,0.002687234,
1,14,44.6679,-0.2219638,0.1121365,-3.596638,0.009920477,0.1431334,0.9896526,-0.001435864,
1,14,44.67517,-0.2225168,0.134754,-3.624244,0.008762695,0.4853914,0.8742396,-0.004857601,
1,14,44.68351,-0.2231501,0.1599836,-3.655859,0.006050647,0.7970935,0.6037729,-0.007973057,
1,14,44.68959,-0.223612,0.1779354,-3.678919,0.003389845,0.9409571,0.3383781,-0.009410296,
1,14,44.69792,-0.2242454,0.2019268,-3.710534,-0.0007035902,0.9975004,-0.06995066,-0.009973727,
1,14,44.70604,-0.2248627,0.2246256,-3.741254,-0.004582151,0.8894702,-0.4568837,-0.00889168,
1,14,44.71437,-0.225496,0.2472051,-3.772733,-0.007785832,0.6300013,-0.7765296,-0.006295713,
1,14,44.72155,-0.2260411,0.2660688,-3.799828,-0.009500416,0.3191773,-0.9476421,-0.003186963,
1,14,44.72988,-0.2266744,0.2873264,-3.831307,-0.009983852,-0.08918879,-0.9959643,0.0008965092,
1,14,44.7351,-0.2270708,0.3002661,-3.851012,-0.009420836,-0.341412,-0.9398603,0.003418206,
1,14,44.74343,-0.2277017,0.3203651,-3.882468,-0.007248967,-0.6904746,-0.7232873,0.00690743,
1,14,44.75176,-0.2283265,0.3397615,-3.913812,-0.00385616,-0.9229077,-0.3848915,0.009229905,
1,14,44.75877,-0.2288519,0.3555122,-3.940167,-0.0004749595,-0.9988157,-0.04761619,0.009987297,
1,14,44.76711,-0.2294768,0.3735964,-3.971511,0.003583702,-0.9339465,0.3572729,0.009336746,
1,14,44.77233,-0.2298683,0.384568,-3.991151,0.005858873,-0.8115029,0.5842627,0.008111363,
1,14,44.78066,-0.2304931,0.4015072,-4.022494,0.008628595,-0.5091334,0.8606294,0.005086679,
1,14,44.78899,-0.231118,0.4177439,-4.053839,0.009949925,-0.1215815,0.9925309,0.001210967,
1,14,44.7952,-0.2315839,0.4293899,-4.077208,0.009851879,0.1842799,0.9828227,-0.001847251,
1,14,44.80354,-0.2322087,0.4443967,-4.108552,0.008287553,0.5623165,0.8268615,-0.005626438,
1,14,44.81187,-0.2328336,0.4587011,-4.139738,0.005339297,0.8461668,0.5328242,-0.008463215,
1,14,44.81904,-0.2333712,0.4704447,-4.166472,0.00206805,0.978389,0.2065308,-0.009783731,
1,14,44.82737,-0.233996,0.4834383,-4.197546,-0.002024193,0.9793978,-0.2016926,-0.009791873,
1,14,44.83467,-0.2345435,0.4942451,-4.224771,-0.005352962,0.8455597,-0.5337873,-0.00845207,
1,14,44.84301,-0.2351684,0.5059252,-4.255846,-0.008291263,0.5621629,-0.826966,-0.005617052,
1,14,44.85134,-0.2357932,0.5169029,-4.28692,-0.009850387,0.1855363,-0.9825863,-0.001850508,
1,14,44.85891,-0.2363605,0.5262712,-4.315134,-0.009851056,-0.184718,-0.9827405,0.001851574,
1,14,44.86724,-0.2369854,0.5359244,-4.346207,-0.008295991,-0.5610761,-0.8277037,0.005613935,
1,14,44.87558,-0.2376103,0.5448742,-4.377281,-0.005368359,-0.8443341,-0.5357237,0.008444753,
1,14,44.88086,-0.2380042,0.5501915,-4.396966,-0.003017402,-0.9534994,-0.3012288,0.009535146,
1,14,44.88557,-0.2383526,0.5546951,-4.414528,-0.0007453018,-0.9971646,-0.07458474,0.009970659,
1,14,44.8939,-0.238969,0.5621188,-4.445602,0.003292859,-0.944536,0.3282555,0.009442532,
1,14,44.90223,-0.2395854,0.568851,-4.476507,0.006785617,-0.7361671,0.6767259,0.007357468,
1,14,44.91056,-0.2402018,0.5748858,-4.50731,0.00915867,-0.4066508,0.9135287,0.00406163,
1,14,44.91732,-0.2407019,0.5792736,-4.532298,0.009985873,-0.08739712,0.9961231,0.0008691287,
1,14,44.92566,-0.2413183,0.5840515,-4.563102,0.009512279,0.3151907,0.9489754,-0.00315598,
1,14,44.93399,-0.2419347,0.5881377,-4.593905,0.007477336,0.6658,0.7460631,-0.006660635,
1,14,44.93907,-0.2423101,0.5902918,-4.612667,0.00560693,0.8287569,0.5595195,-0.008289091,
1,14,44.9474,-0.2429265,0.5932617,-4.643471,0.001854311,0.9826477,0.1852124,-0.009826,
1,14,44.95435,-0.2434404,0.5952137,-4.66915,-0.001532673,0.9882288,-0.1526562,-0.009880184,
1,14,44.96268,-0.2440568,0.5969203,-4.699954,-0.005329694,0.8470222,-0.5314634,-0.0084665,
1,14,44.97102,-0.2446732,0.597939,-4.730758,-0.008254165,0.5675734,-0.8232619,-0.00567102,
1,14,44.97869,-0.2452414,0.5982637,-4.759151,-0.009763354,0.2267864,-0.973893,-0.002262929,
1,14,44.98703,-0.2458578,0.5979558,-4.789955,-0.009865941,-0.1766497,-0.9842228,0.001770884,
1,14,44.99536,-0.2464742,0.5969591,-4.82052,-0.008362871,-0.5511096,-0.8343728,0.005514205,
1,14,45.00219,-0.246979,0.5956331,-4.845524,-0.006101625,-0.7932152,-0.6088591,0.00793382,
1,14,45.01052,-0.2475954,0.5933861,-4.876058,-0.002467611,-0.9691194,-0.246389,0.009690862,
