stage,trial,time,position.x,position.y,position.z,rotation.x,rotation.y,rotation.z,rotation.w,event
1,1,0.001,-0.2481815,0.03954322,-0.8849691,0.5084212,-0.5039707,0.494922,0.4925177,TrialStart
1,1,0.003,-0.2481815,0.03954322,-0.8849691,0.5084212,-0.5039707,0.494922,0.4925177,
1,1,0.005,-0.2481815,0.03954322,-0.8849691,0.5084212,-0.5039707,0.494922,0.4925177,
1,1,0.007,-0.2481815,0.03954322,-0.8849691,0.5084212,-0.5039707,0.494922,0.4925177,
1,1,0.009,-0.2481815,0.03954322,-0.8849691,0.5084212,-0.5039707,0.494922,0.4925177,
1,1,0.011,-0.2481815,0.03954322,-0.8849691,0.5084212,-0.5039707,0.494922,0.4925177,
1,1,0.013,-0.2481815,0.03954322,-0.8849691,0.5084212,-0.5039707,0.494922,0.4925177,
1,1,0.015,-0.2481815,0.03954322,-0.8849691,0.5084212,-0.5039707,0.494922,0.4925177,
1,1,0.017,-0.2481815,0.03954322,-0.8849691,0.5084212,-0.5039707,0.494922,0.4925177,
1,1,0.019,-0.2481815,0.03954322,-0.8849691,0.5084212,-0.5039707,0.494922,0.4925177,
1,1,0.021,-0.2481761,0.03953969,-0.8849699,0.5084323,-0.5039554,0.4949349,0.492509,
1,1,0.023,-0.2481761,0.03953969,-0.8849699,0.5084323,-0.5039554,0.4949349,0.492509,
1,1,0.025,-0.2481761,0.03953969,-0.8849699,0.5084323,-0.5039554,0.4949349,0.492509,
1,1,0.027,-0.2481761,0.03953969,-0.8849699,0.5084323,-0.5039554,0.4949349,0.492509,
1,1,0.029,-0.2481729,0.03953028,-0.884976,0.5084662,-0.5039701,0.4949233,0.4924705,
1,1,0.031,-0.2481729,0.03953028,-0.884976,0.5084662,-0.5039701,0.4949233,0.4924705,
1,1,0.033,-0.2481729,0.03953028,-0.884976,0.5084662,-0.5039701,0.4949233,0.4924705,
1,1,0.035,-0.2481729,0.03953028,-0.884976,0.5084662,-0.5039701,0.4949233,0.4924705,
1,1,0.037,-0.248183,0.03953274,-0.8849716,0.5084701,-0.5039744,0.4949148,0.4924706,
1,1,0.039,-0.248183,0.03953274,-0.8849716,0.5084701,-0.5039744,0.4949148,0.4924706,
1,1,0.041,-0.248183,0.03953274,-0.8849716,0.5084701,-0.5039744,0.4949148,0.4924706,
1,1,0.043,-0.248183,0.03953274,-0.8849716,0.5084701,-0.5039744,0.4949148,0.4924706,
1,1,0.045,-0.248181,0.03954718,-0.8849809,0.5084422,-0.5039507,0.4949486,0.4924898,
1,1,0.047,-0.248181,0.03954718,-0.8849809,0.5084422,-0.5039507,0.4949486,0.4924898,
1,1,0.049,-0.248181,0.03954718,-0.8849809,0.5084422,-0.5039507,0.4949486,0.4924898,
1,1,0.051,-0.248181,0.03954718,-0.8849809,0.5084422,-0.5039507,0.4949486,0.4924898,
1,1,0.053,-0.248181,0.03954718,-0.8849809,0.5084422,-0.5039507,0.4949486,0.4924898,
1,1,0.055,-0.2481768,0.03955556,-0.8849875,0.5084363,-0.5039451,0.4949431,0.4925071,
1,1,0.057,-0.2481768,0.03955556,-0.8849875,0.5084363,-0.5039451,0.4949431,0.4925071,
1,1,0.059,-0.2481768,0.03955556,-0.8849875,0.5084363,-0.5039451,0.4949431,0.4925071,
1,1,0.061,-0.2481768,0.03955556,-0.8849875,0.5084363,-0.5039451,0.4949431,0.4925071,
1,1,0.063,-0.2481765,0.03955372,-0.8849784,0.508439,-0.5039386,0.4949519,0.4925023,
1,1,0.065,-0.2481765,0.03955372,-0.8849784,0.508439,-0.5039386,0.4949519,0.4925023,
1,1,0.067,-0.2481765,0.03955372,-0.8849784,0.508439,-0.5039386,0.4949519,0.4925023,
1,1,0.069,-0.2481765,0.03955372,-0.8849784,0.508439,-0.5039386,0.4949519,0.4925023,
1,1,0.071,-0.2481756,0.03954618,-0.8849719,0.5084351,-0.5039526,0.4949489,0.4924948,
1,1,0.073,-0.2481756,0.03954618,-0.8849719,0.5084351,-0.5039526,0.4949489,0.4924948,
1,1,0.075,-0.2481756,0.03954618,-0.8849719,0.5084351,-0.5039526,0.4949489,0.4924948,
1,1,0.077,-0.2481756,0.03954618,-0.8849719,0.5084351,-0.5039526,0.4949489,0.4924948,
1,1,0.079,-0.2481842,0.0395377,-0.8849845,0.5084369,-0.5039585,0.4949417,0.4924942,
1,1,0.081,-0.2481842,0.0395377,-0.8849845,0.5084369,-0.5039585,0.4949417,0.4924942,
1,1,0.083,-0.2481842,0.0395377,-0.8849845,0.5084369,-0.5039585,0.4949417,0.4924942,
1,1,0.085,-0.2481842,0.0395377,-0.8849845,0.5084369,-0.5039585,0.4949417,0.4924942,
1,1,0.087,-0.2481759,0.039544,-0.8849807,0.5084408,-0.5039502,0.4949383,0.4925019,
1,1,0.089,-0.2481759,0.039544,-0.8849807,0.5084408,-0.5039502,0.4949383,0.4925019,
1,1,0.091,-0.2481759,0.039544,-0.8849807,0.5084408,-0.5039502,0.4949383,0.4925019,
1,1,0.093,-0.2481759,0.039544,-0.8849807,0.5084408,-0.5039502,0.4949383,0.4925019,
1,1,0.095,-0.2481716,0.03955242,-0.8849801,0.5084406,-0.503935,0.4949495,0.4925065,
1,1,0.097,-0.2481716,0.03955242,-0.8849801,0.5084406,-0.503935,0.4949495,0.4925065,
1,1,0.099,-0.2481716,0.03955242,-0.8849801,0.5084406,-0.503935,0.4949495,0.4925065,
1,1,0.101,-0.2481716,0.03955242,-0.8849801,0.5084406,-0.503935,0.4949495,0.4925065,
1,1,0.103,-0.2481716,0.03955242,-0.8849801,0.5084406,-0.503935,0.4949495,0.4925065,
1,1,0.105,-0.2481673,0.03955452,-0.8849916,0.5084447,-0.5039489,0.494945,0.4924926,
1,1,0.107,-0.2481673,0.03955452,-0.8849916,0.5084447,-0.5039489,0.494945,0.4924926,
1,1,0.109,-0.2481673,0.03955452,-0.8849916,0.5084447,-0.5039489,0.494945,0.4924926,
1,1,0.111,-0.2481673,0.03955452,-0.8849916,0.5084447,-0.5039489,0.494945,0.4924926,
1,1,0.113,-0.248182,0.03953856,-0.8849885,0.5084554,-0.5039616,0.4949441,0.4924694,
1,1,0.115,-0.248182,0.03953856,-0.8849885,0.5084554,-0.5039616,0.4949441,0.4924694,
1,1,0.117,-0.248182,0.03953856,-0.8849885,0.5084554,-0.5039616,0.4949441,0.4924694,
1,1,0.119,-0.248182,0.03953856,-0.8849885,0.5084554,-0.5039616,0.4949441,0.4924694,
1,1,0.121,-0.2481798,0.03954355,-0.8849927,0.5084669,-0.503944,0.4949518,0.4924679,
1,1,0.123,-0.2481798,0.03954355,-0.8849927,0.5084669,-0.503944,0.4949518,0.4924679,
1,1,0.125,-0.2481798,0.03954355,-0.8849927,0.5084669,-0.503944,0.4949518,0.4924679,
1,1,0.127,-0.2481798,0.03954355,-0.8849927,0.5084669,-0.503944,0.4949518,0.4924679,
1,1,0.129,-0.2481835,0.03954142,-0.8849933,0.5084594,-0.5039712,0.4949318,0.4924677,
1,1,0.131,-0.2481835,0.03954142,-0.8849933,0.5084594,-0.5039712,0.4949318,0.4924677,
1,1,0.133,-0.2481835,0.03954142,-0.8849933,0.5084594,-0.5039712,0.4949318,0.4924677,
1,1,0.135,-0.2481835,0.03954142,-0.8849933,0.5084594,-0.5039712,0.4949318,0.4924677,
1,1,0.137,-0.2481749,0.03954721,-0.8849925,0.5084537,-0.503964,0.4949417,0.4924711,
1,1,0.139,-0.2481749,0.03954721,-0.8849925,0.5084537,-0.503964,0.4949417,0.4924711,
1,1,0.141,-0.2481749,0.03954721,-0.8849925,0.5084537,-0.503964,0.4949417,0.4924711,
1,1,0.143,-0.2481749,0.03954721,-0.8849925,0.5084537,-0.503964,0.4949417,0.4924711,
1,1,0.145,-0.2481767,0.03953967,-0.8849838,0.5084634,-0.5039644,0.4949482,0.4924543,
1,1,0.147,-0.2481767,0.03953967,-0.8849838,0.5084634,-0.5039644,0.4949482,0.4924543,
1,1,0.149,-0.2481767,0.03953967,-0.8849838,0.5084634,-0.5039644,0.4949482,0.4924543,
1,1,0.151,-0.2481767,0.03953967,-0.8849838,0.5084634,-0.5039644,0.4949482,0.4924543,
1,1,0.153,-0.2481767,0.03953967,-0.8849838,0.5084634,-0.5039644,0.4949482,0.4924543,
1,1,0.155,-0.2481765,0.03953348,-0.8849818,0.5084663,-0.5039615,0.4949515,0.4924509,
1,1,0.157,-0.2481765,0.03953348,-0.8849818,0.5084663,-0.5039615,0.4949515,0.4924509,
1,1,0.159,-0.2481765,0.03953348,-0.8849818,0.5084663,-0.5039615,0.4949515,0.4924509,
1,1,0.161,-0.2481765,0.03953348,-0.8849818,0.5084663,-0.5039615,0.4949515,0.4924509,
1,1,0.163,-0.2481789,0.03952902,-0.884982,0.5084639,-0.503979,0.4949293,0.4924579,
1,1,0.165,-0.2481789,0.03952902,-0.884982,0.5084639,-0.503979,0.4949293,0.4924579,
1,1,0.167,-0.2481789,0.03952902,-0.884982,0.5084639,-0.503979,0.4949293,0.4924579,
1,1,0.169,-0.2481789,0.03952902,-0.884982,0.5084639,-0.503979,0.4949293,0.4924579,
1,1,0.171,-0.2481818,0.03952153,-0.8849881,0.5084762,-0.5040006,0.4949006,0.4924518,
1,1,0.173,-0.2481818,0.03952153,-0.8849881,0.5084762,-0.5040006,0.4949006,0.4924518,
1,1,0.175,-0.2481818,0.03952153,-0.8849881,0.5084762,-0.5040006,0.4949006,0.4924518,
1,1,0.177,-0.2481818,0.03952153,-0.8849881,0.5084762,-0.5040006,0.4949006,0.4924518,
1,1,0.179,-0.2481721,0.0395288,-0.8849944,0.5084678,-0.5039954,0.4949024,0.4924641,
1,1,0.181,-0.2481721,0.0395288,-0.8849944,0.5084678,-0.5039954,0.4949024,0.4924641,
1,1,0.183,-0.2481721,0.0395288,-0.8849944,0.5084678,-0.5039954,0.4949024,0.4924641,
1,1,0.185,-0.2481721,0.0395288,-0.8849944,0.5084678,-0.5039954,0.4949024,0.4924641,
1,1,0.187,-0.2481697,0.03952416,-0.8849903,0.5084684,-0.5039821,0.494906,0.4924734,
1,1,0.189,-0.2481697,0.03952416,-0.8849903,0.5084684,-0.5039821,0.494906,0.4924734,
1,1,0.191,-0.2481697,0.03952416,-0.8849903,0.5084684,-0.5039821,0.494906,0.4924734,
1,1,0.193,-0.2481697,0.03952416,-0.8849903,0.5084684,-0.5039821,0.494906,0.4924734,
1,1,0.195,-0.2481682,0.03952578,-0.884992,0.5084715,-0.5039677,0.4949121,0.4924788,
1,1,0.197,-0.2481682,0.03952578,-0.884992,0.5084715,-0.5039677,0.4949121,0.4924788,
1,1,0.199,-0.2481682,0.03952578,-0.884992,0.5084715,-0.5039677,0.4949121,0.4924788,
1,1,0.201,-0.2481682,0.03952578,-0.884992,0.5084715,-0.5039677,0.4949121,0.4924788,
1,1,0.203,-0.2481682,0.03952578,-0.884992,0.5084715,-0.5039677,0.4949121,0.4924788,
1,1,0.205,-0.2481725,0.03954052,-0.8849935,0.508471,-0.5039468,0.4949363,0.4924763,
1,1,0.207,-0.2481725,0.03954052,-0.8849935,0.508471,-0.5039468,0.4949363,0.4924763,
1,1,0.209,-0.2481725,0.03954052,-0.8849935,0.508471,-0.5039468,0.4949363,0.4924763,
1,1,0.211,-0.2481725,0.03954052,-0.8849935,0.508471,-0.5039468,0.4949363,0.4924763,
1,1,0.213,-0.2481726,0.03954444,-0.8850021,0.5084624,-0.5039568,0.4949292,0.4924823,
1,1,0.215,-0.2481726,0.03954444,-0.8850021,0.5084624,-0.5039568,0.4949292,0.4924823,
1,1,0.217,-0.2481726,0.03954444,-0.8850021,0.5084624,-0.5039568,0.4949292,0.4924823,
1,1,0.219,-0.2481726,0.03954444,-0.8850021,0.5084624,-0.5039568,0.4949292,0.4924823,
1,1,0.221,-0.2481765,0.03954878,-0.8850008,0.5084457,-0.503956,0.4949373,0.4924921,
1,1,0.223,-0.2481765,0.03954878,-0.8850008,0.5084457,-0.503956,0.4949373,0.4924921,
1,1,0.225,-0.2481765,0.03954878,-0.8850008,0.5084457,-0.503956,0.4949373,0.4924921,
1,1,0.227,-0.2481765,0.03954878,-0.8850008,0.5084457,-0.503956,0.4949373,0.4924921,
1,1,0.229,-0.2481817,0.03953521,-0.8850053,0.5084597,-0.5039578,0.4949353,0.4924777,
1,1,0.231,-0.2481817,0.03953521,-0.8850053,0.5084597,-0.5039578,0.4949353,0.4924777,
1,1,0.233,-0.2481817,0.03953521,-0.8850053,0.5084597,-0.5039578,0.4949353,0.4924777,
1,1,0.235,-0.2481817,0.03953521,-0.8850053,0.5084597,-0.5039578,0.4949353,0.4924777,
1,1,0.237,-0.2481777,0.03952425,-0.8850013,0.5084783,-0.5039652,0.4949159,0.4924706,
1,1,0.239,-0.2481777,0.03952425,-0.8850013,0.5084783,-0.5039652,0.4949159,0.4924706,
1,1,0.241,-0.2481777,0.03952425,-0.8850013,0.5084783,-0.5039652,0.4949159,0.4924706,
1,1,0.243,-0.2481777,0.03952425,-0.8850013,0.5084783,-0.5039652,0.4949159,0.4924706,
1,1,0.245,-0.2481755,0.03953471,-0.8850051,0.5084649,-0.5039734,0.4949075,0.4924845,
1,1,0.247,-0.2481755,0.03953471,-0.8850051,0.5084649,-0.5039734,0.4949075,0.4924845,
1,1,0.249,-0.2481755,0.03953471,-0.8850051,0.5084649,-0.5039734,0.4949075,0.4924845,
1,1,0.251,-0.2481755,0.03953471,-0.8850051,0.5084649,-0.5039734,0.4949075,0.4924845,
1,1,0.253,-0.2481755,0.03953471,-0.8850051,0.5084649,-0.5039734,0.4949075,0.4924845,
1,1,0.255,-0.2481876,0.03955757,-0.8850017,0.508431,-0.5039641,0.4949403,0.4924962,
1,1,0.257,-0.2481876,0.03955757,-0.8850017,0.508431,-0.5039641,0.4949403,0.4924962,
1,1,0.259,-0.2481876,0.03955757,-0.8850017,0.508431,-0.5039641,0.4949403,0.4924962,
1,1,0.261,-0.2481876,0.03955757,-0.8850017,0.508431,-0.5039641,0.4949403,0.4924962,
1,1,0.263,-0.2481979,0.03954384,-0.8850065,0.5084503,-0.5039859,0.4949197,0.4924744,
1,1,0.265,-0.2481979,0.03954384,-0.8850065,0.5084503,-0.5039859,0.4949197,0.4924744,
1,1,0.267,-0.2481979,0.03954384,-0.8850065,0.5084503,-0.5039859,0.4949197,0.4924744,
1,1,0.269,-0.2481979,0.03954384,-0.8850065,0.5084503,-0.5039859,0.4949197,0.4924744,
1,1,0.271,-0.2481914,0.03952198,-0.8850049,0.5084521,-0.504011,0.4948915,0.4924751,
1,1,0.273,-0.2481914,0.03952198,-0.8850049,0.5084521,-0.504011,0.4948915,0.4924751,
1,1,0.275,-0.2481914,0.03952198,-0.8850049,0.5084521,-0.504011,0.4948915,0.4924751,
1,1,0.277,-0.2481914,0.03952198,-0.8850049,0.5084521,-0.504011,0.4948915,0.4924751,
1,1,0.279,-0.2481878,0.039537,-0.8850003,0.5084631,-0.5039718,0.4949102,0.4924852,
1,1,0.281,-0.2481878,0.039537,-0.8850003,0.5084631,-0.5039718,0.4949102,0.4924852,
1,1,0.283,-0.2481878,0.039537,-0.8850003,0.5084631,-0.5039718,0.4949102,0.4924852,
1,1,0.285,-0.2481878,0.039537,-0.8850003,0.5084631,-0.5039718,0.4949102,0.4924852,
1,1,0.287,-0.2481732,0.03954083,-0.8849969,0.5084679,-0.5039752,0.4949091,0.4924778,
1,1,0.289,-0.2481732,0.03954083,-0.8849969,0.5084679,-0.5039752,0.4949091,0.4924778,
1,1,0.291,-0.2481732,0.03954083,-0.8849969,0.5084679,-0.5039752,0.4949091,0.4924778,
1,1,0.293,-0.2481732,0.03954083,-0.8849969,0.5084679,-0.5039752,0.4949091,0.4924778,
1,1,0.295,-0.2481743,0.0395462,-0.8849933,0.508462,-0.5039578,0.4949237,0.4924872,
1,1,0.297,-0.2481743,0.0395462,-0.8849933,0.508462,-0.5039578,0.4949237,0.4924872,
1,1,0.299,-0.2481743,0.0395462,-0.8849933,0.508462,-0.5039578,0.4949237,0.4924872,
1,1,0.301,-0.2481743,0.0395462,-0.8849933,0.508462,-0.5039578,0.4949237,0.4924872,
1,1,0.303,-0.2481743,0.0395462,-0.8849933,0.508462,-0.5039578,0.4949237,0.4924872,
1,1,0.305,-0.2481714,0.03954558,-0.885002,0.5084688,-0.5039612,0.4949226,0.4924776,
1,1,0.307,-0.2481714,0.03954558,-0.885002,0.5084688,-0.5039612,0.4949226,0.4924776,
1,1,0.309,-0.2481714,0.03954558,-0.885002,0.5084688,-0.5039612,0.4949226,0.4924776,
1,1,0.311,-0.2481714,0.03954558,-0.885002,0.5084688,-0.5039612,0.4949226,0.4924776,
1,1,0.313,-0.2481748,0.03954113,-0.8849901,0.5084524,-0.5039551,0.4949332,0.4924901,
1,1,0.315,-0.2481748,0.03954113,-0.8849901,0.5084524,-0.5039551,0.4949332,0.4924901,
1,1,0.317,-0.2481748,0.03954113,-0.8849901,0.5084524,-0.5039551,0.4949332,0.4924901,
1,1,0.319,-0.2481748,0.03954113,-0.8849901,0.5084524,-0.5039551,0.4949332,0.4924901,
1,1,0.321,-0.2481742,0.03953477,-0.8849913,0.5084567,-0.5039557,0.4949281,0.4924902,
1,1,0.323,-0.2481742,0.03953477,-0.8849913,0.5084567,-0.5039557,0.4949281,0.4924902,
1,1,0.325,-0.2481742,0.03953477,-0.8849913,0.5084567,-0.5039557,0.4949281,0.4924902,
1,1,0.327,-0.2481742,0.03953477,-0.8849913,0.5084567,-0.5039557,0.4949281,0.4924902,
1,1,0.329,-0.248178,0.03953261,-0.8849949,0.5084572,-0.5039705,0.4949214,0.4924812,
1,1,0.331,-0.248178,0.03953261,-0.8849949,0.5084572,-0.5039705,0.4949214,0.4924812,
1,1,0.333,-0.248178,0.03953261,-0.8849949,0.5084572,-0.5039705,0.4949214,0.4924812,
1,1,0.335,-0.248178,0.03953261,-0.8849949,0.5084572,-0.5039705,0.4949214,0.4924812,
1,1,0.337,-0.2481898,0.03954204,-0.8849987,0.5084453,-0.5039616,0.4949344,0.4924897,
1,1,0.339,-0.2481898,0.03954204,-0.8849987,0.5084453,-0.5039616,0.4949344,0.4924897,
1,1,0.341,-0.2481898,0.03954204,-0.8849987,0.5084453,-0.5039616,0.4949344,0.4924897,
1,1,0.343,-0.2481898,0.03954204,-0.8849987,0.5084453,-0.5039616,0.4949344,0.4924897,
1,1,0.345,-0.2481909,0.03954165,-0.8849869,0.5084308,-0.5039476,0.4949445,0.4925089,
1,1,0.347,-0.2481909,0.03954165,-0.8849869,0.5084308,-0.5039476,0.4949445,0.4925089,
1,1,0.349,-0.2481909,0.03954165,-0.8849869,0.5084308,-0.5039476,0.4949445,0.4925089,
1,1,0.351,-0.2481909,0.03954165,-0.8849869,0.5084308,-0.5039476,0.4949445,0.4925089,
1,1,0.353,-0.2481909,0.03954165,-0.8849869,0.5084308,-0.5039476,0.4949445,0.4925089,
1,1,0.355,-0.248185,0.03955035,-0.8849888,0.5084317,-0.5039353,0.4949476,0.4925173,
1,1,0.357,-0.248185,0.03955035,-0.8849888,0.5084317,-0.5039353,0.4949476,0.4925173,
1,1,0.359,-0.248185,0.03955035,-0.8849888,0.5084317,-0.5039353,0.4949476,0.4925173,
1,1,0.361,-0.2481859,0.03955204,-0.8849881,0.5084317,-0.5039353,0.4949476,0.4925173,
1,1,0.363,-0.2481859,0.03955204,-0.8849881,0.5084317,-0.5039353,0.4949476,0.4925173,
1,1,0.365,-0.2481859,0.03955204,-0.8849881,0.5084317,-0.5039353,0.4949476,0.4925173,
1,1,0.367,-0.2481859,0.03955204,-0.8849881,0.5084317,-0.5039353,0.4949476,0.4925173,
1,1,0.369,-0.2481735,0.03954943,-0.8849851,0.5084462,-0.503922,0.4949469,0.4925167,
1,1,0.371,-0.2481735,0.03954943,-0.8849851,0.5084462,-0.503922,0.4949469,0.4925167,
1,1,0.373,-0.2481735,0.03954943,-0.8849851,0.5084462,-0.503922,0.4949469,0.4925167,
1,1,0.375,-0.2481735,0.03954943,-0.8849851,0.5084462,-0.503922,0.4949469,0.4925167,
1,1,0.377,-0.2481808,0.0395517,-0.8849886,0.5084374,-0.5039241,0.4949567,0.4925137,
1,1,0.379,-0.2481808,0.0395517,-0.8849886,0.5084374,-0.5039241,0.4949567,0.4925137,
1,1,0.381,-0.2481808,0.0395517,-0.8849886,0.5084374,-0.5039241,0.4949567,0.4925137,
1,1,0.383,-0.2481808,0.0395517,-0.8849886,0.5084374,-0.5039241,0.4949567,0.4925137,
1,1,0.385,-0.2481768,0.0395582,-0.8849943,0.5084426,-0.5039116,0.4949594,0.4925185,
1,1,0.387,-0.2481768,0.0395582,-0.8849943,0.5084426,-0.5039116,0.4949594,0.4925185,
1,1,0.389,-0.2481768,0.0395582,-0.8849943,0.5084426,-0.5039116,0.4949594,0.4925185,
1,1,0.391,-0.2481768,0.0395582,-0.8849943,0.5084426,-0.5039116,0.4949594,0.4925185,
1,1,0.393,-0.2481854,0.03955843,-0.8849931,0.5084332,-0.5039223,0.4949607,0.4925159,
1,1,0.395,-0.2481854,0.03955843,-0.8849931,0.5084332,-0.5039223,0.4949607,0.4925159,
1,1,0.397,-0.2481854,0.03955843,-0.8849931,0.5084332,-0.5039223,0.4949607,0.4925159,
1,1,0.399,-0.2481862,0.03955942,-0.8849933,0.5084332,-0.5039223,0.4949607,0.4925159,
1,1,0.401,-0.2481862,0.03955942,-0.8849933,0.5084332,-0.5039223,0.4949607,0.4925159,
1,1,0.403,-0.2481862,0.03955942,-0.8849933,0.5084332,-0.5039223,0.4949607,0.4925159,
1,1,0.405,-0.2481862,0.03955942,-0.8849933,0.5084332,-0.5039223,0.4949607,0.4925159,
1,1,0.407,-0.2481781,0.03954126,-0.8849859,0.5084565,-0.5039421,0.4949322,0.4925002,
1,1,0.409,-0.2481781,0.03954126,-0.8849859,0.5084565,-0.5039421,0.4949322,0.4925002,
1,1,0.411,-0.2481781,0.03954126,-0.8849859,0.5084565,-0.5039421,0.4949322,0.4925002,
1,1,0.413,-0.2481781,0.03954126,-0.8849859,0.5084565,-0.5039421,0.4949322,0.4925002,
1,1,0.415,-0.2481831,0.03953221,-0.8849883,0.5084624,-0.5039504,0.4949301,0.4924879,
1,1,0.417,-0.2481831,0.03953221,-0.8849883,0.5084624,-0.5039504,0.4949301,0.4924879,
1,1,0.419,-0.2481831,0.03953221,-0.8849883,0.5084624,-0.5039504,0.4949301,0.4924879,
1,1,0.421,-0.2481831,0.03953221,-0.8849883,0.5084624,-0.5039504,0.4949301,0.4924879,
1,1,0.423,-0.2481968,0.03954467,-0.8849939,0.5084437,-0.5039551,0.4949451,0.4924873,
1,1,0.425,-0.2481968,0.03954467,-0.8849939,0.5084437,-0.5039551,0.4949451,0.4924873,
1,1,0.427,-0.2481968,0.03954467,-0.8849939,0.5084437,-0.5039551,0.4949451,0.4924873,
1,1,0.429,-0.2482006,0.03954779,-0.8849981,0.5084405,-0.5039664,0.4949346,0.4924896,
1,1,0.431,-0.2482006,0.03954779,-0.8849981,0.5084405,-0.5039664,0.4949346,0.4924896,
1,1,0.433,-0.2482006,0.03954779,-0.8849981,0.5084405,-0.5039664,0.4949346,0.4924896,
1,1,0.435,-0.2482006,0.03954779,-0.8849981,0.5084405,-0.5039664,0.4949346,0.4924896,
1,1,0.437,-0.2481987,0.03955317,-0.8849979,0.5084344,-0.5039509,0.4949535,0.4924926,
1,1,0.439,-0.2481987,0.03955317,-0.8849979,0.5084344,-0.5039509,0.4949535,0.4924926,
1,1,0.441,-0.2481987,0.03955317,-0.8849979,0.5084344,-0.5039509,0.4949535,0.4924926,
1,1,0.443,-0.2481987,0.03955317,-0.8849979,0.5084344,-0.5039509,0.4949535,0.4924926,
1,1,0.445,-0.2481939,0.039548,-0.8849933,0.5084373,-0.5039598,0.494942,0.492492,
1,1,0.447,-0.2481939,0.039548,-0.8849933,0.5084373,-0.5039598,0.494942,0.492492,
1,1,0.449,-0.2481939,0.039548,-0.8849933,0.5084373,-0.5039598,0.494942,0.492492,
1,1,0.451,-0.2481939,0.039548,-0.8849933,0.5084373,-0.5039598,0.494942,0.492492,
1,1,0.453,-0.2482046,0.03954028,-0.884997,0.508428,-0.5039715,0.4949272,0.4925046,
1,1,0.455,-0.2482046,0.03954028,-0.884997,0.508428,-0.5039715,0.4949272,0.4925046,
1,1,0.457,-0.2482046,0.03954028,-0.884997,0.508428,-0.5039715,0.4949272,0.4925046,
1,1,0.459,-0.2482025,0.03953569,-0.8849926,0.5084258,-0.5039713,0.4949314,0.4925029,
1,1,0.461,-0.2482025,0.03953569,-0.8849926,0.5084258,-0.5039713,0.4949314,0.4925029,
1,1,0.463,-0.2482025,0.03953569,-0.8849926,0.5084258,-0.5039713,0.4949314,0.4925029,
1,1,0.465,-0.2482025,0.03953569,-0.8849926,0.5084258,-0.5039713,0.4949314,0.4925029,
1,1,0.467,-0.2482025,0.03953569,-0.8849926,0.5084258,-0.5039713,0.4949314,0.4925029,
1,1,0.469,-0.248205,0.03954101,-0.8849835,0.50843,-0.503969,0.4949314,0.4925011,
1,1,0.471,-0.248205,0.03954101,-0.8849835,0.50843,-0.503969,0.4949314,0.4925011,
1,1,0.473,-0.248205,0.03954101,-0.8849835,0.50843,-0.503969,0.4949314,0.4925011,
1,1,0.475,-0.2482046,0.03954486,-0.8849871,0.5084226,-0.5039629,0.4949442,0.4925021,
1,1,0.477,-0.2482046,0.03954486,-0.8849871,0.5084226,-0.5039629,0.4949442,0.4925021,
1,1,0.479,-0.2482046,0.03954486,-0.8849871,0.5084226,-0.5039629,0.4949442,0.4925021,
1,1,0.481,-0.2482046,0.03954486,-0.8849871,0.5084226,-0.5039629,0.4949442,0.4925021,
1,1,0.483,-0.248205,0.03954465,-0.8849866,0.5084226,-0.5039629,0.4949442,0.4925021,
1,1,0.485,-0.248205,0.03954465,-0.8849866,0.5084226,-0.5039629,0.4949442,0.4925021,
1,1,0.487,-0.248205,0.03954465,-0.8849866,0.5084226,-0.5039629,0.4949442,0.4925021,
1,1,0.489,-0.2482005,0.03955191,-0.8849825,0.5084031,-0.5039597,0.4949528,0.4925167,
1,1,0.491,-0.2482005,0.03955191,-0.8849825,0.5084031,-0.5039597,0.4949528,0.4925167,
1,1,0.493,-0.2482005,0.03955191,-0.8849825,0.5084031,-0.5039597,0.4949528,0.4925167,
1,1,0.495,-0.2482005,0.03955191,-0.8849825,0.5084031,-0.5039597,0.4949528,0.4925167,
1,1,0.497,-0.2482003,0.03955244,-0.8849822,0.5084079,-0.5039616,0.4949464,0.4925163,
1,1,0.499,-0.2482003,0.03955244,-0.8849822,0.5084079,-0.5039616,0.4949464,0.4925163,
1,1,0.501,-0.2482003,0.03955244,-0.8849822,0.5084079,-0.5039616,0.4949464,0.4925163,
1,1,0.503,-0.2482003,0.03955244,-0.8849822,0.5084079,-0.5039616,0.4949464,0.4925163,
1,1,0.505,-0.2482064,0.03955001,-0.8849869,0.5084096,-0.5039567,0.4949491,0.4925168,
1,1,0.507,-0.2482064,0.03955001,-0.8849869,0.5084096,-0.5039567,0.4949491,0.4925168,
1,1,0.509,-0.2482064,0.03955001,-0.8849869,0.5084096,-0.5039567,0.4949491,0.4925168,
1,1,0.511,-0.2482064,0.03955001,-0.8849869,0.5084096,-0.5039567,0.4949491,0.4925168,
1,1,0.513,-0.2482078,0.03954959,-0.8849871,0.5084096,-0.5039567,0.4949491,0.4925168,
1,1,0.515,-0.2482078,0.03954959,-0.8849871,0.5084096,-0.5039567,0.4949491,0.4925168,
1,1,0.517,-0.2482078,0.03954959,-0.8849871,0.5084096,-0.5039567,0.4949491,0.4925168,
1,1,0.519,-0.2482078,0.03954959,-0.8849871,0.5084096,-0.5039567,0.4949491,0.4925168,
1,1,0.521,-0.2482114,0.03954495,-0.8849918,0.5084101,-0.5039636,0.4949442,0.4925141,
1,1,0.523,-0.2482114,0.03954495,-0.8849918,0.5084101,-0.5039636,0.4949442,0.4925141,
1,1,0.525,-0.2482114,0.03954495,-0.8849918,0.5084101,-0.5039636,0.4949442,0.4925141,
1,1,0.527,-0.2482109,0.03954902,-0.8849907,0.5083949,-0.5039756,0.4949362,0.4925257,
1,1,0.529,-0.2482109,0.03954902,-0.8849907,0.5083949,-0.5039756,0.4949362,0.4925257,
1,1,0.531,-0.2482109,0.03954902,-0.8849907,0.5083949,-0.5039756,0.4949362,0.4925257,
1,1,0.533,-0.2482109,0.03954902,-0.8849907,0.5083949,-0.5039756,0.4949362,0.4925257,
1,1,0.535,-0.2482122,0.03955185,-0.8849916,0.5083935,-0.5039827,0.4949504,0.4925055,
1,1,0.537,-0.2482122,0.03955185,-0.8849916,0.5083935,-0.5039827,0.4949504,0.4925055,
1,1,0.539,-0.2482122,0.03955185,-0.8849916,0.5083935,-0.5039827,0.4949504,0.4925055,
1,1,0.541,-0.2482122,0.03955185,-0.8849916,0.5083935,-0.5039827,0.4949504,0.4925055,
1,1,0.543,-0.2481952,0.03954154,-0.8849994,0.508411,-0.503967,0.4949503,0.4925036,
1,1,0.545,-0.2481952,0.03954154,-0.8849994,0.508411,-0.503967,0.4949503,0.4925036,
1,1,0.547,-0.2481952,0.03954154,-0.8849994,0.508411,-0.503967,0.4949503,0.4925036,
1,1,0.549,-0.2481952,0.03954154,-0.8849994,0.508411,-0.503967,0.4949503,0.4925036,
1,1,0.551,-0.2481971,0.03954961,-0.8849953,0.5084194,-0.5039522,0.494936,0.4925244,
1,1,0.553,-0.2481971,0.03954961,-0.8849953,0.5084194,-0.5039522,0.494936,0.4925244,
1,1,0.555,-0.2481971,0.03954961,-0.8849953,0.5084194,-0.5039522,0.494936,0.4925244,
1,1,0.557,-0.2481971,0.03954961,-0.8849953,0.5084194,-0.5039522,0.494936,0.4925244,
1,1,0.559,-0.2481944,0.03955202,-0.8849938,0.5084159,-0.5039586,0.4949231,0.4925345,
1,1,0.561,-0.2481944,0.03955202,-0.8849938,0.5084159,-0.5039586,0.4949231,0.4925345,
1,1,0.563,-0.2481944,0.03955202,-0.8849938,0.5084159,-0.5039586,0.4949231,0.4925345,
1,1,0.565,-0.2481944,0.03955202,-0.8849938,0.5084159,-0.5039586,0.4949231,0.4925345,
1,1,0.567,-0.2481941,0.03955288,-0.8849937,0.5084159,-0.5039586,0.4949231,0.4925345,
1,1,0.569,-0.2481941,0.03955288,-0.8849937,0.5084159,-0.5039586,0.4949231,0.4925345,
1,1,0.571,-0.2481941,0.03955288,-0.8849937,0.5084159,-0.5039586,0.4949231,0.4925345,
1,1,0.573,-0.248193,0.03954873,-0.8849933,0.5084209,-0.5039613,0.4949286,0.492521,
1,1,0.575,-0.248193,0.03954873,-0.8849933,0.5084209,-0.5039613,0.4949286,0.492521,
1,1,0.577,-0.248193,0.03954873,-0.8849933,0.5084209,-0.5039613,0.4949286,0.492521,
1,1,0.579,-0.248193,0.03954873,-0.8849933,0.5084209,-0.5039613,0.4949286,0.492521,
1,1,0.581,-0.2481953,0.03954326,-0.8850012,0.508438,-0.5039626,0.4949163,0.4925144,
1,1,0.583,-0.2481953,0.03954326,-0.8850012,0.508438,-0.5039626,0.4949163,0.4925144,
1,1,0.585,-0.2481953,0.03954326,-0.8850012,0.508438,-0.5039626,0.4949163,0.4925144,
1,1,0.587,-0.2481953,0.03954326,-0.8850012,0.508438,-0.5039626,0.4949163,0.4925144,
1,1,0.589,-0.2481961,0.03955638,-0.8849908,0.5084246,-0.5039546,0.4949418,0.4925108,
1,1,0.591,-0.2481961,0.03955638,-0.8849908,0.5084246,-0.5039546,0.4949418,0.4925108,
1,1,0.593,-0.2481961,0.03955638,-0.8849908,0.5084246,-0.5039546,0.4949418,0.4925108,
1,1,0.595,-0.2481961,0.03955638,-0.8849908,0.5084246,-0.5039546,0.4949418,0.4925108,
1,1,0.597,-0.248196,0.03955813,-0.884988,0.5084246,-0.5039546,0.4949418,0.4925108,
1,1,0.599,-0.248196,0.03955813,-0.884988,0.5084246,-0.5039546,0.4949418,0.4925108,
1,1,0.601,-0.248196,0.03955813,-0.884988,0.5084246,-0.5039546,0.4949418,0.4925108,
1,1,0.603,-0.2481806,0.03955455,-0.8849846,0.508419,-0.5039655,0.4949165,0.4925309,
1,1,0.605,-0.2481806,0.03955455,-0.8849846,0.508419,-0.5039655,0.4949165,0.4925309,
1,1,0.607,-0.2481806,0.03955455,-0.8849846,0.508419,-0.5039655,0.4949165,0.4925309,
1,1,0.609,-0.2481806,0.03955455,-0.8849846,0.508419,-0.5039655,0.4949165,0.4925309,
1,1,0.611,-0.2481777,0.03955223,-0.8849909,0.508427,-0.503974,0.4949083,0.4925221,
1,1,0.613,-0.2481777,0.03955223,-0.8849909,0.508427,-0.503974,0.4949083,0.4925221,
1,1,0.615,-0.2481777,0.03955223,-0.8849909,0.508427,-0.503974,0.4949083,0.4925221,
1,1,0.617,-0.2481777,0.03955223,-0.8849909,0.508427,-0.503974,0.4949083,0.4925221,
1,1,0.619,-0.2481802,0.03955144,-0.8849927,0.508432,-0.5039535,0.494922,0.4925242,
1,1,0.621,-0.2481802,0.03955144,-0.8849927,0.508432,-0.5039535,0.494922,0.4925242,
1,1,0.623,-0.2481802,0.03955144,-0.8849927,0.508432,-0.5039535,0.494922,0.4925242,
1,1,0.625,-0.2481802,0.03955144,-0.8849927,0.508432,-0.5039535,0.494922,0.4925242,
1,1,0.627,-0.2481965,0.03954697,-0.8849961,0.5084442,-0.5039566,0.4949219,0.4925085,
1,1,0.629,-0.2481965,0.03954697,-0.8849961,0.5084442,-0.5039566,0.4949219,0.4925085,
1,1,0.631,-0.2481965,0.03954697,-0.8849961,0.5084442,-0.5039566,0.4949219,0.4925085,
1,1,0.633,-0.2481965,0.03954697,-0.8849961,0.5084442,-0.5039566,0.4949219,0.4925085,
1,1,0.635,-0.2482006,0.03954682,-0.8849979,0.5084442,-0.5039566,0.4949219,0.4925085,
1,1,0.637,-0.2482006,0.03954682,-0.8849979,0.5084442,-0.5039566,0.4949219,0.4925085,
1,1,0.639,-0.2482006,0.03954682,-0.8849979,0.5084442,-0.5039566,0.4949219,0.4925085,
1,1,0.641,-0.2482036,0.0395489,-0.8849992,0.5084273,-0.5039729,0.4949194,0.4925119,
1,1,0.643,-0.2482036,0.0395489,-0.8849992,0.5084273,-0.5039729,0.4949194,0.4925119,
1,1,0.645,-0.2482036,0.0395489,-0.8849992,0.5084273,-0.5039729,0.4949194,0.4925119,
1,1,0.647,-0.2482036,0.0395489,-0.8849992,0.5084273,-0.5039729,0.4949194,0.4925119,
1,1,0.649,-0.2481951,0.03954371,-0.8850015,0.5084463,-0.5039612,0.4949147,0.4925089,
1,1,0.651,-0.2481951,0.03954371,-0.8850015,0.5084463,-0.5039612,0.4949147,0.4925089,
1,1,0.653,-0.2481951,0.03954371,-0.8850015,0.5084463,-0.5039612,0.4949147,0.4925089,
1,1,0.655,-0.2481951,0.03954371,-0.8850015,0.5084463,-0.5039612,0.4949147,0.4925089,
1,1,0.657,-0.248197,0.03954665,-0.8849955,0.5084525,-0.5039616,0.4949157,0.4925009,
1,1,0.659,-0.248197,0.03954665,-0.8849955,0.5084525,-0.5039616,0.4949157,0.4925009,
1,1,0.661,-0.248197,0.03954665,-0.8849955,0.5084525,-0.5039616,0.4949157,0.4925009,
1,1,0.663,-0.248197,0.03954665,-0.8849955,0.5084525,-0.5039616,0.4949157,0.4925009,
1,1,0.665,-0.2481949,0.0395435,-0.8849931,0.508441,-0.503956,0.4949226,0.4925117,
1,1,0.667,-0.2481949,0.0395435,-0.8849931,0.508441,-0.503956,0.4949226,0.4925117,
1,1,0.669,-0.2481949,0.0395435,-0.8849931,0.508441,-0.503956,0.4949226,0.4925117,
1,1,0.671,-0.2481951,0.03954155,-0.8849921,0.508441,-0.503956,0.4949226,0.4925117,
1,1,0.673,-0.2481951,0.03954155,-0.8849921,0.508441,-0.503956,0.4949226,0.4925117,
1,1,0.675,-0.2481951,0.03954155,-0.8849921,0.508441,-0.503956,0.4949226,0.4925117,
1,1,0.677,-0.2481951,0.03954155,-0.8849921,0.508441,-0.503956,0.4949226,0.4925117,
1,1,0.679,-0.2481976,0.03953683,-0.8849944,0.5084466,-0.5039661,0.4949097,0.4925086,
1,1,0.681,-0.2481976,0.03953683,-0.8849944,0.5084466,-0.5039661,0.4949097,0.4925086,
1,1,0.683,-0.2481976,0.03953683,-0.8849944,0.5084466,-0.5039661,0.4949097,0.4925086,
1,1,0.685,-0.2481976,0.03953683,-0.8849944,0.5084466,-0.5039661,0.4949097,0.4925086,
1,1,0.687,-0.2481719,0.03955187,-0.8849952,0.5084707,-0.5039364,0.4949134,0.4925102,
1,1,0.689,-0.2481719,0.03955187,-0.8849952,0.5084707,-0.5039364,0.4949134,0.4925102,
1,1,0.691,-0.2481719,0.03955187,-0.8849952,0.5084707,-0.5039364,0.4949134,0.4925102,
1,1,0.693,-0.2481584,0.03956041,-0.8849987,0.5084733,-0.5039251,0.4949049,0.4925277,
1,1,0.695,-0.2481584,0.03956041,-0.8849987,0.5084733,-0.5039251,0.4949049,0.4925277,
1,1,0.697,-0.2481584,0.03956041,-0.8849987,0.5084733,-0.5039251,0.4949049,0.4925277,
1,1,0.699,-0.2481584,0.03956041,-0.8849987,0.5084733,-0.5039251,0.4949049,0.4925277,
1,1,0.701,-0.2481617,0.03955866,-0.8849942,0.5084606,-0.5039193,0.4949241,0.4925276,
1,1,0.703,-0.2481617,0.03955866,-0.8849942,0.5084606,-0.5039193,0.4949241,0.4925276,
1,1,0.705,-0.2481617,0.03955866,-0.8849942,0.5084606,-0.5039193,0.4949241,0.4925276,
1,1,0.707,-0.2481617,0.03955866,-0.8849942,0.5084606,-0.5039193,0.4949241,0.4925276,
1,1,0.709,-0.2481585,0.03955887,-0.8849939,0.5084606,-0.5039193,0.4949241,0.4925276,
1,1,0.711,-0.2481585,0.03955887,-0.8849939,0.5084606,-0.5039193,0.4949241,0.4925276,
1,1,0.713,-0.2481585,0.03955887,-0.8849939,0.5084606,-0.5039193,0.4949241,0.4925276,
1,1,0.715,-0.2481585,0.03955887,-0.8849939,0.5084606,-0.5039193,0.4949241,0.4925276,
1,1,0.717,-0.2481654,0.03954265,-0.8849898,0.5084608,-0.5039386,0.4949135,0.4925182,
1,1,0.719,-0.2481654,0.03954265,-0.8849898,0.5084608,-0.5039386,0.4949135,0.4925182,
1,1,0.721,-0.2481654,0.03954265,-0.8849898,0.5084608,-0.5039386,0.4949135,0.4925182,
1,1,0.723,-0.2481685,0.03953694,-0.8849839,0.5084661,-0.5039393,0.4949156,0.49251,
1,1,0.725,-0.2481685,0.03953694,-0.8849839,0.5084661,-0.5039393,0.4949156,0.49251,
1,1,0.727,-0.2481685,0.03953694,-0.8849839,0.5084661,-0.5039393,0.4949156,0.49251,
1,1,0.729,-0.2481685,0.03953694,-0.8849839,0.5084661,-0.5039393,0.4949156,0.49251,
1,1,0.731,-0.2481685,0.03953694,-0.8849839,0.5084661,-0.5039393,0.4949156,0.49251,
1,1,0.733,-0.2481742,0.03953437,-0.8849837,0.5084594,-0.5039635,0.4949096,0.492498,
1,1,0.735,-0.2481742,0.03953437,-0.8849837,0.5084594,-0.5039635,0.4949096,0.492498,
1,1,0.737,-0.2481742,0.03953437,-0.8849837,0.5084594,-0.5039635,0.4949096,0.492498,
1,1,0.739,-0.2481789,0.03954646,-0.8849895,0.5084544,-0.5039576,0.4949124,0.4925065,
1,1,0.741,-0.2481789,0.03954646,-0.8849895,0.5084544,-0.5039576,0.4949124,0.4925065,
1,1,0.743,-0.2481789,0.03954646,-0.8849895,0.5084544,-0.5039576,0.4949124,0.4925065,
1,1,0.745,-0.2481789,0.03954646,-0.8849895,0.5084544,-0.5039576,0.4949124,0.4925065,
1,1,0.747,-0.2481817,0.03954959,-0.8849905,0.5084544,-0.5039576,0.4949124,0.4925065,
1,1,0.749,-0.2481817,0.03954959,-0.8849905,0.5084544,-0.5039576,0.4949124,0.4925065,
1,1,0.751,-0.2481817,0.03954959,-0.8849905,0.5084544,-0.5039576,0.4949124,0.4925065,
1,1,0.753,-0.2481817,0.03954959,-0.8849905,0.5084544,-0.5039576,0.4949124,0.4925065,
1,1,0.755,-0.248178,0.03955251,-0.8850069,0.5084404,-0.5039508,0.4949276,0.4925127,
1,1,0.757,-0.248178,0.03955251,-0.8850069,0.5084404,-0.5039508,0.4949276,0.4925127,
1,1,0.759,-0.248178,0.03955251,-0.8850069,0.5084404,-0.5039508,0.4949276,0.4925127,
1,1,0.761,-0.2481697,0.03953914,-0.8850011,0.5084531,-0.5039668,0.4949109,0.4925,
1,1,0.763,-0.2481697,0.03953914,-0.8850011,0.5084531,-0.5039668,0.4949109,0.4925,
1,1,0.765,-0.2481697,0.03953914,-0.8850011,0.5084531,-0.5039668,0.4949109,0.4925,
1,1,0.767,-0.2481697,0.03953914,-0.8850011,0.5084531,-0.5039668,0.4949109,0.4925,
1,1,0.769,-0.2481797,0.03953949,-0.88499,0.5084528,-0.5039712,0.4949127,0.492494,
1,1,0.771,-0.2481797,0.03953949,-0.88499,0.5084528,-0.5039712,0.4949127,0.492494,
1,1,0.773,-0.2481797,0.03953949,-0.88499,0.5084528,-0.5039712,0.4949127,0.492494,
1,1,0.775,-0.2481797,0.03953949,-0.88499,0.5084528,-0.5039712,0.4949127,0.492494,
1,1,0.777,-0.2481766,0.03953591,-0.8849869,0.508458,-0.5039567,0.4949215,0.4924946,
1,1,0.779,-0.2481766,0.03953591,-0.8849869,0.508458,-0.5039567,0.4949215,0.4924946,
1,1,0.781,-0.2481766,0.03953591,-0.8849869,0.508458,-0.5039567,0.4949215,0.4924946,
1,1,0.783,-0.2481766,0.03953591,-0.8849869,0.508458,-0.5039567,0.4949215,0.4924946,
1,1,0.785,-0.2481771,0.0395333,-0.8849848,0.508458,-0.5039567,0.4949215,0.4924946,
1,1,0.787,-0.2481771,0.0395333,-0.8849848,0.508458,-0.5039567,0.4949215,0.4924946,
1,1,0.789,-0.2481771,0.0395333,-0.8849848,0.508458,-0.5039567,0.4949215,0.4924946,
1,1,0.791,-0.2481738,0.0395451,-0.8849975,0.5084598,-0.5039468,0.4949318,0.4924925,
1,1,0.793,-0.2481738,0.0395451,-0.8849975,0.5084598,-0.5039468,0.4949318,0.4924925,
1,1,0.795,-0.2481738,0.0395451,-0.8849975,0.5084598,-0.5039468,0.4949318,0.4924925,
1,1,0.797,-0.2481738,0.0395451,-0.8849975,0.5084598,-0.5039468,0.4949318,0.4924925,
1,1,0.799,-0.2481766,0.03954533,-0.8849877,0.5084419,-0.5039626,0.494911,0.4925156,
1,1,0.801,-0.2481766,0.03954533,-0.8849877,0.5084419,-0.5039626,0.494911,0.4925156,
1,1,0.803,-0.2481766,0.03954533,-0.8849877,0.5084419,-0.5039626,0.494911,0.4925156,
1,1,0.805,-0.2481766,0.03954533,-0.8849877,0.5084419,-0.5039626,0.494911,0.4925156,
1,1,0.807,-0.2481775,0.03954551,-0.8849852,0.5084419,-0.5039626,0.494911,0.4925156,
1,1,0.809,-0.2481775,0.03954551,-0.8849852,0.5084419,-0.5039626,0.494911,0.4925156,
1,1,0.811,-0.2481775,0.03954551,-0.8849852,0.5084419,-0.5039626,0.494911,0.4925156,
1,1,0.813,-0.2481775,0.03954551,-0.8849852,0.5084419,-0.5039626,0.494911,0.4925156,
1,1,0.815,-0.2481734,0.03954567,-0.8849784,0.5084437,-0.5039649,0.4949144,0.4925081,
1,1,0.817,-0.2481734,0.03954567,-0.8849784,0.5084437,-0.5039649,0.4949144,0.4925081,
1,1,0.819,-0.2481734,0.03954567,-0.8849784,0.5084437,-0.5039649,0.4949144,0.4925081,
1,1,0.821,-0.2481773,0.03953573,-0.8849802,0.5084378,-0.5039694,0.4949187,0.4925053,
1,1,0.823,-0.2481773,0.03953573,-0.8849802,0.5084378,-0.5039694,0.4949187,0.4925053,
1,1,0.825,-0.2481773,0.03953573,-0.8849802,0.5084378,-0.5039694,0.4949187,0.4925053,
1,1,0.827,-0.2481773,0.03953573,-0.8849802,0.5084378,-0.5039694,0.4949187,0.4925053,
1,1,0.829,-0.2481732,0.03953028,-0.8849818,0.5084491,-0.5039737,0.4949068,0.492501,
1,1,0.831,-0.2481732,0.03953028,-0.8849818,0.5084491,-0.5039737,0.4949068,0.492501,
1,1,0.833,-0.2481732,0.03953028,-0.8849818,0.5084491,-0.5039737,0.4949068,0.492501,
1,1,0.835,-0.2481732,0.03953028,-0.8849818,0.5084491,-0.5039737,0.4949068,0.492501,
1,1,0.837,-0.248184,0.03953839,-0.8849836,0.5084346,-0.5039613,0.4949218,0.4925137,
1,1,0.839,-0.248184,0.03953839,-0.8849836,0.5084346,-0.5039613,0.4949218,0.4925137,
1,1,0.841,-0.248184,0.03953839,-0.8849836,0.5084346,-0.5039613,0.4949218,0.4925137,
1,1,0.843,-0.248184,0.03953839,-0.8849836,0.5084346,-0.5039613,0.4949218,0.4925137,
1,1,0.845,-0.2481865,0.0395372,-0.8849835,0.5084346,-0.5039613,0.4949218,0.4925137,
1,1,0.847,-0.2481865,0.0395372,-0.8849835,0.5084346,-0.5039613,0.4949218,0.4925137,
1,1,0.849,-0.2481865,0.0395372,-0.8849835,0.5084346,-0.5039613,0.4949218,0.4925137,
1,1,0.851,-0.2481811,0.03953373,-0.8849862,0.5084288,-0.5039665,0.4949186,0.4925177,
1,1,0.853,-0.2481811,0.03953373,-0.8849862,0.5084288,-0.5039665,0.4949186,0.4925177,
1,1,0.855,-0.2481811,0.03953373,-0.8849862,0.5084288,-0.5039665,0.4949186,0.4925177,
1,1,0.857,-0.2481811,0.03953373,-0.8849862,0.5084288,-0.5039665,0.4949186,0.4925177,
1,1,0.859,-0.2481747,0.03953059,-0.8849915,0.5084351,-0.503963,0.4949205,0.4925129,
1,1,0.861,-0.2481747,0.03953059,-0.8849915,0.5084351,-0.503963,0.4949205,0.4925129,
1,1,0.863,-0.2481747,0.03953059,-0.8849915,0.5084351,-0.503963,0.4949205,0.4925129,
1,1,0.865,-0.2481747,0.03953059,-0.8849915,0.5084351,-0.503963,0.4949205,0.4925129,
1,1,0.867,-0.2481718,0.0395465,-0.8849838,0.5084276,-0.5039648,0.4949127,0.4925265,
1,1,0.869,-0.2481718,0.0395465,-0.8849838,0.5084276,-0.5039648,0.4949127,0.4925265,
1,1,0.871,-0.2481718,0.0395465,-0.8849838,0.5084276,-0.5039648,0.4949127,0.4925265,
1,1,0.873,-0.2481718,0.0395465,-0.8849838,0.5084276,-0.5039648,0.4949127,0.4925265,
1,1,0.875,-0.2481732,0.03954927,-0.8849854,0.5084267,-0.5039634,0.494903,0.4925385,
1,1,0.877,-0.2481732,0.03954927,-0.8849854,0.5084267,-0.5039634,0.494903,0.4925385,
1,1,0.879,-0.2481732,0.03954927,-0.8849854,0.5084267,-0.5039634,0.494903,0.4925385,
1,1,0.881,-0.2481732,0.03954927,-0.8849854,0.5084267,-0.5039634,0.494903,0.4925385,
1,1,0.883,-0.2481741,0.03955198,-0.8849851,0.5084267,-0.5039634,0.494903,0.4925385,
1,1,0.885,-0.2481741,0.03955198,-0.8849851,0.5084267,-0.5039634,0.494903,0.4925385,
1,1,0.887,-0.2481741,0.03955198,-0.8849851,0.5084267,-0.5039634,0.494903,0.4925385,
1,1,0.889,-0.2481877,0.03955208,-0.8849918,0.5084364,-0.5039502,0.4949276,0.4925173,
1,1,0.891,-0.2481877,0.03955208,-0.8849918,0.5084364,-0.5039502,0.4949276,0.4925173,
1,1,0.893,-0.2481877,0.03955208,-0.8849918,0.5084364,-0.5039502,0.4949276,0.4925173,
1,1,0.895,-0.2481877,0.03955208,-0.8849918,0.5084364,-0.5039502,0.4949276,0.4925173,
1,1,0.897,-0.2481822,0.03954497,-0.8849915,0.5084422,-0.5039755,0.4949073,0.4925059,
1,1,0.899,-0.2481822,0.03954497,-0.8849915,0.5084422,-0.5039755,0.4949073,0.4925059,
1,1,0.901,-0.2481822,0.03954497,-0.8849915,0.5084422,-0.5039755,0.4949073,0.4925059,
1,1,0.903,-0.2481822,0.03954497,-0.8849915,0.5084422,-0.5039755,0.4949073,0.4925059,
1,1,0.905,-0.2481801,0.03953822,-0.8849863,0.5084491,-0.5039672,0.494906,0.4925086,
1,1,0.907,-0.2481801,0.03953822,-0.8849863,0.5084491,-0.5039672,0.494906,0.4925086,
1,1,0.909,-0.2481801,0.03953822,-0.8849863,0.5084491,-0.5039672,0.494906,0.4925086,
1,1,0.911,-0.2481801,0.03953822,-0.8849863,0.5084491,-0.5039672,0.494906,0.4925086,
1,1,0.913,-0.2481948,0.03953929,-0.8849853,0.5084414,-0.5039563,0.4949203,0.4925133,
1,1,0.915,-0.2481948,0.03953929,-0.8849853,0.5084414,-0.5039563,0.4949203,0.4925133,
1,1,0.917,-0.2481948,0.03953929,-0.8849853,0.5084414,-0.5039563,0.4949203,0.4925133,
1,1,0.919,-0.2481793,0.03955613,-0.8849856,0.508429,-0.5039495,0.4949141,0.4925393,
1,1,0.921,-0.2481793,0.03955613,-0.8849856,0.508429,-0.5039495,0.4949141,0.4925393,
1,1,0.923,-0.2481793,0.03955613,-0.8849856,0.508429,-0.5039495,0.4949141,0.4925393,
1,1,0.925,-0.2481793,0.03955613,-0.8849856,0.508429,-0.5039495,0.4949141,0.4925393,
1,1,0.927,-0.2481838,0.03955247,-0.8849874,0.5084331,-0.5039399,0.4949277,0.4925312,
1,1,0.929,-0.2481838,0.03955247,-0.8849874,0.5084331,-0.5039399,0.4949277,0.4925312,
1,1,0.931,-0.2481838,0.03955247,-0.8849874,0.5084331,-0.5039399,0.4949277,0.4925312,
1,1,0.933,-0.2481838,0.03955247,-0.8849874,0.5084331,-0.5039399,0.4949277,0.4925312,
1,1,0.935,-0.2481888,0.03954973,-0.8849838,0.5084349,-0.5039536,0.4949166,0.4925264,
1,1,0.937,-0.2481888,0.03954973,-0.8849838,0.5084349,-0.5039536,0.4949166,0.4925264,
1,1,0.939,-0.2481888,0.03954973,-0.8849838,0.5084349,-0.5039536,0.4949166,0.4925264,
1,1,0.941,-0.2481888,0.03954973,-0.8849838,0.5084349,-0.5039536,0.4949166,0.4925264,
1,1,0.943,-0.248179,0.03953858,-0.8849886,0.5084385,-0.5039611,0.4949054,0.4925264,
1,1,0.945,-0.248179,0.03953858,-0.8849886,0.5084385,-0.5039611,0.4949054,0.4925264,
1,1,0.947,-0.248179,0.03953858,-0.8849886,0.5084385,-0.5039611,0.4949054,0.4925264,
1,1,0.949,-0.248177,0.03953714,-0.8849896,0.5084385,-0.5039611,0.4949054,0.4925264,
1,1,0.951,-0.248177,0.03953714,-0.8849896,0.5084385,-0.5039611,0.4949054,0.4925264,
1,1,0.953,-0.248177,0.03953714,-0.8849896,0.5084385,-0.5039611,0.4949054,0.4925264,
1,1,0.955,-0.248177,0.03953714,-0.8849896,0.5084385,-0.5039611,0.4949054,0.4925264,
1,1,0.957,-0.2481785,0.03955004,-0.8849877,0.5084295,-0.5039462,0.4949251,0.4925311,
1,1,0.959,-0.2481785,0.03955004,-0.8849877,0.5084295,-0.5039462,0.4949251,0.4925311,
1,1,0.961,-0.2481785,0.03955004,-0.8849877,0.5084295,-0.5039462,0.4949251,0.4925311,
1,1,0.963,-0.2481785,0.03955004,-0.8849877,0.5084295,-0.5039462,0.4949251,0.4925311,
1,1,0.965,-0.2481866,0.03953988,-0.8849882,0.5084215,-0.5039339,0.49495,0.4925269,
1,1,0.967,-0.2481866,0.03953988,-0.8849882,0.5084215,-0.5039339,0.49495,0.4925269,
1,1,0.969,-0.2481866,0.03953988,-0.8849882,0.5084215,-0.5039339,0.49495,0.4925269,
1,1,0.971,-0.2481732,0.03954638,-0.8849861,0.5084233,-0.5039368,0.4949402,0.492532,
1,1,0.973,-0.2481732,0.03954638,-0.8849861,0.5084233,-0.5039368,0.4949402,0.492532,
1,1,0.975,-0.2481732,0.03954638,-0.8849861,0.5084233,-0.5039368,0.4949402,0.492532,
1,1,0.977,-0.2481732,0.03954638,-0.8849861,0.5084233,-0.5039368,0.4949402,0.492532,
1,1,0.979,-0.2481879,0.03954972,-0.884981,0.5084223,-0.5039299,0.4949492,0.4925311,
1,1,0.981,-0.2481879,0.03954972,-0.884981,0.5084223,-0.5039299,0.4949492,0.4925311,
1,1,0.983,-0.2481879,0.03954972,-0.884981,0.5084223,-0.5039299,0.4949492,0.4925311,
1,1,0.985,-0.2481879,0.03954972,-0.884981,0.5084223,-0.5039299,0.4949492,0.4925311,
1,1,0.987,-0.2481899,0.03954951,-0.8849797,0.5084223,-0.5039299,0.4949492,0.4925311,
1,1,0.989,-0.2481899,0.03954951,-0.8849797,0.5084223,-0.5039299,0.4949492,0.4925311,
1,1,0.991,-0.2481899,0.03954951,-0.8849797,0.5084223,-0.5039299,0.4949492,0.4925311,
1,1,0.993,-0.2481899,0.03954951,-0.8849797,0.5084223,-0.5039299,0.4949492,0.4925311,
1,1,0.995,-0.2481849,0.03954799,-0.8849838,0.5084312,-0.5039232,0.4949501,0.4925278,
1,1,0.997,-0.2481849,0.03954799,-0.8849838,0.5084312,-0.5039232,0.4949501,0.4925278,
1,1,0.999,-0.2481849,0.03954799,-0.8849838,0.5084312,-0.5039232,0.4949501,0.4925278,
1,1,1.001,-0.2481849,0.03954799,-0.8849838,0.5084312,-0.5039232,0.4949501,0.4925278,
1,1,1.003,-0.248183,0.0395595,-0.8849857,0.5084094,-0.5039335,0.4949602,0.4925296,
1,1,1.005,-0.248183,0.0395595,-0.8849857,0.5084094,-0.5039335,0.4949602,0.4925296,
1,1,1.007,-0.248183,0.0395595,-0.8849857,0.5084094,-0.5039335,0.4949602,0.4925296,
1,1,1.009,-0.248183,0.0395595,-0.8849857,0.5084094,-0.5039335,0.4949602,0.4925296,
1,1,1.011,-0.2481883,0.0395553,-0.884981,0.508404,-0.5039521,0.4949469,0.4925295,
1,1,1.013,-0.2481883,0.0395553,-0.884981,0.508404,-0.5039521,0.4949469,0.4925295,
1,1,1.015,-0.2481883,0.0395553,-0.884981,0.508404,-0.5039521,0.4949469,0.4925295,
1,1,1.017,-0.248189,0.03955641,-0.8849797,0.508404,-0.5039521,0.4949469,0.4925295,
1,1,1.019,-0.248189,0.03955641,-0.8849797,0.508404,-0.5039521,0.4949469,0.4925295,
1,1,1.021,-0.248189,0.03955641,-0.8849797,0.508404,-0.5039521,0.4949469,0.4925295,
1,1,1.023,-0.248189,0.03955641,-0.8849797,0.508404,-0.5039521,0.4949469,0.4925295,
1,1,1.025,-0.248195,0.03954911,-0.8849875,0.5083998,-0.5039569,0.4949415,0.4925342,
1,1,1.027,-0.248195,0.03954911,-0.8849875,0.5083998,-0.5039569,0.4949415,0.4925342,
1,1,1.029,-0.248195,0.03954911,-0.8849875,0.5083998,-0.5039569,0.4949415,0.4925342,
1,1,1.031,-0.248195,0.03954911,-0.8849875,0.5083998,-0.5039569,0.4949415,0.4925342,
1,1,1.033,-0.2481768,0.03955293,-0.8849904,0.5084013,-0.5039619,0.4949369,0.4925322,
1,1,1.035,-0.2481768,0.03955293,-0.8849904,0.5084013,-0.5039619,0.4949369,0.4925322,
1,1,1.037,-0.2481768,0.03955293,-0.8849904,0.5084013,-0.5039619,0.4949369,0.4925322,
1,1,1.039,-0.2481729,0.03954554,-0.8849953,0.5084142,-0.503971,0.4949329,0.4925138,
1,1,1.041,-0.2481729,0.03954554,-0.8849953,0.5084142,-0.503971,0.4949329,0.4925138,
1,1,1.043,-0.2481729,0.03954554,-0.8849953,0.5084142,-0.503971,0.4949329,0.4925138,
1,1,1.045,-0.2481729,0.03954554,-0.8849953,0.5084142,-0.503971,0.4949329,0.4925138,
1,1,1.047,-0.2481729,0.03954554,-0.8849953,0.5084142,-0.503971,0.4949329,0.4925138,
1,1,1.049,-0.2481836,0.03952949,-0.8849916,0.5084356,-0.5039663,0.4949261,0.492503,
1,1,1.051,-0.2481836,0.03952949,-0.8849916,0.5084356,-0.5039663,0.4949261,0.492503,
1,1,1.053,-0.2481836,0.03952949,-0.8849916,0.5084356,-0.5039663,0.4949261,0.492503,
1,1,1.055,-0.2481848,0.03952599,-0.8849917,0.5084356,-0.5039663,0.4949261,0.492503,
1,1,1.057,-0.2481848,0.03952599,-0.8849917,0.5084356,-0.5039663,0.4949261,0.492503,
1,1,1.059,-0.2481848,0.03952599,-0.8849917,0.5084356,-0.5039663,0.4949261,0.492503,
1,1,1.061,-0.2481848,0.03952599,-0.8849917,0.5084356,-0.5039663,0.4949261,0.492503,
1,1,1.063,-0.2481845,0.03953088,-0.8849845,0.5084356,-0.5039743,0.4949201,0.4925011,
1,1,1.065,-0.2481845,0.03953088,-0.8849845,0.5084356,-0.5039743,0.4949201,0.4925011,
1,1,1.067,-0.2481845,0.03953088,-0.8849845,0.5084356,-0.5039743,0.4949201,0.4925011,
1,1,1.069,-0.2481816,0.03952237,-0.8849955,0.5084393,-0.5039865,0.4948977,0.4925072,
1,1,1.071,-0.2481816,0.03952237,-0.8849955,0.5084393,-0.5039865,0.4948977,0.4925072,
1,1,1.073,-0.2481816,0.03952237,-0.8849955,0.5084393,-0.5039865,0.4948977,0.4925072,
1,1,1.075,-0.2481816,0.03952237,-0.8849955,0.5084393,-0.5039865,0.4948977,0.4925072,
1,1,1.077,-0.2481816,0.03952237,-0.8849955,0.5084393,-0.5039865,0.4948977,0.4925072,
1,1,1.079,-0.2481886,0.03954394,-0.8849893,0.5084391,-0.5039725,0.4949301,0.4924892,
1,1,1.081,-0.2481886,0.03954394,-0.8849893,0.5084391,-0.5039725,0.4949301,0.4924892,
1,1,1.083,-0.2481886,0.03954394,-0.8849893,0.5084391,-0.5039725,0.4949301,0.4924892,
1,1,1.085,-0.2481886,0.03954394,-0.8849893,0.5084391,-0.5039725,0.4949301,0.4924892,
1,1,1.087,-0.2481968,0.03953492,-0.8849953,0.5084425,-0.5039936,0.4949167,0.4924776,
1,1,1.089,-0.2481968,0.03953492,-0.8849953,0.5084425,-0.5039936,0.4949167,0.4924776,
1,1,1.091,-0.2481968,0.03953492,-0.8849953,0.5084425,-0.5039936,0.4949167,0.4924776,
1,1,1.093,-0.2481877,0.03953903,-0.8849944,0.5084398,-0.5039722,0.4949254,0.4924935,
1,1,1.095,-0.2481877,0.03953903,-0.8849944,0.5084398,-0.5039722,0.4949254,0.4924935,
1,1,1.097,-0.2481877,0.03953903,-0.8849944,0.5084398,-0.5039722,0.4949254,0.4924935,
1,1,1.099,-0.2481877,0.03953903,-0.8849944,0.5084398,-0.5039722,0.4949254,0.4924935,
1,1,1.101,-0.2481842,0.03954612,-0.8849941,0.5084315,-0.5039763,0.4949211,0.4925023,
1,1,1.103,-0.2481842,0.03954612,-0.8849941,0.5084315,-0.5039763,0.4949211,0.4925023,
1,1,1.105,-0.2481842,0.03954612,-0.8849941,0.5084315,-0.5039763,0.4949211,0.4925023,
1,1,1.107,-0.2481842,0.03954612,-0.8849941,0.5084315,-0.5039763,0.4949211,0.4925023,
1,1,1.109,-0.2481829,0.03954823,-0.8849946,0.5084315,-0.5039763,0.4949211,0.4925023,
1,1,1.111,-0.2481829,0.03954823,-0.8849946,0.5084315,-0.5039763,0.4949211,0.4925023,
1,1,1.113,-0.2481829,0.03954823,-0.8849946,0.5084315,-0.5039763,0.4949211,0.4925023,
1,1,1.115,-0.2481829,0.03954823,-0.8849946,0.5084315,-0.5039763,0.4949211,0.4925023,
1,1,1.117,-0.248177,0.03954645,-0.8849902,0.5084325,-0.5039494,0.4949434,0.4925064,
1,1,1.119,-0.248177,0.03954645,-0.8849902,0.5084325,-0.5039494,0.4949434,0.4925064,
1,1,1.121,-0.248177,0.03954645,-0.8849902,0.5084325,-0.5039494,0.4949434,0.4925064,
1,1,1.123,-0.2481751,0.03953684,-0.8849926,0.5084457,-0.5039592,0.4949278,0.4924985,
1,1,1.125,-0.2481751,0.03953684,-0.8849926,0.5084457,-0.5039592,0.4949278,0.4924985,
1,1,1.127,-0.2481751,0.03953684,-0.8849926,0.5084457,-0.5039592,0.4949278,0.4924985,
1,1,1.129,-0.2481751,0.03953684,-0.8849926,0.5084457,-0.5039592,0.4949278,0.4924985,
1,1,1.131,-0.2481804,0.03956096,-0.8849832,0.5084136,-0.5039218,0.4949769,0.4925204,
1,1,1.133,-0.2481804,0.03956096,-0.8849832,0.5084136,-0.5039218,0.4949769,0.4925204,
1,1,1.135,-0.2481804,0.03956096,-0.8849832,0.5084136,-0.5039218,0.4949769,0.4925204,
1,1,1.137,-0.2481804,0.03956096,-0.8849832,0.5084136,-0.5039218,0.4949769,0.4925204,
1,1,1.139,-0.2481853,0.0395571,-0.884984,0.5084202,-0.5039282,0.4949825,0.4925013,
1,1,1.141,-0.2481853,0.0395571,-0.884984,0.5084202,-0.5039282,0.4949825,0.4925013,
1,1,1.143,-0.2481853,0.0395571,-0.884984,0.5084202,-0.5039282,0.4949825,0.4925013,
1,1,1.145,-0.2481853,0.0395571,-0.884984,0.5084202,-0.5039282,0.4949825,0.4925013,
1,1,1.147,-0.248182,0.03953964,-0.884989,0.5084364,-0.5039591,0.4949397,0.4924961,
1,1,1.149,-0.248182,0.03953964,-0.884989,0.5084364,-0.5039591,0.4949397,0.4924961,
1,1,1.151,-0.248182,0.03953964,-0.884989,0.5084364,-0.5039591,0.4949397,0.4924961,
1,1,1.153,-0.248182,0.03953964,-0.884989,0.5084364,-0.5039591,0.4949397,0.4924961,
1,1,1.155,-0.2481825,0.03953791,-0.8849901,0.5084364,-0.5039591,0.4949397,0.4924961,
1,1,1.157,-0.2481825,0.03953791,-0.8849901,0.5084364,-0.5039591,0.4949397,0.4924961,
1,1,1.159,-0.2481825,0.03953791,-0.8849901,0.5084364,-0.5039591,0.4949397,0.4924961,
1,1,1.161,-0.2481825,0.03953791,-0.8849901,0.5084364,-0.5039591,0.4949397,0.4924961,
1,1,1.163,-0.2481755,0.03954282,-0.8849878,0.5084512,-0.5039462,0.4949412,0.4924924,
1,1,1.165,-0.2481755,0.03954282,-0.8849878,0.5084512,-0.5039462,0.4949412,0.4924924,
1,1,1.167,-0.2481755,0.03954282,-0.8849878,0.5084512,-0.5039462,0.4949412,0.4924924,
1,1,1.169,-0.2481767,0.03953964,-0.8849892,0.5084606,-0.5039579,0.4949182,0.492494,
1,1,1.171,-0.2481767,0.03953964,-0.8849892,0.5084606,-0.5039579,0.4949182,0.492494,
1,1,1.173,-0.2481767,0.03953964,-0.8849892,0.5084606,-0.5039579,0.4949182,0.492494,
1,1,1.175,-0.2481767,0.03953964,-0.8849892,0.5084606,-0.5039579,0.4949182,0.492494,
1,1,1.177,-0.248187,0.03953279,-0.8849838,0.5084499,-0.5039605,0.4949273,0.4924932,
1,1,1.179,-0.248187,0.03953279,-0.8849838,0.5084499,-0.5039605,0.4949273,0.4924932,
1,1,1.181,-0.248187,0.03953279,-0.8849838,0.5084499,-0.5039605,0.4949273,0.4924932,CourtEnter
1,1,1.183,-0.248187,0.03953279,-0.8849838,0.5084499,-0.5039605,0.4949273,0.4924932,
1,1,1.185,-0.2481669,0.03954642,-0.8849794,0.5084457,-0.5039566,0.4949087,0.4925202,
1,1,1.187,-0.2481669,0.03954642,-0.8849794,0.5084457,-0.5039566,0.4949087,0.4925202,
1,1,1.189,-0.2481669,0.03954642,-0.8849794,0.5084457,-0.5039566,0.4949087,0.4925202,CourtExit
1,1,1.191,-0.2481669,0.03954642,-0.8849794,0.5084457,-0.5039566,0.4949087,0.4925202,
1,1,1.193,-0.2481836,0.03955635,-0.8849783,0.5084225,-0.5039466,0.4949327,0.4925302,
1,1,1.195,-0.2481836,0.03955635,-0.8849783,0.5084225,-0.5039466,0.4949327,0.4925302,
1,1,1.197,-0.2481836,0.03955635,-0.8849783,0.5084225,-0.5039466,0.4949327,0.4925302,
1,1,1.199,-0.2481836,0.03955635,-0.8849783,0.5084225,-0.5039466,0.4949327,0.4925302,
1,1,1.201,-0.2481836,0.03955635,-0.8849783,0.5084225,-0.5039466,0.4949327,0.4925302,
1,1,1.203,-0.2481903,0.03955124,-0.8849843,0.5084327,-0.5039522,0.4949326,0.4925141,
1,1,1.205,-0.2481903,0.03955124,-0.8849843,0.5084327,-0.5039522,0.4949326,0.4925141,
1,1,1.207,-0.2481903,0.03955124,-0.8849843,0.5084327,-0.5039522,0.4949326,0.4925141,
1,1,1.209,-0.2481903,0.03955124,-0.8849843,0.5084327,-0.5039522,0.4949326,0.4925141,
1,1,1.211,-0.2481855,0.0395455,-0.884985,0.5084473,-0.5039515,0.4949355,0.4924968,
1,1,1.213,-0.2481855,0.0395455,-0.884985,0.5084473,-0.5039515,0.4949355,0.4924968,
1,1,1.215,-0.2481855,0.0395455,-0.884985,0.5084473,-0.5039515,0.4949355,0.4924968,
1,1,1.217,-0.2481855,0.0395455,-0.884985,0.5084473,-0.5039515,0.4949355,0.4924968,
1,1,1.219,-0.248179,0.03955157,-0.884985,0.5084434,-0.5039335,0.4949555,0.4924992,
1,1,1.221,-0.248179,0.03955157,-0.884985,0.5084434,-0.5039335,0.4949555,0.4924992,
1,1,1.223,-0.248179,0.03955157,-0.884985,0.5084434,-0.5039335,0.4949555,0.4924992,
1,1,1.225,-0.248179,0.03955157,-0.884985,0.5084434,-0.5039335,0.4949555,0.4924992,
1,1,1.227,-0.2481816,0.03955041,-0.8849884,0.5084367,-0.5039589,0.4949353,0.4925004,
1,1,1.229,-0.2481816,0.03955041,-0.8849884,0.5084367,-0.5039589,0.4949353,0.4925004,
1,1,1.231,-0.2481816,0.03955041,-0.8849884,0.5084367,-0.5039589,0.4949353,0.4925004,
1,1,1.233,-0.2481816,0.03955041,-0.8849884,0.5084367,-0.5039589,0.4949353,0.4925004,
1,1,1.235,-0.2481941,0.03953316,-0.8849937,0.5084191,-0.5039839,0.494879,0.4925497,
1,1,1.237,-0.2481941,0.03953316,-0.8849937,0.5084191,-0.5039839,0.494879,0.4925497,
1,1,1.239,-0.2481941,0.03953316,-0.8849937,0.5084191,-0.5039839,0.494879,0.4925497,
1,1,1.241,-0.2481941,0.03953316,-0.8849937,0.5084191,-0.5039839,0.494879,0.4925497,
1,1,1.243,-0.2481804,0.03952549,-0.8849824,0.5084341,-0.5039798,0.4948739,0.4925435,
1,1,1.245,-0.2481804,0.03952549,-0.8849824,0.5084341,-0.5039798,0.4948739,0.4925435,
1,1,1.247,-0.2481804,0.03952549,-0.8849824,0.5084341,-0.5039798,0.4948739,0.4925435,
1,1,1.249,-0.2481804,0.03952549,-0.8849824,0.5084341,-0.5039798,0.4948739,0.4925435,
1,1,1.251,-0.248176,0.03953233,-0.8849813,0.5084502,-0.5039682,0.4948943,0.492518,
1,1,1.253,-0.248176,0.03953233,-0.8849813,0.5084502,-0.5039682,0.4948943,0.492518,
1,1,1.255,-0.248176,0.03953233,-0.8849813,0.5084502,-0.5039682,0.4948943,0.492518,
1,1,1.257,-0.248176,0.03953233,-0.8849813,0.5084502,-0.5039682,0.4948943,0.492518,
1,1,1.259,-0.2481713,0.03953985,-0.8849846,0.5084512,-0.5039464,0.4949305,0.492503,
1,1,1.261,-0.2481713,0.03953985,-0.8849846,0.5084512,-0.5039464,0.4949305,0.492503,
1,1,1.263,-0.2481713,0.03953985,-0.8849846,0.5084512,-0.5039464,0.4949305,0.492503,
1,1,1.265,-0.2481713,0.03953985,-0.8849846,0.5084512,-0.5039464,0.4949305,0.492503,
1,1,1.267,-0.2481802,0.03954747,-0.8849874,0.5084435,-0.5039362,0.4949418,0.4925102,
1,1,1.269,-0.2481802,0.03954747,-0.8849874,0.5084435,-0.5039362,0.4949418,0.4925102,
1,1,1.271,-0.2481802,0.03954747,-0.8849874,0.5084435,-0.5039362,0.4949418,0.4925102,
1,1,1.273,-0.2481872,0.03955897,-0.8849883,0.5084285,-0.5039302,0.4949537,0.4925198,
1,1,1.275,-0.2481872,0.03955897,-0.8849883,0.5084285,-0.5039302,0.4949537,0.4925198,
1,1,1.277,-0.2481872,0.03955897,-0.8849883,0.5084285,-0.5039302,0.4949537,0.4925198,
1,1,1.279,-0.2481872,0.03955897,-0.8849883,0.5084285,-0.5039302,0.4949537,0.4925198,
1,1,1.281,-0.248185,0.03955683,-0.8850018,0.5084268,-0.5039313,0.4949554,0.4925186,
1,1,1.283,-0.248185,0.03955683,-0.8850018,0.5084268,-0.5039313,0.4949554,0.4925186,
1,1,1.285,-0.248185,0.03955683,-0.8850018,0.5084268,-0.5039313,0.4949554,0.4925186,
1,1,1.287,-0.248185,0.03955683,-0.8850018,0.5084268,-0.5039313,0.4949554,0.4925186,
1,1,1.289,-0.2481909,0.03955154,-0.8849967,0.5084312,-0.5039488,0.4949424,0.4925092,
1,1,1.291,-0.2481909,0.03955154,-0.8849967,0.5084312,-0.5039488,0.4949424,0.4925092,
1,1,1.293,-0.2481909,0.03955154,-0.8849967,0.5084312,-0.5039488,0.4949424,0.4925092,
1,1,1.295,-0.2481909,0.03955154,-0.8849967,0.5084312,-0.5039488,0.4949424,0.4925092,
1,1,1.297,-0.2481796,0.03954164,-0.8849907,0.5084389,-0.503954,0.4949362,0.4925022,
1,1,1.299,-0.2481796,0.03954164,-0.8849907,0.5084389,-0.503954,0.4949362,0.4925022,
1,1,1.301,-0.2481796,0.03954164,-0.8849907,0.5084389,-0.503954,0.4949362,0.4925022,
1,1,1.303,-0.2481735,0.03954471,-0.8849878,0.5084535,-0.5039468,0.4949286,0.4925021,
1,1,1.305,-0.2481735,0.03954471,-0.8849878,0.5084535,-0.5039468,0.4949286,0.4925021,
1,1,1.307,-0.2481735,0.03954471,-0.8849878,0.5084535,-0.5039468,0.4949286,0.4925021,
1,1,1.309,-0.2481735,0.03954471,-0.8849878,0.5084535,-0.5039468,0.4949286,0.4925021,
1,1,1.311,-0.2481686,0.03953201,-0.8849903,0.5084757,-0.5039576,0.4948985,0.4924985,
1,1,1.313,-0.2481686,0.03953201,-0.8849903,0.5084757,-0.5039576,0.4948985,0.4924985,
1,1,1.315,-0.2481686,0.03953201,-0.8849903,0.5084757,-0.5039576,0.4948985,0.4924985,
1,1,1.317,-0.2481686,0.03953201,-0.8849903,0.5084757,-0.5039576,0.4948985,0.4924985,
1,1,1.319,-0.2481692,0.03954238,-0.8849932,0.5084515,-0.503958,0.4949119,0.4925095,
1,1,1.321,-0.2481692,0.03954238,-0.8849932,0.5084515,-0.503958,0.4949119,0.4925095,
1,1,1.323,-0.2481692,0.03954238,-0.8849932,0.5084515,-0.503958,0.4949119,0.4925095,
1,1,1.325,-0.2481692,0.03954238,-0.8849932,0.5084515,-0.503958,0.4949119,0.4925095,
1,1,1.327,-0.2481719,0.03954321,-0.8849931,0.5084462,-0.5039367,0.4949253,0.4925233,
1,1,1.329,-0.2481719,0.03954321,-0.8849931,0.5084462,-0.5039367,0.4949253,0.4925233,
1,1,1.331,-0.2481719,0.03954321,-0.8849931,0.5084462,-0.5039367,0.4949253,0.4925233,
1,1,1.333,-0.2481719,0.03954321,-0.8849931,0.5084462,-0.5039367,0.4949253,0.4925233,
1,1,1.335,-0.2481759,0.03955035,-0.8849974,0.5084412,-0.503957,0.4949155,0.4925176,
1,1,1.337,-0.2481759,0.03955035,-0.8849974,0.5084412,-0.503957,0.4949155,0.4925176,
1,1,1.339,-0.2481759,0.03955035,-0.8849974,0.5084412,-0.503957,0.4949155,0.4925176,
1,1,1.341,-0.2481787,0.03953533,-0.884994,0.5084534,-0.5039805,0.4949075,0.492489,
1,1,1.343,-0.2481787,0.03953533,-0.884994,0.5084534,-0.5039805,0.4949075,0.492489,
1,1,1.345,-0.2481787,0.03953533,-0.884994,0.5084534,-0.5039805,0.4949075,0.492489,
1,1,1.347,-0.2481787,0.03953533,-0.884994,0.5084534,-0.5039805,0.4949075,0.492489,
1,1,1.349,-0.2481732,0.03953459,-0.8849926,0.5084514,-0.5039796,0.4949099,0.4924895,
1,1,1.351,-0.2481732,0.03953459,-0.8849926,0.5084514,-0.5039796,0.4949099,0.4924895,
1,1,1.353,-0.2481732,0.03953459,-0.8849926,0.5084514,-0.5039796,0.4949099,0.4924895,
1,1,1.355,-0.2481732,0.03953459,-0.8849926,0.5084514,-0.5039796,0.4949099,0.4924895,
1,1,1.357,-0.2481711,0.03954207,-0.8850008,0.5084521,-0.5039757,0.4949041,0.4924987,
1,1,1.359,-0.2481711,0.03954207,-0.8850008,0.5084521,-0.5039757,0.4949041,0.4924987,
1,1,1.361,-0.2481711,0.03954207,-0.8850008,0.5084521,-0.5039757,0.4949041,0.4924987,
1,1,1.363,-0.2481674,0.03954437,-0.8849894,0.5084412,-0.5039788,0.4949026,0.4925084,
1,1,1.365,-0.2481674,0.03954437,-0.8849894,0.5084412,-0.5039788,0.4949026,0.4925084,
1,1,1.367,-0.2481674,0.03954437,-0.8849894,0.5084412,-0.5039788,0.4949026,0.4925084,
1,1,1.369,-0.2481674,0.03954437,-0.8849894,0.5084412,-0.5039788,0.4949026,0.4925084,
1,1,1.371,-0.2481797,0.0395215,-0.8850035,0.5084432,-0.5039893,0.4948596,0.4925387,
1,1,1.373,-0.2481797,0.0395215,-0.8850035,0.5084432,-0.5039893,0.4948596,0.4925387,
1,1,1.375,-0.2481797,0.0395215,-0.8850035,0.5084432,-0.5039893,0.4948596,0.4925387,
1,1,1.377,-0.2481797,0.0395215,-0.8850035,0.5084432,-0.5039893,0.4948596,0.4925387,
1,1,1.379,-0.2481863,0.03952294,-0.8849981,0.5084312,-0.5039915,0.4948722,0.4925362,
1,1,1.381,-0.2481863,0.03952294,-0.8849981,0.5084312,-0.5039915,0.4948722,0.4925362,
1,1,1.383,-0.2481863,0.03952294,-0.8849981,0.5084312,-0.5039915,0.4948722,0.4925362,
1,1,1.385,-0.2481765,0.03954366,-0.8849853,0.5084326,-0.5039676,0.4949032,0.492528,
1,1,1.387,-0.2481765,0.03954366,-0.8849853,0.5084326,-0.5039676,0.4949032,0.492528,
1,1,1.389,-0.2481765,0.03954366,-0.8849853,0.5084326,-0.5039676,0.4949032,0.492528,
1,1,1.391,-0.2481765,0.03954366,-0.8849853,0.5084326,-0.5039676,0.4949032,0.492528,
1,1,1.393,-0.2481765,0.03954366,-0.8849853,0.5084326,-0.5039676,0.4949032,0.492528,
1,1,1.395,-0.2481642,0.03955127,-0.8849887,0.5084473,-0.5039404,0.4949326,0.4925111,
1,1,1.397,-0.2481642,0.03955127,-0.8849887,0.5084473,-0.5039404,0.4949326,0.4925111,
1,1,1.399,-0.2481642,0.03955127,-0.8849887,0.5084473,-0.5039404,0.4949326,0.4925111,
1,1,1.401,-0.2481712,0.03955152,-0.8849918,0.5084385,-0.5039485,0.494935,0.4925095,
1,1,1.403,-0.2481712,0.03955152,-0.8849918,0.5084385,-0.5039485,0.494935,0.4925095,
1,1,1.405,-0.2481712,0.03955152,-0.8849918,0.5084385,-0.5039485,0.494935,0.4925095,
1,1,1.407,-0.2481712,0.03955152,-0.8849918,0.5084385,-0.5039485,0.494935,0.4925095,
1,1,1.409,-0.2481728,0.03954961,-0.8849871,0.5084498,-0.5039343,0.4949403,0.4925071,
1,1,1.411,-0.2481728,0.03954961,-0.8849871,0.5084498,-0.5039343,0.4949403,0.4925071,
1,1,1.413,-0.2481728,0.03954961,-0.8849871,0.5084498,-0.5039343,0.4949403,0.4925071,
1,1,1.415,-0.2481728,0.03954961,-0.8849871,0.5084498,-0.5039343,0.4949403,0.4925071,
1,1,1.417,-0.2481618,0.03955057,-0.8849842,0.5084632,-0.5039355,0.4949278,0.4925046,
1,1,1.419,-0.2481618,0.03955057,-0.8849842,0.5084632,-0.5039355,0.4949278,0.4925046,
1,1,1.421,-0.2481618,0.03955057,-0.8849842,0.5084632,-0.5039355,0.4949278,0.4925046,
1,1,1.423,-0.2481716,0.03954995,-0.8849845,0.5084413,-0.5039667,0.4949169,0.4925062,
1,1,1.425,-0.2481716,0.03954995,-0.8849845,0.5084413,-0.5039667,0.4949169,0.4925062,
1,1,1.427,-0.2481716,0.03954995,-0.8849845,0.5084413,-0.5039667,0.4949169,0.4925062,
1,1,1.429,-0.2481716,0.03954995,-0.8849845,0.5084413,-0.5039667,0.4949169,0.4925062,
1,1,1.431,-0.2481828,0.03955144,-0.8849885,0.5084335,-0.5039658,0.4949223,0.4925096,
1,1,1.433,-0.2481828,0.03955144,-0.8849885,0.5084335,-0.5039658,0.4949223,0.4925096,
1,1,1.435,-0.2481828,0.03955144,-0.8849885,0.5084335,-0.5039658,0.4949223,0.4925096,
1,1,1.437,-0.2481828,0.03955144,-0.8849885,0.5084335,-0.5039658,0.4949223,0.4925096,
1,1,1.439,-0.2481986,0.03952117,-0.8850041,0.5084324,-0.5040045,0.4948664,0.4925275,
1,1,1.441,-0.2481986,0.03952117,-0.8850041,0.5084324,-0.5040045,0.4948664,0.4925275,
1,1,1.443,-0.2481986,0.03952117,-0.8850041,0.5084324,-0.5040045,0.4948664,0.4925275,
1,1,1.445,-0.2481986,0.03952117,-0.8850041,0.5084324,-0.5040045,0.4948664,0.4925275,
1,1,1.447,-0.248199,0.03952548,-0.8849926,0.5084271,-0.5040178,0.494873,0.4925125,
1,1,1.449,-0.248199,0.03952548,-0.8849926,0.5084271,-0.5040178,0.494873,0.4925125,
1,1,1.451,-0.248199,0.03952548,-0.8849926,0.5084271,-0.5040178,0.494873,0.4925125,
1,1,1.453,-0.2481726,0.03953508,-0.8849843,0.5084612,-0.5039836,0.4948954,0.4924901,
1,1,1.455,-0.2481726,0.03953508,-0.8849843,0.5084612,-0.5039836,0.4948954,0.4924901,
1,1,1.457,-0.2481726,0.03953508,-0.8849843,0.5084612,-0.5039836,0.4948954,0.4924901,
1,1,1.459,-0.2481726,0.03953508,-0.8849843,0.5084612,-0.5039836,0.4948954,0.4924901,
1,1,1.461,-0.2481728,0.03955045,-0.8849847,0.5084659,-0.5039562,0.4949301,0.4924782,
1,1,1.463,-0.2481728,0.03955045,-0.8849847,0.5084659,-0.5039562,0.4949301,0.4924782,
1,1,1.465,-0.2481728,0.03955045,-0.8849847,0.5084659,-0.5039562,0.4949301,0.4924782,
1,1,1.467,-0.2481728,0.03955045,-0.8849847,0.5084659,-0.5039562,0.4949301,0.4924782,
1,1,1.469,-0.248169,0.03955492,-0.8849831,0.5084659,-0.5039562,0.4949301,0.4924782,
1,1,1.471,-0.248169,0.03955492,-0.8849831,0.5084659,-0.5039562,0.4949301,0.4924782,
1,1,1.473,-0.248169,0.03955492,-0.8849831,0.5084659,-0.5039562,0.4949301,0.4924782,
1,1,1.475,-0.248169,0.03955492,-0.8849831,0.5084659,-0.5039562,0.4949301,0.4924782,
1,1,1.477,-0.2481682,0.03955777,-0.8849803,0.5084595,-0.5039203,0.4949669,0.4924847,
1,1,1.479,-0.2481682,0.03955777,-0.8849803,0.5084595,-0.5039203,0.4949669,0.4924847,
1,1,1.481,-0.2481682,0.03955777,-0.8849803,0.5084595,-0.5039203,0.4949669,0.4924847,
1,1,1.483,-0.2481682,0.03955777,-0.8849803,0.5084595,-0.5039203,0.4949669,0.4924847,
1,1,1.485,-0.2481793,0.03956209,-0.8849781,0.5084492,-0.5039399,0.4949504,0.4924919,
1,1,1.487,-0.2481793,0.03956209,-0.8849781,0.5084492,-0.5039399,0.4949504,0.4924919,
1,1,1.489,-0.2481793,0.03956209,-0.8849781,0.5084492,-0.5039399,0.4949504,0.4924919,
1,1,1.491,-0.2482014,0.03955577,-0.8849747,0.5084316,-0.5039612,0.4949508,0.4924878,
1,1,1.493,-0.2482014,0.03955577,-0.8849747,0.5084316,-0.5039612,0.4949508,0.4924878,
1,1,1.495,-0.2482014,0.03955577,-0.8849747,0.5084316,-0.5039612,0.4949508,0.4924878,
1,1,1.497,-0.2482014,0.03955577,-0.8849747,0.5084316,-0.5039612,0.4949508,0.4924878,
1,1,1.499,-0.248192,0.03954523,-0.8849732,0.5084425,-0.5039791,0.4949251,0.492484,
1,1,1.501,-0.248192,0.03954523,-0.8849732,0.5084425,-0.5039791,0.4949251,0.492484,
1,1,1.503,-0.248192,0.03954523,-0.8849732,0.5084425,-0.5039791,0.4949251,0.492484,
1,1,1.505,-0.248192,0.03954523,-0.8849732,0.5084425,-0.5039791,0.4949251,0.492484,
1,1,1.507,-0.2481887,0.03954814,-0.8849728,0.50843,-0.5039517,0.4949521,0.4924978,
1,1,1.509,-0.2481887,0.03954814,-0.8849728,0.50843,-0.5039517,0.4949521,0.4924978,
1,1,1.511,-0.2481887,0.03954814,-0.8849728,0.50843,-0.5039517,0.4949521,0.4924978,
1,1,1.513,-0.2481887,0.03954814,-0.8849728,0.50843,-0.5039517,0.4949521,0.4924978,
1,1,1.515,-0.2481949,0.03956716,-0.8849863,0.5084185,-0.5039571,0.4949571,0.4924991,
1,1,1.517,-0.2481949,0.03956716,-0.8849863,0.5084185,-0.5039571,0.4949571,0.4924991,
1,1,1.519,-0.2481949,0.03956716,-0.8849863,0.5084185,-0.5039571,0.4949571,0.4924991,
1,1,1.521,-0.2481949,0.03956716,-0.8849863,0.5084185,-0.5039571,0.4949571,0.4924991,
1,1,1.523,-0.2481915,0.03956772,-0.8849795,0.5084157,-0.5039614,0.4949488,0.4925061,
1,1,1.525,-0.2481915,0.03956772,-0.8849795,0.5084157,-0.5039614,0.4949488,0.4925061,
1,1,1.527,-0.2481915,0.03956772,-0.8849795,0.5084157,-0.5039614,0.4949488,0.4925061,
1,1,1.529,-0.2481875,0.0395674,-0.884982,0.5084126,-0.5039529,0.4949608,0.4925058,
1,1,1.531,-0.2481875,0.0395674,-0.884982,0.5084126,-0.5039529,0.4949608,0.4925058,
1,1,1.533,-0.2481875,0.0395674,-0.884982,0.5084126,-0.5039529,0.4949608,0.4925058,
1,1,1.535,-0.2481875,0.0395674,-0.884982,0.5084126,-0.5039529,0.4949608,0.4925058,
1,1,1.537,-0.2481815,0.039558,-0.8849883,0.5084171,-0.5039515,0.4949539,0.4925095,
1,1,1.539,-0.2481815,0.039558,-0.8849883,0.5084171,-0.5039515,0.4949539,0.4925095,
1,1,1.541,-0.2481815,0.039558,-0.8849883,0.5084171,-0.5039515,0.4949539,0.4925095,
1,1,1.543,-0.2481815,0.039558,-0.8849883,0.5084171,-0.5039515,0.4949539,0.4925095,
1,1,1.545,-0.2481891,0.03955618,-0.8849873,0.5084178,-0.5039625,0.4949497,0.4925018,
1,1,1.547,-0.2481891,0.03955618,-0.8849873,0.5084178,-0.5039625,0.4949497,0.4925018,
1,1,1.549,-0.2481891,0.03955618,-0.8849873,0.5084178,-0.5039625,0.4949497,0.4925018,
1,1,1.551,-0.2481891,0.03955618,-0.8849873,0.5084178,-0.5039625,0.4949497,0.4925018,
1,1,1.553,-0.2481816,0.03955412,-0.8849805,0.508425,-0.5039597,0.4949417,0.4925053,
1,1,1.555,-0.2481816,0.03955412,-0.8849805,0.508425,-0.5039597,0.4949417,0.4925053,
1,1,1.557,-0.2481816,0.03955412,-0.8849805,0.508425,-0.5039597,0.4949417,0.4925053,
1,1,1.559,-0.2481816,0.03955412,-0.8849805,0.508425,-0.5039597,0.4949417,0.4925053,
1,1,1.561,-0.2481924,0.03955849,-0.8849784,0.5084047,-0.5039801,0.4949417,0.4925053,
1,1,1.563,-0.2481924,0.03955849,-0.8849784,0.5084047,-0.5039801,0.4949417,0.4925053,
1,1,1.565,-0.2481924,0.03955849,-0.8849784,0.5084047,-0.5039801,0.4949417,0.4925053,
1,1,1.567,-0.2481924,0.03955849,-0.8849784,0.5084047,-0.5039801,0.4949417,0.4925053,
1,1,1.569,-0.2481867,0.03955669,-0.8849793,0.5084204,-0.5039815,0.4949341,0.4924953,
1,1,1.571,-0.2481867,0.03955669,-0.8849793,0.5084204,-0.5039815,0.4949341,0.4924953,
1,1,1.573,-0.2481867,0.03955669,-0.8849793,0.5084204,-0.5039815,0.4949341,0.4924953,
1,1,1.575,-0.2481728,0.03953965,-0.8849858,0.508451,-0.5039746,0.4949185,0.4924864,
1,1,1.577,-0.2481728,0.03953965,-0.8849858,0.508451,-0.5039746,0.4949185,0.4924864,
1,1,1.579,-0.2481728,0.03953965,-0.8849858,0.508451,-0.5039746,0.4949185,0.4924864,
1,1,1.581,-0.2481728,0.03953965,-0.8849858,0.508451,-0.5039746,0.4949185,0.4924864,
1,1,1.583,-0.2481802,0.03954878,-0.8849884,0.508432,-0.5039771,0.4949319,0.49249,
1,1,1.585,-0.2481802,0.03954878,-0.8849884,0.508432,-0.5039771,0.4949319,0.49249,
1,1,1.587,-0.2481802,0.03954878,-0.8849884,0.508432,-0.5039771,0.4949319,0.49249,
1,1,1.589,-0.2481802,0.03954878,-0.8849884,0.508432,-0.5039771,0.4949319,0.49249,
1,1,1.591,-0.248176,0.03954304,-0.8849906,0.5084348,-0.5039651,0.4949509,0.4924802,
1,1,1.593,-0.248176,0.03954304,-0.8849906,0.5084348,-0.5039651,0.4949509,0.4924802,
1,1,1.595,-0.248176,0.03954304,-0.8849906,0.5084348,-0.5039651,0.4949509,0.4924802,
1,1,1.597,-0.248176,0.03954304,-0.8849906,0.5084348,-0.5039651,0.4949509,0.4924802,
1,1,1.599,-0.2481731,0.03954807,-0.8849903,0.5084379,-0.5039614,0.494951,0.4924809,
1,1,1.601,-0.2481731,0.03954807,-0.8849903,0.5084379,-0.5039614,0.494951,0.4924809,
1,1,1.603,-0.2481731,0.03954807,-0.8849903,0.5084379,-0.5039614,0.494951,0.4924809,
1,1,1.605,-0.2481831,0.0395553,-0.8849881,0.5084266,-0.5039706,0.4949404,0.4924938,
1,1,1.607,-0.2481831,0.0395553,-0.8849881,0.5084266,-0.5039706,0.4949404,0.4924938,
1,1,1.609,-0.2481831,0.0395553,-0.8849881,0.5084266,-0.5039706,0.4949404,0.4924938,
1,1,1.611,-0.2481831,0.0395553,-0.8849881,0.5084266,-0.5039706,0.4949404,0.4924938,
1,1,1.613,-0.2481745,0.03955337,-0.8849875,0.5084374,-0.5039726,0.4949259,0.4924951,
1,1,1.615,-0.2481745,0.03955337,-0.8849875,0.5084374,-0.5039726,0.4949259,0.4924951,
1,1,1.617,-0.2481745,0.03955337,-0.8849875,0.5084374,-0.5039726,0.4949259,0.4924951,
1,1,1.619,-0.2481745,0.03955337,-0.8849875,0.5084374,-0.5039726,0.4949259,0.4924951,
1,1,1.621,-0.2481741,0.03955216,-0.8849927,0.5084332,-0.5039936,0.4949119,0.492492,
1,1,1.623,-0.2481741,0.03955216,-0.8849927,0.5084332,-0.5039936,0.4949119,0.492492,
1,1,1.625,-0.2481741,0.03955216,-0.8849927,0.5084332,-0.5039936,0.4949119,0.492492,
1,1,1.627,-0.2481741,0.03955216,-0.8849927,0.5084332,-0.5039936,0.4949119,0.492492,
1,1,1.629,-0.2481771,0.03954539,-0.884999,0.5084413,-0.5039898,0.4949149,0.4924845,
1,1,1.631,-0.2481771,0.03954539,-0.884999,0.5084413,-0.5039898,0.4949149,0.4924845,
1,1,1.633,-0.2481771,0.03954539,-0.884999,0.5084413,-0.5039898,0.4949149,0.4924845,
1,1,1.635,-0.2481715,0.03953107,-0.8850019,0.5084566,-0.5039883,0.4949103,0.4924749,
1,1,1.637,-0.2481715,0.03953107,-0.8850019,0.5084566,-0.5039883,0.4949103,0.4924749,
1,1,1.639,-0.2481715,0.03953107,-0.8850019,0.5084566,-0.5039883,0.4949103,0.4924749,
1,1,1.641,-0.2481715,0.03953107,-0.8850019,0.5084566,-0.5039883,0.4949103,0.4924749,
1,1,1.643,-0.2481732,0.03954208,-0.8849983,0.5084603,-0.5039746,0.4949192,0.492476,
1,1,1.645,-0.2481732,0.03954208,-0.8849983,0.5084603,-0.5039746,0.4949192,0.492476,
1,1,1.647,-0.2481732,0.03954208,-0.8849983,0.5084603,-0.5039746,0.4949192,0.492476,
1,1,1.649,-0.2481732,0.03954208,-0.8849983,0.5084603,-0.5039746,0.4949192,0.492476,
1,1,1.651,-0.2481624,0.03954267,-0.885002,0.5084648,-0.5039715,0.4949153,0.4924786,
1,1,1.653,-0.2481624,0.03954267,-0.885002,0.5084648,-0.5039715,0.4949153,0.4924786,
1,1,1.655,-0.2481624,0.03954267,-0.885002,0.5084648,-0.5039715,0.4949153,0.4924786,
1,1,1.657,-0.2481624,0.03954267,-0.885002,0.5084648,-0.5039715,0.4949153,0.4924786,
1,1,1.659,-0.2481735,0.03954942,-0.885003,0.5084565,-0.5039785,0.4949152,0.4924801,
1,1,1.661,-0.2481735,0.03954942,-0.885003,0.5084565,-0.5039785,0.4949152,0.4924801,
1,1,1.663,-0.2481735,0.03954942,-0.885003,0.5084565,-0.5039785,0.4949152,0.4924801,
1,1,1.665,-0.2481735,0.03954942,-0.885003,0.5084565,-0.5039785,0.4949152,0.4924801,
1,1,1.667,-0.2481849,0.03953806,-0.8850035,0.5084544,-0.5040018,0.494909,0.4924647,
1,1,1.669,-0.2481849,0.03953806,-0.8850035,0.5084544,-0.5040018,0.494909,0.4924647,
1,1,1.671,-0.2481849,0.03953806,-0.8850035,0.5084544,-0.5040018,0.494909,0.4924647,
1,1,1.673,-0.2481849,0.03953806,-0.8850035,0.5084544,-0.5040018,0.494909,0.4924647,
1,1,1.675,-0.2481765,0.03954802,-0.884998,0.5084445,-0.5039818,0.4949245,0.4924798,
1,1,1.677,-0.2481765,0.03954802,-0.884998,0.5084445,-0.5039818,0.4949245,0.4924798,
1,1,1.679,-0.2481765,0.03954802,-0.884998,0.5084445,-0.5039818,0.4949245,0.4924798,
1,1,1.681,-0.2481765,0.03954802,-0.884998,0.5084445,-0.5039818,0.4949245,0.4924798,
1,1,1.683,-0.2481757,0.03954787,-0.8849971,0.5084445,-0.5039818,0.4949245,0.4924798,
1,1,1.685,-0.2481757,0.03954787,-0.8849971,0.5084445,-0.5039818,0.4949245,0.4924798,
1,1,1.687,-0.2481757,0.03954787,-0.8849971,0.5084445,-0.5039818,0.4949245,0.4924798,
1,1,1.689,-0.248179,0.03954978,-0.8850052,0.5084449,-0.5039918,0.4949118,0.492482,
1,1,1.691,-0.248179,0.03954978,-0.8850052,0.5084449,-0.5039918,0.4949118,0.492482,
1,1,1.693,-0.248179,0.03954978,-0.8850052,0.5084449,-0.5039918,0.4949118,0.492482,
1,1,1.695,-0.248179,0.03954978,-0.8850052,0.5084449,-0.5039918,0.4949118,0.492482,
1,1,1.697,-0.2481672,0.03953935,-0.8850025,0.5084457,-0.5039865,0.4949147,0.4924836,
1,1,1.699,-0.2481672,0.03953935,-0.8850025,0.5084457,-0.5039865,0.4949147,0.4924836,
1,1,1.701,-0.2481672,0.03953935,-0.8850025,0.5084457,-0.5039865,0.4949147,0.4924836,
1,1,1.703,-0.2481672,0.03953935,-0.8850025,0.5084457,-0.5039865,0.4949147,0.4924836,
1,1,1.705,-0.2481727,0.0395365,-0.8849983,0.5084499,-0.5040017,0.4949032,0.4924752,
1,1,1.707,-0.2481727,0.0395365,-0.8849983,0.5084499,-0.5040017,0.4949032,0.4924752,
1,1,1.709,-0.2481727,0.0395365,-0.8849983,0.5084499,-0.5040017,0.4949032,0.4924752,
1,1,1.711,-0.2481727,0.0395365,-0.8849983,0.5084499,-0.5040017,0.4949032,0.4924752,
1,1,1.713,-0.2481734,0.03953369,-0.885006,0.5084431,-0.5040067,0.4948969,0.4924833,
1,1,1.715,-0.2481734,0.03953369,-0.885006,0.5084431,-0.5040067,0.4948969,0.4924833,
1,1,1.717,-0.2481734,0.03953369,-0.885006,0.5084431,-0.5040067,0.4948969,0.4924833,
1,1,1.719,-0.2481734,0.03953369,-0.885006,0.5084431,-0.5040067,0.4948969,0.4924833,
1,1,1.721,-0.2481633,0.03954385,-0.8849994,0.5084497,-0.5039757,0.494913,0.4924923,
1,1,1.723,-0.2481633,0.03954385,-0.8849994,0.5084497,-0.5039757,0.494913,0.4924923,
1,1,1.725,-0.2481633,0.03954385,-0.8849994,0.5084497,-0.5039757,0.494913,0.4924923,
1,1,1.727,-0.2481655,0.03954708,-0.8849998,0.5084624,-0.5039572,0.4949238,0.4924873,
1,1,1.729,-0.2481655,0.03954708,-0.8849998,0.5084624,-0.5039572,0.4949238,0.4924873,
1,1,1.731,-0.2481655,0.03954708,-0.8849998,0.5084624,-0.5039572,0.4949238,0.4924873,
1,1,1.733,-0.2481655,0.03954708,-0.8849998,0.5084624,-0.5039572,0.4949238,0.4924873,
1,1,1.735,-0.2481771,0.03954506,-0.8849962,0.5084491,-0.5039565,0.4949352,0.4924901,
1,1,1.737,-0.2481771,0.03954506,-0.8849962,0.5084491,-0.5039565,0.4949352,0.4924901,
1,1,1.739,-0.2481771,0.03954506,-0.8849962,0.5084491,-0.5039565,0.4949352,0.4924901,
1,1,1.741,-0.2481771,0.03954506,-0.8849962,0.5084491,-0.5039565,0.4949352,0.4924901,
1,1,1.743,-0.248176,0.03954534,-0.8849997,0.5084348,-0.5039805,0.4949153,0.4925003,
1,1,1.745,-0.248176,0.03954534,-0.8849997,0.5084348,-0.5039805,0.4949153,0.4925003,
1,1,1.747,-0.248176,0.03954534,-0.8849997,0.5084348,-0.5039805,0.4949153,0.4925003,
1,1,1.749,-0.2481753,0.03955,-0.885001,0.5084246,-0.503975,0.4949159,0.4925159,
1,1,1.751,-0.2481753,0.03955,-0.885001,0.5084246,-0.503975,0.4949159,0.4925159,
1,1,1.753,-0.2481753,0.03955,-0.885001,0.5084246,-0.503975,0.4949159,0.4925159,
1,1,1.755,-0.2481753,0.03955,-0.885001,0.5084246,-0.503975,0.4949159,0.4925159,
1,1,1.757,-0.2481753,0.03955,-0.885001,0.5084246,-0.503975,0.4949159,0.4925159,
1,1,1.759,-0.2481785,0.03953936,-0.8849962,0.508422,-0.5039814,0.494906,0.4925221,
1,1,1.761,-0.2481785,0.03953936,-0.8849962,0.508422,-0.5039814,0.494906,0.4925221,
1,1,1.763,-0.2481785,0.03953936,-0.8849962,0.508422,-0.5039814,0.494906,0.4925221,
1,1,1.765,-0.2481785,0.03953936,-0.8849962,0.508422,-0.5039814,0.494906,0.4925221,
1,1,1.767,-0.2481786,0.03954865,-0.8849951,0.5084214,-0.5039703,0.4949226,0.4925174,
1,1,1.769,-0.2481786,0.03954865,-0.8849951,0.5084214,-0.5039703,0.4949226,0.4925174,
1,1,1.771,-0.2481786,0.03954865,-0.8849951,0.5084214,-0.5039703,0.4949226,0.4925174,
1,1,1.773,-0.2481875,0.03955336,-0.8850026,0.5084044,-0.5039701,0.4949418,0.4925158,
1,1,1.775,-0.2481875,0.03955336,-0.8850026,0.5084044,-0.5039701,0.4949418,0.4925158,
1,1,1.777,-0.2481875,0.03955336,-0.8850026,0.5084044,-0.5039701,0.4949418,0.4925158,
1,1,1.779,-0.2481875,0.03955336,-0.8850026,0.5084044,-0.5039701,0.4949418,0.4925158,
1,1,1.781,-0.2481783,0.0395497,-0.8850121,0.5084053,-0.50397,0.4949515,0.4925053,
1,1,1.783,-0.2481783,0.0395497,-0.8850121,0.5084053,-0.50397,0.4949515,0.4925053,
1,1,1.785,-0.2481783,0.0395497,-0.8850121,0.5084053,-0.50397,0.4949515,0.4925053,
1,1,1.787,-0.2481812,0.03954697,-0.884999,0.5084178,-0.5039732,0.4949403,0.4925004,
1,1,1.789,-0.2481812,0.03954697,-0.884999,0.5084178,-0.5039732,0.4949403,0.4925004,
1,1,1.791,-0.2481812,0.03954697,-0.884999,0.5084178,-0.5039732,0.4949403,0.4925004,
1,1,1.793,-0.2481812,0.03954697,-0.884999,0.5084178,-0.5039732,0.4949403,0.4925004,
1,1,1.795,-0.2481812,0.03954697,-0.884999,0.5084178,-0.5039732,0.4949403,0.4925004,
1,1,1.797,-0.2481777,0.03954921,-0.8849958,0.5084327,-0.5039649,0.4949442,0.4924895,
1,1,1.799,-0.2481777,0.03954921,-0.8849958,0.5084327,-0.5039649,0.4949442,0.4924895,
1,1,1.801,-0.2481777,0.03954921,-0.8849958,0.5084327,-0.5039649,0.4949442,0.4924895,
1,1,1.803,-0.2481777,0.03954921,-0.8849958,0.5084327,-0.5039649,0.4949442,0.4924895,
1,1,1.805,-0.2481729,0.03953785,-0.884995,0.5084454,-0.5039587,0.4949307,0.4924963,
1,1,1.807,-0.2481729,0.03953785,-0.884995,0.5084454,-0.5039587,0.4949307,0.4924963,
1,1,1.809,-0.2481729,0.03953785,-0.884995,0.5084454,-0.5039587,0.4949307,0.4924963,
1,1,1.811,-0.2481789,0.0395344,-0.8849975,0.5084461,-0.5039393,0.4949392,0.4925067,
1,1,1.813,-0.2481789,0.0395344,-0.8849975,0.5084461,-0.5039393,0.4949392,0.4925067,
1,1,1.815,-0.2481789,0.0395344,-0.8849975,0.5084461,-0.5039393,0.4949392,0.4925067,
1,1,1.817,-0.2481789,0.0395344,-0.8849975,0.5084461,-0.5039393,0.4949392,0.4925067,
1,1,1.819,-0.2481782,0.03954734,-0.8849985,0.5084352,-0.5039288,0.494953,0.4925149,
1,1,1.821,-0.2481782,0.03954734,-0.8849985,0.5084352,-0.5039288,0.494953,0.4925149,
1,1,1.823,-0.2481782,0.03954734,-0.8849985,0.5084352,-0.5039288,0.494953,0.4925149,
1,1,1.825,-0.2481782,0.03954734,-0.8849985,0.5084352,-0.5039288,0.494953,0.4925149,
1,1,1.827,-0.2481822,0.03954737,-0.8850026,0.5084368,-0.5039585,0.4949396,0.4924964,
1,1,1.829,-0.2481822,0.03954737,-0.8850026,0.5084368,-0.5039585,0.4949396,0.4924964,
1,1,1.831,-0.2481822,0.03954737,-0.8850026,0.5084368,-0.5039585,0.4949396,0.4924964,
1,1,1.833,-0.2481762,0.03954885,-0.8850025,0.5084371,-0.5039489,0.4949427,0.4925027,
1,1,1.835,-0.2481762,0.03954885,-0.8850025,0.5084371,-0.5039489,0.4949427,0.4925027,
1,1,1.837,-0.2481762,0.03954885,-0.8850025,0.5084371,-0.5039489,0.4949427,0.4925027,
1,1,1.839,-0.2481762,0.03954885,-0.8850025,0.5084371,-0.5039489,0.4949427,0.4925027,
1,1,1.841,-0.2481776,0.03954247,-0.884999,0.5084268,-0.5039656,0.4949272,0.4925118,
1,1,1.843,-0.2481776,0.03954247,-0.884999,0.5084268,-0.5039656,0.4949272,0.4925118,
1,1,1.845,-0.2481776,0.03954247,-0.884999,0.5084268,-0.5039656,0.4949272,0.4925118,
1,1,1.847,-0.2481776,0.03954247,-0.884999,0.5084268,-0.5039656,0.4949272,0.4925118,
1,1,1.849,-0.248179,0.03954811,-0.8850015,0.5084274,-0.5039541,0.4949318,0.4925184,
1,1,1.851,-0.248179,0.03954811,-0.8850015,0.5084274,-0.5039541,0.4949318,0.4925184,
1,1,1.853,-0.248179,0.03954811,-0.8850015,0.5084274,-0.5039541,0.4949318,0.4925184,
1,1,1.855,-0.248179,0.03954811,-0.8850015,0.5084274,-0.5039541,0.4949318,0.4925184,
1,1,1.857,-0.2481955,0.03955507,-0.8850006,0.5084131,-0.5039504,0.4949421,0.4925267,
1,1,1.859,-0.2481955,0.03955507,-0.8850006,0.5084131,-0.5039504,0.4949421,0.4925267,
1,1,1.861,-0.2481955,0.03955507,-0.8850006,0.5084131,-0.5039504,0.4949421,0.4925267,
1,1,1.863,-0.2481899,0.03953869,-0.884994,0.508421,-0.5039635,0.4949336,0.4925137,
1,1,1.865,-0.2481899,0.03953869,-0.884994,0.508421,-0.5039635,0.4949336,0.4925137,
1,1,1.867,-0.2481899,0.03953869,-0.884994,0.508421,-0.5039635,0.4949336,0.4925137,
1,1,1.869,-0.2481899,0.03953869,-0.884994,0.508421,-0.5039635,0.4949336,0.4925137,
1,1,1.871,-0.2481892,0.03953461,-0.8849931,0.5084178,-0.5039706,0.4949345,0.4925087,
1,1,1.873,-0.2481892,0.03953461,-0.8849931,0.5084178,-0.5039706,0.4949345,0.4925087,
1,1,1.875,-0.2481892,0.03953461,-0.8849931,0.5084178,-0.5039706,0.4949345,0.4925087,
1,1,1.877,-0.2481834,0.03953953,-0.8849883,0.5084085,-0.5039659,0.4949507,0.492507,
1,1,1.879,-0.2481834,0.03953953,-0.8849883,0.5084085,-0.5039659,0.4949507,0.492507,
1,1,1.881,-0.2481834,0.03953953,-0.8849883,0.5084085,-0.5039659,0.4949507,0.492507,
1,1,1.883,-0.2481834,0.03953953,-0.8849883,0.5084085,-0.5039659,0.4949507,0.492507,
1,1,1.885,-0.2481834,0.03953953,-0.8849883,0.5084085,-0.5039659,0.4949507,0.492507,
1,1,1.887,-0.2481741,0.03953753,-0.8849797,0.5084031,-0.5039678,0.4949452,0.492516,
1,1,1.889,-0.2481741,0.03953753,-0.8849797,0.5084031,-0.5039678,0.4949452,0.492516,
1,1,1.891,-0.2481741,0.03953753,-0.8849797,0.5084031,-0.5039678,0.4949452,0.492516,
1,1,1.893,-0.2481792,0.0395341,-0.8849864,0.5084126,-0.5039637,0.4949432,0.4925124,
1,1,1.895,-0.2481792,0.0395341,-0.8849864,0.5084126,-0.5039637,0.4949432,0.4925124,
1,1,1.897,-0.2481792,0.0395341,-0.8849864,0.5084126,-0.5039637,0.4949432,0.4925124,
1,1,1.899,-0.2481792,0.0395341,-0.8849864,0.5084126,-0.5039637,0.4949432,0.4925124,
1,1,1.901,-0.2481761,0.03954283,-0.8849862,0.5084196,-0.5039548,0.4949409,0.4925166,
1,1,1.903,-0.2481761,0.03954283,-0.8849862,0.5084196,-0.5039548,0.4949409,0.4925166,
1,1,1.905,-0.2481761,0.03954283,-0.8849862,0.5084196,-0.5039548,0.4949409,0.4925166,
1,1,1.907,-0.2481738,0.03953478,-0.8849837,0.50844,-0.5039641,0.4949167,0.4925104,
1,1,1.909,-0.2481738,0.03953478,-0.8849837,0.50844,-0.5039641,0.4949167,0.4925104,
1,1,1.911,-0.2481738,0.03953478,-0.8849837,0.50844,-0.5039641,0.4949167,0.4925104,
1,1,1.913,-0.2481738,0.03953478,-0.8849837,0.50844,-0.5039641,0.4949167,0.4925104,
1,1,1.915,-0.2481623,0.03953419,-0.8849887,0.5084625,-0.5039391,0.494924,0.4925053,
1,1,1.917,-0.2481623,0.03953419,-0.8849887,0.5084625,-0.5039391,0.494924,0.4925053,
1,1,1.919,-0.2481623,0.03953419,-0.8849887,0.5084625,-0.5039391,0.494924,0.4925053,
1,1,1.921,-0.2481623,0.03953419,-0.8849887,0.5084625,-0.5039391,0.494924,0.4925053,
1,1,1.923,-0.2481699,0.03954293,-0.884991,0.5084478,-0.5039496,0.4949242,0.4925095,
1,1,1.925,-0.2481699,0.03954293,-0.884991,0.5084478,-0.5039496,0.4949242,0.4925095,
1,1,1.927,-0.2481699,0.03954293,-0.884991,0.5084478,-0.5039496,0.4949242,0.4925095,
1,1,1.929,-0.2481699,0.03954293,-0.884991,0.5084478,-0.5039496,0.4949242,0.4925095,
1,1,1.931,-0.2481679,0.03955475,-0.8849895,0.5084313,-0.5039364,0.4949501,0.4925141,
1,1,1.933,-0.2481679,0.03955475,-0.8849895,0.5084313,-0.5039364,0.4949501,0.4925141,
1,1,1.935,-0.2481679,0.03955475,-0.8849895,0.5084313,-0.5039364,0.4949501,0.4925141,
1,1,1.937,-0.24818,0.03955018,-0.8849868,0.508437,-0.5039505,0.4949422,0.4925018,
1,1,1.939,-0.24818,0.03955018,-0.8849868,0.508437,-0.5039505,0.4949422,0.4925018,
1,1,1.941,-0.24818,0.03955018,-0.8849868,0.508437,-0.5039505,0.4949422,0.4925018,
1,1,1.943,-0.24818,0.03955018,-0.8849868,0.508437,-0.5039505,0.4949422,0.4925018,
1,1,1.945,-0.2481903,0.03954353,-0.8849849,0.5084288,-0.5039679,0.4949328,0.492502,
1,1,1.947,-0.2481903,0.03954353,-0.8849849,0.5084288,-0.5039679,0.4949328,0.492502,
1,1,1.949,-0.2481903,0.03954353,-0.8849849,0.5084288,-0.5039679,0.4949328,0.492502,
1,1,1.951,-0.2481903,0.03954353,-0.8849849,0.5084288,-0.5039679,0.4949328,0.492502,
1,1,1.953,-0.2481792,0.03955479,-0.8849849,0.5084322,-0.5039363,0.4949466,0.4925168,
1,1,1.955,-0.2481792,0.03955479,-0.8849849,0.5084322,-0.5039363,0.4949466,0.4925168,
1,1,1.957,-0.2481792,0.03955479,-0.8849849,0.5084322,-0.5039363,0.4949466,0.4925168,
1,1,1.959,-0.2481793,0.03954681,-0.8849839,0.5084469,-0.503942,0.494943,0.4924994,
1,1,1.961,-0.2481793,0.03954681,-0.8849839,0.5084469,-0.503942,0.494943,0.4924994,
1,1,1.963,-0.2481793,0.03954681,-0.8849839,0.5084469,-0.503942,0.494943,0.4924994,
1,1,1.965,-0.2481793,0.03954681,-0.8849839,0.5084469,-0.503942,0.494943,0.4924994,
1,1,1.967,-0.248175,0.03954824,-0.884988,0.5084345,-0.5039605,0.4949298,0.4925067,
1,1,1.969,-0.248175,0.03954824,-0.884988,0.5084345,-0.5039605,0.4949298,0.4925067,
1,1,1.971,-0.248175,0.03954824,-0.884988,0.5084345,-0.5039605,0.4949298,0.4925067,
1,1,1.973,-0.248175,0.03954824,-0.884988,0.5084345,-0.5039605,0.4949298,0.4925067,
1,1,1.975,-0.2481787,0.03955477,-0.8849844,0.5084248,-0.5039573,0.4949352,0.4925145,
1,1,1.977,-0.2481787,0.03955477,-0.8849844,0.5084248,-0.5039573,0.4949352,0.4925145,
1,1,1.979,-0.2481787,0.03955477,-0.8849844,0.5084248,-0.5039573,0.4949352,0.4925145,
1,1,1.981,-0.2481787,0.03955477,-0.8849844,0.5084248,-0.5039573,0.4949352,0.4925145,
1,1,1.983,-0.2481836,0.0395448,-0.8849821,0.5084168,-0.5039766,0.4949259,0.4925123,
1,1,1.985,-0.2481836,0.0395448,-0.8849821,0.5084168,-0.5039766,0.4949259,0.4925123,
1,1,1.987,-0.2481836,0.0395448,-0.8849821,0.5084168,-0.5039766,0.4949259,0.4925123,
1,1,1.989,-0.2481836,0.0395448,-0.8849821,0.5084168,-0.5039766,0.4949259,0.4925123,
1,1,1.991,-0.2481883,0.03954936,-0.8849869,0.5084201,-0.5039827,0.4949239,0.4925047,
1,1,1.993,-0.2481883,0.03954936,-0.8849869,0.5084201,-0.5039827,0.4949239,0.4925047,
1,1,1.995,-0.2481883,0.03954936,-0.8849869,0.5084201,-0.5039827,0.4949239,0.4925047,
1,1,1.997,-0.2481819,0.03954362,-0.8849882,0.5084223,-0.5039908,0.4949196,0.4924984,
1,1,1.999,-0.2481819,0.03954362,-0.8849882,0.5084223,-0.5039908,0.4949196,0.4924984,
1,1,2.001,-0.2481819,0.03954362,-0.8849882,0.5084223,-0.5039908,0.4949196,0.4924984,
1,1,2.003,-0.2481819,0.03954362,-0.8849882,0.5084223,-0.5039908,0.4949196,0.4924984,
1,1,2.005,-0.2481793,0.03953287,-0.8849802,0.508431,-0.5039821,0.4949112,0.4925068,
1,1,2.007,-0.2481793,0.03953287,-0.8849802,0.508431,-0.5039821,0.4949112,0.4925068,
1,1,2.009,-0.2481793,0.03953287,-0.8849802,0.508431,-0.5039821,0.4949112,0.4925068,
1,1,2.011,-0.2481793,0.03953287,-0.8849802,0.508431,-0.5039821,0.4949112,0.4925068,
1,1,2.013,-0.2481703,0.03953138,-0.8849794,0.5084342,-0.5039611,0.4949199,0.4925162,
1,1,2.015,-0.2481703,0.03953138,-0.8849794,0.5084342,-0.5039611,0.4949199,0.4925162,
1,1,2.017,-0.2481703,0.03953138,-0.8849794,0.5084342,-0.5039611,0.4949199,0.4925162,
1,1,2.019,-0.2481703,0.03953138,-0.8849794,0.5084342,-0.5039611,0.4949199,0.4925162,
1,1,2.021,-0.2481667,0.03952881,-0.8849832,0.5084475,-0.5039662,0.4948963,0.4925209,
1,1,2.023,-0.2481667,0.03952881,-0.8849832,0.5084475,-0.5039662,0.4948963,0.4925209,
1,1,2.025,-0.2481667,0.03952881,-0.8849832,0.5084475,-0.5039662,0.4948963,0.4925209,
1,1,2.027,-0.248175,0.03952923,-0.8849784,0.5084458,-0.5039712,0.4948915,0.4925224,
1,1,2.029,-0.248175,0.03952923,-0.8849784,0.5084458,-0.5039712,0.4948915,0.4925224,
1,1,2.031,-0.248175,0.03952923,-0.8849784,0.5084458,-0.5039712,0.4948915,0.4925224,
1,1,2.033,-0.248175,0.03952923,-0.8849784,0.5084458,-0.5039712,0.4948915,0.4925224,
1,1,2.035,-0.2481815,0.03955067,-0.8849805,0.5084248,-0.5039515,0.4949125,0.492543,
1,1,2.037,-0.2481815,0.03955067,-0.8849805,0.5084248,-0.5039515,0.4949125,0.492543,
1,1,2.039,-0.2481815,0.03955067,-0.8849805,0.5084248,-0.5039515,0.4949125,0.492543,
1,1,2.041,-0.2481815,0.03955067,-0.8849805,0.5084248,-0.5039515,0.4949125,0.492543,
1,1,2.043,-0.24817,0.03956413,-0.8849775,0.5084044,-0.5039296,0.4949471,0.4925517,
1,1,2.045,-0.24817,0.03956413,-0.8849775,0.5084044,-0.5039296,0.4949471,0.4925517,
1,1,2.047,-0.24817,0.03956413,-0.8849775,0.5084044,-0.5039296,0.4949471,0.4925517,
1,1,2.049,-0.24817,0.03956413,-0.8849775,0.5084044,-0.5039296,0.4949471,0.4925517,
1,1,2.051,-0.2481653,0.03955991,-0.8849888,0.5084088,-0.5039263,0.4949617,0.4925361,
1,1,2.053,-0.2481653,0.03955991,-0.8849888,0.5084088,-0.5039263,0.4949617,0.4925361,
1,1,2.055,-0.2481653,0.03955991,-0.8849888,0.5084088,-0.5039263,0.4949617,0.4925361,
1,1,2.057,-0.2481653,0.03955991,-0.8849888,0.5084088,-0.5039263,0.4949617,0.4925361,
1,1,2.059,-0.2481742,0.03953946,-0.884995,0.5084262,-0.5039413,0.4949381,0.4925265,
1,1,2.061,-0.2481742,0.03953946,-0.884995,0.5084262,-0.5039413,0.4949381,0.4925265,
1,1,2.063,-0.2481742,0.03953946,-0.884995,0.5084262,-0.5039413,0.4949381,0.4925265,
1,1,2.065,-0.2481742,0.03953946,-0.884995,0.5084262,-0.5039413,0.4949381,0.4925265,
1,1,2.067,-0.2481799,0.03955054,-0.8849926,0.5084028,-0.5039375,0.4949495,0.4925431,
1,1,2.069,-0.2481799,0.03955054,-0.8849926,0.5084028,-0.5039375,0.4949495,0.4925431,
1,1,2.071,-0.2481799,0.03955054,-0.8849926,0.5084028,-0.5039375,0.4949495,0.4925431,
1,1,2.073,-0.2481722,0.03954809,-0.8849869,0.5084078,-0.5039597,0.4949282,0.4925366,
1,1,2.075,-0.2481722,0.03954809,-0.8849869,0.5084078,-0.5039597,0.4949282,0.4925366,
1,1,2.077,-0.2481722,0.03954809,-0.8849869,0.5084078,-0.5039597,0.4949282,0.4925366,
1,1,2.079,-0.2481722,0.03954809,-0.8849869,0.5084078,-0.5039597,0.4949282,0.4925366,
1,1,2.081,-0.248175,0.03954123,-0.8849828,0.5084184,-0.503968,0.4949236,0.4925217,CourtEnter
1,1,2.083,-0.248175,0.03954123,-0.8849828,0.5084184,-0.503968,0.4949236,0.4925217,
1,1,2.085,-0.248175,0.03954123,-0.8849828,0.5084184,-0.503968,0.4949236,0.4925217,
1,1,2.087,-0.248175,0.03954123,-0.8849828,0.5084184,-0.503968,0.4949236,0.4925217,
1,1,2.089,-0.2481789,0.0395499,-0.8849896,0.5084067,-0.503958,0.4949527,0.4925146,
1,1,2.091,-0.2481789,0.0395499,-0.8849896,0.5084067,-0.503958,0.4949527,0.4925146,CourtExit
1,1,2.093,-0.2481789,0.0395499,-0.8849896,0.5084067,-0.503958,0.4949527,0.4925146,
1,1,2.095,-0.2481817,0.03955966,-0.8849994,0.5083919,-0.5039484,0.4949663,0.4925262,
1,1,2.097,-0.2481817,0.03955966,-0.8849994,0.5083919,-0.5039484,0.4949663,0.4925262,
1,1,2.099,-0.2481817,0.03955966,-0.8849994,0.5083919,-0.5039484,0.4949663,0.4925262,
1,1,2.101,-0.2481817,0.03955966,-0.8849994,0.5083919,-0.5039484,0.4949663,0.4925262,
1,1,2.103,-0.2481817,0.03955966,-0.8849994,0.5083919,-0.5039484,0.4949663,0.4925262,
1,1,2.105,-0.248191,0.0395558,-0.8849999,0.5083895,-0.5039635,0.4949664,0.4925133,
1,1,2.107,-0.248191,0.0395558,-0.8849999,0.5083895,-0.5039635,0.4949664,0.4925133,
1,1,2.109,-0.248191,0.0395558,-0.8849999,0.5083895,-0.5039635,0.4949664,0.4925133,
1,1,2.111,-0.248183,0.0395509,-0.8849803,0.508396,-0.5039564,0.4949662,0.4925139,
1,1,2.113,-0.248183,0.0395509,-0.8849803,0.508396,-0.5039564,0.4949662,0.4925139,
1,1,2.115,-0.248183,0.0395509,-0.8849803,0.508396,-0.5039564,0.4949662,0.4925139,
1,1,2.117,-0.248183,0.0395509,-0.8849803,0.508396,-0.5039564,0.4949662,0.4925139,
1,1,2.119,-0.2481811,0.03955112,-0.884979,0.5084125,-0.5039705,0.4949455,0.4925034,
1,1,2.121,-0.2481811,0.03955112,-0.884979,0.5084125,-0.5039705,0.4949455,0.4925034,
1,1,2.123,-0.2481811,0.03955112,-0.884979,0.5084125,-0.5039705,0.4949455,0.4925034,
1,1,2.125,-0.2481811,0.03955112,-0.884979,0.5084125,-0.5039705,0.4949455,0.4925034,
1,1,2.127,-0.2481764,0.03955881,-0.8849791,0.5084193,-0.5039548,0.4949531,0.4925047,
1,1,2.129,-0.2481764,0.03955881,-0.8849791,0.5084193,-0.5039548,0.4949531,0.4925047,
1,1,2.131,-0.2481764,0.03955881,-0.8849791,0.5084193,-0.5039548,0.4949531,0.4925047,
1,1,2.133,-0.2481823,0.03954884,-0.8849714,0.5084119,-0.5039819,0.4949331,0.4925046,
1,1,2.135,-0.2481823,0.03954884,-0.8849714,0.5084119,-0.5039819,0.4949331,0.4925046,
1,1,2.137,-0.2481823,0.03954884,-0.8849714,0.5084119,-0.5039819,0.4949331,0.4925046,
1,1,2.139,-0.2481823,0.03954884,-0.8849714,0.5084119,-0.5039819,0.4949331,0.4925046,
1,1,2.141,-0.2481785,0.03953501,-0.884979,0.5084258,-0.503998,0.4949141,0.4924928,
1,1,2.143,-0.2481785,0.03953501,-0.884979,0.5084258,-0.503998,0.4949141,0.4924928,
1,1,2.145,-0.2481785,0.03953501,-0.884979,0.5084258,-0.503998,0.4949141,0.4924928,
1,1,2.147,-0.2481785,0.03953501,-0.884979,0.5084258,-0.503998,0.4949141,0.4924928,
1,1,2.149,-0.2481873,0.03954471,-0.8849794,0.5084407,-0.5039846,0.4949276,0.492478,
1,1,2.151,-0.2481873,0.03954471,-0.8849794,0.5084407,-0.5039846,0.4949276,0.492478,
1,1,2.153,-0.2481873,0.03954471,-0.8849794,0.5084407,-0.5039846,0.4949276,0.492478,
1,1,2.155,-0.2481873,0.03954471,-0.8849794,0.5084407,-0.5039846,0.4949276,0.492478,
1,1,2.157,-0.2481855,0.03954117,-0.8849775,0.5084532,-0.503993,0.4949169,0.492467,
1,1,2.159,-0.2481855,0.03954117,-0.8849775,0.5084532,-0.503993,0.4949169,0.492467,
1,1,2.161,-0.2481855,0.03954117,-0.8849775,0.5084532,-0.503993,0.4949169,0.492467,
1,1,2.163,-0.2481855,0.03954117,-0.8849775,0.5084532,-0.503993,0.4949169,0.492467,
1,1,2.165,-0.2481977,0.03951926,-0.8849834,0.5084344,-0.5040329,0.4948744,0.4924884,
1,1,2.167,-0.2481977,0.03951926,-0.8849834,0.5084344,-0.5040329,0.4948744,0.4924884,
1,1,2.169,-0.2481977,0.03951926,-0.8849834,0.5084344,-0.5040329,0.4948744,0.4924884,
1,1,2.171,-0.2481977,0.03951926,-0.8849834,0.5084344,-0.5040329,0.4948744,0.4924884,
1,1,2.173,-0.2481879,0.03952411,-0.884975,0.5084137,-0.5040459,0.4948827,0.4924881,
1,1,2.175,-0.2481879,0.03952411,-0.884975,0.5084137,-0.5040459,0.4948827,0.4924881,
1,1,2.177,-0.2481879,0.03952411,-0.884975,0.5084137,-0.5040459,0.4948827,0.4924881,
1,1,2.179,-0.2481817,0.03953367,-0.8849776,0.5084199,-0.5040363,0.4948902,0.4924839,
1,1,2.181,-0.2481817,0.03953367,-0.8849776,0.5084199,-0.5040363,0.4948902,0.4924839,
1,1,2.183,-0.2481817,0.03953367,-0.8849776,0.5084199,-0.5040363,0.4948902,0.4924839,
1,1,2.185,-0.2481817,0.03953367,-0.8849776,0.5084199,-0.5040363,0.4948902,0.4924839,
1,1,2.187,-0.2481772,0.03953711,-0.8849797,0.5084469,-0.5040201,0.4948972,0.4924655,
1,1,2.189,-0.2481772,0.03953711,-0.8849797,0.5084469,-0.5040201,0.4948972,0.4924655,
1,1,2.191,-0.2481772,0.03953711,-0.8849797,0.5084469,-0.5040201,0.4948972,0.4924655,
1,1,2.193,-0.2481772,0.03953711,-0.8849797,0.5084469,-0.5040201,0.4948972,0.4924655,
1,1,2.195,-0.2481748,0.03953264,-0.884973,0.508444,-0.504015,0.4949089,0.4924621,
1,1,2.197,-0.2481748,0.03953264,-0.884973,0.508444,-0.504015,0.4949089,0.4924621,
1,1,2.199,-0.2481748,0.03953264,-0.884973,0.508444,-0.504015,0.4949089,0.4924621,
1,1,2.201,-0.2481748,0.03953264,-0.884973,0.508444,-0.504015,0.4949089,0.4924621,
1,1,2.203,-0.2481759,0.03952564,-0.8849783,0.5084399,-0.5040202,0.4948992,0.4924708,
1,1,2.205,-0.2481759,0.03952564,-0.8849783,0.5084399,-0.5040202,0.4948992,0.4924708,
1,1,2.207,-0.2481759,0.03952564,-0.8849783,0.5084399,-0.5040202,0.4948992,0.4924708,
1,1,2.209,-0.2481759,0.03952564,-0.8849783,0.5084399,-0.5040202,0.4948992,0.4924708,
1,1,2.211,-0.2481729,0.03953424,-0.8849812,0.5084357,-0.5040111,0.4949129,0.4924706,
1,1,2.213,-0.2481729,0.03953424,-0.8849812,0.5084357,-0.5040111,0.4949129,0.4924706,
1,1,2.215,-0.2481729,0.03953424,-0.8849812,0.5084357,-0.5040111,0.4949129,0.4924706,
1,1,2.217,-0.2481729,0.03953424,-0.8849812,0.5084357,-0.5040111,0.4949129,0.4924706,
1,1,2.219,-0.2481786,0.03954145,-0.8849872,0.5084359,-0.5040077,0.4949195,0.4924671,
1,1,2.221,-0.2481786,0.03954145,-0.8849872,0.5084359,-0.5040077,0.4949195,0.4924671,
1,1,2.223,-0.2481786,0.03954145,-0.8849872,0.5084359,-0.5040077,0.4949195,0.4924671,
1,1,2.225,-0.2481786,0.03954145,-0.8849872,0.5084359,-0.5040077,0.4949195,0.4924671,
1,1,2.227,-0.2481837,0.0395316,-0.8849865,0.5084438,-0.5040171,0.4949228,0.4924461,
1,1,2.229,-0.2481837,0.0395316,-0.8849865,0.5084438,-0.5040171,0.4949228,0.4924461,
1,1,2.231,-0.2481837,0.0395316,-0.8849865,0.5084438,-0.5040171,0.4949228,0.4924461,
1,1,2.233,-0.2481837,0.0395316,-0.8849865,0.5084438,-0.5040171,0.4949228,0.4924461,
1,1,2.235,-0.2481782,0.03953165,-0.8849867,0.5084438,-0.5040285,0.4948994,0.4924581,
1,1,2.237,-0.2481782,0.03953165,-0.8849867,0.5084438,-0.5040285,0.4948994,0.4924581,
1,1,2.239,-0.2481782,0.03953165,-0.8849867,0.5084438,-0.5040285,0.4948994,0.4924581,
1,1,2.241,-0.2481782,0.03953165,-0.8849867,0.5084438,-0.5040285,0.4948994,0.4924581,
1,1,2.243,-0.2481697,0.03952949,-0.8849834,0.5084571,-0.5040014,0.4949227,0.4924487,
1,1,2.245,-0.2481697,0.03952949,-0.8849834,0.5084571,-0.5040014,0.4949227,0.4924487,
1,1,2.247,-0.2481697,0.03952949,-0.8849834,0.5084571,-0.5040014,0.4949227,0.4924487,
1,1,2.249,-0.2481671,0.03952807,-0.8849829,0.5084571,-0.5040014,0.4949227,0.4924487,
1,1,2.251,-0.2481671,0.03952807,-0.8849829,0.5084571,-0.5040014,0.4949227,0.4924487,
1,1,2.253,-0.2481671,0.03952807,-0.8849829,0.5084571,-0.5040014,0.4949227,0.4924487,
1,1,2.255,-0.2481671,0.03952807,-0.8849829,0.5084571,-0.5040014,0.4949227,0.4924487,
1,1,2.257,-0.2481619,0.03953035,-0.8849835,0.5084698,-0.5039709,0.4949376,0.4924518,
1,1,2.259,-0.2481619,0.03953035,-0.8849835,0.5084698,-0.5039709,0.4949376,0.4924518,
1,1,2.261,-0.2481619,0.03953035,-0.8849835,0.5084698,-0.5039709,0.4949376,0.4924518,
1,1,2.263,-0.2481619,0.03953035,-0.8849835,0.5084698,-0.5039709,0.4949376,0.4924518,
1,1,2.265,-0.2481667,0.03954009,-0.8849842,0.5084537,-0.5039663,0.4949339,0.4924767,
1,1,2.267,-0.2481667,0.03954009,-0.8849842,0.5084537,-0.5039663,0.4949339,0.4924767,
1,1,2.269,-0.2481667,0.03954009,-0.8849842,0.5084537,-0.5039663,0.4949339,0.4924767,
1,1,2.271,-0.2481667,0.03954009,-0.8849842,0.5084537,-0.5039663,0.4949339,0.4924767,
1,1,2.273,-0.2481682,0.03954265,-0.884986,0.508444,-0.5039803,0.4949238,0.4924826,
1,1,2.275,-0.2481682,0.03954265,-0.884986,0.508444,-0.5039803,0.4949238,0.4924826,
1,1,2.277,-0.2481682,0.03954265,-0.884986,0.508444,-0.5039803,0.4949238,0.4924826,
1,1,2.279,-0.248175,0.03954208,-0.8849844,0.5084252,-0.5039929,0.4949288,0.4924841,
1,1,2.281,-0.248175,0.03954208,-0.8849844,0.5084252,-0.5039929,0.4949288,0.4924841,
1,1,2.283,-0.248175,0.03954208,-0.8849844,0.5084252,-0.5039929,0.4949288,0.4924841,
1,1,2.285,-0.248175,0.03954208,-0.8849844,0.5084252,-0.5039929,0.4949288,0.4924841,
1,1,2.287,-0.2481761,0.03954188,-0.8849842,0.5084252,-0.5039929,0.4949288,0.4924841,
1,1,2.289,-0.2481761,0.03954188,-0.8849842,0.5084252,-0.5039929,0.4949288,0.4924841,
1,1,2.291,-0.2481761,0.03954188,-0.8849842,0.5084252,-0.5039929,0.4949288,0.4924841,
1,1,2.293,-0.2481806,0.03953952,-0.8849919,0.508444,-0.5039865,0.4949239,0.4924761,
1,1,2.295,-0.2481806,0.03953952,-0.8849919,0.508444,-0.5039865,0.4949239,0.4924761,
1,1,2.297,-0.2481806,0.03953952,-0.8849919,0.508444,-0.5039865,0.4949239,0.4924761,
1,1,2.299,-0.2481806,0.03953952,-0.8849919,0.508444,-0.5039865,0.4949239,0.4924761,
1,1,2.301,-0.2481806,0.03953952,-0.8849919,0.508444,-0.5039865,0.4949239,0.4924761,
1,1,2.303,-0.2481615,0.03953514,-0.8849828,0.5084676,-0.5039603,0.4949176,0.4924847,
1,1,2.305,-0.2481615,0.03953514,-0.8849828,0.5084676,-0.5039603,0.4949176,0.4924847,
1,1,2.307,-0.2481615,0.03953514,-0.8849828,0.5084676,-0.5039603,0.4949176,0.4924847,
1,1,2.309,-0.2481656,0.03954872,-0.884988,0.5084655,-0.5039553,0.4949339,0.4924759,
1,1,2.311,-0.2481656,0.03954872,-0.884988,0.5084655,-0.5039553,0.4949339,0.4924759,
1,1,2.313,-0.2481656,0.03954872,-0.884988,0.5084655,-0.5039553,0.4949339,0.4924759,
1,1,2.315,-0.2481656,0.03954872,-0.884988,0.5084655,-0.5039553,0.4949339,0.4924759,
1,1,2.317,-0.2481748,0.03954345,-0.8849857,0.5084445,-0.5039713,0.4949282,0.4924869,
1,1,2.319,-0.2481748,0.03954345,-0.8849857,0.5084445,-0.5039713,0.4949282,0.4924869,
1,1,2.321,-0.2481748,0.03954345,-0.8849857,0.5084445,-0.5039713,0.4949282,0.4924869,
1,1,2.323,-0.2481748,0.03954345,-0.8849857,0.5084445,-0.5039713,0.4949282,0.4924869,
1,1,2.325,-0.2481769,0.03954341,-0.8849856,0.5084445,-0.5039713,0.4949282,0.4924869,
1,1,2.327,-0.2481769,0.03954341,-0.8849856,0.5084445,-0.5039713,0.4949282,0.4924869,
1,1,2.329,-0.2481769,0.03954341,-0.8849856,0.5084445,-0.5039713,0.4949282,0.4924869,
1,1,2.331,-0.2481769,0.03954341,-0.8849856,0.5084445,-0.5039713,0.4949282,0.4924869,
1,1,2.333,-0.2481861,0.03954844,-0.8849838,0.5084387,-0.5039819,0.4949296,0.4924805,
1,1,2.335,-0.2481861,0.03954844,-0.8849838,0.5084387,-0.5039819,0.4949296,0.4924805,
1,1,2.337,-0.2481861,0.03954844,-0.8849838,0.5084387,-0.5039819,0.4949296,0.4924805,
1,1,2.339,-0.2481841,0.03953355,-0.8849936,0.5084416,-0.5039885,0.4949212,0.4924791,
1,1,2.341,-0.2481841,0.03953355,-0.8849936,0.5084416,-0.5039885,0.4949212,0.4924791,
1,1,2.343,-0.2481841,0.03953355,-0.8849936,0.5084416,-0.5039885,0.4949212,0.4924791,
1,1,2.345,-0.2481841,0.03953355,-0.8849936,0.5084416,-0.5039885,0.4949212,0.4924791,
1,1,2.347,-0.2481759,0.03954234,-0.8849911,0.508448,-0.5039738,0.4949293,0.4924796,
1,1,2.349,-0.2481759,0.03954234,-0.8849911,0.508448,-0.5039738,0.4949293,0.4924796,
1,1,2.351,-0.2481759,0.03954234,-0.8849911,0.508448,-0.5039738,0.4949293,0.4924796,
1,1,2.353,-0.2481759,0.03954234,-0.8849911,0.508448,-0.5039738,0.4949293,0.4924796,
1,1,2.355,-0.2481766,0.03954345,-0.8849881,0.5084465,-0.5039828,0.4949226,0.4924787,
1,1,2.357,-0.2481766,0.03954345,-0.8849881,0.5084465,-0.5039828,0.4949226,0.4924787,
1,1,2.359,-0.2481766,0.03954345,-0.8849881,0.5084465,-0.5039828,0.4949226,0.4924787,
1,1,2.361,-0.2481766,0.03954345,-0.8849881,0.5084465,-0.5039828,0.4949226,0.4924787,
1,1,2.363,-0.2481764,0.0395452,-0.8849869,0.5084465,-0.5039828,0.4949226,0.4924787,
1,1,2.365,-0.2481764,0.0395452,-0.8849869,0.5084465,-0.5039828,0.4949226,0.4924787,
1,1,2.367,-0.2481764,0.0395452,-0.8849869,0.5084465,-0.5039828,0.4949226,0.4924787,
1,1,2.369,-0.2481764,0.0395452,-0.8849869,0.5084465,-0.5039828,0.4949226,0.4924787,
1,1,2.371,-0.248187,0.03953885,-0.8849866,0.5084301,-0.5039908,0.494928,0.4924818,
1,1,2.373,-0.248187,0.03953885,-0.8849866,0.5084301,-0.5039908,0.494928,0.4924818,
1,1,2.375,-0.248187,0.03953885,-0.8849866,0.5084301,-0.5039908,0.494928,0.4924818,
1,1,2.377,-0.2481867,0.03954323,-0.8849912,0.5084275,-0.5039778,0.4949386,0.4924873,
1,1,2.379,-0.2481867,0.03954323,-0.8849912,0.5084275,-0.5039778,0.4949386,0.4924873,
1,1,2.381,-0.2481867,0.03954323,-0.8849912,0.5084275,-0.5039778,0.4949386,0.4924873,
1,1,2.383,-0.2481867,0.03954323,-0.8849912,0.5084275,-0.5039778,0.4949386,0.4924873,
1,1,2.385,-0.2481805,0.03954633,-0.8849812,0.5084346,-0.5039603,0.4949413,0.4924951,
1,1,2.387,-0.2481805,0.03954633,-0.8849812,0.5084346,-0.5039603,0.4949413,0.4924951,
1,1,2.389,-0.2481805,0.03954633,-0.8849812,0.5084346,-0.5039603,0.4949413,0.4924951,
1,1,2.391,-0.2481805,0.03954633,-0.8849812,0.5084346,-0.5039603,0.4949413,0.4924951,
1,1,2.393,-0.2481877,0.03956141,-0.8849847,0.5084166,-0.5039598,0.4949517,0.4925038,
1,1,2.395,-0.2481877,0.03956141,-0.8849847,0.5084166,-0.5039598,0.4949517,0.4925038,
1,1,2.397,-0.2481877,0.03956141,-0.8849847,0.5084166,-0.5039598,0.4949517,0.4925038,
1,1,2.399,-0.2481877,0.03956141,-0.8849847,0.5084166,-0.5039598,0.4949517,0.4925038,
1,1,2.401,-0.2481902,0.03956548,-0.8849846,0.5084166,-0.5039598,0.4949517,0.4925038,
1,1,2.403,-0.2481902,0.03956548,-0.8849846,0.5084166,-0.5039598,0.4949517,0.4925038,
1,1,2.405,-0.2481902,0.03956548,-0.8849846,0.5084166,-0.5039598,0.4949517,0.4925038,
1,1,2.407,-0.2481902,0.03956548,-0.8849846,0.5084166,-0.5039598,0.4949517,0.4925038,
1,1,2.409,-0.2481888,0.03956703,-0.8849901,0.5084145,-0.503962,0.4949481,0.4925072,
1,1,2.411,-0.2481888,0.03956703,-0.8849901,0.5084145,-0.503962,0.4949481,0.4925072,
1,1,2.413,-0.2481888,0.03956703,-0.8849901,0.5084145,-0.503962,0.4949481,0.4925072,
1,1,2.415,-0.2481888,0.03956703,-0.8849901,0.5084145,-0.503962,0.4949481,0.4925072,
1,1,2.417,-0.2481901,0.0395515,-0.8849833,0.5084257,-0.5039537,0.4949598,0.4924924,
1,1,2.419,-0.2481901,0.0395515,-0.8849833,0.5084257,-0.5039537,0.4949598,0.4924924,
1,1,2.421,-0.2481901,0.0395515,-0.8849833,0.5084257,-0.5039537,0.4949598,0.4924924,
1,1,2.423,-0.2481815,0.03955669,-0.8849755,0.5084261,-0.5039566,0.4949485,0.4925006,
1,1,2.425,-0.2481815,0.03955669,-0.8849755,0.5084261,-0.5039566,0.4949485,0.4925006,
1,1,2.427,-0.2481815,0.03955669,-0.8849755,0.5084261,-0.5039566,0.4949485,0.4925006,
1,1,2.429,-0.2481815,0.03955669,-0.8849755,0.5084261,-0.5039566,0.4949485,0.4925006,
1,1,2.431,-0.2481829,0.03955148,-0.8849747,0.5084162,-0.5039436,0.4949578,0.4925146,
1,1,2.433,-0.2481829,0.03955148,-0.8849747,0.5084162,-0.5039436,0.4949578,0.4925146,
1,1,2.435,-0.2481829,0.03955148,-0.8849747,0.5084162,-0.5039436,0.4949578,0.4925146,
1,1,2.437,-0.2481829,0.03955148,-0.8849747,0.5084162,-0.5039436,0.4949578,0.4925146,
1,1,2.439,-0.2481828,0.03954811,-0.8849725,0.5084162,-0.5039436,0.4949578,0.4925146,
1,1,2.441,-0.2481828,0.03954811,-0.8849725,0.5084162,-0.5039436,0.4949578,0.4925146,
1,1,2.443,-0.2481828,0.03954811,-0.8849725,0.5084162,-0.5039436,0.4949578,0.4925146,
1,1,2.445,-0.2481828,0.03954811,-0.8849725,0.5084162,-0.5039436,0.4949578,0.4925146,
1,1,2.447,-0.2481932,0.03954194,-0.8849825,0.5084265,-0.5039744,0.4949285,0.4925019,
1,1,2.449,-0.2481932,0.03954194,-0.8849825,0.5084265,-0.5039744,0.4949285,0.4925019,
1,1,2.451,-0.2481932,0.03954194,-0.8849825,0.5084265,-0.5039744,0.4949285,0.4925019,
1,1,2.453,-0.2481816,0.03953192,-0.8849859,0.5084393,-0.5039735,0.494928,0.4924902,
1,1,2.455,-0.2481816,0.03953192,-0.8849859,0.5084393,-0.5039735,0.494928,0.4924902,
1,1,2.457,-0.2481816,0.03953192,-0.8849859,0.5084393,-0.5039735,0.494928,0.4924902,
1,1,2.459,-0.2481816,0.03953192,-0.8849859,0.5084393,-0.5039735,0.494928,0.4924902,
1,1,2.461,-0.2481973,0.0395465,-0.8849809,0.5084161,-0.5039841,0.4949301,0.4925011,
1,1,2.463,-0.2481973,0.0395465,-0.8849809,0.5084161,-0.5039841,0.4949301,0.4925011,
1,1,2.465,-0.2481973,0.0395465,-0.8849809,0.5084161,-0.5039841,0.4949301,0.4925011,
1,1,2.467,-0.2481973,0.0395465,-0.8849809,0.5084161,-0.5039841,0.4949301,0.4925011,
1,1,2.469,-0.2481885,0.03954761,-0.8849825,0.5084276,-0.5039861,0.494925,0.4924924,
1,1,2.471,-0.2481885,0.03954761,-0.8849825,0.5084276,-0.5039861,0.494925,0.4924924,
1,1,2.473,-0.2481885,0.03954761,-0.8849825,0.5084276,-0.5039861,0.494925,0.4924924,
1,1,2.475,-0.2481885,0.03954761,-0.8849825,0.5084276,-0.5039861,0.494925,0.4924924,
1,1,2.477,-0.2481828,0.03954172,-0.8849807,0.5084335,-0.5039859,0.4949257,0.4924858,
1,1,2.479,-0.2481828,0.03954172,-0.8849807,0.5084335,-0.5039859,0.4949257,0.4924858,
1,1,2.481,-0.2481828,0.03954172,-0.8849807,0.5084335,-0.5039859,0.4949257,0.4924858,
1,1,2.483,-0.24818,0.03954164,-0.8849805,0.5084335,-0.5039859,0.4949257,0.4924858,
1,1,2.485,-0.24818,0.03954164,-0.8849805,0.5084335,-0.5039859,0.4949257,0.4924858,
1,1,2.487,-0.24818,0.03954164,-0.8849805,0.5084335,-0.5039859,0.4949257,0.4924858,
1,1,2.489,-0.24818,0.03954164,-0.8849805,0.5084335,-0.5039859,0.4949257,0.4924858,
1,1,2.491,-0.24818,0.03954164,-0.8849805,0.5084335,-0.5039859,0.4949257,0.4924858,
1,1,2.493,-0.2481722,0.03953208,-0.8849799,0.508449,-0.5040032,0.4949049,0.492473,
1,1,2.495,-0.2481722,0.03953208,-0.8849799,0.508449,-0.5040032,0.4949049,0.492473,
1,1,2.497,-0.2481722,0.03953208,-0.8849799,0.508449,-0.5040032,0.4949049,0.492473,
1,1,2.499,-0.2481722,0.03953208,-0.8849799,0.508449,-0.5040032,0.4949049,0.492473,
1,1,2.501,-0.2481712,0.03954318,-0.8849809,0.508433,-0.5040001,0.4949178,0.4924796,
1,1,2.503,-0.2481712,0.03954318,-0.8849809,0.508433,-0.5040001,0.4949178,0.4924796,
1,1,2.505,-0.2481712,0.03954318,-0.8849809,0.508433,-0.5040001,0.4949178,0.4924796,
1,1,2.507,-0.2481674,0.03954956,-0.884982,0.5084448,-0.5039893,0.4949141,0.4924822,
1,1,2.509,-0.2481674,0.03954956,-0.884982,0.5084448,-0.5039893,0.4949141,0.4924822,
1,1,2.511,-0.2481674,0.03954956,-0.884982,0.5084448,-0.5039893,0.4949141,0.4924822,
1,1,2.513,-0.2481674,0.03954956,-0.884982,0.5084448,-0.5039893,0.4949141,0.4924822,
1,1,2.515,-0.2481654,0.03955284,-0.8849826,0.5084448,-0.5039893,0.4949141,0.4924822,
1,1,2.517,-0.2481654,0.03955284,-0.8849826,0.5084448,-0.5039893,0.4949141,0.4924822,
1,1,2.519,-0.2481654,0.03955284,-0.8849826,0.5084448,-0.5039893,0.4949141,0.4924822,
1,1,2.521,-0.2481683,0.03954125,-0.8849767,0.5084583,-0.5039965,0.494895,0.4924803,
1,1,2.523,-0.2481683,0.03954125,-0.8849767,0.5084583,-0.5039965,0.494895,0.4924803,
1,1,2.525,-0.2481683,0.03954125,-0.8849767,0.5084583,-0.5039965,0.494895,0.4924803,
1,1,2.527,-0.2481683,0.03954125,-0.8849767,0.5084583,-0.5039965,0.494895,0.4924803,
1,1,2.529,-0.2481681,0.03953537,-0.8849797,0.5084731,-0.5039975,0.494885,0.492474,
1,1,2.531,-0.2481681,0.03953537,-0.8849797,0.5084731,-0.5039975,0.494885,0.492474,
1,1,2.533,-0.2481681,0.03953537,-0.8849797,0.5084731,-0.5039975,0.494885,0.492474,
1,1,2.535,-0.2481681,0.03953537,-0.8849797,0.5084731,-0.5039975,0.494885,0.492474,
1,1,2.537,-0.2481694,0.03954729,-0.8849782,0.5084707,-0.5039988,0.4948935,0.4924666,
1,1,2.539,-0.2481694,0.03954729,-0.8849782,0.5084707,-0.5039988,0.4948935,0.4924666,
1,1,2.541,-0.2481694,0.03954729,-0.8849782,0.5084707,-0.5039988,0.4948935,0.4924666,
1,1,2.543,-0.2481694,0.03954729,-0.8849782,0.5084707,-0.5039988,0.4948935,0.4924666,
1,1,2.545,-0.248164,0.03955119,-0.8849787,0.5084618,-0.5039939,0.4948936,0.4924806,
1,1,2.547,-0.248164,0.03955119,-0.8849787,0.5084618,-0.5039939,0.4948936,0.4924806,
1,1,2.549,-0.248164,0.03955119,-0.8849787,0.5084618,-0.5039939,0.4948936,0.4924806,
1,1,2.551,-0.248164,0.03955119,-0.8849787,0.5084618,-0.5039939,0.4948936,0.4924806,
1,1,2.553,-0.2481687,0.0395491,-0.8849788,0.5084507,-0.5039888,0.494905,0.4924858,
1,1,2.555,-0.2481687,0.0395491,-0.8849788,0.5084507,-0.5039888,0.494905,0.4924858,
1,1,2.557,-0.2481687,0.0395491,-0.8849788,0.5084507,-0.5039888,0.494905,0.4924858,
1,1,2.559,-0.2481687,0.0395491,-0.8849788,0.5084507,-0.5039888,0.494905,0.4924858,
1,1,2.561,-0.2481685,0.03954805,-0.8849787,0.5084507,-0.5039888,0.494905,0.4924858,
1,1,2.563,-0.2481685,0.03954805,-0.8849787,0.5084507,-0.5039888,0.494905,0.4924858,
1,1,2.565,-0.2481685,0.03954805,-0.8849787,0.5084507,-0.5039888,0.494905,0.4924858,
1,1,2.567,-0.2481772,0.03954776,-0.8849851,0.5084546,-0.5039997,0.4949049,0.4924707,
1,1,2.569,-0.2481772,0.03954776,-0.8849851,0.5084546,-0.5039997,0.4949049,0.4924707,
1,1,2.571,-0.2481772,0.03954776,-0.8849851,0.5084546,-0.5039997,0.4949049,0.4924707,
1,1,2.573,-0.2481772,0.03954776,-0.8849851,0.5084546,-0.5039997,0.4949049,0.4924707,
1,1,2.575,-0.2481693,0.03954715,-0.8849941,0.5084482,-0.5039989,0.4949145,0.4924684,
1,1,2.577,-0.2481693,0.03954715,-0.8849941,0.5084482,-0.5039989,0.4949145,0.4924684,
1,1,2.579,-0.2481693,0.03954715,-0.8849941,0.5084482,-0.5039989,0.4949145,0.4924684,
1,1,2.581,-0.2481693,0.03954715,-0.8849941,0.5084482,-0.5039989,0.4949145,0.4924684,
1,1,2.583,-0.2481628,0.03953673,-0.8849888,0.5084612,-0.5039938,0.4949057,0.4924691,
1,1,2.585,-0.2481628,0.03953673,-0.8849888,0.5084612,-0.5039938,0.4949057,0.4924691,
1,1,2.587,-0.2481628,0.03953673,-0.8849888,0.5084612,-0.5039938,0.4949057,0.4924691,
1,1,2.589,-0.2481628,0.03953673,-0.8849888,0.5084612,-0.5039938,0.4949057,0.4924691,
1,1,2.591,-0.2481586,0.03954083,-0.8849903,0.508462,-0.5039833,0.4949042,0.4924805,
1,1,2.593,-0.2481586,0.03954083,-0.8849903,0.508462,-0.5039833,0.4949042,0.4924805,
1,1,2.595,-0.2481586,0.03954083,-0.8849903,0.508462,-0.5039833,0.4949042,0.4924805,
1,1,2.597,-0.2481586,0.03954083,-0.8849903,0.508462,-0.5039833,0.4949042,0.4924805,
1,1,2.599,-0.2481564,0.03953907,-0.884991,0.508462,-0.5039833,0.4949042,0.4924805,
1,1,2.601,-0.2481564,0.03953907,-0.884991,0.508462,-0.5039833,0.4949042,0.4924805,
1,1,2.603,-0.2481564,0.03953907,-0.884991,0.508462,-0.5039833,0.4949042,0.4924805,
1,1,2.605,-0.2481598,0.03954282,-0.8849837,0.5084559,-0.5039646,0.4949259,0.4924842,
1,1,2.607,-0.2481598,0.03954282,-0.8849837,0.5084559,-0.5039646,0.4949259,0.4924842,
1,1,2.609,-0.2481598,0.03954282,-0.8849837,0.5084559,-0.5039646,0.4949259,0.4924842,
1,1,2.611,-0.2481598,0.03954282,-0.8849837,0.5084559,-0.5039646,0.4949259,0.4924842,
1,1,2.613,-0.2481676,0.03953752,-0.8849956,0.5084671,-0.5039843,0.4949009,0.4924776,
1,1,2.615,-0.2481676,0.03953752,-0.8849956,0.5084671,-0.5039843,0.4949009,0.4924776,
1,1,2.617,-0.2481676,0.03953752,-0.8849956,0.5084671,-0.5039843,0.4949009,0.4924776,
1,1,2.619,-0.2481676,0.03953752,-0.8849956,0.5084671,-0.5039843,0.4949009,0.4924776,
1,1,2.621,-0.248177,0.03954871,-0.8849854,0.5084288,-0.503995,0.4949181,0.4924889,
1,1,2.623,-0.248177,0.03954871,-0.8849854,0.5084288,-0.503995,0.4949181,0.4924889,
1,1,2.625,-0.248177,0.03954871,-0.8849854,0.5084288,-0.503995,0.4949181,0.4924889,
1,1,2.627,-0.248177,0.03954871,-0.8849854,0.5084288,-0.503995,0.4949181,0.4924889,
1,1,2.629,-0.2481784,0.03954927,-0.884984,0.5084288,-0.503995,0.4949181,0.4924889,
1,1,2.631,-0.2481784,0.03954927,-0.884984,0.5084288,-0.503995,0.4949181,0.4924889,
1,1,2.633,-0.2481784,0.03954927,-0.884984,0.5084288,-0.503995,0.4949181,0.4924889,
1,1,2.635,-0.2481784,0.03954927,-0.884984,0.5084288,-0.503995,0.4949181,0.4924889,
1,1,2.637,-0.2481782,0.03954433,-0.8849907,0.5084262,-0.5040038,0.4949186,0.492482,
1,1,2.639,-0.2481782,0.03954433,-0.8849907,0.5084262,-0.5040038,0.4949186,0.492482,
1,1,2.641,-0.2481782,0.03954433,-0.8849907,0.5084262,-0.5040038,0.4949186,0.492482,
1,1,2.643,-0.2481828,0.03954691,-0.8849881,0.5084358,-0.5039905,0.494931,0.4924734,
1,1,2.645,-0.2481828,0.03954691,-0.8849881,0.5084358,-0.5039905,0.494931,0.4924734,
1,1,2.647,-0.2481828,0.03954691,-0.8849881,0.5084358,-0.5039905,0.494931,0.4924734,
1,1,2.649,-0.2481828,0.03954691,-0.8849881,0.5084358,-0.5039905,0.494931,0.4924734,
1,1,2.651,-0.2481819,0.03954656,-0.8849902,0.5084271,-0.5039766,0.4949421,0.4924853,
1,1,2.653,-0.2481819,0.03954656,-0.8849902,0.5084271,-0.5039766,0.4949421,0.4924853,
1,1,2.655,-0.2481819,0.03954656,-0.8849902,0.5084271,-0.5039766,0.4949421,0.4924853,
1,1,2.657,-0.2481811,0.03954878,-0.8849885,0.5084161,-0.5039813,0.4949351,0.492499,
1,1,2.659,-0.2481811,0.03954878,-0.8849885,0.5084161,-0.5039813,0.4949351,0.492499,
1,1,2.661,-0.2481811,0.03954878,-0.8849885,0.5084161,-0.5039813,0.4949351,0.492499,
1,1,2.663,-0.2481811,0.03954878,-0.8849885,0.5084161,-0.5039813,0.4949351,0.492499,
1,1,2.665,-0.248177,0.03955415,-0.884993,0.5084164,-0.503978,0.4949357,0.4925015,
1,1,2.667,-0.248177,0.03955415,-0.884993,0.5084164,-0.503978,0.4949357,0.4925015,
1,1,2.669,-0.248177,0.03955415,-0.884993,0.5084164,-0.503978,0.4949357,0.4925015,
1,1,2.671,-0.248177,0.03955415,-0.884993,0.5084164,-0.503978,0.4949357,0.4925015,
1,1,2.673,-0.2481843,0.03955514,-0.8849911,0.5084133,-0.5039719,0.4949491,0.4924974,
1,1,2.675,-0.2481843,0.03955514,-0.8849911,0.5084133,-0.5039719,0.4949491,0.4924974,
1,1,2.677,-0.2481843,0.03955514,-0.8849911,0.5084133,-0.5039719,0.4949491,0.4924974,
1,1,2.679,-0.2481843,0.03955514,-0.8849911,0.5084133,-0.5039719,0.4949491,0.4924974,
1,1,2.681,-0.2481812,0.03954834,-0.8849817,0.5084215,-0.5039809,0.4949201,0.4925088,
1,1,2.683,-0.2481812,0.03954834,-0.8849817,0.5084215,-0.5039809,0.4949201,0.4925088,
1,1,2.685,-0.2481812,0.03954834,-0.8849817,0.5084215,-0.5039809,0.4949201,0.4925088,
1,1,2.687,-0.2481758,0.03955008,-0.884979,0.5084302,-0.5039656,0.4949239,0.4925118,
1,1,2.689,-0.2481758,0.03955008,-0.884979,0.5084302,-0.5039656,0.4949239,0.4925118,
1,1,2.691,-0.2481758,0.03955008,-0.884979,0.5084302,-0.5039656,0.4949239,0.4925118,
1,1,2.693,-0.2481758,0.03955008,-0.884979,0.5084302,-0.5039656,0.4949239,0.4925118,
1,1,2.695,-0.2481728,0.03955705,-0.8849819,0.5084269,-0.5039541,0.4949398,0.492511,
1,1,2.697,-0.2481728,0.03955705,-0.8849819,0.5084269,-0.5039541,0.4949398,0.492511,
1,1,2.699,-0.2481728,0.03955705,-0.8849819,0.5084269,-0.5039541,0.4949398,0.492511,
1,1,2.701,-0.2481728,0.03955705,-0.8849819,0.5084269,-0.5039541,0.4949398,0.492511,
1,1,2.703,-0.2481763,0.03956207,-0.8849915,0.5084202,-0.5039656,0.4949294,0.4925164,
1,1,2.705,-0.2481763,0.03956207,-0.8849915,0.5084202,-0.5039656,0.4949294,0.4925164,
1,1,2.707,-0.2481763,0.03956207,-0.8849915,0.5084202,-0.5039656,0.4949294,0.4925164,
1,1,2.709,-0.2481763,0.03956207,-0.8849915,0.5084202,-0.5039656,0.4949294,0.4925164,
1,1,2.711,-0.248183,0.03955684,-0.8849928,0.5084185,-0.5039601,0.4949505,0.4925027,
1,1,2.713,-0.248183,0.03955684,-0.8849928,0.5084185,-0.5039601,0.4949505,0.4925027,
1,1,2.715,-0.248183,0.03955684,-0.8849928,0.5084185,-0.5039601,0.4949505,0.4925027,
1,1,2.717,-0.2481867,0.0395466,-0.8849916,0.5084197,-0.5039802,0.494942,0.4924895,
1,1,2.719,-0.2481867,0.0395466,-0.8849916,0.5084197,-0.5039802,0.494942,0.4924895,
1,1,2.721,-0.2481867,0.0395466,-0.8849916,0.5084197,-0.5039802,0.494942,0.4924895,
1,1,2.723,-0.2481867,0.0395466,-0.8849916,0.5084197,-0.5039802,0.494942,0.4924895,
1,1,2.725,-0.2481849,0.03954966,-0.8849862,0.508433,-0.503979,0.4949445,0.4924744,
1,1,2.727,-0.2481849,0.03954966,-0.8849862,0.508433,-0.503979,0.4949445,0.4924744,
1,1,2.729,-0.2481849,0.03954966,-0.8849862,0.508433,-0.503979,0.4949445,0.4924744,
1,1,2.731,-0.2481849,0.03954966,-0.8849862,0.508433,-0.503979,0.4949445,0.4924744,
1,1,2.733,-0.248175,0.03954833,-0.8849791,0.5084388,-0.503974,0.4949322,0.4924859,
1,1,2.735,-0.248175,0.03954833,-0.8849791,0.5084388,-0.503974,0.4949322,0.4924859,
1,1,2.737,-0.248175,0.03954833,-0.8849791,0.5084388,-0.503974,0.4949322,0.4924859,
1,1,2.739,-0.248175,0.03954833,-0.8849791,0.5084388,-0.503974,0.4949322,0.4924859,
1,1,2.741,-0.2481769,0.03954696,-0.884984,0.5084323,-0.5039847,0.4949319,0.4924821,
1,1,2.743,-0.2481769,0.03954696,-0.884984,0.5084323,-0.5039847,0.4949319,0.4924821,
1,1,2.745,-0.2481769,0.03954696,-0.884984,0.5084323,-0.5039847,0.4949319,0.4924821,
1,1,2.747,-0.2481767,0.03955704,-0.8849908,0.5084282,-0.5039861,0.4949407,0.492476,
1,1,2.749,-0.2481767,0.03955704,-0.8849908,0.5084282,-0.5039861,0.4949407,0.492476,
1,1,2.751,-0.2481767,0.03955704,-0.8849908,0.5084282,-0.5039861,0.4949407,0.492476,
1,1,2.753,-0.2481767,0.03955704,-0.8849908,0.5084282,-0.5039861,0.4949407,0.492476,
1,1,2.755,-0.2481792,0.03955533,-0.8849917,0.5084317,-0.5039867,0.4949356,0.4924769,CourtEnter
1,1,2.757,-0.2481792,0.03955533,-0.8849917,0.5084317,-0.5039867,0.4949356,0.4924769,
1,1,2.759,-0.2481792,0.03955533,-0.8849917,0.5084317,-0.5039867,0.4949356,0.4924769,
1,1,2.761,-0.2481792,0.03955533,-0.8849917,0.5084317,-0.5039867,0.4949356,0.4924769,
1,1,2.763,-0.2481787,0.03955369,-0.8849894,0.5084386,-0.5039706,0.4949307,0.4924909,
1,1,2.765,-0.2481787,0.03955369,-0.8849894,0.5084386,-0.5039706,0.4949307,0.4924909,
1,1,2.767,-0.2481787,0.03955369,-0.8849894,0.5084386,-0.5039706,0.4949307,0.4924909,CourtExit
1,1,2.769,-0.2481811,0.03953082,-0.8849903,0.5084597,-0.5039853,0.4949087,0.4924764,
1,1,2.771,-0.2481811,0.03953082,-0.8849903,0.5084597,-0.5039853,0.4949087,0.4924764,
1,1,2.773,-0.2481811,0.03953082,-0.8849903,0.5084597,-0.5039853,0.4949087,0.4924764,
1,1,2.775,-0.2481811,0.03953082,-0.8849903,0.5084597,-0.5039853,0.4949087,0.4924764,
1,1,2.777,-0.2481811,0.03953082,-0.8849903,0.5084597,-0.5039853,0.4949087,0.4924764,
1,1,2.779,-0.2481792,0.03954529,-0.8849869,0.5084549,-0.5039855,0.4949178,0.492472,
1,1,2.781,-0.2481792,0.03954529,-0.8849869,0.5084549,-0.5039855,0.4949178,0.492472,
1,1,2.783,-0.2481792,0.03954529,-0.8849869,0.5084549,-0.5039855,0.4949178,0.492472,
1,1,2.785,-0.2481819,0.03955026,-0.8849959,0.5084424,-0.5039794,0.4949297,0.4924791,
1,1,2.787,-0.2481819,0.03955026,-0.8849959,0.5084424,-0.5039794,0.4949297,0.4924791,
1,1,2.789,-0.2481819,0.03955026,-0.8849959,0.5084424,-0.5039794,0.4949297,0.4924791,
1,1,2.791,-0.2481819,0.03955026,-0.8849959,0.5084424,-0.5039794,0.4949297,0.4924791,
1,1,2.793,-0.2481764,0.03954614,-0.8849974,0.5084449,-0.5039892,0.494921,0.4924755,
1,1,2.795,-0.2481764,0.03954614,-0.8849974,0.5084449,-0.5039892,0.494921,0.4924755,
1,1,2.797,-0.2481764,0.03954614,-0.8849974,0.5084449,-0.5039892,0.494921,0.4924755,
1,1,2.799,-0.2481764,0.03954614,-0.8849974,0.5084449,-0.5039892,0.494921,0.4924755,
1,1,2.801,-0.2481815,0.03954097,-0.8849958,0.5084514,-0.5039917,0.4949199,0.4924673,
1,1,2.803,-0.2481815,0.03954097,-0.8849958,0.5084514,-0.5039917,0.4949199,0.4924673,
1,1,2.805,-0.2481815,0.03954097,-0.8849958,0.5084514,-0.5039917,0.4949199,0.4924673,
1,1,2.807,-0.2481815,0.03954097,-0.8849958,0.5084514,-0.5039917,0.4949199,0.4924673,
1,1,2.809,-0.2481744,0.03953961,-0.8849981,0.5084484,-0.5039909,0.4949241,0.4924668,
1,1,2.811,-0.2481744,0.03953961,-0.8849981,0.5084484,-0.5039909,0.4949241,0.4924668,
1,1,2.813,-0.2481744,0.03953961,-0.8849981,0.5084484,-0.5039909,0.4949241,0.4924668,
1,1,2.815,-0.2481691,0.039553,-0.8849962,0.5084518,-0.5039774,0.4949225,0.4924787,
1,1,2.817,-0.2481691,0.039553,-0.8849962,0.5084518,-0.5039774,0.4949225,0.4924787,
1,1,2.819,-0.2481691,0.039553,-0.8849962,0.5084518,-0.5039774,0.4949225,0.4924787,
1,1,2.821,-0.2481691,0.039553,-0.8849962,0.5084518,-0.5039774,0.4949225,0.4924787,
1,1,2.823,-0.2481694,0.03954954,-0.8849899,0.5084509,-0.503981,0.49492,0.4924786,
1,1,2.825,-0.2481694,0.03954954,-0.8849899,0.5084509,-0.503981,0.49492,0.4924786,
1,1,2.827,-0.2481694,0.03954954,-0.8849899,0.5084509,-0.503981,0.49492,0.4924786,
1,1,2.829,-0.2481694,0.03954954,-0.8849899,0.5084509,-0.503981,0.49492,0.4924786,
1,1,2.831,-0.2481676,0.03954505,-0.8849985,0.5084603,-0.5039906,0.4949065,0.4924726,
1,1,2.833,-0.2481676,0.03954505,-0.8849985,0.5084603,-0.5039906,0.4949065,0.4924726,
1,1,2.835,-0.2481676,0.03954505,-0.8849985,0.5084603,-0.5039906,0.4949065,0.4924726,
1,1,2.837,-0.2481676,0.03954505,-0.8849985,0.5084603,-0.5039906,0.4949065,0.4924726,
1,1,2.839,-0.2481747,0.03954969,-0.8849991,0.5084488,-0.5039853,0.4949286,0.4924676,
1,1,2.841,-0.2481747,0.03954969,-0.8849991,0.5084488,-0.5039853,0.4949286,0.4924676,
1,1,2.843,-0.2481747,0.03954969,-0.8849991,0.5084488,-0.5039853,0.4949286,0.4924676,
1,1,2.845,-0.2481742,0.03954546,-0.8849967,0.5084498,-0.5039946,0.4949218,0.492464,
1,1,2.847,-0.2481742,0.03954546,-0.8849967,0.5084498,-0.5039946,0.4949218,0.492464,
1,1,2.849,-0.2481742,0.03954546,-0.8849967,0.5084498,-0.5039946,0.4949218,0.492464,
1,1,2.851,-0.2481742,0.03954546,-0.8849967,0.5084498,-0.5039946,0.4949218,0.492464,
1,1,2.853,-0.2481742,0.03954546,-0.8849967,0.5084498,-0.5039946,0.4949218,0.492464,
1,1,2.855,-0.2481787,0.03954539,-0.8849948,0.5084526,-0.5040007,0.49491,0.4924666,
1,1,2.857,-0.2481787,0.03954539,-0.8849948,0.5084526,-0.5040007,0.49491,0.4924666,
1,1,2.859,-0.2481787,0.03954539,-0.8849948,0.5084526,-0.5040007,0.49491,0.4924666,
1,1,2.861,-0.2481787,0.03954539,-0.8849948,0.5084526,-0.5040007,0.49491,0.4924666,
1,1,2.863,-0.2481778,0.03955529,-0.8849919,0.5084484,-0.5039847,0.4949313,0.492466,
1,1,2.865,-0.2481778,0.03955529,-0.8849919,0.5084484,-0.5039847,0.4949313,0.492466,
1,1,2.867,-0.2481778,0.03955529,-0.8849919,0.5084484,-0.5039847,0.4949313,0.492466,
1,1,2.869,-0.2481732,0.03955816,-0.8849859,0.5084404,-0.5039834,0.494936,0.4924707,
1,1,2.871,-0.2481732,0.03955816,-0.8849859,0.5084404,-0.5039834,0.494936,0.4924707,
1,1,2.873,-0.2481732,0.03955816,-0.8849859,0.5084404,-0.5039834,0.494936,0.4924707,
1,1,2.875,-0.2481732,0.03955816,-0.8849859,0.5084404,-0.5039834,0.494936,0.4924707,
1,1,2.877,-0.2481726,0.03955709,-0.8849849,0.5084471,-0.5039862,0.4949288,0.4924684,
1,1,2.879,-0.2481726,0.03955709,-0.8849849,0.5084471,-0.5039862,0.4949288,0.4924684,
1,1,2.881,-0.2481726,0.03955709,-0.8849849,0.5084471,-0.5039862,0.4949288,0.4924684,
1,1,2.883,-0.2481726,0.03955709,-0.8849849,0.5084471,-0.5039862,0.4949288,0.4924684,
1,1,2.885,-0.2481783,0.03956785,-0.8849791,0.5084411,-0.5039775,0.4949525,0.4924596,
1,1,2.887,-0.2481783,0.03956785,-0.8849791,0.5084411,-0.5039775,0.4949525,0.4924596,
1,1,2.889,-0.2481783,0.03956785,-0.8849791,0.5084411,-0.5039775,0.4949525,0.4924596,
1,1,2.891,-0.2481771,0.03956467,-0.8849883,0.5084361,-0.5039701,0.4949529,0.4924718,
1,1,2.893,-0.2481771,0.03956467,-0.8849883,0.5084361,-0.5039701,0.4949529,0.4924718,
1,1,2.895,-0.2481771,0.03956467,-0.8849883,0.5084361,-0.5039701,0.4949529,0.4924718,
1,1,2.897,-0.2481771,0.03956467,-0.8849883,0.5084361,-0.5039701,0.4949529,0.4924718,
1,1,2.899,-0.2481771,0.03956467,-0.8849883,0.5084361,-0.5039701,0.4949529,0.4924718,
1,1,2.901,-0.2481764,0.03955683,-0.8849944,0.5084382,-0.5039566,0.4949568,0.4924797,
1,1,2.903,-0.2481764,0.03955683,-0.8849944,0.5084382,-0.5039566,0.4949568,0.4924797,
1,1,2.905,-0.2481764,0.03955683,-0.8849944,0.5084382,-0.5039566,0.4949568,0.4924797,
1,1,2.907,-0.2481764,0.03955683,-0.8849944,0.5084382,-0.5039566,0.4949568,0.4924797,
1,1,2.909,-0.248179,0.03955443,-0.8849986,0.5084451,-0.5039537,0.4949508,0.4924813,
1,1,2.911,-0.248179,0.03955443,-0.8849986,0.5084451,-0.5039537,0.4949508,0.4924813,
1,1,2.913,-0.248179,0.03955443,-0.8849986,0.5084451,-0.5039537,0.4949508,0.4924813,
1,1,2.915,-0.248179,0.03955443,-0.8849986,0.5084451,-0.5039537,0.4949508,0.4924813,
1,1,2.917,-0.2481615,0.03954278,-0.8849995,0.5084704,-0.5039625,0.4949235,0.4924737,
1,1,2.919,-0.2481615,0.03954278,-0.8849995,0.5084704,-0.5039625,0.4949235,0.4924737,
1,1,2.921,-0.2481615,0.03954278,-0.8849995,0.5084704,-0.5039625,0.4949235,0.4924737,
1,1,2.923,-0.2481615,0.03954278,-0.8849995,0.5084704,-0.5039625,0.4949235,0.4924737,
1,1,2.925,-0.2481742,0.03953473,-0.8849953,0.5084782,-0.5039769,0.4949151,0.4924594,
1,1,2.927,-0.2481742,0.03953473,-0.8849953,0.5084782,-0.5039769,0.4949151,0.4924594,
1,1,2.929,-0.2481742,0.03953473,-0.8849953,0.5084782,-0.5039769,0.4949151,0.4924594,
1,1,2.931,-0.2481766,0.03953188,-0.8849946,0.5084782,-0.5039769,0.4949151,0.4924594,
1,1,2.933,-0.2481766,0.03953188,-0.8849946,0.5084782,-0.5039769,0.4949151,0.4924594,
1,1,2.935,-0.2481766,0.03953188,-0.8849946,0.5084782,-0.5039769,0.4949151,0.4924594,
1,1,2.937,-0.2481766,0.03953188,-0.8849946,0.5084782,-0.5039769,0.4949151,0.4924594,
1,1,2.939,-0.248171,0.03954486,-0.8849934,0.5084623,-0.5039681,0.4949252,0.4924747,
1,1,2.941,-0.248171,0.03954486,-0.8849934,0.5084623,-0.5039681,0.4949252,0.4924747,
1,1,2.943,-0.248171,0.03954486,-0.8849934,0.5084623,-0.5039681,0.4949252,0.4924747,
1,1,2.945,-0.2481707,0.03954845,-0.8849933,0.5084571,-0.5039769,0.4949197,0.4924767,
1,1,2.947,-0.2481707,0.03954845,-0.8849933,0.5084571,-0.5039769,0.4949197,0.4924767,
1,1,2.949,-0.2481707,0.03954845,-0.8849933,0.5084571,-0.5039769,0.4949197,0.4924767,
1,1,2.951,-0.2481707,0.03954845,-0.8849933,0.5084571,-0.5039769,0.4949197,0.4924767,
1,1,2.953,-0.2481673,0.03954526,-0.8849946,0.5084648,-0.5039781,0.4949171,0.4924701,
1,1,2.955,-0.2481673,0.03954526,-0.8849946,0.5084648,-0.5039781,0.4949171,0.4924701,
1,1,2.957,-0.2481673,0.03954526,-0.8849946,0.5084648,-0.5039781,0.4949171,0.4924701,
1,1,2.959,-0.2481673,0.03954526,-0.8849946,0.5084648,-0.5039781,0.4949171,0.4924701,
1,1,2.961,-0.248176,0.03955387,-0.8849894,0.5084681,-0.5039412,0.494953,0.4924685,
1,1,2.963,-0.248176,0.03955387,-0.8849894,0.5084681,-0.5039412,0.494953,0.4924685,
1,1,2.965,-0.248176,0.03955387,-0.8849894,0.5084681,-0.5039412,0.494953,0.4924685,
1,1,2.967,-0.248176,0.03955387,-0.8849894,0.5084681,-0.5039412,0.494953,0.4924685,
1,1,2.969,-0.2481781,0.03955349,-0.8849878,0.5084681,-0.5039412,0.494953,0.4924685,
1,1,2.971,-0.2481781,0.03955349,-0.8849878,0.5084681,-0.5039412,0.494953,0.4924685,
1,1,2.973,-0.2481781,0.03955349,-0.8849878,0.5084681,-0.5039412,0.494953,0.4924685,
1,1,2.975,-0.2481781,0.03955349,-0.8849878,0.5084681,-0.5039412,0.494953,0.4924685,
1,1,2.977,-0.2481583,0.0395573,-0.884999,0.5084734,-0.5039345,0.4949418,0.492481,
1,1,2.979,-0.2481583,0.0395573,-0.884999,0.5084734,-0.5039345,0.4949418,0.492481,
1,1,2.981,-0.2481583,0.0395573,-0.884999,0.5084734,-0.5039345,0.4949418,0.492481,
1,1,2.983,-0.2481684,0.03956883,-0.8850039,0.508455,-0.503945,0.4949366,0.4924946,
1,1,2.985,-0.2481684,0.03956883,-0.8850039,0.508455,-0.503945,0.4949366,0.4924946,
1,1,2.987,-0.2481684,0.03956883,-0.8850039,0.508455,-0.503945,0.4949366,0.4924946,
1,1,2.989,-0.2481684,0.03956883,-0.8850039,0.508455,-0.503945,0.4949366,0.4924946,
1,1,2.991,-0.2481684,0.03956883,-0.8850039,0.508455,-0.503945,0.4949366,0.4924946,
1,1,2.993,-0.2481643,0.03955084,-0.884997,0.5084876,-0.5039559,0.4949108,0.4924756,
1,1,2.995,-0.2481643,0.03955084,-0.884997,0.5084876,-0.5039559,0.4949108,0.4924756,
1,1,2.997,-0.2481643,0.03955084,-0.884997,0.5084876,-0.5039559,0.4949108,0.4924756,
1,1,2.999,-0.2481651,0.03955059,-0.8849965,0.5084876,-0.5039559,0.4949108,0.4924756,
1,2,3.001,-0.2481651,0.03955059,-0.8849965,0.5084876,-0.5039559,0.4949108,0.4924756,TrialStart
1,2,3.003,-0.2481651,0.03955059,-0.8849965,0.5084876,-0.5039559,0.4949108,0.4924756,
1,2,3.005,-0.2481651,0.03955059,-0.8849965,0.5084876,-0.5039559,0.4949108,0.4924756,
1,2,3.007,-0.2481749,0.03954929,-0.8849956,0.5084699,-0.5039619,0.4949271,0.4924714,
1,2,3.009,-0.2481749,0.03954929,-0.8849956,0.5084699,-0.5039619,0.4949271,0.4924714,
1,2,3.011,-0.2481749,0.03954929,-0.8849956,0.5084699,-0.5039619,0.4949271,0.4924714,
1,2,3.013,-0.2481749,0.03954929,-0.8849956,0.5084699,-0.5039619,0.4949271,0.4924714,
1,2,3.015,-0.2481672,0.03955788,-0.8849946,0.5084749,-0.5039575,0.4949271,0.4924706,
1,2,3.017,-0.2481672,0.03955788,-0.8849946,0.5084749,-0.5039575,0.4949271,0.4924706,
1,2,3.019,-0.2481672,0.03955788,-0.8849946,0.5084749,-0.5039575,0.4949271,0.4924706,
1,2,3.021,-0.2481672,0.03955788,-0.8849946,0.5084749,-0.5039575,0.4949271,0.4924706,
1,2,3.023,-0.2481672,0.03954984,-0.8849987,0.5084862,-0.503961,0.4949111,0.4924716,
1,2,3.025,-0.2481672,0.03954984,-0.8849987,0.5084862,-0.503961,0.4949111,0.4924716,
1,2,3.027,-0.2481672,0.03954984,-0.8849987,0.5084862,-0.503961,0.4949111,0.4924716,
1,2,3.029,-0.2481672,0.03954984,-0.8849987,0.5084862,-0.503961,0.4949111,0.4924716,
1,2,3.031,-0.2481729,0.03954421,-0.8849884,0.5084732,-0.5039535,0.4949395,0.492464,
1,2,3.033,-0.2481729,0.03954421,-0.8849884,0.5084732,-0.5039535,0.4949395,0.492464,
1,2,3.035,-0.2481729,0.03954421,-0.8849884,0.5084732,-0.5039535,0.4949395,0.492464,
1,2,3.037,-0.2481729,0.03954421,-0.8849884,0.5084732,-0.5039535,0.4949395,0.492464,
1,2,3.039,-0.2481632,0.03955299,-0.884993,0.508478,-0.5039564,0.4949344,0.4924612,
1,2,3.041,-0.2481632,0.03955299,-0.884993,0.508478,-0.5039564,0.4949344,0.4924612,
1,2,3.043,-0.2481632,0.03955299,-0.884993,0.508478,-0.5039564,0.4949344,0.4924612,
1,2,3.045,-0.2481632,0.03955299,-0.884993,0.508478,-0.5039564,0.4949344,0.4924612,
1,2,3.047,-0.2481632,0.03955299,-0.884993,0.508478,-0.5039564,0.4949344,0.4924612,
1,2,3.049,-0.2481682,0.03954059,-0.8849919,0.5084761,-0.503963,0.4949303,0.4924605,
1,2,3.051,-0.2481682,0.03954059,-0.8849919,0.5084761,-0.503963,0.4949303,0.4924605,
1,2,3.053,-0.2481682,0.03954059,-0.8849919,0.5084761,-0.503963,0.4949303,0.4924605,
1,2,3.055,-0.2481682,0.03954059,-0.8849919,0.5084761,-0.503963,0.4949303,0.4924605,
1,2,3.057,-0.2481711,0.03953785,-0.8849919,0.5084774,-0.5039669,0.4949144,0.4924712,
1,2,3.059,-0.2481711,0.03953785,-0.8849919,0.5084774,-0.5039669,0.4949144,0.4924712,
1,2,3.061,-0.2481711,0.03953785,-0.8849919,0.5084774,-0.5039669,0.4949144,0.4924712,
1,2,3.063,-0.2481711,0.03953785,-0.8849919,0.5084774,-0.5039669,0.4949144,0.4924712,
1,2,3.065,-0.2481649,0.03953851,-0.8849961,0.5084981,-0.5039486,0.4949063,0.4924767,
1,2,3.067,-0.2481649,0.03953851,-0.8849961,0.5084981,-0.5039486,0.4949063,0.4924767,
1,2,3.069,-0.2481649,0.03953851,-0.8849961,0.5084981,-0.5039486,0.4949063,0.4924767,
1,2,3.071,-0.2481586,0.03953202,-0.8849953,0.5085005,-0.5039385,0.4949152,0.4924757,
1,2,3.073,-0.2481586,0.03953202,-0.8849953,0.5085005,-0.5039385,0.4949152,0.4924757,
1,2,3.075,-0.2481586,0.03953202,-0.8849953,0.5085005,-0.5039385,0.4949152,0.4924757,
1,2,3.077,-0.2481586,0.03953202,-0.8849953,0.5085005,-0.5039385,0.4949152,0.4924757,
1,2,3.079,-0.2481586,0.03953202,-0.8849953,0.5085005,-0.5039385,0.4949152,0.4924757,
1,2,3.081,-0.2481702,0.03954,-0.8849909,0.5084816,-0.5039561,0.4949187,0.4924735,
1,2,3.083,-0.2481702,0.03954,-0.8849909,0.5084816,-0.5039561,0.4949187,0.4924735,
1,2,3.085,-0.2481702,0.03954,-0.8849909,0.5084816,-0.5039561,0.4949187,0.4924735,
1,2,3.087,-0.2481702,0.03954,-0.8849909,0.5084816,-0.5039561,0.4949187,0.4924735,
1,2,3.089,-0.2481713,0.03954004,-0.8849891,0.5084816,-0.5039561,0.4949187,0.4924735,
1,2,3.091,-0.2481713,0.03954004,-0.8849891,0.5084816,-0.5039561,0.4949187,0.4924735,
1,2,3.093,-0.2481713,0.03954004,-0.8849891,0.5084816,-0.5039561,0.4949187,0.4924735,
1,2,3.095,-0.248177,0.03955009,-0.8849902,0.5084752,-0.5039335,0.4949458,0.4924761,
1,2,3.097,-0.248177,0.03955009,-0.8849902,0.5084752,-0.5039335,0.4949458,0.4924761,
1,2,3.099,-0.248177,0.03955009,-0.8849902,0.5084752,-0.5039335,0.4949458,0.4924761,
1,2,3.101,-0.248177,0.03955009,-0.8849902,0.5084752,-0.5039335,0.4949458,0.4924761,
1,2,3.103,-0.2481764,0.03952523,-0.8849975,0.5084691,-0.5039701,0.4948928,0.4924982,
1,2,3.105,-0.2481764,0.03952523,-0.8849975,0.5084691,-0.5039701,0.4948928,0.4924982,
1,2,3.107,-0.2481764,0.03952523,-0.8849975,0.5084691,-0.5039701,0.4948928,0.4924982,
1,2,3.109,-0.2481652,0.03952937,-0.8849875,0.5084691,-0.5039654,0.4949021,0.4924936,
1,2,3.111,-0.2481652,0.03952937,-0.8849875,0.5084691,-0.5039654,0.4949021,0.4924936,
1,2,3.113,-0.2481652,0.03952937,-0.8849875,0.5084691,-0.5039654,0.4949021,0.4924936,
1,2,3.115,-0.2481652,0.03952937,-0.8849875,0.5084691,-0.5039654,0.4949021,0.4924936,
1,2,3.117,-0.2481668,0.03954318,-0.884995,0.5084613,-0.5039333,0.4949358,0.4925007,
1,2,3.119,-0.2481668,0.03954318,-0.884995,0.5084613,-0.5039333,0.4949358,0.4925007,
1,2,3.121,-0.2481668,0.03954318,-0.884995,0.5084613,-0.5039333,0.4949358,0.4925007,
1,2,3.123,-0.2481668,0.03954318,-0.884995,0.5084613,-0.5039333,0.4949358,0.4925007,
1,2,3.125,-0.2481668,0.03954318,-0.884995,0.5084613,-0.5039333,0.4949358,0.4925007,
1,2,3.127,-0.2481684,0.03954269,-0.8849922,0.5084748,-0.5039459,0.4949155,0.4924941,
1,2,3.129,-0.2481684,0.03954269,-0.8849922,0.5084748,-0.5039459,0.4949155,0.4924941,
1,2,3.131,-0.2481684,0.03954269,-0.8849922,0.5084748,-0.5039459,0.4949155,0.4924941,
1,2,3.133,-0.2481691,0.03954349,-0.8849903,0.5084748,-0.5039459,0.4949155,0.4924941,
1,2,3.135,-0.2481691,0.03954349,-0.8849903,0.5084748,-0.5039459,0.4949155,0.4924941,
1,2,3.137,-0.2481691,0.03954349,-0.8849903,0.5084748,-0.5039459,0.4949155,0.4924941,
1,2,3.139,-0.2481691,0.03954349,-0.8849903,0.5084748,-0.5039459,0.4949155,0.4924941,
1,2,3.141,-0.2481579,0.03953196,-0.8849868,0.5084897,-0.503961,0.4948967,0.4924824,
1,2,3.143,-0.2481579,0.03953196,-0.8849868,0.5084897,-0.503961,0.4948967,0.4924824,
1,2,3.145,-0.2481579,0.03953196,-0.8849868,0.5084897,-0.503961,0.4948967,0.4924824,
1,2,3.147,-0.2481579,0.03953196,-0.8849868,0.5084897,-0.503961,0.4948967,0.4924824,
1,2,3.149,-0.2481711,0.03953572,-0.8849941,0.5084605,-0.503979,0.4948985,0.4924923,
1,2,3.151,-0.2481711,0.03953572,-0.8849941,0.5084605,-0.503979,0.4948985,0.4924923,
1,2,3.153,-0.2481711,0.03953572,-0.8849941,0.5084605,-0.503979,0.4948985,0.4924923,
1,2,3.155,-0.2481721,0.03953639,-0.8849909,0.5084655,-0.5039809,0.4948902,0.4924935,
1,2,3.157,-0.2481721,0.03953639,-0.8849909,0.5084655,-0.5039809,0.4948902,0.4924935,
1,2,3.159,-0.2481721,0.03953639,-0.8849909,0.5084655,-0.5039809,0.4948902,0.4924935,
1,2,3.161,-0.2481721,0.03953639,-0.8849909,0.5084655,-0.5039809,0.4948902,0.4924935,
1,2,3.163,-0.2481683,0.03953671,-0.8849918,0.5084727,-0.5039725,0.4948946,0.4924901,
1,2,3.165,-0.2481683,0.03953671,-0.8849918,0.5084727,-0.5039725,0.4948946,0.4924901,
1,2,3.167,-0.2481683,0.03953671,-0.8849918,0.5084727,-0.5039725,0.4948946,0.4924901,
1,2,3.169,-0.2481683,0.03953671,-0.8849918,0.5084727,-0.5039725,0.4948946,0.4924901,
1,2,3.171,-0.2481697,0.03953608,-0.8849949,0.5084822,-0.5039726,0.4948892,0.4924858,
1,2,3.173,-0.2481697,0.03953608,-0.8849949,0.5084822,-0.5039726,0.4948892,0.4924858,
1,2,3.175,-0.2481697,0.03953608,-0.8849949,0.5084822,-0.5039726,0.4948892,0.4924858,
1,2,3.177,-0.2481697,0.03953608,-0.8849949,0.5084822,-0.5039726,0.4948892,0.4924858,
1,2,3.179,-0.248177,0.03953463,-0.8849996,0.5084772,-0.5039648,0.494908,0.4924799,
1,2,3.181,-0.248177,0.03953463,-0.8849996,0.5084772,-0.5039648,0.494908,0.4924799,
1,2,3.183,-0.248177,0.03953463,-0.8849996,0.5084772,-0.5039648,0.494908,0.4924799,
1,2,3.185,-0.248177,0.03953463,-0.8849996,0.5084772,-0.5039648,0.494908,0.4924799,
1,2,3.187,-0.248178,0.03954873,-0.8849976,0.5084618,-0.5039665,0.4949173,0.4924847,
1,2,3.189,-0.248178,0.03954873,-0.8849976,0.5084618,-0.5039665,0.4949173,0.4924847,
1,2,3.191,-0.248178,0.03954873,-0.8849976,0.5084618,-0.5039665,0.4949173,0.4924847,
1,2,3.193,-0.2481736,0.03955109,-0.8850014,0.5084695,-0.503967,0.4949052,0.4924886,
1,2,3.195,-0.2481736,0.03955109,-0.8850014,0.5084695,-0.503967,0.4949052,0.4924886,
1,2,3.197,-0.2481736,0.03955109,-0.8850014,0.5084695,-0.503967,0.4949052,0.4924886,
1,2,3.199,-0.2481736,0.03955109,-0.8850014,0.5084695,-0.503967,0.4949052,0.4924886,
1,2,3.201,-0.2481636,0.03954438,-0.8849963,0.5084718,-0.5039514,0.4949107,0.4924965,
1,2,3.203,-0.2481636,0.03954438,-0.8849963,0.5084718,-0.5039514,0.4949107,0.4924965,
1,2,3.205,-0.2481636,0.03954438,-0.8849963,0.5084718,-0.5039514,0.4949107,0.4924965,
1,2,3.207,-0.2481636,0.03954438,-0.8849963,0.5084718,-0.5039514,0.4949107,0.4924965,
1,2,3.209,-0.2481478,0.03954443,-0.8849917,0.5084813,-0.5039334,0.4949256,0.4924903,
1,2,3.211,-0.2481478,0.03954443,-0.8849917,0.5084813,-0.5039334,0.4949256,0.4924903,
1,2,3.213,-0.2481478,0.03954443,-0.8849917,0.5084813,-0.5039334,0.4949256,0.4924903,
1,2,3.215,-0.2481478,0.03954443,-0.8849917,0.5084813,-0.5039334,0.4949256,0.4924903,
1,2,3.217,-0.2481613,0.03955247,-0.8849939,0.5084766,-0.5039515,0.494923,0.4924792,
1,2,3.219,-0.2481613,0.03955247,-0.8849939,0.5084766,-0.5039515,0.494923,0.4924792,
1,2,3.221,-0.2481613,0.03955247,-0.8849939,0.5084766,-0.5039515,0.494923,0.4924792,
1,2,3.223,-0.2481613,0.03955247,-0.8849939,0.5084766,-0.5039515,0.494923,0.4924792,
1,2,3.225,-0.2481607,0.03953948,-0.8850024,0.5084829,-0.5039654,0.4949059,0.4924756,
1,2,3.227,-0.2481607,0.03953948,-0.8850024,0.5084829,-0.5039654,0.4949059,0.4924756,
1,2,3.229,-0.2481607,0.03953948,-0.8850024,0.5084829,-0.5039654,0.4949059,0.4924756,
1,2,3.231,-0.2481607,0.03953948,-0.8850024,0.5084829,-0.5039654,0.4949059,0.4924756,
1,2,3.233,-0.2481696,0.03954053,-0.8850054,0.5084802,-0.5039635,0.494915,0.4924712,
1,2,3.235,-0.2481696,0.03954053,-0.8850054,0.5084802,-0.5039635,0.494915,0.4924712,
1,2,3.237,-0.2481696,0.03954053,-0.8850054,0.5084802,-0.5039635,0.494915,0.4924712,
1,2,3.239,-0.2481696,0.03954053,-0.8850054,0.5084802,-0.5039635,0.494915,0.4924712,
1,2,3.241,-0.2481679,0.03953623,-0.8850083,0.5084729,-0.5039641,0.494918,0.4924752,
1,2,3.243,-0.2481679,0.03953623,-0.8850083,0.5084729,-0.5039641,0.494918,0.4924752,
1,2,3.245,-0.2481679,0.03953623,-0.8850083,0.5084729,-0.5039641,0.494918,0.4924752,
1,2,3.247,-0.2481679,0.03953623,-0.8850083,0.5084729,-0.5039641,0.494918,0.4924752,
1,2,3.249,-0.24817,0.0395318,-0.8850107,0.508494,-0.5039677,0.4949044,0.4924632,
1,2,3.251,-0.24817,0.0395318,-0.8850107,0.508494,-0.5039677,0.4949044,0.4924632,
1,2,3.253,-0.24817,0.0395318,-0.8850107,0.508494,-0.5039677,0.4949044,0.4924632,
1,2,3.255,-0.24817,0.0395318,-0.8850107,0.508494,-0.5039677,0.4949044,0.4924632,
1,2,3.257,-0.2481629,0.03953864,-0.8849993,0.5084913,-0.5039614,0.4949036,0.4924735,
1,2,3.259,-0.2481629,0.03953864,-0.8849993,0.5084913,-0.5039614,0.4949036,0.4924735,
1,2,3.261,-0.2481629,0.03953864,-0.8849993,0.5084913,-0.5039614,0.4949036,0.4924735,
1,2,3.263,-0.2481629,0.03953864,-0.8849993,0.5084913,-0.5039614,0.4949036,0.4924735,
1,2,3.265,-0.2481625,0.03953769,-0.8849997,0.5084884,-0.5039625,0.4949034,0.4924754,
1,2,3.267,-0.2481625,0.03953769,-0.8849997,0.5084884,-0.5039625,0.4949034,0.4924754,
1,2,3.269,-0.2481625,0.03953769,-0.8849997,0.5084884,-0.5039625,0.4949034,0.4924754,
1,2,3.271,-0.2481625,0.03953769,-0.8849997,0.5084884,-0.5039625,0.4949034,0.4924754,
1,2,3.273,-0.2481618,0.03953782,-0.8849998,0.5084884,-0.5039625,0.4949034,0.4924754,
1,2,3.275,-0.2481618,0.03953782,-0.8849998,0.5084884,-0.5039625,0.4949034,0.4924754,
1,2,3.277,-0.2481618,0.03953782,-0.8849998,0.5084884,-0.5039625,0.4949034,0.4924754,
1,2,3.279,-0.2481618,0.03953782,-0.8849998,0.5084884,-0.5039625,0.4949034,0.4924754,
1,2,3.281,-0.24816,0.03954577,-0.8850038,0.508496,-0.5039511,0.4949138,0.4924688,
1,2,3.283,-0.24816,0.03954577,-0.8850038,0.508496,-0.5039511,0.4949138,0.4924688,
1,2,3.285,-0.24816,0.03954577,-0.8850038,0.508496,-0.5039511,0.4949138,0.4924688,
1,2,3.287,-0.24816,0.03954577,-0.8850038,0.508496,-0.5039511,0.4949138,0.4924688,
1,2,3.289,-0.2481729,0.03953267,-0.8850016,0.5084785,-0.5039714,0.4948978,0.4924821,
1,2,3.291,-0.2481729,0.03953267,-0.8850016,0.5084785,-0.5039714,0.4948978,0.4924821,
1,2,3.293,-0.2481729,0.03953267,-0.8850016,0.5084785,-0.5039714,0.4948978,0.4924821,
1,2,3.295,-0.2481729,0.03953267,-0.8850016,0.5084785,-0.5039714,0.4948978,0.4924821,
1,2,3.297,-0.2481643,0.03953315,-0.8849992,0.5084863,-0.5039607,0.4948921,0.4924908,
1,2,3.299,-0.2481643,0.03953315,-0.8849992,0.5084863,-0.5039607,0.4948921,0.4924908,
1,2,3.301,-0.2481643,0.03953315,-0.8849992,0.5084863,-0.5039607,0.4948921,0.4924908,
1,2,3.303,-0.2481643,0.03953315,-0.8849992,0.5084863,-0.5039607,0.4948921,0.4924908,
1,2,3.305,-0.2481661,0.03954513,-0.8850042,0.508482,-0.5039476,0.4949066,0.492494,
1,2,3.307,-0.2481661,0.03954513,-0.8850042,0.508482,-0.5039476,0.4949066,0.492494,
1,2,3.309,-0.2481661,0.03954513,-0.8850042,0.508482,-0.5039476,0.4949066,0.492494,
1,2,3.311,-0.2481671,0.03954715,-0.8850054,0.508482,-0.5039476,0.4949066,0.492494,
1,2,3.313,-0.2481671,0.03954715,-0.8850054,0.508482,-0.5039476,0.4949066,0.492494,
1,2,3.315,-0.2481671,0.03954715,-0.8850054,0.508482,-0.5039476,0.4949066,0.492494,
1,2,3.317,-0.2481671,0.03954715,-0.8850054,0.508482,-0.5039476,0.4949066,0.492494,
1,2,3.319,-0.2481671,0.03954715,-0.8850054,0.508482,-0.5039476,0.4949066,0.492494,
1,2,3.321,-0.2481657,0.03955637,-0.8850044,0.5084884,-0.5039151,0.4949365,0.4924907,
1,2,3.323,-0.2481657,0.03955637,-0.8850044,0.5084884,-0.5039151,0.4949365,0.4924907,
1,2,3.325,-0.2481657,0.03955637,-0.8850044,0.5084884,-0.5039151,0.4949365,0.4924907,
1,2,3.327,-0.2481657,0.03955637,-0.8850044,0.5084884,-0.5039151,0.4949365,0.4924907,
1,2,3.329,-0.2481753,0.03954402,-0.8849969,0.5084798,-0.5039418,0.4949237,0.492485,
1,2,3.331,-0.2481753,0.03954402,-0.8849969,0.5084798,-0.5039418,0.4949237,0.492485,
1,2,3.333,-0.2481753,0.03954402,-0.8849969,0.5084798,-0.5039418,0.4949237,0.492485,
1,2,3.335,-0.2481776,0.03954297,-0.8849967,0.5084817,-0.5039433,0.4949132,0.492492,
1,2,3.337,-0.2481776,0.03954297,-0.8849967,0.5084817,-0.5039433,0.4949132,0.492492,
1,2,3.339,-0.2481776,0.03954297,-0.8849967,0.5084817,-0.5039433,0.4949132,0.492492,
1,2,3.341,-0.2481776,0.03954297,-0.8849967,0.5084817,-0.5039433,0.4949132,0.492492,
1,2,3.343,-0.2481782,0.03954643,-0.8849921,0.5084819,-0.5039451,0.4949049,0.4924985,
1,2,3.345,-0.2481782,0.03954643,-0.8849921,0.5084819,-0.5039451,0.4949049,0.4924985,
1,2,3.347,-0.2481782,0.03954643,-0.8849921,0.5084819,-0.5039451,0.4949049,0.4924985,
1,2,3.349,-0.2481782,0.03954643,-0.8849921,0.5084819,-0.5039451,0.4949049,0.4924985,
1,2,3.351,-0.2481797,0.03953701,-0.8849957,0.5084901,-0.5039386,0.4949163,0.492485,
1,2,3.353,-0.2481797,0.03953701,-0.8849957,0.5084901,-0.5039386,0.4949163,0.492485,
1,2,3.355,-0.2481797,0.03953701,-0.8849957,0.5084901,-0.5039386,0.4949163,0.492485,
1,2,3.357,-0.2481797,0.03953701,-0.8849957,0.5084901,-0.5039386,0.4949163,0.492485,
1,2,3.359,-0.2481768,0.03954671,-0.8850006,0.5084805,-0.5039341,0.4949278,0.4924881,
1,2,3.361,-0.2481768,0.03954671,-0.8850006,0.5084805,-0.5039341,0.4949278,0.4924881,
1,2,3.363,-0.2481768,0.03954671,-0.8850006,0.5084805,-0.5039341,0.4949278,0.4924881,
1,2,3.365,-0.2481768,0.03954671,-0.8850006,0.5084805,-0.5039341,0.4949278,0.4924881,
1,2,3.367,-0.2481714,0.03954494,-0.8850029,0.508485,-0.5039545,0.4949112,0.4924793,
1,2,3.369,-0.2481714,0.03954494,-0.8850029,0.508485,-0.5039545,0.4949112,0.4924793,
1,2,3.371,-0.2481714,0.03954494,-0.8850029,0.508485,-0.5039545,0.4949112,0.4924793,
1,2,3.373,-0.2481688,0.03954026,-0.8849909,0.5084915,-0.5039618,0.4949005,0.4924758,
1,2,3.375,-0.2481688,0.03954026,-0.8849909,0.5084915,-0.5039618,0.4949005,0.4924758,
1,2,3.377,-0.2481688,0.03954026,-0.8849909,0.5084915,-0.5039618,0.4949005,0.4924758,
1,2,3.379,-0.2481688,0.03954026,-0.8849909,0.5084915,-0.5039618,0.4949005,0.4924758,
1,2,3.381,-0.2481595,0.0395395,-0.8849851,0.508483,-0.5039651,0.4949052,0.4924765,
1,2,3.383,-0.2481595,0.0395395,-0.8849851,0.508483,-0.5039651,0.4949052,0.4924765,
1,2,3.385,-0.2481595,0.0395395,-0.8849851,0.508483,-0.5039651,0.4949052,0.4924765,
1,2,3.387,-0.2481595,0.0395395,-0.8849851,0.508483,-0.5039651,0.4949052,0.4924765,
1,2,3.389,-0.2481595,0.0395395,-0.8849851,0.508483,-0.5039651,0.4949052,0.4924765,
1,2,3.391,-0.2481635,0.03953706,-0.8849868,0.5084784,-0.5039743,0.4948978,0.4924793,
1,2,3.393,-0.2481635,0.03953706,-0.8849868,0.5084784,-0.5039743,0.4948978,0.4924793,
1,2,3.395,-0.2481635,0.03953706,-0.8849868,0.5084784,-0.5039743,0.4948978,0.4924793,
1,2,3.397,-0.2481635,0.03953706,-0.8849868,0.5084784,-0.5039743,0.4948978,0.4924793,
1,2,3.399,-0.2481687,0.03954408,-0.8849822,0.5084728,-0.5039644,0.494903,0.49249,
1,2,3.401,-0.2481687,0.03954408,-0.8849822,0.5084728,-0.5039644,0.494903,0.49249,
1,2,3.403,-0.2481687,0.03954408,-0.8849822,0.5084728,-0.5039644,0.494903,0.49249,
1,2,3.405,-0.2481687,0.03954408,-0.8849822,0.5084728,-0.5039644,0.494903,0.49249,
1,2,3.407,-0.2481742,0.03955619,-0.8849856,0.508461,-0.5039401,0.4949307,0.4924991,
1,2,3.409,-0.2481742,0.03955619,-0.8849856,0.508461,-0.5039401,0.4949307,0.4924991,
1,2,3.411,-0.2481742,0.03955619,-0.8849856,0.508461,-0.5039401,0.4949307,0.4924991,
1,2,3.413,-0.2481742,0.03955619,-0.8849856,0.508461,-0.5039401,0.4949307,0.4924991,
1,2,3.415,-0.248166,0.03955315,-0.884991,0.5084682,-0.5039405,0.4949294,0.4924927,
1,2,3.417,-0.248166,0.03955315,-0.884991,0.5084682,-0.5039405,0.4949294,0.4924927,
1,2,3.419,-0.248166,0.03955315,-0.884991,0.5084682,-0.5039405,0.4949294,0.4924927,
1,2,3.421,-0.248166,0.03955315,-0.884991,0.5084682,-0.5039405,0.4949294,0.4924927,
1,2,3.423,-0.2481571,0.03954628,-0.8849813,0.5084688,-0.5039502,0.494905,0.4925067,
1,2,3.425,-0.2481571,0.03954628,-0.8849813,0.5084688,-0.5039502,0.494905,0.4925067,
1,2,3.427,-0.2481571,0.03954628,-0.8849813,0.5084688,-0.5039502,0.494905,0.4925067,
1,2,3.429,-0.2481672,0.03952817,-0.8849794,0.5084735,-0.503976,0.4948967,0.4924839,
1,2,3.431,-0.2481672,0.03952817,-0.8849794,0.5084735,-0.503976,0.4948967,0.4924839,
1,2,3.433,-0.2481672,0.03952817,-0.8849794,0.5084735,-0.503976,0.4948967,0.4924839,
1,2,3.435,-0.2481672,0.03952817,-0.8849794,0.5084735,-0.503976,0.4948967,0.4924839,
1,2,3.437,-0.2481797,0.03954302,-0.8849756,0.5084618,-0.5039855,0.4948952,0.4924877,
1,2,3.439,-0.2481797,0.03954302,-0.8849756,0.5084618,-0.5039855,0.4948952,0.4924877,
1,2,3.441,-0.2481797,0.03954302,-0.8849756,0.5084618,-0.5039855,0.4948952,0.4924877,
1,2,3.443,-0.2481797,0.03954302,-0.8849756,0.5084618,-0.5039855,0.4948952,0.4924877,
1,2,3.445,-0.2481752,0.03955647,-0.8849821,0.5084672,-0.5039639,0.4949157,0.4924835,
1,2,3.447,-0.2481752,0.03955647,-0.8849821,0.5084672,-0.5039639,0.4949157,0.4924835,
1,2,3.449,-0.2481752,0.03955647,-0.8849821,0.5084672,-0.5039639,0.4949157,0.4924835,
1,2,3.451,-0.2481752,0.03955647,-0.8849821,0.5084672,-0.5039639,0.4949157,0.4924835,
1,2,3.453,-0.2481761,0.03956676,-0.8849919,0.5084621,-0.5039605,0.4949169,0.4924909,
1,2,3.455,-0.2481761,0.03956676,-0.8849919,0.5084621,-0.5039605,0.4949169,0.4924909,
1,2,3.457,-0.2481761,0.03956676,-0.8849919,0.5084621,-0.5039605,0.4949169,0.4924909,
1,2,3.459,-0.2481761,0.03956676,-0.8849919,0.5084621,-0.5039605,0.4949169,0.4924909,
1,2,3.461,-0.2481628,0.03956266,-0.8849866,0.5084699,-0.5039505,0.4949093,0.4925008,
1,2,3.463,-0.2481628,0.03956266,-0.8849866,0.5084699,-0.5039505,0.4949093,0.4925008,
1,2,3.465,-0.2481628,0.03956266,-0.8849866,0.5084699,-0.5039505,0.4949093,0.4925008,
1,2,3.467,-0.2481604,0.03955249,-0.8849891,0.5084784,-0.5039578,0.4949048,0.4924892,
1,2,3.469,-0.2481604,0.03955249,-0.8849891,0.5084784,-0.5039578,0.4949048,0.4924892,
1,2,3.471,-0.2481604,0.03955249,-0.8849891,0.5084784,-0.5039578,0.4949048,0.4924892,
1,2,3.473,-0.2481604,0.03955249,-0.8849891,0.5084784,-0.5039578,0.4949048,0.4924892,
1,2,3.475,-0.2481697,0.03954787,-0.8849792,0.5084813,-0.5039499,0.4949182,0.4924809,
1,2,3.477,-0.2481697,0.03954787,-0.8849792,0.5084813,-0.5039499,0.4949182,0.4924809,
1,2,3.479,-0.2481697,0.03954787,-0.8849792,0.5084813,-0.5039499,0.4949182,0.4924809,
1,2,3.481,-0.2481697,0.03954787,-0.8849792,0.5084813,-0.5039499,0.4949182,0.4924809,
1,2,3.483,-0.2481594,0.03955206,-0.8849798,0.5084915,-0.5039473,0.494911,0.4924802,
1,2,3.485,-0.2481594,0.03955206,-0.8849798,0.5084915,-0.5039473,0.494911,0.4924802,
1,2,3.487,-0.2481594,0.03955206,-0.8849798,0.5084915,-0.5039473,0.494911,0.4924802,
1,2,3.489,-0.2481764,0.03955686,-0.8849816,0.5084725,-0.5039478,0.4949347,0.4924755,
1,2,3.491,-0.2481764,0.03955686,-0.8849816,0.5084725,-0.5039478,0.4949347,0.4924755,
1,2,3.493,-0.2481764,0.03955686,-0.8849816,0.5084725,-0.5039478,0.4949347,0.4924755,
1,2,3.495,-0.2481764,0.03955686,-0.8849816,0.5084725,-0.5039478,0.4949347,0.4924755,
1,2,3.497,-0.2481808,0.03956013,-0.8849893,0.5084659,-0.503943,0.4949406,0.4924812,
1,2,3.499,-0.2481808,0.03956013,-0.8849893,0.5084659,-0.503943,0.4949406,0.4924812,
1,2,3.501,-0.2481808,0.03956013,-0.8849893,0.5084659,-0.503943,0.4949406,0.4924812,
1,2,3.503,-0.2481808,0.03956013,-0.8849893,0.5084659,-0.503943,0.4949406,0.4924812,
1,2,3.505,-0.2481748,0.03954981,-0.8849849,0.5084679,-0.5039467,0.494937,0.4924791,
1,2,3.507,-0.2481748,0.03954981,-0.8849849,0.5084679,-0.5039467,0.494937,0.4924791,
1,2,3.509,-0.2481748,0.03954981,-0.8849849,0.5084679,-0.5039467,0.494937,0.4924791,
1,2,3.511,-0.2481748,0.03954981,-0.8849849,0.5084679,-0.5039467,0.494937,0.4924791,
1,2,3.513,-0.2481793,0.03954226,-0.8849824,0.5084757,-0.5039611,0.4949229,0.4924703,
1,2,3.515,-0.2481793,0.03954226,-0.8849824,0.5084757,-0.5039611,0.4949229,0.4924703,
1,2,3.517,-0.2481793,0.03954226,-0.8849824,0.5084757,-0.5039611,0.4949229,0.4924703,
1,2,3.519,-0.2481793,0.03954226,-0.8849824,0.5084757,-0.5039611,0.4949229,0.4924703,
1,2,3.521,-0.2481754,0.03953626,-0.8849852,0.508496,-0.5039657,0.4948939,0.4924739,
1,2,3.523,-0.2481754,0.03953626,-0.8849852,0.508496,-0.5039657,0.4948939,0.4924739,
1,2,3.525,-0.2481754,0.03953626,-0.8849852,0.508496,-0.5039657,0.4948939,0.4924739,
1,2,3.527,-0.2481811,0.03954597,-0.8849908,0.5084773,-0.5039746,0.4948986,0.4924793,
1,2,3.529,-0.2481811,0.03954597,-0.8849908,0.5084773,-0.5039746,0.4948986,0.4924793,
1,2,3.531,-0.2481811,0.03954597,-0.8849908,0.5084773,-0.5039746,0.4948986,0.4924793,
1,2,3.533,-0.2481811,0.03954597,-0.8849908,0.5084773,-0.5039746,0.4948986,0.4924793,
1,2,3.535,-0.2481909,0.03954396,-0.8849974,0.5084604,-0.5039939,0.4949056,0.4924699,
1,2,3.537,-0.2481909,0.03954396,-0.8849974,0.5084604,-0.5039939,0.4949056,0.4924699,
1,2,3.539,-0.2481909,0.03954396,-0.8849974,0.5084604,-0.5039939,0.4949056,0.4924699,
1,2,3.541,-0.2481909,0.03954396,-0.8849974,0.5084604,-0.5039939,0.4949056,0.4924699,
1,2,3.543,-0.2481877,0.0395401,-0.8849981,0.5084614,-0.5039966,0.4949184,0.4924534,
1,2,3.545,-0.2481877,0.0395401,-0.8849981,0.5084614,-0.5039966,0.4949184,0.4924534,
1,2,3.547,-0.2481877,0.0395401,-0.8849981,0.5084614,-0.5039966,0.4949184,0.4924534,
1,2,3.549,-0.2481877,0.0395401,-0.8849981,0.5084614,-0.5039966,0.4949184,0.4924534,
1,2,3.551,-0.2481787,0.03954426,-0.8849916,0.5084687,-0.5039732,0.4949304,0.4924577,
1,2,3.553,-0.2481787,0.03954426,-0.8849916,0.5084687,-0.5039732,0.4949304,0.4924577,
1,2,3.555,-0.2481787,0.03954426,-0.8849916,0.5084687,-0.5039732,0.4949304,0.4924577,
1,2,3.557,-0.2481787,0.03954426,-0.8849916,0.5084687,-0.5039732,0.4949304,0.4924577,
1,2,3.559,-0.248186,0.03954659,-0.8849993,0.5084776,-0.5039741,0.4949201,0.492458,
1,2,3.561,-0.248186,0.03954659,-0.8849993,0.5084776,-0.5039741,0.4949201,0.492458,
1,2,3.563,-0.248186,0.03954659,-0.8849993,0.5084776,-0.5039741,0.4949201,0.492458,
1,2,3.565,-0.2481892,0.03954707,-0.8849934,0.5084712,-0.5039555,0.4949479,0.4924557,
1,2,3.567,-0.2481892,0.03954707,-0.8849934,0.5084712,-0.5039555,0.4949479,0.4924557,
1,2,3.569,-0.2481892,0.03954707,-0.8849934,0.5084712,-0.5039555,0.4949479,0.4924557,
1,2,3.571,-0.2481892,0.03954707,-0.8849934,0.5084712,-0.5039555,0.4949479,0.4924557,
1,2,3.573,-0.2481808,0.03955146,-0.8849908,0.5084539,-0.5039535,0.4949675,0.4924559,
1,2,3.575,-0.2481808,0.03955146,-0.8849908,0.5084539,-0.5039535,0.4949675,0.4924559,
1,2,3.577,-0.2481808,0.03955146,-0.8849908,0.5084539,-0.5039535,0.4949675,0.4924559,
1,2,3.579,-0.2481808,0.03955146,-0.8849908,0.5084539,-0.5039535,0.4949675,0.4924559,
1,2,3.581,-0.248185,0.03955885,-0.8849884,0.5084521,-0.5039577,0.4949538,0.4924672,
1,2,3.583,-0.248185,0.03955885,-0.8849884,0.5084521,-0.5039577,0.4949538,0.4924672,
1,2,3.585,-0.248185,0.03955885,-0.8849884,0.5084521,-0.5039577,0.4949538,0.4924672,
1,2,3.587,-0.248185,0.03955885,-0.8849884,0.5084521,-0.5039577,0.4949538,0.4924672,
1,2,3.589,-0.2481892,0.03955286,-0.8849987,0.5084628,-0.5039755,0.4949317,0.4924603,
1,2,3.591,-0.2481892,0.03955286,-0.8849987,0.5084628,-0.5039755,0.4949317,0.4924603,
1,2,3.593,-0.2481892,0.03955286,-0.8849987,0.5084628,-0.5039755,0.4949317,0.4924603,
1,2,3.595,-0.2481892,0.03955286,-0.8849987,0.5084628,-0.5039755,0.4949317,0.4924603,
1,2,3.597,-0.2481837,0.0395469,-0.8849978,0.5084542,-0.5039795,0.4949357,0.4924609,
1,2,3.599,-0.2481837,0.0395469,-0.8849978,0.5084542,-0.5039795,0.4949357,0.4924609,
1,2,3.601,-0.2481837,0.0395469,-0.8849978,0.5084542,-0.5039795,0.4949357,0.4924609,
1,2,3.603,-0.2481837,0.0395469,-0.8849978,0.5084542,-0.5039795,0.4949357,0.4924609,
1,2,3.605,-0.2481879,0.0395548,-0.88499,0.5084629,-0.5039674,0.4949422,0.4924578,
1,2,3.607,-0.2481879,0.0395548,-0.88499,0.5084629,-0.5039674,0.4949422,0.4924578,
1,2,3.609,-0.2481879,0.0395548,-0.88499,0.5084629,-0.5039674,0.4949422,0.4924578,
1,2,3.611,-0.2481784,0.03954827,-0.8849849,0.5084739,-0.5039573,0.4949326,0.4924662,
1,2,3.613,-0.2481784,0.03954827,-0.8849849,0.5084739,-0.5039573,0.4949326,0.4924662,
1,2,3.615,-0.2481784,0.03954827,-0.8849849,0.5084739,-0.5039573,0.4949326,0.4924662,
1,2,3.617,-0.2481784,0.03954827,-0.8849849,0.5084739,-0.5039573,0.4949326,0.4924662,
1,2,3.619,-0.2481771,0.0395515,-0.8849881,0.508489,-0.5039454,0.4949373,0.4924583,
1,2,3.621,-0.2481771,0.0395515,-0.8849881,0.508489,-0.5039454,0.4949373,0.4924583,
1,2,3.623,-0.2481771,0.0395515,-0.8849881,0.508489,-0.5039454,0.4949373,0.4924583,
1,2,3.625,-0.2481771,0.0395515,-0.8849881,0.508489,-0.5039454,0.4949373,0.4924583,
1,2,3.627,-0.2481771,0.0395515,-0.8849881,0.508489,-0.5039454,0.4949373,0.4924583,
1,2,3.629,-0.2481728,0.03954092,-0.8849838,0.5084876,-0.5039684,0.4949254,0.4924481,
1,2,3.631,-0.2481728,0.03954092,-0.8849838,0.5084876,-0.5039684,0.4949254,0.4924481,
1,2,3.633,-0.2481728,0.03954092,-0.8849838,0.5084876,-0.5039684,0.4949254,0.4924481,
1,2,3.635,-0.2481698,0.03954558,-0.8849857,0.5084854,-0.50396,0.4949327,0.4924516,
1,2,3.637,-0.2481698,0.03954558,-0.8849857,0.5084854,-0.50396,0.4949327,0.4924516,
1,2,3.639,-0.2481698,0.03954558,-0.8849857,0.5084854,-0.50396,0.4949327,0.4924516,
1,2,3.641,-0.2481698,0.03954558,-0.8849857,0.5084854,-0.50396,0.4949327,0.4924516,
1,2,3.643,-0.2481709,0.03954871,-0.8849866,0.5084883,-0.5039529,0.494939,0.4924495,
1,2,3.645,-0.2481709,0.03954871,-0.8849866,0.5084883,-0.5039529,0.494939,0.4924495,
1,2,3.647,-0.2481709,0.03954871,-0.8849866,0.5084883,-0.5039529,0.494939,0.4924495,
1,2,3.649,-0.2481717,0.03955531,-0.8849907,0.508489,-0.5039353,0.4949477,0.4924582,
1,2,3.651,-0.2481717,0.03955531,-0.8849907,0.508489,-0.5039353,0.4949477,0.4924582,
1,2,3.653,-0.2481717,0.03955531,-0.8849907,0.508489,-0.5039353,0.4949477,0.4924582,
1,2,3.655,-0.2481717,0.03955531,-0.8849907,0.508489,-0.5039353,0.4949477,0.4924582,
1,2,3.657,-0.2481793,0.0395543,-0.8849928,0.5084769,-0.5039613,0.4949316,0.4924602,
1,2,3.659,-0.2481793,0.0395543,-0.8849928,0.5084769,-0.5039613,0.4949316,0.4924602,
1,2,3.661,-0.2481793,0.0395543,-0.8849928,0.5084769,-0.5039613,0.4949316,0.4924602,
1,2,3.663,-0.2481793,0.0395543,-0.8849928,0.5084769,-0.5039613,0.4949316,0.4924602,
1,2,3.665,-0.248175,0.03955226,-0.8849998,0.5084779,-0.5039582,0.4949258,0.4924681,
1,2,3.667,-0.248175,0.03955226,-0.8849998,0.5084779,-0.5039582,0.4949258,0.4924681,
1,2,3.669,-0.248175,0.03955226,-0.8849998,0.5084779,-0.5039582,0.4949258,0.4924681,
1,2,3.671,-0.248175,0.03955226,-0.8849998,0.5084779,-0.5039582,0.4949258,0.4924681,
1,2,3.673,-0.2481772,0.03955065,-0.8849961,0.5084783,-0.5039455,0.4949395,0.492467,
1,2,3.675,-0.2481772,0.03955065,-0.8849961,0.5084783,-0.5039455,0.4949395,0.492467,
1,2,3.677,-0.2481772,0.03955065,-0.8849961,0.5084783,-0.5039455,0.4949395,0.492467,
1,2,3.679,-0.2481772,0.03955065,-0.8849961,0.5084783,-0.5039455,0.4949395,0.492467,
1,2,3.681,-0.2481834,0.03955122,-0.885001,0.5084926,-0.5039425,0.4949331,0.4924617,
1,2,3.683,-0.2481834,0.03955122,-0.885001,0.5084926,-0.5039425,0.4949331,0.4924617,
1,2,3.685,-0.2481834,0.03955122,-0.885001,0.5084926,-0.5039425,0.4949331,0.4924617,
1,2,3.687,-0.2481834,0.03955122,-0.885001,0.5084926,-0.5039425,0.4949331,0.4924617,
1,2,3.689,-0.2481722,0.03954526,-0.8849967,0.5085104,-0.5039275,0.4949372,0.4924546,
1,2,3.691,-0.2481722,0.03954526,-0.8849967,0.5085104,-0.5039275,0.4949372,0.4924546,
1,2,3.693,-0.2481722,0.03954526,-0.8849967,0.5085104,-0.5039275,0.4949372,0.4924546,
1,2,3.695,-0.2481722,0.03954526,-0.8849967,0.5085104,-0.5039275,0.4949372,0.4924546,
1,2,3.697,-0.2481712,0.0395601,-0.8849999,0.5084972,-0.5039288,0.494951,0.4924531,
1,2,3.699,-0.2481712,0.0395601,-0.8849999,0.5084972,-0.5039288,0.494951,0.4924531,
1,2,3.701,-0.2481712,0.0395601,-0.8849999,0.5084972,-0.5039288,0.494951,0.4924531,
1,2,3.703,-0.2481804,0.0395696,-0.8850005,0.5084828,-0.5039328,0.494953,0.4924616,
1,2,3.705,-0.2481804,0.0395696,-0.8850005,0.5084828,-0.5039328,0.494953,0.4924616,
1,2,3.707,-0.2481804,0.0395696,-0.8850005,0.5084828,-0.5039328,0.494953,0.4924616,
1,2,3.709,-0.2481804,0.0395696,-0.8850005,0.5084828,-0.5039328,0.494953,0.4924616,
1,2,3.711,-0.2481779,0.03957281,-0.8850061,0.5084862,-0.5039305,0.4949451,0.4924684,
1,2,3.713,-0.2481779,0.03957281,-0.8850061,0.5084862,-0.5039305,0.4949451,0.4924684,
1,2,3.715,-0.2481779,0.03957281,-0.8850061,0.5084862,-0.5039305,0.4949451,0.4924684,
1,2,3.717,-0.2481779,0.03957281,-0.8850061,0.5084862,-0.5039305,0.4949451,0.4924684,
1,2,3.719,-0.2481763,0.03956366,-0.885002,0.5084864,-0.5039573,0.4949255,0.4924605,
1,2,3.721,-0.2481763,0.03956366,-0.885002,0.5084864,-0.5039573,0.4949255,0.4924605,
1,2,3.723,-0.2481763,0.03956366,-0.885002,0.5084864,-0.5039573,0.4949255,0.4924605,
1,2,3.725,-0.2481763,0.03956366,-0.885002,0.5084864,-0.5039573,0.4949255,0.4924605,
1,2,3.727,-0.2481826,0.03956323,-0.8849943,0.508481,-0.5039512,0.49495,0.4924478,
1,2,3.729,-0.2481826,0.03956323,-0.8849943,0.508481,-0.5039512,0.49495,0.4924478,
1,2,3.731,-0.2481826,0.03956323,-0.8849943,0.508481,-0.5039512,0.49495,0.4924478,
1,2,3.733,-0.2481826,0.03956323,-0.8849943,0.508481,-0.5039512,0.49495,0.4924478,
1,2,3.735,-0.2481868,0.03955686,-0.884998,0.5084805,-0.5039575,0.4949487,0.4924431,
1,2,3.737,-0.2481868,0.03955686,-0.884998,0.5084805,-0.5039575,0.4949487,0.4924431,
1,2,3.739,-0.2481868,0.03955686,-0.884998,0.5084805,-0.5039575,0.4949487,0.4924431,
1,2,3.741,-0.2481868,0.03955686,-0.884998,0.5084805,-0.5039575,0.4949487,0.4924431,
1,2,3.743,-0.2481819,0.03955757,-0.8849942,0.5084834,-0.5039545,0.4949385,0.4924534,
1,2,3.745,-0.2481819,0.03955757,-0.8849942,0.5084834,-0.5039545,0.4949385,0.4924534,
1,2,3.747,-0.2481819,0.03955757,-0.8849942,0.5084834,-0.5039545,0.4949385,0.4924534,
1,2,3.749,-0.2481819,0.03955757,-0.8849942,0.5084834,-0.5039545,0.4949385,0.4924534,
1,2,3.751,-0.2481721,0.03955087,-0.8849975,0.5084884,-0.5039394,0.4949577,0.4924445,
1,2,3.753,-0.2481721,0.03955087,-0.8849975,0.5084884,-0.5039394,0.4949577,0.4924445,
1,2,3.755,-0.2481721,0.03955087,-0.8849975,0.5084884,-0.5039394,0.4949577,0.4924445,
1,2,3.757,-0.2481721,0.03955087,-0.8849975,0.5084884,-0.5039394,0.4949577,0.4924445,
1,2,3.759,-0.2481692,0.03954749,-0.8849974,0.5084884,-0.5039394,0.4949577,0.4924445,
1,2,3.761,-0.2481692,0.03954749,-0.8849974,0.5084884,-0.5039394,0.4949577,0.4924445,
1,2,3.763,-0.2481692,0.03954749,-0.8849974,0.5084884,-0.5039394,0.4949577,0.4924445,
1,2,3.765,-0.2481692,0.03954749,-0.8849974,0.5084884,-0.5039394,0.4949577,0.4924445,
1,2,3.767,-0.2481745,0.03955347,-0.8849916,0.5084892,-0.5039372,0.4949572,0.4924465,
1,2,3.769,-0.2481745,0.03955347,-0.8849916,0.5084892,-0.5039372,0.4949572,0.4924465,
1,2,3.771,-0.2481745,0.03955347,-0.8849916,0.5084892,-0.5039372,0.4949572,0.4924465,
1,2,3.773,-0.2481728,0.03954508,-0.884991,0.5085005,-0.5039458,0.4949509,0.4924321,
1,2,3.775,-0.2481728,0.03954508,-0.884991,0.5085005,-0.5039458,0.4949509,0.4924321,
1,2,3.777,-0.2481728,0.03954508,-0.884991,0.5085005,-0.5039458,0.4949509,0.4924321,
1,2,3.779,-0.2481728,0.03954508,-0.884991,0.5085005,-0.5039458,0.4949509,0.4924321,
1,2,3.781,-0.2481824,0.03955026,-0.8849922,0.5084762,-0.5039509,0.4949526,0.4924506,
1,2,3.783,-0.2481824,0.03955026,-0.8849922,0.5084762,-0.5039509,0.4949526,0.4924506,
1,2,3.785,-0.2481824,0.03955026,-0.8849922,0.5084762,-0.5039509,0.4949526,0.4924506,
1,2,3.787,-0.2481824,0.03955026,-0.8849922,0.5084762,-0.5039509,0.4949526,0.4924506,
1,2,3.789,-0.2481844,0.03954993,-0.8849924,0.5084762,-0.5039509,0.4949526,0.4924506,
1,2,3.791,-0.2481844,0.03954993,-0.8849924,0.5084762,-0.5039509,0.4949526,0.4924506,
1,2,3.793,-0.2481844,0.03954993,-0.8849924,0.5084762,-0.5039509,0.4949526,0.4924506,
1,2,3.795,-0.2481844,0.03954993,-0.8849924,0.5084762,-0.5039509,0.4949526,0.4924506,
1,2,3.797,-0.2481882,0.03955232,-0.8849894,0.5084732,-0.5039545,0.4949499,0.4924527,
1,2,3.799,-0.2481882,0.03955232,-0.8849894,0.5084732,-0.5039545,0.4949499,0.4924527,
1,2,3.801,-0.2481882,0.03955232,-0.8849894,0.5084732,-0.5039545,0.4949499,0.4924527,
1,2,3.803,-0.2481882,0.03955232,-0.8849894,0.5084732,-0.5039545,0.4949499,0.4924527,
1,2,3.805,-0.248176,0.03955146,-0.8849857,0.5084719,-0.5039369,0.4949645,0.4924572,
1,2,3.807,-0.248176,0.03955146,-0.8849857,0.5084719,-0.5039369,0.4949645,0.4924572,
1,2,3.809,-0.248176,0.03955146,-0.8849857,0.5084719,-0.5039369,0.4949645,0.4924572,
1,2,3.811,-0.2481805,0.03954831,-0.8849891,0.5084704,-0.5039452,0.494959,0.4924558,
1,2,3.813,-0.2481805,0.03954831,-0.8849891,0.5084704,-0.5039452,0.494959,0.4924558,
1,2,3.815,-0.2481805,0.03954831,-0.8849891,0.5084704,-0.5039452,0.494959,0.4924558,
1,2,3.817,-0.2481805,0.03954831,-0.8849891,0.5084704,-0.5039452,0.494959,0.4924558,
1,2,3.819,-0.2481847,0.03955258,-0.8849828,0.5084458,-0.5039691,0.4949377,0.4924781,
1,2,3.821,-0.2481847,0.03955258,-0.8849828,0.5084458,-0.5039691,0.4949377,0.4924781,
1,2,3.823,-0.2481847,0.03955258,-0.8849828,0.5084458,-0.5039691,0.4949377,0.4924781,
1,2,3.825,-0.2481847,0.03955258,-0.8849828,0.5084458,-0.5039691,0.4949377,0.4924781,
1,2,3.827,-0.2481787,0.03955209,-0.8849856,0.5084479,-0.5039783,0.494923,0.4924814,
1,2,3.829,-0.2481787,0.03955209,-0.8849856,0.5084479,-0.5039783,0.494923,0.4924814,
1,2,3.831,-0.2481787,0.03955209,-0.8849856,0.5084479,-0.5039783,0.494923,0.4924814,
1,2,3.833,-0.2481787,0.03955209,-0.8849856,0.5084479,-0.5039783,0.494923,0.4924814,
1,2,3.835,-0.2481779,0.03955374,-0.8849847,0.5084479,-0.5039783,0.494923,0.4924814,
1,2,3.837,-0.2481779,0.03955374,-0.8849847,0.5084479,-0.5039783,0.494923,0.4924814,
1,2,3.839,-0.2481779,0.03955374,-0.8849847,0.5084479,-0.5039783,0.494923,0.4924814,
1,2,3.841,-0.2481779,0.03955374,-0.8849847,0.5084479,-0.5039783,0.494923,0.4924814,
1,2,3.843,-0.2481869,0.03951302,-0.8849987,0.5084608,-0.5040087,0.4948693,0.4924909,
1,2,3.845,-0.2481869,0.03951302,-0.8849987,0.5084608,-0.5040087,0.4948693,0.4924909,
1,2,3.847,-0.2481869,0.03951302,-0.8849987,0.5084608,-0.5040087,0.4948693,0.4924909,
1,2,3.849,-0.2481869,0.03951302,-0.8849987,0.5084608,-0.5040087,0.4948693,0.4924909,
1,2,3.851,-0.2481921,0.03951475,-0.884988,0.508466,-0.5040078,0.4948751,0.4924807,
1,2,3.853,-0.2481921,0.03951475,-0.884988,0.508466,-0.5040078,0.4948751,0.4924807,
1,2,3.855,-0.2481921,0.03951475,-0.884988,0.508466,-0.5040078,0.4948751,0.4924807,
1,2,3.857,-0.2481887,0.03953757,-0.884989,0.5084643,-0.5039908,0.4948934,0.4924813,
1,2,3.859,-0.2481887,0.03953757,-0.884989,0.5084643,-0.5039908,0.4948934,0.4924813,
1,2,3.861,-0.2481887,0.03953757,-0.884989,0.5084643,-0.5039908,0.4948934,0.4924813,
1,2,3.863,-0.2481887,0.03953757,-0.884989,0.5084643,-0.5039908,0.4948934,0.4924813,
1,2,3.865,-0.2481818,0.03954853,-0.8849852,0.5084626,-0.5039669,0.4949202,0.4924806,
1,2,3.867,-0.2481818,0.03954853,-0.8849852,0.5084626,-0.5039669,0.4949202,0.4924806,
1,2,3.869,-0.2481818,0.03954853,-0.8849852,0.5084626,-0.5039669,0.4949202,0.4924806,
1,2,3.871,-0.2481818,0.03954853,-0.8849852,0.5084626,-0.5039669,0.4949202,0.4924806,
1,2,3.873,-0.2481803,0.03954908,-0.8849881,0.50846,-0.5039633,0.4949294,0.4924778,
1,2,3.875,-0.2481803,0.03954908,-0.8849881,0.50846,-0.5039633,0.4949294,0.4924778,
1,2,3.877,-0.2481803,0.03954908,-0.8849881,0.50846,-0.5039633,0.4949294,0.4924778,
1,2,3.879,-0.2481803,0.03954908,-0.8849881,0.50846,-0.5039633,0.4949294,0.4924778,
1,2,3.881,-0.2481792,0.03954928,-0.8849877,0.50846,-0.5039633,0.4949294,0.4924778,
1,2,3.883,-0.2481792,0.03954928,-0.8849877,0.50846,-0.5039633,0.4949294,0.4924778,
1,2,3.885,-0.2481792,0.03954928,-0.8849877,0.50846,-0.5039633,0.4949294,0.4924778,
1,2,3.887,-0.2481792,0.03954289,-0.8849865,0.5084692,-0.5039519,0.4949375,0.4924718,
1,2,3.889,-0.2481792,0.03954289,-0.8849865,0.5084692,-0.5039519,0.4949375,0.4924718,
1,2,3.891,-0.2481792,0.03954289,-0.8849865,0.5084692,-0.5039519,0.4949375,0.4924718,
1,2,3.893,-0.2481792,0.03954289,-0.8849865,0.5084692,-0.5039519,0.4949375,0.4924718,
1,2,3.895,-0.2481759,0.03956268,-0.8849823,0.508471,-0.5039265,0.4949582,0.4924751,
1,2,3.897,-0.2481759,0.03956268,-0.8849823,0.508471,-0.5039265,0.4949582,0.4924751,
1,2,3.899,-0.2481759,0.03956268,-0.8849823,0.508471,-0.5039265,0.4949582,0.4924751,
1,2,3.901,-0.2481759,0.03956268,-0.8849823,0.508471,-0.5039265,0.4949582,0.4924751,
1,2,3.903,-0.2481785,0.03956006,-0.8849878,0.5084711,-0.5039302,0.4949511,0.4924783,
1,2,3.905,-0.2481785,0.03956006,-0.8849878,0.5084711,-0.5039302,0.4949511,0.4924783,
1,2,3.907,-0.2481785,0.03956006,-0.8849878,0.5084711,-0.5039302,0.4949511,0.4924783,
1,2,3.909,-0.2481785,0.03956006,-0.8849878,0.5084711,-0.5039302,0.4949511,0.4924783,
1,2,3.911,-0.2481811,0.03953237,-0.8849832,0.5084736,-0.50397,0.4949162,0.4924702,
1,2,3.913,-0.2481811,0.03953237,-0.8849832,0.5084736,-0.50397,0.4949162,0.4924702,
1,2,3.915,-0.2481811,0.03953237,-0.8849832,0.5084736,-0.50397,0.4949162,0.4924702,
1,2,3.917,-0.2481811,0.03953237,-0.8849832,0.5084736,-0.50397,0.4949162,0.4924702,
1,2,3.919,-0.2481913,0.03954569,-0.884986,0.5084488,-0.5039662,0.4949481,0.4924675,
1,2,3.921,-0.2481913,0.03954569,-0.884986,0.5084488,-0.5039662,0.4949481,0.4924675,
1,2,3.923,-0.2481913,0.03954569,-0.884986,0.5084488,-0.5039662,0.4949481,0.4924675,
1,2,3.925,-0.2481913,0.03954569,-0.884986,0.5084488,-0.5039662,0.4949481,0.4924675,
1,2,3.927,-0.2481925,0.03954727,-0.8849853,0.5084513,-0.5039606,0.4949496,0.4924691,
1,2,3.929,-0.2481925,0.03954727,-0.8849853,0.5084513,-0.5039606,0.4949496,0.4924691,
1,2,3.931,-0.2481925,0.03954727,-0.8849853,0.5084513,-0.5039606,0.4949496,0.4924691,
1,2,3.933,-0.2481925,0.03954727,-0.8849853,0.5084513,-0.5039606,0.4949496,0.4924691,
1,2,3.935,-0.2481944,0.0395475,-0.8849854,0.5084513,-0.5039606,0.4949496,0.4924691,
1,2,3.937,-0.2481944,0.0395475,-0.8849854,0.5084513,-0.5039606,0.4949496,0.4924691,
1,2,3.939,-0.2481944,0.0395475,-0.8849854,0.5084513,-0.5039606,0.4949496,0.4924691,
1,2,3.941,-0.2481857,0.03955013,-0.8849775,0.5084531,-0.5039497,0.494945,0.4924832,
1,2,3.943,-0.2481857,0.03955013,-0.8849775,0.5084531,-0.5039497,0.494945,0.4924832,
1,2,3.945,-0.2481857,0.03955013,-0.8849775,0.5084531,-0.5039497,0.494945,0.4924832,
1,2,3.947,-0.2481857,0.03955013,-0.8849775,0.5084531,-0.5039497,0.494945,0.4924832,
1,2,3.949,-0.2481857,0.03955013,-0.8849775,0.5084531,-0.5039497,0.494945,0.4924832,
1,2,3.951,-0.2481846,0.03954761,-0.8849837,0.5084472,-0.5039717,0.4949235,0.4924883,
1,2,3.953,-0.2481846,0.03954761,-0.8849837,0.5084472,-0.5039717,0.4949235,0.4924883,
1,2,3.955,-0.2481846,0.03954761,-0.8849837,0.5084472,-0.5039717,0.4949235,0.4924883,
1,2,3.957,-0.2481846,0.03954761,-0.8849837,0.5084472,-0.5039717,0.4949235,0.4924883,
1,2,3.959,-0.2481858,0.03953864,-0.8849868,0.5084465,-0.5039814,0.4949148,0.4924879,
1,2,3.961,-0.2481858,0.03953864,-0.8849868,0.5084465,-0.5039814,0.4949148,0.4924879,
1,2,3.963,-0.2481858,0.03953864,-0.8849868,0.5084465,-0.5039814,0.4949148,0.4924879,
1,2,3.965,-0.2481858,0.03953864,-0.8849868,0.5084465,-0.5039814,0.4949148,0.4924879,
1,2,3.967,-0.2481949,0.03955701,-0.8849782,0.5084277,-0.5039572,0.4949703,0.4924762,
1,2,3.969,-0.2481949,0.03955701,-0.8849782,0.5084277,-0.5039572,0.4949703,0.4924762,
1,2,3.971,-0.2481949,0.03955701,-0.8849782,0.5084277,-0.5039572,0.4949703,0.4924762,
1,2,3.973,-0.2481949,0.03955701,-0.8849782,0.5084277,-0.5039572,0.4949703,0.4924762,
1,2,3.975,-0.2481854,0.03956463,-0.8849897,0.5084437,-0.5039357,0.4949622,0.4924898,
1,2,3.977,-0.2481854,0.03956463,-0.8849897,0.5084437,-0.5039357,0.4949622,0.4924898,
1,2,3.979,-0.2481854,0.03956463,-0.8849897,0.5084437,-0.5039357,0.4949622,0.4924898,
1,2,3.981,-0.2481854,0.03956463,-0.8849897,0.5084437,-0.5039357,0.4949622,0.4924898,
1,2,3.983,-0.2481839,0.03956003,-0.8850006,0.5084282,-0.5039597,0.4949549,0.4924887,
1,2,3.985,-0.2481839,0.03956003,-0.8850006,0.5084282,-0.5039597,0.4949549,0.4924887,
1,2,3.987,-0.2481839,0.03956003,-0.8850006,0.5084282,-0.5039597,0.4949549,0.4924887,
1,2,3.989,-0.2481839,0.03956003,-0.8850006,0.5084282,-0.5039597,0.4949549,0.4924887,
1,2,3.991,-0.2481772,0.03955597,-0.8850001,0.5084434,-0.5039648,0.4949347,0.4924881,
1,2,3.993,-0.2481772,0.03955597,-0.8850001,0.5084434,-0.5039648,0.4949347,0.4924881,
1,2,3.995,-0.2481772,0.03955597,-0.8850001,0.5084434,-0.5039648,0.4949347,0.4924881,
1,2,3.997,-0.2481772,0.03955597,-0.8850001,0.5084434,-0.5039648,0.4949347,0.4924881,
1,2,3.999,-0.2481879,0.03956049,-0.8849899,0.5084292,-0.5039625,0.4949715,0.4924681,
1,2,4.001,-0.2481879,0.03956049,-0.8849899,0.5084292,-0.5039625,0.4949715,0.4924681,
1,2,4.003,-0.2481879,0.03956049,-0.8849899,0.5084292,-0.5039625,0.4949715,0.4924681,
1,2,4.005,-0.2481879,0.03956049,-0.8849899,0.5084292,-0.5039625,0.4949715,0.4924681,
1,2,4.007,-0.2481879,0.03956049,-0.8849899,0.5084292,-0.5039625,0.4949715,0.4924681,
1,2,4.009,-0.2481872,0.03956067,-0.8849865,0.5084292,-0.5039625,0.4949715,0.4924681,
1,2,4.011,-0.2481872,0.03956067,-0.8849865,0.5084292,-0.5039625,0.4949715,0.4924681,
1,2,4.013,-0.2481872,0.03956067,-0.8849865,0.5084292,-0.5039625,0.4949715,0.4924681,
1,2,4.015,-0.2481872,0.03956067,-0.8849865,0.5084292,-0.5039625,0.4949715,0.4924681,
1,2,4.017,-0.2481906,0.03954369,-0.8849934,0.5084411,-0.5039961,0.4949437,0.4924493,
1,2,4.019,-0.2481906,0.03954369,-0.8849934,0.5084411,-0.5039961,0.4949437,0.4924493,
1,2,4.021,-0.2481906,0.03954369,-0.8849934,0.5084411,-0.5039961,0.4949437,0.4924493,
1,2,4.023,-0.2481906,0.03954369,-0.8849934,0.5084411,-0.5039961,0.4949437,0.4924493,
1,2,4.025,-0.2482051,0.0395542,-0.8849918,0.5084158,-0.5039987,0.4949434,0.4924731,
1,2,4.027,-0.2482051,0.0395542,-0.8849918,0.5084158,-0.5039987,0.4949434,0.4924731,
1,2,4.029,-0.2482051,0.0395542,-0.8849918,0.5084158,-0.5039987,0.4949434,0.4924731,
1,2,4.031,-0.2482051,0.0395542,-0.8849918,0.5084158,-0.5039987,0.4949434,0.4924731,
1,2,4.033,-0.2482169,0.03953508,-0.8850006,0.5083938,-0.5040351,0.4948955,0.4925067,
1,2,4.035,-0.2482169,0.03953508,-0.8850006,0.5083938,-0.5040351,0.4948955,0.4925067,
1,2,4.037,-0.2482169,0.03953508,-0.8850006,0.5083938,-0.5040351,0.4948955,0.4925067,
1,2,4.039,-0.2482169,0.03953508,-0.8850006,0.5083938,-0.5040351,0.4948955,0.4925067,
1,2,4.041,-0.2482142,0.03952791,-0.8849913,0.5083818,-0.5040512,0.4948862,0.492512,
1,2,4.043,-0.2482142,0.03952791,-0.8849913,0.5083818,-0.5040512,0.4948862,0.492512,
1,2,4.045,-0.2482142,0.03952791,-0.8849913,0.5083818,-0.5040512,0.4948862,0.492512,
1,2,4.047,-0.2482142,0.03952791,-0.8849913,0.5083818,-0.5040512,0.4948862,0.492512,
1,2,4.049,-0.2481986,0.03954746,-0.8849746,0.5083987,-0.5040152,0.494902,0.4925157,
1,2,4.051,-0.2481986,0.03954746,-0.8849746,0.5083987,-0.5040152,0.494902,0.4925157,
1,2,4.053,-0.2481986,0.03954746,-0.8849746,0.5083987,-0.5040152,0.494902,0.4925157,
1,2,4.055,-0.2481986,0.03954746,-0.8849746,0.5083987,-0.5040152,0.494902,0.4925157,
1,2,4.057,-0.2481986,0.03954746,-0.8849746,0.5083987,-0.5040152,0.494902,0.4925157,
1,2,4.059,-0.2481752,0.03955597,-0.8849834,0.5084324,-0.5039806,0.4949217,0.4924963,
1,2,4.061,-0.2481752,0.03955597,-0.8849834,0.5084324,-0.5039806,0.4949217,0.4924963,
1,2,4.063,-0.2481752,0.03955597,-0.8849834,0.5084324,-0.5039806,0.4949217,0.4924963,
1,2,4.065,-0.2481752,0.03955597,-0.8849834,0.5084324,-0.5039806,0.4949217,0.4924963,
1,2,4.067,-0.2481782,0.03955626,-0.8849877,0.5084321,-0.5039595,0.4949499,0.4924899,
1,2,4.069,-0.2481782,0.03955626,-0.8849877,0.5084321,-0.5039595,0.4949499,0.4924899,
1,2,4.071,-0.2481782,0.03955626,-0.8849877,0.5084321,-0.5039595,0.4949499,0.4924899,
1,2,4.073,-0.2481841,0.03953972,-0.8849813,0.5084354,-0.5039795,0.4949391,0.4924768,
1,2,4.075,-0.2481841,0.03953972,-0.8849813,0.5084354,-0.5039795,0.4949391,0.4924768,
1,2,4.077,-0.2481841,0.03953972,-0.8849813,0.5084354,-0.5039795,0.4949391,0.4924768,
1,2,4.079,-0.2481841,0.03953972,-0.8849813,0.5084354,-0.5039795,0.4949391,0.4924768,
1,2,4.081,-0.2481841,0.03953972,-0.8849813,0.5084354,-0.5039795,0.4949391,0.4924768,
1,2,4.083,-0.2481806,0.03954168,-0.884991,0.5084364,-0.503991,0.4949368,0.4924664,
1,2,4.085,-0.2481806,0.03954168,-0.884991,0.5084364,-0.503991,0.4949368,0.4924664,
1,2,4.087,-0.2481806,0.03954168,-0.884991,0.5084364,-0.503991,0.4949368,0.4924664,
1,2,4.089,-0.2481806,0.03954168,-0.884991,0.5084364,-0.503991,0.4949368,0.4924664,
1,2,4.091,-0.2481811,0.03955257,-0.8849944,0.5084458,-0.503982,0.4949431,0.4924596,
1,2,4.093,-0.2481811,0.03955257,-0.8849944,0.5084458,-0.503982,0.4949431,0.4924596,
1,2,4.095,-0.2481811,0.03955257,-0.8849944,0.5084458,-0.503982,0.4949431,0.4924596,
1,2,4.097,-0.2481811,0.03955257,-0.8849944,0.5084458,-0.503982,0.4949431,0.4924596,
1,2,4.099,-0.248188,0.03955533,-0.8849897,0.5084468,-0.5039741,0.4949355,0.4924741,
1,2,4.101,-0.248188,0.03955533,-0.8849897,0.5084468,-0.5039741,0.4949355,0.4924741,
1,2,4.103,-0.248188,0.03955533,-0.8849897,0.5084468,-0.5039741,0.4949355,0.4924741,
1,2,4.105,-0.248188,0.03955533,-0.8849897,0.5084468,-0.5039741,0.4949355,0.4924741,
1,2,4.107,-0.2481809,0.03954301,-0.8849819,0.5084385,-0.5039917,0.4949033,0.4924973,
1,2,4.109,-0.2481809,0.03954301,-0.8849819,0.5084385,-0.5039917,0.4949033,0.4924973,
1,2,4.111,-0.2481809,0.03954301,-0.8849819,0.5084385,-0.5039917,0.4949033,0.4924973,
1,2,4.113,-0.2481809,0.03954301,-0.8849819,0.5084385,-0.5039917,0.4949033,0.4924973,
1,2,4.115,-0.2481702,0.03954391,-0.8849803,0.5084465,-0.5039566,0.4949366,0.4924913,
1,2,4.117,-0.2481702,0.03954391,-0.8849803,0.5084465,-0.5039566,0.4949366,0.4924913,
1,2,4.119,-0.2481702,0.03954391,-0.8849803,0.5084465,-0.5039566,0.4949366,0.4924913,
1,2,4.121,-0.2481702,0.03954391,-0.8849803,0.5084465,-0.5039566,0.4949366,0.4924913,
1,2,4.123,-0.2481787,0.03954483,-0.8849878,0.508451,-0.5039742,0.4949341,0.4924712,
1,2,4.125,-0.2481787,0.03954483,-0.8849878,0.508451,-0.5039742,0.4949341,0.4924712,
1,2,4.127,-0.2481787,0.03954483,-0.8849878,0.508451,-0.5039742,0.4949341,0.4924712,
1,2,4.129,-0.2481787,0.03954483,-0.8849878,0.508451,-0.5039742,0.4949341,0.4924712,
1,2,4.131,-0.2481774,0.03954647,-0.8849897,0.508451,-0.5039742,0.4949341,0.4924712,
1,2,4.133,-0.2481774,0.03954647,-0.8849897,0.508451,-0.5039742,0.4949341,0.4924712,
1,2,4.135,-0.2481774,0.03954647,-0.8849897,0.508451,-0.5039742,0.4949341,0.4924712,
1,2,4.137,-0.2481774,0.03954647,-0.8849897,0.508451,-0.5039742,0.4949341,0.4924712,
1,2,4.139,-0.2481774,0.03954647,-0.8849897,0.508451,-0.5039742,0.4949341,0.4924712,
1,2,4.141,-0.2481823,0.03954632,-0.8849831,0.5084597,-0.5039724,0.4949266,0.4924716,
1,2,4.143,-0.2481823,0.03954632,-0.8849831,0.5084597,-0.5039724,0.4949266,0.4924716,
1,2,4.145,-0.2481823,0.03954632,-0.8849831,0.5084597,-0.5039724,0.4949266,0.4924716,
1,2,4.147,-0.2481823,0.03954632,-0.8849831,0.5084597,-0.5039724,0.4949266,0.4924716,
1,2,4.149,-0.248175,0.03954257,-0.8849806,0.5084635,-0.503948,0.4949449,0.4924743,
1,2,4.151,-0.248175,0.03954257,-0.8849806,0.5084635,-0.503948,0.4949449,0.4924743,
1,2,4.153,-0.248175,0.03954257,-0.8849806,0.5084635,-0.503948,0.4949449,0.4924743,
1,2,4.155,-0.248175,0.03954257,-0.8849806,0.5084635,-0.503948,0.4949449,0.4924743,
1,2,4.157,-0.2481728,0.03953511,-0.8849797,0.5084757,-0.5039588,0.4949342,0.4924614,
1,2,4.159,-0.2481728,0.03953511,-0.8849797,0.5084757,-0.5039588,0.4949342,0.4924614,
1,2,4.161,-0.2481728,0.03953511,-0.8849797,0.5084757,-0.5039588,0.4949342,0.4924614,
1,2,4.163,-0.2481728,0.03953511,-0.8849797,0.5084757,-0.5039588,0.4949342,0.4924614,
1,2,4.165,-0.2481726,0.03954355,-0.884979,0.5084589,-0.5039635,0.4949249,0.4924834,
1,2,4.167,-0.2481726,0.03954355,-0.884979,0.5084589,-0.5039635,0.4949249,0.4924834,
1,2,4.169,-0.2481726,0.03954355,-0.884979,0.5084589,-0.5039635,0.4949249,0.4924834,
1,2,4.171,-0.2481726,0.03954355,-0.884979,0.5084589,-0.5039635,0.4949249,0.4924834,
1,2,4.173,-0.2481769,0.03954196,-0.8849779,0.5084665,-0.503955,0.4949316,0.4924775,
1,2,4.175,-0.2481769,0.03954196,-0.8849779,0.5084665,-0.503955,0.4949316,0.4924775,
1,2,4.177,-0.2481769,0.03954196,-0.8849779,0.5084665,-0.503955,0.4949316,0.4924775,
1,2,4.179,-0.2481769,0.03954196,-0.8849779,0.5084665,-0.503955,0.4949316,0.4924775,
1,2,4.181,-0.2481762,0.03954851,-0.8849808,0.5084602,-0.5039725,0.494929,0.4924686,CourtEnter
1,2,4.183,-0.2481762,0.03954851,-0.8849808,0.5084602,-0.5039725,0.494929,0.4924686,
1,2,4.185,-0.2481762,0.03954851,-0.8849808,0.5084602,-0.5039725,0.494929,0.4924686,
1,2,4.187,-0.2481762,0.03954851,-0.8849808,0.5084602,-0.5039725,0.494929,0.4924686,
1,2,4.189,-0.2481762,0.03954851,-0.8849808,0.5084602,-0.5039725,0.494929,0.4924686,CourtExit
1,2,4.191,-0.2481806,0.03954627,-0.8849809,0.5084564,-0.5039757,0.494923,0.4924751,
1,2,4.193,-0.2481806,0.03954627,-0.8849809,0.5084564,-0.5039757,0.494923,0.4924751,
1,2,4.195,-0.2481806,0.03954627,-0.8849809,0.5084564,-0.5039757,0.494923,0.4924751,
1,2,4.197,-0.2481806,0.03954627,-0.8849809,0.5084564,-0.5039757,0.494923,0.4924751,
1,2,4.199,-0.2481834,0.03954648,-0.8849816,0.5084564,-0.5039757,0.494923,0.4924751,
1,2,4.201,-0.2481834,0.03954648,-0.8849816,0.5084564,-0.5039757,0.494923,0.4924751,
1,2,4.203,-0.2481834,0.03954648,-0.8849816,0.5084564,-0.5039757,0.494923,0.4924751,
1,2,4.205,-0.2481834,0.03954648,-0.8849816,0.5084564,-0.5039757,0.494923,0.4924751,
1,2,4.207,-0.2481758,0.03954545,-0.8849869,0.5084729,-0.5039723,0.4949104,0.4924744,
1,2,4.209,-0.2481758,0.03954545,-0.8849869,0.5084729,-0.5039723,0.4949104,0.4924744,
1,2,4.211,-0.2481758,0.03954545,-0.8849869,0.5084729,-0.5039723,0.4949104,0.4924744,
1,2,4.213,-0.2481758,0.03954545,-0.8849869,0.5084729,-0.5039723,0.4949104,0.4924744,
1,2,4.215,-0.2481847,0.03955038,-0.8849771,0.5084656,-0.5039588,0.494933,0.4924729,
1,2,4.217,-0.2481847,0.03955038,-0.8849771,0.5084656,-0.5039588,0.494933,0.4924729,
1,2,4.219,-0.2481847,0.03955038,-0.8849771,0.5084656,-0.5039588,0.494933,0.4924729,
1,2,4.221,-0.2481847,0.03955038,-0.8849771,0.5084656,-0.5039588,0.494933,0.4924729,
1,2,4.223,-0.2481861,0.03954665,-0.8849848,0.5084481,-0.5039713,0.4949383,0.492473,
1,2,4.225,-0.2481861,0.03954665,-0.8849848,0.5084481,-0.5039713,0.4949383,0.492473,
1,2,4.227,-0.2481861,0.03954665,-0.8849848,0.5084481,-0.5039713,0.4949383,0.492473,
1,2,4.229,-0.2481861,0.03954665,-0.8849848,0.5084481,-0.5039713,0.4949383,0.492473,
1,2,4.231,-0.248177,0.0395468,-0.8849844,0.5084455,-0.5039703,0.4949427,0.4924723,
1,2,4.233,-0.248177,0.0395468,-0.8849844,0.5084455,-0.5039703,0.4949427,0.4924723,
1,2,4.235,-0.248177,0.0395468,-0.8849844,0.5084455,-0.5039703,0.4949427,0.4924723,
1,2,4.237,-0.248177,0.0395468,-0.8849844,0.5084455,-0.5039703,0.4949427,0.4924723,
1,2,4.239,-0.2481862,0.03955205,-0.8849873,0.5084503,-0.5039693,0.4949417,0.4924694,
1,2,4.241,-0.2481862,0.03955205,-0.8849873,0.5084503,-0.5039693,0.4949417,0.4924694,
1,2,4.243,-0.2481862,0.03955205,-0.8849873,0.5084503,-0.5039693,0.4949417,0.4924694,
1,2,4.245,-0.2481862,0.03955205,-0.8849873,0.5084503,-0.5039693,0.4949417,0.4924694,
1,2,4.247,-0.2481884,0.0395532,-0.8849849,0.5084575,-0.5039766,0.4949348,0.4924614,
1,2,4.249,-0.2481884,0.0395532,-0.8849849,0.5084575,-0.5039766,0.4949348,0.4924614,
1,2,4.251,-0.2481884,0.0395532,-0.8849849,0.5084575,-0.5039766,0.4949348,0.4924614,
1,2,4.253,-0.2481884,0.0395532,-0.8849849,0.5084575,-0.5039766,0.4949348,0.4924614,
1,2,4.255,-0.2481778,0.03955388,-0.8849787,0.508463,-0.503968,0.4949352,0.4924641,
1,2,4.257,-0.2481778,0.03955388,-0.8849787,0.508463,-0.503968,0.4949352,0.4924641,
1,2,4.259,-0.2481778,0.03955388,-0.8849787,0.508463,-0.503968,0.4949352,0.4924641,
1,2,4.261,-0.2481778,0.03955388,-0.8849787,0.508463,-0.503968,0.4949352,0.4924641,
1,2,4.263,-0.2481883,0.03955123,-0.8849739,0.5084649,-0.5039821,0.4949207,0.4924623,
1,2,4.265,-0.2481883,0.03955123,-0.8849739,0.5084649,-0.5039821,0.4949207,0.4924623,
1,2,4.267,-0.2481883,0.03955123,-0.8849739,0.5084649,-0.5039821,0.4949207,0.4924623,
1,2,4.269,-0.2481883,0.03955123,-0.8849739,0.5084649,-0.5039821,0.4949207,0.4924623,
1,2,4.271,-0.2481907,0.03955225,-0.8849719,0.5084649,-0.5039821,0.4949207,0.4924623,
1,2,4.273,-0.2481907,0.03955225,-0.8849719,0.5084649,-0.5039821,0.4949207,0.4924623,
1,2,4.275,-0.2481907,0.03955225,-0.8849719,0.5084649,-0.5039821,0.4949207,0.4924623,
1,2,4.277,-0.2481907,0.03955225,-0.8849719,0.5084649,-0.5039821,0.4949207,0.4924623,
1,2,4.279,-0.248192,0.03954297,-0.8849729,0.5084674,-0.5039895,0.4949176,0.4924552,
1,2,4.281,-0.248192,0.03954297,-0.8849729,0.5084674,-0.5039895,0.4949176,0.4924552,
1,2,4.283,-0.248192,0.03954297,-0.8849729,0.5084674,-0.5039895,0.4949176,0.4924552,
1,2,4.285,-0.248192,0.03954297,-0.8849729,0.5084674,-0.5039895,0.4949176,0.4924552,
1,2,4.287,-0.248192,0.03954297,-0.8849729,0.5084674,-0.5039895,0.4949176,0.4924552,
1,2,4.289,-0.2481697,0.03955819,-0.8849802,0.5084555,-0.5039681,0.4949422,0.4924647,
1,2,4.291,-0.2481697,0.03955819,-0.8849802,0.5084555,-0.5039681,0.4949422,0.4924647,
1,2,4.293,-0.2481697,0.03955819,-0.8849802,0.5084555,-0.5039681,0.4949422,0.4924647,
1,2,4.295,-0.2481697,0.03955819,-0.8849802,0.5084555,-0.5039681,0.4949422,0.4924647,
1,2,4.297,-0.2481642,0.0395441,-0.8849806,0.5084615,-0.5039707,0.4949284,0.4924697,
1,2,4.299,-0.2481642,0.0395441,-0.8849806,0.5084615,-0.5039707,0.4949284,0.4924697,
1,2,4.301,-0.2481642,0.0395441,-0.8849806,0.5084615,-0.5039707,0.4949284,0.4924697,
1,2,4.303,-0.2481642,0.0395441,-0.8849806,0.5084615,-0.5039707,0.4949284,0.4924697,
1,2,4.305,-0.2481559,0.03954878,-0.8849798,0.5084718,-0.5039749,0.4949176,0.4924656,
1,2,4.307,-0.2481559,0.03954878,-0.8849798,0.5084718,-0.5039749,0.4949176,0.4924656,
1,2,4.309,-0.2481559,0.03954878,-0.8849798,0.5084718,-0.5039749,0.4949176,0.4924656,
1,2,4.311,-0.2481559,0.03954878,-0.8849798,0.5084718,-0.5039749,0.4949176,0.4924656,
1,2,4.313,-0.248178,0.03953343,-0.8849874,0.5084834,-0.5039884,0.4949153,0.492442,
1,2,4.315,-0.248178,0.03953343,-0.8849874,0.5084834,-0.5039884,0.4949153,0.492442,
1,2,4.317,-0.248178,0.03953343,-0.8849874,0.5084834,-0.5039884,0.4949153,0.492442,
1,2,4.319,-0.248178,0.03953343,-0.8849874,0.5084834,-0.5039884,0.4949153,0.492442,
1,2,4.321,-0.2481715,0.03953917,-0.8849847,0.508482,-0.5039783,0.4949118,0.4924574,
1,2,4.323,-0.2481715,0.03953917,-0.8849847,0.508482,-0.5039783,0.4949118,0.4924574,
1,2,4.325,-0.2481715,0.03953917,-0.8849847,0.508482,-0.5039783,0.4949118,0.4924574,
1,2,4.327,-0.2481715,0.03953917,-0.8849847,0.508482,-0.5039783,0.4949118,0.4924574,
1,2,4.329,-0.2481752,0.03953531,-0.884988,0.5084792,-0.5039815,0.4948974,0.4924716,
1,2,4.331,-0.2481752,0.03953531,-0.884988,0.5084792,-0.5039815,0.4948974,0.4924716,
1,2,4.333,-0.2481752,0.03953531,-0.884988,0.5084792,-0.5039815,0.4948974,0.4924716,
1,2,4.335,-0.2481752,0.03953531,-0.884988,0.5084792,-0.5039815,0.4948974,0.4924716,
1,2,4.337,-0.248172,0.03954027,-0.8849966,0.5084832,-0.5039684,0.4948983,0.4924798,
1,2,4.339,-0.248172,0.03954027,-0.8849966,0.5084832,-0.5039684,0.4948983,0.4924798,
1,2,4.341,-0.248172,0.03954027,-0.8849966,0.5084832,-0.5039684,0.4948983,0.4924798,
1,2,4.343,-0.248172,0.03954027,-0.8849966,0.5084832,-0.5039684,0.4948983,0.4924798,
1,2,4.345,-0.2481649,0.03954216,-0.8849882,0.5084756,-0.5039704,0.4949009,0.492483,
1,2,4.347,-0.2481649,0.03954216,-0.8849882,0.5084756,-0.5039704,0.4949009,0.492483,
1,2,4.349,-0.2481649,0.03954216,-0.8849882,0.5084756,-0.5039704,0.4949009,0.492483,
1,2,4.351,-0.2481649,0.03954216,-0.8849882,0.5084756,-0.5039704,0.4949009,0.492483,
1,2,4.353,-0.2481649,0.03954216,-0.8849882,0.5084756,-0.5039704,0.4949009,0.492483,
1,2,4.355,-0.2481659,0.03953058,-0.8849804,0.508496,-0.5039907,0.4948735,0.4924689,
1,2,4.357,-0.2481659,0.03953058,-0.8849804,0.508496,-0.5039907,0.4948735,0.4924689,
1,2,4.359,-0.2481659,0.03953058,-0.8849804,0.508496,-0.5039907,0.4948735,0.4924689,
1,2,4.361,-0.2481659,0.03953058,-0.8849804,0.508496,-0.5039907,0.4948735,0.4924689,
1,2,4.363,-0.2481713,0.03954437,-0.8849838,0.50849,-0.5039967,0.4948681,0.4924742,
1,2,4.365,-0.2481713,0.03954437,-0.8849838,0.50849,-0.5039967,0.4948681,0.4924742,
1,2,4.367,-0.2481713,0.03954437,-0.8849838,0.50849,-0.5039967,0.4948681,0.4924742,
1,2,4.369,-0.2481713,0.03954437,-0.8849838,0.50849,-0.5039967,0.4948681,0.4924742,
1,2,4.371,-0.2481798,0.0395394,-0.8849812,0.5084833,-0.5039892,0.4948807,0.4924762,
1,2,4.373,-0.2481798,0.0395394,-0.8849812,0.5084833,-0.5039892,0.4948807,0.4924762,
1,2,4.375,-0.2481798,0.0395394,-0.8849812,0.5084833,-0.5039892,0.4948807,0.4924762,
1,2,4.377,-0.2481798,0.0395394,-0.8849812,0.5084833,-0.5039892,0.4948807,0.4924762,
1,2,4.379,-0.2481765,0.03954184,-0.8849821,0.5084799,-0.5039647,0.4949063,0.4924791,
1,2,4.381,-0.2481765,0.03954184,-0.8849821,0.5084799,-0.5039647,0.4949063,0.4924791,
1,2,4.383,-0.2481765,0.03954184,-0.8849821,0.5084799,-0.5039647,0.4949063,0.4924791,
1,2,4.385,-0.2481765,0.03954184,-0.8849821,0.5084799,-0.5039647,0.4949063,0.4924791,
1,2,4.387,-0.2481749,0.03953961,-0.8849793,0.5084598,-0.5039784,0.4949196,0.4924726,
1,2,4.389,-0.2481749,0.03953961,-0.8849793,0.5084598,-0.5039784,0.4949196,0.4924726,
1,2,4.391,-0.2481749,0.03953961,-0.8849793,0.5084598,-0.5039784,0.4949196,0.4924726,
1,2,4.393,-0.2481749,0.03953961,-0.8849793,0.5084598,-0.5039784,0.4949196,0.4924726,
1,2,4.395,-0.2481801,0.03954876,-0.8849931,0.5084776,-0.5039789,0.4949072,0.4924662,
1,2,4.397,-0.2481801,0.03954876,-0.8849931,0.5084776,-0.5039789,0.4949072,0.4924662,
1,2,4.399,-0.2481801,0.03954876,-0.8849931,0.5084776,-0.5039789,0.4949072,0.4924662,
1,2,4.401,-0.2481801,0.03954876,-0.8849931,0.5084776,-0.5039789,0.4949072,0.4924662,
1,2,4.403,-0.2481801,0.03954876,-0.8849931,0.5084776,-0.5039789,0.4949072,0.4924662,
1,2,4.405,-0.2481794,0.03954934,-0.8849904,0.5084781,-0.5039744,0.4949129,0.4924645,
1,2,4.407,-0.2481794,0.03954934,-0.8849904,0.5084781,-0.5039744,0.4949129,0.4924645,
1,2,4.409,-0.2481794,0.03954934,-0.8849904,0.5084781,-0.5039744,0.4949129,0.4924645,
1,2,4.411,-0.2481804,0.03955228,-0.8849851,0.50848,-0.5039787,0.494916,0.4924549,
1,2,4.413,-0.2481804,0.03955228,-0.8849851,0.50848,-0.5039787,0.494916,0.4924549,
1,2,4.415,-0.2481804,0.03955228,-0.8849851,0.50848,-0.5039787,0.494916,0.4924549,
1,2,4.417,-0.2481804,0.03955228,-0.8849851,0.50848,-0.5039787,0.494916,0.4924549,
1,2,4.419,-0.2481882,0.03954685,-0.8849891,0.5084672,-0.5039874,0.4949149,0.4924603,
1,2,4.421,-0.2481882,0.03954685,-0.8849891,0.5084672,-0.5039874,0.4949149,0.4924603,
1,2,4.423,-0.2481882,0.03954685,-0.8849891,0.5084672,-0.5039874,0.4949149,0.4924603,
1,2,4.425,-0.2481882,0.03954685,-0.8849891,0.5084672,-0.5039874,0.4949149,0.4924603,
1,2,4.427,-0.2481842,0.03955086,-0.8849847,0.508463,-0.5039642,0.4949332,0.49247,
1,2,4.429,-0.2481842,0.03955086,-0.8849847,0.508463,-0.5039642,0.4949332,0.49247,
1,2,4.431,-0.2481842,0.03955086,-0.8849847,0.508463,-0.5039642,0.4949332,0.49247,
1,2,4.433,-0.2481842,0.03955086,-0.8849847,0.508463,-0.5039642,0.4949332,0.49247,
1,2,4.435,-0.2481842,0.03955086,-0.8849847,0.508463,-0.5039642,0.4949332,0.49247,
1,2,4.437,-0.2481909,0.03953732,-0.8849822,0.5084596,-0.5039814,0.4949276,0.4924615,
1,2,4.439,-0.2481909,0.03953732,-0.8849822,0.5084596,-0.5039814,0.4949276,0.4924615,
1,2,4.441,-0.2481909,0.03953732,-0.8849822,0.5084596,-0.5039814,0.4949276,0.4924615,
1,2,4.443,-0.2481909,0.03953732,-0.8849822,0.5084596,-0.5039814,0.4949276,0.4924615,
1,2,4.445,-0.2481895,0.03954246,-0.8849821,0.5084592,-0.5039899,0.4949174,0.4924635,
1,2,4.447,-0.2481895,0.03954246,-0.8849821,0.5084592,-0.5039899,0.4949174,0.4924635,
1,2,4.449,-0.2481895,0.03954246,-0.8849821,0.5084592,-0.5039899,0.4949174,0.4924635,
1,2,4.451,-0.2481895,0.03954246,-0.8849821,0.5084592,-0.5039899,0.4949174,0.4924635,
1,2,4.453,-0.2481906,0.03955395,-0.8849872,0.5084543,-0.5039807,0.4949207,0.4924747,
1,2,4.455,-0.2481906,0.03955395,-0.8849872,0.5084543,-0.5039807,0.4949207,0.4924747,
1,2,4.457,-0.2481906,0.03955395,-0.8849872,0.5084543,-0.5039807,0.4949207,0.4924747,
1,2,4.459,-0.2481906,0.03955395,-0.8849872,0.5084543,-0.5039807,0.4949207,0.4924747,
1,2,4.461,-0.2481899,0.03955816,-0.8849854,0.5084458,-0.5039707,0.4949291,0.4924851,
1,2,4.463,-0.2481899,0.03955816,-0.8849854,0.5084458,-0.5039707,0.4949291,0.4924851,
1,2,4.465,-0.2481899,0.03955816,-0.8849854,0.5084458,-0.5039707,0.4949291,0.4924851,
1,2,4.467,-0.2481899,0.03955816,-0.8849854,0.5084458,-0.5039707,0.4949291,0.4924851,
1,2,4.469,-0.2481843,0.03954136,-0.8849897,0.5084454,-0.503984,0.4949314,0.4924695,
1,2,4.471,-0.2481843,0.03954136,-0.8849897,0.5084454,-0.503984,0.4949314,0.4924695,
1,2,4.473,-0.2481843,0.03954136,-0.8849897,0.5084454,-0.503984,0.4949314,0.4924695,
1,2,4.475,-0.2481843,0.03954136,-0.8849897,0.5084454,-0.503984,0.4949314,0.4924695,
1,2,4.477,-0.2481842,0.03954379,-0.8849823,0.5084578,-0.503988,0.4949158,0.4924684,
1,2,4.479,-0.2481842,0.03954379,-0.8849823,0.5084578,-0.503988,0.4949158,0.4924684,
1,2,4.481,-0.2481842,0.03954379,-0.8849823,0.5084578,-0.503988,0.4949158,0.4924684,
1,2,4.483,-0.2481842,0.03954379,-0.8849823,0.5084578,-0.503988,0.4949158,0.4924684,
1,2,4.485,-0.2481842,0.03954379,-0.8849823,0.5084578,-0.503988,0.4949158,0.4924684,
1,2,4.487,-0.2481816,0.03953912,-0.8849823,0.5084801,-0.5039936,0.4948939,0.4924618,
1,2,4.489,-0.2481816,0.03953912,-0.8849823,0.5084801,-0.5039936,0.4948939,0.4924618,
1,2,4.491,-0.2481816,0.03953912,-0.8849823,0.5084801,-0.5039936,0.4948939,0.4924618,
1,2,4.493,-0.2481816,0.03953912,-0.8849823,0.5084801,-0.5039936,0.4948939,0.4924618,
1,2,4.495,-0.2481808,0.03954059,-0.8849812,0.508465,-0.5039968,0.4948923,0.4924757,
1,2,4.497,-0.2481808,0.03954059,-0.8849812,0.508465,-0.5039968,0.4948923,0.4924757,
1,2,4.499,-0.2481808,0.03954059,-0.8849812,0.508465,-0.5039968,0.4948923,0.4924757,
1,2,4.501,-0.248172,0.03953335,-0.8849833,0.5084686,-0.5039901,0.4948974,0.4924737,
1,2,4.503,-0.248172,0.03953335,-0.8849833,0.5084686,-0.5039901,0.4948974,0.4924737,
1,2,4.505,-0.248172,0.03953335,-0.8849833,0.5084686,-0.5039901,0.4948974,0.4924737,
1,2,4.507,-0.248172,0.03953335,-0.8849833,0.5084686,-0.5039901,0.4948974,0.4924737,
1,2,4.509,-0.2481731,0.03953372,-0.8849885,0.5084687,-0.5039995,0.4948857,0.4924757,
1,2,4.511,-0.2481731,0.03953372,-0.8849885,0.5084687,-0.5039995,0.4948857,0.4924757,
1,2,4.513,-0.2481731,0.03953372,-0.8849885,0.5084687,-0.5039995,0.4948857,0.4924757,
1,2,4.515,-0.2481731,0.03953372,-0.8849885,0.5084687,-0.5039995,0.4948857,0.4924757,
1,2,4.517,-0.2481795,0.03954313,-0.8849857,0.5084736,-0.5039901,0.4949005,0.4924653,
1,2,4.519,-0.2481795,0.03954313,-0.8849857,0.5084736,-0.5039901,0.4949005,0.4924653,
1,2,4.521,-0.2481795,0.03954313,-0.8849857,0.5084736,-0.5039901,0.4949005,0.4924653,
1,2,4.523,-0.2481795,0.03954313,-0.8849857,0.5084736,-0.5039901,0.4949005,0.4924653,
1,2,4.525,-0.2481795,0.03954313,-0.8849857,0.5084736,-0.5039901,0.4949005,0.4924653,
1,2,4.527,-0.248179,0.03955779,-0.8849771,0.5084689,-0.5039706,0.4949194,0.4924714,
1,2,4.529,-0.248179,0.03955779,-0.8849771,0.5084689,-0.5039706,0.4949194,0.4924714,
1,2,4.531,-0.248179,0.03955779,-0.8849771,0.5084689,-0.5039706,0.4949194,0.4924714,
1,2,4.533,-0.248179,0.03955779,-0.8849771,0.5084689,-0.5039706,0.4949194,0.4924714,
1,2,4.535,-0.2481695,0.03955417,-0.8849854,0.5084581,-0.5039648,0.4949253,0.4924822,
1,2,4.537,-0.2481695,0.03955417,-0.8849854,0.5084581,-0.5039648,0.4949253,0.4924822,
1,2,4.539,-0.2481695,0.03955417,-0.8849854,0.5084581,-0.5039648,0.4949253,0.4924822,
1,2,4.541,-0.2481695,0.03955417,-0.8849854,0.5084581,-0.5039648,0.4949253,0.4924822,
1,2,4.543,-0.2481775,0.03956271,-0.8849889,0.5084449,-0.5039656,0.4949393,0.492481,
1,2,4.545,-0.2481775,0.03956271,-0.8849889,0.5084449,-0.5039656,0.4949393,0.492481,
1,2,4.547,-0.2481775,0.03956271,-0.8849889,0.5084449,-0.5039656,0.4949393,0.492481,
1,2,4.549,-0.2481775,0.03956271,-0.8849889,0.5084449,-0.5039656,0.4949393,0.492481,
1,2,4.551,-0.2481888,0.03955657,-0.8849905,0.5084486,-0.5039701,0.4949349,0.492477,
1,2,4.553,-0.2481888,0.03955657,-0.8849905,0.5084486,-0.5039701,0.4949349,0.492477,
1,2,4.555,-0.2481888,0.03955657,-0.8849905,0.5084486,-0.5039701,0.4949349,0.492477,
1,2,4.557,-0.2481888,0.03955657,-0.8849905,0.5084486,-0.5039701,0.4949349,0.492477,
1,2,4.559,-0.2481897,0.03954762,-0.8849871,0.5084499,-0.5039926,0.4949118,0.4924759,
1,2,4.561,-0.2481897,0.03954762,-0.8849871,0.5084499,-0.5039926,0.4949118,0.4924759,
1,2,4.563,-0.2481897,0.03954762,-0.8849871,0.5084499,-0.5039926,0.4949118,0.4924759,
1,2,4.565,-0.2481897,0.03954762,-0.8849871,0.5084499,-0.5039926,0.4949118,0.4924759,
1,2,4.567,-0.2481751,0.0395515,-0.8849985,0.508458,-0.5039942,0.4949172,0.4924607,
1,2,4.569,-0.2481751,0.0395515,-0.8849985,0.508458,-0.5039942,0.4949172,0.4924607,
1,2,4.571,-0.2481751,0.0395515,-0.8849985,0.508458,-0.5039942,0.4949172,0.4924607,
1,2,4.573,-0.2481751,0.0395515,-0.8849985,0.508458,-0.5039942,0.4949172,0.4924607,
1,2,4.575,-0.2481844,0.03954391,-0.8849997,0.5084541,-0.5040019,0.494907,0.4924668,
1,2,4.577,-0.2481844,0.03954391,-0.8849997,0.5084541,-0.5040019,0.494907,0.4924668,
1,2,4.579,-0.2481844,0.03954391,-0.8849997,0.5084541,-0.5040019,0.494907,0.4924668,
1,2,4.581,-0.2481844,0.03954391,-0.8849997,0.5084541,-0.5040019,0.494907,0.4924668,
1,2,4.583,-0.2481844,0.03954391,-0.8849997,0.5084541,-0.5040019,0.494907,0.4924668,
1,2,4.585,-0.2481863,0.03955298,-0.8849913,0.5084264,-0.5040055,0.4949087,0.4924901,
1,2,4.587,-0.2481863,0.03955298,-0.8849913,0.5084264,-0.5040055,0.4949087,0.4924901,
1,2,4.589,-0.2481863,0.03955298,-0.8849913,0.5084264,-0.5040055,0.4949087,0.4924901,
1,2,4.591,-0.2481863,0.03955298,-0.8849913,0.5084264,-0.5040055,0.4949087,0.4924901,
1,2,4.593,-0.2481771,0.03954834,-0.8849834,0.5084295,-0.5039833,0.4949182,0.4925002,
1,2,4.595,-0.2481771,0.03954834,-0.8849834,0.5084295,-0.5039833,0.4949182,0.4925002,
1,2,4.597,-0.2481771,0.03954834,-0.8849834,0.5084295,-0.5039833,0.4949182,0.4925002,
1,2,4.599,-0.2481771,0.03954834,-0.8849834,0.5084295,-0.5039833,0.4949182,0.4925002,
1,2,4.601,-0.2481755,0.03954519,-0.8849869,0.5084569,-0.5039763,0.4949058,0.4924913,
1,2,4.603,-0.2481755,0.03954519,-0.8849869,0.5084569,-0.5039763,0.4949058,0.4924913,
1,2,4.605,-0.2481755,0.03954519,-0.8849869,0.5084569,-0.5039763,0.4949058,0.4924913,
1,2,4.607,-0.2481755,0.03954519,-0.8849869,0.5084569,-0.5039763,0.4949058,0.4924913,
1,2,4.609,-0.2481844,0.03953495,-0.8849893,0.5084594,-0.5039833,0.4949125,0.4924749,
1,2,4.611,-0.2481844,0.03953495,-0.8849893,0.5084594,-0.5039833,0.4949125,0.4924749,
1,2,4.613,-0.2481844,0.03953495,-0.8849893,0.5084594,-0.5039833,0.4949125,0.4924749,
1,2,4.615,-0.2481844,0.03953495,-0.8849893,0.5084594,-0.5039833,0.4949125,0.4924749,
1,2,4.617,-0.2481866,0.03953874,-0.884979,0.5084648,-0.5040008,0.4948847,0.4924793,
1,2,4.619,-0.2481866,0.03953874,-0.884979,0.5084648,-0.5040008,0.4948847,0.4924793,
1,2,4.621,-0.2481866,0.03953874,-0.884979,0.5084648,-0.5040008,0.4948847,0.4924793,
1,2,4.623,-0.2481866,0.03953874,-0.884979,0.5084648,-0.5040008,0.4948847,0.4924793,
1,2,4.625,-0.2481786,0.03954963,-0.8849832,0.5084523,-0.5039973,0.4949241,0.4924564,
1,2,4.627,-0.2481786,0.03954963,-0.8849832,0.5084523,-0.5039973,0.4949241,0.4924564,
1,2,4.629,-0.2481786,0.03954963,-0.8849832,0.5084523,-0.5039973,0.4949241,0.4924564,
1,2,4.631,-0.2481786,0.03954963,-0.8849832,0.5084523,-0.5039973,0.4949241,0.4924564,
1,2,4.633,-0.2481786,0.03954963,-0.8849832,0.5084523,-0.5039973,0.4949241,0.4924564,
1,2,4.635,-0.2481778,0.03955276,-0.8849847,0.5084639,-0.5039614,0.4949311,0.492474,
1,2,4.637,-0.2481778,0.03955276,-0.8849847,0.5084639,-0.5039614,0.4949311,0.492474,
1,2,4.639,-0.2481778,0.03955276,-0.8849847,0.5084639,-0.5039614,0.4949311,0.492474,
1,2,4.641,-0.2481778,0.03955276,-0.8849847,0.5084639,-0.5039614,0.4949311,0.492474,
1,2,4.643,-0.2481876,0.03954092,-0.884983,0.5084614,-0.5039921,0.4949137,0.4924627,
1,2,4.645,-0.2481876,0.03954092,-0.884983,0.5084614,-0.5039921,0.4949137,0.4924627,
1,2,4.647,-0.2481876,0.03954092,-0.884983,0.5084614,-0.5039921,0.4949137,0.4924627,
1,2,4.649,-0.2481876,0.03954092,-0.884983,0.5084614,-0.5039921,0.4949137,0.4924627,
1,2,4.651,-0.248189,0.03955166,-0.8849934,0.5084667,-0.5039827,0.4949194,0.4924611,
1,2,4.653,-0.248189,0.03955166,-0.8849934,0.5084667,-0.5039827,0.4949194,0.4924611,
1,2,4.655,-0.248189,0.03955166,-0.8849934,0.5084667,-0.5039827,0.4949194,0.4924611,
1,2,4.657,-0.248189,0.03955166,-0.8849934,0.5084667,-0.5039827,0.4949194,0.4924611,
1,2,4.659,-0.2481801,0.03955441,-0.8849877,0.5084589,-0.5039761,0.4949208,0.4924745,
1,2,4.661,-0.2481801,0.03955441,-0.8849877,0.5084589,-0.5039761,0.4949208,0.4924745,
1,2,4.663,-0.2481801,0.03955441,-0.8849877,0.5084589,-0.5039761,0.4949208,0.4924745,
1,2,4.665,-0.2481801,0.03955441,-0.8849877,0.5084589,-0.5039761,0.4949208,0.4924745,
1,2,4.667,-0.24818,0.03955034,-0.8849908,0.5084699,-0.5039797,0.4949177,0.4924625,
1,2,4.669,-0.24818,0.03955034,-0.8849908,0.5084699,-0.5039797,0.4949177,0.4924625,
1,2,4.671,-0.24818,0.03955034,-0.8849908,0.5084699,-0.5039797,0.4949177,0.4924625,
1,2,4.673,-0.24818,0.03955034,-0.8849908,0.5084699,-0.5039797,0.4949177,0.4924625,
1,2,4.675,-0.2481847,0.03954548,-0.8850057,0.5084763,-0.5039866,0.4949098,0.4924569,
1,2,4.677,-0.2481847,0.03954548,-0.8850057,0.5084763,-0.5039866,0.4949098,0.4924569,
1,2,4.679,-0.2481847,0.03954548,-0.8850057,0.5084763,-0.5039866,0.4949098,0.4924569,
1,2,4.681,-0.2481847,0.03954548,-0.8850057,0.5084763,-0.5039866,0.4949098,0.4924569,
1,2,4.683,-0.2481847,0.03954548,-0.8850057,0.5084763,-0.5039866,0.4949098,0.4924569,
1,2,4.685,-0.248181,0.03957211,-0.8849992,0.5084538,-0.5039621,0.4949304,0.4924845,
1,2,4.687,-0.248181,0.03957211,-0.8849992,0.5084538,-0.5039621,0.4949304,0.4924845,
1,2,4.689,-0.248181,0.03957211,-0.8849992,0.5084538,-0.5039621,0.4949304,0.4924845,
1,2,4.691,-0.248181,0.03957211,-0.8849992,0.5084538,-0.5039621,0.4949304,0.4924845,
1,2,4.693,-0.2481816,0.03954906,-0.8849936,0.508476,-0.50397,0.4949179,0.4924661,
1,2,4.695,-0.2481816,0.03954906,-0.8849936,0.508476,-0.50397,0.4949179,0.4924661,
1,2,4.697,-0.2481816,0.03954906,-0.8849936,0.508476,-0.50397,0.4949179,0.4924661,
1,2,4.699,-0.2481816,0.03954906,-0.8849936,0.508476,-0.50397,0.4949179,0.4924661,
1,2,4.701,-0.2481751,0.03955938,-0.8850065,0.5084915,-0.5039564,0.4949276,0.4924542,
1,2,4.703,-0.2481751,0.03955938,-0.8850065,0.5084915,-0.5039564,0.4949276,0.4924542,
1,2,4.705,-0.2481751,0.03955938,-0.8850065,0.5084915,-0.5039564,0.4949276,0.4924542,
1,2,4.707,-0.2481751,0.03955938,-0.8850065,0.5084915,-0.5039564,0.4949276,0.4924542,
1,2,4.709,-0.2481992,0.03953304,-0.8850118,0.5084613,-0.5040046,0.4948755,0.4924884,
1,2,4.711,-0.2481992,0.03953304,-0.8850118,0.5084613,-0.5040046,0.4948755,0.4924884,
1,2,4.713,-0.2481992,0.03953304,-0.8850118,0.5084613,-0.5040046,0.4948755,0.4924884,
1,2,4.715,-0.2481992,0.03953304,-0.8850118,0.5084613,-0.5040046,0.4948755,0.4924884,
1,2,4.717,-0.2481982,0.03953261,-0.8849944,0.5084586,-0.5040263,0.4948654,0.4924791,
1,2,4.719,-0.2481982,0.03953261,-0.8849944,0.5084586,-0.5040263,0.4948654,0.4924791,
1,2,4.721,-0.2481982,0.03953261,-0.8849944,0.5084586,-0.5040263,0.4948654,0.4924791,
1,2,4.723,-0.2481982,0.03953261,-0.8849944,0.5084586,-0.5040263,0.4948654,0.4924791,
1,2,4.725,-0.2481789,0.03955962,-0.884993,0.5084686,-0.5039685,0.4949158,0.4924773,
1,2,4.727,-0.2481789,0.03955962,-0.884993,0.5084686,-0.5039685,0.4949158,0.4924773,
1,2,4.729,-0.2481789,0.03955962,-0.884993,0.5084686,-0.5039685,0.4949158,0.4924773,
1,2,4.731,-0.2481789,0.03955962,-0.884993,0.5084686,-0.5039685,0.4949158,0.4924773,
1,2,4.733,-0.2481789,0.03955962,-0.884993,0.5084686,-0.5039685,0.4949158,0.4924773,
1,2,4.735,-0.2481645,0.03955398,-0.8849991,0.5084711,-0.5039626,0.4949116,0.492485,
1,2,4.737,-0.2481645,0.03955398,-0.8849991,0.5084711,-0.5039626,0.4949116,0.492485,
1,2,4.739,-0.2481645,0.03955398,-0.8849991,0.5084711,-0.5039626,0.4949116,0.492485,
1,2,4.741,-0.2481645,0.03955398,-0.8849991,0.5084711,-0.5039626,0.4949116,0.492485,
1,2,4.743,-0.2481753,0.03954836,-0.8849953,0.5084648,-0.503977,0.4949016,0.4924866,
1,2,4.745,-0.2481753,0.03954836,-0.8849953,0.5084648,-0.503977,0.4949016,0.4924866,
1,2,4.747,-0.2481753,0.03954836,-0.8849953,0.5084648,-0.503977,0.4949016,0.4924866,
1,2,4.749,-0.2481753,0.03954836,-0.8849953,0.5084648,-0.503977,0.4949016,0.4924866,
1,2,4.751,-0.2481757,0.03954239,-0.8849991,0.5084782,-0.5039954,0.4948889,0.4924669,
1,2,4.753,-0.2481757,0.03954239,-0.8849991,0.5084782,-0.5039954,0.4948889,0.4924669,
1,2,4.755,-0.2481757,0.03954239,-0.8849991,0.5084782,-0.5039954,0.4948889,0.4924669,
1,2,4.757,-0.2481757,0.03954239,-0.8849991,0.5084782,-0.5039954,0.4948889,0.4924669,
1,2,4.759,-0.2481893,0.03954757,-0.8849889,0.5084653,-0.5039666,0.4949256,0.4924727,
1,2,4.761,-0.2481893,0.03954757,-0.8849889,0.5084653,-0.5039666,0.4949256,0.4924727,
1,2,4.763,-0.2481893,0.03954757,-0.8849889,0.5084653,-0.5039666,0.4949256,0.4924727,
1,2,4.765,-0.2481893,0.03954757,-0.8849889,0.5084653,-0.5039666,0.4949256,0.4924727,
1,2,4.767,-0.2481865,0.0395495,-0.8849983,0.5084638,-0.5039693,0.4949303,0.4924669,
1,2,4.769,-0.2481865,0.0395495,-0.8849983,0.5084638,-0.5039693,0.4949303,0.4924669,
1,2,4.771,-0.2481865,0.0395495,-0.8849983,0.5084638,-0.5039693,0.4949303,0.4924669,
1,2,4.773,-0.2481865,0.0395495,-0.8849983,0.5084638,-0.5039693,0.4949303,0.4924669,
1,2,4.775,-0.248196,0.03955254,-0.8849934,0.5084714,-0.5039773,0.4949321,0.4924489,
1,2,4.777,-0.248196,0.03955254,-0.8849934,0.5084714,-0.5039773,0.4949321,0.4924489,
1,2,4.779,-0.248196,0.03955254,-0.8849934,0.5084714,-0.5039773,0.4949321,0.4924489,
1,2,4.781,-0.248196,0.03955254,-0.8849934,0.5084714,-0.5039773,0.4949321,0.4924489,
1,2,4.783,-0.248196,0.03955254,-0.8849934,0.5084714,-0.5039773,0.4949321,0.4924489,
1,2,4.785,-0.248174,0.03954631,-0.8849859,0.5084791,-0.5039679,0.4949275,0.4924553,
1,2,4.787,-0.248174,0.03954631,-0.8849859,0.5084791,-0.5039679,0.4949275,0.4924553,
1,2,4.789,-0.248174,0.03954631,-0.8849859,0.5084791,-0.5039679,0.4949275,0.4924553,
1,2,4.791,-0.248174,0.03954631,-0.8849859,0.5084791,-0.5039679,0.4949275,0.4924553,
1,2,4.793,-0.2481816,0.03954951,-0.8849787,0.5084763,-0.5039678,0.4949284,0.4924573,
1,2,4.795,-0.2481816,0.03954951,-0.8849787,0.5084763,-0.5039678,0.4949284,0.4924573,
1,2,4.797,-0.2481816,0.03954951,-0.8849787,0.5084763,-0.5039678,0.4949284,0.4924573,
1,2,4.799,-0.2481816,0.03954951,-0.8849787,0.5084763,-0.5039678,0.4949284,0.4924573,
1,2,4.801,-0.2481753,0.03954944,-0.8849796,0.5084653,-0.5039611,0.494938,0.4924659,
1,2,4.803,-0.2481753,0.03954944,-0.8849796,0.5084653,-0.5039611,0.494938,0.4924659,
1,2,4.805,-0.2481753,0.03954944,-0.8849796,0.5084653,-0.5039611,0.494938,0.4924659,
1,2,4.807,-0.2481753,0.03954944,-0.8849796,0.5084653,-0.5039611,0.494938,0.4924659,
1,2,4.809,-0.2481856,0.03954334,-0.8849712,0.5084585,-0.5039761,0.4949342,0.4924614,
1,2,4.811,-0.2481856,0.03954334,-0.8849712,0.5084585,-0.5039761,0.4949342,0.4924614,
1,2,4.813,-0.2481856,0.03954334,-0.8849712,0.5084585,-0.5039761,0.4949342,0.4924614,
1,2,4.815,-0.2481856,0.03954334,-0.8849712,0.5084585,-0.5039761,0.4949342,0.4924614,
1,2,4.817,-0.2481698,0.03954626,-0.8849825,0.5084771,-0.5039722,0.4949169,0.4924636,
1,2,4.819,-0.2481698,0.03954626,-0.8849825,0.5084771,-0.5039722,0.4949169,0.4924636,
1,2,4.821,-0.2481698,0.03954626,-0.8849825,0.5084771,-0.5039722,0.4949169,0.4924636,
1,2,4.823,-0.2481698,0.03954626,-0.8849825,0.5084771,-0.5039722,0.4949169,0.4924636,
1,2,4.825,-0.2481897,0.0395539,-0.8849788,0.5084504,-0.5039723,0.4949348,0.4924731,
1,2,4.827,-0.2481897,0.0395539,-0.8849788,0.5084504,-0.5039723,0.4949348,0.4924731,
1,2,4.829,-0.2481897,0.0395539,-0.8849788,0.5084504,-0.5039723,0.4949348,0.4924731,
1,2,4.831,-0.2481897,0.0395539,-0.8849788,0.5084504,-0.5039723,0.4949348,0.4924731,
1,2,4.833,-0.2481897,0.0395539,-0.8849788,0.5084504,-0.5039723,0.4949348,0.4924731,
1,2,4.835,-0.2481842,0.03955646,-0.8849825,0.5084528,-0.503964,0.4949397,0.492474,
1,2,4.837,-0.2481842,0.03955646,-0.8849825,0.5084528,-0.503964,0.4949397,0.492474,
1,2,4.839,-0.2481842,0.03955646,-0.8849825,0.5084528,-0.503964,0.4949397,0.492474,
1,2,4.841,-0.2481842,0.03955646,-0.8849825,0.5084528,-0.503964,0.4949397,0.492474,
1,2,4.843,-0.2481867,0.03955423,-0.8849843,0.5084606,-0.5039786,0.4949322,0.4924586,
1,2,4.845,-0.2481867,0.03955423,-0.8849843,0.5084606,-0.5039786,0.4949322,0.4924586,
1,2,4.847,-0.2481867,0.03955423,-0.8849843,0.5084606,-0.5039786,0.4949322,0.4924586,
1,2,4.849,-0.2481867,0.03955423,-0.8849843,0.5084606,-0.5039786,0.4949322,0.4924586,
1,2,4.851,-0.24819,0.03954214,-0.8849812,0.5084614,-0.5039958,0.4949153,0.4924572,
1,2,4.853,-0.24819,0.03954214,-0.8849812,0.5084614,-0.5039958,0.4949153,0.4924572,
1,2,4.855,-0.24819,0.03954214,-0.8849812,0.5084614,-0.5039958,0.4949153,0.4924572,
1,2,4.857,-0.24819,0.03954214,-0.8849812,0.5084614,-0.5039958,0.4949153,0.4924572,
1,2,4.859,-0.2481715,0.03953567,-0.8849747,0.5084547,-0.5039942,0.4949185,0.4924628,
1,2,4.861,-0.2481715,0.03953567,-0.8849747,0.5084547,-0.5039942,0.4949185,0.4924628,
1,2,4.863,-0.2481715,0.03953567,-0.8849747,0.5084547,-0.5039942,0.4949185,0.4924628,
1,2,4.865,-0.2481715,0.03953567,-0.8849747,0.5084547,-0.5039942,0.4949185,0.4924628,
1,2,4.867,-0.2481824,0.03955135,-0.8849774,0.5084368,-0.5039855,0.4949374,0.4924711,
1,2,4.869,-0.2481824,0.03955135,-0.8849774,0.5084368,-0.5039855,0.4949374,0.4924711,
1,2,4.871,-0.2481824,0.03955135,-0.8849774,0.5084368,-0.5039855,0.4949374,0.4924711,
1,2,4.873,-0.2481824,0.03955135,-0.8849774,0.5084368,-0.5039855,0.4949374,0.4924711,
1,2,4.875,-0.2481849,0.0395559,-0.8849745,0.5084369,-0.5039764,0.4949412,0.4924764,
1,2,4.877,-0.2481849,0.0395559,-0.8849745,0.5084369,-0.5039764,0.4949412,0.4924764,
1,2,4.879,-0.2481849,0.0395559,-0.8849745,0.5084369,-0.5039764,0.4949412,0.4924764,
1,2,4.881,-0.2481849,0.0395559,-0.8849745,0.5084369,-0.5039764,0.4949412,0.4924764,
1,2,4.883,-0.2481849,0.0395559,-0.8849745,0.5084369,-0.5039764,0.4949412,0.4924764,
1,2,4.885,-0.2481793,0.03955194,-0.8849872,0.5084566,-0.5039646,0.4949348,0.4924746,
1,2,4.887,-0.2481793,0.03955194,-0.8849872,0.5084566,-0.5039646,0.4949348,0.4924746,
1,2,4.889,-0.2481793,0.03955194,-0.8849872,0.5084566,-0.5039646,0.4949348,0.4924746,
1,2,4.891,-0.2481793,0.03955194,-0.8849872,0.5084566,-0.5039646,0.4949348,0.4924746,
1,2,4.893,-0.2481757,0.0395403,-0.8849926,0.5084841,-0.5039606,0.4949318,0.4924532,
1,2,4.895,-0.2481757,0.0395403,-0.8849926,0.5084841,-0.5039606,0.4949318,0.4924532,
1,2,4.897,-0.2481757,0.0395403,-0.8849926,0.5084841,-0.5039606,0.4949318,0.4924532,
1,2,4.899,-0.2481757,0.0395403,-0.8849926,0.5084841,-0.5039606,0.4949318,0.4924532,
1,2,4.901,-0.2481677,0.03955711,-0.8849822,0.5084623,-0.5039448,0.4949392,0.4924845,
1,2,4.903,-0.2481677,0.03955711,-0.8849822,0.5084623,-0.5039448,0.4949392,0.4924845,
1,2,4.905,-0.2481677,0.03955711,-0.8849822,0.5084623,-0.5039448,0.4949392,0.4924845,
1,2,4.907,-0.2481677,0.03955711,-0.8849822,0.5084623,-0.5039448,0.4949392,0.4924845,
1,2,4.909,-0.2481826,0.03956028,-0.8849903,0.5084516,-0.5039689,0.4949302,0.4924799,
1,2,4.911,-0.2481826,0.03956028,-0.8849903,0.5084516,-0.5039689,0.4949302,0.4924799,
1,2,4.913,-0.2481826,0.03956028,-0.8849903,0.5084516,-0.5039689,0.4949302,0.4924799,
1,2,4.915,-0.2481826,0.03956028,-0.8849903,0.5084516,-0.5039689,0.4949302,0.4924799,
1,2,4.917,-0.2481811,0.03955574,-0.8849936,0.5084477,-0.5039629,0.4949349,0.4924855,
1,2,4.919,-0.2481811,0.03955574,-0.8849936,0.5084477,-0.5039629,0.4949349,0.4924855,
1,2,4.921,-0.2481811,0.03955574,-0.8849936,0.5084477,-0.5039629,0.4949349,0.4924855,
1,2,4.923,-0.2481811,0.03955574,-0.8849936,0.5084477,-0.5039629,0.4949349,0.4924855,
1,2,4.925,-0.248173,0.03954542,-0.8849834,0.5084727,-0.5039464,0.4949378,0.4924736,
1,2,4.927,-0.248173,0.03954542,-0.8849834,0.5084727,-0.5039464,0.4949378,0.4924736,
1,2,4.929,-0.248173,0.03954542,-0.8849834,0.5084727,-0.5039464,0.4949378,0.4924736,
1,2,4.931,-0.248173,0.03954542,-0.8849834,0.5084727,-0.5039464,0.4949378,0.4924736,
1,2,4.933,-0.248173,0.03954542,-0.8849834,0.5084727,-0.5039464,0.4949378,0.4924736,
1,2,4.935,-0.2481728,0.0395441,-0.884987,0.5084922,-0.5039526,0.4949253,0.4924598,
1,2,4.937,-0.2481728,0.0395441,-0.884987,0.5084922,-0.5039526,0.4949253,0.4924598,
1,2,4.939,-0.2481728,0.0395441,-0.884987,0.5084922,-0.5039526,0.4949253,0.4924598,
1,2,4.941,-0.2481728,0.0395441,-0.884987,0.5084922,-0.5039526,0.4949253,0.4924598,
1,2,4.943,-0.2481652,0.0395488,-0.8849878,0.5084838,-0.503944,0.494943,0.4924593,
1,2,4.945,-0.2481652,0.0395488,-0.8849878,0.5084838,-0.503944,0.494943,0.4924593,
1,2,4.947,-0.2481652,0.0395488,-0.8849878,0.5084838,-0.503944,0.494943,0.4924593,
1,2,4.949,-0.2481652,0.0395488,-0.8849878,0.5084838,-0.503944,0.494943,0.4924593,
1,2,4.951,-0.2481892,0.03955613,-0.88499,0.508467,-0.5039431,0.4949603,0.4924601,
1,2,4.953,-0.2481892,0.03955613,-0.88499,0.508467,-0.5039431,0.4949603,0.4924601,
1,2,4.955,-0.2481892,0.03955613,-0.88499,0.508467,-0.5039431,0.4949603,0.4924601,
1,2,4.957,-0.2481892,0.03955613,-0.88499,0.508467,-0.5039431,0.4949603,0.4924601,
1,2,4.959,-0.2481834,0.03955963,-0.8849854,0.5084499,-0.5039344,0.4949704,0.4924767,
1,2,4.961,-0.2481834,0.03955963,-0.8849854,0.5084499,-0.5039344,0.4949704,0.4924767,
1,2,4.963,-0.2481834,0.03955963,-0.8849854,0.5084499,-0.5039344,0.4949704,0.4924767,
1,2,4.965,-0.2481834,0.03955963,-0.8849854,0.5084499,-0.5039344,0.4949704,0.4924767,
1,2,4.967,-0.2481829,0.03955323,-0.8849825,0.5084582,-0.5039369,0.4949598,0.4924761,
1,2,4.969,-0.2481829,0.03955323,-0.8849825,0.5084582,-0.5039369,0.4949598,0.4924761,
1,2,4.971,-0.2481829,0.03955323,-0.8849825,0.5084582,-0.5039369,0.4949598,0.4924761,
1,2,4.973,-0.2481829,0.03955323,-0.8849825,0.5084582,-0.5039369,0.4949598,0.4924761,
1,2,4.975,-0.2481825,0.03954981,-0.8849836,0.5084558,-0.5039412,0.4949572,0.4924767,
1,2,4.977,-0.2481825,0.03954981,-0.8849836,0.5084558,-0.5039412,0.4949572,0.4924767,
1,2,4.979,-0.2481825,0.03954981,-0.8849836,0.5084558,-0.5039412,0.4949572,0.4924767,
1,2,4.981,-0.2481825,0.03954981,-0.8849836,0.5084558,-0.5039412,0.4949572,0.4924767,
1,2,4.983,-0.2481825,0.03954981,-0.8849836,0.5084558,-0.5039412,0.4949572,0.4924767,
1,2,4.985,-0.2481829,0.0395382,-0.8849906,0.508462,-0.5039701,0.4949295,0.4924686,
1,2,4.987,-0.2481829,0.0395382,-0.8849906,0.508462,-0.5039701,0.4949295,0.4924686,
1,2,4.989,-0.2481829,0.0395382,-0.8849906,0.508462,-0.5039701,0.4949295,0.4924686,
1,2,4.991,-0.2481829,0.0395382,-0.8849906,0.508462,-0.5039701,0.4949295,0.4924686,
1,2,4.993,-0.2481878,0.03956024,-0.884985,0.5084516,-0.503956,0.4949468,0.4924764,
1,2,4.995,-0.2481878,0.03956024,-0.884985,0.5084516,-0.503956,0.4949468,0.4924764,
1,2,4.997,-0.2481878,0.03956024,-0.884985,0.5084516,-0.503956,0.4949468,0.4924764,
1,2,4.999,-0.2481878,0.03956024,-0.884985,0.5084516,-0.503956,0.4949468,0.4924764,
1,2,5.001,-0.2481985,0.03951491,-0.8849968,0.5084543,-0.504015,0.4948676,0.4924929,
1,2,5.003,-0.2481985,0.03951491,-0.8849968,0.5084543,-0.504015,0.4948676,0.4924929,
1,2,5.005,-0.2481985,0.03951491,-0.8849968,0.5084543,-0.504015,0.4948676,0.4924929,
1,2,5.007,-0.2481985,0.03951491,-0.8849968,0.5084543,-0.504015,0.4948676,0.4924929,
1,2,5.009,-0.2482039,0.03951991,-0.8849874,0.5084546,-0.5040164,0.4948772,0.4924814,
1,2,5.011,-0.2482039,0.03951991,-0.8849874,0.5084546,-0.5040164,0.4948772,0.4924814,
1,2,5.013,-0.2482039,0.03951991,-0.8849874,0.5084546,-0.5040164,0.4948772,0.4924814,
1,2,5.015,-0.2482039,0.03951991,-0.8849874,0.5084546,-0.5040164,0.4948772,0.4924814,
1,2,5.017,-0.2481731,0.03955734,-0.884981,0.5084727,-0.503947,0.4949292,0.4924815,
1,2,5.019,-0.2481731,0.03955734,-0.884981,0.5084727,-0.503947,0.4949292,0.4924815,
1,2,5.021,-0.2481731,0.03955734,-0.884981,0.5084727,-0.503947,0.4949292,0.4924815,
1,2,5.023,-0.2481731,0.03955734,-0.884981,0.5084727,-0.503947,0.4949292,0.4924815,
1,2,5.025,-0.2481668,0.03956863,-0.8849791,0.5084692,-0.5039257,0.4949537,0.4924823,
1,2,5.027,-0.2481668,0.03956863,-0.8849791,0.5084692,-0.5039257,0.4949537,0.4924823,
1,2,5.029,-0.2481668,0.03956863,-0.8849791,0.5084692,-0.5039257,0.4949537,0.4924823,
1,2,5.031,-0.2481668,0.03956863,-0.8849791,0.5084692,-0.5039257,0.4949537,0.4924823,
1,2,5.033,-0.2481668,0.03956863,-0.8849791,0.5084692,-0.5039257,0.4949537,0.4924823,
1,2,5.035,-0.2481589,0.03956624,-0.8849791,0.5084628,-0.5039324,0.4949499,0.4924859,
1,2,5.037,-0.2481589,0.03956624,-0.8849791,0.5084628,-0.5039324,0.4949499,0.4924859,
1,2,5.039,-0.2481589,0.03956624,-0.8849791,0.5084628,-0.5039324,0.4949499,0.4924859,
1,2,5.041,-0.2481589,0.03956624,-0.8849791,0.5084628,-0.5039324,0.4949499,0.4924859,
1,2,5.043,-0.2481706,0.03955417,-0.8849844,0.5084569,-0.5039455,0.494941,0.4924875,
1,2,5.045,-0.2481706,0.03955417,-0.8849844,0.5084569,-0.5039455,0.494941,0.4924875,
1,2,5.047,-0.2481706,0.03955417,-0.8849844,0.5084569,-0.5039455,0.494941,0.4924875,
1,2,5.049,-0.2481706,0.03955417,-0.8849844,0.5084569,-0.5039455,0.494941,0.4924875,
1,2,5.051,-0.2481671,0.03954894,-0.8849901,0.5084708,-0.5039547,0.4949256,0.4924792,
1,2,5.053,-0.2481671,0.03954894,-0.8849901,0.5084708,-0.5039547,0.4949256,0.4924792,
1,2,5.055,-0.2481671,0.03954894,-0.8849901,0.5084708,-0.5039547,0.4949256,0.4924792,
1,2,5.057,-0.2481671,0.03954894,-0.8849901,0.5084708,-0.5039547,0.4949256,0.4924792,
1,2,5.059,-0.2481688,0.03955259,-0.8849831,0.5084775,-0.50393,0.4949502,0.4924729,
1,2,5.061,-0.2481688,0.03955259,-0.8849831,0.5084775,-0.50393,0.4949502,0.4924729,
1,2,5.063,-0.2481688,0.03955259,-0.8849831,0.5084775,-0.50393,0.4949502,0.4924729,
1,2,5.065,-0.2481688,0.03955259,-0.8849831,0.5084775,-0.50393,0.4949502,0.4924729,
1,2,5.067,-0.2481564,0.03954936,-0.8849753,0.5084863,-0.5039291,0.4949372,0.4924778,
1,2,5.069,-0.2481564,0.03954936,-0.8849753,0.5084863,-0.5039291,0.4949372,0.4924778,
1,2,5.071,-0.2481564,0.03954936,-0.8849753,0.5084863,-0.5039291,0.4949372,0.4924778,
1,2,5.073,-0.2481564,0.03954936,-0.8849753,0.5084863,-0.5039291,0.4949372,0.4924778,
1,2,5.075,-0.2481763,0.03952256,-0.8849851,0.508469,-0.5039566,0.4948945,0.4925106,
1,2,5.077,-0.2481763,0.03952256,-0.8849851,0.508469,-0.5039566,0.4948945,0.4925106,
1,2,5.079,-0.2481763,0.03952256,-0.8849851,0.508469,-0.5039566,0.4948945,0.4925106,
1,2,5.081,-0.2481763,0.03952256,-0.8849851,0.508469,-0.5039566,0.4948945,0.4925106,CourtEnter
1,2,5.083,-0.2481763,0.03952256,-0.8849851,0.508469,-0.5039566,0.4948945,0.4925106,
1,2,5.085,-0.248172,0.03953161,-0.884977,0.5084527,-0.5040054,0.4948541,0.4925179,
1,2,5.087,-0.248172,0.03953161,-0.884977,0.5084527,-0.5040054,0.4948541,0.4925179,
1,2,5.089,-0.248172,0.03953161,-0.884977,0.5084527,-0.5040054,0.4948541,0.4925179,
1,2,5.091,-0.248172,0.03953161,-0.884977,0.5084527,-0.5040054,0.4948541,0.4925179,CourtExit
1,2,5.093,-0.2481789,0.03952754,-0.8849802,0.5084482,-0.5040098,0.4948526,0.4925195,
1,2,5.095,-0.2481789,0.03952754,-0.8849802,0.5084482,-0.5040098,0.4948526,0.4925195,
1,2,5.097,-0.2481789,0.03952754,-0.8849802,0.5084482,-0.5040098,0.4948526,0.4925195,
1,2,5.099,-0.2481789,0.03952754,-0.8849802,0.5084482,-0.5040098,0.4948526,0.4925195,
1,2,5.101,-0.2481712,0.03952945,-0.8849837,0.5084631,-0.5039932,0.4948786,0.4924951,
1,2,5.103,-0.2481712,0.03952945,-0.8849837,0.5084631,-0.5039932,0.4948786,0.4924951,
1,2,5.105,-0.2481712,0.03952945,-0.8849837,0.5084631,-0.5039932,0.4948786,0.4924951,
1,2,5.107,-0.2481712,0.03952945,-0.8849837,0.5084631,-0.5039932,0.4948786,0.4924951,
1,2,5.109,-0.2481694,0.03954291,-0.8849859,0.508462,-0.5039556,0.4949262,0.4924869,
1,2,5.111,-0.2481694,0.03954291,-0.8849859,0.508462,-0.5039556,0.4949262,0.4924869,
1,2,5.113,-0.2481694,0.03954291,-0.8849859,0.508462,-0.5039556,0.4949262,0.4924869,
1,2,5.115,-0.2481694,0.03954291,-0.8849859,0.508462,-0.5039556,0.4949262,0.4924869,
1,2,5.117,-0.2481686,0.03955127,-0.8849871,0.5084599,-0.5039459,0.4949434,0.4924816,
1,2,5.119,-0.2481686,0.03955127,-0.8849871,0.5084599,-0.5039459,0.4949434,0.4924816,
1,2,5.121,-0.2481686,0.03955127,-0.8849871,0.5084599,-0.5039459,0.4949434,0.4924816,
1,2,5.123,-0.2481686,0.03955127,-0.8849871,0.5084599,-0.5039459,0.4949434,0.4924816,
1,2,5.125,-0.2481728,0.03954861,-0.8849828,0.5084561,-0.5039718,0.4949237,0.4924788,
1,2,5.127,-0.2481728,0.03954861,-0.8849828,0.5084561,-0.5039718,0.4949237,0.4924788,
1,2,5.129,-0.2481728,0.03954861,-0.8849828,0.5084561,-0.5039718,0.4949237,0.4924788,
1,2,5.131,-0.2481728,0.03954861,-0.8849828,0.5084561,-0.5039718,0.4949237,0.4924788,
1,2,5.133,-0.2481619,0.03954488,-0.8849846,0.5084648,-0.5039638,0.494924,0.4924777,
1,2,5.135,-0.2481619,0.03954488,-0.8849846,0.5084648,-0.5039638,0.494924,0.4924777,
1,2,5.137,-0.2481619,0.03954488,-0.8849846,0.5084648,-0.5039638,0.494924,0.4924777,
1,2,5.139,-0.2481619,0.03954488,-0.8849846,0.5084648,-0.5039638,0.494924,0.4924777,
1,2,5.141,-0.2481619,0.03954488,-0.8849846,0.5084648,-0.5039638,0.494924,0.4924777,
1,2,5.143,-0.2481569,0.03954431,-0.8849881,0.5084684,-0.5039677,0.4949103,0.4924838,
1,2,5.145,-0.2481569,0.03954431,-0.8849881,0.5084684,-0.5039677,0.4949103,0.4924838,
1,2,5.147,-0.2481569,0.03954431,-0.8849881,0.5084684,-0.5039677,0.4949103,0.4924838,
1,2,5.149,-0.2481569,0.03954431,-0.8849881,0.5084684,-0.5039677,0.4949103,0.4924838,
1,2,5.151,-0.2481686,0.03955253,-0.8849823,0.5084453,-0.5039778,0.4949124,0.4924953,
1,2,5.153,-0.2481686,0.03955253,-0.8849823,0.5084453,-0.5039778,0.4949124,0.4924953,
1,2,5.155,-0.2481686,0.03955253,-0.8849823,0.5084453,-0.5039778,0.4949124,0.4924953,
1,2,5.157,-0.2481686,0.03955253,-0.8849823,0.5084453,-0.5039778,0.4949124,0.4924953,
1,2,5.159,-0.2481699,0.03955679,-0.8849767,0.5084498,-0.503964,0.4949238,0.4924932,
1,2,5.161,-0.2481699,0.03955679,-0.8849767,0.5084498,-0.503964,0.4949238,0.4924932,
1,2,5.163,-0.2481699,0.03955679,-0.8849767,0.5084498,-0.503964,0.4949238,0.4924932,
1,2,5.165,-0.2481699,0.03955679,-0.8849767,0.5084498,-0.503964,0.4949238,0.4924932,
1,2,5.167,-0.2481682,0.03954128,-0.8849744,0.5084525,-0.5039853,0.4948973,0.4924952,
1,2,5.169,-0.2481682,0.03954128,-0.8849744,0.5084525,-0.5039853,0.4948973,0.4924952,
1,2,5.171,-0.2481682,0.03954128,-0.8849744,0.5084525,-0.5039853,0.4948973,0.4924952,
1,2,5.173,-0.2481682,0.03954128,-0.8849744,0.5084525,-0.5039853,0.4948973,0.4924952,
1,2,5.175,-0.2481589,0.0395683,-0.8849707,0.5084414,-0.5039443,0.4949301,0.4925158,
1,2,5.177,-0.2481589,0.0395683,-0.8849707,0.5084414,-0.5039443,0.4949301,0.4925158,
1,2,5.179,-0.2481589,0.0395683,-0.8849707,0.5084414,-0.5039443,0.4949301,0.4925158,
1,2,5.181,-0.2481589,0.0395683,-0.8849707,0.5084414,-0.5039443,0.4949301,0.4925158,
1,2,5.183,-0.2481566,0.0395734,-0.8849692,0.5084414,-0.5039443,0.4949301,0.4925158,
1,2,5.185,-0.2481566,0.0395734,-0.8849692,0.5084414,-0.5039443,0.4949301,0.4925158,
1,2,5.187,-0.2481566,0.0395734,-0.8849692,0.5084414,-0.5039443,0.4949301,0.4925158,
1,2,5.189,-0.2481566,0.0395734,-0.8849692,0.5084414,-0.5039443,0.4949301,0.4925158,
1,2,5.191,-0.2481566,0.0395734,-0.8849692,0.5084414,-0.5039443,0.4949301,0.4925158,
1,2,5.193,-0.2481846,0.03953309,-0.8849872,0.508427,-0.5040012,0.494857,0.4925458,
1,2,5.195,-0.2481846,0.03953309,-0.8849872,0.508427,-0.5040012,0.494857,0.4925458,
1,2,5.197,-0.2481846,0.03953309,-0.8849872,0.508427,-0.5040012,0.494857,0.4925458,
1,2,5.199,-0.2481846,0.03953309,-0.8849872,0.508427,-0.5040012,0.494857,0.4925458,
1,2,5.201,-0.2481741,0.03952915,-0.8849802,0.5084614,-0.5040135,0.494867,0.4924876,
1,2,5.203,-0.2481741,0.03952915,-0.8849802,0.5084614,-0.5040135,0.494867,0.4924876,
1,2,5.205,-0.2481741,0.03952915,-0.8849802,0.5084614,-0.5040135,0.494867,0.4924876,
1,2,5.207,-0.2481741,0.03952915,-0.8849802,0.5084614,-0.5040135,0.494867,0.4924876,
1,2,5.209,-0.2481698,0.0395401,-0.8849812,0.5084653,-0.5039989,0.4948944,0.4924711,
1,2,5.211,-0.2481698,0.0395401,-0.8849812,0.5084653,-0.5039989,0.4948944,0.4924711,
1,2,5.213,-0.2481698,0.0395401,-0.8849812,0.5084653,-0.5039989,0.4948944,0.4924711,
1,2,5.215,-0.2481698,0.0395401,-0.8849812,0.5084653,-0.5039989,0.4948944,0.4924711,
1,2,5.217,-0.2481818,0.03954764,-0.8849813,0.5084509,-0.5039755,0.4949254,0.4924787,
1,2,5.219,-0.2481818,0.03954764,-0.8849813,0.5084509,-0.5039755,0.4949254,0.4924787,
1,2,5.221,-0.2481818,0.03954764,-0.8849813,0.5084509,-0.5039755,0.4949254,0.4924787,
1,2,5.223,-0.2481818,0.03954764,-0.8849813,0.5084509,-0.5039755,0.4949254,0.4924787,
1,2,5.225,-0.2481792,0.03954305,-0.8849816,0.5084508,-0.5039884,0.4949108,0.4924801,
1,2,5.227,-0.2481792,0.03954305,-0.8849816,0.5084508,-0.5039884,0.4949108,0.4924801,
1,2,5.229,-0.2481792,0.03954305,-0.8849816,0.5084508,-0.5039884,0.4949108,0.4924801,
1,2,5.231,-0.2481792,0.03954305,-0.8849816,0.5084508,-0.5039884,0.4949108,0.4924801,
1,2,5.233,-0.2481647,0.03955647,-0.8849799,0.5084644,-0.5039704,0.4949097,0.4924859,
1,2,5.235,-0.2481647,0.03955647,-0.8849799,0.5084644,-0.5039704,0.4949097,0.4924859,
1,2,5.237,-0.2481647,0.03955647,-0.8849799,0.5084644,-0.5039704,0.4949097,0.4924859,
1,2,5.239,-0.2481647,0.03955647,-0.8849799,0.5084644,-0.5039704,0.4949097,0.4924859,
1,2,5.241,-0.2481647,0.03955647,-0.8849799,0.5084644,-0.5039704,0.4949097,0.4924859,
1,2,5.243,-0.2481613,0.03956066,-0.88498,0.5084644,-0.5039704,0.4949097,0.4924859,
1,2,5.245,-0.2481613,0.03956066,-0.88498,0.5084644,-0.5039704,0.4949097,0.4924859,
1,2,5.247,-0.2481613,0.03956066,-0.88498,0.5084644,-0.5039704,0.4949097,0.4924859,
1,2,5.249,-0.2481613,0.03956066,-0.88498,0.5084644,-0.5039704,0.4949097,0.4924859,
1,2,5.251,-0.2481679,0.03955445,-0.8849846,0.5084622,-0.5039752,0.4949129,0.49248,
1,2,5.253,-0.2481679,0.03955445,-0.8849846,0.5084622,-0.5039752,0.4949129,0.49248,
1,2,5.255,-0.2481679,0.03955445,-0.8849846,0.5084622,-0.5039752,0.4949129,0.49248,
1,2,5.257,-0.2481679,0.03955445,-0.8849846,0.5084622,-0.5039752,0.4949129,0.49248,
1,2,5.259,-0.2481633,0.03955458,-0.8849809,0.5084615,-0.5039769,0.4949208,0.4924709,
1,2,5.261,-0.2481633,0.03955458,-0.8849809,0.5084615,-0.5039769,0.4949208,0.4924709,
1,2,5.263,-0.2481633,0.03955458,-0.8849809,0.5084615,-0.5039769,0.4949208,0.4924709,
1,2,5.265,-0.2481633,0.03955458,-0.8849809,0.5084615,-0.5039769,0.4949208,0.4924709,
1,2,5.267,-0.2481741,0.0395527,-0.8849829,0.5084651,-0.5039812,0.4949225,0.4924612,
1,2,5.269,-0.2481741,0.0395527,-0.8849829,0.5084651,-0.5039812,0.4949225,0.4924612,
1,2,5.271,-0.2481741,0.0395527,-0.8849829,0.5084651,-0.5039812,0.4949225,0.4924612,
1,2,5.273,-0.2481741,0.0395527,-0.8849829,0.5084651,-0.5039812,0.4949225,0.4924612,
1,2,5.275,-0.2481667,0.03955251,-0.8849826,0.5084667,-0.503994,0.4949175,0.4924514,
1,2,5.277,-0.2481667,0.03955251,-0.8849826,0.5084667,-0.503994,0.4949175,0.4924514,
1,2,5.279,-0.2481667,0.03955251,-0.8849826,0.5084667,-0.503994,0.4949175,0.4924514,
1,2,5.281,-0.2481667,0.03955251,-0.8849826,0.5084667,-0.503994,0.4949175,0.4924514,
1,2,5.283,-0.2481716,0.03954027,-0.8849866,0.5084717,-0.5039872,0.4949194,0.4924512,
1,2,5.285,-0.2481716,0.03954027,-0.8849866,0.5084717,-0.5039872,0.4949194,0.4924512,
1,2,5.287,-0.2481716,0.03954027,-0.8849866,0.5084717,-0.5039872,0.4949194,0.4924512,
1,2,5.289,-0.2481716,0.03954027,-0.8849866,0.5084717,-0.5039872,0.4949194,0.4924512,
1,2,5.291,-0.2481716,0.03954027,-0.8849866,0.5084717,-0.5039872,0.4949194,0.4924512,
1,2,5.293,-0.2481699,0.03954184,-0.8849828,0.5084758,-0.5040135,0.4948951,0.4924445,
1,2,5.295,-0.2481699,0.03954184,-0.8849828,0.5084758,-0.5040135,0.4948951,0.4924445,
1,2,5.297,-0.2481699,0.03954184,-0.8849828,0.5084758,-0.5040135,0.4948951,0.4924445,
1,2,5.299,-0.2481699,0.03954184,-0.8849828,0.5084758,-0.5040135,0.4948951,0.4924445,
1,2,5.301,-0.2481673,0.03953471,-0.8849809,0.5084859,-0.5040236,0.4948864,0.4924326,
1,2,5.303,-0.2481673,0.03953471,-0.8849809,0.5084859,-0.5040236,0.4948864,0.4924326,
1,2,5.305,-0.2481673,0.03953471,-0.8849809,0.5084859,-0.5040236,0.4948864,0.4924326,
1,2,5.307,-0.2481673,0.03953471,-0.8849809,0.5084859,-0.5040236,0.4948864,0.4924326,
1,2,5.309,-0.2481692,0.03953794,-0.8849834,0.5084909,-0.5039974,0.4949022,0.4924385,
1,2,5.311,-0.2481692,0.03953794,-0.8849834,0.5084909,-0.5039974,0.4949022,0.4924385,
1,2,5.313,-0.2481692,0.03953794,-0.8849834,0.5084909,-0.5039974,0.4949022,0.4924385,
1,2,5.315,-0.2481692,0.03953794,-0.8849834,0.5084909,-0.5039974,0.4949022,0.4924385,
1,2,5.317,-0.2481793,0.03953645,-0.8849822,0.5084654,-0.5040165,0.4949036,0.4924438,
1,2,5.319,-0.2481793,0.03953645,-0.8849822,0.5084654,-0.5040165,0.4949036,0.4924438,
1,2,5.321,-0.2481793,0.03953645,-0.8849822,0.5084654,-0.5040165,0.4949036,0.4924438,
1,2,5.323,-0.2481793,0.03953645,-0.8849822,0.5084654,-0.5040165,0.4949036,0.4924438,
1,2,5.325,-0.2481882,0.03954807,-0.8849895,0.5084454,-0.5040002,0.4949301,0.4924543,
1,2,5.327,-0.2481882,0.03954807,-0.8849895,0.5084454,-0.5040002,0.4949301,0.4924543,
1,2,5.329,-0.2481882,0.03954807,-0.8849895,0.5084454,-0.5040002,0.4949301,0.4924543,
1,2,5.331,-0.2481882,0.03954807,-0.8849895,0.5084454,-0.5040002,0.4949301,0.4924543,
1,2,5.333,-0.2481828,0.03954994,-0.8849872,0.5084543,-0.5039717,0.4949461,0.4924583,
1,2,5.335,-0.2481828,0.03954994,-0.8849872,0.5084543,-0.5039717,0.4949461,0.4924583,
1,2,5.337,-0.2481828,0.03954994,-0.8849872,0.5084543,-0.5039717,0.4949461,0.4924583,
1,2,5.339,-0.2481828,0.03954994,-0.8849872,0.5084543,-0.5039717,0.4949461,0.4924583,
1,2,5.341,-0.2481828,0.03954994,-0.8849872,0.5084543,-0.5039717,0.4949461,0.4924583,
1,2,5.343,-0.2481705,0.03954811,-0.8849823,0.5084753,-0.5039666,0.4949307,0.4924574,
1,2,5.345,-0.2481705,0.03954811,-0.8849823,0.5084753,-0.5039666,0.4949307,0.4924574,
1,2,5.347,-0.2481705,0.03954811,-0.8849823,0.5084753,-0.5039666,0.4949307,0.4924574,
1,2,5.349,-0.2481705,0.03954811,-0.8849823,0.5084753,-0.5039666,0.4949307,0.4924574,
1,2,5.351,-0.248175,0.03957398,-0.884977,0.5084432,-0.5039385,0.4949694,0.4924803,
1,2,5.353,-0.248175,0.03957398,-0.884977,0.5084432,-0.5039385,0.4949694,0.4924803,
1,2,5.355,-0.248175,0.03957398,-0.884977,0.5084432,-0.5039385,0.4949694,0.4924803,
1,2,5.357,-0.248175,0.03957398,-0.884977,0.5084432,-0.5039385,0.4949694,0.4924803,
1,2,5.359,-0.2481694,0.03956272,-0.8849758,0.5084503,-0.5039623,0.4949409,0.4924772,
1,2,5.361,-0.2481694,0.03956272,-0.8849758,0.5084503,-0.5039623,0.4949409,0.4924772,
1,2,5.363,-0.2481694,0.03956272,-0.8849758,0.5084503,-0.5039623,0.4949409,0.4924772,
1,2,5.365,-0.2481694,0.03956272,-0.8849758,0.5084503,-0.5039623,0.4949409,0.4924772,
1,2,5.367,-0.2481729,0.03955793,-0.884979,0.5084569,-0.5039682,0.4949317,0.4924736,
1,2,5.369,-0.2481729,0.03955793,-0.884979,0.5084569,-0.5039682,0.4949317,0.4924736,
1,2,5.371,-0.2481729,0.03955793,-0.884979,0.5084569,-0.5039682,0.4949317,0.4924736,
1,2,5.373,-0.2481729,0.03955793,-0.884979,0.5084569,-0.5039682,0.4949317,0.4924736,
1,2,5.375,-0.2481776,0.03955483,-0.8849777,0.5084528,-0.5039794,0.4949205,0.4924777,
1,2,5.377,-0.2481776,0.03955483,-0.8849777,0.5084528,-0.5039794,0.4949205,0.4924777,
1,2,5.379,-0.2481776,0.03955483,-0.8849777,0.5084528,-0.5039794,0.4949205,0.4924777,
1,2,5.381,-0.2481776,0.03955483,-0.8849777,0.5084528,-0.5039794,0.4949205,0.4924777,
1,2,5.383,-0.2481806,0.03955365,-0.8849778,0.5084528,-0.5039794,0.4949205,0.4924777,
1,2,5.385,-0.2481806,0.03955365,-0.8849778,0.5084528,-0.5039794,0.4949205,0.4924777,
1,2,5.387,-0.2481806,0.03955365,-0.8849778,0.5084528,-0.5039794,0.4949205,0.4924777,
1,2,5.389,-0.2481806,0.03955365,-0.8849778,0.5084528,-0.5039794,0.4949205,0.4924777,
1,2,5.391,-0.2481806,0.03955365,-0.8849778,0.5084528,-0.5039794,0.4949205,0.4924777,
1,2,5.393,-0.2481673,0.03954013,-0.8849913,0.5084778,-0.5039827,0.4948896,0.4924797,
1,2,5.395,-0.2481673,0.03954013,-0.8849913,0.5084778,-0.5039827,0.4948896,0.4924797,
1,2,5.397,-0.2481673,0.03954013,-0.8849913,0.5084778,-0.5039827,0.4948896,0.4924797,
1,2,5.399,-0.2481673,0.03954013,-0.8849913,0.5084778,-0.5039827,0.4948896,0.4924797,
1,2,5.401,-0.2481692,0.03953854,-0.8849887,0.5084747,-0.5039816,0.4948902,0.4924833,
1,2,5.403,-0.2481692,0.03953854,-0.8849887,0.5084747,-0.5039816,0.4948902,0.4924833,
1,2,5.405,-0.2481692,0.03953854,-0.8849887,0.5084747,-0.5039816,0.4948902,0.4924833,
1,2,5.407,-0.2481692,0.03953854,-0.8849887,0.5084747,-0.5039816,0.4948902,0.4924833,
1,2,5.409,-0.2481791,0.03954394,-0.8849809,0.5084635,-0.5039815,0.4949071,0.4924779,
1,2,5.411,-0.2481791,0.03954394,-0.8849809,0.5084635,-0.5039815,0.4949071,0.4924779,
1,2,5.413,-0.2481791,0.03954394,-0.8849809,0.5084635,-0.5039815,0.4949071,0.4924779,
1,2,5.415,-0.2481791,0.03954394,-0.8849809,0.5084635,-0.5039815,0.4949071,0.4924779,
1,2,5.417,-0.24818,0.03955459,-0.8849834,0.5084628,-0.5039768,0.4949191,0.4924714,
1,2,5.419,-0.24818,0.03955459,-0.8849834,0.5084628,-0.5039768,0.4949191,0.4924714,
1,2,5.421,-0.24818,0.03955459,-0.8849834,0.5084628,-0.5039768,0.4949191,0.4924714,
1,2,5.423,-0.24818,0.03955459,-0.8849834,0.5084628,-0.5039768,0.4949191,0.4924714,
1,2,5.425,-0.2481732,0.03955227,-0.8849841,0.5084716,-0.5039546,0.4949367,0.4924673,
1,2,5.427,-0.2481732,0.03955227,-0.8849841,0.5084716,-0.5039546,0.4949367,0.4924673,
1,2,5.429,-0.2481732,0.03955227,-0.8849841,0.5084716,-0.5039546,0.4949367,0.4924673,
1,2,5.431,-0.2481732,0.03955227,-0.8849841,0.5084716,-0.5039546,0.4949367,0.4924673,
1,2,5.433,-0.2481719,0.03955394,-0.8849816,0.5084669,-0.503957,0.4949304,0.4924761,
1,2,5.435,-0.2481719,0.03955394,-0.8849816,0.5084669,-0.503957,0.4949304,0.4924761,
1,2,5.437,-0.2481719,0.03955394,-0.8849816,0.5084669,-0.503957,0.4949304,0.4924761,
1,2,5.439,-0.2481719,0.03955394,-0.8849816,0.5084669,-0.503957,0.4949304,0.4924761,
1,2,5.441,-0.2481719,0.03955394,-0.8849816,0.5084669,-0.503957,0.4949304,0.4924761,
1,2,5.443,-0.2481754,0.03955906,-0.8849884,0.5084583,-0.503958,0.4949181,0.4924963,
1,2,5.445,-0.2481754,0.03955906,-0.8849884,0.5084583,-0.503958,0.4949181,0.4924963,
1,2,5.447,-0.2481754,0.03955906,-0.8849884,0.5084583,-0.503958,0.4949181,0.4924963,
1,2,5.449,-0.2481754,0.03955906,-0.8849884,0.5084583,-0.503958,0.4949181,0.4924963,
1,2,5.451,-0.2481797,0.03956334,-0.8849897,0.5084642,-0.5039508,0.4949282,0.4924874,
1,2,5.453,-0.2481797,0.03956334,-0.8849897,0.5084642,-0.5039508,0.4949282,0.4924874,
1,2,5.455,-0.2481797,0.03956334,-0.8849897,0.5084642,-0.5039508,0.4949282,0.4924874,
1,2,5.457,-0.2481797,0.03956334,-0.8849897,0.5084642,-0.5039508,0.4949282,0.4924874,
1,2,5.459,-0.2481786,0.0395733,-0.884984,0.5084453,-0.5039346,0.4949536,0.492498,
1,2,5.461,-0.2481786,0.0395733,-0.884984,0.5084453,-0.5039346,0.4949536,0.492498,
1,2,5.463,-0.2481786,0.0395733,-0.884984,0.5084453,-0.5039346,0.4949536,0.492498,
1,2,5.465,-0.2481786,0.0395733,-0.884984,0.5084453,-0.5039346,0.4949536,0.492498,
1,2,5.467,-0.2481778,0.0395745,-0.884982,0.5084453,-0.5039346,0.4949536,0.492498,
1,2,5.469,-0.2481778,0.0395745,-0.884982,0.5084453,-0.5039346,0.4949536,0.492498,
1,2,5.471,-0.2481778,0.0395745,-0.884982,0.5084453,-0.5039346,0.4949536,0.492498,
1,2,5.473,-0.2481778,0.0395745,-0.884982,0.5084453,-0.5039346,0.4949536,0.492498,
1,2,5.475,-0.248166,0.03956101,-0.8849923,0.5084587,-0.5039549,0.4949287,0.4924884,
1,2,5.477,-0.248166,0.03956101,-0.8849923,0.5084587,-0.5039549,0.4949287,0.4924884,
1,2,5.479,-0.248166,0.03956101,-0.8849923,0.5084587,-0.5039549,0.4949287,0.4924884,
1,2,5.481,-0.248166,0.03956101,-0.8849923,0.5084587,-0.5039549,0.4949287,0.4924884,
1,2,5.483,-0.2481685,0.03956855,-0.8849899,0.5084359,-0.5039459,0.4949453,0.4925045,
1,2,5.485,-0.2481685,0.03956855,-0.8849899,0.5084359,-0.5039459,0.4949453,0.4925045,
1,2,5.487,-0.2481685,0.03956855,-0.8849899,0.5084359,-0.5039459,0.4949453,0.4925045,
1,2,5.489,-0.2481685,0.03956855,-0.8849899,0.5084359,-0.5039459,0.4949453,0.4925045,
1,2,5.491,-0.2481685,0.03956855,-0.8849899,0.5084359,-0.5039459,0.4949453,0.4925045,
1,2,5.493,-0.2481659,0.03956767,-0.8849905,0.5084359,-0.5039459,0.4949453,0.4925045,
1,2,5.495,-0.2481659,0.03956767,-0.8849905,0.5084359,-0.5039459,0.4949453,0.4925045,
1,2,5.497,-0.2481659,0.03956767,-0.8849905,0.5084359,-0.5039459,0.4949453,0.4925045,
1,2,5.499,-0.2481659,0.03956767,-0.8849905,0.5084359,-0.5039459,0.4949453,0.4925045,
1,2,5.501,-0.2481908,0.03954248,-0.8849999,0.5084252,-0.5039991,0.4948826,0.4925241,
1,2,5.503,-0.2481908,0.03954248,-0.8849999,0.5084252,-0.5039991,0.4948826,0.4925241,
1,2,5.505,-0.2481908,0.03954248,-0.8849999,0.5084252,-0.5039991,0.4948826,0.4925241,
1,2,5.507,-0.2481908,0.03954248,-0.8849999,0.5084252,-0.5039991,0.4948826,0.4925241,
1,2,5.509,-0.2481849,0.03955385,-0.8849904,0.5084215,-0.5039952,0.4949222,0.4924921,
1,2,5.511,-0.2481849,0.03955385,-0.8849904,0.5084215,-0.5039952,0.4949222,0.4924921,
1,2,5.513,-0.2481849,0.03955385,-0.8849904,0.5084215,-0.5039952,0.4949222,0.4924921,
1,2,5.515,-0.2481849,0.03955385,-0.8849904,0.5084215,-0.5039952,0.4949222,0.4924921,
1,2,5.517,-0.2481727,0.03956653,-0.8849885,0.5084462,-0.5039507,0.4949412,0.492493,
1,2,5.519,-0.2481727,0.03956653,-0.8849885,0.5084462,-0.5039507,0.4949412,0.492493,
1,2,5.521,-0.2481727,0.03956653,-0.8849885,0.5084462,-0.5039507,0.4949412,0.492493,
1,2,5.523,-0.2481727,0.03956653,-0.8849885,0.5084462,-0.5039507,0.4949412,0.492493,
1,2,5.525,-0.2481752,0.0395798,-0.8849841,0.508442,-0.5039259,0.4949576,0.4925062,
1,2,5.527,-0.2481752,0.0395798,-0.8849841,0.508442,-0.5039259,0.4949576,0.4925062,
1,2,5.529,-0.2481752,0.0395798,-0.8849841,0.508442,-0.5039259,0.4949576,0.4925062,
1,2,5.531,-0.2481752,0.0395798,-0.8849841,0.508442,-0.5039259,0.4949576,0.4925062,
1,2,5.533,-0.2481724,0.03957771,-0.8849834,0.5084295,-0.5039203,0.4949603,0.4925223,
1,2,5.535,-0.2481724,0.03957771,-0.8849834,0.5084295,-0.5039203,0.4949603,0.4925223,
1,2,5.537,-0.2481724,0.03957771,-0.8849834,0.5084295,-0.5039203,0.4949603,0.4925223,
1,2,5.539,-0.2481724,0.03957771,-0.8849834,0.5084295,-0.5039203,0.4949603,0.4925223,
1,2,5.541,-0.2481724,0.03957771,-0.8849834,0.5084295,-0.5039203,0.4949603,0.4925223,
1,2,5.543,-0.2481753,0.03955989,-0.8849866,0.5084311,-0.5039446,0.4949419,0.4925141,
1,2,5.545,-0.2481753,0.03955989,-0.8849866,0.5084311,-0.5039446,0.4949419,0.4925141,
1,2,5.547,-0.2481753,0.03955989,-0.8849866,0.5084311,-0.5039446,0.4949419,0.4925141,
1,2,5.549,-0.2481753,0.03955989,-0.8849866,0.5084311,-0.5039446,0.4949419,0.4925141,
1,2,5.551,-0.2481803,0.03955567,-0.8849888,0.5084285,-0.5039746,0.4949329,0.4924953,
1,2,5.553,-0.2481803,0.03955567,-0.8849888,0.5084285,-0.5039746,0.4949329,0.4924953,
1,2,5.555,-0.2481803,0.03955567,-0.8849888,0.5084285,-0.5039746,0.4949329,0.4924953,
1,2,5.557,-0.2481803,0.03955567,-0.8849888,0.5084285,-0.5039746,0.4949329,0.4924953,
1,2,5.559,-0.248179,0.03955591,-0.8849903,0.5084285,-0.5039746,0.4949329,0.4924953,
1,2,5.561,-0.248179,0.03955591,-0.8849903,0.5084285,-0.5039746,0.4949329,0.4924953,
1,2,5.563,-0.248179,0.03955591,-0.8849903,0.5084285,-0.5039746,0.4949329,0.4924953,
1,2,5.565,-0.248179,0.03955591,-0.8849903,0.5084285,-0.5039746,0.4949329,0.4924953,
1,2,5.567,-0.2481864,0.03957659,-0.8849946,0.5084307,-0.503962,0.4949379,0.4925009,
1,2,5.569,-0.2481864,0.03957659,-0.8849946,0.5084307,-0.503962,0.4949379,0.4925009,
1,2,5.571,-0.2481864,0.03957659,-0.8849946,0.5084307,-0.503962,0.4949379,0.4925009,
1,2,5.573,-0.2481864,0.03957659,-0.8849946,0.5084307,-0.503962,0.4949379,0.4925009,
1,2,5.575,-0.2481961,0.03956165,-0.8849974,0.5084294,-0.5039756,0.4949292,0.4924971,
1,2,5.577,-0.2481961,0.03956165,-0.8849974,0.5084294,-0.5039756,0.4949292,0.4924971,
1,2,5.579,-0.2481961,0.03956165,-0.8849974,0.5084294,-0.5039756,0.4949292,0.4924971,
1,2,5.581,-0.2481961,0.03956165,-0.8849974,0.5084294,-0.5039756,0.4949292,0.4924971,
1,2,5.583,-0.2481898,0.0395529,-0.8849984,0.5084332,-0.5039845,0.4949205,0.4924928,
1,2,5.585,-0.2481898,0.0395529,-0.8849984,0.5084332,-0.5039845,0.4949205,0.4924928,
1,2,5.587,-0.2481898,0.0395529,-0.8849984,0.5084332,-0.5039845,0.4949205,0.4924928,
1,2,5.589,-0.2481898,0.0395529,-0.8849984,0.5084332,-0.5039845,0.4949205,0.4924928,
1,2,5.591,-0.2481898,0.0395529,-0.8849984,0.5084332,-0.5039845,0.4949205,0.4924928,
1,2,5.593,-0.2481855,0.03955357,-0.8849832,0.508428,-0.5039621,0.4949291,0.4925122,
1,2,5.595,-0.2481855,0.03955357,-0.8849832,0.508428,-0.5039621,0.4949291,0.4925122,
1,2,5.597,-0.2481855,0.03955357,-0.8849832,0.508428,-0.5039621,0.4949291,0.4925122,
1,2,5.599,-0.2481855,0.03955357,-0.8849832,0.508428,-0.5039621,0.4949291,0.4925122,
1,2,5.601,-0.2481871,0.03955659,-0.8849955,0.5084327,-0.5039592,0.4949393,0.4925002,
1,2,5.603,-0.2481871,0.03955659,-0.8849955,0.5084327,-0.5039592,0.4949393,0.4925002,
1,2,5.605,-0.2481871,0.03955659,-0.8849955,0.5084327,-0.5039592,0.4949393,0.4925002,
1,2,5.607,-0.2481871,0.03955659,-0.8849955,0.5084327,-0.5039592,0.4949393,0.4925002,
1,2,5.609,-0.248193,0.03956169,-0.8849921,0.5084179,-0.5039611,0.4949513,0.4925014,
1,2,5.611,-0.248193,0.03956169,-0.8849921,0.5084179,-0.5039611,0.4949513,0.4925014,
1,2,5.613,-0.248193,0.03956169,-0.8849921,0.5084179,-0.5039611,0.4949513,0.4925014,
1,2,5.615,-0.248193,0.03956169,-0.8849921,0.5084179,-0.5039611,0.4949513,0.4925014,
1,2,5.617,-0.24819,0.03956328,-0.8849914,0.5084305,-0.5039484,0.4949552,0.4924975,
1,2,5.619,-0.24819,0.03956328,-0.8849914,0.5084305,-0.5039484,0.4949552,0.4924975,
1,2,5.621,-0.24819,0.03956328,-0.8849914,0.5084305,-0.5039484,0.4949552,0.4924975,
1,2,5.623,-0.24819,0.03956328,-0.8849914,0.5084305,-0.5039484,0.4949552,0.4924975,
1,2,5.625,-0.2481817,0.0395549,-0.8849858,0.5084455,-0.5039409,0.4949549,0.49249,
1,2,5.627,-0.2481817,0.0395549,-0.8849858,0.5084455,-0.5039409,0.4949549,0.49249,
1,2,5.629,-0.2481817,0.0395549,-0.8849858,0.5084455,-0.5039409,0.4949549,0.49249,
1,2,5.631,-0.2481817,0.0395549,-0.8849858,0.5084455,-0.5039409,0.4949549,0.49249,
1,2,5.633,-0.2481799,0.03955975,-0.8849849,0.5084438,-0.503935,0.4949557,0.492497,
1,2,5.635,-0.2481799,0.03955975,-0.8849849,0.5084438,-0.503935,0.4949557,0.492497,
1,2,5.637,-0.2481799,0.03955975,-0.8849849,0.5084438,-0.503935,0.4949557,0.492497,
1,2,5.639,-0.2481799,0.03955975,-0.8849849,0.5084438,-0.503935,0.4949557,0.492497,
1,2,5.641,-0.2481799,0.03955975,-0.8849849,0.5084438,-0.503935,0.4949557,0.492497,
1,2,5.643,-0.248194,0.03955914,-0.8849955,0.5084462,-0.503931,0.494961,0.4924933,
1,2,5.645,-0.248194,0.03955914,-0.8849955,0.5084462,-0.503931,0.494961,0.4924933,
1,2,5.647,-0.248194,0.03955914,-0.8849955,0.5084462,-0.503931,0.494961,0.4924933,
1,2,5.649,-0.248194,0.03955914,-0.8849955,0.5084462,-0.503931,0.494961,0.4924933,
1,2,5.651,-0.2481899,0.03955173,-0.884993,0.5084381,-0.5039764,0.4949184,0.4924981,
1,2,5.653,-0.2481899,0.03955173,-0.884993,0.5084381,-0.5039764,0.4949184,0.4924981,
1,2,5.655,-0.2481899,0.03955173,-0.884993,0.5084381,-0.5039764,0.4949184,0.4924981,
1,2,5.657,-0.2481899,0.03955173,-0.884993,0.5084381,-0.5039764,0.4949184,0.4924981,
1,2,5.659,-0.2481826,0.03954392,-0.8849951,0.5084454,-0.5039853,0.4949131,0.4924867,
1,2,5.661,-0.2481826,0.03954392,-0.8849951,0.5084454,-0.5039853,0.4949131,0.4924867,
1,2,5.663,-0.2481826,0.03954392,-0.8849951,0.5084454,-0.5039853,0.4949131,0.4924867,
1,2,5.665,-0.2481826,0.03954392,-0.8849951,0.5084454,-0.5039853,0.4949131,0.4924867,
1,2,5.667,-0.2481789,0.03954303,-0.8849964,0.5084454,-0.5039853,0.4949131,0.4924867,
1,2,5.669,-0.2481789,0.03954303,-0.8849964,0.5084454,-0.5039853,0.4949131,0.4924867,
1,2,5.671,-0.2481789,0.03954303,-0.8849964,0.5084454,-0.5039853,0.4949131,0.4924867,
1,2,5.673,-0.2481789,0.03954303,-0.8849964,0.5084454,-0.5039853,0.4949131,0.4924867,
1,2,5.675,-0.2482013,0.0395511,-0.8849885,0.5084385,-0.5039783,0.4949234,0.4924906,
1,2,5.677,-0.2482013,0.0395511,-0.8849885,0.5084385,-0.5039783,0.4949234,0.4924906,
1,2,5.679,-0.2482013,0.0395511,-0.8849885,0.5084385,-0.5039783,0.4949234,0.4924906,
1,2,5.681,-0.2482013,0.0395511,-0.8849885,0.5084385,-0.5039783,0.4949234,0.4924906,
1,2,5.683,-0.2481951,0.03954471,-0.884988,0.5084338,-0.5040063,0.4948924,0.4924981,
1,2,5.685,-0.2481951,0.03954471,-0.884988,0.5084338,-0.5040063,0.4948924,0.4924981,
1,2,5.687,-0.2481951,0.03954471,-0.884988,0.5084338,-0.5040063,0.4948924,0.4924981,
1,2,5.689,-0.2481951,0.03954471,-0.884988,0.5084338,-0.5040063,0.4948924,0.4924981,
1,2,5.691,-0.2481951,0.03954471,-0.884988,0.5084338,-0.5040063,0.4948924,0.4924981,
1,2,5.693,-0.2481941,0.03954377,-0.8849862,0.5084338,-0.5040063,0.4948924,0.4924981,
1,2,5.695,-0.2481941,0.03954377,-0.8849862,0.5084338,-0.5040063,0.4948924,0.4924981,
1,2,5.697,-0.2481941,0.03954377,-0.8849862,0.5084338,-0.5040063,0.4948924,0.4924981,
1,2,5.699,-0.2481941,0.03954377,-0.8849862,0.5084338,-0.5040063,0.4948924,0.4924981,
1,2,5.701,-0.2481959,0.03955446,-0.884989,0.5084244,-0.5039904,0.4949255,0.4924908,
1,2,5.703,-0.2481959,0.03955446,-0.884989,0.5084244,-0.5039904,0.4949255,0.4924908,
1,2,5.705,-0.2481959,0.03955446,-0.884989,0.5084244,-0.5039904,0.4949255,0.4924908,
1,2,5.707,-0.2481959,0.03955446,-0.884989,0.5084244,-0.5039904,0.4949255,0.4924908,
1,2,5.709,-0.2481857,0.03955813,-0.8849894,0.5084385,-0.503961,0.4949379,0.4924939,
1,2,5.711,-0.2481857,0.03955813,-0.8849894,0.5084385,-0.503961,0.4949379,0.4924939,
1,2,5.713,-0.2481857,0.03955813,-0.8849894,0.5084385,-0.503961,0.4949379,0.4924939,
1,2,5.715,-0.2481857,0.03955813,-0.8849894,0.5084385,-0.503961,0.4949379,0.4924939,
1,2,5.717,-0.2481771,0.03955469,-0.884991,0.5084459,-0.5039717,0.4949172,0.492496,
1,2,5.719,-0.2481771,0.03955469,-0.884991,0.5084459,-0.5039717,0.4949172,0.492496,
1,2,5.721,-0.2481771,0.03955469,-0.884991,0.5084459,-0.5039717,0.4949172,0.492496,
1,2,5.723,-0.2481771,0.03955469,-0.884991,0.5084459,-0.5039717,0.4949172,0.492496,
1,2,5.725,-0.2481778,0.03955061,-0.8849895,0.5084478,-0.5039628,0.4949162,0.492504,
1,2,5.727,-0.2481778,0.03955061,-0.8849895,0.5084478,-0.5039628,0.4949162,0.492504,
1,2,5.729,-0.2481778,0.03955061,-0.8849895,0.5084478,-0.5039628,0.4949162,0.492504,
1,2,5.731,-0.2481778,0.03955061,-0.8849895,0.5084478,-0.5039628,0.4949162,0.492504,
1,2,5.733,-0.2481847,0.03955244,-0.8850007,0.5084373,-0.5039741,0.494918,0.4925015,
1,2,5.735,-0.2481847,0.03955244,-0.8850007,0.5084373,-0.5039741,0.494918,0.4925015,
1,2,5.737,-0.2481847,0.03955244,-0.8850007,0.5084373,-0.5039741,0.494918,0.4925015,
1,2,5.739,-0.2481847,0.03955244,-0.8850007,0.5084373,-0.5039741,0.494918,0.4925015,
1,2,5.741,-0.2481847,0.03955244,-0.8850007,0.5084373,-0.5039741,0.494918,0.4925015,
1,2,5.743,-0.2481864,0.03955524,-0.8849996,0.5084359,-0.5039765,0.4949249,0.4924937,
1,2,5.745,-0.2481864,0.03955524,-0.8849996,0.5084359,-0.5039765,0.4949249,0.4924937,
1,2,5.747,-0.2481864,0.03955524,-0.8849996,0.5084359,-0.5039765,0.4949249,0.4924937,
1,2,5.749,-0.2481864,0.03955524,-0.8849996,0.5084359,-0.5039765,0.4949249,0.4924937,
1,2,5.751,-0.2481869,0.03955683,-0.8850014,0.5084359,-0.5039765,0.4949249,0.4924937,
1,2,5.753,-0.2481869,0.03955683,-0.8850014,0.5084359,-0.5039765,0.4949249,0.4924937,
1,2,5.755,-0.2481869,0.03955683,-0.8850014,0.5084359,-0.5039765,0.4949249,0.4924937,CourtEnter
1,2,5.757,-0.2481869,0.03955683,-0.8850014,0.5084359,-0.5039765,0.4949249,0.4924937,
1,2,5.759,-0.2481828,0.03954026,-0.8849972,0.5084749,-0.5039812,0.4949058,0.4924678,
1,2,5.761,-0.2481828,0.03954026,-0.8849972,0.5084749,-0.5039812,0.4949058,0.4924678,
1,2,5.763,-0.2481828,0.03954026,-0.8849972,0.5084749,-0.5039812,0.4949058,0.4924678,
1,2,5.765,-0.2481828,0.03954026,-0.8849972,0.5084749,-0.5039812,0.4949058,0.4924678,
1,2,5.767,-0.2481841,0.03954145,-0.884998,0.5084749,-0.5039812,0.4949058,0.4924678,CourtExit
1,2,5.769,-0.2481841,0.03954145,-0.884998,0.5084749,-0.5039812,0.4949058,0.4924678,
1,2,5.771,-0.2481841,0.03954145,-0.884998,0.5084749,-0.5039812,0.4949058,0.4924678,
1,2,5.773,-0.2481841,0.03954145,-0.884998,0.5084749,-0.5039812,0.4949058,0.4924678,
1,2,5.775,-0.2481722,0.03953601,-0.8849991,0.5084676,-0.5039842,0.494926,0.4924519,
1,2,5.777,-0.2481722,0.03953601,-0.8849991,0.5084676,-0.5039842,0.494926,0.4924519,
1,2,5.779,-0.2481722,0.03953601,-0.8849991,0.5084676,-0.5039842,0.494926,0.4924519,
1,2,5.781,-0.2481722,0.03953601,-0.8849991,0.5084676,-0.5039842,0.494926,0.4924519,
1,2,5.783,-0.2481774,0.03954556,-0.8849964,0.5084566,-0.5039786,0.494936,0.4924591,
1,2,5.785,-0.2481774,0.03954556,-0.8849964,0.5084566,-0.5039786,0.494936,0.4924591,
1,2,5.787,-0.2481774,0.03954556,-0.8849964,0.5084566,-0.5039786,0.494936,0.4924591,
1,2,5.789,-0.2481774,0.03954556,-0.8849964,0.5084566,-0.5039786,0.494936,0.4924591,
1,2,5.791,-0.2481774,0.03954556,-0.8849964,0.5084566,-0.5039786,0.494936,0.4924591,
1,2,5.793,-0.2481927,0.03955513,-0.8850029,0.5084479,-0.5039932,0.494929,0.4924601,
1,2,5.795,-0.2481927,0.03955513,-0.8850029,0.5084479,-0.5039932,0.494929,0.4924601,
1,2,5.797,-0.2481927,0.03955513,-0.8850029,0.5084479,-0.5039932,0.494929,0.4924601,
1,2,5.799,-0.2481927,0.03955513,-0.8850029,0.5084479,-0.5039932,0.494929,0.4924601,
1,2,5.801,-0.2481827,0.03954742,-0.8850031,0.5084667,-0.5039877,0.4949203,0.4924551,
1,2,5.803,-0.2481827,0.03954742,-0.8850031,0.5084667,-0.5039877,0.4949203,0.4924551,
1,2,5.805,-0.2481827,0.03954742,-0.8850031,0.5084667,-0.5039877,0.4949203,0.4924551,
1,2,5.807,-0.2481827,0.03954742,-0.8850031,0.5084667,-0.5039877,0.4949203,0.4924551,
1,2,5.809,-0.2481808,0.03954753,-0.8849996,0.5084496,-0.5039813,0.4949397,0.4924598,
1,2,5.811,-0.2481808,0.03954753,-0.8849996,0.5084496,-0.5039813,0.4949397,0.4924598,
1,2,5.813,-0.2481808,0.03954753,-0.8849996,0.5084496,-0.5039813,0.4949397,0.4924598,
1,2,5.815,-0.2481808,0.03954753,-0.8849996,0.5084496,-0.5039813,0.4949397,0.4924598,
1,2,5.817,-0.2481875,0.0395512,-0.8850028,0.5084391,-0.5039842,0.4949406,0.4924669,
1,2,5.819,-0.2481875,0.0395512,-0.8850028,0.5084391,-0.5039842,0.4949406,0.4924669,
1,2,5.821,-0.2481875,0.0395512,-0.8850028,0.5084391,-0.5039842,0.4949406,0.4924669,
1,2,5.823,-0.2481875,0.0395512,-0.8850028,0.5084391,-0.5039842,0.4949406,0.4924669,
1,2,5.825,-0.2481891,0.039551,-0.885004,0.5084391,-0.5039842,0.4949406,0.4924669,
1,2,5.827,-0.2481891,0.039551,-0.885004,0.5084391,-0.5039842,0.4949406,0.4924669,
1,2,5.829,-0.2481891,0.039551,-0.885004,0.5084391,-0.5039842,0.4949406,0.4924669,
1,2,5.831,-0.2481891,0.039551,-0.885004,0.5084391,-0.5039842,0.4949406,0.4924669,
1,2,5.833,-0.248184,0.03956895,-0.8849956,0.5084395,-0.5039621,0.49496,0.4924693,
1,2,5.835,-0.248184,0.03956895,-0.8849956,0.5084395,-0.5039621,0.49496,0.4924693,
1,2,5.837,-0.248184,0.03956895,-0.8849956,0.5084395,-0.5039621,0.49496,0.4924693,
1,2,5.839,-0.248184,0.03956895,-0.8849956,0.5084395,-0.5039621,0.49496,0.4924693,
1,2,5.841,-0.248184,0.03956895,-0.8849956,0.5084395,-0.5039621,0.49496,0.4924693,
1,2,5.843,-0.248172,0.03954665,-0.8849874,0.5084554,-0.503978,0.4949183,0.4924785,
1,2,5.845,-0.248172,0.03954665,-0.8849874,0.5084554,-0.503978,0.4949183,0.4924785,
1,2,5.847,-0.248172,0.03954665,-0.8849874,0.5084554,-0.503978,0.4949183,0.4924785,
1,2,5.849,-0.248172,0.03954665,-0.8849874,0.5084554,-0.503978,0.4949183,0.4924785,
1,2,5.851,-0.24817,0.03954532,-0.8849834,0.5084554,-0.503978,0.4949183,0.4924785,
1,2,5.853,-0.24817,0.03954532,-0.8849834,0.5084554,-0.503978,0.4949183,0.4924785,
1,2,5.855,-0.24817,0.03954532,-0.8849834,0.5084554,-0.503978,0.4949183,0.4924785,
1,2,5.857,-0.24817,0.03954532,-0.8849834,0.5084554,-0.503978,0.4949183,0.4924785,
1,2,5.859,-0.2481665,0.03954866,-0.8849788,0.5084544,-0.5039813,0.4949183,0.4924762,
1,2,5.861,-0.2481665,0.03954866,-0.8849788,0.5084544,-0.5039813,0.4949183,0.4924762,
1,2,5.863,-0.2481665,0.03954866,-0.8849788,0.5084544,-0.5039813,0.4949183,0.4924762,
1,2,5.865,-0.2481665,0.03954866,-0.8849788,0.5084544,-0.5039813,0.4949183,0.4924762,
1,2,5.867,-0.2481851,0.03954913,-0.8849988,0.5084596,-0.503989,0.494925,0.4924564,
1,2,5.869,-0.2481851,0.03954913,-0.8849988,0.5084596,-0.503989,0.494925,0.4924564,
1,2,5.871,-0.2481851,0.03954913,-0.8849988,0.5084596,-0.503989,0.494925,0.4924564,
1,2,5.873,-0.2481851,0.03954913,-0.8849988,0.5084596,-0.503989,0.494925,0.4924564,
1,2,5.875,-0.2481758,0.03954755,-0.8849973,0.5084527,-0.5039836,0.4949302,0.4924639,
1,2,5.877,-0.2481758,0.03954755,-0.8849973,0.5084527,-0.5039836,0.4949302,0.4924639,
1,2,5.879,-0.2481758,0.03954755,-0.8849973,0.5084527,-0.5039836,0.4949302,0.4924639,
1,2,5.881,-0.2481758,0.03954755,-0.8849973,0.5084527,-0.5039836,0.4949302,0.4924639,
1,2,5.883,-0.2481788,0.0395456,-0.8849946,0.5084537,-0.5039929,0.4949172,0.4924663,
1,2,5.885,-0.2481788,0.0395456,-0.8849946,0.5084537,-0.5039929,0.4949172,0.4924663,
1,2,5.887,-0.2481788,0.0395456,-0.8849946,0.5084537,-0.5039929,0.4949172,0.4924663,
1,2,5.889,-0.2481788,0.0395456,-0.8849946,0.5084537,-0.5039929,0.4949172,0.4924663,
1,2,5.891,-0.2481788,0.0395456,-0.8849946,0.5084537,-0.5039929,0.4949172,0.4924663,
1,2,5.893,-0.248194,0.03955182,-0.8849959,0.508445,-0.5039974,0.4949383,0.4924493,
1,2,5.895,-0.248194,0.03955182,-0.8849959,0.508445,-0.5039974,0.4949383,0.4924493,
1,2,5.897,-0.248194,0.03955182,-0.8849959,0.508445,-0.5039974,0.4949383,0.4924493,
1,2,5.899,-0.248194,0.03955182,-0.8849959,0.508445,-0.5039974,0.4949383,0.4924493,
1,2,5.901,-0.2481853,0.03955653,-0.8849919,0.5084454,-0.5039855,0.4949529,0.4924465,
1,2,5.903,-0.2481853,0.03955653,-0.8849919,0.5084454,-0.5039855,0.4949529,0.4924465,
1,2,5.905,-0.2481853,0.03955653,-0.8849919,0.5084454,-0.5039855,0.4949529,0.4924465,
1,2,5.907,-0.2481853,0.03955653,-0.8849919,0.5084454,-0.5039855,0.4949529,0.4924465,
1,2,5.909,-0.248183,0.03955809,-0.8849897,0.5084454,-0.5039855,0.4949529,0.4924465,
1,2,5.911,-0.248183,0.03955809,-0.8849897,0.5084454,-0.5039855,0.4949529,0.4924465,
1,2,5.913,-0.248183,0.03955809,-0.8849897,0.5084454,-0.5039855,0.4949529,0.4924465,
1,2,5.915,-0.248183,0.03955809,-0.8849897,0.5084454,-0.5039855,0.4949529,0.4924465,
1,2,5.917,-0.2481774,0.0395543,-0.8849933,0.5084478,-0.5039796,0.4949564,0.4924465,
1,2,5.919,-0.2481774,0.0395543,-0.8849933,0.5084478,-0.5039796,0.4949564,0.4924465,
1,2,5.921,-0.2481774,0.0395543,-0.8849933,0.5084478,-0.5039796,0.4949564,0.4924465,
1,2,5.923,-0.2481774,0.0395543,-0.8849933,0.5084478,-0.5039796,0.4949564,0.4924465,
1,2,5.925,-0.2481867,0.03955191,-0.8849821,0.5084341,-0.5039755,0.4949615,0.4924598,
1,2,5.927,-0.2481867,0.03955191,-0.8849821,0.5084341,-0.5039755,0.4949615,0.4924598,
1,2,5.929,-0.2481867,0.03955191,-0.8849821,0.5084341,-0.5039755,0.4949615,0.4924598,
1,2,5.931,-0.2481867,0.03955191,-0.8849821,0.5084341,-0.5039755,0.4949615,0.4924598,
1,2,5.933,-0.2481927,0.039541,-0.8849896,0.5084566,-0.5039942,0.4949271,0.4924519,
1,2,5.935,-0.2481927,0.039541,-0.8849896,0.5084566,-0.5039942,0.4949271,0.4924519,
1,2,5.937,-0.2481927,0.039541,-0.8849896,0.5084566,-0.5039942,0.4949271,0.4924519,
1,2,5.939,-0.2481927,0.039541,-0.8849896,0.5084566,-0.5039942,0.4949271,0.4924519,
1,2,5.941,-0.2481927,0.039541,-0.8849896,0.5084566,-0.5039942,0.4949271,0.4924519,
1,2,5.943,-0.2481734,0.03954492,-0.8849925,0.508459,-0.5039992,0.4949112,0.4924604,
1,2,5.945,-0.2481734,0.03954492,-0.8849925,0.508459,-0.5039992,0.4949112,0.4924604,
1,2,5.947,-0.2481734,0.03954492,-0.8849925,0.508459,-0.5039992,0.4949112,0.4924604,
1,2,5.949,-0.2481734,0.03954492,-0.8849925,0.508459,-0.5039992,0.4949112,0.4924604,
1,2,5.951,-0.2481715,0.03954404,-0.8849938,0.5084606,-0.5039836,0.4949254,0.4924604,
1,2,5.953,-0.2481715,0.03954404,-0.8849938,0.5084606,-0.5039836,0.4949254,0.4924604,
1,2,5.955,-0.2481715,0.03954404,-0.8849938,0.5084606,-0.5039836,0.4949254,0.4924604,
1,2,5.957,-0.2481715,0.03954404,-0.8849938,0.5084606,-0.5039836,0.4949254,0.4924604,
1,2,5.959,-0.2481702,0.0395425,-0.8849941,0.5084606,-0.5039836,0.4949254,0.4924604,
1,2,5.961,-0.2481702,0.0395425,-0.8849941,0.5084606,-0.5039836,0.4949254,0.4924604,
1,2,5.963,-0.2481702,0.0395425,-0.8849941,0.5084606,-0.5039836,0.4949254,0.4924604,
1,2,5.965,-0.2481702,0.0395425,-0.8849941,0.5084606,-0.5039836,0.4949254,0.4924604,
1,2,5.967,-0.2481616,0.03953667,-0.8849888,0.5084739,-0.5039845,0.4949173,0.4924539,
1,2,5.969,-0.2481616,0.03953667,-0.8849888,0.5084739,-0.5039845,0.4949173,0.4924539,
1,2,5.971,-0.2481616,0.03953667,-0.8849888,0.5084739,-0.5039845,0.4949173,0.4924539,
1,2,5.973,-0.2481616,0.03953667,-0.8849888,0.5084739,-0.5039845,0.4949173,0.4924539,
1,2,5.975,-0.2481747,0.03954063,-0.8849913,0.5084717,-0.5039822,0.4949213,0.4924545,
1,2,5.977,-0.2481747,0.03954063,-0.8849913,0.5084717,-0.5039822,0.4949213,0.4924545,
1,2,5.979,-0.2481747,0.03954063,-0.8849913,0.5084717,-0.5039822,0.4949213,0.4924545,
1,2,5.981,-0.2481747,0.03954063,-0.8849913,0.5084717,-0.5039822,0.4949213,0.4924545,
1,2,5.983,-0.2481845,0.03955172,-0.8849875,0.5084541,-0.5039728,0.4949361,0.4924674,
1,2,5.985,-0.2481845,0.03955172,-0.8849875,0.5084541,-0.5039728,0.4949361,0.4924674,
1,2,5.987,-0.2481845,0.03955172,-0.8849875,0.5084541,-0.5039728,0.4949361,0.4924674,
1,2,5.989,-0.2481845,0.03955172,-0.8849875,0.5084541,-0.5039728,0.4949361,0.4924674,
1,2,5.991,-0.2481731,0.03953547,-0.8849905,0.5084801,-0.5039865,0.4949177,0.492445,
1,2,5.993,-0.2481731,0.03953547,-0.8849905,0.5084801,-0.5039865,0.4949177,0.492445,
1,2,5.995,-0.2481731,0.03953547,-0.8849905,0.5084801,-0.5039865,0.4949177,0.492445,
1,2,5.997,-0.2481731,0.03953547,-0.8849905,0.5084801,-0.5039865,0.4949177,0.492445,
1,2,5.999,-0.2481731,0.03953547,-0.8849905,0.5084801,-0.5039865,0.4949177,0.492445,
1,3,6.001,-0.2481816,0.03952027,-0.8849955,0.5084748,-0.5040191,0.4948635,0.4924716,TrialStart
1,3,6.003,-0.2481816,0.03952027,-0.8849955,0.5084748,-0.5040191,0.4948635,0.4924716,
1,3,6.005,-0.2481816,0.03952027,-0.8849955,0.5084748,-0.5040191,0.4948635,0.4924716,
1,3,6.007,-0.2481816,0.03952027,-0.8849955,0.5084748,-0.5040191,0.4948635,0.4924716,
1,3,6.009,-0.2481779,0.03952617,-0.8849906,0.5084681,-0.5040274,0.4948743,0.4924593,
1,3,6.011,-0.2481779,0.03952617,-0.8849906,0.5084681,-0.5040274,0.4948743,0.4924593,
1,3,6.013,-0.2481779,0.03952617,-0.8849906,0.5084681,-0.5040274,0.4948743,0.4924593,
1,3,6.015,-0.2481779,0.03952617,-0.8849906,0.5084681,-0.5040274,0.4948743,0.4924593,
1,3,6.017,-0.2481764,0.03952749,-0.8849905,0.5084681,-0.5040274,0.4948743,0.4924593,
1,3,6.019,-0.2481764,0.03952749,-0.8849905,0.5084681,-0.5040274,0.4948743,0.4924593,
1,3,6.021,-0.2481764,0.03952749,-0.8849905,0.5084681,-0.5040274,0.4948743,0.4924593,
1,3,6.023,-0.2481764,0.03952749,-0.8849905,0.5084681,-0.5040274,0.4948743,0.4924593,
1,3,6.025,-0.2481598,0.03952608,-0.8850006,0.5085028,-0.504006,0.4948964,0.492423,
1,3,6.027,-0.2481598,0.03952608,-0.8850006,0.5085028,-0.504006,0.4948964,0.492423,
1,3,6.029,-0.2481598,0.03952608,-0.8850006,0.5085028,-0.504006,0.4948964,0.492423,
1,3,6.031,-0.2481598,0.03952608,-0.8850006,0.5085028,-0.504006,0.4948964,0.492423,
1,3,6.033,-0.2481835,0.03954529,-0.8849978,0.5084485,-0.5040015,0.49494,0.4924398,
1,3,6.035,-0.2481835,0.03954529,-0.8849978,0.5084485,-0.5040015,0.49494,0.4924398,
1,3,6.037,-0.2481835,0.03954529,-0.8849978,0.5084485,-0.5040015,0.49494,0.4924398,
1,3,6.039,-0.2481835,0.03954529,-0.8849978,0.5084485,-0.5040015,0.49494,0.4924398,
1,3,6.041,-0.2481869,0.03954611,-0.8849978,0.5084485,-0.5040015,0.49494,0.4924398,
1,3,6.043,-0.2481869,0.03954611,-0.8849978,0.5084485,-0.5040015,0.49494,0.4924398,
1,3,6.045,-0.2481869,0.03954611,-0.8849978,0.5084485,-0.5040015,0.49494,0.4924398,
1,3,6.047,-0.2481869,0.03954611,-0.8849978,0.5084485,-0.5040015,0.49494,0.4924398,
1,3,6.049,-0.2481869,0.03954611,-0.8849978,0.5084485,-0.5040015,0.49494,0.4924398,
1,3,6.051,-0.2481831,0.03955016,-0.8850014,0.5084367,-0.5039977,0.4949437,0.4924522,
1,3,6.053,-0.2481831,0.03955016,-0.8850014,0.5084367,-0.5039977,0.4949437,0.4924522,
1,3,6.055,-0.2481831,0.03955016,-0.8850014,0.5084367,-0.5039977,0.4949437,0.4924522,
1,3,6.057,-0.2481831,0.03955016,-0.8850014,0.5084367,-0.5039977,0.4949437,0.4924522,
1,3,6.059,-0.2481753,0.03955424,-0.8850082,0.5084378,-0.504001,0.494924,0.4924677,
1,3,6.061,-0.2481753,0.03955424,-0.8850082,0.5084378,-0.504001,0.494924,0.4924677,
1,3,6.063,-0.2481753,0.03955424,-0.8850082,0.5084378,-0.504001,0.494924,0.4924677,
1,3,6.065,-0.2481753,0.03955424,-0.8850082,0.5084378,-0.504001,0.494924,0.4924677,
1,3,6.067,-0.2481712,0.03954753,-0.8850033,0.5084521,-0.5039815,0.4949466,0.4924499,
1,3,6.069,-0.2481712,0.03954753,-0.8850033,0.5084521,-0.5039815,0.4949466,0.4924499,
1,3,6.071,-0.2481712,0.03954753,-0.8850033,0.5084521,-0.5039815,0.4949466,0.4924499,
1,3,6.073,-0.2481712,0.03954753,-0.8850033,0.5084521,-0.5039815,0.4949466,0.4924499,
1,3,6.075,-0.2481688,0.03954998,-0.8850042,0.5084567,-0.5039747,0.4949444,0.4924544,
1,3,6.077,-0.2481688,0.03954998,-0.8850042,0.5084567,-0.5039747,0.4949444,0.4924544,
1,3,6.079,-0.2481688,0.03954998,-0.8850042,0.5084567,-0.5039747,0.4949444,0.4924544,
1,3,6.081,-0.2481688,0.03954998,-0.8850042,0.5084567,-0.5039747,0.4949444,0.4924544,
1,3,6.083,-0.2481771,0.03954972,-0.88501,0.5084391,-0.5039931,0.4949252,0.4924729,
1,3,6.085,-0.2481771,0.03954972,-0.88501,0.5084391,-0.5039931,0.4949252,0.4924729,
1,3,6.087,-0.2481771,0.03954972,-0.88501,0.5084391,-0.5039931,0.4949252,0.4924729,
1,3,6.089,-0.2481771,0.03954972,-0.88501,0.5084391,-0.5039931,0.4949252,0.4924729,
1,3,6.091,-0.2481809,0.03955154,-0.8849945,0.5084332,-0.5039999,0.4949375,0.4924599,
1,3,6.093,-0.2481809,0.03955154,-0.8849945,0.5084332,-0.5039999,0.4949375,0.4924599,
1,3,6.095,-0.2481809,0.03955154,-0.8849945,0.5084332,-0.5039999,0.4949375,0.4924599,
1,3,6.097,-0.2481809,0.03955154,-0.8849945,0.5084332,-0.5039999,0.4949375,0.4924599,
1,3,6.099,-0.2481809,0.03955154,-0.8849945,0.5084332,-0.5039999,0.4949375,0.4924599,
1,3,6.101,-0.2481792,0.03954301,-0.8849964,0.5084472,-0.5039924,0.4949295,0.4924611,
1,3,6.103,-0.2481792,0.03954301,-0.8849964,0.5084472,-0.5039924,0.4949295,0.4924611,
1,3,6.105,-0.2481792,0.03954301,-0.8849964,0.5084472,-0.5039924,0.4949295,0.4924611,
1,3,6.107,-0.2481792,0.03954301,-0.8849964,0.5084472,-0.5039924,0.4949295,0.4924611,
1,3,6.109,-0.2481898,0.03955638,-0.8850018,0.5084245,-0.5039921,0.4949372,0.4924771,
1,3,6.111,-0.2481898,0.03955638,-0.8850018,0.5084245,-0.5039921,0.4949372,0.4924771,
1,3,6.113,-0.2481898,0.03955638,-0.8850018,0.5084245,-0.5039921,0.4949372,0.4924771,
1,3,6.115,-0.2481898,0.03955638,-0.8850018,0.5084245,-0.5039921,0.4949372,0.4924771,
1,3,6.117,-0.2481784,0.03955404,-0.8850068,0.5084271,-0.5039868,0.4949433,0.4924738,
1,3,6.119,-0.2481784,0.03955404,-0.8850068,0.5084271,-0.5039868,0.4949433,0.4924738,
1,3,6.121,-0.2481784,0.03955404,-0.8850068,0.5084271,-0.5039868,0.4949433,0.4924738,
1,3,6.123,-0.2481784,0.03955404,-0.8850068,0.5084271,-0.5039868,0.4949433,0.4924738,
1,3,6.125,-0.2481901,0.03953971,-0.885009,0.5084387,-0.5040029,0.4949306,0.492458,
1,3,6.127,-0.2481901,0.03953971,-0.885009,0.5084387,-0.5040029,0.4949306,0.492458,
1,3,6.129,-0.2481901,0.03953971,-0.885009,0.5084387,-0.5040029,0.4949306,0.492458,
1,3,6.131,-0.2481901,0.03953971,-0.885009,0.5084387,-0.5040029,0.4949306,0.492458,
1,3,6.133,-0.2481946,0.03955518,-0.8850048,0.5084348,-0.5039999,0.4949383,0.4924575,
1,3,6.135,-0.2481946,0.03955518,-0.8850048,0.5084348,-0.5039999,0.4949383,0.4924575,
1,3,6.137,-0.2481946,0.03955518,-0.8850048,0.5084348,-0.5039999,0.4949383,0.4924575,
1,3,6.139,-0.2481946,0.03955518,-0.8850048,0.5084348,-0.5039999,0.4949383,0.4924575,
1,3,6.141,-0.248202,0.03954481,-0.8850078,0.5084363,-0.504005,0.4949411,0.4924479,
1,3,6.143,-0.248202,0.03954481,-0.8850078,0.5084363,-0.504005,0.4949411,0.4924479,
1,3,6.145,-0.248202,0.03954481,-0.8850078,0.5084363,-0.504005,0.4949411,0.4924479,
1,3,6.147,-0.248202,0.03954481,-0.8850078,0.5084363,-0.504005,0.4949411,0.4924479,
1,3,6.149,-0.248202,0.03954481,-0.8850078,0.5084363,-0.504005,0.4949411,0.4924479,
1,3,6.151,-0.248202,0.03954692,-0.8850061,0.5084246,-0.5040039,0.4949461,0.4924561,
1,3,6.153,-0.248202,0.03954692,-0.8850061,0.5084246,-0.5040039,0.4949461,0.4924561,
1,3,6.155,-0.248202,0.03954692,-0.8850061,0.5084246,-0.5040039,0.4949461,0.4924561,
1,3,6.157,-0.248202,0.03954692,-0.8850061,0.5084246,-0.5040039,0.4949461,0.4924561,
1,3,6.159,-0.2481988,0.03955797,-0.8850076,0.5084207,-0.503988,0.4949595,0.4924628,
1,3,6.161,-0.2481988,0.03955797,-0.8850076,0.5084207,-0.503988,0.4949595,0.4924628,
1,3,6.163,-0.2481988,0.03955797,-0.8850076,0.5084207,-0.503988,0.4949595,0.4924628,
1,3,6.165,-0.2481988,0.03955797,-0.8850076,0.5084207,-0.503988,0.4949595,0.4924628,
1,3,6.167,-0.248198,0.03955942,-0.8850087,0.5084207,-0.503988,0.4949595,0.4924628,
1,3,6.169,-0.248198,0.03955942,-0.8850087,0.5084207,-0.503988,0.4949595,0.4924628,
1,3,6.171,-0.248198,0.03955942,-0.8850087,0.5084207,-0.503988,0.4949595,0.4924628,
1,3,6.173,-0.248198,0.03955942,-0.8850087,0.5084207,-0.503988,0.4949595,0.4924628,
1,3,6.175,-0.2482015,0.03955401,-0.8850025,0.5084324,-0.504013,0.4949359,0.4924489,
1,3,6.177,-0.2482015,0.03955401,-0.8850025,0.5084324,-0.504013,0.4949359,0.4924489,
1,3,6.179,-0.2482015,0.03955401,-0.8850025,0.5084324,-0.504013,0.4949359,0.4924489,
1,3,6.181,-0.2482015,0.03955401,-0.8850025,0.5084324,-0.504013,0.4949359,0.4924489,
1,3,6.183,-0.2481944,0.03954221,-0.8850056,0.5084302,-0.5040202,0.4949201,0.4924596,
1,3,6.185,-0.2481944,0.03954221,-0.8850056,0.5084302,-0.5040202,0.4949201,0.4924596,
1,3,6.187,-0.2481944,0.03954221,-0.8850056,0.5084302,-0.5040202,0.4949201,0.4924596,
1,3,6.189,-0.2481944,0.03954221,-0.8850056,0.5084302,-0.5040202,0.4949201,0.4924596,
1,3,6.191,-0.2481931,0.03953915,-0.8850052,0.508441,-0.5040144,0.4949217,0.4924528,
1,3,6.193,-0.2481931,0.03953915,-0.8850052,0.508441,-0.5040144,0.4949217,0.4924528,
1,3,6.195,-0.2481931,0.03953915,-0.8850052,0.508441,-0.5040144,0.4949217,0.4924528,
1,3,6.197,-0.2481931,0.03953915,-0.8850052,0.508441,-0.5040144,0.4949217,0.4924528,
1,3,6.199,-0.2481931,0.03953915,-0.8850052,0.508441,-0.5040144,0.4949217,0.4924528,
1,3,6.201,-0.2481786,0.03954555,-0.8850068,0.5084565,-0.5039883,0.4949318,0.4924535,
1,3,6.203,-0.2481786,0.03954555,-0.8850068,0.5084565,-0.5039883,0.4949318,0.4924535,
1,3,6.205,-0.2481786,0.03954555,-0.8850068,0.5084565,-0.5039883,0.4949318,0.4924535,
1,3,6.207,-0.2481786,0.03954555,-0.8850068,0.5084565,-0.5039883,0.4949318,0.4924535,
1,3,6.209,-0.24819,0.03953883,-0.8850059,0.5084406,-0.5040132,0.4949089,0.4924673,
1,3,6.211,-0.24819,0.03953883,-0.8850059,0.5084406,-0.5040132,0.4949089,0.4924673,
1,3,6.213,-0.24819,0.03953883,-0.8850059,0.5084406,-0.5040132,0.4949089,0.4924673,
1,3,6.215,-0.24819,0.03953883,-0.8850059,0.5084406,-0.5040132,0.4949089,0.4924673,
1,3,6.217,-0.2481856,0.03953233,-0.8850069,0.5084407,-0.5040223,0.4948987,0.4924682,
1,3,6.219,-0.2481856,0.03953233,-0.8850069,0.5084407,-0.5040223,0.4948987,0.4924682,
1,3,6.221,-0.2481856,0.03953233,-0.8850069,0.5084407,-0.5040223,0.4948987,0.4924682,
1,3,6.223,-0.2481856,0.03953233,-0.8850069,0.5084407,-0.5040223,0.4948987,0.4924682,
1,3,6.225,-0.2481742,0.03954026,-0.8850037,0.5084445,-0.5039959,0.4949123,0.4924775,
1,3,6.227,-0.2481742,0.03954026,-0.8850037,0.5084445,-0.5039959,0.4949123,0.4924775,
1,3,6.229,-0.2481742,0.03954026,-0.8850037,0.5084445,-0.5039959,0.4949123,0.4924775,
1,3,6.231,-0.2481742,0.03954026,-0.8850037,0.5084445,-0.5039959,0.4949123,0.4924775,
1,3,6.233,-0.2481662,0.03956074,-0.8850008,0.5084448,-0.503973,0.4949253,0.4924876,
1,3,6.235,-0.2481662,0.03956074,-0.8850008,0.5084448,-0.503973,0.4949253,0.4924876,
1,3,6.237,-0.2481662,0.03956074,-0.8850008,0.5084448,-0.503973,0.4949253,0.4924876,
1,3,6.239,-0.2481662,0.03956074,-0.8850008,0.5084448,-0.503973,0.4949253,0.4924876,
1,3,6.241,-0.2481635,0.03956522,-0.8849995,0.5084448,-0.503973,0.4949253,0.4924876,
1,3,6.243,-0.2481635,0.03956522,-0.8849995,0.5084448,-0.503973,0.4949253,0.4924876,
1,3,6.245,-0.2481635,0.03956522,-0.8849995,0.5084448,-0.503973,0.4949253,0.4924876,
1,3,6.247,-0.2481635,0.03956522,-0.8849995,0.5084448,-0.503973,0.4949253,0.4924876,
1,3,6.249,-0.2481635,0.03956522,-0.8849995,0.5084448,-0.503973,0.4949253,0.4924876,
1,3,6.251,-0.2481741,0.03954097,-0.8849959,0.5084568,-0.5039789,0.4949453,0.4924491,
1,3,6.253,-0.2481741,0.03954097,-0.8849959,0.5084568,-0.5039789,0.4949453,0.4924491,
1,3,6.255,-0.2481741,0.03954097,-0.8849959,0.5084568,-0.5039789,0.4949453,0.4924491,
1,3,6.257,-0.2481741,0.03954097,-0.8849959,0.5084568,-0.5039789,0.4949453,0.4924491,
1,3,6.259,-0.248178,0.03954709,-0.8849955,0.5084566,-0.5039939,0.4949266,0.4924527,
1,3,6.261,-0.248178,0.03954709,-0.8849955,0.5084566,-0.5039939,0.4949266,0.4924527,
1,3,6.263,-0.248178,0.03954709,-0.8849955,0.5084566,-0.5039939,0.4949266,0.4924527,
1,3,6.265,-0.248178,0.03954709,-0.8849955,0.5084566,-0.5039939,0.4949266,0.4924527,
1,3,6.267,-0.2481784,0.03954936,-0.8849972,0.5084609,-0.5039911,0.494939,0.4924387,
1,3,6.269,-0.2481784,0.03954936,-0.8849972,0.5084609,-0.5039911,0.494939,0.4924387,
1,3,6.271,-0.2481784,0.03954936,-0.8849972,0.5084609,-0.5039911,0.494939,0.4924387,
1,3,6.273,-0.2481784,0.03954936,-0.8849972,0.5084609,-0.5039911,0.494939,0.4924387,
1,3,6.275,-0.2481774,0.03955967,-0.885,0.5084375,-0.5039934,0.4949485,0.4924511,
1,3,6.277,-0.2481774,0.03955967,-0.885,0.5084375,-0.5039934,0.4949485,0.4924511,
1,3,6.279,-0.2481774,0.03955967,-0.885,0.5084375,-0.5039934,0.4949485,0.4924511,
1,3,6.281,-0.2481774,0.03955967,-0.885,0.5084375,-0.5039934,0.4949485,0.4924511,
1,3,6.283,-0.2481773,0.03955852,-0.884996,0.5084236,-0.5039787,0.4949643,0.4924646,
1,3,6.285,-0.2481773,0.03955852,-0.884996,0.5084236,-0.5039787,0.4949643,0.4924646,
1,3,6.287,-0.2481773,0.03955852,-0.884996,0.5084236,-0.5039787,0.4949643,0.4924646,
1,3,6.289,-0.2481773,0.03955852,-0.884996,0.5084236,-0.5039787,0.4949643,0.4924646,
1,3,6.291,-0.2481818,0.0395553,-0.8849937,0.5084308,-0.5039816,0.4949593,0.4924592,
1,3,6.293,-0.2481818,0.0395553,-0.8849937,0.5084308,-0.5039816,0.4949593,0.4924592,
1,3,6.295,-0.2481818,0.0395553,-0.8849937,0.5084308,-0.5039816,0.4949593,0.4924592,
1,3,6.297,-0.2481818,0.0395553,-0.8849937,0.5084308,-0.5039816,0.4949593,0.4924592,
1,3,6.299,-0.2481818,0.0395553,-0.8849937,0.5084308,-0.5039816,0.4949593,0.4924592,
1,3,6.301,-0.2481818,0.03954403,-0.8849834,0.5084314,-0.5039936,0.4949348,0.4924709,
1,3,6.303,-0.2481818,0.03954403,-0.8849834,0.5084314,-0.5039936,0.4949348,0.4924709,
1,3,6.305,-0.2481818,0.03954403,-0.8849834,0.5084314,-0.5039936,0.4949348,0.4924709,
1,3,6.307,-0.2481818,0.03954403,-0.8849834,0.5084314,-0.5039936,0.4949348,0.4924709,
1,3,6.309,-0.2481772,0.03954171,-0.8849925,0.5084261,-0.5039951,0.4949398,0.4924697,
1,3,6.311,-0.2481772,0.03954171,-0.8849925,0.5084261,-0.5039951,0.4949398,0.4924697,
1,3,6.313,-0.2481772,0.03954171,-0.8849925,0.5084261,-0.5039951,0.4949398,0.4924697,
1,3,6.315,-0.2481772,0.03954171,-0.8849925,0.5084261,-0.5039951,0.4949398,0.4924697,
1,3,6.317,-0.2481806,0.03955729,-0.8849939,0.5084264,-0.5039737,0.4949499,0.4924812,
1,3,6.319,-0.2481806,0.03955729,-0.8849939,0.5084264,-0.5039737,0.4949499,0.4924812,
1,3,6.321,-0.2481806,0.03955729,-0.8849939,0.5084264,-0.5039737,0.4949499,0.4924812,
1,3,6.323,-0.2481806,0.03955729,-0.8849939,0.5084264,-0.5039737,0.4949499,0.4924812,
1,3,6.325,-0.248181,0.03955703,-0.8849861,0.5084409,-0.5039626,0.4949495,0.4924782,
1,3,6.327,-0.248181,0.03955703,-0.8849861,0.5084409,-0.5039626,0.4949495,0.4924782,
1,3,6.329,-0.248181,0.03955703,-0.8849861,0.5084409,-0.5039626,0.4949495,0.4924782,
1,3,6.331,-0.248181,0.03955703,-0.8849861,0.5084409,-0.5039626,0.4949495,0.4924782,
1,3,6.333,-0.2481819,0.0395616,-0.8849834,0.5084338,-0.5039457,0.4949588,0.4924934,
1,3,6.335,-0.2481819,0.0395616,-0.8849834,0.5084338,-0.5039457,0.4949588,0.4924934,
1,3,6.337,-0.2481819,0.0395616,-0.8849834,0.5084338,-0.5039457,0.4949588,0.4924934,
1,3,6.339,-0.2481819,0.0395616,-0.8849834,0.5084338,-0.5039457,0.4949588,0.4924934,
1,3,6.341,-0.2481786,0.03954943,-0.884986,0.508449,-0.5039462,0.4949497,0.4924863,
1,3,6.343,-0.2481786,0.03954943,-0.884986,0.508449,-0.5039462,0.4949497,0.4924863,
1,3,6.345,-0.2481786,0.03954943,-0.884986,0.508449,-0.5039462,0.4949497,0.4924863,
1,3,6.347,-0.2481786,0.03954943,-0.884986,0.508449,-0.5039462,0.4949497,0.4924863,
1,3,6.349,-0.2481786,0.03954943,-0.884986,0.508449,-0.5039462,0.4949497,0.4924863,
1,3,6.351,-0.2481796,0.03954703,-0.8849868,0.5084625,-0.5039493,0.494942,0.4924769,
1,3,6.353,-0.2481796,0.03954703,-0.8849868,0.5084625,-0.5039493,0.494942,0.4924769,
1,3,6.355,-0.2481796,0.03954703,-0.8849868,0.5084625,-0.5039493,0.494942,0.4924769,
1,3,6.357,-0.2481796,0.03954703,-0.8849868,0.5084625,-0.5039493,0.494942,0.4924769,
1,3,6.359,-0.2481801,0.03954623,-0.8849876,0.5084625,-0.5039493,0.494942,0.4924769,
1,3,6.361,-0.2481801,0.03954623,-0.8849876,0.5084625,-0.5039493,0.494942,0.4924769,
1,3,6.363,-0.2481801,0.03954623,-0.8849876,0.5084625,-0.5039493,0.494942,0.4924769,
1,3,6.365,-0.2481801,0.03954623,-0.8849876,0.5084625,-0.5039493,0.494942,0.4924769,
1,3,6.367,-0.2481739,0.03954396,-0.8849869,0.5084532,-0.5039552,0.494945,0.4924774,
1,3,6.369,-0.2481739,0.03954396,-0.8849869,0.5084532,-0.5039552,0.494945,0.4924774,
1,3,6.371,-0.2481739,0.03954396,-0.8849869,0.5084532,-0.5039552,0.494945,0.4924774,
1,3,6.373,-0.2481739,0.03954396,-0.8849869,0.5084532,-0.5039552,0.494945,0.4924774,
1,3,6.375,-0.2481644,0.03955369,-0.8849892,0.5084427,-0.5039401,0.4949468,0.4925019,
1,3,6.377,-0.2481644,0.03955369,-0.8849892,0.5084427,-0.5039401,0.4949468,0.4925019,
1,3,6.379,-0.2481644,0.03955369,-0.8849892,0.5084427,-0.5039401,0.4949468,0.4925019,
1,3,6.381,-0.2481644,0.03955369,-0.8849892,0.5084427,-0.5039401,0.4949468,0.4925019,
1,3,6.383,-0.2481788,0.03955462,-0.8849841,0.5084324,-0.5039537,0.4949431,0.4925022,
1,3,6.385,-0.2481788,0.03955462,-0.8849841,0.5084324,-0.5039537,0.4949431,0.4925022,
1,3,6.387,-0.2481788,0.03955462,-0.8849841,0.5084324,-0.5039537,0.4949431,0.4925022,
1,3,6.389,-0.2481788,0.03955462,-0.8849841,0.5084324,-0.5039537,0.4949431,0.4925022,
1,3,6.391,-0.2481751,0.03956181,-0.8849876,0.5084208,-0.5039312,0.4949675,0.4925127,
1,3,6.393,-0.2481751,0.03956181,-0.8849876,0.5084208,-0.5039312,0.4949675,0.4925127,
1,3,6.395,-0.2481751,0.03956181,-0.8849876,0.5084208,-0.5039312,0.4949675,0.4925127,
1,3,6.397,-0.2481751,0.03956181,-0.8849876,0.5084208,-0.5039312,0.4949675,0.4925127,
1,3,6.399,-0.2481751,0.03956181,-0.8849876,0.5084208,-0.5039312,0.4949675,0.4925127,
1,3,6.401,-0.2481761,0.0395577,-0.8849937,0.5084119,-0.5039434,0.4949688,0.4925083,
1,3,6.403,-0.2481761,0.0395577,-0.8849937,0.5084119,-0.5039434,0.4949688,0.4925083,
1,3,6.405,-0.2481761,0.0395577,-0.8849937,0.5084119,-0.5039434,0.4949688,0.4925083,
1,3,6.407,-0.2481761,0.0395577,-0.8849937,0.5084119,-0.5039434,0.4949688,0.4925083,
1,3,6.409,-0.2481787,0.03956796,-0.8849972,0.508436,-0.5039309,0.494963,0.492502,
1,3,6.411,-0.2481787,0.03956796,-0.8849972,0.508436,-0.5039309,0.494963,0.492502,
1,3,6.413,-0.2481787,0.03956796,-0.8849972,0.508436,-0.5039309,0.494963,0.492502,
1,3,6.415,-0.2481787,0.03956796,-0.8849972,0.508436,-0.5039309,0.494963,0.492502,
1,3,6.417,-0.248173,0.03957189,-0.8849881,0.5084274,-0.5039287,0.4949713,0.4925047,
1,3,6.419,-0.248173,0.03957189,-0.8849881,0.5084274,-0.5039287,0.4949713,0.4925047,
1,3,6.421,-0.248173,0.03957189,-0.8849881,0.5084274,-0.5039287,0.4949713,0.4925047,
1,3,6.423,-0.248173,0.03957189,-0.8849881,0.5084274,-0.5039287,0.4949713,0.4925047,
1,3,6.425,-0.2481756,0.03954701,-0.8849894,0.5084343,-0.5039675,0.4949305,0.4924989,
1,3,6.427,-0.2481756,0.03954701,-0.8849894,0.5084343,-0.5039675,0.4949305,0.4924989,
1,3,6.429,-0.2481756,0.03954701,-0.8849894,0.5084343,-0.5039675,0.4949305,0.4924989,
1,3,6.431,-0.2481756,0.03954701,-0.8849894,0.5084343,-0.5039675,0.4949305,0.4924989,
1,3,6.433,-0.2481729,0.03954934,-0.8849922,0.5084283,-0.5039564,0.4949464,0.4925006,
1,3,6.435,-0.2481729,0.03954934,-0.8849922,0.5084283,-0.5039564,0.4949464,0.4925006,
1,3,6.437,-0.2481729,0.03954934,-0.8849922,0.5084283,-0.5039564,0.4949464,0.4925006,
1,3,6.439,-0.2481729,0.03954934,-0.8849922,0.5084283,-0.5039564,0.4949464,0.4925006,
1,3,6.441,-0.2481695,0.03954599,-0.8849916,0.5084441,-0.5039552,0.494945,0.492487,
1,3,6.443,-0.2481695,0.03954599,-0.8849916,0.5084441,-0.5039552,0.494945,0.492487,
1,3,6.445,-0.2481695,0.03954599,-0.8849916,0.5084441,-0.5039552,0.494945,0.492487,
1,3,6.447,-0.2481695,0.03954599,-0.8849916,0.5084441,-0.5039552,0.494945,0.492487,
1,3,6.449,-0.2481695,0.03954599,-0.8849916,0.5084441,-0.5039552,0.494945,0.492487,
1,3,6.451,-0.2481654,0.03955072,-0.8849899,0.5084586,-0.5039712,0.4949153,0.4924855,
1,3,6.453,-0.2481654,0.03955072,-0.8849899,0.5084586,-0.5039712,0.4949153,0.4924855,
1,3,6.455,-0.2481654,0.03955072,-0.8849899,0.5084586,-0.5039712,0.4949153,0.4924855,
1,3,6.457,-0.2481654,0.03955072,-0.8849899,0.5084586,-0.5039712,0.4949153,0.4924855,
1,3,6.459,-0.2481638,0.0395491,-0.88499,0.5084503,-0.5039857,0.4949013,0.4924931,
1,3,6.461,-0.2481638,0.0395491,-0.88499,0.5084503,-0.5039857,0.4949013,0.4924931,
1,3,6.463,-0.2481638,0.0395491,-0.88499,0.5084503,-0.5039857,0.4949013,0.4924931,
1,3,6.465,-0.2481638,0.0395491,-0.88499,0.5084503,-0.5039857,0.4949013,0.4924931,
1,3,6.467,-0.2481778,0.03954892,-0.8849888,0.5084459,-0.5039783,0.4949206,0.4924859,
1,3,6.469,-0.2481778,0.03954892,-0.8849888,0.5084459,-0.5039783,0.4949206,0.4924859,
1,3,6.471,-0.2481778,0.03954892,-0.8849888,0.5084459,-0.5039783,0.4949206,0.4924859,
1,3,6.473,-0.2481778,0.03954892,-0.8849888,0.5084459,-0.5039783,0.4949206,0.4924859,
1,3,6.475,-0.2481754,0.03956057,-0.8849896,0.508425,-0.5039657,0.4949351,0.4925057,
1,3,6.477,-0.2481754,0.03956057,-0.8849896,0.508425,-0.5039657,0.4949351,0.4925057,
1,3,6.479,-0.2481754,0.03956057,-0.8849896,0.508425,-0.5039657,0.4949351,0.4925057,
1,3,6.481,-0.2481754,0.03956057,-0.8849896,0.508425,-0.5039657,0.4949351,0.4925057,
1,3,6.483,-0.2481835,0.03957199,-0.8849974,0.5084152,-0.503978,0.4949473,0.492491,
1,3,6.485,-0.2481835,0.03957199,-0.8849974,0.5084152,-0.503978,0.4949473,0.492491,
1,3,6.487,-0.2481835,0.03957199,-0.8849974,0.5084152,-0.503978,0.4949473,0.492491,
1,3,6.489,-0.2481835,0.03957199,-0.8849974,0.5084152,-0.503978,0.4949473,0.492491,
1,3,6.491,-0.248174,0.03955725,-0.8849947,0.5084375,-0.5039927,0.4949082,0.4924921,
1,3,6.493,-0.248174,0.03955725,-0.8849947,0.5084375,-0.5039927,0.4949082,0.4924921,
1,3,6.495,-0.248174,0.03955725,-0.8849947,0.5084375,-0.5039927,0.4949082,0.4924921,
1,3,6.497,-0.248174,0.03955725,-0.8849947,0.5084375,-0.5039927,0.4949082,0.4924921,
1,3,6.499,-0.248174,0.03955725,-0.8849947,0.5084375,-0.5039927,0.4949082,0.4924921,
1,3,6.501,-0.2481712,0.03954939,-0.8849875,0.5084455,-0.5039848,0.4949143,0.4924859,
1,3,6.503,-0.2481712,0.03954939,-0.8849875,0.5084455,-0.5039848,0.4949143,0.4924859,
1,3,6.505,-0.2481712,0.03954939,-0.8849875,0.5084455,-0.5039848,0.4949143,0.4924859,
1,3,6.507,-0.2481712,0.03954939,-0.8849875,0.5084455,-0.5039848,0.4949143,0.4924859,
1,3,6.509,-0.2481754,0.03954675,-0.8849908,0.5084434,-0.5039634,0.4949444,0.4924797,
1,3,6.511,-0.2481754,0.03954675,-0.8849908,0.5084434,-0.5039634,0.4949444,0.4924797,
1,3,6.513,-0.2481754,0.03954675,-0.8849908,0.5084434,-0.5039634,0.4949444,0.4924797,
1,3,6.515,-0.2481754,0.03954675,-0.8849908,0.5084434,-0.5039634,0.4949444,0.4924797,
1,3,6.517,-0.2481703,0.03955329,-0.8849953,0.5084438,-0.5039543,0.4949583,0.4924749,
1,3,6.519,-0.2481703,0.03955329,-0.8849953,0.5084438,-0.5039543,0.4949583,0.4924749,
1,3,6.521,-0.2481703,0.03955329,-0.8849953,0.5084438,-0.5039543,0.4949583,0.4924749,
1,3,6.523,-0.2481703,0.03955329,-0.8849953,0.5084438,-0.5039543,0.4949583,0.4924749,
1,3,6.525,-0.2481621,0.0395524,-0.884987,0.508439,-0.5039506,0.4949529,0.492489,
1,3,6.527,-0.2481621,0.0395524,-0.884987,0.508439,-0.5039506,0.4949529,0.492489,
1,3,6.529,-0.2481621,0.0395524,-0.884987,0.508439,-0.5039506,0.4949529,0.492489,
1,3,6.531,-0.2481621,0.0395524,-0.884987,0.508439,-0.5039506,0.4949529,0.492489,
1,3,6.533,-0.2481658,0.03955327,-0.8849878,0.5084309,-0.5039693,0.4949349,0.4924961,
1,3,6.535,-0.2481658,0.03955327,-0.8849878,0.5084309,-0.5039693,0.4949349,0.4924961,
1,3,6.537,-0.2481658,0.03955327,-0.8849878,0.5084309,-0.5039693,0.4949349,0.4924961,
1,3,6.539,-0.2481658,0.03955327,-0.8849878,0.5084309,-0.5039693,0.4949349,0.4924961,
1,3,6.541,-0.2481649,0.03955322,-0.8849883,0.5084307,-0.5039756,0.4949253,0.4924994,
1,3,6.543,-0.2481649,0.03955322,-0.8849883,0.5084307,-0.5039756,0.4949253,0.4924994,
1,3,6.545,-0.2481649,0.03955322,-0.8849883,0.5084307,-0.5039756,0.4949253,0.4924994,
1,3,6.547,-0.2481649,0.03955322,-0.8849883,0.5084307,-0.5039756,0.4949253,0.4924994,
1,3,6.549,-0.2481649,0.03955322,-0.8849883,0.5084307,-0.5039756,0.4949253,0.4924994,
1,3,6.551,-0.248167,0.0395526,-0.8849955,0.508435,-0.5039687,0.4949374,0.4924901,
1,3,6.553,-0.248167,0.0395526,-0.8849955,0.508435,-0.5039687,0.4949374,0.4924901,
1,3,6.555,-0.248167,0.0395526,-0.8849955,0.508435,-0.5039687,0.4949374,0.4924901,
1,3,6.557,-0.248167,0.0395526,-0.8849955,0.508435,-0.5039687,0.4949374,0.4924901,
1,3,6.559,-0.2481676,0.03955562,-0.8849942,0.5084432,-0.5039414,0.4949632,0.4924836,
1,3,6.561,-0.2481676,0.03955562,-0.8849942,0.5084432,-0.5039414,0.4949632,0.4924836,
1,3,6.563,-0.2481676,0.03955562,-0.8849942,0.5084432,-0.5039414,0.4949632,0.4924836,
1,3,6.565,-0.2481676,0.03955562,-0.8849942,0.5084432,-0.5039414,0.4949632,0.4924836,
1,3,6.567,-0.2481674,0.03955456,-0.8849995,0.5084442,-0.503953,0.494957,0.4924769,
1,3,6.569,-0.2481674,0.03955456,-0.8849995,0.5084442,-0.503953,0.494957,0.4924769,
1,3,6.571,-0.2481674,0.03955456,-0.8849995,0.5084442,-0.503953,0.494957,0.4924769,
1,3,6.573,-0.2481674,0.03955456,-0.8849995,0.5084442,-0.503953,0.494957,0.4924769,
1,3,6.575,-0.2481691,0.03954994,-0.8850047,0.5084491,-0.5039691,0.494938,0.4924745,
1,3,6.577,-0.2481691,0.03954994,-0.8850047,0.5084491,-0.5039691,0.494938,0.4924745,
1,3,6.579,-0.2481691,0.03954994,-0.8850047,0.5084491,-0.5039691,0.494938,0.4924745,
1,3,6.581,-0.2481691,0.03954994,-0.8850047,0.5084491,-0.5039691,0.494938,0.4924745,
1,3,6.583,-0.2481634,0.03954969,-0.8850005,0.508453,-0.5039538,0.4949381,0.492486,
1,3,6.585,-0.2481634,0.03954969,-0.8850005,0.508453,-0.5039538,0.4949381,0.492486,
1,3,6.587,-0.2481634,0.03954969,-0.8850005,0.508453,-0.5039538,0.4949381,0.492486,
1,3,6.589,-0.2481634,0.03954969,-0.8850005,0.508453,-0.5039538,0.4949381,0.492486,
1,3,6.591,-0.2481618,0.03955404,-0.8849956,0.5084651,-0.5039446,0.4949419,0.4924792,
1,3,6.593,-0.2481618,0.03955404,-0.8849956,0.5084651,-0.5039446,0.4949419,0.4924792,
1,3,6.595,-0.2481618,0.03955404,-0.8849956,0.5084651,-0.5039446,0.4949419,0.4924792,
1,3,6.597,-0.2481618,0.03955404,-0.8849956,0.5084651,-0.5039446,0.4949419,0.4924792,
1,3,6.599,-0.2481618,0.03955404,-0.8849956,0.5084651,-0.5039446,0.4949419,0.4924792,
1,3,6.601,-0.2481603,0.03955832,-0.8849963,0.5084586,-0.5039468,0.4949383,0.4924872,
1,3,6.603,-0.2481603,0.03955832,-0.8849963,0.5084586,-0.5039468,0.4949383,0.4924872,
1,3,6.605,-0.2481603,0.03955832,-0.8849963,0.5084586,-0.5039468,0.4949383,0.4924872,
1,3,6.607,-0.2481603,0.03955832,-0.8849963,0.5084586,-0.5039468,0.4949383,0.4924872,
1,3,6.609,-0.2481736,0.03955439,-0.8850058,0.5084556,-0.5039741,0.4949255,0.492475,
1,3,6.611,-0.2481736,0.03955439,-0.8850058,0.5084556,-0.5039741,0.4949255,0.492475,
1,3,6.613,-0.2481736,0.03955439,-0.8850058,0.5084556,-0.5039741,0.4949255,0.492475,
1,3,6.615,-0.2481736,0.03955439,-0.8850058,0.5084556,-0.5039741,0.4949255,0.492475,
1,3,6.617,-0.248173,0.0395486,-0.8850034,0.5084661,-0.5039698,0.4949137,0.4924806,
1,3,6.619,-0.248173,0.0395486,-0.8850034,0.5084661,-0.5039698,0.4949137,0.4924806,
1,3,6.621,-0.248173,0.0395486,-0.8850034,0.5084661,-0.5039698,0.4949137,0.4924806,
1,3,6.623,-0.248173,0.0395486,-0.8850034,0.5084661,-0.5039698,0.4949137,0.4924806,
1,3,6.625,-0.2481623,0.03953602,-0.8850006,0.5084821,-0.5039801,0.4948924,0.4924749,
1,3,6.627,-0.2481623,0.03953602,-0.8850006,0.5084821,-0.5039801,0.4948924,0.4924749,
1,3,6.629,-0.2481623,0.03953602,-0.8850006,0.5084821,-0.5039801,0.4948924,0.4924749,
1,3,6.631,-0.2481623,0.03953602,-0.8850006,0.5084821,-0.5039801,0.4948924,0.4924749,
1,3,6.633,-0.2481713,0.03954487,-0.8850082,0.5084798,-0.5039861,0.494906,0.4924576,
1,3,6.635,-0.2481713,0.03954487,-0.8850082,0.5084798,-0.5039861,0.494906,0.4924576,
1,3,6.637,-0.2481713,0.03954487,-0.8850082,0.5084798,-0.5039861,0.494906,0.4924576,
1,3,6.639,-0.2481713,0.03954487,-0.8850082,0.5084798,-0.5039861,0.494906,0.4924576,
1,3,6.641,-0.2481563,0.03955159,-0.8850075,0.5084807,-0.5039657,0.4949175,0.4924661,
1,3,6.643,-0.2481563,0.03955159,-0.8850075,0.5084807,-0.5039657,0.4949175,0.4924661,
1,3,6.645,-0.2481563,0.03955159,-0.8850075,0.5084807,-0.5039657,0.4949175,0.4924661,
1,3,6.647,-0.2481563,0.03955159,-0.8850075,0.5084807,-0.5039657,0.4949175,0.4924661,
1,3,6.649,-0.2481563,0.03955159,-0.8850075,0.5084807,-0.5039657,0.4949175,0.4924661,
1,3,6.651,-0.2481457,0.03954186,-0.8850073,0.5084897,-0.5039539,0.4949146,0.4924716,
1,3,6.653,-0.2481457,0.03954186,-0.8850073,0.5084897,-0.5039539,0.4949146,0.4924716,
1,3,6.655,-0.2481457,0.03954186,-0.8850073,0.5084897,-0.5039539,0.4949146,0.4924716,
1,3,6.657,-0.2481457,0.03954186,-0.8850073,0.5084897,-0.5039539,0.4949146,0.4924716,
1,3,6.659,-0.2481649,0.03954271,-0.8850023,0.50849,-0.503969,0.4949179,0.4924526,
1,3,6.661,-0.2481649,0.03954271,-0.8850023,0.50849,-0.503969,0.4949179,0.4924526,
1,3,6.663,-0.2481649,0.03954271,-0.8850023,0.50849,-0.503969,0.4949179,0.4924526,
1,3,6.665,-0.2481649,0.03954271,-0.8850023,0.50849,-0.503969,0.4949179,0.4924526,
1,3,6.667,-0.2481564,0.03954747,-0.8850117,0.5084929,-0.5039827,0.4949038,0.4924496,
1,3,6.669,-0.2481564,0.03954747,-0.8850117,0.5084929,-0.5039827,0.4949038,0.4924496,
1,3,6.671,-0.2481564,0.03954747,-0.8850117,0.5084929,-0.5039827,0.4949038,0.4924496,
1,3,6.673,-0.2481564,0.03954747,-0.8850117,0.5084929,-0.5039827,0.4949038,0.4924496,
1,3,6.675,-0.248158,0.03955037,-0.8850072,0.5084981,-0.5039702,0.4949112,0.4924497,
1,3,6.677,-0.248158,0.03955037,-0.8850072,0.5084981,-0.5039702,0.4949112,0.4924497,
1,3,6.679,-0.248158,0.03955037,-0.8850072,0.5084981,-0.5039702,0.4949112,0.4924497,
1,3,6.681,-0.248158,0.03955037,-0.8850072,0.5084981,-0.5039702,0.4949112,0.4924497,
1,3,6.683,-0.2481571,0.03954984,-0.8850124,0.5084905,-0.5039809,0.4949234,0.4924342,
1,3,6.685,-0.2481571,0.03954984,-0.8850124,0.5084905,-0.5039809,0.4949234,0.4924342,
1,3,6.687,-0.2481571,0.03954984,-0.8850124,0.5084905,-0.5039809,0.4949234,0.4924342,
1,3,6.689,-0.2481571,0.03954984,-0.8850124,0.5084905,-0.5039809,0.4949234,0.4924342,
1,3,6.691,-0.2481641,0.03954985,-0.8850118,0.5084839,-0.503976,0.4949258,0.4924436,
1,3,6.693,-0.2481641,0.03954985,-0.8850118,0.5084839,-0.503976,0.4949258,0.4924436,
1,3,6.695,-0.2481641,0.03954985,-0.8850118,0.5084839,-0.503976,0.4949258,0.4924436,
1,3,6.697,-0.2481641,0.03954985,-0.8850118,0.5084839,-0.503976,0.4949258,0.4924436,
1,3,6.699,-0.2481641,0.03954985,-0.8850118,0.5084839,-0.503976,0.4949258,0.4924436,
1,3,6.701,-0.2481576,0.03956285,-0.8850143,0.508473,-0.5039783,0.494933,0.4924454,
1,3,6.703,-0.2481576,0.03956285,-0.8850143,0.508473,-0.5039783,0.494933,0.4924454,
1,3,6.705,-0.2481576,0.03956285,-0.8850143,0.508473,-0.5039783,0.494933,0.4924454,
1,3,6.707,-0.2481576,0.03956285,-0.8850143,0.508473,-0.5039783,0.494933,0.4924454,
1,3,6.709,-0.248146,0.03956202,-0.8850099,0.5084953,-0.503963,0.4949362,0.4924347,
1,3,6.711,-0.248146,0.03956202,-0.8850099,0.5084953,-0.503963,0.4949362,0.4924347,
1,3,6.713,-0.248146,0.03956202,-0.8850099,0.5084953,-0.503963,0.4949362,0.4924347,
1,3,6.715,-0.248146,0.03956202,-0.8850099,0.5084953,-0.503963,0.4949362,0.4924347,
1,3,6.717,-0.2481532,0.0395572,-0.8850113,0.5085012,-0.5039733,0.4949175,0.4924369,
1,3,6.719,-0.2481532,0.0395572,-0.8850113,0.5085012,-0.5039733,0.4949175,0.4924369,
1,3,6.721,-0.2481532,0.0395572,-0.8850113,0.5085012,-0.5039733,0.4949175,0.4924369,
1,3,6.723,-0.2481532,0.0395572,-0.8850113,0.5085012,-0.5039733,0.4949175,0.4924369,
1,3,6.725,-0.24817,0.03955642,-0.8850103,0.5084872,-0.5039873,0.4949196,0.4924348,
1,3,6.727,-0.24817,0.03955642,-0.8850103,0.5084872,-0.5039873,0.4949196,0.4924348,
1,3,6.729,-0.24817,0.03955642,-0.8850103,0.5084872,-0.5039873,0.4949196,0.4924348,
1,3,6.731,-0.24817,0.03955642,-0.8850103,0.5084872,-0.5039873,0.4949196,0.4924348,
1,3,6.733,-0.2481594,0.03955204,-0.8850038,0.5084984,-0.5039642,0.4949319,0.4924348,
1,3,6.735,-0.2481594,0.03955204,-0.8850038,0.5084984,-0.5039642,0.4949319,0.4924348,
1,3,6.737,-0.2481594,0.03955204,-0.8850038,0.5084984,-0.5039642,0.4949319,0.4924348,
1,3,6.739,-0.2481594,0.03955204,-0.8850038,0.5084984,-0.5039642,0.4949319,0.4924348,
1,3,6.741,-0.2481689,0.03954531,-0.885004,0.5084921,-0.5039847,0.4949204,0.4924318,
1,3,6.743,-0.2481689,0.03954531,-0.885004,0.5084921,-0.5039847,0.4949204,0.4924318,
1,3,6.745,-0.2481689,0.03954531,-0.885004,0.5084921,-0.5039847,0.4949204,0.4924318,
1,3,6.747,-0.2481689,0.03954531,-0.885004,0.5084921,-0.5039847,0.4949204,0.4924318,
1,3,6.749,-0.2481689,0.03954531,-0.885004,0.5084921,-0.5039847,0.4949204,0.4924318,
1,3,6.751,-0.2481657,0.03954545,-0.8850077,0.508492,-0.5039886,0.4949012,0.4924473,
1,3,6.753,-0.2481657,0.03954545,-0.8850077,0.508492,-0.5039886,0.4949012,0.4924473,
1,3,6.755,-0.2481657,0.03954545,-0.8850077,0.508492,-0.5039886,0.4949012,0.4924473,
1,3,6.757,-0.2481657,0.03954545,-0.8850077,0.508492,-0.5039886,0.4949012,0.4924473,
1,3,6.759,-0.248171,0.0395505,-0.8850008,0.5084889,-0.5039606,0.4949308,0.4924493,
1,3,6.761,-0.248171,0.0395505,-0.8850008,0.5084889,-0.5039606,0.4949308,0.4924493,
1,3,6.763,-0.248171,0.0395505,-0.8850008,0.5084889,-0.5039606,0.4949308,0.4924493,
1,3,6.765,-0.248171,0.0395505,-0.8850008,0.5084889,-0.5039606,0.4949308,0.4924493,
1,3,6.767,-0.2481632,0.03955137,-0.8849949,0.50849,-0.5039389,0.4949412,0.4924602,
1,3,6.769,-0.2481632,0.03955137,-0.8849949,0.50849,-0.5039389,0.4949412,0.4924602,
1,3,6.771,-0.2481632,0.03955137,-0.8849949,0.50849,-0.5039389,0.4949412,0.4924602,
1,3,6.773,-0.2481632,0.03955137,-0.8849949,0.50849,-0.5039389,0.4949412,0.4924602,
1,3,6.775,-0.2481586,0.03955171,-0.885001,0.5084888,-0.5039474,0.4949416,0.4924521,
1,3,6.777,-0.2481586,0.03955171,-0.885001,0.5084888,-0.5039474,0.4949416,0.4924521,
1,3,6.779,-0.2481586,0.03955171,-0.885001,0.5084888,-0.5039474,0.4949416,0.4924521,
1,3,6.781,-0.2481586,0.03955171,-0.885001,0.5084888,-0.5039474,0.4949416,0.4924521,
1,3,6.783,-0.248165,0.0395527,-0.885003,0.5084714,-0.5039724,0.4949208,0.4924654,
1,3,6.785,-0.248165,0.0395527,-0.885003,0.5084714,-0.5039724,0.4949208,0.4924654,
1,3,6.787,-0.248165,0.0395527,-0.885003,0.5084714,-0.5039724,0.4949208,0.4924654,
1,3,6.789,-0.248165,0.0395527,-0.885003,0.5084714,-0.5039724,0.4949208,0.4924654,
1,3,6.791,-0.2481601,0.03954717,-0.8849949,0.5084911,-0.5039611,0.4949292,0.4924481,
1,3,6.793,-0.2481601,0.03954717,-0.8849949,0.5084911,-0.5039611,0.4949292,0.4924481,
1,3,6.795,-0.2481601,0.03954717,-0.8849949,0.5084911,-0.5039611,0.4949292,0.4924481,
1,3,6.797,-0.2481601,0.03954717,-0.8849949,0.5084911,-0.5039611,0.4949292,0.4924481,
1,3,6.799,-0.2481601,0.03954717,-0.8849949,0.5084911,-0.5039611,0.4949292,0.4924481,
1,3,6.801,-0.2481509,0.03954775,-0.8850034,0.5084941,-0.5039686,0.4949142,0.4924525,
1,3,6.803,-0.2481509,0.03954775,-0.8850034,0.5084941,-0.5039686,0.4949142,0.4924525,
1,3,6.805,-0.2481509,0.03954775,-0.8850034,0.5084941,-0.5039686,0.4949142,0.4924525,
1,3,6.807,-0.2481509,0.03954775,-0.8850034,0.5084941,-0.5039686,0.4949142,0.4924525,
1,3,6.809,-0.248155,0.03955148,-0.8849948,0.5084773,-0.5039575,0.4949261,0.492469,
1,3,6.811,-0.248155,0.03955148,-0.8849948,0.5084773,-0.5039575,0.4949261,0.492469,
1,3,6.813,-0.248155,0.03955148,-0.8849948,0.5084773,-0.5039575,0.4949261,0.492469,
1,3,6.815,-0.248155,0.03955148,-0.8849948,0.5084773,-0.5039575,0.4949261,0.492469,
1,3,6.817,-0.2481614,0.03956253,-0.8849931,0.508471,-0.5039532,0.4949382,0.4924681,
1,3,6.819,-0.2481614,0.03956253,-0.8849931,0.508471,-0.5039532,0.4949382,0.4924681,
1,3,6.821,-0.2481614,0.03956253,-0.8849931,0.508471,-0.5039532,0.4949382,0.4924681,
1,3,6.823,-0.2481614,0.03956253,-0.8849931,0.508471,-0.5039532,0.4949382,0.4924681,
1,3,6.825,-0.2481666,0.03957283,-0.8849953,0.5084612,-0.5039586,0.4949296,0.4924813,
1,3,6.827,-0.2481666,0.03957283,-0.8849953,0.5084612,-0.5039586,0.4949296,0.4924813,
1,3,6.829,-0.2481666,0.03957283,-0.8849953,0.5084612,-0.5039586,0.4949296,0.4924813,
1,3,6.831,-0.2481666,0.03957283,-0.8849953,0.5084612,-0.5039586,0.4949296,0.4924813,
1,3,6.833,-0.2481699,0.03955444,-0.8849939,0.5084831,-0.5039776,0.4949051,0.4924637,
1,3,6.835,-0.2481699,0.03955444,-0.8849939,0.5084831,-0.5039776,0.4949051,0.4924637,
1,3,6.837,-0.2481699,0.03955444,-0.8849939,0.5084831,-0.5039776,0.4949051,0.4924637,
1,3,6.839,-0.2481699,0.03955444,-0.8849939,0.5084831,-0.5039776,0.4949051,0.4924637,
1,3,6.841,-0.2481646,0.03955703,-0.8849984,0.5084759,-0.5039656,0.4949185,0.4924701,
1,3,6.843,-0.2481646,0.03955703,-0.8849984,0.5084759,-0.5039656,0.4949185,0.4924701,
1,3,6.845,-0.2481646,0.03955703,-0.8849984,0.5084759,-0.5039656,0.4949185,0.4924701,
1,3,6.847,-0.2481646,0.03955703,-0.8849984,0.5084759,-0.5039656,0.4949185,0.4924701,
1,3,6.849,-0.2481646,0.03955703,-0.8849984,0.5084759,-0.5039656,0.4949185,0.4924701,
1,3,6.851,-0.2481767,0.03957189,-0.8849961,0.5084559,-0.50396,0.4949518,0.4924631,
1,3,6.853,-0.2481767,0.03957189,-0.8849961,0.5084559,-0.50396,0.4949518,0.4924631,
1,3,6.855,-0.2481767,0.03957189,-0.8849961,0.5084559,-0.50396,0.4949518,0.4924631,
1,3,6.857,-0.2481767,0.03957189,-0.8849961,0.5084559,-0.50396,0.4949518,0.4924631,
1,3,6.859,-0.2481748,0.03955397,-0.8850021,0.5084797,-0.5039582,0.4949355,0.4924567,
1,3,6.861,-0.2481748,0.03955397,-0.8850021,0.5084797,-0.5039582,0.4949355,0.4924567,
1,3,6.863,-0.2481748,0.03955397,-0.8850021,0.5084797,-0.5039582,0.4949355,0.4924567,
1,3,6.865,-0.2481748,0.03955397,-0.8850021,0.5084797,-0.5039582,0.4949355,0.4924567,
1,3,6.867,-0.248175,0.03955217,-0.8849989,0.5084786,-0.5039672,0.4949256,0.4924585,
1,3,6.869,-0.248175,0.03955217,-0.8849989,0.5084786,-0.5039672,0.4949256,0.4924585,
1,3,6.871,-0.248175,0.03955217,-0.8849989,0.5084786,-0.5039672,0.4949256,0.4924585,
1,3,6.873,-0.248175,0.03955217,-0.8849989,0.5084786,-0.5039672,0.4949256,0.4924585,
1,3,6.875,-0.2481765,0.03956198,-0.8849955,0.5084635,-0.5039572,0.4949473,0.4924624,
1,3,6.877,-0.2481765,0.03956198,-0.8849955,0.5084635,-0.5039572,0.4949473,0.4924624,
1,3,6.879,-0.2481765,0.03956198,-0.8849955,0.5084635,-0.5039572,0.4949473,0.4924624,
1,3,6.881,-0.2481765,0.03956198,-0.8849955,0.5084635,-0.5039572,0.4949473,0.4924624,
1,3,6.883,-0.2481736,0.03955515,-0.8849878,0.5084539,-0.5039713,0.4949287,0.4924765,
1,3,6.885,-0.2481736,0.03955515,-0.8849878,0.5084539,-0.5039713,0.4949287,0.4924765,
1,3,6.887,-0.2481736,0.03955515,-0.8849878,0.5084539,-0.5039713,0.4949287,0.4924765,
1,3,6.889,-0.2481736,0.03955515,-0.8849878,0.5084539,-0.5039713,0.4949287,0.4924765,
1,3,6.891,-0.2481668,0.03954481,-0.8849911,0.508463,-0.5039881,0.4949065,0.4924723,
1,3,6.893,-0.2481668,0.03954481,-0.8849911,0.508463,-0.5039881,0.4949065,0.4924723,
1,3,6.895,-0.2481668,0.03954481,-0.8849911,0.508463,-0.5039881,0.4949065,0.4924723,
1,3,6.897,-0.2481668,0.03954481,-0.8849911,0.508463,-0.5039881,0.4949065,0.4924723,
1,3,6.899,-0.2481668,0.03954481,-0.8849911,0.508463,-0.5039881,0.4949065,0.4924723,
1,3,6.901,-0.2481606,0.03954069,-0.8849992,0.5084898,-0.5039741,0.4948974,0.4924681,
1,3,6.903,-0.2481606,0.03954069,-0.8849992,0.5084898,-0.5039741,0.4948974,0.4924681,
1,3,6.905,-0.2481606,0.03954069,-0.8849992,0.5084898,-0.5039741,0.4948974,0.4924681,
1,3,6.907,-0.2481606,0.03954069,-0.8849992,0.5084898,-0.5039741,0.4948974,0.4924681,
1,3,6.909,-0.2481657,0.03956283,-0.8849994,0.5084609,-0.5039516,0.4949301,0.4924881,
1,3,6.911,-0.2481657,0.03956283,-0.8849994,0.5084609,-0.5039516,0.4949301,0.4924881,
1,3,6.913,-0.2481657,0.03956283,-0.8849994,0.5084609,-0.5039516,0.4949301,0.4924881,
1,3,6.915,-0.2481657,0.03956283,-0.8849994,0.5084609,-0.5039516,0.4949301,0.4924881,
1,3,6.917,-0.2481685,0.03957144,-0.8849984,0.5084497,-0.5039517,0.4949391,0.4924905,
1,3,6.919,-0.2481685,0.03957144,-0.8849984,0.5084497,-0.5039517,0.4949391,0.4924905,
1,3,6.921,-0.2481685,0.03957144,-0.8849984,0.5084497,-0.5039517,0.4949391,0.4924905,
1,3,6.923,-0.2481685,0.03957144,-0.8849984,0.5084497,-0.5039517,0.4949391,0.4924905,
1,3,6.925,-0.2481682,0.03956641,-0.8850019,0.508449,-0.50396,0.4949363,0.4924857,
1,3,6.927,-0.2481682,0.03956641,-0.8850019,0.508449,-0.50396,0.4949363,0.4924857,
1,3,6.929,-0.2481682,0.03956641,-0.8850019,0.508449,-0.50396,0.4949363,0.4924857,
1,3,6.931,-0.2481682,0.03956641,-0.8850019,0.508449,-0.50396,0.4949363,0.4924857,
1,3,6.933,-0.2481573,0.03955513,-0.884995,0.5084827,-0.5039532,0.4949129,0.4924814,
1,3,6.935,-0.2481573,0.03955513,-0.884995,0.5084827,-0.5039532,0.4949129,0.4924814,
1,3,6.937,-0.2481573,0.03955513,-0.884995,0.5084827,-0.5039532,0.4949129,0.4924814,
1,3,6.939,-0.2481573,0.03955513,-0.884995,0.5084827,-0.5039532,0.4949129,0.4924814,
1,3,6.941,-0.2481608,0.03955498,-0.8849979,0.5084774,-0.5039374,0.4949282,0.4924875,
1,3,6.943,-0.2481608,0.03955498,-0.8849979,0.5084774,-0.5039374,0.4949282,0.4924875,
1,3,6.945,-0.2481608,0.03955498,-0.8849979,0.5084774,-0.5039374,0.4949282,0.4924875,
1,3,6.947,-0.2481608,0.03955498,-0.8849979,0.5084774,-0.5039374,0.4949282,0.4924875,
1,3,6.949,-0.2481608,0.03955498,-0.8849979,0.5084774,-0.5039374,0.4949282,0.4924875,
1,3,6.951,-0.2481666,0.03954493,-0.8849987,0.5084659,-0.5039555,0.4948961,0.4925132,
1,3,6.953,-0.2481666,0.03954493,-0.8849987,0.5084659,-0.5039555,0.4948961,0.4925132,
1,3,6.955,-0.2481666,0.03954493,-0.8849987,0.5084659,-0.5039555,0.4948961,0.4925132,
1,3,6.957,-0.2481666,0.03954493,-0.8849987,0.5084659,-0.5039555,0.4948961,0.4925132,
1,3,6.959,-0.2481591,0.03956632,-0.8849908,0.5084682,-0.5039362,0.4949308,0.4924956,
1,3,6.961,-0.2481591,0.03956632,-0.8849908,0.5084682,-0.5039362,0.4949308,0.4924956,
1,3,6.963,-0.2481591,0.03956632,-0.8849908,0.5084682,-0.5039362,0.4949308,0.4924956,
1,3,6.965,-0.2481591,0.03956632,-0.8849908,0.5084682,-0.5039362,0.4949308,0.4924956,
1,3,6.967,-0.2481585,0.03957271,-0.8850031,0.5084775,-0.5039083,0.4949436,0.4925018,
1,3,6.969,-0.2481585,0.03957271,-0.8850031,0.5084775,-0.5039083,0.4949436,0.4925018,
1,3,6.971,-0.2481585,0.03957271,-0.8850031,0.5084775,-0.5039083,0.4949436,0.4925018,
1,3,6.973,-0.2481585,0.03957271,-0.8850031,0.5084775,-0.5039083,0.4949436,0.4925018,
1,3,6.975,-0.248167,0.03956192,-0.8849898,0.5084754,-0.5039229,0.4949575,0.492475,
1,3,6.977,-0.248167,0.03956192,-0.8849898,0.5084754,-0.5039229,0.4949575,0.492475,
1,3,6.979,-0.248167,0.03956192,-0.8849898,0.5084754,-0.5039229,0.4949575,0.492475,
1,3,6.981,-0.248167,0.03956192,-0.8849898,0.5084754,-0.5039229,0.4949575,0.492475,
1,3,6.983,-0.2481648,0.03955287,-0.8849915,0.5084738,-0.5039377,0.4949263,0.4924928,
1,3,6.985,-0.2481648,0.03955287,-0.8849915,0.5084738,-0.5039377,0.4949263,0.4924928,
1,3,6.987,-0.2481648,0.03955287,-0.8849915,0.5084738,-0.5039377,0.4949263,0.4924928,
1,3,6.989,-0.2481648,0.03955287,-0.8849915,0.5084738,-0.5039377,0.4949263,0.4924928,
1,3,6.991,-0.2481631,0.03954549,-0.8849949,0.5084769,-0.5039641,0.4948983,0.4924909,
1,3,6.993,-0.2481631,0.03954549,-0.8849949,0.5084769,-0.5039641,0.4948983,0.4924909,
1,3,6.995,-0.2481631,0.03954549,-0.8849949,0.5084769,-0.5039641,0.4948983,0.4924909,
1,3,6.997,-0.2481631,0.03954549,-0.8849949,0.5084769,-0.5039641,0.4948983,0.4924909,
1,3,6.999,-0.2481631,0.03954549,-0.8849949,0.5084769,-0.5039641,0.4948983,0.4924909,
1,3,7.001,-0.2481761,0.0395591,-0.8849934,0.5084498,-0.5039576,0.4949294,0.4924942,
1,3,7.003,-0.2481761,0.0395591,-0.8849934,0.5084498,-0.5039576,0.4949294,0.4924942,
1,3,7.005,-0.2481761,0.0395591,-0.8849934,0.5084498,-0.5039576,0.4949294,0.4924942,
1,3,7.007,-0.2481761,0.0395591,-0.8849934,0.5084498,-0.5039576,0.4949294,0.4924942,
1,3,7.009,-0.2481661,0.03956387,-0.8849964,0.5084546,-0.5039443,0.4949418,0.4924904,
1,3,7.011,-0.2481661,0.03956387,-0.8849964,0.5084546,-0.5039443,0.4949418,0.4924904,
1,3,7.013,-0.2481661,0.03956387,-0.8849964,0.5084546,-0.5039443,0.4949418,0.4924904,
1,3,7.015,-0.2481661,0.03956387,-0.8849964,0.5084546,-0.5039443,0.4949418,0.4924904,
1,3,7.017,-0.2481643,0.03955419,-0.884989,0.5084698,-0.5039388,0.494936,0.492486,
1,3,7.019,-0.2481643,0.03955419,-0.884989,0.5084698,-0.5039388,0.494936,0.492486,
1,3,7.021,-0.2481643,0.03955419,-0.884989,0.5084698,-0.5039388,0.494936,0.492486,
1,3,7.023,-0.2481643,0.03955419,-0.884989,0.5084698,-0.5039388,0.494936,0.492486,
1,3,7.025,-0.2481637,0.0395578,-0.8849902,0.5084655,-0.5039383,0.4949313,0.4924959,
1,3,7.027,-0.2481637,0.0395578,-0.8849902,0.5084655,-0.5039383,0.4949313,0.4924959,
1,3,7.029,-0.2481637,0.0395578,-0.8849902,0.5084655,-0.5039383,0.4949313,0.4924959,
1,3,7.031,-0.2481637,0.0395578,-0.8849902,0.5084655,-0.5039383,0.4949313,0.4924959,
1,3,7.033,-0.2481738,0.03956056,-0.8849829,0.5084624,-0.5039504,0.4949357,0.4924824,
1,3,7.035,-0.2481738,0.03956056,-0.8849829,0.5084624,-0.5039504,0.4949357,0.4924824,
1,3,7.037,-0.2481738,0.03956056,-0.8849829,0.5084624,-0.5039504,0.4949357,0.4924824,
1,3,7.039,-0.2481738,0.03956056,-0.8849829,0.5084624,-0.5039504,0.4949357,0.4924824,
1,3,7.041,-0.2481671,0.03955005,-0.8849776,0.5084769,-0.5039402,0.4949401,0.4924733,
1,3,7.043,-0.2481671,0.03955005,-0.8849776,0.5084769,-0.5039402,0.4949401,0.4924733,
1,3,7.045,-0.2481671,0.03955005,-0.8849776,0.5084769,-0.5039402,0.4949401,0.4924733,
1,3,7.047,-0.2481671,0.03955005,-0.8849776,0.5084769,-0.5039402,0.4949401,0.4924733,
1,3,7.049,-0.2481671,0.03955005,-0.8849776,0.5084769,-0.5039402,0.4949401,0.4924733,
1,3,7.051,-0.2481605,0.03955406,-0.8849838,0.5084631,-0.5039409,0.4949369,0.4924899,
1,3,7.053,-0.2481605,0.03955406,-0.8849838,0.5084631,-0.5039409,0.4949369,0.4924899,
1,3,7.055,-0.2481605,0.03955406,-0.8849838,0.5084631,-0.5039409,0.4949369,0.4924899,
1,3,7.057,-0.2481605,0.03955406,-0.8849838,0.5084631,-0.5039409,0.4949369,0.4924899,
1,3,7.059,-0.2481745,0.03955901,-0.8849905,0.508456,-0.5039371,0.4949514,0.4924866,
1,3,7.061,-0.2481745,0.03955901,-0.8849905,0.508456,-0.5039371,0.4949514,0.4924866,
1,3,7.063,-0.2481745,0.03955901,-0.8849905,0.508456,-0.5039371,0.4949514,0.4924866,
1,3,7.065,-0.2481745,0.03955901,-0.8849905,0.508456,-0.5039371,0.4949514,0.4924866,
1,3,7.067,-0.248177,0.03955588,-0.8849833,0.5084623,-0.5039277,0.4949608,0.4924802,
1,3,7.069,-0.248177,0.03955588,-0.8849833,0.5084623,-0.5039277,0.4949608,0.4924802,
1,3,7.071,-0.248177,0.03955588,-0.8849833,0.5084623,-0.5039277,0.4949608,0.4924802,
1,3,7.073,-0.248177,0.03955588,-0.8849833,0.5084623,-0.5039277,0.4949608,0.4924802,
1,3,7.075,-0.2481739,0.03955744,-0.8849848,0.5084742,-0.5039454,0.4949408,0.4924701,
1,3,7.077,-0.2481739,0.03955744,-0.8849848,0.5084742,-0.5039454,0.4949408,0.4924701,
1,3,7.079,-0.2481739,0.03955744,-0.8849848,0.5084742,-0.5039454,0.4949408,0.4924701,
1,3,7.081,-0.2481739,0.03955744,-0.8849848,0.5084742,-0.5039454,0.4949408,0.4924701,
1,3,7.083,-0.2481696,0.03955808,-0.8849778,0.5084663,-0.5039391,0.4949462,0.4924792,
1,3,7.085,-0.2481696,0.03955808,-0.8849778,0.5084663,-0.5039391,0.4949462,0.4924792,
1,3,7.087,-0.2481696,0.03955808,-0.8849778,0.5084663,-0.5039391,0.4949462,0.4924792,
1,3,7.089,-0.2481696,0.03955808,-0.8849778,0.5084663,-0.5039391,0.4949462,0.4924792,
1,3,7.091,-0.2481657,0.03955502,-0.8849843,0.5084695,-0.5039546,0.4949194,0.492487,
1,3,7.093,-0.2481657,0.03955502,-0.8849843,0.5084695,-0.5039546,0.4949194,0.492487,
1,3,7.095,-0.2481657,0.03955502,-0.8849843,0.5084695,-0.5039546,0.4949194,0.492487,
1,3,7.097,-0.2481657,0.03955502,-0.8849843,0.5084695,-0.5039546,0.4949194,0.492487,
1,3,7.099,-0.2481657,0.03955502,-0.8849843,0.5084695,-0.5039546,0.4949194,0.492487,
1,3,7.101,-0.2481681,0.03956301,-0.8849858,0.5084662,-0.5039443,0.4949435,0.4924766,
1,3,7.103,-0.2481681,0.03956301,-0.8849858,0.5084662,-0.5039443,0.4949435,0.4924766,
1,3,7.105,-0.2481681,0.03956301,-0.8849858,0.5084662,-0.5039443,0.4949435,0.4924766,
1,3,7.107,-0.2481681,0.03956301,-0.8849858,0.5084662,-0.5039443,0.4949435,0.4924766,
1,3,7.109,-0.2481785,0.03958307,-0.8849834,0.5084392,-0.5039288,0.49498,0.4924836,
1,3,7.111,-0.2481785,0.03958307,-0.8849834,0.5084392,-0.5039288,0.49498,0.4924836,
1,3,7.113,-0.2481785,0.03958307,-0.8849834,0.5084392,-0.5039288,0.49498,0.4924836,
1,3,7.115,-0.2481785,0.03958307,-0.8849834,0.5084392,-0.5039288,0.49498,0.4924836,
1,3,7.117,-0.2481602,0.03956021,-0.8849744,0.5084649,-0.5039344,0.4949541,0.4924774,
1,3,7.119,-0.2481602,0.03956021,-0.8849744,0.5084649,-0.5039344,0.4949541,0.4924774,
1,3,7.121,-0.2481602,0.03956021,-0.8849744,0.5084649,-0.5039344,0.4949541,0.4924774,
1,3,7.123,-0.2481602,0.03956021,-0.8849744,0.5084649,-0.5039344,0.4949541,0.4924774,
1,3,7.125,-0.2481609,0.03956282,-0.8849751,0.5084674,-0.5039385,0.4949613,0.4924635,
1,3,7.127,-0.2481609,0.03956282,-0.8849751,0.5084674,-0.5039385,0.4949613,0.4924635,
1,3,7.129,-0.2481609,0.03956282,-0.8849751,0.5084674,-0.5039385,0.4949613,0.4924635,
1,3,7.131,-0.2481609,0.03956282,-0.8849751,0.5084674,-0.5039385,0.4949613,0.4924635,
1,3,7.133,-0.2481668,0.03956521,-0.8849806,0.5084692,-0.5039425,0.4949549,0.492464,
1,3,7.135,-0.2481668,0.03956521,-0.8849806,0.5084692,-0.5039425,0.4949549,0.492464,
1,3,7.137,-0.2481668,0.03956521,-0.8849806,0.5084692,-0.5039425,0.4949549,0.492464,
1,3,7.139,-0.2481668,0.03956521,-0.8849806,0.5084692,-0.5039425,0.4949549,0.492464,
1,3,7.141,-0.2481668,0.03956742,-0.8849788,0.508461,-0.5039598,0.4949514,0.4924581,
1,3,7.143,-0.2481668,0.03956742,-0.8849788,0.508461,-0.5039598,0.4949514,0.4924581,
1,3,7.145,-0.2481668,0.03956742,-0.8849788,0.508461,-0.5039598,0.4949514,0.4924581,
1,3,7.147,-0.2481668,0.03956742,-0.8849788,0.508461,-0.5039598,0.4949514,0.4924581,
1,3,7.149,-0.2481668,0.03956742,-0.8849788,0.508461,-0.5039598,0.4949514,0.4924581,
1,3,7.151,-0.2481666,0.03956899,-0.8849831,0.5084636,-0.5039534,0.4949574,0.4924561,
1,3,7.153,-0.2481666,0.03956899,-0.8849831,0.5084636,-0.5039534,0.4949574,0.4924561,
1,3,7.155,-0.2481666,0.03956899,-0.8849831,0.5084636,-0.5039534,0.4949574,0.4924561,
1,3,7.157,-0.2481666,0.03956899,-0.8849831,0.5084636,-0.5039534,0.4949574,0.4924561,
1,3,7.159,-0.2481785,0.0395685,-0.8849875,0.5084592,-0.503959,0.4949463,0.4924661,
1,3,7.161,-0.2481785,0.0395685,-0.8849875,0.5084592,-0.503959,0.4949463,0.4924661,
1,3,7.163,-0.2481785,0.0395685,-0.8849875,0.5084592,-0.503959,0.4949463,0.4924661,
1,3,7.165,-0.2481785,0.0395685,-0.8849875,0.5084592,-0.503959,0.4949463,0.4924661,
1,3,7.167,-0.2481704,0.03956315,-0.8849814,0.5084624,-0.5039603,0.4949352,0.4924725,
1,3,7.169,-0.2481704,0.03956315,-0.8849814,0.5084624,-0.5039603,0.4949352,0.4924725,
1,3,7.171,-0.2481704,0.03956315,-0.8849814,0.5084624,-0.5039603,0.4949352,0.4924725,
1,3,7.173,-0.2481704,0.03956315,-0.8849814,0.5084624,-0.5039603,0.4949352,0.4924725,
1,3,7.175,-0.24817,0.03956235,-0.884986,0.5084696,-0.5039582,0.4949403,0.4924622,
1,3,7.177,-0.24817,0.03956235,-0.884986,0.5084696,-0.5039582,0.4949403,0.4924622,
1,3,7.179,-0.24817,0.03956235,-0.884986,0.5084696,-0.5039582,0.4949403,0.4924622,
1,3,7.181,-0.24817,0.03956235,-0.884986,0.5084696,-0.5039582,0.4949403,0.4924622,CourtEnter
1,3,7.183,-0.2481623,0.03955524,-0.8849933,0.5084746,-0.5039495,0.4949261,0.4924802,
1,3,7.185,-0.2481623,0.03955524,-0.8849933,0.5084746,-0.5039495,0.4949261,0.4924802,
1,3,7.187,-0.2481623,0.03955524,-0.8849933,0.5084746,-0.5039495,0.4949261,0.4924802,
1,3,7.189,-0.2481623,0.03955524,-0.8849933,0.5084746,-0.5039495,0.4949261,0.4924802,CourtExit
1,3,7.191,-0.2481656,0.03955805,-0.8849899,0.5084717,-0.5039412,0.4949393,0.4924784,
1,3,7.193,-0.2481656,0.03955805,-0.8849899,0.5084717,-0.5039412,0.4949393,0.4924784,
1,3,7.195,-0.2481656,0.03955805,-0.8849899,0.5084717,-0.5039412,0.4949393,0.4924784,
1,3,7.197,-0.2481656,0.03955805,-0.8849899,0.5084717,-0.5039412,0.4949393,0.4924784,
1,3,7.199,-0.2481656,0.03955805,-0.8849899,0.5084717,-0.5039412,0.4949393,0.4924784,
1,3,7.201,-0.248175,0.03957458,-0.8849888,0.5084319,-0.5039204,0.4949822,0.4924977,
1,3,7.203,-0.248175,0.03957458,-0.8849888,0.5084319,-0.5039204,0.4949822,0.4924977,
1,3,7.205,-0.248175,0.03957458,-0.8849888,0.5084319,-0.5039204,0.4949822,0.4924977,
1,3,7.207,-0.248175,0.03957458,-0.8849888,0.5084319,-0.5039204,0.4949822,0.4924977,
1,3,7.209,-0.2481812,0.0395749,-0.8849878,0.5084423,-0.5039215,0.4949892,0.4924787,
1,3,7.211,-0.2481812,0.0395749,-0.8849878,0.5084423,-0.5039215,0.4949892,0.4924787,
1,3,7.213,-0.2481812,0.0395749,-0.8849878,0.5084423,-0.5039215,0.4949892,0.4924787,
1,3,7.215,-0.2481812,0.0395749,-0.8849878,0.5084423,-0.5039215,0.4949892,0.4924787,
1,3,7.217,-0.2481772,0.03954965,-0.8849974,0.5084696,-0.5039405,0.4949496,0.4924709,
1,3,7.219,-0.2481772,0.03954965,-0.8849974,0.5084696,-0.5039405,0.4949496,0.4924709,
1,3,7.221,-0.2481772,0.03954965,-0.8849974,0.5084696,-0.5039405,0.4949496,0.4924709,
1,3,7.223,-0.2481772,0.03954965,-0.8849974,0.5084696,-0.5039405,0.4949496,0.4924709,
1,3,7.225,-0.2481702,0.03955489,-0.8849915,0.5084584,-0.5039361,0.494954,0.4924825,
1,3,7.227,-0.2481702,0.03955489,-0.8849915,0.5084584,-0.5039361,0.494954,0.4924825,
1,3,7.229,-0.2481702,0.03955489,-0.8849915,0.5084584,-0.5039361,0.494954,0.4924825,
1,3,7.231,-0.2481702,0.03955489,-0.8849915,0.5084584,-0.5039361,0.494954,0.4924825,
1,3,7.233,-0.2481714,0.03955651,-0.8849911,0.5084461,-0.5039558,0.4949548,0.4924744,
1,3,7.235,-0.2481714,0.03955651,-0.8849911,0.5084461,-0.5039558,0.4949548,0.4924744,
1,3,7.237,-0.2481714,0.03955651,-0.8849911,0.5084461,-0.5039558,0.4949548,0.4924744,
1,3,7.239,-0.2481714,0.03955651,-0.8849911,0.5084461,-0.5039558,0.4949548,0.4924744,
1,3,7.241,-0.2481728,0.03955998,-0.8849862,0.5084521,-0.5039418,0.4949786,0.4924584,
1,3,7.243,-0.2481728,0.03955998,-0.8849862,0.5084521,-0.5039418,0.4949786,0.4924584,
1,3,7.245,-0.2481728,0.03955998,-0.8849862,0.5084521,-0.5039418,0.4949786,0.4924584,
1,3,7.247,-0.2481728,0.03955998,-0.8849862,0.5084521,-0.5039418,0.4949786,0.4924584,
1,3,7.249,-0.2481728,0.03955998,-0.8849862,0.5084521,-0.5039418,0.4949786,0.4924584,
1,3,7.251,-0.2481729,0.03956963,-0.8849924,0.5084472,-0.5039243,0.4949667,0.4924934,
1,3,7.253,-0.2481729,0.03956963,-0.8849924,0.5084472,-0.5039243,0.4949667,0.4924934,
1,3,7.255,-0.2481729,0.03956963,-0.8849924,0.5084472,-0.5039243,0.4949667,0.4924934,
1,3,7.257,-0.2481729,0.03956963,-0.8849924,0.5084472,-0.5039243,0.4949667,0.4924934,
1,3,7.259,-0.2481663,0.03955825,-0.8849922,0.5084566,-0.503951,0.4949317,0.4924916,
1,3,7.261,-0.2481663,0.03955825,-0.8849922,0.5084566,-0.503951,0.4949317,0.4924916,
1,3,7.263,-0.2481663,0.03955825,-0.8849922,0.5084566,-0.503951,0.4949317,0.4924916,
1,3,7.265,-0.2481663,0.03955825,-0.8849922,0.5084566,-0.503951,0.4949317,0.4924916,
1,3,7.267,-0.2481758,0.03956263,-0.8849952,0.5084284,-0.5039722,0.4949205,0.4925103,
1,3,7.269,-0.2481758,0.03956263,-0.8849952,0.5084284,-0.5039722,0.4949205,0.4925103,
1,3,7.271,-0.2481758,0.03956263,-0.8849952,0.5084284,-0.5039722,0.4949205,0.4925103,
1,3,7.273,-0.2481758,0.03956263,-0.8849952,0.5084284,-0.5039722,0.4949205,0.4925103,
1,3,7.275,-0.2481721,0.03956494,-0.8849942,0.5084268,-0.5039577,0.4949395,0.4925077,
1,3,7.277,-0.2481721,0.03956494,-0.8849942,0.5084268,-0.5039577,0.4949395,0.4925077,
1,3,7.279,-0.2481721,0.03956494,-0.8849942,0.5084268,-0.5039577,0.4949395,0.4925077,
1,3,7.281,-0.2481721,0.03956494,-0.8849942,0.5084268,-0.5039577,0.4949395,0.4925077,
1,3,7.283,-0.2481814,0.03956254,-0.8850017,0.5084401,-0.5039663,0.4949304,0.4924943,
1,3,7.285,-0.2481814,0.03956254,-0.8850017,0.5084401,-0.5039663,0.4949304,0.4924943,
1,3,7.287,-0.2481814,0.03956254,-0.8850017,0.5084401,-0.5039663,0.4949304,0.4924943,
1,3,7.289,-0.2481814,0.03956254,-0.8850017,0.5084401,-0.5039663,0.4949304,0.4924943,
1,3,7.291,-0.2481749,0.03956087,-0.8849878,0.508444,-0.5039377,0.4949543,0.4924955,
1,3,7.293,-0.2481749,0.03956087,-0.8849878,0.508444,-0.5039377,0.4949543,0.4924955,
1,3,7.295,-0.2481749,0.03956087,-0.8849878,0.508444,-0.5039377,0.4949543,0.4924955,
1,3,7.297,-0.2481749,0.03956087,-0.8849878,0.508444,-0.5039377,0.4949543,0.4924955,
1,3,7.299,-0.2481749,0.03956087,-0.8849878,0.508444,-0.5039377,0.4949543,0.4924955,
1,3,7.301,-0.2481772,0.03954881,-0.8849996,0.508438,-0.5039813,0.4949108,0.4925008,
1,3,7.303,-0.2481772,0.03954881,-0.8849996,0.508438,-0.5039813,0.4949108,0.4925008,
1,3,7.305,-0.2481772,0.03954881,-0.8849996,0.508438,-0.5039813,0.4949108,0.4925008,
1,3,7.307,-0.2481772,0.03954881,-0.8849996,0.508438,-0.5039813,0.4949108,0.4925008,
1,3,7.309,-0.2481791,0.03954952,-0.8849995,0.5084295,-0.5039842,0.4949182,0.4924991,
1,3,7.311,-0.2481791,0.03954952,-0.8849995,0.5084295,-0.5039842,0.4949182,0.4924991,
1,3,7.313,-0.2481791,0.03954952,-0.8849995,0.5084295,-0.5039842,0.4949182,0.4924991,
1,3,7.315,-0.2481791,0.03954952,-0.8849995,0.5084295,-0.5039842,0.4949182,0.4924991,
1,3,7.317,-0.2481791,0.03956417,-0.8849923,0.5084391,-0.5039443,0.4949509,0.4924973,
1,3,7.319,-0.2481791,0.03956417,-0.8849923,0.5084391,-0.5039443,0.4949509,0.4924973,
1,3,7.321,-0.2481791,0.03956417,-0.8849923,0.5084391,-0.5039443,0.4949509,0.4924973,
1,3,7.323,-0.2481791,0.03956417,-0.8849923,0.5084391,-0.5039443,0.4949509,0.4924973,
1,3,7.325,-0.2481777,0.03955882,-0.8849875,0.5084593,-0.5039337,0.4949593,0.4924788,
1,3,7.327,-0.2481777,0.03955882,-0.8849875,0.5084593,-0.5039337,0.4949593,0.4924788,
1,3,7.329,-0.2481777,0.03955882,-0.8849875,0.5084593,-0.5039337,0.4949593,0.4924788,
1,3,7.331,-0.2481777,0.03955882,-0.8849875,0.5084593,-0.5039337,0.4949593,0.4924788,
1,3,7.333,-0.2481743,0.03956182,-0.8849923,0.5084394,-0.5039425,0.4949472,0.4925024,
1,3,7.335,-0.2481743,0.03956182,-0.8849923,0.5084394,-0.5039425,0.4949472,0.4925024,
1,3,7.337,-0.2481743,0.03956182,-0.8849923,0.5084394,-0.5039425,0.4949472,0.4925024,
1,3,7.339,-0.2481743,0.03956182,-0.8849923,0.5084394,-0.5039425,0.4949472,0.4925024,
1,3,7.341,-0.2481786,0.03955831,-0.884993,0.5084442,-0.5039299,0.4949618,0.4924956,
1,3,7.343,-0.2481786,0.03955831,-0.884993,0.5084442,-0.5039299,0.4949618,0.4924956,
1,3,7.345,-0.2481786,0.03955831,-0.884993,0.5084442,-0.5039299,0.4949618,0.4924956,
1,3,7.347,-0.2481786,0.03955831,-0.884993,0.5084442,-0.5039299,0.4949618,0.4924956,
1,3,7.349,-0.2481786,0.03955831,-0.884993,0.5084442,-0.5039299,0.4949618,0.4924956,
1,3,7.351,-0.2481804,0.0395617,-0.8849984,0.5084466,-0.5039449,0.494935,0.4925049,
1,3,7.353,-0.2481804,0.0395617,-0.8849984,0.5084466,-0.5039449,0.494935,0.4925049,
1,3,7.355,-0.2481804,0.0395617,-0.8849984,0.5084466,-0.5039449,0.494935,0.4925049,
1,3,7.357,-0.2481804,0.0395617,-0.8849984,0.5084466,-0.5039449,0.494935,0.4925049,
1,3,7.359,-0.2481834,0.03955891,-0.8849915,0.5084307,-0.5039618,0.4949389,0.4924999,
1,3,7.361,-0.2481834,0.03955891,-0.8849915,0.5084307,-0.5039618,0.4949389,0.4924999,
1,3,7.363,-0.2481834,0.03955891,-0.8849915,0.5084307,-0.5039618,0.4949389,0.4924999,
1,3,7.365,-0.2481834,0.03955891,-0.8849915,0.5084307,-0.5039618,0.4949389,0.4924999,
1,3,7.367,-0.2481813,0.03955214,-0.8849937,0.5084416,-0.5039556,0.4949429,0.4924911,
1,3,7.369,-0.2481813,0.03955214,-0.8849937,0.5084416,-0.5039556,0.4949429,0.4924911,
1,3,7.371,-0.2481813,0.03955214,-0.8849937,0.5084416,-0.5039556,0.4949429,0.4924911,
1,3,7.373,-0.2481813,0.03955214,-0.8849937,0.5084416,-0.5039556,0.4949429,0.4924911,
1,3,7.375,-0.2481777,0.0395525,-0.8849825,0.5084449,-0.5039462,0.4949579,0.4924822,
1,3,7.377,-0.2481777,0.0395525,-0.8849825,0.5084449,-0.5039462,0.4949579,0.4924822,
1,3,7.379,-0.2481777,0.0395525,-0.8849825,0.5084449,-0.5039462,0.4949579,0.4924822,
1,3,7.381,-0.2481777,0.0395525,-0.8849825,0.5084449,-0.5039462,0.4949579,0.4924822,
1,3,7.383,-0.2481821,0.03955155,-0.8849922,0.5084461,-0.5039519,0.4949516,0.4924816,
1,3,7.385,-0.2481821,0.03955155,-0.8849922,0.5084461,-0.5039519,0.4949516,0.4924816,
1,3,7.387,-0.2481821,0.03955155,-0.8849922,0.5084461,-0.5039519,0.4949516,0.4924816,
1,3,7.389,-0.2481821,0.03955155,-0.8849922,0.5084461,-0.5039519,0.4949516,0.4924816,
1,3,7.391,-0.2481925,0.03957145,-0.8849829,0.5084331,-0.5039471,0.4949622,0.492489,
1,3,7.393,-0.2481925,0.03957145,-0.8849829,0.5084331,-0.5039471,0.4949622,0.492489,
1,3,7.395,-0.2481925,0.03957145,-0.8849829,0.5084331,-0.5039471,0.4949622,0.492489,
1,3,7.397,-0.2481925,0.03957145,-0.8849829,0.5084331,-0.5039471,0.4949622,0.492489,
1,3,7.399,-0.2481925,0.03957145,-0.8849829,0.5084331,-0.5039471,0.4949622,0.492489,
1,3,7.401,-0.2481909,0.03956882,-0.8849869,0.5084303,-0.5039279,0.4949854,0.4924884,
1,3,7.403,-0.2481909,0.03956882,-0.8849869,0.5084303,-0.5039279,0.4949854,0.4924884,
1,3,7.405,-0.2481909,0.03956882,-0.8849869,0.5084303,-0.5039279,0.4949854,0.4924884,
1,3,7.407,-0.2481909,0.03956882,-0.8849869,0.5084303,-0.5039279,0.4949854,0.4924884,
1,3,7.409,-0.248185,0.03956547,-0.8849936,0.5084451,-0.5039256,0.494974,0.4924871,
1,3,7.411,-0.248185,0.03956547,-0.8849936,0.5084451,-0.5039256,0.494974,0.4924871,
1,3,7.413,-0.248185,0.03956547,-0.8849936,0.5084451,-0.5039256,0.494974,0.4924871,
1,3,7.415,-0.248185,0.03956547,-0.8849936,0.5084451,-0.5039256,0.494974,0.4924871,
1,3,7.417,-0.2481835,0.03955563,-0.8849922,0.5084461,-0.5039489,0.4949498,0.4924864,
1,3,7.419,-0.2481835,0.03955563,-0.8849922,0.5084461,-0.5039489,0.4949498,0.4924864,
1,3,7.421,-0.2481835,0.03955563,-0.8849922,0.5084461,-0.5039489,0.4949498,0.4924864,
1,3,7.423,-0.2481835,0.03955563,-0.8849922,0.5084461,-0.5039489,0.4949498,0.4924864,
1,3,7.425,-0.2481958,0.03955196,-0.884989,0.5084312,-0.503977,0.4949272,0.4924957,
1,3,7.427,-0.2481958,0.03955196,-0.884989,0.5084312,-0.503977,0.4949272,0.4924957,
1,3,7.429,-0.2481958,0.03955196,-0.884989,0.5084312,-0.503977,0.4949272,0.4924957,
1,3,7.431,-0.2481958,0.03955196,-0.884989,0.5084312,-0.503977,0.4949272,0.4924957,
1,3,7.433,-0.2481938,0.03956188,-0.8849908,0.5084307,-0.5039487,0.4949501,0.4925022,
1,3,7.435,-0.2481938,0.03956188,-0.8849908,0.5084307,-0.5039487,0.4949501,0.4925022,
1,3,7.437,-0.2481938,0.03956188,-0.8849908,0.5084307,-0.5039487,0.4949501,0.4925022,
1,3,7.439,-0.2481938,0.03956188,-0.8849908,0.5084307,-0.5039487,0.4949501,0.4925022,
1,3,7.441,-0.2481904,0.03955358,-0.8849908,0.508433,-0.5039371,0.4949634,0.4924982,
1,3,7.443,-0.2481904,0.03955358,-0.8849908,0.508433,-0.5039371,0.4949634,0.4924982,
1,3,7.445,-0.2481904,0.03955358,-0.8849908,0.508433,-0.5039371,0.4949634,0.4924982,
1,3,7.447,-0.2481904,0.03955358,-0.8849908,0.508433,-0.5039371,0.4949634,0.4924982,
1,3,7.449,-0.2481904,0.03955358,-0.8849908,0.508433,-0.5039371,0.4949634,0.4924982,
1,3,7.451,-0.2481854,0.03956956,-0.8849846,0.5084361,-0.5039377,0.4949524,0.4925054,
1,3,7.453,-0.2481854,0.03956956,-0.8849846,0.5084361,-0.5039377,0.4949524,0.4925054,
1,3,7.455,-0.2481854,0.03956956,-0.8849846,0.5084361,-0.5039377,0.4949524,0.4925054,
1,3,7.457,-0.2481854,0.03956956,-0.8849846,0.5084361,-0.5039377,0.4949524,0.4925054,
1,3,7.459,-0.2481855,0.03956104,-0.8849829,0.5084397,-0.5039575,0.4949336,0.4925004,
1,3,7.461,-0.2481855,0.03956104,-0.8849829,0.5084397,-0.5039575,0.4949336,0.4925004,
1,3,7.463,-0.2481855,0.03956104,-0.8849829,0.5084397,-0.5039575,0.4949336,0.4925004,
1,3,7.465,-0.2481855,0.03956104,-0.8849829,0.5084397,-0.5039575,0.4949336,0.4925004,
1,3,7.467,-0.2481785,0.03956331,-0.884991,0.5084376,-0.5039423,0.4949487,0.4925029,
1,3,7.469,-0.2481785,0.03956331,-0.884991,0.5084376,-0.5039423,0.4949487,0.4925029,
1,3,7.471,-0.2481785,0.03956331,-0.884991,0.5084376,-0.5039423,0.4949487,0.4925029,
1,3,7.473,-0.2481785,0.03956331,-0.884991,0.5084376,-0.5039423,0.4949487,0.4925029,
1,3,7.475,-0.2481891,0.03956321,-0.8849947,0.5084326,-0.5039424,0.4949617,0.492495,
1,3,7.477,-0.2481891,0.03956321,-0.8849947,0.5084326,-0.5039424,0.4949617,0.492495,
1,3,7.479,-0.2481891,0.03956321,-0.8849947,0.5084326,-0.5039424,0.4949617,0.492495,
1,3,7.481,-0.2481891,0.03956321,-0.8849947,0.5084326,-0.5039424,0.4949617,0.492495,
1,3,7.483,-0.2481909,0.03955343,-0.8849859,0.5084497,-0.5039854,0.4949231,0.4924721,
1,3,7.485,-0.2481909,0.03955343,-0.8849859,0.5084497,-0.5039854,0.4949231,0.4924721,
1,3,7.487,-0.2481909,0.03955343,-0.8849859,0.5084497,-0.5039854,0.4949231,0.4924721,
1,3,7.489,-0.2481909,0.03955343,-0.8849859,0.5084497,-0.5039854,0.4949231,0.4924721,
1,3,7.491,-0.2481942,0.03955517,-0.884985,0.5084323,-0.5039768,0.4949375,0.4924845,
1,3,7.493,-0.2481942,0.03955517,-0.884985,0.5084323,-0.5039768,0.4949375,0.4924845,
1,3,7.495,-0.2481942,0.03955517,-0.884985,0.5084323,-0.5039768,0.4949375,0.4924845,
1,3,7.497,-0.2481942,0.03955517,-0.884985,0.5084323,-0.5039768,0.4949375,0.4924845,
1,3,7.499,-0.2481942,0.03955517,-0.884985,0.5084323,-0.5039768,0.4949375,0.4924845,
1,3,7.501,-0.2481965,0.03954506,-0.8849885,0.5084352,-0.5039828,0.4949347,0.4924779,
1,3,7.503,-0.2481965,0.03954506,-0.8849885,0.5084352,-0.5039828,0.4949347,0.4924779,
1,3,7.505,-0.2481965,0.03954506,-0.8849885,0.5084352,-0.5039828,0.4949347,0.4924779,
1,3,7.507,-0.2481965,0.03954506,-0.8849885,0.5084352,-0.5039828,0.4949347,0.4924779,
1,3,7.509,-0.248195,0.0395529,-0.8849928,0.5084343,-0.5039632,0.4949556,0.4924782,
1,3,7.511,-0.248195,0.0395529,-0.8849928,0.5084343,-0.5039632,0.4949556,0.4924782,
1,3,7.513,-0.248195,0.0395529,-0.8849928,0.5084343,-0.5039632,0.4949556,0.4924782,
1,3,7.515,-0.248195,0.0395529,-0.8849928,0.5084343,-0.5039632,0.4949556,0.4924782,
1,3,7.517,-0.2481903,0.03954843,-0.8849899,0.5084382,-0.5039737,0.4949373,0.4924817,
1,3,7.519,-0.2481903,0.03954843,-0.8849899,0.5084382,-0.5039737,0.4949373,0.4924817,
1,3,7.521,-0.2481903,0.03954843,-0.8849899,0.5084382,-0.5039737,0.4949373,0.4924817,
1,3,7.523,-0.2481903,0.03954843,-0.8849899,0.5084382,-0.5039737,0.4949373,0.4924817,
1,3,7.525,-0.2481862,0.03953879,-0.8849928,0.5084552,-0.5039611,0.4949325,0.492482,
1,3,7.527,-0.2481862,0.03953879,-0.8849928,0.5084552,-0.5039611,0.4949325,0.492482,
1,3,7.529,-0.2481862,0.03953879,-0.8849928,0.5084552,-0.5039611,0.4949325,0.492482,
1,3,7.531,-0.2481862,0.03953879,-0.8849928,0.5084552,-0.5039611,0.4949325,0.492482,
1,3,7.533,-0.2481899,0.03955337,-0.8849915,0.5084406,-0.5039366,0.4949565,0.4924979,
1,3,7.535,-0.2481899,0.03955337,-0.8849915,0.5084406,-0.5039366,0.4949565,0.4924979,
1,3,7.537,-0.2481899,0.03955337,-0.8849915,0.5084406,-0.5039366,0.4949565,0.4924979,
1,3,7.539,-0.2481899,0.03955337,-0.8849915,0.5084406,-0.5039366,0.4949565,0.4924979,
1,3,7.541,-0.2481922,0.03954792,-0.8849925,0.508433,-0.5039663,0.4949382,0.4924937,
1,3,7.543,-0.2481922,0.03954792,-0.8849925,0.508433,-0.5039663,0.4949382,0.4924937,
1,3,7.545,-0.2481922,0.03954792,-0.8849925,0.508433,-0.5039663,0.4949382,0.4924937,
1,3,7.547,-0.2481922,0.03954792,-0.8849925,0.508433,-0.5039663,0.4949382,0.4924937,
1,3,7.549,-0.2481922,0.03954792,-0.8849925,0.508433,-0.5039663,0.4949382,0.4924937,
1,3,7.551,-0.2481915,0.03954802,-0.8849979,0.5084357,-0.5039683,0.4949397,0.4924874,
1,3,7.553,-0.2481915,0.03954802,-0.8849979,0.5084357,-0.5039683,0.4949397,0.4924874,
1,3,7.555,-0.2481915,0.03954802,-0.8849979,0.5084357,-0.5039683,0.4949397,0.4924874,
1,3,7.557,-0.2481915,0.03954802,-0.8849979,0.5084357,-0.5039683,0.4949397,0.4924874,
1,3,7.559,-0.2481829,0.03954822,-0.8849993,0.5084479,-0.5039466,0.4949485,0.4924881,
1,3,7.561,-0.2481829,0.03954822,-0.8849993,0.5084479,-0.5039466,0.4949485,0.4924881,
1,3,7.563,-0.2481829,0.03954822,-0.8849993,0.5084479,-0.5039466,0.4949485,0.4924881,
1,3,7.565,-0.2481829,0.03954822,-0.8849993,0.5084479,-0.5039466,0.4949485,0.4924881,
1,3,7.567,-0.2481958,0.03955594,-0.8849963,0.5084387,-0.5039481,0.4949542,0.4924905,
1,3,7.569,-0.2481958,0.03955594,-0.8849963,0.5084387,-0.5039481,0.4949542,0.4924905,
1,3,7.571,-0.2481958,0.03955594,-0.8849963,0.5084387,-0.5039481,0.4949542,0.4924905,
1,3,7.573,-0.2481958,0.03955594,-0.8849963,0.5084387,-0.5039481,0.4949542,0.4924905,
1,3,7.575,-0.2481987,0.03956215,-0.8849919,0.5084237,-0.5039373,0.494972,0.4924991,
1,3,7.577,-0.2481987,0.03956215,-0.8849919,0.5084237,-0.5039373,0.494972,0.4924991,
1,3,7.579,-0.2481987,0.03956215,-0.8849919,0.5084237,-0.5039373,0.494972,0.4924991,
1,3,7.581,-0.2481987,0.03956215,-0.8849919,0.5084237,-0.5039373,0.494972,0.4924991,
1,3,7.583,-0.2481885,0.03956802,-0.8849942,0.5084381,-0.5039403,0.4949498,0.4925034,
1,3,7.585,-0.2481885,0.03956802,-0.8849942,0.5084381,-0.5039403,0.4949498,0.4925034,
1,3,7.587,-0.2481885,0.03956802,-0.8849942,0.5084381,-0.5039403,0.4949498,0.4925034,
1,3,7.589,-0.2481885,0.03956802,-0.8849942,0.5084381,-0.5039403,0.4949498,0.4925034,
1,3,7.591,-0.2481888,0.03955703,-0.8849927,0.5084334,-0.503965,0.4949334,0.4924995,
1,3,7.593,-0.2481888,0.03955703,-0.8849927,0.5084334,-0.503965,0.4949334,0.4924995,
1,3,7.595,-0.2481888,0.03955703,-0.8849927,0.5084334,-0.503965,0.4949334,0.4924995,
1,3,7.597,-0.2481888,0.03955703,-0.8849927,0.5084334,-0.503965,0.4949334,0.4924995,
1,3,7.599,-0.2481888,0.03955703,-0.8849927,0.5084334,-0.503965,0.4949334,0.4924995,
1,3,7.601,-0.2481824,0.03956721,-0.8849974,0.508416,-0.5039518,0.4949585,0.4925058,
1,3,7.603,-0.2481824,0.03956721,-0.8849974,0.508416,-0.5039518,0.4949585,0.4925058,
1,3,7.605,-0.2481824,0.03956721,-0.8849974,0.508416,-0.5039518,0.4949585,0.4925058,
1,3,7.607,-0.2481824,0.03956721,-0.8849974,0.508416,-0.5039518,0.4949585,0.4925058,
1,3,7.609,-0.2481884,0.03957228,-0.8850006,0.508415,-0.5039469,0.4949624,0.4925079,
1,3,7.611,-0.2481884,0.03957228,-0.8850006,0.508415,-0.5039469,0.4949624,0.4925079,
1,3,7.613,-0.2481884,0.03957228,-0.8850006,0.508415,-0.5039469,0.4949624,0.4925079,
1,3,7.615,-0.2481884,0.03957228,-0.8850006,0.508415,-0.5039469,0.4949624,0.4925079,
1,3,7.617,-0.2481854,0.03954996,-0.8849904,0.5084512,-0.5039468,0.494937,0.4924962,
1,3,7.619,-0.2481854,0.03954996,-0.8849904,0.5084512,-0.5039468,0.494937,0.4924962,
1,3,7.621,-0.2481854,0.03954996,-0.8849904,0.5084512,-0.5039468,0.494937,0.4924962,
1,3,7.623,-0.2481854,0.03954996,-0.8849904,0.5084512,-0.5039468,0.494937,0.4924962,
1,3,7.625,-0.2481815,0.03955469,-0.8849866,0.5084559,-0.503939,0.4949486,0.4924876,
1,3,7.627,-0.2481815,0.03955469,-0.8849866,0.5084559,-0.503939,0.4949486,0.4924876,
1,3,7.629,-0.2481815,0.03955469,-0.8849866,0.5084559,-0.503939,0.4949486,0.4924876,
1,3,7.631,-0.2481815,0.03955469,-0.8849866,0.5084559,-0.503939,0.4949486,0.4924876,
1,3,7.633,-0.2481831,0.03955214,-0.8849938,0.5084393,-0.5039549,0.4949417,0.4924954,
1,3,7.635,-0.2481831,0.03955214,-0.8849938,0.5084393,-0.5039549,0.4949417,0.4924954,
1,3,7.637,-0.2481831,0.03955214,-0.8849938,0.5084393,-0.5039549,0.4949417,0.4924954,
1,3,7.639,-0.2481831,0.03955214,-0.8849938,0.5084393,-0.5039549,0.4949417,0.4924954,
1,3,7.641,-0.248182,0.03954993,-0.8849922,0.508439,-0.5039819,0.4949181,0.4924918,
1,3,7.643,-0.248182,0.03954993,-0.8849922,0.508439,-0.5039819,0.4949181,0.4924918,
1,3,7.645,-0.248182,0.03954993,-0.8849922,0.508439,-0.5039819,0.4949181,0.4924918,
1,3,7.647,-0.248182,0.03954993,-0.8849922,0.508439,-0.5039819,0.4949181,0.4924918,
1,3,7.649,-0.248182,0.03954993,-0.8849922,0.508439,-0.5039819,0.4949181,0.4924918,
1,3,7.651,-0.2481806,0.03955583,-0.8849874,0.5084385,-0.5039564,0.4949522,0.4924841,
1,3,7.653,-0.2481806,0.03955583,-0.8849874,0.5084385,-0.5039564,0.4949522,0.4924841,
1,3,7.655,-0.2481806,0.03955583,-0.8849874,0.5084385,-0.5039564,0.4949522,0.4924841,
1,3,7.657,-0.2481806,0.03955583,-0.8849874,0.5084385,-0.5039564,0.4949522,0.4924841,
1,3,7.659,-0.2481833,0.03956668,-0.8849848,0.5084344,-0.5039477,0.4949565,0.4924931,
1,3,7.661,-0.2481833,0.03956668,-0.8849848,0.5084344,-0.5039477,0.4949565,0.4924931,
1,3,7.663,-0.2481833,0.03956668,-0.8849848,0.5084344,-0.5039477,0.4949565,0.4924931,
1,3,7.665,-0.2481833,0.03956668,-0.8849848,0.5084344,-0.5039477,0.4949565,0.4924931,
1,3,7.667,-0.2481781,0.03955329,-0.8849795,0.5084345,-0.5039495,0.4949547,0.4924927,
1,3,7.669,-0.2481781,0.03955329,-0.8849795,0.5084345,-0.5039495,0.4949547,0.4924927,
1,3,7.671,-0.2481781,0.03955329,-0.8849795,0.5084345,-0.5039495,0.4949547,0.4924927,
1,3,7.673,-0.2481781,0.03955329,-0.8849795,0.5084345,-0.5039495,0.4949547,0.4924927,
1,3,7.675,-0.2481879,0.03954632,-0.8849926,0.5084454,-0.5039499,0.4949502,0.4924857,
1,3,7.677,-0.2481879,0.03954632,-0.8849926,0.5084454,-0.5039499,0.4949502,0.4924857,
1,3,7.679,-0.2481879,0.03954632,-0.8849926,0.5084454,-0.5039499,0.4949502,0.4924857,
1,3,7.681,-0.2481879,0.03954632,-0.8849926,0.5084454,-0.5039499,0.4949502,0.4924857,
1,3,7.683,-0.248173,0.03955527,-0.8849949,0.5084561,-0.5039431,0.4949395,0.4924923,
1,3,7.685,-0.248173,0.03955527,-0.8849949,0.5084561,-0.5039431,0.4949395,0.4924923,
1,3,7.687,-0.248173,0.03955527,-0.8849949,0.5084561,-0.5039431,0.4949395,0.4924923,
1,3,7.689,-0.248173,0.03955527,-0.8849949,0.5084561,-0.5039431,0.4949395,0.4924923,
1,3,7.691,-0.2481768,0.039556,-0.8849877,0.5084537,-0.5039427,0.4949334,0.4925014,
1,3,7.693,-0.2481768,0.039556,-0.8849877,0.5084537,-0.5039427,0.4949334,0.4925014,
1,3,7.695,-0.2481768,0.039556,-0.8849877,0.5084537,-0.5039427,0.4949334,0.4925014,
1,3,7.697,-0.2481768,0.039556,-0.8849877,0.5084537,-0.5039427,0.4949334,0.4925014,
1,3,7.699,-0.2481768,0.039556,-0.8849877,0.5084537,-0.5039427,0.4949334,0.4925014,
1,3,7.701,-0.2481694,0.03954311,-0.8849904,0.5084739,-0.5039412,0.4949206,0.4924949,
1,3,7.703,-0.2481694,0.03954311,-0.8849904,0.5084739,-0.5039412,0.4949206,0.4924949,
1,3,7.705,-0.2481694,0.03954311,-0.8849904,0.5084739,-0.5039412,0.4949206,0.4924949,
1,3,7.707,-0.2481694,0.03954311,-0.8849904,0.5084739,-0.5039412,0.4949206,0.4924949,
1,3,7.709,-0.2481794,0.03955226,-0.8849897,0.5084436,-0.503957,0.4949447,0.4924859,
1,3,7.711,-0.2481794,0.03955226,-0.8849897,0.5084436,-0.503957,0.4949447,0.4924859,
1,3,7.713,-0.2481794,0.03955226,-0.8849897,0.5084436,-0.503957,0.4949447,0.4924859,
1,3,7.715,-0.2481794,0.03955226,-0.8849897,0.5084436,-0.503957,0.4949447,0.4924859,
1,3,7.717,-0.2481777,0.03956433,-0.8849881,0.5084262,-0.5039483,0.4949568,0.4925005,
1,3,7.719,-0.2481777,0.03956433,-0.8849881,0.5084262,-0.5039483,0.4949568,0.4925005,
1,3,7.721,-0.2481777,0.03956433,-0.8849881,0.5084262,-0.5039483,0.4949568,0.4925005,
1,3,7.723,-0.2481777,0.03956433,-0.8849881,0.5084262,-0.5039483,0.4949568,0.4925005,
1,3,7.725,-0.248183,0.03954075,-0.8850085,0.508442,-0.5039784,0.4948961,0.4925144,
1,3,7.727,-0.248183,0.03954075,-0.8850085,0.508442,-0.5039784,0.4948961,0.4925144,
1,3,7.729,-0.248183,0.03954075,-0.8850085,0.508442,-0.5039784,0.4948961,0.4925144,
1,3,7.731,-0.248183,0.03954075,-0.8850085,0.508442,-0.5039784,0.4948961,0.4925144,
1,3,7.733,-0.2481796,0.03954758,-0.8849967,0.5084373,-0.5039846,0.4948995,0.4925096,
1,3,7.735,-0.2481796,0.03954758,-0.8849967,0.5084373,-0.5039846,0.4948995,0.4925096,
1,3,7.737,-0.2481796,0.03954758,-0.8849967,0.5084373,-0.5039846,0.4948995,0.4925096,
1,3,7.739,-0.2481796,0.03954758,-0.8849967,0.5084373,-0.5039846,0.4948995,0.4925096,
1,3,7.741,-0.2481793,0.03955719,-0.8849919,0.5084313,-0.5039551,0.4949353,0.49251,
1,3,7.743,-0.2481793,0.03955719,-0.8849919,0.5084313,-0.5039551,0.4949353,0.49251,
1,3,7.745,-0.2481793,0.03955719,-0.8849919,0.5084313,-0.5039551,0.4949353,0.49251,
1,3,7.747,-0.2481793,0.03955719,-0.8849919,0.5084313,-0.5039551,0.4949353,0.49251,
1,3,7.749,-0.2481793,0.03955719,-0.8849919,0.5084313,-0.5039551,0.4949353,0.49251,
1,3,7.751,-0.2481799,0.03956056,-0.8849908,0.5084506,-0.5039451,0.4949309,0.4925046,
1,3,7.753,-0.2481799,0.03956056,-0.8849908,0.5084506,-0.5039451,0.4949309,0.4925046,
1,3,7.755,-0.2481799,0.03956056,-0.8849908,0.5084506,-0.5039451,0.4949309,0.4925046,
1,3,7.757,-0.2481799,0.03956056,-0.8849908,0.5084506,-0.5039451,0.4949309,0.4925046,
1,3,7.759,-0.2481738,0.03955817,-0.8849916,0.5084627,-0.5039455,0.4949288,0.4924939,
1,3,7.761,-0.2481738,0.03955817,-0.8849916,0.5084627,-0.5039455,0.4949288,0.4924939,
1,3,7.763,-0.2481738,0.03955817,-0.8849916,0.5084627,-0.5039455,0.4949288,0.4924939,
1,3,7.765,-0.2481738,0.03955817,-0.8849916,0.5084627,-0.5039455,0.4949288,0.4924939,
1,3,7.767,-0.2481835,0.03951936,-0.8850077,0.5084628,-0.5039942,0.4948651,0.492508,
1,3,7.769,-0.2481835,0.03951936,-0.8850077,0.5084628,-0.5039942,0.4948651,0.492508,
1,3,7.771,-0.2481835,0.03951936,-0.8850077,0.5084628,-0.5039942,0.4948651,0.492508,
1,3,7.773,-0.2481835,0.03951936,-0.8850077,0.5084628,-0.5039942,0.4948651,0.492508,
1,3,7.775,-0.2481792,0.03952828,-0.8849964,0.5084491,-0.5040001,0.4948717,0.4925094,
1,3,7.777,-0.2481792,0.03952828,-0.8849964,0.5084491,-0.5040001,0.4948717,0.4925094,
1,3,7.779,-0.2481792,0.03952828,-0.8849964,0.5084491,-0.5040001,0.4948717,0.4925094,
1,3,7.781,-0.2481792,0.03952828,-0.8849964,0.5084491,-0.5040001,0.4948717,0.4925094,
1,3,7.783,-0.2481767,0.03955238,-0.8849953,0.5084567,-0.5039773,0.4949137,0.4924826,
1,3,7.785,-0.2481767,0.03955238,-0.8849953,0.5084567,-0.5039773,0.4949137,0.4924826,
1,3,7.787,-0.2481767,0.03955238,-0.8849953,0.5084567,-0.5039773,0.4949137,0.4924826,
1,3,7.789,-0.2481767,0.03955238,-0.8849953,0.5084567,-0.5039773,0.4949137,0.4924826,
1,3,7.791,-0.2481919,0.03955248,-0.884997,0.5084469,-0.5039695,0.4949368,0.4924775,
1,3,7.793,-0.2481919,0.03955248,-0.884997,0.5084469,-0.5039695,0.4949368,0.4924775,
1,3,7.795,-0.2481919,0.03955248,-0.884997,0.5084469,-0.5039695,0.4949368,0.4924775,
1,3,7.797,-0.2481919,0.03955248,-0.884997,0.5084469,-0.5039695,0.4949368,0.4924775,
1,3,7.799,-0.2481919,0.03955248,-0.884997,0.5084469,-0.5039695,0.4949368,0.4924775,
1,3,7.801,-0.2481849,0.03954917,-0.8849905,0.50845,-0.503974,0.4949283,0.4924783,
1,3,7.803,-0.2481849,0.03954917,-0.8849905,0.50845,-0.503974,0.4949283,0.4924783,
1,3,7.805,-0.2481849,0.03954917,-0.8849905,0.50845,-0.503974,0.4949283,0.4924783,
1,3,7.807,-0.2481849,0.03954917,-0.8849905,0.50845,-0.503974,0.4949283,0.4924783,
1,3,7.809,-0.2481848,0.03956135,-0.8849862,0.5084575,-0.5039709,0.4949268,0.4924751,
1,3,7.811,-0.2481848,0.03956135,-0.8849862,0.5084575,-0.5039709,0.4949268,0.4924751,
1,3,7.813,-0.2481848,0.03956135,-0.8849862,0.5084575,-0.5039709,0.4949268,0.4924751,
1,3,7.815,-0.2481848,0.03956135,-0.8849862,0.5084575,-0.5039709,0.4949268,0.4924751,
1,3,7.817,-0.2481788,0.0395592,-0.8849853,0.5084658,-0.5039639,0.4949195,0.492481,
1,3,7.819,-0.2481788,0.0395592,-0.8849853,0.5084658,-0.5039639,0.4949195,0.492481,
1,3,7.821,-0.2481788,0.0395592,-0.8849853,0.5084658,-0.5039639,0.4949195,0.492481,
1,3,7.823,-0.2481788,0.0395592,-0.8849853,0.5084658,-0.5039639,0.4949195,0.492481,
1,3,7.825,-0.2481732,0.03954411,-0.8849926,0.5084944,-0.5039708,0.4948909,0.4924733,
1,3,7.827,-0.2481732,0.03954411,-0.8849926,0.5084944,-0.5039708,0.4948909,0.4924733,
1,3,7.829,-0.2481732,0.03954411,-0.8849926,0.5084944,-0.5039708,0.4948909,0.4924733,
1,3,7.831,-0.2481732,0.03954411,-0.8849926,0.5084944,-0.5039708,0.4948909,0.4924733,
1,3,7.833,-0.2481686,0.03954704,-0.8849886,0.508485,-0.5039657,0.4949021,0.492477,
1,3,7.835,-0.2481686,0.03954704,-0.8849886,0.508485,-0.5039657,0.4949021,0.492477,
1,3,7.837,-0.2481686,0.03954704,-0.8849886,0.508485,-0.5039657,0.4949021,0.492477,
1,3,7.839,-0.2481686,0.03954704,-0.8849886,0.508485,-0.5039657,0.4949021,0.492477,
1,3,7.841,-0.2481785,0.03955716,-0.8849847,0.508471,-0.5039504,0.4949331,0.492476,
1,3,7.843,-0.2481785,0.03955716,-0.8849847,0.508471,-0.5039504,0.4949331,0.492476,
1,3,7.845,-0.2481785,0.03955716,-0.8849847,0.508471,-0.5039504,0.4949331,0.492476,
1,3,7.847,-0.2481785,0.03955716,-0.8849847,0.508471,-0.5039504,0.4949331,0.492476,
1,3,7.849,-0.2481785,0.03955716,-0.8849847,0.508471,-0.5039504,0.4949331,0.492476,
1,3,7.851,-0.2481772,0.03955771,-0.8849865,0.5084854,-0.5039282,0.4949471,0.4924696,
1,3,7.853,-0.2481772,0.03955771,-0.8849865,0.5084854,-0.5039282,0.4949471,0.4924696,
1,3,7.855,-0.2481772,0.03955771,-0.8849865,0.5084854,-0.5039282,0.4949471,0.4924696,
1,3,7.857,-0.2481772,0.03955771,-0.8849865,0.5084854,-0.5039282,0.4949471,0.4924696,
1,3,7.859,-0.2481797,0.03956196,-0.8849866,0.5084707,-0.5039358,0.4949351,0.4924892,
1,3,7.861,-0.2481797,0.03956196,-0.8849866,0.5084707,-0.5039358,0.4949351,0.4924892,
1,3,7.863,-0.2481797,0.03956196,-0.8849866,0.5084707,-0.5039358,0.4949351,0.4924892,
1,3,7.865,-0.2481797,0.03956196,-0.8849866,0.5084707,-0.5039358,0.4949351,0.4924892,
1,3,7.867,-0.2481761,0.03955323,-0.8849852,0.5084623,-0.5039434,0.4949315,0.4924939,
1,3,7.869,-0.2481761,0.03955323,-0.8849852,0.5084623,-0.5039434,0.4949315,0.4924939,
1,3,7.871,-0.2481761,0.03955323,-0.8849852,0.5084623,-0.5039434,0.4949315,0.4924939,
1,3,7.873,-0.2481761,0.03955323,-0.8849852,0.5084623,-0.5039434,0.4949315,0.4924939,
1,3,7.875,-0.2481677,0.03953916,-0.8849891,0.5084835,-0.5039578,0.4948987,0.49249,
1,3,7.877,-0.2481677,0.03953916,-0.8849891,0.5084835,-0.5039578,0.4948987,0.49249,
1,3,7.879,-0.2481677,0.03953916,-0.8849891,0.5084835,-0.5039578,0.4948987,0.49249,
1,3,7.881,-0.2481677,0.03953916,-0.8849891,0.5084835,-0.5039578,0.4948987,0.49249,
1,3,7.883,-0.2481805,0.03955899,-0.8849918,0.5084698,-0.5039461,0.4949248,0.4924899,
1,3,7.885,-0.2481805,0.03955899,-0.8849918,0.5084698,-0.5039461,0.4949248,0.4924899,
1,3,7.887,-0.2481805,0.03955899,-0.8849918,0.5084698,-0.5039461,0.4949248,0.4924899,
1,3,7.889,-0.2481805,0.03955899,-0.8849918,0.5084698,-0.5039461,0.4949248,0.4924899,
1,3,7.891,-0.2481816,0.03955764,-0.8849958,0.508472,-0.5039553,0.494923,0.49248,
1,3,7.893,-0.2481816,0.03955764,-0.8849958,0.508472,-0.5039553,0.494923,0.49248,
1,3,7.895,-0.2481816,0.03955764,-0.8849958,0.508472,-0.5039553,0.494923,0.49248,
1,3,7.897,-0.2481816,0.03955764,-0.8849958,0.508472,-0.5039553,0.494923,0.49248,
1,3,7.899,-0.2481816,0.03955764,-0.8849958,0.508472,-0.5039553,0.494923,0.49248,
1,3,7.901,-0.2481892,0.03956085,-0.8849975,0.5084597,-0.5039341,0.4949574,0.4924798,
1,3,7.903,-0.2481892,0.03956085,-0.8849975,0.5084597,-0.5039341,0.4949574,0.4924798,
1,3,7.905,-0.2481892,0.03956085,-0.8849975,0.5084597,-0.5039341,0.4949574,0.4924798,
1,3,7.907,-0.2481892,0.03956085,-0.8849975,0.5084597,-0.5039341,0.4949574,0.4924798,
1,3,7.909,-0.2481866,0.03955766,-0.884998,0.5084584,-0.5039196,0.4949705,0.4924828,
1,3,7.911,-0.2481866,0.03955766,-0.884998,0.5084584,-0.5039196,0.4949705,0.4924828,
1,3,7.913,-0.2481866,0.03955766,-0.884998,0.5084584,-0.5039196,0.4949705,0.4924828,
1,3,7.915,-0.2481866,0.03955766,-0.884998,0.5084584,-0.5039196,0.4949705,0.4924828,
1,3,7.917,-0.2481821,0.03956012,-0.8849947,0.5084791,-0.5039173,0.4949566,0.4924779,
1,3,7.919,-0.2481821,0.03956012,-0.8849947,0.5084791,-0.5039173,0.4949566,0.4924779,
1,3,7.921,-0.2481821,0.03956012,-0.8849947,0.5084791,-0.5039173,0.4949566,0.4924779,
1,3,7.923,-0.2481821,0.03956012,-0.8849947,0.5084791,-0.5039173,0.4949566,0.4924779,
1,3,7.925,-0.2481825,0.03956072,-0.8850019,0.5084828,-0.5039442,0.4949171,0.4924862,
1,3,7.927,-0.2481825,0.03956072,-0.8850019,0.5084828,-0.5039442,0.4949171,0.4924862,
1,3,7.929,-0.2481825,0.03956072,-0.8850019,0.5084828,-0.5039442,0.4949171,0.4924862,
1,3,7.931,-0.2481825,0.03956072,-0.8850019,0.5084828,-0.5039442,0.4949171,0.4924862,
1,3,7.933,-0.2481901,0.03956131,-0.8850063,0.5084707,-0.5039552,0.4949271,0.4924774,
1,3,7.935,-0.2481901,0.03956131,-0.8850063,0.5084707,-0.5039552,0.4949271,0.4924774,
1,3,7.937,-0.2481901,0.03956131,-0.8850063,0.5084707,-0.5039552,0.4949271,0.4924774,
1,3,7.939,-0.2481901,0.03956131,-0.8850063,0.5084707,-0.5039552,0.4949271,0.4924774,
1,3,7.941,-0.2481941,0.03956432,-0.8850098,0.5084547,-0.503955,0.4949421,0.492479,
1,3,7.943,-0.2481941,0.03956432,-0.8850098,0.5084547,-0.503955,0.4949421,0.492479,
1,3,7.945,-0.2481941,0.03956432,-0.8850098,0.5084547,-0.503955,0.4949421,0.492479,
1,3,7.947,-0.2481941,0.03956432,-0.8850098,0.5084547,-0.503955,0.4949421,0.492479,
1,3,7.949,-0.2481941,0.03956432,-0.8850098,0.5084547,-0.503955,0.4949421,0.492479,
1,3,7.951,-0.2481789,0.03956958,-0.885005,0.5084623,-0.5039288,0.4949564,0.4924837,
1,3,7.953,-0.2481789,0.03956958,-0.885005,0.5084623,-0.5039288,0.4949564,0.4924837,
1,3,7.955,-0.2481789,0.03956958,-0.885005,0.5084623,-0.5039288,0.4949564,0.4924837,
1,3,7.957,-0.2481789,0.03956958,-0.885005,0.5084623,-0.5039288,0.4949564,0.4924837,
1,3,7.959,-0.2481733,0.03955554,-0.8850026,0.5084834,-0.5039095,0.4949533,0.4924849,
1,3,7.961,-0.2481733,0.03955554,-0.8850026,0.5084834,-0.5039095,0.4949533,0.4924849,
1,3,7.963,-0.2481733,0.03955554,-0.8850026,0.5084834,-0.5039095,0.4949533,0.4924849,
1,3,7.965,-0.2481733,0.03955554,-0.8850026,0.5084834,-0.5039095,0.4949533,0.4924849,
1,3,7.967,-0.2481813,0.03954072,-0.8850065,0.5084842,-0.5039314,0.494932,0.4924828,
1,3,7.969,-0.2481813,0.03954072,-0.8850065,0.5084842,-0.5039314,0.494932,0.4924828,
1,3,7.971,-0.2481813,0.03954072,-0.8850065,0.5084842,-0.5039314,0.494932,0.4924828,
1,3,7.973,-0.2481813,0.03954072,-0.8850065,0.5084842,-0.5039314,0.494932,0.4924828,
1,3,7.975,-0.2481993,0.03955541,-0.8850073,0.5084726,-0.5039436,0.4949443,0.49247,
1,3,7.977,-0.2481993,0.03955541,-0.8850073,0.5084726,-0.5039436,0.4949443,0.49247,
1,3,7.979,-0.2481993,0.03955541,-0.8850073,0.5084726,-0.5039436,0.4949443,0.49247,
1,3,7.981,-0.2481993,0.03955541,-0.8850073,0.5084726,-0.5039436,0.4949443,0.49247,
1,3,7.983,-0.2482022,0.03955017,-0.8850098,0.5084684,-0.5039522,0.4949409,0.4924689,
1,3,7.985,-0.2482022,0.03955017,-0.8850098,0.5084684,-0.5039522,0.4949409,0.4924689,
1,3,7.987,-0.2482022,0.03955017,-0.8850098,0.5084684,-0.5039522,0.4949409,0.4924689,
1,3,7.989,-0.2482022,0.03955017,-0.8850098,0.5084684,-0.5039522,0.4949409,0.4924689,
1,3,7.991,-0.2481894,0.03955463,-0.8850008,0.5084598,-0.5039356,0.494957,0.4924787,
1,3,7.993,-0.2481894,0.03955463,-0.8850008,0.5084598,-0.5039356,0.494957,0.4924787,
1,3,7.995,-0.2481894,0.03955463,-0.8850008,0.5084598,-0.5039356,0.494957,0.4924787,
1,3,7.997,-0.2481894,0.03955463,-0.8850008,0.5084598,-0.5039356,0.494957,0.4924787,
1,3,7.999,-0.2481894,0.03955463,-0.8850008,0.5084598,-0.5039356,0.494957,0.4924787,
1,3,8.001,-0.2482188,0.03954332,-0.885016,0.5084502,-0.50398,0.4948955,0.4925048,
1,3,8.003,-0.2482188,0.03954332,-0.885016,0.5084502,-0.50398,0.4948955,0.4925048,
1,3,8.005,-0.2482188,0.03954332,-0.885016,0.5084502,-0.50398,0.4948955,0.4925048,
1,3,8.007,-0.2482188,0.03954332,-0.885016,0.5084502,-0.50398,0.4948955,0.4925048,
1,3,8.009,-0.2482137,0.03953517,-0.8850113,0.5084539,-0.5039998,0.4948776,0.4924987,
1,3,8.011,-0.2482137,0.03953517,-0.8850113,0.5084539,-0.5039998,0.4948776,0.4924987,
1,3,8.013,-0.2482137,0.03953517,-0.8850113,0.5084539,-0.5039998,0.4948776,0.4924987,
1,3,8.015,-0.2482137,0.03953517,-0.8850113,0.5084539,-0.5039998,0.4948776,0.4924987,
1,3,8.017,-0.2481961,0.03956162,-0.8849985,0.5084612,-0.503957,0.4949165,0.4924959,
1,3,8.019,-0.2481961,0.03956162,-0.8849985,0.5084612,-0.503957,0.4949165,0.4924959,
1,3,8.021,-0.2481961,0.03956162,-0.8849985,0.5084612,-0.503957,0.4949165,0.4924959,
1,3,8.023,-0.2481961,0.03956162,-0.8849985,0.5084612,-0.503957,0.4949165,0.4924959,
1,3,8.025,-0.2481862,0.03956424,-0.8849949,0.5084645,-0.5039522,0.4949309,0.492483,
1,3,8.027,-0.2481862,0.03956424,-0.8849949,0.5084645,-0.5039522,0.4949309,0.492483,
1,3,8.029,-0.2481862,0.03956424,-0.8849949,0.5084645,-0.5039522,0.4949309,0.492483,
1,3,8.031,-0.2481862,0.03956424,-0.8849949,0.5084645,-0.5039522,0.4949309,0.492483,
1,3,8.033,-0.2481936,0.03955188,-0.8849947,0.5084683,-0.5039498,0.4949507,0.4924617,
1,3,8.035,-0.2481936,0.03955188,-0.8849947,0.5084683,-0.5039498,0.4949507,0.4924617,
1,3,8.037,-0.2481936,0.03955188,-0.8849947,0.5084683,-0.5039498,0.4949507,0.4924617,
1,3,8.039,-0.2481936,0.03955188,-0.8849947,0.5084683,-0.5039498,0.4949507,0.4924617,
1,3,8.041,-0.2481879,0.03956598,-0.8850021,0.5084929,-0.5039089,0.4949598,0.4924689,
1,3,8.043,-0.2481879,0.03956598,-0.8850021,0.5084929,-0.5039089,0.4949598,0.4924689,
1,3,8.045,-0.2481879,0.03956598,-0.8850021,0.5084929,-0.5039089,0.4949598,0.4924689,
1,3,8.047,-0.2481879,0.03956598,-0.8850021,0.5084929,-0.5039089,0.4949598,0.4924689,
1,3,8.049,-0.2481879,0.03956598,-0.8850021,0.5084929,-0.5039089,0.4949598,0.4924689,
1,3,8.051,-0.2481962,0.03956266,-0.8850087,0.5084772,-0.5039282,0.4949478,0.4924773,
1,3,8.053,-0.2481962,0.03956266,-0.8850087,0.5084772,-0.5039282,0.4949478,0.4924773,
1,3,8.055,-0.2481962,0.03956266,-0.8850087,0.5084772,-0.5039282,0.4949478,0.4924773,
1,3,8.057,-0.2481962,0.03956266,-0.8850087,0.5084772,-0.5039282,0.4949478,0.4924773,
1,3,8.059,-0.2481987,0.03955532,-0.8849903,0.5084847,-0.5039401,0.4949446,0.4924607,
1,3,8.061,-0.2481987,0.03955532,-0.8849903,0.5084847,-0.5039401,0.4949446,0.4924607,
1,3,8.063,-0.2481987,0.03955532,-0.8849903,0.5084847,-0.5039401,0.4949446,0.4924607,
1,3,8.065,-0.2481987,0.03955532,-0.8849903,0.5084847,-0.5039401,0.4949446,0.4924607,
1,3,8.067,-0.2481938,0.03955454,-0.8849957,0.5084667,-0.5039451,0.4949469,0.4924719,
1,3,8.069,-0.2481938,0.03955454,-0.8849957,0.5084667,-0.5039451,0.4949469,0.4924719,
1,3,8.071,-0.2481938,0.03955454,-0.8849957,0.5084667,-0.5039451,0.4949469,0.4924719,
1,3,8.073,-0.2481938,0.03955454,-0.8849957,0.5084667,-0.5039451,0.4949469,0.4924719,
1,3,8.075,-0.2481954,0.03956012,-0.8849924,0.5084725,-0.5039376,0.4949448,0.4924758,
1,3,8.077,-0.2481954,0.03956012,-0.8849924,0.5084725,-0.5039376,0.4949448,0.4924758,
1,3,8.079,-0.2481954,0.03956012,-0.8849924,0.5084725,-0.5039376,0.4949448,0.4924758,
1,3,8.081,-0.2481954,0.03956012,-0.8849924,0.5084725,-0.5039376,0.4949448,0.4924758,CourtEnter
1,3,8.083,-0.2481874,0.03956018,-0.8849983,0.5084707,-0.5039318,0.4949514,0.4924768,
1,3,8.085,-0.2481874,0.03956018,-0.8849983,0.5084707,-0.5039318,0.4949514,0.4924768,
1,3,8.087,-0.2481874,0.03956018,-0.8849983,0.5084707,-0.5039318,0.4949514,0.4924768,
1,3,8.089,-0.2481874,0.03956018,-0.8849983,0.5084707,-0.5039318,0.4949514,0.4924768,
1,3,8.091,-0.2481793,0.03955882,-0.8849922,0.5084758,-0.5039402,0.4949432,0.4924711,CourtExit
1,3,8.093,-0.2481793,0.03955882,-0.8849922,0.5084758,-0.5039402,0.4949432,0.4924711,
1,3,8.095,-0.2481793,0.03955882,-0.8849922,0.5084758,-0.5039402,0.4949432,0.4924711,
1,3,8.097,-0.2481793,0.03955882,-0.8849922,0.5084758,-0.5039402,0.4949432,0.4924711,
1,3,8.099,-0.2481793,0.03955882,-0.8849922,0.5084758,-0.5039402,0.4949432,0.4924711,
1,3,8.101,-0.2481809,0.03955005,-0.8849955,0.5084775,-0.5039486,0.494929,0.4924751,
1,3,8.103,-0.2481809,0.03955005,-0.8849955,0.5084775,-0.5039486,0.494929,0.4924751,
1,3,8.105,-0.2481809,0.03955005,-0.8849955,0.5084775,-0.5039486,0.494929,0.4924751,
1,3,8.107,-0.2481809,0.03955005,-0.8849955,0.5084775,-0.5039486,0.494929,0.4924751,
1,3,8.109,-0.2481789,0.03955596,-0.8849875,0.5084746,-0.5039492,0.4949241,0.4924824,
1,3,8.111,-0.2481789,0.03955596,-0.8849875,0.5084746,-0.5039492,0.4949241,0.4924824,
1,3,8.113,-0.2481789,0.03955596,-0.8849875,0.5084746,-0.5039492,0.4949241,0.4924824,
1,3,8.115,-0.2481789,0.03955596,-0.8849875,0.5084746,-0.5039492,0.4949241,0.4924824,
1,3,8.117,-0.2481832,0.03955946,-0.8849858,0.5084543,-0.5039363,0.4949416,0.4924991,
1,3,8.119,-0.2481832,0.03955946,-0.8849858,0.5084543,-0.5039363,0.4949416,0.4924991,
1,3,8.121,-0.2481832,0.03955946,-0.8849858,0.5084543,-0.5039363,0.4949416,0.4924991,
1,3,8.123,-0.2481832,0.03955946,-0.8849858,0.5084543,-0.5039363,0.4949416,0.4924991,
1,3,8.125,-0.2481796,0.0395555,-0.8849953,0.508459,-0.503944,0.4949396,0.4924883,
1,3,8.127,-0.2481796,0.0395555,-0.8849953,0.508459,-0.503944,0.4949396,0.4924883,
1,3,8.129,-0.2481796,0.0395555,-0.8849953,0.508459,-0.503944,0.4949396,0.4924883,
1,3,8.131,-0.2481796,0.0395555,-0.8849953,0.508459,-0.503944,0.4949396,0.4924883,
1,3,8.133,-0.2481726,0.03955025,-0.8849874,0.5084777,-0.5039565,0.4949172,0.4924787,
1,3,8.135,-0.2481726,0.03955025,-0.8849874,0.5084777,-0.5039565,0.4949172,0.4924787,
1,3,8.137,-0.2481726,0.03955025,-0.8849874,0.5084777,-0.5039565,0.4949172,0.4924787,
1,3,8.139,-0.2481726,0.03955025,-0.8849874,0.5084777,-0.5039565,0.4949172,0.4924787,
1,3,8.141,-0.2481788,0.03955509,-0.8849894,0.5084751,-0.5039598,0.49492,0.4924752,
1,3,8.143,-0.2481788,0.03955509,-0.8849894,0.5084751,-0.5039598,0.49492,0.4924752,
1,3,8.145,-0.2481788,0.03955509,-0.8849894,0.5084751,-0.5039598,0.49492,0.4924752,
1,3,8.147,-0.2481788,0.03955509,-0.8849894,0.5084751,-0.5039598,0.49492,0.4924752,
1,3,8.149,-0.2481788,0.03955509,-0.8849894,0.5084751,-0.5039598,0.49492,0.4924752,
1,3,8.151,-0.2481925,0.03954129,-0.884993,0.5084832,-0.5039693,0.4949228,0.4924543,
1,3,8.153,-0.2481925,0.03954129,-0.884993,0.5084832,-0.5039693,0.4949228,0.4924543,
1,3,8.155,-0.2481925,0.03954129,-0.884993,0.5084832,-0.5039693,0.4949228,0.4924543,
1,3,8.157,-0.2481925,0.03954129,-0.884993,0.5084832,-0.5039693,0.4949228,0.4924543,
1,3,8.159,-0.2481908,0.03953127,-0.8849944,0.5085055,-0.5039832,0.4949003,0.4924397,
1,3,8.161,-0.2481908,0.03953127,-0.8849944,0.5085055,-0.5039832,0.4949003,0.4924397,
1,3,8.163,-0.2481908,0.03953127,-0.8849944,0.5085055,-0.5039832,0.4949003,0.4924397,
1,3,8.165,-0.2481908,0.03953127,-0.8849944,0.5085055,-0.5039832,0.4949003,0.4924397,
1,3,8.167,-0.2481856,0.03955178,-0.8849877,0.5084848,-0.5039723,0.4949261,0.4924464,
1,3,8.169,-0.2481856,0.03955178,-0.8849877,0.5084848,-0.5039723,0.4949261,0.4924464,
1,3,8.171,-0.2481856,0.03955178,-0.8849877,0.5084848,-0.5039723,0.4949261,0.4924464,
1,3,8.173,-0.2481856,0.03955178,-0.8849877,0.5084848,-0.5039723,0.4949261,0.4924464,
1,3,8.175,-0.2481822,0.03955476,-0.8849936,0.5085049,-0.5039479,0.4949367,0.4924398,
1,3,8.177,-0.2481822,0.03955476,-0.8849936,0.5085049,-0.5039479,0.4949367,0.4924398,
1,3,8.179,-0.2481822,0.03955476,-0.8849936,0.5085049,-0.5039479,0.4949367,0.4924398,
1,3,8.181,-0.2481822,0.03955476,-0.8849936,0.5085049,-0.5039479,0.4949367,0.4924398,
1,3,8.183,-0.2481962,0.03955497,-0.8849838,0.5084881,-0.5039534,0.4949544,0.4924338,
1,3,8.185,-0.2481962,0.03955497,-0.8849838,0.5084881,-0.5039534,0.4949544,0.4924338,
1,3,8.187,-0.2481962,0.03955497,-0.8849838,0.5084881,-0.5039534,0.4949544,0.4924338,
1,3,8.189,-0.2481962,0.03955497,-0.8849838,0.5084881,-0.5039534,0.4949544,0.4924338,
1,3,8.191,-0.2482055,0.03953375,-0.8849806,0.5084592,-0.5039918,0.4949045,0.4924747,
1,3,8.193,-0.2482055,0.03953375,-0.8849806,0.5084592,-0.5039918,0.4949045,0.4924747,
1,3,8.195,-0.2482055,0.03953375,-0.8849806,0.5084592,-0.5039918,0.4949045,0.4924747,
1,3,8.197,-0.2482055,0.03953375,-0.8849806,0.5084592,-0.5039918,0.4949045,0.4924747,
1,3,8.199,-0.2482055,0.03953375,-0.8849806,0.5084592,-0.5039918,0.4949045,0.4924747,
1,3,8.201,-0.2481879,0.03954918,-0.8849881,0.5084775,-0.5039616,0.4949175,0.4924734,
1,3,8.203,-0.2481879,0.03954918,-0.8849881,0.5084775,-0.5039616,0.4949175,0.4924734,
1,3,8.205,-0.2481879,0.03954918,-0.8849881,0.5084775,-0.5039616,0.4949175,0.4924734,
1,3,8.207,-0.2481879,0.03954918,-0.8849881,0.5084775,-0.5039616,0.4949175,0.4924734,
1,3,8.209,-0.2481873,0.03955375,-0.8849912,0.5084835,-0.5039492,0.4949305,0.4924669,
1,3,8.211,-0.2481873,0.03955375,-0.8849912,0.5084835,-0.5039492,0.4949305,0.4924669,
1,3,8.213,-0.2481873,0.03955375,-0.8849912,0.5084835,-0.5039492,0.4949305,0.4924669,
1,3,8.215,-0.2481873,0.03955375,-0.8849912,0.5084835,-0.5039492,0.4949305,0.4924669,
1,3,8.217,-0.2481805,0.03955375,-0.8849906,0.508476,-0.5039472,0.4949395,0.4924676,
1,3,8.219,-0.2481805,0.03955375,-0.8849906,0.508476,-0.5039472,0.4949395,0.4924676,
1,3,8.221,-0.2481805,0.03955375,-0.8849906,0.508476,-0.5039472,0.4949395,0.4924676,
1,3,8.223,-0.2481805,0.03955375,-0.8849906,0.508476,-0.5039472,0.4949395,0.4924676,
1,3,8.225,-0.248178,0.03956675,-0.8849851,0.5084743,-0.5039427,0.4949403,0.4924732,
1,3,8.227,-0.248178,0.03956675,-0.8849851,0.5084743,-0.5039427,0.4949403,0.4924732,
1,3,8.229,-0.248178,0.03956675,-0.8849851,0.5084743,-0.5039427,0.4949403,0.4924732,
1,3,8.231,-0.248178,0.03956675,-0.8849851,0.5084743,-0.5039427,0.4949403,0.4924732,
1,3,8.233,-0.2481811,0.03957715,-0.8849828,0.5084652,-0.5039131,0.4949768,0.4924763,
1,3,8.235,-0.2481811,0.03957715,-0.8849828,0.5084652,-0.5039131,0.4949768,0.4924763,
1,3,8.237,-0.2481811,0.03957715,-0.8849828,0.5084652,-0.5039131,0.4949768,0.4924763,
1,3,8.239,-0.2481811,0.03957715,-0.8849828,0.5084652,-0.5039131,0.4949768,0.4924763,
1,3,8.241,-0.2481776,0.03954574,-0.8849877,0.5084844,-0.5039351,0.4949597,0.4924511,
1,3,8.243,-0.2481776,0.03954574,-0.8849877,0.5084844,-0.5039351,0.4949597,0.4924511,
1,3,8.245,-0.2481776,0.03954574,-0.8849877,0.5084844,-0.5039351,0.4949597,0.4924511,
1,3,8.247,-0.2481776,0.03954574,-0.8849877,0.5084844,-0.5039351,0.4949597,0.4924511,
1,3,8.249,-0.2481776,0.03954574,-0.8849877,0.5084844,-0.5039351,0.4949597,0.4924511,
1,3,8.251,-0.2481844,0.03954079,-0.8849864,0.5084771,-0.5039487,0.4949501,0.4924544,
1,3,8.253,-0.2481844,0.03954079,-0.8849864,0.5084771,-0.5039487,0.4949501,0.4924544,
1,3,8.255,-0.2481844,0.03954079,-0.8849864,0.5084771,-0.5039487,0.4949501,0.4924544,
1,3,8.257,-0.2481844,0.03954079,-0.8849864,0.5084771,-0.5039487,0.4949501,0.4924544,
1,3,8.259,-0.2482006,0.03953206,-0.8849883,0.5084426,-0.5039985,0.4948977,0.4924915,
1,3,8.261,-0.2482006,0.03953206,-0.8849883,0.5084426,-0.5039985,0.4948977,0.4924915,
1,3,8.263,-0.2482006,0.03953206,-0.8849883,0.5084426,-0.5039985,0.4948977,0.4924915,
1,3,8.265,-0.2482006,0.03953206,-0.8849883,0.5084426,-0.5039985,0.4948977,0.4924915,
1,3,8.267,-0.2481893,0.03954552,-0.8849845,0.5084434,-0.5039656,0.4949357,0.4924862,
1,3,8.269,-0.2481893,0.03954552,-0.8849845,0.5084434,-0.5039656,0.4949357,0.4924862,
1,3,8.271,-0.2481893,0.03954552,-0.8849845,0.5084434,-0.5039656,0.4949357,0.4924862,
1,3,8.273,-0.2481893,0.03954552,-0.8849845,0.5084434,-0.5039656,0.4949357,0.4924862,
1,3,8.275,-0.24818,0.03954776,-0.8849925,0.5084861,-0.5039502,0.4949344,0.4924594,
1,3,8.277,-0.24818,0.03954776,-0.8849925,0.5084861,-0.5039502,0.4949344,0.4924594,
1,3,8.279,-0.24818,0.03954776,-0.8849925,0.5084861,-0.5039502,0.4949344,0.4924594,
1,3,8.281,-0.24818,0.03954776,-0.8849925,0.5084861,-0.5039502,0.4949344,0.4924594,
1,3,8.283,-0.2481773,0.03954206,-0.8849891,0.508484,-0.5039452,0.4949437,0.4924572,
1,3,8.285,-0.2481773,0.03954206,-0.8849891,0.508484,-0.5039452,0.4949437,0.4924572,
1,3,8.287,-0.2481773,0.03954206,-0.8849891,0.508484,-0.5039452,0.4949437,0.4924572,
1,3,8.289,-0.2481773,0.03954206,-0.8849891,0.508484,-0.5039452,0.4949437,0.4924572,
1,3,8.291,-0.2481735,0.03954381,-0.8849881,0.5084733,-0.5039518,0.494931,0.492474,
1,3,8.293,-0.2481735,0.03954381,-0.8849881,0.5084733,-0.5039518,0.494931,0.492474,
1,3,8.295,-0.2481735,0.03954381,-0.8849881,0.5084733,-0.5039518,0.494931,0.492474,
1,3,8.297,-0.2481735,0.03954381,-0.8849881,0.5084733,-0.5039518,0.494931,0.492474,
1,3,8.299,-0.2481735,0.03954381,-0.8849881,0.5084733,-0.5039518,0.494931,0.492474,
1,3,8.301,-0.2481794,0.03955275,-0.8850056,0.5084721,-0.5039387,0.4949389,0.4924809,
1,3,8.303,-0.2481794,0.03955275,-0.8850056,0.5084721,-0.5039387,0.4949389,0.4924809,
1,3,8.305,-0.2481794,0.03955275,-0.8850056,0.5084721,-0.5039387,0.4949389,0.4924809,
1,3,8.307,-0.2481794,0.03955275,-0.8850056,0.5084721,-0.5039387,0.4949389,0.4924809,
1,3,8.309,-0.2481782,0.03956057,-0.8850045,0.5084606,-0.5039302,0.494963,0.4924772,
1,3,8.311,-0.2481782,0.03956057,-0.8850045,0.5084606,-0.5039302,0.494963,0.4924772,
1,3,8.313,-0.2481782,0.03956057,-0.8850045,0.5084606,-0.5039302,0.494963,0.4924772,
1,3,8.315,-0.2481782,0.03956057,-0.8850045,0.5084606,-0.5039302,0.494963,0.4924772,
1,3,8.317,-0.2481658,0.0395607,-0.8850044,0.5084804,-0.5039093,0.4949549,0.4924862,
1,3,8.319,-0.2481658,0.0395607,-0.8850044,0.5084804,-0.5039093,0.4949549,0.4924862,
1,3,8.321,-0.2481658,0.0395607,-0.8850044,0.5084804,-0.5039093,0.4949549,0.4924862,
1,3,8.323,-0.2481658,0.0395607,-0.8850044,0.5084804,-0.5039093,0.4949549,0.4924862,
1,3,8.325,-0.2481612,0.03956461,-0.8850095,0.508485,-0.5038977,0.494964,0.4924844,
1,3,8.327,-0.2481612,0.03956461,-0.8850095,0.508485,-0.5038977,0.494964,0.4924844,
1,3,8.329,-0.2481612,0.03956461,-0.8850095,0.508485,-0.5038977,0.494964,0.4924844,
1,3,8.331,-0.2481612,0.03956461,-0.8850095,0.508485,-0.5038977,0.494964,0.4924844,
1,3,8.333,-0.2481751,0.0395622,-0.8850071,0.5084996,-0.5039209,0.4949452,0.4924644,
1,3,8.335,-0.2481751,0.0395622,-0.8850071,0.5084996,-0.5039209,0.4949452,0.4924644,
1,3,8.337,-0.2481751,0.0395622,-0.8850071,0.5084996,-0.5039209,0.4949452,0.4924644,
1,3,8.339,-0.2481751,0.0395622,-0.8850071,0.5084996,-0.5039209,0.4949452,0.4924644,
1,3,8.341,-0.2481813,0.0395532,-0.8850055,0.5084896,-0.503936,0.4949427,0.4924619,
1,3,8.343,-0.2481813,0.0395532,-0.8850055,0.5084896,-0.503936,0.4949427,0.4924619,
1,3,8.345,-0.2481813,0.0395532,-0.8850055,0.5084896,-0.503936,0.4949427,0.4924619,
1,3,8.347,-0.2481813,0.0395532,-0.8850055,0.5084896,-0.503936,0.4949427,0.4924619,
1,3,8.349,-0.2481813,0.0395532,-0.8850055,0.5084896,-0.503936,0.4949427,0.4924619,
1,3,8.351,-0.2481809,0.0395631,-0.8850078,0.5084659,-0.50393,0.4949557,0.4924793,
1,3,8.353,-0.2481809,0.0395631,-0.8850078,0.5084659,-0.50393,0.4949557,0.4924793,
1,3,8.355,-0.2481809,0.0395631,-0.8850078,0.5084659,-0.50393,0.4949557,0.4924793,
1,3,8.357,-0.2481809,0.0395631,-0.8850078,0.5084659,-0.50393,0.4949557,0.4924793,
1,3,8.359,-0.2481728,0.03955075,-0.8850073,0.508472,-0.503942,0.49495,0.4924665,
1,3,8.361,-0.2481728,0.03955075,-0.8850073,0.508472,-0.503942,0.49495,0.4924665,
1,3,8.363,-0.2481728,0.03955075,-0.8850073,0.508472,-0.503942,0.49495,0.4924665,
1,3,8.365,-0.2481728,0.03955075,-0.8850073,0.508472,-0.503942,0.49495,0.4924665,
1,3,8.367,-0.2481863,0.03955683,-0.8850018,0.5084683,-0.5039402,0.4949668,0.4924553,
1,3,8.369,-0.2481863,0.03955683,-0.8850018,0.5084683,-0.5039402,0.4949668,0.4924553,
1,3,8.371,-0.2481863,0.03955683,-0.8850018,0.5084683,-0.5039402,0.4949668,0.4924553,
1,3,8.373,-0.2481863,0.03955683,-0.8850018,0.5084683,-0.5039402,0.4949668,0.4924553,
1,3,8.375,-0.2481868,0.03956409,-0.8849981,0.5084736,-0.5039325,0.4949688,0.4924556,
1,3,8.377,-0.2481868,0.03956409,-0.8849981,0.5084736,-0.5039325,0.4949688,0.4924556,
1,3,8.379,-0.2481868,0.03956409,-0.8849981,0.5084736,-0.5039325,0.4949688,0.4924556,
1,3,8.381,-0.2481868,0.03956409,-0.8849981,0.5084736,-0.5039325,0.4949688,0.4924556,
1,3,8.383,-0.2481746,0.03955036,-0.8849753,0.5084789,-0.503935,0.4949692,0.4924472,
1,3,8.385,-0.2481746,0.03955036,-0.8849753,0.5084789,-0.503935,0.4949692,0.4924472,
1,3,8.387,-0.2481746,0.03955036,-0.8849753,0.5084789,-0.503935,0.4949692,0.4924472,
1,3,8.389,-0.2481746,0.03955036,-0.8849753,0.5084789,-0.503935,0.4949692,0.4924472,
1,3,8.391,-0.2481802,0.03956002,-0.8849767,0.5084702,-0.5039126,0.4949855,0.4924629,
1,3,8.393,-0.2481802,0.03956002,-0.8849767,0.5084702,-0.5039126,0.4949855,0.4924629,
1,3,8.395,-0.2481802,0.03956002,-0.8849767,0.5084702,-0.5039126,0.4949855,0.4924629,
1,3,8.397,-0.2481802,0.03956002,-0.8849767,0.5084702,-0.5039126,0.4949855,0.4924629,
1,3,8.399,-0.2481802,0.03956002,-0.8849767,0.5084702,-0.5039126,0.4949855,0.4924629,
1,3,8.401,-0.2481844,0.0395777,-0.8849806,0.5084611,-0.5039234,0.4949775,0.4924692,
1,3,8.403,-0.2481844,0.0395777,-0.8849806,0.5084611,-0.5039234,0.4949775,0.4924692,
1,3,8.405,-0.2481844,0.0395777,-0.8849806,0.5084611,-0.5039234,0.4949775,0.4924692,
1,3,8.407,-0.2481844,0.0395777,-0.8849806,0.5084611,-0.5039234,0.4949775,0.4924692,
1,3,8.409,-0.2481778,0.03957571,-0.8849827,0.5084668,-0.5039106,0.494988,0.4924658,
1,3,8.411,-0.2481778,0.03957571,-0.8849827,0.5084668,-0.5039106,0.494988,0.4924658,
1,3,8.413,-0.2481778,0.03957571,-0.8849827,0.5084668,-0.5039106,0.494988,0.4924658,
1,3,8.415,-0.2481778,0.03957571,-0.8849827,0.5084668,-0.5039106,0.494988,0.4924658,
1,3,8.417,-0.2481772,0.03956828,-0.8849794,0.5084841,-0.503916,0.4949789,0.4924517,
1,3,8.419,-0.2481772,0.03956828,-0.8849794,0.5084841,-0.503916,0.4949789,0.4924517,
1,3,8.421,-0.2481772,0.03956828,-0.8849794,0.5084841,-0.503916,0.4949789,0.4924517,
1,3,8.423,-0.2481772,0.03956828,-0.8849794,0.5084841,-0.503916,0.4949789,0.4924517,
1,3,8.425,-0.2481877,0.0395777,-0.8849812,0.5084751,-0.5039057,0.4949963,0.4924539,
1,3,8.427,-0.2481877,0.0395777,-0.8849812,0.5084751,-0.5039057,0.4949963,0.4924539,
1,3,8.429,-0.2481877,0.0395777,-0.8849812,0.5084751,-0.5039057,0.4949963,0.4924539,
1,3,8.431,-0.2481877,0.0395777,-0.8849812,0.5084751,-0.5039057,0.4949963,0.4924539,
1,3,8.433,-0.2481807,0.03955939,-0.8849756,0.5084659,-0.503933,0.494973,0.4924589,
1,3,8.435,-0.2481807,0.03955939,-0.8849756,0.5084659,-0.503933,0.494973,0.4924589,
1,3,8.437,-0.2481807,0.03955939,-0.8849756,0.5084659,-0.503933,0.494973,0.4924589,
1,3,8.439,-0.2481807,0.03955939,-0.8849756,0.5084659,-0.503933,0.494973,0.4924589,
1,3,8.441,-0.2481785,0.03955576,-0.8849738,0.5084784,-0.5039278,0.4949762,0.4924481,
1,3,8.443,-0.2481785,0.03955576,-0.8849738,0.5084784,-0.5039278,0.4949762,0.4924481,
1,3,8.445,-0.2481785,0.03955576,-0.8849738,0.5084784,-0.5039278,0.4949762,0.4924481,
1,3,8.447,-0.2481785,0.03955576,-0.8849738,0.5084784,-0.5039278,0.4949762,0.4924481,
1,3,8.449,-0.2481785,0.03955576,-0.8849738,0.5084784,-0.5039278,0.4949762,0.4924481,
1,3,8.451,-0.2481685,0.03954875,-0.8849712,0.5084779,-0.503942,0.4949537,0.4924567,
1,3,8.453,-0.2481685,0.03954875,-0.8849712,0.5084779,-0.503942,0.4949537,0.4924567,
1,3,8.455,-0.2481685,0.03954875,-0.8849712,0.5084779,-0.503942,0.4949537,0.4924567,
1,3,8.457,-0.2481685,0.03954875,-0.8849712,0.5084779,-0.503942,0.4949537,0.4924567,
1,3,8.459,-0.2481697,0.03955004,-0.8849695,0.508481,-0.5039401,0.4949518,0.4924573,
1,3,8.461,-0.2481697,0.03955004,-0.8849695,0.508481,-0.5039401,0.4949518,0.4924573,
1,3,8.463,-0.2481697,0.03955004,-0.8849695,0.508481,-0.5039401,0.4949518,0.4924573,
1,3,8.465,-0.2481697,0.03955004,-0.8849695,0.508481,-0.5039401,0.4949518,0.4924573,
1,3,8.467,-0.2481774,0.03955298,-0.8849671,0.5084642,-0.5039553,0.4949381,0.492473,
1,3,8.469,-0.2481774,0.03955298,-0.8849671,0.5084642,-0.5039553,0.4949381,0.492473,
1,3,8.471,-0.2481774,0.03955298,-0.8849671,0.5084642,-0.5039553,0.4949381,0.492473,
1,3,8.473,-0.2481774,0.03955298,-0.8849671,0.5084642,-0.5039553,0.4949381,0.492473,
1,3,8.475,-0.248181,0.03954316,-0.8849681,0.508455,-0.5039845,0.4949268,0.4924639,
1,3,8.477,-0.248181,0.03954316,-0.8849681,0.508455,-0.5039845,0.4949268,0.4924639,
1,3,8.479,-0.248181,0.03954316,-0.8849681,0.508455,-0.5039845,0.4949268,0.4924639,
1,3,8.481,-0.248181,0.03954316,-0.8849681,0.508455,-0.5039845,0.4949268,0.4924639,
1,3,8.483,-0.2481723,0.03954946,-0.8849754,0.5084451,-0.503955,0.4949534,0.4924775,
1,3,8.485,-0.2481723,0.03954946,-0.8849754,0.5084451,-0.503955,0.4949534,0.4924775,
1,3,8.487,-0.2481723,0.03954946,-0.8849754,0.5084451,-0.503955,0.4949534,0.4924775,
1,3,8.489,-0.2481723,0.03954946,-0.8849754,0.5084451,-0.503955,0.4949534,0.4924775,
1,3,8.491,-0.2481771,0.03954599,-0.8849692,0.5084522,-0.5039561,0.4949571,0.4924653,
1,3,8.493,-0.2481771,0.03954599,-0.8849692,0.5084522,-0.5039561,0.4949571,0.4924653,
1,3,8.495,-0.2481771,0.03954599,-0.8849692,0.5084522,-0.5039561,0.4949571,0.4924653,
1,3,8.497,-0.2481771,0.03954599,-0.8849692,0.5084522,-0.5039561,0.4949571,0.4924653,
1,3,8.499,-0.2481771,0.03954599,-0.8849692,0.5084522,-0.5039561,0.4949571,0.4924653,
1,3,8.501,-0.2481794,0.03954308,-0.884973,0.5084586,-0.5039513,0.4949595,0.4924612,
1,3,8.503,-0.2481794,0.03954308,-0.884973,0.5084586,-0.5039513,0.4949595,0.4924612,
1,3,8.505,-0.2481794,0.03954308,-0.884973,0.5084586,-0.5039513,0.4949595,0.4924612,
1,3,8.507,-0.2481794,0.03954308,-0.884973,0.5084586,-0.5039513,0.4949595,0.4924612,
1,3,8.509,-0.2481703,0.03954012,-0.8849839,0.5084586,-0.5039485,0.4949486,0.4924751,
1,3,8.511,-0.2481703,0.03954012,-0.8849839,0.5084586,-0.5039485,0.4949486,0.4924751,
1,3,8.513,-0.2481703,0.03954012,-0.8849839,0.5084586,-0.5039485,0.4949486,0.4924751,
1,3,8.515,-0.2481703,0.03954012,-0.8849839,0.5084586,-0.5039485,0.4949486,0.4924751,
1,3,8.517,-0.2481739,0.03956486,-0.884985,0.508444,-0.5039182,0.4949819,0.4924877,
1,3,8.519,-0.2481739,0.03956486,-0.884985,0.508444,-0.5039182,0.4949819,0.4924877,
1,3,8.521,-0.2481739,0.03956486,-0.884985,0.508444,-0.5039182,0.4949819,0.4924877,
1,3,8.523,-0.2481739,0.03956486,-0.884985,0.508444,-0.5039182,0.4949819,0.4924877,
1,3,8.525,-0.2481752,0.03955348,-0.8849862,0.5084514,-0.50391,0.4949903,0.4924799,
1,3,8.527,-0.2481752,0.03955348,-0.8849862,0.5084514,-0.50391,0.4949903,0.4924799,
1,3,8.529,-0.2481752,0.03955348,-0.8849862,0.5084514,-0.50391,0.4949903,0.4924799,
1,3,8.531,-0.2481752,0.03955348,-0.8849862,0.5084514,-0.50391,0.4949903,0.4924799,
1,3,8.533,-0.2481709,0.03955797,-0.8849874,0.5084624,-0.5039359,0.4949739,0.4924587,
1,3,8.535,-0.2481709,0.03955797,-0.8849874,0.5084624,-0.5039359,0.4949739,0.4924587,
1,3,8.537,-0.2481709,0.03955797,-0.8849874,0.5084624,-0.5039359,0.4949739,0.4924587,
1,3,8.539,-0.2481709,0.03955797,-0.8849874,0.5084624,-0.5039359,0.4949739,0.4924587,
1,3,8.541,-0.2481618,0.03956693,-0.8849832,0.5084516,-0.5039216,0.4949732,0.4924852,
1,3,8.543,-0.2481618,0.03956693,-0.8849832,0.5084516,-0.5039216,0.4949732,0.4924852,
1,3,8.545,-0.2481618,0.03956693,-0.8849832,0.5084516,-0.5039216,0.4949732,0.4924852,
1,3,8.547,-0.2481618,0.03956693,-0.8849832,0.5084516,-0.5039216,0.4949732,0.4924852,
1,3,8.549,-0.2481618,0.03956693,-0.8849832,0.5084516,-0.5039216,0.4949732,0.4924852,
1,3,8.551,-0.2481734,0.0395693,-0.8849901,0.5084364,-0.5039054,0.4949875,0.492503,
1,3,8.553,-0.2481734,0.0395693,-0.8849901,0.5084364,-0.5039054,0.4949875,0.492503,
1,3,8.555,-0.2481734,0.0395693,-0.8849901,0.5084364,-0.5039054,0.4949875,0.492503,
1,3,8.557,-0.2481734,0.0395693,-0.8849901,0.5084364,-0.5039054,0.4949875,0.492503,
1,3,8.559,-0.2481827,0.03956896,-0.8849883,0.5084437,-0.5039078,0.4949774,0.4925032,
1,3,8.561,-0.2481827,0.03956896,-0.8849883,0.5084437,-0.5039078,0.4949774,0.4925032,
1,3,8.563,-0.2481827,0.03956896,-0.8849883,0.5084437,-0.5039078,0.4949774,0.4925032,
1,3,8.565,-0.2481827,0.03956896,-0.8849883,0.5084437,-0.5039078,0.4949774,0.4925032,
1,3,8.567,-0.2481822,0.03956982,-0.8849959,0.5084366,-0.5039021,0.4949891,0.4925045,
1,3,8.569,-0.2481822,0.03956982,-0.8849959,0.5084366,-0.5039021,0.4949891,0.4925045,
1,3,8.571,-0.2481822,0.03956982,-0.8849959,0.5084366,-0.5039021,0.4949891,0.4925045,
1,3,8.573,-0.2481822,0.03956982,-0.8849959,0.5084366,-0.5039021,0.4949891,0.4925045,
1,3,8.575,-0.2481705,0.03956313,-0.884994,0.5084489,-0.5039036,0.4949809,0.4924986,
1,3,8.577,-0.2481705,0.03956313,-0.884994,0.5084489,-0.5039036,0.4949809,0.4924986,
1,3,8.579,-0.2481705,0.03956313,-0.884994,0.5084489,-0.5039036,0.4949809,0.4924986,
1,3,8.581,-0.2481705,0.03956313,-0.884994,0.5084489,-0.5039036,0.4949809,0.4924986,
1,3,8.583,-0.2481831,0.03955387,-0.8849928,0.5084515,-0.5039377,0.494952,0.4924899,
1,3,8.585,-0.2481831,0.03955387,-0.8849928,0.5084515,-0.5039377,0.494952,0.4924899,
1,3,8.587,-0.2481831,0.03955387,-0.8849928,0.5084515,-0.5039377,0.494952,0.4924899,
1,3,8.589,-0.2481831,0.03955387,-0.8849928,0.5084515,-0.5039377,0.494952,0.4924899,
1,3,8.591,-0.2481841,0.03955226,-0.884994,0.5084543,-0.5039282,0.4949656,0.4924833,
1,3,8.593,-0.2481841,0.03955226,-0.884994,0.5084543,-0.5039282,0.4949656,0.4924833,
1,3,8.595,-0.2481841,0.03955226,-0.884994,0.5084543,-0.5039282,0.4949656,0.4924833,
1,3,8.597,-0.2481841,0.03955226,-0.884994,0.5084543,-0.5039282,0.4949656,0.4924833,
1,3,8.599,-0.2481841,0.03955226,-0.884994,0.5084543,-0.5039282,0.4949656,0.4924833,
1,3,8.601,-0.2481792,0.03955801,-0.8849912,0.508449,-0.5039352,0.4949573,0.4924899,
1,3,8.603,-0.2481792,0.03955801,-0.8849912,0.508449,-0.5039352,0.4949573,0.4924899,
1,3,8.605,-0.2481792,0.03955801,-0.8849912,0.508449,-0.5039352,0.4949573,0.4924899,
1,3,8.607,-0.2481792,0.03955801,-0.8849912,0.508449,-0.5039352,0.4949573,0.4924899,
1,3,8.609,-0.2481683,0.03954821,-0.8849915,0.5084827,-0.5039379,0.4949473,0.4924624,
1,3,8.611,-0.2481683,0.03954821,-0.8849915,0.5084827,-0.5039379,0.4949473,0.4924624,
1,3,8.613,-0.2481683,0.03954821,-0.8849915,0.5084827,-0.5039379,0.4949473,0.4924624,
1,3,8.615,-0.2481683,0.03954821,-0.8849915,0.5084827,-0.5039379,0.4949473,0.4924624,
1,3,8.617,-0.2481713,0.0395435,-0.8849922,0.5084838,-0.5039331,0.4949453,0.4924682,
1,3,8.619,-0.2481713,0.0395435,-0.8849922,0.5084838,-0.5039331,0.4949453,0.4924682,
1,3,8.621,-0.2481713,0.0395435,-0.8849922,0.5084838,-0.5039331,0.4949453,0.4924682,
1,3,8.623,-0.2481713,0.0395435,-0.8849922,0.5084838,-0.5039331,0.4949453,0.4924682,
1,3,8.625,-0.2481866,0.03951557,-0.8850056,0.5084734,-0.5039834,0.4948762,0.4924968,
1,3,8.627,-0.2481866,0.03951557,-0.8850056,0.5084734,-0.5039834,0.4948762,0.4924968,
1,3,8.629,-0.2481866,0.03951557,-0.8850056,0.5084734,-0.5039834,0.4948762,0.4924968,
1,3,8.631,-0.2481866,0.03951557,-0.8850056,0.5084734,-0.5039834,0.4948762,0.4924968,
1,3,8.633,-0.2481835,0.03954148,-0.8849845,0.5084532,-0.5039733,0.4949073,0.4924967,
1,3,8.635,-0.2481835,0.03954148,-0.8849845,0.5084532,-0.5039733,0.4949073,0.4924967,
1,3,8.637,-0.2481835,0.03954148,-0.8849845,0.5084532,-0.5039733,0.4949073,0.4924967,
1,3,8.639,-0.2481835,0.03954148,-0.8849845,0.5084532,-0.5039733,0.4949073,0.4924967,
1,3,8.641,-0.2481832,0.03954834,-0.8849814,0.5084674,-0.5039735,0.494929,0.4924602,
1,3,8.643,-0.2481832,0.03954834,-0.8849814,0.5084674,-0.5039735,0.494929,0.4924602,
1,3,8.645,-0.2481832,0.03954834,-0.8849814,0.5084674,-0.5039735,0.494929,0.4924602,
1,3,8.647,-0.2481832,0.03954834,-0.8849814,0.5084674,-0.5039735,0.494929,0.4924602,
1,3,8.649,-0.2481832,0.03954834,-0.8849814,0.5084674,-0.5039735,0.494929,0.4924602,
1,3,8.651,-0.2481741,0.03951543,-0.884995,0.5084842,-0.504011,0.4948569,0.4924769,
1,3,8.653,-0.2481741,0.03951543,-0.884995,0.5084842,-0.504011,0.4948569,0.4924769,
1,3,8.655,-0.2481741,0.03951543,-0.884995,0.5084842,-0.504011,0.4948569,0.4924769,
1,3,8.657,-0.2481741,0.03951543,-0.884995,0.5084842,-0.504011,0.4948569,0.4924769,
1,3,8.659,-0.248171,0.03951164,-0.8849772,0.5084822,-0.5040124,0.4948533,0.4924812,
1,3,8.661,-0.248171,0.03951164,-0.8849772,0.5084822,-0.5040124,0.4948533,0.4924812,
1,3,8.663,-0.248171,0.03951164,-0.8849772,0.5084822,-0.5040124,0.4948533,0.4924812,
1,3,8.665,-0.248171,0.03951164,-0.8849772,0.5084822,-0.5040124,0.4948533,0.4924812,
1,3,8.667,-0.2481733,0.03953936,-0.8849883,0.5084783,-0.5039793,0.4948956,0.4924764,
1,3,8.669,-0.2481733,0.03953936,-0.8849883,0.5084783,-0.5039793,0.4948956,0.4924764,
1,3,8.671,-0.2481733,0.03953936,-0.8849883,0.5084783,-0.5039793,0.4948956,0.4924764,
1,3,8.673,-0.2481733,0.03953936,-0.8849883,0.5084783,-0.5039793,0.4948956,0.4924764,
1,3,8.675,-0.2481754,0.03954327,-0.8849917,0.5084821,-0.5039713,0.4949145,0.4924617,
1,3,8.677,-0.2481754,0.03954327,-0.8849917,0.5084821,-0.5039713,0.4949145,0.4924617,
1,3,8.679,-0.2481754,0.03954327,-0.8849917,0.5084821,-0.5039713,0.4949145,0.4924617,
1,3,8.681,-0.2481754,0.03954327,-0.8849917,0.5084821,-0.5039713,0.4949145,0.4924617,
1,3,8.683,-0.2481663,0.03952738,-0.8849813,0.5085009,-0.5039739,0.4948951,0.4924592,
1,3,8.685,-0.2481663,0.03952738,-0.8849813,0.5085009,-0.5039739,0.4948951,0.4924592,
1,3,8.687,-0.2481663,0.03952738,-0.8849813,0.5085009,-0.5039739,0.4948951,0.4924592,
1,3,8.689,-0.2481663,0.03952738,-0.8849813,0.5085009,-0.5039739,0.4948951,0.4924592,
1,3,8.691,-0.2481674,0.03954165,-0.8849772,0.508495,-0.5039594,0.4949147,0.4924604,
1,3,8.693,-0.2481674,0.03954165,-0.8849772,0.508495,-0.5039594,0.4949147,0.4924604,
1,3,8.695,-0.2481674,0.03954165,-0.8849772,0.508495,-0.5039594,0.4949147,0.4924604,
1,3,8.697,-0.2481674,0.03954165,-0.8849772,0.508495,-0.5039594,0.4949147,0.4924604,
1,3,8.699,-0.2481674,0.03954165,-0.8849772,0.508495,-0.5039594,0.4949147,0.4924604,
1,3,8.701,-0.2481623,0.0395549,-0.8849723,0.508487,-0.5039375,0.4949304,0.4924754,
1,3,8.703,-0.2481623,0.0395549,-0.8849723,0.508487,-0.5039375,0.4949304,0.4924754,
1,3,8.705,-0.2481623,0.0395549,-0.8849723,0.508487,-0.5039375,0.4949304,0.4924754,
1,3,8.707,-0.2481623,0.0395549,-0.8849723,0.508487,-0.5039375,0.4949304,0.4924754,
1,3,8.709,-0.24817,0.03955068,-0.8849816,0.5084779,-0.5039335,0.4949349,0.4924843,
1,3,8.711,-0.24817,0.03955068,-0.8849816,0.5084779,-0.5039335,0.4949349,0.4924843,
1,3,8.713,-0.24817,0.03955068,-0.8849816,0.5084779,-0.5039335,0.4949349,0.4924843,
1,3,8.715,-0.24817,0.03955068,-0.8849816,0.5084779,-0.5039335,0.4949349,0.4924843,
1,3,8.717,-0.2481769,0.03953373,-0.8849856,0.5084836,-0.5039557,0.4949211,0.4924696,
1,3,8.719,-0.2481769,0.03953373,-0.8849856,0.5084836,-0.5039557,0.4949211,0.4924696,
1,3,8.721,-0.2481769,0.03953373,-0.8849856,0.5084836,-0.5039557,0.4949211,0.4924696,
1,3,8.723,-0.2481769,0.03953373,-0.8849856,0.5084836,-0.5039557,0.4949211,0.4924696,
1,3,8.725,-0.2481655,0.03953158,-0.884984,0.5084839,-0.503967,0.4949035,0.4924753,
1,3,8.727,-0.2481655,0.03953158,-0.884984,0.5084839,-0.503967,0.4949035,0.4924753,
1,3,8.729,-0.2481655,0.03953158,-0.884984,0.5084839,-0.503967,0.4949035,0.4924753,
1,3,8.731,-0.2481655,0.03953158,-0.884984,0.5084839,-0.503967,0.4949035,0.4924753,
1,3,8.733,-0.2481673,0.03953227,-0.884989,0.5084928,-0.5039644,0.4949144,0.4924579,
1,3,8.735,-0.2481673,0.03953227,-0.884989,0.5084928,-0.5039644,0.4949144,0.4924579,
1,3,8.737,-0.2481673,0.03953227,-0.884989,0.5084928,-0.5039644,0.4949144,0.4924579,
1,3,8.739,-0.2481673,0.03953227,-0.884989,0.5084928,-0.5039644,0.4949144,0.4924579,
1,3,8.741,-0.2481738,0.0395462,-0.8849837,0.5084777,-0.5039541,0.4949273,0.492471,
1,3,8.743,-0.2481738,0.0395462,-0.8849837,0.5084777,-0.5039541,0.4949273,0.492471,
1,3,8.745,-0.2481738,0.0395462,-0.8849837,0.5084777,-0.5039541,0.4949273,0.492471,
1,3,8.747,-0.2481738,0.0395462,-0.8849837,0.5084777,-0.5039541,0.4949273,0.492471,
1,3,8.749,-0.2481738,0.0395462,-0.8849837,0.5084777,-0.5039541,0.4949273,0.492471,
1,3,8.751,-0.2481687,0.03953467,-0.884984,0.5084871,-0.5039603,0.4949187,0.4924637,
1,3,8.753,-0.2481687,0.03953467,-0.884984,0.5084871,-0.5039603,0.4949187,0.4924637,
1,3,8.755,-0.2481687,0.03953467,-0.884984,0.5084871,-0.5039603,0.4949187,0.4924637,CourtEnter
1,3,8.757,-0.2481687,0.03953467,-0.884984,0.5084871,-0.5039603,0.4949187,0.4924637,
1,3,8.759,-0.2481751,0.03954374,-0.8849834,0.508454,-0.5039546,0.4949354,0.4924869,
1,3,8.761,-0.2481751,0.03954374,-0.8849834,0.508454,-0.5039546,0.4949354,0.4924869,
1,3,8.763,-0.2481751,0.03954374,-0.8849834,0.508454,-0.5039546,0.4949354,0.4924869,
1,3,8.765,-0.2481751,0.03954374,-0.8849834,0.508454,-0.5039546,0.4949354,0.4924869,
1,3,8.767,-0.2481786,0.03955325,-0.8849854,0.5084543,-0.503949,0.4949366,0.4924912,CourtExit
1,3,8.769,-0.2481786,0.03955325,-0.8849854,0.5084543,-0.503949,0.4949366,0.4924912,
1,3,8.771,-0.2481786,0.03955325,-0.8849854,0.5084543,-0.503949,0.4949366,0.4924912,
1,3,8.773,-0.2481786,0.03955325,-0.8849854,0.5084543,-0.503949,0.4949366,0.4924912,
1,3,8.775,-0.2481677,0.03954439,-0.8849912,0.5084782,-0.5039451,0.4949297,0.4924775,
1,3,8.777,-0.2481677,0.03954439,-0.8849912,0.5084782,-0.5039451,0.4949297,0.4924775,
1,3,8.779,-0.2481677,0.03954439,-0.8849912,0.5084782,-0.5039451,0.4949297,0.4924775,
1,3,8.781,-0.2481677,0.03954439,-0.8849912,0.5084782,-0.5039451,0.4949297,0.4924775,
1,3,8.783,-0.2481776,0.03955544,-0.8849915,0.5084668,-0.5039405,0.4949414,0.4924819,
1,3,8.785,-0.2481776,0.03955544,-0.8849915,0.5084668,-0.5039405,0.4949414,0.4924819,
1,3,8.787,-0.2481776,0.03955544,-0.8849915,0.5084668,-0.5039405,0.4949414,0.4924819,
1,3,8.789,-0.2481776,0.03955544,-0.8849915,0.5084668,-0.5039405,0.4949414,0.4924819,
1,3,8.791,-0.2481837,0.03953715,-0.8849958,0.5084838,-0.5039624,0.4949081,0.4924757,
1,3,8.793,-0.2481837,0.03953715,-0.8849958,0.5084838,-0.5039624,0.4949081,0.4924757,
1,3,8.795,-0.2481837,0.03953715,-0.8849958,0.5084838,-0.5039624,0.4949081,0.4924757,
1,3,8.797,-0.2481837,0.03953715,-0.8849958,0.5084838,-0.5039624,0.4949081,0.4924757,
1,3,8.799,-0.2481837,0.03953715,-0.8849958,0.5084838,-0.5039624,0.4949081,0.4924757,
1,3,8.801,-0.2481817,0.03954621,-0.8849894,0.5084711,-0.5039617,0.4949172,0.4924802,
1,3,8.803,-0.2481817,0.03954621,-0.8849894,0.5084711,-0.5039617,0.4949172,0.4924802,
1,3,8.805,-0.2481817,0.03954621,-0.8849894,0.5084711,-0.5039617,0.4949172,0.4924802,
1,3,8.807,-0.2481817,0.03954621,-0.8849894,0.5084711,-0.5039617,0.4949172,0.4924802,
1,3,8.809,-0.2481778,0.03953208,-0.8849926,0.5084746,-0.503956,0.4949278,0.4924718,
1,3,8.811,-0.2481778,0.03953208,-0.8849926,0.5084746,-0.503956,0.4949278,0.4924718,
1,3,8.813,-0.2481778,0.03953208,-0.8849926,0.5084746,-0.503956,0.4949278,0.4924718,
1,3,8.815,-0.2481778,0.03953208,-0.8849926,0.5084746,-0.503956,0.4949278,0.4924718,
1,3,8.817,-0.2481803,0.03955613,-0.8849869,0.5084292,-0.5039549,0.4949417,0.4925058,
1,3,8.819,-0.2481803,0.03955613,-0.8849869,0.5084292,-0.5039549,0.4949417,0.4925058,
1,3,8.821,-0.2481803,0.03955613,-0.8849869,0.5084292,-0.5039549,0.4949417,0.4925058,
1,3,8.823,-0.2481803,0.03955613,-0.8849869,0.5084292,-0.5039549,0.4949417,0.4925058,
1,3,8.825,-0.2481837,0.03953719,-0.8849871,0.5084339,-0.503977,0.4949308,0.4924894,
1,3,8.827,-0.2481837,0.03953719,-0.8849871,0.5084339,-0.503977,0.4949308,0.4924894,
1,3,8.829,-0.2481837,0.03953719,-0.8849871,0.5084339,-0.503977,0.4949308,0.4924894,
1,3,8.831,-0.2481837,0.03953719,-0.8849871,0.5084339,-0.503977,0.4949308,0.4924894,
1,3,8.833,-0.24818,0.03953966,-0.8849918,0.5084499,-0.5039759,0.4949221,0.4924828,
1,3,8.835,-0.24818,0.03953966,-0.8849918,0.5084499,-0.5039759,0.4949221,0.4924828,
1,3,8.837,-0.24818,0.03953966,-0.8849918,0.5084499,-0.5039759,0.4949221,0.4924828,
1,3,8.839,-0.24818,0.03953966,-0.8849918,0.5084499,-0.5039759,0.4949221,0.4924828,
1,3,8.841,-0.2481825,0.03953638,-0.884989,0.5084485,-0.5039685,0.4949301,0.4924838,
1,3,8.843,-0.2481825,0.03953638,-0.884989,0.5084485,-0.5039685,0.4949301,0.4924838,
1,3,8.845,-0.2481825,0.03953638,-0.884989,0.5084485,-0.5039685,0.4949301,0.4924838,
1,3,8.847,-0.2481825,0.03953638,-0.884989,0.5084485,-0.5039685,0.4949301,0.4924838,
1,3,8.849,-0.2481825,0.03953638,-0.884989,0.5084485,-0.5039685,0.4949301,0.4924838,
1,3,8.851,-0.2481895,0.03954018,-0.8849956,0.508431,-0.5039751,0.4949328,0.4924922,
1,3,8.853,-0.2481895,0.03954018,-0.8849956,0.508431,-0.5039751,0.4949328,0.4924922,
1,3,8.855,-0.2481895,0.03954018,-0.8849956,0.508431,-0.5039751,0.4949328,0.4924922,
1,3,8.857,-0.2481895,0.03954018,-0.8849956,0.508431,-0.5039751,0.4949328,0.4924922,
1,3,8.859,-0.2481771,0.0395254,-0.8849908,0.5084496,-0.5040079,0.4948884,0.4924841,
1,3,8.861,-0.2481771,0.0395254,-0.8849908,0.5084496,-0.5040079,0.4948884,0.4924841,
1,3,8.863,-0.2481771,0.0395254,-0.8849908,0.5084496,-0.5040079,0.4948884,0.4924841,
1,3,8.865,-0.2481771,0.0395254,-0.8849908,0.5084496,-0.5040079,0.4948884,0.4924841,
1,3,8.867,-0.2481793,0.03953242,-0.8849948,0.5084552,-0.5039982,0.4948987,0.4924778,
1,3,8.869,-0.2481793,0.03953242,-0.8849948,0.5084552,-0.5039982,0.4948987,0.4924778,
1,3,8.871,-0.2481793,0.03953242,-0.8849948,0.5084552,-0.5039982,0.4948987,0.4924778,
1,3,8.873,-0.2481793,0.03953242,-0.8849948,0.5084552,-0.5039982,0.4948987,0.4924778,
1,3,8.875,-0.2481753,0.03953299,-0.8849933,0.5084673,-0.5039767,0.4949118,0.4924742,
1,3,8.877,-0.2481753,0.03953299,-0.8849933,0.5084673,-0.5039767,0.4949118,0.4924742,
1,3,8.879,-0.2481753,0.03953299,-0.8849933,0.5084673,-0.5039767,0.4949118,0.4924742,
1,3,8.881,-0.2481753,0.03953299,-0.8849933,0.5084673,-0.5039767,0.4949118,0.4924742,
1,3,8.883,-0.248178,0.03952113,-0.8849935,0.508472,-0.5040014,0.4948731,0.4924832,
1,3,8.885,-0.248178,0.03952113,-0.8849935,0.508472,-0.5040014,0.4948731,0.4924832,
1,3,8.887,-0.248178,0.03952113,-0.8849935,0.508472,-0.5040014,0.4948731,0.4924832,
1,3,8.889,-0.248178,0.03952113,-0.8849935,0.508472,-0.5040014,0.4948731,0.4924832,
1,3,8.891,-0.2481867,0.03953046,-0.8850018,0.5084695,-0.5040169,0.4948757,0.4924672,
1,3,8.893,-0.2481867,0.03953046,-0.8850018,0.5084695,-0.5040169,0.4948757,0.4924672,
1,3,8.895,-0.2481867,0.03953046,-0.8850018,0.5084695,-0.5040169,0.4948757,0.4924672,
1,3,8.897,-0.2481867,0.03953046,-0.8850018,0.5084695,-0.5040169,0.4948757,0.4924672,
1,3,8.899,-0.2481867,0.03953046,-0.8850018,0.5084695,-0.5040169,0.4948757,0.4924672,
1,3,8.901,-0.2481684,0.03953914,-0.8849875,0.5084541,-0.5039545,0.4949227,0.4924997,
1,3,8.903,-0.2481684,0.03953914,-0.8849875,0.5084541,-0.5039545,0.4949227,0.4924997,
1,3,8.905,-0.2481684,0.03953914,-0.8849875,0.5084541,-0.5039545,0.4949227,0.4924997,
1,3,8.907,-0.2481684,0.03953914,-0.8849875,0.5084541,-0.5039545,0.4949227,0.4924997,
1,3,8.909,-0.2481687,0.03954742,-0.8849873,0.5084615,-0.5039331,0.49493,0.4925066,
1,3,8.911,-0.2481687,0.03954742,-0.8849873,0.5084615,-0.5039331,0.49493,0.4925066,
1,3,8.913,-0.2481687,0.03954742,-0.8849873,0.5084615,-0.5039331,0.49493,0.4925066,
1,3,8.915,-0.2481687,0.03954742,-0.8849873,0.5084615,-0.5039331,0.49493,0.4925066,
1,3,8.917,-0.2481747,0.0395374,-0.8849851,0.5084593,-0.5039536,0.4949145,0.4925033,
1,3,8.919,-0.2481747,0.0395374,-0.8849851,0.5084593,-0.5039536,0.4949145,0.4925033,
1,3,8.921,-0.2481747,0.0395374,-0.8849851,0.5084593,-0.5039536,0.4949145,0.4925033,
1,3,8.923,-0.2481747,0.0395374,-0.8849851,0.5084593,-0.5039536,0.4949145,0.4925033,
1,3,8.925,-0.2481693,0.03954002,-0.8849949,0.5084713,-0.5039533,0.4949248,0.4924811,
1,3,8.927,-0.2481693,0.03954002,-0.8849949,0.5084713,-0.5039533,0.4949248,0.4924811,
1,3,8.929,-0.2481693,0.03954002,-0.8849949,0.5084713,-0.5039533,0.4949248,0.4924811,
1,3,8.931,-0.2481693,0.03954002,-0.8849949,0.5084713,-0.5039533,0.4949248,0.4924811,
1,3,8.933,-0.2481701,0.03954267,-0.8849943,0.5084578,-0.5039504,0.4949274,0.4924953,
1,3,8.935,-0.2481701,0.03954267,-0.8849943,0.5084578,-0.5039504,0.4949274,0.4924953,
1,3,8.937,-0.2481701,0.03954267,-0.8849943,0.5084578,-0.5039504,0.4949274,0.4924953,
1,3,8.939,-0.2481701,0.03954267,-0.8849943,0.5084578,-0.5039504,0.4949274,0.4924953,
1,3,8.941,-0.2481712,0.03953163,-0.8849915,0.5084487,-0.5039794,0.4949113,0.4924912,
1,3,8.943,-0.2481712,0.03953163,-0.8849915,0.5084487,-0.5039794,0.4949113,0.4924912,
1,3,8.945,-0.2481712,0.03953163,-0.8849915,0.5084487,-0.5039794,0.4949113,0.4924912,
1,3,8.947,-0.2481712,0.03953163,-0.8849915,0.5084487,-0.5039794,0.4949113,0.4924912,
1,3,8.949,-0.2481712,0.03953163,-0.8849915,0.5084487,-0.5039794,0.4949113,0.4924912,
1,3,8.951,-0.2481744,0.03954127,-0.8850004,0.5084633,-0.5039698,0.4948896,0.4925077,
1,3,8.953,-0.2481744,0.03954127,-0.8850004,0.5084633,-0.5039698,0.4948896,0.4925077,
1,3,8.955,-0.2481744,0.03954127,-0.8850004,0.5084633,-0.5039698,0.4948896,0.4925077,
1,3,8.957,-0.2481744,0.03954127,-0.8850004,0.5084633,-0.5039698,0.4948896,0.4925077,
1,3,8.959,-0.2481587,0.03953653,-0.884993,0.5084579,-0.5039606,0.4948997,0.4925126,
1,3,8.961,-0.2481587,0.03953653,-0.884993,0.5084579,-0.5039606,0.4948997,0.4925126,
1,3,8.963,-0.2481587,0.03953653,-0.884993,0.5084579,-0.5039606,0.4948997,0.4925126,
1,3,8.965,-0.2481587,0.03953653,-0.884993,0.5084579,-0.5039606,0.4948997,0.4925126,
1,3,8.967,-0.248165,0.03953801,-0.8849996,0.5084648,-0.5039634,0.4948978,0.4925045,
1,3,8.969,-0.248165,0.03953801,-0.8849996,0.5084648,-0.5039634,0.4948978,0.4925045,
1,3,8.971,-0.248165,0.03953801,-0.8849996,0.5084648,-0.5039634,0.4948978,0.4925045,
1,3,8.973,-0.248165,0.03953801,-0.8849996,0.5084648,-0.5039634,0.4948978,0.4925045,
1,3,8.975,-0.2481725,0.03954165,-0.8850016,0.5084627,-0.5039693,0.4948957,0.4925028,
1,3,8.977,-0.2481725,0.03954165,-0.8850016,0.5084627,-0.5039693,0.4948957,0.4925028,
1,3,8.979,-0.2481725,0.03954165,-0.8850016,0.5084627,-0.5039693,0.4948957,0.4925028,
1,3,8.981,-0.2481725,0.03954165,-0.8850016,0.5084627,-0.5039693,0.4948957,0.4925028,
1,3,8.983,-0.2481801,0.03953415,-0.8850003,0.5084601,-0.5039942,0.494882,0.4924937,
1,3,8.985,-0.2481801,0.03953415,-0.8850003,0.5084601,-0.5039942,0.494882,0.4924937,
1,3,8.987,-0.2481801,0.03953415,-0.8850003,0.5084601,-0.5039942,0.494882,0.4924937,
1,3,8.989,-0.2481801,0.03953415,-0.8850003,0.5084601,-0.5039942,0.494882,0.4924937,
1,3,8.991,-0.2481731,0.03953967,-0.8849829,0.5084566,-0.5039645,0.494913,0.4924967,
1,3,8.993,-0.2481731,0.03953967,-0.8849829,0.5084566,-0.5039645,0.494913,0.4924967,
1,3,8.995,-0.2481731,0.03953967,-0.8849829,0.5084566,-0.5039645,0.494913,0.4924967,
1,3,8.997,-0.2481731,0.03953967,-0.8849829,0.5084566,-0.5039645,0.494913,0.4924967,
1,3,8.999,-0.2481731,0.03953967,-0.8849829,0.5084566,-0.5039645,0.494913,0.4924967,
1,4,9.001,-0.2481632,0.03953806,-0.884984,0.5084636,-0.503957,0.4949148,0.4924952,TrialStart
1,4,9.003,-0.2481632,0.03953806,-0.884984,0.5084636,-0.503957,0.4949148,0.4924952,
1,4,9.005,-0.2481632,0.03953806,-0.884984,0.5084636,-0.503957,0.4949148,0.4924952,
1,4,9.007,-0.2481632,0.03953806,-0.884984,0.5084636,-0.503957,0.4949148,0.4924952,
1,4,9.009,-0.2481741,0.03953036,-0.8850008,0.508459,-0.503983,0.4948912,0.4924971,
1,4,9.011,-0.2481741,0.03953036,-0.8850008,0.508459,-0.503983,0.4948912,0.4924971,
1,4,9.013,-0.2481741,0.03953036,-0.8850008,0.508459,-0.503983,0.4948912,0.4924971,
1,4,9.015,-0.2481741,0.03953036,-0.8850008,0.508459,-0.503983,0.4948912,0.4924971,
1,4,9.017,-0.2481781,0.0395375,-0.8849891,0.5084655,-0.503989,0.4948766,0.4924989,
1,4,9.019,-0.2481781,0.0395375,-0.8849891,0.5084655,-0.503989,0.4948766,0.4924989,
1,4,9.021,-0.2481781,0.0395375,-0.8849891,0.5084655,-0.503989,0.4948766,0.4924989,
1,4,9.023,-0.2481781,0.0395375,-0.8849891,0.5084655,-0.503989,0.4948766,0.4924989,
1,4,9.025,-0.248188,0.03952597,-0.8849876,0.5084727,-0.5039762,0.494906,0.4924749,
1,4,9.027,-0.248188,0.03952597,-0.8849876,0.5084727,-0.5039762,0.494906,0.4924749,
1,4,9.029,-0.248188,0.03952597,-0.8849876,0.5084727,-0.5039762,0.494906,0.4924749,
1,4,9.031,-0.248188,0.03952597,-0.8849876,0.5084727,-0.5039762,0.494906,0.4924749,
1,4,9.033,-0.2481795,0.03954007,-0.8849936,0.5084721,-0.5039676,0.4949055,0.4924848,
1,4,9.035,-0.2481795,0.03954007,-0.8849936,0.5084721,-0.5039676,0.4949055,0.4924848,
1,4,9.037,-0.2481795,0.03954007,-0.8849936,0.5084721,-0.5039676,0.4949055,0.4924848,
1,4,9.039,-0.2481795,0.03954007,-0.8849936,0.5084721,-0.5039676,0.4949055,0.4924848,
1,4,9.041,-0.248182,0.0395338,-0.8849885,0.5084743,-0.5039705,0.4949065,0.4924786,
1,4,9.043,-0.248182,0.0395338,-0.8849885,0.5084743,-0.5039705,0.4949065,0.4924786,
1,4,9.045,-0.248182,0.0395338,-0.8849885,0.5084743,-0.5039705,0.4949065,0.4924786,
1,4,9.047,-0.248182,0.0395338,-0.8849885,0.5084743,-0.5039705,0.4949065,0.4924786,
1,4,9.049,-0.248182,0.0395338,-0.8849885,0.5084743,-0.5039705,0.4949065,0.4924786,
1,4,9.051,-0.2481827,0.0395233,-0.8849921,0.5084791,-0.5039726,0.494892,0.492486,
1,4,9.053,-0.2481827,0.0395233,-0.8849921,0.5084791,-0.5039726,0.494892,0.492486,
1,4,9.055,-0.2481827,0.0395233,-0.8849921,0.5084791,-0.5039726,0.494892,0.492486,
1,4,9.057,-0.2481827,0.0395233,-0.8849921,0.5084791,-0.5039726,0.494892,0.492486,
1,4,9.059,-0.2481748,0.0395379,-0.8849894,0.5084662,-0.5039683,0.4948946,0.4925012,
1,4,9.061,-0.2481748,0.0395379,-0.8849894,0.5084662,-0.5039683,0.4948946,0.4925012,
1,4,9.063,-0.2481748,0.0395379,-0.8849894,0.5084662,-0.5039683,0.4948946,0.4925012,
1,4,9.065,-0.2481748,0.0395379,-0.8849894,0.5084662,-0.5039683,0.4948946,0.4925012,
1,4,9.067,-0.2481745,0.0395394,-0.8849856,0.5084679,-0.5039573,0.4949121,0.4924931,
1,4,9.069,-0.2481745,0.0395394,-0.8849856,0.5084679,-0.5039573,0.4949121,0.4924931,
1,4,9.071,-0.2481745,0.0395394,-0.8849856,0.5084679,-0.5039573,0.4949121,0.4924931,
1,4,9.073,-0.2481745,0.0395394,-0.8849856,0.5084679,-0.5039573,0.4949121,0.4924931,
1,4,9.075,-0.2481757,0.03951918,-0.8849937,0.5084848,-0.5039774,0.4948917,0.4924756,
1,4,9.077,-0.2481757,0.03951918,-0.8849937,0.5084848,-0.5039774,0.4948917,0.4924756,
1,4,9.079,-0.2481757,0.03951918,-0.8849937,0.5084848,-0.5039774,0.4948917,0.4924756,
1,4,9.081,-0.2481757,0.03951918,-0.8849937,0.5084848,-0.5039774,0.4948917,0.4924756,
1,4,9.083,-0.2481796,0.03952167,-0.8849909,0.5084823,-0.5039673,0.4949051,0.4924751,
1,4,9.085,-0.2481796,0.03952167,-0.8849909,0.5084823,-0.5039673,0.4949051,0.4924751,
1,4,9.087,-0.2481796,0.03952167,-0.8849909,0.5084823,-0.5039673,0.4949051,0.4924751,
1,4,9.089,-0.2481796,0.03952167,-0.8849909,0.5084823,-0.5039673,0.4949051,0.4924751,
1,4,9.091,-0.2481864,0.03953008,-0.8849969,0.5084811,-0.503967,0.4949103,0.4924714,
1,4,9.093,-0.2481864,0.03953008,-0.8849969,0.5084811,-0.503967,0.4949103,0.4924714,
1,4,9.095,-0.2481864,0.03953008,-0.8849969,0.5084811,-0.503967,0.4949103,0.4924714,
1,4,9.097,-0.2481864,0.03953008,-0.8849969,0.5084811,-0.503967,0.4949103,0.4924714,
1,4,9.099,-0.2481864,0.03953008,-0.8849969,0.5084811,-0.503967,0.4949103,0.4924714,
1,4,9.101,-0.2481982,0.03954579,-0.884995,0.508449,-0.5039546,0.4949253,0.4925022,
1,4,9.103,-0.2481982,0.03954579,-0.884995,0.508449,-0.5039546,0.4949253,0.4925022,
1,4,9.105,-0.2481982,0.03954579,-0.884995,0.508449,-0.5039546,0.4949253,0.4925022,
1,4,9.107,-0.2481982,0.03954579,-0.884995,0.508449,-0.5039546,0.4949253,0.4925022,
1,4,9.109,-0.2481934,0.03954381,-0.8849919,0.508451,-0.5039306,0.4949481,0.4925017,
1,4,9.111,-0.2481934,0.03954381,-0.8849919,0.508451,-0.5039306,0.4949481,0.4925017,
1,4,9.113,-0.2481934,0.03954381,-0.8849919,0.508451,-0.5039306,0.4949481,0.4925017,
1,4,9.115,-0.2481934,0.03954381,-0.8849919,0.508451,-0.5039306,0.4949481,0.4925017,
1,4,9.117,-0.2481802,0.03954467,-0.8849931,0.5084682,-0.5039284,0.4949432,0.4924911,
1,4,9.119,-0.2481802,0.03954467,-0.8849931,0.5084682,-0.5039284,0.4949432,0.4924911,
1,4,9.121,-0.2481802,0.03954467,-0.8849931,0.5084682,-0.5039284,0.4949432,0.4924911,
1,4,9.123,-0.2481802,0.03954467,-0.8849931,0.5084682,-0.5039284,0.4949432,0.4924911,
1,4,9.125,-0.248184,0.0395509,-0.8850026,0.5084445,-0.5039517,0.4949324,0.4925026,
1,4,9.127,-0.248184,0.0395509,-0.8850026,0.5084445,-0.5039517,0.4949324,0.4925026,
1,4,9.129,-0.248184,0.0395509,-0.8850026,0.5084445,-0.5039517,0.4949324,0.4925026,
1,4,9.131,-0.248184,0.0395509,-0.8850026,0.5084445,-0.5039517,0.4949324,0.4925026,
1,4,9.133,-0.2481984,0.03951626,-0.8850163,0.5084471,-0.5039874,0.4948753,0.4925208,
1,4,9.135,-0.2481984,0.03951626,-0.8850163,0.5084471,-0.5039874,0.4948753,0.4925208,
1,4,9.137,-0.2481984,0.03951626,-0.8850163,0.5084471,-0.5039874,0.4948753,0.4925208,
1,4,9.139,-0.2481984,0.03951626,-0.8850163,0.5084471,-0.5039874,0.4948753,0.4925208,
1,4,9.141,-0.2481938,0.03951521,-0.8850042,0.5084298,-0.5039942,0.4948805,0.4925265,
1,4,9.143,-0.2481938,0.03951521,-0.8850042,0.5084298,-0.5039942,0.4948805,0.4925265,
1,4,9.145,-0.2481938,0.03951521,-0.8850042,0.5084298,-0.5039942,0.4948805,0.4925265,
1,4,9.147,-0.2481938,0.03951521,-0.8850042,0.5084298,-0.5039942,0.4948805,0.4925265,
1,4,9.149,-0.2481938,0.03951521,-0.8850042,0.5084298,-0.5039942,0.4948805,0.4925265,
1,4,9.151,-0.2481748,0.03954246,-0.8849987,0.5084531,-0.5039391,0.4949333,0.4925057,
1,4,9.153,-0.2481748,0.03954246,-0.8849987,0.5084531,-0.5039391,0.4949333,0.4925057,
1,4,9.155,-0.2481748,0.03954246,-0.8849987,0.5084531,-0.5039391,0.4949333,0.4925057,
1,4,9.157,-0.2481748,0.03954246,-0.8849987,0.5084531,-0.5039391,0.4949333,0.4925057,
1,4,9.159,-0.2481759,0.03954662,-0.8849962,0.5084428,-0.5039378,0.4949399,0.4925111,
1,4,9.161,-0.2481759,0.03954662,-0.8849962,0.5084428,-0.5039378,0.4949399,0.4925111,
1,4,9.163,-0.2481759,0.03954662,-0.8849962,0.5084428,-0.5039378,0.4949399,0.4925111,
1,4,9.165,-0.2481759,0.03954662,-0.8849962,0.5084428,-0.5039378,0.4949399,0.4925111,
1,4,9.167,-0.2481772,0.03955381,-0.8850029,0.5084392,-0.5039396,0.4949408,0.492512,
1,4,9.169,-0.2481772,0.03955381,-0.8850029,0.5084392,-0.5039396,0.4949408,0.492512,
1,4,9.171,-0.2481772,0.03955381,-0.8850029,0.5084392,-0.5039396,0.4949408,0.492512,
1,4,9.173,-0.2481772,0.03955381,-0.8850029,0.5084392,-0.5039396,0.4949408,0.492512,
1,4,9.175,-0.2481778,0.03955717,-0.885006,0.5084261,-0.5039352,0.494947,0.4925239,
1,4,9.177,-0.2481778,0.03955717,-0.885006,0.5084261,-0.5039352,0.494947,0.4925239,
1,4,9.179,-0.2481778,0.03955717,-0.885006,0.5084261,-0.5039352,0.494947,0.4925239,
1,4,9.181,-0.2481778,0.03955717,-0.885006,0.5084261,-0.5039352,0.494947,0.4925239,
1,4,9.183,-0.2481862,0.0395522,-0.8849882,0.508433,-0.5039307,0.4949549,0.4925132,
1,4,9.185,-0.2481862,0.0395522,-0.8849882,0.508433,-0.5039307,0.4949549,0.4925132,
1,4,9.187,-0.2481862,0.0395522,-0.8849882,0.508433,-0.5039307,0.4949549,0.4925132,
1,4,9.189,-0.2481862,0.0395522,-0.8849882,0.508433,-0.5039307,0.4949549,0.4925132,
1,4,9.191,-0.2481848,0.03954718,-0.884988,0.5084293,-0.503934,0.4949628,0.4925059,
1,4,9.193,-0.2481848,0.03954718,-0.884988,0.5084293,-0.503934,0.4949628,0.4925059,
1,4,9.195,-0.2481848,0.03954718,-0.884988,0.5084293,-0.503934,0.4949628,0.4925059,
1,4,9.197,-0.2481848,0.03954718,-0.884988,0.5084293,-0.503934,0.4949628,0.4925059,
1,4,9.199,-0.2481848,0.03954718,-0.884988,0.5084293,-0.503934,0.4949628,0.4925059,
1,4,9.201,-0.248187,0.03955273,-0.8849901,0.5084227,-0.5039477,0.4949625,0.4924991,
1,4,9.203,-0.248187,0.03955273,-0.8849901,0.5084227,-0.5039477,0.4949625,0.4924991,
1,4,9.205,-0.248187,0.03955273,-0.8849901,0.5084227,-0.5039477,0.4949625,0.4924991,
1,4,9.207,-0.248187,0.03955273,-0.8849901,0.5084227,-0.5039477,0.4949625,0.4924991,
1,4,9.209,-0.2481779,0.03955071,-0.8849893,0.5084502,-0.5039493,0.4949351,0.4924966,
1,4,9.211,-0.2481779,0.03955071,-0.8849893,0.5084502,-0.5039493,0.4949351,0.4924966,
1,4,9.213,-0.2481779,0.03955071,-0.8849893,0.5084502,-0.5039493,0.4949351,0.4924966,
1,4,9.215,-0.2481779,0.03955071,-0.8849893,0.5084502,-0.5039493,0.4949351,0.4924966,
1,4,9.217,-0.2481776,0.0395388,-0.8849896,0.5084609,-0.5039684,0.4949226,0.4924784,
1,4,9.219,-0.2481776,0.0395388,-0.8849896,0.5084609,-0.5039684,0.4949226,0.4924784,
1,4,9.221,-0.2481776,0.0395388,-0.8849896,0.5084609,-0.5039684,0.4949226,0.4924784,
1,4,9.223,-0.2481776,0.0395388,-0.8849896,0.5084609,-0.5039684,0.4949226,0.4924784,
1,4,9.225,-0.2481939,0.03954684,-0.8849845,0.5084561,-0.5039659,0.4949343,0.4924742,
1,4,9.227,-0.2481939,0.03954684,-0.8849845,0.5084561,-0.5039659,0.4949343,0.4924742,
1,4,9.229,-0.2481939,0.03954684,-0.8849845,0.5084561,-0.5039659,0.4949343,0.4924742,
1,4,9.231,-0.2481939,0.03954684,-0.8849845,0.5084561,-0.5039659,0.4949343,0.4924742,
1,4,9.233,-0.2481857,0.0395605,-0.8849912,0.508441,-0.5039456,0.4949452,0.4924996,
1,4,9.235,-0.2481857,0.0395605,-0.8849912,0.508441,-0.5039456,0.4949452,0.4924996,
1,4,9.237,-0.2481857,0.0395605,-0.8849912,0.508441,-0.5039456,0.4949452,0.4924996,
1,4,9.239,-0.2481857,0.0395605,-0.8849912,0.508441,-0.5039456,0.4949452,0.4924996,
1,4,9.241,-0.2481869,0.03956728,-0.8849877,0.5084436,-0.5039331,0.494954,0.492501,
1,4,9.243,-0.2481869,0.03956728,-0.8849877,0.5084436,-0.5039331,0.494954,0.492501,
1,4,9.245,-0.2481869,0.03956728,-0.8849877,0.5084436,-0.5039331,0.494954,0.492501,
1,4,9.247,-0.2481869,0.03956728,-0.8849877,0.5084436,-0.5039331,0.494954,0.492501,
1,4,9.249,-0.2481869,0.03956728,-0.8849877,0.5084436,-0.5039331,0.494954,0.492501,
1,4,9.251,-0.2481881,0.03956421,-0.8849859,0.5084364,-0.503941,0.4949595,0.4924948,
1,4,9.253,-0.2481881,0.03956421,-0.8849859,0.5084364,-0.503941,0.4949595,0.4924948,
1,4,9.255,-0.2481881,0.03956421,-0.8849859,0.5084364,-0.503941,0.4949595,0.4924948,
1,4,9.257,-0.2481881,0.03956421,-0.8849859,0.5084364,-0.503941,0.4949595,0.4924948,
1,4,9.259,-0.248188,0.03954765,-0.8849884,0.5084644,-0.5039583,0.494936,0.4924718,
1,4,9.261,-0.248188,0.03954765,-0.8849884,0.5084644,-0.5039583,0.494936,0.4924718,
1,4,9.263,-0.248188,0.03954765,-0.8849884,0.5084644,-0.5039583,0.494936,0.4924718,
1,4,9.265,-0.248188,0.03954765,-0.8849884,0.5084644,-0.5039583,0.494936,0.4924718,
1,4,9.267,-0.2481768,0.03954615,-0.884982,0.5084726,-0.5039462,0.4949354,0.4924761,
1,4,9.269,-0.2481768,0.03954615,-0.884982,0.5084726,-0.5039462,0.4949354,0.4924761,
1,4,9.271,-0.2481768,0.03954615,-0.884982,0.5084726,-0.5039462,0.4949354,0.4924761,
1,4,9.273,-0.2481768,0.03954615,-0.884982,0.5084726,-0.5039462,0.4949354,0.4924761,
1,4,9.275,-0.2481743,0.03955145,-0.8849897,0.5084694,-0.5039498,0.4949283,0.4924829,
1,4,9.277,-0.2481743,0.03955145,-0.8849897,0.5084694,-0.5039498,0.4949283,0.4924829,
1,4,9.279,-0.2481743,0.03955145,-0.8849897,0.5084694,-0.5039498,0.4949283,0.4924829,
1,4,9.281,-0.2481743,0.03955145,-0.8849897,0.5084694,-0.5039498,0.4949283,0.4924829,
1,4,9.283,-0.2481894,0.03954033,-0.8849937,0.5084561,-0.5039808,0.4949221,0.4924713,
1,4,9.285,-0.2481894,0.03954033,-0.8849937,0.5084561,-0.5039808,0.4949221,0.4924713,
1,4,9.287,-0.2481894,0.03954033,-0.8849937,0.5084561,-0.5039808,0.4949221,0.4924713,
1,4,9.289,-0.2481894,0.03954033,-0.8849937,0.5084561,-0.5039808,0.4949221,0.4924713,
1,4,9.291,-0.2481953,0.03954776,-0.8849899,0.5084475,-0.5039799,0.4949238,0.4924792,
1,4,9.293,-0.2481953,0.03954776,-0.8849899,0.5084475,-0.5039799,0.4949238,0.4924792,
1,4,9.295,-0.2481953,0.03954776,-0.8849899,0.5084475,-0.5039799,0.4949238,0.4924792,
1,4,9.297,-0.2481953,0.03954776,-0.8849899,0.5084475,-0.5039799,0.4949238,0.4924792,
1,4,9.299,-0.2481953,0.03954776,-0.8849899,0.5084475,-0.5039799,0.4949238,0.4924792,
1,4,9.301,-0.248187,0.03954515,-0.8849843,0.5084473,-0.5039551,0.494946,0.4924825,
1,4,9.303,-0.248187,0.03954515,-0.8849843,0.5084473,-0.5039551,0.494946,0.4924825,
1,4,9.305,-0.248187,0.03954515,-0.8849843,0.5084473,-0.5039551,0.494946,0.4924825,
1,4,9.307,-0.248187,0.03954515,-0.8849843,0.5084473,-0.5039551,0.494946,0.4924825,
1,4,9.309,-0.2481877,0.03954366,-0.8849857,0.5084629,-0.5039555,0.4949386,0.4924735,
1,4,9.311,-0.2481877,0.03954366,-0.8849857,0.5084629,-0.5039555,0.4949386,0.4924735,
1,4,9.313,-0.2481877,0.03954366,-0.8849857,0.5084629,-0.5039555,0.4949386,0.4924735,
1,4,9.315,-0.2481877,0.03954366,-0.8849857,0.5084629,-0.5039555,0.4949386,0.4924735,
1,4,9.317,-0.2481956,0.03953823,-0.884991,0.5084521,-0.5039668,0.4949315,0.4924802,
1,4,9.319,-0.2481956,0.03953823,-0.884991,0.5084521,-0.5039668,0.4949315,0.4924802,
1,4,9.321,-0.2481956,0.03953823,-0.884991,0.5084521,-0.5039668,0.4949315,0.4924802,
1,4,9.323,-0.2481956,0.03953823,-0.884991,0.5084521,-0.5039668,0.4949315,0.4924802,
1,4,9.325,-0.2481884,0.03954075,-0.8849882,0.5084495,-0.5039844,0.4949088,0.4924877,
1,4,9.327,-0.2481884,0.03954075,-0.8849882,0.5084495,-0.5039844,0.4949088,0.4924877,
1,4,9.329,-0.2481884,0.03954075,-0.8849882,0.5084495,-0.5039844,0.4949088,0.4924877,
1,4,9.331,-0.2481884,0.03954075,-0.8849882,0.5084495,-0.5039844,0.4949088,0.4924877,
1,4,9.333,-0.2481975,0.03954878,-0.8849823,0.5084423,-0.5039722,0.4949221,0.4924942,
1,4,9.335,-0.2481975,0.03954878,-0.8849823,0.5084423,-0.5039722,0.4949221,0.4924942,
1,4,9.337,-0.2481975,0.03954878,-0.8849823,0.5084423,-0.5039722,0.4949221,0.4924942,
1,4,9.339,-0.2481975,0.03954878,-0.8849823,0.5084423,-0.5039722,0.4949221,0.4924942,
1,4,9.341,-0.2481973,0.03954997,-0.8849803,0.5084447,-0.5039808,0.4949276,0.4924775,
1,4,9.343,-0.2481973,0.03954997,-0.8849803,0.5084447,-0.5039808,0.4949276,0.4924775,
1,4,9.345,-0.2481973,0.03954997,-0.8849803,0.5084447,-0.5039808,0.4949276,0.4924775,
1,4,9.347,-0.2481973,0.03954997,-0.8849803,0.5084447,-0.5039808,0.4949276,0.4924775,
1,4,9.349,-0.2481973,0.03954997,-0.8849803,0.5084447,-0.5039808,0.4949276,0.4924775,
1,4,9.351,-0.2482006,0.03955677,-0.8849775,0.5084384,-0.5039683,0.4949277,0.4924966,
1,4,9.353,-0.2482006,0.03955677,-0.8849775,0.5084384,-0.5039683,0.4949277,0.4924966,
1,4,9.355,-0.2482006,0.03955677,-0.8849775,0.5084384,-0.5039683,0.4949277,0.4924966,
1,4,9.357,-0.2482006,0.03955677,-0.8849775,0.5084384,-0.5039683,0.4949277,0.4924966,
1,4,9.359,-0.2482044,0.03956778,-0.8849832,0.5084183,-0.5039713,0.494937,0.4925052,
1,4,9.361,-0.2482044,0.03956778,-0.8849832,0.5084183,-0.5039713,0.494937,0.4925052,
1,4,9.363,-0.2482044,0.03956778,-0.8849832,0.5084183,-0.5039713,0.494937,0.4925052,
1,4,9.365,-0.2482044,0.03956778,-0.8849832,0.5084183,-0.5039713,0.494937,0.4925052,
1,4,9.367,-0.2481993,0.0395586,-0.8849891,0.5084413,-0.5039701,0.4949308,0.4924887,
1,4,9.369,-0.2481993,0.0395586,-0.8849891,0.5084413,-0.5039701,0.4949308,0.4924887,
1,4,9.371,-0.2481993,0.0395586,-0.8849891,0.5084413,-0.5039701,0.4949308,0.4924887,
1,4,9.373,-0.2481993,0.0395586,-0.8849891,0.5084413,-0.5039701,0.4949308,0.4924887,
1,4,9.375,-0.2481968,0.03956794,-0.8849893,0.5084363,-0.5039465,0.4949468,0.4925019,
1,4,9.377,-0.2481968,0.03956794,-0.8849893,0.5084363,-0.5039465,0.4949468,0.4925019,
1,4,9.379,-0.2481968,0.03956794,-0.8849893,0.5084363,-0.5039465,0.4949468,0.4925019,
1,4,9.381,-0.2481968,0.03956794,-0.8849893,0.5084363,-0.5039465,0.4949468,0.4925019,
1,4,9.383,-0.2481938,0.03956068,-0.8849876,0.5084276,-0.5039625,0.4949445,0.4924968,
1,4,9.385,-0.2481938,0.03956068,-0.8849876,0.5084276,-0.5039625,0.4949445,0.4924968,
1,4,9.387,-0.2481938,0.03956068,-0.8849876,0.5084276,-0.5039625,0.4949445,0.4924968,
1,4,9.389,-0.2481938,0.03956068,-0.8849876,0.5084276,-0.5039625,0.4949445,0.4924968,
1,4,9.391,-0.2481934,0.03955482,-0.8849882,0.5084372,-0.5039572,0.4949549,0.4924818,
1,4,9.393,-0.2481934,0.03955482,-0.8849882,0.5084372,-0.5039572,0.4949549,0.4924818,
1,4,9.395,-0.2481934,0.03955482,-0.8849882,0.5084372,-0.5039572,0.4949549,0.4924818,
1,4,9.397,-0.2481934,0.03955482,-0.8849882,0.5084372,-0.5039572,0.4949549,0.4924818,
1,4,9.399,-0.2481934,0.03955482,-0.8849882,0.5084372,-0.5039572,0.4949549,0.4924818,
1,4,9.401,-0.2482004,0.03955704,-0.8849859,0.5084285,-0.5039713,0.4949428,0.4924886,
1,4,9.403,-0.2482004,0.03955704,-0.8849859,0.5084285,-0.5039713,0.4949428,0.4924886,
1,4,9.405,-0.2482004,0.03955704,-0.8849859,0.5084285,-0.5039713,0.4949428,0.4924886,
1,4,9.407,-0.2482004,0.03955704,-0.8849859,0.5084285,-0.5039713,0.4949428,0.4924886,
1,4,9.409,-0.2481936,0.03955181,-0.8849871,0.5084433,-0.5039732,0.494928,0.4924864,
1,4,9.411,-0.2481936,0.03955181,-0.8849871,0.5084433,-0.5039732,0.494928,0.4924864,
1,4,9.413,-0.2481936,0.03955181,-0.8849871,0.5084433,-0.5039732,0.494928,0.4924864,
1,4,9.415,-0.2481936,0.03955181,-0.8849871,0.5084433,-0.5039732,0.494928,0.4924864,
1,4,9.417,-0.2481859,0.03954642,-0.884986,0.5084558,-0.503954,0.4949418,0.4924793,
1,4,9.419,-0.2481859,0.03954642,-0.884986,0.5084558,-0.503954,0.4949418,0.4924793,
1,4,9.421,-0.2481859,0.03954642,-0.884986,0.5084558,-0.503954,0.4949418,0.4924793,
1,4,9.423,-0.2481859,0.03954642,-0.884986,0.5084558,-0.503954,0.4949418,0.4924793,
1,4,9.425,-0.2481821,0.03955147,-0.8849808,0.5084528,-0.5039694,0.4949221,0.4924863,
1,4,9.427,-0.2481821,0.03955147,-0.8849808,0.5084528,-0.5039694,0.4949221,0.4924863,
1,4,9.429,-0.2481821,0.03955147,-0.8849808,0.5084528,-0.5039694,0.4949221,0.4924863,
1,4,9.431,-0.2481821,0.03955147,-0.8849808,0.5084528,-0.5039694,0.4949221,0.4924863,
1,4,9.433,-0.2481757,0.03954522,-0.884986,0.508462,-0.5039741,0.4949122,0.4924819,
1,4,9.435,-0.2481757,0.03954522,-0.884986,0.508462,-0.5039741,0.4949122,0.4924819,
1,4,9.437,-0.2481757,0.03954522,-0.884986,0.508462,-0.5039741,0.4949122,0.4924819,
1,4,9.439,-0.2481757,0.03954522,-0.884986,0.508462,-0.5039741,0.4949122,0.4924819,
1,4,9.441,-0.2481796,0.03954938,-0.8849826,0.5084538,-0.5039647,0.4949207,0.4924915,
1,4,9.443,-0.2481796,0.03954938,-0.8849826,0.5084538,-0.5039647,0.4949207,0.4924915,
1,4,9.445,-0.2481796,0.03954938,-0.8849826,0.5084538,-0.5039647,0.4949207,0.4924915,
1,4,9.447,-0.2481796,0.03954938,-0.8849826,0.5084538,-0.5039647,0.4949207,0.4924915,
1,4,9.449,-0.2481796,0.03954938,-0.8849826,0.5084538,-0.5039647,0.4949207,0.4924915,
1,4,9.451,-0.2481856,0.03955801,-0.8849873,0.5084609,-0.5039538,0.4949393,0.4924767,
1,4,9.453,-0.2481856,0.03955801,-0.8849873,0.5084609,-0.5039538,0.4949393,0.4924767,
1,4,9.455,-0.2481856,0.03955801,-0.8849873,0.5084609,-0.5039538,0.4949393,0.4924767,
1,4,9.457,-0.2481856,0.03955801,-0.8849873,0.5084609,-0.5039538,0.4949393,0.4924767,
1,4,9.459,-0.2481861,0.03957015,-0.8849855,0.5084411,-0.5039385,0.4949661,0.4924858,
1,4,9.461,-0.2481861,0.03957015,-0.8849855,0.5084411,-0.5039385,0.4949661,0.4924858,
1,4,9.463,-0.2481861,0.03957015,-0.8849855,0.5084411,-0.5039385,0.4949661,0.4924858,
1,4,9.465,-0.2481861,0.03957015,-0.8849855,0.5084411,-0.5039385,0.4949661,0.4924858,
1,4,9.467,-0.248182,0.03956787,-0.8849892,0.5084421,-0.5039369,0.4949549,0.4924977,
1,4,9.469,-0.248182,0.03956787,-0.8849892,0.5084421,-0.5039369,0.4949549,0.4924977,
1,4,9.471,-0.248182,0.03956787,-0.8849892,0.5084421,-0.5039369,0.4949549,0.4924977,
1,4,9.473,-0.248182,0.03956787,-0.8849892,0.5084421,-0.5039369,0.4949549,0.4924977,
1,4,9.475,-0.2481797,0.03955492,-0.8849806,0.5084465,-0.5039501,0.4949353,0.4924994,
1,4,9.477,-0.2481797,0.03955492,-0.8849806,0.5084465,-0.5039501,0.4949353,0.4924994,
1,4,9.479,-0.2481797,0.03955492,-0.8849806,0.5084465,-0.5039501,0.4949353,0.4924994,
1,4,9.481,-0.2481797,0.03955492,-0.8849806,0.5084465,-0.5039501,0.4949353,0.4924994,
1,4,9.483,-0.2481734,0.03954465,-0.884987,0.5084624,-0.5039612,0.4949309,0.492476,
1,4,9.485,-0.2481734,0.03954465,-0.884987,0.5084624,-0.5039612,0.4949309,0.492476,
1,4,9.487,-0.2481734,0.03954465,-0.884987,0.5084624,-0.5039612,0.4949309,0.492476,
1,4,9.489,-0.2481734,0.03954465,-0.884987,0.5084624,-0.5039612,0.4949309,0.492476,
1,4,9.491,-0.2481781,0.03954711,-0.884984,0.5084643,-0.5039625,0.4949385,0.4924651,
1,4,9.493,-0.2481781,0.03954711,-0.884984,0.5084643,-0.5039625,0.4949385,0.4924651,
1,4,9.495,-0.2481781,0.03954711,-0.884984,0.5084643,-0.5039625,0.4949385,0.4924651,
1,4,9.497,-0.2481781,0.03954711,-0.884984,0.5084643,-0.5039625,0.4949385,0.4924651,
1,4,9.499,-0.2481781,0.03954711,-0.884984,0.5084643,-0.5039625,0.4949385,0.4924651,
1,4,9.501,-0.2481596,0.0395569,-0.8849877,0.5084668,-0.5039416,0.4949382,0.4924841,
1,4,9.503,-0.2481596,0.0395569,-0.8849877,0.5084668,-0.5039416,0.4949382,0.4924841,
1,4,9.505,-0.2481596,0.0395569,-0.8849877,0.5084668,-0.5039416,0.4949382,0.4924841,
1,4,9.507,-0.2481596,0.0395569,-0.8849877,0.5084668,-0.5039416,0.4949382,0.4924841,
1,4,9.509,-0.2481584,0.03955066,-0.8849935,0.5084759,-0.5039239,0.4949496,0.4924814,
1,4,9.511,-0.2481584,0.03955066,-0.8849935,0.5084759,-0.5039239,0.4949496,0.4924814,
1,4,9.513,-0.2481584,0.03955066,-0.8849935,0.5084759,-0.5039239,0.4949496,0.4924814,
1,4,9.515,-0.2481584,0.03955066,-0.8849935,0.5084759,-0.5039239,0.4949496,0.4924814,
1,4,9.517,-0.2481551,0.03955149,-0.8849972,0.5084687,-0.5039253,0.4949389,0.4924983,
1,4,9.519,-0.2481551,0.03955149,-0.8849972,0.5084687,-0.5039253,0.4949389,0.4924983,
1,4,9.521,-0.2481551,0.03955149,-0.8849972,0.5084687,-0.5039253,0.4949389,0.4924983,
1,4,9.523,-0.2481551,0.03955149,-0.8849972,0.5084687,-0.5039253,0.4949389,0.4924983,
1,4,9.525,-0.2481504,0.0395517,-0.8849941,0.5084707,-0.5039287,0.4949358,0.4924959,
1,4,9.527,-0.2481504,0.0395517,-0.8849941,0.5084707,-0.5039287,0.4949358,0.4924959,
1,4,9.529,-0.2481504,0.0395517,-0.8849941,0.5084707,-0.5039287,0.4949358,0.4924959,
1,4,9.531,-0.2481504,0.0395517,-0.8849941,0.5084707,-0.5039287,0.4949358,0.4924959,
1,4,9.533,-0.248164,0.03954524,-0.8849926,0.5084707,-0.503942,0.4949371,0.4924808,
1,4,9.535,-0.248164,0.03954524,-0.8849926,0.5084707,-0.503942,0.4949371,0.4924808,
1,4,9.537,-0.248164,0.03954524,-0.8849926,0.5084707,-0.503942,0.4949371,0.4924808,
1,4,9.539,-0.248164,0.03954524,-0.8849926,0.5084707,-0.503942,0.4949371,0.4924808,
1,4,9.541,-0.248161,0.03954633,-0.8849872,0.5084694,-0.5039332,0.494934,0.4924944,
1,4,9.543,-0.248161,0.03954633,-0.8849872,0.5084694,-0.5039332,0.494934,0.4924944,
1,4,9.545,-0.248161,0.03954633,-0.8849872,0.5084694,-0.5039332,0.494934,0.4924944,
1,4,9.547,-0.248161,0.03954633,-0.8849872,0.5084694,-0.5039332,0.494934,0.4924944,
1,4,9.549,-0.248161,0.03954633,-0.8849872,0.5084694,-0.5039332,0.494934,0.4924944,
1,4,9.551,-0.2481501,0.03954467,-0.884999,0.5084676,-0.5039336,0.4949268,0.492503,
1,4,9.553,-0.2481501,0.03954467,-0.884999,0.5084676,-0.5039336,0.4949268,0.492503,
1,4,9.555,-0.2481501,0.03954467,-0.884999,0.5084676,-0.5039336,0.4949268,0.492503,
1,4,9.557,-0.2481501,0.03954467,-0.884999,0.5084676,-0.5039336,0.4949268,0.492503,
1,4,9.559,-0.2481512,0.0395484,-0.8850003,0.5084714,-0.5039247,0.4949377,0.4924971,
1,4,9.561,-0.2481512,0.0395484,-0.8850003,0.5084714,-0.5039247,0.4949377,0.4924971,
1,4,9.563,-0.2481512,0.0395484,-0.8850003,0.5084714,-0.5039247,0.4949377,0.4924971,
1,4,9.565,-0.2481512,0.0395484,-0.8850003,0.5084714,-0.5039247,0.4949377,0.4924971,
1,4,9.567,-0.2481412,0.03955586,-0.884995,0.5084859,-0.5039142,0.4949396,0.4924909,
1,4,9.569,-0.2481412,0.03955586,-0.884995,0.5084859,-0.5039142,0.4949396,0.4924909,
1,4,9.571,-0.2481412,0.03955586,-0.884995,0.5084859,-0.5039142,0.4949396,0.4924909,
1,4,9.573,-0.2481412,0.03955586,-0.884995,0.5084859,-0.5039142,0.4949396,0.4924909,
1,4,9.575,-0.2481398,0.03956542,-0.8849971,0.5084815,-0.5039082,0.4949587,0.4924826,
1,4,9.577,-0.2481398,0.03956542,-0.8849971,0.5084815,-0.5039082,0.4949587,0.4924826,
1,4,9.579,-0.2481398,0.03956542,-0.8849971,0.5084815,-0.5039082,0.4949587,0.4924826,
1,4,9.581,-0.2481398,0.03956542,-0.8849971,0.5084815,-0.5039082,0.4949587,0.4924826,
1,4,9.583,-0.2481512,0.03956498,-0.8849995,0.5084726,-0.5039071,0.4949701,0.4924814,
1,4,9.585,-0.2481512,0.03956498,-0.8849995,0.5084726,-0.5039071,0.4949701,0.4924814,
1,4,9.587,-0.2481512,0.03956498,-0.8849995,0.5084726,-0.5039071,0.4949701,0.4924814,
1,4,9.589,-0.2481512,0.03956498,-0.8849995,0.5084726,-0.5039071,0.4949701,0.4924814,
1,4,9.591,-0.248154,0.03956008,-0.8850017,0.5084649,-0.5039029,0.4949757,0.492488,
1,4,9.593,-0.248154,0.03956008,-0.8850017,0.5084649,-0.5039029,0.4949757,0.492488,
1,4,9.595,-0.248154,0.03956008,-0.8850017,0.5084649,-0.5039029,0.4949757,0.492488,
1,4,9.597,-0.248154,0.03956008,-0.8850017,0.5084649,-0.5039029,0.4949757,0.492488,
1,4,9.599,-0.248154,0.03956008,-0.8850017,0.5084649,-0.5039029,0.4949757,0.492488,
1,4,9.601,-0.248168,0.03955545,-0.885007,0.5084602,-0.5039193,0.4949602,0.4924917,
1,4,9.603,-0.248168,0.03955545,-0.885007,0.5084602,-0.5039193,0.4949602,0.4924917,
1,4,9.605,-0.248168,0.03955545,-0.885007,0.5084602,-0.5039193,0.4949602,0.4924917,
1,4,9.607,-0.248168,0.03955545,-0.885007,0.5084602,-0.5039193,0.4949602,0.4924917,
1,4,9.609,-0.24816,0.03956046,-0.8849965,0.5084717,-0.503921,0.4949538,0.4924845,
1,4,9.611,-0.24816,0.03956046,-0.8849965,0.5084717,-0.503921,0.4949538,0.4924845,
1,4,9.613,-0.24816,0.03956046,-0.8849965,0.5084717,-0.503921,0.4949538,0.4924845,
1,4,9.615,-0.24816,0.03956046,-0.8849965,0.5084717,-0.503921,0.4949538,0.4924845,
1,4,9.617,-0.2481701,0.03955524,-0.8849987,0.5084703,-0.5039254,0.4949516,0.4924836,
1,4,9.619,-0.2481701,0.03955524,-0.8849987,0.5084703,-0.5039254,0.4949516,0.4924836,
1,4,9.621,-0.2481701,0.03955524,-0.8849987,0.5084703,-0.5039254,0.4949516,0.4924836,
1,4,9.623,-0.2481701,0.03955524,-0.8849987,0.5084703,-0.5039254,0.4949516,0.4924836,
1,4,9.625,-0.2481671,0.03955248,-0.8850027,0.508459,-0.5039328,0.494936,0.4925035,
1,4,9.627,-0.2481671,0.03955248,-0.8850027,0.508459,-0.5039328,0.494936,0.4925035,
1,4,9.629,-0.2481671,0.03955248,-0.8850027,0.508459,-0.5039328,0.494936,0.4925035,
1,4,9.631,-0.2481671,0.03955248,-0.8850027,0.508459,-0.5039328,0.494936,0.4925035,
1,4,9.633,-0.2481743,0.03956493,-0.8850051,0.5084414,-0.5039279,0.49495,0.4925125,
1,4,9.635,-0.2481743,0.03956493,-0.8850051,0.5084414,-0.5039279,0.49495,0.4925125,
1,4,9.637,-0.2481743,0.03956493,-0.8850051,0.5084414,-0.5039279,0.49495,0.4925125,
1,4,9.639,-0.2481743,0.03956493,-0.8850051,0.5084414,-0.5039279,0.49495,0.4925125,
1,4,9.641,-0.2481688,0.03956777,-0.8850034,0.5084491,-0.5039159,0.4949569,0.4925101,
1,4,9.643,-0.2481688,0.03956777,-0.8850034,0.5084491,-0.5039159,0.4949569,0.4925101,
1,4,9.645,-0.2481688,0.03956777,-0.8850034,0.5084491,-0.5039159,0.4949569,0.4925101,
1,4,9.647,-0.2481688,0.03956777,-0.8850034,0.5084491,-0.5039159,0.4949569,0.4925101,
1,4,9.649,-0.2481688,0.03956777,-0.8850034,0.5084491,-0.5039159,0.4949569,0.4925101,
1,4,9.651,-0.2481687,0.03956717,-0.8850104,0.5084477,-0.5038911,0.4949797,0.492514,
1,4,9.653,-0.2481687,0.03956717,-0.8850104,0.5084477,-0.5038911,0.4949797,0.492514,
1,4,9.655,-0.2481687,0.03956717,-0.8850104,0.5084477,-0.5038911,0.4949797,0.492514,
1,4,9.657,-0.2481687,0.03956717,-0.8850104,0.5084477,-0.5038911,0.4949797,0.492514,
1,4,9.659,-0.2481704,0.0395701,-0.8850052,0.5084356,-0.5038866,0.4949775,0.4925332,
1,4,9.661,-0.2481704,0.0395701,-0.8850052,0.5084356,-0.5038866,0.4949775,0.4925332,
1,4,9.663,-0.2481704,0.0395701,-0.8850052,0.5084356,-0.5038866,0.4949775,0.4925332,
1,4,9.665,-0.2481704,0.0395701,-0.8850052,0.5084356,-0.5038866,0.4949775,0.4925332,
1,4,9.667,-0.2481744,0.03956474,-0.8849977,0.5084372,-0.503915,0.4949501,0.4925301,
1,4,9.669,-0.2481744,0.03956474,-0.8849977,0.5084372,-0.503915,0.4949501,0.4925301,
1,4,9.671,-0.2481744,0.03956474,-0.8849977,0.5084372,-0.503915,0.4949501,0.4925301,
1,4,9.673,-0.2481744,0.03956474,-0.8849977,0.5084372,-0.503915,0.4949501,0.4925301,
1,4,9.675,-0.2481645,0.03955694,-0.8850057,0.508476,-0.5039256,0.4949325,0.4924968,
1,4,9.677,-0.2481645,0.03955694,-0.8850057,0.508476,-0.5039256,0.4949325,0.4924968,
1,4,9.679,-0.2481645,0.03955694,-0.8850057,0.508476,-0.5039256,0.4949325,0.4924968,
1,4,9.681,-0.2481645,0.03955694,-0.8850057,0.508476,-0.5039256,0.4949325,0.4924968,
1,4,9.683,-0.2481693,0.03955749,-0.8849944,0.5084732,-0.5039163,0.494951,0.4924907,
1,4,9.685,-0.2481693,0.03955749,-0.8849944,0.5084732,-0.5039163,0.494951,0.4924907,
1,4,9.687,-0.2481693,0.03955749,-0.8849944,0.5084732,-0.5039163,0.494951,0.4924907,
1,4,9.689,-0.2481693,0.03955749,-0.8849944,0.5084732,-0.5039163,0.494951,0.4924907,
1,4,9.691,-0.24816,0.03954443,-0.8849891,0.5084881,-0.5039106,0.4949478,0.4924842,
1,4,9.693,-0.24816,0.03954443,-0.8849891,0.5084881,-0.5039106,0.4949478,0.4924842,
1,4,9.695,-0.24816,0.03954443,-0.8849891,0.5084881,-0.5039106,0.4949478,0.4924842,
1,4,9.697,-0.24816,0.03954443,-0.8849891,0.5084881,-0.5039106,0.4949478,0.4924842,
1,4,9.699,-0.24816,0.03954443,-0.8849891,0.5084881,-0.5039106,0.4949478,0.4924842,
1,4,9.701,-0.2481575,0.03954912,-0.8849882,0.5084914,-0.5039111,0.4949481,0.49248,
1,4,9.703,-0.2481575,0.03954912,-0.8849882,0.5084914,-0.5039111,0.4949481,0.49248,
1,4,9.705,-0.2481575,0.03954912,-0.8849882,0.5084914,-0.5039111,0.4949481,0.49248,
1,4,9.707,-0.2481575,0.03954912,-0.8849882,0.5084914,-0.5039111,0.4949481,0.49248,
1,4,9.709,-0.2481601,0.03955051,-0.884984,0.5084924,-0.5039209,0.4949328,0.4924843,
1,4,9.711,-0.2481601,0.03955051,-0.884984,0.5084924,-0.5039209,0.4949328,0.4924843,
1,4,9.713,-0.2481601,0.03955051,-0.884984,0.5084924,-0.5039209,0.4949328,0.4924843,
1,4,9.715,-0.2481601,0.03955051,-0.884984,0.5084924,-0.5039209,0.4949328,0.4924843,
1,4,9.717,-0.2481574,0.03954214,-0.884984,0.5084959,-0.5039326,0.4949271,0.4924745,
1,4,9.719,-0.2481574,0.03954214,-0.884984,0.5084959,-0.5039326,0.4949271,0.4924745,
1,4,9.721,-0.2481574,0.03954214,-0.884984,0.5084959,-0.5039326,0.4949271,0.4924745,
1,4,9.723,-0.2481574,0.03954214,-0.884984,0.5084959,-0.5039326,0.4949271,0.4924745,
1,4,9.725,-0.2481537,0.0395449,-0.8849813,0.5084946,-0.5039146,0.4949319,0.4924895,
1,4,9.727,-0.2481537,0.0395449,-0.8849813,0.5084946,-0.5039146,0.4949319,0.4924895,
1,4,9.729,-0.2481537,0.0395449,-0.8849813,0.5084946,-0.5039146,0.4949319,0.4924895,
1,4,9.731,-0.2481537,0.0395449,-0.8849813,0.5084946,-0.5039146,0.4949319,0.4924895,
1,4,9.733,-0.2481591,0.03952505,-0.8850095,0.5084877,-0.5039415,0.4948894,0.4925117,
1,4,9.735,-0.2481591,0.03952505,-0.8850095,0.5084877,-0.5039415,0.4948894,0.4925117,
1,4,9.737,-0.2481591,0.03952505,-0.8850095,0.5084877,-0.5039415,0.4948894,0.4925117,
1,4,9.739,-0.2481591,0.03952505,-0.8850095,0.5084877,-0.5039415,0.4948894,0.4925117,
1,4,9.741,-0.2481556,0.03951701,-0.8850011,0.50848,-0.5039603,0.4948805,0.4925094,
1,4,9.743,-0.2481556,0.03951701,-0.8850011,0.50848,-0.5039603,0.4948805,0.4925094,
1,4,9.745,-0.2481556,0.03951701,-0.8850011,0.50848,-0.5039603,0.4948805,0.4925094,
1,4,9.747,-0.2481556,0.03951701,-0.8850011,0.50848,-0.5039603,0.4948805,0.4925094,
1,4,9.749,-0.2481556,0.03951701,-0.8850011,0.50848,-0.5039603,0.4948805,0.4925094,
1,4,9.751,-0.2481499,0.03954195,-0.8849977,0.5084903,-0.5039315,0.4949037,0.4925049,
1,4,9.753,-0.2481499,0.03954195,-0.8849977,0.5084903,-0.5039315,0.4949037,0.4925049,
1,4,9.755,-0.2481499,0.03954195,-0.8849977,0.5084903,-0.5039315,0.4949037,0.4925049,
1,4,9.757,-0.2481499,0.03954195,-0.8849977,0.5084903,-0.5039315,0.4949037,0.4925049,
1,4,9.759,-0.2481559,0.03954973,-0.8849934,0.5084913,-0.5039147,0.4949431,0.4924815,
1,4,9.761,-0.2481559,0.03954973,-0.8849934,0.5084913,-0.5039147,0.4949431,0.4924815,
1,4,9.763,-0.2481559,0.03954973,-0.8849934,0.5084913,-0.5039147,0.4949431,0.4924815,
1,4,9.765,-0.2481559,0.03954973,-0.8849934,0.5084913,-0.5039147,0.4949431,0.4924815,
1,4,9.767,-0.2481605,0.03955442,-0.8850033,0.5084738,-0.5039144,0.4949453,0.4924977,
1,4,9.769,-0.2481605,0.03955442,-0.8850033,0.5084738,-0.5039144,0.4949453,0.4924977,
1,4,9.771,-0.2481605,0.03955442,-0.8850033,0.5084738,-0.5039144,0.4949453,0.4924977,
1,4,9.773,-0.2481605,0.03955442,-0.8850033,0.5084738,-0.5039144,0.4949453,0.4924977,
1,4,9.775,-0.2481499,0.039549,-0.8849956,0.5084864,-0.5039034,0.4949605,0.4924807,
1,4,9.777,-0.2481499,0.039549,-0.8849956,0.5084864,-0.5039034,0.4949605,0.4924807,
1,4,9.779,-0.2481499,0.039549,-0.8849956,0.5084864,-0.5039034,0.4949605,0.4924807,
1,4,9.781,-0.2481499,0.039549,-0.8849956,0.5084864,-0.5039034,0.4949605,0.4924807,
1,4,9.783,-0.2481566,0.03955541,-0.8850012,0.5084952,-0.5039098,0.4949526,0.4924729,
1,4,9.785,-0.2481566,0.03955541,-0.8850012,0.5084952,-0.5039098,0.4949526,0.4924729,
1,4,9.787,-0.2481566,0.03955541,-0.8850012,0.5084952,-0.5039098,0.4949526,0.4924729,
1,4,9.789,-0.2481566,0.03955541,-0.8850012,0.5084952,-0.5039098,0.4949526,0.4924729,
1,4,9.791,-0.2481697,0.03956971,-0.8850019,0.5084743,-0.5039189,0.4949578,0.49248,
1,4,9.793,-0.2481697,0.03956971,-0.8850019,0.5084743,-0.5039189,0.4949578,0.49248,
1,4,9.795,-0.2481697,0.03956971,-0.8850019,0.5084743,-0.5039189,0.4949578,0.49248,
1,4,9.797,-0.2481697,0.03956971,-0.8850019,0.5084743,-0.5039189,0.4949578,0.49248,
1,4,9.799,-0.2481697,0.03956971,-0.8850019,0.5084743,-0.5039189,0.4949578,0.49248,
1,4,9.801,-0.2481638,0.03955152,-0.8849921,0.5084587,-0.5039396,0.4949467,0.4924859,
1,4,9.803,-0.2481638,0.03955152,-0.8849921,0.5084587,-0.5039396,0.4949467,0.4924859,
1,4,9.805,-0.2481638,0.03955152,-0.8849921,0.5084587,-0.5039396,0.4949467,0.4924859,
1,4,9.807,-0.2481638,0.03955152,-0.8849921,0.5084587,-0.5039396,0.4949467,0.4924859,
1,4,9.809,-0.2481651,0.03955727,-0.884993,0.5084703,-0.5039148,0.494963,0.4924831,
1,4,9.811,-0.2481651,0.03955727,-0.884993,0.5084703,-0.5039148,0.494963,0.4924831,
1,4,9.813,-0.2481651,0.03955727,-0.884993,0.5084703,-0.5039148,0.494963,0.4924831,
1,4,9.815,-0.2481651,0.03955727,-0.884993,0.5084703,-0.5039148,0.494963,0.4924831,
1,4,9.817,-0.2481689,0.03955102,-0.8849975,0.5084676,-0.5039411,0.4949402,0.4924819,
1,4,9.819,-0.2481689,0.03955102,-0.8849975,0.5084676,-0.5039411,0.4949402,0.4924819,
1,4,9.821,-0.2481689,0.03955102,-0.8849975,0.5084676,-0.5039411,0.4949402,0.4924819,
1,4,9.823,-0.2481689,0.03955102,-0.8849975,0.5084676,-0.5039411,0.4949402,0.4924819,
1,4,9.825,-0.248173,0.03955588,-0.8849977,0.5084607,-0.5039362,0.4949544,0.4924797,
1,4,9.827,-0.248173,0.03955588,-0.8849977,0.5084607,-0.5039362,0.4949544,0.4924797,
1,4,9.829,-0.248173,0.03955588,-0.8849977,0.5084607,-0.5039362,0.4949544,0.4924797,
1,4,9.831,-0.248173,0.03955588,-0.8849977,0.5084607,-0.5039362,0.4949544,0.4924797,
1,4,9.833,-0.2481704,0.0395485,-0.8850037,0.5084615,-0.503957,0.4949309,0.4924811,
1,4,9.835,-0.2481704,0.0395485,-0.8850037,0.5084615,-0.503957,0.4949309,0.4924811,
1,4,9.837,-0.2481704,0.0395485,-0.8850037,0.5084615,-0.503957,0.4949309,0.4924811,
1,4,9.839,-0.2481704,0.0395485,-0.8850037,0.5084615,-0.503957,0.4949309,0.4924811,
1,4,9.841,-0.2481674,0.0395526,-0.8849982,0.5084694,-0.5039556,0.4949272,0.4924781,
1,4,9.843,-0.2481674,0.0395526,-0.8849982,0.5084694,-0.5039556,0.4949272,0.4924781,
1,4,9.845,-0.2481674,0.0395526,-0.8849982,0.5084694,-0.5039556,0.4949272,0.4924781,
1,4,9.847,-0.2481674,0.0395526,-0.8849982,0.5084694,-0.5039556,0.4949272,0.4924781,
1,4,9.849,-0.2481674,0.0395526,-0.8849982,0.5084694,-0.5039556,0.4949272,0.4924781,
1,4,9.851,-0.2481743,0.03954939,-0.884995,0.5084709,-0.5039533,0.4949348,0.4924714,
1,4,9.853,-0.2481743,0.03954939,-0.884995,0.5084709,-0.5039533,0.4949348,0.4924714,
1,4,9.855,-0.2481743,0.03954939,-0.884995,0.5084709,-0.5039533,0.4949348,0.4924714,
1,4,9.857,-0.2481743,0.03954939,-0.884995,0.5084709,-0.5039533,0.4949348,0.4924714,
1,4,9.859,-0.2481658,0.0395386,-0.8849963,0.5084869,-0.5039572,0.4949236,0.492462,
1,4,9.861,-0.2481658,0.0395386,-0.8849963,0.5084869,-0.5039572,0.4949236,0.492462,
1,4,9.863,-0.2481658,0.0395386,-0.8849963,0.5084869,-0.5039572,0.4949236,0.492462,
1,4,9.865,-0.2481658,0.0395386,-0.8849963,0.5084869,-0.5039572,0.4949236,0.492462,
1,4,9.867,-0.2481606,0.03954325,-0.8850026,0.5084872,-0.5039555,0.4949147,0.4924726,
1,4,9.869,-0.2481606,0.03954325,-0.8850026,0.5084872,-0.5039555,0.4949147,0.4924726,
1,4,9.871,-0.2481606,0.03954325,-0.8850026,0.5084872,-0.5039555,0.4949147,0.4924726,
1,4,9.873,-0.2481606,0.03954325,-0.8850026,0.5084872,-0.5039555,0.4949147,0.4924726,
1,4,9.875,-0.2481612,0.03954334,-0.8849891,0.5084794,-0.5039533,0.4949273,0.4924702,
1,4,9.877,-0.2481612,0.03954334,-0.8849891,0.5084794,-0.5039533,0.4949273,0.4924702,
1,4,9.879,-0.2481612,0.03954334,-0.8849891,0.5084794,-0.5039533,0.4949273,0.4924702,
1,4,9.881,-0.2481612,0.03954334,-0.8849891,0.5084794,-0.5039533,0.4949273,0.4924702,
1,4,9.883,-0.248169,0.03954897,-0.8849975,0.5084737,-0.503935,0.4949593,0.4924626,
1,4,9.885,-0.248169,0.03954897,-0.8849975,0.5084737,-0.503935,0.4949593,0.4924626,
1,4,9.887,-0.248169,0.03954897,-0.8849975,0.5084737,-0.503935,0.4949593,0.4924626,
1,4,9.889,-0.248169,0.03954897,-0.8849975,0.5084737,-0.503935,0.4949593,0.4924626,
1,4,9.891,-0.2481737,0.03954873,-0.8850029,0.5084583,-0.5039492,0.4949529,0.4924703,
1,4,9.893,-0.2481737,0.03954873,-0.8850029,0.5084583,-0.5039492,0.4949529,0.4924703,
1,4,9.895,-0.2481737,0.03954873,-0.8850029,0.5084583,-0.5039492,0.4949529,0.4924703,
1,4,9.897,-0.2481737,0.03954873,-0.8850029,0.5084583,-0.5039492,0.4949529,0.4924703,
1,4,9.899,-0.2481737,0.03954873,-0.8850029,0.5084583,-0.5039492,0.4949529,0.4924703,
1,4,9.901,-0.248172,0.03954343,-0.884997,0.5084615,-0.5039585,0.4949367,0.4924738,
1,4,9.903,-0.248172,0.03954343,-0.884997,0.5084615,-0.5039585,0.4949367,0.4924738,
1,4,9.905,-0.248172,0.03954343,-0.884997,0.5084615,-0.5039585,0.4949367,0.4924738,
1,4,9.907,-0.248172,0.03954343,-0.884997,0.5084615,-0.5039585,0.4949367,0.4924738,
1,4,9.909,-0.2481599,0.03956067,-0.8850015,0.5084787,-0.5039268,0.4949542,0.4924709,
1,4,9.911,-0.2481599,0.03956067,-0.8850015,0.5084787,-0.5039268,0.4949542,0.4924709,
1,4,9.913,-0.2481599,0.03956067,-0.8850015,0.5084787,-0.5039268,0.4949542,0.4924709,
1,4,9.915,-0.2481599,0.03956067,-0.8850015,0.5084787,-0.5039268,0.4949542,0.4924709,
1,4,9.917,-0.248167,0.03955227,-0.8850113,0.5084736,-0.5039579,0.4949474,0.4924511,
1,4,9.919,-0.248167,0.03955227,-0.8850113,0.5084736,-0.5039579,0.4949474,0.4924511,
1,4,9.921,-0.248167,0.03955227,-0.8850113,0.5084736,-0.5039579,0.4949474,0.4924511,
1,4,9.923,-0.248167,0.03955227,-0.8850113,0.5084736,-0.5039579,0.4949474,0.4924511,
1,4,9.925,-0.2481741,0.03954396,-0.884995,0.5084604,-0.503979,0.49493,0.4924606,
1,4,9.927,-0.2481741,0.03954396,-0.884995,0.5084604,-0.503979,0.49493,0.4924606,
1,4,9.929,-0.2481741,0.03954396,-0.884995,0.5084604,-0.503979,0.49493,0.4924606,
1,4,9.931,-0.2481741,0.03954396,-0.884995,0.5084604,-0.503979,0.49493,0.4924606,
1,4,9.933,-0.2481817,0.03954387,-0.884999,0.5084605,-0.5039709,0.4949471,0.4924518,
1,4,9.935,-0.2481817,0.03954387,-0.884999,0.5084605,-0.5039709,0.4949471,0.4924518,
1,4,9.937,-0.2481817,0.03954387,-0.884999,0.5084605,-0.5039709,0.4949471,0.4924518,
1,4,9.939,-0.2481817,0.03954387,-0.884999,0.5084605,-0.5039709,0.4949471,0.4924518,
1,4,9.941,-0.2481801,0.0395582,-0.8850049,0.508463,-0.5039643,0.4949555,0.4924475,
1,4,9.943,-0.2481801,0.0395582,-0.8850049,0.508463,-0.5039643,0.4949555,0.4924475,
1,4,9.945,-0.2481801,0.0395582,-0.8850049,0.508463,-0.5039643,0.4949555,0.4924475,
1,4,9.947,-0.2481801,0.0395582,-0.8850049,0.508463,-0.5039643,0.4949555,0.4924475,
1,4,9.949,-0.2481617,0.0395624,-0.8850054,0.5084731,-0.503956,0.4949413,0.4924597,
1,4,9.951,-0.2481617,0.0395624,-0.8850054,0.5084731,-0.503956,0.4949413,0.4924597,
1,4,9.953,-0.2481617,0.0395624,-0.8850054,0.5084731,-0.503956,0.4949413,0.4924597,
1,4,9.955,-0.2481617,0.0395624,-0.8850054,0.5084731,-0.503956,0.4949413,0.4924597,
1,4,9.957,-0.2481617,0.0395624,-0.8850054,0.5084731,-0.503956,0.4949413,0.4924597,
1,4,9.959,-0.2481594,0.03953568,-0.8850116,0.508486,-0.503971,0.4948943,0.4924784,
1,4,9.961,-0.2481594,0.03953568,-0.8850116,0.508486,-0.503971,0.4948943,0.4924784,
1,4,9.963,-0.2481594,0.03953568,-0.8850116,0.508486,-0.503971,0.4948943,0.4924784,
1,4,9.965,-0.2481594,0.03953568,-0.8850116,0.508486,-0.503971,0.4948943,0.4924784,
1,4,9.967,-0.2481576,0.0395392,-0.8850049,0.5084781,-0.5039585,0.4949258,0.4924676,
1,4,9.969,-0.2481576,0.0395392,-0.8850049,0.5084781,-0.5039585,0.4949258,0.4924676,
1,4,9.971,-0.2481576,0.0395392,-0.8850049,0.5084781,-0.5039585,0.4949258,0.4924676,
1,4,9.973,-0.2481576,0.0395392,-0.8850049,0.5084781,-0.5039585,0.4949258,0.4924676,
1,4,9.975,-0.248154,0.03955013,-0.8850008,0.5084588,-0.5039464,0.4949424,0.4924833,
1,4,9.977,-0.248154,0.03955013,-0.8850008,0.5084588,-0.5039464,0.4949424,0.4924833,
1,4,9.979,-0.248154,0.03955013,-0.8850008,0.5084588,-0.5039464,0.4949424,0.4924833,
1,4,9.981,-0.248154,0.03955013,-0.8850008,0.5084588,-0.5039464,0.4949424,0.4924833,
1,4,9.983,-0.2481655,0.03954883,-0.8850061,0.5084645,-0.5039877,0.4949069,0.4924709,
1,4,9.985,-0.2481655,0.03954883,-0.8850061,0.5084645,-0.5039877,0.4949069,0.4924709,
1,4,9.987,-0.2481655,0.03954883,-0.8850061,0.5084645,-0.5039877,0.4949069,0.4924709,
1,4,9.989,-0.2481655,0.03954883,-0.8850061,0.5084645,-0.5039877,0.4949069,0.4924709,
1,4,9.991,-0.2481662,0.03953412,-0.8850107,0.5084666,-0.5040141,0.4948875,0.4924611,
1,4,9.993,-0.2481662,0.03953412,-0.8850107,0.5084666,-0.5040141,0.4948875,0.4924611,
1,4,9.995,-0.2481662,0.03953412,-0.8850107,0.5084666,-0.5040141,0.4948875,0.4924611,
1,4,9.997,-0.2481662,0.03953412,-0.8850107,0.5084666,-0.5040141,0.4948875,0.4924611,
1,4,9.999,-0.2481678,0.03954404,-0.885001,0.5084673,-0.5039892,0.4949215,0.4924516,
1,4,10.001,-0.2481678,0.03954404,-0.885001,0.5084673,-0.5039892,0.4949215,0.4924516,
1,4,10.003,-0.2481678,0.03954404,-0.885001,0.5084673,-0.5039892,0.4949215,0.4924516,
1,4,10.005,-0.2481678,0.03954404,-0.885001,0.5084673,-0.5039892,0.4949215,0.4924516,
1,4,10.007,-0.2481678,0.03954404,-0.885001,0.5084673,-0.5039892,0.4949215,0.4924516,
1,4,10.009,-0.2481644,0.03954026,-0.8850036,0.5084858,-0.5040017,0.4949089,0.4924324,
1,4,10.011,-0.2481644,0.03954026,-0.8850036,0.5084858,-0.5040017,0.4949089,0.4924324,
1,4,10.013,-0.2481644,0.03954026,-0.8850036,0.5084858,-0.5040017,0.4949089,0.4924324,
1,4,10.015,-0.2481644,0.03954026,-0.8850036,0.5084858,-0.5040017,0.4949089,0.4924324,
1,4,10.017,-0.2481685,0.03955368,-0.8850024,0.5084608,-0.5039958,0.4949311,0.492442,
1,4,10.019,-0.2481685,0.03955368,-0.8850024,0.5084608,-0.5039958,0.4949311,0.492442,
1,4,10.021,-0.2481685,0.03955368,-0.8850024,0.5084608,-0.5039958,0.4949311,0.492442,
1,4,10.023,-0.2481685,0.03955368,-0.8850024,0.5084608,-0.5039958,0.4949311,0.492442,
1,4,10.025,-0.2481633,0.0395616,-0.8849949,0.5084556,-0.5039881,0.4949316,0.4924548,
1,4,10.027,-0.2481633,0.0395616,-0.8849949,0.5084556,-0.5039881,0.4949316,0.4924548,
1,4,10.029,-0.2481633,0.0395616,-0.8849949,0.5084556,-0.5039881,0.4949316,0.4924548,
1,4,10.031,-0.2481633,0.0395616,-0.8849949,0.5084556,-0.5039881,0.4949316,0.4924548,
1,4,10.033,-0.2481681,0.03956113,-0.8849983,0.5084562,-0.503997,0.4949233,0.4924534,
1,4,10.035,-0.2481681,0.03956113,-0.8849983,0.5084562,-0.503997,0.4949233,0.4924534,
1,4,10.037,-0.2481681,0.03956113,-0.8849983,0.5084562,-0.503997,0.4949233,0.4924534,
1,4,10.039,-0.2481681,0.03956113,-0.8849983,0.5084562,-0.503997,0.4949233,0.4924534,
1,4,10.041,-0.2481712,0.03954773,-0.8849984,0.5084581,-0.5040085,0.494916,0.4924469,
1,4,10.043,-0.2481712,0.03954773,-0.8849984,0.5084581,-0.5040085,0.494916,0.4924469,
1,4,10.045,-0.2481712,0.03954773,-0.8849984,0.5084581,-0.5040085,0.494916,0.4924469,
1,4,10.047,-0.2481712,0.03954773,-0.8849984,0.5084581,-0.5040085,0.494916,0.4924469,
1,4,10.049,-0.2481738,0.03955617,-0.8849874,0.5084629,-0.5040014,0.4949169,0.4924483,
1,4,10.051,-0.2481738,0.03955617,-0.8849874,0.5084629,-0.5040014,0.4949169,0.4924483,
1,4,10.053,-0.2481738,0.03955617,-0.8849874,0.5084629,-0.5040014,0.4949169,0.4924483,
1,4,10.055,-0.2481738,0.03955617,-0.8849874,0.5084629,-0.5040014,0.4949169,0.4924483,
1,4,10.057,-0.2481738,0.03955617,-0.8849874,0.5084629,-0.5040014,0.4949169,0.4924483,
1,4,10.059,-0.248175,0.03955843,-0.8849884,0.5084699,-0.5039836,0.4949305,0.4924457,
1,4,10.061,-0.248175,0.03955843,-0.8849884,0.5084699,-0.5039836,0.4949305,0.4924457,
1,4,10.063,-0.248175,0.03955843,-0.8849884,0.5084699,-0.5039836,0.4949305,0.4924457,
1,4,10.065,-0.248175,0.03955843,-0.8849884,0.5084699,-0.5039836,0.4949305,0.4924457,
1,4,10.067,-0.2481808,0.03954628,-0.884982,0.5084967,-0.5040061,0.494889,0.4924368,
1,4,10.069,-0.2481808,0.03954628,-0.884982,0.5084967,-0.5040061,0.494889,0.4924368,
1,4,10.071,-0.2481808,0.03954628,-0.884982,0.5084967,-0.5040061,0.494889,0.4924368,
1,4,10.073,-0.2481808,0.03954628,-0.884982,0.5084967,-0.5040061,0.494889,0.4924368,
1,4,10.075,-0.2481735,0.03954819,-0.8849831,0.5084835,-0.5039835,0.4949169,0.4924456,
1,4,10.077,-0.2481735,0.03954819,-0.8849831,0.5084835,-0.5039835,0.4949169,0.4924456,
1,4,10.079,-0.2481735,0.03954819,-0.8849831,0.5084835,-0.5039835,0.4949169,0.4924456,
1,4,10.081,-0.2481735,0.03954819,-0.8849831,0.5084835,-0.5039835,0.4949169,0.4924456,
1,4,10.083,-0.2481873,0.03954484,-0.8849841,0.5084757,-0.503995,0.494908,0.4924505,
1,4,10.085,-0.2481873,0.03954484,-0.8849841,0.5084757,-0.503995,0.494908,0.4924505,
1,4,10.087,-0.2481873,0.03954484,-0.8849841,0.5084757,-0.503995,0.494908,0.4924505,
1,4,10.089,-0.2481873,0.03954484,-0.8849841,0.5084757,-0.503995,0.494908,0.4924505,
1,4,10.091,-0.2481975,0.03953702,-0.8849841,0.508477,-0.504006,0.4948938,0.4924524,
1,4,10.093,-0.2481975,0.03953702,-0.8849841,0.508477,-0.504006,0.4948938,0.4924524,
1,4,10.095,-0.2481975,0.03953702,-0.8849841,0.508477,-0.504006,0.4948938,0.4924524,
1,4,10.097,-0.2481975,0.03953702,-0.8849841,0.508477,-0.504006,0.4948938,0.4924524,
1,4,10.099,-0.2481867,0.03954184,-0.8849836,0.5084791,-0.5039771,0.4949175,0.4924559,
1,4,10.101,-0.2481867,0.03954184,-0.8849836,0.5084791,-0.5039771,0.4949175,0.4924559,
1,4,10.103,-0.2481867,0.03954184,-0.8849836,0.5084791,-0.5039771,0.4949175,0.4924559,
1,4,10.105,-0.2481867,0.03954184,-0.8849836,0.5084791,-0.5039771,0.4949175,0.4924559,
1,4,10.107,-0.2481867,0.03954184,-0.8849836,0.5084791,-0.5039771,0.4949175,0.4924559,
1,4,10.109,-0.2481847,0.03954689,-0.8849843,0.5084686,-0.5039755,0.4949083,0.4924777,
1,4,10.111,-0.2481847,0.03954689,-0.8849843,0.5084686,-0.5039755,0.4949083,0.4924777,
1,4,10.113,-0.2481847,0.03954689,-0.8849843,0.5084686,-0.5039755,0.4949083,0.4924777,
1,4,10.115,-0.2481847,0.03954689,-0.8849843,0.5084686,-0.5039755,0.4949083,0.4924777,
1,4,10.117,-0.2481808,0.03954199,-0.8849869,0.5084903,-0.5039623,0.4949025,0.4924747,
1,4,10.119,-0.2481808,0.03954199,-0.8849869,0.5084903,-0.5039623,0.4949025,0.4924747,
1,4,10.121,-0.2481808,0.03954199,-0.8849869,0.5084903,-0.5039623,0.4949025,0.4924747,
1,4,10.123,-0.2481808,0.03954199,-0.8849869,0.5084903,-0.5039623,0.4949025,0.4924747,
1,4,10.125,-0.2481913,0.03954661,-0.8849851,0.5084618,-0.5039616,0.4949158,0.4924912,
1,4,10.127,-0.2481913,0.03954661,-0.8849851,0.5084618,-0.5039616,0.4949158,0.4924912,
1,4,10.129,-0.2481913,0.03954661,-0.8849851,0.5084618,-0.5039616,0.4949158,0.4924912,
1,4,10.131,-0.2481913,0.03954661,-0.8849851,0.5084618,-0.5039616,0.4949158,0.4924912,
1,4,10.133,-0.2481817,0.03954113,-0.8849847,0.5084732,-0.5039579,0.4949222,0.492477,
1,4,10.135,-0.2481817,0.03954113,-0.8849847,0.5084732,-0.5039579,0.4949222,0.492477,
1,4,10.137,-0.2481817,0.03954113,-0.8849847,0.5084732,-0.5039579,0.4949222,0.492477,
1,4,10.139,-0.2481817,0.03954113,-0.8849847,0.5084732,-0.5039579,0.4949222,0.492477,
1,4,10.141,-0.2481841,0.03954582,-0.8849807,0.5084648,-0.5039372,0.4949408,0.492488,
1,4,10.143,-0.2481841,0.03954582,-0.8849807,0.5084648,-0.5039372,0.4949408,0.492488,
1,4,10.145,-0.2481841,0.03954582,-0.8849807,0.5084648,-0.5039372,0.4949408,0.492488,
1,4,10.147,-0.2481841,0.03954582,-0.8849807,0.5084648,-0.5039372,0.4949408,0.492488,
1,4,10.149,-0.2481871,0.03954577,-0.8849863,0.5084495,-0.5039549,0.4949456,0.4924809,
1,4,10.151,-0.2481871,0.03954577,-0.8849863,0.5084495,-0.5039549,0.4949456,0.4924809,
1,4,10.153,-0.2481871,0.03954577,-0.8849863,0.5084495,-0.5039549,0.4949456,0.4924809,
1,4,10.155,-0.2481871,0.03954577,-0.8849863,0.5084495,-0.5039549,0.4949456,0.4924809,
1,4,10.157,-0.2481871,0.03954577,-0.8849863,0.5084495,-0.5039549,0.4949456,0.4924809,
1,4,10.159,-0.2482014,0.03953319,-0.8849911,0.5084625,-0.5039775,0.4949369,0.492453,
1,4,10.161,-0.2482014,0.03953319,-0.8849911,0.5084625,-0.5039775,0.4949369,0.492453,
1,4,10.163,-0.2482014,0.03953319,-0.8849911,0.5084625,-0.5039775,0.4949369,0.492453,
1,4,10.165,-0.2482014,0.03953319,-0.8849911,0.5084625,-0.5039775,0.4949369,0.492453,
1,4,10.167,-0.2481922,0.03954804,-0.8849842,0.5084498,-0.5039669,0.4949351,0.4924789,
1,4,10.169,-0.2481922,0.03954804,-0.8849842,0.5084498,-0.5039669,0.4949351,0.4924789,
1,4,10.171,-0.2481922,0.03954804,-0.8849842,0.5084498,-0.5039669,0.4949351,0.4924789,
1,4,10.173,-0.2481922,0.03954804,-0.8849842,0.5084498,-0.5039669,0.4949351,0.4924789,
1,4,10.175,-0.2482005,0.03953965,-0.8849876,0.5084442,-0.5039878,0.4949268,0.4924716,
1,4,10.177,-0.2482005,0.03953965,-0.8849876,0.5084442,-0.5039878,0.4949268,0.4924716,
1,4,10.179,-0.2482005,0.03953965,-0.8849876,0.5084442,-0.5039878,0.4949268,0.4924716,
1,4,10.181,-0.2482005,0.03953965,-0.8849876,0.5084442,-0.5039878,0.4949268,0.4924716,CourtEnter
1,4,10.183,-0.2481807,0.0395476,-0.8849861,0.5084694,-0.5039493,0.4949223,0.4924895,
1,4,10.185,-0.2481807,0.0395476,-0.8849861,0.5084694,-0.5039493,0.4949223,0.4924895,
1,4,10.187,-0.2481807,0.0395476,-0.8849861,0.5084694,-0.5039493,0.4949223,0.4924895,
1,4,10.189,-0.2481807,0.0395476,-0.8849861,0.5084694,-0.5039493,0.4949223,0.4924895,CourtExit
1,4,10.191,-0.2481758,0.03955035,-0.8849939,0.5084739,-0.5039341,0.4949408,0.4924818,
1,4,10.193,-0.2481758,0.03955035,-0.8849939,0.5084739,-0.5039341,0.4949408,0.4924818,
1,4,10.195,-0.2481758,0.03955035,-0.8849939,0.5084739,-0.5039341,0.4949408,0.4924818,
1,4,10.197,-0.2481758,0.03955035,-0.8849939,0.5084739,-0.5039341,0.4949408,0.4924818,
1,4,10.199,-0.2481764,0.03955361,-0.8849934,0.5084631,-0.5039426,0.4949333,0.492492,
1,4,10.201,-0.2481764,0.03955361,-0.8849934,0.5084631,-0.5039426,0.4949333,0.492492,
1,4,10.203,-0.2481764,0.03955361,-0.8849934,0.5084631,-0.5039426,0.4949333,0.492492,
1,4,10.205,-0.2481764,0.03955361,-0.8849934,0.5084631,-0.5039426,0.4949333,0.492492,
1,4,10.207,-0.2481764,0.03955361,-0.8849934,0.5084631,-0.5039426,0.4949333,0.492492,
1,4,10.209,-0.2481838,0.03954346,-0.8849963,0.5084652,-0.5039584,0.4949324,0.4924745,
1,4,10.211,-0.2481838,0.03954346,-0.8849963,0.5084652,-0.5039584,0.4949324,0.4924745,
1,4,10.213,-0.2481838,0.03954346,-0.8849963,0.5084652,-0.5039584,0.4949324,0.4924745,
1,4,10.215,-0.2481838,0.03954346,-0.8849963,0.5084652,-0.5039584,0.4949324,0.4924745,
1,4,10.217,-0.2481827,0.03953941,-0.884989,0.5084575,-0.503973,0.4949271,0.4924727,
1,4,10.219,-0.2481827,0.03953941,-0.884989,0.5084575,-0.503973,0.4949271,0.4924727,
1,4,10.221,-0.2481827,0.03953941,-0.884989,0.5084575,-0.503973,0.4949271,0.4924727,
1,4,10.223,-0.2481827,0.03953941,-0.884989,0.5084575,-0.503973,0.4949271,0.4924727,
1,4,10.225,-0.2481806,0.03953708,-0.8849891,0.5084716,-0.5039667,0.4949198,0.4924719,
1,4,10.227,-0.2481806,0.03953708,-0.8849891,0.5084716,-0.5039667,0.4949198,0.4924719,
1,4,10.229,-0.2481806,0.03953708,-0.8849891,0.5084716,-0.5039667,0.4949198,0.4924719,
1,4,10.231,-0.2481806,0.03953708,-0.8849891,0.5084716,-0.5039667,0.4949198,0.4924719,
1,4,10.233,-0.2481977,0.03954262,-0.8849922,0.5084455,-0.503977,0.4949396,0.4924685,
1,4,10.235,-0.2481977,0.03954262,-0.8849922,0.5084455,-0.503977,0.4949396,0.4924685,
1,4,10.237,-0.2481977,0.03954262,-0.8849922,0.5084455,-0.503977,0.4949396,0.4924685,
1,4,10.239,-0.2481977,0.03954262,-0.8849922,0.5084455,-0.503977,0.4949396,0.4924685,
1,4,10.241,-0.2481951,0.03954919,-0.8849978,0.5084271,-0.5039832,0.4949355,0.4924853,
1,4,10.243,-0.2481951,0.03954919,-0.8849978,0.5084271,-0.5039832,0.4949355,0.4924853,
1,4,10.245,-0.2481951,0.03954919,-0.8849978,0.5084271,-0.5039832,0.4949355,0.4924853,
1,4,10.247,-0.2481951,0.03954919,-0.8849978,0.5084271,-0.5039832,0.4949355,0.4924853,
1,4,10.249,-0.2481828,0.03955753,-0.8849856,0.5084428,-0.5039812,0.4949171,0.4924898,
1,4,10.251,-0.2481828,0.03955753,-0.8849856,0.5084428,-0.5039812,0.4949171,0.4924898,
1,4,10.253,-0.2481828,0.03955753,-0.8849856,0.5084428,-0.5039812,0.4949171,0.4924898,
1,4,10.255,-0.2481828,0.03955753,-0.8849856,0.5084428,-0.5039812,0.4949171,0.4924898,
1,4,10.257,-0.2481828,0.03955753,-0.8849856,0.5084428,-0.5039812,0.4949171,0.4924898,
1,4,10.259,-0.2481823,0.0395592,-0.8849787,0.508458,-0.5039637,0.4949208,0.4924882,
1,4,10.261,-0.2481823,0.0395592,-0.8849787,0.508458,-0.5039637,0.4949208,0.4924882,
1,4,10.263,-0.2481823,0.0395592,-0.8849787,0.508458,-0.5039637,0.4949208,0.4924882,
1,4,10.265,-0.2481823,0.0395592,-0.8849787,0.508458,-0.5039637,0.4949208,0.4924882,
1,4,10.267,-0.248177,0.03956016,-0.8849927,0.508466,-0.5039322,0.4949317,0.4925012,
1,4,10.269,-0.248177,0.03956016,-0.8849927,0.508466,-0.5039322,0.4949317,0.4925012,
1,4,10.271,-0.248177,0.03956016,-0.8849927,0.508466,-0.5039322,0.4949317,0.4925012,
1,4,10.273,-0.248177,0.03956016,-0.8849927,0.508466,-0.5039322,0.4949317,0.4925012,
1,4,10.275,-0.2481816,0.03956099,-0.8849882,0.5084624,-0.5039429,0.4949284,0.4924973,
1,4,10.277,-0.2481816,0.03956099,-0.8849882,0.5084624,-0.5039429,0.4949284,0.4924973,
1,4,10.279,-0.2481816,0.03956099,-0.8849882,0.5084624,-0.5039429,0.4949284,0.4924973,
1,4,10.281,-0.2481816,0.03956099,-0.8849882,0.5084624,-0.5039429,0.4949284,0.4924973,
1,4,10.283,-0.2481811,0.03956411,-0.8849844,0.5084682,-0.5039347,0.4949488,0.492479,
1,4,10.285,-0.2481811,0.03956411,-0.8849844,0.5084682,-0.5039347,0.4949488,0.492479,
1,4,10.287,-0.2481811,0.03956411,-0.8849844,0.5084682,-0.5039347,0.4949488,0.492479,
1,4,10.289,-0.2481811,0.03956411,-0.8849844,0.5084682,-0.5039347,0.4949488,0.492479,
1,4,10.291,-0.2481848,0.03955486,-0.8849825,0.5084566,-0.5039518,0.4949454,0.492477,
1,4,10.293,-0.2481848,0.03955486,-0.8849825,0.5084566,-0.5039518,0.4949454,0.492477,
1,4,10.295,-0.2481848,0.03955486,-0.8849825,0.5084566,-0.5039518,0.4949454,0.492477,
1,4,10.297,-0.2481848,0.03955486,-0.8849825,0.5084566,-0.5039518,0.4949454,0.492477,
1,4,10.299,-0.2481884,0.03954529,-0.8849816,0.5084512,-0.5039715,0.4949334,0.4924743,
1,4,10.301,-0.2481884,0.03954529,-0.8849816,0.5084512,-0.5039715,0.4949334,0.4924743,
1,4,10.303,-0.2481884,0.03954529,-0.8849816,0.5084512,-0.5039715,0.4949334,0.4924743,
1,4,10.305,-0.2481884,0.03954529,-0.8849816,0.5084512,-0.5039715,0.4949334,0.4924743,
1,4,10.307,-0.2481884,0.03954529,-0.8849816,0.5084512,-0.5039715,0.4949334,0.4924743,
1,4,10.309,-0.2481772,0.03954815,-0.8849894,0.5084575,-0.5039501,0.4949397,0.4924835,
1,4,10.311,-0.2481772,0.03954815,-0.8849894,0.5084575,-0.5039501,0.4949397,0.4924835,
1,4,10.313,-0.2481772,0.03954815,-0.8849894,0.5084575,-0.5039501,0.4949397,0.4924835,
1,4,10.315,-0.2481772,0.03954815,-0.8849894,0.5084575,-0.5039501,0.4949397,0.4924835,
1,4,10.317,-0.248175,0.03955872,-0.8849897,0.5084625,-0.5039434,0.49493,0.4924951,
1,4,10.319,-0.248175,0.03955872,-0.8849897,0.5084625,-0.5039434,0.49493,0.4924951,
1,4,10.321,-0.248175,0.03955872,-0.8849897,0.5084625,-0.5039434,0.49493,0.4924951,
1,4,10.323,-0.248175,0.03955872,-0.8849897,0.5084625,-0.5039434,0.49493,0.4924951,
1,4,10.325,-0.2481818,0.03956574,-0.8849885,0.5084414,-0.5039512,0.4949351,0.4925036,
1,4,10.327,-0.2481818,0.03956574,-0.8849885,0.5084414,-0.5039512,0.4949351,0.4925036,
1,4,10.329,-0.2481818,0.03956574,-0.8849885,0.5084414,-0.5039512,0.4949351,0.4925036,
1,4,10.331,-0.2481818,0.03956574,-0.8849885,0.5084414,-0.5039512,0.4949351,0.4925036,
1,4,10.333,-0.2481826,0.03955659,-0.8849856,0.508437,-0.5039654,0.4949325,0.4924963,
1,4,10.335,-0.2481826,0.03955659,-0.8849856,0.508437,-0.5039654,0.4949325,0.4924963,
1,4,10.337,-0.2481826,0.03955659,-0.8849856,0.508437,-0.5039654,0.4949325,0.4924963,
1,4,10.339,-0.2481826,0.03955659,-0.8849856,0.508437,-0.5039654,0.4949325,0.4924963,
1,4,10.341,-0.2481858,0.03953462,-0.8849892,0.5084389,-0.5040008,0.4949032,0.4924876,
1,4,10.343,-0.2481858,0.03953462,-0.8849892,0.5084389,-0.5040008,0.4949032,0.4924876,
1,4,10.345,-0.2481858,0.03953462,-0.8849892,0.5084389,-0.5040008,0.4949032,0.4924876,
1,4,10.347,-0.2481858,0.03953462,-0.8849892,0.5084389,-0.5040008,0.4949032,0.4924876,
1,4,10.349,-0.2481807,0.03954569,-0.884982,0.5084602,-0.5039808,0.4949036,0.4924858,
1,4,10.351,-0.2481807,0.03954569,-0.884982,0.5084602,-0.5039808,0.4949036,0.4924858,
1,4,10.353,-0.2481807,0.03954569,-0.884982,0.5084602,-0.5039808,0.4949036,0.4924858,
1,4,10.355,-0.2481807,0.03954569,-0.884982,0.5084602,-0.5039808,0.4949036,0.4924858,
1,4,10.357,-0.2481807,0.03954569,-0.884982,0.5084602,-0.5039808,0.4949036,0.4924858,
1,4,10.359,-0.2481661,0.03954651,-0.8849884,0.5084789,-0.5039408,0.4949259,0.4924849,
1,4,10.361,-0.2481661,0.03954651,-0.8849884,0.5084789,-0.5039408,0.4949259,0.4924849,
1,4,10.363,-0.2481661,0.03954651,-0.8849884,0.5084789,-0.5039408,0.4949259,0.4924849,
1,4,10.365,-0.2481661,0.03954651,-0.8849884,0.5084789,-0.5039408,0.4949259,0.4924849,
1,4,10.367,-0.2481609,0.03955584,-0.8849827,0.5084643,-0.5039426,0.4949286,0.4924953,
1,4,10.369,-0.2481609,0.03955584,-0.8849827,0.5084643,-0.5039426,0.4949286,0.4924953,
1,4,10.371,-0.2481609,0.03955584,-0.8849827,0.5084643,-0.5039426,0.4949286,0.4924953,
1,4,10.373,-0.2481609,0.03955584,-0.8849827,0.5084643,-0.5039426,0.4949286,0.4924953,
1,4,10.375,-0.2481775,0.03954882,-0.884976,0.5084569,-0.5039592,0.4949309,0.4924837,
1,4,10.377,-0.2481775,0.03954882,-0.884976,0.5084569,-0.5039592,0.4949309,0.4924837,
1,4,10.379,-0.2481775,0.03954882,-0.884976,0.5084569,-0.5039592,0.4949309,0.4924837,
1,4,10.381,-0.2481775,0.03954882,-0.884976,0.5084569,-0.5039592,0.4949309,0.4924837,
1,4,10.383,-0.2481779,0.03955172,-0.8849769,0.5084435,-0.5039712,0.4949307,0.4924854,
1,4,10.385,-0.2481779,0.03955172,-0.8849769,0.5084435,-0.5039712,0.4949307,0.4924854,
1,4,10.387,-0.2481779,0.03955172,-0.8849769,0.5084435,-0.5039712,0.4949307,0.4924854,
1,4,10.389,-0.2481779,0.03955172,-0.8849769,0.5084435,-0.5039712,0.4949307,0.4924854,
1,4,10.391,-0.2481857,0.03955079,-0.884977,0.5084473,-0.5039793,0.4949306,0.4924733,
1,4,10.393,-0.2481857,0.03955079,-0.884977,0.5084473,-0.5039793,0.4949306,0.4924733,
1,4,10.395,-0.2481857,0.03955079,-0.884977,0.5084473,-0.5039793,0.4949306,0.4924733,
1,4,10.397,-0.2481857,0.03955079,-0.884977,0.5084473,-0.5039793,0.4949306,0.4924733,
1,4,10.399,-0.24817,0.03955341,-0.8849839,0.5084639,-0.5039577,0.4949198,0.4924892,
1,4,10.401,-0.24817,0.03955341,-0.8849839,0.5084639,-0.5039577,0.4949198,0.4924892,
1,4,10.403,-0.24817,0.03955341,-0.8849839,0.5084639,-0.5039577,0.4949198,0.4924892,
1,4,10.405,-0.24817,0.03955341,-0.8849839,0.5084639,-0.5039577,0.4949198,0.4924892,
1,4,10.407,-0.24817,0.03955341,-0.8849839,0.5084639,-0.5039577,0.4949198,0.4924892,
1,4,10.409,-0.2481667,0.03954909,-0.8849735,0.5084698,-0.5039487,0.4949262,0.4924859,
1,4,10.411,-0.2481667,0.03954909,-0.8849735,0.5084698,-0.5039487,0.4949262,0.4924859,
1,4,10.413,-0.2481667,0.03954909,-0.8849735,0.5084698,-0.5039487,0.4949262,0.4924859,
1,4,10.415,-0.2481667,0.03954909,-0.8849735,0.5084698,-0.5039487,0.4949262,0.4924859,
1,4,10.417,-0.2481639,0.03955248,-0.8849754,0.5084794,-0.503932,0.4949388,0.4924803,
1,4,10.419,-0.2481639,0.03955248,-0.8849754,0.5084794,-0.503932,0.4949388,0.4924803,
1,4,10.421,-0.2481639,0.03955248,-0.8849754,0.5084794,-0.503932,0.4949388,0.4924803,
1,4,10.423,-0.2481639,0.03955248,-0.8849754,0.5084794,-0.503932,0.4949388,0.4924803,
1,4,10.425,-0.2481654,0.03953615,-0.8849832,0.5085045,-0.5039515,0.4949067,0.492467,
1,4,10.427,-0.2481654,0.03953615,-0.8849832,0.5085045,-0.5039515,0.4949067,0.492467,
1,4,10.429,-0.2481654,0.03953615,-0.8849832,0.5085045,-0.5039515,0.4949067,0.492467,
1,4,10.431,-0.2481654,0.03953615,-0.8849832,0.5085045,-0.5039515,0.4949067,0.492467,
1,4,10.433,-0.2481708,0.03954336,-0.8849818,0.5084997,-0.5039331,0.4949232,0.492474,
1,4,10.435,-0.2481708,0.03954336,-0.8849818,0.5084997,-0.5039331,0.4949232,0.492474,
1,4,10.437,-0.2481708,0.03954336,-0.8849818,0.5084997,-0.5039331,0.4949232,0.492474,
1,4,10.439,-0.2481708,0.03954336,-0.8849818,0.5084997,-0.5039331,0.4949232,0.492474,
1,4,10.441,-0.2481519,0.03954648,-0.88499,0.5084833,-0.5039587,0.494912,0.492476,
1,4,10.443,-0.2481519,0.03954648,-0.88499,0.5084833,-0.5039587,0.494912,0.492476,
1,4,10.445,-0.2481519,0.03954648,-0.88499,0.5084833,-0.5039587,0.494912,0.492476,
1,4,10.447,-0.2481519,0.03954648,-0.88499,0.5084833,-0.5039587,0.494912,0.492476,
1,4,10.449,-0.2481589,0.03954989,-0.8849936,0.5084759,-0.5039465,0.4949355,0.4924724,
1,4,10.451,-0.2481589,0.03954989,-0.8849936,0.5084759,-0.5039465,0.4949355,0.4924724,
1,4,10.453,-0.2481589,0.03954989,-0.8849936,0.5084759,-0.5039465,0.4949355,0.4924724,
1,4,10.455,-0.2481589,0.03954989,-0.8849936,0.5084759,-0.5039465,0.4949355,0.4924724,
1,4,10.457,-0.2481589,0.03954989,-0.8849936,0.5084759,-0.5039465,0.4949355,0.4924724,
1,4,10.459,-0.2481671,0.03954725,-0.8849887,0.5084726,-0.5039655,0.4949263,0.4924656,
1,4,10.461,-0.2481671,0.03954725,-0.8849887,0.5084726,-0.5039655,0.4949263,0.4924656,
1,4,10.463,-0.2481671,0.03954725,-0.8849887,0.5084726,-0.5039655,0.4949263,0.4924656,
1,4,10.465,-0.2481671,0.03954725,-0.8849887,0.5084726,-0.5039655,0.4949263,0.4924656,
1,4,10.467,-0.2481876,0.03951569,-0.8850054,0.5084713,-0.5040161,0.4948622,0.4924797,
1,4,10.469,-0.2481876,0.03951569,-0.8850054,0.5084713,-0.5040161,0.4948622,0.4924797,
1,4,10.471,-0.2481876,0.03951569,-0.8850054,0.5084713,-0.5040161,0.4948622,0.4924797,
1,4,10.473,-0.2481876,0.03951569,-0.8850054,0.5084713,-0.5040161,0.4948622,0.4924797,
1,4,10.475,-0.2481801,0.03953894,-0.8849841,0.5084496,-0.5040018,0.4948996,0.4924792,
1,4,10.477,-0.2481801,0.03953894,-0.8849841,0.5084496,-0.5040018,0.4948996,0.4924792,
1,4,10.479,-0.2481801,0.03953894,-0.8849841,0.5084496,-0.5040018,0.4948996,0.4924792,
1,4,10.481,-0.2481801,0.03953894,-0.8849841,0.5084496,-0.5040018,0.4948996,0.4924792,
1,4,10.483,-0.2481697,0.03953743,-0.8849847,0.5084543,-0.5039921,0.4949119,0.4924718,
1,4,10.485,-0.2481697,0.03953743,-0.8849847,0.5084543,-0.5039921,0.4949119,0.4924718,
1,4,10.487,-0.2481697,0.03953743,-0.8849847,0.5084543,-0.5039921,0.4949119,0.4924718,
1,4,10.489,-0.2481697,0.03953743,-0.8849847,0.5084543,-0.5039921,0.4949119,0.4924718,
1,4,10.491,-0.2481742,0.03953939,-0.8849776,0.5084634,-0.5039479,0.4949395,0.4924798,
1,4,10.493,-0.2481742,0.03953939,-0.8849776,0.5084634,-0.5039479,0.4949395,0.4924798,
1,4,10.495,-0.2481742,0.03953939,-0.8849776,0.5084634,-0.5039479,0.4949395,0.4924798,
1,4,10.497,-0.2481742,0.03953939,-0.8849776,0.5084634,-0.5039479,0.4949395,0.4924798,
1,4,10.499,-0.2481819,0.03954218,-0.8849816,0.508465,-0.5039692,0.4949302,0.4924657,
1,4,10.501,-0.2481819,0.03954218,-0.8849816,0.508465,-0.5039692,0.4949302,0.4924657,
1,4,10.503,-0.2481819,0.03954218,-0.8849816,0.508465,-0.5039692,0.4949302,0.4924657,
1,4,10.505,-0.2481819,0.03954218,-0.8849816,0.508465,-0.5039692,0.4949302,0.4924657,
1,4,10.507,-0.2481819,0.03954218,-0.8849816,0.508465,-0.5039692,0.4949302,0.4924657,
1,4,10.509,-0.2481742,0.03954143,-0.8849771,0.5084759,-0.5039492,0.4949324,0.4924728,
1,4,10.511,-0.2481742,0.03954143,-0.8849771,0.5084759,-0.5039492,0.4949324,0.4924728,
1,4,10.513,-0.2481742,0.03954143,-0.8849771,0.5084759,-0.5039492,0.4949324,0.4924728,
1,4,10.515,-0.2481742,0.03954143,-0.8849771,0.5084759,-0.5039492,0.4949324,0.4924728,
1,4,10.517,-0.2481745,0.03954048,-0.884986,0.5084748,-0.5039507,0.4949341,0.4924709,
1,4,10.519,-0.2481745,0.03954048,-0.884986,0.5084748,-0.5039507,0.4949341,0.4924709,
1,4,10.521,-0.2481745,0.03954048,-0.884986,0.5084748,-0.5039507,0.4949341,0.4924709,
1,4,10.523,-0.2481745,0.03954048,-0.884986,0.5084748,-0.5039507,0.4949341,0.4924709,
1,4,10.525,-0.2481763,0.03953206,-0.8849878,0.5084755,-0.5039624,0.4949199,0.4924722,
1,4,10.527,-0.2481763,0.03953206,-0.8849878,0.5084755,-0.5039624,0.4949199,0.4924722,
1,4,10.529,-0.2481763,0.03953206,-0.8849878,0.5084755,-0.5039624,0.4949199,0.4924722,
1,4,10.531,-0.2481763,0.03953206,-0.8849878,0.5084755,-0.5039624,0.4949199,0.4924722,
1,4,10.533,-0.2481638,0.03954769,-0.8849797,0.5084841,-0.5039414,0.4949324,0.4924723,
1,4,10.535,-0.2481638,0.03954769,-0.8849797,0.5084841,-0.5039414,0.4949324,0.4924723,
1,4,10.537,-0.2481638,0.03954769,-0.8849797,0.5084841,-0.5039414,0.4949324,0.4924723,
1,4,10.539,-0.2481638,0.03954769,-0.8849797,0.5084841,-0.5039414,0.4949324,0.4924723,
1,4,10.541,-0.2481713,0.03954294,-0.8849807,0.5084864,-0.5039502,0.4949246,0.4924688,
1,4,10.543,-0.2481713,0.03954294,-0.8849807,0.5084864,-0.5039502,0.4949246,0.4924688,
1,4,10.545,-0.2481713,0.03954294,-0.8849807,0.5084864,-0.5039502,0.4949246,0.4924688,
1,4,10.547,-0.2481713,0.03954294,-0.8849807,0.5084864,-0.5039502,0.4949246,0.4924688,
1,4,10.549,-0.2481796,0.03954618,-0.8849797,0.5084837,-0.5039502,0.4949296,0.4924665,
1,4,10.551,-0.2481796,0.03954618,-0.8849797,0.5084837,-0.5039502,0.4949296,0.4924665,
1,4,10.553,-0.2481796,0.03954618,-0.8849797,0.5084837,-0.5039502,0.4949296,0.4924665,
1,4,10.555,-0.2481796,0.03954618,-0.8849797,0.5084837,-0.5039502,0.4949296,0.4924665,
1,4,10.557,-0.2481796,0.03954618,-0.8849797,0.5084837,-0.5039502,0.4949296,0.4924665,
1,4,10.559,-0.2481816,0.0395421,-0.8849894,0.5084828,-0.5039554,0.4949251,0.4924667,
1,4,10.561,-0.2481816,0.0395421,-0.8849894,0.5084828,-0.5039554,0.4949251,0.4924667,
1,4,10.563,-0.2481816,0.0395421,-0.8849894,0.5084828,-0.5039554,0.4949251,0.4924667,
1,4,10.565,-0.2481816,0.0395421,-0.8849894,0.5084828,-0.5039554,0.4949251,0.4924667,
1,4,10.567,-0.2481919,0.03954769,-0.8849888,0.5084571,-0.5039599,0.4949392,0.4924745,
1,4,10.569,-0.2481919,0.03954769,-0.8849888,0.5084571,-0.5039599,0.4949392,0.4924745,
1,4,10.571,-0.2481919,0.03954769,-0.8849888,0.5084571,-0.5039599,0.4949392,0.4924745,
1,4,10.573,-0.2481919,0.03954769,-0.8849888,0.5084571,-0.5039599,0.4949392,0.4924745,
1,4,10.575,-0.2481898,0.03956098,-0.8849922,0.508453,-0.5039341,0.4949671,0.4924771,
1,4,10.577,-0.2481898,0.03956098,-0.8849922,0.508453,-0.5039341,0.4949671,0.4924771,
1,4,10.579,-0.2481898,0.03956098,-0.8849922,0.508453,-0.5039341,0.4949671,0.4924771,
1,4,10.581,-0.2481898,0.03956098,-0.8849922,0.508453,-0.5039341,0.4949671,0.4924771,
1,4,10.583,-0.248192,0.03955344,-0.8850025,0.5084627,-0.503948,0.4949602,0.4924598,
1,4,10.585,-0.248192,0.03955344,-0.8850025,0.5084627,-0.503948,0.4949602,0.4924598,
1,4,10.587,-0.248192,0.03955344,-0.8850025,0.5084627,-0.503948,0.4949602,0.4924598,
1,4,10.589,-0.248192,0.03955344,-0.8850025,0.5084627,-0.503948,0.4949602,0.4924598,
1,4,10.591,-0.2481923,0.03956084,-0.8849953,0.5084447,-0.5039641,0.4949411,0.492481,
1,4,10.593,-0.2481923,0.03956084,-0.8849953,0.5084447,-0.5039641,0.4949411,0.492481,
1,4,10.595,-0.2481923,0.03956084,-0.8849953,0.5084447,-0.5039641,0.4949411,0.492481,
1,4,10.597,-0.2481923,0.03956084,-0.8849953,0.5084447,-0.5039641,0.4949411,0.492481,
1,4,10.599,-0.2481783,0.03955682,-0.8849894,0.5084714,-0.5039473,0.4949226,0.4924892,
1,4,10.601,-0.2481783,0.03955682,-0.8849894,0.5084714,-0.5039473,0.4949226,0.4924892,
1,4,10.603,-0.2481783,0.03955682,-0.8849894,0.5084714,-0.5039473,0.4949226,0.4924892,
1,4,10.605,-0.2481783,0.03955682,-0.8849894,0.5084714,-0.5039473,0.4949226,0.4924892,
1,4,10.607,-0.2481783,0.03955682,-0.8849894,0.5084714,-0.5039473,0.4949226,0.4924892,
1,4,10.609,-0.2481742,0.03956261,-0.8849968,0.5084611,-0.5039494,0.4949388,0.4924815,
1,4,10.611,-0.2481742,0.03956261,-0.8849968,0.5084611,-0.5039494,0.4949388,0.4924815,
1,4,10.613,-0.2481742,0.03956261,-0.8849968,0.5084611,-0.5039494,0.4949388,0.4924815,
1,4,10.615,-0.2481742,0.03956261,-0.8849968,0.5084611,-0.5039494,0.4949388,0.4924815,
1,4,10.617,-0.2481875,0.03956828,-0.885001,0.5084405,-0.5039424,0.4949572,0.4924912,
1,4,10.619,-0.2481875,0.03956828,-0.885001,0.5084405,-0.5039424,0.4949572,0.4924912,
1,4,10.621,-0.2481875,0.03956828,-0.885001,0.5084405,-0.5039424,0.4949572,0.4924912,
1,4,10.623,-0.2481875,0.03956828,-0.885001,0.5084405,-0.5039424,0.4949572,0.4924912,
1,4,10.625,-0.2481859,0.03956252,-0.8850062,0.5084454,-0.5039373,0.4949537,0.492495,
1,4,10.627,-0.2481859,0.03956252,-0.8850062,0.5084454,-0.5039373,0.4949537,0.492495,
1,4,10.629,-0.2481859,0.03956252,-0.8850062,0.5084454,-0.5039373,0.4949537,0.492495,
1,4,10.631,-0.2481859,0.03956252,-0.8850062,0.5084454,-0.5039373,0.4949537,0.492495,
1,4,10.633,-0.2481825,0.03954334,-0.8850021,0.5084717,-0.5039686,0.4949156,0.4924743,
1,4,10.635,-0.2481825,0.03954334,-0.8850021,0.5084717,-0.5039686,0.4949156,0.4924743,
1,4,10.637,-0.2481825,0.03954334,-0.8850021,0.5084717,-0.5039686,0.4949156,0.4924743,
1,4,10.639,-0.2481825,0.03954334,-0.8850021,0.5084717,-0.5039686,0.4949156,0.4924743,
1,4,10.641,-0.2481815,0.03954097,-0.8849983,0.5084821,-0.5039644,0.4949158,0.4924675,
1,4,10.643,-0.2481815,0.03954097,-0.8849983,0.5084821,-0.5039644,0.4949158,0.4924675,
1,4,10.645,-0.2481815,0.03954097,-0.8849983,0.5084821,-0.5039644,0.4949158,0.4924675,
1,4,10.647,-0.2481815,0.03954097,-0.8849983,0.5084821,-0.5039644,0.4949158,0.4924675,
1,4,10.649,-0.2481809,0.0395419,-0.8849957,0.5084733,-0.5039733,0.4949039,0.4924794,
1,4,10.651,-0.2481809,0.0395419,-0.8849957,0.5084733,-0.5039733,0.4949039,0.4924794,
1,4,10.653,-0.2481809,0.0395419,-0.8849957,0.5084733,-0.5039733,0.4949039,0.4924794,
1,4,10.655,-0.2481809,0.0395419,-0.8849957,0.5084733,-0.5039733,0.4949039,0.4924794,
1,4,10.657,-0.2481809,0.0395419,-0.8849957,0.5084733,-0.5039733,0.4949039,0.4924794,
1,4,10.659,-0.2481828,0.03955559,-0.8849947,0.5084586,-0.5039518,0.4949385,0.4924818,
1,4,10.661,-0.2481828,0.03955559,-0.8849947,0.5084586,-0.5039518,0.4949385,0.4924818,
1,4,10.663,-0.2481828,0.03955559,-0.8849947,0.5084586,-0.5039518,0.4949385,0.4924818,
1,4,10.665,-0.2481828,0.03955559,-0.8849947,0.5084586,-0.5039518,0.4949385,0.4924818,
1,4,10.667,-0.2481794,0.03955236,-0.884988,0.5084693,-0.5039463,0.4949332,0.4924818,
1,4,10.669,-0.2481794,0.03955236,-0.884988,0.5084693,-0.5039463,0.4949332,0.4924818,
1,4,10.671,-0.2481794,0.03955236,-0.884988,0.5084693,-0.5039463,0.4949332,0.4924818,
1,4,10.673,-0.2481794,0.03955236,-0.884988,0.5084693,-0.5039463,0.4949332,0.4924818,
1,4,10.675,-0.2481728,0.03955098,-0.884994,0.5084805,-0.5039343,0.4949281,0.4924875,
1,4,10.677,-0.2481728,0.03955098,-0.884994,0.5084805,-0.5039343,0.4949281,0.4924875,
1,4,10.679,-0.2481728,0.03955098,-0.884994,0.5084805,-0.5039343,0.4949281,0.4924875,
1,4,10.681,-0.2481728,0.03955098,-0.884994,0.5084805,-0.5039343,0.4949281,0.4924875,
1,4,10.683,-0.2481684,0.0395484,-0.8849851,0.5084801,-0.5039539,0.4949195,0.4924766,
1,4,10.685,-0.2481684,0.0395484,-0.8849851,0.5084801,-0.5039539,0.4949195,0.4924766,
1,4,10.687,-0.2481684,0.0395484,-0.8849851,0.5084801,-0.5039539,0.4949195,0.4924766,
1,4,10.689,-0.2481684,0.0395484,-0.8849851,0.5084801,-0.5039539,0.4949195,0.4924766,
1,4,10.691,-0.2481696,0.03953797,-0.8849872,0.5084973,-0.5039575,0.4949102,0.4924647,
1,4,10.693,-0.2481696,0.03953797,-0.8849872,0.5084973,-0.5039575,0.4949102,0.4924647,
1,4,10.695,-0.2481696,0.03953797,-0.8849872,0.5084973,-0.5039575,0.4949102,0.4924647,
1,4,10.697,-0.2481696,0.03953797,-0.8849872,0.5084973,-0.5039575,0.4949102,0.4924647,
1,4,10.699,-0.248167,0.03955662,-0.8849928,0.5084708,-0.5039428,0.4949349,0.4924821,
1,4,10.701,-0.248167,0.03955662,-0.8849928,0.5084708,-0.5039428,0.4949349,0.4924821,
1,4,10.703,-0.248167,0.03955662,-0.8849928,0.5084708,-0.5039428,0.4949349,0.4924821,
1,4,10.705,-0.248167,0.03955662,-0.8849928,0.5084708,-0.5039428,0.4949349,0.4924821,
1,4,10.707,-0.248167,0.03955662,-0.8849928,0.5084708,-0.5039428,0.4949349,0.4924821,
1,4,10.709,-0.2481841,0.03954431,-0.8849881,0.508472,-0.5039493,0.49494,0.492469,
1,4,10.711,-0.2481841,0.03954431,-0.8849881,0.508472,-0.5039493,0.49494,0.492469,
1,4,10.713,-0.2481841,0.03954431,-0.8849881,0.508472,-0.5039493,0.49494,0.492469,
1,4,10.715,-0.2481841,0.03954431,-0.8849881,0.508472,-0.5039493,0.49494,0.492469,
1,4,10.717,-0.2481734,0.03954948,-0.884992,0.5084922,-0.5039536,0.4949259,0.4924578,
1,4,10.719,-0.2481734,0.03954948,-0.884992,0.5084922,-0.5039536,0.4949259,0.4924578,
1,4,10.721,-0.2481734,0.03954948,-0.884992,0.5084922,-0.5039536,0.4949259,0.4924578,
1,4,10.723,-0.2481734,0.03954948,-0.884992,0.5084922,-0.5039536,0.4949259,0.4924578,
1,4,10.725,-0.248164,0.03955299,-0.8849845,0.5084807,-0.503922,0.4949453,0.4924828,
1,4,10.727,-0.248164,0.03955299,-0.8849845,0.5084807,-0.503922,0.4949453,0.4924828,
1,4,10.729,-0.248164,0.03955299,-0.8849845,0.5084807,-0.503922,0.4949453,0.4924828,
1,4,10.731,-0.248164,0.03955299,-0.8849845,0.5084807,-0.503922,0.4949453,0.4924828,
1,4,10.733,-0.2481638,0.03955875,-0.8849902,0.5084801,-0.5039207,0.4949412,0.4924888,
1,4,10.735,-0.2481638,0.03955875,-0.8849902,0.5084801,-0.5039207,0.4949412,0.4924888,
1,4,10.737,-0.2481638,0.03955875,-0.8849902,0.5084801,-0.5039207,0.4949412,0.4924888,
1,4,10.739,-0.2481638,0.03955875,-0.8849902,0.5084801,-0.5039207,0.4949412,0.4924888,
1,4,10.741,-0.2481656,0.03954561,-0.8849853,0.5084776,-0.503929,0.4949344,0.4924896,
1,4,10.743,-0.2481656,0.03954561,-0.8849853,0.5084776,-0.503929,0.4949344,0.4924896,
1,4,10.745,-0.2481656,0.03954561,-0.8849853,0.5084776,-0.503929,0.4949344,0.4924896,
1,4,10.747,-0.2481656,0.03954561,-0.8849853,0.5084776,-0.503929,0.4949344,0.4924896,
1,4,10.749,-0.2481736,0.03953766,-0.8849937,0.508488,-0.5039469,0.4949184,0.4924768,
1,4,10.751,-0.2481736,0.03953766,-0.8849937,0.508488,-0.5039469,0.4949184,0.4924768,
1,4,10.753,-0.2481736,0.03953766,-0.8849937,0.508488,-0.5039469,0.4949184,0.4924768,
1,4,10.755,-0.2481736,0.03953766,-0.8849937,0.508488,-0.5039469,0.4949184,0.4924768,
1,4,10.757,-0.2481736,0.03953766,-0.8849937,0.508488,-0.5039469,0.4949184,0.4924768,
1,4,10.759,-0.2481839,0.03954117,-0.8849888,0.5084898,-0.5039328,0.4949465,0.4924611,
1,4,10.761,-0.2481839,0.03954117,-0.8849888,0.5084898,-0.5039328,0.4949465,0.4924611,
1,4,10.763,-0.2481839,0.03954117,-0.8849888,0.5084898,-0.5039328,0.4949465,0.4924611,
1,4,10.765,-0.2481839,0.03954117,-0.8849888,0.5084898,-0.5039328,0.4949465,0.4924611,
1,4,10.767,-0.2481674,0.03954637,-0.8849895,0.508501,-0.5039282,0.4949311,0.4924697,
1,4,10.769,-0.2481674,0.03954637,-0.8849895,0.508501,-0.5039282,0.4949311,0.4924697,
1,4,10.771,-0.2481674,0.03954637,-0.8849895,0.508501,-0.5039282,0.4949311,0.4924697,
1,4,10.773,-0.2481674,0.03954637,-0.8849895,0.508501,-0.5039282,0.4949311,0.4924697,
1,4,10.775,-0.2481699,0.03952792,-0.884998,0.508497,-0.5039566,0.4948798,0.4924962,
1,4,10.777,-0.2481699,0.03952792,-0.884998,0.508497,-0.5039566,0.4948798,0.4924962,
1,4,10.779,-0.2481699,0.03952792,-0.884998,0.508497,-0.5039566,0.4948798,0.4924962,
1,4,10.781,-0.2481699,0.03952792,-0.884998,0.508497,-0.5039566,0.4948798,0.4924962,
1,4,10.783,-0.2481698,0.0395548,-0.8849838,0.5085013,-0.5039231,0.4949261,0.4924797,
1,4,10.785,-0.2481698,0.0395548,-0.8849838,0.5085013,-0.5039231,0.4949261,0.4924797,
1,4,10.787,-0.2481698,0.0395548,-0.8849838,0.5085013,-0.5039231,0.4949261,0.4924797,
1,4,10.789,-0.2481698,0.0395548,-0.8849838,0.5085013,-0.5039231,0.4949261,0.4924797,
1,4,10.791,-0.2481669,0.03955412,-0.884982,0.5085061,-0.5039278,0.4949273,0.4924686,
1,4,10.793,-0.2481669,0.03955412,-0.884982,0.5085061,-0.5039278,0.4949273,0.4924686,
1,4,10.795,-0.2481669,0.03955412,-0.884982,0.5085061,-0.5039278,0.4949273,0.4924686,
1,4,10.797,-0.2481669,0.03955412,-0.884982,0.5085061,-0.5039278,0.4949273,0.4924686,
1,4,10.799,-0.2481687,0.0395477,-0.8849903,0.5085052,-0.5039538,0.4949157,0.4924545,
1,4,10.801,-0.2481687,0.0395477,-0.8849903,0.5085052,-0.5039538,0.4949157,0.4924545,
1,4,10.803,-0.2481687,0.0395477,-0.8849903,0.5085052,-0.5039538,0.4949157,0.4924545,
1,4,10.805,-0.2481687,0.0395477,-0.8849903,0.5085052,-0.5039538,0.4949157,0.4924545,
1,4,10.807,-0.2481687,0.0395477,-0.8849903,0.5085052,-0.5039538,0.4949157,0.4924545,
1,4,10.809,-0.2481749,0.03955012,-0.8849874,0.5085191,-0.5039362,0.4949236,0.4924504,
1,4,10.811,-0.2481749,0.03955012,-0.8849874,0.5085191,-0.5039362,0.4949236,0.4924504,
1,4,10.813,-0.2481749,0.03955012,-0.8849874,0.5085191,-0.5039362,0.4949236,0.4924504,
1,4,10.815,-0.2481749,0.03955012,-0.8849874,0.5085191,-0.5039362,0.4949236,0.4924504,
1,4,10.817,-0.2481744,0.03954073,-0.8849887,0.5085217,-0.5039728,0.4949081,0.4924258,
1,4,10.819,-0.2481744,0.03954073,-0.8849887,0.5085217,-0.5039728,0.4949081,0.4924258,
1,4,10.821,-0.2481744,0.03954073,-0.8849887,0.5085217,-0.5039728,0.4949081,0.4924258,
1,4,10.823,-0.2481744,0.03954073,-0.8849887,0.5085217,-0.5039728,0.4949081,0.4924258,
1,4,10.825,-0.248177,0.03955463,-0.88498,0.5084962,-0.5039698,0.4949194,0.4924439,
1,4,10.827,-0.248177,0.03955463,-0.88498,0.5084962,-0.5039698,0.4949194,0.4924439,
1,4,10.829,-0.248177,0.03955463,-0.88498,0.5084962,-0.5039698,0.4949194,0.4924439,
1,4,10.831,-0.248177,0.03955463,-0.88498,0.5084962,-0.5039698,0.4949194,0.4924439,
1,4,10.833,-0.2481816,0.03955525,-0.8849788,0.5084963,-0.5039772,0.4949118,0.4924437,
1,4,10.835,-0.2481816,0.03955525,-0.8849788,0.5084963,-0.5039772,0.4949118,0.4924437,
1,4,10.837,-0.2481816,0.03955525,-0.8849788,0.5084963,-0.5039772,0.4949118,0.4924437,
1,4,10.839,-0.2481816,0.03955525,-0.8849788,0.5084963,-0.5039772,0.4949118,0.4924437,
1,4,10.841,-0.2481814,0.03954877,-0.8849745,0.5085045,-0.5039665,0.4949138,0.4924443,
1,4,10.843,-0.2481814,0.03954877,-0.8849745,0.5085045,-0.5039665,0.4949138,0.4924443,
1,4,10.845,-0.2481814,0.03954877,-0.8849745,0.5085045,-0.5039665,0.4949138,0.4924443,
1,4,10.847,-0.2481814,0.03954877,-0.8849745,0.5085045,-0.5039665,0.4949138,0.4924443,
1,4,10.849,-0.2481773,0.03954795,-0.8849709,0.5085303,-0.5039691,0.4949047,0.4924242,
1,4,10.851,-0.2481773,0.03954795,-0.8849709,0.5085303,-0.5039691,0.4949047,0.4924242,
1,4,10.853,-0.2481773,0.03954795,-0.8849709,0.5085303,-0.5039691,0.4949047,0.4924242,
1,4,10.855,-0.2481773,0.03954795,-0.8849709,0.5085303,-0.5039691,0.4949047,0.4924242,
1,4,10.857,-0.2481773,0.03954795,-0.8849709,0.5085303,-0.5039691,0.4949047,0.4924242,
1,4,10.859,-0.2481887,0.03954772,-0.8849696,0.5085232,-0.5039753,0.4948997,0.49243,
1,4,10.861,-0.2481887,0.03954772,-0.8849696,0.5085232,-0.5039753,0.4948997,0.49243,
1,4,10.863,-0.2481887,0.03954772,-0.8849696,0.5085232,-0.5039753,0.4948997,0.49243,
1,4,10.865,-0.2481887,0.03954772,-0.8849696,0.5085232,-0.5039753,0.4948997,0.49243,
1,4,10.867,-0.2481961,0.03955057,-0.8849739,0.5085106,-0.5039696,0.4949018,0.4924469,
1,4,10.869,-0.2481961,0.03955057,-0.8849739,0.5085106,-0.5039696,0.4949018,0.4924469,
1,4,10.871,-0.2481961,0.03955057,-0.8849739,0.5085106,-0.5039696,0.4949018,0.4924469,
1,4,10.873,-0.2481961,0.03955057,-0.8849739,0.5085106,-0.5039696,0.4949018,0.4924469,
1,4,10.875,-0.2481971,0.039549,-0.8849717,0.5085147,-0.5039894,0.4948901,0.4924341,
1,4,10.877,-0.2481971,0.039549,-0.8849717,0.5085147,-0.5039894,0.4948901,0.4924341,
1,4,10.879,-0.2481971,0.039549,-0.8849717,0.5085147,-0.5039894,0.4948901,0.4924341,
1,4,10.881,-0.2481971,0.039549,-0.8849717,0.5085147,-0.5039894,0.4948901,0.4924341,
1,4,10.883,-0.2482041,0.03953794,-0.8849772,0.5085272,-0.5039983,0.4948738,0.4924285,
1,4,10.885,-0.2482041,0.03953794,-0.8849772,0.5085272,-0.5039983,0.4948738,0.4924285,
1,4,10.887,-0.2482041,0.03953794,-0.8849772,0.5085272,-0.5039983,0.4948738,0.4924285,
1,4,10.889,-0.2482041,0.03953794,-0.8849772,0.5085272,-0.5039983,0.4948738,0.4924285,
1,4,10.891,-0.248198,0.03954178,-0.8849671,0.508513,-0.504002,0.4948858,0.4924272,
1,4,10.893,-0.248198,0.03954178,-0.8849671,0.508513,-0.504002,0.4948858,0.4924272,
1,4,10.895,-0.248198,0.03954178,-0.8849671,0.508513,-0.504002,0.4948858,0.4924272,
1,4,10.897,-0.248198,0.03954178,-0.8849671,0.508513,-0.504002,0.4948858,0.4924272,
1,4,10.899,-0.2482013,0.03954709,-0.8849669,0.508504,-0.503993,0.4948978,0.4924337,
1,4,10.901,-0.2482013,0.03954709,-0.8849669,0.508504,-0.503993,0.4948978,0.4924337,
1,4,10.903,-0.2482013,0.03954709,-0.8849669,0.508504,-0.503993,0.4948978,0.4924337,
1,4,10.905,-0.2482013,0.03954709,-0.8849669,0.508504,-0.503993,0.4948978,0.4924337,
1,4,10.907,-0.2482013,0.03954709,-0.8849669,0.508504,-0.503993,0.4948978,0.4924337,
1,4,10.909,-0.2481947,0.03954242,-0.8849654,0.508499,-0.5039815,0.4949005,0.4924479,
1,4,10.911,-0.2481947,0.03954242,-0.8849654,0.508499,-0.5039815,0.4949005,0.4924479,
1,4,10.913,-0.2481947,0.03954242,-0.8849654,0.508499,-0.5039815,0.4949005,0.4924479,
1,4,10.915,-0.2481947,0.03954242,-0.8849654,0.508499,-0.5039815,0.4949005,0.4924479,
1,4,10.917,-0.2481889,0.0395469,-0.884973,0.5084937,-0.5039677,0.4948961,0.4924721,
1,4,10.919,-0.2481889,0.0395469,-0.884973,0.5084937,-0.5039677,0.4948961,0.4924721,
1,4,10.921,-0.2481889,0.0395469,-0.884973,0.5084937,-0.5039677,0.4948961,0.4924721,
1,4,10.923,-0.2481889,0.0395469,-0.884973,0.5084937,-0.5039677,0.4948961,0.4924721,
1,4,10.925,-0.2481956,0.03955529,-0.8849773,0.5084745,-0.5039635,0.4948976,0.4924946,
1,4,10.927,-0.2481956,0.03955529,-0.8849773,0.5084745,-0.5039635,0.4948976,0.4924946,
1,4,10.929,-0.2481956,0.03955529,-0.8849773,0.5084745,-0.5039635,0.4948976,0.4924946,
1,4,10.931,-0.2481956,0.03955529,-0.8849773,0.5084745,-0.5039635,0.4948976,0.4924946,
1,4,10.933,-0.2481831,0.03955416,-0.884981,0.5084751,-0.5039527,0.4949147,0.4924878,
1,4,10.935,-0.2481831,0.03955416,-0.884981,0.5084751,-0.5039527,0.4949147,0.4924878,
1,4,10.937,-0.2481831,0.03955416,-0.884981,0.5084751,-0.5039527,0.4949147,0.4924878,
1,4,10.939,-0.2481831,0.03955416,-0.884981,0.5084751,-0.5039527,0.4949147,0.4924878,
1,4,10.941,-0.2481912,0.03956031,-0.8849857,0.5084703,-0.5039454,0.4949189,0.492496,
1,4,10.943,-0.2481912,0.03956031,-0.8849857,0.5084703,-0.5039454,0.4949189,0.492496,
1,4,10.945,-0.2481912,0.03956031,-0.8849857,0.5084703,-0.5039454,0.4949189,0.492496,
1,4,10.947,-0.2481912,0.03956031,-0.8849857,0.5084703,-0.5039454,0.4949189,0.492496,
1,4,10.949,-0.2482007,0.03956988,-0.8849862,0.5084436,-0.5039237,0.4949335,0.4925311,
1,4,10.951,-0.2482007,0.03956988,-0.8849862,0.5084436,-0.5039237,0.4949335,0.4925311,
1,4,10.953,-0.2482007,0.03956988,-0.8849862,0.5084436,-0.5039237,0.4949335,0.4925311,
1,4,10.955,-0.2482007,0.03956988,-0.8849862,0.5084436,-0.5039237,0.4949335,0.4925311,
1,4,10.957,-0.2482007,0.03956988,-0.8849862,0.5084436,-0.5039237,0.4949335,0.4925311,
1,4,10.959,-0.248194,0.03956267,-0.8849923,0.5084535,-0.5039241,0.4949336,0.4925202,
1,4,10.961,-0.248194,0.03956267,-0.8849923,0.5084535,-0.5039241,0.4949336,0.4925202,
1,4,10.963,-0.248194,0.03956267,-0.8849923,0.5084535,-0.5039241,0.4949336,0.4925202,
1,4,10.965,-0.248194,0.03956267,-0.8849923,0.5084535,-0.5039241,0.4949336,0.4925202,
1,4,10.967,-0.2481886,0.03955721,-0.8849843,0.5084434,-0.5039358,0.4949226,0.4925299,
1,4,10.969,-0.2481886,0.03955721,-0.8849843,0.5084434,-0.5039358,0.4949226,0.4925299,
1,4,10.971,-0.2481886,0.03955721,-0.8849843,0.5084434,-0.5039358,0.4949226,0.4925299,
1,4,10.973,-0.2481886,0.03955721,-0.8849843,0.5084434,-0.5039358,0.4949226,0.4925299,
1,4,10.975,-0.2481897,0.03956103,-0.8849865,0.5084394,-0.5039387,0.4949207,0.492533,
1,4,10.977,-0.2481897,0.03956103,-0.8849865,0.5084394,-0.5039387,0.4949207,0.492533,
1,4,10.979,-0.2481897,0.03956103,-0.8849865,0.5084394,-0.5039387,0.4949207,0.492533,
1,4,10.981,-0.2481897,0.03956103,-0.8849865,0.5084394,-0.5039387,0.4949207,0.492533,
1,4,10.983,-0.2481685,0.03954688,-0.8849815,0.5084545,-0.5039294,0.4949147,0.4925331,
1,4,10.985,-0.2481685,0.03954688,-0.8849815,0.5084545,-0.5039294,0.4949147,0.4925331,
1,4,10.987,-0.2481685,0.03954688,-0.8849815,0.5084545,-0.5039294,0.4949147,0.4925331,
1,4,10.989,-0.2481685,0.03954688,-0.8849815,0.5084545,-0.5039294,0.4949147,0.4925331,
1,4,10.991,-0.2481669,0.03953829,-0.8849825,0.5084647,-0.5039471,0.4948945,0.4925246,
1,4,10.993,-0.2481669,0.03953829,-0.8849825,0.5084647,-0.5039471,0.4948945,0.4925246,
1,4,10.995,-0.2481669,0.03953829,-0.8849825,0.5084647,-0.5039471,0.4948945,0.4925246,
1,4,10.997,-0.2481669,0.03953829,-0.8849825,0.5084647,-0.5039471,0.4948945,0.4925246,
1,4,10.999,-0.2481761,0.03955879,-0.8849846,0.5084672,-0.5039138,0.49494,0.4925102,
1,4,11.001,-0.2481761,0.03955879,-0.8849846,0.5084672,-0.5039138,0.49494,0.4925102,
1,4,11.003,-0.2481761,0.03955879,-0.8849846,0.5084672,-0.5039138,0.49494,0.4925102,
1,4,11.005,-0.2481761,0.03955879,-0.8849846,0.5084672,-0.5039138,0.49494,0.4925102,
1,4,11.007,-0.2481761,0.03955879,-0.8849846,0.5084672,-0.5039138,0.49494,0.4925102,
1,4,11.009,-0.2481848,0.03955414,-0.8849849,0.5084637,-0.5039334,0.4949408,0.4924931,
1,4,11.011,-0.2481848,0.03955414,-0.8849849,0.5084637,-0.5039334,0.4949408,0.4924931,
1,4,11.013,-0.2481848,0.03955414,-0.8849849,0.5084637,-0.5039334,0.4949408,0.4924931,
1,4,11.015,-0.2481848,0.03955414,-0.8849849,0.5084637,-0.5039334,0.4949408,0.4924931,
1,4,11.017,-0.248161,0.03956529,-0.8849884,0.5084783,-0.5039093,0.4949584,0.492485,
1,4,11.019,-0.248161,0.03956529,-0.8849884,0.5084783,-0.5039093,0.4949584,0.492485,
1,4,11.021,-0.248161,0.03956529,-0.8849884,0.5084783,-0.5039093,0.4949584,0.492485,
1,4,11.023,-0.248161,0.03956529,-0.8849884,0.5084783,-0.5039093,0.4949584,0.492485,
1,4,11.025,-0.2481534,0.03955561,-0.8849863,0.508489,-0.5039266,0.4949288,0.4924859,
1,4,11.027,-0.2481534,0.03955561,-0.8849863,0.508489,-0.5039266,0.4949288,0.4924859,
1,4,11.029,-0.2481534,0.03955561,-0.8849863,0.508489,-0.5039266,0.4949288,0.4924859,
1,4,11.031,-0.2481534,0.03955561,-0.8849863,0.508489,-0.5039266,0.4949288,0.4924859,
1,4,11.033,-0.2481713,0.03956244,-0.8849874,0.508498,-0.5039126,0.4949416,0.4924782,
1,4,11.035,-0.2481713,0.03956244,-0.8849874,0.508498,-0.5039126,0.4949416,0.4924782,
1,4,11.037,-0.2481713,0.03956244,-0.8849874,0.508498,-0.5039126,0.4949416,0.4924782,
1,4,11.039,-0.2481713,0.03956244,-0.8849874,0.508498,-0.5039126,0.4949416,0.4924782,
1,4,11.041,-0.2481809,0.03955611,-0.8849915,0.508488,-0.5039267,0.4949361,0.4924797,
1,4,11.043,-0.2481809,0.03955611,-0.8849915,0.508488,-0.5039267,0.4949361,0.4924797,
1,4,11.045,-0.2481809,0.03955611,-0.8849915,0.508488,-0.5039267,0.4949361,0.4924797,
1,4,11.047,-0.2481809,0.03955611,-0.8849915,0.508488,-0.5039267,0.4949361,0.4924797,
1,4,11.049,-0.2481696,0.03956468,-0.8849903,0.5084805,-0.5039082,0.4949487,0.4924937,
1,4,11.051,-0.2481696,0.03956468,-0.8849903,0.5084805,-0.5039082,0.4949487,0.4924937,
1,4,11.053,-0.2481696,0.03956468,-0.8849903,0.5084805,-0.5039082,0.4949487,0.4924937,
1,4,11.055,-0.2481696,0.03956468,-0.8849903,0.5084805,-0.5039082,0.4949487,0.4924937,
1,4,11.057,-0.2481696,0.03956468,-0.8849903,0.5084805,-0.5039082,0.4949487,0.4924937,
1,4,11.059,-0.2481675,0.03957119,-0.884992,0.5084946,-0.5038902,0.4949442,0.4925022,
1,4,11.061,-0.2481675,0.03957119,-0.884992,0.5084946,-0.5038902,0.4949442,0.4925022,
1,4,11.063,-0.2481675,0.03957119,-0.884992,0.5084946,-0.5038902,0.4949442,0.4925022,
1,4,11.065,-0.2481675,0.03957119,-0.884992,0.5084946,-0.5038902,0.4949442,0.4925022,
1,4,11.067,-0.2481714,0.03956855,-0.8849918,0.5084864,-0.5039153,0.4949359,0.4924932,
1,4,11.069,-0.2481714,0.03956855,-0.8849918,0.5084864,-0.5039153,0.4949359,0.4924932,
1,4,11.071,-0.2481714,0.03956855,-0.8849918,0.5084864,-0.5039153,0.4949359,0.4924932,
1,4,11.073,-0.2481714,0.03956855,-0.8849918,0.5084864,-0.5039153,0.4949359,0.4924932,
1,4,11.075,-0.2481671,0.03956253,-0.8849944,0.508486,-0.5039173,0.494945,0.4924823,
1,4,11.077,-0.2481671,0.03956253,-0.8849944,0.508486,-0.5039173,0.494945,0.4924823,
1,4,11.079,-0.2481671,0.03956253,-0.8849944,0.508486,-0.5039173,0.494945,0.4924823,
1,4,11.081,-0.2481671,0.03956253,-0.8849944,0.508486,-0.5039173,0.494945,0.4924823,CourtEnter
1,4,11.083,-0.2481568,0.03955707,-0.8849902,0.5085017,-0.5039009,0.4949473,0.4924805,
1,4,11.085,-0.2481568,0.03955707,-0.8849902,0.5085017,-0.5039009,0.4949473,0.4924805,
1,4,11.087,-0.2481568,0.03955707,-0.8849902,0.5085017,-0.5039009,0.4949473,0.4924805,
1,4,11.089,-0.2481568,0.03955707,-0.8849902,0.5085017,-0.5039009,0.4949473,0.4924805,
1,4,11.091,-0.2481627,0.03955851,-0.8849943,0.5084854,-0.5039058,0.4949509,0.4924887,CourtExit
1,4,11.093,-0.2481627,0.03955851,-0.8849943,0.5084854,-0.5039058,0.4949509,0.4924887,
1,4,11.095,-0.2481627,0.03955851,-0.8849943,0.5084854,-0.5039058,0.4949509,0.4924887,
1,4,11.097,-0.2481627,0.03955851,-0.8849943,0.5084854,-0.5039058,0.4949509,0.4924887,
1,4,11.099,-0.2481589,0.03956345,-0.884993,0.5084861,-0.5039167,0.4949337,0.4924943,
1,4,11.101,-0.2481589,0.03956345,-0.884993,0.5084861,-0.5039167,0.4949337,0.4924943,
1,4,11.103,-0.2481589,0.03956345,-0.884993,0.5084861,-0.5039167,0.4949337,0.4924943,
1,4,11.105,-0.2481589,0.03956345,-0.884993,0.5084861,-0.5039167,0.4949337,0.4924943,
1,4,11.107,-0.2481589,0.03956345,-0.884993,0.5084861,-0.5039167,0.4949337,0.4924943,
1,4,11.109,-0.2481647,0.03957005,-0.8849973,0.5084848,-0.5039148,0.4949502,0.4924808,
1,4,11.111,-0.2481647,0.03957005,-0.8849973,0.5084848,-0.5039148,0.4949502,0.4924808,
1,4,11.113,-0.2481647,0.03957005,-0.8849973,0.5084848,-0.5039148,0.4949502,0.4924808,
1,4,11.115,-0.2481647,0.03957005,-0.8849973,0.5084848,-0.5039148,0.4949502,0.4924808,
1,4,11.117,-0.2481644,0.03956204,-0.8849991,0.5084779,-0.5039179,0.4949614,0.4924737,
1,4,11.119,-0.2481644,0.03956204,-0.8849991,0.5084779,-0.5039179,0.4949614,0.4924737,
1,4,11.121,-0.2481644,0.03956204,-0.8849991,0.5084779,-0.5039179,0.4949614,0.4924737,
1,4,11.123,-0.2481644,0.03956204,-0.8849991,0.5084779,-0.5039179,0.4949614,0.4924737,
1,4,11.125,-0.2481501,0.03955633,-0.8850029,0.5084904,-0.5039229,0.4949433,0.4924736,
1,4,11.127,-0.2481501,0.03955633,-0.8850029,0.5084904,-0.5039229,0.4949433,0.4924736,
1,4,11.129,-0.2481501,0.03955633,-0.8850029,0.5084904,-0.5039229,0.4949433,0.4924736,
1,4,11.131,-0.2481501,0.03955633,-0.8850029,0.5084904,-0.5039229,0.4949433,0.4924736,
1,4,11.133,-0.2481553,0.03956395,-0.8849993,0.508481,-0.5039116,0.494949,0.4924893,
1,4,11.135,-0.2481553,0.03956395,-0.8849993,0.508481,-0.5039116,0.494949,0.4924893,
1,4,11.137,-0.2481553,0.03956395,-0.8849993,0.508481,-0.5039116,0.494949,0.4924893,
1,4,11.139,-0.2481553,0.03956395,-0.8849993,0.508481,-0.5039116,0.494949,0.4924893,
1,4,11.141,-0.2481476,0.03955398,-0.8850054,0.508492,-0.5039289,0.4949248,0.4924846,
1,4,11.143,-0.2481476,0.03955398,-0.8850054,0.508492,-0.5039289,0.4949248,0.4924846,
1,4,11.145,-0.2481476,0.03955398,-0.8850054,0.508492,-0.5039289,0.4949248,0.4924846,
1,4,11.147,-0.2481476,0.03955398,-0.8850054,0.508492,-0.5039289,0.4949248,0.4924846,
1,4,11.149,-0.2481594,0.03955632,-0.8849976,0.5084956,-0.5039291,0.4949304,0.4924751,
1,4,11.151,-0.2481594,0.03955632,-0.8849976,0.5084956,-0.5039291,0.4949304,0.4924751,
1,4,11.153,-0.2481594,0.03955632,-0.8849976,0.5084956,-0.5039291,0.4949304,0.4924751,
1,4,11.155,-0.2481594,0.03955632,-0.8849976,0.5084956,-0.5039291,0.4949304,0.4924751,
1,4,11.157,-0.2481594,0.03955632,-0.8849976,0.5084956,-0.5039291,0.4949304,0.4924751,
1,4,11.159,-0.2481562,0.03956003,-0.8849977,0.5085022,-0.5039138,0.4949433,0.4924709,
1,4,11.161,-0.2481562,0.03956003,-0.8849977,0.5085022,-0.5039138,0.4949433,0.4924709,
1,4,11.163,-0.2481562,0.03956003,-0.8849977,0.5085022,-0.5039138,0.4949433,0.4924709,
1,4,11.165,-0.2481562,0.03956003,-0.8849977,0.5085022,-0.5039138,0.4949433,0.4924709,
1,4,11.167,-0.248161,0.03956492,-0.8850015,0.5085082,-0.5038887,0.4949715,0.4924619,
1,4,11.169,-0.248161,0.03956492,-0.8850015,0.5085082,-0.5038887,0.4949715,0.4924619,
1,4,11.171,-0.248161,0.03956492,-0.8850015,0.5085082,-0.5038887,0.4949715,0.4924619,
1,4,11.173,-0.248161,0.03956492,-0.8850015,0.5085082,-0.5038887,0.4949715,0.4924619,
1,4,11.175,-0.2481589,0.03955339,-0.8849933,0.5085124,-0.5038998,0.49495,0.492468,
1,4,11.177,-0.2481589,0.03955339,-0.8849933,0.5085124,-0.5038998,0.49495,0.492468,
1,4,11.179,-0.2481589,0.03955339,-0.8849933,0.5085124,-0.5038998,0.49495,0.492468,
1,4,11.181,-0.2481589,0.03955339,-0.8849933,0.5085124,-0.5038998,0.49495,0.492468,
1,4,11.183,-0.2481536,0.03956231,-0.8850007,0.5084985,-0.5038868,0.4949636,0.4924821,
1,4,11.185,-0.2481536,0.03956231,-0.8850007,0.5084985,-0.5038868,0.4949636,0.4924821,
1,4,11.187,-0.2481536,0.03956231,-0.8850007,0.5084985,-0.5038868,0.4949636,0.4924821,
1,4,11.189,-0.2481536,0.03956231,-0.8850007,0.5084985,-0.5038868,0.4949636,0.4924821,
1,4,11.191,-0.2481567,0.03956382,-0.8849909,0.5085041,-0.5038897,0.4949584,0.4924786,
1,4,11.193,-0.2481567,0.03956382,-0.8849909,0.5085041,-0.5038897,0.4949584,0.4924786,
1,4,11.195,-0.2481567,0.03956382,-0.8849909,0.5085041,-0.5038897,0.4949584,0.4924786,
1,4,11.197,-0.2481567,0.03956382,-0.8849909,0.5085041,-0.5038897,0.4949584,0.4924786,
1,4,11.199,-0.2481601,0.0395511,-0.8849883,0.5084992,-0.5039073,0.4949535,0.4924704,
1,4,11.201,-0.2481601,0.0395511,-0.8849883,0.5084992,-0.5039073,0.4949535,0.4924704,
1,4,11.203,-0.2481601,0.0395511,-0.8849883,0.5084992,-0.5039073,0.4949535,0.4924704,
1,4,11.205,-0.2481601,0.0395511,-0.8849883,0.5084992,-0.5039073,0.4949535,0.4924704,
1,4,11.207,-0.2481601,0.0395511,-0.8849883,0.5084992,-0.5039073,0.4949535,0.4924704,
1,4,11.209,-0.2481644,0.03954768,-0.8849912,0.5085002,-0.5039275,0.4949328,0.4924696,
1,4,11.211,-0.2481644,0.03954768,-0.8849912,0.5085002,-0.5039275,0.4949328,0.4924696,
1,4,11.213,-0.2481644,0.03954768,-0.8849912,0.5085002,-0.5039275,0.4949328,0.4924696,
1,4,11.215,-0.2481644,0.03954768,-0.8849912,0.5085002,-0.5039275,0.4949328,0.4924696,
1,4,11.217,-0.2481751,0.03955738,-0.8849872,0.5084631,-0.5039332,0.494956,0.4924786,
1,4,11.219,-0.2481751,0.03955738,-0.8849872,0.5084631,-0.5039332,0.494956,0.4924786,
1,4,11.221,-0.2481751,0.03955738,-0.8849872,0.5084631,-0.5039332,0.494956,0.4924786,
1,4,11.223,-0.2481751,0.03955738,-0.8849872,0.5084631,-0.5039332,0.494956,0.4924786,
1,4,11.225,-0.2481757,0.03955733,-0.884993,0.5084693,-0.5039506,0.494931,0.4924795,
1,4,11.227,-0.2481757,0.03955733,-0.884993,0.5084693,-0.5039506,0.494931,0.4924795,
1,4,11.229,-0.2481757,0.03955733,-0.884993,0.5084693,-0.5039506,0.494931,0.4924795,
1,4,11.231,-0.2481757,0.03955733,-0.884993,0.5084693,-0.5039506,0.494931,0.4924795,
1,4,11.233,-0.2481789,0.03954343,-0.8849837,0.5084817,-0.5039342,0.4949406,0.4924738,
1,4,11.235,-0.2481789,0.03954343,-0.8849837,0.5084817,-0.5039342,0.4949406,0.4924738,
1,4,11.237,-0.2481789,0.03954343,-0.8849837,0.5084817,-0.5039342,0.4949406,0.4924738,
1,4,11.239,-0.2481789,0.03954343,-0.8849837,0.5084817,-0.5039342,0.4949406,0.4924738,
1,4,11.241,-0.2481896,0.03954754,-0.8849879,0.5084696,-0.5039688,0.4949236,0.492468,
1,4,11.243,-0.2481896,0.03954754,-0.8849879,0.5084696,-0.5039688,0.4949236,0.492468,
1,4,11.245,-0.2481896,0.03954754,-0.8849879,0.5084696,-0.5039688,0.4949236,0.492468,
1,4,11.247,-0.2481896,0.03954754,-0.8849879,0.5084696,-0.5039688,0.4949236,0.492468,
1,4,11.249,-0.248194,0.03956129,-0.8849863,0.508461,-0.5039681,0.4949197,0.4924817,
1,4,11.251,-0.248194,0.03956129,-0.8849863,0.508461,-0.5039681,0.4949197,0.4924817,
1,4,11.253,-0.248194,0.03956129,-0.8849863,0.508461,-0.5039681,0.4949197,0.4924817,
1,4,11.255,-0.248194,0.03956129,-0.8849863,0.508461,-0.5039681,0.4949197,0.4924817,
1,4,11.257,-0.248194,0.03956129,-0.8849863,0.508461,-0.5039681,0.4949197,0.4924817,
1,4,11.259,-0.2481875,0.0395554,-0.8849819,0.5084625,-0.5039767,0.4949194,0.4924713,
1,4,11.261,-0.2481875,0.0395554,-0.8849819,0.5084625,-0.5039767,0.4949194,0.4924713,
1,4,11.263,-0.2481875,0.0395554,-0.8849819,0.5084625,-0.5039767,0.4949194,0.4924713,
1,4,11.265,-0.2481875,0.0395554,-0.8849819,0.5084625,-0.5039767,0.4949194,0.4924713,
1,4,11.267,-0.2481781,0.03953957,-0.8849898,0.5084816,-0.5039685,0.4949221,0.4924575,
1,4,11.269,-0.2481781,0.03953957,-0.8849898,0.5084816,-0.5039685,0.4949221,0.4924575,
1,4,11.271,-0.2481781,0.03953957,-0.8849898,0.5084816,-0.5039685,0.4949221,0.4924575,
1,4,11.273,-0.2481781,0.03953957,-0.8849898,0.5084816,-0.5039685,0.4949221,0.4924575,
1,4,11.275,-0.2481686,0.03954471,-0.8849843,0.508478,-0.5039768,0.4949071,0.4924679,
1,4,11.277,-0.2481686,0.03954471,-0.8849843,0.508478,-0.5039768,0.4949071,0.4924679,
1,4,11.279,-0.2481686,0.03954471,-0.8849843,0.508478,-0.5039768,0.4949071,0.4924679,
1,4,11.281,-0.2481686,0.03954471,-0.8849843,0.508478,-0.5039768,0.4949071,0.4924679,
1,4,11.283,-0.2481704,0.03954056,-0.8849773,0.5084796,-0.5039805,0.494897,0.4924726,
1,4,11.285,-0.2481704,0.03954056,-0.8849773,0.5084796,-0.5039805,0.494897,0.4924726,
1,4,11.287,-0.2481704,0.03954056,-0.8849773,0.5084796,-0.5039805,0.494897,0.4924726,
1,4,11.289,-0.2481704,0.03954056,-0.8849773,0.5084796,-0.5039805,0.494897,0.4924726,
1,4,11.291,-0.2481879,0.03956487,-0.8849877,0.5084491,-0.5039478,0.4949398,0.4924943,
1,4,11.293,-0.2481879,0.03956487,-0.8849877,0.5084491,-0.5039478,0.4949398,0.4924943,
1,4,11.295,-0.2481879,0.03956487,-0.8849877,0.5084491,-0.5039478,0.4949398,0.4924943,
1,4,11.297,-0.2481879,0.03956487,-0.8849877,0.5084491,-0.5039478,0.4949398,0.4924943,
1,4,11.299,-0.2481885,0.03957392,-0.8849944,0.5084344,-0.5039272,0.4949733,0.492497,
1,4,11.301,-0.2481885,0.03957392,-0.8849944,0.5084344,-0.5039272,0.4949733,0.492497,
1,4,11.303,-0.2481885,0.03957392,-0.8849944,0.5084344,-0.5039272,0.4949733,0.492497,
1,4,11.305,-0.2481885,0.03957392,-0.8849944,0.5084344,-0.5039272,0.4949733,0.492497,
1,4,11.307,-0.2481885,0.03957392,-0.8849944,0.5084344,-0.5039272,0.4949733,0.492497,
1,4,11.309,-0.2481744,0.03955928,-0.8849913,0.5084482,-0.5039293,0.4949467,0.4925073,
1,4,11.311,-0.2481744,0.03955928,-0.8849913,0.5084482,-0.5039293,0.4949467,0.4925073,
1,4,11.313,-0.2481744,0.03955928,-0.8849913,0.5084482,-0.5039293,0.4949467,0.4925073,
1,4,11.315,-0.2481744,0.03955928,-0.8849913,0.5084482,-0.5039293,0.4949467,0.4925073,
1,4,11.317,-0.2481643,0.03956337,-0.8849849,0.5084538,-0.503933,0.4949272,0.4925175,
1,4,11.319,-0.2481643,0.03956337,-0.8849849,0.5084538,-0.503933,0.4949272,0.4925175,
1,4,11.321,-0.2481643,0.03956337,-0.8849849,0.5084538,-0.503933,0.4949272,0.4925175,
1,4,11.323,-0.2481643,0.03956337,-0.8849849,0.5084538,-0.503933,0.4949272,0.4925175,
1,4,11.325,-0.2481623,0.03955501,-0.8849902,0.5084637,-0.5039346,0.4949261,0.4925068,
1,4,11.327,-0.2481623,0.03955501,-0.8849902,0.5084637,-0.5039346,0.4949261,0.4925068,
1,4,11.329,-0.2481623,0.03955501,-0.8849902,0.5084637,-0.5039346,0.4949261,0.4925068,
1,4,11.331,-0.2481623,0.03955501,-0.8849902,0.5084637,-0.5039346,0.4949261,0.4925068,
1,4,11.333,-0.2481547,0.0395438,-0.8849942,0.5084838,-0.5039511,0.4949049,0.4924903,
1,4,11.335,-0.2481547,0.0395438,-0.8849942,0.5084838,-0.5039511,0.4949049,0.4924903,
1,4,11.337,-0.2481547,0.0395438,-0.8849942,0.5084838,-0.5039511,0.4949049,0.4924903,
1,4,11.339,-0.2481547,0.0395438,-0.8849942,0.5084838,-0.5039511,0.4949049,0.4924903,
1,4,11.341,-0.2481634,0.03954281,-0.8849933,0.5084922,-0.5039405,0.4949154,0.4924818,
1,4,11.343,-0.2481634,0.03954281,-0.8849933,0.5084922,-0.5039405,0.4949154,0.4924818,
1,4,11.345,-0.2481634,0.03954281,-0.8849933,0.5084922,-0.5039405,0.4949154,0.4924818,
1,4,11.347,-0.2481634,0.03954281,-0.8849933,0.5084922,-0.5039405,0.4949154,0.4924818,
1,4,11.349,-0.248165,0.0395508,-0.8849913,0.5084693,-0.5039216,0.4949484,0.4924918,
1,4,11.351,-0.248165,0.0395508,-0.8849913,0.5084693,-0.5039216,0.4949484,0.4924918,
1,4,11.353,-0.248165,0.0395508,-0.8849913,0.5084693,-0.5039216,0.4949484,0.4924918,
1,4,11.355,-0.248165,0.0395508,-0.8849913,0.5084693,-0.5039216,0.4949484,0.4924918,
1,4,11.357,-0.248165,0.0395508,-0.8849913,0.5084693,-0.5039216,0.4949484,0.4924918,
1,4,11.359,-0.248176,0.03954758,-0.8849913,0.5084698,-0.5039337,0.4949438,0.4924834,
1,4,11.361,-0.248176,0.03954758,-0.8849913,0.5084698,-0.5039337,0.4949438,0.4924834,
1,4,11.363,-0.248176,0.03954758,-0.8849913,0.5084698,-0.5039337,0.4949438,0.4924834,
1,4,11.365,-0.248176,0.03954758,-0.8849913,0.5084698,-0.5039337,0.4949438,0.4924834,
1,4,11.367,-0.2481792,0.03955059,-0.8849973,0.5084587,-0.5039436,0.4949512,0.4924774,
1,4,11.369,-0.2481792,0.03955059,-0.8849973,0.5084587,-0.5039436,0.4949512,0.4924774,
1,4,11.371,-0.2481792,0.03955059,-0.8849973,0.5084587,-0.5039436,0.4949512,0.4924774,
1,4,11.373,-0.2481792,0.03955059,-0.8849973,0.5084587,-0.5039436,0.4949512,0.4924774,
1,4,11.375,-0.2481722,0.03955449,-0.884989,0.5084695,-0.5039222,0.4949631,0.4924761,
1,4,11.377,-0.2481722,0.03955449,-0.884989,0.5084695,-0.5039222,0.4949631,0.4924761,
1,4,11.379,-0.2481722,0.03955449,-0.884989,0.5084695,-0.5039222,0.4949631,0.4924761,
1,4,11.381,-0.2481722,0.03955449,-0.884989,0.5084695,-0.5039222,0.4949631,0.4924761,
1,4,11.383,-0.248174,0.0395629,-0.8849876,0.5084701,-0.5038984,0.4949863,0.4924766,
1,4,11.385,-0.248174,0.0395629,-0.8849876,0.5084701,-0.5038984,0.4949863,0.4924766,
1,4,11.387,-0.248174,0.0395629,-0.8849876,0.5084701,-0.5038984,0.4949863,0.4924766,
1,4,11.389,-0.248174,0.0395629,-0.8849876,0.5084701,-0.5038984,0.4949863,0.4924766,
1,4,11.391,-0.2481681,0.03956834,-0.8849887,0.5084709,-0.5038934,0.4949796,0.4924875,
1,4,11.393,-0.2481681,0.03956834,-0.8849887,0.5084709,-0.5038934,0.4949796,0.4924875,
1,4,11.395,-0.2481681,0.03956834,-0.8849887,0.5084709,-0.5038934,0.4949796,0.4924875,
1,4,11.397,-0.2481681,0.03956834,-0.8849887,0.5084709,-0.5038934,0.4949796,0.4924875,
1,4,11.399,-0.2481656,0.03957013,-0.8849946,0.5084692,-0.5039204,0.4949643,0.4924771,
1,4,11.401,-0.2481656,0.03957013,-0.8849946,0.5084692,-0.5039204,0.4949643,0.4924771,
1,4,11.403,-0.2481656,0.03957013,-0.8849946,0.5084692,-0.5039204,0.4949643,0.4924771,
1,4,11.405,-0.2481656,0.03957013,-0.8849946,0.5084692,-0.5039204,0.4949643,0.4924771,
1,4,11.407,-0.2481656,0.03957013,-0.8849946,0.5084692,-0.5039204,0.4949643,0.4924771,
1,4,11.409,-0.2481705,0.0395657,-0.8849964,0.5084723,-0.5039153,0.4949705,0.4924729,
1,4,11.411,-0.2481705,0.0395657,-0.8849964,0.5084723,-0.5039153,0.4949705,0.4924729,
1,4,11.413,-0.2481705,0.0395657,-0.8849964,0.5084723,-0.5039153,0.4949705,0.4924729,
1,4,11.415,-0.2481705,0.0395657,-0.8849964,0.5084723,-0.5039153,0.4949705,0.4924729,
1,4,11.417,-0.2481777,0.03956391,-0.8849961,0.5084718,-0.503931,0.494961,0.492467,
1,4,11.419,-0.2481777,0.03956391,-0.8849961,0.5084718,-0.503931,0.494961,0.492467,
1,4,11.421,-0.2481777,0.03956391,-0.8849961,0.5084718,-0.503931,0.494961,0.492467,
1,4,11.423,-0.2481777,0.03956391,-0.8849961,0.5084718,-0.503931,0.494961,0.492467,
1,4,11.425,-0.2481729,0.03955602,-0.8849926,0.50848,-0.5039433,0.4949364,0.4924706,
1,4,11.427,-0.2481729,0.03955602,-0.8849926,0.50848,-0.5039433,0.4949364,0.4924706,
1,4,11.429,-0.2481729,0.03955602,-0.8849926,0.50848,-0.5039433,0.4949364,0.4924706,
1,4,11.431,-0.2481729,0.03955602,-0.8849926,0.50848,-0.5039433,0.4949364,0.4924706,
1,4,11.433,-0.2481843,0.0395412,-0.8849958,0.5084544,-0.5039669,0.4949386,0.4924705,
1,4,11.435,-0.2481843,0.0395412,-0.8849958,0.5084544,-0.5039669,0.4949386,0.4924705,
1,4,11.437,-0.2481843,0.0395412,-0.8849958,0.5084544,-0.5039669,0.4949386,0.4924705,
1,4,11.439,-0.2481843,0.0395412,-0.8849958,0.5084544,-0.5039669,0.4949386,0.4924705,
1,4,11.441,-0.2481778,0.03954858,-0.8850023,0.5084555,-0.5039688,0.4949316,0.4924747,
1,4,11.443,-0.2481778,0.03954858,-0.8850023,0.5084555,-0.5039688,0.4949316,0.4924747,
1,4,11.445,-0.2481778,0.03954858,-0.8850023,0.5084555,-0.5039688,0.4949316,0.4924747,
1,4,11.447,-0.2481778,0.03954858,-0.8850023,0.5084555,-0.5039688,0.4949316,0.4924747,
1,4,11.449,-0.2481723,0.03954297,-0.8849984,0.5084716,-0.5039741,0.4949169,0.4924673,
1,4,11.451,-0.2481723,0.03954297,-0.8849984,0.5084716,-0.5039741,0.4949169,0.4924673,
1,4,11.453,-0.2481723,0.03954297,-0.8849984,0.5084716,-0.5039741,0.4949169,0.4924673,
1,4,11.455,-0.2481723,0.03954297,-0.8849984,0.5084716,-0.5039741,0.4949169,0.4924673,
1,4,11.457,-0.2481723,0.03954297,-0.8849984,0.5084716,-0.5039741,0.4949169,0.4924673,
1,4,11.459,-0.2481705,0.03954028,-0.8849936,0.5084817,-0.503969,0.4949391,0.4924397,
1,4,11.461,-0.2481705,0.03954028,-0.8849936,0.5084817,-0.503969,0.4949391,0.4924397,
1,4,11.463,-0.2481705,0.03954028,-0.8849936,0.5084817,-0.503969,0.4949391,0.4924397,
1,4,11.465,-0.2481705,0.03954028,-0.8849936,0.5084817,-0.503969,0.4949391,0.4924397,
1,4,11.467,-0.2481585,0.03953437,-0.8849921,0.508485,-0.5039523,0.4949423,0.4924503,
1,4,11.469,-0.2481585,0.03953437,-0.8849921,0.508485,-0.5039523,0.4949423,0.4924503,
1,4,11.471,-0.2481585,0.03953437,-0.8849921,0.508485,-0.5039523,0.4949423,0.4924503,
1,4,11.473,-0.2481585,0.03953437,-0.8849921,0.508485,-0.5039523,0.4949423,0.4924503,
1,4,11.475,-0.2481618,0.03952562,-0.8849968,0.5085049,-0.50396,0.4949268,0.4924374,
1,4,11.477,-0.2481618,0.03952562,-0.8849968,0.5085049,-0.50396,0.4949268,0.4924374,
1,4,11.479,-0.2481618,0.03952562,-0.8849968,0.5085049,-0.50396,0.4949268,0.4924374,
1,4,11.481,-0.2481618,0.03952562,-0.8849968,0.5085049,-0.50396,0.4949268,0.4924374,
1,4,11.483,-0.2481473,0.03952961,-0.8849894,0.508515,-0.5039427,0.4949265,0.4924448,
1,4,11.485,-0.2481473,0.03952961,-0.8849894,0.508515,-0.5039427,0.4949265,0.4924448,
1,4,11.487,-0.2481473,0.03952961,-0.8849894,0.508515,-0.5039427,0.4949265,0.4924448,
1,4,11.489,-0.2481473,0.03952961,-0.8849894,0.508515,-0.5039427,0.4949265,0.4924448,
1,4,11.491,-0.2481557,0.03954282,-0.8849923,0.5085058,-0.5039439,0.4949431,0.4924367,
1,4,11.493,-0.2481557,0.03954282,-0.8849923,0.5085058,-0.5039439,0.4949431,0.4924367,
1,4,11.495,-0.2481557,0.03954282,-0.8849923,0.5085058,-0.5039439,0.4949431,0.4924367,
1,4,11.497,-0.2481557,0.03954282,-0.8849923,0.5085058,-0.5039439,0.4949431,0.4924367,
1,4,11.499,-0.2481555,0.0395527,-0.8849943,0.5084683,-0.5039379,0.494954,0.4924705,
1,4,11.501,-0.2481555,0.0395527,-0.8849943,0.5084683,-0.5039379,0.494954,0.4924705,
1,4,11.503,-0.2481555,0.0395527,-0.8849943,0.5084683,-0.5039379,0.494954,0.4924705,
1,4,11.505,-0.2481555,0.0395527,-0.8849943,0.5084683,-0.5039379,0.494954,0.4924705,
1,4,11.507,-0.2481555,0.0395527,-0.8849943,0.5084683,-0.5039379,0.494954,0.4924705,
1,4,11.509,-0.2481606,0.03955628,-0.8850005,0.5084676,-0.5039338,0.4949508,0.4924786,
1,4,11.511,-0.2481606,0.03955628,-0.8850005,0.5084676,-0.5039338,0.4949508,0.4924786,
1,4,11.513,-0.2481606,0.03955628,-0.8850005,0.5084676,-0.5039338,0.4949508,0.4924786,
1,4,11.515,-0.2481606,0.03955628,-0.8850005,0.5084676,-0.5039338,0.4949508,0.4924786,
1,4,11.517,-0.2481662,0.03956778,-0.8849926,0.5084466,-0.5039257,0.4949589,0.4925005,
1,4,11.519,-0.2481662,0.03956778,-0.8849926,0.5084466,-0.5039257,0.4949589,0.4925005,
1,4,11.521,-0.2481662,0.03956778,-0.8849926,0.5084466,-0.5039257,0.4949589,0.4925005,
1,4,11.523,-0.2481662,0.03956778,-0.8849926,0.5084466,-0.5039257,0.4949589,0.4925005,
1,4,11.525,-0.2481573,0.03956769,-0.8849964,0.5084566,-0.5039042,0.4949745,0.4924965,
1,4,11.527,-0.2481573,0.03956769,-0.8849964,0.5084566,-0.5039042,0.4949745,0.4924965,
1,4,11.529,-0.2481573,0.03956769,-0.8849964,0.5084566,-0.5039042,0.4949745,0.4924965,
1,4,11.531,-0.2481573,0.03956769,-0.8849964,0.5084566,-0.5039042,0.4949745,0.4924965,
1,4,11.533,-0.2481679,0.03955715,-0.8849896,0.5084456,-0.5039403,0.4949495,0.4924961,
1,4,11.535,-0.2481679,0.03955715,-0.8849896,0.5084456,-0.5039403,0.4949495,0.4924961,
1,4,11.537,-0.2481679,0.03955715,-0.8849896,0.5084456,-0.5039403,0.4949495,0.4924961,
1,4,11.539,-0.2481679,0.03955715,-0.8849896,0.5084456,-0.5039403,0.4949495,0.4924961,
1,4,11.541,-0.2481607,0.03954136,-0.8849897,0.5084752,-0.5039473,0.4949415,0.4924664,
1,4,11.543,-0.2481607,0.03954136,-0.8849897,0.5084752,-0.5039473,0.4949415,0.4924664,
1,4,11.545,-0.2481607,0.03954136,-0.8849897,0.5084752,-0.5039473,0.4949415,0.4924664,
1,4,11.547,-0.2481607,0.03954136,-0.8849897,0.5084752,-0.5039473,0.4949415,0.4924664,
1,4,11.549,-0.2481624,0.03954787,-0.8849957,0.5084709,-0.5039527,0.4949524,0.4924542,
1,4,11.551,-0.2481624,0.03954787,-0.8849957,0.5084709,-0.5039527,0.4949524,0.4924542,
1,4,11.553,-0.2481624,0.03954787,-0.8849957,0.5084709,-0.5039527,0.4949524,0.4924542,
1,4,11.555,-0.2481624,0.03954787,-0.8849957,0.5084709,-0.5039527,0.4949524,0.4924542,
1,4,11.557,-0.2481624,0.03954787,-0.8849957,0.5084709,-0.5039527,0.4949524,0.4924542,
1,4,11.559,-0.2481639,0.03955447,-0.8849908,0.5084601,-0.5039264,0.4949773,0.4924673,
1,4,11.561,-0.2481639,0.03955447,-0.8849908,0.5084601,-0.5039264,0.4949773,0.4924673,
1,4,11.563,-0.2481639,0.03955447,-0.8849908,0.5084601,-0.5039264,0.4949773,0.4924673,
1,4,11.565,-0.2481639,0.03955447,-0.8849908,0.5084601,-0.5039264,0.4949773,0.4924673,
1,4,11.567,-0.2481529,0.0395397,-0.8849782,0.5084704,-0.5039266,0.4949363,0.4924976,
1,4,11.569,-0.2481529,0.0395397,-0.8849782,0.5084704,-0.5039266,0.4949363,0.4924976,
1,4,11.571,-0.2481529,0.0395397,-0.8849782,0.5084704,-0.5039266,0.4949363,0.4924976,
1,4,11.573,-0.2481529,0.0395397,-0.8849782,0.5084704,-0.5039266,0.4949363,0.4924976,
1,4,11.575,-0.2481561,0.03954361,-0.8849818,0.5084692,-0.5039185,0.4949407,0.4925028,
1,4,11.577,-0.2481561,0.03954361,-0.8849818,0.5084692,-0.5039185,0.4949407,0.4925028,
1,4,11.579,-0.2481561,0.03954361,-0.8849818,0.5084692,-0.5039185,0.4949407,0.4925028,
1,4,11.581,-0.2481561,0.03954361,-0.8849818,0.5084692,-0.5039185,0.4949407,0.4925028,
1,4,11.583,-0.2481572,0.03955577,-0.8849864,0.5084583,-0.5039066,0.4949583,0.4925086,
1,4,11.585,-0.2481572,0.03955577,-0.8849864,0.5084583,-0.5039066,0.4949583,0.4925086,
1,4,11.587,-0.2481572,0.03955577,-0.8849864,0.5084583,-0.5039066,0.4949583,0.4925086,
1,4,11.589,-0.2481572,0.03955577,-0.8849864,0.5084583,-0.5039066,0.4949583,0.4925086,
1,4,11.591,-0.2481458,0.0395484,-0.8849859,0.5084769,-0.5039144,0.4949338,0.4925061,
1,4,11.593,-0.2481458,0.0395484,-0.8849859,0.5084769,-0.5039144,0.4949338,0.4925061,
1,4,11.595,-0.2481458,0.0395484,-0.8849859,0.5084769,-0.5039144,0.4949338,0.4925061,
1,4,11.597,-0.2481458,0.0395484,-0.8849859,0.5084769,-0.5039144,0.4949338,0.4925061,
1,4,11.599,-0.2481701,0.03955049,-0.8849844,0.5084898,-0.5039292,0.4949437,0.4924676,
1,4,11.601,-0.2481701,0.03955049,-0.8849844,0.5084898,-0.5039292,0.4949437,0.4924676,
1,4,11.603,-0.2481701,0.03955049,-0.8849844,0.5084898,-0.5039292,0.4949437,0.4924676,
1,4,11.605,-0.2481701,0.03955049,-0.8849844,0.5084898,-0.5039292,0.4949437,0.4924676,
1,4,11.607,-0.2481701,0.03955049,-0.8849844,0.5084898,-0.5039292,0.4949437,0.4924676,
1,4,11.609,-0.2481761,0.03954922,-0.8849877,0.5084853,-0.5039197,0.4949557,0.4924698,
1,4,11.611,-0.2481761,0.03954922,-0.8849877,0.5084853,-0.5039197,0.4949557,0.4924698,
1,4,11.613,-0.2481761,0.03954922,-0.8849877,0.5084853,-0.5039197,0.4949557,0.4924698,
1,4,11.615,-0.2481761,0.03954922,-0.8849877,0.5084853,-0.5039197,0.4949557,0.4924698,
1,4,11.617,-0.2481742,0.0395533,-0.884982,0.5084996,-0.5039079,0.4949634,0.4924594,
1,4,11.619,-0.2481742,0.0395533,-0.884982,0.5084996,-0.5039079,0.4949634,0.4924594,
1,4,11.621,-0.2481742,0.0395533,-0.884982,0.5084996,-0.5039079,0.4949634,0.4924594,
1,4,11.623,-0.2481742,0.0395533,-0.884982,0.5084996,-0.5039079,0.4949634,0.4924594,
1,4,11.625,-0.2481774,0.0395514,-0.8849708,0.5084943,-0.5039216,0.4949582,0.4924561,
1,4,11.627,-0.2481774,0.0395514,-0.8849708,0.5084943,-0.5039216,0.4949582,0.4924561,
1,4,11.629,-0.2481774,0.0395514,-0.8849708,0.5084943,-0.5039216,0.4949582,0.4924561,
1,4,11.631,-0.2481774,0.0395514,-0.8849708,0.5084943,-0.5039216,0.4949582,0.4924561,
1,4,11.633,-0.2481799,0.03954965,-0.8849829,0.5084563,-0.5039315,0.4949463,0.492497,
1,4,11.635,-0.2481799,0.03954965,-0.8849829,0.5084563,-0.5039315,0.4949463,0.492497,
1,4,11.637,-0.2481799,0.03954965,-0.8849829,0.5084563,-0.5039315,0.4949463,0.492497,
1,4,11.639,-0.2481799,0.03954965,-0.8849829,0.5084563,-0.5039315,0.4949463,0.492497,
1,4,11.641,-0.2481659,0.03954016,-0.8849783,0.5084894,-0.5039331,0.4949242,0.4924834,
1,4,11.643,-0.2481659,0.03954016,-0.8849783,0.5084894,-0.5039331,0.4949242,0.4924834,
1,4,11.645,-0.2481659,0.03954016,-0.8849783,0.5084894,-0.5039331,0.4949242,0.4924834,
1,4,11.647,-0.2481659,0.03954016,-0.8849783,0.5084894,-0.5039331,0.4949242,0.4924834,
1,4,11.649,-0.2481686,0.03953381,-0.8849711,0.508487,-0.503946,0.4949269,0.4924701,
1,4,11.651,-0.2481686,0.03953381,-0.8849711,0.508487,-0.503946,0.4949269,0.4924701,
1,4,11.653,-0.2481686,0.03953381,-0.8849711,0.508487,-0.503946,0.4949269,0.4924701,
1,4,11.655,-0.2481686,0.03953381,-0.8849711,0.508487,-0.503946,0.4949269,0.4924701,
1,4,11.657,-0.2481686,0.03953381,-0.8849711,0.508487,-0.503946,0.4949269,0.4924701,
1,4,11.659,-0.2481654,0.03954679,-0.8849776,0.5084704,-0.5039425,0.4949215,0.4924962,
1,4,11.661,-0.2481654,0.03954679,-0.8849776,0.5084704,-0.5039425,0.4949215,0.4924962,
1,4,11.663,-0.2481654,0.03954679,-0.8849776,0.5084704,-0.5039425,0.4949215,0.4924962,
1,4,11.665,-0.2481654,0.03954679,-0.8849776,0.5084704,-0.5039425,0.4949215,0.4924962,
1,4,11.667,-0.2481799,0.03954589,-0.8849753,0.5084587,-0.5039431,0.4949283,0.4925008,
1,4,11.669,-0.2481799,0.03954589,-0.8849753,0.5084587,-0.5039431,0.4949283,0.4925008,
1,4,11.671,-0.2481799,0.03954589,-0.8849753,0.5084587,-0.5039431,0.4949283,0.4925008,
1,4,11.673,-0.2481799,0.03954589,-0.8849753,0.5084587,-0.5039431,0.4949283,0.4925008,
1,4,11.675,-0.2481675,0.03953611,-0.8849763,0.5084906,-0.5039385,0.4949169,0.4924842,
1,4,11.677,-0.2481675,0.03953611,-0.8849763,0.5084906,-0.5039385,0.4949169,0.4924842,
1,4,11.679,-0.2481675,0.03953611,-0.8849763,0.5084906,-0.5039385,0.4949169,0.4924842,
1,4,11.681,-0.2481675,0.03953611,-0.8849763,0.5084906,-0.5039385,0.4949169,0.4924842,
1,4,11.683,-0.2481724,0.03954355,-0.8849717,0.5084695,-0.5039483,0.4949245,0.4924883,
1,4,11.685,-0.2481724,0.03954355,-0.8849717,0.5084695,-0.5039483,0.4949245,0.4924883,
1,4,11.687,-0.2481724,0.03954355,-0.8849717,0.5084695,-0.5039483,0.4949245,0.4924883,
1,4,11.689,-0.2481724,0.03954355,-0.8849717,0.5084695,-0.5039483,0.4949245,0.4924883,
1,4,11.691,-0.2481907,0.03955093,-0.8849767,0.5084515,-0.5039607,0.4949025,0.4925164,
1,4,11.693,-0.2481907,0.03955093,-0.8849767,0.5084515,-0.5039607,0.4949025,0.4925164,
1,4,11.695,-0.2481907,0.03955093,-0.8849767,0.5084515,-0.5039607,0.4949025,0.4925164,
1,4,11.697,-0.2481907,0.03955093,-0.8849767,0.5084515,-0.5039607,0.4949025,0.4925164,
1,4,11.699,-0.2481768,0.0395462,-0.8849705,0.5084549,-0.503957,0.4949111,0.4925079,
1,4,11.701,-0.2481768,0.0395462,-0.8849705,0.5084549,-0.503957,0.4949111,0.4925079,
1,4,11.703,-0.2481768,0.0395462,-0.8849705,0.5084549,-0.503957,0.4949111,0.4925079,
1,4,11.705,-0.2481768,0.0395462,-0.8849705,0.5084549,-0.503957,0.4949111,0.4925079,
1,4,11.707,-0.2481768,0.0395462,-0.8849705,0.5084549,-0.503957,0.4949111,0.4925079,
1,4,11.709,-0.2481759,0.03955226,-0.8849864,0.5084382,-0.5039463,0.4949227,0.4925244,
1,4,11.711,-0.2481759,0.03955226,-0.8849864,0.5084382,-0.5039463,0.4949227,0.4925244,
1,4,11.713,-0.2481759,0.03955226,-0.8849864,0.5084382,-0.5039463,0.4949227,0.4925244,
1,4,11.715,-0.2481759,0.03955226,-0.8849864,0.5084382,-0.5039463,0.4949227,0.4925244,
1,4,11.717,-0.2481771,0.03954322,-0.8849821,0.5084581,-0.5039511,0.4949121,0.4925096,
1,4,11.719,-0.2481771,0.03954322,-0.8849821,0.5084581,-0.5039511,0.4949121,0.4925096,
1,4,11.721,-0.2481771,0.03954322,-0.8849821,0.5084581,-0.5039511,0.4949121,0.4925096,
1,4,11.723,-0.2481771,0.03954322,-0.8849821,0.5084581,-0.5039511,0.4949121,0.4925096,
1,4,11.725,-0.2481799,0.03954269,-0.8849853,0.5084651,-0.5039492,0.4949216,0.4924947,
1,4,11.727,-0.2481799,0.03954269,-0.8849853,0.5084651,-0.5039492,0.4949216,0.4924947,
1,4,11.729,-0.2481799,0.03954269,-0.8849853,0.5084651,-0.5039492,0.4949216,0.4924947,
1,4,11.731,-0.2481799,0.03954269,-0.8849853,0.5084651,-0.5039492,0.4949216,0.4924947,
1,4,11.733,-0.2481716,0.03954775,-0.8849812,0.5084664,-0.5039394,0.4949288,0.4924963,
1,4,11.735,-0.2481716,0.03954775,-0.8849812,0.5084664,-0.5039394,0.4949288,0.4924963,
1,4,11.737,-0.2481716,0.03954775,-0.8849812,0.5084664,-0.5039394,0.4949288,0.4924963,
1,4,11.739,-0.2481716,0.03954775,-0.8849812,0.5084664,-0.5039394,0.4949288,0.4924963,
1,4,11.741,-0.2481718,0.03955185,-0.8849836,0.5084662,-0.5039335,0.4949333,0.4924979,
1,4,11.743,-0.2481718,0.03955185,-0.8849836,0.5084662,-0.5039335,0.4949333,0.4924979,
1,4,11.745,-0.2481718,0.03955185,-0.8849836,0.5084662,-0.5039335,0.4949333,0.4924979,
1,4,11.747,-0.2481718,0.03955185,-0.8849836,0.5084662,-0.5039335,0.4949333,0.4924979,
1,4,11.749,-0.2481707,0.03954088,-0.8849833,0.5084757,-0.5039269,0.4949217,0.4925066,
1,4,11.751,-0.2481707,0.03954088,-0.8849833,0.5084757,-0.5039269,0.4949217,0.4925066,
1,4,11.753,-0.2481707,0.03954088,-0.8849833,0.5084757,-0.5039269,0.4949217,0.4925066,
1,4,11.755,-0.2481707,0.03954088,-0.8849833,0.5084757,-0.5039269,0.4949217,0.4925066,CourtEnter
1,4,11.757,-0.2481707,0.03954088,-0.8849833,0.5084757,-0.5039269,0.4949217,0.4925066,
1,4,11.759,-0.2481724,0.03955123,-0.8849847,0.5084644,-0.5039297,0.4949353,0.4925016,
1,4,11.761,-0.2481724,0.03955123,-0.8849847,0.5084644,-0.5039297,0.4949353,0.4925016,
1,4,11.763,-0.2481724,0.03955123,-0.8849847,0.5084644,-0.5039297,0.4949353,0.4925016,
1,4,11.765,-0.2481724,0.03955123,-0.8849847,0.5084644,-0.5039297,0.4949353,0.4925016,
1,4,11.767,-0.2481716,0.03955434,-0.8849888,0.5084434,-0.5039407,0.4949394,0.4925081,CourtExit
1,4,11.769,-0.2481716,0.03955434,-0.8849888,0.5084434,-0.5039407,0.4949394,0.4925081,
1,4,11.771,-0.2481716,0.03955434,-0.8849888,0.5084434,-0.5039407,0.4949394,0.4925081,
1,4,11.773,-0.2481716,0.03955434,-0.8849888,0.5084434,-0.5039407,0.4949394,0.4925081,
1,4,11.775,-0.2481606,0.03955666,-0.8849861,0.5084508,-0.5039306,0.4949426,0.4925074,
1,4,11.777,-0.2481606,0.03955666,-0.8849861,0.5084508,-0.5039306,0.4949426,0.4925074,
1,4,11.779,-0.2481606,0.03955666,-0.8849861,0.5084508,-0.5039306,0.4949426,0.4925074,
1,4,11.781,-0.2481606,0.03955666,-0.8849861,0.5084508,-0.5039306,0.4949426,0.4925074,
1,4,11.783,-0.2481599,0.0395556,-0.8849791,0.50845,-0.5039262,0.4949459,0.4925097,
1,4,11.785,-0.2481599,0.0395556,-0.8849791,0.50845,-0.5039262,0.4949459,0.4925097,
1,4,11.787,-0.2481599,0.0395556,-0.8849791,0.50845,-0.5039262,0.4949459,0.4925097,
1,4,11.789,-0.2481599,0.0395556,-0.8849791,0.50845,-0.5039262,0.4949459,0.4925097,
1,4,11.791,-0.2481568,0.03955414,-0.884995,0.5084692,-0.5039207,0.4949478,0.4924934,
1,4,11.793,-0.2481568,0.03955414,-0.884995,0.5084692,-0.5039207,0.4949478,0.4924934,
1,4,11.795,-0.2481568,0.03955414,-0.884995,0.5084692,-0.5039207,0.4949478,0.4924934,
1,4,11.797,-0.2481568,0.03955414,-0.884995,0.5084692,-0.5039207,0.4949478,0.4924934,
1,4,11.799,-0.2481596,0.03954725,-0.8849897,0.5084779,-0.5039257,0.4949596,0.4924673,
1,4,11.801,-0.2481596,0.03954725,-0.8849897,0.5084779,-0.5039257,0.4949596,0.4924673,
1,4,11.803,-0.2481596,0.03954725,-0.8849897,0.5084779,-0.5039257,0.4949596,0.4924673,
1,4,11.805,-0.2481596,0.03954725,-0.8849897,0.5084779,-0.5039257,0.4949596,0.4924673,
1,4,11.807,-0.2481596,0.03954725,-0.8849897,0.5084779,-0.5039257,0.4949596,0.4924673,
1,4,11.809,-0.2481592,0.03953991,-0.8849829,0.508473,-0.503951,0.4949327,0.4924737,
1,4,11.811,-0.2481592,0.03953991,-0.8849829,0.508473,-0.503951,0.4949327,0.4924737,
1,4,11.813,-0.2481592,0.03953991,-0.8849829,0.508473,-0.503951,0.4949327,0.4924737,
1,4,11.815,-0.2481592,0.03953991,-0.8849829,0.508473,-0.503951,0.4949327,0.4924737,
1,4,11.817,-0.248155,0.03954674,-0.8849839,0.508467,-0.50394,0.4949422,0.4924816,
1,4,11.819,-0.248155,0.03954674,-0.8849839,0.508467,-0.50394,0.4949422,0.4924816,
1,4,11.821,-0.248155,0.03954674,-0.8849839,0.508467,-0.50394,0.4949422,0.4924816,
1,4,11.823,-0.248155,0.03954674,-0.8849839,0.508467,-0.50394,0.4949422,0.4924816,
1,4,11.825,-0.248169,0.03954956,-0.8849894,0.5084468,-0.503941,0.4949628,0.4924807,
1,4,11.827,-0.248169,0.03954956,-0.8849894,0.5084468,-0.503941,0.4949628,0.4924807,
1,4,11.829,-0.248169,0.03954956,-0.8849894,0.5084468,-0.503941,0.4949628,0.4924807,
1,4,11.831,-0.248169,0.03954956,-0.8849894,0.5084468,-0.503941,0.4949628,0.4924807,
1,4,11.833,-0.2481837,0.03955109,-0.884988,0.5084317,-0.5039444,0.4949676,0.4924879,
1,4,11.835,-0.2481837,0.03955109,-0.884988,0.5084317,-0.5039444,0.4949676,0.4924879,
1,4,11.837,-0.2481837,0.03955109,-0.884988,0.5084317,-0.5039444,0.4949676,0.4924879,
1,4,11.839,-0.2481837,0.03955109,-0.884988,0.5084317,-0.5039444,0.4949676,0.4924879,
1,4,11.841,-0.2481735,0.03955607,-0.8849913,0.508437,-0.5039406,0.4949617,0.4924922,
1,4,11.843,-0.2481735,0.03955607,-0.8849913,0.508437,-0.5039406,0.4949617,0.4924922,
1,4,11.845,-0.2481735,0.03955607,-0.8849913,0.508437,-0.5039406,0.4949617,0.4924922,
1,4,11.847,-0.2481735,0.03955607,-0.8849913,0.508437,-0.5039406,0.4949617,0.4924922,
1,4,11.849,-0.2481724,0.03954979,-0.8849901,0.5084594,-0.503949,0.4949394,0.492483,
1,4,11.851,-0.2481724,0.03954979,-0.8849901,0.5084594,-0.503949,0.4949394,0.492483,
1,4,11.853,-0.2481724,0.03954979,-0.8849901,0.5084594,-0.503949,0.4949394,0.492483,
1,4,11.855,-0.2481724,0.03954979,-0.8849901,0.5084594,-0.503949,0.4949394,0.492483,
1,4,11.857,-0.2481724,0.03954979,-0.8849901,0.5084594,-0.503949,0.4949394,0.492483,
1,4,11.859,-0.2481698,0.03954754,-0.8849872,0.5084674,-0.5039334,0.4949471,0.492483,
1,4,11.861,-0.2481698,0.03954754,-0.8849872,0.5084674,-0.5039334,0.4949471,0.492483,
1,4,11.863,-0.2481698,0.03954754,-0.8849872,0.5084674,-0.5039334,0.4949471,0.492483,
1,4,11.865,-0.2481698,0.03954754,-0.8849872,0.5084674,-0.5039334,0.4949471,0.492483,
1,4,11.867,-0.2481668,0.03955356,-0.8849704,0.5084519,-0.503921,0.4949579,0.4925008,
1,4,11.869,-0.2481668,0.03955356,-0.8849704,0.5084519,-0.503921,0.4949579,0.4925008,
1,4,11.871,-0.2481668,0.03955356,-0.8849704,0.5084519,-0.503921,0.4949579,0.4925008,
1,4,11.873,-0.2481668,0.03955356,-0.8849704,0.5084519,-0.503921,0.4949579,0.4925008,
1,4,11.875,-0.2481722,0.03954233,-0.8849822,0.5084709,-0.5039312,0.49495,0.4924788,
1,4,11.877,-0.2481722,0.03954233,-0.8849822,0.5084709,-0.5039312,0.49495,0.4924788,
1,4,11.879,-0.2481722,0.03954233,-0.8849822,0.5084709,-0.5039312,0.49495,0.4924788,
1,4,11.881,-0.2481722,0.03954233,-0.8849822,0.5084709,-0.5039312,0.49495,0.4924788,
1,4,11.883,-0.248184,0.03954624,-0.8849819,0.508463,-0.5039439,0.49495,0.4924739,
1,4,11.885,-0.248184,0.03954624,-0.8849819,0.508463,-0.5039439,0.49495,0.4924739,
1,4,11.887,-0.248184,0.03954624,-0.8849819,0.508463,-0.5039439,0.49495,0.4924739,
1,4,11.889,-0.248184,0.03954624,-0.8849819,0.508463,-0.5039439,0.49495,0.4924739,
1,4,11.891,-0.2481668,0.03953309,-0.8849859,0.5084814,-0.503933,0.4949521,0.4924639,
1,4,11.893,-0.2481668,0.03953309,-0.8849859,0.5084814,-0.503933,0.4949521,0.4924639,
1,4,11.895,-0.2481668,0.03953309,-0.8849859,0.5084814,-0.503933,0.4949521,0.4924639,
1,4,11.897,-0.2481668,0.03953309,-0.8849859,0.5084814,-0.503933,0.4949521,0.4924639,
1,4,11.899,-0.2481711,0.039524,-0.8849832,0.5084948,-0.5039504,0.4949223,0.4924622,
1,4,11.901,-0.2481711,0.039524,-0.8849832,0.5084948,-0.5039504,0.4949223,0.4924622,
1,4,11.903,-0.2481711,0.039524,-0.8849832,0.5084948,-0.5039504,0.4949223,0.4924622,
1,4,11.905,-0.2481711,0.039524,-0.8849832,0.5084948,-0.5039504,0.4949223,0.4924622,
1,4,11.907,-0.2481711,0.039524,-0.8849832,0.5084948,-0.5039504,0.4949223,0.4924622,
1,4,11.909,-0.2481692,0.03951475,-0.8849819,0.5085043,-0.5039539,0.494911,0.4924601,
1,4,11.911,-0.2481692,0.03951475,-0.8849819,0.5085043,-0.5039539,0.494911,0.4924601,
1,4,11.913,-0.2481692,0.03951475,-0.8849819,0.5085043,-0.5039539,0.494911,0.4924601,
1,4,11.915,-0.2481692,0.03951475,-0.8849819,0.5085043,-0.5039539,0.494911,0.4924601,
1,4,11.917,-0.2481677,0.03952696,-0.8849897,0.5084827,-0.5039446,0.494927,0.4924759,
1,4,11.919,-0.2481677,0.03952696,-0.8849897,0.5084827,-0.5039446,0.494927,0.4924759,
1,4,11.921,-0.2481677,0.03952696,-0.8849897,0.5084827,-0.5039446,0.494927,0.4924759,
1,4,11.923,-0.2481677,0.03952696,-0.8849897,0.5084827,-0.5039446,0.494927,0.4924759,
1,4,11.925,-0.2481743,0.03953327,-0.8849889,0.5084735,-0.5039469,0.4949261,0.4924841,
1,4,11.927,-0.2481743,0.03953327,-0.8849889,0.5084735,-0.5039469,0.4949261,0.4924841,
1,4,11.929,-0.2481743,0.03953327,-0.8849889,0.5084735,-0.5039469,0.4949261,0.4924841,
1,4,11.931,-0.2481743,0.03953327,-0.8849889,0.5084735,-0.5039469,0.4949261,0.4924841,
1,4,11.933,-0.2481684,0.03953778,-0.8849859,0.5084929,-0.5039403,0.4949225,0.4924743,
1,4,11.935,-0.2481684,0.03953778,-0.8849859,0.5084929,-0.5039403,0.4949225,0.4924743,
1,4,11.937,-0.2481684,0.03953778,-0.8849859,0.5084929,-0.5039403,0.4949225,0.4924743,
1,4,11.939,-0.2481684,0.03953778,-0.8849859,0.5084929,-0.5039403,0.4949225,0.4924743,
1,4,11.941,-0.2481751,0.03953087,-0.8849824,0.5084795,-0.5039513,0.4949243,0.4924749,
1,4,11.943,-0.2481751,0.03953087,-0.8849824,0.5084795,-0.5039513,0.4949243,0.4924749,
1,4,11.945,-0.2481751,0.03953087,-0.8849824,0.5084795,-0.5039513,0.4949243,0.4924749,
1,4,11.947,-0.2481751,0.03953087,-0.8849824,0.5084795,-0.5039513,0.4949243,0.4924749,
1,4,11.949,-0.2481755,0.03954293,-0.8849877,0.5084875,-0.5039313,0.4949344,0.4924772,
1,4,11.951,-0.2481755,0.03954293,-0.8849877,0.5084875,-0.5039313,0.4949344,0.4924772,
1,4,11.953,-0.2481755,0.03954293,-0.8849877,0.5084875,-0.5039313,0.4949344,0.4924772,
1,4,11.955,-0.2481755,0.03954293,-0.8849877,0.5084875,-0.5039313,0.4949344,0.4924772,
1,4,11.957,-0.2481755,0.03954293,-0.8849877,0.5084875,-0.5039313,0.4949344,0.4924772,
1,4,11.959,-0.2481685,0.03954342,-0.8849832,0.5084749,-0.5039115,0.4949396,0.4925052,
1,4,11.961,-0.2481685,0.03954342,-0.8849832,0.5084749,-0.5039115,0.4949396,0.4925052,
1,4,11.963,-0.2481685,0.03954342,-0.8849832,0.5084749,-0.5039115,0.4949396,0.4925052,
1,4,11.965,-0.2481685,0.03954342,-0.8849832,0.5084749,-0.5039115,0.4949396,0.4925052,
1,4,11.967,-0.248171,0.03954213,-0.8849858,0.5084729,-0.5039285,0.494925,0.4925046,
1,4,11.969,-0.248171,0.03954213,-0.8849858,0.5084729,-0.5039285,0.494925,0.4925046,
1,4,11.971,-0.248171,0.03954213,-0.8849858,0.5084729,-0.5039285,0.494925,0.4925046,
1,4,11.973,-0.248171,0.03954213,-0.8849858,0.5084729,-0.5039285,0.494925,0.4925046,
1,4,11.975,-0.2481644,0.03955171,-0.8849788,0.5084774,-0.5039266,0.4949194,0.4925074,
1,4,11.977,-0.2481644,0.03955171,-0.8849788,0.5084774,-0.5039266,0.4949194,0.4925074,
1,4,11.979,-0.2481644,0.03955171,-0.8849788,0.5084774,-0.5039266,0.4949194,0.4925074,
1,4,11.981,-0.2481644,0.03955171,-0.8849788,0.5084774,-0.5039266,0.4949194,0.4925074,
1,4,11.983,-0.2481499,0.03953764,-0.8849887,0.508499,-0.5039196,0.4949197,0.4924918,
1,4,11.985,-0.2481499,0.03953764,-0.8849887,0.508499,-0.5039196,0.4949197,0.4924918,
1,4,11.987,-0.2481499,0.03953764,-0.8849887,0.508499,-0.5039196,0.4949197,0.4924918,
1,4,11.989,-0.2481499,0.03953764,-0.8849887,0.508499,-0.5039196,0.4949197,0.4924918,
1,4,11.991,-0.2481573,0.0395472,-0.884979,0.5084897,-0.5039161,0.4949434,0.4924815,
1,4,11.993,-0.2481573,0.0395472,-0.884979,0.5084897,-0.5039161,0.4949434,0.4924815,
1,4,11.995,-0.2481573,0.0395472,-0.884979,0.5084897,-0.5039161,0.4949434,0.4924815,
1,4,11.997,-0.2481573,0.0395472,-0.884979,0.5084897,-0.5039161,0.4949434,0.4924815,
1,4,11.999,-0.2481731,0.03954041,-0.8849859,0.5084906,-0.5039269,0.4949279,0.492485,
1,5,12.001,-0.2481731,0.03954041,-0.8849859,0.5084906,-0.5039269,0.4949279,0.492485,TrialStart
1,5,12.003,-0.2481731,0.03954041,-0.8849859,0.5084906,-0.5039269,0.4949279,0.492485,
1,5,12.005,-0.2481731,0.03954041,-0.8849859,0.5084906,-0.5039269,0.4949279,0.492485,
1,5,12.007,-0.2481731,0.03954041,-0.8849859,0.5084906,-0.5039269,0.4949279,0.492485,
1,5,12.009,-0.2481746,0.03954547,-0.8849822,0.5084755,-0.5039196,0.4949439,0.4924918,
1,5,12.011,-0.2481746,0.03954547,-0.8849822,0.5084755,-0.5039196,0.4949439,0.4924918,
1,5,12.013,-0.2481746,0.03954547,-0.8849822,0.5084755,-0.5039196,0.4949439,0.4924918,
1,5,12.015,-0.2481746,0.03954547,-0.8849822,0.5084755,-0.5039196,0.4949439,0.4924918,
1,5,12.017,-0.2481664,0.03954224,-0.8849849,0.5084807,-0.5039215,0.4949504,0.4924783,
1,5,12.019,-0.2481664,0.03954224,-0.8849849,0.5084807,-0.5039215,0.4949504,0.4924783,
1,5,12.021,-0.2481664,0.03954224,-0.8849849,0.5084807,-0.5039215,0.4949504,0.4924783,
1,5,12.023,-0.2481664,0.03954224,-0.8849849,0.5084807,-0.5039215,0.4949504,0.4924783,
1,5,12.025,-0.2481858,0.03954786,-0.8849819,0.5084723,-0.5039445,0.4949259,0.492488,
1,5,12.027,-0.2481858,0.03954786,-0.8849819,0.5084723,-0.5039445,0.4949259,0.492488,
1,5,12.029,-0.2481858,0.03954786,-0.8849819,0.5084723,-0.5039445,0.4949259,0.492488,
1,5,12.031,-0.2481858,0.03954786,-0.8849819,0.5084723,-0.5039445,0.4949259,0.492488,
1,5,12.033,-0.2481751,0.03954266,-0.8849725,0.5084628,-0.5039622,0.4949193,0.4924862,
1,5,12.035,-0.2481751,0.03954266,-0.8849725,0.5084628,-0.5039622,0.4949193,0.4924862,
1,5,12.037,-0.2481751,0.03954266,-0.8849725,0.5084628,-0.5039622,0.4949193,0.4924862,
1,5,12.039,-0.2481751,0.03954266,-0.8849725,0.5084628,-0.5039622,0.4949193,0.4924862,
1,5,12.041,-0.2481827,0.03953484,-0.8849882,0.5084699,-0.5039625,0.4949139,0.4924839,
1,5,12.043,-0.2481827,0.03953484,-0.8849882,0.5084699,-0.5039625,0.4949139,0.4924839,
1,5,12.045,-0.2481827,0.03953484,-0.8849882,0.5084699,-0.5039625,0.4949139,0.4924839,
1,5,12.047,-0.2481827,0.03953484,-0.8849882,0.5084699,-0.5039625,0.4949139,0.4924839,
1,5,12.049,-0.2481772,0.03954708,-0.8849857,0.5084723,-0.5039597,0.4949038,0.4924944,
1,5,12.051,-0.2481772,0.03954708,-0.8849857,0.5084723,-0.5039597,0.4949038,0.4924944,
1,5,12.053,-0.2481772,0.03954708,-0.8849857,0.5084723,-0.5039597,0.4949038,0.4924944,
1,5,12.055,-0.2481772,0.03954708,-0.8849857,0.5084723,-0.5039597,0.4949038,0.4924944,
1,5,12.057,-0.2481772,0.03954708,-0.8849857,0.5084723,-0.5039597,0.4949038,0.4924944,
1,5,12.059,-0.2481737,0.03952989,-0.8849773,0.5084915,-0.5039686,0.4948924,0.492477,
1,5,12.061,-0.2481737,0.03952989,-0.8849773,0.5084915,-0.5039686,0.4948924,0.492477,
1,5,12.063,-0.2481737,0.03952989,-0.8849773,0.5084915,-0.5039686,0.4948924,0.492477,
1,5,12.065,-0.2481737,0.03952989,-0.8849773,0.5084915,-0.5039686,0.4948924,0.492477,
1,5,12.067,-0.2481711,0.03955926,-0.88498,0.5084669,-0.5039443,0.4949296,0.4924901,
1,5,12.069,-0.2481711,0.03955926,-0.88498,0.5084669,-0.5039443,0.4949296,0.4924901,
1,5,12.071,-0.2481711,0.03955926,-0.88498,0.5084669,-0.5039443,0.4949296,0.4924901,
1,5,12.073,-0.2481711,0.03955926,-0.88498,0.5084669,-0.5039443,0.4949296,0.4924901,
1,5,12.075,-0.2481903,0.03955422,-0.8849677,0.5084457,-0.5039624,0.4949153,0.4925076,
1,5,12.077,-0.2481903,0.03955422,-0.8849677,0.5084457,-0.5039624,0.4949153,0.4925076,
1,5,12.079,-0.2481903,0.03955422,-0.8849677,0.5084457,-0.5039624,0.4949153,0.4925076,
1,5,12.081,-0.2481903,0.03955422,-0.8849677,0.5084457,-0.5039624,0.4949153,0.4925076,
1,5,12.083,-0.2481873,0.03955773,-0.8849742,0.5084624,-0.5039653,0.494928,0.4924746,
1,5,12.085,-0.2481873,0.03955773,-0.8849742,0.5084624,-0.5039653,0.494928,0.4924746,
1,5,12.087,-0.2481873,0.03955773,-0.8849742,0.5084624,-0.5039653,0.494928,0.4924746,
1,5,12.089,-0.2481873,0.03955773,-0.8849742,0.5084624,-0.5039653,0.494928,0.4924746,
1,5,12.091,-0.2481837,0.03954859,-0.8849791,0.5084724,-0.5039731,0.4949189,0.4924656,
1,5,12.093,-0.2481837,0.03954859,-0.8849791,0.5084724,-0.5039731,0.4949189,0.4924656,
1,5,12.095,-0.2481837,0.03954859,-0.8849791,0.5084724,-0.5039731,0.4949189,0.4924656,
1,5,12.097,-0.2481837,0.03954859,-0.8849791,0.5084724,-0.5039731,0.4949189,0.4924656,
1,5,12.099,-0.2481932,0.03955254,-0.8849826,0.5084618,-0.5039688,0.4949381,0.4924617,
1,5,12.101,-0.2481932,0.03955254,-0.8849826,0.5084618,-0.5039688,0.4949381,0.4924617,
1,5,12.103,-0.2481932,0.03955254,-0.8849826,0.5084618,-0.5039688,0.4949381,0.4924617,
1,5,12.105,-0.2481932,0.03955254,-0.8849826,0.5084618,-0.5039688,0.4949381,0.4924617,
1,5,12.107,-0.2481932,0.03955254,-0.8849826,0.5084618,-0.5039688,0.4949381,0.4924617,
1,5,12.109,-0.2481851,0.03953682,-0.8849701,0.5084584,-0.5039836,0.4949142,0.4924741,
1,5,12.111,-0.2481851,0.03953682,-0.8849701,0.5084584,-0.5039836,0.4949142,0.4924741,
1,5,12.113,-0.2481851,0.03953682,-0.8849701,0.5084584,-0.5039836,0.4949142,0.4924741,
1,5,12.115,-0.2481851,0.03953682,-0.8849701,0.5084584,-0.5039836,0.4949142,0.4924741,
1,5,12.117,-0.2481912,0.03954724,-0.8849823,0.5084634,-0.5039789,0.4949089,0.4924789,
1,5,12.119,-0.2481912,0.03954724,-0.8849823,0.5084634,-0.5039789,0.4949089,0.4924789,
1,5,12.121,-0.2481912,0.03954724,-0.8849823,0.5084634,-0.5039789,0.4949089,0.4924789,
1,5,12.123,-0.2481912,0.03954724,-0.8849823,0.5084634,-0.5039789,0.4949089,0.4924789,
1,5,12.125,-0.2481893,0.03953885,-0.8849708,0.5084538,-0.5039942,0.4949084,0.4924737,
1,5,12.127,-0.2481893,0.03953885,-0.8849708,0.5084538,-0.5039942,0.4949084,0.4924737,
1,5,12.129,-0.2481893,0.03953885,-0.8849708,0.5084538,-0.5039942,0.4949084,0.4924737,
1,5,12.131,-0.2481893,0.03953885,-0.8849708,0.5084538,-0.5039942,0.4949084,0.4924737,
1,5,12.133,-0.2481882,0.03953606,-0.8849826,0.5084648,-0.504011,0.4948927,0.492461,
1,5,12.135,-0.2481882,0.03953606,-0.8849826,0.5084648,-0.504011,0.4948927,0.492461,
1,5,12.137,-0.2481882,0.03953606,-0.8849826,0.5084648,-0.504011,0.4948927,0.492461,
1,5,12.139,-0.2481882,0.03953606,-0.8849826,0.5084648,-0.504011,0.4948927,0.492461,
1,5,12.141,-0.2481833,0.03954068,-0.8849792,0.5084702,-0.5039812,0.4949163,0.492462,
1,5,12.143,-0.2481833,0.03954068,-0.8849792,0.5084702,-0.5039812,0.4949163,0.492462,
1,5,12.145,-0.2481833,0.03954068,-0.8849792,0.5084702,-0.5039812,0.4949163,0.492462,
1,5,12.147,-0.2481833,0.03954068,-0.8849792,0.5084702,-0.5039812,0.4949163,0.492462,
1,5,12.149,-0.2481895,0.03956036,-0.8849825,0.5084382,-0.5039741,0.4949306,0.492488,
1,5,12.151,-0.2481895,0.03956036,-0.8849825,0.5084382,-0.5039741,0.4949306,0.492488,
1,5,12.153,-0.2481895,0.03956036,-0.8849825,0.5084382,-0.5039741,0.4949306,0.492488,
1,5,12.155,-0.2481895,0.03956036,-0.8849825,0.5084382,-0.5039741,0.4949306,0.492488,
1,5,12.157,-0.2481895,0.03956036,-0.8849825,0.5084382,-0.5039741,0.4949306,0.492488,
1,5,12.159,-0.2481882,0.03956171,-0.8849822,0.508443,-0.5039635,0.4949405,0.492484,
1,5,12.161,-0.2481882,0.03956171,-0.8849822,0.508443,-0.5039635,0.4949405,0.492484,
1,5,12.163,-0.2481882,0.03956171,-0.8849822,0.508443,-0.5039635,0.4949405,0.492484,
1,5,12.165,-0.2481882,0.03956171,-0.8849822,0.508443,-0.5039635,0.4949405,0.492484,
1,5,12.167,-0.2481946,0.0395442,-0.8849891,0.5084398,-0.5039806,0.4949307,0.4924796,
1,5,12.169,-0.2481946,0.0395442,-0.8849891,0.5084398,-0.5039806,0.4949307,0.4924796,
1,5,12.171,-0.2481946,0.0395442,-0.8849891,0.5084398,-0.5039806,0.4949307,0.4924796,
1,5,12.173,-0.2481946,0.0395442,-0.8849891,0.5084398,-0.5039806,0.4949307,0.4924796,
1,5,12.175,-0.2481916,0.03954843,-0.8849809,0.5084476,-0.503974,0.4949416,0.4924674,
1,5,12.177,-0.2481916,0.03954843,-0.8849809,0.5084476,-0.503974,0.4949416,0.4924674,
1,5,12.179,-0.2481916,0.03954843,-0.8849809,0.5084476,-0.503974,0.4949416,0.4924674,
1,5,12.181,-0.2481916,0.03954843,-0.8849809,0.5084476,-0.503974,0.4949416,0.4924674,
1,5,12.183,-0.2481974,0.03951234,-0.8849834,0.5084468,-0.5040283,0.4948797,0.492475,
1,5,12.185,-0.2481974,0.03951234,-0.8849834,0.5084468,-0.5040283,0.4948797,0.492475,
1,5,12.187,-0.2481974,0.03951234,-0.8849834,0.5084468,-0.5040283,0.4948797,0.492475,
1,5,12.189,-0.2481974,0.03951234,-0.8849834,0.5084468,-0.5040283,0.4948797,0.492475,
1,5,12.191,-0.2481784,0.03953979,-0.8849785,0.5084605,-0.5039894,0.4949253,0.4924547,
1,5,12.193,-0.2481784,0.03953979,-0.8849785,0.5084605,-0.5039894,0.4949253,0.4924547,
1,5,12.195,-0.2481784,0.03953979,-0.8849785,0.5084605,-0.5039894,0.4949253,0.4924547,
1,5,12.197,-0.2481784,0.03953979,-0.8849785,0.5084605,-0.5039894,0.4949253,0.4924547,
1,5,12.199,-0.2481778,0.03953902,-0.8849876,0.5084571,-0.5039684,0.4949297,0.4924753,
1,5,12.201,-0.2481778,0.03953902,-0.8849876,0.5084571,-0.5039684,0.4949297,0.4924753,
1,5,12.203,-0.2481778,0.03953902,-0.8849876,0.5084571,-0.5039684,0.4949297,0.4924753,
1,5,12.205,-0.2481778,0.03953902,-0.8849876,0.5084571,-0.5039684,0.4949297,0.4924753,
1,5,12.207,-0.2481778,0.03953902,-0.8849876,0.5084571,-0.5039684,0.4949297,0.4924753,
1,5,12.209,-0.2481804,0.03953146,-0.8849884,0.5084587,-0.5039907,0.4949106,0.4924699,
1,5,12.211,-0.2481804,0.03953146,-0.8849884,0.5084587,-0.5039907,0.4949106,0.4924699,
1,5,12.213,-0.2481804,0.03953146,-0.8849884,0.5084587,-0.5039907,0.4949106,0.4924699,
1,5,12.215,-0.2481804,0.03953146,-0.8849884,0.5084587,-0.5039907,0.4949106,0.4924699,
1,5,12.217,-0.2481904,0.0395399,-0.8849823,0.5084638,-0.5039715,0.4949299,0.492465,
1,5,12.219,-0.2481904,0.0395399,-0.8849823,0.5084638,-0.5039715,0.4949299,0.492465,
1,5,12.221,-0.2481904,0.0395399,-0.8849823,0.5084638,-0.5039715,0.4949299,0.492465,
1,5,12.223,-0.2481904,0.0395399,-0.8849823,0.5084638,-0.5039715,0.4949299,0.492465,
1,5,12.225,-0.2481857,0.03953996,-0.8849779,0.5084589,-0.5039796,0.4949186,0.4924732,
1,5,12.227,-0.2481857,0.03953996,-0.8849779,0.5084589,-0.5039796,0.4949186,0.4924732,
1,5,12.229,-0.2481857,0.03953996,-0.8849779,0.5084589,-0.5039796,0.4949186,0.4924732,
1,5,12.231,-0.2481857,0.03953996,-0.8849779,0.5084589,-0.5039796,0.4949186,0.4924732,
1,5,12.233,-0.248182,0.03953747,-0.884976,0.5084671,-0.5039817,0.4949082,0.4924729,
1,5,12.235,-0.248182,0.03953747,-0.884976,0.5084671,-0.5039817,0.4949082,0.4924729,
1,5,12.237,-0.248182,0.03953747,-0.884976,0.5084671,-0.5039817,0.4949082,0.4924729,
1,5,12.239,-0.248182,0.03953747,-0.884976,0.5084671,-0.5039817,0.4949082,0.4924729,
1,5,12.241,-0.2481877,0.03953476,-0.8849775,0.5084639,-0.5039703,0.494923,0.492473,
1,5,12.243,-0.2481877,0.03953476,-0.8849775,0.5084639,-0.5039703,0.494923,0.492473,
1,5,12.245,-0.2481877,0.03953476,-0.8849775,0.5084639,-0.5039703,0.494923,0.492473,
1,5,12.247,-0.2481877,0.03953476,-0.8849775,0.5084639,-0.5039703,0.494923,0.492473,
1,5,12.249,-0.2481845,0.0395259,-0.8849846,0.5084842,-0.5039887,0.4949031,0.4924532,
1,5,12.251,-0.2481845,0.0395259,-0.8849846,0.5084842,-0.5039887,0.4949031,0.4924532,
1,5,12.253,-0.2481845,0.0395259,-0.8849846,0.5084842,-0.5039887,0.4949031,0.4924532,
1,5,12.255,-0.2481845,0.0395259,-0.8849846,0.5084842,-0.5039887,0.4949031,0.4924532,
1,5,12.257,-0.2481845,0.0395259,-0.8849846,0.5084842,-0.5039887,0.4949031,0.4924532,
1,5,12.259,-0.2481756,0.03952581,-0.8849795,0.5084601,-0.5039914,0.4948944,0.492484,
1,5,12.261,-0.2481756,0.03952581,-0.8849795,0.5084601,-0.5039914,0.4948944,0.492484,
1,5,12.263,-0.2481756,0.03952581,-0.8849795,0.5084601,-0.5039914,0.4948944,0.492484,
1,5,12.265,-0.2481756,0.03952581,-0.8849795,0.5084601,-0.5039914,0.4948944,0.492484,
1,5,12.267,-0.2481851,0.03953024,-0.8849817,0.5084697,-0.5039812,0.4949062,0.4924727,
1,5,12.269,-0.2481851,0.03953024,-0.8849817,0.5084697,-0.5039812,0.4949062,0.4924727,
1,5,12.271,-0.2481851,0.03953024,-0.8849817,0.5084697,-0.5039812,0.4949062,0.4924727,
1,5,12.273,-0.2481851,0.03953024,-0.8849817,0.5084697,-0.5039812,0.4949062,0.4924727,
1,5,12.275,-0.2481911,0.03953113,-0.8849859,0.5084662,-0.5039904,0.4949083,0.492465,
1,5,12.277,-0.2481911,0.03953113,-0.8849859,0.5084662,-0.5039904,0.4949083,0.492465,
1,5,12.279,-0.2481911,0.03953113,-0.8849859,0.5084662,-0.5039904,0.4949083,0.492465,
1,5,12.281,-0.2481911,0.03953113,-0.8849859,0.5084662,-0.5039904,0.4949083,0.492465,
1,5,12.283,-0.2481798,0.03953932,-0.8849937,0.5084692,-0.5039514,0.4949234,0.4924865,
1,5,12.285,-0.2481798,0.03953932,-0.8849937,0.5084692,-0.5039514,0.4949234,0.4924865,
1,5,12.287,-0.2481798,0.03953932,-0.8849937,0.5084692,-0.5039514,0.4949234,0.4924865,
1,5,12.289,-0.2481798,0.03953932,-0.8849937,0.5084692,-0.5039514,0.4949234,0.4924865,
1,5,12.291,-0.2481815,0.03955415,-0.884991,0.5084471,-0.5039486,0.494945,0.4924904,
1,5,12.293,-0.2481815,0.03955415,-0.884991,0.5084471,-0.5039486,0.494945,0.4924904,
1,5,12.295,-0.2481815,0.03955415,-0.884991,0.5084471,-0.5039486,0.494945,0.4924904,
1,5,12.297,-0.2481815,0.03955415,-0.884991,0.5084471,-0.5039486,0.494945,0.4924904,
1,5,12.299,-0.2481826,0.03955249,-0.8849949,0.5084312,-0.503942,0.4949649,0.4924935,
1,5,12.301,-0.2481826,0.03955249,-0.8849949,0.5084312,-0.503942,0.4949649,0.4924935,
1,5,12.303,-0.2481826,0.03955249,-0.8849949,0.5084312,-0.503942,0.4949649,0.4924935,
1,5,12.305,-0.2481826,0.03955249,-0.8849949,0.5084312,-0.503942,0.4949649,0.4924935,
1,5,12.307,-0.2481826,0.03955249,-0.8849949,0.5084312,-0.503942,0.4949649,0.4924935,
1,5,12.309,-0.2481881,0.03952187,-0.8850019,0.5084336,-0.503957,0.4949111,0.4925298,
1,5,12.311,-0.2481881,0.03952187,-0.8850019,0.5084336,-0.503957,0.4949111,0.4925298,
1,5,12.313,-0.2481881,0.03952187,-0.8850019,0.5084336,-0.503957,0.4949111,0.4925298,
1,5,12.315,-0.2481881,0.03952187,-0.8850019,0.5084336,-0.503957,0.4949111,0.4925298,
1,5,12.317,-0.2481769,0.03953103,-0.8849893,0.5084462,-0.5039424,0.4949202,0.4925227,
1,5,12.319,-0.2481769,0.03953103,-0.8849893,0.5084462,-0.5039424,0.4949202,0.4925227,
1,5,12.321,-0.2481769,0.03953103,-0.8849893,0.5084462,-0.5039424,0.4949202,0.4925227,
1,5,12.323,-0.2481769,0.03953103,-0.8849893,0.5084462,-0.5039424,0.4949202,0.4925227,
1,5,12.325,-0.2481599,0.03953264,-0.8849969,0.5084739,-0.5039173,0.4949309,0.4925089,
1,5,12.327,-0.2481599,0.03953264,-0.8849969,0.5084739,-0.5039173,0.4949309,0.4925089,
1,5,12.329,-0.2481599,0.03953264,-0.8849969,0.5084739,-0.5039173,0.4949309,0.4925089,
1,5,12.331,-0.2481599,0.03953264,-0.8849969,0.5084739,-0.5039173,0.4949309,0.4925089,
1,5,12.333,-0.2481646,0.03953492,-0.8849893,0.5084601,-0.5039318,0.4949507,0.4924888,
1,5,12.335,-0.2481646,0.03953492,-0.8849893,0.5084601,-0.5039318,0.4949507,0.4924888,
1,5,12.337,-0.2481646,0.03953492,-0.8849893,0.5084601,-0.5039318,0.4949507,0.4924888,
1,5,12.339,-0.2481646,0.03953492,-0.8849893,0.5084601,-0.5039318,0.4949507,0.4924888,
1,5,12.341,-0.2481751,0.0395463,-0.8849933,0.5084345,-0.503929,0.4949624,0.492506,
1,5,12.343,-0.2481751,0.0395463,-0.8849933,0.5084345,-0.503929,0.4949624,0.492506,
1,5,12.345,-0.2481751,0.0395463,-0.8849933,0.5084345,-0.503929,0.4949624,0.492506,
1,5,12.347,-0.2481751,0.0395463,-0.8849933,0.5084345,-0.503929,0.4949624,0.492506,
1,5,12.349,-0.2481713,0.03954015,-0.8849919,0.5084479,-0.5039391,0.4949388,0.4925056,
1,5,12.351,-0.2481713,0.03954015,-0.8849919,0.5084479,-0.5039391,0.4949388,0.4925056,
1,5,12.353,-0.2481713,0.03954015,-0.8849919,0.5084479,-0.5039391,0.4949388,0.4925056,
1,5,12.355,-0.2481713,0.03954015,-0.8849919,0.5084479,-0.5039391,0.4949388,0.4925056,
1,5,12.357,-0.2481713,0.03954015,-0.8849919,0.5084479,-0.5039391,0.4949388,0.4925056,
1,5,12.359,-0.248162,0.03953997,-0.8849788,0.5084546,-0.5039286,0.4949364,0.4925118,
1,5,12.361,-0.248162,0.03953997,-0.8849788,0.5084546,-0.5039286,0.4949364,0.4925118,
1,5,12.363,-0.248162,0.03953997,-0.8849788,0.5084546,-0.5039286,0.4949364,0.4925118,
1,5,12.365,-0.248162,0.03953997,-0.8849788,0.5084546,-0.5039286,0.4949364,0.4925118,
1,5,12.367,-0.2481642,0.03955684,-0.8849787,0.5084544,-0.503912,0.4949395,0.4925261,
1,5,12.369,-0.2481642,0.03955684,-0.8849787,0.5084544,-0.503912,0.4949395,0.4925261,
1,5,12.371,-0.2481642,0.03955684,-0.8849787,0.5084544,-0.503912,0.4949395,0.4925261,
1,5,12.373,-0.2481642,0.03955684,-0.8849787,0.5084544,-0.503912,0.4949395,0.4925261,
1,5,12.375,-0.2481661,0.03956897,-0.8849813,0.5084414,-0.5039271,0.4949417,0.4925218,
1,5,12.377,-0.2481661,0.03956897,-0.8849813,0.5084414,-0.5039271,0.4949417,0.4925218,
1,5,12.379,-0.2481661,0.03956897,-0.8849813,0.5084414,-0.5039271,0.4949417,0.4925218,
1,5,12.381,-0.2481661,0.03956897,-0.8849813,0.5084414,-0.5039271,0.4949417,0.4925218,
1,5,12.383,-0.2481665,0.03955406,-0.8849781,0.5084665,-0.5039276,0.4949386,0.4924986,
1,5,12.385,-0.2481665,0.03955406,-0.8849781,0.5084665,-0.5039276,0.4949386,0.4924986,
1,5,12.387,-0.2481665,0.03955406,-0.8849781,0.5084665,-0.5039276,0.4949386,0.4924986,
1,5,12.389,-0.2481665,0.03955406,-0.8849781,0.5084665,-0.5039276,0.4949386,0.4924986,
1,5,12.391,-0.2481654,0.03955547,-0.8849909,0.5084943,-0.5039179,0.4949307,0.4924875,
1,5,12.393,-0.2481654,0.03955547,-0.8849909,0.5084943,-0.5039179,0.4949307,0.4924875,
1,5,12.395,-0.2481654,0.03955547,-0.8849909,0.5084943,-0.5039179,0.4949307,0.4924875,
1,5,12.397,-0.2481654,0.03955547,-0.8849909,0.5084943,-0.5039179,0.4949307,0.4924875,
1,5,12.399,-0.2481796,0.03954873,-0.8849787,0.5084591,-0.5039644,0.4949194,0.4924876,
1,5,12.401,-0.2481796,0.03954873,-0.8849787,0.5084591,-0.5039644,0.4949194,0.4924876,
1,5,12.403,-0.2481796,0.03954873,-0.8849787,0.5084591,-0.5039644,0.4949194,0.4924876,
1,5,12.405,-0.2481796,0.03954873,-0.8849787,0.5084591,-0.5039644,0.4949194,0.4924876,
1,5,12.407,-0.2481796,0.03954873,-0.8849787,0.5084591,-0.5039644,0.4949194,0.4924876,
1,5,12.409,-0.2481661,0.03954898,-0.8849751,0.5084661,-0.5039238,0.4949473,0.4924939,
1,5,12.411,-0.2481661,0.03954898,-0.8849751,0.5084661,-0.5039238,0.4949473,0.4924939,
1,5,12.413,-0.2481661,0.03954898,-0.8849751,0.5084661,-0.5039238,0.4949473,0.4924939,
1,5,12.415,-0.2481661,0.03954898,-0.8849751,0.5084661,-0.5039238,0.4949473,0.4924939,
1,5,12.417,-0.2481585,0.03954724,-0.8849748,0.5084658,-0.5039202,0.4949336,0.4925118,
1,5,12.419,-0.2481585,0.03954724,-0.8849748,0.5084658,-0.5039202,0.4949336,0.4925118,
1,5,12.421,-0.2481585,0.03954724,-0.8849748,0.5084658,-0.5039202,0.4949336,0.4925118,
1,5,12.423,-0.2481585,0.03954724,-0.8849748,0.5084658,-0.5039202,0.4949336,0.4925118,
1,5,12.425,-0.248167,0.03951734,-0.8849905,0.508457,-0.5039697,0.4948716,0.4925325,
1,5,12.427,-0.248167,0.03951734,-0.8849905,0.508457,-0.5039697,0.4948716,0.4925325,
1,5,12.429,-0.248167,0.03951734,-0.8849905,0.508457,-0.5039697,0.4948716,0.4925325,
1,5,12.431,-0.248167,0.03951734,-0.8849905,0.508457,-0.5039697,0.4948716,0.4925325,
1,5,12.433,-0.2481633,0.03951187,-0.884984,0.5084658,-0.5039898,0.4948512,0.4925233,
1,5,12.435,-0.2481633,0.03951187,-0.884984,0.5084658,-0.5039898,0.4948512,0.4925233,
1,5,12.437,-0.2481633,0.03951187,-0.884984,0.5084658,-0.5039898,0.4948512,0.4925233,
1,5,12.439,-0.2481633,0.03951187,-0.884984,0.5084658,-0.5039898,0.4948512,0.4925233,
1,5,12.441,-0.2481656,0.03954636,-0.8849851,0.5084654,-0.5039511,0.4949203,0.492494,
1,5,12.443,-0.2481656,0.03954636,-0.8849851,0.5084654,-0.5039511,0.4949203,0.492494,
1,5,12.445,-0.2481656,0.03954636,-0.8849851,0.5084654,-0.5039511,0.4949203,0.492494,
1,5,12.447,-0.2481656,0.03954636,-0.8849851,0.5084654,-0.5039511,0.4949203,0.492494,
1,5,12.449,-0.2481722,0.03954305,-0.8849776,0.508478,-0.5039422,0.494938,0.4924721,
1,5,12.451,-0.2481722,0.03954305,-0.8849776,0.508478,-0.5039422,0.494938,0.4924721,
1,5,12.453,-0.2481722,0.03954305,-0.8849776,0.508478,-0.5039422,0.494938,0.4924721,
1,5,12.455,-0.2481722,0.03954305,-0.8849776,0.508478,-0.5039422,0.494938,0.4924721,
1,5,12.457,-0.2481722,0.03954305,-0.8849776,0.508478,-0.5039422,0.494938,0.4924721,
1,5,12.459,-0.248168,0.03954088,-0.8849722,0.5084835,-0.5039341,0.4949333,0.4924796,
1,5,12.461,-0.248168,0.03954088,-0.8849722,0.5084835,-0.5039341,0.4949333,0.4924796,
1,5,12.463,-0.248168,0.03954088,-0.8849722,0.5084835,-0.5039341,0.4949333,0.4924796,
1,5,12.465,-0.248168,0.03954088,-0.8849722,0.5084835,-0.5039341,0.4949333,0.4924796,
1,5,12.467,-0.2481707,0.03954117,-0.8849851,0.5084702,-0.5039251,0.4949499,0.4924857,
1,5,12.469,-0.2481707,0.03954117,-0.8849851,0.5084702,-0.5039251,0.4949499,0.4924857,
1,5,12.471,-0.2481707,0.03954117,-0.8849851,0.5084702,-0.5039251,0.4949499,0.4924857,
1,5,12.473,-0.2481707,0.03954117,-0.8849851,0.5084702,-0.5039251,0.4949499,0.4924857,
1,5,12.475,-0.248167,0.03954321,-0.8849749,0.5084857,-0.5039288,0.4949404,0.4924754,
1,5,12.477,-0.248167,0.03954321,-0.8849749,0.5084857,-0.5039288,0.4949404,0.4924754,
1,5,12.479,-0.248167,0.03954321,-0.8849749,0.5084857,-0.5039288,0.4949404,0.4924754,
1,5,12.481,-0.248167,0.03954321,-0.8849749,0.5084857,-0.5039288,0.4949404,0.4924754,
1,5,12.483,-0.2481762,0.0395465,-0.8849724,0.5084893,-0.503909,0.4949534,0.4924791,
1,5,12.485,-0.2481762,0.0395465,-0.8849724,0.5084893,-0.503909,0.4949534,0.4924791,
1,5,12.487,-0.2481762,0.0395465,-0.8849724,0.5084893,-0.503909,0.4949534,0.4924791,
1,5,12.489,-0.2481762,0.0395465,-0.8849724,0.5084893,-0.503909,0.4949534,0.4924791,
1,5,12.491,-0.2481792,0.03955129,-0.884975,0.5084881,-0.503891,0.4949652,0.4924869,
1,5,12.493,-0.2481792,0.03955129,-0.884975,0.5084881,-0.503891,0.4949652,0.4924869,
1,5,12.495,-0.2481792,0.03955129,-0.884975,0.5084881,-0.503891,0.4949652,0.4924869,
1,5,12.497,-0.2481792,0.03955129,-0.884975,0.5084881,-0.503891,0.4949652,0.4924869,
1,5,12.499,-0.2481724,0.03954737,-0.884968,0.5084777,-0.5039028,0.4949745,0.492476,
1,5,12.501,-0.2481724,0.03954737,-0.884968,0.5084777,-0.5039028,0.4949745,0.492476,
1,5,12.503,-0.2481724,0.03954737,-0.884968,0.5084777,-0.5039028,0.4949745,0.492476,
1,5,12.505,-0.2481724,0.03954737,-0.884968,0.5084777,-0.5039028,0.4949745,0.492476,
1,5,12.507,-0.2481724,0.03954737,-0.884968,0.5084777,-0.5039028,0.4949745,0.492476,
1,5,12.509,-0.2481774,0.03953958,-0.8849744,0.5084745,-0.5039179,0.4949433,0.4924952,
1,5,12.511,-0.2481774,0.03953958,-0.8849744,0.5084745,-0.5039179,0.4949433,0.4924952,
1,5,12.513,-0.2481774,0.03953958,-0.8849744,0.5084745,-0.5039179,0.4949433,0.4924952,
1,5,12.515,-0.2481774,0.03953958,-0.8849744,0.5084745,-0.5039179,0.4949433,0.4924952,
1,5,12.517,-0.2481806,0.0395553,-0.884976,0.5084693,-0.5039421,0.4949315,0.4924879,
1,5,12.519,-0.2481806,0.0395553,-0.884976,0.5084693,-0.5039421,0.4949315,0.4924879,
1,5,12.521,-0.2481806,0.0395553,-0.884976,0.5084693,-0.5039421,0.4949315,0.4924879,
1,5,12.523,-0.2481806,0.0395553,-0.884976,0.5084693,-0.5039421,0.4949315,0.4924879,
1,5,12.525,-0.2481825,0.03956143,-0.884982,0.5084521,-0.5039361,0.4949539,0.4924892,
1,5,12.527,-0.2481825,0.03956143,-0.884982,0.5084521,-0.5039361,0.4949539,0.4924892,
1,5,12.529,-0.2481825,0.03956143,-0.884982,0.5084521,-0.5039361,0.4949539,0.4924892,
1,5,12.531,-0.2481825,0.03956143,-0.884982,0.5084521,-0.5039361,0.4949539,0.4924892,
1,5,12.533,-0.2481933,0.03954752,-0.8849812,0.5084469,-0.5039614,0.4949317,0.492491,
1,5,12.535,-0.2481933,0.03954752,-0.8849812,0.5084469,-0.5039614,0.4949317,0.492491,
1,5,12.537,-0.2481933,0.03954752,-0.8849812,0.5084469,-0.5039614,0.4949317,0.492491,
1,5,12.539,-0.2481933,0.03954752,-0.8849812,0.5084469,-0.5039614,0.4949317,0.492491,
1,5,12.541,-0.2481826,0.03953223,-0.8849759,0.508469,-0.5039591,0.4949248,0.4924774,
1,5,12.543,-0.2481826,0.03953223,-0.8849759,0.508469,-0.5039591,0.4949248,0.4924774,
1,5,12.545,-0.2481826,0.03953223,-0.8849759,0.508469,-0.5039591,0.4949248,0.4924774,
1,5,12.547,-0.2481826,0.03953223,-0.8849759,0.508469,-0.5039591,0.4949248,0.4924774,
1,5,12.549,-0.2481817,0.03953905,-0.884976,0.5084757,-0.503952,0.4949279,0.4924746,
1,5,12.551,-0.2481817,0.03953905,-0.884976,0.5084757,-0.503952,0.4949279,0.4924746,
1,5,12.553,-0.2481817,0.03953905,-0.884976,0.5084757,-0.503952,0.4949279,0.4924746,
1,5,12.555,-0.2481817,0.03953905,-0.884976,0.5084757,-0.503952,0.4949279,0.4924746,
1,5,12.557,-0.2481817,0.03953905,-0.884976,0.5084757,-0.503952,0.4949279,0.4924746,
1,5,12.559,-0.2481844,0.03954611,-0.884984,0.5084901,-0.5039223,0.4949386,0.4924794,
1,5,12.561,-0.2481844,0.03954611,-0.884984,0.5084901,-0.5039223,0.4949386,0.4924794,
1,5,12.563,-0.2481844,0.03954611,-0.884984,0.5084901,-0.5039223,0.4949386,0.4924794,
1,5,12.565,-0.2481844,0.03954611,-0.884984,0.5084901,-0.5039223,0.4949386,0.4924794,
1,5,12.567,-0.2481825,0.03953297,-0.8849776,0.5084857,-0.5039493,0.4949202,0.492475,
1,5,12.569,-0.2481825,0.03953297,-0.8849776,0.5084857,-0.5039493,0.4949202,0.492475,
1,5,12.571,-0.2481825,0.03953297,-0.8849776,0.5084857,-0.5039493,0.4949202,0.492475,
1,5,12.573,-0.2481825,0.03953297,-0.8849776,0.5084857,-0.5039493,0.4949202,0.492475,
1,5,12.575,-0.2481843,0.03953098,-0.884975,0.5084808,-0.5039564,0.4949147,0.4924781,
1,5,12.577,-0.2481843,0.03953098,-0.884975,0.5084808,-0.5039564,0.4949147,0.4924781,
1,5,12.579,-0.2481843,0.03953098,-0.884975,0.5084808,-0.5039564,0.4949147,0.4924781,
1,5,12.581,-0.2481843,0.03953098,-0.884975,0.5084808,-0.5039564,0.4949147,0.4924781,
1,5,12.583,-0.2481743,0.0395232,-0.884979,0.5085005,-0.5039462,0.494917,0.4924659,
1,5,12.585,-0.2481743,0.0395232,-0.884979,0.5085005,-0.5039462,0.494917,0.4924659,
1,5,12.587,-0.2481743,0.0395232,-0.884979,0.5085005,-0.5039462,0.494917,0.4924659,
1,5,12.589,-0.2481743,0.0395232,-0.884979,0.5085005,-0.5039462,0.494917,0.4924659,
1,5,12.591,-0.2481754,0.03952914,-0.8849784,0.5084847,-0.5039421,0.4949272,0.4924761,
1,5,12.593,-0.2481754,0.03952914,-0.8849784,0.5084847,-0.5039421,0.4949272,0.4924761,
1,5,12.595,-0.2481754,0.03952914,-0.8849784,0.5084847,-0.5039421,0.4949272,0.4924761,
1,5,12.597,-0.2481754,0.03952914,-0.8849784,0.5084847,-0.5039421,0.4949272,0.4924761,
1,5,12.599,-0.2481771,0.03954361,-0.8849778,0.508476,-0.5039516,0.494919,0.4924836,
1,5,12.601,-0.2481771,0.03954361,-0.8849778,0.508476,-0.5039516,0.494919,0.4924836,
1,5,12.603,-0.2481771,0.03954361,-0.8849778,0.508476,-0.5039516,0.494919,0.4924836,
1,5,12.605,-0.2481771,0.03954361,-0.8849778,0.508476,-0.5039516,0.494919,0.4924836,
1,5,12.607,-0.2481771,0.03954361,-0.8849778,0.508476,-0.5039516,0.494919,0.4924836,
1,5,12.609,-0.2481784,0.03953758,-0.8849771,0.50847,-0.5039573,0.4949061,0.492497,
1,5,12.611,-0.2481784,0.03953758,-0.8849771,0.50847,-0.5039573,0.4949061,0.492497,
1,5,12.613,-0.2481784,0.03953758,-0.8849771,0.50847,-0.5039573,0.4949061,0.492497,
1,5,12.615,-0.2481784,0.03953758,-0.8849771,0.50847,-0.5039573,0.4949061,0.492497,
1,5,12.617,-0.248167,0.03953419,-0.8849739,0.5084788,-0.5039343,0.4949152,0.4925025,
1,5,12.619,-0.248167,0.03953419,-0.8849739,0.5084788,-0.5039343,0.4949152,0.4925025,
1,5,12.621,-0.248167,0.03953419,-0.8849739,0.5084788,-0.5039343,0.4949152,0.4925025,
1,5,12.623,-0.248167,0.03953419,-0.8849739,0.5084788,-0.5039343,0.4949152,0.4925025,
1,5,12.625,-0.248174,0.03954075,-0.8849709,0.5084775,-0.5039267,0.494941,0.4924856,
1,5,12.627,-0.248174,0.03954075,-0.8849709,0.5084775,-0.5039267,0.494941,0.4924856,
1,5,12.629,-0.248174,0.03954075,-0.8849709,0.5084775,-0.5039267,0.494941,0.4924856,
1,5,12.631,-0.248174,0.03954075,-0.8849709,0.5084775,-0.5039267,0.494941,0.4924856,
1,5,12.633,-0.2481708,0.03953832,-0.8849708,0.5084714,-0.5039388,0.4949378,0.4924825,
1,5,12.635,-0.2481708,0.03953832,-0.8849708,0.5084714,-0.5039388,0.4949378,0.4924825,
1,5,12.637,-0.2481708,0.03953832,-0.8849708,0.5084714,-0.5039388,0.4949378,0.4924825,
1,5,12.639,-0.2481708,0.03953832,-0.8849708,0.5084714,-0.5039388,0.4949378,0.4924825,
1,5,12.641,-0.2481648,0.03954078,-0.8849737,0.5084915,-0.5039263,0.4949314,0.4924812,
1,5,12.643,-0.2481648,0.03954078,-0.8849737,0.5084915,-0.5039263,0.4949314,0.4924812,
1,5,12.645,-0.2481648,0.03954078,-0.8849737,0.5084915,-0.5039263,0.4949314,0.4924812,
1,5,12.647,-0.2481648,0.03954078,-0.8849737,0.5084915,-0.5039263,0.4949314,0.4924812,
1,5,12.649,-0.248172,0.03952021,-0.8849752,0.5084885,-0.5039949,0.4948846,0.4924611,
1,5,12.651,-0.248172,0.03952021,-0.8849752,0.5084885,-0.5039949,0.4948846,0.4924611,
1,5,12.653,-0.248172,0.03952021,-0.8849752,0.5084885,-0.5039949,0.4948846,0.4924611,
1,5,12.655,-0.248172,0.03952021,-0.8849752,0.5084885,-0.5039949,0.4948846,0.4924611,
1,5,12.657,-0.248172,0.03952021,-0.8849752,0.5084885,-0.5039949,0.4948846,0.4924611,
1,5,12.659,-0.2481722,0.0395371,-0.884982,0.5084746,-0.5039576,0.494921,0.492477,
1,5,12.661,-0.2481722,0.0395371,-0.884982,0.5084746,-0.5039576,0.494921,0.492477,
1,5,12.663,-0.2481722,0.0395371,-0.884982,0.5084746,-0.5039576,0.494921,0.492477,
1,5,12.665,-0.2481722,0.0395371,-0.884982,0.5084746,-0.5039576,0.494921,0.492477,
1,5,12.667,-0.2481713,0.03953946,-0.8849778,0.5084793,-0.5039414,0.4949305,0.4924792,
1,5,12.669,-0.2481713,0.03953946,-0.8849778,0.5084793,-0.5039414,0.4949305,0.4924792,
1,5,12.671,-0.2481713,0.03953946,-0.8849778,0.5084793,-0.5039414,0.4949305,0.4924792,
1,5,12.673,-0.2481713,0.03953946,-0.8849778,0.5084793,-0.5039414,0.4949305,0.4924792,
1,5,12.675,-0.2481803,0.03953337,-0.8849807,0.5084666,-0.5039617,0.4949133,0.4924889,
1,5,12.677,-0.2481803,0.03953337,-0.8849807,0.5084666,-0.5039617,0.4949133,0.4924889,
1,5,12.679,-0.2481803,0.03953337,-0.8849807,0.5084666,-0.5039617,0.4949133,0.4924889,
1,5,12.681,-0.2481803,0.03953337,-0.8849807,0.5084666,-0.5039617,0.4949133,0.4924889,
1,5,12.683,-0.248183,0.03953133,-0.8849773,0.508481,-0.5039482,0.494928,0.4924729,
1,5,12.685,-0.248183,0.03953133,-0.8849773,0.508481,-0.5039482,0.494928,0.4924729,
1,5,12.687,-0.248183,0.03953133,-0.8849773,0.508481,-0.5039482,0.494928,0.4924729,
1,5,12.689,-0.248183,0.03953133,-0.8849773,0.508481,-0.5039482,0.494928,0.4924729,
1,5,12.691,-0.2481787,0.03951577,-0.8849921,0.5084711,-0.5039818,0.4948645,0.4925126,
1,5,12.693,-0.2481787,0.03951577,-0.8849921,0.5084711,-0.5039818,0.4948645,0.4925126,
1,5,12.695,-0.2481787,0.03951577,-0.8849921,0.5084711,-0.5039818,0.4948645,0.4925126,
1,5,12.697,-0.2481787,0.03951577,-0.8849921,0.5084711,-0.5039818,0.4948645,0.4925126,
1,5,12.699,-0.2481697,0.03952657,-0.8849919,0.5084733,-0.503972,0.4948869,0.4924977,
1,5,12.701,-0.2481697,0.03952657,-0.8849919,0.5084733,-0.503972,0.4948869,0.4924977,
1,5,12.703,-0.2481697,0.03952657,-0.8849919,0.5084733,-0.503972,0.4948869,0.4924977,
1,5,12.705,-0.2481697,0.03952657,-0.8849919,0.5084733,-0.503972,0.4948869,0.4924977,
1,5,12.707,-0.2481697,0.03952657,-0.8849919,0.5084733,-0.503972,0.4948869,0.4924977,
1,5,12.709,-0.2481806,0.03955561,-0.8849845,0.5084697,-0.5039352,0.4949349,0.4924911,
1,5,12.711,-0.2481806,0.03955561,-0.8849845,0.5084697,-0.5039352,0.4949349,0.4924911,
1,5,12.713,-0.2481806,0.03955561,-0.8849845,0.5084697,-0.5039352,0.4949349,0.4924911,
1,5,12.715,-0.2481806,0.03955561,-0.8849845,0.5084697,-0.5039352,0.4949349,0.4924911,
1,5,12.717,-0.2481753,0.03953155,-0.8849902,0.5084777,-0.5039627,0.4949054,0.4924844,
1,5,12.719,-0.2481753,0.03953155,-0.8849902,0.5084777,-0.5039627,0.4949054,0.4924844,
1,5,12.721,-0.2481753,0.03953155,-0.8849902,0.5084777,-0.5039627,0.4949054,0.4924844,
1,5,12.723,-0.2481753,0.03953155,-0.8849902,0.5084777,-0.5039627,0.4949054,0.4924844,
1,5,12.725,-0.248174,0.03953625,-0.8849844,0.5084783,-0.5039635,0.4949192,0.492469,
1,5,12.727,-0.248174,0.03953625,-0.8849844,0.5084783,-0.5039635,0.4949192,0.492469,
1,5,12.729,-0.248174,0.03953625,-0.8849844,0.5084783,-0.5039635,0.4949192,0.492469,
1,5,12.731,-0.248174,0.03953625,-0.8849844,0.5084783,-0.5039635,0.4949192,0.492469,
1,5,12.733,-0.2481857,0.03953302,-0.8849796,0.5084803,-0.503967,0.4949208,0.4924618,
1,5,12.735,-0.2481857,0.03953302,-0.8849796,0.5084803,-0.503967,0.4949208,0.4924618,
1,5,12.737,-0.2481857,0.03953302,-0.8849796,0.5084803,-0.503967,0.4949208,0.4924618,
1,5,12.739,-0.2481857,0.03953302,-0.8849796,0.5084803,-0.503967,0.4949208,0.4924618,
1,5,12.741,-0.2481852,0.03953721,-0.8849713,0.5084815,-0.5039663,0.4949202,0.4924618,
1,5,12.743,-0.2481852,0.03953721,-0.8849713,0.5084815,-0.5039663,0.4949202,0.4924618,
1,5,12.745,-0.2481852,0.03953721,-0.8849713,0.5084815,-0.5039663,0.4949202,0.4924618,
1,5,12.747,-0.2481852,0.03953721,-0.8849713,0.5084815,-0.5039663,0.4949202,0.4924618,
1,5,12.749,-0.2481777,0.03953307,-0.8849759,0.5084806,-0.503966,0.4949216,0.4924615,
1,5,12.751,-0.2481777,0.03953307,-0.8849759,0.5084806,-0.503966,0.4949216,0.4924615,
1,5,12.753,-0.2481777,0.03953307,-0.8849759,0.5084806,-0.503966,0.4949216,0.4924615,
1,5,12.755,-0.2481777,0.03953307,-0.8849759,0.5084806,-0.503966,0.4949216,0.4924615,
1,5,12.757,-0.2481777,0.03953307,-0.8849759,0.5084806,-0.503966,0.4949216,0.4924615,
1,5,12.759,-0.2481795,0.03953959,-0.8849793,0.5085012,-0.5039323,0.4949294,0.492467,
1,5,12.761,-0.2481795,0.03953959,-0.8849793,0.5085012,-0.5039323,0.4949294,0.492467,
1,5,12.763,-0.2481795,0.03953959,-0.8849793,0.5085012,-0.5039323,0.4949294,0.492467,
1,5,12.765,-0.2481795,0.03953959,-0.8849793,0.5085012,-0.5039323,0.4949294,0.492467,
1,5,12.767,-0.2481587,0.03952616,-0.884978,0.5085087,-0.5039597,0.4948992,0.4924616,
1,5,12.769,-0.2481587,0.03952616,-0.884978,0.5085087,-0.5039597,0.4948992,0.4924616,
1,5,12.771,-0.2481587,0.03952616,-0.884978,0.5085087,-0.5039597,0.4948992,0.4924616,
1,5,12.773,-0.2481587,0.03952616,-0.884978,0.5085087,-0.5039597,0.4948992,0.4924616,
1,5,12.775,-0.2481718,0.03952688,-0.8849893,0.5084938,-0.5039719,0.4949,0.4924636,
1,5,12.777,-0.2481718,0.03952688,-0.8849893,0.5084938,-0.5039719,0.4949,0.4924636,
1,5,12.779,-0.2481718,0.03952688,-0.8849893,0.5084938,-0.5039719,0.4949,0.4924636,
1,5,12.781,-0.2481718,0.03952688,-0.8849893,0.5084938,-0.5039719,0.4949,0.4924636,
1,5,12.783,-0.2481747,0.03952028,-0.8849881,0.5084732,-0.50398,0.4949138,0.4924628,
1,5,12.785,-0.2481747,0.03952028,-0.8849881,0.5084732,-0.50398,0.4949138,0.4924628,
1,5,12.787,-0.2481747,0.03952028,-0.8849881,0.5084732,-0.50398,0.4949138,0.4924628,
1,5,12.789,-0.2481747,0.03952028,-0.8849881,0.5084732,-0.50398,0.4949138,0.4924628,
1,5,12.791,-0.2481769,0.03952527,-0.8849897,0.5084682,-0.5039805,0.4949119,0.4924693,
1,5,12.793,-0.2481769,0.03952527,-0.8849897,0.5084682,-0.5039805,0.4949119,0.4924693,
1,5,12.795,-0.2481769,0.03952527,-0.8849897,0.5084682,-0.5039805,0.4949119,0.4924693,
1,5,12.797,-0.2481769,0.03952527,-0.8849897,0.5084682,-0.5039805,0.4949119,0.4924693,
1,5,12.799,-0.2481867,0.03954309,-0.8849831,0.50846,-0.5039544,0.4949377,0.4924785,
1,5,12.801,-0.2481867,0.03954309,-0.8849831,0.50846,-0.5039544,0.4949377,0.4924785,
1,5,12.803,-0.2481867,0.03954309,-0.8849831,0.50846,-0.5039544,0.4949377,0.4924785,
1,5,12.805,-0.2481867,0.03954309,-0.8849831,0.50846,-0.5039544,0.4949377,0.4924785,
1,5,12.807,-0.2481867,0.03954309,-0.8849831,0.50846,-0.5039544,0.4949377,0.4924785,
1,5,12.809,-0.2481842,0.03954545,-0.8849882,0.508469,-0.5039442,0.494945,0.4924723,
1,5,12.811,-0.2481842,0.03954545,-0.8849882,0.508469,-0.5039442,0.494945,0.4924723,
1,5,12.813,-0.2481842,0.03954545,-0.8849882,0.508469,-0.5039442,0.494945,0.4924723,
1,5,12.815,-0.2481842,0.03954545,-0.8849882,0.508469,-0.5039442,0.494945,0.4924723,
1,5,12.817,-0.2481737,0.0395515,-0.8849751,0.5084565,-0.503967,0.4949212,0.4924857,
1,5,12.819,-0.2481737,0.0395515,-0.8849751,0.5084565,-0.503967,0.4949212,0.4924857,
1,5,12.821,-0.2481737,0.0395515,-0.8849751,0.5084565,-0.503967,0.4949212,0.4924857,
1,5,12.823,-0.2481737,0.0395515,-0.8849751,0.5084565,-0.503967,0.4949212,0.4924857,
1,5,12.825,-0.248167,0.03955077,-0.8849758,0.5084605,-0.503948,0.4949373,0.4924851,
1,5,12.827,-0.248167,0.03955077,-0.8849758,0.5084605,-0.503948,0.4949373,0.4924851,
1,5,12.829,-0.248167,0.03955077,-0.8849758,0.5084605,-0.503948,0.4949373,0.4924851,
1,5,12.831,-0.248167,0.03955077,-0.8849758,0.5084605,-0.503948,0.4949373,0.4924851,
1,5,12.833,-0.2481706,0.03955461,-0.8849769,0.508463,-0.5039283,0.4949642,0.4924757,
1,5,12.835,-0.2481706,0.03955461,-0.8849769,0.508463,-0.5039283,0.4949642,0.4924757,
1,5,12.837,-0.2481706,0.03955461,-0.8849769,0.508463,-0.5039283,0.4949642,0.4924757,
1,5,12.839,-0.2481706,0.03955461,-0.8849769,0.508463,-0.5039283,0.4949642,0.4924757,
1,5,12.841,-0.2481773,0.03954545,-0.8849739,0.5084596,-0.5039392,0.4949502,0.492482,
1,5,12.843,-0.2481773,0.03954545,-0.8849739,0.5084596,-0.5039392,0.4949502,0.492482,
1,5,12.845,-0.2481773,0.03954545,-0.8849739,0.5084596,-0.5039392,0.4949502,0.492482,
1,5,12.847,-0.2481773,0.03954545,-0.8849739,0.5084596,-0.5039392,0.4949502,0.492482,
1,5,12.849,-0.2481829,0.03955463,-0.8849857,0.5084454,-0.5039525,0.49496,0.4924731,
1,5,12.851,-0.2481829,0.03955463,-0.8849857,0.5084454,-0.5039525,0.49496,0.4924731,
1,5,12.853,-0.2481829,0.03955463,-0.8849857,0.5084454,-0.5039525,0.49496,0.4924731,
1,5,12.855,-0.2481829,0.03955463,-0.8849857,0.5084454,-0.5039525,0.49496,0.4924731,
1,5,12.857,-0.2481829,0.03955463,-0.8849857,0.5084454,-0.5039525,0.49496,0.4924731,
1,5,12.859,-0.2481566,0.03954431,-0.8849807,0.5084598,-0.5039399,0.4949279,0.4925035,
1,5,12.861,-0.2481566,0.03954431,-0.8849807,0.5084598,-0.5039399,0.4949279,0.4925035,
1,5,12.863,-0.2481566,0.03954431,-0.8849807,0.5084598,-0.5039399,0.4949279,0.4925035,
1,5,12.865,-0.2481566,0.03954431,-0.8849807,0.5084598,-0.5039399,0.4949279,0.4925035,
1,5,12.867,-0.2481703,0.03954621,-0.884975,0.5084516,-0.5039449,0.4949456,0.4924891,
1,5,12.869,-0.2481703,0.03954621,-0.884975,0.5084516,-0.5039449,0.4949456,0.4924891,
1,5,12.871,-0.2481703,0.03954621,-0.884975,0.5084516,-0.5039449,0.4949456,0.4924891,
1,5,12.873,-0.2481703,0.03954621,-0.884975,0.5084516,-0.5039449,0.4949456,0.4924891,
1,5,12.875,-0.248175,0.03955939,-0.8849814,0.5084417,-0.5039297,0.4949541,0.4925064,
1,5,12.877,-0.248175,0.03955939,-0.8849814,0.5084417,-0.5039297,0.4949541,0.4925064,
1,5,12.879,-0.248175,0.03955939,-0.8849814,0.5084417,-0.5039297,0.4949541,0.4925064,
1,5,12.881,-0.248175,0.03955939,-0.8849814,0.5084417,-0.5039297,0.4949541,0.4925064,
1,5,12.883,-0.2481679,0.03954424,-0.8849843,0.5084522,-0.5039387,0.4949487,0.4924917,
1,5,12.885,-0.2481679,0.03954424,-0.8849843,0.5084522,-0.5039387,0.4949487,0.4924917,
1,5,12.887,-0.2481679,0.03954424,-0.8849843,0.5084522,-0.5039387,0.4949487,0.4924917,
1,5,12.889,-0.2481679,0.03954424,-0.8849843,0.5084522,-0.5039387,0.4949487,0.4924917,
1,5,12.891,-0.2481817,0.03955461,-0.8849913,0.5084341,-0.5039525,0.4949457,0.4924992,
1,5,12.893,-0.2481817,0.03955461,-0.8849913,0.5084341,-0.5039525,0.4949457,0.4924992,
1,5,12.895,-0.2481817,0.03955461,-0.8849913,0.5084341,-0.5039525,0.4949457,0.4924992,
1,5,12.897,-0.2481817,0.03955461,-0.8849913,0.5084341,-0.5039525,0.4949457,0.4924992,
1,5,12.899,-0.2481747,0.03954826,-0.884995,0.5084684,-0.5039381,0.4949505,0.4924737,
1,5,12.901,-0.2481747,0.03954826,-0.884995,0.5084684,-0.5039381,0.4949505,0.4924737,
1,5,12.903,-0.2481747,0.03954826,-0.884995,0.5084684,-0.5039381,0.4949505,0.4924737,
1,5,12.905,-0.2481747,0.03954826,-0.884995,0.5084684,-0.5039381,0.4949505,0.4924737,
1,5,12.907,-0.2481747,0.03954826,-0.884995,0.5084684,-0.5039381,0.4949505,0.4924737,
1,5,12.909,-0.2481738,0.03954878,-0.8849894,0.5084761,-0.5039219,0.4949609,0.4924717,
1,5,12.911,-0.2481738,0.03954878,-0.8849894,0.5084761,-0.5039219,0.4949609,0.4924717,
1,5,12.913,-0.2481738,0.03954878,-0.8849894,0.5084761,-0.5039219,0.4949609,0.4924717,
1,5,12.915,-0.2481738,0.03954878,-0.8849894,0.5084761,-0.5039219,0.4949609,0.4924717,
1,5,12.917,-0.248171,0.0395472,-0.8849905,0.5084819,-0.503927,0.4949445,0.4924771,
1,5,12.919,-0.248171,0.0395472,-0.8849905,0.5084819,-0.503927,0.4949445,0.4924771,
1,5,12.921,-0.248171,0.0395472,-0.8849905,0.5084819,-0.503927,0.4949445,0.4924771,
1,5,12.923,-0.248171,0.0395472,-0.8849905,0.5084819,-0.503927,0.4949445,0.4924771,
1,5,12.925,-0.2481652,0.03953939,-0.8849884,0.508495,-0.5039325,0.4949427,0.4924599,
1,5,12.927,-0.2481652,0.03953939,-0.8849884,0.508495,-0.5039325,0.4949427,0.4924599,
1,5,12.929,-0.2481652,0.03953939,-0.8849884,0.508495,-0.5039325,0.4949427,0.4924599,
1,5,12.931,-0.2481652,0.03953939,-0.8849884,0.508495,-0.5039325,0.4949427,0.4924599,
1,5,12.933,-0.2481626,0.03954817,-0.8849905,0.5084763,-0.5039332,0.494948,0.4924731,
1,5,12.935,-0.2481626,0.03954817,-0.8849905,0.5084763,-0.5039332,0.494948,0.4924731,
1,5,12.937,-0.2481626,0.03954817,-0.8849905,0.5084763,-0.5039332,0.494948,0.4924731,
1,5,12.939,-0.2481626,0.03954817,-0.8849905,0.5084763,-0.5039332,0.494948,0.4924731,
1,5,12.941,-0.2481686,0.03953799,-0.8849956,0.5084749,-0.5039499,0.4949414,0.4924641,
1,5,12.943,-0.2481686,0.03953799,-0.8849956,0.5084749,-0.5039499,0.4949414,0.4924641,
1,5,12.945,-0.2481686,0.03953799,-0.8849956,0.5084749,-0.5039499,0.4949414,0.4924641,
1,5,12.947,-0.2481686,0.03953799,-0.8849956,0.5084749,-0.5039499,0.4949414,0.4924641,
1,5,12.949,-0.2481585,0.03952689,-0.8849928,0.5084885,-0.5039569,0.4949278,0.4924567,
1,5,12.951,-0.2481585,0.03952689,-0.8849928,0.5084885,-0.5039569,0.4949278,0.4924567,
1,5,12.953,-0.2481585,0.03952689,-0.8849928,0.5084885,-0.5039569,0.4949278,0.4924567,
1,5,12.955,-0.2481585,0.03952689,-0.8849928,0.5084885,-0.5039569,0.4949278,0.4924567,
1,5,12.957,-0.2481585,0.03952689,-0.8849928,0.5084885,-0.5039569,0.4949278,0.4924567,
1,5,12.959,-0.2481629,0.0395201,-0.88499,0.5084875,-0.5039437,0.4949245,0.4924744,
1,5,12.961,-0.2481629,0.0395201,-0.88499,0.5084875,-0.5039437,0.4949245,0.4924744,
1,5,12.963,-0.2481629,0.0395201,-0.88499,0.5084875,-0.5039437,0.4949245,0.4924744,
1,5,12.965,-0.2481629,0.0395201,-0.88499,0.5084875,-0.5039437,0.4949245,0.4924744,
1,5,12.967,-0.2481754,0.03954198,-0.8849903,0.5084642,-0.5039448,0.4949486,0.4924731,
1,5,12.969,-0.2481754,0.03954198,-0.8849903,0.5084642,-0.5039448,0.4949486,0.4924731,
1,5,12.971,-0.2481754,0.03954198,-0.8849903,0.5084642,-0.5039448,0.4949486,0.4924731,
1,5,12.973,-0.2481754,0.03954198,-0.8849903,0.5084642,-0.5039448,0.4949486,0.4924731,
1,5,12.975,-0.2481755,0.03954392,-0.8849905,0.5084786,-0.5039358,0.494948,0.4924682,
1,5,12.977,-0.2481755,0.03954392,-0.8849905,0.5084786,-0.5039358,0.494948,0.4924682,
1,5,12.979,-0.2481755,0.03954392,-0.8849905,0.5084786,-0.5039358,0.494948,0.4924682,
1,5,12.981,-0.2481755,0.03954392,-0.8849905,0.5084786,-0.5039358,0.494948,0.4924682,
1,5,12.983,-0.2481717,0.03954424,-0.884991,0.5084737,-0.5039194,0.4949594,0.4924785,
1,5,12.985,-0.2481717,0.03954424,-0.884991,0.5084737,-0.5039194,0.4949594,0.4924785,
1,5,12.987,-0.2481717,0.03954424,-0.884991,0.5084737,-0.5039194,0.4949594,0.4924785,
1,5,12.989,-0.2481717,0.03954424,-0.884991,0.5084737,-0.5039194,0.4949594,0.4924785,
1,5,12.991,-0.2481635,0.03954163,-0.8849841,0.508487,-0.5039155,0.4949626,0.4924653,
1,5,12.993,-0.2481635,0.03954163,-0.8849841,0.508487,-0.5039155,0.4949626,0.4924653,
1,5,12.995,-0.2481635,0.03954163,-0.8849841,0.508487,-0.5039155,0.4949626,0.4924653,
1,5,12.997,-0.2481635,0.03954163,-0.8849841,0.508487,-0.5039155,0.4949626,0.4924653,
1,5,12.999,-0.2481749,0.039558,-0.8849918,0.5084714,-0.5039258,0.4949633,0.4924702,
1,5,13.001,-0.2481749,0.039558,-0.8849918,0.5084714,-0.5039258,0.4949633,0.4924702,
1,5,13.003,-0.2481749,0.039558,-0.8849918,0.5084714,-0.5039258,0.4949633,0.4924702,
1,5,13.005,-0.2481749,0.039558,-0.8849918,0.5084714,-0.5039258,0.4949633,0.4924702,
1,5,13.007,-0.2481749,0.039558,-0.8849918,0.5084714,-0.5039258,0.4949633,0.4924702,
1,5,13.009,-0.2481708,0.03955137,-0.8849924,0.5084816,-0.5039092,0.4949665,0.4924737,
1,5,13.011,-0.2481708,0.03955137,-0.8849924,0.5084816,-0.5039092,0.4949665,0.4924737,
1,5,13.013,-0.2481708,0.03955137,-0.8849924,0.5084816,-0.5039092,0.4949665,0.4924737,
1,5,13.015,-0.2481708,0.03955137,-0.8849924,0.5084816,-0.5039092,0.4949665,0.4924737,
1,5,13.017,-0.2481734,0.03956788,-0.8849956,0.5084794,-0.5039076,0.4949665,0.4924777,
1,5,13.019,-0.2481734,0.03956788,-0.8849956,0.5084794,-0.5039076,0.4949665,0.4924777,
1,5,13.021,-0.2481734,0.03956788,-0.8849956,0.5084794,-0.5039076,0.4949665,0.4924777,
1,5,13.023,-0.2481734,0.03956788,-0.8849956,0.5084794,-0.5039076,0.4949665,0.4924777,
1,5,13.025,-0.2481818,0.03956213,-0.8849893,0.5084676,-0.5039281,0.4949529,0.4924825,
1,5,13.027,-0.2481818,0.03956213,-0.8849893,0.5084676,-0.5039281,0.4949529,0.4924825,
1,5,13.029,-0.2481818,0.03956213,-0.8849893,0.5084676,-0.5039281,0.4949529,0.4924825,
1,5,13.031,-0.2481818,0.03956213,-0.8849893,0.5084676,-0.5039281,0.4949529,0.4924825,
1,5,13.033,-0.2481741,0.03954847,-0.8849946,0.5084822,-0.5039335,0.4949407,0.4924739,
1,5,13.035,-0.2481741,0.03954847,-0.8849946,0.5084822,-0.5039335,0.4949407,0.4924739,
1,5,13.037,-0.2481741,0.03954847,-0.8849946,0.5084822,-0.5039335,0.4949407,0.4924739,
1,5,13.039,-0.2481741,0.03954847,-0.8849946,0.5084822,-0.5039335,0.4949407,0.4924739,
1,5,13.041,-0.2481704,0.03955104,-0.8849941,0.5084846,-0.5039288,0.4949479,0.492469,
1,5,13.043,-0.2481704,0.03955104,-0.8849941,0.5084846,-0.5039288,0.4949479,0.492469,
1,5,13.045,-0.2481704,0.03955104,-0.8849941,0.5084846,-0.5039288,0.4949479,0.492469,
1,5,13.047,-0.2481704,0.03955104,-0.8849941,0.5084846,-0.5039288,0.4949479,0.492469,
1,5,13.049,-0.2481696,0.03955328,-0.8849933,0.5084724,-0.5039191,0.4949591,0.4924802,
1,5,13.051,-0.2481696,0.03955328,-0.8849933,0.5084724,-0.5039191,0.4949591,0.4924802,
1,5,13.053,-0.2481696,0.03955328,-0.8849933,0.5084724,-0.5039191,0.4949591,0.4924802,
1,5,13.055,-0.2481696,0.03955328,-0.8849933,0.5084724,-0.5039191,0.4949591,0.4924802,
1,5,13.057,-0.2481696,0.03955328,-0.8849933,0.5084724,-0.5039191,0.4949591,0.4924802,
1,5,13.059,-0.2481713,0.03954909,-0.8849909,0.5084832,-0.5039117,0.4949484,0.4924874,
1,5,13.061,-0.2481713,0.03954909,-0.8849909,0.5084832,-0.5039117,0.4949484,0.4924874,
1,5,13.063,-0.2481713,0.03954909,-0.8849909,0.5084832,-0.5039117,0.4949484,0.4924874,
1,5,13.065,-0.2481713,0.03954909,-0.8849909,0.5084832,-0.5039117,0.4949484,0.4924874,
1,5,13.067,-0.2481753,0.03954487,-0.8849961,0.5084675,-0.5039475,0.4949371,0.4924784,
1,5,13.069,-0.2481753,0.03954487,-0.8849961,0.5084675,-0.5039475,0.4949371,0.4924784,
1,5,13.071,-0.2481753,0.03954487,-0.8849961,0.5084675,-0.5039475,0.4949371,0.4924784,
1,5,13.073,-0.2481753,0.03954487,-0.8849961,0.5084675,-0.5039475,0.4949371,0.4924784,
1,5,13.075,-0.2481729,0.03954394,-0.8849896,0.5084868,-0.5039404,0.494937,0.4924659,
1,5,13.077,-0.2481729,0.03954394,-0.8849896,0.5084868,-0.5039404,0.494937,0.4924659,
1,5,13.079,-0.2481729,0.03954394,-0.8849896,0.5084868,-0.5039404,0.494937,0.4924659,
1,5,13.081,-0.2481729,0.03954394,-0.8849896,0.5084868,-0.5039404,0.494937,0.4924659,
1,5,13.083,-0.2481699,0.0395506,-0.8849876,0.5084684,-0.5039419,0.4949428,0.4924777,
1,5,13.085,-0.2481699,0.0395506,-0.8849876,0.5084684,-0.5039419,0.4949428,0.4924777,
1,5,13.087,-0.2481699,0.0395506,-0.8849876,0.5084684,-0.5039419,0.4949428,0.4924777,
1,5,13.089,-0.2481699,0.0395506,-0.8849876,0.5084684,-0.5039419,0.4949428,0.4924777,
1,5,13.091,-0.2481633,0.03955923,-0.8849828,0.5084649,-0.5039393,0.4949375,0.492489,
1,5,13.093,-0.2481633,0.03955923,-0.8849828,0.5084649,-0.5039393,0.4949375,0.492489,
1,5,13.095,-0.2481633,0.03955923,-0.8849828,0.5084649,-0.5039393,0.4949375,0.492489,
1,5,13.097,-0.2481633,0.03955923,-0.8849828,0.5084649,-0.5039393,0.4949375,0.492489,
1,5,13.099,-0.2481688,0.0395458,-0.8849823,0.5084765,-0.5039284,0.4949326,0.4924933,
1,5,13.101,-0.2481688,0.0395458,-0.8849823,0.5084765,-0.5039284,0.4949326,0.4924933,
1,5,13.103,-0.2481688,0.0395458,-0.8849823,0.5084765,-0.5039284,0.4949326,0.4924933,
1,5,13.105,-0.2481688,0.0395458,-0.8849823,0.5084765,-0.5039284,0.4949326,0.4924933,
1,5,13.107,-0.2481688,0.0395458,-0.8849823,0.5084765,-0.5039284,0.4949326,0.4924933,
1,5,13.109,-0.2481596,0.0395583,-0.8849838,0.5084701,-0.503926,0.494936,0.4924989,
1,5,13.111,-0.2481596,0.0395583,-0.8849838,0.5084701,-0.503926,0.494936,0.4924989,
1,5,13.113,-0.2481596,0.0395583,-0.8849838,0.5084701,-0.503926,0.494936,0.4924989,
1,5,13.115,-0.2481596,0.0395583,-0.8849838,0.5084701,-0.503926,0.494936,0.4924989,
1,5,13.117,-0.2481553,0.03955346,-0.8849813,0.5084805,-0.5039026,0.4949648,0.4924831,
1,5,13.119,-0.2481553,0.03955346,-0.8849813,0.5084805,-0.5039026,0.4949648,0.4924831,
1,5,13.121,-0.2481553,0.03955346,-0.8849813,0.5084805,-0.5039026,0.4949648,0.4924831,
1,5,13.123,-0.2481553,0.03955346,-0.8849813,0.5084805,-0.5039026,0.4949648,0.4924831,
1,5,13.125,-0.2481592,0.03954991,-0.8849814,0.5084851,-0.5038995,0.4949684,0.492478,
1,5,13.127,-0.2481592,0.03954991,-0.8849814,0.5084851,-0.5038995,0.4949684,0.492478,
1,5,13.129,-0.2481592,0.03954991,-0.8849814,0.5084851,-0.5038995,0.4949684,0.492478,
1,5,13.131,-0.2481592,0.03954991,-0.8849814,0.5084851,-0.5038995,0.4949684,0.492478,
1,5,13.133,-0.2481681,0.03955295,-0.8849941,0.5084904,-0.5039226,0.4949417,0.4924755,
1,5,13.135,-0.2481681,0.03955295,-0.8849941,0.5084904,-0.5039226,0.4949417,0.4924755,
1,5,13.137,-0.2481681,0.03955295,-0.8849941,0.5084904,-0.5039226,0.4949417,0.4924755,
1,5,13.139,-0.2481681,0.03955295,-0.8849941,0.5084904,-0.5039226,0.4949417,0.4924755,
1,5,13.141,-0.2481858,0.03956811,-0.8849871,0.5084557,-0.5039201,0.4949642,0.4924915,
1,5,13.143,-0.2481858,0.03956811,-0.8849871,0.5084557,-0.5039201,0.4949642,0.4924915,
1,5,13.145,-0.2481858,0.03956811,-0.8849871,0.5084557,-0.5039201,0.4949642,0.4924915,
1,5,13.147,-0.2481858,0.03956811,-0.8849871,0.5084557,-0.5039201,0.4949642,0.4924915,
1,5,13.149,-0.24818,0.03954886,-0.8849935,0.5084724,-0.5039419,0.494938,0.4924782,
1,5,13.151,-0.24818,0.03954886,-0.8849935,0.5084724,-0.5039419,0.494938,0.4924782,
1,5,13.153,-0.24818,0.03954886,-0.8849935,0.5084724,-0.5039419,0.494938,0.4924782,
1,5,13.155,-0.24818,0.03954886,-0.8849935,0.5084724,-0.5039419,0.494938,0.4924782,
1,5,13.157,-0.24818,0.03954886,-0.8849935,0.5084724,-0.5039419,0.494938,0.4924782,
1,5,13.159,-0.2481743,0.03955007,-0.884989,0.5084661,-0.503935,0.4949356,0.4924943,
1,5,13.161,-0.2481743,0.03955007,-0.884989,0.5084661,-0.503935,0.4949356,0.4924943,
1,5,13.163,-0.2481743,0.03955007,-0.884989,0.5084661,-0.503935,0.4949356,0.4924943,
1,5,13.165,-0.2481743,0.03955007,-0.884989,0.5084661,-0.503935,0.4949356,0.4924943,
1,5,13.167,-0.248173,0.03954358,-0.8849796,0.5084891,-0.5039368,0.4949275,0.4924768,
1,5,13.169,-0.248173,0.03954358,-0.8849796,0.5084891,-0.5039368,0.4949275,0.4924768,
1,5,13.171,-0.248173,0.03954358,-0.8849796,0.5084891,-0.5039368,0.4949275,0.4924768,
1,5,13.173,-0.248173,0.03954358,-0.8849796,0.5084891,-0.5039368,0.4949275,0.4924768,
1,5,13.175,-0.2481694,0.03954705,-0.8849891,0.5084734,-0.503931,0.4949354,0.4924909,
1,5,13.177,-0.2481694,0.03954705,-0.8849891,0.5084734,-0.503931,0.4949354,0.4924909,
1,5,13.179,-0.2481694,0.03954705,-0.8849891,0.5084734,-0.503931,0.4949354,0.4924909,
1,5,13.181,-0.2481694,0.03954705,-0.8849891,0.5084734,-0.503931,0.4949354,0.4924909,CourtEnter
1,5,13.183,-0.2481769,0.03953547,-0.8849913,0.5084763,-0.5039535,0.4949172,0.4924834,
1,5,13.185,-0.2481769,0.03953547,-0.8849913,0.5084763,-0.5039535,0.4949172,0.4924834,
1,5,13.187,-0.2481769,0.03953547,-0.8849913,0.5084763,-0.5039535,0.4949172,0.4924834,
1,5,13.189,-0.2481769,0.03953547,-0.8849913,0.5084763,-0.5039535,0.4949172,0.4924834,CourtExit
1,5,13.191,-0.2481748,0.0395435,-0.8849853,0.5084768,-0.5039475,0.4949349,0.492471,
1,5,13.193,-0.2481748,0.0395435,-0.8849853,0.5084768,-0.5039475,0.4949349,0.492471,
1,5,13.195,-0.2481748,0.0395435,-0.8849853,0.5084768,-0.5039475,0.4949349,0.492471,
1,5,13.197,-0.2481748,0.0395435,-0.8849853,0.5084768,-0.5039475,0.4949349,0.492471,
1,5,13.199,-0.2481693,0.03953485,-0.8849844,0.5084956,-0.5039533,0.4949257,0.4924549,
1,5,13.201,-0.2481693,0.03953485,-0.8849844,0.5084956,-0.5039533,0.4949257,0.4924549,
1,5,13.203,-0.2481693,0.03953485,-0.8849844,0.5084956,-0.5039533,0.4949257,0.4924549,
1,5,13.205,-0.2481693,0.03953485,-0.8849844,0.5084956,-0.5039533,0.4949257,0.4924549,
1,5,13.207,-0.2481693,0.03953485,-0.8849844,0.5084956,-0.5039533,0.4949257,0.4924549,
1,5,13.209,-0.248174,0.03953697,-0.884986,0.5084893,-0.5039496,0.4949183,0.4924727,
1,5,13.211,-0.248174,0.03953697,-0.884986,0.5084893,-0.5039496,0.4949183,0.4924727,
1,5,13.213,-0.248174,0.03953697,-0.884986,0.5084893,-0.5039496,0.4949183,0.4924727,
1,5,13.215,-0.248174,0.03953697,-0.884986,0.5084893,-0.5039496,0.4949183,0.4924727,
1,5,13.217,-0.2481751,0.03955192,-0.8849756,0.5084643,-0.5039324,0.4949529,0.4924814,
1,5,13.219,-0.2481751,0.03955192,-0.8849756,0.5084643,-0.5039324,0.4949529,0.4924814,
1,5,13.221,-0.2481751,0.03955192,-0.8849756,0.5084643,-0.5039324,0.4949529,0.4924814,
1,5,13.223,-0.2481751,0.03955192,-0.8849756,0.5084643,-0.5039324,0.4949529,0.4924814,
1,5,13.225,-0.2481761,0.03954414,-0.884985,0.5084774,-0.503934,0.4949445,0.4924746,
1,5,13.227,-0.2481761,0.03954414,-0.884985,0.5084774,-0.503934,0.4949445,0.4924746,
1,5,13.229,-0.2481761,0.03954414,-0.884985,0.5084774,-0.503934,0.4949445,0.4924746,
1,5,13.231,-0.2481761,0.03954414,-0.884985,0.5084774,-0.503934,0.4949445,0.4924746,
1,5,13.233,-0.2481755,0.03953934,-0.8849828,0.5084659,-0.5039455,0.49494,0.4924794,
1,5,13.235,-0.2481755,0.03953934,-0.8849828,0.5084659,-0.5039455,0.49494,0.4924794,
1,5,13.237,-0.2481755,0.03953934,-0.8849828,0.5084659,-0.5039455,0.49494,0.4924794,
1,5,13.239,-0.2481755,0.03953934,-0.8849828,0.5084659,-0.5039455,0.49494,0.4924794,
1,5,13.241,-0.2481729,0.03954826,-0.8849818,0.5084661,-0.5039405,0.4949473,0.4924768,
1,5,13.243,-0.2481729,0.03954826,-0.8849818,0.5084661,-0.5039405,0.4949473,0.4924768,
1,5,13.245,-0.2481729,0.03954826,-0.8849818,0.5084661,-0.5039405,0.4949473,0.4924768,
1,5,13.247,-0.2481729,0.03954826,-0.8849818,0.5084661,-0.5039405,0.4949473,0.4924768,
1,5,13.249,-0.2481782,0.039549,-0.8849844,0.5084598,-0.5039298,0.4949601,0.4924814,
1,5,13.251,-0.2481782,0.039549,-0.8849844,0.5084598,-0.5039298,0.4949601,0.4924814,
1,5,13.253,-0.2481782,0.039549,-0.8849844,0.5084598,-0.5039298,0.4949601,0.4924814,
1,5,13.255,-0.2481782,0.039549,-0.8849844,0.5084598,-0.5039298,0.4949601,0.4924814,
1,5,13.257,-0.2481782,0.039549,-0.8849844,0.5084598,-0.5039298,0.4949601,0.4924814,
1,5,13.259,-0.2481737,0.03954819,-0.8849949,0.5084645,-0.5039431,0.4949434,0.4924798,
1,5,13.261,-0.2481737,0.03954819,-0.8849949,0.5084645,-0.5039431,0.4949434,0.4924798,
1,5,13.263,-0.2481737,0.03954819,-0.8849949,0.5084645,-0.5039431,0.4949434,0.4924798,
1,5,13.265,-0.2481737,0.03954819,-0.8849949,0.5084645,-0.5039431,0.4949434,0.4924798,
1,5,13.267,-0.2481646,0.03953988,-0.884993,0.5084761,-0.5039434,0.4949276,0.4924833,
1,5,13.269,-0.2481646,0.03953988,-0.884993,0.5084761,-0.5039434,0.4949276,0.4924833,
1,5,13.271,-0.2481646,0.03953988,-0.884993,0.5084761,-0.5039434,0.4949276,0.4924833,
1,5,13.273,-0.2481646,0.03953988,-0.884993,0.5084761,-0.5039434,0.4949276,0.4924833,
1,5,13.275,-0.2481709,0.03953337,-0.8849927,0.5084831,-0.5039621,0.4949091,0.4924756,
1,5,13.277,-0.2481709,0.03953337,-0.8849927,0.5084831,-0.5039621,0.4949091,0.4924756,
1,5,13.279,-0.2481709,0.03953337,-0.8849927,0.5084831,-0.5039621,0.4949091,0.4924756,
1,5,13.281,-0.2481709,0.03953337,-0.8849927,0.5084831,-0.5039621,0.4949091,0.4924756,
1,5,13.283,-0.2481724,0.03954443,-0.8849933,0.5084675,-0.5039475,0.4949466,0.4924689,
1,5,13.285,-0.2481724,0.03954443,-0.8849933,0.5084675,-0.5039475,0.4949466,0.4924689,
1,5,13.287,-0.2481724,0.03954443,-0.8849933,0.5084675,-0.5039475,0.4949466,0.4924689,
1,5,13.289,-0.2481724,0.03954443,-0.8849933,0.5084675,-0.5039475,0.4949466,0.4924689,
1,5,13.291,-0.2481786,0.03954527,-0.8849945,0.5084693,-0.503955,0.4949406,0.4924656,
1,5,13.293,-0.2481786,0.03954527,-0.8849945,0.5084693,-0.503955,0.4949406,0.4924656,
1,5,13.295,-0.2481786,0.03954527,-0.8849945,0.5084693,-0.503955,0.4949406,0.4924656,
1,5,13.297,-0.2481786,0.03954527,-0.8849945,0.5084693,-0.503955,0.4949406,0.4924656,
1,5,13.299,-0.2481593,0.03956513,-0.8849931,0.5084734,-0.5039268,0.4949355,0.4924952,
1,5,13.301,-0.2481593,0.03956513,-0.8849931,0.5084734,-0.5039268,0.4949355,0.4924952,
1,5,13.303,-0.2481593,0.03956513,-0.8849931,0.5084734,-0.5039268,0.4949355,0.4924952,
1,5,13.305,-0.2481593,0.03956513,-0.8849931,0.5084734,-0.5039268,0.4949355,0.4924952,
1,5,13.307,-0.2481593,0.03956513,-0.8849931,0.5084734,-0.5039268,0.4949355,0.4924952,
1,5,13.309,-0.2481706,0.03954759,-0.8849919,0.5084684,-0.5039344,0.4949385,0.4924895,
1,5,13.311,-0.2481706,0.03954759,-0.8849919,0.5084684,-0.5039344,0.4949385,0.4924895,
1,5,13.313,-0.2481706,0.03954759,-0.8849919,0.5084684,-0.5039344,0.4949385,0.4924895,
1,5,13.315,-0.2481706,0.03954759,-0.8849919,0.5084684,-0.5039344,0.4949385,0.4924895,
1,5,13.317,-0.2481731,0.03954796,-0.8849916,0.5084653,-0.5039444,0.494947,0.492474,
1,5,13.319,-0.2481731,0.03954796,-0.8849916,0.5084653,-0.5039444,0.494947,0.492474,
1,5,13.321,-0.2481731,0.03954796,-0.8849916,0.5084653,-0.5039444,0.494947,0.492474,
1,5,13.323,-0.2481731,0.03954796,-0.8849916,0.5084653,-0.5039444,0.494947,0.492474,
1,5,13.325,-0.2481735,0.03956168,-0.8849894,0.5084708,-0.5039067,0.4949738,0.4924799,
1,5,13.327,-0.2481735,0.03956168,-0.8849894,0.5084708,-0.5039067,0.4949738,0.4924799,
1,5,13.329,-0.2481735,0.03956168,-0.8849894,0.5084708,-0.5039067,0.4949738,0.4924799,
1,5,13.331,-0.2481735,0.03956168,-0.8849894,0.5084708,-0.5039067,0.4949738,0.4924799,
1,5,13.333,-0.2481677,0.03956002,-0.8849859,0.5084783,-0.503916,0.4949535,0.4924832,
1,5,13.335,-0.2481677,0.03956002,-0.8849859,0.5084783,-0.503916,0.4949535,0.4924832,
1,5,13.337,-0.2481677,0.03956002,-0.8849859,0.5084783,-0.503916,0.4949535,0.4924832,
1,5,13.339,-0.2481677,0.03956002,-0.8849859,0.5084783,-0.503916,0.4949535,0.4924832,
1,5,13.341,-0.248166,0.03955114,-0.8849895,0.5084701,-0.503933,0.4949538,0.4924739,
1,5,13.343,-0.248166,0.03955114,-0.8849895,0.5084701,-0.503933,0.4949538,0.4924739,
1,5,13.345,-0.248166,0.03955114,-0.8849895,0.5084701,-0.503933,0.4949538,0.4924739,
1,5,13.347,-0.248166,0.03955114,-0.8849895,0.5084701,-0.503933,0.4949538,0.4924739,
1,5,13.349,-0.2481873,0.03954053,-0.8849921,0.5084748,-0.503933,0.4949471,0.4924758,
1,5,13.351,-0.2481873,0.03954053,-0.8849921,0.5084748,-0.503933,0.4949471,0.4924758,
1,5,13.353,-0.2481873,0.03954053,-0.8849921,0.5084748,-0.503933,0.4949471,0.4924758,
1,5,13.355,-0.2481873,0.03954053,-0.8849921,0.5084748,-0.503933,0.4949471,0.4924758,
1,5,13.357,-0.2481873,0.03954053,-0.8849921,0.5084748,-0.503933,0.4949471,0.4924758,
1,5,13.359,-0.2481856,0.03955866,-0.8849828,0.5084649,-0.503926,0.4949531,0.4924871,
1,5,13.361,-0.2481856,0.03955866,-0.8849828,0.5084649,-0.503926,0.4949531,0.4924871,
1,5,13.363,-0.2481856,0.03955866,-0.8849828,0.5084649,-0.503926,0.4949531,0.4924871,
1,5,13.365,-0.2481856,0.03955866,-0.8849828,0.5084649,-0.503926,0.4949531,0.4924871,
1,5,13.367,-0.2481775,0.03955262,-0.8849868,0.5084681,-0.5039361,0.4949186,0.4925081,
1,5,13.369,-0.2481775,0.03955262,-0.8849868,0.5084681,-0.5039361,0.4949186,0.4925081,
1,5,13.371,-0.2481775,0.03955262,-0.8849868,0.5084681,-0.5039361,0.4949186,0.4925081,
1,5,13.373,-0.2481775,0.03955262,-0.8849868,0.5084681,-0.5039361,0.4949186,0.4925081,
1,5,13.375,-0.2481815,0.03954265,-0.8849886,0.5084776,-0.5039356,0.4949259,0.4924915,
1,5,13.377,-0.2481815,0.03954265,-0.8849886,0.5084776,-0.5039356,0.4949259,0.4924915,
1,5,13.379,-0.2481815,0.03954265,-0.8849886,0.5084776,-0.5039356,0.4949259,0.4924915,
1,5,13.381,-0.2481815,0.03954265,-0.8849886,0.5084776,-0.5039356,0.4949259,0.4924915,
1,5,13.383,-0.2481789,0.03954748,-0.88498,0.5084713,-0.5039334,0.4949333,0.4924928,
1,5,13.385,-0.2481789,0.03954748,-0.88498,0.5084713,-0.5039334,0.4949333,0.4924928,
1,5,13.387,-0.2481789,0.03954748,-0.88498,0.5084713,-0.5039334,0.4949333,0.4924928,
1,5,13.389,-0.2481789,0.03954748,-0.88498,0.5084713,-0.5039334,0.4949333,0.4924928,
1,5,13.391,-0.248179,0.03955783,-0.8849775,0.5084692,-0.5039222,0.4949491,0.4924906,
1,5,13.393,-0.248179,0.03955783,-0.8849775,0.5084692,-0.5039222,0.4949491,0.4924906,
1,5,13.395,-0.248179,0.03955783,-0.8849775,0.5084692,-0.5039222,0.4949491,0.4924906,
1,5,13.397,-0.248179,0.03955783,-0.8849775,0.5084692,-0.5039222,0.4949491,0.4924906,
1,5,13.399,-0.2481905,0.03955562,-0.8849738,0.5084577,-0.50392,0.4949606,0.4924931,
1,5,13.401,-0.2481905,0.03955562,-0.8849738,0.5084577,-0.50392,0.4949606,0.4924931,
1,5,13.403,-0.2481905,0.03955562,-0.8849738,0.5084577,-0.50392,0.4949606,0.4924931,
1,5,13.405,-0.2481905,0.03955562,-0.8849738,0.5084577,-0.50392,0.4949606,0.4924931,
1,5,13.407,-0.2481905,0.03955562,-0.8849738,0.5084577,-0.50392,0.4949606,0.4924931,
1,5,13.409,-0.2482027,0.03954848,-0.884982,0.5084806,-0.5039327,0.494941,0.4924763,
1,5,13.411,-0.2482027,0.03954848,-0.884982,0.5084806,-0.5039327,0.494941,0.4924763,
1,5,13.413,-0.2482027,0.03954848,-0.884982,0.5084806,-0.5039327,0.494941,0.4924763,
1,5,13.415,-0.2482027,0.03954848,-0.884982,0.5084806,-0.5039327,0.494941,0.4924763,
1,5,13.417,-0.2481923,0.03953964,-0.8849906,0.5084844,-0.5039496,0.4949349,0.4924612,
1,5,13.419,-0.2481923,0.03953964,-0.8849906,0.5084844,-0.5039496,0.4949349,0.4924612,
1,5,13.421,-0.2481923,0.03953964,-0.8849906,0.5084844,-0.5039496,0.4949349,0.4924612,
1,5,13.423,-0.2481923,0.03953964,-0.8849906,0.5084844,-0.5039496,0.4949349,0.4924612,
1,5,13.425,-0.2481973,0.03956066,-0.8849896,0.508451,-0.5039448,0.4949468,0.4924886,
1,5,13.427,-0.2481973,0.03956066,-0.8849896,0.508451,-0.5039448,0.4949468,0.4924886,
1,5,13.429,-0.2481973,0.03956066,-0.8849896,0.508451,-0.5039448,0.4949468,0.4924886,
1,5,13.431,-0.2481973,0.03956066,-0.8849896,0.508451,-0.5039448,0.4949468,0.4924886,
1,5,13.433,-0.248181,0.03954389,-0.8849829,0.5084722,-0.5039571,0.4949285,0.4924724,
1,5,13.435,-0.248181,0.03954389,-0.8849829,0.5084722,-0.5039571,0.4949285,0.4924724,
1,5,13.437,-0.248181,0.03954389,-0.8849829,0.5084722,-0.5039571,0.4949285,0.4924724,
1,5,13.439,-0.248181,0.03954389,-0.8849829,0.5084722,-0.5039571,0.4949285,0.4924724,
1,5,13.441,-0.2481712,0.0395552,-0.8849842,0.5084746,-0.5039258,0.4949442,0.4924862,
1,5,13.443,-0.2481712,0.0395552,-0.8849842,0.5084746,-0.5039258,0.4949442,0.4924862,
1,5,13.445,-0.2481712,0.0395552,-0.8849842,0.5084746,-0.5039258,0.4949442,0.4924862,
1,5,13.447,-0.2481712,0.0395552,-0.8849842,0.5084746,-0.5039258,0.4949442,0.4924862,
1,5,13.449,-0.2481719,0.03956119,-0.8849859,0.5084761,-0.5039032,0.4949603,0.4924917,
1,5,13.451,-0.2481719,0.03956119,-0.8849859,0.5084761,-0.5039032,0.4949603,0.4924917,
1,5,13.453,-0.2481719,0.03956119,-0.8849859,0.5084761,-0.5039032,0.4949603,0.4924917,
1,5,13.455,-0.2481719,0.03956119,-0.8849859,0.5084761,-0.5039032,0.4949603,0.4924917,
1,5,13.457,-0.2481719,0.03956119,-0.8849859,0.5084761,-0.5039032,0.4949603,0.4924917,
1,5,13.459,-0.248181,0.03955787,-0.8849801,0.5084653,-0.50393,0.4949474,0.4924882,
1,5,13.461,-0.248181,0.03955787,-0.8849801,0.5084653,-0.50393,0.4949474,0.4924882,
1,5,13.463,-0.248181,0.03955787,-0.8849801,0.5084653,-0.50393,0.4949474,0.4924882,
1,5,13.465,-0.248181,0.03955787,-0.8849801,0.5084653,-0.50393,0.4949474,0.4924882,
1,5,13.467,-0.2481765,0.03954156,-0.8849867,0.5084752,-0.5039412,0.4949265,0.4924875,
1,5,13.469,-0.2481765,0.03954156,-0.8849867,0.5084752,-0.5039412,0.4949265,0.4924875,
1,5,13.471,-0.2481765,0.03954156,-0.8849867,0.5084752,-0.5039412,0.4949265,0.4924875,
1,5,13.473,-0.2481765,0.03954156,-0.8849867,0.5084752,-0.5039412,0.4949265,0.4924875,
1,5,13.475,-0.2481796,0.03954481,-0.8849772,0.5084652,-0.5039412,0.4949372,0.4924871,
1,5,13.477,-0.2481796,0.03954481,-0.8849772,0.5084652,-0.5039412,0.4949372,0.4924871,
1,5,13.479,-0.2481796,0.03954481,-0.8849772,0.5084652,-0.5039412,0.4949372,0.4924871,
1,5,13.481,-0.2481796,0.03954481,-0.8849772,0.5084652,-0.5039412,0.4949372,0.4924871,
1,5,13.483,-0.2481735,0.03952682,-0.8849853,0.5084862,-0.5039627,0.4949158,0.492465,
1,5,13.485,-0.2481735,0.03952682,-0.8849853,0.5084862,-0.5039627,0.4949158,0.492465,
1,5,13.487,-0.2481735,0.03952682,-0.8849853,0.5084862,-0.5039627,0.4949158,0.492465,
1,5,13.489,-0.2481735,0.03952682,-0.8849853,0.5084862,-0.5039627,0.4949158,0.492465,
1,5,13.491,-0.2481672,0.03952943,-0.8849781,0.5084844,-0.5039619,0.4949115,0.4924721,
1,5,13.493,-0.2481672,0.03952943,-0.8849781,0.5084844,-0.5039619,0.4949115,0.4924721,
1,5,13.495,-0.2481672,0.03952943,-0.8849781,0.5084844,-0.5039619,0.4949115,0.4924721,
1,5,13.497,-0.2481672,0.03952943,-0.8849781,0.5084844,-0.5039619,0.4949115,0.4924721,
1,5,13.499,-0.2481599,0.03952641,-0.8849732,0.5085196,-0.5039608,0.4948897,0.4924587,
1,5,13.501,-0.2481599,0.03952641,-0.8849732,0.5085196,-0.5039608,0.4948897,0.4924587,
1,5,13.503,-0.2481599,0.03952641,-0.8849732,0.5085196,-0.5039608,0.4948897,0.4924587,
1,5,13.505,-0.2481599,0.03952641,-0.8849732,0.5085196,-0.5039608,0.4948897,0.4924587,
1,5,13.507,-0.2481599,0.03952641,-0.8849732,0.5085196,-0.5039608,0.4948897,0.4924587,
1,5,13.509,-0.2481495,0.03954183,-0.8849809,0.5085006,-0.5039297,0.4949283,0.4924711,
1,5,13.511,-0.2481495,0.03954183,-0.8849809,0.5085006,-0.5039297,0.4949283,0.4924711,
1,5,13.513,-0.2481495,0.03954183,-0.8849809,0.5085006,-0.5039297,0.4949283,0.4924711,
1,5,13.515,-0.2481495,0.03954183,-0.8849809,0.5085006,-0.5039297,0.4949283,0.4924711,
1,5,13.517,-0.248164,0.03954459,-0.8849812,0.5084888,-0.5039262,0.4949513,0.4924641,
1,5,13.519,-0.248164,0.03954459,-0.8849812,0.5084888,-0.5039262,0.4949513,0.4924641,
1,5,13.521,-0.248164,0.03954459,-0.8849812,0.5084888,-0.5039262,0.4949513,0.4924641,
1,5,13.523,-0.248164,0.03954459,-0.8849812,0.5084888,-0.5039262,0.4949513,0.4924641,
1,5,13.525,-0.2481597,0.03954092,-0.8849877,0.5084809,-0.5039374,0.4949294,0.4924828,
1,5,13.527,-0.2481597,0.03954092,-0.8849877,0.5084809,-0.5039374,0.4949294,0.4924828,
1,5,13.529,-0.2481597,0.03954092,-0.8849877,0.5084809,-0.5039374,0.4949294,0.4924828,
1,5,13.531,-0.2481597,0.03954092,-0.8849877,0.5084809,-0.5039374,0.4949294,0.4924828,
1,5,13.533,-0.2481575,0.03953785,-0.8849905,0.5084903,-0.5039355,0.4949232,0.4924813,
1,5,13.535,-0.2481575,0.03953785,-0.8849905,0.5084903,-0.5039355,0.4949232,0.4924813,
1,5,13.537,-0.2481575,0.03953785,-0.8849905,0.5084903,-0.5039355,0.4949232,0.4924813,
1,5,13.539,-0.2481575,0.03953785,-0.8849905,0.5084903,-0.5039355,0.4949232,0.4924813,
1,5,13.541,-0.248159,0.03954718,-0.8849891,0.5084912,-0.5039293,0.4949261,0.4924836,
1,5,13.543,-0.248159,0.03954718,-0.8849891,0.5084912,-0.5039293,0.4949261,0.4924836,
1,5,13.545,-0.248159,0.03954718,-0.8849891,0.5084912,-0.5039293,0.4949261,0.4924836,
1,5,13.547,-0.248159,0.03954718,-0.8849891,0.5084912,-0.5039293,0.4949261,0.4924836,
1,5,13.549,-0.2481701,0.03955013,-0.8849903,0.5084946,-0.5039185,0.4949475,0.4924698,
1,5,13.551,-0.2481701,0.03955013,-0.8849903,0.5084946,-0.5039185,0.4949475,0.4924698,
1,5,13.553,-0.2481701,0.03955013,-0.8849903,0.5084946,-0.5039185,0.4949475,0.4924698,
1,5,13.555,-0.2481701,0.03955013,-0.8849903,0.5084946,-0.5039185,0.4949475,0.4924698,
1,5,13.557,-0.2481701,0.03955013,-0.8849903,0.5084946,-0.5039185,0.4949475,0.4924698,
1,5,13.559,-0.2481653,0.03954577,-0.8849919,0.5084693,-0.5039423,0.4949403,0.4924788,
1,5,13.561,-0.2481653,0.03954577,-0.8849919,0.5084693,-0.5039423,0.4949403,0.4924788,
1,5,13.563,-0.2481653,0.03954577,-0.8849919,0.5084693,-0.5039423,0.4949403,0.4924788,
1,5,13.565,-0.2481653,0.03954577,-0.8849919,0.5084693,-0.5039423,0.4949403,0.4924788,
1,5,13.567,-0.2481679,0.03954632,-0.8849854,0.5084745,-0.5039495,0.4949368,0.4924696,
1,5,13.569,-0.2481679,0.03954632,-0.8849854,0.5084745,-0.5039495,0.4949368,0.4924696,
1,5,13.571,-0.2481679,0.03954632,-0.8849854,0.5084745,-0.5039495,0.4949368,0.4924696,
1,5,13.573,-0.2481679,0.03954632,-0.8849854,0.5084745,-0.5039495,0.4949368,0.4924696,
1,5,13.575,-0.2481749,0.03955154,-0.8849881,0.5084791,-0.5039174,0.4949501,0.4924843,
1,5,13.577,-0.2481749,0.03955154,-0.8849881,0.5084791,-0.5039174,0.4949501,0.4924843,
1,5,13.579,-0.2481749,0.03955154,-0.8849881,0.5084791,-0.5039174,0.4949501,0.4924843,
1,5,13.581,-0.2481749,0.03955154,-0.8849881,0.5084791,-0.5039174,0.4949501,0.4924843,
1,5,13.583,-0.2481648,0.03954597,-0.8849902,0.5084866,-0.503898,0.4949671,0.4924794,
1,5,13.585,-0.2481648,0.03954597,-0.8849902,0.5084866,-0.503898,0.4949671,0.4924794,
1,5,13.587,-0.2481648,0.03954597,-0.8849902,0.5084866,-0.503898,0.4949671,0.4924794,
1,5,13.589,-0.2481648,0.03954597,-0.8849902,0.5084866,-0.503898,0.4949671,0.4924794,
1,5,13.591,-0.2481751,0.03954937,-0.8849916,0.5084758,-0.503921,0.4949513,0.4924827,
1,5,13.593,-0.2481751,0.03954937,-0.8849916,0.5084758,-0.503921,0.4949513,0.4924827,
1,5,13.595,-0.2481751,0.03954937,-0.8849916,0.5084758,-0.503921,0.4949513,0.4924827,
1,5,13.597,-0.2481751,0.03954937,-0.8849916,0.5084758,-0.503921,0.4949513,0.4924827,
1,5,13.599,-0.2481833,0.03954865,-0.8849906,0.5084606,-0.5039343,0.4949449,0.4924913,
1,5,13.601,-0.2481833,0.03954865,-0.8849906,0.5084606,-0.5039343,0.4949449,0.4924913,
1,5,13.603,-0.2481833,0.03954865,-0.8849906,0.5084606,-0.5039343,0.4949449,0.4924913,
1,5,13.605,-0.2481833,0.03954865,-0.8849906,0.5084606,-0.5039343,0.4949449,0.4924913,
1,5,13.607,-0.2481833,0.03954865,-0.8849906,0.5084606,-0.5039343,0.4949449,0.4924913,
1,5,13.609,-0.2481748,0.03955044,-0.8849894,0.5084618,-0.5039394,0.494944,0.4924858,
1,5,13.611,-0.2481748,0.03955044,-0.8849894,0.5084618,-0.5039394,0.494944,0.4924858,
1,5,13.613,-0.2481748,0.03955044,-0.8849894,0.5084618,-0.5039394,0.494944,0.4924858,
1,5,13.615,-0.2481748,0.03955044,-0.8849894,0.5084618,-0.5039394,0.494944,0.4924858,
1,5,13.617,-0.2481971,0.03952292,-0.8850016,0.5084516,-0.5039854,0.4948864,0.4925071,
1,5,13.619,-0.2481971,0.03952292,-0.8850016,0.5084516,-0.5039854,0.4948864,0.4925071,
1,5,13.621,-0.2481971,0.03952292,-0.8850016,0.5084516,-0.5039854,0.4948864,0.4925071,
1,5,13.623,-0.2481971,0.03952292,-0.8850016,0.5084516,-0.5039854,0.4948864,0.4925071,
1,5,13.625,-0.2481814,0.03953458,-0.8849944,0.5084553,-0.5039713,0.4949029,0.4925009,
1,5,13.627,-0.2481814,0.03953458,-0.8849944,0.5084553,-0.5039713,0.4949029,0.4925009,
1,5,13.629,-0.2481814,0.03953458,-0.8849944,0.5084553,-0.5039713,0.4949029,0.4925009,
1,5,13.631,-0.2481814,0.03953458,-0.8849944,0.5084553,-0.5039713,0.4949029,0.4925009,
1,5,13.633,-0.2481674,0.03956115,-0.8849871,0.5084687,-0.5039186,0.4949414,0.4925023,
1,5,13.635,-0.2481674,0.03956115,-0.8849871,0.5084687,-0.5039186,0.4949414,0.4925023,
1,5,13.637,-0.2481674,0.03956115,-0.8849871,0.5084687,-0.5039186,0.4949414,0.4925023,
1,5,13.639,-0.2481674,0.03956115,-0.8849871,0.5084687,-0.5039186,0.4949414,0.4925023,
1,5,13.641,-0.2481731,0.03955289,-0.8849846,0.5084654,-0.5039273,0.4949496,0.4924888,
1,5,13.643,-0.2481731,0.03955289,-0.8849846,0.5084654,-0.5039273,0.4949496,0.4924888,
1,5,13.645,-0.2481731,0.03955289,-0.8849846,0.5084654,-0.5039273,0.4949496,0.4924888,
1,5,13.647,-0.2481731,0.03955289,-0.8849846,0.5084654,-0.5039273,0.4949496,0.4924888,
1,5,13.649,-0.2481765,0.03954669,-0.8849815,0.5084693,-0.5039502,0.4949311,0.4924799,
1,5,13.651,-0.2481765,0.03954669,-0.8849815,0.5084693,-0.5039502,0.4949311,0.4924799,
1,5,13.653,-0.2481765,0.03954669,-0.8849815,0.5084693,-0.5039502,0.4949311,0.4924799,
1,5,13.655,-0.2481765,0.03954669,-0.8849815,0.5084693,-0.5039502,0.4949311,0.4924799,
1,5,13.657,-0.2481765,0.03954669,-0.8849815,0.5084693,-0.5039502,0.4949311,0.4924799,
1,5,13.659,-0.2481724,0.03954775,-0.8849847,0.5084821,-0.5039526,0.4949287,0.4924666,
1,5,13.661,-0.2481724,0.03954775,-0.8849847,0.5084821,-0.5039526,0.4949287,0.4924666,
1,5,13.663,-0.2481724,0.03954775,-0.8849847,0.5084821,-0.5039526,0.4949287,0.4924666,
1,5,13.665,-0.2481724,0.03954775,-0.8849847,0.5084821,-0.5039526,0.4949287,0.4924666,
1,5,13.667,-0.248162,0.03954602,-0.8849863,0.5084885,-0.5039303,0.4949477,0.4924638,
1,5,13.669,-0.248162,0.03954602,-0.8849863,0.5084885,-0.5039303,0.4949477,0.4924638,
1,5,13.671,-0.248162,0.03954602,-0.8849863,0.5084885,-0.5039303,0.4949477,0.4924638,
1,5,13.673,-0.248162,0.03954602,-0.8849863,0.5084885,-0.5039303,0.4949477,0.4924638,
1,5,13.675,-0.248167,0.03955017,-0.8849912,0.5084897,-0.5039199,0.4949474,0.4924736,
1,5,13.677,-0.248167,0.03955017,-0.8849912,0.5084897,-0.5039199,0.4949474,0.4924736,
1,5,13.679,-0.248167,0.03955017,-0.8849912,0.5084897,-0.5039199,0.4949474,0.4924736,
1,5,13.681,-0.248167,0.03955017,-0.8849912,0.5084897,-0.5039199,0.4949474,0.4924736,
1,5,13.683,-0.2481499,0.03954324,-0.8849887,0.5085108,-0.503909,0.4949414,0.4924689,
1,5,13.685,-0.2481499,0.03954324,-0.8849887,0.5085108,-0.503909,0.4949414,0.4924689,
1,5,13.687,-0.2481499,0.03954324,-0.8849887,0.5085108,-0.503909,0.4949414,0.4924689,
1,5,13.689,-0.2481499,0.03954324,-0.8849887,0.5085108,-0.503909,0.4949414,0.4924689,
1,5,13.691,-0.2481622,0.03955309,-0.8849944,0.5084933,-0.503913,0.4949512,0.4924729,
1,5,13.693,-0.2481622,0.03955309,-0.8849944,0.5084933,-0.503913,0.4949512,0.4924729,
1,5,13.695,-0.2481622,0.03955309,-0.8849944,0.5084933,-0.503913,0.4949512,0.4924729,
1,5,13.697,-0.2481622,0.03955309,-0.8849944,0.5084933,-0.503913,0.4949512,0.4924729,
1,5,13.699,-0.2481766,0.03953444,-0.8849916,0.5084872,-0.5039487,0.4949477,0.4924464,
1,5,13.701,-0.2481766,0.03953444,-0.8849916,0.5084872,-0.5039487,0.4949477,0.4924464,
1,5,13.703,-0.2481766,0.03953444,-0.8849916,0.5084872,-0.5039487,0.4949477,0.4924464,
1,5,13.705,-0.2481766,0.03953444,-0.8849916,0.5084872,-0.5039487,0.4949477,0.4924464,
1,5,13.707,-0.2481766,0.03953444,-0.8849916,0.5084872,-0.5039487,0.4949477,0.4924464,
1,5,13.709,-0.2481705,0.03955394,-0.884992,0.5084915,-0.50392,0.4949775,0.4924413,
1,5,13.711,-0.2481705,0.03955394,-0.884992,0.5084915,-0.50392,0.4949775,0.4924413,
1,5,13.713,-0.2481705,0.03955394,-0.884992,0.5084915,-0.50392,0.4949775,0.4924413,
1,5,13.715,-0.2481705,0.03955394,-0.884992,0.5084915,-0.50392,0.4949775,0.4924413,
1,5,13.717,-0.2481678,0.03953831,-0.8849968,0.5084877,-0.5039322,0.4949388,0.4924716,
1,5,13.719,-0.2481678,0.03953831,-0.8849968,0.5084877,-0.5039322,0.4949388,0.4924716,
1,5,13.721,-0.2481678,0.03953831,-0.8849968,0.5084877,-0.5039322,0.4949388,0.4924716,
1,5,13.723,-0.2481678,0.03953831,-0.8849968,0.5084877,-0.5039322,0.4949388,0.4924716,
1,5,13.725,-0.2481635,0.03954709,-0.8849953,0.5084907,-0.5039065,0.4949558,0.4924777,
1,5,13.727,-0.2481635,0.03954709,-0.8849953,0.5084907,-0.5039065,0.4949558,0.4924777,
1,5,13.729,-0.2481635,0.03954709,-0.8849953,0.5084907,-0.5039065,0.4949558,0.4924777,
1,5,13.731,-0.2481635,0.03954709,-0.8849953,0.5084907,-0.5039065,0.4949558,0.4924777,
1,5,13.733,-0.2481627,0.0395503,-0.884987,0.5084953,-0.5038944,0.4949643,0.4924767,
1,5,13.735,-0.2481627,0.0395503,-0.884987,0.5084953,-0.5038944,0.4949643,0.4924767,
1,5,13.737,-0.2481627,0.0395503,-0.884987,0.5084953,-0.5038944,0.4949643,0.4924767,
1,5,13.739,-0.2481627,0.0395503,-0.884987,0.5084953,-0.5038944,0.4949643,0.4924767,
1,5,13.741,-0.2481578,0.03954197,-0.8849857,0.5084922,-0.5039122,0.4949457,0.4924804,
1,5,13.743,-0.2481578,0.03954197,-0.8849857,0.5084922,-0.5039122,0.4949457,0.4924804,
1,5,13.745,-0.2481578,0.03954197,-0.8849857,0.5084922,-0.5039122,0.4949457,0.4924804,
1,5,13.747,-0.2481578,0.03954197,-0.8849857,0.5084922,-0.5039122,0.4949457,0.4924804,
1,5,13.749,-0.2481541,0.03954718,-0.88499,0.5084815,-0.5038971,0.4949585,0.492494,
1,5,13.751,-0.2481541,0.03954718,-0.88499,0.5084815,-0.5038971,0.4949585,0.492494,
1,5,13.753,-0.2481541,0.03954718,-0.88499,0.5084815,-0.5038971,0.4949585,0.492494,
1,5,13.755,-0.2481541,0.03954718,-0.88499,0.5084815,-0.5038971,0.4949585,0.492494,
1,5,13.757,-0.2481541,0.03954718,-0.88499,0.5084815,-0.5038971,0.4949585,0.492494,
1,5,13.759,-0.2481577,0.03954151,-0.8849811,0.508483,-0.5039155,0.4949492,0.4924831,
1,5,13.761,-0.2481577,0.03954151,-0.8849811,0.508483,-0.5039155,0.4949492,0.4924831,
1,5,13.763,-0.2481577,0.03954151,-0.8849811,0.508483,-0.5039155,0.4949492,0.4924831,
1,5,13.765,-0.2481577,0.03954151,-0.8849811,0.508483,-0.5039155,0.4949492,0.4924831,
1,5,13.767,-0.2481656,0.03954263,-0.8849914,0.5084695,-0.5039411,0.4949217,0.4924984,
1,5,13.769,-0.2481656,0.03954263,-0.8849914,0.5084695,-0.5039411,0.4949217,0.4924984,
1,5,13.771,-0.2481656,0.03954263,-0.8849914,0.5084695,-0.5039411,0.4949217,0.4924984,
1,5,13.773,-0.2481656,0.03954263,-0.8849914,0.5084695,-0.5039411,0.4949217,0.4924984,
1,5,13.775,-0.2481659,0.03954958,-0.884989,0.5084627,-0.5039309,0.494939,0.4924985,
1,5,13.777,-0.2481659,0.03954958,-0.884989,0.5084627,-0.5039309,0.494939,0.4924985,
1,5,13.779,-0.2481659,0.03954958,-0.884989,0.5084627,-0.5039309,0.494939,0.4924985,
1,5,13.781,-0.2481659,0.03954958,-0.884989,0.5084627,-0.5039309,0.494939,0.4924985,
1,5,13.783,-0.2481736,0.03956288,-0.8849803,0.5084516,-0.5039179,0.4949708,0.4924912,
1,5,13.785,-0.2481736,0.03956288,-0.8849803,0.5084516,-0.5039179,0.4949708,0.4924912,
1,5,13.787,-0.2481736,0.03956288,-0.8849803,0.5084516,-0.5039179,0.4949708,0.4924912,
1,5,13.789,-0.2481736,0.03956288,-0.8849803,0.5084516,-0.5039179,0.4949708,0.4924912,
1,5,13.791,-0.2481598,0.03954684,-0.8849896,0.5084746,-0.5039116,0.4949513,0.4924937,
1,5,13.793,-0.2481598,0.03954684,-0.8849896,0.5084746,-0.5039116,0.4949513,0.4924937,
1,5,13.795,-0.2481598,0.03954684,-0.8849896,0.5084746,-0.5039116,0.4949513,0.4924937,
1,5,13.797,-0.2481598,0.03954684,-0.8849896,0.5084746,-0.5039116,0.4949513,0.4924937,
1,5,13.799,-0.2481645,0.03953703,-0.8849942,0.5084723,-0.5039225,0.4949423,0.4924937,
1,5,13.801,-0.2481645,0.03953703,-0.8849942,0.5084723,-0.5039225,0.4949423,0.4924937,
1,5,13.803,-0.2481645,0.03953703,-0.8849942,0.5084723,-0.5039225,0.4949423,0.4924937,
1,5,13.805,-0.2481645,0.03953703,-0.8849942,0.5084723,-0.5039225,0.4949423,0.4924937,
1,5,13.807,-0.2481645,0.03953703,-0.8849942,0.5084723,-0.5039225,0.4949423,0.4924937,
1,5,13.809,-0.2481756,0.03954073,-0.8849888,0.5084584,-0.5039418,0.4949472,0.4924836,
1,5,13.811,-0.2481756,0.03954073,-0.8849888,0.5084584,-0.5039418,0.4949472,0.4924836,
1,5,13.813,-0.2481756,0.03954073,-0.8849888,0.5084584,-0.5039418,0.4949472,0.4924836,
1,5,13.815,-0.2481756,0.03954073,-0.8849888,0.5084584,-0.5039418,0.4949472,0.4924836,
1,5,13.817,-0.2481611,0.03953428,-0.884989,0.5084782,-0.503929,0.4949471,0.4924764,
1,5,13.819,-0.2481611,0.03953428,-0.884989,0.5084782,-0.503929,0.4949471,0.4924764,
1,5,13.821,-0.2481611,0.03953428,-0.884989,0.5084782,-0.503929,0.4949471,0.4924764,
1,5,13.823,-0.2481611,0.03953428,-0.884989,0.5084782,-0.503929,0.4949471,0.4924764,
1,5,13.825,-0.2481582,0.03954047,-0.8849993,0.5084794,-0.503925,0.4949479,0.4924784,
1,5,13.827,-0.2481582,0.03954047,-0.8849993,0.5084794,-0.503925,0.4949479,0.4924784,
1,5,13.829,-0.2481582,0.03954047,-0.8849993,0.5084794,-0.503925,0.4949479,0.4924784,
1,5,13.831,-0.2481582,0.03954047,-0.8849993,0.5084794,-0.503925,0.4949479,0.4924784,
1,5,13.833,-0.2481689,0.03954648,-0.884994,0.5084681,-0.5039153,0.4949603,0.4924876,
1,5,13.835,-0.2481689,0.03954648,-0.884994,0.5084681,-0.5039153,0.4949603,0.4924876,
1,5,13.837,-0.2481689,0.03954648,-0.884994,0.5084681,-0.5039153,0.4949603,0.4924876,
1,5,13.839,-0.2481689,0.03954648,-0.884994,0.5084681,-0.5039153,0.4949603,0.4924876,
1,5,13.841,-0.2481807,0.03952241,-0.8849934,0.5084562,-0.5039551,0.4949031,0.4925166,
1,5,13.843,-0.2481807,0.03952241,-0.8849934,0.5084562,-0.5039551,0.4949031,0.4925166,
1,5,13.845,-0.2481807,0.03952241,-0.8849934,0.5084562,-0.5039551,0.4949031,0.4925166,
1,5,13.847,-0.2481807,0.03952241,-0.8849934,0.5084562,-0.5039551,0.4949031,0.4925166,
1,5,13.849,-0.2481723,0.03951292,-0.8849889,0.5084686,-0.5039721,0.4948885,0.492501,
1,5,13.851,-0.2481723,0.03951292,-0.8849889,0.5084686,-0.5039721,0.4948885,0.492501,
1,5,13.853,-0.2481723,0.03951292,-0.8849889,0.5084686,-0.5039721,0.4948885,0.492501,
1,5,13.855,-0.2481723,0.03951292,-0.8849889,0.5084686,-0.5039721,0.4948885,0.492501,
1,5,13.857,-0.2481723,0.03951292,-0.8849889,0.5084686,-0.5039721,0.4948885,0.492501,
1,5,13.859,-0.2481619,0.03954243,-0.8849843,0.5084822,-0.5039258,0.4949427,0.4924799,
1,5,13.861,-0.2481619,0.03954243,-0.8849843,0.5084822,-0.5039258,0.4949427,0.4924799,
1,5,13.863,-0.2481619,0.03954243,-0.8849843,0.5084822,-0.5039258,0.4949427,0.4924799,
1,5,13.865,-0.2481619,0.03954243,-0.8849843,0.5084822,-0.5039258,0.4949427,0.4924799,
1,5,13.867,-0.2481598,0.03954095,-0.884985,0.5084994,-0.5039177,0.4949471,0.4924661,
1,5,13.869,-0.2481598,0.03954095,-0.884985,0.5084994,-0.5039177,0.4949471,0.4924661,
1,5,13.871,-0.2481598,0.03954095,-0.884985,0.5084994,-0.5039177,0.4949471,0.4924661,
1,5,13.873,-0.2481598,0.03954095,-0.884985,0.5084994,-0.5039177,0.4949471,0.4924661,
1,5,13.875,-0.2481672,0.03955602,-0.8849932,0.5084769,-0.5039238,0.4949353,0.4924948,
1,5,13.877,-0.2481672,0.03955602,-0.8849932,0.5084769,-0.5039238,0.4949353,0.4924948,
1,5,13.879,-0.2481672,0.03955602,-0.8849932,0.5084769,-0.5039238,0.4949353,0.4924948,
1,5,13.881,-0.2481672,0.03955602,-0.8849932,0.5084769,-0.5039238,0.4949353,0.4924948,
1,5,13.883,-0.2481727,0.03954722,-0.8849889,0.5084618,-0.5039332,0.4949523,0.4924838,
1,5,13.885,-0.2481727,0.03954722,-0.8849889,0.5084618,-0.5039332,0.4949523,0.4924838,
1,5,13.887,-0.2481727,0.03954722,-0.8849889,0.5084618,-0.5039332,0.4949523,0.4924838,
1,5,13.889,-0.2481727,0.03954722,-0.8849889,0.5084618,-0.5039332,0.4949523,0.4924838,
1,5,13.891,-0.2481628,0.03954077,-0.884993,0.5084797,-0.503938,0.49493,0.4924828,
1,5,13.893,-0.2481628,0.03954077,-0.884993,0.5084797,-0.503938,0.49493,0.4924828,
1,5,13.895,-0.2481628,0.03954077,-0.884993,0.5084797,-0.503938,0.49493,0.4924828,
1,5,13.897,-0.2481628,0.03954077,-0.884993,0.5084797,-0.503938,0.49493,0.4924828,
1,5,13.899,-0.2481774,0.03955426,-0.8849846,0.508465,-0.5039386,0.4949307,0.4924966,
1,5,13.901,-0.2481774,0.03955426,-0.8849846,0.508465,-0.5039386,0.4949307,0.4924966,
1,5,13.903,-0.2481774,0.03955426,-0.8849846,0.508465,-0.5039386,0.4949307,0.4924966,
1,5,13.905,-0.2481774,0.03955426,-0.8849846,0.508465,-0.5039386,0.4949307,0.4924966,
1,5,13.907,-0.2481774,0.03955426,-0.8849846,0.508465,-0.5039386,0.4949307,0.4924966,
1,5,13.909,-0.2481696,0.03954871,-0.8849828,0.50846,-0.5039536,0.4949225,0.4924947,
1,5,13.911,-0.2481696,0.03954871,-0.8849828,0.50846,-0.5039536,0.4949225,0.4924947,
1,5,13.913,-0.2481696,0.03954871,-0.8849828,0.50846,-0.5039536,0.4949225,0.4924947,
1,5,13.915,-0.2481696,0.03954871,-0.8849828,0.50846,-0.5039536,0.4949225,0.4924947,
1,5,13.917,-0.2481534,0.03954864,-0.8849849,0.5084691,-0.5039616,0.4949061,0.4924935,
1,5,13.919,-0.2481534,0.03954864,-0.8849849,0.5084691,-0.5039616,0.4949061,0.4924935,
1,5,13.921,-0.2481534,0.03954864,-0.8849849,0.5084691,-0.5039616,0.4949061,0.4924935,
1,5,13.923,-0.2481534,0.03954864,-0.8849849,0.5084691,-0.5039616,0.4949061,0.4924935,
1,5,13.925,-0.2481794,0.03955455,-0.8849804,0.5084666,-0.5039603,0.4949084,0.4924951,
1,5,13.927,-0.2481794,0.03955455,-0.8849804,0.5084666,-0.5039603,0.4949084,0.4924951,
1,5,13.929,-0.2481794,0.03955455,-0.8849804,0.5084666,-0.5039603,0.4949084,0.4924951,
1,5,13.931,-0.2481794,0.03955455,-0.8849804,0.5084666,-0.5039603,0.4949084,0.4924951,
1,5,13.933,-0.2481677,0.03953915,-0.8849818,0.5084783,-0.5039666,0.4948956,0.4924895,
1,5,13.935,-0.2481677,0.03953915,-0.8849818,0.5084783,-0.5039666,0.4948956,0.4924895,
1,5,13.937,-0.2481677,0.03953915,-0.8849818,0.5084783,-0.5039666,0.4948956,0.4924895,
1,5,13.939,-0.2481677,0.03953915,-0.8849818,0.5084783,-0.5039666,0.4948956,0.4924895,
1,5,13.941,-0.2481644,0.03953933,-0.8849779,0.5084774,-0.5039544,0.494923,0.4924754,
1,5,13.943,-0.2481644,0.03953933,-0.8849779,0.5084774,-0.5039544,0.494923,0.4924754,
1,5,13.945,-0.2481644,0.03953933,-0.8849779,0.5084774,-0.5039544,0.494923,0.4924754,
1,5,13.947,-0.2481644,0.03953933,-0.8849779,0.5084774,-0.5039544,0.494923,0.4924754,
1,5,13.949,-0.2481549,0.03953119,-0.8849738,0.5085132,-0.5039436,0.4948991,0.4924735,
1,5,13.951,-0.2481549,0.03953119,-0.8849738,0.5085132,-0.5039436,0.4948991,0.4924735,
1,5,13.953,-0.2481549,0.03953119,-0.8849738,0.5085132,-0.5039436,0.4948991,0.4924735,
1,5,13.955,-0.2481549,0.03953119,-0.8849738,0.5085132,-0.5039436,0.4948991,0.4924735,
1,5,13.957,-0.2481549,0.03953119,-0.8849738,0.5085132,-0.5039436,0.4948991,0.4924735,
1,5,13.959,-0.2481689,0.03954103,-0.8849722,0.5085019,-0.5039251,0.4949338,0.4924692,
1,5,13.961,-0.2481689,0.03954103,-0.8849722,0.5085019,-0.5039251,0.4949338,0.4924692,
1,5,13.963,-0.2481689,0.03954103,-0.8849722,0.5085019,-0.5039251,0.4949338,0.4924692,
1,5,13.965,-0.2481689,0.03954103,-0.8849722,0.5085019,-0.5039251,0.4949338,0.4924692,
1,5,13.967,-0.2481774,0.03955334,-0.8849825,0.5084745,-0.5039437,0.4949273,0.492485,
1,5,13.969,-0.2481774,0.03955334,-0.8849825,0.5084745,-0.5039437,0.4949273,0.492485,
1,5,13.971,-0.2481774,0.03955334,-0.8849825,0.5084745,-0.5039437,0.4949273,0.492485,
1,5,13.973,-0.2481774,0.03955334,-0.8849825,0.5084745,-0.5039437,0.4949273,0.492485,
1,5,13.975,-0.2481722,0.03955565,-0.8849813,0.5084752,-0.5039304,0.4949486,0.4924765,
1,5,13.977,-0.2481722,0.03955565,-0.8849813,0.5084752,-0.5039304,0.4949486,0.4924765,
1,5,13.979,-0.2481722,0.03955565,-0.8849813,0.5084752,-0.5039304,0.4949486,0.4924765,
1,5,13.981,-0.2481722,0.03955565,-0.8849813,0.5084752,-0.5039304,0.4949486,0.4924765,
1,5,13.983,-0.2481611,0.03953756,-0.8849857,0.5085073,-0.5039532,0.4949054,0.4924634,
1,5,13.985,-0.2481611,0.03953756,-0.8849857,0.5085073,-0.5039532,0.4949054,0.4924634,
1,5,13.987,-0.2481611,0.03953756,-0.8849857,0.5085073,-0.5039532,0.4949054,0.4924634,
1,5,13.989,-0.2481611,0.03953756,-0.8849857,0.5085073,-0.5039532,0.4949054,0.4924634,
1,5,13.991,-0.2481589,0.03954221,-0.8849819,0.5084998,-0.5039483,0.4949189,0.4924625,
1,5,13.993,-0.2481589,0.03954221,-0.8849819,0.5084998,-0.5039483,0.4949189,0.4924625,
1,5,13.995,-0.2481589,0.03954221,-0.8849819,0.5084998,-0.5039483,0.4949189,0.4924625,
1,5,13.997,-0.2481589,0.03954221,-0.8849819,0.5084998,-0.5039483,0.4949189,0.4924625,
1,5,13.999,-0.2481685,0.03954934,-0.8849814,0.5084761,-0.5039478,0.494924,0.4924823,
1,5,14.001,-0.2481685,0.03954934,-0.8849814,0.5084761,-0.5039478,0.494924,0.4924823,
1,5,14.003,-0.2481685,0.03954934,-0.8849814,0.5084761,-0.5039478,0.494924,0.4924823,
1,5,14.005,-0.2481685,0.03954934,-0.8849814,0.5084761,-0.5039478,0.494924,0.4924823,
1,5,14.007,-0.2481685,0.03954934,-0.8849814,0.5084761,-0.5039478,0.494924,0.4924823,
1,5,14.009,-0.2481615,0.03954451,-0.8849806,0.5084722,-0.5039623,0.4949163,0.4924795,
1,5,14.011,-0.2481615,0.03954451,-0.8849806,0.5084722,-0.5039623,0.4949163,0.4924795,
1,5,14.013,-0.2481615,0.03954451,-0.8849806,0.5084722,-0.5039623,0.4949163,0.4924795,
1,5,14.015,-0.2481615,0.03954451,-0.8849806,0.5084722,-0.5039623,0.4949163,0.4924795,
1,5,14.017,-0.2481774,0.03954872,-0.8849798,0.5084596,-0.5039741,0.4949159,0.4924808,
1,5,14.019,-0.2481774,0.03954872,-0.8849798,0.5084596,-0.5039741,0.4949159,0.4924808,
1,5,14.021,-0.2481774,0.03954872,-0.8849798,0.5084596,-0.5039741,0.4949159,0.4924808,
1,5,14.023,-0.2481774,0.03954872,-0.8849798,0.5084596,-0.5039741,0.4949159,0.4924808,
1,5,14.025,-0.2481762,0.03954886,-0.8849804,0.5084624,-0.5039855,0.4948998,0.4924822,
1,5,14.027,-0.2481762,0.03954886,-0.8849804,0.5084624,-0.5039855,0.4948998,0.4924822,
1,5,14.029,-0.2481762,0.03954886,-0.8849804,0.5084624,-0.5039855,0.4948998,0.4924822,
1,5,14.031,-0.2481762,0.03954886,-0.8849804,0.5084624,-0.5039855,0.4948998,0.4924822,
1,5,14.033,-0.2481772,0.03953853,-0.8849769,0.5084727,-0.5039937,0.4948928,0.4924703,
1,5,14.035,-0.2481772,0.03953853,-0.8849769,0.5084727,-0.5039937,0.4948928,0.4924703,
1,5,14.037,-0.2481772,0.03953853,-0.8849769,0.5084727,-0.5039937,0.4948928,0.4924703,
1,5,14.039,-0.2481772,0.03953853,-0.8849769,0.5084727,-0.5039937,0.4948928,0.4924703,
1,5,14.041,-0.2481828,0.03953885,-0.8849835,0.5084724,-0.503999,0.4948948,0.4924632,
1,5,14.043,-0.2481828,0.03953885,-0.8849835,0.5084724,-0.503999,0.4948948,0.4924632,
1,5,14.045,-0.2481828,0.03953885,-0.8849835,0.5084724,-0.503999,0.4948948,0.4924632,
1,5,14.047,-0.2481828,0.03953885,-0.8849835,0.5084724,-0.503999,0.4948948,0.4924632,
1,5,14.049,-0.2481831,0.0395371,-0.8849786,0.5084705,-0.504003,0.4948924,0.4924635,
1,5,14.051,-0.2481831,0.0395371,-0.8849786,0.5084705,-0.504003,0.4948924,0.4924635,
1,5,14.053,-0.2481831,0.0395371,-0.8849786,0.5084705,-0.504003,0.4948924,0.4924635,
1,5,14.055,-0.2481831,0.0395371,-0.8849786,0.5084705,-0.504003,0.4948924,0.4924635,
1,5,14.057,-0.2481831,0.0395371,-0.8849786,0.5084705,-0.504003,0.4948924,0.4924635,
1,5,14.059,-0.248158,0.03953643,-0.8849827,0.5084888,-0.5039853,0.4948866,0.4924687,
1,5,14.061,-0.248158,0.03953643,-0.8849827,0.5084888,-0.5039853,0.4948866,0.4924687,
1,5,14.063,-0.248158,0.03953643,-0.8849827,0.5084888,-0.5039853,0.4948866,0.4924687,
1,5,14.065,-0.248158,0.03953643,-0.8849827,0.5084888,-0.5039853,0.4948866,0.4924687,
1,5,14.067,-0.2481645,0.03954001,-0.8849856,0.5084932,-0.5039666,0.4949157,0.4924539,
1,5,14.069,-0.2481645,0.03954001,-0.8849856,0.5084932,-0.5039666,0.4949157,0.4924539,
1,5,14.071,-0.2481645,0.03954001,-0.8849856,0.5084932,-0.5039666,0.4949157,0.4924539,
1,5,14.073,-0.2481645,0.03954001,-0.8849856,0.5084932,-0.5039666,0.4949157,0.4924539,
1,5,14.075,-0.2481788,0.03954807,-0.8849762,0.5084817,-0.5039704,0.4949332,0.4924442,
1,5,14.077,-0.2481788,0.03954807,-0.8849762,0.5084817,-0.5039704,0.4949332,0.4924442,
1,5,14.079,-0.2481788,0.03954807,-0.8849762,0.5084817,-0.5039704,0.4949332,0.4924442,
1,5,14.081,-0.2481788,0.03954807,-0.8849762,0.5084817,-0.5039704,0.4949332,0.4924442,CourtEnter
1,5,14.083,-0.2481739,0.03955699,-0.8849788,0.5084805,-0.5039475,0.4949446,0.4924576,
1,5,14.085,-0.2481739,0.03955699,-0.8849788,0.5084805,-0.5039475,0.4949446,0.4924576,
1,5,14.087,-0.2481739,0.03955699,-0.8849788,0.5084805,-0.5039475,0.4949446,0.4924576,
1,5,14.089,-0.2481739,0.03955699,-0.8849788,0.5084805,-0.5039475,0.4949446,0.4924576,
1,5,14.091,-0.2481674,0.03953951,-0.8849739,0.5084927,-0.5039228,0.4949449,0.4924698,CourtExit
1,5,14.093,-0.2481674,0.03953951,-0.8849739,0.5084927,-0.5039228,0.4949449,0.4924698,
1,5,14.095,-0.2481674,0.03953951,-0.8849739,0.5084927,-0.5039228,0.4949449,0.4924698,
1,5,14.097,-0.2481674,0.03953951,-0.8849739,0.5084927,-0.5039228,0.4949449,0.4924698,
1,5,14.099,-0.2481557,0.03955652,-0.8849798,0.5084763,-0.5039007,0.4949608,0.4924933,
1,5,14.101,-0.2481557,0.03955652,-0.8849798,0.5084763,-0.5039007,0.4949608,0.4924933,
1,5,14.103,-0.2481557,0.03955652,-0.8849798,0.5084763,-0.5039007,0.4949608,0.4924933,
1,5,14.105,-0.2481557,0.03955652,-0.8849798,0.5084763,-0.5039007,0.4949608,0.4924933,
1,5,14.107,-0.2481557,0.03955652,-0.8849798,0.5084763,-0.5039007,0.4949608,0.4924933,
1,5,14.109,-0.2481622,0.03953237,-0.8849849,0.5085051,-0.5039226,0.4949369,0.4924651,
1,5,14.111,-0.2481622,0.03953237,-0.8849849,0.5085051,-0.5039226,0.4949369,0.4924651,
1,5,14.113,-0.2481622,0.03953237,-0.8849849,0.5085051,-0.5039226,0.4949369,0.4924651,
1,5,14.115,-0.2481622,0.03953237,-0.8849849,0.5085051,-0.5039226,0.4949369,0.4924651,
1,5,14.117,-0.2481774,0.03954768,-0.8849922,0.5084718,-0.5039375,0.4949455,0.4924757,
1,5,14.119,-0.2481774,0.03954768,-0.8849922,0.5084718,-0.5039375,0.4949455,0.4924757,
1,5,14.121,-0.2481774,0.03954768,-0.8849922,0.5084718,-0.5039375,0.4949455,0.4924757,
1,5,14.123,-0.2481774,0.03954768,-0.8849922,0.5084718,-0.5039375,0.4949455,0.4924757,
1,5,14.125,-0.248171,0.03954669,-0.8849841,0.5084783,-0.5039446,0.4949369,0.4924704,
1,5,14.127,-0.248171,0.03954669,-0.8849841,0.5084783,-0.5039446,0.4949369,0.4924704,
1,5,14.129,-0.248171,0.03954669,-0.8849841,0.5084783,-0.5039446,0.4949369,0.4924704,
1,5,14.131,-0.248171,0.03954669,-0.8849841,0.5084783,-0.5039446,0.4949369,0.4924704,
1,5,14.133,-0.2481777,0.03954583,-0.8849847,0.5084719,-0.5039566,0.4949178,0.492484,
1,5,14.135,-0.2481777,0.03954583,-0.8849847,0.5084719,-0.5039566,0.4949178,0.492484,
1,5,14.137,-0.2481777,0.03954583,-0.8849847,0.5084719,-0.5039566,0.4949178,0.492484,
1,5,14.139,-0.2481777,0.03954583,-0.8849847,0.5084719,-0.5039566,0.4949178,0.492484,
1,5,14.141,-0.2481822,0.03953658,-0.8849815,0.5084816,-0.5039532,0.4949152,0.4924802,
1,5,14.143,-0.2481822,0.03953658,-0.8849815,0.5084816,-0.5039532,0.4949152,0.4924802,
1,5,14.145,-0.2481822,0.03953658,-0.8849815,0.5084816,-0.5039532,0.4949152,0.4924802,
1,5,14.147,-0.2481822,0.03953658,-0.8849815,0.5084816,-0.5039532,0.4949152,0.4924802,
1,5,14.149,-0.2481852,0.03954132,-0.8849825,0.5084824,-0.5039579,0.4949137,0.4924761,
1,5,14.151,-0.2481852,0.03954132,-0.8849825,0.5084824,-0.5039579,0.4949137,0.4924761,
1,5,14.153,-0.2481852,0.03954132,-0.8849825,0.5084824,-0.5039579,0.4949137,0.4924761,
1,5,14.155,-0.2481852,0.03954132,-0.8849825,0.5084824,-0.5039579,0.4949137,0.4924761,
1,5,14.157,-0.2481852,0.03954132,-0.8849825,0.5084824,-0.5039579,0.4949137,0.4924761,
1,5,14.159,-0.2481696,0.03954777,-0.8849933,0.5084787,-0.5039262,0.4949547,0.4924711,
1,5,14.161,-0.2481696,0.03954777,-0.8849933,0.5084787,-0.5039262,0.4949547,0.4924711,
1,5,14.163,-0.2481696,0.03954777,-0.8849933,0.5084787,-0.5039262,0.4949547,0.4924711,
1,5,14.165,-0.2481696,0.03954777,-0.8849933,0.5084787,-0.5039262,0.4949547,0.4924711,
1,5,14.167,-0.2481589,0.03953544,-0.8849881,0.5084929,-0.5039148,0.4949567,0.4924661,
1,5,14.169,-0.2481589,0.03953544,-0.8849881,0.5084929,-0.5039148,0.4949567,0.4924661,
1,5,14.171,-0.2481589,0.03953544,-0.8849881,0.5084929,-0.5039148,0.4949567,0.4924661,
1,5,14.173,-0.2481589,0.03953544,-0.8849881,0.5084929,-0.5039148,0.4949567,0.4924661,
1,5,14.175,-0.2481793,0.03951511,-0.8849986,0.5084814,-0.5039582,0.4948746,0.4925159,
1,5,14.177,-0.2481793,0.03951511,-0.8849986,0.5084814,-0.5039582,0.4948746,0.4925159,
1,5,14.179,-0.2481793,0.03951511,-0.8849986,0.5084814,-0.5039582,0.4948746,0.4925159,
1,5,14.181,-0.2481793,0.03951511,-0.8849986,0.5084814,-0.5039582,0.4948746,0.4925159,
1,5,14.183,-0.2481743,0.03952887,-0.884991,0.5084844,-0.5039613,0.4948846,0.4924996,
1,5,14.185,-0.2481743,0.03952887,-0.884991,0.5084844,-0.5039613,0.4948846,0.4924996,
1,5,14.187,-0.2481743,0.03952887,-0.884991,0.5084844,-0.5039613,0.4948846,0.4924996,
1,5,14.189,-0.2481743,0.03952887,-0.884991,0.5084844,-0.5039613,0.4948846,0.4924996,
1,5,14.191,-0.2481697,0.0395366,-0.8849934,0.5084925,-0.5039699,0.4948805,0.4924867,
1,5,14.193,-0.2481697,0.0395366,-0.8849934,0.5084925,-0.5039699,0.4948805,0.4924867,
1,5,14.195,-0.2481697,0.0395366,-0.8849934,0.5084925,-0.5039699,0.4948805,0.4924867,
1,5,14.197,-0.2481697,0.0395366,-0.8849934,0.5084925,-0.5039699,0.4948805,0.4924867,
1,5,14.199,-0.2481724,0.03953923,-0.8849855,0.5084875,-0.5039595,0.494887,0.4924958,
1,5,14.201,-0.2481724,0.03953923,-0.8849855,0.5084875,-0.5039595,0.494887,0.4924958,
1,5,14.203,-0.2481724,0.03953923,-0.8849855,0.5084875,-0.5039595,0.494887,0.4924958,
1,5,14.205,-0.2481724,0.03953923,-0.8849855,0.5084875,-0.5039595,0.494887,0.4924958,
1,5,14.207,-0.2481724,0.03953923,-0.8849855,0.5084875,-0.5039595,0.494887,0.4924958,
1,5,14.209,-0.2481684,0.0395429,-0.8849907,0.5084671,-0.5039561,0.494903,0.4925044,
1,5,14.211,-0.2481684,0.0395429,-0.8849907,0.5084671,-0.5039561,0.494903,0.4925044,
1,5,14.213,-0.2481684,0.0395429,-0.8849907,0.5084671,-0.5039561,0.494903,0.4925044,
1,5,14.215,-0.2481684,0.0395429,-0.8849907,0.5084671,-0.5039561,0.494903,0.4925044,
1,5,14.217,-0.2481682,0.03953843,-0.884993,0.5084787,-0.5039523,0.4949037,0.4924955,
1,5,14.219,-0.2481682,0.03953843,-0.884993,0.5084787,-0.5039523,0.4949037,0.4924955,
1,5,14.221,-0.2481682,0.03953843,-0.884993,0.5084787,-0.5039523,0.4949037,0.4924955,
1,5,14.223,-0.2481682,0.03953843,-0.884993,0.5084787,-0.5039523,0.4949037,0.4924955,
1,5,14.225,-0.2481473,0.03954409,-0.884986,0.5084935,-0.5039271,0.4949124,0.4924974,
1,5,14.227,-0.2481473,0.03954409,-0.884986,0.5084935,-0.5039271,0.4949124,0.4924974,
1,5,14.229,-0.2481473,0.03954409,-0.884986,0.5084935,-0.5039271,0.4949124,0.4924974,
1,5,14.231,-0.2481473,0.03954409,-0.884986,0.5084935,-0.5039271,0.4949124,0.4924974,
1,5,14.233,-0.2481573,0.03954803,-0.884988,0.5084623,-0.5039239,0.4949271,0.4925182,
1,5,14.235,-0.2481573,0.03954803,-0.884988,0.5084623,-0.5039239,0.4949271,0.4925182,
1,5,14.237,-0.2481573,0.03954803,-0.884988,0.5084623,-0.5039239,0.4949271,0.4925182,
1,5,14.239,-0.2481573,0.03954803,-0.884988,0.5084623,-0.5039239,0.4949271,0.4925182,
1,5,14.241,-0.2481666,0.03954925,-0.8849939,0.5084619,-0.5039301,0.4949364,0.4925028,
1,5,14.243,-0.2481666,0.03954925,-0.8849939,0.5084619,-0.5039301,0.4949364,0.4925028,
1,5,14.245,-0.2481666,0.03954925,-0.8849939,0.5084619,-0.5039301,0.4949364,0.4925028,
1,5,14.247,-0.2481666,0.03954925,-0.8849939,0.5084619,-0.5039301,0.4949364,0.4925028,
1,5,14.249,-0.2481739,0.03953855,-0.884988,0.5084695,-0.5039448,0.494929,0.4924873,
1,5,14.251,-0.2481739,0.03953855,-0.884988,0.5084695,-0.5039448,0.494929,0.4924873,
1,5,14.253,-0.2481739,0.03953855,-0.884988,0.5084695,-0.5039448,0.494929,0.4924873,
1,5,14.255,-0.2481739,0.03953855,-0.884988,0.5084695,-0.5039448,0.494929,0.4924873,
1,5,14.257,-0.2481739,0.03953855,-0.884988,0.5084695,-0.5039448,0.494929,0.4924873,
1,5,14.259,-0.248183,0.03954674,-0.8849922,0.5084551,-0.5039449,0.494947,0.4924838,
1,5,14.261,-0.248183,0.03954674,-0.8849922,0.5084551,-0.5039449,0.494947,0.4924838,
1,5,14.263,-0.248183,0.03954674,-0.8849922,0.5084551,-0.5039449,0.494947,0.4924838,
1,5,14.265,-0.248183,0.03954674,-0.8849922,0.5084551,-0.5039449,0.494947,0.4924838,
1,5,14.267,-0.2481878,0.03954349,-0.8849865,0.5084481,-0.5039564,0.4949513,0.4924751,
1,5,14.269,-0.2481878,0.03954349,-0.8849865,0.5084481,-0.5039564,0.4949513,0.4924751,
1,5,14.271,-0.2481878,0.03954349,-0.8849865,0.5084481,-0.5039564,0.4949513,0.4924751,
1,5,14.273,-0.2481878,0.03954349,-0.8849865,0.5084481,-0.5039564,0.4949513,0.4924751,
1,5,14.275,-0.2481705,0.03954045,-0.8849874,0.5084677,-0.5039561,0.4949289,0.4924778,
1,5,14.277,-0.2481705,0.03954045,-0.8849874,0.5084677,-0.5039561,0.4949289,0.4924778,
1,5,14.279,-0.2481705,0.03954045,-0.8849874,0.5084677,-0.5039561,0.4949289,0.4924778,
1,5,14.281,-0.2481705,0.03954045,-0.8849874,0.5084677,-0.5039561,0.4949289,0.4924778,
1,5,14.283,-0.2481724,0.03955426,-0.8849877,0.5084556,-0.5039628,0.4949225,0.4924897,
1,5,14.285,-0.2481724,0.03955426,-0.8849877,0.5084556,-0.5039628,0.4949225,0.4924897,
1,5,14.287,-0.2481724,0.03955426,-0.8849877,0.5084556,-0.5039628,0.4949225,0.4924897,
1,5,14.289,-0.2481724,0.03955426,-0.8849877,0.5084556,-0.5039628,0.4949225,0.4924897,
1,5,14.291,-0.2481807,0.03951637,-0.8849841,0.5084571,-0.5040157,0.4948469,0.49251,
1,5,14.293,-0.2481807,0.03951637,-0.8849841,0.5084571,-0.5040157,0.4948469,0.49251,
1,5,14.295,-0.2481807,0.03951637,-0.8849841,0.5084571,-0.5040157,0.4948469,0.49251,
1,5,14.297,-0.2481807,0.03951637,-0.8849841,0.5084571,-0.5040157,0.4948469,0.49251,
1,5,14.299,-0.2481775,0.0395339,-0.884984,0.5084726,-0.5039806,0.4948926,0.492484,
1,5,14.301,-0.2481775,0.0395339,-0.884984,0.5084726,-0.5039806,0.4948926,0.492484,
1,5,14.303,-0.2481775,0.0395339,-0.884984,0.5084726,-0.5039806,0.4948926,0.492484,
1,5,14.305,-0.2481775,0.0395339,-0.884984,0.5084726,-0.5039806,0.4948926,0.492484,
1,5,14.307,-0.2481775,0.0395339,-0.884984,0.5084726,-0.5039806,0.4948926,0.492484,
1,5,14.309,-0.2481707,0.0395515,-0.8849875,0.5084657,-0.5039509,0.4949151,0.4924991,
1,5,14.311,-0.2481707,0.0395515,-0.8849875,0.5084657,-0.5039509,0.4949151,0.4924991,
1,5,14.313,-0.2481707,0.0395515,-0.8849875,0.5084657,-0.5039509,0.4949151,0.4924991,
1,5,14.315,-0.2481707,0.0395515,-0.8849875,0.5084657,-0.5039509,0.4949151,0.4924991,
1,5,14.317,-0.248178,0.03955645,-0.884977,0.5084456,-0.5039629,0.4949259,0.4924965,
1,5,14.319,-0.248178,0.03955645,-0.884977,0.5084456,-0.5039629,0.4949259,0.4924965,
1,5,14.321,-0.248178,0.03955645,-0.884977,0.5084456,-0.5039629,0.4949259,0.4924965,
1,5,14.323,-0.248178,0.03955645,-0.884977,0.5084456,-0.5039629,0.4949259,0.4924965,
1,5,14.325,-0.2481821,0.0395566,-0.8849822,0.5084373,-0.5039791,0.4949226,0.4924918,
1,5,14.327,-0.2481821,0.0395566,-0.8849822,0.5084373,-0.5039791,0.4949226,0.4924918,
1,5,14.329,-0.2481821,0.0395566,-0.8849822,0.5084373,-0.5039791,0.4949226,0.4924918,
1,5,14.331,-0.2481821,0.0395566,-0.8849822,0.5084373,-0.5039791,0.4949226,0.4924918,
1,5,14.333,-0.2481805,0.03954736,-0.8849809,0.5084373,-0.503967,0.4949366,0.4924903,
1,5,14.335,-0.2481805,0.03954736,-0.8849809,0.5084373,-0.503967,0.4949366,0.4924903,
1,5,14.337,-0.2481805,0.03954736,-0.8849809,0.5084373,-0.503967,0.4949366,0.4924903,
1,5,14.339,-0.2481805,0.03954736,-0.8849809,0.5084373,-0.503967,0.4949366,0.4924903,
1,5,14.341,-0.2481904,0.03954473,-0.8849862,0.5084556,-0.5039686,0.4949461,0.4924602,
1,5,14.343,-0.2481904,0.03954473,-0.8849862,0.5084556,-0.5039686,0.4949461,0.4924602,
1,5,14.345,-0.2481904,0.03954473,-0.8849862,0.5084556,-0.5039686,0.4949461,0.4924602,
1,5,14.347,-0.2481904,0.03954473,-0.8849862,0.5084556,-0.5039686,0.4949461,0.4924602,
1,5,14.349,-0.2481854,0.03954944,-0.8849852,0.5084644,-0.5039605,0.4949428,0.4924627,
1,5,14.351,-0.2481854,0.03954944,-0.8849852,0.5084644,-0.5039605,0.4949428,0.4924627,
1,5,14.353,-0.2481854,0.03954944,-0.8849852,0.5084644,-0.5039605,0.4949428,0.4924627,
1,5,14.355,-0.2481854,0.03954944,-0.8849852,0.5084644,-0.5039605,0.4949428,0.4924627,
1,5,14.357,-0.2481854,0.03954944,-0.8849852,0.5084644,-0.5039605,0.4949428,0.4924627,
1,5,14.359,-0.2481964,0.03953769,-0.8849884,0.5084488,-0.5039821,0.4949246,0.4924748,
1,5,14.361,-0.2481964,0.03953769,-0.8849884,0.5084488,-0.5039821,0.4949246,0.4924748,
1,5,14.363,-0.2481964,0.03953769,-0.8849884,0.5084488,-0.5039821,0.4949246,0.4924748,
1,5,14.365,-0.2481964,0.03953769,-0.8849884,0.5084488,-0.5039821,0.4949246,0.4924748,
1,5,14.367,-0.248196,0.03953621,-0.8849847,0.5084479,-0.5039651,0.4949534,0.4924642,
1,5,14.369,-0.248196,0.03953621,-0.8849847,0.5084479,-0.5039651,0.4949534,0.4924642,
1,5,14.371,-0.248196,0.03953621,-0.8849847,0.5084479,-0.5039651,0.4949534,0.4924642,
1,5,14.373,-0.248196,0.03953621,-0.8849847,0.5084479,-0.5039651,0.4949534,0.4924642,
1,5,14.375,-0.2481896,0.03955506,-0.8849917,0.5084386,-0.503948,0.4949671,0.4924777,
1,5,14.377,-0.2481896,0.03955506,-0.8849917,0.5084386,-0.503948,0.4949671,0.4924777,
1,5,14.379,-0.2481896,0.03955506,-0.8849917,0.5084386,-0.503948,0.4949671,0.4924777,
1,5,14.381,-0.2481896,0.03955506,-0.8849917,0.5084386,-0.503948,0.4949671,0.4924777,
1,5,14.383,-0.2481695,0.0395514,-0.8849936,0.5084634,-0.5039607,0.4949153,0.4924911,
1,5,14.385,-0.2481695,0.0395514,-0.8849936,0.5084634,-0.5039607,0.4949153,0.4924911,
1,5,14.387,-0.2481695,0.0395514,-0.8849936,0.5084634,-0.5039607,0.4949153,0.4924911,
1,5,14.389,-0.2481695,0.0395514,-0.8849936,0.5084634,-0.5039607,0.4949153,0.4924911,
1,5,14.391,-0.2481712,0.03955092,-0.8849946,0.5084566,-0.5039739,0.4949072,0.4924928,
1,5,14.393,-0.2481712,0.03955092,-0.8849946,0.5084566,-0.5039739,0.4949072,0.4924928,
1,5,14.395,-0.2481712,0.03955092,-0.8849946,0.5084566,-0.5039739,0.4949072,0.4924928,
1,5,14.397,-0.2481712,0.03955092,-0.8849946,0.5084566,-0.5039739,0.4949072,0.4924928,
1,5,14.399,-0.2481725,0.03956299,-0.8849813,0.5084692,-0.5039215,0.4949577,0.4924827,
1,5,14.401,-0.2481725,0.03956299,-0.8849813,0.5084692,-0.5039215,0.4949577,0.4924827,
1,5,14.403,-0.2481725,0.03956299,-0.8849813,0.5084692,-0.5039215,0.4949577,0.4924827,
1,5,14.405,-0.2481725,0.03956299,-0.8849813,0.5084692,-0.5039215,0.4949577,0.4924827,
1,5,14.407,-0.2481725,0.03956299,-0.8849813,0.5084692,-0.5039215,0.4949577,0.4924827,
1,5,14.409,-0.2481652,0.03955676,-0.8849829,0.5084498,-0.5039331,0.4949408,0.4925076,
1,5,14.411,-0.2481652,0.03955676,-0.8849829,0.5084498,-0.5039331,0.4949408,0.4925076,
1,5,14.413,-0.2481652,0.03955676,-0.8849829,0.5084498,-0.5039331,0.4949408,0.4925076,
1,5,14.415,-0.2481652,0.03955676,-0.8849829,0.5084498,-0.5039331,0.4949408,0.4925076,
1,5,14.417,-0.2481665,0.03955041,-0.8849847,0.508473,-0.5039241,0.494929,0.4925049,
1,5,14.419,-0.2481665,0.03955041,-0.8849847,0.508473,-0.5039241,0.494929,0.4925049,
1,5,14.421,-0.2481665,0.03955041,-0.8849847,0.508473,-0.5039241,0.494929,0.4925049,
1,5,14.423,-0.2481665,0.03955041,-0.8849847,0.508473,-0.5039241,0.494929,0.4925049,
1,5,14.425,-0.2481675,0.03955563,-0.884988,0.5084709,-0.5039394,0.4949302,0.4924902,
1,5,14.427,-0.2481675,0.03955563,-0.884988,0.5084709,-0.5039394,0.4949302,0.4924902,
1,5,14.429,-0.2481675,0.03955563,-0.884988,0.5084709,-0.5039394,0.4949302,0.4924902,
1,5,14.431,-0.2481675,0.03955563,-0.884988,0.5084709,-0.5039394,0.4949302,0.4924902,
1,5,14.433,-0.2481631,0.03955992,-0.8849845,0.508468,-0.5039231,0.4949574,0.4924827,
1,5,14.435,-0.2481631,0.03955992,-0.8849845,0.508468,-0.5039231,0.4949574,0.4924827,
1,5,14.437,-0.2481631,0.03955992,-0.8849845,0.508468,-0.5039231,0.4949574,0.4924827,
1,5,14.439,-0.2481631,0.03955992,-0.8849845,0.508468,-0.5039231,0.4949574,0.4924827,
1,5,14.441,-0.2481664,0.03953895,-0.884977,0.5084919,-0.5039407,0.4949331,0.4924644,
1,5,14.443,-0.2481664,0.03953895,-0.884977,0.5084919,-0.5039407,0.4949331,0.4924644,
1,5,14.445,-0.2481664,0.03953895,-0.884977,0.5084919,-0.5039407,0.4949331,0.4924644,
1,5,14.447,-0.2481664,0.03953895,-0.884977,0.5084919,-0.5039407,0.4949331,0.4924644,
1,5,14.449,-0.2481561,0.03954208,-0.8849721,0.5084978,-0.5039269,0.4949324,0.4924732,
1,5,14.451,-0.2481561,0.03954208,-0.8849721,0.5084978,-0.5039269,0.4949324,0.4924732,
1,5,14.453,-0.2481561,0.03954208,-0.8849721,0.5084978,-0.5039269,0.4949324,0.4924732,
1,5,14.455,-0.2481561,0.03954208,-0.8849721,0.5084978,-0.5039269,0.4949324,0.4924732,
1,5,14.457,-0.2481561,0.03954208,-0.8849721,0.5084978,-0.5039269,0.4949324,0.4924732,
1,5,14.459,-0.2481523,0.03954796,-0.8849666,0.5085051,-0.5039158,0.4949258,0.4924834,
1,5,14.461,-0.2481523,0.03954796,-0.8849666,0.5085051,-0.5039158,0.4949258,0.4924834,
1,5,14.463,-0.2481523,0.03954796,-0.8849666,0.5085051,-0.5039158,0.4949258,0.4924834,
1,5,14.465,-0.2481523,0.03954796,-0.8849666,0.5085051,-0.5039158,0.4949258,0.4924834,
1,5,14.467,-0.2481428,0.03954802,-0.884968,0.508505,-0.5039039,0.4949373,0.4924842,
1,5,14.469,-0.2481428,0.03954802,-0.884968,0.508505,-0.5039039,0.4949373,0.4924842,
1,5,14.471,-0.2481428,0.03954802,-0.884968,0.508505,-0.5039039,0.4949373,0.4924842,
1,5,14.473,-0.2481428,0.03954802,-0.884968,0.508505,-0.5039039,0.4949373,0.4924842,
1,5,14.475,-0.2481602,0.03952747,-0.8849808,0.5085087,-0.5039538,0.49493,0.4924366,
1,5,14.477,-0.2481602,0.03952747,-0.8849808,0.5085087,-0.5039538,0.49493,0.4924366,
1,5,14.479,-0.2481602,0.03952747,-0.8849808,0.5085087,-0.5039538,0.49493,0.4924366,
1,5,14.481,-0.2481602,0.03952747,-0.8849808,0.5085087,-0.5039538,0.49493,0.4924366,
1,5,14.483,-0.2481758,0.03954138,-0.8849728,0.5084883,-0.5039456,0.4949457,0.4924502,
1,5,14.485,-0.2481758,0.03954138,-0.8849728,0.5084883,-0.5039456,0.4949457,0.4924502,
1,5,14.487,-0.2481758,0.03954138,-0.8849728,0.5084883,-0.5039456,0.4949457,0.4924502,
1,5,14.489,-0.2481758,0.03954138,-0.8849728,0.5084883,-0.5039456,0.4949457,0.4924502,
1,5,14.491,-0.2481595,0.03954317,-0.8849697,0.5084965,-0.5039518,0.4949268,0.4924545,
1,5,14.493,-0.2481595,0.03954317,-0.8849697,0.5084965,-0.5039518,0.4949268,0.4924545,
1,5,14.495,-0.2481595,0.03954317,-0.8849697,0.5084965,-0.5039518,0.4949268,0.4924545,
1,5,14.497,-0.2481595,0.03954317,-0.8849697,0.5084965,-0.5039518,0.4949268,0.4924545,
1,5,14.499,-0.2481606,0.03954516,-0.8849682,0.5084919,-0.5039544,0.4949411,0.4924423,
1,5,14.501,-0.2481606,0.03954516,-0.8849682,0.5084919,-0.5039544,0.4949411,0.4924423,
1,5,14.503,-0.2481606,0.03954516,-0.8849682,0.5084919,-0.5039544,0.4949411,0.4924423,
1,5,14.505,-0.2481606,0.03954516,-0.8849682,0.5084919,-0.5039544,0.4949411,0.4924423,
1,5,14.507,-0.2481606,0.03954516,-0.8849682,0.5084919,-0.5039544,0.4949411,0.4924423,
1,5,14.509,-0.2481623,0.03953806,-0.8849752,0.5085012,-0.5039645,0.4949114,0.4924523,
1,5,14.511,-0.2481623,0.03953806,-0.8849752,0.5085012,-0.5039645,0.4949114,0.4924523,
1,5,14.513,-0.2481623,0.03953806,-0.8849752,0.5085012,-0.5039645,0.4949114,0.4924523,
1,5,14.515,-0.2481623,0.03953806,-0.8849752,0.5085012,-0.5039645,0.4949114,0.4924523,
1,5,14.517,-0.2481655,0.0395395,-0.8849813,0.508505,-0.5039658,0.4949188,0.4924394,
1,5,14.519,-0.2481655,0.0395395,-0.8849813,0.508505,-0.5039658,0.4949188,0.4924394,
1,5,14.521,-0.2481655,0.0395395,-0.8849813,0.508505,-0.5039658,0.4949188,0.4924394,
1,5,14.523,-0.2481655,0.0395395,-0.8849813,0.508505,-0.5039658,0.4949188,0.4924394,
1,5,14.525,-0.2481591,0.0395454,-0.8849782,0.5084785,-0.5039657,0.4949209,0.4924647,
1,5,14.527,-0.2481591,0.0395454,-0.8849782,0.5084785,-0.5039657,0.4949209,0.4924647,
1,5,14.529,-0.2481591,0.0395454,-0.8849782,0.5084785,-0.5039657,0.4949209,0.4924647,
1,5,14.531,-0.2481591,0.0395454,-0.8849782,0.5084785,-0.5039657,0.4949209,0.4924647,
1,5,14.533,-0.2481613,0.03954585,-0.884973,0.5084905,-0.503958,0.494921,0.49246,
1,5,14.535,-0.2481613,0.03954585,-0.884973,0.5084905,-0.503958,0.494921,0.49246,
1,5,14.537,-0.2481613,0.03954585,-0.884973,0.5084905,-0.503958,0.494921,0.49246,
1,5,14.539,-0.2481613,0.03954585,-0.884973,0.5084905,-0.503958,0.494921,0.49246,
1,5,14.541,-0.2481422,0.03953286,-0.8849739,0.5085108,-0.5039598,0.4948967,0.4924617,
1,5,14.543,-0.2481422,0.03953286,-0.8849739,0.5085108,-0.5039598,0.4948967,0.4924617,
1,5,14.545,-0.2481422,0.03953286,-0.8849739,0.5085108,-0.5039598,0.4948967,0.4924617,
1,5,14.547,-0.2481422,0.03953286,-0.8849739,0.5085108,-0.5039598,0.4948967,0.4924617,
1,5,14.549,-0.2481537,0.03953923,-0.8849733,0.5085174,-0.5039517,0.4949104,0.4924493,
1,5,14.551,-0.2481537,0.03953923,-0.8849733,0.5085174,-0.5039517,0.4949104,0.4924493,
1,5,14.553,-0.2481537,0.03953923,-0.8849733,0.5085174,-0.5039517,0.4949104,0.4924493,
1,5,14.555,-0.2481537,0.03953923,-0.8849733,0.5085174,-0.5039517,0.4949104,0.4924493,
1,5,14.557,-0.2481537,0.03953923,-0.8849733,0.5085174,-0.5039517,0.4949104,0.4924493,
1,5,14.559,-0.2481635,0.03954229,-0.8849831,0.5085089,-0.5039566,0.4949179,0.4924458,
1,5,14.561,-0.2481635,0.03954229,-0.8849831,0.5085089,-0.5039566,0.4949179,0.4924458,
1,5,14.563,-0.2481635,0.03954229,-0.8849831,0.5085089,-0.5039566,0.4949179,0.4924458,
1,5,14.565,-0.2481635,0.03954229,-0.8849831,0.5085089,-0.5039566,0.4949179,0.4924458,
1,5,14.567,-0.2481679,0.03955393,-0.8849775,0.508496,-0.5039523,0.4949163,0.4924651,
1,5,14.569,-0.2481679,0.03955393,-0.8849775,0.508496,-0.5039523,0.4949163,0.4924651,
1,5,14.571,-0.2481679,0.03955393,-0.8849775,0.508496,-0.5039523,0.4949163,0.4924651,
1,5,14.573,-0.2481679,0.03955393,-0.8849775,0.508496,-0.5039523,0.4949163,0.4924651,
1,5,14.575,-0.248159,0.03956262,-0.8849757,0.5084755,-0.5039433,0.4949416,0.4924698,
1,5,14.577,-0.248159,0.03956262,-0.8849757,0.5084755,-0.5039433,0.4949416,0.4924698,
1,5,14.579,-0.248159,0.03956262,-0.8849757,0.5084755,-0.5039433,0.4949416,0.4924698,
1,5,14.581,-0.248159,0.03956262,-0.8849757,0.5084755,-0.5039433,0.4949416,0.4924698,
1,5,14.583,-0.2481655,0.03954018,-0.884979,0.5085185,-0.5039518,0.4949234,0.4924351,
1,5,14.585,-0.2481655,0.03954018,-0.884979,0.5085185,-0.5039518,0.4949234,0.4924351,
1,5,14.587,-0.2481655,0.03954018,-0.884979,0.5085185,-0.5039518,0.4949234,0.4924351,
1,5,14.589,-0.2481655,0.03954018,-0.884979,0.5085185,-0.5039518,0.4949234,0.4924351,
1,5,14.591,-0.2481753,0.03952777,-0.8849764,0.508474,-0.5040174,0.4948502,0.4924875,
1,5,14.593,-0.2481753,0.03952777,-0.8849764,0.508474,-0.5040174,0.4948502,0.4924875,
1,5,14.595,-0.2481753,0.03952777,-0.8849764,0.508474,-0.5040174,0.4948502,0.4924875,
1,5,14.597,-0.2481753,0.03952777,-0.8849764,0.508474,-0.5040174,0.4948502,0.4924875,
1,5,14.599,-0.2481705,0.03953516,-0.8849701,0.5084965,-0.5039937,0.4948719,0.4924666,
1,5,14.601,-0.2481705,0.03953516,-0.8849701,0.5084965,-0.5039937,0.4948719,0.4924666,
1,5,14.603,-0.2481705,0.03953516,-0.8849701,0.5084965,-0.5039937,0.4948719,0.4924666,
1,5,14.605,-0.2481705,0.03953516,-0.8849701,0.5084965,-0.5039937,0.4948719,0.4924666,
1,5,14.607,-0.2481705,0.03953516,-0.8849701,0.5084965,-0.5039937,0.4948719,0.4924666,
1,5,14.609,-0.2481699,0.03955986,-0.8849742,0.5084816,-0.5039418,0.4949238,0.4924832,
1,5,14.611,-0.2481699,0.03955986,-0.8849742,0.5084816,-0.5039418,0.4949238,0.4924832,
1,5,14.613,-0.2481699,0.03955986,-0.8849742,0.5084816,-0.5039418,0.4949238,0.4924832,
1,5,14.615,-0.2481699,0.03955986,-0.8849742,0.5084816,-0.5039418,0.4949238,0.4924832,
1,5,14.617,-0.2481761,0.03957044,-0.8849726,0.5084593,-0.5039499,0.4949266,0.492495,
1,5,14.619,-0.2481761,0.03957044,-0.8849726,0.5084593,-0.5039499,0.4949266,0.492495,
1,5,14.621,-0.2481761,0.03957044,-0.8849726,0.5084593,-0.5039499,0.4949266,0.492495,
1,5,14.623,-0.2481761,0.03957044,-0.8849726,0.5084593,-0.5039499,0.4949266,0.492495,
1,5,14.625,-0.2481759,0.03956798,-0.8849771,0.5084715,-0.5039514,0.4949168,0.4924908,
1,5,14.627,-0.2481759,0.03956798,-0.8849771,0.5084715,-0.5039514,0.4949168,0.4924908,
1,5,14.629,-0.2481759,0.03956798,-0.8849771,0.5084715,-0.5039514,0.4949168,0.4924908,
1,5,14.631,-0.2481759,0.03956798,-0.8849771,0.5084715,-0.5039514,0.4949168,0.4924908,
1,5,14.633,-0.2481715,0.03955907,-0.8849768,0.5084767,-0.5039374,0.4949305,0.4924859,
1,5,14.635,-0.2481715,0.03955907,-0.8849768,0.5084767,-0.5039374,0.4949305,0.4924859,
1,5,14.637,-0.2481715,0.03955907,-0.8849768,0.5084767,-0.5039374,0.4949305,0.4924859,
1,5,14.639,-0.2481715,0.03955907,-0.8849768,0.5084767,-0.5039374,0.4949305,0.4924859,
1,5,14.641,-0.2481772,0.03955581,-0.8849739,0.5084911,-0.5039355,0.4949272,0.4924764,
1,5,14.643,-0.2481772,0.03955581,-0.8849739,0.5084911,-0.5039355,0.4949272,0.4924764,
1,5,14.645,-0.2481772,0.03955581,-0.8849739,0.5084911,-0.5039355,0.4949272,0.4924764,
1,5,14.647,-0.2481772,0.03955581,-0.8849739,0.5084911,-0.5039355,0.4949272,0.4924764,
1,5,14.649,-0.2481855,0.03955453,-0.8849727,0.5084773,-0.5039353,0.494953,0.4924648,
1,5,14.651,-0.2481855,0.03955453,-0.8849727,0.5084773,-0.5039353,0.494953,0.4924648,
1,5,14.653,-0.2481855,0.03955453,-0.8849727,0.5084773,-0.5039353,0.494953,0.4924648,
1,5,14.655,-0.2481855,0.03955453,-0.8849727,0.5084773,-0.5039353,0.494953,0.4924648,
1,5,14.657,-0.2481855,0.03955453,-0.8849727,0.5084773,-0.5039353,0.494953,0.4924648,
1,5,14.659,-0.2481857,0.03955802,-0.8849798,0.508473,-0.5039306,0.4949581,0.492469,
1,5,14.661,-0.2481857,0.03955802,-0.8849798,0.508473,-0.5039306,0.4949581,0.492469,
1,5,14.663,-0.2481857,0.03955802,-0.8849798,0.508473,-0.5039306,0.4949581,0.492469,
1,5,14.665,-0.2481857,0.03955802,-0.8849798,0.508473,-0.5039306,0.4949581,0.492469,
1,5,14.667,-0.2481933,0.03957357,-0.884986,0.508463,-0.5039324,0.4949569,0.4924787,
1,5,14.669,-0.2481933,0.03957357,-0.884986,0.508463,-0.5039324,0.4949569,0.4924787,
1,5,14.671,-0.2481933,0.03957357,-0.884986,0.508463,-0.5039324,0.4949569,0.4924787,
1,5,14.673,-0.2481933,0.03957357,-0.884986,0.508463,-0.5039324,0.4949569,0.4924787,
1,5,14.675,-0.2481842,0.03955591,-0.8849844,0.5084518,-0.5039759,0.4949301,0.4924727,
1,5,14.677,-0.2481842,0.03955591,-0.8849844,0.5084518,-0.5039759,0.4949301,0.4924727,
1,5,14.679,-0.2481842,0.03955591,-0.8849844,0.5084518,-0.5039759,0.4949301,0.4924727,
1,5,14.681,-0.2481842,0.03955591,-0.8849844,0.5084518,-0.5039759,0.4949301,0.4924727,
1,5,14.683,-0.2481704,0.03955115,-0.8849831,0.5084569,-0.5039837,0.494905,0.4924846,
1,5,14.685,-0.2481704,0.03955115,-0.8849831,0.5084569,-0.5039837,0.494905,0.4924846,
1,5,14.687,-0.2481704,0.03955115,-0.8849831,0.5084569,-0.5039837,0.494905,0.4924846,
1,5,14.689,-0.2481704,0.03955115,-0.8849831,0.5084569,-0.5039837,0.494905,0.4924846,
1,5,14.691,-0.2481646,0.03955296,-0.8849795,0.5084666,-0.5039635,0.4949205,0.4924797,
1,5,14.693,-0.2481646,0.03955296,-0.8849795,0.5084666,-0.5039635,0.4949205,0.4924797,
1,5,14.695,-0.2481646,0.03955296,-0.8849795,0.5084666,-0.5039635,0.4949205,0.4924797,
1,5,14.697,-0.2481646,0.03955296,-0.8849795,0.5084666,-0.5039635,0.4949205,0.4924797,
1,5,14.699,-0.2481741,0.03956197,-0.8849708,0.5084649,-0.5039461,0.4949254,0.4924943,
1,5,14.701,-0.2481741,0.03956197,-0.8849708,0.5084649,-0.5039461,0.4949254,0.4924943,
1,5,14.703,-0.2481741,0.03956197,-0.8849708,0.5084649,-0.5039461,0.4949254,0.4924943,
1,5,14.705,-0.2481741,0.03956197,-0.8849708,0.5084649,-0.5039461,0.4949254,0.4924943,
1,5,14.707,-0.2481741,0.03956197,-0.8849708,0.5084649,-0.5039461,0.4949254,0.4924943,
1,5,14.709,-0.2481589,0.03954671,-0.8849809,0.5084705,-0.503959,0.4948949,0.4925062,
1,5,14.711,-0.2481589,0.03954671,-0.8849809,0.5084705,-0.503959,0.4948949,0.4925062,
1,5,14.713,-0.2481589,0.03954671,-0.8849809,0.5084705,-0.503959,0.4948949,0.4925062,
1,5,14.715,-0.2481589,0.03954671,-0.8849809,0.5084705,-0.503959,0.4948949,0.4925062,
1,5,14.717,-0.2481627,0.03954318,-0.8849831,0.5084779,-0.5039611,0.4948958,0.4924952,
1,5,14.719,-0.2481627,0.03954318,-0.8849831,0.5084779,-0.5039611,0.4948958,0.4924952,
1,5,14.721,-0.2481627,0.03954318,-0.8849831,0.5084779,-0.5039611,0.4948958,0.4924952,
1,5,14.723,-0.2481627,0.03954318,-0.8849831,0.5084779,-0.5039611,0.4948958,0.4924952,
1,5,14.725,-0.2481609,0.0395546,-0.8849765,0.5084717,-0.5039504,0.4949105,0.4924979,
1,5,14.727,-0.2481609,0.0395546,-0.8849765,0.5084717,-0.5039504,0.4949105,0.4924979,
1,5,14.729,-0.2481609,0.0395546,-0.8849765,0.5084717,-0.5039504,0.4949105,0.4924979,
1,5,14.731,-0.2481609,0.0395546,-0.8849765,0.5084717,-0.5039504,0.4949105,0.4924979,
1,5,14.733,-0.248168,0.03956188,-0.8849791,0.5084665,-0.5039449,0.4949196,0.4924997,
1,5,14.735,-0.248168,0.03956188,-0.8849791,0.5084665,-0.5039449,0.4949196,0.4924997,
1,5,14.737,-0.248168,0.03956188,-0.8849791,0.5084665,-0.5039449,0.4949196,0.4924997,
1,5,14.739,-0.248168,0.03956188,-0.8849791,0.5084665,-0.5039449,0.4949196,0.4924997,
1,5,14.741,-0.2481625,0.03955078,-0.8849792,0.5084834,-0.5039434,0.4949133,0.4924901,
1,5,14.743,-0.2481625,0.03955078,-0.8849792,0.5084834,-0.5039434,0.4949133,0.4924901,
1,5,14.745,-0.2481625,0.03955078,-0.8849792,0.5084834,-0.5039434,0.4949133,0.4924901,
1,5,14.747,-0.2481625,0.03955078,-0.8849792,0.5084834,-0.5039434,0.4949133,0.4924901,
1,5,14.749,-0.2481548,0.03953738,-0.8849791,0.5084991,-0.5039486,0.494903,0.4924789,
1,5,14.751,-0.2481548,0.03953738,-0.8849791,0.5084991,-0.5039486,0.494903,0.4924789,
1,5,14.753,-0.2481548,0.03953738,-0.8849791,0.5084991,-0.5039486,0.494903,0.4924789,
1,5,14.755,-0.2481548,0.03953738,-0.8849791,0.5084991,-0.5039486,0.494903,0.4924789,CourtEnter
1,5,14.757,-0.2481548,0.03953738,-0.8849791,0.5084991,-0.5039486,0.494903,0.4924789,
1,5,14.759,-0.2481618,0.03954519,-0.8849753,0.508483,-0.5039552,0.4949189,0.4924729,
1,5,14.761,-0.2481618,0.03954519,-0.8849753,0.508483,-0.5039552,0.4949189,0.4924729,
1,5,14.763,-0.2481618,0.03954519,-0.8849753,0.508483,-0.5039552,0.4949189,0.4924729,
1,5,14.765,-0.2481618,0.03954519,-0.8849753,0.508483,-0.5039552,0.4949189,0.4924729,
1,5,14.767,-0.248173,0.03955375,-0.8849731,0.5084754,-0.5039251,0.4949505,0.4924798,CourtExit
1,5,14.769,-0.248173,0.03955375,-0.8849731,0.5084754,-0.5039251,0.4949505,0.4924798,
1,5,14.771,-0.248173,0.03955375,-0.8849731,0.5084754,-0.5039251,0.4949505,0.4924798,
1,5,14.773,-0.248173,0.03955375,-0.8849731,0.5084754,-0.5039251,0.4949505,0.4924798,
1,5,14.775,-0.2481688,0.03956437,-0.88497,0.5084656,-0.5039132,0.4949584,0.4924941,
1,5,14.777,-0.2481688,0.03956437,-0.88497,0.5084656,-0.5039132,0.4949584,0.4924941,
1,5,14.779,-0.2481688,0.03956437,-0.88497,0.5084656,-0.5039132,0.4949584,0.4924941,
1,5,14.781,-0.2481688,0.03956437,-0.88497,0.5084656,-0.5039132,0.4949584,0.4924941,
1,5,14.783,-0.2481667,0.03954989,-0.8849801,0.5084923,-0.5039222,0.494933,0.4924829,
1,5,14.785,-0.2481667,0.03954989,-0.8849801,0.5084923,-0.5039222,0.494933,0.4924829,
1,5,14.787,-0.2481667,0.03954989,-0.8849801,0.5084923,-0.5039222,0.494933,0.4924829,
1,5,14.789,-0.2481667,0.03954989,-0.8849801,0.5084923,-0.5039222,0.494933,0.4924829,
1,5,14.791,-0.2481652,0.03955007,-0.8849719,0.5084885,-0.5039226,0.4949389,0.4924805,
1,5,14.793,-0.2481652,0.03955007,-0.8849719,0.5084885,-0.5039226,0.4949389,0.4924805,
1,5,14.795,-0.2481652,0.03955007,-0.8849719,0.5084885,-0.5039226,0.4949389,0.4924805,
1,5,14.797,-0.2481652,0.03955007,-0.8849719,0.5084885,-0.5039226,0.4949389,0.4924805,
1,5,14.799,-0.2481727,0.03955188,-0.8849711,0.5084641,-0.5039409,0.4949368,0.4924891,
1,5,14.801,-0.2481727,0.03955188,-0.8849711,0.5084641,-0.5039409,0.4949368,0.4924891,
1,5,14.803,-0.2481727,0.03955188,-0.8849711,0.5084641,-0.5039409,0.4949368,0.4924891,
1,5,14.805,-0.2481727,0.03955188,-0.8849711,0.5084641,-0.5039409,0.4949368,0.4924891,
1,5,14.807,-0.2481727,0.03955188,-0.8849711,0.5084641,-0.5039409,0.4949368,0.4924891,
1,5,14.809,-0.2481733,0.03954039,-0.8849774,0.5084742,-0.5039566,0.4949156,0.4924839,
1,5,14.811,-0.2481733,0.03954039,-0.8849774,0.5084742,-0.5039566,0.4949156,0.4924839,
1,5,14.813,-0.2481733,0.03954039,-0.8849774,0.5084742,-0.5039566,0.4949156,0.4924839,
1,5,14.815,-0.2481733,0.03954039,-0.8849774,0.5084742,-0.5039566,0.4949156,0.4924839,
1,5,14.817,-0.2481809,0.03955117,-0.8849797,0.5084586,-0.5039518,0.4949268,0.4924936,
1,5,14.819,-0.2481809,0.03955117,-0.8849797,0.5084586,-0.5039518,0.4949268,0.4924936,
1,5,14.821,-0.2481809,0.03955117,-0.8849797,0.5084586,-0.5039518,0.4949268,0.4924936,
1,5,14.823,-0.2481809,0.03955117,-0.8849797,0.5084586,-0.5039518,0.4949268,0.4924936,
1,5,14.825,-0.2481798,0.03955185,-0.8849763,0.5084623,-0.5039425,0.4949389,0.4924871,
1,5,14.827,-0.2481798,0.03955185,-0.8849763,0.5084623,-0.5039425,0.4949389,0.4924871,
1,5,14.829,-0.2481798,0.03955185,-0.8849763,0.5084623,-0.5039425,0.4949389,0.4924871,
1,5,14.831,-0.2481798,0.03955185,-0.8849763,0.5084623,-0.5039425,0.4949389,0.4924871,
1,5,14.833,-0.2481704,0.03953512,-0.8849823,0.5084869,-0.5039515,0.4949193,0.4924722,
1,5,14.835,-0.2481704,0.03953512,-0.8849823,0.5084869,-0.5039515,0.4949193,0.4924722,
1,5,14.837,-0.2481704,0.03953512,-0.8849823,0.5084869,-0.5039515,0.4949193,0.4924722,
1,5,14.839,-0.2481704,0.03953512,-0.8849823,0.5084869,-0.5039515,0.4949193,0.4924722,
1,5,14.841,-0.2481804,0.03954575,-0.8849811,0.508482,-0.5039689,0.494893,0.492486,
1,5,14.843,-0.2481804,0.03954575,-0.8849811,0.508482,-0.5039689,0.494893,0.492486,
1,5,14.845,-0.2481804,0.03954575,-0.8849811,0.508482,-0.5039689,0.494893,0.492486,
1,5,14.847,-0.2481804,0.03954575,-0.8849811,0.508482,-0.5039689,0.494893,0.492486,
1,5,14.849,-0.2481721,0.03954707,-0.8849802,0.5084848,-0.5039895,0.4948707,0.4924845,
1,5,14.851,-0.2481721,0.03954707,-0.8849802,0.5084848,-0.5039895,0.4948707,0.4924845,
1,5,14.853,-0.2481721,0.03954707,-0.8849802,0.5084848,-0.5039895,0.4948707,0.4924845,
1,5,14.855,-0.2481721,0.03954707,-0.8849802,0.5084848,-0.5039895,0.4948707,0.4924845,
1,5,14.857,-0.2481721,0.03954707,-0.8849802,0.5084848,-0.5039895,0.4948707,0.4924845,
1,5,14.859,-0.2481701,0.03954471,-0.8849726,0.508478,-0.5039831,0.4948865,0.4924821,
1,5,14.861,-0.2481701,0.03954471,-0.8849726,0.508478,-0.5039831,0.4948865,0.4924821,
1,5,14.863,-0.2481701,0.03954471,-0.8849726,0.508478,-0.5039831,0.4948865,0.4924821,
1,5,14.865,-0.2481701,0.03954471,-0.8849726,0.508478,-0.5039831,0.4948865,0.4924821,
1,5,14.867,-0.2481641,0.03954299,-0.8849725,0.5084972,-0.503939,0.4949189,0.4924748,
1,5,14.869,-0.2481641,0.03954299,-0.8849725,0.5084972,-0.503939,0.4949189,0.4924748,
1,5,14.871,-0.2481641,0.03954299,-0.8849725,0.5084972,-0.503939,0.4949189,0.4924748,
1,5,14.873,-0.2481641,0.03954299,-0.8849725,0.5084972,-0.503939,0.4949189,0.4924748,
1,5,14.875,-0.2481634,0.03953535,-0.8849707,0.5084916,-0.5039299,0.4949326,0.4924761,
1,5,14.877,-0.2481634,0.03953535,-0.8849707,0.5084916,-0.5039299,0.4949326,0.4924761,
1,5,14.879,-0.2481634,0.03953535,-0.8849707,0.5084916,-0.5039299,0.4949326,0.4924761,
1,5,14.881,-0.2481634,0.03953535,-0.8849707,0.5084916,-0.5039299,0.4949326,0.4924761,
1,5,14.883,-0.2481663,0.03955019,-0.8849744,0.5084946,-0.503943,0.4949078,0.4924847,
1,5,14.885,-0.2481663,0.03955019,-0.8849744,0.5084946,-0.503943,0.4949078,0.4924847,
1,5,14.887,-0.2481663,0.03955019,-0.8849744,0.5084946,-0.503943,0.4949078,0.4924847,
1,5,14.889,-0.2481663,0.03955019,-0.8849744,0.5084946,-0.503943,0.4949078,0.4924847,
1,5,14.891,-0.2481727,0.03954733,-0.8849766,0.5084807,-0.5039415,0.4949102,0.492498,
1,5,14.893,-0.2481727,0.03954733,-0.8849766,0.5084807,-0.5039415,0.4949102,0.492498,
1,5,14.895,-0.2481727,0.03954733,-0.8849766,0.5084807,-0.5039415,0.4949102,0.492498,
1,5,14.897,-0.2481727,0.03954733,-0.8849766,0.5084807,-0.5039415,0.4949102,0.492498,
1,5,14.899,-0.2481658,0.03954618,-0.8849734,0.5084835,-0.5039397,0.4949153,0.4924918,
1,5,14.901,-0.2481658,0.03954618,-0.8849734,0.5084835,-0.5039397,0.4949153,0.4924918,
1,5,14.903,-0.2481658,0.03954618,-0.8849734,0.5084835,-0.5039397,0.4949153,0.4924918,
1,5,14.905,-0.2481658,0.03954618,-0.8849734,0.5084835,-0.5039397,0.4949153,0.4924918,
1,5,14.907,-0.2481658,0.03954618,-0.8849734,0.5084835,-0.5039397,0.4949153,0.4924918,
1,5,14.909,-0.2481819,0.03954712,-0.8849823,0.5084674,-0.503966,0.4949151,0.492482,
1,5,14.911,-0.2481819,0.03954712,-0.8849823,0.5084674,-0.503966,0.4949151,0.492482,
1,5,14.913,-0.2481819,0.03954712,-0.8849823,0.5084674,-0.503966,0.4949151,0.492482,
1,5,14.915,-0.2481819,0.03954712,-0.8849823,0.5084674,-0.503966,0.4949151,0.492482,
1,5,14.917,-0.248173,0.03955105,-0.8849753,0.5084671,-0.5039448,0.4949332,0.4924857,
1,5,14.919,-0.248173,0.03955105,-0.8849753,0.5084671,-0.5039448,0.4949332,0.4924857,
1,5,14.921,-0.248173,0.03955105,-0.8849753,0.5084671,-0.5039448,0.4949332,0.4924857,
1,5,14.923,-0.248173,0.03955105,-0.8849753,0.5084671,-0.5039448,0.4949332,0.4924857,
1,5,14.925,-0.2481729,0.03955103,-0.8849652,0.5084654,-0.5039538,0.4949106,0.4925009,
1,5,14.927,-0.2481729,0.03955103,-0.8849652,0.5084654,-0.5039538,0.4949106,0.4925009,
1,5,14.929,-0.2481729,0.03955103,-0.8849652,0.5084654,-0.5039538,0.4949106,0.4925009,
1,5,14.931,-0.2481729,0.03955103,-0.8849652,0.5084654,-0.5039538,0.4949106,0.4925009,
1,5,14.933,-0.2481687,0.03955668,-0.8849822,0.5084546,-0.5039396,0.4949301,0.4925069,
1,5,14.935,-0.2481687,0.03955668,-0.8849822,0.5084546,-0.5039396,0.4949301,0.4925069,
1,5,14.937,-0.2481687,0.03955668,-0.8849822,0.5084546,-0.5039396,0.4949301,0.4925069,
1,5,14.939,-0.2481687,0.03955668,-0.8849822,0.5084546,-0.5039396,0.4949301,0.4925069,
1,5,14.941,-0.2481708,0.03955262,-0.8849738,0.5084701,-0.5039427,0.4949101,0.4925078,
1,5,14.943,-0.2481708,0.03955262,-0.8849738,0.5084701,-0.5039427,0.4949101,0.4925078,
1,5,14.945,-0.2481708,0.03955262,-0.8849738,0.5084701,-0.5039427,0.4949101,0.4925078,
1,5,14.947,-0.2481708,0.03955262,-0.8849738,0.5084701,-0.5039427,0.4949101,0.4925078,
1,5,14.949,-0.2481925,0.0395054,-0.8849875,0.5084718,-0.5040057,0.4948448,0.4925072,
1,5,14.951,-0.2481925,0.0395054,-0.8849875,0.5084718,-0.5040057,0.4948448,0.4925072,
1,5,14.953,-0.2481925,0.0395054,-0.8849875,0.5084718,-0.5040057,0.4948448,0.4925072,
1,5,14.955,-0.2481925,0.0395054,-0.8849875,0.5084718,-0.5040057,0.4948448,0.4925072,
1,5,14.957,-0.2481925,0.0395054,-0.8849875,0.5084718,-0.5040057,0.4948448,0.4925072,
1,5,14.959,-0.2481819,0.03953976,-0.8849799,0.5084546,-0.5039651,0.4949161,0.4924949,
1,5,14.961,-0.2481819,0.03953976,-0.8849799,0.5084546,-0.5039651,0.4949161,0.4924949,
1,5,14.963,-0.2481819,0.03953976,-0.8849799,0.5084546,-0.5039651,0.4949161,0.4924949,
1,5,14.965,-0.2481819,0.03953976,-0.8849799,0.5084546,-0.5039651,0.4949161,0.4924949,
1,5,14.967,-0.2481775,0.03955791,-0.8849735,0.5084527,-0.503931,0.4949436,0.4925044,
1,5,14.969,-0.2481775,0.03955791,-0.8849735,0.5084527,-0.503931,0.4949436,0.4925044,
1,5,14.971,-0.2481775,0.03955791,-0.8849735,0.5084527,-0.503931,0.4949436,0.4925044,
1,5,14.973,-0.2481775,0.03955791,-0.8849735,0.5084527,-0.503931,0.4949436,0.4925044,
1,5,14.975,-0.2481827,0.03955796,-0.8849694,0.5084671,-0.5039241,0.494942,0.4924978,
1,5,14.977,-0.2481827,0.03955796,-0.8849694,0.5084671,-0.5039241,0.494942,0.4924978,
1,5,14.979,-0.2481827,0.03955796,-0.8849694,0.5084671,-0.5039241,0.494942,0.4924978,
1,5,14.981,-0.2481827,0.03955796,-0.8849694,0.5084671,-0.5039241,0.494942,0.4924978,
1,5,14.983,-0.248177,0.03955113,-0.8849756,0.5084916,-0.5039297,0.4949273,0.4924817,
1,5,14.985,-0.248177,0.03955113,-0.8849756,0.5084916,-0.5039297,0.4949273,0.4924817,
1,5,14.987,-0.248177,0.03955113,-0.8849756,0.5084916,-0.5039297,0.4949273,0.4924817,
1,5,14.989,-0.248177,0.03955113,-0.8849756,0.5084916,-0.5039297,0.4949273,0.4924817,
1,5,14.991,-0.2481694,0.03954999,-0.8849767,0.5084852,-0.5039248,0.4949332,0.4924875,
1,5,14.993,-0.2481694,0.03954999,-0.8849767,0.5084852,-0.5039248,0.4949332,0.4924875,
1,5,14.995,-0.2481694,0.03954999,-0.8849767,0.5084852,-0.5039248,0.4949332,0.4924875,
1,5,14.997,-0.2481694,0.03954999,-0.8849767,0.5084852,-0.5039248,0.4949332,0.4924875,
1,5,14.999,-0.24817,0.03955272,-0.8849837,0.5084898,-0.5039202,0.4949502,0.4924703,
1,6,15.001,-0.24817,0.03955272,-0.8849837,0.5084898,-0.5039202,0.4949502,0.4924703,TrialStart
1,6,15.003,-0.24817,0.03955272,-0.8849837,0.5084898,-0.5039202,0.4949502,0.4924703,
1,6,15.005,-0.24817,0.03955272,-0.8849837,0.5084898,-0.5039202,0.4949502,0.4924703,
1,6,15.007,-0.24817,0.03955272,-0.8849837,0.5084898,-0.5039202,0.4949502,0.4924703,
1,6,15.009,-0.2481785,0.03955182,-0.8849835,0.5084884,-0.5039181,0.4949429,0.4924812,
1,6,15.011,-0.2481785,0.03955182,-0.8849835,0.5084884,-0.5039181,0.4949429,0.4924812,
1,6,15.013,-0.2481785,0.03955182,-0.8849835,0.5084884,-0.5039181,0.4949429,0.4924812,
1,6,15.015,-0.2481785,0.03955182,-0.8849835,0.5084884,-0.5039181,0.4949429,0.4924812,
1,6,15.017,-0.2481735,0.03953657,-0.8849792,0.5084917,-0.5039447,0.4949148,0.4924788,
1,6,15.019,-0.2481735,0.03953657,-0.8849792,0.5084917,-0.5039447,0.4949148,0.4924788,
1,6,15.021,-0.2481735,0.03953657,-0.8849792,0.5084917,-0.5039447,0.4949148,0.4924788,
1,6,15.023,-0.2481735,0.03953657,-0.8849792,0.5084917,-0.5039447,0.4949148,0.4924788,
1,6,15.025,-0.2481674,0.03953063,-0.8849772,0.5084983,-0.5039507,0.4949108,0.4924698,
1,6,15.027,-0.2481674,0.03953063,-0.8849772,0.5084983,-0.5039507,0.4949108,0.4924698,
1,6,15.029,-0.2481674,0.03953063,-0.8849772,0.5084983,-0.5039507,0.4949108,0.4924698,
1,6,15.031,-0.2481674,0.03953063,-0.8849772,0.5084983,-0.5039507,0.4949108,0.4924698,
1,6,15.033,-0.2481709,0.0395538,-0.8849803,0.5084813,-0.5039443,0.4949252,0.4924794,
1,6,15.035,-0.2481709,0.0395538,-0.8849803,0.5084813,-0.5039443,0.4949252,0.4924794,
1,6,15.037,-0.2481709,0.0395538,-0.8849803,0.5084813,-0.5039443,0.4949252,0.4924794,
1,6,15.039,-0.2481709,0.0395538,-0.8849803,0.5084813,-0.5039443,0.4949252,0.4924794,
1,6,15.041,-0.2481774,0.03955437,-0.8849872,0.5084653,-0.5039442,0.4949389,0.4924823,
1,6,15.043,-0.2481774,0.03955437,-0.8849872,0.5084653,-0.5039442,0.4949389,0.4924823,
1,6,15.045,-0.2481774,0.03955437,-0.8849872,0.5084653,-0.5039442,0.4949389,0.4924823,
1,6,15.047,-0.2481774,0.03955437,-0.8849872,0.5084653,-0.5039442,0.4949389,0.4924823,
1,6,15.049,-0.2481734,0.03955,-0.884989,0.5084813,-0.5039338,0.494934,0.4924814,
1,6,15.051,-0.2481734,0.03955,-0.884989,0.5084813,-0.5039338,0.494934,0.4924814,
1,6,15.053,-0.2481734,0.03955,-0.884989,0.5084813,-0.5039338,0.494934,0.4924814,
1,6,15.055,-0.2481734,0.03955,-0.884989,0.5084813,-0.5039338,0.494934,0.4924814,
1,6,15.057,-0.2481734,0.03955,-0.884989,0.5084813,-0.5039338,0.494934,0.4924814,
1,6,15.059,-0.2481721,0.03953881,-0.8849896,0.50849,-0.5039466,0.494915,0.4924784,
1,6,15.061,-0.2481721,0.03953881,-0.8849896,0.50849,-0.5039466,0.494915,0.4924784,
1,6,15.063,-0.2481721,0.03953881,-0.8849896,0.50849,-0.5039466,0.494915,0.4924784,
1,6,15.065,-0.2481721,0.03953881,-0.8849896,0.50849,-0.5039466,0.494915,0.4924784,
1,6,15.067,-0.2481689,0.03954813,-0.8849877,0.5084817,-0.5039282,0.4949347,0.492486,
1,6,15.069,-0.2481689,0.03954813,-0.8849877,0.5084817,-0.5039282,0.4949347,0.492486,
1,6,15.071,-0.2481689,0.03954813,-0.8849877,0.5084817,-0.5039282,0.4949347,0.492486,
1,6,15.073,-0.2481689,0.03954813,-0.8849877,0.5084817,-0.5039282,0.4949347,0.492486,
1,6,15.075,-0.2481727,0.03953672,-0.8849936,0.5084785,-0.5039598,0.4949231,0.4924686,
1,6,15.077,-0.2481727,0.03953672,-0.8849936,0.5084785,-0.5039598,0.4949231,0.4924686,
1,6,15.079,-0.2481727,0.03953672,-0.8849936,0.5084785,-0.5039598,0.4949231,0.4924686,
1,6,15.081,-0.2481727,0.03953672,-0.8849936,0.5084785,-0.5039598,0.4949231,0.4924686,
1,6,15.083,-0.2481717,0.03954729,-0.8849859,0.508462,-0.5039519,0.494924,0.4924929,
1,6,15.085,-0.2481717,0.03954729,-0.8849859,0.508462,-0.5039519,0.494924,0.4924929,
1,6,15.087,-0.2481717,0.03954729,-0.8849859,0.508462,-0.5039519,0.494924,0.4924929,
1,6,15.089,-0.2481717,0.03954729,-0.8849859,0.508462,-0.5039519,0.494924,0.4924929,
1,6,15.091,-0.2481717,0.03953886,-0.8849814,0.5084692,-0.5039524,0.4949245,0.4924845,
1,6,15.093,-0.2481717,0.03953886,-0.8849814,0.5084692,-0.5039524,0.4949245,0.4924845,
1,6,15.095,-0.2481717,0.03953886,-0.8849814,0.5084692,-0.5039524,0.4949245,0.4924845,
1,6,15.097,-0.2481717,0.03953886,-0.8849814,0.5084692,-0.5039524,0.4949245,0.4924845,
1,6,15.099,-0.2481659,0.03954209,-0.884981,0.5084644,-0.5039414,0.4949332,0.4924919,
1,6,15.101,-0.2481659,0.03954209,-0.884981,0.5084644,-0.5039414,0.4949332,0.4924919,
1,6,15.103,-0.2481659,0.03954209,-0.884981,0.5084644,-0.5039414,0.4949332,0.4924919,
1,6,15.105,-0.2481659,0.03954209,-0.884981,0.5084644,-0.5039414,0.4949332,0.4924919,
1,6,15.107,-0.2481659,0.03954209,-0.884981,0.5084644,-0.5039414,0.4949332,0.4924919,
1,6,15.109,-0.2481695,0.03954932,-0.8849832,0.5084569,-0.503953,0.4949265,0.4924944,
1,6,15.111,-0.2481695,0.03954932,-0.8849832,0.5084569,-0.503953,0.4949265,0.4924944,
1,6,15.113,-0.2481695,0.03954932,-0.8849832,0.5084569,-0.503953,0.4949265,0.4924944,
1,6,15.115,-0.2481695,0.03954932,-0.8849832,0.5084569,-0.503953,0.4949265,0.4924944,
1,6,15.117,-0.2481653,0.03955343,-0.8849865,0.5084708,-0.5039207,0.4949611,0.4924783,
1,6,15.119,-0.2481653,0.03955343,-0.8849865,0.5084708,-0.5039207,0.4949611,0.4924783,
1,6,15.121,-0.2481653,0.03955343,-0.8849865,0.5084708,-0.5039207,0.4949611,0.4924783,
1,6,15.123,-0.2481653,0.03955343,-0.8849865,0.5084708,-0.5039207,0.4949611,0.4924783,
1,6,15.125,-0.2481702,0.0395421,-0.8849926,0.508482,-0.5039438,0.4949374,0.4924671,
1,6,15.127,-0.2481702,0.0395421,-0.8849926,0.508482,-0.5039438,0.4949374,0.4924671,
1,6,15.129,-0.2481702,0.0395421,-0.8849926,0.508482,-0.5039438,0.4949374,0.4924671,
1,6,15.131,-0.2481702,0.0395421,-0.8849926,0.508482,-0.5039438,0.4949374,0.4924671,
1,6,15.133,-0.2481812,0.03955622,-0.8849817,0.5084582,-0.503938,0.4949446,0.4924903,
1,6,15.135,-0.2481812,0.03955622,-0.8849817,0.5084582,-0.503938,0.4949446,0.4924903,
1,6,15.137,-0.2481812,0.03955622,-0.8849817,0.5084582,-0.503938,0.4949446,0.4924903,
1,6,15.139,-0.2481812,0.03955622,-0.8849817,0.5084582,-0.503938,0.4949446,0.4924903,
1,6,15.141,-0.2481697,0.03955221,-0.8849838,0.5084622,-0.5039324,0.4949338,0.4925028,
1,6,15.143,-0.2481697,0.03955221,-0.8849838,0.5084622,-0.5039324,0.4949338,0.4925028,
1,6,15.145,-0.2481697,0.03955221,-0.8849838,0.5084622,-0.5039324,0.4949338,0.4925028,
1,6,15.147,-0.2481697,0.03955221,-0.8849838,0.5084622,-0.5039324,0.4949338,0.4925028,
1,6,15.149,-0.2481544,0.03956221,-0.8849875,0.5084664,-0.5039166,0.4949375,0.4925108,
1,6,15.151,-0.2481544,0.03956221,-0.8849875,0.5084664,-0.5039166,0.4949375,0.4925108,
1,6,15.153,-0.2481544,0.03956221,-0.8849875,0.5084664,-0.5039166,0.4949375,0.4925108,
1,6,15.155,-0.2481544,0.03956221,-0.8849875,0.5084664,-0.5039166,0.4949375,0.4925108,
1,6,15.157,-0.2481544,0.03956221,-0.8849875,0.5084664,-0.5039166,0.4949375,0.4925108,
1,6,15.159,-0.2481808,0.0395123,-0.8849827,0.5084638,-0.5040154,0.4948553,0.492495,
1,6,15.161,-0.2481808,0.0395123,-0.8849827,0.5084638,-0.5040154,0.4948553,0.492495,
1,6,15.163,-0.2481808,0.0395123,-0.8849827,0.5084638,-0.5040154,0.4948553,0.492495,
1,6,15.165,-0.2481808,0.0395123,-0.8849827,0.5084638,-0.5040154,0.4948553,0.492495,
1,6,15.167,-0.2481926,0.03951794,-0.8849852,0.5084464,-0.5040198,0.4948506,0.4925132,
1,6,15.169,-0.2481926,0.03951794,-0.8849852,0.5084464,-0.5040198,0.4948506,0.4925132,
1,6,15.171,-0.2481926,0.03951794,-0.8849852,0.5084464,-0.5040198,0.4948506,0.4925132,
1,6,15.173,-0.2481926,0.03951794,-0.8849852,0.5084464,-0.5040198,0.4948506,0.4925132,
1,6,15.175,-0.2481778,0.03954746,-0.8849878,0.5084451,-0.5039758,0.4949256,0.4924843,
1,6,15.177,-0.2481778,0.03954746,-0.8849878,0.5084451,-0.5039758,0.4949256,0.4924843,
1,6,15.179,-0.2481778,0.03954746,-0.8849878,0.5084451,-0.5039758,0.4949256,0.4924843,
1,6,15.181,-0.2481778,0.03954746,-0.8849878,0.5084451,-0.5039758,0.4949256,0.4924843,
1,6,15.183,-0.2481616,0.03953849,-0.8849929,0.5084436,-0.5039777,0.4949196,0.4924899,
1,6,15.185,-0.2481616,0.03953849,-0.8849929,0.5084436,-0.5039777,0.4949196,0.4924899,
1,6,15.187,-0.2481616,0.03953849,-0.8849929,0.5084436,-0.5039777,0.4949196,0.4924899,
1,6,15.189,-0.2481616,0.03953849,-0.8849929,0.5084436,-0.5039777,0.4949196,0.4924899,
1,6,15.191,-0.2481599,0.03953984,-0.8849857,0.5084594,-0.5039588,0.494922,0.4924905,
1,6,15.193,-0.2481599,0.03953984,-0.8849857,0.5084594,-0.5039588,0.494922,0.4924905,
1,6,15.195,-0.2481599,0.03953984,-0.8849857,0.5084594,-0.5039588,0.494922,0.4924905,
1,6,15.197,-0.2481599,0.03953984,-0.8849857,0.5084594,-0.5039588,0.494922,0.4924905,
1,6,15.199,-0.2481497,0.03953836,-0.8849864,0.5084735,-0.5039476,0.4949231,0.4924863,
1,6,15.201,-0.2481497,0.03953836,-0.8849864,0.5084735,-0.5039476,0.4949231,0.4924863,
1,6,15.203,-0.2481497,0.03953836,-0.8849864,0.5084735,-0.5039476,0.4949231,0.4924863,
1,6,15.205,-0.2481497,0.03953836,-0.8849864,0.5084735,-0.5039476,0.4949231,0.4924863,
1,6,15.207,-0.2481497,0.03953836,-0.8849864,0.5084735,-0.5039476,0.4949231,0.4924863,
1,6,15.209,-0.2481532,0.03954532,-0.884986,0.508478,-0.5039251,0.4949466,0.492481,
1,6,15.211,-0.2481532,0.03954532,-0.884986,0.508478,-0.5039251,0.4949466,0.492481,
1,6,15.213,-0.2481532,0.03954532,-0.884986,0.508478,-0.5039251,0.4949466,0.492481,
1,6,15.215,-0.2481532,0.03954532,-0.884986,0.508478,-0.5039251,0.4949466,0.492481,
1,6,15.217,-0.248136,0.03954579,-0.8849827,0.5084799,-0.5039088,0.494959,0.4924833,
1,6,15.219,-0.248136,0.03954579,-0.8849827,0.5084799,-0.5039088,0.494959,0.4924833,
1,6,15.221,-0.248136,0.03954579,-0.8849827,0.5084799,-0.5039088,0.494959,0.4924833,
1,6,15.223,-0.248136,0.03954579,-0.8849827,0.5084799,-0.5039088,0.494959,0.4924833,
1,6,15.225,-0.2481458,0.03955017,-0.8849892,0.5084775,-0.5039184,0.4949456,0.4924893,
1,6,15.227,-0.2481458,0.03955017,-0.8849892,0.5084775,-0.5039184,0.4949456,0.4924893,
1,6,15.229,-0.2481458,0.03955017,-0.8849892,0.5084775,-0.5039184,0.4949456,0.4924893,
1,6,15.231,-0.2481458,0.03955017,-0.8849892,0.5084775,-0.5039184,0.4949456,0.4924893,
1,6,15.233,-0.2481618,0.03953867,-0.8849916,0.5084628,-0.5039568,0.4949058,0.4925053,
1,6,15.235,-0.2481618,0.03953867,-0.8849916,0.5084628,-0.5039568,0.4949058,0.4925053,
1,6,15.237,-0.2481618,0.03953867,-0.8849916,0.5084628,-0.5039568,0.4949058,0.4925053,
1,6,15.239,-0.2481618,0.03953867,-0.8849916,0.5084628,-0.5039568,0.4949058,0.4925053,
1,6,15.241,-0.2481491,0.03956934,-0.8849862,0.5084594,-0.5039186,0.4949458,0.4925075,
1,6,15.243,-0.2481491,0.03956934,-0.8849862,0.5084594,-0.5039186,0.4949458,0.4925075,
1,6,15.245,-0.2481491,0.03956934,-0.8849862,0.5084594,-0.5039186,0.4949458,0.4925075,
1,6,15.247,-0.2481491,0.03956934,-0.8849862,0.5084594,-0.5039186,0.4949458,0.4925075,
1,6,15.249,-0.2481533,0.0395643,-0.8849863,0.5084627,-0.5039262,0.4949455,0.4924968,
1,6,15.251,-0.2481533,0.0395643,-0.8849863,0.5084627,-0.5039262,0.4949455,0.4924968,
1,6,15.253,-0.2481533,0.0395643,-0.8849863,0.5084627,-0.5039262,0.4949455,0.4924968,
1,6,15.255,-0.2481533,0.0395643,-0.8849863,0.5084627,-0.5039262,0.4949455,0.4924968,
1,6,15.257,-0.2481533,0.0395643,-0.8849863,0.5084627,-0.5039262,0.4949455,0.4924968,
1,6,15.259,-0.2481592,0.03955455,-0.8849892,0.5084565,-0.5039437,0.4949138,0.4925173,
1,6,15.261,-0.2481592,0.03955455,-0.8849892,0.5084565,-0.5039437,0.4949138,0.4925173,
1,6,15.263,-0.2481592,0.03955455,-0.8849892,0.5084565,-0.5039437,0.4949138,0.4925173,
1,6,15.265,-0.2481592,0.03955455,-0.8849892,0.5084565,-0.5039437,0.4949138,0.4925173,
1,6,15.267,-0.2481589,0.03955593,-0.8849873,0.5084534,-0.5039634,0.4949043,0.4925098,
1,6,15.269,-0.2481589,0.03955593,-0.8849873,0.5084534,-0.5039634,0.4949043,0.4925098,
1,6,15.271,-0.2481589,0.03955593,-0.8849873,0.5084534,-0.5039634,0.4949043,0.4925098,
1,6,15.273,-0.2481589,0.03955593,-0.8849873,0.5084534,-0.5039634,0.4949043,0.4925098,
1,6,15.275,-0.2481562,0.03955784,-0.8849862,0.5084688,-0.5039343,0.4949435,0.4924842,
1,6,15.277,-0.2481562,0.03955784,-0.8849862,0.5084688,-0.5039343,0.4949435,0.4924842,
1,6,15.279,-0.2481562,0.03955784,-0.8849862,0.5084688,-0.5039343,0.4949435,0.4924842,
1,6,15.281,-0.2481562,0.03955784,-0.8849862,0.5084688,-0.5039343,0.4949435,0.4924842,
1,6,15.283,-0.2481569,0.03954708,-0.8849812,0.5084723,-0.5039579,0.4949219,0.4924782,
1,6,15.285,-0.2481569,0.03954708,-0.8849812,0.5084723,-0.5039579,0.4949219,0.4924782,
1,6,15.287,-0.2481569,0.03954708,-0.8849812,0.5084723,-0.5039579,0.4949219,0.4924782,
1,6,15.289,-0.2481569,0.03954708,-0.8849812,0.5084723,-0.5039579,0.4949219,0.4924782,
1,6,15.291,-0.2481711,0.03955211,-0.884988,0.5084583,-0.5039452,0.4949488,0.4924787,
1,6,15.293,-0.2481711,0.03955211,-0.884988,0.5084583,-0.5039452,0.4949488,0.4924787,
1,6,15.295,-0.2481711,0.03955211,-0.884988,0.5084583,-0.5039452,0.4949488,0.4924787,
1,6,15.297,-0.2481711,0.03955211,-0.884988,0.5084583,-0.5039452,0.4949488,0.4924787,
1,6,15.299,-0.248173,0.03952389,-0.8850055,0.5084597,-0.5039985,0.4948662,0.4925056,
1,6,15.301,-0.248173,0.03952389,-0.8850055,0.5084597,-0.5039985,0.4948662,0.4925056,
1,6,15.303,-0.248173,0.03952389,-0.8850055,0.5084597,-0.5039985,0.4948662,0.4925056,
1,6,15.305,-0.248173,0.03952389,-0.8850055,0.5084597,-0.5039985,0.4948662,0.4925056,
1,6,15.307,-0.248173,0.03952389,-0.8850055,0.5084597,-0.5039985,0.4948662,0.4925056,
1,6,15.309,-0.2481702,0.03954386,-0.88499,0.5084402,-0.504003,0.4948843,0.492503,
1,6,15.311,-0.2481702,0.03954386,-0.88499,0.5084402,-0.504003,0.4948843,0.492503,
1,6,15.313,-0.2481702,0.03954386,-0.88499,0.5084402,-0.504003,0.4948843,0.492503,
1,6,15.315,-0.2481702,0.03954386,-0.88499,0.5084402,-0.504003,0.4948843,0.492503,
1,6,15.317,-0.2481545,0.03955676,-0.8849853,0.5084555,-0.5039402,0.4949215,0.4925141,
1,6,15.319,-0.2481545,0.03955676,-0.8849853,0.5084555,-0.5039402,0.4949215,0.4925141,
1,6,15.321,-0.2481545,0.03955676,-0.8849853,0.5084555,-0.5039402,0.4949215,0.4925141,
1,6,15.323,-0.2481545,0.03955676,-0.8849853,0.5084555,-0.5039402,0.4949215,0.4925141,
1,6,15.325,-0.2481588,0.03956019,-0.8849865,0.5084576,-0.5039302,0.4949374,0.492506,
1,6,15.327,-0.2481588,0.03956019,-0.8849865,0.5084576,-0.5039302,0.4949374,0.492506,
1,6,15.329,-0.2481588,0.03956019,-0.8849865,0.5084576,-0.5039302,0.4949374,0.492506,
1,6,15.331,-0.2481588,0.03956019,-0.8849865,0.5084576,-0.5039302,0.4949374,0.492506,
1,6,15.333,-0.2481609,0.03953993,-0.8849824,0.5084772,-0.5039418,0.4949357,0.4924757,
1,6,15.335,-0.2481609,0.03953993,-0.8849824,0.5084772,-0.5039418,0.4949357,0.4924757,
1,6,15.337,-0.2481609,0.03953993,-0.8849824,0.5084772,-0.5039418,0.4949357,0.4924757,
1,6,15.339,-0.2481609,0.03953993,-0.8849824,0.5084772,-0.5039418,0.4949357,0.4924757,
1,6,15.341,-0.248168,0.03955531,-0.8849912,0.5084717,-0.5039534,0.4949204,0.4924847,
1,6,15.343,-0.248168,0.03955531,-0.8849912,0.5084717,-0.5039534,0.4949204,0.4924847,
1,6,15.345,-0.248168,0.03955531,-0.8849912,0.5084717,-0.5039534,0.4949204,0.4924847,
1,6,15.347,-0.248168,0.03955531,-0.8849912,0.5084717,-0.5039534,0.4949204,0.4924847,
1,6,15.349,-0.2481545,0.03953824,-0.8849811,0.5084856,-0.503963,0.4949029,0.4924784,
1,6,15.351,-0.2481545,0.03953824,-0.8849811,0.5084856,-0.503963,0.4949029,0.4924784,
1,6,15.353,-0.2481545,0.03953824,-0.8849811,0.5084856,-0.503963,0.4949029,0.4924784,
1,6,15.355,-0.2481545,0.03953824,-0.8849811,0.5084856,-0.503963,0.4949029,0.4924784,
1,6,15.357,-0.2481545,0.03953824,-0.8849811,0.5084856,-0.503963,0.4949029,0.4924784,
1,6,15.359,-0.2481555,0.03954167,-0.8849887,0.5084784,-0.5039532,0.494913,0.4924857,
1,6,15.361,-0.2481555,0.03954167,-0.8849887,0.5084784,-0.5039532,0.494913,0.4924857,
1,6,15.363,-0.2481555,0.03954167,-0.8849887,0.5084784,-0.5039532,0.494913,0.4924857,
1,6,15.365,-0.2481555,0.03954167,-0.8849887,0.5084784,-0.5039532,0.494913,0.4924857,
1,6,15.367,-0.2481606,0.03955485,-0.8849788,0.5084822,-0.5039355,0.494935,0.4924777,
1,6,15.369,-0.2481606,0.03955485,-0.8849788,0.5084822,-0.5039355,0.494935,0.4924777,
1,6,15.371,-0.2481606,0.03955485,-0.8849788,0.5084822,-0.5039355,0.494935,0.4924777,
1,6,15.373,-0.2481606,0.03955485,-0.8849788,0.5084822,-0.5039355,0.494935,0.4924777,
1,6,15.375,-0.2481703,0.03953071,-0.884984,0.5084924,-0.5039676,0.4949077,0.4924619,
1,6,15.377,-0.2481703,0.03953071,-0.884984,0.5084924,-0.5039676,0.4949077,0.4924619,
1,6,15.379,-0.2481703,0.03953071,-0.884984,0.5084924,-0.5039676,0.4949077,0.4924619,
1,6,15.381,-0.2481703,0.03953071,-0.884984,0.5084924,-0.5039676,0.4949077,0.4924619,
1,6,15.383,-0.2481664,0.03954867,-0.8849861,0.5084565,-0.5039787,0.4948999,0.4924953,
1,6,15.385,-0.2481664,0.03954867,-0.8849861,0.5084565,-0.5039787,0.4948999,0.4924953,
1,6,15.387,-0.2481664,0.03954867,-0.8849861,0.5084565,-0.5039787,0.4948999,0.4924953,
1,6,15.389,-0.2481664,0.03954867,-0.8849861,0.5084565,-0.5039787,0.4948999,0.4924953,
1,6,15.391,-0.2481718,0.03955629,-0.8849877,0.5084746,-0.5039797,0.494894,0.4924814,
1,6,15.393,-0.2481718,0.03955629,-0.8849877,0.5084746,-0.5039797,0.494894,0.4924814,
1,6,15.395,-0.2481718,0.03955629,-0.8849877,0.5084746,-0.5039797,0.494894,0.4924814,
1,6,15.397,-0.2481718,0.03955629,-0.8849877,0.5084746,-0.5039797,0.494894,0.4924814,
1,6,15.399,-0.2481744,0.0395451,-0.8849889,0.5084588,-0.5039836,0.4949076,0.4924802,
1,6,15.401,-0.2481744,0.0395451,-0.8849889,0.5084588,-0.5039836,0.4949076,0.4924802,
1,6,15.403,-0.2481744,0.0395451,-0.8849889,0.5084588,-0.5039836,0.4949076,0.4924802,
1,6,15.405,-0.2481744,0.0395451,-0.8849889,0.5084588,-0.5039836,0.4949076,0.4924802,
1,6,15.407,-0.2481744,0.0395451,-0.8849889,0.5084588,-0.5039836,0.4949076,0.4924802,
1,6,15.409,-0.2481667,0.03953933,-0.8849838,0.5084772,-0.5039706,0.4949186,0.4924637,
1,6,15.411,-0.2481667,0.03953933,-0.8849838,0.5084772,-0.5039706,0.4949186,0.4924637,
1,6,15.413,-0.2481667,0.03953933,-0.8849838,0.5084772,-0.5039706,0.4949186,0.4924637,
1,6,15.415,-0.2481667,0.03953933,-0.8849838,0.5084772,-0.5039706,0.4949186,0.4924637,
1,6,15.417,-0.2481757,0.03954104,-0.8849927,0.5084844,-0.5039728,0.4949142,0.4924581,
1,6,15.419,-0.2481757,0.03954104,-0.8849927,0.5084844,-0.5039728,0.4949142,0.4924581,
1,6,15.421,-0.2481757,0.03954104,-0.8849927,0.5084844,-0.5039728,0.4949142,0.4924581,
1,6,15.423,-0.2481757,0.03954104,-0.8849927,0.5084844,-0.5039728,0.4949142,0.4924581,
1,6,15.425,-0.2481683,0.03954789,-0.8849872,0.5084811,-0.5039582,0.4949121,0.4924786,
1,6,15.427,-0.2481683,0.03954789,-0.8849872,0.5084811,-0.5039582,0.4949121,0.4924786,
1,6,15.429,-0.2481683,0.03954789,-0.8849872,0.5084811,-0.5039582,0.4949121,0.4924786,
1,6,15.431,-0.2481683,0.03954789,-0.8849872,0.5084811,-0.5039582,0.4949121,0.4924786,
1,6,15.433,-0.2481661,0.03955853,-0.8849936,0.5084674,-0.5039513,0.4949117,0.4925003,
1,6,15.435,-0.2481661,0.03955853,-0.8849936,0.5084674,-0.5039513,0.4949117,0.4925003,
1,6,15.437,-0.2481661,0.03955853,-0.8849936,0.5084674,-0.5039513,0.4949117,0.4925003,
1,6,15.439,-0.2481661,0.03955853,-0.8849936,0.5084674,-0.5039513,0.4949117,0.4925003,
1,6,15.441,-0.248177,0.03954862,-0.8849969,0.5084662,-0.5039597,0.4949281,0.4924763,
1,6,15.443,-0.248177,0.03954862,-0.8849969,0.5084662,-0.5039597,0.4949281,0.4924763,
1,6,15.445,-0.248177,0.03954862,-0.8849969,0.5084662,-0.5039597,0.4949281,0.4924763,
1,6,15.447,-0.248177,0.03954862,-0.8849969,0.5084662,-0.5039597,0.4949281,0.4924763,
1,6,15.449,-0.2481741,0.03955033,-0.8849904,0.5084657,-0.5039499,0.4949256,0.4924895,
1,6,15.451,-0.2481741,0.03955033,-0.8849904,0.5084657,-0.5039499,0.4949256,0.4924895,
1,6,15.453,-0.2481741,0.03955033,-0.8849904,0.5084657,-0.5039499,0.4949256,0.4924895,
1,6,15.455,-0.2481741,0.03955033,-0.8849904,0.5084657,-0.5039499,0.4949256,0.4924895,
1,6,15.457,-0.2481741,0.03955033,-0.8849904,0.5084657,-0.5039499,0.4949256,0.4924895,
1,6,15.459,-0.2481733,0.03954755,-0.8849959,0.5084683,-0.5039446,0.4949223,0.4924955,
1,6,15.461,-0.2481733,0.03954755,-0.8849959,0.5084683,-0.5039446,0.4949223,0.4924955,
1,6,15.463,-0.2481733,0.03954755,-0.8849959,0.5084683,-0.5039446,0.4949223,0.4924955,
1,6,15.465,-0.2481733,0.03954755,-0.8849959,0.5084683,-0.5039446,0.4949223,0.4924955,
1,6,15.467,-0.2481674,0.03955064,-0.8849861,0.5084539,-0.5039233,0.4949374,0.492517,
1,6,15.469,-0.2481674,0.03955064,-0.8849861,0.5084539,-0.5039233,0.4949374,0.492517,
1,6,15.471,-0.2481674,0.03955064,-0.8849861,0.5084539,-0.5039233,0.4949374,0.492517,
1,6,15.473,-0.2481674,0.03955064,-0.8849861,0.5084539,-0.5039233,0.4949374,0.492517,
1,6,15.475,-0.2481716,0.03953996,-0.8849863,0.5084506,-0.5039367,0.4949414,0.4925027,
1,6,15.477,-0.2481716,0.03953996,-0.8849863,0.5084506,-0.5039367,0.4949414,0.4925027,
1,6,15.479,-0.2481716,0.03953996,-0.8849863,0.5084506,-0.5039367,0.4949414,0.4925027,
1,6,15.481,-0.2481716,0.03953996,-0.8849863,0.5084506,-0.5039367,0.4949414,0.4925027,
1,6,15.483,-0.2481602,0.03952805,-0.8849913,0.5084798,-0.5039592,0.4948983,0.4924927,
1,6,15.485,-0.2481602,0.03952805,-0.8849913,0.5084798,-0.5039592,0.4948983,0.4924927,
1,6,15.487,-0.2481602,0.03952805,-0.8849913,0.5084798,-0.5039592,0.4948983,0.4924927,
1,6,15.489,-0.2481602,0.03952805,-0.8849913,0.5084798,-0.5039592,0.4948983,0.4924927,
1,6,15.491,-0.248162,0.03954578,-0.8849897,0.5084586,-0.5039403,0.494922,0.4925102,
1,6,15.493,-0.248162,0.03954578,-0.8849897,0.5084586,-0.5039403,0.494922,0.4925102,
1,6,15.495,-0.248162,0.03954578,-0.8849897,0.5084586,-0.5039403,0.494922,0.4925102,
1,6,15.497,-0.248162,0.03954578,-0.8849897,0.5084586,-0.5039403,0.494922,0.4925102,
1,6,15.499,-0.2481484,0.03954755,-0.8849838,0.5084822,-0.5039272,0.4949233,0.4924981,
1,6,15.501,-0.2481484,0.03954755,-0.8849838,0.5084822,-0.5039272,0.4949233,0.4924981,
1,6,15.503,-0.2481484,0.03954755,-0.8849838,0.5084822,-0.5039272,0.4949233,0.4924981,
1,6,15.505,-0.2481484,0.03954755,-0.8849838,0.5084822,-0.5039272,0.4949233,0.4924981,
1,6,15.507,-0.2481484,0.03954755,-0.8849838,0.5084822,-0.5039272,0.4949233,0.4924981,
1,6,15.509,-0.2481546,0.03953667,-0.8849866,0.5084903,-0.5039241,0.4949301,0.492486,
1,6,15.511,-0.2481546,0.03953667,-0.8849866,0.5084903,-0.5039241,0.4949301,0.492486,
1,6,15.513,-0.2481546,0.03953667,-0.8849866,0.5084903,-0.5039241,0.4949301,0.492486,
1,6,15.515,-0.2481546,0.03953667,-0.8849866,0.5084903,-0.5039241,0.4949301,0.492486,
1,6,15.517,-0.2481734,0.03954658,-0.884989,0.5084659,-0.5039421,0.4949158,0.4925072,
1,6,15.519,-0.2481734,0.03954658,-0.884989,0.5084659,-0.5039421,0.4949158,0.4925072,
1,6,15.521,-0.2481734,0.03954658,-0.884989,0.5084659,-0.5039421,0.4949158,0.4925072,
1,6,15.523,-0.2481734,0.03954658,-0.884989,0.5084659,-0.5039421,0.4949158,0.4925072,
1,6,15.525,-0.2481604,0.039546,-0.8849767,0.5084836,-0.5039229,0.4949317,0.4924925,
1,6,15.527,-0.2481604,0.039546,-0.8849767,0.5084836,-0.5039229,0.4949317,0.4924925,
1,6,15.529,-0.2481604,0.039546,-0.8849767,0.5084836,-0.5039229,0.4949317,0.4924925,
1,6,15.531,-0.2481604,0.039546,-0.8849767,0.5084836,-0.5039229,0.4949317,0.4924925,
1,6,15.533,-0.248161,0.03954006,-0.8849846,0.5084963,-0.5039318,0.4949208,0.4924811,
1,6,15.535,-0.248161,0.03954006,-0.8849846,0.5084963,-0.5039318,0.4949208,0.4924811,
1,6,15.537,-0.248161,0.03954006,-0.8849846,0.5084963,-0.5039318,0.4949208,0.4924811,
1,6,15.539,-0.248161,0.03954006,-0.8849846,0.5084963,-0.5039318,0.4949208,0.4924811,
1,6,15.541,-0.2481719,0.03953626,-0.8849859,0.5084833,-0.503951,0.494918,0.4924779,
1,6,15.543,-0.2481719,0.03953626,-0.8849859,0.5084833,-0.503951,0.494918,0.4924779,
1,6,15.545,-0.2481719,0.03953626,-0.8849859,0.5084833,-0.503951,0.494918,0.4924779,
1,6,15.547,-0.2481719,0.03953626,-0.8849859,0.5084833,-0.503951,0.494918,0.4924779,
1,6,15.549,-0.2481694,0.03953389,-0.8849623,0.5084959,-0.5039434,0.494914,0.4924765,
1,6,15.551,-0.2481694,0.03953389,-0.8849623,0.5084959,-0.5039434,0.494914,0.4924765,
1,6,15.553,-0.2481694,0.03953389,-0.8849623,0.5084959,-0.5039434,0.494914,0.4924765,
1,6,15.555,-0.2481694,0.03953389,-0.8849623,0.5084959,-0.5039434,0.494914,0.4924765,
1,6,15.557,-0.2481694,0.03953389,-0.8849623,0.5084959,-0.5039434,0.494914,0.4924765,
1,6,15.559,-0.2481747,0.03954074,-0.8849649,0.5084847,-0.5039315,0.4949295,0.4924847,
1,6,15.561,-0.2481747,0.03954074,-0.8849649,0.5084847,-0.5039315,0.4949295,0.4924847,
1,6,15.563,-0.2481747,0.03954074,-0.8849649,0.5084847,-0.5039315,0.4949295,0.4924847,
1,6,15.565,-0.2481747,0.03954074,-0.8849649,0.5084847,-0.5039315,0.4949295,0.4924847,
1,6,15.567,-0.248176,0.03954618,-0.884977,0.5084854,-0.5039459,0.4949072,0.4924917,
1,6,15.569,-0.248176,0.03954618,-0.884977,0.5084854,-0.5039459,0.4949072,0.4924917,
1,6,15.571,-0.248176,0.03954618,-0.884977,0.5084854,-0.5039459,0.4949072,0.4924917,
1,6,15.573,-0.248176,0.03954618,-0.884977,0.5084854,-0.5039459,0.4949072,0.4924917,
1,6,15.575,-0.2481658,0.03954612,-0.8849713,0.5084816,-0.5039656,0.494898,0.4924848,
1,6,15.577,-0.2481658,0.03954612,-0.8849713,0.5084816,-0.5039656,0.494898,0.4924848,
1,6,15.579,-0.2481658,0.03954612,-0.8849713,0.5084816,-0.5039656,0.494898,0.4924848,
1,6,15.581,-0.2481658,0.03954612,-0.8849713,0.5084816,-0.5039656,0.494898,0.4924848,
1,6,15.583,-0.2481796,0.03955164,-0.8849819,0.5084583,-0.5039774,0.4949027,0.492492,
1,6,15.585,-0.2481796,0.03955164,-0.8849819,0.5084583,-0.5039774,0.4949027,0.492492,
1,6,15.587,-0.2481796,0.03955164,-0.8849819,0.5084583,-0.5039774,0.4949027,0.492492,
1,6,15.589,-0.2481796,0.03955164,-0.8849819,0.5084583,-0.5039774,0.4949027,0.492492,
1,6,15.591,-0.2481953,0.03954041,-0.8849813,0.5084578,-0.5039812,0.4948981,0.4924932,
1,6,15.593,-0.2481953,0.03954041,-0.8849813,0.5084578,-0.5039812,0.4948981,0.4924932,
1,6,15.595,-0.2481953,0.03954041,-0.8849813,0.5084578,-0.5039812,0.4948981,0.4924932,
1,6,15.597,-0.2481953,0.03954041,-0.8849813,0.5084578,-0.5039812,0.4948981,0.4924932,
1,6,15.599,-0.248185,0.03953076,-0.8849844,0.5084813,-0.503983,0.494895,0.4924702,
1,6,15.601,-0.248185,0.03953076,-0.8849844,0.5084813,-0.503983,0.494895,0.4924702,
1,6,15.603,-0.248185,0.03953076,-0.8849844,0.5084813,-0.503983,0.494895,0.4924702,
1,6,15.605,-0.248185,0.03953076,-0.8849844,0.5084813,-0.503983,0.494895,0.4924702,
1,6,15.607,-0.248185,0.03953076,-0.8849844,0.5084813,-0.503983,0.494895,0.4924702,
1,6,15.609,-0.248191,0.03953519,-0.884972,0.5084668,-0.5039923,0.4949007,0.49247,
1,6,15.611,-0.248191,0.03953519,-0.884972,0.5084668,-0.5039923,0.4949007,0.49247,
1,6,15.613,-0.248191,0.03953519,-0.884972,0.5084668,-0.5039923,0.4949007,0.49247,
1,6,15.615,-0.248191,0.03953519,-0.884972,0.5084668,-0.5039923,0.4949007,0.49247,
1,6,15.617,-0.2481889,0.0395339,-0.8849698,0.5084736,-0.5039935,0.4948862,0.4924762,
1,6,15.619,-0.2481889,0.0395339,-0.8849698,0.5084736,-0.5039935,0.4948862,0.4924762,
1,6,15.621,-0.2481889,0.0395339,-0.8849698,0.5084736,-0.5039935,0.4948862,0.4924762,
1,6,15.623,-0.2481889,0.0395339,-0.8849698,0.5084736,-0.5039935,0.4948862,0.4924762,
1,6,15.625,-0.2481771,0.03954828,-0.8849777,0.5084665,-0.5039765,0.4949028,0.4924843,
1,6,15.627,-0.2481771,0.03954828,-0.8849777,0.5084665,-0.5039765,0.4949028,0.4924843,
1,6,15.629,-0.2481771,0.03954828,-0.8849777,0.5084665,-0.5039765,0.4949028,0.4924843,
1,6,15.631,-0.2481771,0.03954828,-0.8849777,0.5084665,-0.5039765,0.4949028,0.4924843,
1,6,15.633,-0.2481865,0.03954474,-0.8849788,0.5084639,-0.5039675,0.4949249,0.492474,
1,6,15.635,-0.2481865,0.03954474,-0.8849788,0.5084639,-0.5039675,0.4949249,0.492474,
1,6,15.637,-0.2481865,0.03954474,-0.8849788,0.5084639,-0.5039675,0.4949249,0.492474,
1,6,15.639,-0.2481865,0.03954474,-0.8849788,0.5084639,-0.5039675,0.4949249,0.492474,
1,6,15.641,-0.2481838,0.03954639,-0.8849894,0.508473,-0.5039614,0.494921,0.4924748,
1,6,15.643,-0.2481838,0.03954639,-0.8849894,0.508473,-0.5039614,0.494921,0.4924748,
1,6,15.645,-0.2481838,0.03954639,-0.8849894,0.508473,-0.5039614,0.494921,0.4924748,
1,6,15.647,-0.2481838,0.03954639,-0.8849894,0.508473,-0.5039614,0.494921,0.4924748,
1,6,15.649,-0.2481718,0.03954295,-0.8849838,0.5084646,-0.5039533,0.4949153,0.4924974,
1,6,15.651,-0.2481718,0.03954295,-0.8849838,0.5084646,-0.5039533,0.4949153,0.4924974,
1,6,15.653,-0.2481718,0.03954295,-0.8849838,0.5084646,-0.5039533,0.4949153,0.4924974,
1,6,15.655,-0.2481718,0.03954295,-0.8849838,0.5084646,-0.5039533,0.4949153,0.4924974,
1,6,15.657,-0.2481718,0.03954295,-0.8849838,0.5084646,-0.5039533,0.4949153,0.4924974,
1,6,15.659,-0.2481708,0.0395412,-0.8849777,0.5084741,-0.5039545,0.4949153,0.4924864,
1,6,15.661,-0.2481708,0.0395412,-0.8849777,0.5084741,-0.5039545,0.4949153,0.4924864,
1,6,15.663,-0.2481708,0.0395412,-0.8849777,0.5084741,-0.5039545,0.4949153,0.4924864,
1,6,15.665,-0.2481708,0.0395412,-0.8849777,0.5084741,-0.5039545,0.4949153,0.4924864,
1,6,15.667,-0.2481727,0.03952568,-0.8849757,0.5084929,-0.5039669,0.4948977,0.4924719,
1,6,15.669,-0.2481727,0.03952568,-0.8849757,0.5084929,-0.5039669,0.4948977,0.4924719,
1,6,15.671,-0.2481727,0.03952568,-0.8849757,0.5084929,-0.5039669,0.4948977,0.4924719,
1,6,15.673,-0.2481727,0.03952568,-0.8849757,0.5084929,-0.5039669,0.4948977,0.4924719,
1,6,15.675,-0.2481652,0.03953761,-0.8849688,0.5084889,-0.5039359,0.4949064,0.4924992,
1,6,15.677,-0.2481652,0.03953761,-0.8849688,0.5084889,-0.5039359,0.4949064,0.4924992,
1,6,15.679,-0.2481652,0.03953761,-0.8849688,0.5084889,-0.5039359,0.4949064,0.4924992,
1,6,15.681,-0.2481652,0.03953761,-0.8849688,0.5084889,-0.5039359,0.4949064,0.4924992,
1,6,15.683,-0.2481684,0.03952795,-0.8849902,0.5084973,-0.5039483,0.4948977,0.4924864,
1,6,15.685,-0.2481684,0.03952795,-0.8849902,0.5084973,-0.5039483,0.4948977,0.4924864,
1,6,15.687,-0.2481684,0.03952795,-0.8849902,0.5084973,-0.5039483,0.4948977,0.4924864,
1,6,15.689,-0.2481684,0.03952795,-0.8849902,0.5084973,-0.5039483,0.4948977,0.4924864,
1,6,15.691,-0.2481706,0.0395346,-0.8849891,0.5084926,-0.503947,0.4948993,0.492491,
1,6,15.693,-0.2481706,0.0395346,-0.8849891,0.5084926,-0.503947,0.4948993,0.492491,
1,6,15.695,-0.2481706,0.0395346,-0.8849891,0.5084926,-0.503947,0.4948993,0.492491,
1,6,15.697,-0.2481706,0.0395346,-0.8849891,0.5084926,-0.503947,0.4948993,0.492491,
1,6,15.699,-0.2481783,0.03953075,-0.8849824,0.5084822,-0.503969,0.4948869,0.4924916,
1,6,15.701,-0.2481783,0.03953075,-0.8849824,0.5084822,-0.503969,0.4948869,0.4924916,
1,6,15.703,-0.2481783,0.03953075,-0.8849824,0.5084822,-0.503969,0.4948869,0.4924916,
1,6,15.705,-0.2481783,0.03953075,-0.8849824,0.5084822,-0.503969,0.4948869,0.4924916,
1,6,15.707,-0.2481783,0.03953075,-0.8849824,0.5084822,-0.503969,0.4948869,0.4924916,
1,6,15.709,-0.2481795,0.03954,-0.8849909,0.5084801,-0.5039668,0.4949017,0.4924812,
1,6,15.711,-0.2481795,0.03954,-0.8849909,0.5084801,-0.5039668,0.4949017,0.4924812,
1,6,15.713,-0.2481795,0.03954,-0.8849909,0.5084801,-0.5039668,0.4949017,0.4924812,
1,6,15.715,-0.2481795,0.03954,-0.8849909,0.5084801,-0.5039668,0.4949017,0.4924812,
1,6,15.717,-0.2481828,0.03954444,-0.8849906,0.5084763,-0.5039614,0.4949106,0.4924818,
1,6,15.719,-0.2481828,0.03954444,-0.8849906,0.5084763,-0.5039614,0.4949106,0.4924818,
1,6,15.721,-0.2481828,0.03954444,-0.8849906,0.5084763,-0.5039614,0.4949106,0.4924818,
1,6,15.723,-0.2481828,0.03954444,-0.8849906,0.5084763,-0.5039614,0.4949106,0.4924818,
1,6,15.725,-0.24818,0.03953464,-0.8849892,0.5084766,-0.5039784,0.4949023,0.4924725,
1,6,15.727,-0.24818,0.03953464,-0.8849892,0.5084766,-0.5039784,0.4949023,0.4924725,
1,6,15.729,-0.24818,0.03953464,-0.8849892,0.5084766,-0.5039784,0.4949023,0.4924725,
1,6,15.731,-0.24818,0.03953464,-0.8849892,0.5084766,-0.5039784,0.4949023,0.4924725,
1,6,15.733,-0.2481726,0.03954175,-0.8849868,0.5084783,-0.5039635,0.4949214,0.4924668,
1,6,15.735,-0.2481726,0.03954175,-0.8849868,0.5084783,-0.5039635,0.4949214,0.4924668,
1,6,15.737,-0.2481726,0.03954175,-0.8849868,0.5084783,-0.5039635,0.4949214,0.4924668,
1,6,15.739,-0.2481726,0.03954175,-0.8849868,0.5084783,-0.5039635,0.4949214,0.4924668,
1,6,15.741,-0.2481827,0.03953832,-0.8849912,0.5084824,-0.5039666,0.4949102,0.4924705,
1,6,15.743,-0.2481827,0.03953832,-0.8849912,0.5084824,-0.5039666,0.4949102,0.4924705,
1,6,15.745,-0.2481827,0.03953832,-0.8849912,0.5084824,-0.5039666,0.4949102,0.4924705,
1,6,15.747,-0.2481827,0.03953832,-0.8849912,0.5084824,-0.5039666,0.4949102,0.4924705,
1,6,15.749,-0.2481852,0.03955412,-0.8849835,0.5084598,-0.5039427,0.4949407,0.4924877,
1,6,15.751,-0.2481852,0.03955412,-0.8849835,0.5084598,-0.5039427,0.4949407,0.4924877,
1,6,15.753,-0.2481852,0.03955412,-0.8849835,0.5084598,-0.5039427,0.4949407,0.4924877,
1,6,15.755,-0.2481852,0.03955412,-0.8849835,0.5084598,-0.5039427,0.4949407,0.4924877,
1,6,15.757,-0.2481852,0.03955412,-0.8849835,0.5084598,-0.5039427,0.4949407,0.4924877,
1,6,15.759,-0.2481896,0.03954929,-0.8849844,0.5084685,-0.5039485,0.4949365,0.4924769,
1,6,15.761,-0.2481896,0.03954929,-0.8849844,0.5084685,-0.5039485,0.4949365,0.4924769,
1,6,15.763,-0.2481896,0.03954929,-0.8849844,0.5084685,-0.5039485,0.4949365,0.4924769,
1,6,15.765,-0.2481896,0.03954929,-0.8849844,0.5084685,-0.5039485,0.4949365,0.4924769,
1,6,15.767,-0.24819,0.03954354,-0.8849862,0.508482,-0.5039388,0.4949437,0.4924657,
1,6,15.769,-0.24819,0.03954354,-0.8849862,0.508482,-0.5039388,0.4949437,0.4924657,
1,6,15.771,-0.24819,0.03954354,-0.8849862,0.508482,-0.5039388,0.4949437,0.4924657,
1,6,15.773,-0.24819,0.03954354,-0.8849862,0.508482,-0.5039388,0.4949437,0.4924657,
1,6,15.775,-0.2481813,0.03954171,-0.8849865,0.5084834,-0.503946,0.4949367,0.4924639,
1,6,15.777,-0.2481813,0.03954171,-0.8849865,0.5084834,-0.503946,0.4949367,0.4924639,
1,6,15.779,-0.2481813,0.03954171,-0.8849865,0.5084834,-0.503946,0.4949367,0.4924639,
1,6,15.781,-0.2481813,0.03954171,-0.8849865,0.5084834,-0.503946,0.4949367,0.4924639,
1,6,15.783,-0.2481862,0.03954767,-0.8849822,0.5084645,-0.5039683,0.4949201,0.4924775,
1,6,15.785,-0.2481862,0.03954767,-0.8849822,0.5084645,-0.5039683,0.4949201,0.4924775,
1,6,15.787,-0.2481862,0.03954767,-0.8849822,0.5084645,-0.5039683,0.4949201,0.4924775,
1,6,15.789,-0.2481862,0.03954767,-0.8849822,0.5084645,-0.5039683,0.4949201,0.4924775,
1,6,15.791,-0.2481807,0.03956251,-0.8849792,0.508459,-0.5039382,0.4949454,0.4924884,
1,6,15.793,-0.2481807,0.03956251,-0.8849792,0.508459,-0.5039382,0.4949454,0.4924884,
1,6,15.795,-0.2481807,0.03956251,-0.8849792,0.508459,-0.5039382,0.4949454,0.4924884,
1,6,15.797,-0.2481807,0.03956251,-0.8849792,0.508459,-0.5039382,0.4949454,0.4924884,
1,6,15.799,-0.2481722,0.03955087,-0.8849796,0.5084716,-0.5039483,0.4949304,0.4924802,
1,6,15.801,-0.2481722,0.03955087,-0.8849796,0.5084716,-0.5039483,0.4949304,0.4924802,
1,6,15.803,-0.2481722,0.03955087,-0.8849796,0.5084716,-0.5039483,0.4949304,0.4924802,
1,6,15.805,-0.2481722,0.03955087,-0.8849796,0.5084716,-0.5039483,0.4949304,0.4924802,
1,6,15.807,-0.2481722,0.03955087,-0.8849796,0.5084716,-0.5039483,0.4949304,0.4924802,
1,6,15.809,-0.2481814,0.03954909,-0.8849929,0.5084587,-0.5039793,0.4949158,0.4924765,
1,6,15.811,-0.2481814,0.03954909,-0.8849929,0.5084587,-0.5039793,0.4949158,0.4924765,
1,6,15.813,-0.2481814,0.03954909,-0.8849929,0.5084587,-0.5039793,0.4949158,0.4924765,
1,6,15.815,-0.2481814,0.03954909,-0.8849929,0.5084587,-0.5039793,0.4949158,0.4924765,
1,6,15.817,-0.2481726,0.03955798,-0.8849841,0.5084705,-0.50394,0.494927,0.4924933,
1,6,15.819,-0.2481726,0.03955798,-0.8849841,0.5084705,-0.50394,0.494927,0.4924933,
1,6,15.821,-0.2481726,0.03955798,-0.8849841,0.5084705,-0.50394,0.494927,0.4924933,
1,6,15.823,-0.2481726,0.03955798,-0.8849841,0.5084705,-0.50394,0.494927,0.4924933,
1,6,15.825,-0.2481771,0.03954696,-0.8849812,0.5084611,-0.5039588,0.4949105,0.4925002,
1,6,15.827,-0.2481771,0.03954696,-0.8849812,0.5084611,-0.5039588,0.4949105,0.4925002,
1,6,15.829,-0.2481771,0.03954696,-0.8849812,0.5084611,-0.5039588,0.4949105,0.4925002,
1,6,15.831,-0.2481771,0.03954696,-0.8849812,0.5084611,-0.5039588,0.4949105,0.4925002,
1,6,15.833,-0.2481811,0.03954929,-0.8849835,0.5084612,-0.5039655,0.4949148,0.492489,
1,6,15.835,-0.2481811,0.03954929,-0.8849835,0.5084612,-0.5039655,0.4949148,0.492489,
1,6,15.837,-0.2481811,0.03954929,-0.8849835,0.5084612,-0.5039655,0.4949148,0.492489,
1,6,15.839,-0.2481811,0.03954929,-0.8849835,0.5084612,-0.5039655,0.4949148,0.492489,
1,6,15.841,-0.2481739,0.03955489,-0.884986,0.5084519,-0.5039506,0.494939,0.4924894,
1,6,15.843,-0.2481739,0.03955489,-0.884986,0.5084519,-0.5039506,0.494939,0.4924894,
1,6,15.845,-0.2481739,0.03955489,-0.884986,0.5084519,-0.5039506,0.494939,0.4924894,
1,6,15.847,-0.2481739,0.03955489,-0.884986,0.5084519,-0.5039506,0.494939,0.4924894,
1,6,15.849,-0.2481669,0.03954584,-0.8849843,0.508461,-0.5039573,0.4949252,0.4924872,
1,6,15.851,-0.2481669,0.03954584,-0.8849843,0.508461,-0.5039573,0.4949252,0.4924872,
1,6,15.853,-0.2481669,0.03954584,-0.8849843,0.508461,-0.5039573,0.4949252,0.4924872,
1,6,15.855,-0.2481669,0.03954584,-0.8849843,0.508461,-0.5039573,0.4949252,0.4924872,
1,6,15.857,-0.2481669,0.03954584,-0.8849843,0.508461,-0.5039573,0.4949252,0.4924872,
1,6,15.859,-0.2481636,0.0395398,-0.8849833,0.5084739,-0.5039737,0.4948888,0.4924935,
1,6,15.861,-0.2481636,0.0395398,-0.8849833,0.5084739,-0.5039737,0.4948888,0.4924935,
1,6,15.863,-0.2481636,0.0395398,-0.8849833,0.5084739,-0.5039737,0.4948888,0.4924935,
1,6,15.865,-0.2481636,0.0395398,-0.8849833,0.5084739,-0.5039737,0.4948888,0.4924935,
1,6,15.867,-0.2481629,0.03954138,-0.884984,0.5084791,-0.5039656,0.4949048,0.4924804,
1,6,15.869,-0.2481629,0.03954138,-0.884984,0.5084791,-0.5039656,0.4949048,0.4924804,
1,6,15.871,-0.2481629,0.03954138,-0.884984,0.5084791,-0.5039656,0.4949048,0.4924804,
1,6,15.873,-0.2481629,0.03954138,-0.884984,0.5084791,-0.5039656,0.4949048,0.4924804,
1,6,15.875,-0.2481714,0.0395407,-0.8849845,0.5084995,-0.5039386,0.494922,0.4924697,
1,6,15.877,-0.2481714,0.0395407,-0.8849845,0.5084995,-0.5039386,0.494922,0.4924697,
1,6,15.879,-0.2481714,0.0395407,-0.8849845,0.5084995,-0.5039386,0.494922,0.4924697,
1,6,15.881,-0.2481714,0.0395407,-0.8849845,0.5084995,-0.5039386,0.494922,0.4924697,
1,6,15.883,-0.2481709,0.03953843,-0.8849839,0.5085053,-0.503951,0.4949075,0.4924657,
1,6,15.885,-0.2481709,0.03953843,-0.8849839,0.5085053,-0.503951,0.4949075,0.4924657,
1,6,15.887,-0.2481709,0.03953843,-0.8849839,0.5085053,-0.503951,0.4949075,0.4924657,
1,6,15.889,-0.2481709,0.03953843,-0.8849839,0.5085053,-0.503951,0.4949075,0.4924657,
1,6,15.891,-0.2481663,0.03954706,-0.8849839,0.5084853,-0.503941,0.4949052,0.4924988,
1,6,15.893,-0.2481663,0.03954706,-0.8849839,0.5084853,-0.503941,0.4949052,0.4924988,
1,6,15.895,-0.2481663,0.03954706,-0.8849839,0.5084853,-0.503941,0.4949052,0.4924988,
1,6,15.897,-0.2481663,0.03954706,-0.8849839,0.5084853,-0.503941,0.4949052,0.4924988,
1,6,15.899,-0.2481647,0.03954164,-0.8849828,0.5084741,-0.5039481,0.4949182,0.4924901,
1,6,15.901,-0.2481647,0.03954164,-0.8849828,0.5084741,-0.5039481,0.4949182,0.4924901,
1,6,15.903,-0.2481647,0.03954164,-0.8849828,0.5084741,-0.5039481,0.4949182,0.4924901,
1,6,15.905,-0.2481647,0.03954164,-0.8849828,0.5084741,-0.5039481,0.4949182,0.4924901,
1,6,15.907,-0.2481647,0.03954164,-0.8849828,0.5084741,-0.5039481,0.4949182,0.4924901,
1,6,15.909,-0.2481737,0.03953975,-0.884982,0.5084723,-0.5039651,0.4949063,0.4924863,
1,6,15.911,-0.2481737,0.03953975,-0.884982,0.5084723,-0.5039651,0.4949063,0.4924863,
1,6,15.913,-0.2481737,0.03953975,-0.884982,0.5084723,-0.5039651,0.4949063,0.4924863,
1,6,15.915,-0.2481737,0.03953975,-0.884982,0.5084723,-0.5039651,0.4949063,0.4924863,
1,6,15.917,-0.2481677,0.03954066,-0.8849903,0.5084759,-0.5039423,0.4949296,0.4924828,
1,6,15.919,-0.2481677,0.03954066,-0.8849903,0.5084759,-0.5039423,0.4949296,0.4924828,
1,6,15.921,-0.2481677,0.03954066,-0.8849903,0.5084759,-0.5039423,0.4949296,0.4924828,
1,6,15.923,-0.2481677,0.03954066,-0.8849903,0.5084759,-0.5039423,0.4949296,0.4924828,
1,6,15.925,-0.2481663,0.0395327,-0.8849886,0.5084826,-0.5039536,0.4949231,0.4924707,
1,6,15.927,-0.2481663,0.0395327,-0.8849886,0.5084826,-0.5039536,0.4949231,0.4924707,
1,6,15.929,-0.2481663,0.0395327,-0.8849886,0.5084826,-0.5039536,0.4949231,0.4924707,
1,6,15.931,-0.2481663,0.0395327,-0.8849886,0.5084826,-0.5039536,0.4949231,0.4924707,
1,6,15.933,-0.2481637,0.03954702,-0.8849843,0.5084856,-0.50393,0.4949276,0.4924875,
1,6,15.935,-0.2481637,0.03954702,-0.8849843,0.5084856,-0.50393,0.4949276,0.4924875,
1,6,15.937,-0.2481637,0.03954702,-0.8849843,0.5084856,-0.50393,0.4949276,0.4924875,
1,6,15.939,-0.2481637,0.03954702,-0.8849843,0.5084856,-0.50393,0.4949276,0.4924875,
1,6,15.941,-0.2481766,0.03955498,-0.8849823,0.5084728,-0.5039322,0.4949508,0.4924749,
1,6,15.943,-0.2481766,0.03955498,-0.8849823,0.5084728,-0.5039322,0.4949508,0.4924749,
1,6,15.945,-0.2481766,0.03955498,-0.8849823,0.5084728,-0.5039322,0.4949508,0.4924749,
1,6,15.947,-0.2481766,0.03955498,-0.8849823,0.5084728,-0.5039322,0.4949508,0.4924749,
1,6,15.949,-0.2481813,0.03955555,-0.8849896,0.5084537,-0.5039438,0.4949398,0.4924938,
1,6,15.951,-0.2481813,0.03955555,-0.8849896,0.5084537,-0.5039438,0.4949398,0.4924938,
1,6,15.953,-0.2481813,0.03955555,-0.8849896,0.5084537,-0.5039438,0.4949398,0.4924938,
1,6,15.955,-0.2481813,0.03955555,-0.8849896,0.5084537,-0.5039438,0.4949398,0.4924938,
1,6,15.957,-0.2481813,0.03955555,-0.8849896,0.5084537,-0.5039438,0.4949398,0.4924938,
1,6,15.959,-0.2481726,0.03954783,-0.8849806,0.5084699,-0.503944,0.4949251,0.4924915,
1,6,15.961,-0.2481726,0.03954783,-0.8849806,0.5084699,-0.503944,0.4949251,0.4924915,
1,6,15.963,-0.2481726,0.03954783,-0.8849806,0.5084699,-0.503944,0.4949251,0.4924915,
1,6,15.965,-0.2481726,0.03954783,-0.8849806,0.5084699,-0.503944,0.4949251,0.4924915,
1,6,15.967,-0.2481691,0.03953771,-0.8849878,0.5084749,-0.5039418,0.4949301,0.4924839,
1,6,15.969,-0.2481691,0.03953771,-0.8849878,0.5084749,-0.5039418,0.4949301,0.4924839,
1,6,15.971,-0.2481691,0.03953771,-0.8849878,0.5084749,-0.5039418,0.4949301,0.4924839,
1,6,15.973,-0.2481691,0.03953771,-0.8849878,0.5084749,-0.5039418,0.4949301,0.4924839,
1,6,15.975,-0.2481726,0.03952882,-0.8849858,0.5084826,-0.5039634,0.4949009,0.492483,
1,6,15.977,-0.2481726,0.03952882,-0.8849858,0.5084826,-0.5039634,0.4949009,0.492483,
1,6,15.979,-0.2481726,0.03952882,-0.8849858,0.5084826,-0.5039634,0.4949009,0.492483,
1,6,15.981,-0.2481726,0.03952882,-0.8849858,0.5084826,-0.5039634,0.4949009,0.492483,
1,6,15.983,-0.2481789,0.03954893,-0.8849801,0.5084565,-0.5039499,0.4949327,0.4924919,
1,6,15.985,-0.2481789,0.03954893,-0.8849801,0.5084565,-0.5039499,0.4949327,0.4924919,
1,6,15.987,-0.2481789,0.03954893,-0.8849801,0.5084565,-0.5039499,0.4949327,0.4924919,
1,6,15.989,-0.2481789,0.03954893,-0.8849801,0.5084565,-0.5039499,0.4949327,0.4924919,
1,6,15.991,-0.2481719,0.03956399,-0.88498,0.508451,-0.5039228,0.4949617,0.4924961,
1,6,15.993,-0.2481719,0.03956399,-0.88498,0.508451,-0.5039228,0.4949617,0.4924961,
1,6,15.995,-0.2481719,0.03956399,-0.88498,0.508451,-0.5039228,0.4949617,0.4924961,
1,6,15.997,-0.2481719,0.03956399,-0.88498,0.508451,-0.5039228,0.4949617,0.4924961,
1,6,15.999,-0.248169,0.03956307,-0.8849802,0.5084628,-0.5039285,0.4949509,0.4924889,
1,6,16.001,-0.248169,0.03956307,-0.8849802,0.5084628,-0.5039285,0.4949509,0.4924889,
1,6,16.003,-0.248169,0.03956307,-0.8849802,0.5084628,-0.5039285,0.4949509,0.4924889,
1,6,16.005,-0.248169,0.03956307,-0.8849802,0.5084628,-0.5039285,0.4949509,0.4924889,
1,6,16.007,-0.248169,0.03956307,-0.8849802,0.5084628,-0.5039285,0.4949509,0.4924889,
1,6,16.009,-0.2481772,0.0395633,-0.8849787,0.5084584,-0.5039271,0.4949513,0.4924946,
1,6,16.011,-0.2481772,0.0395633,-0.8849787,0.5084584,-0.5039271,0.4949513,0.4924946,
1,6,16.013,-0.2481772,0.0395633,-0.8849787,0.5084584,-0.5039271,0.4949513,0.4924946,
1,6,16.015,-0.2481772,0.0395633,-0.8849787,0.5084584,-0.5039271,0.4949513,0.4924946,
1,6,16.017,-0.2481607,0.03955562,-0.8849844,0.5084647,-0.5039306,0.4949401,0.4924958,
1,6,16.019,-0.2481607,0.03955562,-0.8849844,0.5084647,-0.5039306,0.4949401,0.4924958,
1,6,16.021,-0.2481607,0.03955562,-0.8849844,0.5084647,-0.5039306,0.4949401,0.4924958,
1,6,16.023,-0.2481607,0.03955562,-0.8849844,0.5084647,-0.5039306,0.4949401,0.4924958,
1,6,16.025,-0.2481672,0.03954516,-0.884981,0.5084789,-0.5039338,0.4949433,0.4924745,
1,6,16.027,-0.2481672,0.03954516,-0.884981,0.5084789,-0.5039338,0.4949433,0.4924745,
1,6,16.029,-0.2481672,0.03954516,-0.884981,0.5084789,-0.5039338,0.4949433,0.4924745,
1,6,16.031,-0.2481672,0.03954516,-0.884981,0.5084789,-0.5039338,0.4949433,0.4924745,
1,6,16.033,-0.2481609,0.039541,-0.8849823,0.5084874,-0.5039476,0.4949258,0.4924692,
1,6,16.035,-0.2481609,0.039541,-0.8849823,0.5084874,-0.5039476,0.4949258,0.4924692,
1,6,16.037,-0.2481609,0.039541,-0.8849823,0.5084874,-0.5039476,0.4949258,0.4924692,
1,6,16.039,-0.2481609,0.039541,-0.8849823,0.5084874,-0.5039476,0.4949258,0.4924692,
1,6,16.041,-0.2481698,0.03955034,-0.8849789,0.5084741,-0.5039519,0.494914,0.4924904,
1,6,16.043,-0.2481698,0.03955034,-0.8849789,0.5084741,-0.5039519,0.494914,0.4924904,
1,6,16.045,-0.2481698,0.03955034,-0.8849789,0.5084741,-0.5039519,0.494914,0.4924904,
1,6,16.047,-0.2481698,0.03955034,-0.8849789,0.5084741,-0.5039519,0.494914,0.4924904,
1,6,16.049,-0.2481782,0.03955346,-0.8849789,0.5084605,-0.5039418,0.4949271,0.4925016,
1,6,16.051,-0.2481782,0.03955346,-0.8849789,0.5084605,-0.5039418,0.4949271,0.4925016,
1,6,16.053,-0.2481782,0.03955346,-0.8849789,0.5084605,-0.5039418,0.4949271,0.4925016,
1,6,16.055,-0.2481782,0.03955346,-0.8849789,0.5084605,-0.5039418,0.4949271,0.4925016,
1,6,16.057,-0.2481782,0.03955346,-0.8849789,0.5084605,-0.5039418,0.4949271,0.4925016,
1,6,16.059,-0.2481759,0.03955623,-0.8849711,0.5084524,-0.5039393,0.4949537,0.4924858,
1,6,16.061,-0.2481759,0.03955623,-0.8849711,0.5084524,-0.5039393,0.4949537,0.4924858,
1,6,16.063,-0.2481759,0.03955623,-0.8849711,0.5084524,-0.5039393,0.4949537,0.4924858,
1,6,16.065,-0.2481759,0.03955623,-0.8849711,0.5084524,-0.5039393,0.4949537,0.4924858,
1,6,16.067,-0.248171,0.03954645,-0.8849827,0.5084704,-0.5039526,0.4949149,0.4924927,
1,6,16.069,-0.248171,0.03954645,-0.8849827,0.5084704,-0.5039526,0.4949149,0.4924927,
1,6,16.071,-0.248171,0.03954645,-0.8849827,0.5084704,-0.5039526,0.4949149,0.4924927,
1,6,16.073,-0.248171,0.03954645,-0.8849827,0.5084704,-0.5039526,0.4949149,0.4924927,
1,6,16.075,-0.2481712,0.03954319,-0.8849789,0.5084792,-0.5039437,0.494919,0.4924885,
1,6,16.077,-0.2481712,0.03954319,-0.8849789,0.5084792,-0.5039437,0.494919,0.4924885,
1,6,16.079,-0.2481712,0.03954319,-0.8849789,0.5084792,-0.5039437,0.494919,0.4924885,
1,6,16.081,-0.2481712,0.03954319,-0.8849789,0.5084792,-0.5039437,0.494919,0.4924885,
1,6,16.083,-0.2481636,0.03955511,-0.8849773,0.5084693,-0.5039479,0.4949181,0.4924951,
1,6,16.085,-0.2481636,0.03955511,-0.8849773,0.5084693,-0.5039479,0.4949181,0.4924951,
1,6,16.087,-0.2481636,0.03955511,-0.8849773,0.5084693,-0.5039479,0.4949181,0.4924951,
1,6,16.089,-0.2481636,0.03955511,-0.8849773,0.5084693,-0.5039479,0.4949181,0.4924951,
1,6,16.091,-0.2481858,0.0395431,-0.8849881,0.508467,-0.5039635,0.4949106,0.4924893,
1,6,16.093,-0.2481858,0.0395431,-0.8849881,0.508467,-0.5039635,0.4949106,0.4924893,
1,6,16.095,-0.2481858,0.0395431,-0.8849881,0.508467,-0.5039635,0.4949106,0.4924893,
1,6,16.097,-0.2481858,0.0395431,-0.8849881,0.508467,-0.5039635,0.4949106,0.4924893,
1,6,16.099,-0.2481764,0.03954426,-0.8849806,0.5084611,-0.5039722,0.4948979,0.4924993,
1,6,16.101,-0.2481764,0.03954426,-0.8849806,0.5084611,-0.5039722,0.4948979,0.4924993,
1,6,16.103,-0.2481764,0.03954426,-0.8849806,0.5084611,-0.5039722,0.4948979,0.4924993,
1,6,16.105,-0.2481764,0.03954426,-0.8849806,0.5084611,-0.5039722,0.4948979,0.4924993,
1,6,16.107,-0.2481764,0.03954426,-0.8849806,0.5084611,-0.5039722,0.4948979,0.4924993,
1,6,16.109,-0.2481641,0.03955447,-0.8849741,0.5084566,-0.5039441,0.4949196,0.4925106,
1,6,16.111,-0.2481641,0.03955447,-0.8849741,0.5084566,-0.5039441,0.4949196,0.4925106,
1,6,16.113,-0.2481641,0.03955447,-0.8849741,0.5084566,-0.5039441,0.4949196,0.4925106,
1,6,16.115,-0.2481641,0.03955447,-0.8849741,0.5084566,-0.5039441,0.4949196,0.4925106,
1,6,16.117,-0.2481536,0.03954,-0.8849755,0.5084938,-0.503937,0.4949034,0.4924961,
1,6,16.119,-0.2481536,0.03954,-0.8849755,0.5084938,-0.503937,0.4949034,0.4924961,
1,6,16.121,-0.2481536,0.03954,-0.8849755,0.5084938,-0.503937,0.4949034,0.4924961,
1,6,16.123,-0.2481536,0.03954,-0.8849755,0.5084938,-0.503937,0.4949034,0.4924961,
1,6,16.125,-0.2481771,0.03954944,-0.8849813,0.508472,-0.5039446,0.4949223,0.4924916,
1,6,16.127,-0.2481771,0.03954944,-0.8849813,0.508472,-0.5039446,0.4949223,0.4924916,
1,6,16.129,-0.2481771,0.03954944,-0.8849813,0.508472,-0.5039446,0.4949223,0.4924916,
1,6,16.131,-0.2481771,0.03954944,-0.8849813,0.508472,-0.5039446,0.4949223,0.4924916,
1,6,16.133,-0.248169,0.03953728,-0.8849785,0.5084748,-0.5039768,0.4948772,0.4925012,
1,6,16.135,-0.248169,0.03953728,-0.8849785,0.5084748,-0.5039768,0.4948772,0.4925012,
1,6,16.137,-0.248169,0.03953728,-0.8849785,0.5084748,-0.5039768,0.4948772,0.4925012,
1,6,16.139,-0.248169,0.03953728,-0.8849785,0.5084748,-0.5039768,0.4948772,0.4925012,
1,6,16.141,-0.2481707,0.03953829,-0.8849688,0.5084808,-0.5039533,0.4948971,0.4924991,
1,6,16.143,-0.2481707,0.03953829,-0.8849688,0.5084808,-0.5039533,0.4948971,0.4924991,
1,6,16.145,-0.2481707,0.03953829,-0.8849688,0.5084808,-0.5039533,0.4948971,0.4924991,
1,6,16.147,-0.2481707,0.03953829,-0.8849688,0.5084808,-0.5039533,0.4948971,0.4924991,
1,6,16.149,-0.2481703,0.03953775,-0.8849818,0.5084838,-0.503969,0.4948861,0.4924909,
1,6,16.151,-0.2481703,0.03953775,-0.8849818,0.5084838,-0.503969,0.4948861,0.4924909,
1,6,16.153,-0.2481703,0.03953775,-0.8849818,0.5084838,-0.503969,0.4948861,0.4924909,
1,6,16.155,-0.2481703,0.03953775,-0.8849818,0.5084838,-0.503969,0.4948861,0.4924909,
1,6,16.157,-0.2481703,0.03953775,-0.8849818,0.5084838,-0.503969,0.4948861,0.4924909,
1,6,16.159,-0.2481624,0.03955387,-0.8849825,0.5084695,-0.5039272,0.4949291,0.4925052,
1,6,16.161,-0.2481624,0.03955387,-0.8849825,0.5084695,-0.5039272,0.4949291,0.4925052,
1,6,16.163,-0.2481624,0.03955387,-0.8849825,0.5084695,-0.5039272,0.4949291,0.4925052,
1,6,16.165,-0.2481624,0.03955387,-0.8849825,0.5084695,-0.5039272,0.4949291,0.4925052,
1,6,16.167,-0.2481694,0.03956496,-0.884982,0.5084606,-0.5039353,0.4949267,0.4925085,
1,6,16.169,-0.2481694,0.03956496,-0.884982,0.5084606,-0.5039353,0.4949267,0.4925085,
1,6,16.171,-0.2481694,0.03956496,-0.884982,0.5084606,-0.5039353,0.4949267,0.4925085,
1,6,16.173,-0.2481694,0.03956496,-0.884982,0.5084606,-0.5039353,0.4949267,0.4925085,
1,6,16.175,-0.2481716,0.03954975,-0.8849853,0.5084659,-0.5039485,0.494927,0.4924893,
1,6,16.177,-0.2481716,0.03954975,-0.8849853,0.5084659,-0.5039485,0.494927,0.4924893,
1,6,16.179,-0.2481716,0.03954975,-0.8849853,0.5084659,-0.5039485,0.494927,0.4924893,
1,6,16.181,-0.2481716,0.03954975,-0.8849853,0.5084659,-0.5039485,0.494927,0.4924893,CourtEnter
1,6,16.183,-0.2481772,0.03954379,-0.8849822,0.5084841,-0.5039535,0.494921,0.4924715,
1,6,16.185,-0.2481772,0.03954379,-0.8849822,0.5084841,-0.5039535,0.494921,0.4924715,
1,6,16.187,-0.2481772,0.03954379,-0.8849822,0.5084841,-0.5039535,0.494921,0.4924715,
1,6,16.189,-0.2481772,0.03954379,-0.8849822,0.5084841,-0.5039535,0.494921,0.4924715,CourtExit
1,6,16.191,-0.2481733,0.039547,-0.8849742,0.508482,-0.5039515,0.494917,0.4924797,
1,6,16.193,-0.2481733,0.039547,-0.8849742,0.508482,-0.5039515,0.494917,0.4924797,
1,6,16.195,-0.2481733,0.039547,-0.8849742,0.508482,-0.5039515,0.494917,0.4924797,
1,6,16.197,-0.2481733,0.039547,-0.8849742,0.508482,-0.5039515,0.494917,0.4924797,
1,6,16.199,-0.2481782,0.03955805,-0.8849944,0.5084752,-0.5039403,0.494947,0.492468,
1,6,16.201,-0.2481782,0.03955805,-0.8849944,0.5084752,-0.5039403,0.494947,0.492468,
1,6,16.203,-0.2481782,0.03955805,-0.8849944,0.5084752,-0.5039403,0.494947,0.492468,
1,6,16.205,-0.2481782,0.03955805,-0.8849944,0.5084752,-0.5039403,0.494947,0.492468,
1,6,16.207,-0.2481782,0.03955805,-0.8849944,0.5084752,-0.5039403,0.494947,0.492468,
1,6,16.209,-0.2481624,0.03955962,-0.8849823,0.5084674,-0.5039358,0.494939,0.4924888,
1,6,16.211,-0.2481624,0.03955962,-0.8849823,0.5084674,-0.5039358,0.494939,0.4924888,
1,6,16.213,-0.2481624,0.03955962,-0.8849823,0.5084674,-0.5039358,0.494939,0.4924888,
1,6,16.215,-0.2481624,0.03955962,-0.8849823,0.5084674,-0.5039358,0.494939,0.4924888,
1,6,16.217,-0.2481607,0.03953782,-0.8849866,0.5084969,-0.5039409,0.4949085,0.4924837,
1,6,16.219,-0.2481607,0.03953782,-0.8849866,0.5084969,-0.5039409,0.4949085,0.4924837,
1,6,16.221,-0.2481607,0.03953782,-0.8849866,0.5084969,-0.5039409,0.4949085,0.4924837,
1,6,16.223,-0.2481607,0.03953782,-0.8849866,0.5084969,-0.5039409,0.4949085,0.4924837,
1,6,16.225,-0.2481813,0.03954972,-0.8849757,0.5084801,-0.5039656,0.4949224,0.4924617,
1,6,16.227,-0.2481813,0.03954972,-0.8849757,0.5084801,-0.5039656,0.4949224,0.4924617,
1,6,16.229,-0.2481813,0.03954972,-0.8849757,0.5084801,-0.5039656,0.4949224,0.4924617,
1,6,16.231,-0.2481813,0.03954972,-0.8849757,0.5084801,-0.5039656,0.4949224,0.4924617,
1,6,16.233,-0.248181,0.03955478,-0.8849956,0.5084659,-0.5039552,0.4949442,0.4924652,
1,6,16.235,-0.248181,0.03955478,-0.8849956,0.5084659,-0.5039552,0.4949442,0.4924652,
1,6,16.237,-0.248181,0.03955478,-0.8849956,0.5084659,-0.5039552,0.4949442,0.4924652,
1,6,16.239,-0.248181,0.03955478,-0.8849956,0.5084659,-0.5039552,0.4949442,0.4924652,
1,6,16.241,-0.2481847,0.03956093,-0.8849822,0.5084534,-0.5039526,0.4949476,0.4924774,
1,6,16.243,-0.2481847,0.03956093,-0.8849822,0.5084534,-0.5039526,0.4949476,0.4924774,
1,6,16.245,-0.2481847,0.03956093,-0.8849822,0.5084534,-0.5039526,0.4949476,0.4924774,
1,6,16.247,-0.2481847,0.03956093,-0.8849822,0.5084534,-0.5039526,0.4949476,0.4924774,
1,6,16.249,-0.2481787,0.03955272,-0.8849878,0.5084665,-0.5039701,0.4949158,0.4924778,
1,6,16.251,-0.2481787,0.03955272,-0.8849878,0.5084665,-0.5039701,0.4949158,0.4924778,
1,6,16.253,-0.2481787,0.03955272,-0.8849878,0.5084665,-0.5039701,0.4949158,0.4924778,
1,6,16.255,-0.2481787,0.03955272,-0.8849878,0.5084665,-0.5039701,0.4949158,0.4924778,
1,6,16.257,-0.2481787,0.03955272,-0.8849878,0.5084665,-0.5039701,0.4949158,0.4924778,
1,6,16.259,-0.2481789,0.03955325,-0.8849851,0.5084777,-0.503966,0.4949163,0.4924698,
1,6,16.261,-0.2481789,0.03955325,-0.8849851,0.5084777,-0.503966,0.4949163,0.4924698,
1,6,16.263,-0.2481789,0.03955325,-0.8849851,0.5084777,-0.503966,0.4949163,0.4924698,
1,6,16.265,-0.2481789,0.03955325,-0.8849851,0.5084777,-0.503966,0.4949163,0.4924698,
1,6,16.267,-0.2481759,0.03954842,-0.8849791,0.5084775,-0.5039662,0.4949205,0.4924657,
1,6,16.269,-0.2481759,0.03954842,-0.8849791,0.5084775,-0.5039662,0.4949205,0.4924657,
1,6,16.271,-0.2481759,0.03954842,-0.8849791,0.5084775,-0.5039662,0.4949205,0.4924657,
1,6,16.273,-0.2481759,0.03954842,-0.8849791,0.5084775,-0.5039662,0.4949205,0.4924657,
1,6,16.275,-0.2481811,0.03953986,-0.8849756,0.5084565,-0.5039816,0.4949188,0.4924735,
1,6,16.277,-0.2481811,0.03953986,-0.8849756,0.5084565,-0.5039816,0.4949188,0.4924735,
1,6,16.279,-0.2481811,0.03953986,-0.8849756,0.5084565,-0.5039816,0.4949188,0.4924735,
1,6,16.281,-0.2481811,0.03953986,-0.8849756,0.5084565,-0.5039816,0.4949188,0.4924735,
1,6,16.283,-0.2481665,0.03955265,-0.8849801,0.5084746,-0.5039451,0.4949071,0.4925038,
1,6,16.285,-0.2481665,0.03955265,-0.8849801,0.5084746,-0.5039451,0.4949071,0.4925038,
1,6,16.287,-0.2481665,0.03955265,-0.8849801,0.5084746,-0.5039451,0.4949071,0.4925038,
1,6,16.289,-0.2481665,0.03955265,-0.8849801,0.5084746,-0.5039451,0.4949071,0.4925038,
1,6,16.291,-0.2481776,0.03955283,-0.8849849,0.5084653,-0.5039631,0.4949041,0.492498,
1,6,16.293,-0.2481776,0.03955283,-0.8849849,0.5084653,-0.5039631,0.4949041,0.492498,
1,6,16.295,-0.2481776,0.03955283,-0.8849849,0.5084653,-0.5039631,0.4949041,0.492498,
1,6,16.297,-0.2481776,0.03955283,-0.8849849,0.5084653,-0.5039631,0.4949041,0.492498,
1,6,16.299,-0.2481773,0.03954891,-0.8849751,0.5084724,-0.5039547,0.4949098,0.4924935,
1,6,16.301,-0.2481773,0.03954891,-0.8849751,0.5084724,-0.5039547,0.4949098,0.4924935,
1,6,16.303,-0.2481773,0.03954891,-0.8849751,0.5084724,-0.5039547,0.4949098,0.4924935,
1,6,16.305,-0.2481773,0.03954891,-0.8849751,0.5084724,-0.5039547,0.4949098,0.4924935,
1,6,16.307,-0.2481773,0.03954891,-0.8849751,0.5084724,-0.5039547,0.4949098,0.4924935,
1,6,16.309,-0.2481678,0.03953952,-0.8849806,0.5084806,-0.5039777,0.4948954,0.492476,
1,6,16.311,-0.2481678,0.03953952,-0.8849806,0.5084806,-0.5039777,0.4948954,0.492476,
1,6,16.313,-0.2481678,0.03953952,-0.8849806,0.5084806,-0.5039777,0.4948954,0.492476,
1,6,16.315,-0.2481678,0.03953952,-0.8849806,0.5084806,-0.5039777,0.4948954,0.492476,
1,6,16.317,-0.2481768,0.03954333,-0.8849789,0.5084626,-0.503975,0.4948977,0.492495,
1,6,16.319,-0.2481768,0.03954333,-0.8849789,0.5084626,-0.503975,0.4948977,0.492495,
1,6,16.321,-0.2481768,0.03954333,-0.8849789,0.5084626,-0.503975,0.4948977,0.492495,
1,6,16.323,-0.2481768,0.03954333,-0.8849789,0.5084626,-0.503975,0.4948977,0.492495,
1,6,16.325,-0.248185,0.03956157,-0.8849812,0.5084429,-0.5039515,0.4949293,0.4925075,
1,6,16.327,-0.248185,0.03956157,-0.8849812,0.5084429,-0.5039515,0.4949293,0.4925075,
1,6,16.329,-0.248185,0.03956157,-0.8849812,0.5084429,-0.5039515,0.4949293,0.4925075,
1,6,16.331,-0.248185,0.03956157,-0.8849812,0.5084429,-0.5039515,0.4949293,0.4925075,
1,6,16.333,-0.2481871,0.03955615,-0.8849752,0.5084372,-0.5039505,0.494935,0.4925088,
1,6,16.335,-0.2481871,0.03955615,-0.8849752,0.5084372,-0.5039505,0.494935,0.4925088,
1,6,16.337,-0.2481871,0.03955615,-0.8849752,0.5084372,-0.5039505,0.494935,0.4925088,
1,6,16.339,-0.2481871,0.03955615,-0.8849752,0.5084372,-0.5039505,0.494935,0.4925088,
1,6,16.341,-0.2481862,0.03955231,-0.8849834,0.5084351,-0.5039524,0.4949427,0.4925012,
1,6,16.343,-0.2481862,0.03955231,-0.8849834,0.5084351,-0.5039524,0.4949427,0.4925012,
1,6,16.345,-0.2481862,0.03955231,-0.8849834,0.5084351,-0.5039524,0.4949427,0.4925012,
1,6,16.347,-0.2481862,0.03955231,-0.8849834,0.5084351,-0.5039524,0.4949427,0.4925012,
1,6,16.349,-0.2481765,0.03954002,-0.8849778,0.5084495,-0.5039799,0.4949079,0.4924933,
1,6,16.351,-0.2481765,0.03954002,-0.8849778,0.5084495,-0.5039799,0.4949079,0.4924933,
1,6,16.353,-0.2481765,0.03954002,-0.8849778,0.5084495,-0.5039799,0.4949079,0.4924933,
1,6,16.355,-0.2481765,0.03954002,-0.8849778,0.5084495,-0.5039799,0.4949079,0.4924933,
1,6,16.357,-0.2481765,0.03954002,-0.8849778,0.5084495,-0.5039799,0.4949079,0.4924933,
1,6,16.359,-0.248179,0.03954661,-0.8849846,0.5084435,-0.5039799,0.494913,0.4924943,
1,6,16.361,-0.248179,0.03954661,-0.8849846,0.5084435,-0.5039799,0.494913,0.4924943,
1,6,16.363,-0.248179,0.03954661,-0.8849846,0.5084435,-0.5039799,0.494913,0.4924943,
1,6,16.365,-0.248179,0.03954661,-0.8849846,0.5084435,-0.5039799,0.494913,0.4924943,
1,6,16.367,-0.2481858,0.03955449,-0.8849813,0.5084321,-0.5039816,0.4949146,0.4925028,
1,6,16.369,-0.2481858,0.03955449,-0.8849813,0.5084321,-0.5039816,0.4949146,0.4925028,
1,6,16.371,-0.2481858,0.03955449,-0.8849813,0.5084321,-0.5039816,0.4949146,0.4925028,
1,6,16.373,-0.2481858,0.03955449,-0.8849813,0.5084321,-0.5039816,0.4949146,0.4925028,
1,6,16.375,-0.2481875,0.03956274,-0.884983,0.5084239,-0.5039789,0.4949219,0.4925066,
1,6,16.377,-0.2481875,0.03956274,-0.884983,0.5084239,-0.5039789,0.4949219,0.4925066,
1,6,16.379,-0.2481875,0.03956274,-0.884983,0.5084239,-0.5039789,0.4949219,0.4925066,
1,6,16.381,-0.2481875,0.03956274,-0.884983,0.5084239,-0.5039789,0.4949219,0.4925066,
1,6,16.383,-0.2481934,0.03956985,-0.8849908,0.5084269,-0.5039642,0.4949301,0.4925103,
1,6,16.385,-0.2481934,0.03956985,-0.8849908,0.5084269,-0.5039642,0.4949301,0.4925103,
1,6,16.387,-0.2481934,0.03956985,-0.8849908,0.5084269,-0.5039642,0.4949301,0.4925103,
1,6,16.389,-0.2481934,0.03956985,-0.8849908,0.5084269,-0.5039642,0.4949301,0.4925103,
1,6,16.391,-0.2481918,0.03955317,-0.8849847,0.508435,-0.5039689,0.4949318,0.4924955,
1,6,16.393,-0.2481918,0.03955317,-0.8849847,0.508435,-0.5039689,0.4949318,0.4924955,
1,6,16.395,-0.2481918,0.03955317,-0.8849847,0.508435,-0.5039689,0.4949318,0.4924955,
1,6,16.397,-0.2481918,0.03955317,-0.8849847,0.508435,-0.5039689,0.4949318,0.4924955,
1,6,16.399,-0.2482022,0.03956041,-0.884978,0.5084292,-0.5039697,0.4949335,0.4924989,
1,6,16.401,-0.2482022,0.03956041,-0.884978,0.5084292,-0.5039697,0.4949335,0.4924989,
1,6,16.403,-0.2482022,0.03956041,-0.884978,0.5084292,-0.5039697,0.4949335,0.4924989,
1,6,16.405,-0.2482022,0.03956041,-0.884978,0.5084292,-0.5039697,0.4949335,0.4924989,
1,6,16.407,-0.2482022,0.03956041,-0.884978,0.5084292,-0.5039697,0.4949335,0.4924989,
1,6,16.409,-0.2481884,0.03954808,-0.8849872,0.5084567,-0.5039622,0.4949366,0.4924752,
1,6,16.411,-0.2481884,0.03954808,-0.8849872,0.5084567,-0.5039622,0.4949366,0.4924752,
1,6,16.413,-0.2481884,0.03954808,-0.8849872,0.5084567,-0.5039622,0.4949366,0.4924752,
1,6,16.415,-0.2481884,0.03954808,-0.8849872,0.5084567,-0.5039622,0.4949366,0.4924752,
1,6,16.417,-0.2481908,0.0395735,-0.884986,0.5084305,-0.5039456,0.4949534,0.4925022,
1,6,16.419,-0.2481908,0.0395735,-0.884986,0.5084305,-0.5039456,0.4949534,0.4925022,
1,6,16.421,-0.2481908,0.0395735,-0.884986,0.5084305,-0.5039456,0.4949534,0.4925022,
1,6,16.423,-0.2481908,0.0395735,-0.884986,0.5084305,-0.5039456,0.4949534,0.4925022,
1,6,16.425,-0.2481907,0.03957033,-0.8849827,0.5084112,-0.5039649,0.4949404,0.4925155,
1,6,16.427,-0.2481907,0.03957033,-0.8849827,0.5084112,-0.5039649,0.4949404,0.4925155,
1,6,16.429,-0.2481907,0.03957033,-0.8849827,0.5084112,-0.5039649,0.4949404,0.4925155,
1,6,16.431,-0.2481907,0.03957033,-0.8849827,0.5084112,-0.5039649,0.4949404,0.4925155,
1,6,16.433,-0.248182,0.03955579,-0.8849793,0.5084181,-0.5039662,0.4949276,0.4925199,
1,6,16.435,-0.248182,0.03955579,-0.8849793,0.5084181,-0.5039662,0.4949276,0.4925199,
1,6,16.437,-0.248182,0.03955579,-0.8849793,0.5084181,-0.5039662,0.4949276,0.4925199,
1,6,16.439,-0.248182,0.03955579,-0.8849793,0.5084181,-0.5039662,0.4949276,0.4925199,
1,6,16.441,-0.2481836,0.03956068,-0.8849898,0.5084281,-0.50397,0.4949303,0.4925029,
1,6,16.443,-0.2481836,0.03956068,-0.8849898,0.5084281,-0.50397,0.4949303,0.4925029,
1,6,16.445,-0.2481836,0.03956068,-0.8849898,0.5084281,-0.50397,0.4949303,0.4925029,
1,6,16.447,-0.2481836,0.03956068,-0.8849898,0.5084281,-0.50397,0.4949303,0.4925029,
1,6,16.449,-0.2481889,0.03955575,-0.8849803,0.5084268,-0.5039695,0.494917,0.4925182,
1,6,16.451,-0.2481889,0.03955575,-0.8849803,0.5084268,-0.5039695,0.494917,0.4925182,
1,6,16.453,-0.2481889,0.03955575,-0.8849803,0.5084268,-0.5039695,0.494917,0.4925182,
1,6,16.455,-0.2481889,0.03955575,-0.8849803,0.5084268,-0.5039695,0.494917,0.4925182,
1,6,16.457,-0.2481889,0.03955575,-0.8849803,0.5084268,-0.5039695,0.494917,0.4925182,
1,6,16.459,-0.2481945,0.03956383,-0.8849845,0.5084245,-0.5039662,0.4949281,0.4925127,
1,6,16.461,-0.2481945,0.03956383,-0.8849845,0.5084245,-0.5039662,0.4949281,0.4925127,
1,6,16.463,-0.2481945,0.03956383,-0.8849845,0.5084245,-0.5039662,0.4949281,0.4925127,
1,6,16.465,-0.2481945,0.03956383,-0.8849845,0.5084245,-0.5039662,0.4949281,0.4925127,
1,6,16.467,-0.2481839,0.03956038,-0.8849843,0.5084271,-0.503949,0.4949552,0.4925003,
1,6,16.469,-0.2481839,0.03956038,-0.8849843,0.5084271,-0.503949,0.4949552,0.4925003,
1,6,16.471,-0.2481839,0.03956038,-0.8849843,0.5084271,-0.503949,0.4949552,0.4925003,
1,6,16.473,-0.2481839,0.03956038,-0.8849843,0.5084271,-0.503949,0.4949552,0.4925003,
1,6,16.475,-0.248195,0.03956033,-0.8849823,0.5084298,-0.5039641,0.494941,0.4924966,
1,6,16.477,-0.248195,0.03956033,-0.8849823,0.5084298,-0.5039641,0.494941,0.4924966,
1,6,16.479,-0.248195,0.03956033,-0.8849823,0.5084298,-0.5039641,0.494941,0.4924966,
1,6,16.481,-0.248195,0.03956033,-0.8849823,0.5084298,-0.5039641,0.494941,0.4924966,
1,6,16.483,-0.2481777,0.03955366,-0.8849784,0.5084296,-0.5039514,0.4949501,0.4925006,
1,6,16.485,-0.2481777,0.03955366,-0.8849784,0.5084296,-0.5039514,0.4949501,0.4925006,
1,6,16.487,-0.2481777,0.03955366,-0.8849784,0.5084296,-0.5039514,0.4949501,0.4925006,
1,6,16.489,-0.2481777,0.03955366,-0.8849784,0.5084296,-0.5039514,0.4949501,0.4925006,
1,6,16.491,-0.2481876,0.03955341,-0.8849847,0.5084361,-0.503969,0.4949296,0.4924964,
1,6,16.493,-0.2481876,0.03955341,-0.8849847,0.5084361,-0.503969,0.4949296,0.4924964,
1,6,16.495,-0.2481876,0.03955341,-0.8849847,0.5084361,-0.503969,0.4949296,0.4924964,
1,6,16.497,-0.2481876,0.03955341,-0.8849847,0.5084361,-0.503969,0.4949296,0.4924964,
1,6,16.499,-0.2481937,0.03954429,-0.8849819,0.5084485,-0.5039924,0.4949336,0.4924556,
1,6,16.501,-0.2481937,0.03954429,-0.8849819,0.5084485,-0.5039924,0.4949336,0.4924556,
1,6,16.503,-0.2481937,0.03954429,-0.8849819,0.5084485,-0.5039924,0.4949336,0.4924556,
1,6,16.505,-0.2481937,0.03954429,-0.8849819,0.5084485,-0.5039924,0.4949336,0.4924556,
1,6,16.507,-0.2481937,0.03954429,-0.8849819,0.5084485,-0.5039924,0.4949336,0.4924556,
1,6,16.509,-0.248191,0.03955873,-0.8849809,0.5084355,-0.5039554,0.494952,0.4924886,
1,6,16.511,-0.248191,0.03955873,-0.8849809,0.5084355,-0.5039554,0.494952,0.4924886,
1,6,16.513,-0.248191,0.03955873,-0.8849809,0.5084355,-0.5039554,0.494952,0.4924886,
1,6,16.515,-0.248191,0.03955873,-0.8849809,0.5084355,-0.5039554,0.494952,0.4924886,
1,6,16.517,-0.2481801,0.03955895,-0.8849808,0.5084442,-0.5039477,0.4949343,0.4925052,
1,6,16.519,-0.2481801,0.03955895,-0.8849808,0.5084442,-0.5039477,0.4949343,0.4925052,
1,6,16.521,-0.2481801,0.03955895,-0.8849808,0.5084442,-0.5039477,0.4949343,0.4925052,
1,6,16.523,-0.2481801,0.03955895,-0.8849808,0.5084442,-0.5039477,0.4949343,0.4925052,
1,6,16.525,-0.2481724,0.0395508,-0.8849873,0.5084457,-0.5039681,0.494909,0.4925081,
1,6,16.527,-0.2481724,0.0395508,-0.8849873,0.5084457,-0.5039681,0.494909,0.4925081,
1,6,16.529,-0.2481724,0.0395508,-0.8849873,0.5084457,-0.5039681,0.494909,0.4925081,
1,6,16.531,-0.2481724,0.0395508,-0.8849873,0.5084457,-0.5039681,0.494909,0.4925081,
1,6,16.533,-0.2481917,0.03955875,-0.8849819,0.5084493,-0.5039665,0.4949314,0.4924836,
1,6,16.535,-0.2481917,0.03955875,-0.8849819,0.5084493,-0.5039665,0.4949314,0.4924836,
1,6,16.537,-0.2481917,0.03955875,-0.8849819,0.5084493,-0.5039665,0.4949314,0.4924836,
1,6,16.539,-0.2481917,0.03955875,-0.8849819,0.5084493,-0.5039665,0.4949314,0.4924836,
1,6,16.541,-0.2481824,0.03956646,-0.88498,0.5084521,-0.5039434,0.4949369,0.4924988,
1,6,16.543,-0.2481824,0.03956646,-0.88498,0.5084521,-0.5039434,0.4949369,0.4924988,
1,6,16.545,-0.2481824,0.03956646,-0.88498,0.5084521,-0.5039434,0.4949369,0.4924988,
1,6,16.547,-0.2481824,0.03956646,-0.88498,0.5084521,-0.5039434,0.4949369,0.4924988,
1,6,16.549,-0.2481639,0.03954564,-0.8849805,0.5084573,-0.5039621,0.4949146,0.4924967,
1,6,16.551,-0.2481639,0.03954564,-0.8849805,0.5084573,-0.5039621,0.4949146,0.4924967,
1,6,16.553,-0.2481639,0.03954564,-0.8849805,0.5084573,-0.5039621,0.4949146,0.4924967,
1,6,16.555,-0.2481639,0.03954564,-0.8849805,0.5084573,-0.5039621,0.4949146,0.4924967,
1,6,16.557,-0.2481639,0.03954564,-0.8849805,0.5084573,-0.5039621,0.4949146,0.4924967,
1,6,16.559,-0.2481727,0.03955384,-0.88498,0.5084261,-0.5039534,0.4949362,0.4925161,
1,6,16.561,-0.2481727,0.03955384,-0.88498,0.5084261,-0.5039534,0.4949362,0.4925161,
1,6,16.563,-0.2481727,0.03955384,-0.88498,0.5084261,-0.5039534,0.4949362,0.4925161,
1,6,16.565,-0.2481727,0.03955384,-0.88498,0.5084261,-0.5039534,0.4949362,0.4925161,
1,6,16.567,-0.2481629,0.03954292,-0.884987,0.5084637,-0.5039598,0.4949168,0.4924905,
1,6,16.569,-0.2481629,0.03954292,-0.884987,0.5084637,-0.5039598,0.4949168,0.4924905,
1,6,16.571,-0.2481629,0.03954292,-0.884987,0.5084637,-0.5039598,0.4949168,0.4924905,
1,6,16.573,-0.2481629,0.03954292,-0.884987,0.5084637,-0.5039598,0.4949168,0.4924905,
1,6,16.575,-0.2481693,0.03954951,-0.8849817,0.5084621,-0.5039523,0.4949315,0.4924848,
1,6,16.577,-0.2481693,0.03954951,-0.8849817,0.5084621,-0.5039523,0.4949315,0.4924848,
1,6,16.579,-0.2481693,0.03954951,-0.8849817,0.5084621,-0.5039523,0.4949315,0.4924848,
1,6,16.581,-0.2481693,0.03954951,-0.8849817,0.5084621,-0.5039523,0.4949315,0.4924848,
1,6,16.583,-0.2481762,0.03955643,-0.8849811,0.5084512,-0.503969,0.4949285,0.4924819,
1,6,16.585,-0.2481762,0.03955643,-0.8849811,0.5084512,-0.503969,0.4949285,0.4924819,
1,6,16.587,-0.2481762,0.03955643,-0.8849811,0.5084512,-0.503969,0.4949285,0.4924819,
1,6,16.589,-0.2481762,0.03955643,-0.8849811,0.5084512,-0.503969,0.4949285,0.4924819,
1,6,16.591,-0.2481684,0.03953427,-0.8849868,0.5084741,-0.5039714,0.4949101,0.4924745,
1,6,16.593,-0.2481684,0.03953427,-0.8849868,0.5084741,-0.5039714,0.4949101,0.4924745,
1,6,16.595,-0.2481684,0.03953427,-0.8849868,0.5084741,-0.5039714,0.4949101,0.4924745,
1,6,16.597,-0.2481684,0.03953427,-0.8849868,0.5084741,-0.5039714,0.4949101,0.4924745,
1,6,16.599,-0.2481663,0.03954587,-0.8849836,0.5084795,-0.5039535,0.4949075,0.4924897,
1,6,16.601,-0.2481663,0.03954587,-0.8849836,0.5084795,-0.5039535,0.4949075,0.4924897,
1,6,16.603,-0.2481663,0.03954587,-0.8849836,0.5084795,-0.5039535,0.4949075,0.4924897,
1,6,16.605,-0.2481663,0.03954587,-0.8849836,0.5084795,-0.5039535,0.4949075,0.4924897,
1,6,16.607,-0.2481663,0.03954587,-0.8849836,0.5084795,-0.5039535,0.4949075,0.4924897,
1,6,16.609,-0.2481587,0.03954938,-0.8849816,0.5084711,-0.5039477,0.4949207,0.4924911,
1,6,16.611,-0.2481587,0.03954938,-0.8849816,0.5084711,-0.5039477,0.4949207,0.4924911,
1,6,16.613,-0.2481587,0.03954938,-0.8849816,0.5084711,-0.5039477,0.4949207,0.4924911,
1,6,16.615,-0.2481587,0.03954938,-0.8849816,0.5084711,-0.5039477,0.4949207,0.4924911,
1,6,16.617,-0.2481502,0.03953811,-0.8849772,0.5084902,-0.5039417,0.4949147,0.4924834,
1,6,16.619,-0.2481502,0.03953811,-0.8849772,0.5084902,-0.5039417,0.4949147,0.4924834,
1,6,16.621,-0.2481502,0.03953811,-0.8849772,0.5084902,-0.5039417,0.4949147,0.4924834,
1,6,16.623,-0.2481502,0.03953811,-0.8849772,0.5084902,-0.5039417,0.4949147,0.4924834,
1,6,16.625,-0.2481767,0.03954171,-0.8849762,0.5084704,-0.5039611,0.4949213,0.4924774,
1,6,16.627,-0.2481767,0.03954171,-0.8849762,0.5084704,-0.5039611,0.4949213,0.4924774,
1,6,16.629,-0.2481767,0.03954171,-0.8849762,0.5084704,-0.5039611,0.4949213,0.4924774,
1,6,16.631,-0.2481767,0.03954171,-0.8849762,0.5084704,-0.5039611,0.4949213,0.4924774,
1,6,16.633,-0.2481708,0.0395414,-0.884984,0.5084866,-0.5039664,0.4949059,0.4924707,
1,6,16.635,-0.2481708,0.0395414,-0.884984,0.5084866,-0.5039664,0.4949059,0.4924707,
1,6,16.637,-0.2481708,0.0395414,-0.884984,0.5084866,-0.5039664,0.4949059,0.4924707,
1,6,16.639,-0.2481708,0.0395414,-0.884984,0.5084866,-0.5039664,0.4949059,0.4924707,
1,6,16.641,-0.2481895,0.03951614,-0.884988,0.5084722,-0.5039974,0.494856,0.492504,
1,6,16.643,-0.2481895,0.03951614,-0.884988,0.5084722,-0.5039974,0.494856,0.492504,
1,6,16.645,-0.2481895,0.03951614,-0.884988,0.5084722,-0.5039974,0.494856,0.492504,
1,6,16.647,-0.2481895,0.03951614,-0.884988,0.5084722,-0.5039974,0.494856,0.492504,
1,6,16.649,-0.2481771,0.03952946,-0.8849739,0.5084641,-0.5039805,0.4948984,0.4924871,
1,6,16.651,-0.2481771,0.03952946,-0.8849739,0.5084641,-0.5039805,0.4948984,0.4924871,
1,6,16.653,-0.2481771,0.03952946,-0.8849739,0.5084641,-0.5039805,0.4948984,0.4924871,
1,6,16.655,-0.2481771,0.03952946,-0.8849739,0.5084641,-0.5039805,0.4948984,0.4924871,
1,6,16.657,-0.2481771,0.03952946,-0.8849739,0.5084641,-0.5039805,0.4948984,0.4924871,
1,6,16.659,-0.2481733,0.03954969,-0.8849798,0.5084686,-0.5039628,0.4949124,0.4924864,
1,6,16.661,-0.2481733,0.03954969,-0.8849798,0.5084686,-0.5039628,0.4949124,0.4924864,
1,6,16.663,-0.2481733,0.03954969,-0.8849798,0.5084686,-0.5039628,0.4949124,0.4924864,
1,6,16.665,-0.2481733,0.03954969,-0.8849798,0.5084686,-0.5039628,0.4949124,0.4924864,
1,6,16.667,-0.2481672,0.03954924,-0.8849814,0.5084774,-0.5039514,0.494937,0.4924645,
1,6,16.669,-0.2481672,0.03954924,-0.8849814,0.5084774,-0.5039514,0.494937,0.4924645,
1,6,16.671,-0.2481672,0.03954924,-0.8849814,0.5084774,-0.5039514,0.494937,0.4924645,
1,6,16.673,-0.2481672,0.03954924,-0.8849814,0.5084774,-0.5039514,0.494937,0.4924645,
1,6,16.675,-0.2481588,0.03955168,-0.884979,0.5084826,-0.5039372,0.494939,0.4924714,
1,6,16.677,-0.2481588,0.03955168,-0.884979,0.5084826,-0.5039372,0.494939,0.4924714,
1,6,16.679,-0.2481588,0.03955168,-0.884979,0.5084826,-0.5039372,0.494939,0.4924714,
1,6,16.681,-0.2481588,0.03955168,-0.884979,0.5084826,-0.5039372,0.494939,0.4924714,
1,6,16.683,-0.248171,0.03954963,-0.8849792,0.5084668,-0.5039439,0.4949383,0.4924819,
1,6,16.685,-0.248171,0.03954963,-0.8849792,0.5084668,-0.5039439,0.4949383,0.4924819,
1,6,16.687,-0.248171,0.03954963,-0.8849792,0.5084668,-0.5039439,0.4949383,0.4924819,
1,6,16.689,-0.248171,0.03954963,-0.8849792,0.5084668,-0.5039439,0.4949383,0.4924819,
1,6,16.691,-0.2481694,0.03954953,-0.884985,0.5084653,-0.5039554,0.4949325,0.4924772,
1,6,16.693,-0.2481694,0.03954953,-0.884985,0.5084653,-0.5039554,0.4949325,0.4924772,
1,6,16.695,-0.2481694,0.03954953,-0.884985,0.5084653,-0.5039554,0.4949325,0.4924772,
1,6,16.697,-0.2481694,0.03954953,-0.884985,0.5084653,-0.5039554,0.4949325,0.4924772,
1,6,16.699,-0.248178,0.03953994,-0.884986,0.5084556,-0.5039623,0.4949364,0.4924763,
1,6,16.701,-0.248178,0.03953994,-0.884986,0.5084556,-0.5039623,0.4949364,0.4924763,
1,6,16.703,-0.248178,0.03953994,-0.884986,0.5084556,-0.5039623,0.4949364,0.4924763,
1,6,16.705,-0.248178,0.03953994,-0.884986,0.5084556,-0.5039623,0.4949364,0.4924763,
1,6,16.707,-0.248178,0.03953994,-0.884986,0.5084556,-0.5039623,0.4949364,0.4924763,
1,6,16.709,-0.2481663,0.03954674,-0.8849722,0.5084701,-0.5039618,0.4949151,0.4924832,
1,6,16.711,-0.2481663,0.03954674,-0.8849722,0.5084701,-0.5039618,0.4949151,0.4924832,
1,6,16.713,-0.2481663,0.03954674,-0.8849722,0.5084701,-0.5039618,0.4949151,0.4924832,
1,6,16.715,-0.2481663,0.03954674,-0.8849722,0.5084701,-0.5039618,0.4949151,0.4924832,
1,6,16.717,-0.2481683,0.03954478,-0.8849893,0.5084811,-0.5039636,0.4949072,0.4924781,
1,6,16.719,-0.2481683,0.03954478,-0.8849893,0.5084811,-0.5039636,0.4949072,0.4924781,
1,6,16.721,-0.2481683,0.03954478,-0.8849893,0.5084811,-0.5039636,0.4949072,0.4924781,
1,6,16.723,-0.2481683,0.03954478,-0.8849893,0.5084811,-0.5039636,0.4949072,0.4924781,
1,6,16.725,-0.2481685,0.03954049,-0.8849894,0.5084816,-0.5039702,0.4949004,0.4924775,
1,6,16.727,-0.2481685,0.03954049,-0.8849894,0.5084816,-0.5039702,0.4949004,0.4924775,
1,6,16.729,-0.2481685,0.03954049,-0.8849894,0.5084816,-0.5039702,0.4949004,0.4924775,
1,6,16.731,-0.2481685,0.03954049,-0.8849894,0.5084816,-0.5039702,0.4949004,0.4924775,
1,6,16.733,-0.2481717,0.03953903,-0.8849989,0.5084798,-0.5039782,0.4948983,0.4924732,
1,6,16.735,-0.2481717,0.03953903,-0.8849989,0.5084798,-0.5039782,0.4948983,0.4924732,
1,6,16.737,-0.2481717,0.03953903,-0.8849989,0.5084798,-0.5039782,0.4948983,0.4924732,
1,6,16.739,-0.2481717,0.03953903,-0.8849989,0.5084798,-0.5039782,0.4948983,0.4924732,
1,6,16.741,-0.2481823,0.03953046,-0.8849958,0.5084746,-0.5039963,0.4948878,0.4924706,
1,6,16.743,-0.2481823,0.03953046,-0.8849958,0.5084746,-0.5039963,0.4948878,0.4924706,
1,6,16.745,-0.2481823,0.03953046,-0.8849958,0.5084746,-0.5039963,0.4948878,0.4924706,
1,6,16.747,-0.2481823,0.03953046,-0.8849958,0.5084746,-0.5039963,0.4948878,0.4924706,
1,6,16.749,-0.2481913,0.03953564,-0.8849894,0.5084633,-0.5040065,0.4948885,0.4924714,
1,6,16.751,-0.2481913,0.03953564,-0.8849894,0.5084633,-0.5040065,0.4948885,0.4924714,
1,6,16.753,-0.2481913,0.03953564,-0.8849894,0.5084633,-0.5040065,0.4948885,0.4924714,
1,6,16.755,-0.2481913,0.03953564,-0.8849894,0.5084633,-0.5040065,0.4948885,0.4924714,
1,6,16.757,-0.2481913,0.03953564,-0.8849894,0.5084633,-0.5040065,0.4948885,0.4924714,
1,6,16.759,-0.2481858,0.03953419,-0.8849878,0.5084673,-0.5039944,0.4949076,0.4924603,
1,6,16.761,-0.2481858,0.03953419,-0.8849878,0.5084673,-0.5039944,0.4949076,0.4924603,
1,6,16.763,-0.2481858,0.03953419,-0.8849878,0.5084673,-0.5039944,0.4949076,0.4924603,
1,6,16.765,-0.2481858,0.03953419,-0.8849878,0.5084673,-0.5039944,0.4949076,0.4924603,
1,6,16.767,-0.2481814,0.0395395,-0.8849927,0.5084651,-0.5039945,0.4949013,0.4924689,
1,6,16.769,-0.2481814,0.0395395,-0.8849927,0.5084651,-0.5039945,0.4949013,0.4924689,
1,6,16.771,-0.2481814,0.0395395,-0.8849927,0.5084651,-0.5039945,0.4949013,0.4924689,
1,6,16.773,-0.2481814,0.0395395,-0.8849927,0.5084651,-0.5039945,0.4949013,0.4924689,
1,6,16.775,-0.2481869,0.03954222,-0.884997,0.5084535,-0.5039986,0.4949082,0.4924696,
1,6,16.777,-0.2481869,0.03954222,-0.884997,0.5084535,-0.5039986,0.4949082,0.4924696,
1,6,16.779,-0.2481869,0.03954222,-0.884997,0.5084535,-0.5039986,0.4949082,0.4924696,
1,6,16.781,-0.2481869,0.03954222,-0.884997,0.5084535,-0.5039986,0.4949082,0.4924696,
1,6,16.783,-0.2481788,0.03955101,-0.8849924,0.5084634,-0.5039866,0.4949078,0.4924723,
1,6,16.785,-0.2481788,0.03955101,-0.8849924,0.5084634,-0.5039866,0.4949078,0.4924723,
1,6,16.787,-0.2481788,0.03955101,-0.8849924,0.5084634,-0.5039866,0.4949078,0.4924723,
1,6,16.789,-0.2481788,0.03955101,-0.8849924,0.5084634,-0.5039866,0.4949078,0.4924723,
1,6,16.791,-0.2481858,0.03954525,-0.8849924,0.5084705,-0.503983,0.494924,0.492452,
1,6,16.793,-0.2481858,0.03954525,-0.8849924,0.5084705,-0.503983,0.494924,0.492452,
1,6,16.795,-0.2481858,0.03954525,-0.8849924,0.5084705,-0.503983,0.494924,0.492452,
1,6,16.797,-0.2481858,0.03954525,-0.8849924,0.5084705,-0.503983,0.494924,0.492452,
1,6,16.799,-0.2481831,0.03955404,-0.8849866,0.5084548,-0.5039635,0.4949554,0.4924568,
1,6,16.801,-0.2481831,0.03955404,-0.8849866,0.5084548,-0.5039635,0.4949554,0.4924568,
1,6,16.803,-0.2481831,0.03955404,-0.8849866,0.5084548,-0.5039635,0.4949554,0.4924568,
1,6,16.805,-0.2481831,0.03955404,-0.8849866,0.5084548,-0.5039635,0.4949554,0.4924568,
1,6,16.807,-0.2481831,0.03955404,-0.8849866,0.5084548,-0.5039635,0.4949554,0.4924568,
1,6,16.809,-0.2481653,0.03953828,-0.8849852,0.5084938,-0.5039482,0.4949268,0.4924609,
1,6,16.811,-0.2481653,0.03953828,-0.8849852,0.5084938,-0.5039482,0.4949268,0.4924609,
1,6,16.813,-0.2481653,0.03953828,-0.8849852,0.5084938,-0.5039482,0.4949268,0.4924609,
1,6,16.815,-0.2481653,0.03953828,-0.8849852,0.5084938,-0.5039482,0.4949268,0.4924609,
1,6,16.817,-0.2481513,0.0395313,-0.884977,0.5084971,-0.5039606,0.4949088,0.4924631,
1,6,16.819,-0.2481513,0.0395313,-0.884977,0.5084971,-0.5039606,0.4949088,0.4924631,
1,6,16.821,-0.2481513,0.0395313,-0.884977,0.5084971,-0.5039606,0.4949088,0.4924631,
1,6,16.823,-0.2481513,0.0395313,-0.884977,0.5084971,-0.5039606,0.4949088,0.4924631,
1,6,16.825,-0.2481608,0.03953196,-0.8849774,0.5084906,-0.503962,0.4949156,0.4924615,
1,6,16.827,-0.2481608,0.03953196,-0.8849774,0.5084906,-0.503962,0.4949156,0.4924615,
1,6,16.829,-0.2481608,0.03953196,-0.8849774,0.5084906,-0.503962,0.4949156,0.4924615,
1,6,16.831,-0.2481608,0.03953196,-0.8849774,0.5084906,-0.503962,0.4949156,0.4924615,
1,6,16.833,-0.2481584,0.03953494,-0.8849774,0.5084896,-0.5039639,0.494908,0.492468,
1,6,16.835,-0.2481584,0.03953494,-0.8849774,0.5084896,-0.5039639,0.494908,0.492468,
1,6,16.837,-0.2481584,0.03953494,-0.8849774,0.5084896,-0.5039639,0.494908,0.492468,
1,6,16.839,-0.2481584,0.03953494,-0.8849774,0.5084896,-0.5039639,0.494908,0.492468,
1,6,16.841,-0.2481568,0.0395269,-0.8849739,0.5084885,-0.5039746,0.4948869,0.4924795,
1,6,16.843,-0.2481568,0.0395269,-0.8849739,0.5084885,-0.5039746,0.4948869,0.4924795,
1,6,16.845,-0.2481568,0.0395269,-0.8849739,0.5084885,-0.5039746,0.4948869,0.4924795,
1,6,16.847,-0.2481568,0.0395269,-0.8849739,0.5084885,-0.5039746,0.4948869,0.4924795,
1,6,16.849,-0.2481612,0.03952502,-0.8849865,0.5084842,-0.503981,0.4948792,0.4924852,
1,6,16.851,-0.2481612,0.03952502,-0.8849865,0.5084842,-0.503981,0.4948792,0.4924852,
1,6,16.853,-0.2481612,0.03952502,-0.8849865,0.5084842,-0.503981,0.4948792,0.4924852,
1,6,16.855,-0.2481612,0.03952502,-0.8849865,0.5084842,-0.503981,0.4948792,0.4924852,
1,6,16.857,-0.2481612,0.03952502,-0.8849865,0.5084842,-0.503981,0.4948792,0.4924852,
1,6,16.859,-0.2481465,0.03952592,-0.8849841,0.5084969,-0.503979,0.4948713,0.492482,
1,6,16.861,-0.2481465,0.03952592,-0.8849841,0.5084969,-0.503979,0.4948713,0.492482,
1,6,16.863,-0.2481465,0.03952592,-0.8849841,0.5084969,-0.503979,0.4948713,0.492482,
1,6,16.865,-0.2481465,0.03952592,-0.8849841,0.5084969,-0.503979,0.4948713,0.492482,
1,6,16.867,-0.2481602,0.03953531,-0.8849709,0.5084918,-0.5039706,0.4948962,0.4924707,
1,6,16.869,-0.2481602,0.03953531,-0.8849709,0.5084918,-0.5039706,0.4948962,0.4924707,
1,6,16.871,-0.2481602,0.03953531,-0.8849709,0.5084918,-0.5039706,0.4948962,0.4924707,
1,6,16.873,-0.2481602,0.03953531,-0.8849709,0.5084918,-0.5039706,0.4948962,0.4924707,
1,6,16.875,-0.2481707,0.03953081,-0.8849787,0.5084981,-0.5039585,0.4948943,0.4924787,
1,6,16.877,-0.2481707,0.03953081,-0.8849787,0.5084981,-0.5039585,0.4948943,0.4924787,
1,6,16.879,-0.2481707,0.03953081,-0.8849787,0.5084981,-0.5039585,0.4948943,0.4924787,
1,6,16.881,-0.2481707,0.03953081,-0.8849787,0.5084981,-0.5039585,0.4948943,0.4924787,
1,6,16.883,-0.2481642,0.03953604,-0.8849836,0.5084884,-0.5039626,0.4948995,0.4924792,
1,6,16.885,-0.2481642,0.03953604,-0.8849836,0.5084884,-0.5039626,0.4948995,0.4924792,
1,6,16.887,-0.2481642,0.03953604,-0.8849836,0.5084884,-0.5039626,0.4948995,0.4924792,
1,6,16.889,-0.2481642,0.03953604,-0.8849836,0.5084884,-0.5039626,0.4948995,0.4924792,
1,6,16.891,-0.2481572,0.03953847,-0.8849806,0.5084828,-0.5039519,0.4949074,0.492488,
1,6,16.893,-0.2481572,0.03953847,-0.8849806,0.5084828,-0.5039519,0.4949074,0.492488,
1,6,16.895,-0.2481572,0.03953847,-0.8849806,0.5084828,-0.5039519,0.4949074,0.492488,
1,6,16.897,-0.2481572,0.03953847,-0.8849806,0.5084828,-0.5039519,0.4949074,0.492488,
1,6,16.899,-0.2481647,0.03953618,-0.8849759,0.5084876,-0.503958,0.4949012,0.4924831,
1,6,16.901,-0.2481647,0.03953618,-0.8849759,0.5084876,-0.503958,0.4949012,0.4924831,
1,6,16.903,-0.2481647,0.03953618,-0.8849759,0.5084876,-0.503958,0.4949012,0.4924831,
1,6,16.905,-0.2481647,0.03953618,-0.8849759,0.5084876,-0.503958,0.4949012,0.4924831,
1,6,16.907,-0.2481647,0.03953618,-0.8849759,0.5084876,-0.503958,0.4949012,0.4924831,
1,6,16.909,-0.2481683,0.0395387,-0.8849735,0.5084782,-0.503941,0.494919,0.4924923,
1,6,16.911,-0.2481683,0.0395387,-0.8849735,0.5084782,-0.503941,0.494919,0.4924923,
1,6,16.913,-0.2481683,0.0395387,-0.8849735,0.5084782,-0.503941,0.494919,0.4924923,
1,6,16.915,-0.2481683,0.0395387,-0.8849735,0.5084782,-0.503941,0.494919,0.4924923,
1,6,16.917,-0.2481804,0.03954639,-0.8849832,0.508459,-0.5039489,0.4949318,0.4924911,
1,6,16.919,-0.2481804,0.03954639,-0.8849832,0.508459,-0.5039489,0.4949318,0.4924911,
1,6,16.921,-0.2481804,0.03954639,-0.8849832,0.508459,-0.5039489,0.4949318,0.4924911,
1,6,16.923,-0.2481804,0.03954639,-0.8849832,0.508459,-0.5039489,0.4949318,0.4924911,
1,6,16.925,-0.2481736,0.0395227,-0.8849785,0.5084834,-0.5039676,0.4949011,0.4924777,
1,6,16.927,-0.2481736,0.0395227,-0.8849785,0.5084834,-0.5039676,0.4949011,0.4924777,
1,6,16.929,-0.2481736,0.0395227,-0.8849785,0.5084834,-0.5039676,0.4949011,0.4924777,
1,6,16.931,-0.2481736,0.0395227,-0.8849785,0.5084834,-0.5039676,0.4949011,0.4924777,
1,6,16.933,-0.2481722,0.03953602,-0.8849816,0.5084727,-0.5039556,0.4949167,0.4924853,
1,6,16.935,-0.2481722,0.03953602,-0.8849816,0.5084727,-0.5039556,0.4949167,0.4924853,
1,6,16.937,-0.2481722,0.03953602,-0.8849816,0.5084727,-0.5039556,0.4949167,0.4924853,
1,6,16.939,-0.2481722,0.03953602,-0.8849816,0.5084727,-0.5039556,0.4949167,0.4924853,
1,6,16.941,-0.2481751,0.0395211,-0.8849927,0.5084811,-0.5039702,0.494901,0.4924775,
1,6,16.943,-0.2481751,0.0395211,-0.8849927,0.5084811,-0.5039702,0.494901,0.4924775,
1,6,16.945,-0.2481751,0.0395211,-0.8849927,0.5084811,-0.5039702,0.494901,0.4924775,
1,6,16.947,-0.2481751,0.0395211,-0.8849927,0.5084811,-0.5039702,0.494901,0.4924775,
1,6,16.949,-0.2481728,0.03954358,-0.8849846,0.5084826,-0.5039525,0.4949149,0.4924801,
1,6,16.951,-0.2481728,0.03954358,-0.8849846,0.5084826,-0.5039525,0.4949149,0.4924801,
1,6,16.953,-0.2481728,0.03954358,-0.8849846,0.5084826,-0.5039525,0.4949149,0.4924801,
1,6,16.955,-0.2481728,0.03954358,-0.8849846,0.5084826,-0.5039525,0.4949149,0.4924801,
1,6,16.957,-0.2481728,0.03954358,-0.8849846,0.5084826,-0.5039525,0.4949149,0.4924801,
1,6,16.959,-0.2481774,0.03955111,-0.8849866,0.508467,-0.5039551,0.4949111,0.4924974,
1,6,16.961,-0.2481774,0.03955111,-0.8849866,0.508467,-0.5039551,0.4949111,0.4924974,
1,6,16.963,-0.2481774,0.03955111,-0.8849866,0.508467,-0.5039551,0.4949111,0.4924974,
1,6,16.965,-0.2481774,0.03955111,-0.8849866,0.508467,-0.5039551,0.4949111,0.4924974,
1,6,16.967,-0.2481743,0.03954477,-0.8849857,0.508463,-0.5039671,0.4949105,0.4924898,
1,6,16.969,-0.2481743,0.03954477,-0.8849857,0.508463,-0.5039671,0.4949105,0.4924898,
1,6,16.971,-0.2481743,0.03954477,-0.8849857,0.508463,-0.5039671,0.4949105,0.4924898,
1,6,16.973,-0.2481743,0.03954477,-0.8849857,0.508463,-0.5039671,0.4949105,0.4924898,
1,6,16.975,-0.2481652,0.03954861,-0.8849905,0.5084794,-0.5039487,0.4949052,0.4924969,
1,6,16.977,-0.2481652,0.03954861,-0.8849905,0.5084794,-0.5039487,0.4949052,0.4924969,
1,6,16.979,-0.2481652,0.03954861,-0.8849905,0.5084794,-0.5039487,0.4949052,0.4924969,
1,6,16.981,-0.2481652,0.03954861,-0.8849905,0.5084794,-0.5039487,0.4949052,0.4924969,
1,6,16.983,-0.2481897,0.03950311,-0.885,0.5084796,-0.5039963,0.4948497,0.492504,
1,6,16.985,-0.2481897,0.03950311,-0.885,0.5084796,-0.5039963,0.4948497,0.492504,
1,6,16.987,-0.2481897,0.03950311,-0.885,0.5084796,-0.5039963,0.4948497,0.492504,
1,6,16.989,-0.2481897,0.03950311,-0.885,0.5084796,-0.5039963,0.4948497,0.492504,
1,6,16.991,-0.2481966,0.03949391,-0.8850017,0.5084572,-0.5040542,0.4948043,0.4925132,
1,6,16.993,-0.2481966,0.03949391,-0.8850017,0.5084572,-0.5040542,0.4948043,0.4925132,
1,6,16.995,-0.2481966,0.03949391,-0.8850017,0.5084572,-0.5040542,0.4948043,0.4925132,
1,6,16.997,-0.2481966,0.03949391,-0.8850017,0.5084572,-0.5040542,0.4948043,0.4925132,
1,6,16.999,-0.2481986,0.03950493,-0.8849901,0.5084714,-0.5040433,0.4948095,0.4925045,
1,6,17.001,-0.2481986,0.03950493,-0.8849901,0.5084714,-0.5040433,0.4948095,0.4925045,
1,6,17.003,-0.2481986,0.03950493,-0.8849901,0.5084714,-0.5040433,0.4948095,0.4925045,
1,6,17.005,-0.2481986,0.03950493,-0.8849901,0.5084714,-0.5040433,0.4948095,0.4925045,
1,6,17.007,-0.2481986,0.03950493,-0.8849901,0.5084714,-0.5040433,0.4948095,0.4925045,
1,6,17.009,-0.2481641,0.03954425,-0.8849916,0.5084751,-0.5039727,0.4948766,0.4925056,
1,6,17.011,-0.2481641,0.03954425,-0.8849916,0.5084751,-0.5039727,0.4948766,0.4925056,
1,6,17.013,-0.2481641,0.03954425,-0.8849916,0.5084751,-0.5039727,0.4948766,0.4925056,
1,6,17.015,-0.2481641,0.03954425,-0.8849916,0.5084751,-0.5039727,0.4948766,0.4925056,
1,6,17.017,-0.2481708,0.0395397,-0.8849917,0.5084835,-0.5039665,0.4949003,0.4924795,
1,6,17.019,-0.2481708,0.0395397,-0.8849917,0.5084835,-0.5039665,0.4949003,0.4924795,
1,6,17.021,-0.2481708,0.0395397,-0.8849917,0.5084835,-0.5039665,0.4949003,0.4924795,
1,6,17.023,-0.2481708,0.0395397,-0.8849917,0.5084835,-0.5039665,0.4949003,0.4924795,
1,6,17.025,-0.2481798,0.0395457,-0.8849835,0.5084525,-0.5039607,0.4949155,0.4925021,
1,6,17.027,-0.2481798,0.0395457,-0.8849835,0.5084525,-0.5039607,0.4949155,0.4925021,
1,6,17.029,-0.2481798,0.0395457,-0.8849835,0.5084525,-0.5039607,0.4949155,0.4925021,
1,6,17.031,-0.2481798,0.0395457,-0.8849835,0.5084525,-0.5039607,0.4949155,0.4925021,
1,6,17.033,-0.2481854,0.03955288,-0.8849856,0.5084474,-0.5039567,0.494925,0.492502,
1,6,17.035,-0.2481854,0.03955288,-0.8849856,0.5084474,-0.5039567,0.494925,0.492502,
1,6,17.037,-0.2481854,0.03955288,-0.8849856,0.5084474,-0.5039567,0.494925,0.492502,
1,6,17.039,-0.2481854,0.03955288,-0.8849856,0.5084474,-0.5039567,0.494925,0.492502,
1,6,17.041,-0.248178,0.03954277,-0.8849856,0.50847,-0.5039646,0.4949059,0.4924897,
1,6,17.043,-0.248178,0.03954277,-0.8849856,0.50847,-0.5039646,0.4949059,0.4924897,
1,6,17.045,-0.248178,0.03954277,-0.8849856,0.50847,-0.5039646,0.4949059,0.4924897,
1,6,17.047,-0.248178,0.03954277,-0.8849856,0.50847,-0.5039646,0.4949059,0.4924897,
1,6,17.049,-0.2481772,0.03952995,-0.8849906,0.5084788,-0.5039683,0.4949002,0.4924826,
1,6,17.051,-0.2481772,0.03952995,-0.8849906,0.5084788,-0.5039683,0.4949002,0.4924826,
1,6,17.053,-0.2481772,0.03952995,-0.8849906,0.5084788,-0.5039683,0.4949002,0.4924826,
1,6,17.055,-0.2481772,0.03952995,-0.8849906,0.5084788,-0.5039683,0.4949002,0.4924826,
1,6,17.057,-0.2481772,0.03952995,-0.8849906,0.5084788,-0.5039683,0.4949002,0.4924826,
1,6,17.059,-0.248177,0.03952735,-0.8849891,0.5084823,-0.5039809,0.4949039,0.4924625,
1,6,17.061,-0.248177,0.03952735,-0.8849891,0.5084823,-0.5039809,0.4949039,0.4924625,
1,6,17.063,-0.248177,0.03952735,-0.8849891,0.5084823,-0.5039809,0.4949039,0.4924625,
1,6,17.065,-0.248177,0.03952735,-0.8849891,0.5084823,-0.5039809,0.4949039,0.4924625,
1,6,17.067,-0.2481882,0.03953438,-0.8849891,0.5084665,-0.5039883,0.4948975,0.4924777,
1,6,17.069,-0.2481882,0.03953438,-0.8849891,0.5084665,-0.5039883,0.4948975,0.4924777,
1,6,17.071,-0.2481882,0.03953438,-0.8849891,0.5084665,-0.5039883,0.4948975,0.4924777,
1,6,17.073,-0.2481882,0.03953438,-0.8849891,0.5084665,-0.5039883,0.4948975,0.4924777,
1,6,17.075,-0.248192,0.03953724,-0.8849955,0.5084819,-0.5039799,0.4949038,0.4924639,
1,6,17.077,-0.248192,0.03953724,-0.8849955,0.5084819,-0.5039799,0.4949038,0.4924639,
1,6,17.079,-0.248192,0.03953724,-0.8849955,0.5084819,-0.5039799,0.4949038,0.4924639,
1,6,17.081,-0.248192,0.03953724,-0.8849955,0.5084819,-0.5039799,0.4949038,0.4924639,CourtEnter
1,6,17.083,-0.2481931,0.03954507,-0.8849978,0.5084605,-0.5039732,0.4949255,0.492471,
1,6,17.085,-0.2481931,0.03954507,-0.8849978,0.5084605,-0.5039732,0.4949255,0.492471,
1,6,17.087,-0.2481931,0.03954507,-0.8849978,0.5084605,-0.5039732,0.4949255,0.492471,
1,6,17.089,-0.2481931,0.03954507,-0.8849978,0.5084605,-0.5039732,0.4949255,0.492471,
1,6,17.091,-0.2481917,0.03953721,-0.8849939,0.5084653,-0.5039852,0.494915,0.4924642,CourtExit
1,6,17.093,-0.2481917,0.03953721,-0.8849939,0.5084653,-0.5039852,0.494915,0.4924642,
1,6,17.095,-0.2481917,0.03953721,-0.8849939,0.5084653,-0.5039852,0.494915,0.4924642,
1,6,17.097,-0.2481917,0.03953721,-0.8849939,0.5084653,-0.5039852,0.494915,0.4924642,
1,6,17.099,-0.2481845,0.03953241,-0.884984,0.508473,-0.5039845,0.4948993,0.492473,
1,6,17.101,-0.2481845,0.03953241,-0.884984,0.508473,-0.5039845,0.4948993,0.492473,
1,6,17.103,-0.2481845,0.03953241,-0.884984,0.508473,-0.5039845,0.4948993,0.492473,
1,6,17.105,-0.2481845,0.03953241,-0.884984,0.508473,-0.5039845,0.4948993,0.492473,
1,6,17.107,-0.2481845,0.03953241,-0.884984,0.508473,-0.5039845,0.4948993,0.492473,
1,6,17.109,-0.2481821,0.03952979,-0.8849862,0.5084844,-0.5039777,0.4949069,0.4924604,
1,6,17.111,-0.2481821,0.03952979,-0.8849862,0.5084844,-0.5039777,0.4949069,0.4924604,
1,6,17.113,-0.2481821,0.03952979,-0.8849862,0.5084844,-0.5039777,0.4949069,0.4924604,
1,6,17.115,-0.2481821,0.03952979,-0.8849862,0.5084844,-0.5039777,0.4949069,0.4924604,
1,6,17.117,-0.2481815,0.03953433,-0.8849846,0.5084736,-0.5039728,0.4949125,0.4924711,
1,6,17.119,-0.2481815,0.03953433,-0.8849846,0.5084736,-0.5039728,0.4949125,0.4924711,
1,6,17.121,-0.2481815,0.03953433,-0.8849846,0.5084736,-0.5039728,0.4949125,0.4924711,
1,6,17.123,-0.2481815,0.03953433,-0.8849846,0.5084736,-0.5039728,0.4949125,0.4924711,
1,6,17.125,-0.2481892,0.03953368,-0.884998,0.5084721,-0.5039909,0.4949043,0.4924622,
1,6,17.127,-0.2481892,0.03953368,-0.884998,0.5084721,-0.5039909,0.4949043,0.4924622,
1,6,17.129,-0.2481892,0.03953368,-0.884998,0.5084721,-0.5039909,0.4949043,0.4924622,
1,6,17.131,-0.2481892,0.03953368,-0.884998,0.5084721,-0.5039909,0.4949043,0.4924622,
1,6,17.133,-0.2481918,0.03953435,-0.8849881,0.5084631,-0.5039867,0.4949186,0.4924616,
1,6,17.135,-0.2481918,0.03953435,-0.8849881,0.5084631,-0.5039867,0.4949186,0.4924616,
1,6,17.137,-0.2481918,0.03953435,-0.8849881,0.5084631,-0.5039867,0.4949186,0.4924616,
1,6,17.139,-0.2481918,0.03953435,-0.8849881,0.5084631,-0.5039867,0.4949186,0.4924616,
1,6,17.141,-0.2481914,0.0395374,-0.8849995,0.5084655,-0.5039808,0.4949138,0.4924699,
1,6,17.143,-0.2481914,0.0395374,-0.8849995,0.5084655,-0.5039808,0.4949138,0.4924699,
1,6,17.145,-0.2481914,0.0395374,-0.8849995,0.5084655,-0.5039808,0.4949138,0.4924699,
1,6,17.147,-0.2481914,0.0395374,-0.8849995,0.5084655,-0.5039808,0.4949138,0.4924699,
1,6,17.149,-0.2481918,0.03953376,-0.8849919,0.5084528,-0.5039823,0.494932,0.4924633,
1,6,17.151,-0.2481918,0.03953376,-0.8849919,0.5084528,-0.5039823,0.494932,0.4924633,
1,6,17.153,-0.2481918,0.03953376,-0.8849919,0.5084528,-0.5039823,0.494932,0.4924633,
1,6,17.155,-0.2481918,0.03953376,-0.8849919,0.5084528,-0.5039823,0.494932,0.4924633,
1,6,17.157,-0.2481918,0.03953376,-0.8849919,0.5084528,-0.5039823,0.494932,0.4924633,
1,6,17.159,-0.2481915,0.03953723,-0.8849944,0.5084749,-0.5039905,0.494905,0.4924591,
1,6,17.161,-0.2481915,0.03953723,-0.8849944,0.5084749,-0.5039905,0.494905,0.4924591,
1,6,17.163,-0.2481915,0.03953723,-0.8849944,0.5084749,-0.5039905,0.494905,0.4924591,
1,6,17.165,-0.2481915,0.03953723,-0.8849944,0.5084749,-0.5039905,0.494905,0.4924591,
1,6,17.167,-0.2481832,0.03953971,-0.8849941,0.5084715,-0.5039861,0.4949025,0.4924697,
1,6,17.169,-0.2481832,0.03953971,-0.8849941,0.5084715,-0.5039861,0.4949025,0.4924697,
1,6,17.171,-0.2481832,0.03953971,-0.8849941,0.5084715,-0.5039861,0.4949025,0.4924697,
1,6,17.173,-0.2481832,0.03953971,-0.8849941,0.5084715,-0.5039861,0.4949025,0.4924697,
1,6,17.175,-0.248174,0.03954211,-0.8849971,0.508464,-0.5039639,0.4949217,0.4924808,
1,6,17.177,-0.248174,0.03954211,-0.8849971,0.508464,-0.5039639,0.4949217,0.4924808,
1,6,17.179,-0.248174,0.03954211,-0.8849971,0.508464,-0.5039639,0.4949217,0.4924808,
1,6,17.181,-0.248174,0.03954211,-0.8849971,0.508464,-0.5039639,0.4949217,0.4924808,
1,6,17.183,-0.2481848,0.03953643,-0.8849934,0.508471,-0.5039763,0.4949018,0.4924809,
1,6,17.185,-0.2481848,0.03953643,-0.8849934,0.508471,-0.5039763,0.4949018,0.4924809,
1,6,17.187,-0.2481848,0.03953643,-0.8849934,0.508471,-0.5039763,0.4949018,0.4924809,
1,6,17.189,-0.2481848,0.03953643,-0.8849934,0.508471,-0.5039763,0.4949018,0.4924809,
1,6,17.191,-0.2481827,0.0395423,-0.8849961,0.5084676,-0.5039693,0.4949138,0.4924796,
1,6,17.193,-0.2481827,0.0395423,-0.8849961,0.5084676,-0.5039693,0.4949138,0.4924796,
1,6,17.195,-0.2481827,0.0395423,-0.8849961,0.5084676,-0.5039693,0.4949138,0.4924796,
1,6,17.197,-0.2481827,0.0395423,-0.8849961,0.5084676,-0.5039693,0.4949138,0.4924796,
1,6,17.199,-0.2481873,0.0395468,-0.8849953,0.5084299,-0.5039704,0.4949308,0.4925002,
1,6,17.201,-0.2481873,0.0395468,-0.8849953,0.5084299,-0.5039704,0.4949308,0.4925002,
1,6,17.203,-0.2481873,0.0395468,-0.8849953,0.5084299,-0.5039704,0.4949308,0.4925002,
1,6,17.205,-0.2481873,0.0395468,-0.8849953,0.5084299,-0.5039704,0.4949308,0.4925002,
1,6,17.207,-0.2481873,0.0395468,-0.8849953,0.5084299,-0.5039704,0.4949308,0.4925002,
1,6,17.209,-0.2481835,0.0395488,-0.885003,0.5084577,-0.5039527,0.4949389,0.4924815,
1,6,17.211,-0.2481835,0.0395488,-0.885003,0.5084577,-0.5039527,0.4949389,0.4924815,
1,6,17.213,-0.2481835,0.0395488,-0.885003,0.5084577,-0.5039527,0.4949389,0.4924815,
1,6,17.215,-0.2481835,0.0395488,-0.885003,0.5084577,-0.5039527,0.4949389,0.4924815,
1,6,17.217,-0.2481741,0.03954684,-0.8849996,0.5084581,-0.5039655,0.494925,0.4924819,
1,6,17.219,-0.2481741,0.03954684,-0.8849996,0.5084581,-0.5039655,0.494925,0.4924819,
1,6,17.221,-0.2481741,0.03954684,-0.8849996,0.5084581,-0.5039655,0.494925,0.4924819,
1,6,17.223,-0.2481741,0.03954684,-0.8849996,0.5084581,-0.5039655,0.494925,0.4924819,
1,6,17.225,-0.2481817,0.03954579,-0.8849903,0.5084507,-0.5039684,0.494927,0.4924845,
1,6,17.227,-0.2481817,0.03954579,-0.8849903,0.5084507,-0.5039684,0.494927,0.4924845,
1,6,17.229,-0.2481817,0.03954579,-0.8849903,0.5084507,-0.5039684,0.494927,0.4924845,
1,6,17.231,-0.2481817,0.03954579,-0.8849903,0.5084507,-0.5039684,0.494927,0.4924845,
1,6,17.233,-0.2481953,0.03953085,-0.8849908,0.5084539,-0.503989,0.494916,0.4924713,
1,6,17.235,-0.2481953,0.03953085,-0.8849908,0.5084539,-0.503989,0.494916,0.4924713,
1,6,17.237,-0.2481953,0.03953085,-0.8849908,0.5084539,-0.503989,0.494916,0.4924713,
1,6,17.239,-0.2481953,0.03953085,-0.8849908,0.5084539,-0.503989,0.494916,0.4924713,
1,6,17.241,-0.2481966,0.03953611,-0.8849885,0.5084476,-0.504002,0.4949045,0.4924759,
1,6,17.243,-0.2481966,0.03953611,-0.8849885,0.5084476,-0.504002,0.4949045,0.4924759,
1,6,17.245,-0.2481966,0.03953611,-0.8849885,0.5084476,-0.504002,0.4949045,0.4924759,
1,6,17.247,-0.2481966,0.03953611,-0.8849885,0.5084476,-0.504002,0.4949045,0.4924759,
1,6,17.249,-0.248184,0.03954252,-0.8849878,0.508462,-0.5039945,0.4948914,0.492482,
1,6,17.251,-0.248184,0.03954252,-0.8849878,0.508462,-0.5039945,0.4948914,0.492482,
1,6,17.253,-0.248184,0.03954252,-0.8849878,0.508462,-0.5039945,0.4948914,0.492482,
1,6,17.255,-0.248184,0.03954252,-0.8849878,0.508462,-0.5039945,0.4948914,0.492482,
1,6,17.257,-0.248184,0.03954252,-0.8849878,0.508462,-0.5039945,0.4948914,0.492482,
1,6,17.259,-0.2481919,0.03953644,-0.8849898,0.5084612,-0.5039944,0.4948936,0.4924806,
1,6,17.261,-0.2481919,0.03953644,-0.8849898,0.5084612,-0.5039944,0.4948936,0.4924806,
1,6,17.263,-0.2481919,0.03953644,-0.8849898,0.5084612,-0.5039944,0.4948936,0.4924806,
1,6,17.265,-0.2481919,0.03953644,-0.8849898,0.5084612,-0.5039944,0.4948936,0.4924806,
1,6,17.267,-0.2481903,0.03954936,-0.8849829,0.5084462,-0.5039611,0.4949209,0.492503,
1,6,17.269,-0.2481903,0.03954936,-0.8849829,0.5084462,-0.5039611,0.4949209,0.492503,
1,6,17.271,-0.2481903,0.03954936,-0.8849829,0.5084462,-0.5039611,0.4949209,0.492503,
1,6,17.273,-0.2481903,0.03954936,-0.8849829,0.5084462,-0.5039611,0.4949209,0.492503,
1,6,17.275,-0.2481962,0.03951669,-0.8849905,0.5084457,-0.5039921,0.4948694,0.4925232,
1,6,17.277,-0.2481962,0.03951669,-0.8849905,0.5084457,-0.5039921,0.4948694,0.4925232,
1,6,17.279,-0.2481962,0.03951669,-0.8849905,0.5084457,-0.5039921,0.4948694,0.4925232,
1,6,17.281,-0.2481962,0.03951669,-0.8849905,0.5084457,-0.5039921,0.4948694,0.4925232,
1,6,17.283,-0.2481921,0.03953451,-0.8849852,0.5084444,-0.5039963,0.4948924,0.4924975,
1,6,17.285,-0.2481921,0.03953451,-0.8849852,0.5084444,-0.5039963,0.4948924,0.4924975,
1,6,17.287,-0.2481921,0.03953451,-0.8849852,0.5084444,-0.5039963,0.4948924,0.4924975,
1,6,17.289,-0.2481921,0.03953451,-0.8849852,0.5084444,-0.5039963,0.4948924,0.4924975,
1,6,17.291,-0.2481777,0.03954191,-0.8849877,0.5084446,-0.5039758,0.4949111,0.4924994,
1,6,17.293,-0.2481777,0.03954191,-0.8849877,0.5084446,-0.5039758,0.4949111,0.4924994,
1,6,17.295,-0.2481777,0.03954191,-0.8849877,0.5084446,-0.5039758,0.4949111,0.4924994,
1,6,17.297,-0.2481777,0.03954191,-0.8849877,0.5084446,-0.5039758,0.4949111,0.4924994,
1,6,17.299,-0.2481837,0.03954312,-0.884994,0.5084509,-0.5039591,0.494938,0.4924829,
1,6,17.301,-0.2481837,0.03954312,-0.884994,0.5084509,-0.5039591,0.494938,0.4924829,
1,6,17.303,-0.2481837,0.03954312,-0.884994,0.5084509,-0.5039591,0.494938,0.4924829,
1,6,17.305,-0.2481837,0.03954312,-0.884994,0.5084509,-0.5039591,0.494938,0.4924829,
1,6,17.307,-0.2481837,0.03954312,-0.884994,0.5084509,-0.5039591,0.494938,0.4924829,
1,6,17.309,-0.2481784,0.03954546,-0.8849959,0.5084716,-0.5039468,0.4949299,0.4924822,
1,6,17.311,-0.2481784,0.03954546,-0.8849959,0.5084716,-0.5039468,0.4949299,0.4924822,
1,6,17.313,-0.2481784,0.03954546,-0.8849959,0.5084716,-0.5039468,0.4949299,0.4924822,
1,6,17.315,-0.2481784,0.03954546,-0.8849959,0.5084716,-0.5039468,0.4949299,0.4924822,
1,6,17.317,-0.2481725,0.0395341,-0.8849945,0.5084657,-0.5039802,0.494914,0.4924701,
1,6,17.319,-0.2481725,0.0395341,-0.8849945,0.5084657,-0.5039802,0.494914,0.4924701,
1,6,17.321,-0.2481725,0.0395341,-0.8849945,0.5084657,-0.5039802,0.494914,0.4924701,
1,6,17.323,-0.2481725,0.0395341,-0.8849945,0.5084657,-0.5039802,0.494914,0.4924701,
1,6,17.325,-0.2481796,0.03952915,-0.8850004,0.5084568,-0.5039786,0.4949164,0.4924783,
1,6,17.327,-0.2481796,0.03952915,-0.8850004,0.5084568,-0.5039786,0.4949164,0.4924783,
1,6,17.329,-0.2481796,0.03952915,-0.8850004,0.5084568,-0.5039786,0.4949164,0.4924783,
1,6,17.331,-0.2481796,0.03952915,-0.8850004,0.5084568,-0.5039786,0.4949164,0.4924783,
1,6,17.333,-0.2481844,0.03952574,-0.8849957,0.5084678,-0.503992,0.4948965,0.4924735,
1,6,17.335,-0.2481844,0.03952574,-0.8849957,0.5084678,-0.503992,0.4948965,0.4924735,
1,6,17.337,-0.2481844,0.03952574,-0.8849957,0.5084678,-0.503992,0.4948965,0.4924735,
1,6,17.339,-0.2481844,0.03952574,-0.8849957,0.5084678,-0.503992,0.4948965,0.4924735,
1,6,17.341,-0.2481786,0.03953248,-0.8849989,0.5084505,-0.5039878,0.4949122,0.4924799,
1,6,17.343,-0.2481786,0.03953248,-0.8849989,0.5084505,-0.5039878,0.4949122,0.4924799,
1,6,17.345,-0.2481786,0.03953248,-0.8849989,0.5084505,-0.5039878,0.4949122,0.4924799,
1,6,17.347,-0.2481786,0.03953248,-0.8849989,0.5084505,-0.5039878,0.4949122,0.4924799,
1,6,17.349,-0.2481787,0.03953108,-0.8850112,0.5084593,-0.5039688,0.4949278,0.4924744,
1,6,17.351,-0.2481787,0.03953108,-0.8850112,0.5084593,-0.5039688,0.4949278,0.4924744,
1,6,17.353,-0.2481787,0.03953108,-0.8850112,0.5084593,-0.5039688,0.4949278,0.4924744,
1,6,17.355,-0.2481787,0.03953108,-0.8850112,0.5084593,-0.5039688,0.4949278,0.4924744,
1,6,17.357,-0.2481787,0.03953108,-0.8850112,0.5084593,-0.5039688,0.4949278,0.4924744,
1,6,17.359,-0.2481725,0.03953115,-0.8850073,0.5084637,-0.503978,0.4949145,0.4924739,
1,6,17.361,-0.2481725,0.03953115,-0.8850073,0.5084637,-0.503978,0.4949145,0.4924739,
1,6,17.363,-0.2481725,0.03953115,-0.8850073,0.5084637,-0.503978,0.4949145,0.4924739,
1,6,17.365,-0.2481725,0.03953115,-0.8850073,0.5084637,-0.503978,0.4949145,0.4924739,
1,6,17.367,-0.2481842,0.03952054,-0.8850015,0.5084694,-0.5039852,0.4949124,0.4924629,
1,6,17.369,-0.2481842,0.03952054,-0.8850015,0.5084694,-0.5039852,0.4949124,0.4924629,
1,6,17.371,-0.2481842,0.03952054,-0.8850015,0.5084694,-0.5039852,0.4949124,0.4924629,
1,6,17.373,-0.2481842,0.03952054,-0.8850015,0.5084694,-0.5039852,0.4949124,0.4924629,
1,6,17.375,-0.2481782,0.03952311,-0.885012,0.508478,-0.5039926,0.494902,0.4924569,
1,6,17.377,-0.2481782,0.03952311,-0.885012,0.508478,-0.5039926,0.494902,0.4924569,
1,6,17.379,-0.2481782,0.03952311,-0.885012,0.508478,-0.5039926,0.494902,0.4924569,
1,6,17.381,-0.2481782,0.03952311,-0.885012,0.508478,-0.5039926,0.494902,0.4924569,
1,6,17.383,-0.2481842,0.03953864,-0.885006,0.5084528,-0.5039823,0.4949319,0.4924632,
1,6,17.385,-0.2481842,0.03953864,-0.885006,0.5084528,-0.5039823,0.4949319,0.4924632,
1,6,17.387,-0.2481842,0.03953864,-0.885006,0.5084528,-0.5039823,0.4949319,0.4924632,
1,6,17.389,-0.2481842,0.03953864,-0.885006,0.5084528,-0.5039823,0.4949319,0.4924632,
1,6,17.391,-0.2481841,0.03955339,-0.8850073,0.5084472,-0.5039738,0.494932,0.4924777,
1,6,17.393,-0.2481841,0.03955339,-0.8850073,0.5084472,-0.5039738,0.494932,0.4924777,
1,6,17.395,-0.2481841,0.03955339,-0.8850073,0.5084472,-0.5039738,0.494932,0.4924777,
1,6,17.397,-0.2481841,0.03955339,-0.8850073,0.5084472,-0.5039738,0.494932,0.4924777,
1,6,17.399,-0.2481801,0.03955166,-0.8850057,0.508434,-0.5039721,0.494938,0.492487,
1,6,17.401,-0.2481801,0.03955166,-0.8850057,0.508434,-0.5039721,0.494938,0.492487,
1,6,17.403,-0.2481801,0.03955166,-0.8850057,0.508434,-0.5039721,0.494938,0.492487,
1,6,17.405,-0.2481801,0.03955166,-0.8850057,0.508434,-0.5039721,0.494938,0.492487,
1,6,17.407,-0.2481801,0.03955166,-0.8850057,0.508434,-0.5039721,0.494938,0.492487,
1,6,17.409,-0.2481809,0.03955698,-0.8849941,0.5084446,-0.5039612,0.4949273,0.4924979,
1,6,17.411,-0.2481809,0.03955698,-0.8849941,0.5084446,-0.5039612,0.4949273,0.4924979,
1,6,17.413,-0.2481809,0.03955698,-0.8849941,0.5084446,-0.5039612,0.4949273,0.4924979,
1,6,17.415,-0.2481809,0.03955698,-0.8849941,0.5084446,-0.5039612,0.4949273,0.4924979,
1,6,17.417,-0.2481646,0.03955837,-0.8849995,0.5084529,-0.5039532,0.4949151,0.4925098,
1,6,17.419,-0.2481646,0.03955837,-0.8849995,0.5084529,-0.5039532,0.4949151,0.4925098,
1,6,17.421,-0.2481646,0.03955837,-0.8849995,0.5084529,-0.5039532,0.4949151,0.4925098,
1,6,17.423,-0.2481646,0.03955837,-0.8849995,0.5084529,-0.5039532,0.4949151,0.4925098,
1,6,17.425,-0.2481766,0.03955648,-0.8850044,0.5084405,-0.5039467,0.4949383,0.492506,
1,6,17.427,-0.2481766,0.03955648,-0.8850044,0.5084405,-0.5039467,0.4949383,0.492506,
1,6,17.429,-0.2481766,0.03955648,-0.8850044,0.5084405,-0.5039467,0.4949383,0.492506,
1,6,17.431,-0.2481766,0.03955648,-0.8850044,0.5084405,-0.5039467,0.4949383,0.492506,
1,6,17.433,-0.2481719,0.03954237,-0.8850063,0.5084562,-0.5039693,0.4949156,0.4924896,
1,6,17.435,-0.2481719,0.03954237,-0.8850063,0.5084562,-0.5039693,0.4949156,0.4924896,
1,6,17.437,-0.2481719,0.03954237,-0.8850063,0.5084562,-0.5039693,0.4949156,0.4924896,
1,6,17.439,-0.2481719,0.03954237,-0.8850063,0.5084562,-0.5039693,0.4949156,0.4924896,
1,6,17.441,-0.2481752,0.03953727,-0.8849933,0.5084686,-0.5039572,0.4949345,0.4924701,
1,6,17.443,-0.2481752,0.03953727,-0.8849933,0.5084686,-0.5039572,0.4949345,0.4924701,
1,6,17.445,-0.2481752,0.03953727,-0.8849933,0.5084686,-0.5039572,0.4949345,0.4924701,
1,6,17.447,-0.2481752,0.03953727,-0.8849933,0.5084686,-0.5039572,0.4949345,0.4924701,
1,6,17.449,-0.2481748,0.03953774,-0.8849947,0.5084695,-0.5039558,0.4949379,0.492467,
1,6,17.451,-0.2481748,0.03953774,-0.8849947,0.5084695,-0.5039558,0.4949379,0.492467,
1,6,17.453,-0.2481748,0.03953774,-0.8849947,0.5084695,-0.5039558,0.4949379,0.492467,
1,6,17.455,-0.2481748,0.03953774,-0.8849947,0.5084695,-0.5039558,0.4949379,0.492467,
1,6,17.457,-0.2481748,0.03953774,-0.8849947,0.5084695,-0.5039558,0.4949379,0.492467,
1,6,17.459,-0.2481757,0.03953384,-0.8849923,0.5084657,-0.5039666,0.4949158,0.4924822,
1,6,17.461,-0.2481757,0.03953384,-0.8849923,0.5084657,-0.5039666,0.4949158,0.4924822,
1,6,17.463,-0.2481757,0.03953384,-0.8849923,0.5084657,-0.5039666,0.4949158,0.4924822,
1,6,17.465,-0.2481757,0.03953384,-0.8849923,0.5084657,-0.5039666,0.4949158,0.4924822,
1,6,17.467,-0.2481763,0.03953917,-0.884989,0.5084547,-0.5039771,0.4949148,0.4924837,
1,6,17.469,-0.2481763,0.03953917,-0.884989,0.5084547,-0.5039771,0.4949148,0.4924837,
1,6,17.471,-0.2481763,0.03953917,-0.884989,0.5084547,-0.5039771,0.4949148,0.4924837,
1,6,17.473,-0.2481763,0.03953917,-0.884989,0.5084547,-0.5039771,0.4949148,0.4924837,
1,6,17.475,-0.2481779,0.03953594,-0.8849941,0.5084713,-0.5039897,0.4949023,0.4924664,
1,6,17.477,-0.2481779,0.03953594,-0.8849941,0.5084713,-0.5039897,0.4949023,0.4924664,
1,6,17.479,-0.2481779,0.03953594,-0.8849941,0.5084713,-0.5039897,0.4949023,0.4924664,
1,6,17.481,-0.2481779,0.03953594,-0.8849941,0.5084713,-0.5039897,0.4949023,0.4924664,
1,6,17.483,-0.2481677,0.03953626,-0.8849956,0.50847,-0.5039821,0.4948956,0.4924821,
1,6,17.485,-0.2481677,0.03953626,-0.8849956,0.50847,-0.5039821,0.4948956,0.4924821,
1,6,17.487,-0.2481677,0.03953626,-0.8849956,0.50847,-0.5039821,0.4948956,0.4924821,
1,6,17.489,-0.2481677,0.03953626,-0.8849956,0.50847,-0.5039821,0.4948956,0.4924821,
1,6,17.491,-0.2481683,0.03953804,-0.8849952,0.5084667,-0.5039773,0.4949021,0.4924839,
1,6,17.493,-0.2481683,0.03953804,-0.8849952,0.5084667,-0.5039773,0.4949021,0.4924839,
1,6,17.495,-0.2481683,0.03953804,-0.8849952,0.5084667,-0.5039773,0.4949021,0.4924839,
1,6,17.497,-0.2481683,0.03953804,-0.8849952,0.5084667,-0.5039773,0.4949021,0.4924839,
1,6,17.499,-0.2481715,0.03954602,-0.8849859,0.5084501,-0.5039821,0.4949024,0.4924958,
1,6,17.501,-0.2481715,0.03954602,-0.8849859,0.5084501,-0.5039821,0.4949024,0.4924958,
1,6,17.503,-0.2481715,0.03954602,-0.8849859,0.5084501,-0.5039821,0.4949024,0.4924958,
1,6,17.505,-0.2481715,0.03954602,-0.8849859,0.5084501,-0.5039821,0.4949024,0.4924958,
1,6,17.507,-0.2481715,0.03954602,-0.8849859,0.5084501,-0.5039821,0.4949024,0.4924958,
1,6,17.509,-0.2481698,0.03952597,-0.8849912,0.5084853,-0.5039782,0.4948988,0.4924672,
1,6,17.511,-0.2481698,0.03952597,-0.8849912,0.5084853,-0.5039782,0.4948988,0.4924672,
1,6,17.513,-0.2481698,0.03952597,-0.8849912,0.5084853,-0.5039782,0.4948988,0.4924672,
1,6,17.515,-0.2481698,0.03952597,-0.8849912,0.5084853,-0.5039782,0.4948988,0.4924672,
1,6,17.517,-0.2481636,0.03953931,-0.8849922,0.5084652,-0.5039604,0.494907,0.4924979,
1,6,17.519,-0.2481636,0.03953931,-0.8849922,0.5084652,-0.5039604,0.494907,0.4924979,
1,6,17.521,-0.2481636,0.03953931,-0.8849922,0.5084652,-0.5039604,0.494907,0.4924979,
1,6,17.523,-0.2481636,0.03953931,-0.8849922,0.5084652,-0.5039604,0.494907,0.4924979,
1,6,17.525,-0.2481759,0.03955376,-0.8849887,0.5084605,-0.5039666,0.4948989,0.4925045,
1,6,17.527,-0.2481759,0.03955376,-0.8849887,0.5084605,-0.5039666,0.4948989,0.4925045,
1,6,17.529,-0.2481759,0.03955376,-0.8849887,0.5084605,-0.5039666,0.4948989,0.4925045,
1,6,17.531,-0.2481759,0.03955376,-0.8849887,0.5084605,-0.5039666,0.4948989,0.4925045,
1,6,17.533,-0.2481797,0.03954983,-0.8849939,0.5084519,-0.5039687,0.4949142,0.492496,
1,6,17.535,-0.2481797,0.03954983,-0.8849939,0.5084519,-0.5039687,0.4949142,0.492496,
1,6,17.537,-0.2481797,0.03954983,-0.8849939,0.5084519,-0.5039687,0.4949142,0.492496,
1,6,17.539,-0.2481797,0.03954983,-0.8849939,0.5084519,-0.5039687,0.4949142,0.492496,
1,6,17.541,-0.2481841,0.03955362,-0.8849884,0.5084442,-0.5039518,0.4949291,0.492506,
1,6,17.543,-0.2481841,0.03955362,-0.8849884,0.5084442,-0.5039518,0.4949291,0.492506,
1,6,17.545,-0.2481841,0.03955362,-0.8849884,0.5084442,-0.5039518,0.4949291,0.492506,
1,6,17.547,-0.2481841,0.03955362,-0.8849884,0.5084442,-0.5039518,0.4949291,0.492506,
1,6,17.549,-0.2481749,0.03955845,-0.8849841,0.5084431,-0.5039397,0.4949367,0.492512,
1,6,17.551,-0.2481749,0.03955845,-0.8849841,0.5084431,-0.5039397,0.4949367,0.492512,
1,6,17.553,-0.2481749,0.03955845,-0.8849841,0.5084431,-0.5039397,0.4949367,0.492512,
1,6,17.555,-0.2481749,0.03955845,-0.8849841,0.5084431,-0.5039397,0.4949367,0.492512,
1,6,17.557,-0.2481749,0.03955845,-0.8849841,0.5084431,-0.5039397,0.4949367,0.492512,
1,6,17.559,-0.2481741,0.03956234,-0.8849844,0.5084475,-0.5039565,0.4949285,0.4924985,
1,6,17.561,-0.2481741,0.03956234,-0.8849844,0.5084475,-0.5039565,0.4949285,0.4924985,
1,6,17.563,-0.2481741,0.03956234,-0.8849844,0.5084475,-0.5039565,0.4949285,0.4924985,
1,6,17.565,-0.2481741,0.03956234,-0.8849844,0.5084475,-0.5039565,0.4949285,0.4924985,
1,6,17.567,-0.2481794,0.03955328,-0.8849872,0.5084589,-0.5039554,0.4949357,0.4924807,
1,6,17.569,-0.2481794,0.03955328,-0.8849872,0.5084589,-0.5039554,0.4949357,0.4924807,
1,6,17.571,-0.2481794,0.03955328,-0.8849872,0.5084589,-0.5039554,0.4949357,0.4924807,
1,6,17.573,-0.2481794,0.03955328,-0.8849872,0.5084589,-0.5039554,0.4949357,0.4924807,
1,6,17.575,-0.2481886,0.03955783,-0.8849924,0.5084614,-0.5039613,0.4949341,0.4924738,
1,6,17.577,-0.2481886,0.03955783,-0.8849924,0.5084614,-0.5039613,0.4949341,0.4924738,
1,6,17.579,-0.2481886,0.03955783,-0.8849924,0.5084614,-0.5039613,0.4949341,0.4924738,
1,6,17.581,-0.2481886,0.03955783,-0.8849924,0.5084614,-0.5039613,0.4949341,0.4924738,
1,6,17.583,-0.2481767,0.03954839,-0.8849835,0.5084763,-0.5039377,0.4949304,0.4924861,
1,6,17.585,-0.2481767,0.03954839,-0.8849835,0.5084763,-0.5039377,0.4949304,0.4924861,
1,6,17.587,-0.2481767,0.03954839,-0.8849835,0.5084763,-0.5039377,0.4949304,0.4924861,
1,6,17.589,-0.2481767,0.03954839,-0.8849835,0.5084763,-0.5039377,0.4949304,0.4924861,
1,6,17.591,-0.248183,0.03954324,-0.8849865,0.5084853,-0.5039644,0.4949098,0.4924704,
1,6,17.593,-0.248183,0.03954324,-0.8849865,0.5084853,-0.5039644,0.4949098,0.4924704,
1,6,17.595,-0.248183,0.03954324,-0.8849865,0.5084853,-0.5039644,0.4949098,0.4924704,
1,6,17.597,-0.248183,0.03954324,-0.8849865,0.5084853,-0.5039644,0.4949098,0.4924704,
1,6,17.599,-0.2481831,0.03954145,-0.8849857,0.5084729,-0.5039861,0.4949106,0.4924601,
1,6,17.601,-0.2481831,0.03954145,-0.8849857,0.5084729,-0.5039861,0.4949106,0.4924601,
1,6,17.603,-0.2481831,0.03954145,-0.8849857,0.5084729,-0.5039861,0.4949106,0.4924601,
1,6,17.605,-0.2481831,0.03954145,-0.8849857,0.5084729,-0.5039861,0.4949106,0.4924601,
1,6,17.607,-0.2481831,0.03954145,-0.8849857,0.5084729,-0.5039861,0.4949106,0.4924601,
1,6,17.609,-0.2481825,0.03954233,-0.8849877,0.5084749,-0.5039876,0.4948966,0.4924707,
1,6,17.611,-0.2481825,0.03954233,-0.8849877,0.5084749,-0.5039876,0.4948966,0.4924707,
1,6,17.613,-0.2481825,0.03954233,-0.8849877,0.5084749,-0.5039876,0.4948966,0.4924707,
1,6,17.615,-0.2481825,0.03954233,-0.8849877,0.5084749,-0.5039876,0.4948966,0.4924707,
1,6,17.617,-0.2481746,0.03955173,-0.8849802,0.5084777,-0.5039606,0.4949091,0.4924827,
1,6,17.619,-0.2481746,0.03955173,-0.8849802,0.5084777,-0.5039606,0.4949091,0.4924827,
1,6,17.621,-0.2481746,0.03955173,-0.8849802,0.5084777,-0.5039606,0.4949091,0.4924827,
1,6,17.623,-0.2481746,0.03955173,-0.8849802,0.5084777,-0.5039606,0.4949091,0.4924827,
1,6,17.625,-0.2481786,0.03954141,-0.8849776,0.5084717,-0.5039675,0.4949011,0.4924898,
1,6,17.627,-0.2481786,0.03954141,-0.8849776,0.5084717,-0.5039675,0.4949011,0.4924898,
1,6,17.629,-0.2481786,0.03954141,-0.8849776,0.5084717,-0.5039675,0.4949011,0.4924898,
1,6,17.631,-0.2481786,0.03954141,-0.8849776,0.5084717,-0.5039675,0.4949011,0.4924898,
1,6,17.633,-0.2481749,0.03954723,-0.8849752,0.5084695,-0.5039705,0.494902,0.4924881,
1,6,17.635,-0.2481749,0.03954723,-0.8849752,0.5084695,-0.5039705,0.494902,0.4924881,
1,6,17.637,-0.2481749,0.03954723,-0.8849752,0.5084695,-0.5039705,0.494902,0.4924881,
1,6,17.639,-0.2481749,0.03954723,-0.8849752,0.5084695,-0.5039705,0.494902,0.4924881,
1,6,17.641,-0.2481732,0.03955377,-0.8849722,0.5084682,-0.503962,0.4949189,0.4924812,
1,6,17.643,-0.2481732,0.03955377,-0.8849722,0.5084682,-0.503962,0.4949189,0.4924812,
1,6,17.645,-0.2481732,0.03955377,-0.8849722,0.5084682,-0.503962,0.4949189,0.4924812,
1,6,17.647,-0.2481732,0.03955377,-0.8849722,0.5084682,-0.503962,0.4949189,0.4924812,
1,6,17.649,-0.2481654,0.03954922,-0.8849778,0.5084786,-0.5039483,0.4949138,0.4924897,
1,6,17.651,-0.2481654,0.03954922,-0.8849778,0.5084786,-0.5039483,0.4949138,0.4924897,
1,6,17.653,-0.2481654,0.03954922,-0.8849778,0.5084786,-0.5039483,0.4949138,0.4924897,
1,6,17.655,-0.2481654,0.03954922,-0.8849778,0.5084786,-0.5039483,0.4949138,0.4924897,
1,6,17.657,-0.2481654,0.03954922,-0.8849778,0.5084786,-0.5039483,0.4949138,0.4924897,
1,6,17.659,-0.2481671,0.03954596,-0.8849759,0.5084644,-0.5039667,0.4948971,0.4925023,
1,6,17.661,-0.2481671,0.03954596,-0.8849759,0.5084644,-0.5039667,0.4948971,0.4925023,
1,6,17.663,-0.2481671,0.03954596,-0.8849759,0.5084644,-0.5039667,0.4948971,0.4925023,
1,6,17.665,-0.2481671,0.03954596,-0.8849759,0.5084644,-0.5039667,0.4948971,0.4925023,
1,6,17.667,-0.2481747,0.03954618,-0.8849801,0.5084642,-0.5039914,0.4948804,0.4924939,
1,6,17.669,-0.2481747,0.03954618,-0.8849801,0.5084642,-0.5039914,0.4948804,0.4924939,
1,6,17.671,-0.2481747,0.03954618,-0.8849801,0.5084642,-0.5039914,0.4948804,0.4924939,
1,6,17.673,-0.2481747,0.03954618,-0.8849801,0.5084642,-0.5039914,0.4948804,0.4924939,
1,6,17.675,-0.2481643,0.03953921,-0.8849844,0.5084739,-0.5039837,0.4948767,0.4924955,
1,6,17.677,-0.2481643,0.03953921,-0.8849844,0.5084739,-0.5039837,0.4948767,0.4924955,
1,6,17.679,-0.2481643,0.03953921,-0.8849844,0.5084739,-0.5039837,0.4948767,0.4924955,
1,6,17.681,-0.2481643,0.03953921,-0.8849844,0.5084739,-0.5039837,0.4948767,0.4924955,
1,6,17.683,-0.2481715,0.03953684,-0.8849801,0.5084721,-0.5039858,0.4948835,0.4924883,
1,6,17.685,-0.2481715,0.03953684,-0.8849801,0.5084721,-0.5039858,0.4948835,0.4924883,
1,6,17.687,-0.2481715,0.03953684,-0.8849801,0.5084721,-0.5039858,0.4948835,0.4924883,
1,6,17.689,-0.2481715,0.03953684,-0.8849801,0.5084721,-0.5039858,0.4948835,0.4924883,
1,6,17.691,-0.2481821,0.03954684,-0.8849825,0.5084568,-0.5039885,0.4949024,0.4924825,
1,6,17.693,-0.2481821,0.03954684,-0.8849825,0.5084568,-0.5039885,0.4949024,0.4924825,
1,6,17.695,-0.2481821,0.03954684,-0.8849825,0.5084568,-0.5039885,0.4949024,0.4924825,
1,6,17.697,-0.2481821,0.03954684,-0.8849825,0.5084568,-0.5039885,0.4949024,0.4924825,
1,6,17.699,-0.2481834,0.03954141,-0.8849849,0.5084637,-0.5039692,0.4949065,0.492491,
1,6,17.701,-0.2481834,0.03954141,-0.8849849,0.5084637,-0.5039692,0.4949065,0.492491,
1,6,17.703,-0.2481834,0.03954141,-0.8849849,0.5084637,-0.5039692,0.4949065,0.492491,
1,6,17.705,-0.2481834,0.03954141,-0.8849849,0.5084637,-0.5039692,0.4949065,0.492491,
1,6,17.707,-0.2481834,0.03954141,-0.8849849,0.5084637,-0.5039692,0.4949065,0.492491,
1,6,17.709,-0.2481755,0.03953218,-0.884988,0.5084708,-0.5039774,0.4948995,0.4924823,
1,6,17.711,-0.2481755,0.03953218,-0.884988,0.5084708,-0.5039774,0.4948995,0.4924823,
1,6,17.713,-0.2481755,0.03953218,-0.884988,0.5084708,-0.5039774,0.4948995,0.4924823,
1,6,17.715,-0.2481755,0.03953218,-0.884988,0.5084708,-0.5039774,0.4948995,0.4924823,
1,6,17.717,-0.248178,0.03953549,-0.8849824,0.5084862,-0.5039648,0.4948965,0.4924824,
1,6,17.719,-0.248178,0.03953549,-0.8849824,0.5084862,-0.5039648,0.4948965,0.4924824,
1,6,17.721,-0.248178,0.03953549,-0.8849824,0.5084862,-0.5039648,0.4948965,0.4924824,
1,6,17.723,-0.248178,0.03953549,-0.8849824,0.5084862,-0.5039648,0.4948965,0.4924824,
1,6,17.725,-0.2481805,0.03953557,-0.8849869,0.5084732,-0.5039711,0.4948987,0.4924869,
1,6,17.727,-0.2481805,0.03953557,-0.8849869,0.5084732,-0.5039711,0.4948987,0.4924869,
1,6,17.729,-0.2481805,0.03953557,-0.8849869,0.5084732,-0.5039711,0.4948987,0.4924869,
1,6,17.731,-0.2481805,0.03953557,-0.8849869,0.5084732,-0.5039711,0.4948987,0.4924869,
1,6,17.733,-0.2481862,0.03954706,-0.8849904,0.5084569,-0.5039611,0.4949227,0.4924898,
1,6,17.735,-0.2481862,0.03954706,-0.8849904,0.5084569,-0.5039611,0.4949227,0.4924898,
1,6,17.737,-0.2481862,0.03954706,-0.8849904,0.5084569,-0.5039611,0.4949227,0.4924898,
1,6,17.739,-0.2481862,0.03954706,-0.8849904,0.5084569,-0.5039611,0.4949227,0.4924898,
1,6,17.741,-0.2481775,0.03954991,-0.8849851,0.5084634,-0.5039525,0.4949183,0.4924966,
1,6,17.743,-0.2481775,0.03954991,-0.8849851,0.5084634,-0.5039525,0.4949183,0.4924966,
1,6,17.745,-0.2481775,0.03954991,-0.8849851,0.5084634,-0.5039525,0.4949183,0.4924966,
1,6,17.747,-0.2481775,0.03954991,-0.8849851,0.5084634,-0.5039525,0.4949183,0.4924966,
1,6,17.749,-0.2481778,0.03953391,-0.88498,0.5084773,-0.5039617,0.4949111,0.49248,
1,6,17.751,-0.2481778,0.03953391,-0.88498,0.5084773,-0.5039617,0.4949111,0.49248,
1,6,17.753,-0.2481778,0.03953391,-0.88498,0.5084773,-0.5039617,0.4949111,0.49248,
1,6,17.755,-0.2481778,0.03953391,-0.88498,0.5084773,-0.5039617,0.4949111,0.49248,CourtEnter
1,6,17.757,-0.2481778,0.03953391,-0.88498,0.5084773,-0.5039617,0.4949111,0.49248,
1,6,17.759,-0.2481599,0.03954052,-0.8849842,0.5084867,-0.503965,0.4948935,0.4924846,
1,6,17.761,-0.2481599,0.03954052,-0.8849842,0.5084867,-0.503965,0.4948935,0.4924846,
1,6,17.763,-0.2481599,0.03954052,-0.8849842,0.5084867,-0.503965,0.4948935,0.4924846,
1,6,17.765,-0.2481599,0.03954052,-0.8849842,0.5084867,-0.503965,0.4948935,0.4924846,
1,6,17.767,-0.2481723,0.03954963,-0.8849869,0.5084605,-0.503967,0.4949062,0.4924968,CourtExit
1,6,17.769,-0.2481723,0.03954963,-0.8849869,0.5084605,-0.503967,0.4949062,0.4924968,
1,6,17.771,-0.2481723,0.03954963,-0.8849869,0.5084605,-0.503967,0.4949062,0.4924968,
1,6,17.773,-0.2481723,0.03954963,-0.8849869,0.5084605,-0.503967,0.4949062,0.4924968,
1,6,17.775,-0.248177,0.03954509,-0.884987,0.5084643,-0.5039631,0.4949277,0.4924752,
1,6,17.777,-0.248177,0.03954509,-0.884987,0.5084643,-0.5039631,0.4949277,0.4924752,
1,6,17.779,-0.248177,0.03954509,-0.884987,0.5084643,-0.5039631,0.4949277,0.4924752,
1,6,17.781,-0.248177,0.03954509,-0.884987,0.5084643,-0.5039631,0.4949277,0.4924752,
1,6,17.783,-0.2481767,0.03954472,-0.8849908,0.5084724,-0.5039854,0.4948961,0.4924759,
1,6,17.785,-0.2481767,0.03954472,-0.8849908,0.5084724,-0.5039854,0.4948961,0.4924759,
1,6,17.787,-0.2481767,0.03954472,-0.8849908,0.5084724,-0.5039854,0.4948961,0.4924759,
1,6,17.789,-0.2481767,0.03954472,-0.8849908,0.5084724,-0.5039854,0.4948961,0.4924759,
1,6,17.791,-0.2481844,0.03953806,-0.8849853,0.5084699,-0.504002,0.4948847,0.4924727,
1,6,17.793,-0.2481844,0.03953806,-0.8849853,0.5084699,-0.504002,0.4948847,0.4924727,
1,6,17.795,-0.2481844,0.03953806,-0.8849853,0.5084699,-0.504002,0.4948847,0.4924727,
1,6,17.797,-0.2481844,0.03953806,-0.8849853,0.5084699,-0.504002,0.4948847,0.4924727,
1,6,17.799,-0.2481911,0.03953226,-0.8849843,0.5084758,-0.5040023,0.4948893,0.4924619,
1,6,17.801,-0.2481911,0.03953226,-0.8849843,0.5084758,-0.5040023,0.4948893,0.4924619,
1,6,17.803,-0.2481911,0.03953226,-0.8849843,0.5084758,-0.5040023,0.4948893,0.4924619,
1,6,17.805,-0.2481911,0.03953226,-0.8849843,0.5084758,-0.5040023,0.4948893,0.4924619,
1,6,17.807,-0.2481911,0.03953226,-0.8849843,0.5084758,-0.5040023,0.4948893,0.4924619,
1,6,17.809,-0.2481781,0.03953556,-0.8849791,0.508473,-0.5039786,0.494905,0.4924732,
1,6,17.811,-0.2481781,0.03953556,-0.8849791,0.508473,-0.5039786,0.494905,0.4924732,
1,6,17.813,-0.2481781,0.03953556,-0.8849791,0.508473,-0.5039786,0.494905,0.4924732,
1,6,17.815,-0.2481781,0.03953556,-0.8849791,0.508473,-0.5039786,0.494905,0.4924732,
1,6,17.817,-0.2481788,0.03953554,-0.8849866,0.5084684,-0.5039706,0.4949163,0.4924748,
1,6,17.819,-0.2481788,0.03953554,-0.8849866,0.5084684,-0.5039706,0.4949163,0.4924748,
1,6,17.821,-0.2481788,0.03953554,-0.8849866,0.5084684,-0.5039706,0.4949163,0.4924748,
1,6,17.823,-0.2481788,0.03953554,-0.8849866,0.5084684,-0.5039706,0.4949163,0.4924748,
1,6,17.825,-0.2481809,0.03953135,-0.8849823,0.5084853,-0.5039725,0.4949017,0.4924702,
1,6,17.827,-0.2481809,0.03953135,-0.8849823,0.5084853,-0.5039725,0.4949017,0.4924702,
1,6,17.829,-0.2481809,0.03953135,-0.8849823,0.5084853,-0.5039725,0.4949017,0.4924702,
1,6,17.831,-0.2481809,0.03953135,-0.8849823,0.5084853,-0.5039725,0.4949017,0.4924702,
1,6,17.833,-0.2481797,0.03953566,-0.8849758,0.5084636,-0.503975,0.4948977,0.4924939,
1,6,17.835,-0.2481797,0.03953566,-0.8849758,0.5084636,-0.503975,0.4948977,0.4924939,
1,6,17.837,-0.2481797,0.03953566,-0.8849758,0.5084636,-0.503975,0.4948977,0.4924939,
1,6,17.839,-0.2481797,0.03953566,-0.8849758,0.5084636,-0.503975,0.4948977,0.4924939,
1,6,17.841,-0.2481903,0.03953867,-0.8849821,0.5084664,-0.503977,0.4949114,0.4924752,
1,6,17.843,-0.2481903,0.03953867,-0.8849821,0.5084664,-0.503977,0.4949114,0.4924752,
1,6,17.845,-0.2481903,0.03953867,-0.8849821,0.5084664,-0.503977,0.4949114,0.4924752,
1,6,17.847,-0.2481903,0.03953867,-0.8849821,0.5084664,-0.503977,0.4949114,0.4924752,
1,6,17.849,-0.2481846,0.03955179,-0.884984,0.5084393,-0.5039747,0.4949083,0.4925086,
1,6,17.851,-0.2481846,0.03955179,-0.884984,0.5084393,-0.5039747,0.4949083,0.4925086,
1,6,17.853,-0.2481846,0.03955179,-0.884984,0.5084393,-0.5039747,0.4949083,0.4925086,
1,6,17.855,-0.2481846,0.03955179,-0.884984,0.5084393,-0.5039747,0.4949083,0.4925086,
1,6,17.857,-0.2481846,0.03955179,-0.884984,0.5084393,-0.5039747,0.4949083,0.4925086,
1,6,17.859,-0.2481887,0.03954897,-0.8849869,0.5084543,-0.5039604,0.4949345,0.4924816,
1,6,17.861,-0.2481887,0.03954897,-0.8849869,0.5084543,-0.5039604,0.4949345,0.4924816,
1,6,17.863,-0.2481887,0.03954897,-0.8849869,0.5084543,-0.5039604,0.4949345,0.4924816,
1,6,17.865,-0.2481887,0.03954897,-0.8849869,0.5084543,-0.5039604,0.4949345,0.4924816,
1,6,17.867,-0.2482017,0.03951368,-0.884994,0.5084465,-0.5039985,0.4948744,0.4925108,
1,6,17.869,-0.2482017,0.03951368,-0.884994,0.5084465,-0.5039985,0.4948744,0.4925108,
1,6,17.871,-0.2482017,0.03951368,-0.884994,0.5084465,-0.5039985,0.4948744,0.4925108,
1,6,17.873,-0.2482017,0.03951368,-0.884994,0.5084465,-0.5039985,0.4948744,0.4925108,
1,6,17.875,-0.2481986,0.03954351,-0.8849787,0.5084468,-0.5039815,0.4949178,0.4924845,
1,6,17.877,-0.2481986,0.03954351,-0.8849787,0.5084468,-0.5039815,0.4949178,0.4924845,
1,6,17.879,-0.2481986,0.03954351,-0.8849787,0.5084468,-0.5039815,0.4949178,0.4924845,
1,6,17.881,-0.2481986,0.03954351,-0.8849787,0.5084468,-0.5039815,0.4949178,0.4924845,
1,6,17.883,-0.2481722,0.03954674,-0.8849775,0.5084488,-0.5039757,0.494922,0.492484,
1,6,17.885,-0.2481722,0.03954674,-0.8849775,0.5084488,-0.5039757,0.494922,0.492484,
1,6,17.887,-0.2481722,0.03954674,-0.8849775,0.5084488,-0.5039757,0.494922,0.492484,
1,6,17.889,-0.2481722,0.03954674,-0.8849775,0.5084488,-0.5039757,0.494922,0.492484,
1,6,17.891,-0.248187,0.03954211,-0.8849822,0.5084524,-0.5039582,0.4949364,0.4924837,
1,6,17.893,-0.248187,0.03954211,-0.8849822,0.5084524,-0.5039582,0.4949364,0.4924837,
1,6,17.895,-0.248187,0.03954211,-0.8849822,0.5084524,-0.5039582,0.4949364,0.4924837,
1,6,17.897,-0.248187,0.03954211,-0.8849822,0.5084524,-0.5039582,0.4949364,0.4924837,
1,6,17.899,-0.2481956,0.03953949,-0.8849836,0.5084383,-0.5039634,0.4949399,0.4924896,
1,6,17.901,-0.2481956,0.03953949,-0.8849836,0.5084383,-0.5039634,0.4949399,0.4924896,
1,6,17.903,-0.2481956,0.03953949,-0.8849836,0.5084383,-0.5039634,0.4949399,0.4924896,
1,6,17.905,-0.2481956,0.03953949,-0.8849836,0.5084383,-0.5039634,0.4949399,0.4924896,
1,6,17.907,-0.2481956,0.03953949,-0.8849836,0.5084383,-0.5039634,0.4949399,0.4924896,
1,6,17.909,-0.2481942,0.03955211,-0.8849847,0.5084419,-0.5039557,0.4949338,0.4925001,
1,6,17.911,-0.2481942,0.03955211,-0.8849847,0.5084419,-0.5039557,0.4949338,0.4925001,
1,6,17.913,-0.2481942,0.03955211,-0.8849847,0.5084419,-0.5039557,0.4949338,0.4925001,
1,6,17.915,-0.2481942,0.03955211,-0.8849847,0.5084419,-0.5039557,0.4949338,0.4925001,
1,6,17.917,-0.2481939,0.03954314,-0.8849866,0.5084237,-0.5039986,0.4949055,0.4925032,
1,6,17.919,-0.2481939,0.03954314,-0.8849866,0.5084237,-0.5039986,0.4949055,0.4925032,
1,6,17.921,-0.2481939,0.03954314,-0.8849866,0.5084237,-0.5039986,0.4949055,0.4925032,
1,6,17.923,-0.2481939,0.03954314,-0.8849866,0.5084237,-0.5039986,0.4949055,0.4925032,
1,6,17.925,-0.24818,0.03952898,-0.8849883,0.5084428,-0.5039858,0.4949041,0.4924979,
1,6,17.927,-0.24818,0.03952898,-0.8849883,0.5084428,-0.5039858,0.4949041,0.4924979,
1,6,17.929,-0.24818,0.03952898,-0.8849883,0.5084428,-0.5039858,0.4949041,0.4924979,
1,6,17.931,-0.24818,0.03952898,-0.8849883,0.5084428,-0.5039858,0.4949041,0.4924979,
1,6,17.933,-0.2481898,0.03953149,-0.8849857,0.5084669,-0.5039612,0.4949231,0.4924792,
1,6,17.935,-0.2481898,0.03953149,-0.8849857,0.5084669,-0.5039612,0.4949231,0.4924792,
1,6,17.937,-0.2481898,0.03953149,-0.8849857,0.5084669,-0.5039612,0.4949231,0.4924792,
1,6,17.939,-0.2481898,0.03953149,-0.8849857,0.5084669,-0.5039612,0.4949231,0.4924792,
1,6,17.941,-0.2482007,0.0395564,-0.8849983,0.5084532,-0.5039649,0.4949252,0.4924873,
1,6,17.943,-0.2482007,0.0395564,-0.8849983,0.5084532,-0.5039649,0.4949252,0.4924873,
1,6,17.945,-0.2482007,0.0395564,-0.8849983,0.5084532,-0.5039649,0.4949252,0.4924873,
1,6,17.947,-0.2482007,0.0395564,-0.8849983,0.5084532,-0.5039649,0.4949252,0.4924873,
1,6,17.949,-0.2481907,0.03953303,-0.8849878,0.508457,-0.5039778,0.4949069,0.4924888,
1,6,17.951,-0.2481907,0.03953303,-0.8849878,0.508457,-0.5039778,0.4949069,0.4924888,
1,6,17.953,-0.2481907,0.03953303,-0.8849878,0.508457,-0.5039778,0.4949069,0.4924888,
1,6,17.955,-0.2481907,0.03953303,-0.8849878,0.508457,-0.5039778,0.4949069,0.4924888,
1,6,17.957,-0.2481907,0.03953303,-0.8849878,0.508457,-0.5039778,0.4949069,0.4924888,
1,6,17.959,-0.2481983,0.03952746,-0.884989,0.5084796,-0.5039796,0.4949103,0.49246,
1,6,17.961,-0.2481983,0.03952746,-0.884989,0.5084796,-0.5039796,0.4949103,0.49246,
1,6,17.963,-0.2481983,0.03952746,-0.884989,0.5084796,-0.5039796,0.4949103,0.49246,
1,6,17.965,-0.2481983,0.03952746,-0.884989,0.5084796,-0.5039796,0.4949103,0.49246,
1,6,17.967,-0.2481936,0.03953286,-0.8849817,0.5084707,-0.5039841,0.4949081,0.4924669,
1,6,17.969,-0.2481936,0.03953286,-0.8849817,0.5084707,-0.5039841,0.4949081,0.4924669,
1,6,17.971,-0.2481936,0.03953286,-0.8849817,0.5084707,-0.5039841,0.4949081,0.4924669,
1,6,17.973,-0.2481936,0.03953286,-0.8849817,0.5084707,-0.5039841,0.4949081,0.4924669,
1,6,17.975,-0.248192,0.0395401,-0.8849792,0.5084656,-0.5039769,0.4949088,0.4924788,
1,6,17.977,-0.248192,0.0395401,-0.8849792,0.5084656,-0.5039769,0.4949088,0.4924788,
1,6,17.979,-0.248192,0.0395401,-0.8849792,0.5084656,-0.5039769,0.4949088,0.4924788,
1,6,17.981,-0.248192,0.0395401,-0.8849792,0.5084656,-0.5039769,0.4949088,0.4924788,
1,6,17.983,-0.2481933,0.03954399,-0.8849815,0.5084519,-0.5039643,0.4949235,0.492491,
1,6,17.985,-0.2481933,0.03954399,-0.8849815,0.5084519,-0.5039643,0.4949235,0.492491,
1,6,17.987,-0.2481933,0.03954399,-0.8849815,0.5084519,-0.5039643,0.4949235,0.492491,
1,6,17.989,-0.2481933,0.03954399,-0.8849815,0.5084519,-0.5039643,0.4949235,0.492491,
1,6,17.991,-0.2482021,0.03954369,-0.8849863,0.508446,-0.5039794,0.4949194,0.4924857,
1,6,17.993,-0.2482021,0.03954369,-0.8849863,0.508446,-0.5039794,0.4949194,0.4924857,
1,6,17.995,-0.2482021,0.03954369,-0.8849863,0.508446,-0.5039794,0.4949194,0.4924857,
1,6,17.997,-0.2482021,0.03954369,-0.8849863,0.508446,-0.5039794,0.4949194,0.4924857,
1,6,17.999,-0.2481971,0.03955774,-0.8849751,0.5084334,-0.5039595,0.4949361,0.4925026,
1,7,18.001,-0.2481971,0.03955774,-0.8849751,0.5084334,-0.5039595,0.4949361,0.4925026,TrialStart
1,7,18.003,-0.2481971,0.03955774,-0.8849751,0.5084334,-0.5039595,0.4949361,0.4925026,
1,7,18.005,-0.2481971,0.03955774,-0.8849751,0.5084334,-0.5039595,0.4949361,0.4925026,
1,7,18.007,-0.2481971,0.03955774,-0.8849751,0.5084334,-0.5039595,0.4949361,0.4925026,
1,7,18.009,-0.2482047,0.0395479,-0.8849808,0.5084304,-0.5039811,0.4949244,0.4924952,
1,7,18.011,-0.2482047,0.0395479,-0.8849808,0.5084304,-0.5039811,0.4949244,0.4924952,
1,7,18.013,-0.2482047,0.0395479,-0.8849808,0.5084304,-0.5039811,0.4949244,0.4924952,
1,7,18.015,-0.2482047,0.0395479,-0.8849808,0.5084304,-0.5039811,0.4949244,0.4924952,
1,7,18.017,-0.2481945,0.03955039,-0.884991,0.5084487,-0.5039564,0.4949362,0.4924896,
1,7,18.019,-0.2481945,0.03955039,-0.884991,0.5084487,-0.5039564,0.4949362,0.4924896,
1,7,18.021,-0.2481945,0.03955039,-0.884991,0.5084487,-0.5039564,0.4949362,0.4924896,
1,7,18.023,-0.2481945,0.03955039,-0.884991,0.5084487,-0.5039564,0.4949362,0.4924896,
1,7,18.025,-0.2481886,0.03955345,-0.8849887,0.5084576,-0.5039477,0.4949356,0.4924898,
1,7,18.027,-0.2481886,0.03955345,-0.8849887,0.5084576,-0.5039477,0.4949356,0.4924898,
1,7,18.029,-0.2481886,0.03955345,-0.8849887,0.5084576,-0.5039477,0.4949356,0.4924898,
1,7,18.031,-0.2481886,0.03955345,-0.8849887,0.5084576,-0.5039477,0.4949356,0.4924898,
1,7,18.033,-0.2481944,0.03954642,-0.8849881,0.5084578,-0.5039594,0.494928,0.4924855,
1,7,18.035,-0.2481944,0.03954642,-0.8849881,0.5084578,-0.5039594,0.494928,0.4924855,
1,7,18.037,-0.2481944,0.03954642,-0.8849881,0.5084578,-0.5039594,0.494928,0.4924855,
1,7,18.039,-0.2481944,0.03954642,-0.8849881,0.5084578,-0.5039594,0.494928,0.4924855,
1,7,18.041,-0.2481827,0.03954001,-0.8849852,0.5084706,-0.5039586,0.4949242,0.4924769,
1,7,18.043,-0.2481827,0.03954001,-0.8849852,0.5084706,-0.5039586,0.4949242,0.4924769,
1,7,18.045,-0.2481827,0.03954001,-0.8849852,0.5084706,-0.5039586,0.4949242,0.4924769,
1,7,18.047,-0.2481827,0.03954001,-0.8849852,0.5084706,-0.5039586,0.4949242,0.4924769,
1,7,18.049,-0.2481868,0.03953193,-0.8849833,0.5084747,-0.5039886,0.4948961,0.4924703,
1,7,18.051,-0.2481868,0.03953193,-0.8849833,0.5084747,-0.5039886,0.4948961,0.4924703,
1,7,18.053,-0.2481868,0.03953193,-0.8849833,0.5084747,-0.5039886,0.4948961,0.4924703,
1,7,18.055,-0.2481868,0.03953193,-0.8849833,0.5084747,-0.5039886,0.4948961,0.4924703,
1,7,18.057,-0.2481868,0.03953193,-0.8849833,0.5084747,-0.5039886,0.4948961,0.4924703,
1,7,18.059,-0.2481997,0.03954545,-0.8849882,0.5084745,-0.5039592,0.4949248,0.4924716,
1,7,18.061,-0.2481997,0.03954545,-0.8849882,0.5084745,-0.5039592,0.4949248,0.4924716,
1,7,18.063,-0.2481997,0.03954545,-0.8849882,0.5084745,-0.5039592,0.4949248,0.4924716,
1,7,18.065,-0.2481997,0.03954545,-0.8849882,0.5084745,-0.5039592,0.4949248,0.4924716,
1,7,18.067,-0.248181,0.03954009,-0.8849775,0.5084715,-0.5039746,0.4949114,0.4924726,
1,7,18.069,-0.248181,0.03954009,-0.8849775,0.5084715,-0.5039746,0.4949114,0.4924726,
1,7,18.071,-0.248181,0.03954009,-0.8849775,0.5084715,-0.5039746,0.4949114,0.4924726,
1,7,18.073,-0.248181,0.03954009,-0.8849775,0.5084715,-0.5039746,0.4949114,0.4924726,
1,7,18.075,-0.2481873,0.03954487,-0.8849863,0.5084848,-0.5039605,0.4949079,0.4924766,
1,7,18.077,-0.2481873,0.03954487,-0.8849863,0.5084848,-0.5039605,0.4949079,0.4924766,
1,7,18.079,-0.2481873,0.03954487,-0.8849863,0.5084848,-0.5039605,0.4949079,0.4924766,
1,7,18.081,-0.2481873,0.03954487,-0.8849863,0.5084848,-0.5039605,0.4949079,0.4924766,
1,7,18.083,-0.2481848,0.0395474,-0.8849791,0.5084795,-0.5039405,0.4949213,0.4924892,
1,7,18.085,-0.2481848,0.0395474,-0.8849791,0.5084795,-0.5039405,0.4949213,0.4924892,
1,7,18.087,-0.2481848,0.0395474,-0.8849791,0.5084795,-0.5039405,0.4949213,0.4924892,
1,7,18.089,-0.2481848,0.0395474,-0.8849791,0.5084795,-0.5039405,0.4949213,0.4924892,
1,7,18.091,-0.2481853,0.03952886,-0.8849881,0.5084797,-0.5039796,0.4948946,0.4924757,
1,7,18.093,-0.2481853,0.03952886,-0.8849881,0.5084797,-0.5039796,0.4948946,0.4924757,
1,7,18.095,-0.2481853,0.03952886,-0.8849881,0.5084797,-0.5039796,0.4948946,0.4924757,
1,7,18.097,-0.2481853,0.03952886,-0.8849881,0.5084797,-0.5039796,0.4948946,0.4924757,
1,7,18.099,-0.2481853,0.03953984,-0.8849778,0.5084748,-0.503956,0.4949282,0.492471,
1,7,18.101,-0.2481853,0.03953984,-0.8849778,0.5084748,-0.503956,0.4949282,0.492471,
1,7,18.103,-0.2481853,0.03953984,-0.8849778,0.5084748,-0.503956,0.4949282,0.492471,
1,7,18.105,-0.2481853,0.03953984,-0.8849778,0.5084748,-0.503956,0.4949282,0.492471,
1,7,18.107,-0.2481853,0.03953984,-0.8849778,0.5084748,-0.503956,0.4949282,0.492471,
1,7,18.109,-0.2481914,0.03954916,-0.8849833,0.5084657,-0.5039608,0.4949233,0.4924805,
1,7,18.111,-0.2481914,0.03954916,-0.8849833,0.5084657,-0.5039608,0.4949233,0.4924805,
1,7,18.113,-0.2481914,0.03954916,-0.8849833,0.5084657,-0.5039608,0.4949233,0.4924805,
1,7,18.115,-0.2481914,0.03954916,-0.8849833,0.5084657,-0.5039608,0.4949233,0.4924805,
1,7,18.117,-0.2481878,0.03954113,-0.8849834,0.5084593,-0.5039653,0.4949117,0.4924943,
1,7,18.119,-0.2481878,0.03954113,-0.8849834,0.5084593,-0.5039653,0.4949117,0.4924943,
1,7,18.121,-0.2481878,0.03954113,-0.8849834,0.5084593,-0.5039653,0.4949117,0.4924943,
1,7,18.123,-0.2481878,0.03954113,-0.8849834,0.5084593,-0.5039653,0.4949117,0.4924943,
1,7,18.125,-0.2481983,0.03953927,-0.88498,0.5084604,-0.503979,0.4949069,0.492484,
1,7,18.127,-0.2481983,0.03953927,-0.88498,0.5084604,-0.503979,0.4949069,0.492484,
1,7,18.129,-0.2481983,0.03953927,-0.88498,0.5084604,-0.503979,0.4949069,0.492484,
1,7,18.131,-0.2481983,0.03953927,-0.88498,0.5084604,-0.503979,0.4949069,0.492484,
1,7,18.133,-0.2481876,0.03954754,-0.8849781,0.5084653,-0.5039409,0.4949293,0.4924953,
1,7,18.135,-0.2481876,0.03954754,-0.8849781,0.5084653,-0.5039409,0.4949293,0.4924953,
1,7,18.137,-0.2481876,0.03954754,-0.8849781,0.5084653,-0.5039409,0.4949293,0.4924953,
1,7,18.139,-0.2481876,0.03954754,-0.8849781,0.5084653,-0.5039409,0.4949293,0.4924953,
1,7,18.141,-0.2481848,0.03954235,-0.8849859,0.5084551,-0.5039591,0.4949106,0.492506,
1,7,18.143,-0.2481848,0.03954235,-0.8849859,0.5084551,-0.5039591,0.4949106,0.492506,
1,7,18.145,-0.2481848,0.03954235,-0.8849859,0.5084551,-0.5039591,0.4949106,0.492506,
1,7,18.147,-0.2481848,0.03954235,-0.8849859,0.5084551,-0.5039591,0.4949106,0.492506,
1,7,18.149,-0.2481913,0.03954992,-0.8849825,0.5084494,-0.5039564,0.4949207,0.4925046,
1,7,18.151,-0.2481913,0.03954992,-0.8849825,0.5084494,-0.5039564,0.4949207,0.4925046,
1,7,18.153,-0.2481913,0.03954992,-0.8849825,0.5084494,-0.5039564,0.4949207,0.4925046,
1,7,18.155,-0.2481913,0.03954992,-0.8849825,0.5084494,-0.5039564,0.4949207,0.4925046,
1,7,18.157,-0.2481913,0.03954992,-0.8849825,0.5084494,-0.5039564,0.4949207,0.4925046,
1,7,18.159,-0.2481853,0.03954624,-0.8849785,0.5084704,-0.5039256,0.494938,0.492497,
1,7,18.161,-0.2481853,0.03954624,-0.8849785,0.5084704,-0.5039256,0.494938,0.492497,
1,7,18.163,-0.2481853,0.03954624,-0.8849785,0.5084704,-0.5039256,0.494938,0.492497,
1,7,18.165,-0.2481853,0.03954624,-0.8849785,0.5084704,-0.5039256,0.494938,0.492497,
1,7,18.167,-0.2481826,0.03954602,-0.8849741,0.5084794,-0.5039381,0.4949106,0.4925024,
1,7,18.169,-0.2481826,0.03954602,-0.8849741,0.5084794,-0.5039381,0.4949106,0.4925024,
1,7,18.171,-0.2481826,0.03954602,-0.8849741,0.5084794,-0.5039381,0.4949106,0.4925024,
1,7,18.173,-0.2481826,0.03954602,-0.8849741,0.5084794,-0.5039381,0.4949106,0.4925024,
1,7,18.175,-0.2481847,0.03954443,-0.8849838,0.5084597,-0.5039541,0.4949124,0.4925046,
1,7,18.177,-0.2481847,0.03954443,-0.8849838,0.5084597,-0.5039541,0.4949124,0.4925046,
1,7,18.179,-0.2481847,0.03954443,-0.8849838,0.5084597,-0.5039541,0.4949124,0.4925046,
1,7,18.181,-0.2481847,0.03954443,-0.8849838,0.5084597,-0.5039541,0.4949124,0.4925046,
1,7,18.183,-0.2481894,0.03953674,-0.8849837,0.5084713,-0.5039582,0.4949083,0.4924925,
1,7,18.185,-0.2481894,0.03953674,-0.8849837,0.5084713,-0.5039582,0.4949083,0.4924925,
1,7,18.187,-0.2481894,0.03953674,-0.8849837,0.5084713,-0.5039582,0.4949083,0.4924925,
1,7,18.189,-0.2481894,0.03953674,-0.8849837,0.5084713,-0.5039582,0.4949083,0.4924925,
1,7,18.191,-0.2481807,0.03955544,-0.8849766,0.5084614,-0.5039651,0.4949165,0.4924874,
1,7,18.193,-0.2481807,0.03955544,-0.8849766,0.5084614,-0.5039651,0.4949165,0.4924874,
1,7,18.195,-0.2481807,0.03955544,-0.8849766,0.5084614,-0.5039651,0.4949165,0.4924874,
1,7,18.197,-0.2481807,0.03955544,-0.8849766,0.5084614,-0.5039651,0.4949165,0.4924874,
1,7,18.199,-0.2481957,0.0395337,-0.8849801,0.5084568,-0.5040016,0.4948947,0.4924768,
1,7,18.201,-0.2481957,0.0395337,-0.8849801,0.5084568,-0.5040016,0.4948947,0.4924768,
1,7,18.203,-0.2481957,0.0395337,-0.8849801,0.5084568,-0.5040016,0.4948947,0.4924768,
1,7,18.205,-0.2481957,0.0395337,-0.8849801,0.5084568,-0.5040016,0.4948947,0.4924768,
1,7,18.207,-0.2481957,0.0395337,-0.8849801,0.5084568,-0.5040016,0.4948947,0.4924768,
1,7,18.209,-0.2481883,0.03952903,-0.8849854,0.5084709,-0.5039819,0.4949172,0.4924596,
1,7,18.211,-0.2481883,0.03952903,-0.8849854,0.5084709,-0.5039819,0.4949172,0.4924596,
1,7,18.213,-0.2481883,0.03952903,-0.8849854,0.5084709,-0.5039819,0.4949172,0.4924596,
1,7,18.215,-0.2481883,0.03952903,-0.8849854,0.5084709,-0.5039819,0.4949172,0.4924596,
1,7,18.217,-0.2481845,0.03955972,-0.8849806,0.5084363,-0.5039555,0.4949489,0.4924906,
1,7,18.219,-0.2481845,0.03955972,-0.8849806,0.5084363,-0.5039555,0.4949489,0.4924906,
1,7,18.221,-0.2481845,0.03955972,-0.8849806,0.5084363,-0.5039555,0.4949489,0.4924906,
1,7,18.223,-0.2481845,0.03955972,-0.8849806,0.5084363,-0.5039555,0.4949489,0.4924906,
1,7,18.225,-0.2481781,0.03954891,-0.8849804,0.5084592,-0.5039654,0.494924,0.4924819,
1,7,18.227,-0.2481781,0.03954891,-0.8849804,0.5084592,-0.5039654,0.494924,0.4924819,
1,7,18.229,-0.2481781,0.03954891,-0.8849804,0.5084592,-0.5039654,0.494924,0.4924819,
1,7,18.231,-0.2481781,0.03954891,-0.8849804,0.5084592,-0.5039654,0.494924,0.4924819,
1,7,18.233,-0.2481979,0.0395552,-0.8849764,0.5084474,-0.5039597,0.4949351,0.4924887,
1,7,18.235,-0.2481979,0.0395552,-0.8849764,0.5084474,-0.5039597,0.4949351,0.4924887,
1,7,18.237,-0.2481979,0.0395552,-0.8849764,0.5084474,-0.5039597,0.4949351,0.4924887,
1,7,18.239,-0.2481979,0.0395552,-0.8849764,0.5084474,-0.5039597,0.4949351,0.4924887,
1,7,18.241,-0.2481986,0.03955726,-0.8849798,0.5084447,-0.5039523,0.4949453,0.492489,
1,7,18.243,-0.2481986,0.03955726,-0.8849798,0.5084447,-0.5039523,0.4949453,0.492489,
1,7,18.245,-0.2481986,0.03955726,-0.8849798,0.5084447,-0.5039523,0.4949453,0.492489,
1,7,18.247,-0.2481986,0.03955726,-0.8849798,0.5084447,-0.5039523,0.4949453,0.492489,
1,7,18.249,-0.248191,0.03956535,-0.884979,0.5084461,-0.5039482,0.4949364,0.4925004,
1,7,18.251,-0.248191,0.03956535,-0.884979,0.5084461,-0.5039482,0.4949364,0.4925004,
1,7,18.253,-0.248191,0.03956535,-0.884979,0.5084461,-0.5039482,0.4949364,0.4925004,
1,7,18.255,-0.248191,0.03956535,-0.884979,0.5084461,-0.5039482,0.4949364,0.4925004,
1,7,18.257,-0.248191,0.03956535,-0.884979,0.5084461,-0.5039482,0.4949364,0.4925004,
1,7,18.259,-0.2481891,0.03956341,-0.8849821,0.5084439,-0.5039476,0.4949431,0.4924967,
1,7,18.261,-0.2481891,0.03956341,-0.8849821,0.5084439,-0.5039476,0.4949431,0.4924967,
1,7,18.263,-0.2481891,0.03956341,-0.8849821,0.5084439,-0.5039476,0.4949431,0.4924967,
1,7,18.265,-0.2481891,0.03956341,-0.8849821,0.5084439,-0.5039476,0.4949431,0.4924967,
1,7,18.267,-0.2481867,0.03953906,-0.8849862,0.5084614,-0.5039814,0.4949184,0.4924687,
1,7,18.269,-0.2481867,0.03953906,-0.8849862,0.5084614,-0.5039814,0.4949184,0.4924687,
1,7,18.271,-0.2481867,0.03953906,-0.8849862,0.5084614,-0.5039814,0.4949184,0.4924687,
1,7,18.273,-0.2481867,0.03953906,-0.8849862,0.5084614,-0.5039814,0.4949184,0.4924687,
1,7,18.275,-0.2481893,0.03954807,-0.8849766,0.5084448,-0.503983,0.4949198,0.4924829,
1,7,18.277,-0.2481893,0.03954807,-0.8849766,0.5084448,-0.503983,0.4949198,0.4924829,
1,7,18.279,-0.2481893,0.03954807,-0.8849766,0.5084448,-0.503983,0.4949198,0.4924829,
1,7,18.281,-0.2481893,0.03954807,-0.8849766,0.5084448,-0.503983,0.4949198,0.4924829,
1,7,18.283,-0.2481892,0.03955225,-0.8849812,0.5084508,-0.5039688,0.4949372,0.4924739,
1,7,18.285,-0.2481892,0.03955225,-0.8849812,0.5084508,-0.5039688,0.4949372,0.4924739,
1,7,18.287,-0.2481892,0.03955225,-0.8849812,0.5084508,-0.5039688,0.4949372,0.4924739,
1,7,18.289,-0.2481892,0.03955225,-0.8849812,0.5084508,-0.5039688,0.4949372,0.4924739,
1,7,18.291,-0.248185,0.03954413,-0.8849783,0.5084628,-0.5039646,0.4949302,0.4924726,
1,7,18.293,-0.248185,0.03954413,-0.8849783,0.5084628,-0.5039646,0.4949302,0.4924726,
1,7,18.295,-0.248185,0.03954413,-0.8849783,0.5084628,-0.5039646,0.4949302,0.4924726,
1,7,18.297,-0.248185,0.03954413,-0.8849783,0.5084628,-0.5039646,0.4949302,0.4924726,
1,7,18.299,-0.2481896,0.03955621,-0.884977,0.5084419,-0.5039765,0.4949312,0.4924813,
1,7,18.301,-0.2481896,0.03955621,-0.884977,0.5084419,-0.5039765,0.4949312,0.4924813,
1,7,18.303,-0.2481896,0.03955621,-0.884977,0.5084419,-0.5039765,0.4949312,0.4924813,
1,7,18.305,-0.2481896,0.03955621,-0.884977,0.5084419,-0.5039765,0.4949312,0.4924813,
1,7,18.307,-0.2481896,0.03955621,-0.884977,0.5084419,-0.5039765,0.4949312,0.4924813,
1,7,18.309,-0.2481826,0.03955308,-0.8849755,0.5084569,-0.5039762,0.494922,0.4924752,
1,7,18.311,-0.2481826,0.03955308,-0.8849755,0.5084569,-0.5039762,0.494922,0.4924752,
1,7,18.313,-0.2481826,0.03955308,-0.8849755,0.5084569,-0.5039762,0.494922,0.4924752,
1,7,18.315,-0.2481826,0.03955308,-0.8849755,0.5084569,-0.5039762,0.494922,0.4924752,
1,7,18.317,-0.2481794,0.03955146,-0.8849797,0.5084736,-0.5039517,0.4949315,0.4924734,
1,7,18.319,-0.2481794,0.03955146,-0.8849797,0.5084736,-0.5039517,0.4949315,0.4924734,
1,7,18.321,-0.2481794,0.03955146,-0.8849797,0.5084736,-0.5039517,0.4949315,0.4924734,
1,7,18.323,-0.2481794,0.03955146,-0.8849797,0.5084736,-0.5039517,0.4949315,0.4924734,
1,7,18.325,-0.2481809,0.03955562,-0.8849835,0.508468,-0.5039483,0.4949418,0.4924723,
1,7,18.327,-0.2481809,0.03955562,-0.8849835,0.508468,-0.5039483,0.4949418,0.4924723,
1,7,18.329,-0.2481809,0.03955562,-0.8849835,0.508468,-0.5039483,0.4949418,0.4924723,
1,7,18.331,-0.2481809,0.03955562,-0.8849835,0.508468,-0.5039483,0.4949418,0.4924723,
1,7,18.333,-0.2481768,0.03954867,-0.8849738,0.5084817,-0.503962,0.4949081,0.4924781,
1,7,18.335,-0.2481768,0.03954867,-0.8849738,0.5084817,-0.503962,0.4949081,0.4924781,
1,7,18.337,-0.2481768,0.03954867,-0.8849738,0.5084817,-0.503962,0.4949081,0.4924781,
1,7,18.339,-0.2481768,0.03954867,-0.8849738,0.5084817,-0.503962,0.4949081,0.4924781,
1,7,18.341,-0.2481814,0.03954108,-0.884975,0.5084844,-0.5039826,0.4948993,0.4924632,
1,7,18.343,-0.2481814,0.03954108,-0.884975,0.5084844,-0.5039826,0.4948993,0.4924632,
1,7,18.345,-0.2481814,0.03954108,-0.884975,0.5084844,-0.5039826,0.4948993,0.4924632,
1,7,18.347,-0.2481814,0.03954108,-0.884975,0.5084844,-0.5039826,0.4948993,0.4924632,
1,7,18.349,-0.2481906,0.03955239,-0.8849788,0.5084577,-0.5039712,0.4949206,0.4924808,
1,7,18.351,-0.2481906,0.03955239,-0.8849788,0.5084577,-0.5039712,0.4949206,0.4924808,
1,7,18.353,-0.2481906,0.03955239,-0.8849788,0.5084577,-0.5039712,0.4949206,0.4924808,
1,7,18.355,-0.2481906,0.03955239,-0.8849788,0.5084577,-0.5039712,0.4949206,0.4924808,
1,7,18.357,-0.2481906,0.03955239,-0.8849788,0.5084577,-0.5039712,0.4949206,0.4924808,
1,7,18.359,-0.2481971,0.03954754,-0.8849835,0.5084528,-0.5039636,0.4949377,0.4924766,
1,7,18.361,-0.2481971,0.03954754,-0.8849835,0.5084528,-0.5039636,0.4949377,0.4924766,
1,7,18.363,-0.2481971,0.03954754,-0.8849835,0.5084528,-0.5039636,0.4949377,0.4924766,
1,7,18.365,-0.2481971,0.03954754,-0.8849835,0.5084528,-0.5039636,0.4949377,0.4924766,
1,7,18.367,-0.248196,0.03956243,-0.8849736,0.5084547,-0.5039491,0.4949363,0.4924909,
1,7,18.369,-0.248196,0.03956243,-0.8849736,0.5084547,-0.5039491,0.4949363,0.4924909,
1,7,18.371,-0.248196,0.03956243,-0.8849736,0.5084547,-0.5039491,0.4949363,0.4924909,
1,7,18.373,-0.248196,0.03956243,-0.8849736,0.5084547,-0.5039491,0.4949363,0.4924909,
1,7,18.375,-0.2482004,0.03953779,-0.8849747,0.5084639,-0.5039738,0.4949247,0.4924677,
1,7,18.377,-0.2482004,0.03953779,-0.8849747,0.5084639,-0.5039738,0.4949247,0.4924677,
1,7,18.379,-0.2482004,0.03953779,-0.8849747,0.5084639,-0.5039738,0.4949247,0.4924677,
1,7,18.381,-0.2482004,0.03953779,-0.8849747,0.5084639,-0.5039738,0.4949247,0.4924677,
1,7,18.383,-0.2481922,0.03953731,-0.8849726,0.5084639,-0.5039628,0.4949304,0.4924732,
1,7,18.385,-0.2481922,0.03953731,-0.8849726,0.5084639,-0.5039628,0.4949304,0.4924732,
1,7,18.387,-0.2481922,0.03953731,-0.8849726,0.5084639,-0.5039628,0.4949304,0.4924732,
1,7,18.389,-0.2481922,0.03953731,-0.8849726,0.5084639,-0.5039628,0.4949304,0.4924732,
1,7,18.391,-0.2481751,0.03954573,-0.8849838,0.5084746,-0.5039617,0.4949133,0.4924805,
1,7,18.393,-0.2481751,0.03954573,-0.8849838,0.5084746,-0.5039617,0.4949133,0.4924805,
1,7,18.395,-0.2481751,0.03954573,-0.8849838,0.5084746,-0.5039617,0.4949133,0.4924805,
1,7,18.397,-0.2481751,0.03954573,-0.8849838,0.5084746,-0.5039617,0.4949133,0.4924805,
1,7,18.399,-0.2481776,0.03955108,-0.8849871,0.5084596,-0.5039762,0.4949059,0.4924885,
1,7,18.401,-0.2481776,0.03955108,-0.8849871,0.5084596,-0.5039762,0.4949059,0.4924885,
1,7,18.403,-0.2481776,0.03955108,-0.8849871,0.5084596,-0.5039762,0.4949059,0.4924885,
1,7,18.405,-0.2481776,0.03955108,-0.8849871,0.5084596,-0.5039762,0.4949059,0.4924885,
1,7,18.407,-0.2481776,0.03955108,-0.8849871,0.5084596,-0.5039762,0.4949059,0.4924885,
1,7,18.409,-0.2481896,0.03955308,-0.8849834,0.5084538,-0.503958,0.4949424,0.4924764,
1,7,18.411,-0.2481896,0.03955308,-0.8849834,0.5084538,-0.503958,0.4949424,0.4924764,
1,7,18.413,-0.2481896,0.03955308,-0.8849834,0.5084538,-0.503958,0.4949424,0.4924764,
1,7,18.415,-0.2481896,0.03955308,-0.8849834,0.5084538,-0.503958,0.4949424,0.4924764,
1,7,18.417,-0.2481849,0.03955032,-0.8849758,0.5084668,-0.5039552,0.4949281,0.4924805,
1,7,18.419,-0.2481849,0.03955032,-0.8849758,0.5084668,-0.5039552,0.4949281,0.4924805,
1,7,18.421,-0.2481849,0.03955032,-0.8849758,0.5084668,-0.5039552,0.4949281,0.4924805,
1,7,18.423,-0.2481849,0.03955032,-0.8849758,0.5084668,-0.5039552,0.4949281,0.4924805,
1,7,18.425,-0.2481889,0.03956635,-0.8849763,0.5084614,-0.5039439,0.4949428,0.4924826,
1,7,18.427,-0.2481889,0.03956635,-0.8849763,0.5084614,-0.5039439,0.4949428,0.4924826,
1,7,18.429,-0.2481889,0.03956635,-0.8849763,0.5084614,-0.5039439,0.4949428,0.4924826,
1,7,18.431,-0.2481889,0.03956635,-0.8849763,0.5084614,-0.5039439,0.4949428,0.4924826,
1,7,18.433,-0.2481897,0.03955347,-0.8849822,0.5084525,-0.503976,0.4949281,0.4924738,
1,7,18.435,-0.2481897,0.03955347,-0.8849822,0.5084525,-0.503976,0.4949281,0.4924738,
1,7,18.437,-0.2481897,0.03955347,-0.8849822,0.5084525,-0.503976,0.4949281,0.4924738,
1,7,18.439,-0.2481897,0.03955347,-0.8849822,0.5084525,-0.503976,0.4949281,0.4924738,
1,7,18.441,-0.2481897,0.03955486,-0.8849773,0.5084571,-0.5039436,0.4949587,0.4924715,
1,7,18.443,-0.2481897,0.03955486,-0.8849773,0.5084571,-0.5039436,0.4949587,0.4924715,
1,7,18.445,-0.2481897,0.03955486,-0.8849773,0.5084571,-0.5039436,0.4949587,0.4924715,
1,7,18.447,-0.2481897,0.03955486,-0.8849773,0.5084571,-0.5039436,0.4949587,0.4924715,
1,7,18.449,-0.2481975,0.03955556,-0.8849763,0.5084553,-0.5039452,0.4949668,0.4924637,
1,7,18.451,-0.2481975,0.03955556,-0.8849763,0.5084553,-0.5039452,0.4949668,0.4924637,
1,7,18.453,-0.2481975,0.03955556,-0.8849763,0.5084553,-0.5039452,0.4949668,0.4924637,
1,7,18.455,-0.2481975,0.03955556,-0.8849763,0.5084553,-0.5039452,0.4949668,0.4924637,
1,7,18.457,-0.2481975,0.03955556,-0.8849763,0.5084553,-0.5039452,0.4949668,0.4924637,
1,7,18.459,-0.2481995,0.03956063,-0.8849756,0.5084544,-0.5039462,0.4949605,0.4924699,
1,7,18.461,-0.2481995,0.03956063,-0.8849756,0.5084544,-0.5039462,0.4949605,0.4924699,
1,7,18.463,-0.2481995,0.03956063,-0.8849756,0.5084544,-0.5039462,0.4949605,0.4924699,
1,7,18.465,-0.2481995,0.03956063,-0.8849756,0.5084544,-0.5039462,0.4949605,0.4924699,
1,7,18.467,-0.2481988,0.03955549,-0.8849831,0.5084601,-0.50398,0.4949327,0.4924573,
1,7,18.469,-0.2481988,0.03955549,-0.8849831,0.5084601,-0.50398,0.4949327,0.4924573,
1,7,18.471,-0.2481988,0.03955549,-0.8849831,0.5084601,-0.50398,0.4949327,0.4924573,
1,7,18.473,-0.2481988,0.03955549,-0.8849831,0.5084601,-0.50398,0.4949327,0.4924573,
1,7,18.475,-0.2481862,0.03953988,-0.8849829,0.5084774,-0.5039766,0.4949102,0.4924656,
1,7,18.477,-0.2481862,0.03953988,-0.8849829,0.5084774,-0.5039766,0.4949102,0.4924656,
1,7,18.479,-0.2481862,0.03953988,-0.8849829,0.5084774,-0.5039766,0.4949102,0.4924656,
1,7,18.481,-0.2481862,0.03953988,-0.8849829,0.5084774,-0.5039766,0.4949102,0.4924656,
1,7,18.483,-0.2481904,0.03953709,-0.8849773,0.5084746,-0.5039764,0.4949118,0.4924669,
1,7,18.485,-0.2481904,0.03953709,-0.8849773,0.5084746,-0.5039764,0.4949118,0.4924669,
1,7,18.487,-0.2481904,0.03953709,-0.8849773,0.5084746,-0.5039764,0.4949118,0.4924669,
1,7,18.489,-0.2481904,0.03953709,-0.8849773,0.5084746,-0.5039764,0.4949118,0.4924669,
1,7,18.491,-0.2481852,0.03953506,-0.8849819,0.5084764,-0.5039685,0.4949196,0.4924655,
1,7,18.493,-0.2481852,0.03953506,-0.8849819,0.5084764,-0.5039685,0.4949196,0.4924655,
1,7,18.495,-0.2481852,0.03953506,-0.8849819,0.5084764,-0.5039685,0.4949196,0.4924655,
1,7,18.497,-0.2481852,0.03953506,-0.8849819,0.5084764,-0.5039685,0.4949196,0.4924655,
1,7,18.499,-0.2481862,0.03953856,-0.884979,0.5084683,-0.5039769,0.4949291,0.4924556,
1,7,18.501,-0.2481862,0.03953856,-0.884979,0.5084683,-0.5039769,0.4949291,0.4924556,
1,7,18.503,-0.2481862,0.03953856,-0.884979,0.5084683,-0.5039769,0.4949291,0.4924556,
1,7,18.505,-0.2481862,0.03953856,-0.884979,0.5084683,-0.5039769,0.4949291,0.4924556,
1,7,18.507,-0.2481862,0.03953856,-0.884979,0.5084683,-0.5039769,0.4949291,0.4924556,
1,7,18.509,-0.2481859,0.03954833,-0.8849787,0.5084715,-0.5039656,0.4949387,0.4924541,
1,7,18.511,-0.2481859,0.03954833,-0.8849787,0.5084715,-0.5039656,0.4949387,0.4924541,
1,7,18.513,-0.2481859,0.03954833,-0.8849787,0.5084715,-0.5039656,0.4949387,0.4924541,
1,7,18.515,-0.2481859,0.03954833,-0.8849787,0.5084715,-0.5039656,0.4949387,0.4924541,
1,7,18.517,-0.2481877,0.03953259,-0.8849791,0.5084829,-0.5039766,0.4949053,0.4924648,
1,7,18.519,-0.2481877,0.03953259,-0.8849791,0.5084829,-0.5039766,0.4949053,0.4924648,
1,7,18.521,-0.2481877,0.03953259,-0.8849791,0.5084829,-0.5039766,0.4949053,0.4924648,
1,7,18.523,-0.2481877,0.03953259,-0.8849791,0.5084829,-0.5039766,0.4949053,0.4924648,
1,7,18.525,-0.2481918,0.03953384,-0.8849733,0.5084873,-0.5039817,0.4948956,0.4924647,
1,7,18.527,-0.2481918,0.03953384,-0.8849733,0.5084873,-0.5039817,0.4948956,0.4924647,
1,7,18.529,-0.2481918,0.03953384,-0.8849733,0.5084873,-0.5039817,0.4948956,0.4924647,
1,7,18.531,-0.2481918,0.03953384,-0.8849733,0.5084873,-0.5039817,0.4948956,0.4924647,
1,7,18.533,-0.2481768,0.03954015,-0.8849735,0.5085069,-0.5039505,0.4949127,0.4924592,
1,7,18.535,-0.2481768,0.03954015,-0.8849735,0.5085069,-0.5039505,0.4949127,0.4924592,
1,7,18.537,-0.2481768,0.03954015,-0.8849735,0.5085069,-0.5039505,0.4949127,0.4924592,
1,7,18.539,-0.2481768,0.03954015,-0.8849735,0.5085069,-0.5039505,0.4949127,0.4924592,
1,7,18.541,-0.248182,0.03953402,-0.884986,0.5084994,-0.5039452,0.4949326,0.4924523,
1,7,18.543,-0.248182,0.03953402,-0.884986,0.5084994,-0.5039452,0.4949326,0.4924523,
1,7,18.545,-0.248182,0.03953402,-0.884986,0.5084994,-0.5039452,0.4949326,0.4924523,
1,7,18.547,-0.248182,0.03953402,-0.884986,0.5084994,-0.5039452,0.4949326,0.4924523,
1,7,18.549,-0.2481825,0.03953776,-0.884989,0.5084937,-0.5039405,0.4949354,0.4924604,
1,7,18.551,-0.2481825,0.03953776,-0.884989,0.5084937,-0.5039405,0.4949354,0.4924604,
1,7,18.553,-0.2481825,0.03953776,-0.884989,0.5084937,-0.5039405,0.4949354,0.4924604,
1,7,18.555,-0.2481825,0.03953776,-0.884989,0.5084937,-0.5039405,0.4949354,0.4924604,
1,7,18.557,-0.2481825,0.03953776,-0.884989,0.5084937,-0.5039405,0.4949354,0.4924604,
1,7,18.559,-0.2481944,0.03953644,-0.8849852,0.5084706,-0.5039557,0.4949023,0.4925019,
1,7,18.561,-0.2481944,0.03953644,-0.8849852,0.5084706,-0.5039557,0.4949023,0.4925019,
1,7,18.563,-0.2481944,0.03953644,-0.8849852,0.5084706,-0.5039557,0.4949023,0.4925019,
1,7,18.565,-0.2481944,0.03953644,-0.8849852,0.5084706,-0.5039557,0.4949023,0.4925019,
1,7,18.567,-0.2481831,0.03953676,-0.8849794,0.5084764,-0.5039606,0.49491,0.4924832,
1,7,18.569,-0.2481831,0.03953676,-0.8849794,0.5084764,-0.5039606,0.49491,0.4924832,
1,7,18.571,-0.2481831,0.03953676,-0.8849794,0.5084764,-0.5039606,0.49491,0.4924832,
1,7,18.573,-0.2481831,0.03953676,-0.8849794,0.5084764,-0.5039606,0.49491,0.4924832,
1,7,18.575,-0.2481868,0.03955469,-0.8849813,0.5084606,-0.5039462,0.4949269,0.492497,
1,7,18.577,-0.2481868,0.03955469,-0.8849813,0.5084606,-0.5039462,0.4949269,0.492497,
1,7,18.579,-0.2481868,0.03955469,-0.8849813,0.5084606,-0.5039462,0.4949269,0.492497,
1,7,18.581,-0.2481868,0.03955469,-0.8849813,0.5084606,-0.5039462,0.4949269,0.492497,
1,7,18.583,-0.2481773,0.03955372,-0.8849912,0.5084738,-0.5039437,0.4949215,0.4924916,
1,7,18.585,-0.2481773,0.03955372,-0.8849912,0.5084738,-0.5039437,0.4949215,0.4924916,
1,7,18.587,-0.2481773,0.03955372,-0.8849912,0.5084738,-0.5039437,0.4949215,0.4924916,
1,7,18.589,-0.2481773,0.03955372,-0.8849912,0.5084738,-0.5039437,0.4949215,0.4924916,
1,7,18.591,-0.2481859,0.03953955,-0.8849883,0.5084625,-0.5039583,0.4949236,0.4924862,
1,7,18.593,-0.2481859,0.03953955,-0.8849883,0.5084625,-0.5039583,0.4949236,0.4924862,
1,7,18.595,-0.2481859,0.03953955,-0.8849883,0.5084625,-0.5039583,0.4949236,0.4924862,
1,7,18.597,-0.2481859,0.03953955,-0.8849883,0.5084625,-0.5039583,0.4949236,0.4924862,
1,7,18.599,-0.2481979,0.03954848,-0.8849775,0.508455,-0.5039728,0.4949082,0.4924945,
1,7,18.601,-0.2481979,0.03954848,-0.8849775,0.508455,-0.5039728,0.4949082,0.4924945,
1,7,18.603,-0.2481979,0.03954848,-0.8849775,0.508455,-0.5039728,0.4949082,0.4924945,
1,7,18.605,-0.2481979,0.03954848,-0.8849775,0.508455,-0.5039728,0.4949082,0.4924945,
1,7,18.607,-0.2481979,0.03954848,-0.8849775,0.508455,-0.5039728,0.4949082,0.4924945,
1,7,18.609,-0.248179,0.03956763,-0.8849778,0.5084468,-0.5039158,0.4949568,0.4925126,
1,7,18.611,-0.248179,0.03956763,-0.8849778,0.5084468,-0.5039158,0.4949568,0.4925126,
1,7,18.613,-0.248179,0.03956763,-0.8849778,0.5084468,-0.5039158,0.4949568,0.4925126,
1,7,18.615,-0.248179,0.03956763,-0.8849778,0.5084468,-0.5039158,0.4949568,0.4925126,
1,7,18.617,-0.248169,0.03956448,-0.8849823,0.5084501,-0.5039244,0.494944,0.4925131,
1,7,18.619,-0.248169,0.03956448,-0.8849823,0.5084501,-0.5039244,0.494944,0.4925131,
1,7,18.621,-0.248169,0.03956448,-0.8849823,0.5084501,-0.5039244,0.494944,0.4925131,
1,7,18.623,-0.248169,0.03956448,-0.8849823,0.5084501,-0.5039244,0.494944,0.4925131,
1,7,18.625,-0.2481863,0.03955286,-0.8849821,0.5084567,-0.5039364,0.4949303,0.4925078,
1,7,18.627,-0.2481863,0.03955286,-0.8849821,0.5084567,-0.5039364,0.4949303,0.4925078,
1,7,18.629,-0.2481863,0.03955286,-0.8849821,0.5084567,-0.5039364,0.4949303,0.4925078,
1,7,18.631,-0.2481863,0.03955286,-0.8849821,0.5084567,-0.5039364,0.4949303,0.4925078,
1,7,18.633,-0.2481797,0.03954219,-0.8849964,0.508456,-0.503954,0.4949293,0.4924916,
1,7,18.635,-0.2481797,0.03954219,-0.8849964,0.508456,-0.503954,0.4949293,0.4924916,
1,7,18.637,-0.2481797,0.03954219,-0.8849964,0.508456,-0.503954,0.4949293,0.4924916,
1,7,18.639,-0.2481797,0.03954219,-0.8849964,0.508456,-0.503954,0.4949293,0.4924916,
1,7,18.641,-0.2481863,0.03954159,-0.8849878,0.5084677,-0.5039549,0.4949301,0.4924777,
1,7,18.643,-0.2481863,0.03954159,-0.8849878,0.5084677,-0.5039549,0.4949301,0.4924777,
1,7,18.645,-0.2481863,0.03954159,-0.8849878,0.5084677,-0.5039549,0.4949301,0.4924777,
1,7,18.647,-0.2481863,0.03954159,-0.8849878,0.5084677,-0.5039549,0.4949301,0.4924777,
1,7,18.649,-0.2481988,0.03953819,-0.8849908,0.5084652,-0.5039647,0.4949248,0.4924755,
1,7,18.651,-0.2481988,0.03953819,-0.8849908,0.5084652,-0.5039647,0.4949248,0.4924755,
1,7,18.653,-0.2481988,0.03953819,-0.8849908,0.5084652,-0.5039647,0.4949248,0.4924755,
1,7,18.655,-0.2481988,0.03953819,-0.8849908,0.5084652,-0.5039647,0.4949248,0.4924755,
1,7,18.657,-0.2481988,0.03953819,-0.8849908,0.5084652,-0.5039647,0.4949248,0.4924755,
1,7,18.659,-0.2481995,0.03954044,-0.8849881,0.5084653,-0.5039647,0.4949308,0.4924695,
1,7,18.661,-0.2481995,0.03954044,-0.8849881,0.5084653,-0.5039647,0.4949308,0.4924695,
1,7,18.663,-0.2481995,0.03954044,-0.8849881,0.5084653,-0.5039647,0.4949308,0.4924695,
1,7,18.665,-0.2481995,0.03954044,-0.8849881,0.5084653,-0.5039647,0.4949308,0.4924695,
1,7,18.667,-0.2481825,0.03954298,-0.8849924,0.5084602,-0.5039653,0.4949291,0.4924759,
1,7,18.669,-0.2481825,0.03954298,-0.8849924,0.5084602,-0.5039653,0.4949291,0.4924759,
1,7,18.671,-0.2481825,0.03954298,-0.8849924,0.5084602,-0.5039653,0.4949291,0.4924759,
1,7,18.673,-0.2481825,0.03954298,-0.8849924,0.5084602,-0.5039653,0.4949291,0.4924759,
1,7,18.675,-0.24818,0.0395453,-0.884984,0.5084814,-0.5039509,0.4949236,0.4924743,
1,7,18.677,-0.24818,0.0395453,-0.884984,0.5084814,-0.5039509,0.4949236,0.4924743,
1,7,18.679,-0.24818,0.0395453,-0.884984,0.5084814,-0.5039509,0.4949236,0.4924743,
1,7,18.681,-0.24818,0.0395453,-0.884984,0.5084814,-0.5039509,0.4949236,0.4924743,
1,7,18.683,-0.2481828,0.0395481,-0.8849874,0.5084845,-0.5039444,0.4949306,0.4924706,
1,7,18.685,-0.2481828,0.0395481,-0.8849874,0.5084845,-0.5039444,0.4949306,0.4924706,
1,7,18.687,-0.2481828,0.0395481,-0.8849874,0.5084845,-0.5039444,0.4949306,0.4924706,
1,7,18.689,-0.2481828,0.0395481,-0.8849874,0.5084845,-0.5039444,0.4949306,0.4924706,
1,7,18.691,-0.2481822,0.03953567,-0.8849937,0.5084903,-0.5039625,0.4949133,0.4924635,
1,7,18.693,-0.2481822,0.03953567,-0.8849937,0.5084903,-0.5039625,0.4949133,0.4924635,
1,7,18.695,-0.2481822,0.03953567,-0.8849937,0.5084903,-0.5039625,0.4949133,0.4924635,
1,7,18.697,-0.2481822,0.03953567,-0.8849937,0.5084903,-0.5039625,0.4949133,0.4924635,
1,7,18.699,-0.2481811,0.03953402,-0.8849978,0.508485,-0.5039822,0.4949099,0.492452,
1,7,18.701,-0.2481811,0.03953402,-0.8849978,0.508485,-0.5039822,0.4949099,0.492452,
1,7,18.703,-0.2481811,0.03953402,-0.8849978,0.508485,-0.5039822,0.4949099,0.492452,
1,7,18.705,-0.2481811,0.03953402,-0.8849978,0.508485,-0.5039822,0.4949099,0.492452,
1,7,18.707,-0.2481811,0.03953402,-0.8849978,0.508485,-0.5039822,0.4949099,0.492452,
1,7,18.709,-0.2481831,0.03954094,-0.884996,0.5084675,-0.503953,0.4949613,0.4924484,
1,7,18.711,-0.2481831,0.03954094,-0.884996,0.5084675,-0.503953,0.4949613,0.4924484,
1,7,18.713,-0.2481831,0.03954094,-0.884996,0.5084675,-0.503953,0.4949613,0.4924484,
1,7,18.715,-0.2481831,0.03954094,-0.884996,0.5084675,-0.503953,0.4949613,0.4924484,
1,7,18.717,-0.2481746,0.03954926,-0.8849983,0.5084791,-0.503935,0.4949563,0.4924598,
1,7,18.719,-0.2481746,0.03954926,-0.8849983,0.5084791,-0.503935,0.4949563,0.4924598,
1,7,18.721,-0.2481746,0.03954926,-0.8849983,0.5084791,-0.503935,0.4949563,0.4924598,
1,7,18.723,-0.2481746,0.03954926,-0.8849983,0.5084791,-0.503935,0.4949563,0.4924598,
1,7,18.725,-0.248174,0.03953798,-0.8849847,0.5084751,-0.503962,0.4949125,0.4924805,
1,7,18.727,-0.248174,0.03953798,-0.8849847,0.5084751,-0.503962,0.4949125,0.4924805,
1,7,18.729,-0.248174,0.03953798,-0.8849847,0.5084751,-0.503962,0.4949125,0.4924805,
1,7,18.731,-0.248174,0.03953798,-0.8849847,0.5084751,-0.503962,0.4949125,0.4924805,
1,7,18.733,-0.2481747,0.03953104,-0.8849869,0.5084916,-0.5039566,0.4949146,0.4924668,
1,7,18.735,-0.2481747,0.03953104,-0.8849869,0.5084916,-0.5039566,0.4949146,0.4924668,
1,7,18.737,-0.2481747,0.03953104,-0.8849869,0.5084916,-0.5039566,0.4949146,0.4924668,
1,7,18.739,-0.2481747,0.03953104,-0.8849869,0.5084916,-0.5039566,0.4949146,0.4924668,
1,7,18.741,-0.2481694,0.039542,-0.8849893,0.5085034,-0.5039369,0.4949375,0.4924519,
1,7,18.743,-0.2481694,0.039542,-0.8849893,0.5085034,-0.5039369,0.4949375,0.4924519,
1,7,18.745,-0.2481694,0.039542,-0.8849893,0.5085034,-0.5039369,0.4949375,0.4924519,
1,7,18.747,-0.2481694,0.039542,-0.8849893,0.5085034,-0.5039369,0.4949375,0.4924519,
1,7,18.749,-0.2481816,0.03954424,-0.8849854,0.5085022,-0.5039409,0.4949459,0.4924405,
1,7,18.751,-0.2481816,0.03954424,-0.8849854,0.5085022,-0.5039409,0.4949459,0.4924405,
1,7,18.753,-0.2481816,0.03954424,-0.8849854,0.5085022,-0.5039409,0.4949459,0.4924405,
1,7,18.755,-0.2481816,0.03954424,-0.8849854,0.5085022,-0.5039409,0.4949459,0.4924405,
1,7,18.757,-0.2481816,0.03954424,-0.8849854,0.5085022,-0.5039409,0.4949459,0.4924405,
1,7,18.759,-0.248178,0.03955008,-0.8849915,0.5084652,-0.5039549,0.4949271,0.4924832,
1,7,18.761,-0.248178,0.03955008,-0.8849915,0.5084652,-0.5039549,0.4949271,0.4924832,
1,7,18.763,-0.248178,0.03955008,-0.8849915,0.5084652,-0.5039549,0.4949271,0.4924832,
1,7,18.765,-0.248178,0.03955008,-0.8849915,0.5084652,-0.5039549,0.4949271,0.4924832,
1,7,18.767,-0.2481826,0.03954343,-0.8849924,0.5084745,-0.5039411,0.4949558,0.492459,
1,7,18.769,-0.2481826,0.03954343,-0.8849924,0.5084745,-0.5039411,0.4949558,0.492459,
1,7,18.771,-0.2481826,0.03954343,-0.8849924,0.5084745,-0.5039411,0.4949558,0.492459,
1,7,18.773,-0.2481826,0.03954343,-0.8849924,0.5084745,-0.5039411,0.4949558,0.492459,
1,7,18.775,-0.248176,0.03953161,-0.8849969,0.5085033,-0.503959,0.4949354,0.4924315,
1,7,18.777,-0.248176,0.03953161,-0.8849969,0.5085033,-0.503959,0.4949354,0.4924315,
1,7,18.779,-0.248176,0.03953161,-0.8849969,0.5085033,-0.503959,0.4949354,0.4924315,
1,7,18.781,-0.248176,0.03953161,-0.8849969,0.5085033,-0.503959,0.4949354,0.4924315,
1,7,18.783,-0.2481688,0.03953695,-0.8849887,0.5085112,-0.5039497,0.4949353,0.4924327,
1,7,18.785,-0.2481688,0.03953695,-0.8849887,0.5085112,-0.5039497,0.4949353,0.4924327,
1,7,18.787,-0.2481688,0.03953695,-0.8849887,0.5085112,-0.5039497,0.4949353,0.4924327,
1,7,18.789,-0.2481688,0.03953695,-0.8849887,0.5085112,-0.5039497,0.4949353,0.4924327,
1,7,18.791,-0.2481693,0.03953667,-0.8849877,0.5085015,-0.5039603,0.4949297,0.4924377,
1,7,18.793,-0.2481693,0.03953667,-0.8849877,0.5085015,-0.5039603,0.4949297,0.4924377,
1,7,18.795,-0.2481693,0.03953667,-0.8849877,0.5085015,-0.5039603,0.4949297,0.4924377,
1,7,18.797,-0.2481693,0.03953667,-0.8849877,0.5085015,-0.5039603,0.4949297,0.4924377,
1,7,18.799,-0.2481744,0.03952401,-0.8849856,0.5085107,-0.5039859,0.4949022,0.4924296,
1,7,18.801,-0.2481744,0.03952401,-0.8849856,0.5085107,-0.5039859,0.4949022,0.4924296,
1,7,18.803,-0.2481744,0.03952401,-0.8849856,0.5085107,-0.5039859,0.4949022,0.4924296,
1,7,18.805,-0.2481744,0.03952401,-0.8849856,0.5085107,-0.5039859,0.4949022,0.4924296,
1,7,18.807,-0.2481744,0.03952401,-0.8849856,0.5085107,-0.5039859,0.4949022,0.4924296,
1,7,18.809,-0.2481709,0.03953357,-0.8849906,0.5085004,-0.5039669,0.4949193,0.4924427,
1,7,18.811,-0.2481709,0.03953357,-0.8849906,0.5085004,-0.5039669,0.4949193,0.4924427,
1,7,18.813,-0.2481709,0.03953357,-0.8849906,0.5085004,-0.5039669,0.4949193,0.4924427,
1,7,18.815,-0.2481709,0.03953357,-0.8849906,0.5085004,-0.5039669,0.4949193,0.4924427,
1,7,18.817,-0.2481765,0.03953357,-0.8849816,0.5084888,-0.5039666,0.4949213,0.4924528,
1,7,18.819,-0.2481765,0.03953357,-0.8849816,0.5084888,-0.5039666,0.4949213,0.4924528,
1,7,18.821,-0.2481765,0.03953357,-0.8849816,0.5084888,-0.5039666,0.4949213,0.4924528,
1,7,18.823,-0.2481765,0.03953357,-0.8849816,0.5084888,-0.5039666,0.4949213,0.4924528,
1,7,18.825,-0.2481665,0.03952909,-0.8849849,0.5084967,-0.5039744,0.4949075,0.4924505,
1,7,18.827,-0.2481665,0.03952909,-0.8849849,0.5084967,-0.5039744,0.4949075,0.4924505,
1,7,18.829,-0.2481665,0.03952909,-0.8849849,0.5084967,-0.5039744,0.4949075,0.4924505,
1,7,18.831,-0.2481665,0.03952909,-0.8849849,0.5084967,-0.5039744,0.4949075,0.4924505,
1,7,18.833,-0.2481735,0.03954503,-0.8849837,0.5085049,-0.5039359,0.4949434,0.4924455,
1,7,18.835,-0.2481735,0.03954503,-0.8849837,0.5085049,-0.5039359,0.4949434,0.4924455,
1,7,18.837,-0.2481735,0.03954503,-0.8849837,0.5085049,-0.5039359,0.4949434,0.4924455,
1,7,18.839,-0.2481735,0.03954503,-0.8849837,0.5085049,-0.5039359,0.4949434,0.4924455,
1,7,18.841,-0.2481839,0.03950735,-0.8849792,0.5084746,-0.5040132,0.4948603,0.4924811,
1,7,18.843,-0.2481839,0.03950735,-0.8849792,0.5084746,-0.5040132,0.4948603,0.4924811,
1,7,18.845,-0.2481839,0.03950735,-0.8849792,0.5084746,-0.5040132,0.4948603,0.4924811,
1,7,18.847,-0.2481839,0.03950735,-0.8849792,0.5084746,-0.5040132,0.4948603,0.4924811,
1,7,18.849,-0.248173,0.03953461,-0.8849772,0.5084836,-0.5039811,0.4948891,0.4924758,
1,7,18.851,-0.248173,0.03953461,-0.8849772,0.5084836,-0.5039811,0.4948891,0.4924758,
1,7,18.853,-0.248173,0.03953461,-0.8849772,0.5084836,-0.5039811,0.4948891,0.4924758,
1,7,18.855,-0.248173,0.03953461,-0.8849772,0.5084836,-0.5039811,0.4948891,0.4924758,
1,7,18.857,-0.248173,0.03953461,-0.8849772,0.5084836,-0.5039811,0.4948891,0.4924758,
1,7,18.859,-0.248171,0.03955079,-0.884994,0.5084864,-0.5039604,0.4949227,0.4924601,
1,7,18.861,-0.248171,0.03955079,-0.884994,0.5084864,-0.5039604,0.4949227,0.4924601,
1,7,18.863,-0.248171,0.03955079,-0.884994,0.5084864,-0.5039604,0.4949227,0.4924601,
1,7,18.865,-0.248171,0.03955079,-0.884994,0.5084864,-0.5039604,0.4949227,0.4924601,
1,7,18.867,-0.2481757,0.03954125,-0.8849849,0.5084884,-0.5039523,0.4949327,0.4924566,
1,7,18.869,-0.2481757,0.03954125,-0.8849849,0.5084884,-0.5039523,0.4949327,0.4924566,
1,7,18.871,-0.2481757,0.03954125,-0.8849849,0.5084884,-0.5039523,0.4949327,0.4924566,
1,7,18.873,-0.2481757,0.03954125,-0.8849849,0.5084884,-0.5039523,0.4949327,0.4924566,
1,7,18.875,-0.2481768,0.03953468,-0.8849835,0.5084894,-0.5039543,0.4949133,0.4924729,
1,7,18.877,-0.2481768,0.03953468,-0.8849835,0.5084894,-0.5039543,0.4949133,0.4924729,
1,7,18.879,-0.2481768,0.03953468,-0.8849835,0.5084894,-0.5039543,0.4949133,0.4924729,
1,7,18.881,-0.2481768,0.03953468,-0.8849835,0.5084894,-0.5039543,0.4949133,0.4924729,
1,7,18.883,-0.2481676,0.03955189,-0.884977,0.5084825,-0.5039341,0.4949332,0.4924808,
1,7,18.885,-0.2481676,0.03955189,-0.884977,0.5084825,-0.5039341,0.4949332,0.4924808,
1,7,18.887,-0.2481676,0.03955189,-0.884977,0.5084825,-0.5039341,0.4949332,0.4924808,
1,7,18.889,-0.2481676,0.03955189,-0.884977,0.5084825,-0.5039341,0.4949332,0.4924808,
1,7,18.891,-0.2481663,0.03955305,-0.8849755,0.5084914,-0.5039244,0.4949396,0.492475,
1,7,18.893,-0.2481663,0.03955305,-0.8849755,0.5084914,-0.5039244,0.4949396,0.492475,
1,7,18.895,-0.2481663,0.03955305,-0.8849755,0.5084914,-0.5039244,0.4949396,0.492475,
1,7,18.897,-0.2481663,0.03955305,-0.8849755,0.5084914,-0.5039244,0.4949396,0.492475,
1,7,18.899,-0.2481752,0.0395339,-0.8849834,0.5084839,-0.5039525,0.4949237,0.4924699,
1,7,18.901,-0.2481752,0.0395339,-0.8849834,0.5084839,-0.5039525,0.4949237,0.4924699,
1,7,18.903,-0.2481752,0.0395339,-0.8849834,0.5084839,-0.5039525,0.4949237,0.4924699,
1,7,18.905,-0.2481752,0.0395339,-0.8849834,0.5084839,-0.5039525,0.4949237,0.4924699,
1,7,18.907,-0.2481752,0.0395339,-0.8849834,0.5084839,-0.5039525,0.4949237,0.4924699,
1,7,18.909,-0.2481773,0.03954588,-0.8849858,0.5084743,-0.503967,0.4949131,0.4924755,
1,7,18.911,-0.2481773,0.03954588,-0.8849858,0.5084743,-0.503967,0.4949131,0.4924755,
1,7,18.913,-0.2481773,0.03954588,-0.8849858,0.5084743,-0.503967,0.4949131,0.4924755,
1,7,18.915,-0.2481773,0.03954588,-0.8849858,0.5084743,-0.503967,0.4949131,0.4924755,
1,7,18.917,-0.2481769,0.03953008,-0.8849828,0.5084796,-0.5039729,0.4949099,0.4924674,
1,7,18.919,-0.2481769,0.03953008,-0.8849828,0.5084796,-0.5039729,0.4949099,0.4924674,
1,7,18.921,-0.2481769,0.03953008,-0.8849828,0.5084796,-0.5039729,0.4949099,0.4924674,
1,7,18.923,-0.2481769,0.03953008,-0.8849828,0.5084796,-0.5039729,0.4949099,0.4924674,
1,7,18.925,-0.2481747,0.03953278,-0.8849785,0.5084716,-0.5039572,0.4949202,0.4924814,
1,7,18.927,-0.2481747,0.03953278,-0.8849785,0.5084716,-0.5039572,0.4949202,0.4924814,
1,7,18.929,-0.2481747,0.03953278,-0.8849785,0.5084716,-0.5039572,0.4949202,0.4924814,
1,7,18.931,-0.2481747,0.03953278,-0.8849785,0.5084716,-0.5039572,0.4949202,0.4924814,
1,7,18.933,-0.2481719,0.03953704,-0.8849764,0.5084729,-0.5039531,0.4949351,0.4924693,
1,7,18.935,-0.2481719,0.03953704,-0.8849764,0.5084729,-0.5039531,0.4949351,0.4924693,
1,7,18.937,-0.2481719,0.03953704,-0.8849764,0.5084729,-0.5039531,0.4949351,0.4924693,
1,7,18.939,-0.2481719,0.03953704,-0.8849764,0.5084729,-0.5039531,0.4949351,0.4924693,
1,7,18.941,-0.2481754,0.03954688,-0.8849865,0.5084545,-0.5039367,0.4949329,0.4925072,
1,7,18.943,-0.2481754,0.03954688,-0.8849865,0.5084545,-0.5039367,0.4949329,0.4925072,
1,7,18.945,-0.2481754,0.03954688,-0.8849865,0.5084545,-0.5039367,0.4949329,0.4925072,
1,7,18.947,-0.2481754,0.03954688,-0.8849865,0.5084545,-0.5039367,0.4949329,0.4925072,
1,7,18.949,-0.2481599,0.03954094,-0.8849978,0.5084655,-0.5039556,0.4949024,0.4925072,
1,7,18.951,-0.2481599,0.03954094,-0.8849978,0.5084655,-0.5039556,0.4949024,0.4925072,
1,7,18.953,-0.2481599,0.03954094,-0.8849978,0.5084655,-0.5039556,0.4949024,0.4925072,
1,7,18.955,-0.2481599,0.03954094,-0.8849978,0.5084655,-0.5039556,0.4949024,0.4925072,
1,7,18.957,-0.2481599,0.03954094,-0.8849978,0.5084655,-0.5039556,0.4949024,0.4925072,
1,7,18.959,-0.2481687,0.03954379,-0.8849918,0.5084713,-0.5039319,0.4949231,0.4925047,
1,7,18.961,-0.2481687,0.03954379,-0.8849918,0.5084713,-0.5039319,0.4949231,0.4925047,
1,7,18.963,-0.2481687,0.03954379,-0.8849918,0.5084713,-0.5039319,0.4949231,0.4925047,
1,7,18.965,-0.2481687,0.03954379,-0.8849918,0.5084713,-0.5039319,0.4949231,0.4925047,
1,7,18.967,-0.2481672,0.03953686,-0.8849808,0.5084811,-0.5039471,0.4949021,0.4925001,
1,7,18.969,-0.2481672,0.03953686,-0.8849808,0.5084811,-0.5039471,0.4949021,0.4925001,
1,7,18.971,-0.2481672,0.03953686,-0.8849808,0.5084811,-0.5039471,0.4949021,0.4925001,
1,7,18.973,-0.2481672,0.03953686,-0.8849808,0.5084811,-0.5039471,0.4949021,0.4925001,
1,7,18.975,-0.2481743,0.03954899,-0.8849818,0.5084767,-0.503936,0.4949262,0.4924918,
1,7,18.977,-0.2481743,0.03954899,-0.8849818,0.5084767,-0.503936,0.4949262,0.4924918,
1,7,18.979,-0.2481743,0.03954899,-0.8849818,0.5084767,-0.503936,0.4949262,0.4924918,
1,7,18.981,-0.2481743,0.03954899,-0.8849818,0.5084767,-0.503936,0.4949262,0.4924918,
1,7,18.983,-0.2481715,0.03953605,-0.8849728,0.508499,-0.5039344,0.4949241,0.4924724,
1,7,18.985,-0.2481715,0.03953605,-0.8849728,0.508499,-0.5039344,0.4949241,0.4924724,
1,7,18.987,-0.2481715,0.03953605,-0.8849728,0.508499,-0.5039344,0.4949241,0.4924724,
1,7,18.989,-0.2481715,0.03953605,-0.8849728,0.508499,-0.5039344,0.4949241,0.4924724,
1,7,18.991,-0.2481641,0.03954059,-0.8849782,0.5085037,-0.5039293,0.4949294,0.4924675,
1,7,18.993,-0.2481641,0.03954059,-0.8849782,0.5085037,-0.5039293,0.4949294,0.4924675,
1,7,18.995,-0.2481641,0.03954059,-0.8849782,0.5085037,-0.5039293,0.4949294,0.4924675,
1,7,18.997,-0.2481641,0.03954059,-0.8849782,0.5085037,-0.5039293,0.4949294,0.4924675,
1,7,18.999,-0.2481694,0.03953612,-0.8849878,0.5084916,-0.5039591,0.4949064,0.4924726,
1,7,19.001,-0.2481694,0.03953612,-0.8849878,0.5084916,-0.5039591,0.4949064,0.4924726,
1,7,19.003,-0.2481694,0.03953612,-0.8849878,0.5084916,-0.5039591,0.4949064,0.4924726,
1,7,19.005,-0.2481694,0.03953612,-0.8849878,0.5084916,-0.5039591,0.4949064,0.4924726,
1,7,19.007,-0.2481694,0.03953612,-0.8849878,0.5084916,-0.5039591,0.4949064,0.4924726,
1,7,19.009,-0.2481769,0.03953663,-0.8849872,0.5084798,-0.5039634,0.4949163,0.4924704,
1,7,19.011,-0.2481769,0.03953663,-0.8849872,0.5084798,-0.5039634,0.4949163,0.4924704,
1,7,19.013,-0.2481769,0.03953663,-0.8849872,0.5084798,-0.5039634,0.4949163,0.4924704,
1,7,19.015,-0.2481769,0.03953663,-0.8849872,0.5084798,-0.5039634,0.4949163,0.4924704,
1,7,19.017,-0.2481802,0.03954281,-0.8849898,0.5084482,-0.5039508,0.4949292,0.492503,
1,7,19.019,-0.2481802,0.03954281,-0.8849898,0.5084482,-0.5039508,0.4949292,0.492503,
1,7,19.021,-0.2481802,0.03954281,-0.8849898,0.5084482,-0.5039508,0.4949292,0.492503,
1,7,19.023,-0.2481802,0.03954281,-0.8849898,0.5084482,-0.5039508,0.4949292,0.492503,
1,7,19.025,-0.2481896,0.0395523,-0.8849908,0.5084342,-0.503969,0.4949336,0.4924945,
1,7,19.027,-0.2481896,0.0395523,-0.8849908,0.5084342,-0.503969,0.4949336,0.4924945,
1,7,19.029,-0.2481896,0.0395523,-0.8849908,0.5084342,-0.503969,0.4949336,0.4924945,
1,7,19.031,-0.2481896,0.0395523,-0.8849908,0.5084342,-0.503969,0.4949336,0.4924945,
1,7,19.033,-0.2481846,0.03953793,-0.8849902,0.5084526,-0.5039799,0.4949112,0.4924867,
1,7,19.035,-0.2481846,0.03953793,-0.8849902,0.5084526,-0.5039799,0.4949112,0.4924867,
1,7,19.037,-0.2481846,0.03953793,-0.8849902,0.5084526,-0.5039799,0.4949112,0.4924867,
1,7,19.039,-0.2481846,0.03953793,-0.8849902,0.5084526,-0.5039799,0.4949112,0.4924867,
1,7,19.041,-0.2481827,0.03954043,-0.8849851,0.5084592,-0.5039743,0.4949201,0.4924768,
1,7,19.043,-0.2481827,0.03954043,-0.8849851,0.5084592,-0.5039743,0.4949201,0.4924768,
1,7,19.045,-0.2481827,0.03954043,-0.8849851,0.5084592,-0.5039743,0.4949201,0.4924768,
1,7,19.047,-0.2481827,0.03954043,-0.8849851,0.5084592,-0.5039743,0.4949201,0.4924768,
1,7,19.049,-0.248172,0.03953769,-0.8849819,0.5084715,-0.5039724,0.4949068,0.4924793,
1,7,19.051,-0.248172,0.03953769,-0.8849819,0.5084715,-0.5039724,0.4949068,0.4924793,
1,7,19.053,-0.248172,0.03953769,-0.8849819,0.5084715,-0.5039724,0.4949068,0.4924793,
1,7,19.055,-0.248172,0.03953769,-0.8849819,0.5084715,-0.5039724,0.4949068,0.4924793,
1,7,19.057,-0.248172,0.03953769,-0.8849819,0.5084715,-0.5039724,0.4949068,0.4924793,
1,7,19.059,-0.2481659,0.03953697,-0.8849772,0.5084827,-0.5039716,0.4949019,0.4924734,
1,7,19.061,-0.2481659,0.03953697,-0.8849772,0.5084827,-0.5039716,0.4949019,0.4924734,
1,7,19.063,-0.2481659,0.03953697,-0.8849772,0.5084827,-0.5039716,0.4949019,0.4924734,
1,7,19.065,-0.2481659,0.03953697,-0.8849772,0.5084827,-0.5039716,0.4949019,0.4924734,
1,7,19.067,-0.2481731,0.03953867,-0.8849746,0.5084729,-0.5039662,0.4949145,0.4924765,
1,7,19.069,-0.2481731,0.03953867,-0.8849746,0.5084729,-0.5039662,0.4949145,0.4924765,
1,7,19.071,-0.2481731,0.03953867,-0.8849746,0.5084729,-0.5039662,0.4949145,0.4924765,
1,7,19.073,-0.2481731,0.03953867,-0.8849746,0.5084729,-0.5039662,0.4949145,0.4924765,
1,7,19.075,-0.2481732,0.03954184,-0.8849728,0.5084628,-0.5039707,0.4949115,0.4924853,
1,7,19.077,-0.2481732,0.03954184,-0.8849728,0.5084628,-0.5039707,0.4949115,0.4924853,
1,7,19.079,-0.2481732,0.03954184,-0.8849728,0.5084628,-0.5039707,0.4949115,0.4924853,
1,7,19.081,-0.2481732,0.03954184,-0.8849728,0.5084628,-0.5039707,0.4949115,0.4924853,
1,7,19.083,-0.2481644,0.03954279,-0.8849826,0.5084811,-0.5039445,0.4949239,0.4924808,
1,7,19.085,-0.2481644,0.03954279,-0.8849826,0.5084811,-0.5039445,0.4949239,0.4924808,
1,7,19.087,-0.2481644,0.03954279,-0.8849826,0.5084811,-0.5039445,0.4949239,0.4924808,
1,7,19.089,-0.2481644,0.03954279,-0.8849826,0.5084811,-0.5039445,0.4949239,0.4924808,
1,7,19.091,-0.2481721,0.03953951,-0.8849769,0.5084972,-0.5039564,0.4949097,0.4924662,
1,7,19.093,-0.2481721,0.03953951,-0.8849769,0.5084972,-0.5039564,0.4949097,0.4924662,
1,7,19.095,-0.2481721,0.03953951,-0.8849769,0.5084972,-0.5039564,0.4949097,0.4924662,
1,7,19.097,-0.2481721,0.03953951,-0.8849769,0.5084972,-0.5039564,0.4949097,0.4924662,
1,7,19.099,-0.2481765,0.0395455,-0.8849775,0.508482,-0.5039691,0.4949036,0.492475,
1,7,19.101,-0.2481765,0.0395455,-0.8849775,0.508482,-0.5039691,0.4949036,0.492475,
1,7,19.103,-0.2481765,0.0395455,-0.8849775,0.508482,-0.5039691,0.4949036,0.492475,
1,7,19.105,-0.2481765,0.0395455,-0.8849775,0.508482,-0.5039691,0.4949036,0.492475,
1,7,19.107,-0.2481765,0.0395455,-0.8849775,0.508482,-0.5039691,0.4949036,0.492475,
1,7,19.109,-0.2481683,0.03954107,-0.8849804,0.5084773,-0.5039683,0.4949024,0.492482,
1,7,19.111,-0.2481683,0.03954107,-0.8849804,0.5084773,-0.5039683,0.4949024,0.492482,
1,7,19.113,-0.2481683,0.03954107,-0.8849804,0.5084773,-0.5039683,0.4949024,0.492482,
1,7,19.115,-0.2481683,0.03954107,-0.8849804,0.5084773,-0.5039683,0.4949024,0.492482,
1,7,19.117,-0.2481612,0.03952803,-0.8849776,0.508507,-0.5039729,0.4948838,0.4924654,
1,7,19.119,-0.2481612,0.03952803,-0.8849776,0.508507,-0.5039729,0.4948838,0.4924654,
1,7,19.121,-0.2481612,0.03952803,-0.8849776,0.508507,-0.5039729,0.4948838,0.4924654,
1,7,19.123,-0.2481612,0.03952803,-0.8849776,0.508507,-0.5039729,0.4948838,0.4924654,
1,7,19.125,-0.2481711,0.03954164,-0.8849846,0.5084907,-0.503956,0.4949023,0.4924807,
1,7,19.127,-0.2481711,0.03954164,-0.8849846,0.5084907,-0.503956,0.4949023,0.4924807,
1,7,19.129,-0.2481711,0.03954164,-0.8849846,0.5084907,-0.503956,0.4949023,0.4924807,
1,7,19.131,-0.2481711,0.03954164,-0.8849846,0.5084907,-0.503956,0.4949023,0.4924807,
1,7,19.133,-0.248172,0.03953603,-0.8849808,0.5084749,-0.5039692,0.4948889,0.492497,
1,7,19.135,-0.248172,0.03953603,-0.8849808,0.5084749,-0.5039692,0.4948889,0.492497,
1,7,19.137,-0.248172,0.03953603,-0.8849808,0.5084749,-0.5039692,0.4948889,0.492497,
1,7,19.139,-0.248172,0.03953603,-0.8849808,0.5084749,-0.5039692,0.4948889,0.492497,
1,7,19.141,-0.2481623,0.03953192,-0.8849822,0.5084856,-0.5039721,0.4948925,0.4924796,
1,7,19.143,-0.2481623,0.03953192,-0.8849822,0.5084856,-0.5039721,0.4948925,0.4924796,
1,7,19.145,-0.2481623,0.03953192,-0.8849822,0.5084856,-0.5039721,0.4948925,0.4924796,
1,7,19.147,-0.2481623,0.03953192,-0.8849822,0.5084856,-0.5039721,0.4948925,0.4924796,
1,7,19.149,-0.2481609,0.03952089,-0.8849873,0.5084952,-0.5039933,0.494874,0.4924664,
1,7,19.151,-0.2481609,0.03952089,-0.8849873,0.5084952,-0.5039933,0.494874,0.4924664,
1,7,19.153,-0.2481609,0.03952089,-0.8849873,0.5084952,-0.5039933,0.494874,0.4924664,
1,7,19.155,-0.2481609,0.03952089,-0.8849873,0.5084952,-0.5039933,0.494874,0.4924664,
1,7,19.157,-0.2481609,0.03952089,-0.8849873,0.5084952,-0.5039933,0.494874,0.4924664,
1,7,19.159,-0.2481683,0.03952893,-0.884984,0.5084946,-0.5039709,0.4949016,0.4924622,
1,7,19.161,-0.2481683,0.03952893,-0.884984,0.5084946,-0.5039709,0.4949016,0.4924622,
1,7,19.163,-0.2481683,0.03952893,-0.884984,0.5084946,-0.5039709,0.4949016,0.4924622,
1,7,19.165,-0.2481683,0.03952893,-0.884984,0.5084946,-0.5039709,0.4949016,0.4924622,
1,7,19.167,-0.2481561,0.03954651,-0.8849765,0.5085045,-0.5039415,0.4949074,0.4924762,
1,7,19.169,-0.2481561,0.03954651,-0.8849765,0.5085045,-0.5039415,0.4949074,0.4924762,
1,7,19.171,-0.2481561,0.03954651,-0.8849765,0.5085045,-0.5039415,0.4949074,0.4924762,
1,7,19.173,-0.2481561,0.03954651,-0.8849765,0.5085045,-0.5039415,0.4949074,0.4924762,
1,7,19.175,-0.2481486,0.03953892,-0.8849806,0.5085215,-0.5039293,0.4949187,0.4924598,
1,7,19.177,-0.2481486,0.03953892,-0.8849806,0.5085215,-0.5039293,0.4949187,0.4924598,
1,7,19.179,-0.2481486,0.03953892,-0.8849806,0.5085215,-0.5039293,0.4949187,0.4924598,
1,7,19.181,-0.2481486,0.03953892,-0.8849806,0.5085215,-0.5039293,0.4949187,0.4924598,CourtEnter
1,7,19.183,-0.2481656,0.03954792,-0.8849854,0.5084852,-0.5039447,0.4949284,0.4924719,
1,7,19.185,-0.2481656,0.03954792,-0.8849854,0.5084852,-0.5039447,0.4949284,0.4924719,
1,7,19.187,-0.2481656,0.03954792,-0.8849854,0.5084852,-0.5039447,0.4949284,0.4924719,
1,7,19.189,-0.2481656,0.03954792,-0.8849854,0.5084852,-0.5039447,0.4949284,0.4924719,CourtExit
1,7,19.191,-0.2481737,0.03953891,-0.8849877,0.508504,-0.5039521,0.4949115,0.4924618,
1,7,19.193,-0.2481737,0.03953891,-0.8849877,0.508504,-0.5039521,0.4949115,0.4924618,
1,7,19.195,-0.2481737,0.03953891,-0.8849877,0.508504,-0.5039521,0.4949115,0.4924618,
1,7,19.197,-0.2481737,0.03953891,-0.8849877,0.508504,-0.5039521,0.4949115,0.4924618,
1,7,19.199,-0.248173,0.03955573,-0.8849822,0.5084783,-0.5039476,0.4949259,0.4924784,
1,7,19.201,-0.248173,0.03955573,-0.8849822,0.5084783,-0.5039476,0.4949259,0.4924784,
1,7,19.203,-0.248173,0.03955573,-0.8849822,0.5084783,-0.5039476,0.4949259,0.4924784,
1,7,19.205,-0.248173,0.03955573,-0.8849822,0.5084783,-0.5039476,0.4949259,0.4924784,
1,7,19.207,-0.248173,0.03955573,-0.8849822,0.5084783,-0.5039476,0.4949259,0.4924784,
1,7,19.209,-0.2481641,0.03953462,-0.8849875,0.5085088,-0.5039728,0.4948958,0.4924514,
1,7,19.211,-0.2481641,0.03953462,-0.8849875,0.5085088,-0.5039728,0.4948958,0.4924514,
1,7,19.213,-0.2481641,0.03953462,-0.8849875,0.5085088,-0.5039728,0.4948958,0.4924514,
1,7,19.215,-0.2481641,0.03953462,-0.8849875,0.5085088,-0.5039728,0.4948958,0.4924514,
1,7,19.217,-0.2481752,0.0395436,-0.8849885,0.5085009,-0.5039523,0.4949309,0.4924453,
1,7,19.219,-0.2481752,0.0395436,-0.8849885,0.5085009,-0.5039523,0.4949309,0.4924453,
1,7,19.221,-0.2481752,0.0395436,-0.8849885,0.5085009,-0.5039523,0.4949309,0.4924453,
1,7,19.223,-0.2481752,0.0395436,-0.8849885,0.5085009,-0.5039523,0.4949309,0.4924453,
1,7,19.225,-0.2481881,0.03953804,-0.8849911,0.5085013,-0.5039696,0.4949231,0.492435,
1,7,19.227,-0.2481881,0.03953804,-0.8849911,0.5085013,-0.5039696,0.4949231,0.492435,
1,7,19.229,-0.2481881,0.03953804,-0.8849911,0.5085013,-0.5039696,0.4949231,0.492435,
1,7,19.231,-0.2481881,0.03953804,-0.8849911,0.5085013,-0.5039696,0.4949231,0.492435,
1,7,19.233,-0.248177,0.03955004,-0.8849873,0.5084842,-0.5039659,0.4949175,0.4924622,
1,7,19.235,-0.248177,0.03955004,-0.8849873,0.5084842,-0.5039659,0.4949175,0.4924622,
1,7,19.237,-0.248177,0.03955004,-0.8849873,0.5084842,-0.5039659,0.4949175,0.4924622,
1,7,19.239,-0.248177,0.03955004,-0.8849873,0.5084842,-0.5039659,0.4949175,0.4924622,
1,7,19.241,-0.2481747,0.03955451,-0.8849873,0.5084786,-0.5039542,0.4949251,0.4924722,
1,7,19.243,-0.2481747,0.03955451,-0.8849873,0.5084786,-0.5039542,0.4949251,0.4924722,
1,7,19.245,-0.2481747,0.03955451,-0.8849873,0.5084786,-0.5039542,0.4949251,0.4924722,
1,7,19.247,-0.2481747,0.03955451,-0.8849873,0.5084786,-0.5039542,0.4949251,0.4924722,
1,7,19.249,-0.2481744,0.03953293,-0.8849849,0.5084872,-0.5039755,0.4949041,0.4924626,
1,7,19.251,-0.2481744,0.03953293,-0.8849849,0.5084872,-0.5039755,0.4949041,0.4924626,
1,7,19.253,-0.2481744,0.03953293,-0.8849849,0.5084872,-0.5039755,0.4949041,0.4924626,
1,7,19.255,-0.2481744,0.03953293,-0.8849849,0.5084872,-0.5039755,0.4949041,0.4924626,
1,7,19.257,-0.2481744,0.03953293,-0.8849849,0.5084872,-0.5039755,0.4949041,0.4924626,
1,7,19.259,-0.2481671,0.0395347,-0.8849856,0.5085022,-0.5039912,0.4948857,0.4924496,
1,7,19.261,-0.2481671,0.0395347,-0.8849856,0.5085022,-0.5039912,0.4948857,0.4924496,
1,7,19.263,-0.2481671,0.0395347,-0.8849856,0.5085022,-0.5039912,0.4948857,0.4924496,
1,7,19.265,-0.2481671,0.0395347,-0.8849856,0.5085022,-0.5039912,0.4948857,0.4924496,
1,7,19.267,-0.248168,0.03953348,-0.8849825,0.5084985,-0.50397,0.4949032,0.4924574,
1,7,19.269,-0.248168,0.03953348,-0.8849825,0.5084985,-0.50397,0.4949032,0.4924574,
1,7,19.271,-0.248168,0.03953348,-0.8849825,0.5084985,-0.50397,0.4949032,0.4924574,
1,7,19.273,-0.248168,0.03953348,-0.8849825,0.5084985,-0.50397,0.4949032,0.4924574,
1,7,19.275,-0.2481709,0.03953032,-0.8849907,0.5084819,-0.5039816,0.4949034,0.4924628,
1,7,19.277,-0.2481709,0.03953032,-0.8849907,0.5084819,-0.5039816,0.4949034,0.4924628,
1,7,19.279,-0.2481709,0.03953032,-0.8849907,0.5084819,-0.5039816,0.4949034,0.4924628,
1,7,19.281,-0.2481709,0.03953032,-0.8849907,0.5084819,-0.5039816,0.4949034,0.4924628,
1,7,19.283,-0.2481719,0.03952897,-0.8849891,0.5085042,-0.50398,0.4948967,0.492448,
1,7,19.285,-0.2481719,0.03952897,-0.8849891,0.5085042,-0.50398,0.4948967,0.492448,
1,7,19.287,-0.2481719,0.03952897,-0.8849891,0.5085042,-0.50398,0.4948967,0.492448,
1,7,19.289,-0.2481719,0.03952897,-0.8849891,0.5085042,-0.50398,0.4948967,0.492448,
1,7,19.291,-0.2481673,0.03954067,-0.8849861,0.5085015,-0.5039497,0.4949222,0.4924562,
1,7,19.293,-0.2481673,0.03954067,-0.8849861,0.5085015,-0.5039497,0.4949222,0.4924562,
1,7,19.295,-0.2481673,0.03954067,-0.8849861,0.5085015,-0.5039497,0.4949222,0.4924562,
1,7,19.297,-0.2481673,0.03954067,-0.8849861,0.5085015,-0.5039497,0.4949222,0.4924562,
1,7,19.299,-0.2481796,0.03954333,-0.8849889,0.5084739,-0.50397,0.4949203,0.4924657,
1,7,19.301,-0.2481796,0.03954333,-0.8849889,0.5084739,-0.50397,0.4949203,0.4924657,
1,7,19.303,-0.2481796,0.03954333,-0.8849889,0.5084739,-0.50397,0.4949203,0.4924657,
1,7,19.305,-0.2481796,0.03954333,-0.8849889,0.5084739,-0.50397,0.4949203,0.4924657,
1,7,19.307,-0.2481796,0.03954333,-0.8849889,0.5084739,-0.50397,0.4949203,0.4924657,
1,7,19.309,-0.2481773,0.0395277,-0.8849855,0.5084957,-0.5039725,0.4949153,0.4924455,
1,7,19.311,-0.2481773,0.0395277,-0.8849855,0.5084957,-0.5039725,0.4949153,0.4924455,
1,7,19.313,-0.2481773,0.0395277,-0.8849855,0.5084957,-0.5039725,0.4949153,0.4924455,
1,7,19.315,-0.2481773,0.0395277,-0.8849855,0.5084957,-0.5039725,0.4949153,0.4924455,
1,7,19.317,-0.2481681,0.03953121,-0.8849821,0.5085124,-0.5039623,0.4949073,0.492447,
1,7,19.319,-0.2481681,0.03953121,-0.8849821,0.5085124,-0.5039623,0.4949073,0.492447,
1,7,19.321,-0.2481681,0.03953121,-0.8849821,0.5085124,-0.5039623,0.4949073,0.492447,
1,7,19.323,-0.2481681,0.03953121,-0.8849821,0.5085124,-0.5039623,0.4949073,0.492447,
1,7,19.325,-0.2481695,0.03953558,-0.8849795,0.5084825,-0.5039347,0.4949386,0.4924748,
1,7,19.327,-0.2481695,0.03953558,-0.8849795,0.5084825,-0.5039347,0.4949386,0.4924748,
1,7,19.329,-0.2481695,0.03953558,-0.8849795,0.5084825,-0.5039347,0.4949386,0.4924748,
1,7,19.331,-0.2481695,0.03953558,-0.8849795,0.5084825,-0.5039347,0.4949386,0.4924748,
1,7,19.333,-0.2481718,0.03952968,-0.8849874,0.5084916,-0.503945,0.4949316,0.4924617,
1,7,19.335,-0.2481718,0.03952968,-0.8849874,0.5084916,-0.503945,0.4949316,0.4924617,
1,7,19.337,-0.2481718,0.03952968,-0.8849874,0.5084916,-0.503945,0.4949316,0.4924617,
1,7,19.339,-0.2481718,0.03952968,-0.8849874,0.5084916,-0.503945,0.4949316,0.4924617,
1,7,19.341,-0.2481732,0.03953278,-0.8849882,0.5084873,-0.5039569,0.4949231,0.4924625,
1,7,19.343,-0.2481732,0.03953278,-0.8849882,0.5084873,-0.5039569,0.4949231,0.4924625,
1,7,19.345,-0.2481732,0.03953278,-0.8849882,0.5084873,-0.5039569,0.4949231,0.4924625,
1,7,19.347,-0.2481732,0.03953278,-0.8849882,0.5084873,-0.5039569,0.4949231,0.4924625,
1,7,19.349,-0.2481732,0.03953274,-0.8849887,0.5084901,-0.5039349,0.4949352,0.4924698,
1,7,19.351,-0.2481732,0.03953274,-0.8849887,0.5084901,-0.5039349,0.4949352,0.4924698,
1,7,19.353,-0.2481732,0.03953274,-0.8849887,0.5084901,-0.5039349,0.4949352,0.4924698,
1,7,19.355,-0.2481732,0.03953274,-0.8849887,0.5084901,-0.5039349,0.4949352,0.4924698,
1,7,19.357,-0.2481732,0.03953274,-0.8849887,0.5084901,-0.5039349,0.4949352,0.4924698,
1,7,19.359,-0.2481593,0.03954845,-0.8849885,0.5084777,-0.5039423,0.4949318,0.4924787,
1,7,19.361,-0.2481593,0.03954845,-0.8849885,0.5084777,-0.5039423,0.4949318,0.4924787,
1,7,19.363,-0.2481593,0.03954845,-0.8849885,0.5084777,-0.5039423,0.4949318,0.4924787,
1,7,19.365,-0.2481593,0.03954845,-0.8849885,0.5084777,-0.5039423,0.4949318,0.4924787,
1,7,19.367,-0.2481645,0.03951023,-0.8850021,0.5084965,-0.5039683,0.4948813,0.4924835,
1,7,19.369,-0.2481645,0.03951023,-0.8850021,0.5084965,-0.5039683,0.4948813,0.4924835,
1,7,19.371,-0.2481645,0.03951023,-0.8850021,0.5084965,-0.5039683,0.4948813,0.4924835,
1,7,19.373,-0.2481645,0.03951023,-0.8850021,0.5084965,-0.5039683,0.4948813,0.4924835,
1,7,19.375,-0.248173,0.03951929,-0.8849894,0.508477,-0.5039669,0.4948956,0.4924904,
1,7,19.377,-0.248173,0.03951929,-0.8849894,0.508477,-0.5039669,0.4948956,0.4924904,
1,7,19.379,-0.248173,0.03951929,-0.8849894,0.508477,-0.5039669,0.4948956,0.4924904,
1,7,19.381,-0.248173,0.03951929,-0.8849894,0.508477,-0.5039669,0.4948956,0.4924904,
1,7,19.383,-0.2481692,0.03953841,-0.8849942,0.5084808,-0.5039371,0.4949478,0.4924646,
1,7,19.385,-0.2481692,0.03953841,-0.8849942,0.5084808,-0.5039371,0.4949478,0.4924646,
1,7,19.387,-0.2481692,0.03953841,-0.8849942,0.5084808,-0.5039371,0.4949478,0.4924646,
1,7,19.389,-0.2481692,0.03953841,-0.8849942,0.5084808,-0.5039371,0.4949478,0.4924646,
1,7,19.391,-0.2481786,0.03953536,-0.8849946,0.5084796,-0.5039466,0.4949392,0.4924647,
1,7,19.393,-0.2481786,0.03953536,-0.8849946,0.5084796,-0.5039466,0.4949392,0.4924647,
1,7,19.395,-0.2481786,0.03953536,-0.8849946,0.5084796,-0.5039466,0.4949392,0.4924647,
1,7,19.397,-0.2481786,0.03953536,-0.8849946,0.5084796,-0.5039466,0.4949392,0.4924647,
1,7,19.399,-0.2481714,0.0395412,-0.8849931,0.5084801,-0.5039419,0.494945,0.4924634,
1,7,19.401,-0.2481714,0.0395412,-0.8849931,0.5084801,-0.5039419,0.494945,0.4924634,
1,7,19.403,-0.2481714,0.0395412,-0.8849931,0.5084801,-0.5039419,0.494945,0.4924634,
1,7,19.405,-0.2481714,0.0395412,-0.8849931,0.5084801,-0.5039419,0.494945,0.4924634,
1,7,19.407,-0.2481714,0.0395412,-0.8849931,0.5084801,-0.5039419,0.494945,0.4924634,
1,7,19.409,-0.2481635,0.03952426,-0.8849987,0.5085055,-0.5039683,0.4949074,0.4924478,
1,7,19.411,-0.2481635,0.03952426,-0.8849987,0.5085055,-0.5039683,0.4949074,0.4924478,
1,7,19.413,-0.2481635,0.03952426,-0.8849987,0.5085055,-0.5039683,0.4949074,0.4924478,
1,7,19.415,-0.2481635,0.03952426,-0.8849987,0.5085055,-0.5039683,0.4949074,0.4924478,
1,7,19.417,-0.2481627,0.03952333,-0.8849943,0.5085078,-0.5039738,0.4948989,0.4924482,
1,7,19.419,-0.2481627,0.03952333,-0.8849943,0.5085078,-0.5039738,0.4948989,0.4924482,
1,7,19.421,-0.2481627,0.03952333,-0.8849943,0.5085078,-0.5039738,0.4948989,0.4924482,
1,7,19.423,-0.2481627,0.03952333,-0.8849943,0.5085078,-0.5039738,0.4948989,0.4924482,
1,7,19.425,-0.2481599,0.03952091,-0.884998,0.5085028,-0.5039552,0.4949195,0.4924518,
1,7,19.427,-0.2481599,0.03952091,-0.884998,0.5085028,-0.5039552,0.4949195,0.4924518,
1,7,19.429,-0.2481599,0.03952091,-0.884998,0.5085028,-0.5039552,0.4949195,0.4924518,
1,7,19.431,-0.2481599,0.03952091,-0.884998,0.5085028,-0.5039552,0.4949195,0.4924518,
1,7,19.433,-0.2481577,0.03953483,-0.884986,0.5084866,-0.5039344,0.4949381,0.4924711,
1,7,19.435,-0.2481577,0.03953483,-0.884986,0.5084866,-0.5039344,0.4949381,0.4924711,
1,7,19.437,-0.2481577,0.03953483,-0.884986,0.5084866,-0.5039344,0.4949381,0.4924711,
1,7,19.439,-0.2481577,0.03953483,-0.884986,0.5084866,-0.5039344,0.4949381,0.4924711,
1,7,19.441,-0.2481636,0.03952961,-0.8849905,0.5084789,-0.5039554,0.4949265,0.4924694,
1,7,19.443,-0.2481636,0.03952961,-0.8849905,0.5084789,-0.5039554,0.4949265,0.4924694,
1,7,19.445,-0.2481636,0.03952961,-0.8849905,0.5084789,-0.5039554,0.4949265,0.4924694,
1,7,19.447,-0.2481636,0.03952961,-0.8849905,0.5084789,-0.5039554,0.4949265,0.4924694,
1,7,19.449,-0.2481741,0.03953477,-0.8849993,0.5084809,-0.5039547,0.4949315,0.4924628,
1,7,19.451,-0.2481741,0.03953477,-0.8849993,0.5084809,-0.5039547,0.4949315,0.4924628,
1,7,19.453,-0.2481741,0.03953477,-0.8849993,0.5084809,-0.5039547,0.4949315,0.4924628,
1,7,19.455,-0.2481741,0.03953477,-0.8849993,0.5084809,-0.5039547,0.4949315,0.4924628,
1,7,19.457,-0.2481741,0.03953477,-0.8849993,0.5084809,-0.5039547,0.4949315,0.4924628,
1,7,19.459,-0.2481694,0.03953239,-0.8849999,0.508478,-0.5039558,0.494945,0.4924513,
1,7,19.461,-0.2481694,0.03953239,-0.8849999,0.508478,-0.5039558,0.494945,0.4924513,
1,7,19.463,-0.2481694,0.03953239,-0.8849999,0.508478,-0.5039558,0.494945,0.4924513,
1,7,19.465,-0.2481694,0.03953239,-0.8849999,0.508478,-0.5039558,0.494945,0.4924513,
1,7,19.467,-0.2481719,0.03952769,-0.8849857,0.5084666,-0.5039724,0.4949293,0.4924617,
1,7,19.469,-0.2481719,0.03952769,-0.8849857,0.5084666,-0.5039724,0.4949293,0.4924617,
1,7,19.471,-0.2481719,0.03952769,-0.8849857,0.5084666,-0.5039724,0.4949293,0.4924617,
1,7,19.473,-0.2481719,0.03952769,-0.8849857,0.5084666,-0.5039724,0.4949293,0.4924617,
1,7,19.475,-0.2481779,0.03952618,-0.8849878,0.5084748,-0.5039737,0.4949292,0.4924521,
1,7,19.477,-0.2481779,0.03952618,-0.8849878,0.5084748,-0.5039737,0.4949292,0.4924521,
1,7,19.479,-0.2481779,0.03952618,-0.8849878,0.5084748,-0.5039737,0.4949292,0.4924521,
1,7,19.481,-0.2481779,0.03952618,-0.8849878,0.5084748,-0.5039737,0.4949292,0.4924521,
1,7,19.483,-0.2481752,0.0395493,-0.884988,0.508467,-0.5039481,0.4949291,0.4924864,
1,7,19.485,-0.2481752,0.0395493,-0.884988,0.508467,-0.5039481,0.4949291,0.4924864,
1,7,19.487,-0.2481752,0.0395493,-0.884988,0.508467,-0.5039481,0.4949291,0.4924864,
1,7,19.489,-0.2481752,0.0395493,-0.884988,0.508467,-0.5039481,0.4949291,0.4924864,
1,7,19.491,-0.2481704,0.0395421,-0.884989,0.5084892,-0.5039343,0.494943,0.4924637,
1,7,19.493,-0.2481704,0.0395421,-0.884989,0.5084892,-0.5039343,0.494943,0.4924637,
1,7,19.495,-0.2481704,0.0395421,-0.884989,0.5084892,-0.5039343,0.494943,0.4924637,
1,7,19.497,-0.2481704,0.0395421,-0.884989,0.5084892,-0.5039343,0.494943,0.4924637,
1,7,19.499,-0.2481757,0.03954434,-0.8849888,0.5084727,-0.5039352,0.4949624,0.4924603,
1,7,19.501,-0.2481757,0.03954434,-0.8849888,0.5084727,-0.5039352,0.4949624,0.4924603,
1,7,19.503,-0.2481757,0.03954434,-0.8849888,0.5084727,-0.5039352,0.4949624,0.4924603,
1,7,19.505,-0.2481757,0.03954434,-0.8849888,0.5084727,-0.5039352,0.4949624,0.4924603,
1,7,19.507,-0.2481757,0.03954434,-0.8849888,0.5084727,-0.5039352,0.4949624,0.4924603,
1,7,19.509,-0.2481789,0.03954088,-0.8849844,0.5084888,-0.5039355,0.4949489,0.4924569,
1,7,19.511,-0.2481789,0.03954088,-0.8849844,0.5084888,-0.5039355,0.4949489,0.4924569,
1,7,19.513,-0.2481789,0.03954088,-0.8849844,0.5084888,-0.5039355,0.4949489,0.4924569,
1,7,19.515,-0.2481789,0.03954088,-0.8849844,0.5084888,-0.5039355,0.4949489,0.4924569,
1,7,19.517,-0.2481674,0.03954208,-0.8849865,0.5084852,-0.5039383,0.494946,0.4924607,
1,7,19.519,-0.2481674,0.03954208,-0.8849865,0.5084852,-0.5039383,0.494946,0.4924607,
1,7,19.521,-0.2481674,0.03954208,-0.8849865,0.5084852,-0.5039383,0.494946,0.4924607,
1,7,19.523,-0.2481674,0.03954208,-0.8849865,0.5084852,-0.5039383,0.494946,0.4924607,
1,7,19.525,-0.2481623,0.0395458,-0.8849846,0.5084888,-0.5039308,0.4949504,0.4924601,
1,7,19.527,-0.2481623,0.0395458,-0.8849846,0.5084888,-0.5039308,0.4949504,0.4924601,
1,7,19.529,-0.2481623,0.0395458,-0.8849846,0.5084888,-0.5039308,0.4949504,0.4924601,
1,7,19.531,-0.2481623,0.0395458,-0.8849846,0.5084888,-0.5039308,0.4949504,0.4924601,
1,7,19.533,-0.2481689,0.03954444,-0.8849797,0.5084776,-0.5039297,0.4949566,0.4924667,
1,7,19.535,-0.2481689,0.03954444,-0.8849797,0.5084776,-0.5039297,0.4949566,0.4924667,
1,7,19.537,-0.2481689,0.03954444,-0.8849797,0.5084776,-0.5039297,0.4949566,0.4924667,
1,7,19.539,-0.2481689,0.03954444,-0.8849797,0.5084776,-0.5039297,0.4949566,0.4924667,
1,7,19.541,-0.2481806,0.03954917,-0.8849867,0.5084738,-0.5039582,0.4949197,0.4924784,
1,7,19.543,-0.2481806,0.03954917,-0.8849867,0.5084738,-0.5039582,0.4949197,0.4924784,
1,7,19.545,-0.2481806,0.03954917,-0.8849867,0.5084738,-0.5039582,0.4949197,0.4924784,
1,7,19.547,-0.2481806,0.03954917,-0.8849867,0.5084738,-0.5039582,0.4949197,0.4924784,
1,7,19.549,-0.248176,0.03954327,-0.8849911,0.5084817,-0.5039324,0.4949444,0.4924719,
1,7,19.551,-0.248176,0.03954327,-0.8849911,0.5084817,-0.5039324,0.4949444,0.4924719,
1,7,19.553,-0.248176,0.03954327,-0.8849911,0.5084817,-0.5039324,0.4949444,0.4924719,
1,7,19.555,-0.248176,0.03954327,-0.8849911,0.5084817,-0.5039324,0.4949444,0.4924719,
1,7,19.557,-0.248176,0.03954327,-0.8849911,0.5084817,-0.5039324,0.4949444,0.4924719,
1,7,19.559,-0.2481636,0.03954339,-0.8849854,0.5084901,-0.5039374,0.4949224,0.4924802,
1,7,19.561,-0.2481636,0.03954339,-0.8849854,0.5084901,-0.5039374,0.4949224,0.4924802,
1,7,19.563,-0.2481636,0.03954339,-0.8849854,0.5084901,-0.5039374,0.4949224,0.4924802,
1,7,19.565,-0.2481636,0.03954339,-0.8849854,0.5084901,-0.5039374,0.4949224,0.4924802,
1,7,19.567,-0.2481661,0.0395392,-0.8849924,0.5084864,-0.5039404,0.4949257,0.4924777,
1,7,19.569,-0.2481661,0.0395392,-0.8849924,0.5084864,-0.5039404,0.4949257,0.4924777,
1,7,19.571,-0.2481661,0.0395392,-0.8849924,0.5084864,-0.5039404,0.4949257,0.4924777,
1,7,19.573,-0.2481661,0.0395392,-0.8849924,0.5084864,-0.5039404,0.4949257,0.4924777,
1,7,19.575,-0.2481601,0.0395309,-0.8849911,0.5085084,-0.50394,0.4949273,0.4924538,
1,7,19.577,-0.2481601,0.0395309,-0.8849911,0.5085084,-0.50394,0.4949273,0.4924538,
1,7,19.579,-0.2481601,0.0395309,-0.8849911,0.5085084,-0.50394,0.4949273,0.4924538,
1,7,19.581,-0.2481601,0.0395309,-0.8849911,0.5085084,-0.50394,0.4949273,0.4924538,
1,7,19.583,-0.2481604,0.03953769,-0.8849844,0.5085013,-0.5039362,0.4949299,0.4924623,
1,7,19.585,-0.2481604,0.03953769,-0.8849844,0.5085013,-0.5039362,0.4949299,0.4924623,
1,7,19.587,-0.2481604,0.03953769,-0.8849844,0.5085013,-0.5039362,0.4949299,0.4924623,
1,7,19.589,-0.2481604,0.03953769,-0.8849844,0.5085013,-0.5039362,0.4949299,0.4924623,
1,7,19.591,-0.2481702,0.03954135,-0.8849834,0.5084875,-0.503951,0.4949313,0.4924601,
1,7,19.593,-0.2481702,0.03954135,-0.8849834,0.5084875,-0.503951,0.4949313,0.4924601,
1,7,19.595,-0.2481702,0.03954135,-0.8849834,0.5084875,-0.503951,0.4949313,0.4924601,
1,7,19.597,-0.2481702,0.03954135,-0.8849834,0.5084875,-0.503951,0.4949313,0.4924601,
1,7,19.599,-0.2481681,0.0395388,-0.8849818,0.5084991,-0.5039657,0.4949109,0.4924535,
1,7,19.601,-0.2481681,0.0395388,-0.8849818,0.5084991,-0.5039657,0.4949109,0.4924535,
1,7,19.603,-0.2481681,0.0395388,-0.8849818,0.5084991,-0.5039657,0.4949109,0.4924535,
1,7,19.605,-0.2481681,0.0395388,-0.8849818,0.5084991,-0.5039657,0.4949109,0.4924535,
1,7,19.607,-0.2481681,0.0395388,-0.8849818,0.5084991,-0.5039657,0.4949109,0.4924535,
1,7,19.609,-0.2481733,0.03952141,-0.8849846,0.5085114,-0.5039538,0.4949237,0.4924403,
1,7,19.611,-0.2481733,0.03952141,-0.8849846,0.5085114,-0.5039538,0.4949237,0.4924403,
1,7,19.613,-0.2481733,0.03952141,-0.8849846,0.5085114,-0.5039538,0.4949237,0.4924403,
1,7,19.615,-0.2481733,0.03952141,-0.8849846,0.5085114,-0.5039538,0.4949237,0.4924403,
1,7,19.617,-0.2481583,0.03953654,-0.8849818,0.5085108,-0.5039442,0.4949214,0.492453,
1,7,19.619,-0.2481583,0.03953654,-0.8849818,0.5085108,-0.5039442,0.4949214,0.492453,
1,7,19.621,-0.2481583,0.03953654,-0.8849818,0.5085108,-0.5039442,0.4949214,0.492453,
1,7,19.623,-0.2481583,0.03953654,-0.8849818,0.5085108,-0.5039442,0.4949214,0.492453,
1,7,19.625,-0.2481689,0.03953844,-0.8849895,0.5084965,-0.503966,0.4949138,0.4924529,
1,7,19.627,-0.2481689,0.03953844,-0.8849895,0.5084965,-0.503966,0.4949138,0.4924529,
1,7,19.629,-0.2481689,0.03953844,-0.8849895,0.5084965,-0.503966,0.4949138,0.4924529,
1,7,19.631,-0.2481689,0.03953844,-0.8849895,0.5084965,-0.503966,0.4949138,0.4924529,
1,7,19.633,-0.2481806,0.03953726,-0.8849903,0.5085093,-0.5039605,0.4949338,0.4924254,
1,7,19.635,-0.2481806,0.03953726,-0.8849903,0.5085093,-0.5039605,0.4949338,0.4924254,
1,7,19.637,-0.2481806,0.03953726,-0.8849903,0.5085093,-0.5039605,0.4949338,0.4924254,
1,7,19.639,-0.2481806,0.03953726,-0.8849903,0.5085093,-0.5039605,0.4949338,0.4924254,
1,7,19.641,-0.2481662,0.03953625,-0.8849857,0.5085086,-0.5039452,0.4949318,0.4924438,
1,7,19.643,-0.2481662,0.03953625,-0.8849857,0.5085086,-0.5039452,0.4949318,0.4924438,
1,7,19.645,-0.2481662,0.03953625,-0.8849857,0.5085086,-0.5039452,0.4949318,0.4924438,
1,7,19.647,-0.2481662,0.03953625,-0.8849857,0.5085086,-0.5039452,0.4949318,0.4924438,
1,7,19.649,-0.2481737,0.03953211,-0.8849943,0.5085033,-0.5039711,0.4949111,0.4924434,
1,7,19.651,-0.2481737,0.03953211,-0.8849943,0.5085033,-0.5039711,0.4949111,0.4924434,
1,7,19.653,-0.2481737,0.03953211,-0.8849943,0.5085033,-0.5039711,0.4949111,0.4924434,
1,7,19.655,-0.2481737,0.03953211,-0.8849943,0.5085033,-0.5039711,0.4949111,0.4924434,
1,7,19.657,-0.2481737,0.03953211,-0.8849943,0.5085033,-0.5039711,0.4949111,0.4924434,
1,7,19.659,-0.2481739,0.03954536,-0.8849832,0.5084978,-0.503955,0.4949292,0.4924474,
1,7,19.661,-0.2481739,0.03954536,-0.8849832,0.5084978,-0.503955,0.4949292,0.4924474,
1,7,19.663,-0.2481739,0.03954536,-0.8849832,0.5084978,-0.503955,0.4949292,0.4924474,
1,7,19.665,-0.2481739,0.03954536,-0.8849832,0.5084978,-0.503955,0.4949292,0.4924474,
1,7,19.667,-0.2481726,0.0395399,-0.8849836,0.5084956,-0.5039555,0.4949265,0.4924518,
1,7,19.669,-0.2481726,0.0395399,-0.8849836,0.5084956,-0.5039555,0.4949265,0.4924518,
1,7,19.671,-0.2481726,0.0395399,-0.8849836,0.5084956,-0.5039555,0.4949265,0.4924518,
1,7,19.673,-0.2481726,0.0395399,-0.8849836,0.5084956,-0.5039555,0.4949265,0.4924518,
1,7,19.675,-0.2481707,0.03953201,-0.8849934,0.5085036,-0.5039643,0.4949171,0.4924442,
1,7,19.677,-0.2481707,0.03953201,-0.8849934,0.5085036,-0.5039643,0.4949171,0.4924442,
1,7,19.679,-0.2481707,0.03953201,-0.8849934,0.5085036,-0.5039643,0.4949171,0.4924442,
1,7,19.681,-0.2481707,0.03953201,-0.8849934,0.5085036,-0.5039643,0.4949171,0.4924442,
1,7,19.683,-0.2481668,0.03953412,-0.8849809,0.5085016,-0.5039657,0.4949126,0.4924492,
1,7,19.685,-0.2481668,0.03953412,-0.8849809,0.5085016,-0.5039657,0.4949126,0.4924492,
1,7,19.687,-0.2481668,0.03953412,-0.8849809,0.5085016,-0.5039657,0.4949126,0.4924492,
1,7,19.689,-0.2481668,0.03953412,-0.8849809,0.5085016,-0.5039657,0.4949126,0.4924492,
1,7,19.691,-0.2481766,0.03953822,-0.8849803,0.5084932,-0.5039735,0.4949135,0.4924491,
1,7,19.693,-0.2481766,0.03953822,-0.8849803,0.5084932,-0.5039735,0.4949135,0.4924491,
1,7,19.695,-0.2481766,0.03953822,-0.8849803,0.5084932,-0.5039735,0.4949135,0.4924491,
1,7,19.697,-0.2481766,0.03953822,-0.8849803,0.5084932,-0.5039735,0.4949135,0.4924491,
1,7,19.699,-0.248173,0.03953653,-0.8849897,0.5085055,-0.5039631,0.4949138,0.4924465,
1,7,19.701,-0.248173,0.03953653,-0.8849897,0.5085055,-0.5039631,0.4949138,0.4924465,
1,7,19.703,-0.248173,0.03953653,-0.8849897,0.5085055,-0.5039631,0.4949138,0.4924465,
1,7,19.705,-0.248173,0.03953653,-0.8849897,0.5085055,-0.5039631,0.4949138,0.4924465,
1,7,19.707,-0.248173,0.03953653,-0.8849897,0.5085055,-0.5039631,0.4949138,0.4924465,
1,7,19.709,-0.2481829,0.03955624,-0.8849764,0.5084755,-0.5039592,0.494943,0.4924524,
1,7,19.711,-0.2481829,0.03955624,-0.8849764,0.5084755,-0.5039592,0.494943,0.4924524,
1,7,19.713,-0.2481829,0.03955624,-0.8849764,0.5084755,-0.5039592,0.494943,0.4924524,
1,7,19.715,-0.2481829,0.03955624,-0.8849764,0.5084755,-0.5039592,0.494943,0.4924524,
1,7,19.717,-0.2481857,0.03954764,-0.8849772,0.5084785,-0.5039642,0.4949407,0.4924463,
1,7,19.719,-0.2481857,0.03954764,-0.8849772,0.5084785,-0.5039642,0.4949407,0.4924463,
1,7,19.721,-0.2481857,0.03954764,-0.8849772,0.5084785,-0.5039642,0.4949407,0.4924463,
1,7,19.723,-0.2481857,0.03954764,-0.8849772,0.5084785,-0.5039642,0.4949407,0.4924463,
1,7,19.725,-0.2481859,0.03954473,-0.8849785,0.5084819,-0.5039499,0.4949558,0.4924423,
1,7,19.727,-0.2481859,0.03954473,-0.8849785,0.5084819,-0.5039499,0.4949558,0.4924423,
1,7,19.729,-0.2481859,0.03954473,-0.8849785,0.5084819,-0.5039499,0.4949558,0.4924423,
1,7,19.731,-0.2481859,0.03954473,-0.8849785,0.5084819,-0.5039499,0.4949558,0.4924423,
1,7,19.733,-0.2481831,0.03953865,-0.8849871,0.5084898,-0.5039633,0.4949325,0.4924439,
1,7,19.735,-0.2481831,0.03953865,-0.8849871,0.5084898,-0.5039633,0.4949325,0.4924439,
1,7,19.737,-0.2481831,0.03953865,-0.8849871,0.5084898,-0.5039633,0.4949325,0.4924439,
1,7,19.739,-0.2481831,0.03953865,-0.8849871,0.5084898,-0.5039633,0.4949325,0.4924439,
1,7,19.741,-0.2481743,0.03953473,-0.8849872,0.5084791,-0.5039949,0.4949029,0.4924524,
1,7,19.743,-0.2481743,0.03953473,-0.8849872,0.5084791,-0.5039949,0.4949029,0.4924524,
1,7,19.745,-0.2481743,0.03953473,-0.8849872,0.5084791,-0.5039949,0.4949029,0.4924524,
1,7,19.747,-0.2481743,0.03953473,-0.8849872,0.5084791,-0.5039949,0.4949029,0.4924524,
1,7,19.749,-0.2481815,0.03953527,-0.884991,0.5084932,-0.5039647,0.4949246,0.4924469,
1,7,19.751,-0.2481815,0.03953527,-0.884991,0.5084932,-0.5039647,0.4949246,0.4924469,
1,7,19.753,-0.2481815,0.03953527,-0.884991,0.5084932,-0.5039647,0.4949246,0.4924469,
1,7,19.755,-0.2481815,0.03953527,-0.884991,0.5084932,-0.5039647,0.4949246,0.4924469,
1,7,19.757,-0.2481815,0.03953527,-0.884991,0.5084932,-0.5039647,0.4949246,0.4924469,
1,7,19.759,-0.2481757,0.03954278,-0.8849924,0.50848,-0.5039618,0.4949227,0.4924654,
1,7,19.761,-0.2481757,0.03954278,-0.8849924,0.50848,-0.5039618,0.4949227,0.4924654,
1,7,19.763,-0.2481757,0.03954278,-0.8849924,0.50848,-0.5039618,0.4949227,0.4924654,
1,7,19.765,-0.2481757,0.03954278,-0.8849924,0.50848,-0.5039618,0.4949227,0.4924654,
1,7,19.767,-0.2481857,0.03955354,-0.884993,0.5084671,-0.5039454,0.494949,0.4924691,
1,7,19.769,-0.2481857,0.03955354,-0.884993,0.5084671,-0.5039454,0.494949,0.4924691,
1,7,19.771,-0.2481857,0.03955354,-0.884993,0.5084671,-0.5039454,0.494949,0.4924691,
1,7,19.773,-0.2481857,0.03955354,-0.884993,0.5084671,-0.5039454,0.494949,0.4924691,
1,7,19.775,-0.2481821,0.03956006,-0.8849933,0.5084534,-0.5039369,0.4949578,0.492483,
1,7,19.777,-0.2481821,0.03956006,-0.8849933,0.5084534,-0.5039369,0.4949578,0.492483,
1,7,19.779,-0.2481821,0.03956006,-0.8849933,0.5084534,-0.5039369,0.4949578,0.492483,
1,7,19.781,-0.2481821,0.03956006,-0.8849933,0.5084534,-0.5039369,0.4949578,0.492483,
1,7,19.783,-0.2481742,0.039543,-0.8849872,0.5084603,-0.5039562,0.4949351,0.4924789,
1,7,19.785,-0.2481742,0.039543,-0.8849872,0.5084603,-0.5039562,0.4949351,0.4924789,
1,7,19.787,-0.2481742,0.039543,-0.8849872,0.5084603,-0.5039562,0.4949351,0.4924789,
1,7,19.789,-0.2481742,0.039543,-0.8849872,0.5084603,-0.5039562,0.4949351,0.4924789,
1,7,19.791,-0.248182,0.03955203,-0.8849899,0.508453,-0.5039515,0.4949585,0.4924678,
1,7,19.793,-0.248182,0.03955203,-0.8849899,0.508453,-0.5039515,0.4949585,0.4924678,
1,7,19.795,-0.248182,0.03955203,-0.8849899,0.508453,-0.5039515,0.4949585,0.4924678,
1,7,19.797,-0.248182,0.03955203,-0.8849899,0.508453,-0.5039515,0.4949585,0.4924678,
1,7,19.799,-0.2481967,0.03955352,-0.8849931,0.5084347,-0.5039593,0.4949729,0.4924645,
1,7,19.801,-0.2481967,0.03955352,-0.8849931,0.5084347,-0.5039593,0.4949729,0.4924645,
1,7,19.803,-0.2481967,0.03955352,-0.8849931,0.5084347,-0.5039593,0.4949729,0.4924645,
1,7,19.805,-0.2481967,0.03955352,-0.8849931,0.5084347,-0.5039593,0.4949729,0.4924645,
1,7,19.807,-0.2481967,0.03955352,-0.8849931,0.5084347,-0.5039593,0.4949729,0.4924645,
1,7,19.809,-0.2481897,0.03955111,-0.8849986,0.5084618,-0.5039492,0.4949373,0.4924825,
1,7,19.811,-0.2481897,0.03955111,-0.8849986,0.5084618,-0.5039492,0.4949373,0.4924825,
1,7,19.813,-0.2481897,0.03955111,-0.8849986,0.5084618,-0.5039492,0.4949373,0.4924825,
1,7,19.815,-0.2481897,0.03955111,-0.8849986,0.5084618,-0.5039492,0.4949373,0.4924825,
1,7,19.817,-0.2481892,0.03955709,-0.8849964,0.5084477,-0.5039445,0.4949521,0.492487,
1,7,19.819,-0.2481892,0.03955709,-0.8849964,0.5084477,-0.5039445,0.4949521,0.492487,
1,7,19.821,-0.2481892,0.03955709,-0.8849964,0.5084477,-0.5039445,0.4949521,0.492487,
1,7,19.823,-0.2481892,0.03955709,-0.8849964,0.5084477,-0.5039445,0.4949521,0.492487,
1,7,19.825,-0.2481922,0.03955288,-0.8849932,0.5084617,-0.5039451,0.4949586,0.4924653,
1,7,19.827,-0.2481922,0.03955288,-0.8849932,0.5084617,-0.5039451,0.4949586,0.4924653,
1,7,19.829,-0.2481922,0.03955288,-0.8849932,0.5084617,-0.5039451,0.4949586,0.4924653,
1,7,19.831,-0.2481922,0.03955288,-0.8849932,0.5084617,-0.5039451,0.4949586,0.4924653,
1,7,19.833,-0.2481899,0.03954392,-0.8850035,0.5084755,-0.5039402,0.4949505,0.4924644,
1,7,19.835,-0.2481899,0.03954392,-0.8850035,0.5084755,-0.5039402,0.4949505,0.4924644,
1,7,19.837,-0.2481899,0.03954392,-0.8850035,0.5084755,-0.5039402,0.4949505,0.4924644,
1,7,19.839,-0.2481899,0.03954392,-0.8850035,0.5084755,-0.5039402,0.4949505,0.4924644,
1,7,19.841,-0.2481918,0.0395534,-0.8850001,0.5084547,-0.503944,0.4949485,0.4924837,
1,7,19.843,-0.2481918,0.0395534,-0.8850001,0.5084547,-0.503944,0.4949485,0.4924837,
1,7,19.845,-0.2481918,0.0395534,-0.8850001,0.5084547,-0.503944,0.4949485,0.4924837,
1,7,19.847,-0.2481918,0.0395534,-0.8850001,0.5084547,-0.503944,0.4949485,0.4924837,
1,7,19.849,-0.2481974,0.03955703,-0.8849949,0.5084528,-0.5039387,0.4949593,0.4924805,
1,7,19.851,-0.2481974,0.03955703,-0.8849949,0.5084528,-0.5039387,0.4949593,0.4924805,
1,7,19.853,-0.2481974,0.03955703,-0.8849949,0.5084528,-0.5039387,0.4949593,0.4924805,
1,7,19.855,-0.2481974,0.03955703,-0.8849949,0.5084528,-0.5039387,0.4949593,0.4924805,
1,7,19.857,-0.2481974,0.03955703,-0.8849949,0.5084528,-0.5039387,0.4949593,0.4924805,
1,7,19.859,-0.2481936,0.03954626,-0.8850034,0.5084349,-0.5039482,0.4949544,0.4924938,
1,7,19.861,-0.2481936,0.03954626,-0.8850034,0.5084349,-0.5039482,0.4949544,0.4924938,
1,7,19.863,-0.2481936,0.03954626,-0.8850034,0.5084349,-0.5039482,0.4949544,0.4924938,
1,7,19.865,-0.2481936,0.03954626,-0.8850034,0.5084349,-0.5039482,0.4949544,0.4924938,
1,7,19.867,-0.2481853,0.0395519,-0.885,0.5084476,-0.5039434,0.4949471,0.4924932,
1,7,19.869,-0.2481853,0.0395519,-0.885,0.5084476,-0.5039434,0.4949471,0.4924932,
1,7,19.871,-0.2481853,0.0395519,-0.885,0.5084476,-0.5039434,0.4949471,0.4924932,
1,7,19.873,-0.2481853,0.0395519,-0.885,0.5084476,-0.5039434,0.4949471,0.4924932,
1,7,19.875,-0.2481914,0.03954628,-0.8849884,0.5084485,-0.5039536,0.4949505,0.4924784,
1,7,19.877,-0.2481914,0.03954628,-0.8849884,0.5084485,-0.5039536,0.4949505,0.4924784,
1,7,19.879,-0.2481914,0.03954628,-0.8849884,0.5084485,-0.5039536,0.4949505,0.4924784,
1,7,19.881,-0.2481914,0.03954628,-0.8849884,0.5084485,-0.5039536,0.4949505,0.4924784,
1,7,19.883,-0.2481834,0.03955236,-0.8849862,0.508452,-0.5039209,0.4949716,0.492487,
1,7,19.885,-0.2481834,0.03955236,-0.8849862,0.508452,-0.5039209,0.4949716,0.492487,
1,7,19.887,-0.2481834,0.03955236,-0.8849862,0.508452,-0.5039209,0.4949716,0.492487,
1,7,19.889,-0.2481834,0.03955236,-0.8849862,0.508452,-0.5039209,0.4949716,0.492487,
1,7,19.891,-0.2481868,0.03954452,-0.8850005,0.5084624,-0.5039547,0.4949432,0.4924704,
1,7,19.893,-0.2481868,0.03954452,-0.8850005,0.5084624,-0.5039547,0.4949432,0.4924704,
1,7,19.895,-0.2481868,0.03954452,-0.8850005,0.5084624,-0.5039547,0.4949432,0.4924704,
1,7,19.897,-0.2481868,0.03954452,-0.8850005,0.5084624,-0.5039547,0.4949432,0.4924704,
1,7,19.899,-0.248184,0.03953127,-0.8849977,0.5084565,-0.5039784,0.4949227,0.4924727,
1,7,19.901,-0.248184,0.03953127,-0.8849977,0.5084565,-0.5039784,0.4949227,0.4924727,
1,7,19.903,-0.248184,0.03953127,-0.8849977,0.5084565,-0.5039784,0.4949227,0.4924727,
1,7,19.905,-0.248184,0.03953127,-0.8849977,0.5084565,-0.5039784,0.4949227,0.4924727,
1,7,19.907,-0.248184,0.03953127,-0.8849977,0.5084565,-0.5039784,0.4949227,0.4924727,
1,7,19.909,-0.2481685,0.03954713,-0.8850003,0.5084555,-0.5039346,0.4949668,0.4924743,
1,7,19.911,-0.2481685,0.03954713,-0.8850003,0.5084555,-0.5039346,0.4949668,0.4924743,
1,7,19.913,-0.2481685,0.03954713,-0.8850003,0.5084555,-0.5039346,0.4949668,0.4924743,
1,7,19.915,-0.2481685,0.03954713,-0.8850003,0.5084555,-0.5039346,0.4949668,0.4924743,
1,7,19.917,-0.2481757,0.03954824,-0.8850033,0.5084687,-0.5039354,0.4949614,0.4924653,
1,7,19.919,-0.2481757,0.03954824,-0.8850033,0.5084687,-0.5039354,0.4949614,0.4924653,
1,7,19.921,-0.2481757,0.03954824,-0.8850033,0.5084687,-0.5039354,0.4949614,0.4924653,
1,7,19.923,-0.2481757,0.03954824,-0.8850033,0.5084687,-0.5039354,0.4949614,0.4924653,
1,7,19.925,-0.2481755,0.03954009,-0.8849976,0.5084676,-0.5039427,0.4949476,0.4924728,
1,7,19.927,-0.2481755,0.03954009,-0.8849976,0.5084676,-0.5039427,0.4949476,0.4924728,
1,7,19.929,-0.2481755,0.03954009,-0.8849976,0.5084676,-0.5039427,0.4949476,0.4924728,
1,7,19.931,-0.2481755,0.03954009,-0.8849976,0.5084676,-0.5039427,0.4949476,0.4924728,
1,7,19.933,-0.2481741,0.03953815,-0.8849961,0.508467,-0.5039438,0.4949332,0.4924867,
1,7,19.935,-0.2481741,0.03953815,-0.8849961,0.508467,-0.5039438,0.4949332,0.4924867,
1,7,19.937,-0.2481741,0.03953815,-0.8849961,0.508467,-0.5039438,0.4949332,0.4924867,
1,7,19.939,-0.2481741,0.03953815,-0.8849961,0.508467,-0.5039438,0.4949332,0.4924867,
1,7,19.941,-0.2481683,0.03953547,-0.8849978,0.5084878,-0.5039409,0.4949336,0.4924679,
1,7,19.943,-0.2481683,0.03953547,-0.8849978,0.5084878,-0.5039409,0.4949336,0.4924679,
1,7,19.945,-0.2481683,0.03953547,-0.8849978,0.5084878,-0.5039409,0.4949336,0.4924679,
1,7,19.947,-0.2481683,0.03953547,-0.8849978,0.5084878,-0.5039409,0.4949336,0.4924679,
1,7,19.949,-0.2481714,0.03953404,-0.8850086,0.5084792,-0.5039491,0.4949433,0.4924586,
1,7,19.951,-0.2481714,0.03953404,-0.8850086,0.5084792,-0.5039491,0.4949433,0.4924586,
1,7,19.953,-0.2481714,0.03953404,-0.8850086,0.5084792,-0.5039491,0.4949433,0.4924586,
1,7,19.955,-0.2481714,0.03953404,-0.8850086,0.5084792,-0.5039491,0.4949433,0.4924586,
1,7,19.957,-0.2481714,0.03953404,-0.8850086,0.5084792,-0.5039491,0.4949433,0.4924586,
1,7,19.959,-0.2481713,0.03953103,-0.8849996,0.5084713,-0.5039392,0.4949277,0.4924926,
1,7,19.961,-0.2481713,0.03953103,-0.8849996,0.5084713,-0.5039392,0.4949277,0.4924926,
1,7,19.963,-0.2481713,0.03953103,-0.8849996,0.5084713,-0.5039392,0.4949277,0.4924926,
1,7,19.965,-0.2481713,0.03953103,-0.8849996,0.5084713,-0.5039392,0.4949277,0.4924926,
1,7,19.967,-0.2481654,0.03952983,-0.884998,0.5084721,-0.5039426,0.4949164,0.4924995,
1,7,19.969,-0.2481654,0.03952983,-0.884998,0.5084721,-0.5039426,0.4949164,0.4924995,
1,7,19.971,-0.2481654,0.03952983,-0.884998,0.5084721,-0.5039426,0.4949164,0.4924995,
1,7,19.973,-0.2481654,0.03952983,-0.884998,0.5084721,-0.5039426,0.4949164,0.4924995,
1,7,19.975,-0.2481706,0.03954837,-0.884995,0.5084587,-0.503939,0.4949324,0.492501,
1,7,19.977,-0.2481706,0.03954837,-0.884995,0.5084587,-0.503939,0.4949324,0.492501,
1,7,19.979,-0.2481706,0.03954837,-0.884995,0.5084587,-0.503939,0.4949324,0.492501,
1,7,19.981,-0.2481706,0.03954837,-0.884995,0.5084587,-0.503939,0.4949324,0.492501,
1,7,19.983,-0.2481848,0.03954833,-0.8849941,0.5084633,-0.5039509,0.4949389,0.4924776,
1,7,19.985,-0.2481848,0.03954833,-0.8849941,0.5084633,-0.5039509,0.4949389,0.4924776,
1,7,19.987,-0.2481848,0.03954833,-0.8849941,0.5084633,-0.5039509,0.4949389,0.4924776,
1,7,19.989,-0.2481848,0.03954833,-0.8849941,0.5084633,-0.5039509,0.4949389,0.4924776,
1,7,19.991,-0.2481744,0.0395524,-0.8849839,0.5084676,-0.5039375,0.4949466,0.4924791,
1,7,19.993,-0.2481744,0.0395524,-0.8849839,0.5084676,-0.5039375,0.4949466,0.4924791,
1,7,19.995,-0.2481744,0.0395524,-0.8849839,0.5084676,-0.5039375,0.4949466,0.4924791,
1,7,19.997,-0.2481744,0.0395524,-0.8849839,0.5084676,-0.5039375,0.4949466,0.4924791,
1,7,19.999,-0.2481692,0.03955002,-0.884993,0.5084733,-0.5039412,0.4949457,0.4924702,
1,7,20.001,-0.2481692,0.03955002,-0.884993,0.5084733,-0.5039412,0.4949457,0.4924702,
1,7,20.003,-0.2481692,0.03955002,-0.884993,0.5084733,-0.5039412,0.4949457,0.4924702,
1,7,20.005,-0.2481692,0.03955002,-0.884993,0.5084733,-0.5039412,0.4949457,0.4924702,
1,7,20.007,-0.2481692,0.03955002,-0.884993,0.5084733,-0.5039412,0.4949457,0.4924702,
1,7,20.009,-0.2481678,0.03954941,-0.8849908,0.5084649,-0.5039333,0.4949547,0.492478,
1,7,20.011,-0.2481678,0.03954941,-0.8849908,0.5084649,-0.5039333,0.4949547,0.492478,
1,7,20.013,-0.2481678,0.03954941,-0.8849908,0.5084649,-0.5039333,0.4949547,0.492478,
1,7,20.015,-0.2481678,0.03954941,-0.8849908,0.5084649,-0.5039333,0.4949547,0.492478,
1,7,20.017,-0.2481621,0.03955411,-0.884993,0.5084798,-0.5039264,0.4949333,0.4924911,
1,7,20.019,-0.2481621,0.03955411,-0.884993,0.5084798,-0.5039264,0.4949333,0.4924911,
1,7,20.021,-0.2481621,0.03955411,-0.884993,0.5084798,-0.5039264,0.4949333,0.4924911,
1,7,20.023,-0.2481621,0.03955411,-0.884993,0.5084798,-0.5039264,0.4949333,0.4924911,
1,7,20.025,-0.2481689,0.03955646,-0.884987,0.5084742,-0.5039173,0.4949505,0.4924889,
1,7,20.027,-0.2481689,0.03955646,-0.884987,0.5084742,-0.5039173,0.4949505,0.4924889,
1,7,20.029,-0.2481689,0.03955646,-0.884987,0.5084742,-0.5039173,0.4949505,0.4924889,
1,7,20.031,-0.2481689,0.03955646,-0.884987,0.5084742,-0.5039173,0.4949505,0.4924889,
1,7,20.033,-0.2481709,0.03954789,-0.8849918,0.5084665,-0.5039376,0.4949439,0.4924828,
1,7,20.035,-0.2481709,0.03954789,-0.8849918,0.5084665,-0.5039376,0.4949439,0.4924828,
1,7,20.037,-0.2481709,0.03954789,-0.8849918,0.5084665,-0.5039376,0.4949439,0.4924828,
1,7,20.039,-0.2481709,0.03954789,-0.8849918,0.5084665,-0.5039376,0.4949439,0.4924828,
1,7,20.041,-0.2481818,0.03954299,-0.8849958,0.5084566,-0.5039808,0.4949166,0.4924763,
1,7,20.043,-0.2481818,0.03954299,-0.8849958,0.5084566,-0.5039808,0.4949166,0.4924763,
1,7,20.045,-0.2481818,0.03954299,-0.8849958,0.5084566,-0.5039808,0.4949166,0.4924763,
1,7,20.047,-0.2481818,0.03954299,-0.8849958,0.5084566,-0.5039808,0.4949166,0.4924763,
1,7,20.049,-0.2481785,0.03955111,-0.8849982,0.5084462,-0.5039638,0.4949318,0.4924893,
1,7,20.051,-0.2481785,0.03955111,-0.8849982,0.5084462,-0.5039638,0.4949318,0.4924893,
1,7,20.053,-0.2481785,0.03955111,-0.8849982,0.5084462,-0.5039638,0.4949318,0.4924893,
1,7,20.055,-0.2481785,0.03955111,-0.8849982,0.5084462,-0.5039638,0.4949318,0.4924893,
1,7,20.057,-0.2481785,0.03955111,-0.8849982,0.5084462,-0.5039638,0.4949318,0.4924893,
1,7,20.059,-0.2481727,0.03954669,-0.8849856,0.5084532,-0.5039677,0.4949371,0.4924725,
1,7,20.061,-0.2481727,0.03954669,-0.8849856,0.5084532,-0.5039677,0.4949371,0.4924725,
1,7,20.063,-0.2481727,0.03954669,-0.8849856,0.5084532,-0.5039677,0.4949371,0.4924725,
1,7,20.065,-0.2481727,0.03954669,-0.8849856,0.5084532,-0.5039677,0.4949371,0.4924725,
1,7,20.067,-0.2481751,0.0395532,-0.8849958,0.5084615,-0.5039698,0.4949104,0.4924885,
1,7,20.069,-0.2481751,0.0395532,-0.8849958,0.5084615,-0.5039698,0.4949104,0.4924885,
1,7,20.071,-0.2481751,0.0395532,-0.8849958,0.5084615,-0.5039698,0.4949104,0.4924885,
1,7,20.073,-0.2481751,0.0395532,-0.8849958,0.5084615,-0.5039698,0.4949104,0.4924885,
1,7,20.075,-0.2481636,0.03955391,-0.8849958,0.5084805,-0.5039542,0.4949144,0.492481,
1,7,20.077,-0.2481636,0.03955391,-0.8849958,0.5084805,-0.5039542,0.4949144,0.492481,
1,7,20.079,-0.2481636,0.03955391,-0.8849958,0.5084805,-0.5039542,0.4949144,0.492481,
1,7,20.081,-0.2481636,0.03955391,-0.8849958,0.5084805,-0.5039542,0.4949144,0.492481,CourtEnter
1,7,20.083,-0.2481697,0.03954038,-0.8849981,0.5084844,-0.5039693,0.4949044,0.4924716,
1,7,20.085,-0.2481697,0.03954038,-0.8849981,0.5084844,-0.5039693,0.4949044,0.4924716,
1,7,20.087,-0.2481697,0.03954038,-0.8849981,0.5084844,-0.5039693,0.4949044,0.4924716,
1,7,20.089,-0.2481697,0.03954038,-0.8849981,0.5084844,-0.5039693,0.4949044,0.4924716,
1,7,20.091,-0.2481628,0.0395381,-0.8849971,0.5084912,-0.5039449,0.4949213,0.4924727,CourtExit
1,7,20.093,-0.2481628,0.0395381,-0.8849971,0.5084912,-0.5039449,0.4949213,0.4924727,
1,7,20.095,-0.2481628,0.0395381,-0.8849971,0.5084912,-0.5039449,0.4949213,0.4924727,
1,7,20.097,-0.2481628,0.0395381,-0.8849971,0.5084912,-0.5039449,0.4949213,0.4924727,
1,7,20.099,-0.2481643,0.03954294,-0.8849968,0.5084976,-0.5039402,0.4949255,0.4924667,
1,7,20.101,-0.2481643,0.03954294,-0.8849968,0.5084976,-0.5039402,0.4949255,0.4924667,
1,7,20.103,-0.2481643,0.03954294,-0.8849968,0.5084976,-0.5039402,0.4949255,0.4924667,
1,7,20.105,-0.2481643,0.03954294,-0.8849968,0.5084976,-0.5039402,0.4949255,0.4924667,
1,7,20.107,-0.2481643,0.03954294,-0.8849968,0.5084976,-0.5039402,0.4949255,0.4924667,
1,7,20.109,-0.2481674,0.03953542,-0.8849955,0.508478,-0.5039692,0.4949127,0.49247,
1,7,20.111,-0.2481674,0.03953542,-0.8849955,0.508478,-0.5039692,0.4949127,0.49247,
1,7,20.113,-0.2481674,0.03953542,-0.8849955,0.508478,-0.5039692,0.4949127,0.49247,
1,7,20.115,-0.2481674,0.03953542,-0.8849955,0.508478,-0.5039692,0.4949127,0.49247,
1,7,20.117,-0.2481681,0.03954346,-0.8849937,0.5084717,-0.5039541,0.4949267,0.4924779,
1,7,20.119,-0.2481681,0.03954346,-0.8849937,0.5084717,-0.5039541,0.4949267,0.4924779,
1,7,20.121,-0.2481681,0.03954346,-0.8849937,0.5084717,-0.5039541,0.4949267,0.4924779,
1,7,20.123,-0.2481681,0.03954346,-0.8849937,0.5084717,-0.5039541,0.4949267,0.4924779,
1,7,20.125,-0.2481689,0.03954371,-0.8849862,0.5084795,-0.5039414,0.4949317,0.4924778,
1,7,20.127,-0.2481689,0.03954371,-0.8849862,0.5084795,-0.5039414,0.4949317,0.4924778,
1,7,20.129,-0.2481689,0.03954371,-0.8849862,0.5084795,-0.5039414,0.4949317,0.4924778,
1,7,20.131,-0.2481689,0.03954371,-0.8849862,0.5084795,-0.5039414,0.4949317,0.4924778,
1,7,20.133,-0.248179,0.03954617,-0.8849921,0.5084642,-0.5039566,0.4949365,0.4924732,
1,7,20.135,-0.248179,0.03954617,-0.8849921,0.5084642,-0.5039566,0.4949365,0.4924732,
1,7,20.137,-0.248179,0.03954617,-0.8849921,0.5084642,-0.5039566,0.4949365,0.4924732,
1,7,20.139,-0.248179,0.03954617,-0.8849921,0.5084642,-0.5039566,0.4949365,0.4924732,
1,7,20.141,-0.248174,0.03954593,-0.8849957,0.5084563,-0.503955,0.4949342,0.4924854,
1,7,20.143,-0.248174,0.03954593,-0.8849957,0.5084563,-0.503955,0.4949342,0.4924854,
1,7,20.145,-0.248174,0.03954593,-0.8849957,0.5084563,-0.503955,0.4949342,0.4924854,
1,7,20.147,-0.248174,0.03954593,-0.8849957,0.5084563,-0.503955,0.4949342,0.4924854,
1,7,20.149,-0.2481861,0.0395297,-0.8850096,0.5084516,-0.5039834,0.4948818,0.4925139,
1,7,20.151,-0.2481861,0.0395297,-0.8850096,0.5084516,-0.5039834,0.4948818,0.4925139,
1,7,20.153,-0.2481861,0.0395297,-0.8850096,0.5084516,-0.5039834,0.4948818,0.4925139,
1,7,20.155,-0.2481861,0.0395297,-0.8850096,0.5084516,-0.5039834,0.4948818,0.4925139,
1,7,20.157,-0.2481861,0.0395297,-0.8850096,0.5084516,-0.5039834,0.4948818,0.4925139,
1,7,20.159,-0.2481824,0.03953698,-0.8849995,0.5084539,-0.5039759,0.4949115,0.4924892,
1,7,20.161,-0.2481824,0.03953698,-0.8849995,0.5084539,-0.5039759,0.4949115,0.4924892,
1,7,20.163,-0.2481824,0.03953698,-0.8849995,0.5084539,-0.5039759,0.4949115,0.4924892,
1,7,20.165,-0.2481824,0.03953698,-0.8849995,0.5084539,-0.5039759,0.4949115,0.4924892,
1,7,20.167,-0.248171,0.03954917,-0.8849959,0.5084669,-0.5039576,0.4949337,0.4924722,
1,7,20.169,-0.248171,0.03954917,-0.8849959,0.5084669,-0.5039576,0.4949337,0.4924722,
1,7,20.171,-0.248171,0.03954917,-0.8849959,0.5084669,-0.5039576,0.4949337,0.4924722,
1,7,20.173,-0.248171,0.03954917,-0.8849959,0.5084669,-0.5039576,0.4949337,0.4924722,
1,7,20.175,-0.2481688,0.03955087,-0.8849953,0.5084733,-0.5039467,0.4949424,0.492468,
1,7,20.177,-0.2481688,0.03955087,-0.8849953,0.5084733,-0.5039467,0.4949424,0.492468,
1,7,20.179,-0.2481688,0.03955087,-0.8849953,0.5084733,-0.5039467,0.4949424,0.492468,
1,7,20.181,-0.2481688,0.03955087,-0.8849953,0.5084733,-0.5039467,0.4949424,0.492468,
1,7,20.183,-0.2481734,0.03954248,-0.8849882,0.5084676,-0.5039649,0.4949274,0.4924704,
1,7,20.185,-0.2481734,0.03954248,-0.8849882,0.5084676,-0.5039649,0.4949274,0.4924704,
1,7,20.187,-0.2481734,0.03954248,-0.8849882,0.5084676,-0.5039649,0.4949274,0.4924704,
1,7,20.189,-0.2481734,0.03954248,-0.8849882,0.5084676,-0.5039649,0.4949274,0.4924704,
1,7,20.191,-0.2481665,0.03954774,-0.8849818,0.5084766,-0.5039586,0.4949368,0.492458,
1,7,20.193,-0.2481665,0.03954774,-0.8849818,0.5084766,-0.5039586,0.4949368,0.492458,
1,7,20.195,-0.2481665,0.03954774,-0.8849818,0.5084766,-0.5039586,0.4949368,0.492458,
1,7,20.197,-0.2481665,0.03954774,-0.8849818,0.5084766,-0.5039586,0.4949368,0.492458,
1,7,20.199,-0.2481691,0.03953533,-0.884994,0.5084683,-0.5039803,0.4949315,0.4924496,
1,7,20.201,-0.2481691,0.03953533,-0.884994,0.5084683,-0.5039803,0.4949315,0.4924496,
1,7,20.203,-0.2481691,0.03953533,-0.884994,0.5084683,-0.5039803,0.4949315,0.4924496,
1,7,20.205,-0.2481691,0.03953533,-0.884994,0.5084683,-0.5039803,0.4949315,0.4924496,
1,7,20.207,-0.2481691,0.03953533,-0.884994,0.5084683,-0.5039803,0.4949315,0.4924496,
1,7,20.209,-0.2481698,0.03954091,-0.884998,0.5084797,-0.5039751,0.4949405,0.4924344,
1,7,20.211,-0.2481698,0.03954091,-0.884998,0.5084797,-0.5039751,0.4949405,0.4924344,
1,7,20.213,-0.2481698,0.03954091,-0.884998,0.5084797,-0.5039751,0.4949405,0.4924344,
1,7,20.215,-0.2481698,0.03954091,-0.884998,0.5084797,-0.5039751,0.4949405,0.4924344,
1,7,20.217,-0.2481848,0.03954125,-0.8849859,0.5084756,-0.5039975,0.4949186,0.4924375,
1,7,20.219,-0.2481848,0.03954125,-0.8849859,0.5084756,-0.5039975,0.4949186,0.4924375,
1,7,20.221,-0.2481848,0.03954125,-0.8849859,0.5084756,-0.5039975,0.4949186,0.4924375,
1,7,20.223,-0.2481848,0.03954125,-0.8849859,0.5084756,-0.5039975,0.4949186,0.4924375,
1,7,20.225,-0.2481749,0.03954699,-0.8849933,0.5084556,-0.5039799,0.4949379,0.4924569,
1,7,20.227,-0.2481749,0.03954699,-0.8849933,0.5084556,-0.5039799,0.4949379,0.4924569,
1,7,20.229,-0.2481749,0.03954699,-0.8849933,0.5084556,-0.5039799,0.4949379,0.4924569,
1,7,20.231,-0.2481749,0.03954699,-0.8849933,0.5084556,-0.5039799,0.4949379,0.4924569,
1,7,20.233,-0.2481698,0.03952976,-0.8849831,0.5084738,-0.5039873,0.4949145,0.4924541,
1,7,20.235,-0.2481698,0.03952976,-0.8849831,0.5084738,-0.5039873,0.4949145,0.4924541,
1,7,20.237,-0.2481698,0.03952976,-0.8849831,0.5084738,-0.5039873,0.4949145,0.4924541,
1,7,20.239,-0.2481698,0.03952976,-0.8849831,0.5084738,-0.5039873,0.4949145,0.4924541,
1,7,20.241,-0.2481765,0.03952988,-0.8849819,0.5084786,-0.5039941,0.4949073,0.4924493,
1,7,20.243,-0.2481765,0.03952988,-0.8849819,0.5084786,-0.5039941,0.4949073,0.4924493,
1,7,20.245,-0.2481765,0.03952988,-0.8849819,0.5084786,-0.5039941,0.4949073,0.4924493,
1,7,20.247,-0.2481765,0.03952988,-0.8849819,0.5084786,-0.5039941,0.4949073,0.4924493,
1,7,20.249,-0.2481775,0.0395376,-0.8849819,0.5084702,-0.5039864,0.4949223,0.4924507,
1,7,20.251,-0.2481775,0.0395376,-0.8849819,0.5084702,-0.5039864,0.4949223,0.4924507,
1,7,20.253,-0.2481775,0.0395376,-0.8849819,0.5084702,-0.5039864,0.4949223,0.4924507,
1,7,20.255,-0.2481775,0.0395376,-0.8849819,0.5084702,-0.5039864,0.4949223,0.4924507,
1,7,20.257,-0.2481775,0.0395376,-0.8849819,0.5084702,-0.5039864,0.4949223,0.4924507,
1,7,20.259,-0.248177,0.03954173,-0.8849888,0.5084645,-0.50397,0.4949276,0.4924681,
1,7,20.261,-0.248177,0.03954173,-0.8849888,0.5084645,-0.50397,0.4949276,0.4924681,
1,7,20.263,-0.248177,0.03954173,-0.8849888,0.5084645,-0.50397,0.4949276,0.4924681,
1,7,20.265,-0.248177,0.03954173,-0.8849888,0.5084645,-0.50397,0.4949276,0.4924681,
1,7,20.267,-0.2481836,0.03954618,-0.88498,0.5084667,-0.5039597,0.4949468,0.492457,
1,7,20.269,-0.2481836,0.03954618,-0.88498,0.5084667,-0.5039597,0.4949468,0.492457,
1,7,20.271,-0.2481836,0.03954618,-0.88498,0.5084667,-0.5039597,0.4949468,0.492457,
1,7,20.273,-0.2481836,0.03954618,-0.88498,0.5084667,-0.5039597,0.4949468,0.492457,
1,7,20.275,-0.2481834,0.03955854,-0.8849898,0.508464,-0.5039712,0.4949333,0.4924617,
1,7,20.277,-0.2481834,0.03955854,-0.8849898,0.508464,-0.5039712,0.4949333,0.4924617,
1,7,20.279,-0.2481834,0.03955854,-0.8849898,0.508464,-0.5039712,0.4949333,0.4924617,
1,7,20.281,-0.2481834,0.03955854,-0.8849898,0.508464,-0.5039712,0.4949333,0.4924617,
1,7,20.283,-0.2481778,0.03955039,-0.8849812,0.5084756,-0.5039637,0.4949298,0.492461,
1,7,20.285,-0.2481778,0.03955039,-0.8849812,0.5084756,-0.5039637,0.4949298,0.492461,
1,7,20.287,-0.2481778,0.03955039,-0.8849812,0.5084756,-0.5039637,0.4949298,0.492461,
1,7,20.289,-0.2481778,0.03955039,-0.8849812,0.5084756,-0.5039637,0.4949298,0.492461,
1,7,20.291,-0.2481769,0.0395465,-0.8849787,0.5084831,-0.5039688,0.4949282,0.4924495,
1,7,20.293,-0.2481769,0.0395465,-0.8849787,0.5084831,-0.5039688,0.4949282,0.4924495,
1,7,20.295,-0.2481769,0.0395465,-0.8849787,0.5084831,-0.5039688,0.4949282,0.4924495,
1,7,20.297,-0.2481769,0.0395465,-0.8849787,0.5084831,-0.5039688,0.4949282,0.4924495,
1,7,20.299,-0.2481706,0.03954551,-0.8849874,0.5084642,-0.5039584,0.4949424,0.4924654,
1,7,20.301,-0.2481706,0.03954551,-0.8849874,0.5084642,-0.5039584,0.4949424,0.4924654,
1,7,20.303,-0.2481706,0.03954551,-0.8849874,0.5084642,-0.5039584,0.4949424,0.4924654,
1,7,20.305,-0.2481706,0.03954551,-0.8849874,0.5084642,-0.5039584,0.4949424,0.4924654,
1,7,20.307,-0.2481706,0.03954551,-0.8849874,0.5084642,-0.5039584,0.4949424,0.4924654,
1,7,20.309,-0.2481681,0.03953921,-0.8849798,0.5084856,-0.5039628,0.4949278,0.4924534,
1,7,20.311,-0.2481681,0.03953921,-0.8849798,0.5084856,-0.5039628,0.4949278,0.4924534,
1,7,20.313,-0.2481681,0.03953921,-0.8849798,0.5084856,-0.5039628,0.4949278,0.4924534,
1,7,20.315,-0.2481681,0.03953921,-0.8849798,0.5084856,-0.5039628,0.4949278,0.4924534,
1,7,20.317,-0.2481724,0.03955085,-0.8849881,0.5084823,-0.5039557,0.494936,0.4924558,
1,7,20.319,-0.2481724,0.03955085,-0.8849881,0.5084823,-0.5039557,0.494936,0.4924558,
1,7,20.321,-0.2481724,0.03955085,-0.8849881,0.5084823,-0.5039557,0.494936,0.4924558,
1,7,20.323,-0.2481724,0.03955085,-0.8849881,0.5084823,-0.5039557,0.494936,0.4924558,
1,7,20.325,-0.2481798,0.03955262,-0.8849977,0.5084648,-0.5039503,0.4949335,0.4924822,
1,7,20.327,-0.2481798,0.03955262,-0.8849977,0.5084648,-0.5039503,0.4949335,0.4924822,
1,7,20.329,-0.2481798,0.03955262,-0.8849977,0.5084648,-0.5039503,0.4949335,0.4924822,
1,7,20.331,-0.2481798,0.03955262,-0.8849977,0.5084648,-0.5039503,0.4949335,0.4924822,
1,7,20.333,-0.2481708,0.0395495,-0.8849952,0.5084853,-0.5039304,0.4949527,0.4924618,
1,7,20.335,-0.2481708,0.0395495,-0.8849952,0.5084853,-0.5039304,0.4949527,0.4924618,
1,7,20.337,-0.2481708,0.0395495,-0.8849952,0.5084853,-0.5039304,0.4949527,0.4924618,
1,7,20.339,-0.2481708,0.0395495,-0.8849952,0.5084853,-0.5039304,0.4949527,0.4924618,
1,7,20.341,-0.2481759,0.03954784,-0.8849938,0.5084801,-0.5039477,0.4949416,0.4924607,
1,7,20.343,-0.2481759,0.03954784,-0.8849938,0.5084801,-0.5039477,0.4949416,0.4924607,
1,7,20.345,-0.2481759,0.03954784,-0.8849938,0.5084801,-0.5039477,0.4949416,0.4924607,
1,7,20.347,-0.2481759,0.03954784,-0.8849938,0.5084801,-0.5039477,0.4949416,0.4924607,
1,7,20.349,-0.2481858,0.03953817,-0.8849921,0.5084783,-0.5039794,0.4949096,0.4924622,
1,7,20.351,-0.2481858,0.03953817,-0.8849921,0.5084783,-0.5039794,0.4949096,0.4924622,
1,7,20.353,-0.2481858,0.03953817,-0.8849921,0.5084783,-0.5039794,0.4949096,0.4924622,
1,7,20.355,-0.2481858,0.03953817,-0.8849921,0.5084783,-0.5039794,0.4949096,0.4924622,
1,7,20.357,-0.2481858,0.03953817,-0.8849921,0.5084783,-0.5039794,0.4949096,0.4924622,
1,7,20.359,-0.2481794,0.03954909,-0.8849982,0.5084651,-0.503979,0.4949219,0.492464,
1,7,20.361,-0.2481794,0.03954909,-0.8849982,0.5084651,-0.503979,0.4949219,0.492464,
1,7,20.363,-0.2481794,0.03954909,-0.8849982,0.5084651,-0.503979,0.4949219,0.492464,
1,7,20.365,-0.2481794,0.03954909,-0.8849982,0.5084651,-0.503979,0.4949219,0.492464,
1,7,20.367,-0.2481759,0.03954603,-0.8850022,0.5084684,-0.5039702,0.4949244,0.492467,
1,7,20.369,-0.2481759,0.03954603,-0.8850022,0.5084684,-0.5039702,0.4949244,0.492467,
1,7,20.371,-0.2481759,0.03954603,-0.8850022,0.5084684,-0.5039702,0.4949244,0.492467,
1,7,20.373,-0.2481759,0.03954603,-0.8850022,0.5084684,-0.5039702,0.4949244,0.492467,
1,7,20.375,-0.2481779,0.03954361,-0.8849859,0.5084694,-0.5039754,0.4949212,0.4924639,
1,7,20.377,-0.2481779,0.03954361,-0.8849859,0.5084694,-0.5039754,0.4949212,0.4924639,
1,7,20.379,-0.2481779,0.03954361,-0.8849859,0.5084694,-0.5039754,0.4949212,0.4924639,
1,7,20.381,-0.2481779,0.03954361,-0.8849859,0.5084694,-0.5039754,0.4949212,0.4924639,
1,7,20.383,-0.2481855,0.03954569,-0.8849889,0.5084728,-0.5039855,0.4949248,0.4924464,
1,7,20.385,-0.2481855,0.03954569,-0.8849889,0.5084728,-0.5039855,0.4949248,0.4924464,
1,7,20.387,-0.2481855,0.03954569,-0.8849889,0.5084728,-0.5039855,0.4949248,0.4924464,
1,7,20.389,-0.2481855,0.03954569,-0.8849889,0.5084728,-0.5039855,0.4949248,0.4924464,
1,7,20.391,-0.2481825,0.03956354,-0.8849735,0.5084549,-0.5039663,0.4949515,0.4924578,
1,7,20.393,-0.2481825,0.03956354,-0.8849735,0.5084549,-0.5039663,0.4949515,0.4924578,
1,7,20.395,-0.2481825,0.03956354,-0.8849735,0.5084549,-0.5039663,0.4949515,0.4924578,
1,7,20.397,-0.2481825,0.03956354,-0.8849735,0.5084549,-0.5039663,0.4949515,0.4924578,
1,7,20.399,-0.2481804,0.03956018,-0.8849789,0.5084644,-0.5039624,0.4949481,0.4924554,
1,7,20.401,-0.2481804,0.03956018,-0.8849789,0.5084644,-0.5039624,0.4949481,0.4924554,
1,7,20.403,-0.2481804,0.03956018,-0.8849789,0.5084644,-0.5039624,0.4949481,0.4924554,
1,7,20.405,-0.2481804,0.03956018,-0.8849789,0.5084644,-0.5039624,0.4949481,0.4924554,
1,7,20.407,-0.2481804,0.03956018,-0.8849789,0.5084644,-0.5039624,0.4949481,0.4924554,
1,7,20.409,-0.2481707,0.0395534,-0.8849819,0.5084768,-0.5039782,0.4949122,0.4924626,
1,7,20.411,-0.2481707,0.0395534,-0.8849819,0.5084768,-0.5039782,0.4949122,0.4924626,
1,7,20.413,-0.2481707,0.0395534,-0.8849819,0.5084768,-0.5039782,0.4949122,0.4924626,
1,7,20.415,-0.2481707,0.0395534,-0.8849819,0.5084768,-0.5039782,0.4949122,0.4924626,
1,7,20.417,-0.248176,0.03955187,-0.8849776,0.5084632,-0.5039885,0.4949108,0.4924673,
1,7,20.419,-0.248176,0.03955187,-0.8849776,0.5084632,-0.5039885,0.4949108,0.4924673,
1,7,20.421,-0.248176,0.03955187,-0.8849776,0.5084632,-0.5039885,0.4949108,0.4924673,
1,7,20.423,-0.248176,0.03955187,-0.8849776,0.5084632,-0.5039885,0.4949108,0.4924673,
1,7,20.425,-0.2481825,0.03954734,-0.8849729,0.5084615,-0.5039808,0.4949208,0.4924669,
1,7,20.427,-0.2481825,0.03954734,-0.8849729,0.5084615,-0.5039808,0.4949208,0.4924669,
1,7,20.429,-0.2481825,0.03954734,-0.8849729,0.5084615,-0.5039808,0.4949208,0.4924669,
1,7,20.431,-0.2481825,0.03954734,-0.8849729,0.5084615,-0.5039808,0.4949208,0.4924669,
1,7,20.433,-0.2481728,0.03953765,-0.8849756,0.5084798,-0.5039788,0.4949111,0.4924598,
1,7,20.435,-0.2481728,0.03953765,-0.8849756,0.5084798,-0.5039788,0.4949111,0.4924598,
1,7,20.437,-0.2481728,0.03953765,-0.8849756,0.5084798,-0.5039788,0.4949111,0.4924598,
1,7,20.439,-0.2481728,0.03953765,-0.8849756,0.5084798,-0.5039788,0.4949111,0.4924598,
1,7,20.441,-0.2481718,0.03953079,-0.884981,0.508495,-0.5039849,0.4949079,0.4924411,
1,7,20.443,-0.2481718,0.03953079,-0.884981,0.508495,-0.5039849,0.4949079,0.4924411,
1,7,20.445,-0.2481718,0.03953079,-0.884981,0.508495,-0.5039849,0.4949079,0.4924411,
1,7,20.447,-0.2481718,0.03953079,-0.884981,0.508495,-0.5039849,0.4949079,0.4924411,
1,7,20.449,-0.2481841,0.03953462,-0.8849798,0.5085015,-0.5039724,0.4949136,0.4924415,
1,7,20.451,-0.2481841,0.03953462,-0.8849798,0.5085015,-0.5039724,0.4949136,0.4924415,
1,7,20.453,-0.2481841,0.03953462,-0.8849798,0.5085015,-0.5039724,0.4949136,0.4924415,
1,7,20.455,-0.2481841,0.03953462,-0.8849798,0.5085015,-0.5039724,0.4949136,0.4924415,
1,7,20.457,-0.2481841,0.03953462,-0.8849798,0.5085015,-0.5039724,0.4949136,0.4924415,
1,7,20.459,-0.2481861,0.0395437,-0.8849761,0.5084829,-0.5039835,0.4949187,0.4924441,
1,7,20.461,-0.2481861,0.0395437,-0.8849761,0.5084829,-0.5039835,0.4949187,0.4924441,
1,7,20.463,-0.2481861,0.0395437,-0.8849761,0.5084829,-0.5039835,0.4949187,0.4924441,
1,7,20.465,-0.2481861,0.0395437,-0.8849761,0.5084829,-0.5039835,0.4949187,0.4924441,
1,7,20.467,-0.2481914,0.03953454,-0.8849819,0.5084816,-0.5039815,0.4949176,0.4924488,
1,7,20.469,-0.2481914,0.03953454,-0.8849819,0.5084816,-0.5039815,0.4949176,0.4924488,
1,7,20.471,-0.2481914,0.03953454,-0.8849819,0.5084816,-0.5039815,0.4949176,0.4924488,
1,7,20.473,-0.2481914,0.03953454,-0.8849819,0.5084816,-0.5039815,0.4949176,0.4924488,
1,7,20.475,-0.2481909,0.03954376,-0.8849855,0.5084673,-0.503986,0.4949042,0.4924721,
1,7,20.477,-0.2481909,0.03954376,-0.8849855,0.5084673,-0.503986,0.4949042,0.4924721,
1,7,20.479,-0.2481909,0.03954376,-0.8849855,0.5084673,-0.503986,0.4949042,0.4924721,
1,7,20.481,-0.2481909,0.03954376,-0.8849855,0.5084673,-0.503986,0.4949042,0.4924721,
1,7,20.483,-0.2481789,0.03954443,-0.8849838,0.5084882,-0.5039629,0.4949239,0.4924545,
1,7,20.485,-0.2481789,0.03954443,-0.8849838,0.5084882,-0.5039629,0.4949239,0.4924545,
1,7,20.487,-0.2481789,0.03954443,-0.8849838,0.5084882,-0.5039629,0.4949239,0.4924545,
1,7,20.489,-0.2481789,0.03954443,-0.8849838,0.5084882,-0.5039629,0.4949239,0.4924545,
1,7,20.491,-0.2481829,0.03955114,-0.8849787,0.5084825,-0.5039647,0.4949257,0.4924569,
1,7,20.493,-0.2481829,0.03955114,-0.8849787,0.5084825,-0.5039647,0.4949257,0.4924569,
1,7,20.495,-0.2481829,0.03955114,-0.8849787,0.5084825,-0.5039647,0.4949257,0.4924569,
1,7,20.497,-0.2481829,0.03955114,-0.8849787,0.5084825,-0.5039647,0.4949257,0.4924569,
1,7,20.499,-0.2481899,0.03954375,-0.8849818,0.5084821,-0.5039617,0.4949277,0.4924582,
1,7,20.501,-0.2481899,0.03954375,-0.8849818,0.5084821,-0.5039617,0.4949277,0.4924582,
1,7,20.503,-0.2481899,0.03954375,-0.8849818,0.5084821,-0.5039617,0.4949277,0.4924582,
1,7,20.505,-0.2481899,0.03954375,-0.8849818,0.5084821,-0.5039617,0.4949277,0.4924582,
1,7,20.507,-0.2481899,0.03954375,-0.8849818,0.5084821,-0.5039617,0.4949277,0.4924582,
1,7,20.509,-0.2481799,0.03954288,-0.8849884,0.508487,-0.5039456,0.4949462,0.4924512,
1,7,20.511,-0.2481799,0.03954288,-0.8849884,0.508487,-0.5039456,0.4949462,0.4924512,
1,7,20.513,-0.2481799,0.03954288,-0.8849884,0.508487,-0.5039456,0.4949462,0.4924512,
1,7,20.515,-0.2481799,0.03954288,-0.8849884,0.508487,-0.5039456,0.4949462,0.4924512,
1,7,20.517,-0.2481843,0.03954073,-0.88499,0.5084882,-0.5039645,0.4949276,0.4924493,
1,7,20.519,-0.2481843,0.03954073,-0.88499,0.5084882,-0.5039645,0.4949276,0.4924493,
1,7,20.521,-0.2481843,0.03954073,-0.88499,0.5084882,-0.5039645,0.4949276,0.4924493,
1,7,20.523,-0.2481843,0.03954073,-0.88499,0.5084882,-0.5039645,0.4949276,0.4924493,
1,7,20.525,-0.2481823,0.03955304,-0.8849874,0.508466,-0.5039533,0.4949488,0.4924622,
1,7,20.527,-0.2481823,0.03955304,-0.8849874,0.508466,-0.5039533,0.4949488,0.4924622,
1,7,20.529,-0.2481823,0.03955304,-0.8849874,0.508466,-0.5039533,0.4949488,0.4924622,
1,7,20.531,-0.2481823,0.03955304,-0.8849874,0.508466,-0.5039533,0.4949488,0.4924622,
1,7,20.533,-0.2481734,0.039555,-0.884985,0.5084716,-0.5039532,0.4949397,0.4924657,
1,7,20.535,-0.2481734,0.039555,-0.884985,0.5084716,-0.5039532,0.4949397,0.4924657,
1,7,20.537,-0.2481734,0.039555,-0.884985,0.5084716,-0.5039532,0.4949397,0.4924657,
1,7,20.539,-0.2481734,0.039555,-0.884985,0.5084716,-0.5039532,0.4949397,0.4924657,
1,7,20.541,-0.2481826,0.03955614,-0.8849855,0.5084766,-0.503957,0.4949352,0.4924613,
1,7,20.543,-0.2481826,0.03955614,-0.8849855,0.5084766,-0.503957,0.4949352,0.4924613,
1,7,20.545,-0.2481826,0.03955614,-0.8849855,0.5084766,-0.503957,0.4949352,0.4924613,
1,7,20.547,-0.2481826,0.03955614,-0.8849855,0.5084766,-0.503957,0.4949352,0.4924613,
1,7,20.549,-0.2481823,0.03954718,-0.8849869,0.5084661,-0.5039779,0.4949234,0.4924627,
1,7,20.551,-0.2481823,0.03954718,-0.8849869,0.5084661,-0.5039779,0.4949234,0.4924627,
1,7,20.553,-0.2481823,0.03954718,-0.8849869,0.5084661,-0.5039779,0.4949234,0.4924627,
1,7,20.555,-0.2481823,0.03954718,-0.8849869,0.5084661,-0.5039779,0.4949234,0.4924627,
1,7,20.557,-0.2481823,0.03954718,-0.8849869,0.5084661,-0.5039779,0.4949234,0.4924627,
1,7,20.559,-0.2481804,0.03954455,-0.8849874,0.5084646,-0.5039837,0.4949093,0.4924725,
1,7,20.561,-0.2481804,0.03954455,-0.8849874,0.5084646,-0.5039837,0.4949093,0.4924725,
1,7,20.563,-0.2481804,0.03954455,-0.8849874,0.5084646,-0.5039837,0.4949093,0.4924725,
1,7,20.565,-0.2481804,0.03954455,-0.8849874,0.5084646,-0.5039837,0.4949093,0.4924725,
1,7,20.567,-0.2481903,0.03954357,-0.8849883,0.508464,-0.5039808,0.4949093,0.492476,
1,7,20.569,-0.2481903,0.03954357,-0.8849883,0.508464,-0.5039808,0.4949093,0.492476,
1,7,20.571,-0.2481903,0.03954357,-0.8849883,0.508464,-0.5039808,0.4949093,0.492476,
1,7,20.573,-0.2481903,0.03954357,-0.8849883,0.508464,-0.5039808,0.4949093,0.492476,
1,7,20.575,-0.24818,0.03954293,-0.884992,0.5084798,-0.5039476,0.4949371,0.4924659,
1,7,20.577,-0.24818,0.03954293,-0.884992,0.5084798,-0.5039476,0.4949371,0.4924659,
1,7,20.579,-0.24818,0.03954293,-0.884992,0.5084798,-0.5039476,0.4949371,0.4924659,
1,7,20.581,-0.24818,0.03954293,-0.884992,0.5084798,-0.5039476,0.4949371,0.4924659,
1,7,20.583,-0.2481781,0.03954863,-0.8849888,0.5084733,-0.5039451,0.4949369,0.4924751,
1,7,20.585,-0.2481781,0.03954863,-0.8849888,0.5084733,-0.5039451,0.4949369,0.4924751,
1,7,20.587,-0.2481781,0.03954863,-0.8849888,0.5084733,-0.5039451,0.4949369,0.4924751,
1,7,20.589,-0.2481781,0.03954863,-0.8849888,0.5084733,-0.5039451,0.4949369,0.4924751,
1,7,20.591,-0.2481782,0.03954326,-0.8849961,0.5084901,-0.503949,0.4949249,0.4924659,
1,7,20.593,-0.2481782,0.03954326,-0.8849961,0.5084901,-0.503949,0.4949249,0.4924659,
1,7,20.595,-0.2481782,0.03954326,-0.8849961,0.5084901,-0.503949,0.4949249,0.4924659,
1,7,20.597,-0.2481782,0.03954326,-0.8849961,0.5084901,-0.503949,0.4949249,0.4924659,
1,7,20.599,-0.2481753,0.03954608,-0.8849942,0.5084924,-0.5039429,0.4949158,0.492479,
1,7,20.601,-0.2481753,0.03954608,-0.8849942,0.5084924,-0.5039429,0.4949158,0.492479,
1,7,20.603,-0.2481753,0.03954608,-0.8849942,0.5084924,-0.5039429,0.4949158,0.492479,
1,7,20.605,-0.2481753,0.03954608,-0.8849942,0.5084924,-0.5039429,0.4949158,0.492479,
1,7,20.607,-0.2481753,0.03954608,-0.8849942,0.5084924,-0.5039429,0.4949158,0.492479,
1,7,20.609,-0.2481811,0.0395426,-0.8849896,0.5084964,-0.5039409,0.4949275,0.4924651,
1,7,20.611,-0.2481811,0.0395426,-0.8849896,0.5084964,-0.5039409,0.4949275,0.4924651,
1,7,20.613,-0.2481811,0.0395426,-0.8849896,0.5084964,-0.5039409,0.4949275,0.4924651,
1,7,20.615,-0.2481811,0.0395426,-0.8849896,0.5084964,-0.5039409,0.4949275,0.4924651,
1,7,20.617,-0.2481802,0.03953724,-0.8849937,0.5085008,-0.503957,0.4949085,0.492463,
1,7,20.619,-0.2481802,0.03953724,-0.8849937,0.5085008,-0.503957,0.4949085,0.492463,
1,7,20.621,-0.2481802,0.03953724,-0.8849937,0.5085008,-0.503957,0.4949085,0.492463,
1,7,20.623,-0.2481802,0.03953724,-0.8849937,0.5085008,-0.503957,0.4949085,0.492463,
1,7,20.625,-0.2481775,0.03953148,-0.884988,0.5085045,-0.503955,0.4949158,0.4924542,
1,7,20.627,-0.2481775,0.03953148,-0.884988,0.5085045,-0.503955,0.4949158,0.4924542,
1,7,20.629,-0.2481775,0.03953148,-0.884988,0.5085045,-0.503955,0.4949158,0.4924542,
1,7,20.631,-0.2481775,0.03953148,-0.884988,0.5085045,-0.503955,0.4949158,0.4924542,
1,7,20.633,-0.2481764,0.03952736,-0.8849885,0.5084991,-0.5039601,0.4949175,0.4924527,
1,7,20.635,-0.2481764,0.03952736,-0.8849885,0.5084991,-0.5039601,0.4949175,0.4924527,
1,7,20.637,-0.2481764,0.03952736,-0.8849885,0.5084991,-0.5039601,0.4949175,0.4924527,
1,7,20.639,-0.2481764,0.03952736,-0.8849885,0.5084991,-0.5039601,0.4949175,0.4924527,
1,7,20.641,-0.2481766,0.03952429,-0.8849891,0.5084983,-0.5039465,0.4949219,0.492463,
1,7,20.643,-0.2481766,0.03952429,-0.8849891,0.5084983,-0.5039465,0.4949219,0.492463,
1,7,20.645,-0.2481766,0.03952429,-0.8849891,0.5084983,-0.5039465,0.4949219,0.492463,
1,7,20.647,-0.2481766,0.03952429,-0.8849891,0.5084983,-0.5039465,0.4949219,0.492463,
1,7,20.649,-0.248177,0.03954096,-0.8849953,0.5084802,-0.5039656,0.4949039,0.4924802,
1,7,20.651,-0.248177,0.03954096,-0.8849953,0.5084802,-0.5039656,0.4949039,0.4924802,
1,7,20.653,-0.248177,0.03954096,-0.8849953,0.5084802,-0.5039656,0.4949039,0.4924802,
1,7,20.655,-0.248177,0.03954096,-0.8849953,0.5084802,-0.5039656,0.4949039,0.4924802,
1,7,20.657,-0.248177,0.03954096,-0.8849953,0.5084802,-0.5039656,0.4949039,0.4924802,
1,7,20.659,-0.2481876,0.03953762,-0.884991,0.5084907,-0.5039717,0.4949046,0.4924625,
1,7,20.661,-0.2481876,0.03953762,-0.884991,0.5084907,-0.5039717,0.4949046,0.4924625,
1,7,20.663,-0.2481876,0.03953762,-0.884991,0.5084907,-0.5039717,0.4949046,0.4924625,
1,7,20.665,-0.2481876,0.03953762,-0.884991,0.5084907,-0.5039717,0.4949046,0.4924625,
1,7,20.667,-0.248174,0.03953679,-0.8849858,0.5085076,-0.5039577,0.4949149,0.4924489,
1,7,20.669,-0.248174,0.03953679,-0.8849858,0.5085076,-0.5039577,0.4949149,0.4924489,
1,7,20.671,-0.248174,0.03953679,-0.8849858,0.5085076,-0.5039577,0.4949149,0.4924489,
1,7,20.673,-0.248174,0.03953679,-0.8849858,0.5085076,-0.5039577,0.4949149,0.4924489,
1,7,20.675,-0.248184,0.03952934,-0.8849826,0.5085005,-0.5039615,0.4949204,0.4924469,
1,7,20.677,-0.248184,0.03952934,-0.8849826,0.5085005,-0.5039615,0.4949204,0.4924469,
1,7,20.679,-0.248184,0.03952934,-0.8849826,0.5085005,-0.5039615,0.4949204,0.4924469,
1,7,20.681,-0.248184,0.03952934,-0.8849826,0.5085005,-0.5039615,0.4949204,0.4924469,
1,7,20.683,-0.2481835,0.03952911,-0.8849893,0.5084894,-0.5039745,0.4949007,0.4924648,
1,7,20.685,-0.2481835,0.03952911,-0.8849893,0.5084894,-0.5039745,0.4949007,0.4924648,
1,7,20.687,-0.2481835,0.03952911,-0.8849893,0.5084894,-0.5039745,0.4949007,0.4924648,
1,7,20.689,-0.2481835,0.03952911,-0.8849893,0.5084894,-0.5039745,0.4949007,0.4924648,
1,7,20.691,-0.2481776,0.03954511,-0.8849897,0.5084891,-0.5039401,0.4949364,0.4924643,
1,7,20.693,-0.2481776,0.03954511,-0.8849897,0.5084891,-0.5039401,0.4949364,0.4924643,
1,7,20.695,-0.2481776,0.03954511,-0.8849897,0.5084891,-0.5039401,0.4949364,0.4924643,
1,7,20.697,-0.2481776,0.03954511,-0.8849897,0.5084891,-0.5039401,0.4949364,0.4924643,
1,7,20.699,-0.2481753,0.03954768,-0.8849931,0.5085014,-0.5039398,0.4949422,0.4924463,
1,7,20.701,-0.2481753,0.03954768,-0.8849931,0.5085014,-0.5039398,0.4949422,0.4924463,
1,7,20.703,-0.2481753,0.03954768,-0.8849931,0.5085014,-0.5039398,0.4949422,0.4924463,
1,7,20.705,-0.2481753,0.03954768,-0.8849931,0.5085014,-0.5039398,0.4949422,0.4924463,
1,7,20.707,-0.2481753,0.03954768,-0.8849931,0.5085014,-0.5039398,0.4949422,0.4924463,
1,7,20.709,-0.2481788,0.03953382,-0.8849891,0.5084845,-0.5039522,0.4949277,0.4924656,
1,7,20.711,-0.2481788,0.03953382,-0.8849891,0.5084845,-0.5039522,0.4949277,0.4924656,
1,7,20.713,-0.2481788,0.03953382,-0.8849891,0.5084845,-0.5039522,0.4949277,0.4924656,
1,7,20.715,-0.2481788,0.03953382,-0.8849891,0.5084845,-0.5039522,0.4949277,0.4924656,
1,7,20.717,-0.2481854,0.03953407,-0.8849867,0.5084789,-0.503976,0.4949048,0.4924701,
1,7,20.719,-0.2481854,0.03953407,-0.8849867,0.5084789,-0.503976,0.4949048,0.4924701,
1,7,20.721,-0.2481854,0.03953407,-0.8849867,0.5084789,-0.503976,0.4949048,0.4924701,
1,7,20.723,-0.2481854,0.03953407,-0.8849867,0.5084789,-0.503976,0.4949048,0.4924701,
1,7,20.725,-0.2481834,0.03953226,-0.8849872,0.5084993,-0.5039678,0.4949126,0.4924494,
1,7,20.727,-0.2481834,0.03953226,-0.8849872,0.5084993,-0.5039678,0.4949126,0.4924494,
1,7,20.729,-0.2481834,0.03953226,-0.8849872,0.5084993,-0.5039678,0.4949126,0.4924494,
1,7,20.731,-0.2481834,0.03953226,-0.8849872,0.5084993,-0.5039678,0.4949126,0.4924494,
1,7,20.733,-0.24818,0.03952829,-0.8849871,0.5085121,-0.5039702,0.4949027,0.4924439,
1,7,20.735,-0.24818,0.03952829,-0.8849871,0.5085121,-0.5039702,0.4949027,0.4924439,
1,7,20.737,-0.24818,0.03952829,-0.8849871,0.5085121,-0.5039702,0.4949027,0.4924439,
1,7,20.739,-0.24818,0.03952829,-0.8849871,0.5085121,-0.5039702,0.4949027,0.4924439,
1,7,20.741,-0.2481709,0.03953201,-0.8849823,0.5085028,-0.5039648,0.4949082,0.4924533,
1,7,20.743,-0.2481709,0.03953201,-0.8849823,0.5085028,-0.5039648,0.4949082,0.4924533,
1,7,20.745,-0.2481709,0.03953201,-0.8849823,0.5085028,-0.5039648,0.4949082,0.4924533,
1,7,20.747,-0.2481709,0.03953201,-0.8849823,0.5085028,-0.5039648,0.4949082,0.4924533,
1,7,20.749,-0.2481714,0.03953011,-0.8849819,0.508487,-0.5039619,0.4949189,0.4924619,
1,7,20.751,-0.2481714,0.03953011,-0.8849819,0.508487,-0.5039619,0.4949189,0.4924619,
1,7,20.753,-0.2481714,0.03953011,-0.8849819,0.508487,-0.5039619,0.4949189,0.4924619,
1,7,20.755,-0.2481714,0.03953011,-0.8849819,0.508487,-0.5039619,0.4949189,0.4924619,CourtEnter
1,7,20.757,-0.2481714,0.03953011,-0.8849819,0.508487,-0.5039619,0.4949189,0.4924619,
1,7,20.759,-0.2481765,0.03952752,-0.8849837,0.5084958,-0.5039444,0.4949202,0.4924694,
1,7,20.761,-0.2481765,0.03952752,-0.8849837,0.5084958,-0.5039444,0.4949202,0.4924694,
1,7,20.763,-0.2481765,0.03952752,-0.8849837,0.5084958,-0.5039444,0.4949202,0.4924694,
1,7,20.765,-0.2481765,0.03952752,-0.8849837,0.5084958,-0.5039444,0.4949202,0.4924694,
1,7,20.767,-0.248178,0.03952999,-0.8849834,0.5084861,-0.5039634,0.4949193,0.492461,CourtExit
1,7,20.769,-0.248178,0.03952999,-0.8849834,0.5084861,-0.5039634,0.4949193,0.492461,
1,7,20.771,-0.248178,0.03952999,-0.8849834,0.5084861,-0.5039634,0.4949193,0.492461,
1,7,20.773,-0.248178,0.03952999,-0.8849834,0.5084861,-0.5039634,0.4949193,0.492461,
1,7,20.775,-0.2481848,0.03954177,-0.8849805,0.5084692,-0.5039647,0.494934,0.4924622,
1,7,20.777,-0.2481848,0.03954177,-0.8849805,0.5084692,-0.5039647,0.494934,0.4924622,
1,7,20.779,-0.2481848,0.03954177,-0.8849805,0.5084692,-0.5039647,0.494934,0.4924622,
1,7,20.781,-0.2481848,0.03954177,-0.8849805,0.5084692,-0.5039647,0.494934,0.4924622,
1,7,20.783,-0.248176,0.03953372,-0.8849894,0.5085121,-0.5039581,0.4949135,0.4924454,
1,7,20.785,-0.248176,0.03953372,-0.8849894,0.5085121,-0.5039581,0.4949135,0.4924454,
1,7,20.787,-0.248176,0.03953372,-0.8849894,0.5085121,-0.5039581,0.4949135,0.4924454,
1,7,20.789,-0.248176,0.03953372,-0.8849894,0.5085121,-0.5039581,0.4949135,0.4924454,
1,7,20.791,-0.2481772,0.03952591,-0.8849826,0.5085136,-0.5039581,0.4949154,0.4924419,
1,7,20.793,-0.2481772,0.03952591,-0.8849826,0.5085136,-0.5039581,0.4949154,0.4924419,
1,7,20.795,-0.2481772,0.03952591,-0.8849826,0.5085136,-0.5039581,0.4949154,0.4924419,
1,7,20.797,-0.2481772,0.03952591,-0.8849826,0.5085136,-0.5039581,0.4949154,0.4924419,
1,7,20.799,-0.2481775,0.0395417,-0.884982,0.5084947,-0.5039591,0.4949182,0.4924575,
1,7,20.801,-0.2481775,0.0395417,-0.884982,0.5084947,-0.5039591,0.4949182,0.4924575,
1,7,20.803,-0.2481775,0.0395417,-0.884982,0.5084947,-0.5039591,0.4949182,0.4924575,
1,7,20.805,-0.2481775,0.0395417,-0.884982,0.5084947,-0.5039591,0.4949182,0.4924575,
1,7,20.807,-0.2481775,0.0395417,-0.884982,0.5084947,-0.5039591,0.4949182,0.4924575,
1,7,20.809,-0.2481774,0.03953044,-0.8849804,0.5084859,-0.5039742,0.4949022,0.4924671,
1,7,20.811,-0.2481774,0.03953044,-0.8849804,0.5084859,-0.5039742,0.4949022,0.4924671,
1,7,20.813,-0.2481774,0.03953044,-0.8849804,0.5084859,-0.5039742,0.4949022,0.4924671,
1,7,20.815,-0.2481774,0.03953044,-0.8849804,0.5084859,-0.5039742,0.4949022,0.4924671,
1,7,20.817,-0.2481776,0.03952795,-0.8849915,0.5084919,-0.5039847,0.4949011,0.4924515,
1,7,20.819,-0.2481776,0.03952795,-0.8849915,0.5084919,-0.5039847,0.4949011,0.4924515,
1,7,20.821,-0.2481776,0.03952795,-0.8849915,0.5084919,-0.5039847,0.4949011,0.4924515,
1,7,20.823,-0.2481776,0.03952795,-0.8849915,0.5084919,-0.5039847,0.4949011,0.4924515,
1,7,20.825,-0.2481752,0.03953117,-0.8849926,0.5084915,-0.5039857,0.4948998,0.4924521,
1,7,20.827,-0.2481752,0.03953117,-0.8849926,0.5084915,-0.5039857,0.4948998,0.4924521,
1,7,20.829,-0.2481752,0.03953117,-0.8849926,0.5084915,-0.5039857,0.4948998,0.4924521,
1,7,20.831,-0.2481752,0.03953117,-0.8849926,0.5084915,-0.5039857,0.4948998,0.4924521,
1,7,20.833,-0.248179,0.03952568,-0.8849845,0.5084825,-0.5039654,0.494922,0.4924598,
1,7,20.835,-0.248179,0.03952568,-0.8849845,0.5084825,-0.5039654,0.494922,0.4924598,
1,7,20.837,-0.248179,0.03952568,-0.8849845,0.5084825,-0.5039654,0.494922,0.4924598,
1,7,20.839,-0.248179,0.03952568,-0.8849845,0.5084825,-0.5039654,0.494922,0.4924598,
1,7,20.841,-0.2481724,0.0395289,-0.8849863,0.5084769,-0.5039504,0.4949205,0.4924826,
1,7,20.843,-0.2481724,0.0395289,-0.8849863,0.5084769,-0.5039504,0.4949205,0.4924826,
1,7,20.845,-0.2481724,0.0395289,-0.8849863,0.5084769,-0.5039504,0.4949205,0.4924826,
1,7,20.847,-0.2481724,0.0395289,-0.8849863,0.5084769,-0.5039504,0.4949205,0.4924826,
1,7,20.849,-0.2481726,0.03953322,-0.8849767,0.5084893,-0.5039608,0.4949012,0.4924785,
1,7,20.851,-0.2481726,0.03953322,-0.8849767,0.5084893,-0.5039608,0.4949012,0.4924785,
1,7,20.853,-0.2481726,0.03953322,-0.8849767,0.5084893,-0.5039608,0.4949012,0.4924785,
1,7,20.855,-0.2481726,0.03953322,-0.8849767,0.5084893,-0.5039608,0.4949012,0.4924785,
1,7,20.857,-0.2481726,0.03953322,-0.8849767,0.5084893,-0.5039608,0.4949012,0.4924785,
1,7,20.859,-0.2481757,0.03955061,-0.8849895,0.5084864,-0.503933,0.4949369,0.492474,
1,7,20.861,-0.2481757,0.03955061,-0.8849895,0.5084864,-0.503933,0.4949369,0.492474,
1,7,20.863,-0.2481757,0.03955061,-0.8849895,0.5084864,-0.503933,0.4949369,0.492474,
1,7,20.865,-0.2481757,0.03955061,-0.8849895,0.5084864,-0.503933,0.4949369,0.492474,
1,7,20.867,-0.2481743,0.03954098,-0.8849816,0.50849,-0.503933,0.4949425,0.4924647,
1,7,20.869,-0.2481743,0.03954098,-0.8849816,0.50849,-0.503933,0.4949425,0.4924647,
1,7,20.871,-0.2481743,0.03954098,-0.8849816,0.50849,-0.503933,0.4949425,0.4924647,
1,7,20.873,-0.2481743,0.03954098,-0.8849816,0.50849,-0.503933,0.4949425,0.4924647,
1,7,20.875,-0.2481757,0.03954243,-0.8849912,0.5084811,-0.5039412,0.494937,0.492471,
1,7,20.877,-0.2481757,0.03954243,-0.8849912,0.5084811,-0.5039412,0.494937,0.492471,
1,7,20.879,-0.2481757,0.03954243,-0.8849912,0.5084811,-0.5039412,0.494937,0.492471,
1,7,20.881,-0.2481757,0.03954243,-0.8849912,0.5084811,-0.5039412,0.494937,0.492471,
1,7,20.883,-0.2481741,0.03952792,-0.8849908,0.5084807,-0.5039643,0.4949054,0.4924794,
1,7,20.885,-0.2481741,0.03952792,-0.8849908,0.5084807,-0.5039643,0.4949054,0.4924794,
1,7,20.887,-0.2481741,0.03952792,-0.8849908,0.5084807,-0.5039643,0.4949054,0.4924794,
1,7,20.889,-0.2481741,0.03952792,-0.8849908,0.5084807,-0.5039643,0.4949054,0.4924794,
1,7,20.891,-0.2481707,0.03953606,-0.8849858,0.5084761,-0.5039504,0.4949335,0.4924703,
1,7,20.893,-0.2481707,0.03953606,-0.8849858,0.5084761,-0.5039504,0.4949335,0.4924703,
1,7,20.895,-0.2481707,0.03953606,-0.8849858,0.5084761,-0.5039504,0.4949335,0.4924703,
1,7,20.897,-0.2481707,0.03953606,-0.8849858,0.5084761,-0.5039504,0.4949335,0.4924703,
1,7,20.899,-0.2481763,0.03954222,-0.8849827,0.5084602,-0.5039631,0.4949228,0.4924843,
1,7,20.901,-0.2481763,0.03954222,-0.8849827,0.5084602,-0.5039631,0.4949228,0.4924843,
1,7,20.903,-0.2481763,0.03954222,-0.8849827,0.5084602,-0.5039631,0.4949228,0.4924843,
1,7,20.905,-0.2481763,0.03954222,-0.8849827,0.5084602,-0.5039631,0.4949228,0.4924843,
1,7,20.907,-0.2481763,0.03954222,-0.8849827,0.5084602,-0.5039631,0.4949228,0.4924843,
1,7,20.909,-0.2481828,0.03954609,-0.8849812,0.5084572,-0.5039562,0.494928,0.4924893,
1,7,20.911,-0.2481828,0.03954609,-0.8849812,0.5084572,-0.5039562,0.494928,0.4924893,
1,7,20.913,-0.2481828,0.03954609,-0.8849812,0.5084572,-0.5039562,0.494928,0.4924893,
1,7,20.915,-0.2481828,0.03954609,-0.8849812,0.5084572,-0.5039562,0.494928,0.4924893,
1,7,20.917,-0.2481738,0.03954745,-0.8849934,0.5084751,-0.5039505,0.4949136,0.4924912,
1,7,20.919,-0.2481738,0.03954745,-0.8849934,0.5084751,-0.5039505,0.4949136,0.4924912,
1,7,20.921,-0.2481738,0.03954745,-0.8849934,0.5084751,-0.5039505,0.4949136,0.4924912,
1,7,20.923,-0.2481738,0.03954745,-0.8849934,0.5084751,-0.5039505,0.4949136,0.4924912,
1,7,20.925,-0.2481604,0.03953466,-0.8849903,0.5084897,-0.5039296,0.4949153,0.4924959,
1,7,20.927,-0.2481604,0.03953466,-0.8849903,0.5084897,-0.5039296,0.4949153,0.4924959,
1,7,20.929,-0.2481604,0.03953466,-0.8849903,0.5084897,-0.5039296,0.4949153,0.4924959,
1,7,20.931,-0.2481604,0.03953466,-0.8849903,0.5084897,-0.5039296,0.4949153,0.4924959,
1,7,20.933,-0.2481688,0.03954852,-0.884988,0.5084689,-0.5039517,0.494925,0.492485,
1,7,20.935,-0.2481688,0.03954852,-0.884988,0.5084689,-0.5039517,0.494925,0.492485,
1,7,20.937,-0.2481688,0.03954852,-0.884988,0.5084689,-0.5039517,0.494925,0.492485,
1,7,20.939,-0.2481688,0.03954852,-0.884988,0.5084689,-0.5039517,0.494925,0.492485,
1,7,20.941,-0.2481729,0.03954903,-0.8849868,0.5084756,-0.5039527,0.4949243,0.4924777,
1,7,20.943,-0.2481729,0.03954903,-0.8849868,0.5084756,-0.5039527,0.4949243,0.4924777,
1,7,20.945,-0.2481729,0.03954903,-0.8849868,0.5084756,-0.5039527,0.4949243,0.4924777,
1,7,20.947,-0.2481729,0.03954903,-0.8849868,0.5084756,-0.5039527,0.4949243,0.4924777,
1,7,20.949,-0.2481733,0.03954962,-0.8849819,0.5084782,-0.5039543,0.4949262,0.4924713,
1,7,20.951,-0.2481733,0.03954962,-0.8849819,0.5084782,-0.5039543,0.4949262,0.4924713,
1,7,20.953,-0.2481733,0.03954962,-0.8849819,0.5084782,-0.5039543,0.4949262,0.4924713,
1,7,20.955,-0.2481733,0.03954962,-0.8849819,0.5084782,-0.5039543,0.4949262,0.4924713,
1,7,20.957,-0.2481733,0.03954962,-0.8849819,0.5084782,-0.5039543,0.4949262,0.4924713,
1,7,20.959,-0.2481776,0.03955401,-0.8849868,0.5084695,-0.5039467,0.4949403,0.492474,
1,7,20.961,-0.2481776,0.03955401,-0.8849868,0.5084695,-0.5039467,0.4949403,0.492474,
1,7,20.963,-0.2481776,0.03955401,-0.8849868,0.5084695,-0.5039467,0.4949403,0.492474,
1,7,20.965,-0.2481776,0.03955401,-0.8849868,0.5084695,-0.5039467,0.4949403,0.492474,
1,7,20.967,-0.2481796,0.03956116,-0.8849849,0.5084618,-0.5039271,0.4949503,0.492492,
1,7,20.969,-0.2481796,0.03956116,-0.8849849,0.5084618,-0.5039271,0.4949503,0.492492,
1,7,20.971,-0.2481796,0.03956116,-0.8849849,0.5084618,-0.5039271,0.4949503,0.492492,
1,7,20.973,-0.2481796,0.03956116,-0.8849849,0.5084618,-0.5039271,0.4949503,0.492492,
1,7,20.975,-0.2481771,0.03954859,-0.8849762,0.5084636,-0.5039541,0.494921,0.492492,
1,7,20.977,-0.2481771,0.03954859,-0.8849762,0.5084636,-0.5039541,0.494921,0.492492,
1,7,20.979,-0.2481771,0.03954859,-0.8849762,0.5084636,-0.5039541,0.494921,0.492492,
1,7,20.981,-0.2481771,0.03954859,-0.8849762,0.5084636,-0.5039541,0.494921,0.492492,
1,7,20.983,-0.2481822,0.03953347,-0.8849844,0.5084664,-0.5039669,0.494921,0.492476,
1,7,20.985,-0.2481822,0.03953347,-0.8849844,0.5084664,-0.5039669,0.494921,0.492476,
1,7,20.987,-0.2481822,0.03953347,-0.8849844,0.5084664,-0.5039669,0.494921,0.492476,
1,7,20.989,-0.2481822,0.03953347,-0.8849844,0.5084664,-0.5039669,0.494921,0.492476,
1,7,20.991,-0.2481797,0.03953239,-0.8849812,0.5084807,-0.5039525,0.4949278,0.492469,
1,7,20.993,-0.2481797,0.03953239,-0.8849812,0.5084807,-0.5039525,0.4949278,0.492469,
1,7,20.995,-0.2481797,0.03953239,-0.8849812,0.5084807,-0.5039525,0.4949278,0.492469,
1,7,20.997,-0.2481797,0.03953239,-0.8849812,0.5084807,-0.5039525,0.4949278,0.492469,
1,7,20.999,-0.2481774,0.03953956,-0.8849814,0.5084786,-0.5039467,0.4949292,0.4924757,
1,8,21.001,-0.2481774,0.03953956,-0.8849814,0.5084786,-0.5039467,0.4949292,0.4924757,TrialStart
1,8,21.003,-0.2481774,0.03953956,-0.8849814,0.5084786,-0.5039467,0.4949292,0.4924757,
1,8,21.005,-0.2481774,0.03953956,-0.8849814,0.5084786,-0.5039467,0.4949292,0.4924757,
1,8,21.007,-0.2481774,0.03953956,-0.8849814,0.5084786,-0.5039467,0.4949292,0.4924757,
1,8,21.009,-0.2481753,0.03954614,-0.8849853,0.5084466,-0.5039549,0.4949329,0.4924966,
1,8,21.011,-0.2481753,0.03954614,-0.8849853,0.5084466,-0.5039549,0.4949329,0.4924966,
1,8,21.013,-0.2481753,0.03954614,-0.8849853,0.5084466,-0.5039549,0.4949329,0.4924966,
1,8,21.015,-0.2481753,0.03954614,-0.8849853,0.5084466,-0.5039549,0.4949329,0.4924966,
1,8,21.017,-0.2481811,0.0395494,-0.8849811,0.5084572,-0.5039393,0.4949449,0.4924896,
1,8,21.019,-0.2481811,0.0395494,-0.8849811,0.5084572,-0.5039393,0.4949449,0.4924896,
1,8,21.021,-0.2481811,0.0395494,-0.8849811,0.5084572,-0.5039393,0.4949449,0.4924896,
1,8,21.023,-0.2481811,0.0395494,-0.8849811,0.5084572,-0.5039393,0.4949449,0.4924896,
1,8,21.025,-0.2481675,0.03954722,-0.8849821,0.5084721,-0.503933,0.4949478,0.4924779,
1,8,21.027,-0.2481675,0.03954722,-0.8849821,0.5084721,-0.503933,0.4949478,0.4924779,
1,8,21.029,-0.2481675,0.03954722,-0.8849821,0.5084721,-0.503933,0.4949478,0.4924779,
1,8,21.031,-0.2481675,0.03954722,-0.8849821,0.5084721,-0.503933,0.4949478,0.4924779,
1,8,21.033,-0.2481622,0.03955555,-0.8849781,0.5084606,-0.5039423,0.4949354,0.4924926,
1,8,21.035,-0.2481622,0.03955555,-0.8849781,0.5084606,-0.5039423,0.4949354,0.4924926,
1,8,21.037,-0.2481622,0.03955555,-0.8849781,0.5084606,-0.5039423,0.4949354,0.4924926,
1,8,21.039,-0.2481622,0.03955555,-0.8849781,0.5084606,-0.5039423,0.4949354,0.4924926,
1,8,21.041,-0.2481691,0.03956929,-0.8849782,0.5084537,-0.5039198,0.4949732,0.4924849,
1,8,21.043,-0.2481691,0.03956929,-0.8849782,0.5084537,-0.5039198,0.4949732,0.4924849,
1,8,21.045,-0.2481691,0.03956929,-0.8849782,0.5084537,-0.5039198,0.4949732,0.4924849,
1,8,21.047,-0.2481691,0.03956929,-0.8849782,0.5084537,-0.5039198,0.4949732,0.4924849,
1,8,21.049,-0.2481747,0.03955581,-0.8849772,0.5084742,-0.5039326,0.4949502,0.4924738,
1,8,21.051,-0.2481747,0.03955581,-0.8849772,0.5084742,-0.5039326,0.4949502,0.4924738,
1,8,21.053,-0.2481747,0.03955581,-0.8849772,0.5084742,-0.5039326,0.4949502,0.4924738,
1,8,21.055,-0.2481747,0.03955581,-0.8849772,0.5084742,-0.5039326,0.4949502,0.4924738,
1,8,21.057,-0.2481747,0.03955581,-0.8849772,0.5084742,-0.5039326,0.4949502,0.4924738,
1,8,21.059,-0.2481744,0.03953726,-0.884985,0.5084795,-0.5039531,0.4949335,0.4924641,
1,8,21.061,-0.2481744,0.03953726,-0.884985,0.5084795,-0.5039531,0.4949335,0.4924641,
1,8,21.063,-0.2481744,0.03953726,-0.884985,0.5084795,-0.5039531,0.4949335,0.4924641,
1,8,21.065,-0.2481744,0.03953726,-0.884985,0.5084795,-0.5039531,0.4949335,0.4924641,
1,8,21.067,-0.2481756,0.03954116,-0.8849798,0.5084794,-0.503962,0.494925,0.4924636,
1,8,21.069,-0.2481756,0.03954116,-0.8849798,0.5084794,-0.503962,0.494925,0.4924636,
1,8,21.071,-0.2481756,0.03954116,-0.8849798,0.5084794,-0.503962,0.494925,0.4924636,
1,8,21.073,-0.2481756,0.03954116,-0.8849798,0.5084794,-0.503962,0.494925,0.4924636,
1,8,21.075,-0.2481785,0.03953991,-0.8849813,0.508468,-0.5039638,0.4949434,0.4924547,
1,8,21.077,-0.2481785,0.03953991,-0.8849813,0.508468,-0.5039638,0.4949434,0.4924547,
1,8,21.079,-0.2481785,0.03953991,-0.8849813,0.508468,-0.5039638,0.4949434,0.4924547,
1,8,21.081,-0.2481785,0.03953991,-0.8849813,0.508468,-0.5039638,0.4949434,0.4924547,
1,8,21.083,-0.2481758,0.03954564,-0.8849872,0.5084918,-0.5039635,0.4949279,0.4924464,
1,8,21.085,-0.2481758,0.03954564,-0.8849872,0.5084918,-0.5039635,0.4949279,0.4924464,
1,8,21.087,-0.2481758,0.03954564,-0.8849872,0.5084918,-0.5039635,0.4949279,0.4924464,
1,8,21.089,-0.2481758,0.03954564,-0.8849872,0.5084918,-0.5039635,0.4949279,0.4924464,
1,8,21.091,-0.2481772,0.0395316,-0.8849888,0.5084945,-0.5039789,0.4949208,0.4924348,
1,8,21.093,-0.2481772,0.0395316,-0.8849888,0.5084945,-0.5039789,0.4949208,0.4924348,
1,8,21.095,-0.2481772,0.0395316,-0.8849888,0.5084945,-0.5039789,0.4949208,0.4924348,
1,8,21.097,-0.2481772,0.0395316,-0.8849888,0.5084945,-0.5039789,0.4949208,0.4924348,
1,8,21.099,-0.2481819,0.03953825,-0.884993,0.5084938,-0.5039699,0.49492,0.4924456,
1,8,21.101,-0.2481819,0.03953825,-0.884993,0.5084938,-0.5039699,0.49492,0.4924456,
1,8,21.103,-0.2481819,0.03953825,-0.884993,0.5084938,-0.5039699,0.49492,0.4924456,
1,8,21.105,-0.2481819,0.03953825,-0.884993,0.5084938,-0.5039699,0.49492,0.4924456,
1,8,21.107,-0.2481819,0.03953825,-0.884993,0.5084938,-0.5039699,0.49492,0.4924456,
1,8,21.109,-0.2481711,0.03954322,-0.8849733,0.508508,-0.5039507,0.4949266,0.4924441,
1,8,21.111,-0.2481711,0.03954322,-0.8849733,0.508508,-0.5039507,0.4949266,0.4924441,
1,8,21.113,-0.2481711,0.03954322,-0.8849733,0.508508,-0.5039507,0.4949266,0.4924441,
1,8,21.115,-0.2481711,0.03954322,-0.8849733,0.508508,-0.5039507,0.4949266,0.4924441,
1,8,21.117,-0.2481721,0.03954243,-0.8849787,0.5085148,-0.5039419,0.4949256,0.492447,
1,8,21.119,-0.2481721,0.03954243,-0.8849787,0.5085148,-0.5039419,0.4949256,0.492447,
1,8,21.121,-0.2481721,0.03954243,-0.8849787,0.5085148,-0.5039419,0.4949256,0.492447,
1,8,21.123,-0.2481721,0.03954243,-0.8849787,0.5085148,-0.5039419,0.4949256,0.492447,
1,8,21.125,-0.2481688,0.03954549,-0.8849764,0.5085088,-0.5039401,0.4949342,0.4924463,
1,8,21.127,-0.2481688,0.03954549,-0.8849764,0.5085088,-0.5039401,0.4949342,0.4924463,
1,8,21.129,-0.2481688,0.03954549,-0.8849764,0.5085088,-0.5039401,0.4949342,0.4924463,
1,8,21.131,-0.2481688,0.03954549,-0.8849764,0.5085088,-0.5039401,0.4949342,0.4924463,
1,8,21.133,-0.248173,0.03954522,-0.8849822,0.5084897,-0.5039527,0.4949333,0.492454,
1,8,21.135,-0.248173,0.03954522,-0.8849822,0.5084897,-0.5039527,0.4949333,0.492454,
1,8,21.137,-0.248173,0.03954522,-0.8849822,0.5084897,-0.5039527,0.4949333,0.492454,
1,8,21.139,-0.248173,0.03954522,-0.8849822,0.5084897,-0.5039527,0.4949333,0.492454,
1,8,21.141,-0.2481699,0.03954994,-0.8849872,0.508489,-0.5039491,0.4949414,0.4924503,
1,8,21.143,-0.2481699,0.03954994,-0.8849872,0.508489,-0.5039491,0.4949414,0.4924503,
1,8,21.145,-0.2481699,0.03954994,-0.8849872,0.508489,-0.5039491,0.4949414,0.4924503,
1,8,21.147,-0.2481699,0.03954994,-0.8849872,0.508489,-0.5039491,0.4949414,0.4924503,
1,8,21.149,-0.248187,0.03952499,-0.8849857,0.5084825,-0.5039967,0.4948608,0.4924891,
1,8,21.151,-0.248187,0.03952499,-0.8849857,0.5084825,-0.5039967,0.4948608,0.4924891,
1,8,21.153,-0.248187,0.03952499,-0.8849857,0.5084825,-0.5039967,0.4948608,0.4924891,
1,8,21.155,-0.248187,0.03952499,-0.8849857,0.5084825,-0.5039967,0.4948608,0.4924891,
1,8,21.157,-0.248187,0.03952499,-0.8849857,0.5084825,-0.5039967,0.4948608,0.4924891,
1,8,21.159,-0.2481797,0.03952251,-0.884977,0.5084656,-0.5040175,0.4948536,0.4924928,
1,8,21.161,-0.2481797,0.03952251,-0.884977,0.5084656,-0.5040175,0.4948536,0.4924928,
1,8,21.163,-0.2481797,0.03952251,-0.884977,0.5084656,-0.5040175,0.4948536,0.4924928,
1,8,21.165,-0.2481797,0.03952251,-0.884977,0.5084656,-0.5040175,0.4948536,0.4924928,
1,8,21.167,-0.2481656,0.03952093,-0.8849754,0.5084851,-0.504006,0.4948652,0.4924726,
1,8,21.169,-0.2481656,0.03952093,-0.8849754,0.5084851,-0.504006,0.4948652,0.4924726,
1,8,21.171,-0.2481656,0.03952093,-0.8849754,0.5084851,-0.504006,0.4948652,0.4924726,
1,8,21.173,-0.2481656,0.03952093,-0.8849754,0.5084851,-0.504006,0.4948652,0.4924726,
1,8,21.175,-0.2481622,0.03953586,-0.8849819,0.5085022,-0.5039728,0.4948921,0.4924622,
1,8,21.177,-0.2481622,0.03953586,-0.8849819,0.5085022,-0.5039728,0.4948921,0.4924622,
1,8,21.179,-0.2481622,0.03953586,-0.8849819,0.5085022,-0.5039728,0.4948921,0.4924622,
1,8,21.181,-0.2481622,0.03953586,-0.8849819,0.5085022,-0.5039728,0.4948921,0.4924622,
1,8,21.183,-0.2481611,0.0395455,-0.884988,0.5084995,-0.5039537,0.4949214,0.492455,
1,8,21.185,-0.2481611,0.0395455,-0.884988,0.5084995,-0.5039537,0.4949214,0.492455,
1,8,21.187,-0.2481611,0.0395455,-0.884988,0.5084995,-0.5039537,0.4949214,0.492455,
1,8,21.189,-0.2481611,0.0395455,-0.884988,0.5084995,-0.5039537,0.4949214,0.492455,
1,8,21.191,-0.2481692,0.03953527,-0.8849788,0.5084963,-0.5039766,0.4949147,0.4924415,
1,8,21.193,-0.2481692,0.03953527,-0.8849788,0.5084963,-0.5039766,0.4949147,0.4924415,
1,8,21.195,-0.2481692,0.03953527,-0.8849788,0.5084963,-0.5039766,0.4949147,0.4924415,
1,8,21.197,-0.2481692,0.03953527,-0.8849788,0.5084963,-0.5039766,0.4949147,0.4924415,
1,8,21.199,-0.2481842,0.03951426,-0.8849965,0.5084924,-0.5039916,0.4948629,0.4924822,
1,8,21.201,-0.2481842,0.03951426,-0.8849965,0.5084924,-0.5039916,0.4948629,0.4924822,
1,8,21.203,-0.2481842,0.03951426,-0.8849965,0.5084924,-0.5039916,0.4948629,0.4924822,
1,8,21.205,-0.2481842,0.03951426,-0.8849965,0.5084924,-0.5039916,0.4948629,0.4924822,
1,8,21.207,-0.2481842,0.03951426,-0.8849965,0.5084924,-0.5039916,0.4948629,0.4924822,
1,8,21.209,-0.2481748,0.03953915,-0.8849945,0.5084893,-0.5039567,0.494904,0.4924797,
1,8,21.211,-0.2481748,0.03953915,-0.8849945,0.5084893,-0.5039567,0.494904,0.4924797,
1,8,21.213,-0.2481748,0.03953915,-0.8849945,0.5084893,-0.5039567,0.494904,0.4924797,
1,8,21.215,-0.2481748,0.03953915,-0.8849945,0.5084893,-0.5039567,0.494904,0.4924797,
1,8,21.217,-0.2481654,0.03954868,-0.8849854,0.5085063,-0.5039178,0.4949364,0.4924696,
1,8,21.219,-0.2481654,0.03954868,-0.8849854,0.5085063,-0.5039178,0.4949364,0.4924696,
1,8,21.221,-0.2481654,0.03954868,-0.8849854,0.5085063,-0.5039178,0.4949364,0.4924696,
1,8,21.223,-0.2481654,0.03954868,-0.8849854,0.5085063,-0.5039178,0.4949364,0.4924696,
1,8,21.225,-0.2481652,0.03955228,-0.8849851,0.5084916,-0.5039193,0.4949459,0.4924736,
1,8,21.227,-0.2481652,0.03955228,-0.8849851,0.5084916,-0.5039193,0.4949459,0.4924736,
1,8,21.229,-0.2481652,0.03955228,-0.8849851,0.5084916,-0.5039193,0.4949459,0.4924736,
1,8,21.231,-0.2481652,0.03955228,-0.8849851,0.5084916,-0.5039193,0.4949459,0.4924736,
1,8,21.233,-0.24817,0.03955605,-0.8849912,0.508483,-0.5039188,0.4949596,0.4924692,
1,8,21.235,-0.24817,0.03955605,-0.8849912,0.508483,-0.5039188,0.4949596,0.4924692,
1,8,21.237,-0.24817,0.03955605,-0.8849912,0.508483,-0.5039188,0.4949596,0.4924692,
1,8,21.239,-0.24817,0.03955605,-0.8849912,0.508483,-0.5039188,0.4949596,0.4924692,
1,8,21.241,-0.2481788,0.03955618,-0.8849943,0.5084674,-0.5039298,0.4949546,0.4924791,
1,8,21.243,-0.2481788,0.03955618,-0.8849943,0.5084674,-0.5039298,0.4949546,0.4924791,
1,8,21.245,-0.2481788,0.03955618,-0.8849943,0.5084674,-0.5039298,0.4949546,0.4924791,
1,8,21.247,-0.2481788,0.03955618,-0.8849943,0.5084674,-0.5039298,0.4949546,0.4924791,
1,8,21.249,-0.24818,0.03956007,-0.8849957,0.5084691,-0.5039334,0.4949419,0.4924864,
1,8,21.251,-0.24818,0.03956007,-0.8849957,0.5084691,-0.5039334,0.4949419,0.4924864,
1,8,21.253,-0.24818,0.03956007,-0.8849957,0.5084691,-0.5039334,0.4949419,0.4924864,
1,8,21.255,-0.24818,0.03956007,-0.8849957,0.5084691,-0.5039334,0.4949419,0.4924864,
1,8,21.257,-0.24818,0.03956007,-0.8849957,0.5084691,-0.5039334,0.4949419,0.4924864,
1,8,21.259,-0.2481819,0.03955975,-0.8849926,0.5084695,-0.5039379,0.4949402,0.4924831,
1,8,21.261,-0.2481819,0.03955975,-0.8849926,0.5084695,-0.5039379,0.4949402,0.4924831,
1,8,21.263,-0.2481819,0.03955975,-0.8849926,0.5084695,-0.5039379,0.4949402,0.4924831,
1,8,21.265,-0.2481819,0.03955975,-0.8849926,0.5084695,-0.5039379,0.4949402,0.4924831,
1,8,21.267,-0.2481785,0.03956112,-0.8849925,0.5084776,-0.5039293,0.4949493,0.4924744,
1,8,21.269,-0.2481785,0.03956112,-0.8849925,0.5084776,-0.5039293,0.4949493,0.4924744,
1,8,21.271,-0.2481785,0.03956112,-0.8849925,0.5084776,-0.5039293,0.4949493,0.4924744,
1,8,21.273,-0.2481785,0.03956112,-0.8849925,0.5084776,-0.5039293,0.4949493,0.4924744,
1,8,21.275,-0.2481709,0.03954792,-0.8849992,0.5084863,-0.5039392,0.4949234,0.4924813,
1,8,21.277,-0.2481709,0.03954792,-0.8849992,0.5084863,-0.5039392,0.4949234,0.4924813,
1,8,21.279,-0.2481709,0.03954792,-0.8849992,0.5084863,-0.5039392,0.4949234,0.4924813,
1,8,21.281,-0.2481709,0.03954792,-0.8849992,0.5084863,-0.5039392,0.4949234,0.4924813,
1,8,21.283,-0.2481735,0.03955194,-0.884995,0.5085031,-0.5039248,0.4949277,0.4924745,
1,8,21.285,-0.2481735,0.03955194,-0.884995,0.5085031,-0.5039248,0.4949277,0.4924745,
1,8,21.287,-0.2481735,0.03955194,-0.884995,0.5085031,-0.5039248,0.4949277,0.4924745,
1,8,21.289,-0.2481735,0.03955194,-0.884995,0.5085031,-0.5039248,0.4949277,0.4924745,
1,8,21.291,-0.2481602,0.0395607,-0.8849962,0.5085036,-0.5039151,0.4949352,0.4924762,
1,8,21.293,-0.2481602,0.0395607,-0.8849962,0.5085036,-0.5039151,0.4949352,0.4924762,
1,8,21.295,-0.2481602,0.0395607,-0.8849962,0.5085036,-0.5039151,0.4949352,0.4924762,
1,8,21.297,-0.2481602,0.0395607,-0.8849962,0.5085036,-0.5039151,0.4949352,0.4924762,
1,8,21.299,-0.2481704,0.03955485,-0.8850012,0.508494,-0.5039236,0.4949376,0.492475,
1,8,21.301,-0.2481704,0.03955485,-0.8850012,0.508494,-0.5039236,0.4949376,0.492475,
1,8,21.303,-0.2481704,0.03955485,-0.8850012,0.508494,-0.5039236,0.4949376,0.492475,
1,8,21.305,-0.2481704,0.03955485,-0.8850012,0.508494,-0.5039236,0.4949376,0.492475,
1,8,21.307,-0.2481704,0.03955485,-0.8850012,0.508494,-0.5039236,0.4949376,0.492475,
1,8,21.309,-0.2481755,0.03954751,-0.8850026,0.5084971,-0.5039144,0.4949494,0.4924696,
1,8,21.311,-0.2481755,0.03954751,-0.8850026,0.5084971,-0.5039144,0.4949494,0.4924696,
1,8,21.313,-0.2481755,0.03954751,-0.8850026,0.5084971,-0.5039144,0.4949494,0.4924696,
1,8,21.315,-0.2481755,0.03954751,-0.8850026,0.5084971,-0.5039144,0.4949494,0.4924696,
1,8,21.317,-0.2481662,0.03953977,-0.8849996,0.5084987,-0.5039094,0.4949401,0.4924823,
1,8,21.319,-0.2481662,0.03953977,-0.8849996,0.5084987,-0.5039094,0.4949401,0.4924823,
1,8,21.321,-0.2481662,0.03953977,-0.8849996,0.5084987,-0.5039094,0.4949401,0.4924823,
1,8,21.323,-0.2481662,0.03953977,-0.8849996,0.5084987,-0.5039094,0.4949401,0.4924823,
1,8,21.325,-0.2481574,0.03954627,-0.8849915,0.5084947,-0.5039115,0.4949291,0.4924953,
1,8,21.327,-0.2481574,0.03954627,-0.8849915,0.5084947,-0.5039115,0.4949291,0.4924953,
1,8,21.329,-0.2481574,0.03954627,-0.8849915,0.5084947,-0.5039115,0.4949291,0.4924953,
1,8,21.331,-0.2481574,0.03954627,-0.8849915,0.5084947,-0.5039115,0.4949291,0.4924953,
1,8,21.333,-0.2481593,0.0395533,-0.8849871,0.5084926,-0.5039234,0.4949356,0.4924787,
1,8,21.335,-0.2481593,0.0395533,-0.8849871,0.5084926,-0.5039234,0.4949356,0.4924787,
1,8,21.337,-0.2481593,0.0395533,-0.8849871,0.5084926,-0.5039234,0.4949356,0.4924787,
1,8,21.339,-0.2481593,0.0395533,-0.8849871,0.5084926,-0.5039234,0.4949356,0.4924787,
1,8,21.341,-0.2481774,0.03956494,-0.8849901,0.5084617,-0.5039232,0.4949508,0.4924954,
1,8,21.343,-0.2481774,0.03956494,-0.8849901,0.5084617,-0.5039232,0.4949508,0.4924954,
1,8,21.345,-0.2481774,0.03956494,-0.8849901,0.5084617,-0.5039232,0.4949508,0.4924954,
1,8,21.347,-0.2481774,0.03956494,-0.8849901,0.5084617,-0.5039232,0.4949508,0.4924954,
1,8,21.349,-0.2481737,0.03955328,-0.8850011,0.5084778,-0.5039167,0.4949472,0.4924892,
1,8,21.351,-0.2481737,0.03955328,-0.8850011,0.5084778,-0.5039167,0.4949472,0.4924892,
1,8,21.353,-0.2481737,0.03955328,-0.8850011,0.5084778,-0.5039167,0.4949472,0.4924892,
1,8,21.355,-0.2481737,0.03955328,-0.8850011,0.5084778,-0.5039167,0.4949472,0.4924892,
1,8,21.357,-0.2481737,0.03955328,-0.8850011,0.5084778,-0.5039167,0.4949472,0.4924892,
1,8,21.359,-0.2481779,0.03954008,-0.885012,0.5084929,-0.5039372,0.4949267,0.4924732,
1,8,21.361,-0.2481779,0.03954008,-0.885012,0.5084929,-0.5039372,0.4949267,0.4924732,
1,8,21.363,-0.2481779,0.03954008,-0.885012,0.5084929,-0.5039372,0.4949267,0.4924732,
1,8,21.365,-0.2481779,0.03954008,-0.885012,0.5084929,-0.5039372,0.4949267,0.4924732,
1,8,21.367,-0.2481645,0.03953755,-0.8849988,0.5085105,-0.5039539,0.4949014,0.4924636,
1,8,21.369,-0.2481645,0.03953755,-0.8849988,0.5085105,-0.5039539,0.4949014,0.4924636,
1,8,21.371,-0.2481645,0.03953755,-0.8849988,0.5085105,-0.5039539,0.4949014,0.4924636,
1,8,21.373,-0.2481645,0.03953755,-0.8849988,0.5085105,-0.5039539,0.4949014,0.4924636,
1,8,21.375,-0.2481699,0.03954531,-0.8849914,0.5085008,-0.5039462,0.49492,0.4924626,
1,8,21.377,-0.2481699,0.03954531,-0.8849914,0.5085008,-0.5039462,0.49492,0.4924626,
1,8,21.379,-0.2481699,0.03954531,-0.8849914,0.5085008,-0.5039462,0.49492,0.4924626,
1,8,21.381,-0.2481699,0.03954531,-0.8849914,0.5085008,-0.5039462,0.49492,0.4924626,
1,8,21.383,-0.2481726,0.03954996,-0.8849869,0.5085065,-0.5039479,0.4949046,0.4924706,
1,8,21.385,-0.2481726,0.03954996,-0.8849869,0.5085065,-0.5039479,0.4949046,0.4924706,
1,8,21.387,-0.2481726,0.03954996,-0.8849869,0.5085065,-0.5039479,0.4949046,0.4924706,
1,8,21.389,-0.2481726,0.03954996,-0.8849869,0.5085065,-0.5039479,0.4949046,0.4924706,
1,8,21.391,-0.2481844,0.03955395,-0.884993,0.5085058,-0.5039535,0.4948967,0.4924734,
1,8,21.393,-0.2481844,0.03955395,-0.884993,0.5085058,-0.5039535,0.4948967,0.4924734,
1,8,21.395,-0.2481844,0.03955395,-0.884993,0.5085058,-0.5039535,0.4948967,0.4924734,
1,8,21.397,-0.2481844,0.03955395,-0.884993,0.5085058,-0.5039535,0.4948967,0.4924734,
1,8,21.399,-0.248178,0.03955813,-0.885003,0.5085001,-0.5039384,0.4949089,0.4924826,
1,8,21.401,-0.248178,0.03955813,-0.885003,0.5085001,-0.5039384,0.4949089,0.4924826,
1,8,21.403,-0.248178,0.03955813,-0.885003,0.5085001,-0.5039384,0.4949089,0.4924826,
1,8,21.405,-0.248178,0.03955813,-0.885003,0.5085001,-0.5039384,0.4949089,0.4924826,
1,8,21.407,-0.248178,0.03955813,-0.885003,0.5085001,-0.5039384,0.4949089,0.4924826,
1,8,21.409,-0.2481629,0.03955526,-0.884994,0.5084996,-0.5039236,0.4949232,0.4924837,
1,8,21.411,-0.2481629,0.03955526,-0.884994,0.5084996,-0.5039236,0.4949232,0.4924837,
1,8,21.413,-0.2481629,0.03955526,-0.884994,0.5084996,-0.5039236,0.4949232,0.4924837,
1,8,21.415,-0.2481629,0.03955526,-0.884994,0.5084996,-0.5039236,0.4949232,0.4924837,
1,8,21.417,-0.2481754,0.03955181,-0.8849984,0.508497,-0.5039268,0.4949277,0.4924787,
1,8,21.419,-0.2481754,0.03955181,-0.8849984,0.508497,-0.5039268,0.4949277,0.4924787,
1,8,21.421,-0.2481754,0.03955181,-0.8849984,0.508497,-0.5039268,0.4949277,0.4924787,
1,8,21.423,-0.2481754,0.03955181,-0.8849984,0.508497,-0.5039268,0.4949277,0.4924787,
1,8,21.425,-0.2481793,0.03955588,-0.8849961,0.508496,-0.503922,0.4949372,0.492475,
1,8,21.427,-0.2481793,0.03955588,-0.8849961,0.508496,-0.503922,0.4949372,0.492475,
1,8,21.429,-0.2481793,0.03955588,-0.8849961,0.508496,-0.503922,0.4949372,0.492475,
1,8,21.431,-0.2481793,0.03955588,-0.8849961,0.508496,-0.503922,0.4949372,0.492475,
1,8,21.433,-0.248171,0.03955276,-0.884998,0.5085054,-0.5039346,0.4949245,0.4924651,
1,8,21.435,-0.248171,0.03955276,-0.884998,0.5085054,-0.5039346,0.4949245,0.4924651,
1,8,21.437,-0.248171,0.03955276,-0.884998,0.5085054,-0.5039346,0.4949245,0.4924651,
1,8,21.439,-0.248171,0.03955276,-0.884998,0.5085054,-0.5039346,0.4949245,0.4924651,
1,8,21.441,-0.2481714,0.03955868,-0.8849934,0.5085001,-0.5039248,0.4949423,0.4924628,
1,8,21.443,-0.2481714,0.03955868,-0.8849934,0.5085001,-0.5039248,0.4949423,0.4924628,
1,8,21.445,-0.2481714,0.03955868,-0.8849934,0.5085001,-0.5039248,0.4949423,0.4924628,
1,8,21.447,-0.2481714,0.03955868,-0.8849934,0.5085001,-0.5039248,0.4949423,0.4924628,
1,8,21.449,-0.2481751,0.03955709,-0.884998,0.5084994,-0.5039181,0.4949481,0.4924645,
1,8,21.451,-0.2481751,0.03955709,-0.884998,0.5084994,-0.5039181,0.4949481,0.4924645,
1,8,21.453,-0.2481751,0.03955709,-0.884998,0.5084994,-0.5039181,0.4949481,0.4924645,
1,8,21.455,-0.2481751,0.03955709,-0.884998,0.5084994,-0.5039181,0.4949481,0.4924645,
1,8,21.457,-0.2481751,0.03955709,-0.884998,0.5084994,-0.5039181,0.4949481,0.4924645,
1,8,21.459,-0.248172,0.03955739,-0.8849946,0.5084941,-0.5039181,0.494936,0.4924822,
1,8,21.461,-0.248172,0.03955739,-0.8849946,0.5084941,-0.5039181,0.494936,0.4924822,
1,8,21.463,-0.248172,0.03955739,-0.8849946,0.5084941,-0.5039181,0.494936,0.4924822,
1,8,21.465,-0.248172,0.03955739,-0.8849946,0.5084941,-0.5039181,0.494936,0.4924822,
1,8,21.467,-0.2481658,0.03955315,-0.8849922,0.5084995,-0.5039208,0.4949292,0.4924808,
1,8,21.469,-0.2481658,0.03955315,-0.8849922,0.5084995,-0.5039208,0.4949292,0.4924808,
1,8,21.471,-0.2481658,0.03955315,-0.8849922,0.5084995,-0.5039208,0.4949292,0.4924808,
1,8,21.473,-0.2481658,0.03955315,-0.8849922,0.5084995,-0.5039208,0.4949292,0.4924808,
1,8,21.475,-0.248167,0.03955229,-0.8849942,0.5085002,-0.5039325,0.4949182,0.4924791,
1,8,21.477,-0.248167,0.03955229,-0.8849942,0.5085002,-0.5039325,0.4949182,0.4924791,
1,8,21.479,-0.248167,0.03955229,-0.8849942,0.5085002,-0.5039325,0.4949182,0.4924791,
1,8,21.481,-0.248167,0.03955229,-0.8849942,0.5085002,-0.5039325,0.4949182,0.4924791,
1,8,21.483,-0.2481708,0.03954556,-0.8849921,0.5085034,-0.5039275,0.4949272,0.4924717,
1,8,21.485,-0.2481708,0.03954556,-0.8849921,0.5085034,-0.5039275,0.4949272,0.4924717,
1,8,21.487,-0.2481708,0.03954556,-0.8849921,0.5085034,-0.5039275,0.4949272,0.4924717,
1,8,21.489,-0.2481708,0.03954556,-0.8849921,0.5085034,-0.5039275,0.4949272,0.4924717,
1,8,21.491,-0.248154,0.0395444,-0.8849878,0.5085142,-0.5039315,0.4949186,0.4924652,
1,8,21.493,-0.248154,0.0395444,-0.8849878,0.5085142,-0.5039315,0.4949186,0.4924652,
1,8,21.495,-0.248154,0.0395444,-0.8849878,0.5085142,-0.5039315,0.4949186,0.4924652,
1,8,21.497,-0.248154,0.0395444,-0.8849878,0.5085142,-0.5039315,0.4949186,0.4924652,
1,8,21.499,-0.2481631,0.03954879,-0.8849965,0.5085164,-0.5039254,0.4949222,0.4924654,
1,8,21.501,-0.2481631,0.03954879,-0.8849965,0.5085164,-0.5039254,0.4949222,0.4924654,
1,8,21.503,-0.2481631,0.03954879,-0.8849965,0.5085164,-0.5039254,0.4949222,0.4924654,
1,8,21.505,-0.2481631,0.03954879,-0.8849965,0.5085164,-0.5039254,0.4949222,0.4924654,
1,8,21.507,-0.2481631,0.03954879,-0.8849965,0.5085164,-0.5039254,0.4949222,0.4924654,
1,8,21.509,-0.2481638,0.03953545,-0.8849969,0.5085094,-0.5039446,0.4949097,0.4924657,
1,8,21.511,-0.2481638,0.03953545,-0.8849969,0.5085094,-0.5039446,0.4949097,0.4924657,
1,8,21.513,-0.2481638,0.03953545,-0.8849969,0.5085094,-0.5039446,0.4949097,0.4924657,
1,8,21.515,-0.2481638,0.03953545,-0.8849969,0.5085094,-0.5039446,0.4949097,0.4924657,
1,8,21.517,-0.2481677,0.0395386,-0.8849981,0.5085229,-0.5039399,0.4949141,0.4924521,
1,8,21.519,-0.2481677,0.0395386,-0.8849981,0.5085229,-0.5039399,0.4949141,0.4924521,
1,8,21.521,-0.2481677,0.0395386,-0.8849981,0.5085229,-0.5039399,0.4949141,0.4924521,
1,8,21.523,-0.2481677,0.0395386,-0.8849981,0.5085229,-0.5039399,0.4949141,0.4924521,
1,8,21.525,-0.2481651,0.03954621,-0.8849968,0.5085195,-0.5039223,0.4949339,0.4924538,
1,8,21.527,-0.2481651,0.03954621,-0.8849968,0.5085195,-0.5039223,0.4949339,0.4924538,
1,8,21.529,-0.2481651,0.03954621,-0.8849968,0.5085195,-0.5039223,0.4949339,0.4924538,
1,8,21.531,-0.2481651,0.03954621,-0.8849968,0.5085195,-0.5039223,0.4949339,0.4924538,
1,8,21.533,-0.2481664,0.03954981,-0.8849925,0.5084988,-0.5039153,0.4949461,0.4924701,
1,8,21.535,-0.2481664,0.03954981,-0.8849925,0.5084988,-0.5039153,0.4949461,0.4924701,
1,8,21.537,-0.2481664,0.03954981,-0.8849925,0.5084988,-0.5039153,0.4949461,0.4924701,
1,8,21.539,-0.2481664,0.03954981,-0.8849925,0.5084988,-0.5039153,0.4949461,0.4924701,
1,8,21.541,-0.2481832,0.03954012,-0.8850068,0.5084541,-0.5039642,0.4948945,0.4925181,
1,8,21.543,-0.2481832,0.03954012,-0.8850068,0.5084541,-0.5039642,0.4948945,0.4925181,
1,8,21.545,-0.2481832,0.03954012,-0.8850068,0.5084541,-0.5039642,0.4948945,0.4925181,
1,8,21.547,-0.2481832,0.03954012,-0.8850068,0.5084541,-0.5039642,0.4948945,0.4925181,
1,8,21.549,-0.2481945,0.03953641,-0.8850081,0.5084414,-0.5039858,0.4948998,0.4925037,
1,8,21.551,-0.2481945,0.03953641,-0.8850081,0.5084414,-0.5039858,0.4948998,0.4925037,
1,8,21.553,-0.2481945,0.03953641,-0.8850081,0.5084414,-0.5039858,0.4948998,0.4925037,
1,8,21.555,-0.2481945,0.03953641,-0.8850081,0.5084414,-0.5039858,0.4948998,0.4925037,
1,8,21.557,-0.2481945,0.03953641,-0.8850081,0.5084414,-0.5039858,0.4948998,0.4925037,
1,8,21.559,-0.2481877,0.03954586,-0.885006,0.5084496,-0.5039607,0.4949373,0.4924833,
1,8,21.561,-0.2481877,0.03954586,-0.885006,0.5084496,-0.5039607,0.4949373,0.4924833,
1,8,21.563,-0.2481877,0.03954586,-0.885006,0.5084496,-0.5039607,0.4949373,0.4924833,
1,8,21.565,-0.2481877,0.03954586,-0.885006,0.5084496,-0.5039607,0.4949373,0.4924833,
1,8,21.567,-0.2481762,0.03955817,-0.8849971,0.5084474,-0.5039395,0.4949552,0.4924894,
1,8,21.569,-0.2481762,0.03955817,-0.8849971,0.5084474,-0.5039395,0.4949552,0.4924894,
1,8,21.571,-0.2481762,0.03955817,-0.8849971,0.5084474,-0.5039395,0.4949552,0.4924894,
1,8,21.573,-0.2481762,0.03955817,-0.8849971,0.5084474,-0.5039395,0.4949552,0.4924894,
1,8,21.575,-0.2481842,0.03956281,-0.8849916,0.5084583,-0.5039454,0.4949478,0.4924796,
1,8,21.577,-0.2481842,0.03956281,-0.8849916,0.5084583,-0.5039454,0.4949478,0.4924796,
1,8,21.579,-0.2481842,0.03956281,-0.8849916,0.5084583,-0.5039454,0.4949478,0.4924796,
1,8,21.581,-0.2481842,0.03956281,-0.8849916,0.5084583,-0.5039454,0.4949478,0.4924796,
1,8,21.583,-0.2481832,0.03954575,-0.8849946,0.5084911,-0.5039522,0.4949043,0.4924822,
1,8,21.585,-0.2481832,0.03954575,-0.8849946,0.5084911,-0.5039522,0.4949043,0.4924822,
1,8,21.587,-0.2481832,0.03954575,-0.8849946,0.5084911,-0.5039522,0.4949043,0.4924822,
1,8,21.589,-0.2481832,0.03954575,-0.8849946,0.5084911,-0.5039522,0.4949043,0.4924822,
1,8,21.591,-0.2481746,0.03955187,-0.8849995,0.5084797,-0.5039412,0.4949141,0.4924955,
1,8,21.593,-0.2481746,0.03955187,-0.8849995,0.5084797,-0.5039412,0.4949141,0.4924955,
1,8,21.595,-0.2481746,0.03955187,-0.8849995,0.5084797,-0.5039412,0.4949141,0.4924955,
1,8,21.597,-0.2481746,0.03955187,-0.8849995,0.5084797,-0.5039412,0.4949141,0.4924955,
1,8,21.599,-0.2481791,0.03954597,-0.8849925,0.508477,-0.5039628,0.4949028,0.4924874,
1,8,21.601,-0.2481791,0.03954597,-0.8849925,0.508477,-0.5039628,0.4949028,0.4924874,
1,8,21.603,-0.2481791,0.03954597,-0.8849925,0.508477,-0.5039628,0.4949028,0.4924874,
1,8,21.605,-0.2481791,0.03954597,-0.8849925,0.508477,-0.5039628,0.4949028,0.4924874,
1,8,21.607,-0.2481791,0.03954597,-0.8849925,0.508477,-0.5039628,0.4949028,0.4924874,
1,8,21.609,-0.2481687,0.03954678,-0.8849828,0.5084844,-0.5039555,0.4949094,0.4924805,
1,8,21.611,-0.2481687,0.03954678,-0.8849828,0.5084844,-0.5039555,0.4949094,0.4924805,
1,8,21.613,-0.2481687,0.03954678,-0.8849828,0.5084844,-0.5039555,0.4949094,0.4924805,
1,8,21.615,-0.2481687,0.03954678,-0.8849828,0.5084844,-0.5039555,0.4949094,0.4924805,
1,8,21.617,-0.2481679,0.03954462,-0.8849925,0.5084822,-0.5039266,0.4949353,0.4924864,
1,8,21.619,-0.2481679,0.03954462,-0.8849925,0.5084822,-0.5039266,0.4949353,0.4924864,
1,8,21.621,-0.2481679,0.03954462,-0.8849925,0.5084822,-0.5039266,0.4949353,0.4924864,
1,8,21.623,-0.2481679,0.03954462,-0.8849925,0.5084822,-0.5039266,0.4949353,0.4924864,
1,8,21.625,-0.2481718,0.03954872,-0.8849843,0.5084879,-0.503937,0.4949306,0.4924748,
1,8,21.627,-0.2481718,0.03954872,-0.8849843,0.5084879,-0.503937,0.4949306,0.4924748,
1,8,21.629,-0.2481718,0.03954872,-0.8849843,0.5084879,-0.503937,0.4949306,0.4924748,
1,8,21.631,-0.2481718,0.03954872,-0.8849843,0.5084879,-0.503937,0.4949306,0.4924748,
1,8,21.633,-0.2481741,0.03956062,-0.8849945,0.5084804,-0.5039326,0.494951,0.4924664,
1,8,21.635,-0.2481741,0.03956062,-0.8849945,0.5084804,-0.5039326,0.494951,0.4924664,
1,8,21.637,-0.2481741,0.03956062,-0.8849945,0.5084804,-0.5039326,0.494951,0.4924664,
1,8,21.639,-0.2481741,0.03956062,-0.8849945,0.5084804,-0.5039326,0.494951,0.4924664,
1,8,21.641,-0.248183,0.03955743,-0.8849962,0.5084715,-0.5039492,0.4949412,0.4924685,
1,8,21.643,-0.248183,0.03955743,-0.8849962,0.5084715,-0.5039492,0.4949412,0.4924685,
1,8,21.645,-0.248183,0.03955743,-0.8849962,0.5084715,-0.5039492,0.4949412,0.4924685,
1,8,21.647,-0.248183,0.03955743,-0.8849962,0.5084715,-0.5039492,0.4949412,0.4924685,
1,8,21.649,-0.2481783,0.03954332,-0.8849868,0.5084674,-0.5039674,0.4949102,0.4924853,
1,8,21.651,-0.2481783,0.03954332,-0.8849868,0.5084674,-0.5039674,0.4949102,0.4924853,
1,8,21.653,-0.2481783,0.03954332,-0.8849868,0.5084674,-0.5039674,0.4949102,0.4924853,
1,8,21.655,-0.2481783,0.03954332,-0.8849868,0.5084674,-0.5039674,0.4949102,0.4924853,
1,8,21.657,-0.2481783,0.03954332,-0.8849868,0.5084674,-0.5039674,0.4949102,0.4924853,
1,8,21.659,-0.2481771,0.03955085,-0.884992,0.5084605,-0.5039485,0.4949376,0.492484,
1,8,21.661,-0.2481771,0.03955085,-0.884992,0.5084605,-0.5039485,0.4949376,0.492484,
1,8,21.663,-0.2481771,0.03955085,-0.884992,0.5084605,-0.5039485,0.4949376,0.492484,
1,8,21.665,-0.2481771,0.03955085,-0.884992,0.5084605,-0.5039485,0.4949376,0.492484,
1,8,21.667,-0.2481738,0.03955524,-0.8849871,0.508446,-0.5039542,0.4949488,0.492482,
1,8,21.669,-0.2481738,0.03955524,-0.8849871,0.508446,-0.5039542,0.4949488,0.492482,
1,8,21.671,-0.2481738,0.03955524,-0.8849871,0.508446,-0.5039542,0.4949488,0.492482,
1,8,21.673,-0.2481738,0.03955524,-0.8849871,0.508446,-0.5039542,0.4949488,0.492482,
1,8,21.675,-0.2481721,0.03954743,-0.8849841,0.5084636,-0.5039585,0.4949265,0.4924819,
1,8,21.677,-0.2481721,0.03954743,-0.8849841,0.5084636,-0.5039585,0.4949265,0.4924819,
1,8,21.679,-0.2481721,0.03954743,-0.8849841,0.5084636,-0.5039585,0.4949265,0.4924819,
1,8,21.681,-0.2481721,0.03954743,-0.8849841,0.5084636,-0.5039585,0.4949265,0.4924819,
1,8,21.683,-0.2481682,0.039551,-0.8849861,0.5084882,-0.5039462,0.4949366,0.492459,
1,8,21.685,-0.2481682,0.039551,-0.8849861,0.5084882,-0.5039462,0.4949366,0.492459,
1,8,21.687,-0.2481682,0.039551,-0.8849861,0.5084882,-0.5039462,0.4949366,0.492459,
1,8,21.689,-0.2481682,0.039551,-0.8849861,0.5084882,-0.5039462,0.4949366,0.492459,
1,8,21.691,-0.2481667,0.0395592,-0.8849874,0.5084766,-0.5039405,0.4949359,0.4924774,
1,8,21.693,-0.2481667,0.0395592,-0.8849874,0.5084766,-0.5039405,0.4949359,0.4924774,
1,8,21.695,-0.2481667,0.0395592,-0.8849874,0.5084766,-0.5039405,0.4949359,0.4924774,
1,8,21.697,-0.2481667,0.0395592,-0.8849874,0.5084766,-0.5039405,0.4949359,0.4924774,
1,8,21.699,-0.2481668,0.03954885,-0.8849819,0.508482,-0.5039278,0.4949464,0.4924743,
1,8,21.701,-0.2481668,0.03954885,-0.8849819,0.508482,-0.5039278,0.4949464,0.4924743,
1,8,21.703,-0.2481668,0.03954885,-0.8849819,0.508482,-0.5039278,0.4949464,0.4924743,
1,8,21.705,-0.2481668,0.03954885,-0.8849819,0.508482,-0.5039278,0.4949464,0.4924743,
1,8,21.707,-0.2481668,0.03954885,-0.8849819,0.508482,-0.5039278,0.4949464,0.4924743,
1,8,21.709,-0.2481722,0.03955629,-0.8849814,0.5084827,-0.5039279,0.4949521,0.4924677,
1,8,21.711,-0.2481722,0.03955629,-0.8849814,0.5084827,-0.5039279,0.4949521,0.4924677,
1,8,21.713,-0.2481722,0.03955629,-0.8849814,0.5084827,-0.5039279,0.4949521,0.4924677,
1,8,21.715,-0.2481722,0.03955629,-0.8849814,0.5084827,-0.5039279,0.4949521,0.4924677,
1,8,21.717,-0.2481772,0.03955804,-0.8849822,0.5084961,-0.5039312,0.4949474,0.4924552,
1,8,21.719,-0.2481772,0.03955804,-0.8849822,0.5084961,-0.5039312,0.4949474,0.4924552,
1,8,21.721,-0.2481772,0.03955804,-0.8849822,0.5084961,-0.5039312,0.4949474,0.4924552,
1,8,21.723,-0.2481772,0.03955804,-0.8849822,0.5084961,-0.5039312,0.4949474,0.4924552,
1,8,21.725,-0.2481765,0.0395557,-0.8849837,0.5084882,-0.5039398,0.4949424,0.4924597,
1,8,21.727,-0.2481765,0.0395557,-0.8849837,0.5084882,-0.5039398,0.4949424,0.4924597,
1,8,21.729,-0.2481765,0.0395557,-0.8849837,0.5084882,-0.5039398,0.4949424,0.4924597,
1,8,21.731,-0.2481765,0.0395557,-0.8849837,0.5084882,-0.5039398,0.4949424,0.4924597,
1,8,21.733,-0.2481727,0.0395478,-0.8849868,0.5084711,-0.5039479,0.494934,0.4924775,
1,8,21.735,-0.2481727,0.0395478,-0.8849868,0.5084711,-0.5039479,0.494934,0.4924775,
1,8,21.737,-0.2481727,0.0395478,-0.8849868,0.5084711,-0.5039479,0.494934,0.4924775,
1,8,21.739,-0.2481727,0.0395478,-0.8849868,0.5084711,-0.5039479,0.494934,0.4924775,
1,8,21.741,-0.2481804,0.03954719,-0.8849912,0.5084492,-0.5039427,0.4949538,0.4924854,
1,8,21.743,-0.2481804,0.03954719,-0.8849912,0.5084492,-0.5039427,0.4949538,0.4924854,
1,8,21.745,-0.2481804,0.03954719,-0.8849912,0.5084492,-0.5039427,0.4949538,0.4924854,
1,8,21.747,-0.2481804,0.03954719,-0.8849912,0.5084492,-0.5039427,0.4949538,0.4924854,
1,8,21.749,-0.2481818,0.03955849,-0.8849835,0.5084434,-0.5039375,0.4949562,0.4924942,
1,8,21.751,-0.2481818,0.03955849,-0.8849835,0.5084434,-0.5039375,0.4949562,0.4924942,
1,8,21.753,-0.2481818,0.03955849,-0.8849835,0.5084434,-0.5039375,0.4949562,0.4924942,
1,8,21.755,-0.2481818,0.03955849,-0.8849835,0.5084434,-0.5039375,0.4949562,0.4924942,
1,8,21.757,-0.2481818,0.03955849,-0.8849835,0.5084434,-0.5039375,0.4949562,0.4924942,
1,8,21.759,-0.2481897,0.03954576,-0.8849884,0.508445,-0.5039703,0.4949289,0.4924866,
1,8,21.761,-0.2481897,0.03954576,-0.8849884,0.508445,-0.5039703,0.4949289,0.4924866,
1,8,21.763,-0.2481897,0.03954576,-0.8849884,0.508445,-0.5039703,0.4949289,0.4924866,
1,8,21.765,-0.2481897,0.03954576,-0.8849884,0.508445,-0.5039703,0.4949289,0.4924866,
1,8,21.767,-0.2481827,0.03954517,-0.8849939,0.5084596,-0.503968,0.4949244,0.4924783,
1,8,21.769,-0.2481827,0.03954517,-0.8849939,0.5084596,-0.503968,0.4949244,0.4924783,
1,8,21.771,-0.2481827,0.03954517,-0.8849939,0.5084596,-0.503968,0.4949244,0.4924783,
1,8,21.773,-0.2481827,0.03954517,-0.8849939,0.5084596,-0.503968,0.4949244,0.4924783,
1,8,21.775,-0.2481769,0.03954609,-0.8849893,0.5084707,-0.5039505,0.4949175,0.4924918,
1,8,21.777,-0.2481769,0.03954609,-0.8849893,0.5084707,-0.5039505,0.4949175,0.4924918,
1,8,21.779,-0.2481769,0.03954609,-0.8849893,0.5084707,-0.5039505,0.4949175,0.4924918,
1,8,21.781,-0.2481769,0.03954609,-0.8849893,0.5084707,-0.5039505,0.4949175,0.4924918,
1,8,21.783,-0.2481667,0.0395433,-0.8849933,0.5084651,-0.503965,0.4949104,0.49249,
1,8,21.785,-0.2481667,0.0395433,-0.8849933,0.5084651,-0.503965,0.4949104,0.49249,
1,8,21.787,-0.2481667,0.0395433,-0.8849933,0.5084651,-0.503965,0.4949104,0.49249,
1,8,21.789,-0.2481667,0.0395433,-0.8849933,0.5084651,-0.503965,0.4949104,0.49249,
1,8,21.791,-0.2481714,0.03954681,-0.8849765,0.5084887,-0.5039492,0.4949283,0.4924637,
1,8,21.793,-0.2481714,0.03954681,-0.8849765,0.5084887,-0.5039492,0.4949283,0.4924637,
1,8,21.795,-0.2481714,0.03954681,-0.8849765,0.5084887,-0.5039492,0.4949283,0.4924637,
1,8,21.797,-0.2481714,0.03954681,-0.8849765,0.5084887,-0.5039492,0.4949283,0.4924637,
1,8,21.799,-0.24818,0.03954842,-0.88498,0.5084798,-0.5039586,0.4949288,0.4924628,
1,8,21.801,-0.24818,0.03954842,-0.88498,0.5084798,-0.5039586,0.4949288,0.4924628,
1,8,21.803,-0.24818,0.03954842,-0.88498,0.5084798,-0.5039586,0.4949288,0.4924628,
1,8,21.805,-0.24818,0.03954842,-0.88498,0.5084798,-0.5039586,0.4949288,0.4924628,
1,8,21.807,-0.24818,0.03954842,-0.88498,0.5084798,-0.5039586,0.4949288,0.4924628,
1,8,21.809,-0.248169,0.03955641,-0.8849901,0.5084828,-0.5039256,0.4949646,0.4924576,
1,8,21.811,-0.248169,0.03955641,-0.8849901,0.5084828,-0.5039256,0.4949646,0.4924576,
1,8,21.813,-0.248169,0.03955641,-0.8849901,0.5084828,-0.5039256,0.4949646,0.4924576,
1,8,21.815,-0.248169,0.03955641,-0.8849901,0.5084828,-0.5039256,0.4949646,0.4924576,
1,8,21.817,-0.2481583,0.03954837,-0.884986,0.5084924,-0.5039151,0.4949603,0.4924624,
1,8,21.819,-0.2481583,0.03954837,-0.884986,0.5084924,-0.5039151,0.4949603,0.4924624,
1,8,21.821,-0.2481583,0.03954837,-0.884986,0.5084924,-0.5039151,0.4949603,0.4924624,
1,8,21.823,-0.2481583,0.03954837,-0.884986,0.5084924,-0.5039151,0.4949603,0.4924624,
1,8,21.825,-0.2481586,0.03955186,-0.8849892,0.5084895,-0.5039253,0.4949479,0.4924677,
1,8,21.827,-0.2481586,0.03955186,-0.8849892,0.5084895,-0.5039253,0.4949479,0.4924677,
1,8,21.829,-0.2481586,0.03955186,-0.8849892,0.5084895,-0.5039253,0.4949479,0.4924677,
1,8,21.831,-0.2481586,0.03955186,-0.8849892,0.5084895,-0.5039253,0.4949479,0.4924677,
1,8,21.833,-0.2481709,0.03955163,-0.8849841,0.5084855,-0.5039265,0.4949544,0.4924642,
1,8,21.835,-0.2481709,0.03955163,-0.8849841,0.5084855,-0.5039265,0.4949544,0.4924642,
1,8,21.837,-0.2481709,0.03955163,-0.8849841,0.5084855,-0.5039265,0.4949544,0.4924642,
1,8,21.839,-0.2481709,0.03955163,-0.8849841,0.5084855,-0.5039265,0.4949544,0.4924642,
1,8,21.841,-0.2481608,0.03954686,-0.8849928,0.5084934,-0.5039202,0.4949568,0.4924601,
1,8,21.843,-0.2481608,0.03954686,-0.8849928,0.5084934,-0.5039202,0.4949568,0.4924601,
1,8,21.845,-0.2481608,0.03954686,-0.8849928,0.5084934,-0.5039202,0.4949568,0.4924601,
1,8,21.847,-0.2481608,0.03954686,-0.8849928,0.5084934,-0.5039202,0.4949568,0.4924601,
1,8,21.849,-0.2481571,0.03956013,-0.8849857,0.5084891,-0.5039139,0.4949705,0.4924569,
1,8,21.851,-0.2481571,0.03956013,-0.8849857,0.5084891,-0.5039139,0.4949705,0.4924569,
1,8,21.853,-0.2481571,0.03956013,-0.8849857,0.5084891,-0.5039139,0.4949705,0.4924569,
1,8,21.855,-0.2481571,0.03956013,-0.8849857,0.5084891,-0.5039139,0.4949705,0.4924569,
1,8,21.857,-0.2481571,0.03956013,-0.8849857,0.5084891,-0.5039139,0.4949705,0.4924569,
1,8,21.859,-0.2481631,0.03954443,-0.8849763,0.5084834,-0.5039388,0.494939,0.4924691,
1,8,21.861,-0.2481631,0.03954443,-0.8849763,0.5084834,-0.5039388,0.494939,0.4924691,
1,8,21.863,-0.2481631,0.03954443,-0.8849763,0.5084834,-0.5039388,0.494939,0.4924691,
1,8,21.865,-0.2481631,0.03954443,-0.8849763,0.5084834,-0.5039388,0.494939,0.4924691,
1,8,21.867,-0.2481613,0.03953743,-0.8849808,0.5084823,-0.5039387,0.4949358,0.4924734,
1,8,21.869,-0.2481613,0.03953743,-0.8849808,0.5084823,-0.5039387,0.4949358,0.4924734,
1,8,21.871,-0.2481613,0.03953743,-0.8849808,0.5084823,-0.5039387,0.4949358,0.4924734,
1,8,21.873,-0.2481613,0.03953743,-0.8849808,0.5084823,-0.5039387,0.4949358,0.4924734,
1,8,21.875,-0.248166,0.03952522,-0.8849886,0.5084888,-0.5039467,0.4949192,0.4924754,
1,8,21.877,-0.248166,0.03952522,-0.8849886,0.5084888,-0.5039467,0.4949192,0.4924754,
1,8,21.879,-0.248166,0.03952522,-0.8849886,0.5084888,-0.5039467,0.4949192,0.4924754,
1,8,21.881,-0.248166,0.03952522,-0.8849886,0.5084888,-0.5039467,0.4949192,0.4924754,
1,8,21.883,-0.2481683,0.03955632,-0.8849863,0.5084776,-0.5039218,0.4949573,0.492474,
1,8,21.885,-0.2481683,0.03955632,-0.8849863,0.5084776,-0.5039218,0.4949573,0.492474,
1,8,21.887,-0.2481683,0.03955632,-0.8849863,0.5084776,-0.5039218,0.4949573,0.492474,
1,8,21.889,-0.2481683,0.03955632,-0.8849863,0.5084776,-0.5039218,0.4949573,0.492474,
1,8,21.891,-0.2481763,0.03954144,-0.8849841,0.5084729,-0.5039325,0.4949656,0.4924595,
1,8,21.893,-0.2481763,0.03954144,-0.8849841,0.5084729,-0.5039325,0.4949656,0.4924595,
1,8,21.895,-0.2481763,0.03954144,-0.8849841,0.5084729,-0.5039325,0.4949656,0.4924595,
1,8,21.897,-0.2481763,0.03954144,-0.8849841,0.5084729,-0.5039325,0.4949656,0.4924595,
1,8,21.899,-0.2481803,0.03953815,-0.8849835,0.5084577,-0.5039639,0.4949394,0.4924694,
1,8,21.901,-0.2481803,0.03953815,-0.8849835,0.5084577,-0.5039639,0.4949394,0.4924694,
1,8,21.903,-0.2481803,0.03953815,-0.8849835,0.5084577,-0.5039639,0.4949394,0.4924694,
1,8,21.905,-0.2481803,0.03953815,-0.8849835,0.5084577,-0.5039639,0.4949394,0.4924694,
1,8,21.907,-0.2481803,0.03953815,-0.8849835,0.5084577,-0.5039639,0.4949394,0.4924694,
1,8,21.909,-0.2481708,0.0395342,-0.8849812,0.5084627,-0.5039759,0.4949082,0.4924836,
1,8,21.911,-0.2481708,0.0395342,-0.8849812,0.5084627,-0.5039759,0.4949082,0.4924836,
1,8,21.913,-0.2481708,0.0395342,-0.8849812,0.5084627,-0.5039759,0.4949082,0.4924836,
1,8,21.915,-0.2481708,0.0395342,-0.8849812,0.5084627,-0.5039759,0.4949082,0.4924836,
1,8,21.917,-0.2481673,0.03954088,-0.8849875,0.5084678,-0.5039486,0.4949301,0.4924841,
1,8,21.919,-0.2481673,0.03954088,-0.8849875,0.5084678,-0.5039486,0.4949301,0.4924841,
1,8,21.921,-0.2481673,0.03954088,-0.8849875,0.5084678,-0.5039486,0.4949301,0.4924841,
1,8,21.923,-0.2481673,0.03954088,-0.8849875,0.5084678,-0.5039486,0.4949301,0.4924841,
1,8,21.925,-0.2481704,0.03955335,-0.8849984,0.508477,-0.5039455,0.4949273,0.4924808,
1,8,21.927,-0.2481704,0.03955335,-0.8849984,0.508477,-0.5039455,0.4949273,0.4924808,
1,8,21.929,-0.2481704,0.03955335,-0.8849984,0.508477,-0.5039455,0.4949273,0.4924808,
1,8,21.931,-0.2481704,0.03955335,-0.8849984,0.508477,-0.5039455,0.4949273,0.4924808,
1,8,21.933,-0.2481812,0.03955778,-0.8849922,0.5084675,-0.5039412,0.4949532,0.4924688,
1,8,21.935,-0.2481812,0.03955778,-0.8849922,0.5084675,-0.5039412,0.4949532,0.4924688,
1,8,21.937,-0.2481812,0.03955778,-0.8849922,0.5084675,-0.5039412,0.4949532,0.4924688,
1,8,21.939,-0.2481812,0.03955778,-0.8849922,0.5084675,-0.5039412,0.4949532,0.4924688,
1,8,21.941,-0.2481773,0.0395571,-0.884994,0.5084864,-0.5039337,0.4949399,0.4924701,
1,8,21.943,-0.2481773,0.0395571,-0.884994,0.5084864,-0.5039337,0.4949399,0.4924701,
1,8,21.945,-0.2481773,0.0395571,-0.884994,0.5084864,-0.5039337,0.4949399,0.4924701,
1,8,21.947,-0.2481773,0.0395571,-0.884994,0.5084864,-0.5039337,0.4949399,0.4924701,
1,8,21.949,-0.2481803,0.039562,-0.8849916,0.5084729,-0.5039549,0.4949364,0.4924659,
1,8,21.951,-0.2481803,0.039562,-0.8849916,0.5084729,-0.5039549,0.4949364,0.4924659,
1,8,21.953,-0.2481803,0.039562,-0.8849916,0.5084729,-0.5039549,0.4949364,0.4924659,
1,8,21.955,-0.2481803,0.039562,-0.8849916,0.5084729,-0.5039549,0.4949364,0.4924659,
1,8,21.957,-0.2481803,0.039562,-0.8849916,0.5084729,-0.5039549,0.4949364,0.4924659,
1,8,21.959,-0.2481736,0.0395456,-0.8849891,0.5084679,-0.5039667,0.4949316,0.492464,
1,8,21.961,-0.2481736,0.0395456,-0.8849891,0.5084679,-0.5039667,0.4949316,0.492464,
1,8,21.963,-0.2481736,0.0395456,-0.8849891,0.5084679,-0.5039667,0.4949316,0.492464,
1,8,21.965,-0.2481736,0.0395456,-0.8849891,0.5084679,-0.5039667,0.4949316,0.492464,
1,8,21.967,-0.2481765,0.0395283,-0.8849897,0.5084687,-0.5039723,0.4949209,0.4924681,
1,8,21.969,-0.2481765,0.0395283,-0.8849897,0.5084687,-0.5039723,0.4949209,0.4924681,
1,8,21.971,-0.2481765,0.0395283,-0.8849897,0.5084687,-0.5039723,0.4949209,0.4924681,
1,8,21.973,-0.2481765,0.0395283,-0.8849897,0.5084687,-0.5039723,0.4949209,0.4924681,
1,8,21.975,-0.2481715,0.03953119,-0.8849894,0.5084832,-0.5039665,0.494913,0.4924671,
1,8,21.977,-0.2481715,0.03953119,-0.8849894,0.5084832,-0.5039665,0.494913,0.4924671,
1,8,21.979,-0.2481715,0.03953119,-0.8849894,0.5084832,-0.5039665,0.494913,0.4924671,
1,8,21.981,-0.2481715,0.03953119,-0.8849894,0.5084832,-0.5039665,0.494913,0.4924671,
1,8,21.983,-0.2481721,0.0395362,-0.8849926,0.5084973,-0.5039459,0.49492,0.4924665,
1,8,21.985,-0.2481721,0.0395362,-0.8849926,0.5084973,-0.5039459,0.49492,0.4924665,
1,8,21.987,-0.2481721,0.0395362,-0.8849926,0.5084973,-0.5039459,0.49492,0.4924665,
1,8,21.989,-0.2481721,0.0395362,-0.8849926,0.5084973,-0.5039459,0.49492,0.4924665,
1,8,21.991,-0.2481757,0.03954625,-0.8849947,0.5084949,-0.5039481,0.4949247,0.4924622,
1,8,21.993,-0.2481757,0.03954625,-0.8849947,0.5084949,-0.5039481,0.4949247,0.4924622,
1,8,21.995,-0.2481757,0.03954625,-0.8849947,0.5084949,-0.5039481,0.4949247,0.4924622,
1,8,21.997,-0.2481757,0.03954625,-0.8849947,0.5084949,-0.5039481,0.4949247,0.4924622,
1,8,21.999,-0.24818,0.03956272,-0.884985,0.5084684,-0.5039375,0.4949548,0.49247,
1,8,22.001,-0.24818,0.03956272,-0.884985,0.5084684,-0.5039375,0.4949548,0.49247,
1,8,22.003,-0.24818,0.03956272,-0.884985,0.5084684,-0.5039375,0.4949548,0.49247,
1,8,22.005,-0.24818,0.03956272,-0.884985,0.5084684,-0.5039375,0.4949548,0.49247,
1,8,22.007,-0.24818,0.03956272,-0.884985,0.5084684,-0.5039375,0.4949548,0.49247,
1,8,22.009,-0.2481697,0.03954816,-0.8849774,0.5084679,-0.5039496,0.4949404,0.4924724,
1,8,22.011,-0.2481697,0.03954816,-0.8849774,0.5084679,-0.5039496,0.4949404,0.4924724,
1,8,22.013,-0.2481697,0.03954816,-0.8849774,0.5084679,-0.5039496,0.4949404,0.4924724,
1,8,22.015,-0.2481697,0.03954816,-0.8849774,0.5084679,-0.5039496,0.4949404,0.4924724,
1,8,22.017,-0.2481808,0.03953188,-0.8849934,0.5084857,-0.5039585,0.4949282,0.4924574,
1,8,22.019,-0.2481808,0.03953188,-0.8849934,0.5084857,-0.5039585,0.4949282,0.4924574,
1,8,22.021,-0.2481808,0.03953188,-0.8849934,0.5084857,-0.5039585,0.4949282,0.4924574,
1,8,22.023,-0.2481808,0.03953188,-0.8849934,0.5084857,-0.5039585,0.4949282,0.4924574,
1,8,22.025,-0.2481844,0.03953044,-0.8850025,0.5084922,-0.5039666,0.4949167,0.4924539,
1,8,22.027,-0.2481844,0.03953044,-0.8850025,0.5084922,-0.5039666,0.4949167,0.4924539,
1,8,22.029,-0.2481844,0.03953044,-0.8850025,0.5084922,-0.5039666,0.4949167,0.4924539,
1,8,22.031,-0.2481844,0.03953044,-0.8850025,0.5084922,-0.5039666,0.4949167,0.4924539,
1,8,22.033,-0.2481783,0.03954779,-0.8849884,0.5084949,-0.5039494,0.4949278,0.4924576,
1,8,22.035,-0.2481783,0.03954779,-0.8849884,0.5084949,-0.5039494,0.4949278,0.4924576,
1,8,22.037,-0.2481783,0.03954779,-0.8849884,0.5084949,-0.5039494,0.4949278,0.4924576,
1,8,22.039,-0.2481783,0.03954779,-0.8849884,0.5084949,-0.5039494,0.4949278,0.4924576,
1,8,22.041,-0.2481779,0.03955169,-0.8849909,0.508478,-0.5039437,0.4949518,0.4924567,
1,8,22.043,-0.2481779,0.03955169,-0.8849909,0.508478,-0.5039437,0.4949518,0.4924567,
1,8,22.045,-0.2481779,0.03955169,-0.8849909,0.508478,-0.5039437,0.4949518,0.4924567,
1,8,22.047,-0.2481779,0.03955169,-0.8849909,0.508478,-0.5039437,0.4949518,0.4924567,
1,8,22.049,-0.2481695,0.03952907,-0.8849819,0.5084746,-0.5039438,0.4949458,0.4924661,
1,8,22.051,-0.2481695,0.03952907,-0.8849819,0.5084746,-0.5039438,0.4949458,0.4924661,
1,8,22.053,-0.2481695,0.03952907,-0.8849819,0.5084746,-0.5039438,0.4949458,0.4924661,
1,8,22.055,-0.2481695,0.03952907,-0.8849819,0.5084746,-0.5039438,0.4949458,0.4924661,
1,8,22.057,-0.2481695,0.03952907,-0.8849819,0.5084746,-0.5039438,0.4949458,0.4924661,
1,8,22.059,-0.2481645,0.03953265,-0.8849875,0.5085027,-0.5039402,0.4949261,0.4924607,
1,8,22.061,-0.2481645,0.03953265,-0.8849875,0.5085027,-0.5039402,0.4949261,0.4924607,
1,8,22.063,-0.2481645,0.03953265,-0.8849875,0.5085027,-0.5039402,0.4949261,0.4924607,
1,8,22.065,-0.2481645,0.03953265,-0.8849875,0.5085027,-0.5039402,0.4949261,0.4924607,
1,8,22.067,-0.2481747,0.03955349,-0.8849851,0.5084782,-0.5039265,0.4949499,0.4924762,
1,8,22.069,-0.2481747,0.03955349,-0.8849851,0.5084782,-0.5039265,0.4949499,0.4924762,
1,8,22.071,-0.2481747,0.03955349,-0.8849851,0.5084782,-0.5039265,0.4949499,0.4924762,
1,8,22.073,-0.2481747,0.03955349,-0.8849851,0.5084782,-0.5039265,0.4949499,0.4924762,
1,8,22.075,-0.2481691,0.03955688,-0.8849915,0.5084828,-0.5039294,0.4949505,0.4924678,
1,8,22.077,-0.2481691,0.03955688,-0.8849915,0.5084828,-0.5039294,0.4949505,0.4924678,
1,8,22.079,-0.2481691,0.03955688,-0.8849915,0.5084828,-0.5039294,0.4949505,0.4924678,
1,8,22.081,-0.2481691,0.03955688,-0.8849915,0.5084828,-0.5039294,0.4949505,0.4924678,
1,8,22.083,-0.2481733,0.03953954,-0.8849915,0.5084891,-0.5039434,0.4949303,0.4924672,
1,8,22.085,-0.2481733,0.03953954,-0.8849915,0.5084891,-0.5039434,0.4949303,0.4924672,
1,8,22.087,-0.2481733,0.03953954,-0.8849915,0.5084891,-0.5039434,0.4949303,0.4924672,
1,8,22.089,-0.2481733,0.03953954,-0.8849915,0.5084891,-0.5039434,0.4949303,0.4924672,
1,8,22.091,-0.2481864,0.03953184,-0.884989,0.5084767,-0.5039712,0.4949117,0.4924704,
1,8,22.093,-0.2481864,0.03953184,-0.884989,0.5084767,-0.5039712,0.4949117,0.4924704,
1,8,22.095,-0.2481864,0.03953184,-0.884989,0.5084767,-0.5039712,0.4949117,0.4924704,
1,8,22.097,-0.2481864,0.03953184,-0.884989,0.5084767,-0.5039712,0.4949117,0.4924704,
1,8,22.099,-0.2481665,0.03953984,-0.8849864,0.5084761,-0.5039515,0.4949272,0.4924754,
1,8,22.101,-0.2481665,0.03953984,-0.8849864,0.5084761,-0.5039515,0.4949272,0.4924754,
1,8,22.103,-0.2481665,0.03953984,-0.8849864,0.5084761,-0.5039515,0.4949272,0.4924754,
1,8,22.105,-0.2481665,0.03953984,-0.8849864,0.5084761,-0.5039515,0.4949272,0.4924754,
1,8,22.107,-0.2481665,0.03953984,-0.8849864,0.5084761,-0.5039515,0.4949272,0.4924754,
1,8,22.109,-0.2481716,0.03955688,-0.8849798,0.5084464,-0.5039358,0.4949545,0.4924948,
1,8,22.111,-0.2481716,0.03955688,-0.8849798,0.5084464,-0.5039358,0.4949545,0.4924948,
1,8,22.113,-0.2481716,0.03955688,-0.8849798,0.5084464,-0.5039358,0.4949545,0.4924948,
1,8,22.115,-0.2481716,0.03955688,-0.8849798,0.5084464,-0.5039358,0.4949545,0.4924948,
1,8,22.117,-0.2481762,0.03955898,-0.8849818,0.508453,-0.5039343,0.4949593,0.4924847,
1,8,22.119,-0.2481762,0.03955898,-0.8849818,0.508453,-0.5039343,0.4949593,0.4924847,
1,8,22.121,-0.2481762,0.03955898,-0.8849818,0.508453,-0.5039343,0.4949593,0.4924847,
1,8,22.123,-0.2481762,0.03955898,-0.8849818,0.508453,-0.5039343,0.4949593,0.4924847,
1,8,22.125,-0.2481834,0.03956363,-0.8849753,0.5084682,-0.5039189,0.494971,0.4924729,
1,8,22.127,-0.2481834,0.03956363,-0.8849753,0.5084682,-0.5039189,0.494971,0.4924729,
1,8,22.129,-0.2481834,0.03956363,-0.8849753,0.5084682,-0.5039189,0.494971,0.4924729,
1,8,22.131,-0.2481834,0.03956363,-0.8849753,0.5084682,-0.5039189,0.494971,0.4924729,
1,8,22.133,-0.2481769,0.03955295,-0.8849763,0.5084739,-0.5039249,0.4949495,0.4924826,
1,8,22.135,-0.2481769,0.03955295,-0.8849763,0.5084739,-0.5039249,0.4949495,0.4924826,
1,8,22.137,-0.2481769,0.03955295,-0.8849763,0.5084739,-0.5039249,0.4949495,0.4924826,
1,8,22.139,-0.2481769,0.03955295,-0.8849763,0.5084739,-0.5039249,0.4949495,0.4924826,
1,8,22.141,-0.2481726,0.03954359,-0.8849736,0.5084738,-0.5039155,0.4949493,0.4924924,
1,8,22.143,-0.2481726,0.03954359,-0.8849736,0.5084738,-0.5039155,0.4949493,0.4924924,
1,8,22.145,-0.2481726,0.03954359,-0.8849736,0.5084738,-0.5039155,0.4949493,0.4924924,
1,8,22.147,-0.2481726,0.03954359,-0.8849736,0.5084738,-0.5039155,0.4949493,0.4924924,
1,8,22.149,-0.2481711,0.03954836,-0.8849845,0.5084877,-0.5039347,0.4949485,0.4924593,
1,8,22.151,-0.2481711,0.03954836,-0.8849845,0.5084877,-0.5039347,0.4949485,0.4924593,
1,8,22.153,-0.2481711,0.03954836,-0.8849845,0.5084877,-0.5039347,0.4949485,0.4924593,
1,8,22.155,-0.2481711,0.03954836,-0.8849845,0.5084877,-0.5039347,0.4949485,0.4924593,
1,8,22.157,-0.2481711,0.03954836,-0.8849845,0.5084877,-0.5039347,0.4949485,0.4924593,
1,8,22.159,-0.2481681,0.03955128,-0.8849823,0.5084816,-0.5039145,0.4949605,0.4924743,
1,8,22.161,-0.2481681,0.03955128,-0.8849823,0.5084816,-0.5039145,0.4949605,0.4924743,
1,8,22.163,-0.2481681,0.03955128,-0.8849823,0.5084816,-0.5039145,0.4949605,0.4924743,
1,8,22.165,-0.2481681,0.03955128,-0.8849823,0.5084816,-0.5039145,0.4949605,0.4924743,
1,8,22.167,-0.2481789,0.03955219,-0.8849848,0.5084742,-0.5039263,0.4949607,0.4924694,
1,8,22.169,-0.2481789,0.03955219,-0.8849848,0.5084742,-0.5039263,0.4949607,0.4924694,
1,8,22.171,-0.2481789,0.03955219,-0.8849848,0.5084742,-0.5039263,0.4949607,0.4924694,
1,8,22.173,-0.2481789,0.03955219,-0.8849848,0.5084742,-0.5039263,0.4949607,0.4924694,
1,8,22.175,-0.2481894,0.03955707,-0.8849906,0.5084594,-0.5039237,0.4949719,0.4924762,
1,8,22.177,-0.2481894,0.03955707,-0.8849906,0.5084594,-0.5039237,0.4949719,0.4924762,
1,8,22.179,-0.2481894,0.03955707,-0.8849906,0.5084594,-0.5039237,0.4949719,0.4924762,
1,8,22.181,-0.2481894,0.03955707,-0.8849906,0.5084594,-0.5039237,0.4949719,0.4924762,CourtEnter
1,8,22.183,-0.2481858,0.03955472,-0.8849937,0.5084583,-0.503933,0.4949791,0.4924607,
1,8,22.185,-0.2481858,0.03955472,-0.8849937,0.5084583,-0.503933,0.4949791,0.4924607,
1,8,22.187,-0.2481858,0.03955472,-0.8849937,0.5084583,-0.503933,0.4949791,0.4924607,
1,8,22.189,-0.2481858,0.03955472,-0.8849937,0.5084583,-0.503933,0.4949791,0.4924607,CourtExit
1,8,22.191,-0.2481876,0.03956449,-0.8849921,0.5084681,-0.5039279,0.494978,0.4924569,
1,8,22.193,-0.2481876,0.03956449,-0.8849921,0.5084681,-0.5039279,0.494978,0.4924569,
1,8,22.195,-0.2481876,0.03956449,-0.8849921,0.5084681,-0.5039279,0.494978,0.4924569,
1,8,22.197,-0.2481876,0.03956449,-0.8849921,0.5084681,-0.5039279,0.494978,0.4924569,
1,8,22.199,-0.2481834,0.03956401,-0.8849897,0.5084758,-0.5039173,0.4949655,0.4924724,
1,8,22.201,-0.2481834,0.03956401,-0.8849897,0.5084758,-0.5039173,0.4949655,0.4924724,
1,8,22.203,-0.2481834,0.03956401,-0.8849897,0.5084758,-0.5039173,0.4949655,0.4924724,
1,8,22.205,-0.2481834,0.03956401,-0.8849897,0.5084758,-0.5039173,0.4949655,0.4924724,
1,8,22.207,-0.2481834,0.03956401,-0.8849897,0.5084758,-0.5039173,0.4949655,0.4924724,
1,8,22.209,-0.2481768,0.03956382,-0.8849886,0.5084732,-0.503909,0.4949763,0.4924725,
1,8,22.211,-0.2481768,0.03956382,-0.8849886,0.5084732,-0.503909,0.4949763,0.4924725,
1,8,22.213,-0.2481768,0.03956382,-0.8849886,0.5084732,-0.503909,0.4949763,0.4924725,
1,8,22.215,-0.2481768,0.03956382,-0.8849886,0.5084732,-0.503909,0.4949763,0.4924725,
1,8,22.217,-0.2481737,0.0395641,-0.8849896,0.5084771,-0.5039217,0.4949655,0.4924664,
1,8,22.219,-0.2481737,0.0395641,-0.8849896,0.5084771,-0.5039217,0.4949655,0.4924664,
1,8,22.221,-0.2481737,0.0395641,-0.8849896,0.5084771,-0.5039217,0.4949655,0.4924664,
1,8,22.223,-0.2481737,0.0395641,-0.8849896,0.5084771,-0.5039217,0.4949655,0.4924664,
1,8,22.225,-0.2481806,0.03956233,-0.8849859,0.5084608,-0.5039407,0.4949599,0.4924694,
1,8,22.227,-0.2481806,0.03956233,-0.8849859,0.5084608,-0.5039407,0.4949599,0.4924694,
1,8,22.229,-0.2481806,0.03956233,-0.8849859,0.5084608,-0.5039407,0.4949599,0.4924694,
1,8,22.231,-0.2481806,0.03956233,-0.8849859,0.5084608,-0.5039407,0.4949599,0.4924694,
1,8,22.233,-0.248175,0.03955948,-0.8849803,0.5084619,-0.5039257,0.4949673,0.4924763,
1,8,22.235,-0.248175,0.03955948,-0.8849803,0.5084619,-0.5039257,0.4949673,0.4924763,
1,8,22.237,-0.248175,0.03955948,-0.8849803,0.5084619,-0.5039257,0.4949673,0.4924763,
1,8,22.239,-0.248175,0.03955948,-0.8849803,0.5084619,-0.5039257,0.4949673,0.4924763,
1,8,22.241,-0.2481786,0.0395565,-0.8849902,0.5084763,-0.5039359,0.4949523,0.4924659,
1,8,22.243,-0.2481786,0.0395565,-0.8849902,0.5084763,-0.5039359,0.4949523,0.4924659,
1,8,22.245,-0.2481786,0.0395565,-0.8849902,0.5084763,-0.5039359,0.4949523,0.4924659,
1,8,22.247,-0.2481786,0.0395565,-0.8849902,0.5084763,-0.5039359,0.4949523,0.4924659,
1,8,22.249,-0.248181,0.03955535,-0.8849888,0.5084801,-0.5039402,0.4949552,0.4924549,
1,8,22.251,-0.248181,0.03955535,-0.8849888,0.5084801,-0.5039402,0.4949552,0.4924549,
1,8,22.253,-0.248181,0.03955535,-0.8849888,0.5084801,-0.5039402,0.4949552,0.4924549,
1,8,22.255,-0.248181,0.03955535,-0.8849888,0.5084801,-0.5039402,0.4949552,0.4924549,
1,8,22.257,-0.248181,0.03955535,-0.8849888,0.5084801,-0.5039402,0.4949552,0.4924549,
1,8,22.259,-0.2481789,0.03955862,-0.8849831,0.5084897,-0.5039201,0.4949556,0.4924648,
1,8,22.261,-0.2481789,0.03955862,-0.8849831,0.5084897,-0.5039201,0.4949556,0.4924648,
1,8,22.263,-0.2481789,0.03955862,-0.8849831,0.5084897,-0.5039201,0.4949556,0.4924648,
1,8,22.265,-0.2481789,0.03955862,-0.8849831,0.5084897,-0.5039201,0.4949556,0.4924648,
1,8,22.267,-0.2481993,0.03954368,-0.8849776,0.5084971,-0.5039344,0.4949226,0.4924759,
1,8,22.269,-0.2481993,0.03954368,-0.8849776,0.5084971,-0.5039344,0.4949226,0.4924759,
1,8,22.271,-0.2481993,0.03954368,-0.8849776,0.5084971,-0.5039344,0.4949226,0.4924759,
1,8,22.273,-0.2481993,0.03954368,-0.8849776,0.5084971,-0.5039344,0.4949226,0.4924759,
1,8,22.275,-0.2481994,0.03955766,-0.884972,0.5084708,-0.5039311,0.4949391,0.4924899,
1,8,22.277,-0.2481994,0.03955766,-0.884972,0.5084708,-0.5039311,0.4949391,0.4924899,
1,8,22.279,-0.2481994,0.03955766,-0.884972,0.5084708,-0.5039311,0.4949391,0.4924899,
1,8,22.281,-0.2481994,0.03955766,-0.884972,0.5084708,-0.5039311,0.4949391,0.4924899,
1,8,22.283,-0.2482016,0.03954411,-0.8849765,0.5084791,-0.5039603,0.4949149,0.4924757,
1,8,22.285,-0.2482016,0.03954411,-0.8849765,0.5084791,-0.5039603,0.4949149,0.4924757,
1,8,22.287,-0.2482016,0.03954411,-0.8849765,0.5084791,-0.5039603,0.4949149,0.4924757,
1,8,22.289,-0.2482016,0.03954411,-0.8849765,0.5084791,-0.5039603,0.4949149,0.4924757,
1,8,22.291,-0.2481861,0.03954305,-0.8849744,0.5084903,-0.5039424,0.4949116,0.4924859,
1,8,22.293,-0.2481861,0.03954305,-0.8849744,0.5084903,-0.5039424,0.4949116,0.4924859,
1,8,22.295,-0.2481861,0.03954305,-0.8849744,0.5084903,-0.5039424,0.4949116,0.4924859,
1,8,22.297,-0.2481861,0.03954305,-0.8849744,0.5084903,-0.5039424,0.4949116,0.4924859,
1,8,22.299,-0.2481869,0.03954687,-0.884969,0.5085011,-0.5039387,0.4949044,0.4924858,
1,8,22.301,-0.2481869,0.03954687,-0.884969,0.5085011,-0.5039387,0.4949044,0.4924858,
1,8,22.303,-0.2481869,0.03954687,-0.884969,0.5085011,-0.5039387,0.4949044,0.4924858,
1,8,22.305,-0.2481869,0.03954687,-0.884969,0.5085011,-0.5039387,0.4949044,0.4924858,
1,8,22.307,-0.2481869,0.03954687,-0.884969,0.5085011,-0.5039387,0.4949044,0.4924858,
1,8,22.309,-0.2481958,0.03954565,-0.8849793,0.5084823,-0.5039483,0.4949133,0.4924864,
1,8,22.311,-0.2481958,0.03954565,-0.8849793,0.5084823,-0.5039483,0.4949133,0.4924864,
1,8,22.313,-0.2481958,0.03954565,-0.8849793,0.5084823,-0.5039483,0.4949133,0.4924864,
1,8,22.315,-0.2481958,0.03954565,-0.8849793,0.5084823,-0.5039483,0.4949133,0.4924864,
1,8,22.317,-0.2481904,0.03954817,-0.8849869,0.5084745,-0.5039414,0.4949321,0.4924825,
1,8,22.319,-0.2481904,0.03954817,-0.8849869,0.5084745,-0.5039414,0.4949321,0.4924825,
1,8,22.321,-0.2481904,0.03954817,-0.8849869,0.5084745,-0.5039414,0.4949321,0.4924825,
1,8,22.323,-0.2481904,0.03954817,-0.8849869,0.5084745,-0.5039414,0.4949321,0.4924825,
1,8,22.325,-0.2481788,0.03954435,-0.8849826,0.5085028,-0.5039303,0.4949205,0.4924763,
1,8,22.327,-0.2481788,0.03954435,-0.8849826,0.5085028,-0.5039303,0.4949205,0.4924763,
1,8,22.329,-0.2481788,0.03954435,-0.8849826,0.5085028,-0.5039303,0.4949205,0.4924763,
1,8,22.331,-0.2481788,0.03954435,-0.8849826,0.5085028,-0.5039303,0.4949205,0.4924763,
1,8,22.333,-0.2481835,0.03954357,-0.8849866,0.5084878,-0.5039244,0.4949359,0.4924825,
1,8,22.335,-0.2481835,0.03954357,-0.8849866,0.5084878,-0.5039244,0.4949359,0.4924825,
1,8,22.337,-0.2481835,0.03954357,-0.8849866,0.5084878,-0.5039244,0.4949359,0.4924825,
1,8,22.339,-0.2481835,0.03954357,-0.8849866,0.5084878,-0.5039244,0.4949359,0.4924825,
1,8,22.341,-0.2481884,0.03954287,-0.8849875,0.508491,-0.5039325,0.4949272,0.4924796,
1,8,22.343,-0.2481884,0.03954287,-0.8849875,0.508491,-0.5039325,0.4949272,0.4924796,
1,8,22.345,-0.2481884,0.03954287,-0.8849875,0.508491,-0.5039325,0.4949272,0.4924796,
1,8,22.347,-0.2481884,0.03954287,-0.8849875,0.508491,-0.5039325,0.4949272,0.4924796,
1,8,22.349,-0.248178,0.03955504,-0.884981,0.5084822,-0.5039244,0.4949361,0.4924878,
1,8,22.351,-0.248178,0.03955504,-0.884981,0.5084822,-0.5039244,0.4949361,0.4924878,
1,8,22.353,-0.248178,0.03955504,-0.884981,0.5084822,-0.5039244,0.4949361,0.4924878,
1,8,22.355,-0.248178,0.03955504,-0.884981,0.5084822,-0.5039244,0.4949361,0.4924878,
1,8,22.357,-0.248178,0.03955504,-0.884981,0.5084822,-0.5039244,0.4949361,0.4924878,
1,8,22.359,-0.2481883,0.03955025,-0.8849851,0.5084704,-0.5039061,0.4949599,0.4924949,
1,8,22.361,-0.2481883,0.03955025,-0.8849851,0.5084704,-0.5039061,0.4949599,0.4924949,
1,8,22.363,-0.2481883,0.03955025,-0.8849851,0.5084704,-0.5039061,0.4949599,0.4924949,
1,8,22.365,-0.2481883,0.03955025,-0.8849851,0.5084704,-0.5039061,0.4949599,0.4924949,
1,8,22.367,-0.2481985,0.03954223,-0.884986,0.5084772,-0.5039408,0.4949214,0.4924911,
1,8,22.369,-0.2481985,0.03954223,-0.884986,0.5084772,-0.5039408,0.4949214,0.4924911,
1,8,22.371,-0.2481985,0.03954223,-0.884986,0.5084772,-0.5039408,0.4949214,0.4924911,
1,8,22.373,-0.2481985,0.03954223,-0.884986,0.5084772,-0.5039408,0.4949214,0.4924911,
1,8,22.375,-0.2481865,0.0395559,-0.8849897,0.5084556,-0.5039279,0.4949498,0.492498,
1,8,22.377,-0.2481865,0.0395559,-0.8849897,0.5084556,-0.5039279,0.4949498,0.492498,
1,8,22.379,-0.2481865,0.0395559,-0.8849897,0.5084556,-0.5039279,0.4949498,0.492498,
1,8,22.381,-0.2481865,0.0395559,-0.8849897,0.5084556,-0.5039279,0.4949498,0.492498,
1,8,22.383,-0.2482018,0.03956026,-0.8849894,0.5084622,-0.5039316,0.4949521,0.4924853,
1,8,22.385,-0.2482018,0.03956026,-0.8849894,0.5084622,-0.5039316,0.4949521,0.4924853,
1,8,22.387,-0.2482018,0.03956026,-0.8849894,0.5084622,-0.5039316,0.4949521,0.4924853,
1,8,22.389,-0.2482018,0.03956026,-0.8849894,0.5084622,-0.5039316,0.4949521,0.4924853,
1,8,22.391,-0.2482064,0.03955991,-0.8849803,0.5084457,-0.5039324,0.4949595,0.4924939,
1,8,22.393,-0.2482064,0.03955991,-0.8849803,0.5084457,-0.5039324,0.4949595,0.4924939,
1,8,22.395,-0.2482064,0.03955991,-0.8849803,0.5084457,-0.5039324,0.4949595,0.4924939,
1,8,22.397,-0.2482064,0.03955991,-0.8849803,0.5084457,-0.5039324,0.4949595,0.4924939,
1,8,22.399,-0.248198,0.03954763,-0.8849737,0.5084581,-0.5039259,0.4949634,0.4924838,
1,8,22.401,-0.248198,0.03954763,-0.8849737,0.5084581,-0.5039259,0.4949634,0.4924838,
1,8,22.403,-0.248198,0.03954763,-0.8849737,0.5084581,-0.5039259,0.4949634,0.4924838,
1,8,22.405,-0.248198,0.03954763,-0.8849737,0.5084581,-0.5039259,0.4949634,0.4924838,
1,8,22.407,-0.248198,0.03954763,-0.8849737,0.5084581,-0.5039259,0.4949634,0.4924838,
1,8,22.409,-0.2481798,0.03955286,-0.8849736,0.5084553,-0.5039208,0.494957,0.4924985,
1,8,22.411,-0.2481798,0.03955286,-0.8849736,0.5084553,-0.5039208,0.494957,0.4924985,
1,8,22.413,-0.2481798,0.03955286,-0.8849736,0.5084553,-0.5039208,0.494957,0.4924985,
1,8,22.415,-0.2481798,0.03955286,-0.8849736,0.5084553,-0.5039208,0.494957,0.4924985,
1,8,22.417,-0.2481865,0.03955377,-0.8849837,0.5084431,-0.5039361,0.4949585,0.492494,
1,8,22.419,-0.2481865,0.03955377,-0.8849837,0.5084431,-0.5039361,0.4949585,0.492494,
1,8,22.421,-0.2481865,0.03955377,-0.8849837,0.5084431,-0.5039361,0.4949585,0.492494,
1,8,22.423,-0.2481865,0.03955377,-0.8849837,0.5084431,-0.5039361,0.4949585,0.492494,
1,8,22.425,-0.2481746,0.03954987,-0.884992,0.508468,-0.5039234,0.4949436,0.4924964,
1,8,22.427,-0.2481746,0.03954987,-0.884992,0.508468,-0.5039234,0.4949436,0.4924964,
1,8,22.429,-0.2481746,0.03954987,-0.884992,0.508468,-0.5039234,0.4949436,0.4924964,
1,8,22.431,-0.2481746,0.03954987,-0.884992,0.508468,-0.5039234,0.4949436,0.4924964,
1,8,22.433,-0.2481731,0.03954154,-0.8849856,0.5084869,-0.5039476,0.4949071,0.4924886,
1,8,22.435,-0.2481731,0.03954154,-0.8849856,0.5084869,-0.5039476,0.4949071,0.4924886,
1,8,22.437,-0.2481731,0.03954154,-0.8849856,0.5084869,-0.5039476,0.4949071,0.4924886,
1,8,22.439,-0.2481731,0.03954154,-0.8849856,0.5084869,-0.5039476,0.4949071,0.4924886,
