stage,trial,time,position.x,position.y,position.z,rotation.x,rotation.y,rotation.z,rotation.w,event
0,0,0,0,0,0,0,0,0,1,
1,1,0.01999999,0,0,0,0,-0.7071068,0,0.7071067,StageStart
1,1,0.02833333,0,0,0,0,-0.7071068,0,0.7071067,
1,1,0.03666666,0,0,0,0,-0.7071068,0,0.7071067,
1,1,0.04251206,0,0,0,0,-0.7071068,0,0.7071067,
1,1,0.0508454,0,0,0,0,-0.7071068,0,0.7071067,
1,1,0.0587734,0,0,0,0,-0.7071068,0,0.7071067,
1,1,0.0669987,0,0,0,0,-0.7071068,0,0.7071067,
1,1,0.0751114,0,0,0,0,-0.7071068,0,0.7071067,
1,1,0.08344473,0,0,0,0,-0.7071068,0,0.7071067,
1,1,0.09177806,0,0,0,0,-0.7071068,0,0.7071067,
1,1,0.09995746,0,0,0,0,-0.7071068,0,0.7071067,
1,1,0.1081169,0,0,0,0,-0.7071068,0,0.7071067,
1,1,0.1164502,0,0,0,0,-0.7071068,0,0.7071067,
1,1,0.1244902,0,0,0,0,-0.7071068,0,0.7071067,
1,1,0.1327901,0,0,0,0,-0.7071068,0,0.7071067,
1,1,0.1411234,0,0,0,0,-0.7071068,0,0.7071067,
1,1,0.1494568,0,0,0,0,-0.7071068,0,0.7071067,
1,1,0.1577901,0,0,0,0,-0.7071068,0,0.7071067,
1,1,0.1661234,0,0,0,0,-0.7071068,0,0.7071067,
1,1,0.1744568,0,0,0,0,-0.7071068,0,0.7071067,
1,1,0.1817697,0,0,0,0,-0.7071068,0,0.7071067,
1,1,0.190103,0,0,0,0,-0.7071068,0,0.7071067,
1,1,0.1969686,0,0,0,0,-0.7071068,0,0.7071067,
1,1,0.2053019,0,0,0,0,-0.7071068,0,0.7071067,
1,1,0.2121539,0,0,0,0,-0.7071068,0,0.7071067,
1,1,0.2204873,0,0,0,0,-0.7071068,0,0.7071067,
1,1,0.227416,0,0,0,0,-0.7071068,0,0.7071067,
1,1,0.2357493,0,0,0,0,-0.7071068,0,0.7071067,
1,1,0.2429494,0,0,0,0,-0.7071068,0,0.7071067,
1,1,0.2512828,0,0,0,0,-0.7071068,0,0.7071067,
1,1,0.2581591,0,0,0,0,-0.7071068,0,0.7071067,
1,1,0.2664925,0,0,0,0,-0.7071068,0,0.7071067,
1,1,0.2748258,0,0,0,0,-0.7071068,0,0.7071067,
1,1,0.282988,0,0,0,0,-0.7071068,0,0.7071067,
1,1,0.2913213,0,0,0,0,-0.7071068,0,0.7071067,
1,1,0.2996547,0,0,0,0,-0.7071068,0,0.7071067,
1,1,0.3076111,0,0,0,0,-0.7071068,0,0.7071067,
1,1,0.3158475,0,0,0,0,-0.7071068,0,0.7071067,
1,1,0.3241808,0,0,0,0,-0.7071068,0,0.7071067,
1,1,0.3322229,0,0,0,0,-0.7071068,0,0.7071067,
1,1,0.3405562,0,0,0,0,-0.7071068,0,0.7071067,
1,1,0.3487925,0,0,0,0,-0.7071068,0,0.7071067,
1,1,0.3571259,0,0,0,0,-0.7071068,0,0.7071067,
1,1,0.3649404,0,0,0,0,-0.7071068,0,0.7071067,
1,1,0.3732737,0,0,0,0,-0.7071068,0,0.7071067,
1,1,0.3814032,0,0,0,0,-0.7071068,0,0.7071067,
1,1,0.3897365,0,0,0,0,-0.7071068,0,0.7071067,
1,1,0.3977576,0,0,0,0,-0.7071068,0,0.7071067,
1,1,0.4060909,0,0,0,0,-0.7071068,0,0.7071067,
1,1,0.4143597,0,0,0,0,-0.7071068,0,0.7071067,
1,1,0.4224862,0,0,0,0,-0.7071068,0,0.7071067,
1,1,0.4307493,0,0,0,0,-0.7071068,0,0.7071067,
1,1,0.4390826,0,0,0,0,-0.7071068,0,0.7071067,
1,1,0.4471106,0,0,0,0,-0.7071068,0,0.7071067,
1,1,0.4554439,0,0,0,0,-0.7071068,0,0.7071067,
1,1,0.4633805,0,0,0,0,-0.7071068,0,0.7071067,
1,1,0.4717138,0,0,0,0,-0.7071068,0,0.7071067,
1,1,0.4799685,0,0,0,0,-0.7071068,0,0.7071067,
1,1,0.4881045,0,0,0,0,-0.7071068,0,0.7071067,
1,1,0.4964378,0,0,0,0,-0.7071068,0,0.7071067,
1,1,0.5046466,0,0,0,0,-0.7071068,0,0.7071067,
1,1,0.5129799,0,0,0,0,-0.7071068,0,0.7071067,
1,1,0.5210513,0,0,0,0,-0.7071068,0,0.7071067,
1,1,0.5293847,0,0,0,0,-0.7071068,0,0.7071067,
1,1,0.537718,0,0,0,0,-0.7071068,0,0.7071067,
1,1,0.5459744,0,0,0,0,-0.7071068,0,0.7071067,
1,1,0.5543077,0,0,0,0,-0.7071068,0,0.7071067,
1,1,0.5624193,0,0,0,0,-0.7071068,0,0.7071067,
1,1,0.5706303,0,0,0,0,-0.7071068,0,0.7071067,
1,1,0.5789636,0,0,0,0,-0.7071068,0,0.7071067,
1,1,0.587297,0,0,0,0,-0.7071068,0,0.7071067,
1,1,0.5956303,0,0,0,0,-0.7071068,0,0.7071067,
1,1,0.6035914,0,0,0,0,-0.7071068,0,0.7071067,
1,1,0.6117232,0,0,0,0,-0.7071068,0,0.7071067,
1,1,0.6200566,0,0,0,0,-0.7071068,0,0.7071067,
1,1,0.6281253,0,0,0,0,-0.7071068,0,0.7071067,
1,1,0.6364586,0,0,0,0,-0.7071068,0,0.7071067,
1,1,0.6444646,0,0,0,0,-0.7071068,0,0.7071067,
1,1,0.6527979,0,0,0,0,-0.7071068,0,0.7071067,
1,1,0.660896,0,0,0,0,-0.7071068,0,0.7071067,
1,1,0.6692293,0,0,0,0,-0.7071068,0,0.7071067,
1,1,0.677537,0,0,0,0,-0.7071068,0,0.7071067,
1,1,0.6858703,0,0,0,0,-0.7071068,0,0.7071067,
1,1,0.6942036,0,0,0,0,-0.7071068,0,0.7071067,
1,1,0.7025369,0,0,0,0,-0.7071068,0,0.7071067,
1,1,0.7108703,2.385123,0.8126675,-1.149317,0.1657042,-0.6489561,0.6911685,-0.2714485,
1,1,0.7192036,2.384805,0.8121144,-1.140596,0.1608194,-0.6446876,0.695241,-0.2741441,
1,1,0.727537,2.385579,0.8124634,-1.114517,0.1527626,-0.6303602,0.7077889,-0.2799009,
1,1,0.7358703,2.385581,0.8125699,-1.112433,0.1527731,-0.6286341,0.7091978,-0.2802107,
1,1,0.7442036,2.385609,0.8128073,-1.109725,0.1514515,-0.6263551,0.710785,-0.2820043,
1,1,0.752537,2.385899,0.8130007,-1.108218,0.1497714,-0.6245759,0.7116376,-0.2846848,
1,1,0.7608703,2.386207,0.8131951,-1.107252,0.1471131,-0.6231565,0.7122499,-0.2876348,
1,1,0.7692036,2.386504,0.8133386,-1.107317,0.1436026,-0.6221557,0.7125883,-0.2907206,
1,1,0.7775369,2.386579,0.8133485,-1.108863,0.1409204,-0.6218079,0.712528,-0.2929168,
1,1,0.7858703,2.386432,0.8133902,-1.111338,0.139577,-0.6218252,0.7122551,-0.294184,
1,1,0.7942036,2.386448,0.8135279,-1.11417,0.1389185,-0.6226192,0.7114974,-0.2946495,
1,1,0.802537,2.385954,0.8137907,-1.119601,0.1384591,-0.6256462,0.7089485,-0.2945982,
1,1,0.8108703,2.385807,0.8142071,-1.125307,0.1380244,-0.629667,0.7052365,-0.2951443,
1,1,0.8192036,2.385717,0.8149501,-1.132337,0.1368299,-0.6347158,0.7005484,-0.2960498,
1,1,0.8275369,2.385688,0.8158888,-1.140315,0.1339299,-0.6408183,0.6948867,-0.2975689,
1,1,0.8358703,2.385682,0.8169423,-1.149093,0.1314543,-0.64736,0.6886487,-0.2990114,
1,1,0.8442036,2.385535,0.8181135,-1.158162,0.1301925,-0.6539332,0.6823805,-0.2996302,
1,1,0.852537,2.385429,0.8194513,-1.167859,0.1299427,-0.6610111,0.6755512,-0.2996827,
1,1,0.8608703,2.385244,0.8212639,-1.178407,0.1302207,-0.6688744,0.6678709,-0.2993293,
1,1,0.8692036,2.384979,0.8231989,-1.189065,0.1303011,-0.6765516,0.6603841,-0.298651,
1,1,0.877537,2.384389,0.8252419,-1.199875,0.1303871,-0.6842519,0.6528879,-0.2975497,
1,1,0.8858703,2.383672,0.8275408,-1.210887,0.1303395,-0.692151,0.6451591,-0.2961561,
1,1,0.8942036,2.382805,0.8301398,-1.22212,0.1301344,-0.7002171,0.6371172,-0.294691,
1,1,0.9025369,2.381494,0.8329537,-1.233157,0.1298708,-0.7081727,0.6288477,-0.2935569,
1,1,0.9108703,2.38035,0.8359089,-1.244123,0.1295171,-0.7161278,0.620406,-0.2923746,
1,1,0.9192036,2.379448,0.8389078,-1.253819,0.1295199,-0.7239032,0.6119027,-0.2911423,
1,1,0.927537,2.378519,0.8419645,-1.263021,0.1295009,-0.731442,0.6034621,-0.2899235,
1,1,0.9358703,2.37732,0.8451107,-1.272781,0.1296422,-0.738695,0.5952647,-0.2884136,
1,1,0.9442036,2.375726,0.8481539,-1.281951,0.1301205,-0.7459584,0.5870422,-0.2863497,
1,1,0.9525369,2.374458,0.8514561,-1.290939,0.1308006,-0.7531099,0.578831,-0.2840272,
1,1,0.9608703,2.373317,0.8549225,-1.299274,0.131254,-0.7599241,0.5708777,-0.2817562,
1,1,0.9692036,2.372208,0.8583256,-1.306908,0.13141,-0.7663186,0.5632348,-0.2797386,
1,1,0.977537,2.371223,0.8616174,-1.313684,0.1315604,-0.7719139,0.556294,-0.2781685,
1,1,0.9858703,2.37037,0.8647345,-1.319688,0.1316312,-0.7768912,0.5498835,-0.2770224,
1,1,0.9942036,2.369756,0.8675909,-1.325097,0.13142,-0.7814186,0.5439539,-0.2760943,
1,1,1.002537,2.369172,0.8700367,-1.329517,0.1315207,-0.7853016,0.5388363,-0.2750621,
1,1,1.01087,2.368619,0.8721989,-1.333337,0.1318506,-0.7887071,0.5345951,-0.2734311,
1,1,1.019204,2.368238,0.8740042,-1.33626,0.13271,-0.7917928,0.5308577,-0.2713713,
1,1,1.027537,2.368002,0.8752809,-1.338053,0.1340774,-0.794217,0.5277771,-0.269618,
1,1,1.03587,2.367767,0.8766567,-1.339814,0.1352943,-0.7962264,0.5251153,-0.2682778,
1,1,1.044204,2.367703,0.8773724,-1.340068,0.1361767,-0.7971222,0.5241449,-0.2670659,
1,1,1.052537,2.367652,0.8775707,-1.339853,0.1371476,-0.7974451,0.5240773,-0.2657347,
1,1,1.06087,2.367485,0.8776079,-1.338318,0.138558,-0.7969367,0.5251565,-0.2643943,
1,1,1.069204,2.367579,0.8767735,-1.336456,0.1397895,-0.7961261,0.526774,-0.2629662,
1,1,1.077537,2.367757,0.875742,-1.333731,0.1407588,-0.7944003,0.529592,-0.2620064,
1,1,1.08587,2.368136,0.8744451,-1.330221,0.1413358,-0.7918952,0.533117,-0.2621307,
1,1,1.094204,2.368689,0.8727146,-1.326092,0.1417834,-0.7887657,0.5371779,-0.2630322,
1,1,1.102537,2.369126,0.8707495,-1.321299,0.1423642,-0.7848836,0.5422598,-0.2639023,
1,1,1.11087,2.369732,0.8683361,-1.316158,0.1431809,-0.7811611,0.5473185,-0.2640626,
1,1,1.119204,2.370044,0.8656176,-1.310246,0.1445176,-0.7769669,0.553058,-0.2637499,
1,1,1.127537,2.370302,0.8626689,-1.303752,0.1460176,-0.7723212,0.5594516,-0.2630831,
1,1,1.13587,2.370625,0.8594866,-1.296619,0.1477062,-0.7672336,0.5664397,-0.2620718,
1,1,1.144204,2.370914,0.856355,-1.289241,0.1493778,-0.7617577,0.5736598,-0.2613919,
1,1,1.152537,2.3713,0.8531913,-1.281391,0.1515974,-0.7559155,0.5809523,-0.2609685,
1,1,1.16087,2.371443,0.8501065,-1.273493,0.1536056,-0.7498137,0.5885775,-0.26031,
1,1,1.169204,2.3716,0.8471195,-1.265352,0.1552395,-0.7435321,0.59631,-0.2597597,
1,1,1.177537,2.371858,0.8439621,-1.25737,0.1565693,-0.7372161,0.6039369,-0.2593429,
1,1,1.18587,2.372066,0.8409821,-1.249421,0.1585869,-0.7309629,0.6111658,-0.2588818,
1,1,1.194204,2.372318,0.8381832,-1.241405,0.1609539,-0.7246919,0.618178,-0.2584018,
1,1,1.202537,2.372433,0.835434,-1.233651,0.1653461,-0.7185447,0.6246238,-0.2572922,
1,1,1.21087,2.372208,0.8331496,-1.226061,0.17604,-0.7127026,0.6298661,-0.2536405,
1,1,1.219204,2.371833,0.8321981,-1.222425,0.1825014,-0.710148,0.6320881,-0.2506945,
1,1,1.227537,2.370885,0.8314533,-1.219342,0.191562,-0.7081849,0.6336752,-0.2454259,
1,1,1.23587,2.370224,0.8296843,-1.212184,0.2008589,-0.7036292,0.6379802,-0.2398809,
1,1,1.244204,2.369643,0.8290199,-1.209436,0.199779,-0.7025011,0.6402414,-0.2380579,
1,1,1.252537,2.369091,0.8274347,-1.202997,0.2006227,-0.6985692,0.6452644,-0.2353409,
1,1,1.26087,2.368799,0.8268671,-1.200744,0.1954757,-0.6976435,0.6474586,-0.2363899,
1,1,1.269204,2.368738,0.8259955,-1.194744,0.1931961,-0.6944122,0.651698,-0.2361285,
1,1,1.277537,2.368696,0.8264726,-1.19307,0.1906346,-0.6932775,0.6526807,-0.2388153,
1,1,1.28587,2.36874,0.8258939,-1.187611,0.1899985,-0.689905,0.6562926,-0.2391896,
1,1,1.294204,2.368952,0.8261164,-1.186291,0.1902281,-0.688301,0.6572912,-0.2408804,
1,1,1.302537,2.369339,0.8257072,-1.182059,0.1900022,-0.6850626,0.6603032,-0.2420498,
1,1,1.31087,2.369626,0.8257064,-1.181132,0.1895246,-0.6839573,0.661139,-0.2432656,
1,1,1.319204,2.370019,0.8255886,-1.177834,0.1880149,-0.681549,0.6634619,-0.244867,
1,1,1.327537,2.370166,0.8256717,-1.177387,0.1867061,-0.6810353,0.6640732,-0.2456391,
1,1,1.33587,2.370416,0.8255922,-1.174964,0.1852098,-0.6792886,0.6659453,-0.2465385,
1,1,1.344204,2.370465,0.8256722,-1.175096,0.184923,-0.6794063,0.6660788,-0.2460685,
1,1,1.352537,2.370688,0.8256685,-1.17337,0.1843917,-0.67834,0.667293,-0.2461189,
1,1,1.36087,2.370852,0.8257816,-1.174254,0.1855027,-0.6787449,0.6669734,-0.245032,
1,1,1.369204,2.371077,0.8259354,-1.174177,0.1864854,-0.6785868,0.6671196,-0.2443246,
1,1,1.377537,2.371369,0.8263457,-1.175496,0.186933,-0.6787397,0.6669091,-0.2441328,
1,1,1.38587,2.371394,0.826382,-1.175796,0.1869419,-0.6788386,0.6668101,-0.2441213,
1,1,1.394204,2.37149,0.8265488,-1.176528,0.1871653,-0.6790227,0.6666638,-0.2438378,
1,1,1.402537,2.371368,0.8268483,-1.177882,0.1879211,-0.6794571,0.6662382,-0.2432083,
1,1,1.41087,2.371156,0.8272942,-1.180331,0.1889791,-0.6805885,0.6651329,-0.2422489,
1,1,1.419204,2.371099,0.8276607,-1.182517,0.1898665,-0.6817173,0.6640515,-0.2413457,
1,1,1.427537,2.371216,0.8282142,-1.185239,0.1904806,-0.6832151,0.6625223,-0.2408287,
1,1,1.43587,2.37142,0.8287048,-1.188467,0.1915072,-0.685202,0.6604063,-0.2401806,
1,1,1.444204,2.371568,0.8290668,-1.190997,0.1916977,-0.6868799,0.6586173,-0.2401488,
1,1,1.452537,2.37184,0.829875,-1.195415,0.1916914,-0.6894404,0.6559963,-0.2399902,
1,1,1.46087,2.372041,0.830534,-1.198673,0.190789,-0.6913112,0.6541188,-0.2404516,
1,1,1.469204,2.372298,0.83147,-1.20347,0.1906195,-0.6942456,0.6510933,-0.2403431,
1,1,1.477537,2.371872,0.8325707,-1.206788,0.1908358,-0.6965084,0.6486217,-0.2403074,
1,1,1.48587,2.3717,0.8339238,-1.212157,0.1911279,-0.6999537,0.6449425,-0.2399667,
1,1,1.494204,2.371109,0.8351222,-1.215554,0.1915796,-0.7024144,0.6422707,-0.239582,
1,1,1.502537,2.370887,0.8366125,-1.221414,0.1917161,-0.7065841,0.6378777,-0.2389473,
1,1,1.51087,2.370237,0.8377925,-1.224629,0.191748,-0.7091194,0.6352294,-0.2384661,
1,1,1.519204,2.369826,0.8395092,-1.230743,0.1920199,-0.7134715,0.6304498,-0.2379491,
1,1,1.527537,2.369394,0.8405364,-1.234137,0.1925416,-0.7160792,0.627536,-0.237396,
1,1,1.53587,2.368819,0.8421728,-1.240346,0.1930802,-0.7206084,0.6225141,-0.2364739,
1,1,1.544204,2.367878,0.8431457,-1.243249,0.1932273,-0.723228,0.6195838,-0.2360517,
1,1,1.552537,2.367213,0.845045,-1.249536,0.1928711,-0.7279202,0.6142706,-0.2358064,
1,1,1.56087,2.366813,0.8470259,-1.255915,0.1922758,-0.7324827,0.608938,-0.2359952,
1,1,1.569204,2.366506,0.8480988,-1.258904,0.1915815,-0.7347064,0.6062601,-0.2365413,
1,1,1.577537,2.366296,0.8500872,-1.26522,0.1906251,-0.7390043,0.6011202,-0.2370428,
1,1,1.58587,2.365909,0.8509135,-1.267658,0.1897118,-0.7409216,0.5988669,-0.2374933,
1,1,1.594204,2.365634,0.852874,-1.273726,0.1885976,-0.7450835,0.5938753,-0.2378944,
1,1,1.602537,2.36533,0.853842,-1.276141,0.1871256,-0.7472146,0.5915491,-0.2381683,
1,1,1.61087,2.36511,0.8560057,-1.281927,0.1842119,-0.7515297,0.5867662,-0.2386931,
1,1,1.619204,2.365267,0.8573277,-1.284067,0.1781764,-0.7539596,0.5844802,-0.2412075,
1,1,1.627537,2.365785,0.8596197,-1.289244,0.1705091,-0.7574642,0.5801755,-0.2461117,
1,1,1.63587,2.366612,0.8604094,-1.290781,0.1621285,-0.7567422,0.5803499,-0.253475,
1,1,1.644204,2.367434,0.8623037,-1.29527,0.1522369,-0.7581073,0.5781776,-0.2603996,
1,1,1.652537,2.367902,0.8628569,-1.29664,0.1461216,-0.7574496,0.5785972,-0.2648469,
1,1,1.66087,2.368684,0.8644421,-1.300304,0.1380661,-0.7581463,0.5770003,-0.2705966,
1,1,1.669204,2.368497,0.8649496,-1.301412,0.1372692,-0.7588103,0.5759463,-0.2713851,
1,1,1.677537,2.368165,0.8660994,-1.304193,0.1354461,-0.7606528,0.5735497,-0.2722177,
1,1,1.68587,2.367857,0.8673111,-1.306935,0.1336183,-0.7625075,0.5714093,-0.2724333,
1,1,1.694204,2.367165,0.8676395,-1.307644,0.1347017,-0.7636818,0.5707192,-0.2700464,
1,1,1.702537,2.366425,0.8685118,-1.309772,0.1349209,-0.7655248,0.569171,-0.2679787,
1,1,1.71087,2.365647,0.8686169,-1.309989,0.1380558,-0.7666373,0.5685832,-0.2644258,
1,1,1.719204,2.364913,0.8692521,-1.31152,0.1399122,-0.768448,0.5670382,-0.2614956,
1,1,1.727537,2.36449,0.8692777,-1.311327,0.1423818,-0.7689038,0.5666639,-0.2596276,
1,1,1.73587,2.363819,0.8694461,-1.311671,0.145243,-0.769709,0.5659586,-0.2571838,
1,1,1.744204,2.363153,0.8695754,-1.311873,0.1475582,-0.7703924,0.5656554,-0.254472,
1,1,1.752537,2.362932,0.8692841,-1.311129,0.1489381,-0.7702342,0.566184,-0.2529668,
1,1,1.76087,2.362432,0.8691261,-1.310606,0.1510343,-0.7706698,0.5662346,-0.2502699,
1,1,1.769204,2.362346,0.8688497,-1.309415,0.1513686,-0.7703044,0.566931,-0.2496153,
1,1,1.777537,2.362111,0.8685155,-1.308299,0.152608,-0.7700214,0.5676365,-0.2481261,
1,1,1.78587,2.362374,0.8680189,-1.306825,0.1524539,-0.7688103,0.5690175,-0.2488126,
1,1,1.794204,2.36227,0.8674979,-1.304975,0.1529025,-0.7674379,0.5707222,-0.2488696,
1,1,1.802537,2.362745,0.8667997,-1.303169,0.1523574,-0.7658095,0.5724468,-0.2502552,
1,1,1.81087,2.363264,0.8657064,-1.300359,0.1520938,-0.7634314,0.5753303,-0.2510678,
1,1,1.819204,2.363306,0.8651093,-1.298429,0.1518996,-0.7616764,0.5774384,-0.2516754,
1,1,1.827537,2.363538,0.8640298,-1.295322,0.1522661,-0.7593778,0.5803218,-0.2517676,
1,1,1.83587,2.363608,0.8633357,-1.293226,0.1525872,-0.7578567,0.5822744,-0.251648,
1,1,1.844204,2.36386,0.8619722,-1.289708,0.1531182,-0.7552005,0.5855654,-0.2516748,
1,1,1.852537,2.363811,0.8610799,-1.28756,0.1537073,-0.7534394,0.5877667,-0.2514626,
1,1,1.86087,2.364087,0.8595915,-1.283655,0.1544623,-0.7505666,0.5913757,-0.2511291,
1,1,1.869204,2.363943,0.858745,-1.281324,0.1553381,-0.7486632,0.5937576,-0.2506499,
1,1,1.877537,2.364061,0.8572151,-1.277074,0.156555,-0.7454869,0.5976607,-0.2500831,
1,1,1.88587,2.363945,0.8564309,-1.274762,0.1574438,-0.7436931,0.5998514,-0.2496202,
1,1,1.894204,2.364296,0.8548496,-1.270235,0.158712,-0.7403764,0.6038527,-0.2490283,
1,1,1.902537,2.364131,0.8539089,-1.268249,0.1592152,-0.7387012,0.605906,-0.2486946,
1,1,1.91087,2.364351,0.8523031,-1.263904,0.1598634,-0.7352535,0.6099678,-0.2485666,
1,1,1.919204,2.364853,0.8507785,-1.2593,0.1605917,-0.7317545,0.6139234,-0.2486838,
1,1,1.927537,2.365113,0.8497771,-1.257385,0.1602971,-0.7297992,0.6159627,-0.2495755,
1,1,1.93587,2.365685,0.8482347,-1.252981,0.1605624,-0.7260078,0.6200453,-0.2503524,
1,1,1.944204,2.36602,0.8474212,-1.251086,0.1604686,-0.7241034,0.6219473,-0.2512086,
1,1,1.952537,2.366661,0.8459442,-1.247209,0.1606435,-0.7206265,0.6255659,-0.2521078,
1,1,1.96087,2.367276,0.8447282,-1.243098,0.1608891,-0.7171843,0.6292193,-0.2526746,
1,1,1.969204,2.367483,0.8440486,-1.241564,0.161072,-0.7157946,0.6307421,-0.2527023,
1,1,1.977537,2.367974,0.8428202,-1.238068,0.1613424,-0.7129061,0.6338571,-0.2529005,
1,1,1.98587,2.368155,0.8421345,-1.236905,0.1614783,-0.7119577,0.6348687,-0.2529479,
1,1,1.994204,2.36868,0.8413672,-1.233459,0.161454,-0.7094572,0.6375651,-0.2532073,
1,1,2.002537,2.368831,0.840865,-1.232656,0.1610989,-0.7086118,0.6384423,-0.25359,
1,1,2.01087,2.369281,0.8400999,-1.230394,0.1611335,-0.7067175,0.6402568,-0.2542788,TargetExpired
1,1,2.019204,2.369846,0.8397018,-1.228046,0.1616442,-0.7049047,0.6418521,-0.2549633,
1,1,2.027537,2.370084,0.8395563,-1.227773,0.1621546,-0.7042181,0.642442,-0.2550511,
1,1,2.03587,2.370508,0.8393908,-1.22617,0.1626815,-0.7029339,0.6437513,-0.254957,
1,1,2.044204,2.370417,0.8391716,-1.225552,0.1631023,-0.7019559,0.6447696,-0.2548094,
1,1,2.052537,2.370618,0.8394136,-1.224489,0.1631665,-0.7013382,0.6456136,-0.2543317,
1,1,2.06087,2.370831,0.839641,-1.223476,0.1633715,-0.7006964,0.6464003,-0.2539704,
1,1,2.069204,2.370608,0.8396793,-1.223919,0.1637477,-0.7009239,0.6463299,-0.2532784,
1,1,2.077537,2.370632,0.839781,-1.223744,0.1641678,-0.7008098,0.6465186,-0.2528403,
1,1,2.08587,2.370504,0.8399205,-1.224329,0.164572,-0.7009226,0.6463448,-0.2527091,
1,1,2.094204,2.370328,0.840039,-1.22457,0.1645961,-0.7009596,0.6463127,-0.2526734,
1,1,2.102537,2.369716,0.8401132,-1.225155,0.164424,-0.7010863,0.6461312,-0.2528977,
1,1,2.11087,2.369748,0.8401731,-1.225357,0.1643363,-0.7011384,0.646072,-0.2529613,
1,1,2.119204,2.369985,0.8408837,-1.226593,0.1642008,-0.7016379,0.6455523,-0.2529915,
1,1,2.127537,2.370144,0.8415287,-1.228293,0.1643234,-0.7027407,0.6444392,-0.2526886,
1,1,2.13587,2.370163,0.8418687,-1.23,0.1648036,-0.7039701,0.6431484,-0.2522419,
1,1,2.144204,2.370309,0.8421369,-1.231945,0.1652392,-0.7051473,0.6419768,-0.2516531,
1,1,2.152537,2.369921,0.8417884,-1.233599,0.1652797,-0.7061089,0.6409525,-0.2515405,
1,1,2.16087,2.370335,0.8420276,-1.236013,0.1654745,-0.7076566,0.6391669,-0.2516071,
1,1,2.169204,2.3706,0.8420473,-1.23766,0.165584,-0.7085742,0.6379369,-0.2520732,
1,1,2.177537,2.370843,0.8422931,-1.240385,0.1654111,-0.7100123,0.6361054,-0.252768,
1,1,2.18587,2.37076,0.8425366,-1.241974,0.165158,-0.7105563,0.6352291,-0.2536075,
1,1,2.194204,2.370963,0.8431026,-1.244825,0.1648958,-0.7118653,0.6335225,-0.2543748,
1,1,2.202537,2.370262,0.8431708,-1.245878,0.1648555,-0.7126248,0.6326923,-0.2543404,
1,1,2.21087,2.370164,0.8440254,-1.248939,0.1648934,-0.714374,0.630926,-0.2537957,
1,1,2.219204,2.369658,0.8445359,-1.250595,0.1652912,-0.7158712,0.629782,-0.2521546,
1,1,2.227537,2.368972,0.8453914,-1.253665,0.1659153,-0.718218,0.627696,-0.2502656,
1,1,2.23587,2.368033,0.8456486,-1.255251,0.1668665,-0.7201661,0.6262007,-0.2477683,
1,1,2.244204,2.367121,0.8464351,-1.258676,0.1680668,-0.7231265,0.6236532,-0.2447412,
1,1,2.252537,2.366073,0.8466429,-1.260815,0.1694705,-0.725473,0.6217033,-0.241772,
1,1,2.26087,2.364828,0.847276,-1.264662,0.1711983,-0.7290094,0.6185752,-0.2379103,
1,1,2.269204,2.364012,0.8473695,-1.266784,0.1727334,-0.7311049,0.6165714,-0.2355603,
1,1,2.277537,2.36303,0.8479643,-1.270618,0.1748827,-0.7345637,0.6132312,-0.2319043,
1,1,2.28587,2.362608,0.8481498,-1.272317,0.1759449,-0.7363709,0.6113253,-0.2303966,
1,1,2.294204,2.361893,0.848741,-1.275952,0.1775098,-0.7396352,0.6079059,-0.227773,
1,1,2.302537,2.361753,0.8491071,-1.277789,0.1778456,-0.7410886,0.6062293,-0.2272547,
1,1,2.31087,2.361687,0.849792,-1.281284,0.1777234,-0.7435622,0.6032266,-0.2272606,
1,1,2.319204,2.361624,0.8505753,-1.284787,0.1772448,-0.7459198,0.600358,-0.2275041,
1,1,2.327537,2.361859,0.8510472,-1.286023,0.1748434,-0.7466021,0.5994281,-0.2295672,
1,1,2.33587,2.361886,0.8519601,-1.2892,0.1727123,-0.7486739,0.5969295,-0.2309392,
1,1,2.344204,2.361976,0.8524882,-1.290153,0.1696483,-0.749446,0.5959607,-0.2331974,
1,1,2.352537,2.362049,0.8533686,-1.292812,0.1667068,-0.7515221,0.5935519,-0.2347758,
1,1,2.36087,2.36201,0.8542104,-1.295501,0.1641623,-0.7537043,0.5911355,-0.2356682,
1,1,2.369204,2.361664,0.8543258,-1.296176,0.1632937,-0.7549772,0.5900939,-0.2348059,
1,1,2.377537,2.361065,0.8550571,-1.298521,0.1619013,-0.7572466,0.5879133,-0.2339308,
1,1,2.38587,2.359644,0.8549495,-1.298805,0.1635654,-0.758615,0.587024,-0.2305484,
1,1,2.394204,2.358191,0.855379,-1.30143,0.1645662,-0.7619236,0.5842469,-0.2259339,
1,1,2.402537,2.356381,0.854582,-1.301841,0.1671253,-0.7633969,0.5835354,-0.2208637,
1,1,2.41087,2.355241,0.8542269,-1.302715,0.1693058,-0.764708,0.582957,-0.2161439,
1,1,2.419204,2.354553,0.853439,-1.302511,0.1715492,-0.7646632,0.583652,-0.2126302,
1,1,2.427537,2.353297,0.8524035,-1.302851,0.1747,-0.7651126,0.5841077,-0.207125,
1,1,2.43587,2.352542,0.8510351,-1.302312,0.1776245,-0.7643534,0.585663,-0.2030079,
1,1,2.444204,2.351267,0.8497684,-1.302083,0.1819656,-0.7641579,0.5868098,-0.1964828,
1,1,2.452537,2.350502,0.8486327,-1.301733,0.1858321,-0.7630123,0.5887075,-0.1915782,
1,1,2.46087,2.349346,0.8470158,-1.300891,0.1914258,-0.761804,0.5908896,-0.1840121,
1,1,2.469204,2.348884,0.8458527,-1.300005,0.1950072,-0.7605196,0.592698,-0.1796974,
1,1,2.477537,2.347721,0.8438706,-1.298821,0.2011932,-0.7584027,0.5957665,-0.1714905,
1,1,2.48587,2.347194,0.8426789,-1.298046,0.2050032,-0.7570132,0.5975776,-0.1667506,
1,1,2.494204,2.346251,0.8406209,-1.296758,0.2119273,-0.7547415,0.6003531,-0.1582028,
1,1,2.502537,2.34609,0.8393741,-1.295921,0.2170241,-0.7528536,0.6021414,-0.1534196,
1,1,2.51087,2.345332,0.8373125,-1.294727,0.2249471,-0.749887,0.6051325,-0.1445098,
1,1,2.519204,2.345462,0.8362828,-1.294005,0.2296413,-0.7479607,0.6068386,-0.1398802,
1,1,2.527537,2.345214,0.8342422,-1.292815,0.238054,-0.7445983,0.6097222,-0.1309297,
1,1,2.53587,2.345211,0.8333142,-1.292685,0.2429649,-0.7427773,0.6109223,-0.1265852,
1,1,2.544204,2.345207,0.8313943,-1.29178,0.2515574,-0.7393364,0.61335,-0.1179087,
1,1,2.552537,2.345544,0.8306493,-1.291775,0.2559039,-0.7375802,0.6144292,-0.1138657,
1,1,2.56087,2.345103,0.8287562,-1.292092,0.2643412,-0.7342833,0.6162873,-0.1055543,
1,1,2.569204,2.345611,0.8284059,-1.2925,0.2685985,-0.7329037,0.616751,-0.1016145,
1,1,2.577537,2.346306,0.8272437,-1.292762,0.277041,-0.7298375,0.6179514,-0.093389,
1,1,2.58587,2.346387,0.8268752,-1.294362,0.2814238,-0.728958,0.6175844,-0.08950034,
1,1,2.594204,2.346768,0.8259667,-1.296472,0.2900783,-0.7270085,0.6169999,-0.08139178,
1,1,2.602537,2.34725,0.8255845,-1.298701,0.2984891,-0.7252856,0.6160367,-0.07323822,
1,1,2.61087,2.347121,0.8259426,-1.301335,0.306761,-0.7238119,0.6146212,-0.06507632,
1,1,2.619204,2.347364,0.8261104,-1.303557,0.3110799,-0.7238674,0.612814,-0.06086287,
1,1,2.627537,2.347543,0.8261511,-1.306832,0.3196464,-0.7230264,0.6101853,-0.05227777,
1,1,2.63587,2.346731,0.8268236,-1.309395,0.3240182,-0.7235672,0.6076065,-0.04771611,
1,1,2.644204,2.346326,0.8273132,-1.313964,0.3323736,-0.7236426,0.6035975,-0.03923398,
1,1,2.652537,2.345524,0.8278819,-1.319489,0.3404032,-0.7239807,0.5991844,-0.03091291,
1,1,2.66087,2.345128,0.8282421,-1.324785,0.3485211,-0.7240437,0.5947982,-0.02255705,
1,1,2.669204,2.344183,0.8287631,-1.328487,0.3526797,-0.7243421,0.5921089,-0.01877904,
1,1,2.677537,2.343849,0.8290868,-1.334734,0.3609163,-0.7245368,0.5870838,-0.01088426,
1,1,2.68587,2.343075,0.8293996,-1.338622,0.364985,-0.7251005,0.583919,-0.007325113,
1,1,2.694204,2.342062,0.8298901,-1.34597,0.3730488,-0.7256637,0.5781409,-7.197261E-05,
1,1,2.702537,2.341306,0.8308291,-1.353717,0.3807745,-0.7264262,0.5720744,0.006828159,
1,1,2.71087,2.340292,0.8318138,-1.361896,0.3885275,-0.7273951,0.5654743,0.01347706,
1,1,2.719204,2.338709,0.8326436,-1.370527,0.3960634,-0.7285219,0.5585655,0.01985708,
1,1,2.727537,2.337109,0.8334021,-1.37911,0.4032218,-0.7296553,0.5516638,0.02612469,
1,1,2.73587,2.335888,0.8339288,-1.383714,0.4065367,-0.7304969,0.5479681,0.02886444,
1,1,2.744204,2.333204,0.8348237,-1.393003,0.4129751,-0.7322283,0.5404927,0.03407222,
1,1,2.752537,2.330173,0.8357962,-1.4023,0.4191546,-0.7341875,0.5326775,0.03915167,
1,1,2.76087,2.327038,0.8370565,-1.412071,0.4251099,-0.7363859,0.5244769,0.04406062,
1,1,2.769204,2.323186,0.8388019,-1.42211,0.4301984,-0.7389414,0.5163112,0.04814306,
1,1,2.777537,2.319138,0.8408304,-1.432161,0.4344843,-0.7418391,0.5081516,0.05176961,
1,1,2.78587,2.315318,0.8427939,-1.44217,0.4385628,-0.7447059,0.4999964,0.05549189,
1,1,2.794204,2.312129,0.8445206,-1.447134,0.4388812,-0.7471093,0.4960301,0.05625904,
1,1,2.802537,2.306866,0.8474789,-1.457065,0.4399972,-0.7514899,0.4881812,0.0578326,
1,1,2.81087,2.301746,0.8505867,-1.466984,0.4404839,-0.7561348,0.4803749,0.0589405,
1,1,2.819204,2.298376,0.8528053,-1.471699,0.4385459,-0.7595273,0.4768788,0.05815789,
1,1,2.827537,2.292674,0.8564142,-1.481303,0.4371474,-0.7649112,0.4694562,0.05851319,
1,1,2.83587,2.289274,0.858515,-1.485318,0.4341255,-0.7686655,0.4661828,0.05798191,
1,1,2.844204,2.283004,0.8623107,-1.493593,0.4301778,-0.7753163,0.4587401,0.0582158,
1,1,2.852537,2.276297,0.8665569,-1.50156,0.4257413,-0.7822447,0.4509602,0.05892688,
1,1,2.86087,2.269129,0.8712641,-1.508638,0.420648,-0.7894045,0.4430541,0.05999115,
1,1,2.869204,2.26207,0.8758996,-1.515768,0.4155412,-0.796353,0.4352052,0.06118697,
1,1,2.877537,2.258209,0.8784235,-1.518316,0.4120855,-0.8001109,0.4314652,0.06201565,
1,1,2.88587,2.250773,0.8832715,-1.524011,0.4056953,-0.8071738,0.4240948,0.06344563,
1,1,2.894204,2.246849,0.8857936,-1.525486,0.4017646,-0.8107428,0.4208753,0.06438351,
1,1,2.902537,2.239579,0.8905941,-1.530241,0.3950084,-0.8174146,0.414053,0.0660432,
1,1,2.91087,2.236053,0.8928987,-1.530761,0.391333,-0.8205227,0.4111919,0.06724823,
1,1,2.919204,2.229003,0.8975044,-1.534233,0.3846296,-0.8266872,0.4047869,0.06925213,
1,1,2.927537,2.22574,0.899537,-1.533868,0.3805583,-0.8295378,0.4024958,0.07099006,
1,1,2.93587,2.219317,0.903787,-1.536057,0.3721408,-0.8359065,0.3966469,0.07377568,
1,1,2.944204,2.218279,0.9046215,-1.535787,0.360058,-0.8421983,0.3940693,0.07595891,
1,1,2.952537,2.21261,0.9089348,-1.537163,0.3412732,-0.8528065,0.3877221,0.07697609,
1,1,2.96087,2.210825,0.9104548,-1.536421,0.3247809,-0.8595554,0.3874736,0.07447141,
1,1,2.969204,2.205517,0.9147632,-1.536001,0.3006977,-0.8686976,0.3865208,0.0744783,
1,1,2.977537,2.203602,0.9160858,-1.534128,0.2865894,-0.8719774,0.389473,0.07637173,
1,1,2.98587,2.198771,0.9178838,-1.530977,0.2860869,-0.8725958,0.3870873,0.08303162,
1,1,2.994204,2.197879,0.9149686,-1.52825,0.2906158,-0.8677575,0.3924863,0.09216252,
1,1,3.002537,2.194194,0.915359,-1.525068,0.2874881,-0.8666749,0.3960665,0.09672976,
1,1,3.01087,2.193604,0.9143062,-1.52389,0.2836626,-0.8676181,0.3979709,0.09161612,
1,1,3.019204,2.190508,0.9153268,-1.521285,0.2699485,-0.8710362,0.4009701,0.08744621,
1,1,3.027537,2.190252,0.9149038,-1.52015,0.2571732,-0.8732176,0.4056095,0.08266708,
1,1,3.03587,2.188266,0.9155394,-1.5168,0.2401931,-0.8747258,0.413081,0.08078426,
1,1,3.044204,2.18799,0.9116012,-1.516436,0.2257635,-0.8768536,0.417147,0.07840306,
1,1,3.052537,2.187349,0.909896,-1.514276,0.2107174,-0.879226,0.4204758,0.07589403,
1,1,3.06087,2.188874,0.9057443,-1.514324,0.2025847,-0.8797086,0.4236141,0.07498777,
1,1,3.069204,2.187801,0.9060858,-1.510648,0.1910604,-0.8800108,0.4288211,0.07203719,
1,1,3.077537,2.188302,0.9056166,-1.508616,0.1856837,-0.8786678,0.434217,0.07014257,
1,1,3.08587,2.188021,0.9054269,-1.504828,0.1738591,-0.8774022,0.442095,0.06701139,
1,1,3.094204,2.18887,0.903025,-1.503878,0.1743846,-0.8746513,0.4475688,0.06524792,
1,1,3.102537,2.189507,0.9003543,-1.501383,0.1686801,-0.8719088,0.4554765,0.06215501,
1,1,3.11087,2.190909,0.8970055,-1.501199,0.1680149,-0.8699964,0.4596089,0.06030685,
1,1,3.119204,2.192137,0.8959677,-1.49826,0.1636089,-0.8677088,0.4658105,0.05774301,
1,1,3.127537,2.193097,0.8960571,-1.4971,0.1626393,-0.8678381,0.4660273,0.05677956,
1,1,3.13587,2.194584,0.8962526,-1.494624,0.1582371,-0.8679386,0.4676431,0.05434719,
1,1,3.144204,2.1962,0.8966613,-1.494787,0.1558457,-0.8704235,0.4639173,0.05343914,
1,1,3.152537,2.198185,0.8961284,-1.493668,0.1525556,-0.8712784,0.4637078,0.05075321,
1,1,3.16087,2.199924,0.8944193,-1.49503,0.1535179,-0.8718564,0.4625894,0.0480603,
1,1,3.169204,2.202703,0.8941809,-1.495026,0.1506593,-0.8715774,0.4644995,0.04353255,
1,1,3.177537,2.204978,0.894776,-1.496046,0.1472,-0.8706466,0.4678084,0.03823748,
1,1,3.18587,2.20875,0.896036,-1.497151,0.1403855,-0.8700999,0.4715205,0.02977636,
1,1,3.194204,2.211758,0.8977292,-1.499529,0.1325196,-0.870418,0.4736413,0.02179265,
1,1,3.202537,2.217621,0.899226,-1.504679,0.1117659,-0.8738589,0.4731395,0.004245996,
1,1,3.21087,2.223518,0.9018154,-1.509182,0.08990957,-0.8764708,0.4727849,-0.01377025,
1,1,3.219204,2.22784,0.9037783,-1.51407,0.0725745,-0.8787206,0.4708848,-0.02916574,
1,1,3.227537,2.234713,0.9095408,-1.520902,0.05044417,-0.8809415,0.4678951,-0.04971614,
1,1,3.23587,2.241159,0.9154831,-1.527515,0.03009056,-0.8832276,0.4631689,-0.06691939,
1,1,3.244204,2.244166,0.919733,-1.531728,0.02075383,-0.8860789,0.4574617,-0.07184991,
1,1,3.252537,2.249773,0.9285618,-1.539324,-0.001683131,-0.8960643,0.4367613,-0.07940853,
1,1,3.26087,2.254354,0.9360449,-1.547733,-0.00655669,-0.9003726,0.4264138,-0.08635685,
1,1,3.269204,2.259073,0.943557,-1.556011,-0.010103,-0.9032792,0.4176393,-0.09778669,
1,1,3.277537,2.26072,0.9481319,-1.560894,-0.003742978,-0.9058311,0.4109314,-0.1029144,
1,1,3.28587,2.264549,0.9569511,-1.569375,-0.004539669,-0.9103702,0.3989798,-0.1096394,
1,1,3.294204,2.26809,0.9648705,-1.577461,-0.007116213,-0.915291,0.385967,-0.1149843,
1,1,3.302537,2.268912,0.9670471,-1.581087,-0.00787501,-0.918718,0.3779216,-0.1143266,
1,1,3.31087,2.271832,0.9747674,-1.589016,-0.009600505,-0.923476,0.3649609,-0.1179122,
1,1,3.319204,2.272409,0.9788028,-1.592585,-0.007899582,-0.925844,0.3589222,-0.1180063,
1,1,3.327537,2.274662,0.9880732,-1.600066,-0.007075474,-0.929937,0.3470041,-0.1214709,
1,1,3.33587,2.275309,0.9928185,-1.603151,-0.005630761,-0.9320247,0.3406874,-0.1234109,
1,1,3.344204,2.277191,1.002585,-1.609643,-0.006454274,-0.9375978,0.3237751,-0.126643,
1,1,3.352537,2.277344,1.007092,-1.61157,-0.00985314,-0.9430431,0.3079652,-0.12542,
1,1,3.36087,0.6233895,1.016383,-4.480648,-0.01502112,-0.9500211,0.2858899,-0.1245039,
1,1,3.369204,0.6243072,1.026468,-4.485811,-0.01828334,-0.956037,0.2651369,-0.1239405,
1,1,3.377537,0.6242383,1.030826,-4.487168,-0.02434446,-0.9580448,0.2590058,-0.1203058,
1,1,3.38587,0.6245778,1.039322,-4.490736,-0.0294357,-0.9617108,0.245779,-0.1176372,
1,1,3.394204,0.6245759,1.04646,-4.493469,-0.02981225,-0.9643784,0.2358987,-0.115919,
1,1,3.402537,0.6245668,1.053053,-4.496042,-0.02932785,-0.9666251,0.226955,-0.1151836,
1,1,3.41087,0.6244242,1.055128,-4.496528,-0.02867233,-0.966966,0.2248836,-0.1165413,
1,1,3.419204,0.6243198,1.060746,-4.497833,-0.03283063,-0.9684849,0.2167704,-0.1181938,
1,1,3.427537,0.6242578,1.066738,-4.499357,-0.0379324,-0.9702907,0.2073859,-0.1186942,
1,1,3.43587,0.6240489,1.068726,-4.499085,-0.04429791,-0.9709399,0.2031963,-0.1184266,
1,1,3.444204,0.6237018,1.073506,-4.499834,-0.05114868,-0.9721767,0.1960628,-0.1175403,
1,1,3.452537,0.6231089,1.074448,-4.499681,-0.05388176,-0.97219,0.1966826,-0.115149,
1,1,3.46087,0.6222835,1.077695,-4.500006,-0.05848833,-0.9728297,0.19397,-0.1120585,
1,1,3.469204,0.6214077,1.077571,-4.49986,-0.05544524,-0.972255,0.1978373,-0.1118326,
1,1,3.477537,0.6204007,1.079017,-4.499635,-0.05886859,-0.9724439,0.1962115,-0.1113028,
1,1,3.48587,0.6194873,1.080698,-4.499409,-0.06297994,-0.9726619,0.1939366,-0.1111351,
1,1,3.494204,0.6186268,1.080249,-4.499025,-0.06680165,-0.9724587,0.1945589,-0.1095837,
1,1,3.502537,0.6172028,1.080943,-4.498739,-0.07089062,-0.9724328,0.194019,-0.1081928,
1,1,3.51087,0.6160526,1.080474,-4.498486,-0.07238588,-0.9722999,0.194514,-0.1075056,
1,1,3.519204,0.614435,1.079946,-4.49809,-0.07677161,-0.9719764,0.1960192,-0.1046154,
1,1,3.527537,0.6129432,1.079438,-4.497728,-0.08218016,-0.9714887,0.1973838,-0.1024494,
1,1,3.53587,0.6122265,1.078573,-4.497565,-0.0883546,-0.9707413,0.1987243,-0.101801,
1,1,3.544204,0.610733,1.077586,-4.497235,-0.09715688,-0.9695712,0.2008326,-0.1007888,
1,1,3.552537,0.6099167,1.077043,-4.496184,-0.1053609,-0.9698402,0.1957821,-0.09989208,
1,1,3.56087,0.6080682,1.075961,-4.495628,-0.1140131,-0.969364,0.1955523,-0.09536102,
1,1,3.569204,0.6065972,1.075099,-4.495116,-0.1097638,-0.9694545,0.1923719,-0.1053702,
1,1,3.577537,0.604907,1.073767,-4.495065,-0.1190729,-0.9692177,0.1905648,-0.1006168,
1,1,3.58587,0.6031027,1.072411,-4.495076,-0.122507,-0.9686846,0.1912501,-0.1003276,
1,1,3.594204,0.6016762,1.071796,-4.495263,-0.1177426,-0.9688836,0.1915099,-0.1035619,
1,1,3.602537,0.599472,1.070337,-4.495525,-0.1144675,-0.9691502,0.1905982,-0.1063826,
1,1,3.61087,0.5979879,1.068927,-4.496118,-0.1079393,-0.9688654,0.19461,-0.1085166,
1,1,3.619204,0.5959246,1.066552,-4.496552,-0.1068016,-0.9679734,0.199247,-0.1091872,
1,1,3.627537,0.593926,1.064373,-4.496906,-0.1073241,-0.9672806,0.2020984,-0.1095719,
1,1,3.63587,0.5929663,1.063424,-4.497145,-0.1096844,-0.9670891,0.2018297,-0.1094206,
1,1,3.644204,0.5908599,1.061611,-4.497408,-0.1116073,-0.9666137,0.2027245,-0.1100207,
1,1,3.652537,0.5897191,1.061014,-4.49721,-0.111579,-0.9668158,0.2011792,-0.1111047,
1,1,3.66087,0.5873094,1.059439,-4.497351,-0.1096996,-0.9671887,0.2008209,-0.1103766,
1,1,3.669204,0.5854392,1.05895,-4.497432,-0.1048841,-0.9684739,0.1994486,-0.1061973,
1,1,3.677537,0.5824726,1.057605,-4.497556,-0.1003695,-0.9699146,0.1967742,-0.1023307,
1,1,3.68587,0.5806413,1.05739,-4.497403,-0.09699744,-0.9712931,0.1938173,-0.09806177,
1,1,3.694204,0.5775495,1.056787,-4.497086,-0.09293381,-0.9732188,0.1885469,-0.09305128,
1,1,3.702537,0.5745628,1.05598,-4.496847,-0.08819346,-0.9747754,0.1841237,-0.09018448,
1,1,3.71087,0.5730734,1.055633,-4.496682,-0.08691673,-0.9751543,0.1830735,-0.08946383,
1,1,3.719204,0.5703127,1.054785,-4.496442,-0.08615687,-0.9761482,0.1795863,-0.08637333,
1,1,3.727537,0.56915,1.05434,-4.496133,-0.09123568,-0.9762209,0.1781437,-0.08326891,
1,1,3.73587,-2.595147,1.053318,-5.454723,0.03531559,-0.8299732,0.1939648,0.5217997,
1,1,3.744204,-2.595604,1.052709,-5.453006,0.03995629,-0.82876,0.1896248,0.5249788,
1,1,3.752537,-2.596241,1.05173,-5.450002,0.04190375,-0.8266516,0.1847121,0.52988,
1,1,3.76087,-2.596402,1.051391,-5.448744,0.04026161,-0.8252783,0.18356,0.5325415,
1,1,3.769204,-2.596938,1.050486,-5.446118,0.03915284,-0.8235479,0.180944,0.5361859,
1,1,3.777537,-2.59711,1.050147,-5.445224,0.03595759,-0.8234305,0.1811899,0.5365067,
1,1,3.78587,-2.597637,1.049316,-5.443251,0.03119349,-0.8223806,0.1823706,0.5380132,
1,1,3.794204,-2.598013,1.048869,-5.442677,0.0283369,-0.8221173,0.1853767,0.5375461,
1,1,3.802537,-2.598696,1.047959,-5.440782,0.02554593,-0.8209362,0.1868269,0.538987,
1,1,3.81087,-2.599148,1.047537,-5.440227,0.02426907,-0.8203996,0.1896731,0.5388689,
1,1,3.819204,-2.600104,1.046634,-5.438599,0.02138538,-0.8194484,0.1927847,0.5393341,
1,1,3.827537,-2.600733,1.046314,-5.438007,0.01920651,-0.8190371,0.1953966,0.5391008,
1,1,3.83587,-2.601765,1.0455,-5.436563,0.01225364,-0.8157035,0.2042158,0.5410857,
1,1,3.844204,-2.602506,1.045419,-5.436001,0.01042635,-0.8159897,0.2043271,0.5406502,
1,1,3.852537,-2.603836,1.044671,-5.434655,0.01127094,-0.8140618,0.2093924,0.5416007,
1,1,3.86087,-2.60473,1.044379,-5.433169,0.01310071,-0.8138096,0.2080586,0.542452,
1,1,3.869204,-2.605487,1.044354,-5.431683,0.01240777,-0.8137792,0.2065122,0.5431044,
1,1,3.877537,-2.606485,1.044544,-5.429892,0.01726083,-0.8154027,0.1989427,0.543362,
1,1,3.88587,-2.607574,1.044462,-5.427924,0.02541083,-0.8169112,0.1914188,0.5434791,
1,1,3.894204,-2.608088,1.044297,-5.426549,0.03678677,-0.8173233,0.1830983,0.545073,
1,1,3.902537,-2.609243,1.044001,-5.424288,0.04658749,-0.8163552,0.1760157,0.5480989,
1,1,3.91087,-2.609696,1.043731,-5.423308,0.04720744,-0.8130364,0.1782133,0.5522531,
1,1,3.919204,-2.764565,1.043514,-5.358314,0.05813109,-0.7935154,0.174535,0.5800791,
1,1,3.927537,-2.764844,1.043849,-5.357645,0.05240295,-0.7920957,0.1769488,0.581831,
1,1,3.93587,-2.765543,1.044382,-5.356217,0.04645173,-0.7899615,0.1789626,0.5846156,
1,1,3.944204,-2.76629,1.044742,-5.354646,0.04479787,-0.7879282,0.1784715,0.587631,
1,1,3.952537,-2.766315,1.045274,-5.354388,0.04175346,-0.7868291,0.1785741,0.5892944,
1,1,3.96087,-2.766893,1.045789,-5.353148,0.03857718,-0.784533,0.1793523,0.592328,
1,1,3.969204,-2.767253,1.045934,-5.352664,0.03713349,-0.7831513,0.1818945,0.5934725,
1,1,3.977537,-2.768026,1.046199,-5.351315,0.03473749,-0.7807648,0.184774,0.5958678,
1,1,3.98587,-2.768393,1.046073,-5.350896,0.03420579,-0.7792723,0.1894069,0.5963973,
1,1,3.994204,-2.769053,1.046083,-5.349781,0.03212138,-0.7761834,0.1952422,0.5986553,
1,1,4.002537,-2.769275,1.046036,-5.349499,0.03557414,-0.7753568,0.1977264,0.5987157,
1,1,4.01087,-2.769024,1.046343,-5.349075,0.03383512,-0.7738531,0.1997755,0.6000803,
1,1,4.019204,-2.768665,1.046639,-5.348431,0.03393948,-0.773665,0.198438,0.6007603,
1,1,4.027537,-2.768152,1.04679,-5.347897,0.03491632,-0.7733469,0.1970499,0.6015702,
1,1,4.03587,-2.767673,1.046759,-5.347363,0.03581804,-0.772142,0.1979016,0.6027842,
1,1,4.044204,-2.766935,1.046818,-5.3476,0.03724763,-0.771794,0.1976399,0.603229,
1,1,4.052537,-2.766077,1.046886,-5.34746,0.03780375,-0.7710221,0.1977147,0.6041563,
1,1,4.06087,-2.765146,1.046999,-5.348024,0.03527414,-0.7704678,0.1994749,0.6044377,
1,1,4.069204,-2.763875,1.046757,-5.34837,0.03161501,-0.769025,0.2036231,0.6050939,
1,1,4.077537,-2.762505,1.046265,-5.348869,0.02795712,-0.7671635,0.2092028,0.6057333,
1,1,4.08587,-2.761154,1.045594,-5.349251,0.0265414,-0.7652941,0.2141375,0.6064368,
1,1,4.094203,-2.760256,1.045222,-5.349537,0.02763073,-0.764416,0.2166663,0.6065975,
1,1,4.102537,-2.758697,1.044444,-5.350062,0.02819955,-0.7629851,0.2217782,0.6065254,
1,1,4.11087,-2.75769,1.043792,-5.350612,0.02713506,-0.7614529,0.2268865,0.6066101,
1,1,4.119204,-2.756266,1.042456,-5.351006,0.03241462,-0.7598751,0.2315102,0.6065824,
1,1,4.127537,-2.75527,1.040729,-5.350523,0.05158295,-0.7615241,0.2274162,0.6047331,
1,1,4.13587,-2.753442,1.039171,-5.350841,0.05935567,-0.7621487,0.2263786,0.6036215,
1,1,4.144204,-2.75125,1.038154,-5.352091,0.06199416,-0.7631459,0.2283641,0.6013443,
1,1,4.152537,-2.748683,1.037066,-5.353971,0.05871336,-0.7658172,0.2303953,0.5974904,
1,1,4.16087,-2.74638,1.035712,-5.355538,0.05841492,-0.7681322,0.2309868,0.5943112,
1,1,4.169204,-2.744722,1.034974,-5.356643,0.06205861,-0.7692094,0.2268829,0.5941294,
1,1,4.177537,-2.741952,1.033039,-5.357866,0.07208705,-0.768539,0.2248909,0.594622,
1,1,4.18587,-2.740553,1.031355,-5.358652,0.06908101,-0.7616068,0.2353188,0.5998399,
1,1,4.194204,-2.73829,1.028411,-5.360383,0.07233253,-0.7589821,0.2478648,0.5977267,
1,1,4.202537,-2.73613,1.025154,-5.362004,0.08156805,-0.7581952,0.2565069,0.5938779,
1,1,4.21087,-2.625784,1.02345,-5.281761,0.08385306,-0.7586636,0.2599352,0.5914659,
1,1,4.219203,-2.622886,1.021396,-5.283902,0.0840027,-0.7603897,0.2606085,0.5889263,
1,1,4.227537,-2.621038,1.02141,-5.28549,0.07444253,-0.761759,0.2590336,0.5891377,
1,1,4.23587,-2.617842,1.020873,-5.287548,0.06719154,-0.7623618,0.2609976,0.5883622,
1,1,4.244204,-2.6162,1.021233,-5.288091,0.06404223,-0.762251,0.2605157,0.5890701,
1,1,4.252537,-2.613345,1.020339,-5.289722,0.06102757,-0.7625615,0.2597182,0.5893403,
1,1,4.26087,-2.612179,1.019536,-5.290251,0.0628586,-0.7628258,0.2564031,0.5902567,
1,1,4.269204,-2.609899,1.017595,-5.291502,0.06602867,-0.7635453,0.2531829,0.5903705,
1,1,4.277537,-2.607617,1.01558,-5.292869,0.06849889,-0.7643737,0.2518128,0.5896025,
1,1,4.28587,-2.606602,1.014468,-5.293061,0.07118796,-0.7647648,0.2536761,0.5879757,
1,1,4.294204,-2.604304,1.01282,-5.293952,0.07020359,-0.7652915,0.2573442,0.585811,
1,1,4.302537,-2.602222,1.010726,-5.294971,0.0703252,-0.7653489,0.2604996,0.5843247,
1,1,4.31087,-2.601426,1.009787,-5.295368,0.06727365,-0.7635372,0.2647766,0.5851313,
1,1,4.319204,-2.599463,1.008021,-5.295869,0.06979312,-0.7630907,0.2640993,0.5857245,
1,1,4.327537,-2.598408,1.007532,-5.295652,0.06821281,-0.7611095,0.2628021,0.5890623,
1,1,4.33587,-2.596309,1.006369,-5.295637,0.06751958,-0.759481,0.2628199,0.5912321,
1,1,4.344203,-2.595223,1.006629,-5.294806,0.06838751,-0.7593346,0.2612342,0.5920228,
1,1,4.352537,-2.593369,1.005709,-5.294466,0.06861049,-0.7584186,0.2619453,0.5928564,
1,1,4.36087,-2.59276,1.004991,-5.29448,0.06826431,-0.7582053,0.2649319,0.591841,
1,1,4.369204,-2.591322,1.003608,-5.294691,0.06647418,-0.7574413,0.2700209,0.590722,
1,1,4.377537,-2.590294,1.003238,-5.2953,0.05582012,-0.7560459,0.2778412,0.5899855,
1,1,4.38587,-2.588794,1.002347,-5.295652,0.04872099,-0.7534798,0.2852635,0.5903552,
1,1,4.394204,-2.588133,1.003666,-5.294125,0.05033059,-0.7514259,0.2831917,0.5938252,
1,1,4.402537,-2.586153,1.005305,-5.292695,0.04543243,-0.7484386,0.2786417,0.600112,
1,1,4.41087,-2.584001,1.006795,-5.292459,0.03316774,-0.7488852,0.2708381,0.6039187,
1,1,4.419204,-2.582167,1.007838,-5.292351,0.0233838,-0.7508745,0.2641298,0.604877,
1,1,4.427537,-2.581912,1.008381,-5.2922,0.02857558,-0.7579464,0.2540298,0.6001413,
1,1,4.43587,-2.580859,1.009339,-5.291512,0.03322828,-0.7634182,0.24113,0.5982849,
1,1,4.444204,-2.580945,1.008508,-5.29027,0.05162069,-0.7660146,0.2369181,0.5953376,
1,1,4.452537,-2.580515,1.008145,-5.288904,0.06529429,-0.7685349,0.2303863,0.5933067,
1,1,4.46087,-2.580112,1.007957,-5.288559,0.06969331,-0.7695102,0.2276665,0.5925917,
1,1,4.469203,-2.579233,1.007915,-5.288,0.07369651,-0.771049,0.223124,0.5918344,
1,1,4.477537,-2.578738,1.008844,-5.288122,0.06371121,-0.7683201,0.2263286,0.5953155,
1,1,4.48587,-2.619802,1.010371,-5.270067,0.06677098,-0.7655414,0.2208224,0.6006043,
1,1,4.494204,-2.618658,1.012557,-5.269679,0.06418616,-0.7673432,0.2160624,0.6003179,
1,1,4.502537,-2.61758,1.014356,-5.269372,0.06322047,-0.7687461,0.2111738,0.600365,
1,1,4.51087,-2.616947,1.01544,-5.269423,0.06216798,-0.7691908,0.2086249,0.6007964,
1,1,4.519204,-2.615787,1.017052,-5.269513,0.06024979,-0.7702524,0.2049813,0.6008859,
1,1,4.527537,-2.615091,1.017808,-5.269816,0.05823185,-0.7707288,0.2054761,0.6003047,
1,1,4.53587,-2.613775,1.019379,-5.270235,0.05421411,-0.772182,0.204643,0.599097,
1,1,4.544204,-2.61271,1.020567,-5.271038,0.04662452,-0.7735734,0.2093126,0.5963209,
1,1,4.552537,-2.611142,1.022093,-5.27209,0.03770999,-0.7750175,0.2148543,0.5930966,
1,1,4.56087,-2.609914,1.022785,-5.272857,0.03450014,-0.7751347,0.2203957,0.5911021,
1,1,4.569204,-2.608367,1.023532,-5.273432,0.0272417,-0.7729643,0.2259789,0.5922143,
1,1,4.577537,-2.606716,1.024361,-5.273877,0.02131026,-0.7716471,0.2295916,0.5927852,
1,1,4.58587,-2.605705,1.024796,-5.273672,0.02079597,-0.7704116,0.2294156,0.5944763,
1,1,4.594203,-2.604083,1.0255,-5.273232,0.02659263,-0.771254,0.2255055,0.5946491,
1,1,4.602537,-2.603576,1.025225,-5.270612,0.06170183,-0.7746702,0.2069421,0.5943518,
1,1,4.61087,-2.602594,1.024866,-5.268894,0.082272,-0.7764627,0.1969533,0.5929136,
1,1,4.619204,-2.602099,1.024127,-5.268405,0.09031279,-0.7784202,0.1979401,0.5888339,
1,1,4.627537,-2.601397,1.023583,-5.268441,0.09762257,-0.7789997,0.2072875,0.583662,
1,1,4.63587,-2.600649,1.023401,-5.268742,0.1004601,-0.7785325,0.217966,0.5799014,
1,1,4.644204,-2.600194,1.023872,-5.2695,0.09507301,-0.7786279,0.2266208,0.5773584,
1,1,4.652537,-2.599182,1.02415,-5.269669,0.09635288,-0.779487,0.23247,0.5736497,
1,1,4.66087,-2.59843,1.025213,-5.269765,0.09257042,-0.780571,0.2294488,0.5740147,
1,1,4.669204,-2.597116,1.025949,-5.269798,0.08975508,-0.7808136,0.2308395,0.5735743,
1,1,4.677537,-2.595248,1.026309,-5.270362,0.07133255,-0.7783518,0.2382972,0.57645,
1,1,4.68587,-2.594328,1.027229,-5.269366,0.0724508,-0.7746977,0.2378297,0.5814047,
1,1,4.694204,-2.593535,1.027798,-5.268577,0.07517326,-0.7745051,0.2367623,0.5817512,
1,1,4.702537,-2.593896,1.027515,-5.267706,0.08177938,-0.7756146,0.2380538,0.5788476,
1,1,4.71087,-2.593578,1.027571,-5.266715,0.08529253,-0.7764958,0.2404389,0.5761672,
1,1,4.719203,-2.593358,1.028072,-5.266173,0.08234642,-0.7782789,0.2416049,0.573697,
1,1,4.727537,-2.592599,1.029076,-5.265291,0.07699162,-0.7792205,0.2439603,0.5721635,
1,1,4.73587,-2.59166,1.031016,-5.264605,0.0666983,-0.7777683,0.2452971,0.5748542,
1,1,4.744204,-2.590656,1.033531,-5.262262,0.06397869,-0.7749051,0.2414571,0.5806266,
1,1,4.752537,-2.590159,1.035384,-5.259269,0.06800445,-0.7734386,0.2342487,0.5850605,
1,1,4.76087,-2.589604,1.03714,-5.256483,0.07100253,-0.772616,0.2281592,0.5881892,
1,1,4.769204,-2.589391,1.03822,-5.254009,0.07792312,-0.7731153,0.2212243,0.5893052,
1,1,4.777537,-2.588745,1.040233,-5.250656,0.08266991,-0.7727495,0.2144443,0.5916398,
1,1,4.78587,-2.588202,1.041576,-5.248877,0.08330308,-0.7730716,0.2125627,0.591809,
1,1,4.794204,-2.587435,1.043919,-5.245293,0.08561945,-0.7732951,0.2083097,0.5926982,
1,1,4.802537,-2.586581,1.045972,-5.241629,0.08789,-0.7739664,0.202355,0.5935519,
1,1,4.81087,-2.585682,1.047145,-5.239483,0.08611366,-0.7739301,0.1978845,0.595364,
1,1,4.819204,-2.584103,1.049571,-5.235645,0.07784335,-0.7717776,0.1929224,0.6008999,
1,1,4.827537,-2.582682,1.05196,-5.231833,0.0712135,-0.7686379,0.1888267,0.6070165,
1,1,4.83587,-2.581861,1.052668,-5.229698,0.07005104,-0.7646741,0.1923082,0.6110516,
1,1,4.844203,-2.580753,1.054045,-5.225576,0.06800465,-0.7601537,0.1949448,0.6160668,
1,1,4.852537,-2.580498,1.053986,-5.223147,0.07127596,-0.7588139,0.1976818,0.6164765,
1,1,4.86087,-2.579472,1.055044,-5.218878,0.07051662,-0.7567386,0.1985317,0.618837,
1,1,4.869204,-2.57872,1.055493,-5.217022,0.06860376,-0.7574629,0.1986099,0.6181405,
1,1,4.877537,-2.577467,1.056506,-5.212965,0.0681863,-0.7559896,0.199207,0.6197959,
1,1,4.88587,-2.576679,1.057157,-5.211211,0.06867678,-0.7560461,0.2015471,0.6189157,
1,1,4.894204,-2.575469,1.058277,-5.207584,0.06722387,-0.755111,0.2064334,0.6186062,
1,1,4.902537,-2.574421,1.058873,-5.203972,0.06243014,-0.7529968,0.213102,0.6194238,
1,1,4.91087,-2.573355,1.059495,-5.200279,0.06053018,-0.7502753,0.2185945,0.6209988,
1,1,4.919204,-2.57266,1.059523,-5.1987,0.06177686,-0.7477943,0.2233116,0.6221891,
1,1,4.927537,-2.570584,1.060261,-5.195425,0.06303181,-0.7445416,0.2282225,0.6241789,
1,1,4.93587,-2.568263,1.061265,-5.192187,0.06277935,-0.7424845,0.2299025,0.6260355,
1,1,4.944204,-2.566489,1.061904,-5.188831,0.06192175,-0.7401531,0.2327636,0.6278219,
1,1,4.952537,-2.565308,1.062349,-5.187427,0.06099216,-0.7393765,0.2329188,0.6287696,
1,1,4.96087,-2.563369,1.062957,-5.184431,0.06016395,-0.7375239,0.2355022,0.6300617,
1,1,4.969203,-2.561016,1.064372,-5.183648,0.06742175,-0.7404113,0.2297258,0.6280697,
1,1,4.977537,-2.554558,1.065867,-5.175763,0.08714512,-0.7429186,0.2043534,0.6314408,
1,1,4.98587,-2.55114,1.067338,-5.172556,0.09516898,-0.7444568,0.1863721,0.6340288,
1,1,4.994204,-2.548888,1.068352,-5.170565,0.09868101,-0.7447138,0.1772851,0.6357936,
1,1,5.002537,-2.547487,1.069692,-5.169984,0.09347856,-0.7430937,0.1810983,0.6373987,
1,1,5.01087,-2.545107,1.070972,-5.168235,0.09206742,-0.7407212,0.1810397,0.640375,
1,1,5.019204,-2.54403,1.071571,-5.167542,0.09096025,-0.7383018,0.1852905,0.6421091,
1,1,5.027537,-2.542129,1.072236,-5.166177,0.0918018,-0.7359087,0.1868805,0.6442721,
1,1,5.03587,-2.541461,1.072452,-5.165866,0.09307706,-0.735863,0.1888181,0.6435759,
1,1,5.044204,-2.539664,1.073138,-5.164512,0.09441884,-0.7342691,0.1890926,0.6451185,
1,1,5.052537,-2.538902,1.073971,-5.163051,0.09574308,-0.7305251,0.1903103,0.6488054,
1,1,5.06087,-2.537142,1.075083,-5.161258,0.09673518,-0.725848,0.1921906,0.6533375,
1,1,5.069204,-2.535835,1.075948,-5.161039,0.0875102,-0.7232882,0.1987056,0.6555244,
1,1,5.077537,-2.533986,1.077133,-5.160359,0.08276055,-0.7221819,0.1995514,0.6571022,
1,1,5.08587,-2.533593,1.078038,-5.159761,0.08589213,-0.7249941,0.1934715,0.6554196,
1,1,5.094203,-2.532261,1.079413,-5.158244,0.08755986,-0.7243959,0.189408,0.6570452,
1,1,5.102537,-2.530629,1.081359,-5.15627,0.08553566,-0.7208097,0.1873692,0.6618232,
1,1,5.11087,-2.528837,1.083536,-5.154632,0.0798158,-0.718218,0.1844195,0.6661695,
1,1,5.119204,-2.527144,1.085549,-5.153538,0.07453995,-0.7182224,0.1799442,0.6679974,
1,1,5.127537,-2.526614,1.086629,-5.153114,0.07244591,-0.7207559,0.1764021,0.6664419,
1,1,5.13587,-2.525528,1.088458,-5.152025,0.06894659,-0.7212527,0.1743426,0.6668176,
1,1,5.144204,-2.524762,1.09044,-5.150311,0.06610515,-0.7208291,0.1733741,0.667815,
1,1,5.152537,-2.52403,1.092398,-5.148413,0.06443997,-0.7203817,0.1711349,0.6690372,
1,1,5.16087,-2.523458,1.093885,-5.146869,0.06291639,-0.7189586,0.17192,0.6705099,
1,1,5.169204,-2.523054,1.095007,-5.145434,0.06400032,-0.7178437,0.1722104,0.6715267,
1,2,5.177537,-2.522826,1.095864,-5.143941,0.06821676,-0.7170741,0.1719926,0.6719894,TrialStart
1,2,5.18587,-2.522777,1.096732,-5.142045,0.07285195,-0.7164046,0.1715855,0.672321,
1,2,5.194204,-2.522793,1.097658,-5.140378,0.0762802,-0.7160563,0.1710158,0.672457,
1,2,5.202537,-2.522754,1.098794,-5.139237,0.07492347,-0.7156278,0.1714412,0.672957,
1,2,5.21087,-2.522589,1.100208,-5.13823,0.07103211,-0.7147481,0.1720882,0.6741478,
1,2,5.219203,-2.522734,1.101345,-5.137225,0.06868559,-0.7131793,0.1754852,0.6751759,
1,2,5.227537,-2.523138,1.102216,-5.135996,0.06808845,-0.7117806,0.1794949,0.6756582,
1,2,5.23587,-2.523691,1.10293,-5.134685,0.07034816,-0.7113698,0.1805055,0.6755902,
1,2,5.244204,-2.52411,1.103805,-5.133596,0.07123201,-0.7109303,0.1800555,0.67608,
1,2,5.252537,-2.524417,1.10436,-5.13315,0.07101692,-0.7108301,0.178388,0.6766498,
1,2,5.26087,-2.524989,1.105381,-5.132319,0.06909449,-0.7095927,0.1796403,0.6778152,
1,2,5.269204,-2.525562,1.106344,-5.131494,0.06617948,-0.7087885,0.179471,0.6789916,
1,2,5.277537,-2.526055,1.107437,-5.130736,0.06162249,-0.7077504,0.1796089,0.6804651,
1,2,5.28587,-2.526588,1.108423,-5.129983,0.05774976,-0.7058206,0.1810522,0.6824239,
1,2,5.294204,-2.526953,1.108776,-5.129698,0.0578623,-0.7067016,0.1804305,0.6816669,
1,2,5.302537,-2.527529,1.109608,-5.128882,0.05610098,-0.7060051,0.1795266,0.6827736,
1,2,5.31087,-2.527636,1.110072,-5.128332,0.05453898,-0.7056855,0.1762537,0.684082,
1,2,5.319204,-2.52797,1.110907,-5.127282,0.05128469,-0.7047043,0.1737663,0.6859789,
1,2,5.327537,-2.52838,1.111513,-5.126155,0.04869222,-0.7034715,0.1723699,0.6877831,
1,2,5.33587,-2.5291,1.11177,-5.124999,0.04547717,-0.6985186,0.1759079,0.6921417,
1,2,5.344203,-2.529674,1.112304,-5.123829,0.04357381,-0.6952622,0.1758311,0.695554,
1,2,5.352537,-2.529837,1.112461,-5.123162,0.04776284,-0.6981714,0.1697686,0.6938688,
1,2,5.36087,-2.529318,1.113633,-5.12264,0.04051354,-0.6992458,0.1635566,0.6947398,
1,2,5.369204,-2.529027,1.113827,-5.122808,0.03430479,-0.7014556,0.1648483,0.6925376,
1,2,5.377537,-2.529948,1.113991,-5.121978,0.03197818,-0.7014924,0.1660544,0.6923236,
1,2,5.38587,-2.531505,1.11373,-5.120518,0.04056507,-0.703837,0.1624431,0.6903479,
1,2,5.394204,-2.533467,1.114461,-5.118296,0.04084789,-0.7056127,0.1574176,0.6896826,
1,2,5.402537,-2.534519,1.11482,-5.117272,0.03992927,-0.7070692,0.1556377,0.6886479,
1,2,5.41087,-2.535703,1.114723,-5.116427,0.04024363,-0.7077565,0.1578391,0.6874213,
1,2,5.419204,-2.536925,1.114912,-5.11553,0.04098836,-0.7097191,0.1572204,0.6854929,
1,2,5.427537,-2.53812,1.114715,-5.115317,0.03641989,-0.7108639,0.1646247,0.6828213,
1,2,5.43587,-2.540452,1.112852,-5.11666,0.03372831,-0.7146882,0.1885117,0.6727158,
1,2,5.444204,-2.542241,1.111811,-5.116661,0.04226003,-0.7215227,0.191323,0.6640894,
1,2,5.452537,-2.543577,1.110769,-5.116055,0.04692977,-0.7222403,0.1953938,0.6618066,
1,2,5.46087,-2.54485,1.110395,-5.114982,0.05099101,-0.7230512,0.1951771,0.6606836,
1,2,5.469203,-2.662704,1.111082,-5.062369,0.0377112,-0.7071883,0.2062171,0.6752312,
1,2,5.477537,-2.648286,1.111157,-5.07011,0.03198171,-0.7112432,0.211927,0.6694754,
1,2,5.48587,-2.647197,1.111047,-5.070819,0.03180189,-0.7124717,0.2123123,0.6680542,
1,2,5.494204,-2.658183,1.111304,-5.064782,0.03466912,-0.7108623,0.2080219,0.6709692,
1,2,5.502537,-2.621605,1.111845,-5.081513,0.03184282,-0.715055,0.2061326,0.6672269,
1,2,5.51087,-2.604219,1.112341,-5.089047,0.02924339,-0.7167988,0.2061354,0.6654717,
1,2,5.519204,-2.61122,1.112272,-5.085861,0.03010414,-0.7157021,0.2067115,0.6664343,
1,2,5.527537,-2.587522,1.112171,-5.096758,0.02918234,-0.7192605,0.2068221,0.6625989,
1,2,5.53587,-2.576842,1.112111,-5.101553,0.02887683,-0.7207925,0.2069035,0.66092,
1,2,5.544204,-2.534151,1.112494,-5.119433,0.02771679,-0.7268591,0.2061526,0.6545295,
1,2,5.552537,-2.485408,1.112806,-5.138836,0.02717859,-0.7333428,0.2051363,0.6476024,
1,2,5.56087,-2.426813,1.112767,-5.161465,0.023737,-0.7404257,0.205444,0.6395305,
1,2,5.569204,-2.351612,1.113005,-5.188507,0.01515314,-0.7494034,0.2077466,0.6284953,
1,2,5.577537,-2.323168,1.113255,-5.198411,0.01108523,-0.7535901,0.2101352,0.6227539,
1,2,5.58587,-2.315954,1.113411,-5.201237,0.009320546,-0.7548553,0.2124378,0.620465,
1,2,5.594203,-2.300566,1.113523,-5.206635,0.007663507,-0.7574223,0.214442,0.6166583,
1,2,5.602537,-2.296822,1.113459,-5.208426,0.00807168,-0.7591234,0.214431,0.6145617,
1,2,5.61087,-2.299325,1.113565,-5.208565,0.006594315,-0.7594593,0.2150872,0.6139346,
1,2,5.619204,-2.303622,1.113554,-5.208148,0.005026456,-0.758868,0.2167629,0.6140912,
1,2,5.627537,-2.330577,1.113659,-5.200458,0.002690893,-0.7554888,0.2190026,0.6174685,
1,2,5.63587,-2.340709,1.113767,-5.198084,-0.0003536753,-0.7544121,0.2213494,0.6179537,
1,2,5.644204,-2.369617,1.113691,-5.18893,-0.0001746677,-0.7511439,0.222281,0.62159,
1,2,5.652537,-2.376061,1.113582,-5.187783,-0.001178594,-0.7513849,0.2226699,0.6211582,
1,2,5.66087,-2.398453,1.113441,-5.180556,-0.0005349983,-0.7486977,0.2225621,0.624434,
1,2,5.669204,-2.432327,1.113117,-5.169225,0.001336042,-0.7445862,0.22337,0.6290433,
1,2,5.677537,-2.463674,1.112858,-5.158067,0.003016479,-0.7404919,0.2235338,0.6337945,
1,2,5.68587,-2.495498,1.112744,-5.14625,0.002469772,-0.7354929,0.2243536,0.639304,
1,2,5.694204,-2.519516,1.112465,-5.137452,0.003666651,-0.7330526,0.2251746,0.6418076,
1,2,5.702537,-2.535532,1.112207,-5.131925,0.002817808,-0.731692,0.2272388,0.6426364,
1,2,5.71087,-2.565468,1.112034,-5.120173,0.002545565,-0.728418,0.2299182,0.6453978,
1,2,5.719203,-2.574909,1.111971,-5.116986,0.001775064,-0.7280114,0.2318576,0.6451654,
1,2,5.727537,-2.587971,1.111862,-5.112085,0.002103427,-0.7271326,0.2334867,0.6455679,
1,2,5.73587,-2.60538,1.111851,-5.104675,0.003330186,-0.7251278,0.2342855,0.6475254,
1,2,5.744204,-2.618793,1.111792,-5.099447,0.00365006,-0.7235895,0.2361316,0.648573,
1,2,5.752537,-2.639433,1.111859,-5.090568,0.004617466,-0.7210671,0.2374579,0.6508875,
1,2,5.76087,-2.666499,1.112226,-5.078135,0.004997766,-0.7176113,0.2379538,0.6545128,
1,2,5.769204,-2.686602,1.112749,-5.068715,0.004461221,-0.7146131,0.2382278,0.6576896,
1,2,5.777537,-2.71684,1.113246,-5.054162,0.004453575,-0.710552,0.2385519,0.6619585,
1,2,5.78587,-2.754948,1.113753,-5.034973,0.004343767,-0.7053646,0.2393634,0.6671935,
1,2,5.794204,-2.792086,1.114352,-5.015501,0.004553378,-0.7002789,0.2403443,0.672178,
1,2,5.802537,-2.826252,1.11484,-4.996656,0.006823222,-0.6955974,0.2408753,0.6768137,
1,2,5.81087,-2.847258,1.115241,-4.984934,0.009465625,-0.69328,0.2418942,0.6787934,
1,2,5.819204,-2.843453,1.115153,-4.988629,0.009340165,-0.694387,0.2436627,0.6770287,
1,2,5.827537,-2.80634,1.115206,-5.011711,0.006533184,-0.7009202,0.2440712,0.6701474,
1,2,5.83587,-2.795913,1.116264,-5.01823,0.003654954,-0.7027035,0.2424841,0.6688766,
1,2,5.844203,-2.761288,1.117644,-5.037558,-0.001090655,-0.7070299,0.2397819,0.6652911,
1,2,5.852537,-2.760925,1.118986,-5.038031,-0.00448734,-0.7050429,0.2381482,0.667967,
1,2,5.86087,-2.760937,1.119541,-5.039167,-0.006095173,-0.7041383,0.2367784,0.6693938,
1,2,5.869204,-2.76066,1.120275,-5.040407,-0.01037125,-0.702829,0.2342069,0.6716183,
1,2,5.877537,-2.554441,1.121124,-5.140378,-0.02350071,-0.7298794,0.2303835,0.6431543,
1,2,5.88587,-2.503722,1.12193,-5.161981,-0.02554923,-0.7365266,0.2267,0.6367756,
1,2,5.894204,-2.431912,1.122765,-5.190353,-0.03020984,-0.7464203,0.2213732,0.6268478,
1,2,5.902537,-2.37687,1.123374,-5.210778,-0.03777504,-0.7510351,0.2188586,0.621788,
1,2,5.91087,-2.34989,1.123642,-5.220848,-0.03941968,-0.7533461,0.2175157,0.6193567,
1,2,5.919204,-2.331367,1.124235,-5.227771,-0.04286915,-0.7544475,0.2170659,0.617943,
1,2,5.927537,-2.319827,1.124444,-5.232343,-0.04774525,-0.7551465,0.2195914,0.615836,
1,2,5.93587,-2.309394,1.124974,-5.236921,-0.05193424,-0.7560197,0.2204383,0.6141205,
1,2,5.944204,-2.293233,1.1248,-5.24285,-0.05538626,-0.7589881,0.2213111,0.6098286,
1,2,5.952537,-2.2787,1.125086,-5.248564,-0.05936619,-0.7614621,0.2210566,0.6064529,
1,2,5.96087,-2.284071,1.124699,-5.24763,-0.06075506,-0.761441,0.2204279,0.6065708,
1,2,5.969203,-2.28056,1.124801,-5.250113,-0.06517155,-0.7614788,0.2216245,0.6056281,
1,2,5.977537,-2.294965,1.124977,-5.247278,-0.06779699,-0.7597475,0.2230372,0.6069942,
1,2,5.98587,-2.308305,1.12503,-5.243965,-0.06929291,-0.7581477,0.2233009,0.608726,
1,2,5.994204,-2.326974,1.124755,-5.23919,-0.07092528,-0.7557665,0.2234573,0.6114357,
1,2,6.002537,-2.326272,1.124045,-5.240045,-0.06970401,-0.7567998,0.2207482,0.6112819,
1,2,6.01087,-2.325469,1.123515,-5.241127,-0.06737313,-0.7580315,0.2181482,0.6109505,
1,2,6.019204,-2.324532,1.123159,-5.24237,-0.0664097,-0.7582514,0.216769,0.6112738,
1,2,6.027537,-2.324138,1.122767,-5.242765,-0.06562291,-0.7573066,0.2172767,0.6123488,
1,2,6.03587,-2.323425,1.122117,-5.243619,-0.06502301,-0.7558967,0.2184687,0.6137292,
1,2,6.044204,-2.322824,1.121394,-5.244324,-0.06402948,-0.7556815,0.2192146,0.6138327,
1,2,6.052537,-2.322348,1.120864,-5.244989,-0.06444194,-0.7566354,0.2199292,0.6123571,
1,2,6.06087,-2.321397,1.120055,-5.246376,-0.06355399,-0.7570103,0.2213945,0.6114579,
1,2,6.069204,-2.320706,1.119507,-5.247053,-0.06170472,-0.7568475,0.2210168,0.6119853,
1,2,6.077537,-2.320155,1.119227,-5.247382,-0.06152058,-0.7560806,0.2205036,0.6131357,
1,2,6.08587,-2.319442,1.118691,-5.247844,-0.06042448,-0.7557823,0.2202719,0.6136957,
1,2,6.094203,-2.319159,1.118479,-5.248014,-0.06044912,-0.7558277,0.220668,0.6134951,
1,2,6.102537,-2.318407,1.117913,-5.248868,-0.05979352,-0.7568116,0.2214287,0.6120704,
1,2,6.11087,-2.31774,1.117334,-5.24966,-0.05992004,-0.7570795,0.2242021,0.6107156,
1,2,6.119204,-2.317235,1.116894,-5.250182,-0.06096968,-0.7567488,0.227594,0.6097662,
1,2,6.127537,-2.317008,1.116785,-5.250306,-0.06211069,-0.7564226,0.2297033,0.6092648,
1,2,6.13587,-2.316554,1.11654,-5.250449,-0.06145394,-0.7564663,0.2310064,0.6087843,
1,2,6.144204,-2.316169,1.116579,-5.250444,-0.05918044,-0.7574617,0.2287835,0.6086112,
1,2,6.152537,-2.315631,1.116576,-5.250547,-0.05666507,-0.7586553,0.2272836,0.6079254,
1,2,6.16087,-2.315202,1.116456,-5.250691,-0.05335979,-0.7608391,0.2272493,0.6055034,
1,2,6.169204,-2.314842,1.115948,-5.251086,-0.0477915,-0.7645243,0.2296206,0.6004106,
1,2,6.177537,-2.314641,1.115315,-5.251532,-0.04059199,-0.7691795,0.230911,0.5944706,
1,2,6.18587,-2.314952,1.114574,-5.252012,-0.03208131,-0.7736241,0.2328253,0.5884461,
1,2,6.194204,-2.315668,1.113273,-5.252803,-0.02098081,-0.7766461,0.240998,0.581636,
1,2,6.202537,-2.316267,1.112532,-5.253269,-0.01091152,-0.7804375,0.2432332,0.5758784,
1,2,6.21087,-2.316369,1.111949,-5.253519,-0.0024909,-0.7818058,0.2446121,0.5735316,
1,2,6.219203,-2.315659,1.111413,-5.254549,-0.004011154,-0.7846522,0.2482968,0.568026,
1,2,6.227537,-2.315019,1.111062,-5.255684,-0.01168371,-0.7848433,0.2536169,0.5652989,
1,2,6.23587,-2.314958,1.110278,-5.256522,-0.004609484,-0.7890345,0.2555105,0.5586751,
1,2,6.244204,-2.314958,1.109932,-5.256434,0.00921854,-0.7953753,0.2476399,0.5531434,
1,2,6.252537,-2.316181,1.108181,-5.256343,0.02233787,-0.7925478,0.2533147,0.5542569,
1,2,6.26087,-2.31614,1.107234,-5.256238,0.0324933,-0.7938998,0.2500165,0.5533164,
1,2,6.269204,-2.315561,1.106168,-5.256002,0.03505525,-0.7926406,0.251344,0.554363,
1,2,6.277537,-2.315296,1.105605,-5.255759,0.03623663,-0.7902282,0.2523621,0.5572608,
1,2,6.28587,-2.314633,1.104759,-5.255983,0.03853074,-0.7911963,0.253966,0.5550001,
1,2,6.294204,-2.313823,1.103744,-5.256361,0.04003015,-0.7920287,0.2587552,0.5514834,
1,2,6.302537,-2.313178,1.102924,-5.256926,0.03864758,-0.7913619,0.2629476,0.5505553,
1,2,6.31087,-2.312473,1.102469,-5.257867,0.03234489,-0.7909824,0.2659135,0.5500823,
1,2,6.319204,-2.311821,1.102179,-5.258444,0.03028334,-0.7933216,0.2653404,0.5470999,
1,2,6.327537,-2.311266,1.102049,-5.258618,0.03229234,-0.7966304,0.2609936,0.5442606,
1,2,6.33587,-2.310728,1.102102,-5.258295,0.03813132,-0.8018237,0.2497663,0.5415177,
1,2,6.344203,-2.310302,1.101878,-5.258199,0.04366003,-0.8057245,0.2422503,0.5387176,
1,2,6.352537,-2.310651,1.101139,-5.258241,0.04999916,-0.8090544,0.2400823,0.5341269,
1,2,6.36087,-2.31088,1.100068,-5.258507,0.06113876,-0.8147898,0.2381316,0.5250455,
1,2,6.369204,-2.310682,1.099617,-5.259046,0.05835288,-0.8148907,0.2439921,0.5225093,
1,2,6.377537,-2.309766,1.100205,-5.258849,0.04714806,-0.8141977,0.2424792,0.5254169,
1,2,6.38587,-2.309325,1.10125,-5.257905,0.04467097,-0.8161691,0.2252486,0.5302223,
1,2,6.394204,-2.30962,1.10122,-5.256928,0.05489277,-0.8188304,0.2100565,0.5313942,
1,2,6.402537,-2.310554,1.100958,-5.255033,0.06198607,-0.8151242,0.2040964,0.538586,
1,2,6.41087,-2.31134,1.101184,-5.252841,0.0616919,-0.8095184,0.205539,0.5464684,
1,2,6.419204,-2.311796,1.101462,-5.25133,0.05801806,-0.8055677,0.2099412,0.5510166,
1,2,6.427537,-2.312208,1.102244,-5.25019,0.0533626,-0.8036452,0.2106833,0.5540031,
1,2,6.43587,-2.312346,1.103543,-5.249291,0.04726259,-0.8037165,0.2065476,0.5560074,
1,2,6.444204,-2.312065,1.10477,-5.249308,0.03844741,-0.8042226,0.204257,0.5568005,
1,2,6.452537,-2.311473,1.106985,-5.248774,0.01920982,-0.8005977,0.2053394,0.5625922,
1,2,6.46087,-2.31117,1.108796,-5.247829,0.004437769,-0.7960885,0.2062992,0.5689148,
1,2,6.469203,-2.31147,1.109752,-5.24691,0.001000296,-0.7937315,0.2057651,0.5724072,
1,2,6.477537,-2.31176,1.111127,-5.245781,-0.007013401,-0.7908804,0.2059732,0.576224,
1,2,6.48587,-2.31399,1.107864,-5.24551,0.01355617,-0.7906271,0.2266497,0.5686432,
1,2,6.494204,-2.315414,1.10658,-5.245031,0.02366658,-0.7938327,0.2340204,0.5608066,
1,2,6.502537,-2.316027,1.106331,-5.244359,0.02253523,-0.7938926,0.2394713,0.5584624,
1,2,6.51087,-2.316052,1.10652,-5.24362,0.02087089,-0.7938931,0.2365762,0.5597588,
1,2,6.519204,-2.231219,1.10675,-5.077881,0.01803251,-0.7932749,0.2361053,0.5609313,
1,2,6.527537,-2.231708,1.106533,-5.078331,0.009585574,-0.7942007,0.242909,0.5569099,
1,2,6.53587,-2.233075,1.106505,-5.077446,0.002636939,-0.7945294,0.2466374,0.5548748,
1,2,6.544204,-2.234255,1.106407,-5.076276,-0.002228074,-0.7939526,0.2492697,0.5545259,
1,2,6.552537,-2.235597,1.106226,-5.074373,-0.0003196113,-0.7949317,0.2472523,0.5540307,
1,2,6.56087,-2.236681,1.106049,-5.07252,0.003164008,-0.7953612,0.2442644,0.5547301,
1,2,6.569204,-2.237611,1.105897,-5.071404,0.003702581,-0.7953429,0.2442602,0.5547549,
1,2,6.577537,-2.238524,1.105636,-5.070623,0.00343528,-0.7950875,0.2443947,0.5550633,
1,2,6.58587,-2.2402,1.105266,-5.067225,0.0003521889,-0.7925279,0.2459119,0.5580562,
1,2,6.594203,-2.241521,1.105173,-5.064848,0.000939846,-0.7904165,0.2455994,0.561179,
1,2,6.602537,-2.242853,1.105103,-5.062463,0.004335858,-0.7893257,0.2437517,0.5634991,
1,2,6.61087,-2.243977,1.105094,-5.060672,0.00485228,-0.7888416,0.2424632,0.5647274,
1,2,6.619204,-2.245343,1.105033,-5.059275,0.005230997,-0.7889392,0.2401803,0.5655627,
1,2,6.627537,-2.246769,1.105071,-5.057863,0.006113421,-0.7887235,0.2387266,0.5664693,
1,2,6.63587,-2.248024,1.105336,-5.057384,0.005896281,-0.7883198,0.2386041,0.5670849,
1,2,6.644204,-2.249599,1.105677,-5.056088,0.005887769,-0.7876123,0.238138,0.5682628,
1,2,6.652537,-2.250877,1.105912,-5.055718,0.006256633,-0.7871248,0.2385088,0.5687785,
1,2,6.66087,-2.2525,1.106445,-5.054854,0.004048046,-0.7866566,0.2378194,0.569734,
1,2,6.669204,-2.254123,1.107211,-5.05436,-0.000316646,-0.7863515,0.237124,0.5704589,
1,2,6.677537,-2.255848,1.108268,-5.053973,-0.007128946,-0.7851617,0.235678,0.5726485,
1,2,6.68587,-2.257933,1.109104,-5.053493,-0.009038018,-0.7849877,0.2337066,0.573667,
1,2,6.694204,-2.259641,1.109465,-5.053458,-0.008472368,-0.7855455,0.2324946,0.5734046,
1,2,6.702537,-2.262262,1.110061,-5.052926,-0.007080885,-0.7855379,0.2317454,0.573737,
1,2,6.71087,-2.265065,1.110031,-5.053286,-0.006487532,-0.7855037,0.2347979,0.5725484,
1,2,6.719203,-2.267697,1.110783,-5.053296,-0.01079679,-0.7846693,0.2382441,0.5722038,
1,2,6.727537,-2.270972,1.111298,-5.053469,-0.01341755,-0.7837899,0.2402989,0.5724944,
1,2,6.73587,-2.274482,1.111688,-5.053693,-0.01422632,-0.783003,0.2410347,0.5732418,
1,2,6.744204,-2.27777,1.111726,-5.054336,-0.01389159,-0.7827445,0.2421051,0.5731521,
1,2,6.752537,-2.281492,1.111673,-5.055735,-0.01456912,-0.7833115,0.2437566,0.5716586,
1,2,6.76087,-2.284781,1.111825,-5.057242,-0.0170422,-0.7840386,0.2454685,0.5698582,
1,2,6.769204,-2.287957,1.112125,-5.05876,-0.0189772,-0.7839667,0.2461338,0.569609,
1,2,6.777537,-2.290976,1.11206,-5.06004,-0.01728219,-0.7838197,0.244828,0.5704274,
1,2,6.78587,-2.293933,1.112658,-5.06184,-0.01780643,-0.7850003,0.2405844,0.5705932,
1,2,6.794204,-2.295897,1.113199,-5.063673,-0.01919439,-0.7862632,0.233966,0.5715606,
1,2,6.802537,-2.297158,1.114371,-5.064887,-0.02126424,-0.7869875,0.2249188,0.5741168,
1,2,6.81087,-2.298212,1.115496,-5.065425,-0.02511095,-0.7841944,0.2203478,0.5795303,
1,2,6.819204,-2.298967,1.116412,-5.065547,-0.02496272,-0.7806177,0.2154627,0.5861644,
1,2,6.827537,-2.298994,1.116989,-5.06535,-0.02296275,-0.7774063,0.2097911,0.5925367,
1,2,6.83587,-2.298614,1.117493,-5.06591,-0.02519026,-0.7768778,0.204226,0.5950782,
1,2,6.844203,-2.297686,1.118176,-5.066688,-0.02761018,-0.7777045,0.1971587,0.5962734,
1,2,6.852537,-2.297675,1.118018,-5.066273,-0.01630142,-0.7779063,0.1907164,0.5985176,
1,2,6.86087,-2.297176,1.11754,-5.066246,-0.01170873,-0.7792339,0.1868131,0.598129,
1,2,6.869204,-2.296824,1.116959,-5.067393,-0.01239033,-0.7803464,0.1871241,0.5965657,
1,2,6.877537,-2.296796,1.116366,-5.067959,-0.007364213,-0.7826111,0.184395,0.5945284,
1,2,6.88587,-2.297482,1.115126,-5.06782,0.001366206,-0.7826722,0.1871556,0.5936288,
1,2,6.894204,-2.297543,1.114344,-5.068033,0.005583098,-0.7830392,0.1893087,0.5924363,
1,2,6.902537,-2.29748,1.113585,-5.06954,-0.004934046,-0.7816504,0.2060447,0.5886798,
1,2,6.91087,-2.297417,1.11271,-5.070735,-0.008749114,-0.7810215,0.2172694,0.5854254,
1,2,6.919204,-2.297729,1.11211,-5.071647,-0.01122511,-0.7811614,0.2251379,0.5822146,
1,2,6.927537,-2.297633,1.112077,-5.072141,-0.01537842,-0.7810048,0.2231365,0.5830995,
1,2,6.93587,-2.295343,1.111617,-5.075611,-0.02156294,-0.7829016,0.2273612,0.5787116,
1,2,6.944204,-2.296083,1.111225,-5.077211,-0.01748077,-0.784932,0.2236167,0.5775567,
1,2,6.952537,-2.296785,1.11108,-5.079079,-0.01674243,-0.7859743,0.2218138,0.5768559,
1,2,6.96087,-2.29765,1.1109,-5.081034,-0.01712832,-0.7863346,0.2222441,0.5761876,
1,2,6.969203,-2.298837,1.110637,-5.083052,-0.01717917,-0.7865429,0.2238625,0.5752746,
1,2,6.977537,-2.299817,1.110472,-5.085196,-0.0177287,-0.7866732,0.2251026,0.5745953,
1,2,6.98587,-2.300588,1.110397,-5.08706,-0.01814301,-0.7869094,0.2253042,0.5741798,
1,2,6.994204,-2.301845,1.110447,-5.08845,-0.01822919,-0.7868031,0.2248447,0.5745028,
1,2,7.002537,-2.303116,1.110406,-5.090422,-0.01941732,-0.7866226,0.2242883,0.5749283,
1,2,7.01087,-2.304308,1.110413,-5.092174,-0.01983654,-0.7867245,0.2236034,0.5750414,
1,2,7.019204,-2.305239,1.11052,-5.093607,-0.02051041,-0.7868572,0.223454,0.5748942,
1,2,7.027537,-2.305879,1.110556,-5.095437,-0.0222337,-0.7871046,0.2258023,0.5735724,
1,2,7.03587,-2.306668,1.11064,-5.0973,-0.02598925,-0.7867112,0.2288645,0.5727401,
1,2,7.044204,-2.307601,1.110673,-5.099123,-0.0282385,-0.7865319,0.2309729,0.5720329,
1,2,7.052537,-2.308767,1.110659,-5.100941,-0.02851554,-0.7870182,0.2315268,0.5711258,
1,2,7.06087,-2.30938,1.11084,-5.102469,-0.03006021,-0.7873471,0.2316024,0.5705622,
1,2,7.069204,-2.310128,1.110935,-5.103713,-0.02922115,-0.7876933,0.2307463,0.5704748,
1,2,7.077537,-2.311088,1.11097,-5.104585,-0.02907351,-0.7877295,0.2303331,0.5705993,
1,2,7.08587,-2.311534,1.111158,-5.105796,-0.03003574,-0.7879473,0.22968,0.5705121,
1,2,7.094203,-2.312142,1.111417,-5.107337,-0.03159961,-0.7883638,0.2286476,0.570267,
1,2,7.102537,-2.312675,1.111668,-5.108599,-0.0330536,-0.7889068,0.2273342,0.5699584,
1,2,7.11087,-2.313371,1.111602,-5.109628,-0.03224641,-0.7888808,0.2282468,0.569676,
1,2,7.119204,-2.314192,1.111537,-5.11102,-0.03159237,-0.7888434,0.2294205,0.5692927,
1,2,7.127537,-2.314982,1.11152,-5.112502,-0.03113989,-0.7888572,0.2302044,0.5689819,
1,2,7.13587,-2.315733,1.111464,-5.113526,-0.03040623,-0.7888153,0.2302776,0.5690502,
1,2,7.144204,-2.316364,1.111436,-5.114781,-0.02963646,-0.7886483,0.2299771,0.5694436,
1,2,7.152537,-2.317055,1.111377,-5.116161,-0.03009039,-0.7884931,0.2306663,0.5693561,
1,2,7.16087,-2.317458,1.111292,-5.118104,-0.03041432,-0.7885705,0.2324538,0.568504,
1,2,7.169204,-2.318408,1.111221,-5.119591,-0.0300269,-0.7889284,0.2327659,0.5679,
1,2,7.177537,-2.318757,1.111031,-5.121029,-0.02796113,-0.7895262,0.2327055,0.567199,
1,2,7.18587,-2.319005,1.110887,-5.122489,-0.02558605,-0.7901736,0.2314541,0.5669214,TargetExpired
1,2,7.194204,-2.319067,1.110973,-5.123506,-0.02236787,-0.7923943,0.2255088,0.5663539,
1,2,7.202537,-2.319161,1.110775,-5.125038,-0.01793315,-0.7930208,0.222431,0.5668517,
1,2,7.21087,-2.318835,1.110781,-5.12602,-0.01272185,-0.7927983,0.2161004,0.5697452,
1,2,7.219203,-2.318426,1.111049,-5.126845,-0.01105745,-0.7930361,0.2083305,0.5723373,
1,2,7.227537,-2.317499,1.111406,-5.127881,-0.001123104,-0.7960992,0.1944898,0.5730606,
1,2,7.23587,-2.315315,1.112083,-5.130039,-0.009542223,-0.7966523,0.1906994,0.5734874,
1,2,7.244204,-2.313656,1.112085,-5.131445,-0.008537395,-0.796994,0.190194,0.5731962,
1,2,7.252537,-2.311828,1.112082,-5.132535,-0.01002575,-0.7957965,0.1921163,0.5741941,
1,2,7.26087,-2.309921,1.112197,-5.133123,-0.01105041,-0.794594,0.1914754,0.5760516,
1,2,7.269204,-2.308482,1.112202,-5.133373,-0.01212095,-0.7935292,0.193112,0.5769509,
1,2,7.277537,-2.306298,1.112219,-5.134227,-0.01086086,-0.7966741,0.1905897,0.5734701,
1,2,7.28587,-2.303996,1.112202,-5.135265,-0.008739436,-0.8014741,0.1863709,0.5681803,
1,2,7.294204,-2.301939,1.112251,-5.136018,-0.01255013,-0.801537,0.1872301,0.5677375,
1,2,7.302537,-2.300372,1.111897,-5.13639,-0.01244627,-0.8006266,0.1906403,0.5678895,
1,2,7.31087,-2.298608,1.111457,-5.136886,-0.01137562,-0.8015703,0.1922392,0.5660387,
1,2,7.319204,-2.296592,1.111197,-5.137949,-0.01546254,-0.8032728,0.1952269,0.5624946,
1,2,7.327537,-2.294602,1.110757,-5.139222,-0.02002171,-0.8045107,0.1995118,0.5590678,
1,2,7.33587,-2.292875,1.110357,-5.140131,-0.02095385,-0.8059943,0.2002402,0.556631,
1,2,7.344203,-2.291768,1.110299,-5.140229,-0.02017079,-0.8070998,0.197316,0.5561022,
1,2,7.352537,-2.290215,1.110138,-5.140692,-0.01918762,-0.8090806,0.1939634,0.5544353,
1,2,7.36087,-2.288784,1.109838,-5.141239,-0.01640106,-0.8116359,0.1906719,0.551926,
1,2,7.369204,-2.287821,1.109646,-5.141119,-0.01294669,-0.8139902,0.1877354,0.5495523,
1,2,7.377537,-2.286421,1.109391,-5.141476,-0.01204617,-0.8158795,0.1852762,0.5476024,
1,2,7.38587,-2.285552,1.109322,-5.14083,-0.01285535,-0.8144396,0.1854185,0.5496752,
1,2,7.394204,-2.284461,1.10915,-5.140159,-0.01070463,-0.8131547,0.1823919,0.5526284,
1,2,7.402537,-2.283252,1.109032,-5.139598,-0.008714685,-0.8127819,0.1788967,0.5543514,
1,2,7.41087,-2.28178,1.108997,-5.138821,-0.006663473,-0.8127448,0.1742529,0.5559114,
1,2,7.419204,-2.280472,1.108966,-5.138186,-0.004687201,-0.812939,0.1699802,0.5569695,
1,2,7.427537,-2.279022,1.108826,-5.137666,-0.00320784,-0.8127507,0.1683561,0.5577475,
1,2,7.43587,-2.278004,1.108484,-5.137114,-0.001326792,-0.8119997,0.1699008,0.5583801,
1,2,7.444204,-2.276844,1.107943,-5.135911,0.002381522,-0.8098142,0.172984,0.5605996,
1,2,7.452537,-2.276147,1.107052,-5.134529,0.008919479,-0.8071191,0.1783105,0.5627472,
1,2,7.46087,-2.27538,1.106058,-5.133957,0.004950047,-0.8048504,0.1912334,0.5618017,
1,2,7.469203,-2.275093,1.10506,-5.132983,0.01090307,-0.800935,0.1999904,0.5642588,
1,2,7.477537,-2.275577,1.104691,-5.131516,0.01997317,-0.7991574,0.1992602,0.5667838,
1,2,7.48587,-2.27549,1.104562,-5.129576,0.02469532,-0.795104,0.1986421,0.5724868,
1,2,7.494204,-2.275196,1.104488,-5.128493,0.02761175,-0.7920302,0.2011279,0.5757372,
1,2,7.502537,-2.274687,1.104878,-5.127932,0.02542072,-0.790346,0.2033317,0.5773762,
1,2,7.51087,-2.27393,1.106313,-5.127581,0.01860969,-0.7915038,0.1977095,0.5780021,
1,2,7.519204,-2.273198,1.107714,-5.127828,0.009279566,-0.7935104,0.1947182,0.5764893,
1,2,7.527537,-2.272459,1.109276,-5.128606,-0.002005683,-0.7965667,0.1930798,0.5728855,
1,2,7.53587,-2.272113,1.109843,-5.12795,-0.002821229,-0.7943513,0.1926609,0.5760902,
1,2,7.544204,-2.272783,1.108795,-5.126401,0.01062404,-0.7894338,0.1984118,0.5807875,
1,2,7.552537,-2.273064,1.108252,-5.124579,0.02340091,-0.7837608,0.2024463,0.5866745,
1,2,7.56087,-2.271994,1.108545,-5.12318,0.02275525,-0.7796618,0.1998249,0.5930258,
1,2,7.569204,-2.269854,1.109822,-5.12214,0.01629611,-0.7803507,0.1852949,0.5970368,
1,2,7.577537,-2.261878,1.110444,-5.120461,0.01067067,-0.7745568,0.1841363,0.6050138,
1,2,7.58587,-2.261922,1.110427,-5.118595,0.03070879,-0.7814661,0.1730203,0.5986918,
1,2,7.594203,-2.260316,1.110592,-5.117133,0.0306342,-0.7810735,0.1712418,0.5997182,
1,2,7.602537,-2.258574,1.111043,-5.115659,0.02702934,-0.7803988,0.1694828,0.6012675,
1,2,7.61087,-2.25702,1.111477,-5.114126,0.02234943,-0.7786515,0.1701858,0.6035222,
1,2,7.619204,-2.255652,1.111527,-5.112223,0.02475132,-0.7775708,0.1688745,0.6051879,
1,2,7.627537,-2.25436,1.111404,-5.110325,0.02690201,-0.7759967,0.1677742,0.6074185,
1,2,7.63587,-2.252744,1.11139,-5.108459,0.02881708,-0.7748687,0.1653435,0.6094338,
1,2,7.644204,-2.252132,1.11111,-5.106924,0.03390954,-0.7748998,0.1640409,0.6094841,
1,2,7.652537,-2.250863,1.110845,-5.104956,0.03839412,-0.7736933,0.1633485,0.6109352,
1,2,7.66087,-2.249474,1.110533,-5.10331,0.03964906,-0.772341,0.1650085,0.612119,
1,2,7.669204,-2.248189,1.110316,-5.101845,0.03994124,-0.7714967,0.1662663,0.6128238,
1,2,7.677537,-2.247431,1.110273,-5.101033,0.03658997,-0.7711565,0.1683386,0.6128956,
1,2,7.68587,-2.246181,1.110011,-5.09997,0.03407637,-0.7703232,0.1721196,0.6130384,
1,2,7.694204,-2.24476,1.109764,-5.098802,0.03395762,-0.7700101,0.1730335,0.6131809,
1,2,7.702537,-2.243766,1.10974,-5.097832,0.03452627,-0.7701688,0.1715562,0.6133648,
1,2,7.71087,-2.242906,1.10956,-5.096529,0.03611278,-0.7700343,0.1693944,0.6140429,
1,2,7.719203,-2.241743,1.109139,-5.094868,0.03913152,-0.76931,0.1662764,0.6156159,
1,2,7.727537,-2.240844,1.108801,-5.093534,0.04096517,-0.7687656,0.1648618,0.6165564,
1,2,7.73587,-2.239822,1.108532,-5.092239,0.04227469,-0.7680108,0.1644253,0.6175246,
1,2,7.744204,-2.23888,1.108257,-5.090951,0.04378368,-0.7671592,0.1642823,0.6185152,
1,2,7.752537,-2.238044,1.108034,-5.089879,0.04470534,-0.7664766,0.1647643,0.6191671,
1,2,7.76087,-2.237437,1.108126,-5.089236,0.04336277,-0.7667274,0.1647852,0.6189464,
1,2,7.769204,-2.236656,1.108202,-5.088456,0.04108538,-0.7665618,0.1654827,0.6191207,
1,2,7.777537,-2.235584,1.108248,-5.087623,0.03896388,-0.7662448,0.1662195,0.6194528,
1,2,7.78587,-2.234966,1.108284,-5.086757,0.03841054,-0.7659907,0.1663245,0.6197734,
1,2,7.794204,-2.234385,1.10826,-5.085883,0.03930856,-0.7656986,0.1657051,0.6202438,
1,2,7.802537,-2.233504,1.1081,-5.085018,0.03918933,-0.7650813,0.1654362,0.6210843,
1,2,7.81087,-2.232796,1.107913,-5.084378,0.03942936,-0.7650955,0.1655764,0.6210142,
1,2,7.819204,-2.232247,1.107774,-5.083594,0.03962598,-0.7650492,0.1657666,0.621008,
1,2,7.827537,-2.231422,1.107546,-5.082784,0.04026385,-0.7651964,0.1656811,0.6208083,
1,2,7.83587,-2.230573,1.107421,-5.082157,0.03966479,-0.7660367,0.1655747,0.6198382,
1,2,7.844203,-2.22939,1.107427,-5.082572,0.03339263,-0.7683614,0.1683627,0.6165708,
1,2,7.852537,-2.228823,1.107279,-5.082906,0.02780355,-0.7688974,0.1751747,0.6142781,
1,2,7.86087,-2.228333,1.107003,-5.082634,0.02618708,-0.7688156,0.1794954,0.6132033,
1,2,7.869204,-2.227947,1.106699,-5.082084,0.02634956,-0.7690731,0.1809666,0.6124405,
1,2,7.877537,-2.22781,1.106358,-5.08104,0.03009211,-0.7692749,0.1784931,0.6127404,
1,2,7.88587,-2.227591,1.105848,-5.080242,0.03422113,-0.7703108,0.1762563,0.6118691,
1,2,7.894204,-2.227304,1.105337,-5.079503,0.0381594,-0.7716123,0.1733467,0.6108267,
1,2,7.902537,-2.227043,1.104951,-5.078666,0.03982021,-0.7722863,0.1716017,0.6103614,
1,2,7.91087,-2.226754,1.104586,-5.077771,0.04083982,-0.771975,0.1711417,0.6108168,
1,2,7.919204,-2.226794,1.104357,-5.076695,0.04210614,-0.7713675,0.1718604,0.6112964,
1,2,7.927537,-2.226757,1.103936,-5.075603,0.0450721,-0.7712417,0.1716224,0.6113106,
1,2,7.93587,-2.226477,1.10369,-5.074743,0.04654577,-0.7712108,0.1709184,0.6114363,
1,2,7.944204,-2.226104,1.103591,-5.073763,0.04673616,-0.771226,0.170233,0.6115937,
1,2,7.952537,-2.225904,1.103653,-5.072642,0.04612534,-0.7707988,0.1695186,0.6123767,
1,2,7.96087,-2.225499,1.103559,-5.071173,0.04676861,-0.7701321,0.1678711,0.6136193,
1,2,7.969203,-2.22514,1.103459,-5.069629,0.04764659,-0.7694218,0.1663345,0.6148601,
1,2,7.977537,-2.224772,1.103224,-5.068034,0.0499263,-0.7688959,0.1650412,0.615685,
1,2,7.98587,-2.224518,1.103009,-5.066518,0.0517784,-0.7683967,0.1643725,0.6163337,
1,2,7.994204,-2.224067,1.102928,-5.06489,0.05266391,-0.767748,0.1639309,0.617184,
1,2,8.002537,-2.223535,1.103122,-5.063922,0.05032134,-0.7679453,0.1645659,0.6169649,
1,2,8.01087,-2.223078,1.103136,-5.062795,0.04983717,-0.7680163,0.1651814,0.6167513,
1,2,8.019203,-2.222384,1.103085,-5.061502,0.05001071,-0.7680312,0.1650795,0.6167461,
1,2,8.027537,-2.222013,1.102945,-5.059729,0.05092125,-0.7678635,0.1637387,0.6172377,
1,2,8.035871,-2.221311,1.102847,-5.057879,0.05144431,-0.7676362,0.1622564,0.6178682,
1,2,8.044204,-2.220414,1.102772,-5.055767,0.05155306,-0.7671872,0.1610951,0.6187199,
1,2,8.052537,-2.219533,1.102537,-5.053306,0.05240271,-0.7656923,0.1607622,0.6205841,
1,2,8.06087,-2.2186,1.102233,-5.050818,0.05408447,-0.7644001,0.1606341,0.6220644,
1,2,8.069203,-2.217738,1.101969,-5.048315,0.05557118,-0.7635723,0.1604549,0.6229955,
1,2,8.077537,-2.216856,1.101742,-5.045971,0.05661115,-0.7630357,0.1596446,0.6237671,
1,2,8.085871,-2.215609,1.101503,-5.043821,0.05689275,-0.7625979,0.1599288,0.6242039,
1,2,8.094204,-2.214529,1.101206,-5.041584,0.05700062,-0.7618867,0.1616009,0.6246316,
1,2,8.102537,-2.213646,1.100685,-5.038866,0.05744813,-0.760556,0.1637619,0.6256487,
1,2,8.11087,-2.212667,1.10032,-5.036327,0.05816838,-0.7597588,0.1643248,0.6264027,
1,2,8.119204,-2.211717,1.100041,-5.033694,0.05934048,-0.7589741,0.164413,0.6272204,
1,2,8.127537,-2.210951,1.099894,-5.031627,0.05989015,-0.7584636,0.1646871,0.6277136,
1,2,8.13587,-2.210365,1.099935,-5.030016,0.05966302,-0.7583471,0.1642408,0.6279929,
1,2,8.144203,-2.209769,1.099932,-5.027733,0.0592522,-0.7577043,0.1646444,0.6287015,
1,2,8.152537,-2.209156,1.099898,-5.024996,0.05964993,-0.7569947,0.1647771,0.6294835,
1,2,8.160871,-2.208635,1.099889,-5.022538,0.06022272,-0.7563585,0.1649,0.6301611,
1,2,8.169204,-2.2082,1.099926,-5.02018,0.06082872,-0.7556744,0.1657373,0.6307037,
1,2,8.177537,-2.207857,1.10004,-5.018121,0.06110638,-0.7551826,0.1665589,0.6310494,
1,2,8.18587,-2.2074,1.100207,-5.016375,0.06126365,-0.7549664,0.1666836,0.6312601,
1,2,8.194203,-2.206696,1.100346,-5.015174,0.06069904,-0.7552103,0.1662718,0.6311313,
1,2,8.202537,-2.206418,1.100619,-5.013543,0.05971278,-0.7552122,0.166424,0.6311829,
1,2,8.210871,-2.20625,1.100982,-5.011897,0.05911447,-0.7550889,0.1668742,0.6312679,
1,2,8.219204,-2.205977,1.101196,-5.010479,0.05888473,-0.7547797,0.1669073,0.6316503,
1,2,8.227537,-2.20594,1.101547,-5.00885,0.05849143,-0.7542057,0.1666269,0.6324461,
1,2,8.23587,-2.205791,1.101961,-5.006862,0.05814499,-0.753473,0.1654879,0.6336492,
1,2,8.244204,-2.205633,1.102193,-5.005119,0.05829672,-0.752993,0.1643769,0.6344944,
1,2,8.252537,-2.205462,1.102319,-5.00376,0.05878922,-0.7529528,0.1634655,0.6347321,
1,2,8.26087,-2.205311,1.102398,-5.002669,0.05900082,-0.752934,0.1629902,0.6348571,
1,2,8.269203,-2.205192,1.102487,-5.001395,0.05910467,-0.752547,0.1623605,0.6354672,
1,2,8.277537,-2.205077,1.102384,-5.00025,0.05906323,-0.752455,0.1623033,0.6355947,
1,2,8.285871,-2.204964,1.102278,-4.999249,0.05889972,-0.7524641,0.1624746,0.6355553,
1,2,8.294204,-2.204878,1.102235,-4.998312,0.05864538,-0.7524951,0.1626071,0.6355084,
1,2,8.302537,-2.204691,1.102125,-4.99736,0.05858179,-0.7525698,0.1627684,0.6353844,
1,2,8.31087,-2.20451,1.101925,-4.996423,0.05878166,-0.7526745,0.1626863,0.6352628,
1,2,8.319203,-2.204388,1.101612,-4.995576,0.05938751,-0.7528252,0.1623981,0.6351017,
1,2,8.327537,-2.204251,1.101369,-4.994805,0.05962608,-0.7528229,0.1625273,0.6350492,
1,2,8.335871,-2.204151,1.101145,-4.99404,0.05967596,-0.752771,0.162835,0.6350271,
1,2,8.344204,-2.203874,1.100788,-4.99336,0.0596551,-0.7528093,0.1634819,0.6348174,
1,2,8.352537,-2.203505,1.10053,-4.992798,0.05937786,-0.7532285,0.1638286,0.6342564,
1,2,8.36087,-2.202873,1.100217,-4.992589,0.05800551,-0.7545231,0.1644838,0.6326731,
1,2,8.369204,-2.202677,1.099931,-4.992359,0.05734096,-0.7556151,0.165805,0.6310835,
1,2,8.377537,-2.202738,1.099759,-4.991745,0.05806029,-0.7557404,0.1661146,0.6307863,
1,2,8.38587,-2.202815,1.099725,-4.990957,0.05827827,-0.7554973,0.1655217,0.6312131,
1,2,8.394203,-2.202894,1.099508,-4.99028,0.05824205,-0.7554555,0.1652797,0.6313299,
1,2,8.402537,-2.202809,1.099031,-4.989848,0.05884929,-0.7558289,0.1651498,0.6308605,
1,2,8.410871,-2.202749,1.09879,-4.989318,0.05911694,-0.7560809,0.1652328,0.6305117,
1,2,8.419204,-2.202743,1.098528,-4.988933,0.05969867,-0.7566125,0.1653858,0.6297786,
1,2,8.427537,-2.202755,1.09842,-4.988366,0.05983267,-0.7568072,0.1655167,0.6294975,
1,2,8.43587,-2.202765,1.098288,-4.987899,0.06004202,-0.7571325,0.1657414,0.6290271,
1,2,8.444203,-2.202993,1.098035,-4.987589,0.05986299,-0.7574831,0.1659762,0.6285599,
1,2,8.452537,-2.203175,1.097835,-4.987254,0.05975384,-0.7578392,0.166043,0.6281233,
1,2,8.460871,-2.203617,1.097745,-4.986825,0.05990047,-0.7580668,0.1660953,0.6278208,
1,2,8.469204,-2.203892,1.097689,-4.986371,0.06028596,-0.7583291,0.1662421,0.6274282,
1,2,8.477537,-2.204481,1.097667,-4.985888,0.06078681,-0.7584478,0.1665037,0.6271669,
1,2,8.48587,-2.204914,1.097722,-4.9854,0.06081603,-0.7584248,0.1666046,0.6271653,
1,2,8.494204,-2.20536,1.097818,-4.984972,0.06084881,-0.7585207,0.1665365,0.6270641,
1,2,8.502537,-2.205925,1.098032,-4.984647,0.06066805,-0.7586709,0.1661936,0.6269908,
1,2,8.51087,-2.206587,1.098339,-4.984353,0.06020875,-0.7588543,0.1655243,0.6269903,
1,2,8.519203,-2.207175,1.098596,-4.984108,0.0597954,-0.7591429,0.1647267,0.6268905,
1,2,8.527537,-2.207895,1.098677,-4.983917,0.0596111,-0.7594962,0.1643368,0.6265824,
1,2,8.535871,-2.208619,1.098732,-4.983673,0.05938432,-0.7598217,0.1643523,0.6262052,
1,2,8.544204,-2.209184,1.098806,-4.983274,0.05939772,-0.7599531,0.1645377,0.6259957,
1,2,8.552537,-2.209877,1.098889,-4.982771,0.05955037,-0.760164,0.1645513,0.6257216,
1,2,8.56087,-2.210559,1.098892,-4.982391,0.05959684,-0.7604008,0.1644815,0.6254476,
1,2,8.569203,-2.211147,1.098796,-4.9821,0.05948144,-0.7605275,0.1645233,0.6252936,
1,2,8.577537,-2.211674,1.098762,-4.981734,0.05927574,-0.7607654,0.1645023,0.625029,
1,2,8.585871,-2.212134,1.098808,-4.981142,0.0592675,-0.7609963,0.1644212,0.62477,
1,2,8.594204,-2.212545,1.098842,-4.980576,0.0593139,-0.7611578,0.1645468,0.6245359,
1,2,8.602537,-2.213093,1.098829,-4.980096,0.05939303,-0.7613633,0.1645954,0.624265,
1,2,8.61087,-2.213522,1.098877,-4.979638,0.05889715,-0.7616966,0.1643426,0.6239719,
1,2,8.619204,-2.213855,1.098978,-4.979022,0.05823757,-0.7619194,0.1640344,0.6238428,
1,2,8.627537,-2.214067,1.099265,-4.978327,0.05658549,-0.7620152,0.1637772,0.6239454,
1,2,8.63587,-2.214397,1.099424,-4.977473,0.05619235,-0.7616904,0.1635048,0.6244488,
1,2,8.644203,-2.214819,1.099419,-4.976732,0.05646522,-0.7615262,0.1632966,0.624679,
1,2,8.652537,-2.215372,1.099406,-4.976132,0.05639292,-0.7614381,0.1630545,0.6248561,
1,2,8.660871,-2.2158,1.099347,-4.975488,0.05661225,-0.7613787,0.1626826,0.6250055,
1,2,8.669204,-2.216554,1.09936,-4.974912,0.05680574,-0.7614197,0.1626889,0.6249364,
1,2,8.677537,-2.217611,1.099518,-4.974427,0.05670425,-0.7614192,0.1628356,0.6249081,
1,2,8.68587,-2.219151,1.099908,-4.974254,0.05530792,-0.76126,0.1629824,0.6251888,
1,2,8.694203,-2.221344,1.100214,-4.974498,0.05233418,-0.7607268,0.1630079,0.6260865,
1,2,8.702537,-2.223669,1.10024,-4.97527,0.05175963,-0.760419,0.1618237,0.626815,
1,2,8.710871,-2.226163,1.100252,-4.976207,0.0527387,-0.7602724,0.161287,0.6270493,
1,2,8.719204,-2.229135,1.100405,-4.977364,0.05316512,-0.7601867,0.1611295,0.6271579,
1,2,8.727537,-2.232367,1.100659,-4.978708,0.05257206,-0.7601005,0.1613674,0.6272511,
1,2,8.73587,-2.235882,1.100959,-4.980726,0.05184366,-0.7598547,0.1617509,0.6275107,
1,2,8.744204,-2.239329,1.101124,-4.983173,0.05175122,-0.7597416,0.1617199,0.6276632,
1,2,8.752537,-2.242902,1.101477,-4.985614,0.0524016,-0.759737,0.16143,0.6276895,
1,2,8.76087,-2.246644,1.101983,-4.988235,0.05377109,-0.759782,0.1612281,0.627571,
1,2,8.769203,-2.250218,1.102226,-4.99121,0.05462509,-0.759745,0.1613139,0.6275201,
1,2,8.777537,-2.253604,1.10224,-4.994781,0.05478054,-0.7598221,0.1610951,0.6274693,
1,2,8.785871,-2.256547,1.10241,-4.997979,0.05458551,-0.7600304,0.1606711,0.6273428,
1,2,8.794204,-2.259722,1.103505,-5.001525,0.05244786,-0.7604166,0.1600189,0.6272238,
1,2,8.802537,-2.262622,1.104229,-5.005056,0.05080443,-0.7604824,0.1596392,0.6273761,
1,2,8.81087,-2.265358,1.104499,-5.008693,0.0502105,-0.7607562,0.1590656,0.6272376,
1,2,8.819203,-2.268247,1.104604,-5.012291,0.04989393,-0.7610472,0.1584312,0.6270704,
1,2,8.827537,-2.270708,1.10474,-5.01561,0.04975259,-0.7613878,0.1584121,0.6266729,
1,2,8.835871,-2.273046,1.105112,-5.019199,0.0492667,-0.762015,0.1582424,0.6259915,
1,2,8.844204,-2.274684,1.105371,-5.022234,0.04914353,-0.762635,0.1580645,0.6252907,
1,2,8.852537,-2.276265,1.105533,-5.024762,0.04904365,-0.7633015,0.1577206,0.6245717,
1,2,8.86087,-2.277656,1.105614,-5.02757,0.04887521,-0.7640218,0.1570881,0.6238631,
1,2,8.869204,-2.278981,1.105612,-5.0292,0.04879051,-0.7643067,0.1570649,0.6235265,
1,2,8.877537,-2.279676,1.105547,-5.030687,0.0490368,-0.7649148,0.157377,0.6226823,
1,2,8.88587,-2.27994,1.10537,-5.032207,0.04935776,-0.7654072,0.1581381,0.6218584,
1,2,8.894203,-2.280853,1.105003,-5.033919,0.04939642,-0.7659516,0.1590376,0.620955,
1,2,8.902537,-2.280702,1.104526,-5.034693,0.04954985,-0.7667583,0.1596817,0.6197809,
1,2,8.910871,-2.28092,1.104224,-5.034986,0.04950729,-0.7671293,0.1601859,0.6191947,
1,2,8.919204,-2.280801,1.103886,-5.035115,0.04926648,-0.767418,0.1607532,0.6187091,
1,2,8.927537,-2.280048,1.103461,-5.03501,0.04944055,-0.7681367,0.1609483,0.6177517,
1,2,8.93587,-2.279086,1.102932,-5.034258,0.04974297,-0.7686797,0.1614412,0.6169229,
1,2,8.944203,-2.278388,1.102104,-5.032309,0.05012053,-0.769183,0.162246,0.6160533,
1,2,8.952537,-2.277358,1.101307,-5.03016,0.05041454,-0.7696785,0.1631194,0.6151792,
1,2,8.960871,-2.275644,1.100858,-5.028114,0.05037119,-0.7699325,0.1638794,0.6146627,
1,2,8.969204,-2.274127,1.100429,-5.026501,0.05023962,-0.7702267,0.1645501,0.6141255,
1,2,8.977537,-2.2721,1.099947,-5.024349,0.04990564,-0.7704588,0.1653153,0.6136559,
1,2,8.98587,-2.270021,1.0995,-5.021357,0.04935128,-0.7705258,0.1661148,0.6134006,
1,2,8.994204,-2.268707,1.098785,-5.018928,0.04917959,-0.7706867,0.1667939,0.6130278,
1,2,9.002537,-2.265944,1.098263,-5.015303,0.04902894,-0.7707974,0.1675287,0.6127003,
1,2,9.01087,-2.264041,1.09798,-5.012783,0.04967682,-0.7708753,0.1676002,0.6125306,
1,2,9.019203,-2.26095,1.097477,-5.009162,0.04996143,-0.7709424,0.1682572,0.6122427,
1,2,9.027537,-2.25746,1.096997,-5.005173,0.05023702,-0.7710651,0.1687973,0.6119168,
1,2,9.035871,-2.254023,1.096285,-5.0008,0.05066139,-0.7711314,0.1693337,0.6116501,
1,2,9.044204,-2.250227,1.095567,-4.996416,0.05108242,-0.771214,0.1697969,0.6113825,
1,2,9.052537,-2.246464,1.095022,-4.992289,0.05140276,-0.7711999,0.1704859,0.6111816,
1,2,9.06087,-2.242703,1.094654,-4.98832,0.05147554,-0.7711798,0.1710261,0.61105,
1,2,9.069203,-2.238555,1.0943,-4.984242,0.05178378,-0.7712175,0.1710178,0.6109787,
1,2,9.077537,-2.234941,1.094084,-4.980317,0.05195444,-0.7711744,0.1711926,0.6109696,
1,2,9.085871,-2.23243,1.093592,-4.978006,0.05233391,-0.7708596,0.1718802,0.6111414,
1,2,9.094204,-2.229081,1.093454,-4.97455,0.05245918,-0.7707412,0.1719949,0.6112478,
1,2,9.102537,-2.22681,1.093214,-4.972289,0.05285454,-0.7705319,0.1720249,0.611469,
1,2,9.11087,-2.223546,1.092988,-4.969072,0.05333845,-0.7703571,0.1718611,0.6116933,
1,2,9.119204,-2.220427,1.092848,-4.965941,0.05377574,-0.7702825,0.171866,0.6117476,
1,2,9.127537,-2.218503,1.092698,-4.963951,0.05425829,-0.7702498,0.1719333,0.6117273,
1,2,9.13587,-2.21586,1.092649,-4.961498,0.05430157,-0.7701995,0.1720436,0.6117558,
1,2,9.144203,-2.213687,1.09264,-4.958971,0.0544377,-0.7701613,0.172112,0.6117725,
1,2,9.152537,-2.212547,1.092708,-4.957304,0.05448978,-0.7699914,0.1721361,0.6119749,
1,2,9.160871,-2.211045,1.092905,-4.955093,0.05424035,-0.7696447,0.1721821,0.6124201,
1,2,9.169204,-2.209654,1.093177,-4.952878,0.05399536,-0.7691151,0.1721618,0.6131123,
1,2,9.177537,-2.208445,1.093446,-4.950922,0.05377242,-0.7689013,0.1717488,0.6135159,
1,2,9.18587,-2.207984,1.093955,-4.948777,0.05270816,-0.7687092,0.1714598,0.6139296,
1,2,9.194203,-2.20733,1.094377,-4.947118,0.05142929,-0.7685391,0.1714012,0.6142672,
1,2,9.202537,-2.206995,1.094707,-4.945758,0.05082113,-0.7683881,0.1715357,0.6144692,
1,2,9.210871,-2.206366,1.094817,-4.944596,0.05097409,-0.7684405,0.1715442,0.6143887,
1,2,9.219204,-2.206305,1.095059,-4.943631,0.05125365,-0.7684982,0.1707653,0.6145102,
1,2,9.227537,-2.206445,1.095749,-4.942142,0.05100739,-0.7678323,0.1690623,0.6158327,
1,2,9.23587,-2.206235,1.096361,-4.940534,0.05056786,-0.7669796,0.1672593,0.6174216,
1,2,9.244204,-2.206193,1.096893,-4.93911,0.05120434,-0.7662439,0.1652237,0.6188292,
1,2,9.252537,-2.206356,1.097341,-4.93738,0.05152822,-0.7655057,0.1643507,0.6199473,
1,2,9.26087,-2.206971,1.097591,-4.936164,0.05142176,-0.7648389,0.1640085,0.6208691,
1,2,9.269203,-2.206754,1.097844,-4.935572,0.05157574,-0.7646397,0.1633858,0.6212658,
1,2,9.277537,-2.206519,1.09822,-4.934097,0.05159263,-0.7641515,0.1626643,0.6220539,
1,2,9.285871,-2.206367,1.09857,-4.932591,0.05202176,-0.7639349,0.1617285,0.6225281,
1,2,9.294204,-2.205908,1.098888,-4.931321,0.05183033,-0.7635344,0.1611303,0.62319,
1,2,9.302537,-2.205402,1.099017,-4.930482,0.0514217,-0.7632988,0.1608284,0.6235904,
1,2,9.31087,-2.205063,1.099144,-4.92968,0.05156741,-0.7630396,0.1601364,0.6240734,
1,2,9.319203,-2.204454,1.099147,-4.928653,0.05188401,-0.762934,0.159798,0.6242632,
1,2,9.327537,-2.203827,1.099087,-4.927563,0.05185479,-0.7629645,0.1601622,0.6241349,
1,2,9.335871,-2.203066,1.099089,-4.926409,0.05177664,-0.7629175,0.1605471,0.6240999,
1,2,9.344204,-2.202372,1.099038,-4.925688,0.05177755,-0.7629507,0.1609516,0.623955,
1,2,9.352537,-2.201539,1.098954,-4.924939,0.051947,-0.7629272,0.1611063,0.6239297,
1,2,9.36087,-2.20061,1.098899,-4.923567,0.05232206,-0.7627848,0.1611747,0.6240548,
1,2,9.369204,-2.199847,1.098854,-4.92228,0.05245057,-0.7625743,0.1613632,0.6242526,
1,2,9.377537,-2.199049,1.098764,-4.921095,0.05253454,-0.7623931,0.1615484,0.624419,
1,2,9.38587,-2.198171,1.098583,-4.920142,0.0529208,-0.7623727,0.1613906,0.6244521,
1,2,9.394203,-2.197346,1.098413,-4.919103,0.05340121,-0.7621865,0.1611744,0.6246943,
1,2,9.402537,-2.196504,1.098348,-4.917969,0.05372943,-0.7619862,0.1609293,0.6249735,
1,2,9.410871,-2.195939,1.098304,-4.916833,0.05390584,-0.7619551,0.1608908,0.6250061,
1,2,9.419204,-2.195025,1.09827,-4.915816,0.05383407,-0.7619219,0.16114,0.6249887,
1,2,9.427537,-2.194121,1.098297,-4.914752,0.05361665,-0.7617946,0.1612978,0.6251218,
1,2,9.43587,-2.19338,1.098379,-4.913693,0.05367923,-0.7616308,0.1612131,0.6253378,
1,2,9.444203,-2.192569,1.098532,-4.912562,0.05411255,-0.7615793,0.1607128,0.6254921,
1,2,9.452537,-2.191877,1.098641,-4.911401,0.05420502,-0.7615238,0.1606674,0.6255631,
1,3,9.460871,-2.191252,1.098604,-4.910408,0.05412768,-0.761497,0.1607505,0.6255811,TrialStart
1,3,9.469204,-2.190681,1.098544,-4.909411,0.05400898,-0.7614804,0.1608235,0.6255929,
1,3,9.477537,-2.189956,1.098624,-4.908368,0.05381412,-0.7614529,0.1607003,0.6256749,
1,3,9.48587,-2.189142,1.098858,-4.907269,0.05355762,-0.7614458,0.1606726,0.6257125,
1,3,9.494204,-2.188445,1.099146,-4.906066,0.05324603,-0.7613888,0.1607702,0.6257834,
1,3,9.502537,-2.187702,1.099225,-4.904875,0.05301309,-0.7613829,0.1606915,0.6258305,
1,3,9.51087,-2.18691,1.099301,-4.903568,0.05324873,-0.7614044,0.1603587,0.6258698,
1,3,9.519203,-2.185993,1.09956,-4.902306,0.05342249,-0.7613425,0.1599167,0.6260434,
1,3,9.527537,-2.185264,1.099732,-4.901107,0.05329077,-0.7613444,0.1596831,0.6261118,
1,3,9.535871,-2.18447,1.099989,-4.900062,0.05313131,-0.7613686,0.159281,0.6261985,
1,3,9.544204,-2.183803,1.100125,-4.898902,0.0531063,-0.7613548,0.159084,0.6262674,
1,3,9.552537,-2.183189,1.100253,-4.897672,0.05316149,-0.7614197,0.1587518,0.6262681,
1,3,9.56087,-2.182384,1.100404,-4.896305,0.05304597,-0.7615865,0.1584839,0.6261429,
1,3,9.569203,-2.181505,1.100703,-4.895131,0.05284987,-0.7618354,0.1581926,0.6259305,
1,3,9.577537,-2.180534,1.101043,-4.894072,0.05280276,-0.7622975,0.1576315,0.6255132,
1,3,9.585871,-2.179657,1.101374,-4.892954,0.05260666,-0.7627224,0.1570424,0.6251599,
1,3,9.594204,-2.178909,1.101617,-4.891566,0.05251109,-0.7630113,0.1566062,0.6249247,
1,3,9.602537,-2.177965,1.102104,-4.890565,0.05224946,-0.7636175,0.1553076,0.6245301,
1,3,9.61087,-2.177054,1.102709,-4.889615,0.05255546,-0.7644933,0.1536185,0.6238503,
1,3,9.619204,-2.176608,1.103131,-4.888738,0.05371487,-0.7655979,0.1528196,0.622592,
1,3,9.627537,-2.176231,1.103729,-4.887985,0.05406971,-0.7670376,0.152389,0.6208925,
1,3,9.63587,-2.176088,1.104451,-4.886892,0.0542832,-0.7685691,0.1513577,0.61923,
1,3,9.644203,-2.175827,1.105203,-4.886106,0.05470158,-0.7701868,0.1500179,0.6175067,
1,3,9.652537,-2.175895,1.106033,-4.885347,0.05486083,-0.771938,0.1485788,0.6156512,
1,3,9.660871,-2.175763,1.106539,-4.884758,0.05478451,-0.7730641,0.1481059,0.6143577,
1,3,9.669204,-2.175953,1.107338,-4.884346,0.05491294,-0.774889,0.1469157,0.6123294,
1,3,9.677537,-2.175768,1.107746,-4.883894,0.0549462,-0.7762443,0.1458407,0.6108651,
1,3,9.68587,-2.176107,1.108404,-4.883389,0.0554612,-0.7788469,0.1441319,0.6079043,
1,3,9.694203,-2.176672,1.109055,-4.882879,0.05572867,-0.7814656,0.1427049,0.604848,
1,3,9.702537,-2.17687,1.109272,-4.882263,0.05565084,-0.7827983,0.1423408,0.6032153,
1,3,9.710871,-2.176934,1.109765,-4.882344,0.05606614,-0.7853001,0.1414151,0.600135,
1,3,9.719204,-2.177619,1.110144,-4.882228,0.05676401,-0.7878206,0.1406678,0.596933,
1,3,9.727537,-2.178139,1.110514,-4.882176,0.05739316,-0.7903984,0.1400072,0.5936113,
1,3,9.73587,-2.178396,1.110484,-4.881569,0.05753662,-0.7916847,0.1405496,0.5917523,
1,3,9.744204,-2.178755,1.110556,-4.881545,0.05756558,-0.7938769,0.1416155,0.5885496,
1,3,9.752537,-2.179017,1.110684,-4.881612,0.0578944,-0.7957112,0.1424081,0.5858429,
1,3,9.76087,-2.178853,1.110548,-4.880947,0.05871351,-0.7960975,0.1425548,0.5852005,
1,3,9.769203,-2.178969,1.110438,-4.880587,0.05979659,-0.7971204,0.1423113,0.5837559,
1,3,9.777537,-2.178419,1.110398,-4.88046,0.06065069,-0.7975719,0.1425356,0.5829959,
1,3,9.785871,-2.177906,1.110372,-4.88028,0.06116952,-0.7977849,0.142982,0.5825408,
1,3,9.794204,-2.177149,1.110284,-4.880432,0.06175442,-0.7981784,0.1435136,0.5818088,
1,3,9.802537,-2.176812,1.110253,-4.879925,0.06195673,-0.7979465,0.143618,0.5820795,
1,3,9.81087,-2.176095,1.110245,-4.88,0.06218722,-0.7976791,0.1435239,0.5824447,
1,3,9.819203,-2.175418,1.110264,-4.8797,0.06215559,-0.7974312,0.1433397,0.5828325,
1,3,9.827537,-2.174974,1.110243,-4.879941,0.06226739,-0.7971817,0.1435088,0.5831204,
1,3,9.835871,-2.173854,1.11018,-4.880049,0.06233011,-0.7967812,0.1439465,0.583553,
1,3,9.844204,-2.172653,1.110068,-4.880722,0.06213546,-0.7959585,0.1445972,0.5845347,
1,3,9.852537,-2.171646,1.109885,-4.881495,0.06177164,-0.7947206,0.1450808,0.5861357,
1,3,9.86087,-2.170727,1.109561,-4.88216,0.06112814,-0.7931589,0.1454152,0.5882319,
1,3,9.869204,-2.169495,1.109259,-4.882886,0.06033502,-0.791995,0.1460937,0.589712,
1,3,9.877537,-2.169457,1.108831,-4.882961,0.0604109,-0.7908586,0.147319,0.5909232,
1,3,9.88587,-2.168777,1.108291,-4.883479,0.06077825,-0.7894294,0.148213,0.5925708,
1,3,9.894203,-2.16841,1.107793,-4.883472,0.06053197,-0.7886474,0.1483886,0.5935925,
1,3,9.902537,-2.167992,1.107074,-4.884158,0.05931305,-0.7867335,0.1500002,0.5958459,
1,3,9.910871,-2.16721,1.106311,-4.884758,0.05787044,-0.7842302,0.152019,0.5987689,
1,3,9.919204,-2.166477,1.105444,-4.885613,0.05726349,-0.7819312,0.153303,0.6015004,
1,3,9.927537,-2.165837,1.10462,-4.886694,0.05641197,-0.7794046,0.1546593,0.6045053,
1,3,9.93587,-2.164784,1.104071,-4.887385,0.0558122,-0.7764854,0.155376,0.608123,
1,3,9.944203,-2.164155,1.103619,-4.887927,0.05591099,-0.7734259,0.1560457,0.6118301,
1,3,9.952537,-2.16306,1.103388,-4.889118,0.05628659,-0.7701355,0.1574419,0.615577,
1,3,9.960871,-2.162166,1.103476,-4.890324,0.05651562,-0.7671765,0.159506,0.6187117,
1,3,9.969204,-2.161587,1.104147,-4.892149,0.05659581,-0.7644082,0.1601921,0.621945,
1,3,9.977537,-2.160732,1.105611,-4.893416,0.05529506,-0.7613633,0.1589065,0.6261128,
1,3,9.98587,-2.16023,1.107362,-4.894725,0.05263369,-0.7574624,0.1566034,0.6316295,
1,3,9.994204,-2.159651,1.10924,-4.896223,0.04955477,-0.7538215,0.1522655,0.6372697,
1,3,10.00254,-2.159105,1.110663,-4.898404,0.04782248,-0.7509598,0.1494151,0.6414419,
1,3,10.01087,-2.159168,1.11186,-4.900035,0.04601953,-0.7482134,0.1477248,0.6451638,
1,3,10.0192,-2.158917,1.111986,-4.90142,0.04438944,-0.7478172,0.1497846,0.6452624,
1,3,10.02754,-2.15904,1.112626,-4.903944,0.04172673,-0.7457547,0.1514491,0.6474349,
1,3,10.03587,-2.158801,1.112453,-4.90534,0.04073524,-0.745269,0.1537921,0.6475049,
1,3,10.0442,-2.159105,1.112336,-4.908031,0.04013845,-0.7439127,0.1554223,0.6487117,
1,3,10.05254,-2.159289,1.112203,-4.910978,0.0393343,-0.742405,0.1565267,0.6502208,
1,3,10.06087,-2.159391,1.11205,-4.913879,0.03870417,-0.7409633,0.157557,0.6516526,
1,3,10.0692,-2.159557,1.112029,-4.916478,0.03791251,-0.7393646,0.1585132,0.653281,
1,3,10.07754,-2.159155,1.111945,-4.917911,0.03776488,-0.7384483,0.1586947,0.6542813,
1,3,10.08587,-2.159156,1.111884,-4.920267,0.03708671,-0.7366677,0.1593379,0.6561682,
1,3,10.0942,-2.158894,1.111765,-4.92291,0.03620355,-0.7351326,0.1599498,0.6577884,
1,3,10.10254,-2.158759,1.111585,-4.925682,0.03486425,-0.733902,0.160628,0.6590683,
1,3,10.11087,-2.158597,1.111376,-4.92806,0.03349928,-0.7329909,0.161533,0.6599312,
1,3,10.1192,-2.157998,1.111075,-4.929464,0.03225164,-0.7337661,0.1622484,0.6589556,
1,3,10.12754,-2.157791,1.110502,-4.9325,0.02972856,-0.7347239,0.1662219,0.657014,
1,3,10.13587,-2.157604,1.109581,-4.934843,0.03099427,-0.7345171,0.1726311,0.6555322,
1,3,10.1442,-2.157372,1.108717,-4.936801,0.03300223,-0.7336974,0.1761662,0.6554118,
1,3,10.15254,-2.157262,1.107907,-4.936833,0.03931964,-0.7301277,0.1784551,0.6584234,
1,3,10.16087,-2.15701,1.106501,-4.937767,0.04755456,-0.7261781,0.1825357,0.6611238,
1,3,10.1692,-2.156513,1.105174,-4.939783,0.04727063,-0.7225221,0.1894149,0.6632113,
1,3,10.17754,-2.15626,1.104103,-4.940142,0.04155608,-0.7187245,0.1989155,0.6649367,
1,3,10.18587,-2.156061,1.10274,-4.940125,0.04189719,-0.7172385,0.2048134,0.6647293,
1,3,10.1942,-2.155747,1.10104,-4.939762,0.04662201,-0.7156274,0.2075224,0.6653107,
1,3,10.20254,-2.155423,1.099073,-4.938917,0.05636322,-0.7125971,0.2069229,0.6679906,
1,3,10.21087,-2.154792,1.096994,-4.938228,0.06401937,-0.7104414,0.2050066,0.6701843,
1,3,10.2192,-2.154059,1.095015,-4.937688,0.06597282,-0.7067842,0.2075453,0.6730741,
1,3,10.22754,-2.153568,1.09372,-4.937327,0.06971411,-0.7079237,0.2061809,0.6719177,
1,3,10.23587,-2.152865,1.091206,-4.936542,0.07631288,-0.7056278,0.2078019,0.6731153,
1,3,10.2442,-2.15247,1.087944,-4.935235,0.08448438,-0.6973846,0.2147811,0.6785178,
1,3,10.25254,-2.151728,1.084701,-4.933802,0.1035688,-0.6993278,0.2076534,0.6760873,
1,3,10.26087,-2.150561,1.081406,-4.932724,0.1151637,-0.7001417,0.2044351,0.6743479,
1,3,10.2692,-2.149515,1.07832,-4.93177,0.1244051,-0.6991401,0.2038724,0.6739158,
1,3,10.27754,-2.14871,1.07682,-4.931426,0.1276662,-0.6999692,0.2033572,0.6725997,
1,3,10.28587,-2.14738,1.074015,-4.930843,0.1389723,-0.7027779,0.1998454,0.6684697,
1,3,10.2942,-2.146088,1.071668,-4.93018,0.1446901,-0.7016913,0.1996223,0.6684647,
1,3,10.30254,-2.144796,1.069488,-4.92971,0.1497382,-0.7013918,0.1988265,0.6679042,
1,3,10.31087,-2.143489,1.067632,-4.929352,0.1523079,-0.7005676,0.1990015,0.6681361,
1,3,10.3192,-2.142252,1.066129,-4.929188,0.1519724,-0.6994273,0.2026176,0.6683203,
1,3,10.32754,-2.141051,1.064917,-4.929053,0.150631,-0.6983651,0.207278,0.6683056,
1,3,10.33587,-2.139856,1.063987,-4.928843,0.1488282,-0.6973253,0.2113868,0.6685082,
1,3,10.3442,-2.138713,1.063039,-4.928503,0.1485098,-0.6967521,0.2132207,0.6685943,
1,3,10.35254,-2.137686,1.062263,-4.928082,0.1485645,-0.696781,0.2134078,0.6684922,
1,3,10.36087,-2.136569,1.06165,-4.927627,0.1489944,-0.6972558,0.213454,0.6678864,
1,3,10.3692,-2.135399,1.061159,-4.927118,0.1496071,-0.6973331,0.2143362,0.6673861,
1,3,10.37754,-2.134382,1.06075,-4.926399,0.1500308,-0.6966928,0.2163806,0.6673002,
1,3,10.38587,-2.132225,1.05989,-4.92494,0.1500418,-0.6952327,0.2186664,0.6680747,
1,3,10.3942,-2.131143,1.059749,-4.923879,0.1497207,-0.6938716,0.2182272,0.6697037,
1,3,10.40254,-2.130022,1.059626,-4.922835,0.1498659,-0.692686,0.2173958,0.6711671,
1,3,10.41087,-2.129546,1.059677,-4.922176,0.1508279,-0.6919398,0.2155958,0.6723011,
1,3,10.4192,-2.128589,1.059629,-4.92119,0.1520179,-0.6907049,0.2143646,0.6736951,
1,3,10.42754,-2.128261,1.059653,-4.920999,0.1526338,-0.6900846,0.2138474,0.6743556,
1,3,10.43587,-2.127576,1.059878,-4.920628,0.1525852,-0.6887451,0.2138897,0.6757211,
1,3,10.4442,-2.126866,1.060267,-4.920152,0.1520507,-0.6876942,0.2140187,0.6768703,
1,3,10.45254,-2.126715,1.060867,-4.920262,0.1506066,-0.6875604,0.2142199,0.6772652,
1,3,10.46087,-2.126226,1.061739,-4.920272,0.1492766,-0.6874193,0.2134853,0.6779346,
1,3,10.4692,-2.125768,1.062463,-4.920307,0.1483911,-0.6873346,0.2128541,0.6784132,
1,3,10.47754,-2.125677,1.063149,-4.920991,0.1478995,-0.6880754,0.212143,0.6779922,
1,3,10.48587,-2.125384,1.064173,-4.921739,0.1470725,-0.6889042,0.2110498,0.6776716,
1,3,10.4942,-2.125136,1.065298,-4.922635,0.1453122,-0.6897001,0.2106724,0.6773591,
1,3,10.50254,-2.124909,1.066384,-4.923677,0.1434871,-0.690357,0.2106729,0.6770787,
1,3,10.51087,-2.124689,1.067381,-4.924831,0.1415015,-0.6909676,0.2106618,0.6768771,
1,3,10.5192,-2.124516,1.068224,-4.926282,0.1393992,-0.6918718,0.2104407,0.6764585,
1,3,10.52754,-2.124276,1.068967,-4.927824,0.1377408,-0.6929325,0.209963,0.6758608,
1,3,10.53587,-2.123923,1.069564,-4.929436,0.1373908,-0.6942351,0.2093251,0.674792,
1,3,10.5442,-2.123531,1.070055,-4.931048,0.1372427,-0.6954272,0.2088275,0.6737481,
1,3,10.55254,-2.123036,1.070298,-4.93278,0.1365491,-0.6964153,0.2094036,0.6726888,
1,3,10.56087,-2.122472,1.07037,-4.934567,0.1357751,-0.6974056,0.2099326,0.6716538,
1,3,10.5692,-2.121921,1.070554,-4.936281,0.1352539,-0.6985351,0.209667,0.6706675,
1,3,10.57754,-2.121599,1.070497,-4.937143,0.1358199,-0.6990598,0.2088584,0.6702586,
1,3,10.58587,-2.121045,1.07051,-4.938844,0.1362777,-0.6999246,0.2086501,0.6693274,
1,3,10.5942,-2.12048,1.070366,-4.940571,0.1368986,-0.7006959,0.2088183,0.6683404,
1,3,10.60254,-2.119862,1.07007,-4.942383,0.1373853,-0.7017503,0.2090754,0.6670526,
1,3,10.61087,-2.119241,1.069846,-4.944212,0.137877,-0.7027625,0.2098377,0.6656449,
1,3,10.6192,-2.118904,1.069686,-4.945191,0.1381182,-0.7037376,0.2105091,0.6643513,
1,3,10.62754,-1.393336,0,-2.486288,0,-0.1485539,0,0.9889043,
1,3,10.63587,-1.393336,0,-2.486288,0,-0.1485539,0,0.9889043,
1,3,10.64398,-1.393336,0,-2.486288,0,-0.1485539,0,0.9889043,
1,3,10.65231,-1.393336,0,-2.486288,0,-0.1485539,0,0.9889043,
1,3,10.66064,-1.393336,0,-2.486288,0,-0.1485539,0,0.9889043,
1,3,10.66898,-1.393336,0,-2.486288,0,-0.1485539,0,0.9889043,
1,3,10.67731,-1.393336,0,-2.486288,0,-0.1485539,0,0.9889043,
1,3,10.68565,-1.393336,0,-2.486288,0,-0.1485539,0,0.9889043,
1,3,10.69304,-1.393336,0,-2.486288,0,-0.1485539,0,0.9889043,
1,3,10.70115,-1.393336,0,-2.486288,0,-0.1485539,0,0.9889043,
1,3,10.70943,-1.393336,0,-2.486288,0,-0.1485539,0,0.9889043,
1,3,10.71776,-1.393336,0,-2.486288,0,-0.1485539,0,0.9889043,
1,3,10.7248,-1.393336,0,-2.486288,0,-0.1485539,0,0.9889043,
1,3,10.73264,-1.393336,0,-2.486288,0,-0.1485539,0,0.9889043,
1,3,10.74098,-1.393336,0,-2.486288,0,-0.1485539,0,0.9889043,
1,3,10.74931,-1.393336,0,-2.486288,0,-0.1485539,0,0.9889043,
1,3,10.75764,-1.393336,0,-2.486288,0,-0.1485539,0,0.9889043,
1,3,10.76553,-1.393336,0,-2.486288,0,-0.1485539,0,0.9889043,
1,3,10.77387,-1.393336,0,-2.486288,0,-0.1485539,0,0.9889043,
1,3,10.7822,-1.393336,0,-2.486288,0,-0.1485539,0,0.9889043,
1,3,10.78903,-1.393336,0,-2.486288,0,-0.1485539,0,0.9889043,
1,3,10.79736,-1.393336,0,-2.486288,0,-0.1485539,0,0.9889043,
1,3,10.8057,-1.393336,0,-2.486288,0,-0.1485539,0,0.9889043,
1,3,10.81403,-1.393336,0,-2.486288,0,-0.1485539,0,0.9889043,
1,3,10.82236,-1.393336,0,-2.486288,0,-0.1485539,0,0.9889043,
1,3,10.8307,-1.393336,0,-2.486288,0,-0.1485539,0,0.9889043,
1,3,10.83873,-1.393336,0,-2.486288,0,-0.1485539,0,0.9889043,
1,3,10.845,-1.393336,0,-2.486288,0,-0.1485539,0,0.9889043,
1,3,10.85182,-1.393336,0,-2.486288,0,-0.1485539,0,0.9889043,
1,3,10.86016,-1.393336,0,-2.486288,0,-0.1485539,0,0.9889043,
1,3,10.86765,-1.393336,0,-2.486288,0,-0.1485539,0,0.9889043,
1,3,10.87576,-1.393336,0,-2.486288,0,-0.1485539,0,0.9889043,
1,3,10.88406,-1.393336,0,-2.486288,0,-0.1485539,0,0.9889043,
1,3,10.8924,-1.393336,0,-2.486288,0,-0.1485539,0,0.9889043,
1,3,10.90067,-1.393336,0,-2.486288,0,-0.1485539,0,0.9889043,
1,3,10.909,-1.393336,0,-2.486288,0,-0.1485539,0,0.9889043,
1,3,10.91436,-1.393336,0,-2.486288,0,-0.1485539,0,0.9889043,
1,3,10.92143,-1.393336,0,-2.486288,0,-0.1485539,0,0.9889043,
1,3,10.92976,-1.393336,0,-2.486288,0,-0.1485539,0,0.9889043,
1,3,10.9381,-1.393336,0,-2.486288,0,-0.1485539,0,0.9889043,
1,3,10.94343,-1.393336,0,-2.486288,0,-0.1485539,0,0.9889043,
1,3,10.95176,-1.393336,0,-2.486288,0,-0.1485539,0,0.9889043,
1,3,10.9601,-1.393336,0,-2.486288,0,-0.1485539,0,0.9889043,
1,3,10.96836,-1.393336,0,-2.486288,0,-0.1485539,0,0.9889043,
1,3,10.97371,-1.393336,0,-2.486288,0,-0.1485539,0,0.9889043,
1,3,10.98204,-1.393336,0,-2.486288,0,-0.1485539,0,0.9889043,
1,3,10.98962,-1.393336,0,-2.486288,0,-0.1485539,0,0.9889043,
1,3,10.99795,-1.393336,0,-2.486288,0,-0.1485539,0,0.9889043,
1,3,11.00602,-1.393336,0,-2.486288,0,-0.1485539,0,0.9889043,
1,3,11.01436,-1.393336,0,-2.486288,0,-0.1485539,0,0.9889043,
1,3,11.02269,-1.393336,0,-2.486288,0,-0.1485539,0,0.9889043,
1,3,11.03102,-1.393336,0,-2.486288,0,-0.1485539,0,0.9889043,
1,3,11.03869,-1.393336,0,-2.486288,0,-0.1485539,0,0.9889043,
1,3,11.04699,-1.393336,0,-2.486288,0,-0.1485539,0,0.9889043,
1,3,11.05448,-1.393336,0,-2.486288,0,-0.1485539,0,0.9889043,
1,3,11.0618,-1.393336,0,-2.486288,0,-0.1485539,0,0.9889043,
1,3,11.07013,-1.393336,0,-2.486288,0,-0.1485539,0,0.9889043,
1,3,11.07847,-1.393336,0,-2.486288,0,-0.1485539,0,0.9889043,
1,3,11.08623,-1.393336,0,-2.486288,0,-0.1485539,0,0.9889043,
1,3,11.09456,-1.393336,0,-2.486288,0,-0.1485539,0,0.9889043,
1,3,11.10289,-1.393336,0,-2.486288,0,-0.1485539,0,0.9889043,
1,3,11.11123,-1.393336,0,-2.486288,0,-0.1485539,0,0.9889043,
1,3,11.11886,-1.393336,0,-2.486288,0,-0.1485539,0,0.9889043,
1,3,11.12646,-1.393336,0,-2.486288,0,-0.1485539,0,0.9889043,
1,3,11.13479,-1.393336,0,-2.486288,0,-0.1485539,0,0.9889043,
1,3,11.14313,-1.393336,0,-2.486288,0,-0.1485539,0,0.9889043,
1,3,11.15146,-1.393336,0,-2.486288,0,-0.1485539,0,0.9889043,
1,3,11.15979,-1.393336,0,-2.486288,0,-0.1485539,0,0.9889043,
1,3,11.16743,-1.393336,0,-2.486288,0,-0.1485539,0,0.9889043,
1,3,11.17577,-1.393336,0,-2.486288,0,-0.1485539,0,0.9889043,
1,3,11.1837,-1.393336,0,-2.486288,0,-0.1485539,0,0.9889043,
1,3,11.19204,-1.393336,0,-2.486288,0,-0.1485539,0,0.9889043,
1,3,11.19919,-1.393336,0,-2.486288,0,-0.1485539,0,0.9889043,
1,3,11.20753,-1.393336,0,-2.486288,0,-0.1485539,0,0.9889043,
1,3,11.21571,-1.393336,0,-2.486288,0,-0.1485539,0,0.9889043,
1,3,11.22405,-1.393336,0,-2.486288,0,-0.1485539,0,0.9889043,
1,3,11.2322,-1.393336,0,-2.486288,0,-0.1485539,0,0.9889043,
1,3,11.24048,-1.393336,0,-2.486288,0,-0.1485539,0,0.9889043,
1,3,11.24866,-1.393336,0,-2.486288,0,-0.1485539,0,0.9889043,
1,3,11.25699,-1.393336,0,-2.486288,0,-0.1485539,0,0.9889043,
1,3,11.26532,-1.393336,0,-2.486288,0,-0.1485539,0,0.9889043,
1,3,11.27366,-1.393336,0,-2.486288,0,-0.1485539,0,0.9889043,
1,3,11.28199,-1.393336,0,-2.486288,0,-0.1485539,0,0.9889043,
1,3,11.28949,-1.393336,0,-2.486288,0,-0.1485539,0,0.9889043,
1,3,11.29782,-1.393336,0,-2.486288,0,-0.1485539,0,0.9889043,
1,3,11.30609,-1.393336,0,-2.486288,0,-0.1485539,0,0.9889043,
1,3,11.31442,-1.393336,0,-2.486288,0,-0.1485539,0,0.9889043,
1,3,11.32145,-1.393336,0,-2.486288,0,-0.1485539,0,0.9889043,
1,3,11.32978,-1.393336,0,-2.486288,0,-0.1485539,0,0.9889043,
1,3,11.33797,-1.393336,0,-2.486288,0,-0.1485539,0,0.9889043,
1,3,11.3463,-1.393336,0,-2.486288,0,-0.1485539,0,0.9889043,
1,3,11.35167,-1.393336,0,-2.486288,0,-0.1485539,0,0.9889043,
1,3,11.36001,-1.393336,0,-2.486288,0,-0.1485539,0,0.9889043,
1,3,11.36834,-1.393336,0,-2.486288,0,-0.1485539,0,0.9889043,
1,3,11.37436,-1.393336,0,-2.486288,0,-0.1485539,0,0.9889043,
1,3,11.38247,-1.393336,0,-2.486288,0,-0.1485539,0,0.9889043,
1,3,11.39081,-1.393336,0,-2.486288,0,-0.1485539,0,0.9889043,
1,3,11.39914,-1.393336,0,-2.486288,0,-0.1485539,0,0.9889043,
1,3,11.40747,-1.393336,0,-2.486288,0,-0.1485539,0,0.9889043,
1,3,11.4158,-1.393336,0,-2.486288,0,-0.1485539,0,0.9889043,
1,3,11.42381,-1.393336,0,-2.486288,0,-0.1485539,0,0.9889043,
1,3,11.43214,-1.393336,0,-2.486288,0,-0.1485539,0,0.9889043,
1,3,11.43973,-1.393336,0,-2.486288,0,-0.1485539,0,0.9889043,
1,3,11.44806,-1.393336,0,-2.486288,0,-0.1485539,0,0.9889043,
1,3,11.4564,-1.393336,0,-2.486288,0,-0.1485539,0,0.9889043,
1,3,11.4619,-1.393336,0,-2.486288,0,-0.1485539,0,0.9889043,TargetExpired
1,3,11.47023,-1.393336,0,-2.486288,0,-0.1485539,0,0.9889043,
1,3,11.47856,-1.393336,0,-2.486288,0,-0.1485539,0,0.9889043,
1,3,11.48671,-1.393336,0,-2.486288,0,-0.1485539,0,0.9889043,
1,3,11.49504,-1.393336,0,-2.486288,0,-0.1485539,0,0.9889043,
1,3,11.5009,-1.393336,0,-2.486288,0,-0.1485539,0,0.9889043,
1,3,11.50923,-1.393336,0,-2.486288,0,-0.1485539,0,0.9889043,
1,3,11.51756,-1.393336,0,-2.486288,0,-0.1485539,0,0.9889043,
1,3,11.52328,-1.393336,0,-2.486288,0,-0.1485539,0,0.9889043,
1,3,11.53162,-1.393336,0,-2.486288,0,-0.1485539,0,0.9889043,
1,3,11.53821,-1.393336,0,-2.486288,0,-0.1485539,0,0.9889043,
1,3,11.54633,-1.393336,0,-2.486288,0,-0.1485539,0,0.9889043,
1,3,11.5546,-1.393336,0,-2.486288,0,-0.1485539,0,0.9889043,
1,3,11.56263,-1.393336,0,-2.486288,0,-0.1485539,0,0.9889043,
1,3,11.57096,-1.393336,0,-2.486288,0,-0.1485539,0,0.9889043,
1,3,11.57898,-1.393336,0,-2.486288,0,-0.1485539,0,0.9889043,
1,3,11.58526,-1.393336,0,-2.486288,0,-0.1485539,0,0.9889043,
1,3,11.5936,-1.393336,0,-2.486288,0,-0.1485539,0,0.9889043,
1,3,11.60169,-1.393336,0,-2.486288,0,-0.1485539,0,0.9889043,
1,3,11.61002,-1.393336,0,-2.486288,0,-0.1485539,0,0.9889043,
1,3,11.61835,-1.393336,0,-2.486288,0,-0.1485539,0,0.9889043,
1,3,11.62645,-1.393336,0,-2.486288,0,-0.1485539,0,0.9889043,
1,3,11.63479,-1.393336,0,-2.486288,0,-0.1485539,0,0.9889043,
1,3,11.64312,-1.393336,0,-2.486288,0,-0.1485539,0,0.9889043,
1,3,11.65145,-1.393336,0,-2.486288,0,-0.1485539,0,0.9889043,
1,3,11.65934,-1.393336,0,-2.486288,0,-0.1485539,0,0.9889043,
1,3,11.66767,-1.393336,0,-2.486288,0,-0.1485539,0,0.9889043,
1,3,11.67601,-1.393336,0,-2.486288,0,-0.1485539,0,0.9889043,
1,3,11.68434,-1.393336,0,-2.486288,0,-0.1485539,0,0.9889043,
1,3,11.69237,-1.393336,0,-2.486288,0,-0.1485539,0,0.9889043,
1,3,11.7006,-1.393336,0,-2.486288,0,-0.1485539,0,0.9889043,
1,3,11.70893,-1.393336,0,-2.486288,0,-0.1485539,0,0.9889043,
1,3,11.7169,-1.393336,0,-2.486288,0,-0.1485539,0,0.9889043,
1,3,11.72523,-1.393336,0,-2.486288,0,-0.1485539,0,0.9889043,
1,3,11.73342,-1.393336,0,-2.486288,0,-0.1485539,0,0.9889043,
1,3,11.74175,-1.393336,0,-2.486288,0,-0.1485539,0,0.9889043,
1,3,11.75009,-1.393336,0,-2.486288,0,-0.1485539,0,0.9889043,
1,3,11.75842,-1.393336,0,-2.486288,0,-0.1485539,0,0.9889043,
1,3,11.76675,-1.393336,0,-2.486288,0,-0.1485539,0,0.9889043,
1,3,11.77494,-1.393336,0,-2.486288,0,-0.1485539,0,0.9889043,
1,3,11.78174,-1.393336,0,-2.486288,0,-0.1485539,0,0.9889043,
1,3,11.79008,-1.393336,0,-2.486288,0,-0.1485539,0,0.9889043,
1,3,11.79841,-1.393336,0,-2.486288,0,-0.1485539,0,0.9889043,
1,3,11.80611,-1.393336,0,-2.486288,0,-0.1485539,0,0.9889043,
1,3,11.81444,-1.393336,0,-2.486288,0,-0.1485539,0,0.9889043,
1,3,11.8226,-1.393336,0,-2.486288,0,-0.1485539,0,0.9889043,
1,3,11.83093,-1.393336,0,-2.486288,0,-0.1485539,0,0.9889043,
1,3,11.839,-1.393336,0,-2.486288,0,-0.1485539,0,0.9889043,
1,3,11.84733,-1.393336,0,-2.486288,0,-0.1485539,0,0.9889043,
1,3,11.85556,-1.393336,0,-2.486288,0,-0.1485539,0,0.9889043,
1,3,11.86389,-1.393336,0,-2.486288,0,-0.1485539,0,0.9889043,
1,3,11.87208,-1.393336,0,-2.486288,0,-0.1485539,0,0.9889043,
1,3,11.88041,-1.393336,0,-2.486288,0,-0.1485539,0,0.9889043,
1,3,11.88834,-1.393336,0,-2.486288,0,-0.1485539,0,0.9889043,
1,3,11.89667,-1.393336,0,-2.486288,0,-0.1485539,0,0.9889043,
1,3,11.90501,-1.393336,0,-2.486288,0,-0.1485539,0,0.9889043,
1,3,11.91313,-1.393336,0,-2.486288,0,-0.1485539,0,0.9889043,
1,3,11.9213,-1.393336,0,-2.486288,0,-0.1485539,0,0.9889043,
1,3,11.92964,-1.393336,0,-2.486288,0,-0.1485539,0,0.9889043,
1,3,11.93797,-1.393336,0,-2.486288,0,-0.1485539,0,0.9889043,
1,3,11.9463,-1.393336,0,-2.486288,0,-0.1485539,0,0.9889043,
1,3,11.95463,-1.393336,0,-2.486288,0,-0.1485539,0,0.9889043,
1,3,11.96265,-1.393336,0,-2.486288,0,-0.1485539,0,0.9889043,
1,3,11.97078,-1.393336,0,-2.486288,0,-0.1485539,0,0.9889043,
1,3,11.97911,-1.393336,0,-2.486288,0,-0.1485539,0,0.9889043,
1,3,11.98745,-1.393336,0,-2.486288,0,-0.1485539,0,0.9889043,
1,3,11.99533,-1.393336,0,-2.486288,0,-0.1485539,0,0.9889043,
1,3,12.00367,-1.393336,0,-2.486288,0,-0.1485539,0,0.9889043,
1,3,12.012,-1.393336,0,-2.486288,0,-0.1485539,0,0.9889043,
1,3,12.02034,-1.393336,0,-2.486288,0,-0.1485539,0,0.9889043,
1,3,12.02807,-1.393336,0,-2.486288,0,-0.1485539,0,0.9889043,
1,3,12.03494,-1.393336,0,-2.486288,0,-0.1485539,0,0.9889043,
1,3,12.04327,-1.393336,0,-2.486288,0,-0.1485539,0,0.9889043,
1,3,12.05161,-1.393336,0,-2.486288,0,-0.1485539,0,0.9889043,
1,3,12.0595,-1.393336,0,-2.486288,0,-0.1485539,0,0.9889043,
1,3,12.06783,-1.393336,0,-2.486288,0,-0.1485539,0,0.9889043,
1,3,12.07589,-1.393336,0,-2.486288,0,-0.1485539,0,0.9889043,
1,3,12.08422,-1.393336,0,-2.486288,0,-0.1485539,0,0.9889043,
1,3,12.09256,-1.393336,0,-2.486288,0,-0.1485539,0,0.9889043,
1,3,12.10075,-1.393336,0,-2.486288,0,-0.1485539,0,0.9889043,
1,3,12.10909,-1.393336,0,-2.486288,0,-0.1485539,0,0.9889043,
1,3,12.11742,-1.393336,0,-2.486288,0,-0.1485539,0,0.9889043,
1,3,12.12565,-1.393336,0,-2.486288,0,-0.1485539,0,0.9889043,
1,3,12.13378,-1.393336,0,-2.486288,0,-0.1485539,0,0.9889043,
1,3,12.14211,-1.393336,0,-2.486288,0,-0.1485539,0,0.9889043,
1,3,12.15012,-1.393336,0,-2.486288,0,-0.1485539,0,0.9889043,
1,3,12.15822,-1.393336,0,-2.486288,0,-0.1485539,0,0.9889043,
1,3,12.16638,-1.393336,0,-2.486288,0,-0.1485539,0,0.9889043,
1,3,12.17471,-1.393336,0,-2.486288,0,-0.1485539,0,0.9889043,
1,3,12.18244,-1.393336,0,-2.486288,0,-0.1485539,0,0.9889043,
1,3,12.19076,-1.393336,0,-2.486288,0,-0.1485539,0,0.9889043,
1,3,12.19909,-1.393336,0,-2.486288,0,-0.1485539,0,0.9889043,
1,3,12.20742,-1.393336,0,-2.486288,0,-0.1485539,0,0.9889043,
1,3,12.21559,-1.393336,0,-2.486288,0,-0.1485539,0,0.9889043,
1,3,12.22392,-1.393336,0,-2.486288,0,-0.1485539,0,0.9889043,
1,3,12.23149,-1.393336,0,-2.486288,0,-0.1485539,0,0.9889043,
1,3,12.23983,-1.393336,0,-2.486288,0,-0.1485539,0,0.9889043,
1,3,12.24816,-1.393336,0,-2.486288,0,-0.1485539,0,0.9889043,
1,3,12.25649,-1.393336,0,-2.486288,0,-0.1485539,0,0.9889043,
1,3,12.26351,-1.393336,0,-2.486288,0,-0.1485539,0,0.9889043,
1,3,12.27184,-1.393336,0,-2.486288,0,-0.1485539,0,0.9889043,
1,3,12.2798,-1.393336,0,-2.486288,0,-0.1485539,0,0.9889043,
1,3,12.28813,-1.393336,0,-2.486288,0,-0.1485539,0,0.9889043,
1,3,12.29646,-1.393336,0,-2.486288,0,-0.1485539,0,0.9889043,
1,3,12.30298,-1.393336,0,-2.486288,0,-0.1485539,0,0.9889043,
1,3,12.31071,-1.393336,0,-2.486288,0,-0.1485539,0,0.9889043,
1,3,12.31904,-1.393336,0,-2.486288,0,-0.1485539,0,0.9889043,
1,3,12.32467,-1.393336,0,-2.486288,0,-0.1485539,0,0.9889043,
1,3,12.333,-1.393336,0,-2.486288,0,-0.1485539,0,0.9889043,
1,3,12.33827,-1.393336,0,-2.486288,0,-0.1485539,0,0.9889043,
1,3,12.34515,-1.393336,0,-2.486288,0,-0.1485539,0,0.9889043,
1,3,12.35312,-1.393336,0,-2.486288,0,-0.1485539,0,0.9889043,
1,3,12.36145,-1.393336,0,-2.486288,0,-0.1485539,0,0.9889043,
1,3,12.36979,-1.393336,0,-2.486288,0,-0.1485539,0,0.9889043,
1,3,12.37812,-1.393336,0,-2.486288,0,-0.1485539,0,0.9889043,
1,3,12.38645,-1.393336,0,-2.486288,0,-0.1485539,0,0.9889043,
1,3,12.39479,-1.393336,0,-2.486288,0,-0.1485539,0,0.9889043,
1,3,12.40047,-1.393336,0,-2.486288,0,-0.1485539,0,0.9889043,
1,3,12.4088,-1.393336,0,-2.486288,0,-0.1485539,0,0.9889043,
1,3,12.41714,-1.393336,0,-2.486288,0,-0.1485539,0,0.9889043,
1,3,12.42547,-1.393336,0,-2.486288,0,-0.1485539,0,0.9889043,
1,3,12.43241,-1.393336,0,-2.486288,0,-0.1485539,0,0.9889043,
1,3,12.44075,-1.393336,0,-2.486288,0,-0.1485539,0,0.9889043,
1,3,12.44908,-1.393336,0,-2.486288,0,-0.1485539,0,0.9889043,
1,3,12.45741,-1.393336,0,-2.486288,0,-0.1485539,0,0.9889043,
1,3,12.46575,-1.393336,0,-2.486288,0,-0.1485539,0,0.9889043,
1,3,12.47408,-1.393336,0,-2.486288,0,-0.1485539,0,0.9889043,
1,3,12.48241,-1.393336,0,-2.486288,0,-0.1485539,0,0.9889043,
1,3,12.48858,-1.393336,0,-2.486288,0,-0.1485539,0,0.9889043,
1,3,12.49692,-1.393336,0,-2.486288,0,-0.1485539,0,0.9889043,
1,3,12.50525,-1.393336,0,-2.486288,0,-0.1485539,0,0.9889043,
1,3,12.51358,-1.393336,0,-2.486288,0,-0.1485539,0,0.9889043,
1,3,12.52139,-1.393336,0,-2.486288,0,-0.1485539,0,0.9889043,
1,3,12.52972,-1.393336,0,-2.486288,0,-0.1485539,0,0.9889043,
1,3,12.53743,-1.393336,0,-2.486288,0,-0.1485539,0,0.9889043,
1,3,12.54577,-1.393336,0,-2.486288,0,-0.1485539,0,0.9889043,
1,3,12.5541,-1.393336,0,-2.486288,0,-0.1485539,0,0.9889043,
1,3,12.56215,-1.393336,0,-2.486288,0,-0.1485539,0,0.9889043,
1,3,12.57048,-1.393336,0,-2.486288,0,-0.1485539,0,0.9889043,
1,3,12.57881,-1.393336,0,-2.486288,0,-0.1485539,0,0.9889043,
1,3,12.58715,-1.393336,0,-2.486288,0,-0.1485539,0,0.9889043,
1,3,12.59548,-1.393336,0,-2.486288,0,-0.1485539,0,0.9889043,
1,3,12.60246,-1.393336,0,-2.486288,0,-0.1485539,0,0.9889043,
1,3,12.61079,-1.393336,0,-2.486288,0,-0.1485539,0,0.9889043,
1,3,12.61766,-1.393336,0,-2.486288,0,-0.1485539,0,0.9889043,
1,3,12.62599,-1.393336,0,-2.486288,0,-0.1485539,0,0.9889043,
1,3,12.63433,-1.393336,0,-2.486288,0,-0.1485539,0,0.9889043,
1,3,12.64266,-1.393336,0,-2.486288,0,-0.1485539,0,0.9889043,
1,3,12.65099,-1.393336,0,-2.486288,0,-0.1485539,0,0.9889043,
1,3,12.65679,-1.393336,0,-2.486288,0,-0.1485539,0,0.9889043,
1,3,12.66471,-1.393336,0,-2.486288,0,-0.1485539,0,0.9889043,
1,3,12.67261,-1.393336,0,-2.486288,0,-0.1485539,0,0.9889043,
1,3,12.68094,-1.393336,0,-2.486288,0,-0.1485539,0,0.9889043,
1,3,12.68911,-1.393336,0,-2.486288,0,-0.1485539,0,0.9889043,
1,3,12.69745,-1.393336,0,-2.486288,0,-0.1485539,0,0.9889043,
1,3,12.70578,-1.393336,0,-2.486288,0,-0.1485539,0,0.9889043,
1,3,12.71366,-1.393336,0,-2.486288,0,-0.1485539,0,0.9889043,
1,3,12.72199,-1.393336,0,-2.486288,0,-0.1485539,0,0.9889043,
1,3,12.73033,-1.393336,0,-2.486288,0,-0.1485539,0,0.9889043,
1,3,12.73866,-1.393336,0,-2.486288,0,-0.1485539,0,0.9889043,
1,3,12.7454,-1.393336,0,-2.486288,0,-0.1485539,0,0.9889043,
1,3,12.75373,-1.393336,0,-2.486288,0,-0.1485539,0,0.9889043,
1,3,12.76105,-1.393336,0,-2.486288,0,-0.1485539,0,0.9889043,
1,3,12.76938,-1.393336,0,-2.486288,0,-0.1485539,0,0.9889043,
1,3,12.77771,-1.393336,0,-2.486288,0,-0.1485539,0,0.9889043,
1,3,12.78605,-1.393336,0,-2.486288,0,-0.1485539,0,0.9889043,
1,3,12.79382,-1.393336,0,-2.486288,0,-0.1485539,0,0.9889043,
1,3,12.80206,-1.393336,0,-2.486288,0,-0.1485539,0,0.9889043,
1,3,12.81039,-1.393336,0,-2.486288,0,-0.1485539,0,0.9889043,
1,3,12.81872,-1.393336,0,-2.486288,0,-0.1485539,0,0.9889043,
1,3,12.82705,-1.393336,0,-2.486288,0,-0.1485539,0,0.9889043,
1,3,12.83539,-1.393336,0,-2.486288,0,-0.1485539,0,0.9889043,
1,3,12.84358,-1.393336,0,-2.486288,0,-0.1485539,0,0.9889043,
1,3,12.84884,-1.393336,0,-2.486288,0,-0.1485539,0,0.9889043,
1,3,12.85712,-1.393336,0,-2.486288,0,-0.1485539,0,0.9889043,
1,3,12.86545,-1.393336,0,-2.486288,0,-0.1485539,0,0.9889043,
1,3,12.87328,-1.393336,0,-2.486288,0,-0.1485539,0,0.9889043,
1,3,12.8814,-1.393336,0,-2.486288,0,-0.1485539,0,0.9889043,
1,3,12.88962,-1.393336,0,-2.486288,0,-0.1485539,0,0.9889043,
1,3,12.89795,-1.393336,0,-2.486288,0,-0.1485539,0,0.9889043,
1,3,12.90628,-1.393336,0,-2.486288,0,-0.1485539,0,0.9889043,
1,3,12.91434,-1.393336,0,-2.486288,0,-0.1485539,0,0.9889043,
1,3,12.92268,-1.393336,0,-2.486288,0,-0.1485539,0,0.9889043,
1,3,12.93101,-1.393336,0,-2.486288,0,-0.1485539,0,0.9889043,
1,3,12.93934,-1.393336,0,-2.486288,0,-0.1485539,0,0.9889043,
1,3,12.94699,-1.393336,0,-2.486288,0,-0.1485539,0,0.9889043,
1,3,12.95532,-1.393336,0,-2.486288,0,-0.1485539,0,0.9889043,
1,3,12.96366,-1.393336,0,-2.486288,0,-0.1485539,0,0.9889043,
1,3,12.97174,-1.393336,0,-2.486288,0,-0.1485539,0,0.9889043,
1,3,12.98007,-1.393336,0,-2.486288,0,-0.1485539,0,0.9889043,
1,3,12.9884,-1.393336,0,-2.486288,0,-0.1485539,0,0.9889043,
1,3,12.99634,-1.393336,0,-2.486288,0,-0.1485539,0,0.9889043,
1,3,13.00467,-1.393336,0,-2.486288,0,-0.1485539,0,0.9889043,
1,3,13.01241,-1.393336,0,-2.486288,0,-0.1485539,0,0.9889043,
1,3,13.02075,-1.393336,0,-2.486288,0,-0.1485539,0,0.9889043,
1,3,13.02883,-1.393336,0,-2.486288,0,-0.1485539,0,0.9889043,
1,3,13.03707,-1.393336,0,-2.486288,0,-0.1485539,0,0.9889043,
1,3,13.0454,-1.393336,0,-2.486288,0,-0.1485539,0,0.9889043,
1,3,13.05374,-1.393336,0,-2.486288,0,-0.1485539,0,0.9889043,
1,3,13.06176,-1.393336,0,-2.486288,0,-0.1485539,0,0.9889043,
1,3,13.07009,-1.393336,0,-2.486288,0,-0.1485539,0,0.9889043,
1,3,13.07837,-1.393336,0,-2.486288,0,-0.1485539,0,0.9889043,
1,3,13.0867,-1.393336,0,-2.486288,0,-0.1485539,0,0.9889043,
1,3,13.09504,-1.393336,0,-2.486288,0,-0.1485539,0,0.9889043,
1,3,13.10318,-1.393336,0,-2.486288,0,-0.1485539,0,0.9889043,
1,3,13.11102,-1.393336,0,-2.486288,0,-0.1485539,0,0.9889043,
1,3,13.11936,-1.393336,0,-2.486288,0,-0.1485539,0,0.9889043,
1,3,13.1262,-1.393336,0,-2.486288,0,-0.1485539,0,0.9889043,
1,3,13.13424,-1.393336,0,-2.486288,0,-0.1485539,0,0.9889043,
1,3,13.14258,-1.393336,0,-2.486288,0,-0.1485539,0,0.9889043,
1,3,13.15062,-1.393336,0,-2.486288,0,-0.1485539,0,0.9889043,
1,3,13.15895,-1.393336,0,-2.486288,0,-0.1485539,0,0.9889043,
1,3,13.16665,-1.393336,0,-2.486288,0,-0.1485539,0,0.9889043,
1,3,13.17498,-1.393336,0,-2.486288,0,-0.1485539,0,0.9889043,
1,3,13.18319,-1.393336,0,-2.486288,0,-0.1485539,0,0.9889043,
1,3,13.19152,-1.393336,0,-2.486288,0,-0.1485539,0,0.9889043,
1,3,13.19963,-1.393336,0,-2.486288,0,-0.1485539,0,0.9889043,
1,3,13.20732,-1.393336,0,-2.486288,0,-0.1485539,0,0.9889043,
1,3,13.21565,-1.393336,0,-2.486288,0,-0.1485539,0,0.9889043,
1,3,13.22398,-1.393336,0,-2.486288,0,-0.1485539,0,0.9889043,
1,3,13.23165,-1.393336,0,-2.486288,0,-0.1485539,0,0.9889043,
1,3,13.23998,-1.393336,0,-2.486288,0,-0.1485539,0,0.9889043,
1,3,13.24831,-1.393336,0,-2.486288,0,-0.1485539,0,0.9889043,
1,3,13.25665,-1.393336,0,-2.486288,0,-0.1485539,0,0.9889043,
1,3,13.26498,-1.393336,0,-2.486288,0,-0.1485539,0,0.9889043,
1,3,13.27331,-1.393336,0,-2.486288,0,-0.1485539,0,0.9889043,
1,3,13.28165,-1.393336,0,-2.486288,0,-0.1485539,0,0.9889043,
1,3,13.28933,-1.393336,0,-2.486288,0,-0.1485539,0,0.9889043,
1,3,13.29766,-1.393336,0,-2.486288,0,-0.1485539,0,0.9889043,
1,3,13.30549,-1.393336,0,-2.486288,0,-0.1485539,0,0.9889043,
1,3,13.31382,-1.393336,0,-2.486288,0,-0.1485539,0,0.9889043,
1,3,13.32156,-1.393336,0,-2.486288,0,-0.1485539,0,0.9889043,
1,3,13.32989,-1.393336,0,-2.486288,0,-0.1485539,0,0.9889043,
1,3,13.33772,-1.393336,0,-2.486288,0,-0.1485539,0,0.9889043,
1,3,13.34605,-1.393336,0,-2.486288,0,-0.1485539,0,0.9889043,
1,3,13.35363,-1.393336,0,-2.486288,0,-0.1485539,0,0.9889043,
1,3,13.36196,-1.393336,0,-2.486288,0,-0.1485539,0,0.9889043,
1,3,13.37014,-1.393336,0,-2.486288,0,-0.1485539,0,0.9889043,
1,3,13.37847,-1.393336,0,-2.486288,0,-0.1485539,0,0.9889043,
1,3,13.38653,-1.393336,0,-2.486288,0,-0.1485539,0,0.9889043,
1,3,13.39487,-1.393336,0,-2.486288,0,-0.1485539,0,0.9889043,
1,3,13.40304,-1.393336,0,-2.486288,0,-0.1485539,0,0.9889043,
1,3,13.41138,-1.393336,0,-2.486288,0,-0.1485539,0,0.9889043,
1,3,13.41953,-1.393336,0,-2.486288,0,-0.1485539,0,0.9889043,
1,3,13.42769,-1.393336,0,-2.486288,0,-0.1485539,0,0.9889043,
1,3,13.43603,-1.393336,0,-2.486288,0,-0.1485539,0,0.9889043,
1,3,13.44416,-1.393336,0,-2.486288,0,-0.1485539,0,0.9889043,
1,3,13.45241,-1.393336,0,-2.486288,0,-0.1485539,0,0.9889043,
1,3,13.46074,-1.393336,0,-2.486288,0,-0.1485539,0,0.9889043,
1,3,13.46893,-1.393336,0,-2.486288,0,-0.1485539,0,0.9889043,
1,3,13.47726,-1.393336,0,-2.486288,0,-0.1485539,0,0.9889043,
1,3,13.48552,-1.393336,0,-2.486288,0,-0.1485539,0,0.9889043,
1,3,13.49386,-1.393336,0,-2.486288,0,-0.1485539,0,0.9889043,
1,3,13.50072,-1.393336,0,-2.486288,0,-0.1485539,0,0.9889043,
1,3,13.50873,-1.393336,0,-2.486288,0,-0.1485539,0,0.9889043,
1,3,13.51707,-1.393336,0,-2.486288,0,-0.1485539,0,0.9889043,
1,3,13.5254,-1.393336,0,-2.486288,0,-0.1485539,0,0.9889043,
1,3,13.53337,-1.393336,0,-2.486288,0,-0.1485539,0,0.9889043,
1,3,13.54171,-1.393336,0,-2.486288,0,-0.1485539,0,0.9889043,
1,3,13.54965,-1.393336,0,-2.486288,0,-0.1485539,0,0.9889043,
1,3,13.55773,-1.393336,0,-2.486288,0,-0.1485539,0,0.9889043,
1,3,13.56607,-1.393336,0,-2.486288,0,-0.1485539,0,0.9889043,
1,3,13.5744,-1.393336,0,-2.486288,0,-0.1485539,0,0.9889043,
1,3,13.58273,-1.393336,0,-2.486288,0,-0.1485539,0,0.9889043,
1,3,13.59107,-1.393336,0,-2.486288,0,-0.1485539,0,0.9889043,
1,3,13.5987,-1.393336,0,-2.486288,0,-0.1485539,0,0.9889043,
1,3,13.60685,-1.393336,0,-2.486288,0,-0.1485539,0,0.9889043,
1,3,13.61519,-1.393336,0,-2.486288,0,-0.1485539,0,0.9889043,
1,3,13.62342,-1.393336,0,-2.486288,0,-0.1485539,0,0.9889043,
1,3,13.63068,-1.393336,0,-2.486288,0,-0.1485539,0,0.9889043,
1,3,13.63901,-1.393336,0,-2.486288,0,-0.1485539,0,0.9889043,
1,3,13.64716,-1.393336,0,-2.486288,0,-0.1485539,0,0.9889043,
1,3,13.6555,-1.393336,0,-2.486288,0,-0.1485539,0,0.9889043,
1,3,13.66377,-1.393336,0,-2.486288,0,-0.1485539,0,0.9889043,
1,3,13.672,-1.393336,0,-2.486288,0,-0.1485539,0,0.9889043,
1,3,13.68014,-1.393336,0,-2.486288,0,-0.1485539,0,0.9889043,
1,3,13.68847,-1.393336,0,-2.486288,0,-0.1485539,0,0.9889043,
1,3,13.69681,-1.393336,0,-2.486288,0,-0.1485539,0,0.9889043,
1,3,13.70195,-1.393336,0,-2.486288,0,-0.1485539,0,0.9889043,
1,3,13.71028,-1.393336,0,-2.486288,0,-0.1485539,0,0.9889043,
1,3,13.71862,-1.393336,0,-2.486288,0,-0.1485539,0,0.9889043,
1,3,13.72695,-1.393336,0,-2.486288,0,-0.1485539,0,0.9889043,
1,3,13.73505,-1.393336,0,-2.486288,0,-0.1485539,0,0.9889043,
1,3,13.74297,-1.393336,0,-2.486288,0,-0.1485539,0,0.9889043,
1,3,13.75126,-1.393336,0,-2.486288,0,-0.1485539,0,0.9889043,
1,3,13.75959,-1.393336,0,-2.486288,0,-0.1485539,0,0.9889043,
1,3,13.76776,-1.393336,0,-2.486288,0,-0.1485539,0,0.9889043,
1,3,13.77525,-1.393336,0,-2.486288,0,-0.1485539,0,0.9889043,
1,3,13.78358,-1.393336,0,-2.486288,0,-0.1485539,0,0.9889043,
1,3,13.79192,-1.393336,0,-2.486288,0,-0.1485539,0,0.9889043,
1,3,13.80025,-1.393336,0,-2.486288,0,-0.1485539,0,0.9889043,
1,3,13.80858,-1.393336,0,-2.486288,0,-0.1485539,0,0.9889043,
1,3,13.81692,-1.393336,0,-2.486288,0,-0.1485539,0,0.9889043,
1,3,13.82525,-1.393336,0,-2.486288,0,-0.1485539,0,0.9889043,
1,3,13.8328,-1.393336,0,-2.486288,0,-0.1485539,0,0.9889043,
1,3,13.84096,-1.393336,0,-2.486288,0,-0.1485539,0,0.9889043,
1,3,13.84929,-1.393336,0,-2.486288,0,-0.1485539,0,0.9889043,
1,3,13.85762,-1.393336,0,-2.486288,0,-0.1485539,0,0.9889043,
1,3,13.86596,-1.393336,0,-2.486288,0,-0.1485539,0,0.9889043,
1,3,13.8741,-1.393336,0,-2.486288,0,-0.1485539,0,0.9889043,
1,3,13.88244,-1.393336,0,-2.486288,0,-0.1485539,0,0.9889043,
1,3,13.89077,-1.393336,0,-2.486288,0,-0.1485539,0,0.9889043,
1,3,13.89837,-1.393336,0,-2.486288,0,-0.1485539,0,0.9889043,
1,3,13.90671,-1.393336,0,-2.486288,0,-0.1485539,0,0.9889043,
1,3,13.91504,-1.393336,0,-2.486288,0,-0.1485539,0,0.9889043,
1,3,13.9229,-1.393336,0,-2.486288,0,-0.1485539,0,0.9889043,
1,3,13.93119,-1.393336,0,-2.486288,0,-0.1485539,0,0.9889043,
1,3,13.93952,-1.393336,0,-2.486288,0,-0.1485539,0,0.9889043,
1,3,13.94785,-1.393336,0,-2.486288,0,-0.1485539,0,0.9889043,
1,3,13.9559,-1.393336,0,-2.486288,0,-0.1485539,0,0.9889043,
1,3,13.96398,-1.393336,0,-2.486288,0,-0.1485539,0,0.9889043,
1,3,13.97225,-1.393336,0,-2.486288,0,-0.1485539,0,0.9889043,
1,3,13.98058,-1.393336,0,-2.486288,0,-0.1485539,0,0.9889043,
1,3,13.9886,-1.393336,0,-2.486288,0,-0.1485539,0,0.9889043,
1,3,13.99694,-1.393336,0,-2.486288,0,-0.1485539,0,0.9889043,
1,3,14.005,-1.393336,0,-2.486288,0,-0.1485539,0,0.9889043,
1,3,14.01333,-1.393336,0,-2.486288,0,-0.1485539,0,0.9889043,
1,3,14.01985,-1.393336,0,-2.486288,0,-0.1485539,0,0.9889043,
1,3,14.02819,-1.393336,0,-2.486288,0,-0.1485539,0,0.9889043,
1,3,14.03649,-1.393336,0,-2.486288,0,-0.1485539,0,0.9889043,
1,3,14.04482,-1.393336,0,-2.486288,0,-0.1485539,0,0.9889043,
1,3,14.05314,-1.393336,0,-2.486288,0,-0.1485539,0,0.9889043,
1,3,14.06118,-1.393336,0,-2.486288,0,-0.1485539,0,0.9889043,
1,3,14.06951,-1.393336,0,-2.486288,0,-0.1485539,0,0.9889043,
1,3,14.07785,-1.393336,0,-2.486288,0,-0.1485539,0,0.9889043,
1,3,14.08618,-1.393336,0,-2.486288,0,-0.1485539,0,0.9889043,
1,3,14.09451,-1.393336,0,-2.486288,0,-0.1485539,0,0.9889043,
1,3,14.10285,-1.393336,0,-2.486288,0,-0.1485539,0,0.9889043,
1,3,14.11028,-1.393336,0,-2.486288,0,-0.1485539,0,0.9889043,
1,3,14.11853,-1.393336,0,-2.486288,0,-0.1485539,0,0.9889043,
1,3,14.12686,-1.393336,0,-2.486288,0,-0.1485539,0,0.9889043,
1,3,14.13517,-1.393336,0,-2.486288,0,-0.1485539,0,0.9889043,
1,3,14.1434,-1.393336,0,-2.486288,0,-0.1485539,0,0.9889043,
1,3,14.15174,-1.393336,0,-2.486288,0,-0.1485539,0,0.9889043,
1,3,14.15978,-1.393336,0,-2.486288,0,-0.1485539,0,0.9889043,
1,3,14.16811,-1.393336,0,-2.486288,0,-0.1485539,0,0.9889043,
1,3,14.17599,-1.393336,0,-2.486288,0,-0.1485539,0,0.9889043,
1,3,14.18432,-1.393336,0,-2.486288,0,-0.1485539,0,0.9889043,
1,3,14.19052,-1.393336,0,-2.486288,0,-0.1485539,0,0.9889043,
1,3,14.19885,-1.393336,0,-2.486288,0,-0.1485539,0,0.9889043,
1,3,14.20719,-1.393336,0,-2.486288,0,-0.1485539,0,0.9889043,
1,3,14.21552,-1.688755,-0.07988159,-2.433469,0.1891613,-0.4912974,0.1778011,0.8314034,
1,3,14.22385,-1.688909,-0.07999265,-2.433759,0.1896613,-0.4917017,0.1770546,0.8312098,
1,3,14.23219,-1.689061,-0.08008128,-2.434,0.1899164,-0.4921111,0.1763375,0.8310617,
1,3,14.24052,-1.689105,-0.07997742,-2.434082,0.1894454,-0.4922562,0.1768091,0.830983,
1,3,14.24885,-1.689246,-0.07988711,-2.434309,0.1896323,-0.4924411,0.1773935,0.8307063,
1,3,14.25719,-1.689548,-0.07995588,-2.434492,0.1913309,-0.493166,0.176975,0.8299757,
1,3,14.26552,-1.689634,-0.07996316,-2.434537,0.1917932,-0.4934738,0.1754249,0.8300151,
1,3,14.27385,-1.689697,-0.07989604,-2.434541,0.192042,-0.4934192,0.1731654,0.8304643,
1,3,14.28219,-1.689726,-0.0797898,-2.43443,0.1916995,-0.4930881,0.1731264,0.8307483,
1,3,14.29052,-1.689745,-0.07969783,-2.43434,0.1918524,-0.4931073,0.1727491,0.8307801,
1,3,14.29885,-1.689774,-0.07944777,-2.434117,0.1921696,-0.4928973,0.1724401,0.8308955,
1,3,14.30719,-1.689818,-0.07920864,-2.433933,0.1922231,-0.4929677,0.1719954,0.8309336,
1,3,14.31552,-1.689883,-0.07902637,-2.433796,0.1919882,-0.4931018,0.1716741,0.8309749,
1,3,14.32385,-1.690063,-0.078623,-2.433531,0.1912653,-0.4935961,0.1712314,0.8309394,
1,3,14.33219,-1.690477,-0.07770883,-2.432998,0.189408,-0.4953672,0.1706593,0.8304284,
1,3,14.34052,-1.690654,-0.07708929,-2.432564,0.1880951,-0.4960859,0.1693551,0.8305648,
1,3,14.34885,-1.690566,-0.07659032,-2.431962,0.1879822,-0.4955148,0.167243,0.831359,
1,3,14.35719,-1.690374,-0.07590388,-2.431242,0.1871543,-0.4943979,0.1649585,0.832666,
1,3,14.36552,-1.690243,-0.07519086,-2.430611,0.1860031,-0.4937152,0.1634905,0.833618,
1,3,14.37385,-1.690119,-0.07478102,-2.430345,0.1850983,-0.4933328,0.1638185,0.8339814,
1,3,14.38219,-1.689768,-0.0741552,-2.42969,0.1841429,-0.4921514,0.1619051,0.8352635,
1,3,14.39052,-1.6894,-0.0733871,-2.428944,0.1822209,-0.4915498,0.1583633,0.8367171,
1,3,14.39885,-1.68929,-0.0724016,-2.428285,0.1797009,-0.4917279,0.1559899,0.8376028,
1,3,14.40719,-1.689204,-0.07148448,-2.427643,0.1780752,-0.4921602,0.153229,0.8382055,
1,3,14.41552,-1.689175,-0.0709709,-2.427299,0.1779704,-0.4917697,0.151798,0.8387172,
1,3,14.42385,-1.689106,-0.06994414,-2.426739,0.1753773,-0.4912522,0.1499614,0.8398963,
1,3,14.43219,-1.689056,-0.06902532,-2.426146,0.1737664,-0.49118,0.1479036,0.8406378,
1,3,14.44052,-1.689126,-0.06874574,-2.425827,0.174066,-0.4910465,0.1473347,0.8407538,
1,3,14.44885,-1.689183,-0.06793406,-2.425148,0.1729194,-0.4891393,0.1469378,0.8421704,
1,3,14.45719,-1.689241,-0.06755295,-2.424988,0.1715109,-0.4881735,0.1483726,0.842767,
1,3,14.46552,-1.689372,-0.06650378,-2.42461,0.168876,-0.488004,0.1478636,0.8434865,
1,3,14.47385,-1.689737,-0.06518517,-2.424449,0.1638048,-0.491926,0.1478436,0.8422108,
1,3,14.48219,-1.690042,-0.06421643,-2.424041,0.1613802,-0.4915012,0.1501522,0.8425184,
1,3,14.49052,-1.690105,-0.0631868,-2.423625,0.1594916,-0.4915674,0.1503182,0.8428098,
1,3,14.49885,-1.689947,-0.06271586,-2.42333,0.1587573,-0.4904685,0.1502137,0.8436069,
1,3,14.50719,-1.689903,-0.0619932,-2.422706,0.1598022,-0.4901684,0.1489444,0.8438091,
1,3,14.51552,-1.69,-0.06147733,-2.421965,0.1641771,-0.4927298,0.143798,0.8423689,
1,3,14.52385,-1.690563,-0.06141124,-2.421063,0.1729708,-0.4983593,0.1381985,0.8382245,
1,3,14.53219,-1.691231,-0.06130933,-2.420146,0.1821411,-0.5043919,0.1328368,0.8335273,
1,3,14.54052,-1.691673,-0.06015366,-2.419774,0.1808089,-0.5091748,0.1307715,0.8312328,
1,3,14.54885,-1.69171,-0.05834426,-2.420032,0.1698491,-0.5084041,0.1359923,0.8331763,
1,3,14.55719,-1.691725,-0.05733282,-2.419661,0.1652264,-0.5043004,0.1417068,0.8356438,
1,3,14.56552,-1.691747,-0.05677082,-2.418671,0.1673525,-0.5011413,0.1392913,0.8375252,
1,3,14.57385,-1.704389,-0.05610713,-2.535793,0.1713819,-0.5026606,0.132563,0.8368916,
1,3,14.58219,-1.704388,-0.05518199,-2.534474,0.1732842,-0.5054812,0.1192808,0.8367995,
1,3,14.59052,-1.704252,-0.05423363,-2.533076,0.1739641,-0.5047431,0.1080369,0.8386292,
1,3,14.59885,-1.704106,-0.0525613,-2.531859,0.1694593,-0.5009957,0.1026995,0.8424605,
1,3,14.60719,-1.704298,-0.04983329,-2.531388,0.1551018,-0.4980088,0.1098248,0.8460906,
1,3,14.61552,-1.704531,-0.04669734,-2.531247,0.1381332,-0.4950904,0.1216059,0.849127,
1,3,14.62385,-1.704146,-0.04418695,-2.530784,0.128052,-0.4888408,0.1248015,0.8538513,
1,3,14.63219,-1.703855,-0.04220984,-2.5296,0.1258733,-0.4851592,0.1188306,0.8571206,
1,3,14.64052,-1.704261,-0.04032492,-2.528077,0.1255876,-0.4865846,0.1145373,0.856939,
1,3,14.64885,-1.705256,-0.0390438,-2.526248,0.1291065,-0.4891939,0.1175616,0.8545175,
1,3,14.65719,-1.705692,-0.03732213,-2.524921,0.1268543,-0.4887547,0.120903,0.8546399,
1,3,14.66552,-1.705767,-0.03665141,-2.524029,0.1287421,-0.4885632,0.1210538,0.8544457,
1,3,14.67385,-1.705865,-0.03525344,-2.522465,0.1288769,-0.4871624,0.1219159,0.8551024,
1,3,14.68219,-1.70607,-0.03390846,-2.520593,0.1332207,-0.4891409,0.1168395,0.8540152,
1,3,14.69052,-1.706313,-0.0329226,-2.518638,0.1385252,-0.4899902,0.1147159,0.8529717,
1,3,14.69885,-1.706339,-0.03179796,-2.516881,0.1412909,-0.4895915,0.1135755,0.8528996,
1,3,14.70719,-1.706122,-0.03094678,-2.516237,0.1375604,-0.4879976,0.1157034,0.8541359,
1,3,14.71552,-1.706037,-0.02915532,-2.515019,0.1311425,-0.4867735,0.1204447,0.8551879,
1,3,14.72385,-1.705907,-0.02777713,-2.51471,0.1236217,-0.4851251,0.1267749,0.856329,
1,3,14.73219,-1.705713,-0.02586991,-2.513467,0.1186061,-0.4827882,0.131647,0.857623,
1,3,14.74052,-1.705403,-0.02424403,-2.512032,0.1159413,-0.4808647,0.1322186,0.858979,
1,3,14.74885,-1.70495,-0.02363986,-2.51112,0.1168188,-0.4798967,0.1266904,0.8602337,
1,3,14.75719,-1.704396,-0.02221725,-2.509601,0.1154988,-0.4784673,0.1237001,0.8616422,
1,3,14.76552,-1.704045,-0.02176175,-2.508864,0.1166338,-0.4785494,0.1213066,0.8617841,
1,3,14.77385,-1.703642,-0.02064943,-2.507537,0.1165324,-0.4775051,0.1229823,0.8621395,
1,3,14.78219,-1.703323,-0.01943764,-2.50623,0.1153676,-0.4763258,0.1251473,0.8626368,
1,3,14.79052,-1.703356,-0.01879293,-2.505688,0.1137197,-0.4760574,0.1279573,0.8625915,
1,3,14.79885,-1.703115,-0.01741967,-2.504501,0.1106116,-0.4755917,0.1301183,0.8629293,
1,3,14.80719,-1.702992,-0.01670326,-2.503991,0.108548,-0.4757361,0.1308486,0.8630013,
1,3,14.81552,-1.702091,-0.01532562,-2.503154,0.1041026,-0.4739133,0.1287175,0.8648704,
1,3,14.82385,-1.70152,-0.01373955,-2.502261,0.1007485,-0.4699666,0.126746,0.8677076,
1,3,14.83219,-1.701188,-0.01200365,-2.501638,0.09627066,-0.4682798,0.1273759,0.8690346,
1,3,14.84052,-1.700855,-0.01023404,-2.501297,0.08897565,-0.4645715,0.1331918,0.8709286,
1,3,14.84885,-1.700471,-0.008148134,-2.501242,0.07877911,-0.4616583,0.1393434,0.8724958,
1,3,14.85719,-1.70007,-0.006013602,-2.501165,0.0700736,-0.4599916,0.1423302,0.8736358,
1,3,14.86552,-1.699997,-0.004689924,-2.501614,0.06255937,-0.461463,0.1422472,0.8734438,
1,3,14.87385,-1.700541,-0.006160408,-2.499067,0.09023766,-0.4801595,0.1201169,0.8642198,
1,3,14.88219,-1.701107,-0.006110832,-2.497266,0.09389728,-0.4832855,0.1162635,0.862613,
1,3,14.89052,-1.700884,-0.005582329,-2.496932,0.09216624,-0.4838498,0.1090648,0.8634232,
1,3,14.89885,-1.700718,-0.005057497,-2.49636,0.08825774,-0.4819019,0.1123322,0.8645014,
1,3,14.90719,-1.713839,-0.004500456,-2.667385,0.05290665,-0.6987846,0.1332033,0.7008266,
1,3,14.91552,-1.714012,-0.00363181,-2.66668,0.04686607,-0.6972153,0.1358348,0.7023128,
1,3,14.92385,-1.714134,-0.002881298,-2.66582,0.04503268,-0.6969943,0.1340299,0.7029986,
1,3,14.93219,-1.713973,-0.002798203,-2.665108,0.04824332,-0.6975881,0.1283514,0.7032564,
1,3,14.94052,-1.713943,-0.002308285,-2.66412,0.04874945,-0.6977317,0.1240583,0.7038491,
1,3,14.94885,-1.713748,-0.002329595,-2.663924,0.04540102,-0.6968474,0.1272344,0.704382,
1,3,14.95719,-1.713584,-0.002003284,-2.663384,0.04089493,-0.6961901,0.1304263,0.704724,
1,3,14.96552,-1.713658,-0.002359081,-2.663443,0.03659514,-0.6931672,0.141778,0.7057471,
1,3,14.97385,-1.713622,-0.002698736,-2.662899,0.03369611,-0.6905352,0.1493401,0.7069111,
1,3,14.98219,-1.713503,-0.003008258,-2.662195,0.03145534,-0.6879294,0.1539897,0.7085556,
1,3,14.99052,-1.71336,-0.003361622,-2.661656,0.03189157,-0.6861658,0.1547702,0.7100744,
1,3,14.99885,-1.713232,-0.003737055,-2.660642,0.03530354,-0.685709,0.1527005,0.710802,
1,3,15.00719,-1.712775,-0.003956946,-2.660028,0.03450311,-0.6852361,0.1509877,0.7116628,
1,3,15.01552,-1.7124,-0.004201241,-2.659955,0.03377332,-0.6862096,0.1482173,0.711342,
1,3,15.02385,-1.712213,-0.004899086,-2.659271,0.0368609,-0.6862441,0.1469051,0.7114277,
1,3,15.03219,-1.712002,-0.005586721,-2.658574,0.03982378,-0.6870732,0.1440511,0.7110512,
1,3,15.04052,-1.711981,-0.006528445,-2.657617,0.04668659,-0.6881201,0.1383456,0.7107543,
1,3,15.04885,-1.712151,-0.007502288,-2.656658,0.05655589,-0.6905188,0.1310053,0.7091001,
1,3,15.05719,-1.712115,-0.008185914,-2.656257,0.05582633,-0.6904135,0.1294129,0.7095528,
1,3,15.06552,-1.713721,-0.009070007,-2.645963,0.06181837,-0.6803564,0.1278986,0.7189825,
1,3,15.07385,-1.713749,-0.009643011,-2.645649,0.06244942,-0.6813639,0.1274751,0.7180483,
1,3,15.08219,-1.713768,-0.009820534,-2.6457,0.05971777,-0.6814482,0.1296675,0.7178081,
1,3,15.09052,-1.713855,-0.01016191,-2.645356,0.06049549,-0.6818893,0.1292484,0.7173997,
1,3,15.09885,-1.713945,-0.01022698,-2.645072,0.06056585,-0.6813304,0.1290577,0.7179588,
1,3,15.10719,-1.71392,-0.01003323,-2.645147,0.05966646,-0.6808907,0.1296411,0.7183461,
1,3,15.11552,-1.714079,-0.01073991,-2.64417,0.0579228,-0.6803616,0.1332957,0.7183213,
1,3,15.12385,-1.714201,-0.01092929,-2.643885,0.05565694,-0.679976,0.1376986,0.7180349,
1,3,15.13219,-1.714547,-0.01109153,-2.643661,0.0532901,-0.6801224,0.1426454,0.7171096,
1,3,15.14052,-1.714898,-0.01115344,-2.643525,0.05187828,-0.6799533,0.1467384,0.7165473,
1,3,15.14885,-1.715718,-0.01173604,-2.642739,0.05676472,-0.6803836,0.1509956,0.714882,
1,3,15.15719,-1.716317,-0.01199701,-2.642022,0.05307393,-0.6781374,0.157138,0.7159753,
1,3,15.16552,-1.716843,-0.01236413,-2.641082,0.05424979,-0.6773818,0.159508,0.7160783,
1,3,15.17385,-1.717426,-0.01266823,-2.640141,0.0568135,-0.6767781,0.1614968,0.7160045,
1,3,15.18219,-1.717728,-0.01283294,-2.639405,0.06233452,-0.6776158,0.1583055,0.7154655,
1,3,15.19052,-1.718083,-0.01299767,-2.638642,0.06544302,-0.6786142,0.1562877,0.7146846,
1,3,15.19885,-1.718312,-0.01291505,-2.638552,0.06137509,-0.6794095,0.1583925,0.7138261,
1,3,15.20719,-1.719079,-0.01328906,-2.637727,0.06809092,-0.6820678,0.1572137,0.7109368,
1,3,15.21552,-1.719615,-0.01359113,-2.637212,0.07183991,-0.6838115,0.1562499,0.7091029,
1,3,15.22385,-1.720381,-0.01407253,-2.636482,0.07489097,-0.6846418,0.1577832,0.7076449,
1,3,15.23219,-1.720755,-0.01427851,-2.63615,0.08047561,-0.6865951,0.1566988,0.7053767,
1,3,15.24052,-1.72146,-0.01438259,-2.635697,0.08567404,-0.6880568,0.1574864,0.7031614,
1,3,15.24885,-1.722008,-0.01429362,-2.63548,0.08762351,-0.6891018,0.1585486,0.7016575,
1,3,15.25719,-1.721674,-0.0135058,-2.636626,0.08025397,-0.6876012,0.1614461,0.7033484,
1,3,15.26552,-1.721453,-0.01230855,-2.637569,0.07242273,-0.6866518,0.1634026,0.704673,
1,3,15.27385,-1.720883,-0.01080315,-2.638316,0.06597236,-0.6862502,0.1604691,0.7063697,
1,3,15.28219,-1.720869,-0.01091959,-2.638304,0.06562749,-0.6817428,0.1647703,0.7097681,
1,3,15.29052,-1.721309,-0.01125473,-2.638362,0.07396109,-0.6815089,0.1634558,0.7094769,
1,3,15.29885,-1.721646,-0.01194781,-2.638882,0.08250028,-0.6813167,0.1648694,0.7083921,
1,3,15.30719,-1.725212,-0.0131411,-2.591208,0.08864769,-0.6813456,0.1671544,0.707085,
1,3,15.31552,-1.725438,-0.01410538,-2.592834,0.09760248,-0.6857122,0.1636175,0.702497,
1,3,15.32385,-1.725542,-0.01425415,-2.594802,0.0966925,-0.6886926,0.1633454,0.6997653,
1,3,15.33219,-1.725396,-0.01387178,-2.597074,0.08802567,-0.6895885,0.1668307,0.6992043,
1,3,15.34052,-1.725185,-0.01372061,-2.599356,0.08104897,-0.6898483,0.1692953,0.6991993,
1,3,15.34885,-1.724697,-0.01366522,-2.60093,0.07575449,-0.6886089,0.1673516,0.7014788,
1,3,15.35719,-1.724347,-0.01355742,-2.602942,0.07274985,-0.6886923,0.1644133,0.7024091,
1,3,15.36552,-1.724141,-0.01363844,-2.603757,0.07564051,-0.6897427,0.1573087,0.7027001,
1,3,15.37385,-1.724022,-0.014057,-2.605726,0.07885341,-0.6917466,0.1521117,0.7015203,
1,3,15.38219,-1.724243,-0.01501479,-2.607903,0.08213325,-0.6924746,0.1544724,0.6999081,
1,3,15.39052,-1.724386,-0.0155258,-2.610709,0.07786226,-0.6934935,0.1587634,0.6984257,
1,3,15.39885,-1.724854,-0.01657787,-2.613847,0.07645071,-0.6963117,0.1635954,0.6946523,
1,3,15.40719,-1.725182,-0.01759516,-2.616742,0.07793286,-0.7004796,0.1638402,0.6902254,
1,3,15.41552,-1.725449,-0.01871875,-2.619357,0.08118249,-0.70362,0.1628784,0.6868762,
1,3,15.42385,-1.726078,-0.01993366,-2.621675,0.08312883,-0.7066115,0.1616378,0.6838589,
1,3,15.43219,-1.75808,-0.02131416,-2.633641,0.08309877,-0.7085669,0.1611688,0.6819474,
1,3,15.44052,-1.758866,-0.0227179,-2.635652,0.08400969,-0.7085599,0.1630912,0.6813858,
1,3,15.44885,-1.759159,-0.02373866,-2.637956,0.08557723,-0.7101969,0.1643193,0.6791879,
1,3,15.45719,-1.759323,-0.02415003,-2.638949,0.08545145,-0.7105826,0.1659074,0.6784138,
1,3,15.46552,-1.759482,-0.02474075,-2.641055,0.08355068,-0.7118767,0.1661675,0.677229,
1,3,15.47385,-1.759784,-0.02517822,-2.642976,0.08076082,-0.7132306,0.1657546,0.6762434,
1,3,15.48219,-1.76005,-0.02528069,-2.644787,0.07723925,-0.7147897,0.1642596,0.675373,
1,3,15.49052,-1.760033,-0.02534982,-2.646839,0.07512669,-0.7158265,0.163061,0.6748034,
1,3,15.49885,-1.759846,-0.0249082,-2.647717,0.07313659,-0.7147357,0.1619059,0.6764542,
1,3,15.50719,-1.759697,-0.02463022,-2.649656,0.06967266,-0.7143371,0.1616431,0.6773034,
1,3,15.51552,-1.759933,-0.02491818,-2.651185,0.07223146,-0.7146066,0.162527,0.6765389,
1,3,15.52385,-1.75996,-0.02474861,-2.653203,0.06825,-0.7155359,0.1644387,0.6755075,
1,3,15.53219,-1.759038,-0.02492325,-2.656141,0.05519512,-0.7144226,0.1707448,0.6763136,
1,3,15.54052,-1.759041,-0.02514289,-2.65835,0.05386019,-0.7138312,0.173167,0.6764299,
1,3,15.54885,-1.759577,-0.02510832,-2.659644,0.06115269,-0.7192655,0.1641261,0.6722947,
1,3,15.55719,-1.759657,-0.02504336,-2.661258,0.06055987,-0.7210814,0.1618464,0.6709545,
1,3,15.56552,-1.759493,-0.02483202,-2.661956,0.05718473,-0.7203739,0.1633832,0.6716378,
1,3,15.57385,-1.759469,-0.02523912,-2.663804,0.05197982,-0.7183894,0.1708487,0.6723285,
1,3,15.58219,-1.759989,-0.02612906,-2.665242,0.0547871,-0.7203966,0.1729667,0.6694099,
1,3,15.59052,-1.760776,-0.02717276,-2.666222,0.06312522,-0.7244396,0.1706742,0.6648856,
1,3,15.59885,-1.761476,-0.02841342,-2.666858,0.07374936,-0.7273564,0.1673205,0.661451,
1,3,15.60719,-1.761673,-0.02897489,-2.667116,0.07044485,-0.7256933,0.1714397,0.6625822,
1,3,15.61552,-1.761719,-0.02935799,-2.668181,0.06936748,-0.7271366,0.172147,0.6609282,
1,3,15.62385,-1.76176,-0.02955017,-2.669144,0.06702948,-0.7282459,0.1716164,0.6600856,
1,3,15.63219,-1.761694,-0.02979393,-2.669963,0.06550778,-0.7288861,0.1708089,0.6597409,
1,3,15.64052,-1.761608,-0.02996897,-2.670136,0.06722173,-0.7291898,0.1666968,0.6602846,
1,3,15.64885,-1.761374,-0.02989762,-2.669605,0.07361673,-0.7300203,0.1577133,0.6608916,
1,3,15.65719,-1.761051,-0.02979276,-2.669364,0.07841761,-0.7311507,0.1481731,0.6612972,
1,3,15.66552,-1.760431,-0.0292705,-2.668897,0.07690235,-0.7319975,0.1384237,0.6626498,
1,3,15.67385,-1.763295,-0.02921366,-2.658909,0.08383444,-0.7237959,0.1288621,0.6726708,
1,3,15.68219,-1.763662,-0.02917537,-2.658743,0.08373427,-0.7229552,0.1332384,0.6727346,
1,3,15.69052,-1.763583,-0.0289555,-2.658808,0.07858738,-0.7218039,0.1381678,0.673597,
1,3,15.69885,-1.763591,-0.02871495,-2.658732,0.07537905,-0.7209259,0.1422666,0.6740505,
1,3,15.70719,-1.763512,-0.02836613,-2.658519,0.07137221,-0.719909,0.1440194,0.6752005,
1,3,15.71552,-1.763529,-0.02824878,-2.658477,0.06845078,-0.7192885,0.1463807,0.6756562,
1,3,15.72385,-1.763692,-0.02829698,-2.658495,0.06649943,-0.7185153,0.150692,0.6757259,
1,3,15.73219,-1.76393,-0.02851851,-2.658558,0.06449953,-0.7168508,0.1569351,0.6762664,
1,3,15.74052,-1.764202,-0.02881249,-2.658572,0.06243716,-0.7148317,0.1636182,0.6770129,
1,3,15.74885,-1.764486,-0.0292551,-2.658427,0.06252407,-0.7133519,0.168984,0.6772476,
1,3,15.75719,-1.764683,-0.0294162,-2.658129,0.06092902,-0.7112752,0.172564,0.6786731,
1,3,15.76552,-1.764549,-0.02948204,-2.657933,0.0597532,-0.7104663,0.1736997,0.6793347,
1,3,15.77385,-1.764358,-0.02955037,-2.657946,0.05953119,-0.7101766,0.1725776,0.6799428,
1,3,15.78219,-1.764327,-0.02977828,-2.657916,0.06035793,-0.7099848,0.1722248,0.6801597,
1,3,15.79052,-1.764364,-0.02985206,-2.658136,0.06238287,-0.7112213,0.1696699,0.6793268,
1,3,15.79885,-1.764247,-0.03034551,-2.658178,0.06403428,-0.7105691,0.1703023,0.6796973,
1,3,15.80719,-1.763988,-0.03078886,-2.65836,0.06359701,-0.7099966,0.1722108,0.6798557,
1,3,15.81552,-1.763702,-0.03130062,-2.658684,0.06151086,-0.7092458,0.1759338,0.6798781,
1,3,15.82385,-1.763505,-0.03161058,-2.658946,0.05984049,-0.7084222,0.179552,0.6799399,
1,3,15.83219,-1.763211,-0.03223127,-2.659315,0.0579527,-0.706626,0.1858169,0.6802891,
1,3,15.84052,-1.76286,-0.03287384,-2.659257,0.06073243,-0.7059377,0.1860388,0.6807005,
1,3,15.84885,-1.76244,-0.03356951,-2.658161,0.06899139,-0.70452,0.1772614,0.6837179,
1,3,15.85719,-1.762124,-0.03434854,-2.65784,0.07180844,-0.7030985,0.1761046,0.6851884,
1,3,15.86552,-1.762017,-0.03512593,-2.657985,0.0729707,-0.702905,0.1791444,0.6844759,
1,3,15.87385,-1.76178,-0.03659082,-2.658025,0.07707199,-0.7027392,0.182491,0.6833116,
1,3,15.88219,-1.761604,-0.03815422,-2.657867,0.08338254,-0.7027191,0.1837418,0.6822553,
1,3,15.89052,-1.761661,-0.03981412,-2.657552,0.09378588,-0.7032588,0.1838723,0.6803105,
1,3,15.89885,-1.761568,-0.04185475,-2.657213,0.1041494,-0.7027339,0.184651,0.6791333,
1,3,15.90719,-1.761494,-0.04353509,-2.657007,0.1113327,-0.7010639,0.1862495,0.6792831,
1,3,15.91552,-1.761085,-0.04593437,-2.657004,0.119015,-0.7001578,0.1892179,0.6780938,
1,3,15.92385,-1.760638,-0.04812633,-2.656943,0.1261197,-0.6992674,0.19155,0.6770728,
1,3,15.93219,-1.759871,-0.04937629,-2.656949,0.1284045,-0.6990331,0.1917708,0.6768227,
1,3,15.94052,-1.758801,-0.05177128,-2.656426,0.1380919,-0.6993361,0.1882069,0.675602,
1,3,15.94885,-1.757882,-0.05413843,-2.655856,0.1479772,-0.6994946,0.1850102,0.6742265,
1,3,15.95719,-1.757071,-0.05548274,-2.655385,0.153075,-0.6988153,0.1839014,0.6740961,
1,3,15.96552,-1.755872,-0.05823752,-2.654941,0.1631057,-0.6971871,0.1876367,0.6723981,
1,3,15.97385,-1.755059,-0.05994311,-2.654962,0.167028,-0.6934701,0.1942727,0.6733938,
1,3,15.98219,-1.753905,-0.06261765,-2.65492,0.1694767,-0.6876809,0.2018415,0.6764855,
1,3,15.99052,-1.7532,-0.06382273,-2.655187,0.1688262,-0.6876851,0.2053958,0.6755734,
1,3,15.99885,-1.75224,-0.06604906,-2.655057,0.1750273,-0.6904333,0.2039826,0.6716089,
1,3,16.00719,-1.751463,-0.06825376,-2.654658,0.1809658,-0.6911576,0.2030657,0.6695647,
1,3,16.01552,-1.751381,-0.06912399,-2.653968,0.1846223,-0.6924862,0.2001176,0.6680798,
1,3,16.02386,-1.750713,-0.07122768,-2.653169,0.1915005,-0.6933,0.1984533,0.665792,
1,3,16.03219,-1.75072,-0.0719324,-2.651814,0.1972746,-0.6946859,0.1931165,0.664229,
1,3,16.04052,-1.75043,-0.07375761,-2.649997,0.205829,-0.695491,0.1887681,0.6620373,
1,3,16.04885,-1.750133,-0.07565892,-2.648509,0.214652,-0.69645,0.1860749,0.6589826,
1,3,16.05719,-1.750532,-0.07663411,-2.647427,0.2233448,-0.6980997,0.1869779,0.6540744,
1,3,16.06552,-1.750871,-0.07882872,-2.645645,0.2344706,-0.697677,0.1916109,0.6492733,
1,3,16.07385,-1.751175,-0.08101824,-2.643757,0.2460719,-0.6963603,0.1949386,0.6453913,
1,3,16.08219,-1.751941,-0.08289883,-2.641895,0.2496602,-0.6855834,0.2111578,0.650429,
1,3,16.09052,-1.752961,-0.08590513,-2.63895,0.2681456,-0.6742044,0.2204175,0.6518916,
1,3,16.09885,-1.753389,-0.0870034,-2.636919,0.2861292,-0.6736181,0.2159578,0.6463211,
1,3,16.10719,-1.753648,-0.08887428,-2.633951,0.3014748,-0.6736542,0.2136135,0.6400566,
1,3,16.11552,-1.75312,-0.08861908,-2.632047,0.2986782,-0.6784139,0.2047391,0.63924,
1,3,16.12385,-1.752267,-0.08809773,-2.628179,0.3010693,-0.6831459,0.1813749,0.6401345,
1,3,16.13219,-1.752283,-0.08694393,-2.626016,0.2811152,-0.6819268,0.1891503,0.6482069,
1,3,16.14052,-1.752528,-0.0855981,-2.624528,0.2701484,-0.6814442,0.2029382,0.6492071,
1,3,16.14886,-1.752582,-0.08392853,-2.622261,0.2707487,-0.6839538,0.2081221,0.644661,
1,3,16.15719,-1.752815,-0.08240659,-2.619181,0.2686293,-0.6777118,0.2135118,0.650352,
1,3,16.16552,-1.752921,-0.08099372,-2.61607,0.2675311,-0.6735818,0.2143282,0.6548115,
1,3,16.17385,-1.752942,-0.07964455,-2.614015,0.2674962,-0.6713009,0.2082427,0.6591175,
1,3,16.18219,-1.753071,-0.07777964,-2.610777,0.2661935,-0.6690752,0.2043708,0.6631079,
1,3,16.19052,-1.753284,-0.07674811,-2.609214,0.2658325,-0.668911,0.2030211,0.6638325,
1,3,16.19885,-1.75347,-0.07508734,-2.606217,0.2642262,-0.6674606,0.2018891,0.6662746,
1,3,16.20719,-1.753577,-0.0734257,-2.603236,0.2620138,-0.6656622,0.2004402,0.6693777,
1,3,16.21552,-1.753612,-0.0726076,-2.601826,0.2610354,-0.6643577,0.1990132,0.6714784,
1,3,16.22385,-1.75373,-0.07111379,-2.598982,0.260252,-0.6617891,0.1973299,0.6748075,
1,3,16.23219,-1.753769,-0.070525,-2.597701,0.261124,-0.6606896,0.195896,0.6759647,
1,3,16.24052,-1.75383,-0.06932931,-2.595069,0.2611439,-0.6600971,0.1935659,0.677206,
1,3,16.24885,-1.75388,-0.06812654,-2.592416,0.2611388,-0.6593814,0.1901516,0.6788704,
1,3,16.25719,-1.753771,-0.06776226,-2.591339,0.2620775,-0.659887,0.1852997,0.6793591,
1,3,16.26552,-1.75366,-0.06740904,-2.590573,0.2618766,-0.6592728,0.1822694,0.6808509,
1,3,16.27386,-1.753591,-0.06643387,-2.588592,0.2618682,-0.6574628,0.1779077,0.683752,
1,3,16.28219,-1.753641,-0.06557632,-2.586823,0.261176,-0.6554728,0.176558,0.6862724,
1,3,16.29052,-1.753914,-0.06501226,-2.585662,0.2611371,-0.65655,0.1768969,0.6851693,
1,3,16.29885,-1.754174,-0.06472766,-2.585105,0.2624535,-0.6608074,0.1760865,0.6807682,
1,3,16.30719,-1.754447,-0.06505662,-2.585659,0.2635812,-0.6666184,0.1763825,0.6745622,
1,3,16.31552,-1.754692,-0.06556544,-2.586371,0.2643753,-0.6715155,0.1753317,0.6696502,
1,3,16.32385,-1.754906,-0.06607811,-2.586807,0.2643909,-0.6756254,0.1706734,0.6667073,
1,3,16.33219,-1.755021,-0.0669018,-2.587145,0.2648176,-0.6786885,0.1647148,0.664923,
1,3,16.34052,-1.754597,-0.06759587,-2.587021,0.2595946,-0.674901,0.1629562,0.6712411,
1,3,16.34885,-1.7539,-0.06902839,-2.587561,0.2643062,-0.6724325,0.1546157,0.6738478,
1,3,16.35719,-1.753525,-0.07115666,-2.588815,0.2689066,-0.6696256,0.1536459,0.6750436,
1,3,16.36552,-1.75313,-0.07283333,-2.590195,0.2754776,-0.6687458,0.149727,0.6741463,
1,3,16.37385,-1.752568,-0.07336593,-2.592042,0.2754629,-0.6698418,0.1492888,0.6731605,
1,3,16.38219,-1.751452,-0.07391493,-2.594398,0.2701775,-0.6649925,0.1517119,0.6795386,
1,3,16.39052,-1.749967,-0.07394286,-2.597321,0.2666906,-0.6605334,0.1527879,0.6850019,
1,3,16.39886,-1.748839,-0.07366972,-2.600417,0.2628797,-0.6595825,0.1585784,0.6860744,
1,3,16.40719,-1.748098,-0.07316481,-2.603649,0.2580803,-0.6610317,0.1679187,0.684277,
1,3,16.41552,-1.74738,-0.07276601,-2.607301,0.2546634,-0.664444,0.1767402,0.6800175,
1,3,16.42385,-1.746669,-0.07259138,-2.611042,0.2528135,-0.6683803,0.183518,0.6750365,
1,3,16.43219,-1.746396,-0.07228793,-2.613704,0.2509444,-0.6705711,0.1906146,0.6715858,
1,3,16.44052,-1.745737,-0.07179707,-2.617758,0.246123,-0.6721677,0.1991059,0.6693065,
1,3,16.44885,-1.745929,-0.07134516,-2.62012,0.2372648,-0.6674501,0.2081027,0.6744695,
1,3,16.45719,-1.745678,-0.06994566,-2.625337,0.2266042,-0.6702785,0.2114886,0.6742773,
1,3,16.46552,-1.74523,-0.06869045,-2.630503,0.2158525,-0.6744692,0.217347,0.6717584,
1,3,16.47385,-1.744925,-0.06771994,-2.633879,0.2103099,-0.6800092,0.2188244,0.6674378,
1,3,16.48219,-1.7445,-0.06632772,-2.640007,0.2016167,-0.6874956,0.2250597,0.6603399,
1,3,16.49052,-1.744525,-0.06564738,-2.643843,0.1979719,-0.6932491,0.2286019,0.654182,
1,3,16.49885,-1.744337,-0.06470331,-2.650516,0.1897319,-0.6991441,0.2369323,0.6473504,
1,3,16.50719,-1.743957,-0.06398003,-2.657337,0.1823171,-0.7036579,0.2432155,0.6422401,
1,3,16.51552,-1.743462,-0.06317201,-2.663845,0.1762153,-0.7087418,0.2447067,0.6377711,
1,3,16.52386,-1.742978,-0.06229429,-2.67011,0.168698,-0.7143595,0.2464331,0.6328525,
1,3,16.53219,-1.742583,-0.0616029,-2.6731,0.1626589,-0.7196227,0.2450497,0.628996,
1,3,16.54052,-1.741807,-0.05990025,-2.679744,0.1487178,-0.7295512,0.2459306,0.6206096,
1,3,16.54885,-1.740906,-0.05827123,-2.687936,0.1210669,-0.7326856,0.2668068,0.614271,
1,3,16.55719,-1.740129,-0.0563451,-2.69615,0.09604063,-0.7284237,0.2948644,0.6109256,
1,3,16.56552,-1.739594,-0.05370978,-2.703192,0.08421195,-0.7285483,0.3081897,0.6059248,
1,3,16.57385,-1.739012,-0.05078549,-2.709381,0.07465838,-0.7320783,0.3143636,0.5997192,
1,3,16.58219,-1.737909,-0.04772066,-2.715415,0.06284446,-0.7363514,0.3169919,0.5944354,
1,3,16.59052,-1.736534,-0.04457887,-2.721224,0.05563036,-0.7422748,0.3111091,0.5908847,
1,3,16.59885,-1.735525,-0.04198167,-2.727078,0.05555578,-0.7511911,0.3019947,0.5843157,
1,3,16.60719,-1.734729,-0.03988482,-2.732888,0.05837911,-0.7596425,0.2962351,0.5760034,
1,3,16.61552,-1.733962,-0.03802186,-2.738362,0.06245301,-0.7665132,0.2924417,0.5683616,
1,3,16.62385,-1.733144,-0.03590276,-2.743864,0.06396876,-0.7728434,0.2882797,0.5617081,
1,3,16.63219,-1.732669,-0.03476704,-2.746515,0.06081722,-0.7740374,0.2886825,0.5602052,
1,3,16.64052,-1.731708,-0.03214177,-2.752173,0.04891197,-0.7748055,0.293758,0.5576651,
1,3,16.64886,-1.730798,-0.02952504,-2.757703,0.03959107,-0.7759727,0.2982203,0.554404,
1,3,16.65719,-1.730602,-0.02796458,-2.759835,0.03716586,-0.7744485,0.3017308,0.5548035,
1,3,16.66552,-1.729968,-0.02522418,-2.764859,0.03328054,-0.7755929,0.3035179,0.5524718,
1,3,16.67385,-1.729988,-0.02159449,-2.769181,0.03162137,-0.7773041,0.2991026,0.5525724,
1,3,16.68219,-1.73,-0.01938012,-2.77144,0.02722543,-0.7793514,0.2961273,0.5515242,
1,3,16.69052,-1.729638,-0.01584648,-2.776338,0.02025039,-0.7822953,0.295064,0.5482165,
1,3,16.69885,-1.729498,-0.01228024,-2.780953,0.01403787,-0.7853366,0.2955694,0.5437722,
1,3,16.70719,-1.729736,-0.01071314,-2.782439,0.01791849,-0.7868876,0.2956433,0.5413703,
1,3,16.71552,-1.729962,-0.007428974,-2.786114,0.0196898,-0.789902,0.2961482,0.5366222,
1,3,16.72385,-1.730148,-0.003711238,-2.790067,0.01636106,-0.7921957,0.2987014,0.5319171,
1,3,16.73219,-1.730483,0.0002744924,-2.7942,0.01080643,-0.7935432,0.3045965,0.5266815,
1,3,16.74052,-1.731126,0.004712127,-2.798266,0.006692693,-0.7958094,0.3103888,0.5199051,
1,3,16.74885,-1.731636,0.009822984,-2.802189,0.006639712,-0.8010488,0.3101057,0.5119681,
1,3,16.75719,-1.731609,0.01605185,-2.806324,0.007042989,-0.8104626,0.3002978,0.5029137,
1,3,16.76552,-1.731184,0.02300593,-2.810871,0.00908538,-0.8233083,0.2875494,0.4892813,
1,3,16.77386,-1.730989,0.03020811,-2.815297,-0.003195509,-0.8261174,0.2860008,0.4855136,
1,3,16.78219,-1.730552,0.03867348,-2.820709,-0.02070521,-0.8265887,0.2841389,0.4853735,
1,3,16.79052,-1.729806,0.04485728,-2.824905,-0.04208729,-0.8215536,0.2875341,0.4905125,
1,3,16.79885,-1.728771,0.05501219,-2.832067,-0.06493902,-0.8192867,0.2903847,0.4901317,
1,3,16.80719,-1.727747,0.06606866,-2.839847,-0.08359505,-0.8198505,0.2891665,0.4870728,
1,3,16.81552,-1.726729,0.07729947,-2.847787,-0.1029832,-0.8214436,0.2850631,0.4830777,
1,3,16.82385,-1.725997,0.08438021,-2.85294,-0.1154287,-0.8228818,0.2802244,0.4806414,
1,3,16.83219,-1.724742,0.09764917,-2.862659,-0.1376385,-0.8245176,0.2733003,0.4759552,
1,3,16.84052,-1.723259,0.1113617,-2.872935,-0.1593802,-0.8260586,0.2660601,0.4705712,
1,3,16.84885,-1.721031,0.1254304,-2.88315,-0.1782505,-0.8302438,0.2532475,0.463452,
1,3,16.85719,-1.717982,0.1394214,-2.893092,-0.1992475,-0.83476,0.2375102,0.4550442,
1,3,16.86552,-1.714932,0.1531021,-2.902635,-0.2221034,-0.8362225,0.2233295,0.4489165,
1,3,16.87385,-1.712873,0.1599889,-2.906971,-0.2330663,-0.8364227,0.2147785,0.4471548,
1,3,16.88219,-1.709295,0.1731777,-2.914902,-0.2505824,-0.8357868,0.2007606,0.4453811,
1,3,16.89052,-1.706377,0.1859883,-2.922019,-0.2586887,-0.8398637,0.1830007,0.4407041,
1,3,16.89886,-1.705491,0.1912999,-2.92368,-0.2549906,-0.84319,0.1745373,0.4399401,
1,3,16.90719,-1.703069,0.2025337,-2.929152,-0.2651194,-0.8427787,0.1612651,0.4398061,
1,3,16.91552,-1.702048,0.2074756,-2.931044,-0.2678796,-0.8425044,0.1551676,0.4408512,
1,3,16.92385,-1.70009,0.2166402,-2.934113,-0.2685094,-0.8448902,0.1402995,0.4408847,
1,3,16.93219,-1.698156,0.2255795,-2.937011,-0.2703359,-0.8465676,0.1241415,0.4413963,
1,3,16.94052,-1.696819,0.2333647,-2.938625,-0.269383,-0.8482519,0.1082372,0.4429291,
1,3,16.94885,-1.695849,0.2407183,-2.939868,-0.2668476,-0.8503606,0.09324379,0.4438299,
1,3,16.95719,-1.696122,0.242386,-2.938904,-0.2618264,-0.8522664,0.08714979,0.4444028,
1,3,16.96552,-1.695921,0.2469193,-2.938437,-0.2593456,-0.8531246,0.07541592,0.4463529,
1,3,16.97385,-1.69595,0.2500866,-2.937376,-0.2571915,-0.853577,0.06416238,0.4484888,
1,3,16.98219,-1.697028,0.2504549,-2.935014,-0.2526568,-0.8533938,0.05535393,0.45257,
1,3,16.99052,-1.698198,0.2516395,-2.933211,-0.2468059,-0.8541131,0.04665536,0.455413,
1,3,16.99885,-1.699822,0.2495551,-2.931444,-0.239494,-0.8559811,0.04607999,0.4558681,
1,3,17.00719,-1.701666,0.2487299,-2.929227,-0.2301187,-0.8582072,0.04159916,0.4569414,
1,3,17.01552,-1.702962,0.2456107,-2.927316,-0.2227408,-0.8613697,0.04417109,0.4543982,
1,3,17.02386,-1.703966,0.2431335,-2.92439,-0.2153618,-0.8660507,0.04050761,0.4493715,
1,3,17.03219,-1.702482,0.2412021,-2.922477,-0.2215569,-0.867731,0.04047831,0.4430768,
1,3,17.04052,-1.697907,0.2392495,-2.921947,-0.263759,-0.8484678,0.0714827,0.4532372,
1,3,17.04885,-1.692042,0.2378327,-2.923254,-0.313659,-0.8180337,0.1362427,0.4624683,
1,3,17.05719,-1.683907,0.2397682,-2.923773,-0.3733934,-0.785962,0.1818591,0.458005,
1,3,17.06552,-1.674992,0.2449541,-2.921693,-0.4211423,-0.7616321,0.1933509,0.4529583,
1,3,17.07385,-1.667031,0.2551071,-2.917477,-0.4377332,-0.7603385,0.1783462,0.445497,
1,3,17.08219,-1.660633,0.2647541,-2.914297,-0.4503163,-0.758274,0.1698179,0.4397702,
1,3,17.09052,-1.657164,0.2766013,-2.91111,-0.444823,-0.7641252,0.1473221,0.44333,
1,3,17.09885,-1.64984,0.2904181,-2.907182,-0.462308,-0.7549231,0.1330446,0.4457146,
1,3,17.10719,-1.644917,0.3019313,-2.904244,-0.4756177,-0.7418433,0.1212663,0.4568926,
1,3,17.11552,-1.635831,0.3219085,-2.898947,-0.496522,-0.7210388,0.105768,0.4715741,
1,3,17.12385,-1.626342,0.3424579,-2.893089,-0.5084886,-0.70744,0.08621922,0.4832538,
1,3,17.13219,-1.615467,0.3638491,-2.886199,-0.5197464,-0.6922514,0.05848482,0.4972236,
1,3,17.14052,-1.603683,0.3846315,-2.878701,-0.5313548,-0.6774299,0.02493824,0.5080638,
1,3,17.14886,-1.59003,0.4048423,-2.869912,-0.53962,-0.6693721,-0.02052237,0.5102255,
1,3,17.15719,-1.575649,0.4226731,-2.860175,-0.5461968,-0.6651182,-0.06883839,0.5045277,
1,3,17.16552,-1.561715,0.4383433,-2.849705,-0.5517992,-0.6585507,-0.1148788,0.4986295,
1,3,17.17385,-1.548588,0.4534485,-2.83914,-0.5561014,-0.6476488,-0.1573581,0.4965286,
1,3,17.18219,-1.542571,0.4585356,-2.832888,-0.5572975,-0.6418191,-0.1768191,0.4962085,
1,3,17.19052,-1.530774,0.4708367,-2.821755,-0.5607904,-0.6287268,-0.2123447,0.4951025,
1,3,17.19885,-1.526758,0.4731575,-2.815728,-0.5653235,-0.6163641,-0.2217992,0.5013083,
1,3,17.20719,-1.518159,0.4812098,-2.804822,-0.5717883,-0.5951773,-0.2426788,0.5098326,
1,3,17.21552,-1.510242,0.4893835,-2.793891,-0.5743711,-0.5757697,-0.2639421,0.5185766,
1,4,17.22385,-1.509259,0.4909325,-2.78846,-0.5692812,-0.5718246,-0.2687299,0.5260417,TrialStart
1,4,17.23219,-1.505037,0.4968311,-2.777782,-0.5603458,-0.5635985,-0.2855789,0.5355505,
1,4,17.24052,-1.506272,0.4981109,-2.773298,-0.5496257,-0.5672904,-0.2850542,0.5429892,
1,4,17.24885,-1.507127,0.5019932,-2.765405,-0.5382599,-0.5674157,-0.2809509,0.5562215,
1,4,17.25719,-1.508859,0.5047183,-2.758836,-0.5324661,-0.5640817,-0.2729474,0.5690267,
1,4,17.26552,-1.511809,0.5063161,-2.753406,-0.5290022,-0.5628853,-0.2623606,0.5783457,
1,4,17.27386,-1.515583,0.5074294,-2.748497,-0.525575,-0.5639811,-0.2502503,0.5857227,
1,4,17.28219,-1.521369,0.5069247,-2.744486,-0.5212983,-0.5679886,-0.2364352,0.5913844,
1,4,17.29052,-1.527812,0.506294,-2.740025,-0.5110962,-0.5679107,-0.2239667,0.6050596,
1,4,17.29885,-1.534811,0.5051649,-2.735476,-0.4991582,-0.5588751,-0.2132158,0.6269282,
1,4,17.30719,-1.541418,0.5040657,-2.730719,-0.4861476,-0.5511174,-0.2036764,0.6468742,
1,4,17.31552,-1.545825,0.502292,-2.728734,-0.4765446,-0.54221,-0.1968157,0.6634585,
1,4,17.32385,-1.552305,0.4997056,-2.727818,-0.4860824,-0.5069991,-0.163211,0.6928478,
1,4,17.33219,-1.556769,0.4963033,-2.731368,-0.5159787,-0.5023946,-0.1270567,0.6820721,
1,4,17.34052,-1.559852,0.4930961,-2.733773,-0.5492142,-0.4595679,-0.09757938,0.6911147,
1,4,17.34885,-1.560114,0.4917098,-2.733677,-0.5560871,-0.473821,-0.1019708,0.6751762,
1,4,17.35719,-1.563782,0.4920406,-2.732687,-0.5288433,-0.5159372,-0.09767064,0.6667789,
1,4,17.36552,-1.568791,0.4921531,-2.730498,-0.5005388,-0.5435332,-0.08902669,0.6679124,
1,4,17.37385,-1.569468,0.4912803,-2.730981,-0.5074552,-0.5163666,-0.07858659,0.6853313,
1,4,17.38219,-1.569399,0.4912695,-2.730093,-0.507983,-0.5156264,-0.0955525,0.6833392,
1,4,17.39052,-1.570736,0.4910587,-2.729017,-0.509641,-0.4949176,-0.09738406,0.6970215,
1,4,17.39886,-1.571082,0.4908243,-2.728639,-0.5129874,-0.4805273,-0.1015217,0.7040106,
1,4,17.40719,-1.573062,0.4903105,-2.727975,-0.5133789,-0.4707802,-0.1009388,0.7103658,
1,4,17.41552,-1.574583,0.4902474,-2.727432,-0.5098937,-0.4898216,-0.09958451,0.7001187,
1,4,17.42385,-1.577019,0.4897371,-2.726969,-0.5099382,-0.4991976,-0.09581946,0.6939622,
1,4,17.43219,-1.577492,0.48934,-2.727007,-0.5137577,-0.5044241,-0.1004288,0.6866757,
1,4,17.44052,-1.577402,0.4889428,-2.726226,-0.5211362,-0.5024821,-0.1081582,0.6813447,
1,4,17.44885,-1.578894,0.4888177,-2.725461,-0.5237495,-0.5006714,-0.1104334,0.680308,
1,4,17.45719,-1.580765,0.4890082,-2.725247,-0.5245245,-0.4945693,-0.1039827,0.6851737,
1,4,17.46552,-1.582699,0.4889954,-2.724372,-0.5272806,-0.4892728,-0.1022708,0.6871158,
1,4,17.47385,-1.583722,0.4890535,-2.723867,-0.5307908,-0.4859141,-0.1039657,0.686542,
1,4,17.48219,-1.585879,0.4893731,-2.723192,-0.539054,-0.4789236,-0.1078302,0.6844162,
1,4,17.49052,-1.588451,0.4894714,-2.722341,-0.5457901,-0.4759994,-0.1121113,0.6804181,
1,4,17.49885,-1.590826,0.4899315,-2.722001,-0.5502981,-0.4729404,-0.1079636,0.6795906,
1,4,17.50719,-1.593801,0.4909508,-2.720926,-0.5563767,-0.4695928,-0.1060155,0.6772653,
1,4,17.51552,-1.594939,0.4918655,-2.720297,-0.5596582,-0.4621196,-0.1022225,0.6802785,
1,4,17.52386,-1.596349,0.4933017,-2.719401,-0.5669484,-0.451998,-0.100068,0.6813617,
1,4,17.53219,-1.596745,0.4945533,-2.718467,-0.5726336,-0.4501942,-0.1029953,0.6773538,
1,4,17.54052,-1.597051,0.4961081,-2.717038,-0.575448,-0.4434804,-0.1098863,0.678314,
1,4,17.54885,-1.598178,0.497492,-2.715945,-0.5798057,-0.4364241,-0.1131074,0.6786503,
1,4,17.55719,-1.598814,0.4986715,-2.715945,-0.5822275,-0.4313763,-0.1175701,0.6790456,
1,4,17.56552,-1.600766,0.501256,-2.715432,-0.5843739,-0.4150378,-0.1169129,0.6874463,
1,4,17.57385,-1.602054,0.5044686,-2.715022,-0.585704,-0.396743,-0.1174161,0.6969644,
1,4,17.58219,-1.603239,0.5076405,-2.714348,-0.5885202,-0.3839001,-0.1218443,0.7010127,
1,4,17.59052,-1.60427,0.5098326,-2.713967,-0.5858312,-0.3923109,-0.1259582,0.6978745,
1,4,17.59885,-1.606169,0.514387,-2.713695,-0.5868405,-0.3931178,-0.1302268,0.6957857,
1,4,17.60719,-1.607524,0.5187501,-2.713132,-0.5905606,-0.389593,-0.137412,0.6932341,
1,4,17.61552,-1.607927,0.5218737,-2.712604,-0.594735,-0.388528,-0.1449119,0.6887212,
1,4,17.62385,-1.609529,0.5274556,-2.712674,-0.6069533,-0.3777152,-0.1525215,0.6824047,
1,4,17.63219,-1.611045,0.5322006,-2.712256,-0.6132649,-0.3712705,-0.1595607,0.6786788,
1,4,17.64052,-1.612562,0.5369471,-2.711839,-0.6194896,-0.36477,-0.1665789,0.6748534,
1,4,17.64886,-1.613321,0.5393199,-2.71163,-0.6225677,-0.3615004,-0.1700784,0.6729044,
1,4,17.65719,-1.614837,0.5440655,-2.711213,-0.6286564,-0.3549221,-0.1770588,0.6689332,
1,4,17.66552,-1.616354,0.5488113,-2.710795,-0.634654,-0.3482924,-0.1840136,0.6648653,
1,4,17.67385,-1.617112,0.5511841,-2.710587,-0.6376184,-0.3449586,-0.187481,0.6627951,
1,4,17.68219,-1.618629,0.5559297,-2.71017,-0.6434778,-0.3382536,-0.1943955,0.6585828,
1,4,17.69052,-1.621073,0.5706691,-2.704449,-0.6534126,-0.4171335,-0.2240311,0.5906453,
1,4,17.69885,-1.44026,0,-2.565706,0,-0.3851266,0,0.9228638,
1,4,17.70719,-1.44026,0,-2.565706,0,-0.3851266,0,0.9228638,
1,4,17.71552,-1.44026,0,-2.565706,0,-0.3851266,0,0.9228638,
1,4,17.72276,-1.44026,0,-2.565706,0,-0.3851266,0,0.9228638,
1,4,17.7311,-1.44026,0,-2.565706,0,-0.3851266,0,0.9228638,
1,4,17.73943,-1.44026,0,-2.565706,0,-0.3851266,0,0.9228638,
1,4,17.74727,-1.44026,0,-2.565706,0,-0.3851266,0,0.9228638,
1,4,17.75532,-1.44026,0,-2.565706,0,-0.3851266,0,0.9228638,
1,4,17.76365,-1.44026,0,-2.565706,0,-0.3851266,0,0.9228638,
1,4,17.77199,-1.44026,0,-2.565706,0,-0.3851266,0,0.9228638,
1,4,17.78032,-1.649642,0.6167666,-2.695534,-0.6398658,-0.3274469,-0.1956286,0.667143,
1,4,17.78865,-1.654026,0.6233745,-2.694229,-0.6357943,-0.3224719,-0.1873631,0.6757756,
1,4,17.79699,-1.658411,0.6299826,-2.692924,-0.6316055,-0.3174374,-0.1790628,0.684284,
1,4,17.80532,-1.662795,0.6365907,-2.691619,-0.6273005,-0.3123444,-0.1707296,0.6926662,
1,4,17.81365,-1.667179,0.6431988,-2.690314,-0.6228799,-0.3071939,-0.1623649,0.7009211,
1,4,17.82199,-1.671564,0.6498069,-2.689009,-0.6183446,-0.3019868,-0.1539703,0.7090467,
1,4,17.83032,-1.667601,0.6399905,-2.66773,-0.6027387,-0.3351613,-0.293344,0.6620591,
1,4,17.83865,-1.673244,0.645528,-2.660477,-0.5822284,-0.3412018,-0.3016914,0.6734788,
1,4,17.84698,-1.673244,0.645528,-2.660477,-0.5822284,-0.3412018,-0.3016914,0.6734788,
1,4,17.85532,-1.673244,0.645528,-2.660477,-0.5822284,-0.3412018,-0.3016914,0.6734788,
1,4,17.86365,-1.673244,0.645528,-2.660477,-0.5822284,-0.3412018,-0.3016914,0.6734788,
1,4,17.87198,-1.673244,0.645528,-2.660477,-0.5822284,-0.3412018,-0.3016914,0.6734788,
1,4,17.88032,-1.673244,0.645528,-2.660477,-0.5822284,-0.3412018,-0.3016914,0.6734788,
1,4,17.88829,-1.673244,0.645528,-2.660477,-0.5822284,-0.3412018,-0.3016914,0.6734788,
1,4,17.89662,-1.673244,0.645528,-2.660477,-0.5822284,-0.3412018,-0.3016914,0.6734788,
1,4,17.90463,-1.673244,0.645528,-2.660477,-0.5822284,-0.3412018,-0.3016914,0.6734788,
1,4,17.91272,-1.673244,0.645528,-2.660477,-0.5822284,-0.3412018,-0.3016914,0.6734788,
1,4,17.92105,-1.673244,0.645528,-2.660477,-0.5822284,-0.3412018,-0.3016914,0.6734788,
1,4,17.92938,-1.673244,0.645528,-2.660477,-0.5822284,-0.3412018,-0.3016914,0.6734788,
1,4,17.93772,-1.673244,0.645528,-2.660477,-0.5822284,-0.3412018,-0.3016914,0.6734788,
1,4,17.94592,-1.673244,0.645528,-2.660477,-0.5822284,-0.3412018,-0.3016914,0.6734788,
1,4,17.95404,-1.673244,0.645528,-2.660477,-0.5822284,-0.3412018,-0.3016914,0.6734788,
1,4,17.96184,-1.673244,0.645528,-2.660477,-0.5822284,-0.3412018,-0.3016914,0.6734788,
1,4,17.97017,-1.673244,0.645528,-2.660477,-0.5822284,-0.3412018,-0.3016914,0.6734788,
1,4,17.97851,-1.673244,0.645528,-2.660477,-0.5822284,-0.3412018,-0.3016914,0.6734788,
1,4,17.98684,-1.673244,0.645528,-2.660477,-0.5822284,-0.3412018,-0.3016914,0.6734788,
1,4,17.99487,-1.673244,0.645528,-2.660477,-0.5822284,-0.3412018,-0.3016914,0.6734788,
1,4,18.00282,-1.673244,0.645528,-2.660477,-0.5822284,-0.3412018,-0.3016914,0.6734788,
1,4,18.01115,-1.673244,0.645528,-2.660477,-0.5822284,-0.3412018,-0.3016914,0.6734788,
1,4,18.01948,-1.673244,0.645528,-2.660477,-0.5822284,-0.3412018,-0.3016914,0.6734788,
1,4,18.02771,-1.673244,0.645528,-2.660477,-0.5822284,-0.3412018,-0.3016914,0.6734788,
1,4,18.03589,-1.673244,0.645528,-2.660477,-0.5822284,-0.3412018,-0.3016914,0.6734788,
1,4,18.04423,-1.673244,0.645528,-2.660477,-0.5822284,-0.3412018,-0.3016914,0.6734788,
1,4,18.05243,-1.673244,0.645528,-2.660477,-0.5822284,-0.3412018,-0.3016914,0.6734788,
1,4,18.06037,-1.673244,0.645528,-2.660477,-0.5822284,-0.3412018,-0.3016914,0.6734788,
1,4,18.06833,-1.673244,0.645528,-2.660477,-0.5822284,-0.3412018,-0.3016914,0.6734788,
1,4,18.07655,-1.673244,0.645528,-2.660477,-0.5822284,-0.3412018,-0.3016914,0.6734788,
1,4,18.08486,-1.673244,0.645528,-2.660477,-0.5822284,-0.3412018,-0.3016914,0.6734788,
1,4,18.09279,-1.673244,0.645528,-2.660477,-0.5822284,-0.3412018,-0.3016914,0.6734788,
1,4,18.10062,-1.673244,0.645528,-2.660477,-0.5822284,-0.3412018,-0.3016914,0.6734788,
1,4,18.10876,-1.673244,0.645528,-2.660477,-0.5822284,-0.3412018,-0.3016914,0.6734788,
1,4,18.11681,-1.673244,0.645528,-2.660477,-0.5822284,-0.3412018,-0.3016914,0.6734788,
1,4,18.12514,-1.673244,0.645528,-2.660477,-0.5822284,-0.3412018,-0.3016914,0.6734788,
1,4,18.13348,-1.673244,0.645528,-2.660477,-0.5822284,-0.3412018,-0.3016914,0.6734788,
1,4,18.1414,-1.673244,0.645528,-2.660477,-0.5822284,-0.3412018,-0.3016914,0.6734788,
1,4,18.14956,-1.673244,0.645528,-2.660477,-0.5822284,-0.3412018,-0.3016914,0.6734788,
1,4,18.15743,-1.673244,0.645528,-2.660477,-0.5822284,-0.3412018,-0.3016914,0.6734788,
1,4,18.16577,-1.673244,0.645528,-2.660477,-0.5822284,-0.3412018,-0.3016914,0.6734788,
1,4,18.17374,-1.673244,0.645528,-2.660477,-0.5822284,-0.3412018,-0.3016914,0.6734788,
1,4,18.18205,-1.673244,0.645528,-2.660477,-0.5822284,-0.3412018,-0.3016914,0.6734788,
1,4,18.19029,-1.673244,0.645528,-2.660477,-0.5822284,-0.3412018,-0.3016914,0.6734788,
1,4,18.19847,-1.673244,0.645528,-2.660477,-0.5822284,-0.3412018,-0.3016914,0.6734788,
1,4,18.20667,-1.673244,0.645528,-2.660477,-0.5822284,-0.3412018,-0.3016914,0.6734788,
1,4,18.215,-1.673244,0.645528,-2.660477,-0.5822284,-0.3412018,-0.3016914,0.6734788,
1,4,18.22333,-1.673244,0.645528,-2.660477,-0.5822284,-0.3412018,-0.3016914,0.6734788,
1,4,18.23135,-1.673244,0.645528,-2.660477,-0.5822284,-0.3412018,-0.3016914,0.6734788,
1,4,18.23928,-1.673244,0.645528,-2.660477,-0.5822284,-0.3412018,-0.3016914,0.6734788,
1,4,18.24718,-1.673244,0.645528,-2.660477,-0.5822284,-0.3412018,-0.3016914,0.6734788,
1,4,18.25505,-1.673244,0.645528,-2.660477,-0.5822284,-0.3412018,-0.3016914,0.6734788,
1,4,18.26338,-1.673244,0.645528,-2.660477,-0.5822284,-0.3412018,-0.3016914,0.6734788,
1,4,18.27172,-1.673244,0.645528,-2.660477,-0.5822284,-0.3412018,-0.3016914,0.6734788,
1,4,18.27965,-1.673244,0.645528,-2.660477,-0.5822284,-0.3412018,-0.3016914,0.6734788,
1,4,18.28791,-1.673244,0.645528,-2.660477,-0.5822284,-0.3412018,-0.3016914,0.6734788,
1,4,18.29579,-1.673244,0.645528,-2.660477,-0.5822284,-0.3412018,-0.3016914,0.6734788,
1,4,18.30362,-1.673244,0.645528,-2.660477,-0.5822284,-0.3412018,-0.3016914,0.6734788,
1,4,18.31195,-1.673244,0.645528,-2.660477,-0.5822284,-0.3412018,-0.3016914,0.6734788,
1,4,18.32028,-1.673244,0.645528,-2.660477,-0.5822284,-0.3412018,-0.3016914,0.6734788,
1,4,18.32831,-1.673244,0.645528,-2.660477,-0.5822284,-0.3412018,-0.3016914,0.6734788,
1,4,18.33661,-1.673244,0.645528,-2.660477,-0.5822284,-0.3412018,-0.3016914,0.6734788,
1,4,18.34494,-1.673244,0.645528,-2.660477,-0.5822284,-0.3412018,-0.3016914,0.6734788,
1,4,18.3532,-1.673244,0.645528,-2.660477,-0.5822284,-0.3412018,-0.3016914,0.6734788,
1,4,18.36153,-1.673244,0.645528,-2.660477,-0.5822284,-0.3412018,-0.3016914,0.6734788,
1,4,18.36987,-1.673244,0.645528,-2.660477,-0.5822284,-0.3412018,-0.3016914,0.6734788,
1,4,18.3782,-1.673244,0.645528,-2.660477,-0.5822284,-0.3412018,-0.3016914,0.6734788,
1,4,18.38653,-1.673244,0.645528,-2.660477,-0.5822284,-0.3412018,-0.3016914,0.6734788,
1,4,18.39487,-1.673244,0.645528,-2.660477,-0.5822284,-0.3412018,-0.3016914,0.6734788,
1,4,18.4032,-1.673244,0.645528,-2.660477,-0.5822284,-0.3412018,-0.3016914,0.6734788,
1,4,18.41149,-1.673244,0.645528,-2.660477,-0.5822284,-0.3412018,-0.3016914,0.6734788,
1,4,18.41982,-1.673244,0.645528,-2.660477,-0.5822284,-0.3412018,-0.3016914,0.6734788,
1,4,18.42809,-1.673244,0.645528,-2.660477,-0.5822284,-0.3412018,-0.3016914,0.6734788,
1,4,18.43617,-1.673244,0.645528,-2.660477,-0.5822284,-0.3412018,-0.3016914,0.6734788,
1,4,18.44422,-1.673244,0.645528,-2.660477,-0.5822284,-0.3412018,-0.3016914,0.6734788,
1,4,18.45212,-1.673244,0.645528,-2.660477,-0.5822284,-0.3412018,-0.3016914,0.6734788,
1,4,18.46045,-1.673244,0.645528,-2.660477,-0.5822284,-0.3412018,-0.3016914,0.6734788,
1,4,18.46872,-1.673244,0.645528,-2.660477,-0.5822284,-0.3412018,-0.3016914,0.6734788,
1,4,18.47666,-1.673244,0.645528,-2.660477,-0.5822284,-0.3412018,-0.3016914,0.6734788,
1,4,18.48493,-1.673244,0.645528,-2.660477,-0.5822284,-0.3412018,-0.3016914,0.6734788,
1,4,18.49292,-1.673244,0.645528,-2.660477,-0.5822284,-0.3412018,-0.3016914,0.6734788,
1,4,18.50126,-1.673244,0.645528,-2.660477,-0.5822284,-0.3412018,-0.3016914,0.6734788,
1,4,18.50951,-1.673244,0.645528,-2.660477,-0.5822284,-0.3412018,-0.3016914,0.6734788,
1,4,18.51772,-1.673244,0.645528,-2.660477,-0.5822284,-0.3412018,-0.3016914,0.6734788,
1,4,18.52591,-1.673244,0.645528,-2.660477,-0.5822284,-0.3412018,-0.3016914,0.6734788,
1,4,18.53409,-1.673244,0.645528,-2.660477,-0.5822284,-0.3412018,-0.3016914,0.6734788,
1,4,18.54199,-1.673244,0.645528,-2.660477,-0.5822284,-0.3412018,-0.3016914,0.6734788,
1,4,18.55002,-1.673244,0.645528,-2.660477,-0.5822284,-0.3412018,-0.3016914,0.6734788,
1,4,18.55789,-1.673244,0.645528,-2.660477,-0.5822284,-0.3412018,-0.3016914,0.6734788,
1,4,18.56593,-1.673244,0.645528,-2.660477,-0.5822284,-0.3412018,-0.3016914,0.6734788,
1,4,18.57426,-1.673244,0.645528,-2.660477,-0.5822284,-0.3412018,-0.3016914,0.6734788,
1,4,18.58242,-1.673244,0.645528,-2.660477,-0.5822284,-0.3412018,-0.3016914,0.6734788,
1,4,18.59053,-1.673244,0.645528,-2.660477,-0.5822284,-0.3412018,-0.3016914,0.6734788,
1,4,18.59828,-1.673244,0.645528,-2.660477,-0.5822284,-0.3412018,-0.3016914,0.6734788,
1,4,18.60661,-1.673244,0.645528,-2.660477,-0.5822284,-0.3412018,-0.3016914,0.6734788,
1,4,18.61494,-1.673244,0.645528,-2.660477,-0.5822284,-0.3412018,-0.3016914,0.6734788,
1,4,18.62325,-1.673244,0.645528,-2.660477,-0.5822284,-0.3412018,-0.3016914,0.6734788,
1,4,18.63158,-1.673244,0.645528,-2.660477,-0.5822284,-0.3412018,-0.3016914,0.6734788,
1,4,18.63963,-1.673244,0.645528,-2.660477,-0.5822284,-0.3412018,-0.3016914,0.6734788,
1,4,18.64768,-1.673244,0.645528,-2.660477,-0.5822284,-0.3412018,-0.3016914,0.6734788,
1,4,18.65595,-1.673244,0.645528,-2.660477,-0.5822284,-0.3412018,-0.3016914,0.6734788,
1,4,18.66387,-1.673244,0.645528,-2.660477,-0.5822284,-0.3412018,-0.3016914,0.6734788,
1,4,18.67196,-1.673244,0.645528,-2.660477,-0.5822284,-0.3412018,-0.3016914,0.6734788,
1,4,18.68029,-1.673244,0.645528,-2.660477,-0.5822284,-0.3412018,-0.3016914,0.6734788,
1,4,18.68863,-1.673244,0.645528,-2.660477,-0.5822284,-0.3412018,-0.3016914,0.6734788,
1,4,18.69661,-1.673244,0.645528,-2.660477,-0.5822284,-0.3412018,-0.3016914,0.6734788,
1,4,18.70482,-1.673244,0.645528,-2.660477,-0.5822284,-0.3412018,-0.3016914,0.6734788,
1,4,18.71304,-1.673244,0.645528,-2.660477,-0.5822284,-0.3412018,-0.3016914,0.6734788,
1,4,18.72072,-1.673244,0.645528,-2.660477,-0.5822284,-0.3412018,-0.3016914,0.6734788,
1,4,18.72893,-1.673244,0.645528,-2.660477,-0.5822284,-0.3412018,-0.3016914,0.6734788,
1,4,18.73716,-1.673244,0.645528,-2.660477,-0.5822284,-0.3412018,-0.3016914,0.6734788,
1,4,18.74519,-1.673244,0.645528,-2.660477,-0.5822284,-0.3412018,-0.3016914,0.6734788,
1,4,18.75326,-1.673244,0.645528,-2.660477,-0.5822284,-0.3412018,-0.3016914,0.6734788,
1,4,18.76159,-1.673244,0.645528,-2.660477,-0.5822284,-0.3412018,-0.3016914,0.6734788,
1,4,18.76992,-1.673244,0.645528,-2.660477,-0.5822284,-0.3412018,-0.3016914,0.6734788,
1,4,18.77794,-1.673244,0.645528,-2.660477,-0.5822284,-0.3412018,-0.3016914,0.6734788,
1,4,18.78595,-1.673244,0.645528,-2.660477,-0.5822284,-0.3412018,-0.3016914,0.6734788,
1,4,18.79411,-1.673244,0.645528,-2.660477,-0.5822284,-0.3412018,-0.3016914,0.6734788,
1,4,18.80244,-1.673244,0.645528,-2.660477,-0.5822284,-0.3412018,-0.3016914,0.6734788,
1,4,18.81034,-1.673244,0.645528,-2.660477,-0.5822284,-0.3412018,-0.3016914,0.6734788,
1,4,18.81867,-1.673244,0.645528,-2.660477,-0.5822284,-0.3412018,-0.3016914,0.6734788,
1,4,18.827,-1.673244,0.645528,-2.660477,-0.5822284,-0.3412018,-0.3016914,0.6734788,
1,4,18.83498,-1.673244,0.645528,-2.660477,-0.5822284,-0.3412018,-0.3016914,0.6734788,
1,4,18.84303,-1.673244,0.645528,-2.660477,-0.5822284,-0.3412018,-0.3016914,0.6734788,
1,4,18.85081,-1.673244,0.645528,-2.660477,-0.5822284,-0.3412018,-0.3016914,0.6734788,
1,4,18.85913,-1.673244,0.645528,-2.660477,-0.5822284,-0.3412018,-0.3016914,0.6734788,
1,4,18.86732,-1.673244,0.645528,-2.660477,-0.5822284,-0.3412018,-0.3016914,0.6734788,
1,4,18.87524,-1.673244,0.645528,-2.660477,-0.5822284,-0.3412018,-0.3016914,0.6734788,
1,4,18.88339,-1.673244,0.645528,-2.660477,-0.5822284,-0.3412018,-0.3016914,0.6734788,
1,4,18.89148,-1.673244,0.645528,-2.660477,-0.5822284,-0.3412018,-0.3016914,0.6734788,
1,4,18.89931,-1.673244,0.645528,-2.660477,-0.5822284,-0.3412018,-0.3016914,0.6734788,
1,4,18.90748,-1.673244,0.645528,-2.660477,-0.5822284,-0.3412018,-0.3016914,0.6734788,
1,4,18.91553,-1.673244,0.645528,-2.660477,-0.5822284,-0.3412018,-0.3016914,0.6734788,
1,4,18.92386,-1.673244,0.645528,-2.660477,-0.5822284,-0.3412018,-0.3016914,0.6734788,
1,4,18.93185,-1.673244,0.645528,-2.660477,-0.5822284,-0.3412018,-0.3016914,0.6734788,
1,4,18.93987,-1.673244,0.645528,-2.660477,-0.5822284,-0.3412018,-0.3016914,0.6734788,
1,4,18.9482,-1.673244,0.645528,-2.660477,-0.5822284,-0.3412018,-0.3016914,0.6734788,
1,4,18.95653,-1.673244,0.645528,-2.660477,-0.5822284,-0.3412018,-0.3016914,0.6734788,
1,4,18.96482,-1.673244,0.645528,-2.660477,-0.5822284,-0.3412018,-0.3016914,0.6734788,
1,4,18.97315,-1.673244,0.645528,-2.660477,-0.5822284,-0.3412018,-0.3016914,0.6734788,
1,4,18.98142,-1.673244,0.645528,-2.660477,-0.5822284,-0.3412018,-0.3016914,0.6734788,
1,4,18.98966,-1.673244,0.645528,-2.660477,-0.5822284,-0.3412018,-0.3016914,0.6734788,
1,4,18.99764,-1.673244,0.645528,-2.660477,-0.5822284,-0.3412018,-0.3016914,0.6734788,
1,4,19.00569,-1.673244,0.645528,-2.660477,-0.5822284,-0.3412018,-0.3016914,0.6734788,
1,4,19.01368,-1.673244,0.645528,-2.660477,-0.5822284,-0.3412018,-0.3016914,0.6734788,
1,4,19.02158,-1.673244,0.645528,-2.660477,-0.5822284,-0.3412018,-0.3016914,0.6734788,
1,4,19.02976,-1.673244,0.645528,-2.660477,-0.5822284,-0.3412018,-0.3016914,0.6734788,
1,4,19.0381,-1.673244,0.645528,-2.660477,-0.5822284,-0.3412018,-0.3016914,0.6734788,
1,4,19.04596,-1.673244,0.645528,-2.660477,-0.5822284,-0.3412018,-0.3016914,0.6734788,
1,4,19.05416,-1.673244,0.645528,-2.660477,-0.5822284,-0.3412018,-0.3016914,0.6734788,
1,4,19.06208,-1.673244,0.645528,-2.660477,-0.5822284,-0.3412018,-0.3016914,0.6734788,
1,4,19.06995,-1.673244,0.645528,-2.660477,-0.5822284,-0.3412018,-0.3016914,0.6734788,
1,4,19.07785,-1.673244,0.645528,-2.660477,-0.5822284,-0.3412018,-0.3016914,0.6734788,
1,4,19.08583,-1.673244,0.645528,-2.660477,-0.5822284,-0.3412018,-0.3016914,0.6734788,
1,4,19.09381,-1.673244,0.645528,-2.660477,-0.5822284,-0.3412018,-0.3016914,0.6734788,
1,4,19.10214,-1.673244,0.645528,-2.660477,-0.5822284,-0.3412018,-0.3016914,0.6734788,
1,4,19.11023,-1.673244,0.645528,-2.660477,-0.5822284,-0.3412018,-0.3016914,0.6734788,
1,4,19.11857,-1.673244,0.645528,-2.660477,-0.5822284,-0.3412018,-0.3016914,0.6734788,
1,4,19.12665,-1.673244,0.645528,-2.660477,-0.5822284,-0.3412018,-0.3016914,0.6734788,
1,4,19.13469,-1.673244,0.645528,-2.660477,-0.5822284,-0.3412018,-0.3016914,0.6734788,
1,4,19.14252,-1.673244,0.645528,-2.660477,-0.5822284,-0.3412018,-0.3016914,0.6734788,
1,4,19.15086,-1.673244,0.645528,-2.660477,-0.5822284,-0.3412018,-0.3016914,0.6734788,
1,4,19.15919,-1.673244,0.645528,-2.660477,-0.5822284,-0.3412018,-0.3016914,0.6734788,
1,4,19.1671,-1.673244,0.645528,-2.660477,-0.5822284,-0.3412018,-0.3016914,0.6734788,
1,4,19.17543,-1.673244,0.645528,-2.660477,-0.5822284,-0.3412018,-0.3016914,0.6734788,
1,4,19.18317,-1.673244,0.645528,-2.660477,-0.5822284,-0.3412018,-0.3016914,0.6734788,
1,4,19.19116,-1.673244,0.645528,-2.660477,-0.5822284,-0.3412018,-0.3016914,0.6734788,
1,4,19.19949,-1.673244,0.645528,-2.660477,-0.5822284,-0.3412018,-0.3016914,0.6734788,
1,4,19.20736,-1.673244,0.645528,-2.660477,-0.5822284,-0.3412018,-0.3016914,0.6734788,
1,4,19.2152,-1.673244,0.645528,-2.660477,-0.5822284,-0.3412018,-0.3016914,0.6734788,
1,4,19.22314,-1.673244,0.645528,-2.660477,-0.5822284,-0.3412018,-0.3016914,0.6734788,
1,4,19.23147,-1.673244,0.645528,-2.660477,-0.5822284,-0.3412018,-0.3016914,0.6734788,TargetExpired
1,4,19.23981,-1.673244,0.645528,-2.660477,-0.5822284,-0.3412018,-0.3016914,0.6734788,
1,4,19.24789,-1.673244,0.645528,-2.660477,-0.5822284,-0.3412018,-0.3016914,0.6734788,
1,4,19.25623,-1.673244,0.645528,-2.660477,-0.5822284,-0.3412018,-0.3016914,0.6734788,
1,4,19.26456,-1.673244,0.645528,-2.660477,-0.5822284,-0.3412018,-0.3016914,0.6734788,
1,4,19.27259,-1.673244,0.645528,-2.660477,-0.5822284,-0.3412018,-0.3016914,0.6734788,
1,4,19.28053,-1.673244,0.645528,-2.660477,-0.5822284,-0.3412018,-0.3016914,0.6734788,
1,4,19.28887,-1.673244,0.645528,-2.660477,-0.5822284,-0.3412018,-0.3016914,0.6734788,
1,4,19.29713,-1.673244,0.645528,-2.660477,-0.5822284,-0.3412018,-0.3016914,0.6734788,
1,4,19.30528,-1.673244,0.645528,-2.660477,-0.5822284,-0.3412018,-0.3016914,0.6734788,
1,4,19.31362,-1.673244,0.645528,-2.660477,-0.5822284,-0.3412018,-0.3016914,0.6734788,
1,4,19.32183,-1.673244,0.645528,-2.660477,-0.5822284,-0.3412018,-0.3016914,0.6734788,
1,4,19.33016,-1.673244,0.645528,-2.660477,-0.5822284,-0.3412018,-0.3016914,0.6734788,
1,4,19.33838,-1.673244,0.645528,-2.660477,-0.5822284,-0.3412018,-0.3016914,0.6734788,
1,4,19.34672,-1.673244,0.645528,-2.660477,-0.5822284,-0.3412018,-0.3016914,0.6734788,
1,4,19.35505,-1.673244,0.645528,-2.660477,-0.5822284,-0.3412018,-0.3016914,0.6734788,
1,4,19.36333,-1.673244,0.645528,-2.660477,-0.5822284,-0.3412018,-0.3016914,0.6734788,
1,4,19.37166,-1.673244,0.645528,-2.660477,-0.5822284,-0.3412018,-0.3016914,0.6734788,
1,4,19.37975,-1.673244,0.645528,-2.660477,-0.5822284,-0.3412018,-0.3016914,0.6734788,
1,4,19.3879,-1.673244,0.645528,-2.660477,-0.5822284,-0.3412018,-0.3016914,0.6734788,
1,4,19.39574,-1.673244,0.645528,-2.660477,-0.5822284,-0.3412018,-0.3016914,0.6734788,
1,4,19.40356,-1.673244,0.645528,-2.660477,-0.5822284,-0.3412018,-0.3016914,0.6734788,
1,4,19.41144,-1.673244,0.645528,-2.660477,-0.5822284,-0.3412018,-0.3016914,0.6734788,
1,4,19.41978,-1.673244,0.645528,-2.660477,-0.5822284,-0.3412018,-0.3016914,0.6734788,
1,4,19.42811,-1.673244,0.645528,-2.660477,-0.5822284,-0.3412018,-0.3016914,0.6734788,
1,4,19.43644,-1.673244,0.645528,-2.660477,-0.5822284,-0.3412018,-0.3016914,0.6734788,
1,4,19.44477,-1.673244,0.645528,-2.660477,-0.5822284,-0.3412018,-0.3016914,0.6734788,
1,4,19.45251,-1.673244,0.645528,-2.660477,-0.5822284,-0.3412018,-0.3016914,0.6734788,
1,4,19.46032,-1.673244,0.645528,-2.660477,-0.5822284,-0.3412018,-0.3016914,0.6734788,
1,4,19.46865,-1.673244,0.645528,-2.660477,-0.5822284,-0.3412018,-0.3016914,0.6734788,
1,4,19.47693,-1.673244,0.645528,-2.660477,-0.5822284,-0.3412018,-0.3016914,0.6734788,
1,4,19.48527,-1.673244,0.645528,-2.660477,-0.5822284,-0.3412018,-0.3016914,0.6734788,
1,4,19.4936,-1.673244,0.645528,-2.660477,-0.5822284,-0.3412018,-0.3016914,0.6734788,
1,4,19.50162,-1.673244,0.645528,-2.660477,-0.5822284,-0.3412018,-0.3016914,0.6734788,
1,4,19.50934,-1.673244,0.645528,-2.660477,-0.5822284,-0.3412018,-0.3016914,0.6734788,
1,4,19.51738,-1.673244,0.645528,-2.660477,-0.5822284,-0.3412018,-0.3016914,0.6734788,
1,4,19.52572,-1.673244,0.645528,-2.660477,-0.5822284,-0.3412018,-0.3016914,0.6734788,
1,4,19.53405,-1.673244,0.645528,-2.660477,-0.5822284,-0.3412018,-0.3016914,0.6734788,
1,4,19.54237,-1.673244,0.645528,-2.660477,-0.5822284,-0.3412018,-0.3016914,0.6734788,
1,4,19.5506,-1.673244,0.645528,-2.660477,-0.5822284,-0.3412018,-0.3016914,0.6734788,
1,4,19.55893,-1.673244,0.645528,-2.660477,-0.5822284,-0.3412018,-0.3016914,0.6734788,
1,4,19.56709,-1.673244,0.645528,-2.660477,-0.5822284,-0.3412018,-0.3016914,0.6734788,
1,4,19.57504,-1.673244,0.645528,-2.660477,-0.5822284,-0.3412018,-0.3016914,0.6734788,
1,4,19.58332,-1.673244,0.645528,-2.660477,-0.5822284,-0.3412018,-0.3016914,0.6734788,
1,4,19.59165,-1.673244,0.645528,-2.660477,-0.5822284,-0.3412018,-0.3016914,0.6734788,
1,4,19.59975,-1.673244,0.645528,-2.660477,-0.5822284,-0.3412018,-0.3016914,0.6734788,
1,4,19.60756,-1.673244,0.645528,-2.660477,-0.5822284,-0.3412018,-0.3016914,0.6734788,
1,4,19.61558,-1.673244,0.645528,-2.660477,-0.5822284,-0.3412018,-0.3016914,0.6734788,
1,4,19.62364,-1.673244,0.645528,-2.660477,-0.5822284,-0.3412018,-0.3016914,0.6734788,
1,4,19.63152,-1.673244,0.645528,-2.660477,-0.5822284,-0.3412018,-0.3016914,0.6734788,
1,4,19.63985,-1.673244,0.645528,-2.660477,-0.5822284,-0.3412018,-0.3016914,0.6734788,
1,4,19.64802,-1.673244,0.645528,-2.660477,-0.5822284,-0.3412018,-0.3016914,0.6734788,
1,4,19.65635,-1.673244,0.645528,-2.660477,-0.5822284,-0.3412018,-0.3016914,0.6734788,
1,4,19.66444,-1.673244,0.645528,-2.660477,-0.5822284,-0.3412018,-0.3016914,0.6734788,
1,4,19.67277,-1.673244,0.645528,-2.660477,-0.5822284,-0.3412018,-0.3016914,0.6734788,
1,4,19.6811,-1.673244,0.645528,-2.660477,-0.5822284,-0.3412018,-0.3016914,0.6734788,
1,4,19.68937,-1.673244,0.645528,-2.660477,-0.5822284,-0.3412018,-0.3016914,0.6734788,
1,4,19.69771,-1.673244,0.645528,-2.660477,-0.5822284,-0.3412018,-0.3016914,0.6734788,
1,4,19.70604,-1.673244,0.645528,-2.660477,-0.5822284,-0.3412018,-0.3016914,0.6734788,
1,4,19.71436,-1.673244,0.645528,-2.660477,-0.5822284,-0.3412018,-0.3016914,0.6734788,
1,4,19.72254,-1.673244,0.645528,-2.660477,-0.5822284,-0.3412018,-0.3016914,0.6734788,
1,4,19.73051,-1.673244,0.645528,-2.660477,-0.5822284,-0.3412018,-0.3016914,0.6734788,
1,4,19.73885,-1.673244,0.645528,-2.660477,-0.5822284,-0.3412018,-0.3016914,0.6734788,
1,4,19.74692,-1.673244,0.645528,-2.660477,-0.5822284,-0.3412018,-0.3016914,0.6734788,
1,4,19.75525,-1.673244,0.645528,-2.660477,-0.5822284,-0.3412018,-0.3016914,0.6734788,
1,4,19.7633,-1.673244,0.645528,-2.660477,-0.5822284,-0.3412018,-0.3016914,0.6734788,
1,4,19.77143,-1.673244,0.645528,-2.660477,-0.5822284,-0.3412018,-0.3016914,0.6734788,
1,4,19.77951,-1.673244,0.645528,-2.660477,-0.5822284,-0.3412018,-0.3016914,0.6734788,
1,4,19.78775,-1.673244,0.645528,-2.660477,-0.5822284,-0.3412018,-0.3016914,0.6734788,
1,4,19.79605,-1.673244,0.645528,-2.660477,-0.5822284,-0.3412018,-0.3016914,0.6734788,
1,4,19.80398,-1.673244,0.645528,-2.660477,-0.5822284,-0.3412018,-0.3016914,0.6734788,
1,4,19.81172,-1.673244,0.645528,-2.660477,-0.5822284,-0.3412018,-0.3016914,0.6734788,
1,4,19.81989,-1.673244,0.645528,-2.660477,-0.5822284,-0.3412018,-0.3016914,0.6734788,
1,4,19.82763,-1.673244,0.645528,-2.660477,-0.5822284,-0.3412018,-0.3016914,0.6734788,
1,4,19.83579,-1.673244,0.645528,-2.660477,-0.5822284,-0.3412018,-0.3016914,0.6734788,
1,4,19.84396,-1.673244,0.645528,-2.660477,-0.5822284,-0.3412018,-0.3016914,0.6734788,
1,4,19.8523,-1.673244,0.645528,-2.660477,-0.5822284,-0.3412018,-0.3016914,0.6734788,
1,4,19.86058,-1.673244,0.645528,-2.660477,-0.5822284,-0.3412018,-0.3016914,0.6734788,
1,4,19.86892,-1.673244,0.645528,-2.660477,-0.5822284,-0.3412018,-0.3016914,0.6734788,
1,4,19.87699,-1.673244,0.645528,-2.660477,-0.5822284,-0.3412018,-0.3016914,0.6734788,
1,4,19.88487,-1.673244,0.645528,-2.660477,-0.5822284,-0.3412018,-0.3016914,0.6734788,
1,4,19.89321,-1.673244,0.645528,-2.660477,-0.5822284,-0.3412018,-0.3016914,0.6734788,
1,4,19.90153,-1.673244,0.645528,-2.660477,-0.5822284,-0.3412018,-0.3016914,0.6734788,
1,4,19.90964,-1.673244,0.645528,-2.660477,-0.5822284,-0.3412018,-0.3016914,0.6734788,
1,4,19.91764,-1.673244,0.645528,-2.660477,-0.5822284,-0.3412018,-0.3016914,0.6734788,
1,4,19.92552,-1.673244,0.645528,-2.660477,-0.5822284,-0.3412018,-0.3016914,0.6734788,
1,4,19.93335,-1.673244,0.645528,-2.660477,-0.5822284,-0.3412018,-0.3016914,0.6734788,
1,4,19.94154,-1.673244,0.645528,-2.660477,-0.5822284,-0.3412018,-0.3016914,0.6734788,
1,4,19.94957,-1.673244,0.645528,-2.660477,-0.5822284,-0.3412018,-0.3016914,0.6734788,
1,4,19.95784,-1.673244,0.645528,-2.660477,-0.5822284,-0.3412018,-0.3016914,0.6734788,
1,4,19.96618,-1.673244,0.645528,-2.660477,-0.5822284,-0.3412018,-0.3016914,0.6734788,
1,4,19.97432,-1.673244,0.645528,-2.660477,-0.5822284,-0.3412018,-0.3016914,0.6734788,
1,4,19.98266,-1.673244,0.645528,-2.660477,-0.5822284,-0.3412018,-0.3016914,0.6734788,
1,4,19.99099,-1.673244,0.645528,-2.660477,-0.5822284,-0.3412018,-0.3016914,0.6734788,
1,4,19.99897,-1.673244,0.645528,-2.660477,-0.5822284,-0.3412018,-0.3016914,0.6734788,
1,4,20.00697,-1.673244,0.645528,-2.660477,-0.5822284,-0.3412018,-0.3016914,0.6734788,
1,4,20.0153,-1.673244,0.645528,-2.660477,-0.5822284,-0.3412018,-0.3016914,0.6734788,
1,4,20.02363,-1.673244,0.645528,-2.660477,-0.5822284,-0.3412018,-0.3016914,0.6734788,
1,4,20.03197,-1.673244,0.645528,-2.660477,-0.5822284,-0.3412018,-0.3016914,0.6734788,
1,4,20.0403,-1.673244,0.645528,-2.660477,-0.5822284,-0.3412018,-0.3016914,0.6734788,
1,4,20.04863,-1.673244,0.645528,-2.660477,-0.5822284,-0.3412018,-0.3016914,0.6734788,
1,4,20.05697,-1.673244,0.645528,-2.660477,-0.5822284,-0.3412018,-0.3016914,0.6734788,
1,4,20.0647,-1.673244,0.645528,-2.660477,-0.5822284,-0.3412018,-0.3016914,0.6734788,
1,4,20.07285,-1.673244,0.645528,-2.660477,-0.5822284,-0.3412018,-0.3016914,0.6734788,
1,4,20.08076,-1.673244,0.645528,-2.660477,-0.5822284,-0.3412018,-0.3016914,0.6734788,
1,4,20.08857,-1.673244,0.645528,-2.660477,-0.5822284,-0.3412018,-0.3016914,0.6734788,
1,4,20.0969,-1.673244,0.645528,-2.660477,-0.5822284,-0.3412018,-0.3016914,0.6734788,
1,4,20.10518,-1.673244,0.645528,-2.660477,-0.5822284,-0.3412018,-0.3016914,0.6734788,
1,4,20.11313,-1.673244,0.645528,-2.660477,-0.5822284,-0.3412018,-0.3016914,0.6734788,
1,4,20.1211,-1.673244,0.645528,-2.660477,-0.5822284,-0.3412018,-0.3016914,0.6734788,
1,4,20.12932,-1.673244,0.645528,-2.660477,-0.5822284,-0.3412018,-0.3016914,0.6734788,
1,4,20.1373,-1.673244,0.645528,-2.660477,-0.5822284,-0.3412018,-0.3016914,0.6734788,
1,4,20.1452,-1.673244,0.645528,-2.660477,-0.5822284,-0.3412018,-0.3016914,0.6734788,
1,4,20.15337,-1.673244,0.645528,-2.660477,-0.5822284,-0.3412018,-0.3016914,0.6734788,
1,4,20.16166,-1.673244,0.645528,-2.660477,-0.5822284,-0.3412018,-0.3016914,0.6734788,
1,4,20.17,-1.673244,0.645528,-2.660477,-0.5822284,-0.3412018,-0.3016914,0.6734788,
1,4,20.17817,-1.673244,0.645528,-2.660477,-0.5822284,-0.3412018,-0.3016914,0.6734788,
1,4,20.18615,-1.673244,0.645528,-2.660477,-0.5822284,-0.3412018,-0.3016914,0.6734788,
1,4,20.19448,-1.673244,0.645528,-2.660477,-0.5822284,-0.3412018,-0.3016914,0.6734788,
1,4,20.20277,-1.673244,0.645528,-2.660477,-0.5822284,-0.3412018,-0.3016914,0.6734788,
1,4,20.2111,-1.673244,0.645528,-2.660477,-0.5822284,-0.3412018,-0.3016914,0.6734788,
1,4,20.21902,-1.673244,0.645528,-2.660477,-0.5822284,-0.3412018,-0.3016914,0.6734788,
1,4,20.22735,-1.673244,0.645528,-2.660477,-0.5822284,-0.3412018,-0.3016914,0.6734788,
1,4,20.23569,-1.673244,0.645528,-2.660477,-0.5822284,-0.3412018,-0.3016914,0.6734788,
1,4,20.24387,-1.673244,0.645528,-2.660477,-0.5822284,-0.3412018,-0.3016914,0.6734788,
1,4,20.2522,-1.673244,0.645528,-2.660477,-0.5822284,-0.3412018,-0.3016914,0.6734788,
1,4,20.26053,-1.673244,0.645528,-2.660477,-0.5822284,-0.3412018,-0.3016914,0.6734788,
1,4,20.26854,-1.673244,0.645528,-2.660477,-0.5822284,-0.3412018,-0.3016914,0.6734788,
1,4,20.27687,-1.673244,0.645528,-2.660477,-0.5822284,-0.3412018,-0.3016914,0.6734788,
1,4,20.28521,-1.673244,0.645528,-2.660477,-0.5822284,-0.3412018,-0.3016914,0.6734788,
1,4,20.29354,-1.673244,0.645528,-2.660477,-0.5822284,-0.3412018,-0.3016914,0.6734788,
1,4,20.30187,-1.673244,0.645528,-2.660477,-0.5822284,-0.3412018,-0.3016914,0.6734788,
1,4,20.31008,-1.673244,0.645528,-2.660477,-0.5822284,-0.3412018,-0.3016914,0.6734788,
1,4,20.31841,-1.673244,0.645528,-2.660477,-0.5822284,-0.3412018,-0.3016914,0.6734788,
1,4,20.32655,-1.673244,0.645528,-2.660477,-0.5822284,-0.3412018,-0.3016914,0.6734788,
1,4,20.33477,-1.673244,0.645528,-2.660477,-0.5822284,-0.3412018,-0.3016914,0.6734788,
1,4,20.3431,-1.673244,0.645528,-2.660477,-0.5822284,-0.3412018,-0.3016914,0.6734788,
1,4,20.35112,-1.673244,0.645528,-2.660477,-0.5822284,-0.3412018,-0.3016914,0.6734788,
1,4,20.35926,-1.673244,0.645528,-2.660477,-0.5822284,-0.3412018,-0.3016914,0.6734788,
1,4,20.36725,-1.673244,0.645528,-2.660477,-0.5822284,-0.3412018,-0.3016914,0.6734788,
1,4,20.37522,-1.673244,0.645528,-2.660477,-0.5822284,-0.3412018,-0.3016914,0.6734788,
1,4,20.38343,-1.673244,0.645528,-2.660477,-0.5822284,-0.3412018,-0.3016914,0.6734788,
1,4,20.39141,-1.673244,0.645528,-2.660477,-0.5822284,-0.3412018,-0.3016914,0.6734788,
1,4,20.39943,-1.673244,0.645528,-2.660477,-0.5822284,-0.3412018,-0.3016914,0.6734788,
1,4,20.40747,-1.673244,0.645528,-2.660477,-0.5822284,-0.3412018,-0.3016914,0.6734788,
1,4,20.41537,-1.673244,0.645528,-2.660477,-0.5822284,-0.3412018,-0.3016914,0.6734788,
1,4,20.42318,-1.673244,0.645528,-2.660477,-0.5822284,-0.3412018,-0.3016914,0.6734788,
1,4,20.43086,-1.673244,0.645528,-2.660477,-0.5822284,-0.3412018,-0.3016914,0.6734788,
1,4,20.43919,-1.673244,0.645528,-2.660477,-0.5822284,-0.3412018,-0.3016914,0.6734788,
1,4,20.44708,-1.673244,0.645528,-2.660477,-0.5822284,-0.3412018,-0.3016914,0.6734788,
1,4,20.45541,-1.673244,0.645528,-2.660477,-0.5822284,-0.3412018,-0.3016914,0.6734788,
1,4,20.46374,-1.673244,0.645528,-2.660477,-0.5822284,-0.3412018,-0.3016914,0.6734788,
1,4,20.47196,-1.673244,0.645528,-2.660477,-0.5822284,-0.3412018,-0.3016914,0.6734788,
1,4,20.47998,-1.673244,0.645528,-2.660477,-0.5822284,-0.3412018,-0.3016914,0.6734788,
1,4,20.48796,-1.673244,0.645528,-2.660477,-0.5822284,-0.3412018,-0.3016914,0.6734788,
1,4,20.4963,-1.673244,0.645528,-2.660477,-0.5822284,-0.3412018,-0.3016914,0.6734788,
1,4,20.50463,-1.673244,0.645528,-2.660477,-0.5822284,-0.3412018,-0.3016914,0.6734788,
1,4,20.51266,-1.673244,0.645528,-2.660477,-0.5822284,-0.3412018,-0.3016914,0.6734788,
1,4,20.52068,-1.673244,0.645528,-2.660477,-0.5822284,-0.3412018,-0.3016914,0.6734788,
1,4,20.52901,-1.673244,0.645528,-2.660477,-0.5822284,-0.3412018,-0.3016914,0.6734788,
1,4,20.53677,-1.673244,0.645528,-2.660477,-0.5822284,-0.3412018,-0.3016914,0.6734788,
1,4,20.54443,-1.673244,0.645528,-2.660477,-0.5822284,-0.3412018,-0.3016914,0.6734788,
1,4,20.55218,-1.673244,0.645528,-2.660477,-0.5822284,-0.3412018,-0.3016914,0.6734788,
1,4,20.56051,-1.673244,0.645528,-2.660477,-0.5822284,-0.3412018,-0.3016914,0.6734788,
1,4,20.56884,-1.673244,0.645528,-2.660477,-0.5822284,-0.3412018,-0.3016914,0.6734788,
1,4,20.57689,-1.673244,0.645528,-2.660477,-0.5822284,-0.3412018,-0.3016914,0.6734788,
1,4,20.58515,-1.673244,0.645528,-2.660477,-0.5822284,-0.3412018,-0.3016914,0.6734788,
1,4,20.59335,-1.673244,0.645528,-2.660477,-0.5822284,-0.3412018,-0.3016914,0.6734788,
1,4,20.60128,-1.673244,0.645528,-2.660477,-0.5822284,-0.3412018,-0.3016914,0.6734788,
1,4,20.60961,-1.673244,0.645528,-2.660477,-0.5822284,-0.3412018,-0.3016914,0.6734788,
1,4,20.61734,-1.673244,0.645528,-2.660477,-0.5822284,-0.3412018,-0.3016914,0.6734788,
1,4,20.62557,-1.673244,0.645528,-2.660477,-0.5822284,-0.3412018,-0.3016914,0.6734788,
1,4,20.6339,-1.673244,0.645528,-2.660477,-0.5822284,-0.3412018,-0.3016914,0.6734788,
1,4,20.64213,-1.673244,0.645528,-2.660477,-0.5822284,-0.3412018,-0.3016914,0.6734788,
1,4,20.65021,-1.673244,0.645528,-2.660477,-0.5822284,-0.3412018,-0.3016914,0.6734788,
1,4,20.65831,-1.673244,0.645528,-2.660477,-0.5822284,-0.3412018,-0.3016914,0.6734788,
1,4,20.66659,-1.673244,0.645528,-2.660477,-0.5822284,-0.3412018,-0.3016914,0.6734788,
1,4,20.67462,-1.673244,0.645528,-2.660477,-0.5822284,-0.3412018,-0.3016914,0.6734788,
1,4,20.6829,-1.673244,0.645528,-2.660477,-0.5822284,-0.3412018,-0.3016914,0.6734788,
1,4,20.69123,-1.673244,0.645528,-2.660477,-0.5822284,-0.3412018,-0.3016914,0.6734788,
1,4,20.69913,-1.673244,0.645528,-2.660477,-0.5822284,-0.3412018,-0.3016914,0.6734788,
1,4,20.70737,-1.673244,0.645528,-2.660477,-0.5822284,-0.3412018,-0.3016914,0.6734788,
1,4,20.71514,-1.673244,0.645528,-2.660477,-0.5822284,-0.3412018,-0.3016914,0.6734788,
1,4,20.7234,-1.673244,0.645528,-2.660477,-0.5822284,-0.3412018,-0.3016914,0.6734788,
1,4,20.73157,-1.673244,0.645528,-2.660477,-0.5822284,-0.3412018,-0.3016914,0.6734788,
1,4,20.73985,-1.673244,0.645528,-2.660477,-0.5822284,-0.3412018,-0.3016914,0.6734788,
1,4,20.74789,-1.673244,0.645528,-2.660477,-0.5822284,-0.3412018,-0.3016914,0.6734788,
1,4,20.75605,-1.673244,0.645528,-2.660477,-0.5822284,-0.3412018,-0.3016914,0.6734788,
1,4,20.76439,-1.673244,0.645528,-2.660477,-0.5822284,-0.3412018,-0.3016914,0.6734788,
1,4,20.77239,-1.673244,0.645528,-2.660477,-0.5822284,-0.3412018,-0.3016914,0.6734788,
1,4,20.78014,-1.673244,0.645528,-2.660477,-0.5822284,-0.3412018,-0.3016914,0.6734788,
1,4,20.78839,-1.673244,0.645528,-2.660477,-0.5822284,-0.3412018,-0.3016914,0.6734788,
1,4,20.79639,-1.673244,0.645528,-2.660477,-0.5822284,-0.3412018,-0.3016914,0.6734788,
1,4,20.8047,-1.673244,0.645528,-2.660477,-0.5822284,-0.3412018,-0.3016914,0.6734788,
1,4,20.81285,-1.673244,0.645528,-2.660477,-0.5822284,-0.3412018,-0.3016914,0.6734788,
1,4,20.82104,-1.673244,0.645528,-2.660477,-0.5822284,-0.3412018,-0.3016914,0.6734788,
1,4,20.82931,-1.673244,0.645528,-2.660477,-0.5822284,-0.3412018,-0.3016914,0.6734788,
1,4,20.83765,-1.673244,0.645528,-2.660477,-0.5822284,-0.3412018,-0.3016914,0.6734788,
1,4,20.84598,-1.673244,0.645528,-2.660477,-0.5822284,-0.3412018,-0.3016914,0.6734788,
1,4,20.85422,-1.673244,0.645528,-2.660477,-0.5822284,-0.3412018,-0.3016914,0.6734788,
1,4,20.86234,-1.673244,0.645528,-2.660477,-0.5822284,-0.3412018,-0.3016914,0.6734788,
1,4,20.87008,-1.673244,0.645528,-2.660477,-0.5822284,-0.3412018,-0.3016914,0.6734788,
1,4,20.87824,-1.673244,0.645528,-2.660477,-0.5822284,-0.3412018,-0.3016914,0.6734788,
1,4,20.88658,-1.673244,0.645528,-2.660477,-0.5822284,-0.3412018,-0.3016914,0.6734788,
1,4,20.89481,-1.673244,0.645528,-2.660477,-0.5822284,-0.3412018,-0.3016914,0.6734788,
1,4,20.90279,-1.673244,0.645528,-2.660477,-0.5822284,-0.3412018,-0.3016914,0.6734788,
1,4,20.9108,-1.673244,0.645528,-2.660477,-0.5822284,-0.3412018,-0.3016914,0.6734788,
1,4,20.91857,-1.673244,0.645528,-2.660477,-0.5822284,-0.3412018,-0.3016914,0.6734788,
1,4,20.92649,-1.673244,0.645528,-2.660477,-0.5822284,-0.3412018,-0.3016914,0.6734788,
1,4,20.9343,-1.673244,0.645528,-2.660477,-0.5822284,-0.3412018,-0.3016914,0.6734788,
1,4,20.94257,-1.673244,0.645528,-2.660477,-0.5822284,-0.3412018,-0.3016914,0.6734788,
1,4,20.9509,-1.673244,0.645528,-2.660477,-0.5822284,-0.3412018,-0.3016914,0.6734788,
1,4,20.95917,-1.673244,0.645528,-2.660477,-0.5822284,-0.3412018,-0.3016914,0.6734788,
1,4,20.96751,-1.673244,0.645528,-2.660477,-0.5822284,-0.3412018,-0.3016914,0.6734788,
1,4,20.97558,-1.673244,0.645528,-2.660477,-0.5822284,-0.3412018,-0.3016914,0.6734788,
1,4,20.9839,-1.673244,0.645528,-2.660477,-0.5822284,-0.3412018,-0.3016914,0.6734788,
1,4,20.99188,-1.673244,0.645528,-2.660477,-0.5822284,-0.3412018,-0.3016914,0.6734788,
1,4,20.99997,-1.673244,0.645528,-2.660477,-0.5822284,-0.3412018,-0.3016914,0.6734788,
1,4,21.0083,-1.673244,0.645528,-2.660477,-0.5822284,-0.3412018,-0.3016914,0.6734788,
1,4,21.01664,-1.673244,0.645528,-2.660477,-0.5822284,-0.3412018,-0.3016914,0.6734788,
1,4,21.02487,-1.673244,0.645528,-2.660477,-0.5822284,-0.3412018,-0.3016914,0.6734788,
1,4,21.03307,-1.673244,0.645528,-2.660477,-0.5822284,-0.3412018,-0.3016914,0.6734788,
1,4,21.04121,-1.673244,0.645528,-2.660477,-0.5822284,-0.3412018,-0.3016914,0.6734788,
1,4,21.04955,-1.673244,0.645528,-2.660477,-0.5822284,-0.3412018,-0.3016914,0.6734788,
1,4,21.05788,-1.673244,0.645528,-2.660477,-0.5822284,-0.3412018,-0.3016914,0.6734788,
1,4,21.06619,-1.673244,0.645528,-2.660477,-0.5822284,-0.3412018,-0.3016914,0.6734788,
1,4,21.07452,-1.673244,0.645528,-2.660477,-0.5822284,-0.3412018,-0.3016914,0.6734788,
1,4,21.08254,-1.673244,0.645528,-2.660477,-0.5822284,-0.3412018,-0.3016914,0.6734788,
1,4,21.09076,-1.673244,0.645528,-2.660477,-0.5822284,-0.3412018,-0.3016914,0.6734788,
1,4,21.09864,-1.673244,0.645528,-2.660477,-0.5822284,-0.3412018,-0.3016914,0.6734788,
1,4,21.10698,-1.673244,0.645528,-2.660477,-0.5822284,-0.3412018,-0.3016914,0.6734788,
1,4,21.1151,-1.673244,0.645528,-2.660477,-0.5822284,-0.3412018,-0.3016914,0.6734788,
1,4,21.12294,-1.673244,0.645528,-2.660477,-0.5822284,-0.3412018,-0.3016914,0.6734788,
1,4,21.1311,-1.673244,0.645528,-2.660477,-0.5822284,-0.3412018,-0.3016914,0.6734788,
1,4,21.13892,-1.673244,0.645528,-2.660477,-0.5822284,-0.3412018,-0.3016914,0.6734788,
1,4,21.14661,-1.673244,0.645528,-2.660477,-0.5822284,-0.3412018,-0.3016914,0.6734788,
1,4,21.1546,-1.673244,0.645528,-2.660477,-0.5822284,-0.3412018,-0.3016914,0.6734788,
1,4,21.16241,-1.673244,0.645528,-2.660477,-0.5822284,-0.3412018,-0.3016914,0.6734788,
1,4,21.17074,-1.673244,0.645528,-2.660477,-0.5822284,-0.3412018,-0.3016914,0.6734788,
1,4,21.17908,-1.673244,0.645528,-2.660477,-0.5822284,-0.3412018,-0.3016914,0.6734788,
1,4,21.18736,-1.673244,0.645528,-2.660477,-0.5822284,-0.3412018,-0.3016914,0.6734788,
1,4,21.19569,-1.673244,0.645528,-2.660477,-0.5822284,-0.3412018,-0.3016914,0.6734788,
1,4,21.20344,-1.673244,0.645528,-2.660477,-0.5822284,-0.3412018,-0.3016914,0.6734788,
1,4,21.21177,-1.673244,0.645528,-2.660477,-0.5822284,-0.3412018,-0.3016914,0.6734788,
1,4,21.21934,-1.673244,0.645528,-2.660477,-0.5822284,-0.3412018,-0.3016914,0.6734788,
1,4,21.22767,-1.673244,0.645528,-2.660477,-0.5822284,-0.3412018,-0.3016914,0.6734788,
1,4,21.23556,-1.673244,0.645528,-2.660477,-0.5822284,-0.3412018,-0.3016914,0.6734788,
1,4,21.24381,-1.673244,0.645528,-2.660477,-0.5822284,-0.3412018,-0.3016914,0.6734788,
1,4,21.25214,-1.673244,0.645528,-2.660477,-0.5822284,-0.3412018,-0.3016914,0.6734788,
1,4,21.26047,-1.673244,0.645528,-2.660477,-0.5822284,-0.3412018,-0.3016914,0.6734788,
1,4,21.26865,-1.673244,0.645528,-2.660477,-0.5822284,-0.3412018,-0.3016914,0.6734788,
1,4,21.27661,-1.673244,0.645528,-2.660477,-0.5822284,-0.3412018,-0.3016914,0.6734788,
1,4,21.28495,-1.673244,0.645528,-2.660477,-0.5822284,-0.3412018,-0.3016914,0.6734788,
1,4,21.29328,-1.673244,0.645528,-2.660477,-0.5822284,-0.3412018,-0.3016914,0.6734788,
1,4,21.30128,-1.673244,0.645528,-2.660477,-0.5822284,-0.3412018,-0.3016914,0.6734788,
1,4,21.30962,-1.673244,0.645528,-2.660477,-0.5822284,-0.3412018,-0.3016914,0.6734788,
1,4,21.31773,-1.673244,0.645528,-2.660477,-0.5822284,-0.3412018,-0.3016914,0.6734788,
1,4,21.32589,-1.673244,0.645528,-2.660477,-0.5822284,-0.3412018,-0.3016914,0.6734788,
1,4,21.33385,-1.673244,0.645528,-2.660477,-0.5822284,-0.3412018,-0.3016914,0.6734788,
1,4,21.34171,-1.673244,0.645528,-2.660477,-0.5822284,-0.3412018,-0.3016914,0.6734788,
1,4,21.35004,-1.673244,0.645528,-2.660477,-0.5822284,-0.3412018,-0.3016914,0.6734788,
1,4,21.35827,-1.673244,0.645528,-2.660477,-0.5822284,-0.3412018,-0.3016914,0.6734788,
1,4,21.36626,-1.673244,0.645528,-2.660477,-0.5822284,-0.3412018,-0.3016914,0.6734788,
1,4,21.37428,-1.673244,0.645528,-2.660477,-0.5822284,-0.3412018,-0.3016914,0.6734788,
1,4,21.38189,-1.673244,0.645528,-2.660477,-0.5822284,-0.3412018,-0.3016914,0.6734788,
1,4,21.39022,-1.673244,0.645528,-2.660477,-0.5822284,-0.3412018,-0.3016914,0.6734788,
1,4,21.39855,-1.673244,0.645528,-2.660477,-0.5822284,-0.3412018,-0.3016914,0.6734788,
1,4,21.40676,-1.673244,0.645528,-2.660477,-0.5822284,-0.3412018,-0.3016914,0.6734788,
1,4,21.41485,-1.673244,0.645528,-2.660477,-0.5822284,-0.3412018,-0.3016914,0.6734788,
1,4,21.42318,-1.673244,0.645528,-2.660477,-0.5822284,-0.3412018,-0.3016914,0.6734788,
1,4,21.43121,-1.673244,0.645528,-2.660477,-0.5822284,-0.3412018,-0.3016914,0.6734788,
1,4,21.43925,-1.673244,0.645528,-2.660477,-0.5822284,-0.3412018,-0.3016914,0.6734788,
1,4,21.44759,-1.673244,0.645528,-2.660477,-0.5822284,-0.3412018,-0.3016914,0.6734788,
1,4,21.45563,-1.673244,0.645528,-2.660477,-0.5822284,-0.3412018,-0.3016914,0.6734788,
1,4,21.46369,-1.673244,0.645528,-2.660477,-0.5822284,-0.3412018,-0.3016914,0.6734788,
1,4,21.47145,-1.673244,0.645528,-2.660477,-0.5822284,-0.3412018,-0.3016914,0.6734788,
1,4,21.47935,-1.673244,0.645528,-2.660477,-0.5822284,-0.3412018,-0.3016914,0.6734788,
1,4,21.48704,-1.673244,0.645528,-2.660477,-0.5822284,-0.3412018,-0.3016914,0.6734788,
1,4,21.49505,-1.673244,0.645528,-2.660477,-0.5822284,-0.3412018,-0.3016914,0.6734788,
1,4,21.50326,-1.673244,0.645528,-2.660477,-0.5822284,-0.3412018,-0.3016914,0.6734788,
1,4,21.51121,-1.673244,0.645528,-2.660477,-0.5822284,-0.3412018,-0.3016914,0.6734788,
1,4,21.51954,-1.673244,0.645528,-2.660477,-0.5822284,-0.3412018,-0.3016914,0.6734788,
1,4,21.52747,-1.673244,0.645528,-2.660477,-0.5822284,-0.3412018,-0.3016914,0.6734788,
1,4,21.5358,-1.673244,0.645528,-2.660477,-0.5822284,-0.3412018,-0.3016914,0.6734788,
1,4,21.5441,-1.673244,0.645528,-2.660477,-0.5822284,-0.3412018,-0.3016914,0.6734788,
1,4,21.55228,-1.673244,0.645528,-2.660477,-0.5822284,-0.3412018,-0.3016914,0.6734788,
1,4,21.56032,-1.673244,0.645528,-2.660477,-0.5822284,-0.3412018,-0.3016914,0.6734788,
1,4,21.56825,-1.673244,0.645528,-2.660477,-0.5822284,-0.3412018,-0.3016914,0.6734788,
1,4,21.5763,-1.673244,0.645528,-2.660477,-0.5822284,-0.3412018,-0.3016914,0.6734788,
1,4,21.584,-1.673244,0.645528,-2.660477,-0.5822284,-0.3412018,-0.3016914,0.6734788,
1,4,21.5921,-1.673244,0.645528,-2.660477,-0.5822284,-0.3412018,-0.3016914,0.6734788,
1,4,21.60042,-1.673244,0.645528,-2.660477,-0.5822284,-0.3412018,-0.3016914,0.6734788,
1,4,21.60831,-1.673244,0.645528,-2.660477,-0.5822284,-0.3412018,-0.3016914,0.6734788,
1,4,21.61665,-1.673244,0.645528,-2.660477,-0.5822284,-0.3412018,-0.3016914,0.6734788,
1,4,21.62482,-1.673244,0.645528,-2.660477,-0.5822284,-0.3412018,-0.3016914,0.6734788,
1,4,21.63295,-1.673244,0.645528,-2.660477,-0.5822284,-0.3412018,-0.3016914,0.6734788,
1,4,21.64105,-1.673244,0.645528,-2.660477,-0.5822284,-0.3412018,-0.3016914,0.6734788,
1,4,21.64898,-1.673244,0.645528,-2.660477,-0.5822284,-0.3412018,-0.3016914,0.6734788,
1,4,21.65718,-1.673244,0.645528,-2.660477,-0.5822284,-0.3412018,-0.3016914,0.6734788,
1,4,21.66523,-1.673244,0.645528,-2.660477,-0.5822284,-0.3412018,-0.3016914,0.6734788,
1,4,21.67356,-1.673244,0.645528,-2.660477,-0.5822284,-0.3412018,-0.3016914,0.6734788,
1,4,21.68167,-1.673244,0.645528,-2.660477,-0.5822284,-0.3412018,-0.3016914,0.6734788,
1,4,21.69001,-1.673244,0.645528,-2.660477,-0.5822284,-0.3412018,-0.3016914,0.6734788,
1,4,21.69834,-1.673244,0.645528,-2.660477,-0.5822284,-0.3412018,-0.3016914,0.6734788,
1,4,21.70667,-1.673244,0.645528,-2.660477,-0.5822284,-0.3412018,-0.3016914,0.6734788,
1,4,21.71474,-1.673244,0.645528,-2.660477,-0.5822284,-0.3412018,-0.3016914,0.6734788,
1,4,21.72288,-1.673244,0.645528,-2.660477,-0.5822284,-0.3412018,-0.3016914,0.6734788,
1,4,21.73121,-1.673244,0.645528,-2.660477,-0.5822284,-0.3412018,-0.3016914,0.6734788,
1,4,21.73955,-1.673244,0.645528,-2.660477,-0.5822284,-0.3412018,-0.3016914,0.6734788,
1,4,21.74762,-1.673244,0.645528,-2.660477,-0.5822284,-0.3412018,-0.3016914,0.6734788,
1,4,21.75556,-1.673244,0.645528,-2.660477,-0.5822284,-0.3412018,-0.3016914,0.6734788,
1,4,21.76389,-1.673244,0.645528,-2.660477,-0.5822284,-0.3412018,-0.3016914,0.6734788,
1,4,21.77222,-1.673244,0.645528,-2.660477,-0.5822284,-0.3412018,-0.3016914,0.6734788,
1,4,21.78041,-1.673244,0.645528,-2.660477,-0.5822284,-0.3412018,-0.3016914,0.6734788,
1,4,21.78812,-1.673244,0.645528,-2.660477,-0.5822284,-0.3412018,-0.3016914,0.6734788,
1,4,21.79645,-1.673244,0.645528,-2.660477,-0.5822284,-0.3412018,-0.3016914,0.6734788,
1,4,21.80451,-1.673244,0.645528,-2.660477,-0.5822284,-0.3412018,-0.3016914,0.6734788,
1,4,21.81242,-1.673244,0.645528,-2.660477,-0.5822284,-0.3412018,-0.3016914,0.6734788,
1,4,21.82068,-1.673244,0.645528,-2.660477,-0.5822284,-0.3412018,-0.3016914,0.6734788,
1,4,21.82901,-1.673244,0.645528,-2.660477,-0.5822284,-0.3412018,-0.3016914,0.6734788,
1,4,21.83734,-1.673244,0.645528,-2.660477,-0.5822284,-0.3412018,-0.3016914,0.6734788,
1,4,21.8453,-1.673244,0.645528,-2.660477,-0.5822284,-0.3412018,-0.3016914,0.6734788,
1,4,21.85363,-1.673244,0.645528,-2.660477,-0.5822284,-0.3412018,-0.3016914,0.6734788,
1,4,21.86197,-1.673244,0.645528,-2.660477,-0.5822284,-0.3412018,-0.3016914,0.6734788,
1,4,21.8701,-1.673244,0.645528,-2.660477,-0.5822284,-0.3412018,-0.3016914,0.6734788,
1,4,21.87843,-1.673244,0.645528,-2.660477,-0.5822284,-0.3412018,-0.3016914,0.6734788,
1,4,21.88677,-1.673244,0.645528,-2.660477,-0.5822284,-0.3412018,-0.3016914,0.6734788,
1,4,21.89491,-1.673244,0.645528,-2.660477,-0.5822284,-0.3412018,-0.3016914,0.6734788,
1,5,21.90274,-1.673244,0.645528,-2.660477,-0.5822284,-0.3412018,-0.3016914,0.6734788,TrialStart
1,5,21.91065,-1.673244,0.645528,-2.660477,-0.5822284,-0.3412018,-0.3016914,0.6734788,
1,5,21.91898,-1.673244,0.645528,-2.660477,-0.5822284,-0.3412018,-0.3016914,0.6734788,
1,5,21.92731,-1.673244,0.645528,-2.660477,-0.5822284,-0.3412018,-0.3016914,0.6734788,
1,5,21.93565,-1.673244,0.645528,-2.660477,-0.5822284,-0.3412018,-0.3016914,0.6734788,
1,5,21.94398,-1.673244,0.645528,-2.660477,-0.5822284,-0.3412018,-0.3016914,0.6734788,
1,5,21.95199,-1.673244,0.645528,-2.660477,-0.5822284,-0.3412018,-0.3016914,0.6734788,
1,5,21.96024,-1.673244,0.645528,-2.660477,-0.5822284,-0.3412018,-0.3016914,0.6734788,
1,5,21.96843,-1.673244,0.645528,-2.660477,-0.5822284,-0.3412018,-0.3016914,0.6734788,
1,5,21.97629,-1.673244,0.645528,-2.660477,-0.5822284,-0.3412018,-0.3016914,0.6734788,
1,5,21.98458,-1.673244,0.645528,-2.660477,-0.5822284,-0.3412018,-0.3016914,0.6734788,
1,5,21.99291,-1.673244,0.645528,-2.660477,-0.5822284,-0.3412018,-0.3016914,0.6734788,
1,5,22.00124,-1.673244,0.645528,-2.660477,-0.5822284,-0.3412018,-0.3016914,0.6734788,
1,5,22.0094,-1.673244,0.645528,-2.660477,-0.5822284,-0.3412018,-0.3016914,0.6734788,
1,5,22.01773,-1.673244,0.645528,-2.660477,-0.5822284,-0.3412018,-0.3016914,0.6734788,
1,5,22.02601,-1.673244,0.645528,-2.660477,-0.5822284,-0.3412018,-0.3016914,0.6734788,
1,5,22.03409,-1.673244,0.645528,-2.660477,-0.5822284,-0.3412018,-0.3016914,0.6734788,
1,5,22.04219,-1.673244,0.645528,-2.660477,-0.5822284,-0.3412018,-0.3016914,0.6734788,
1,5,22.05001,-1.673244,0.645528,-2.660477,-0.5822284,-0.3412018,-0.3016914,0.6734788,
1,5,22.0581,-1.673244,0.645528,-2.660477,-0.5822284,-0.3412018,-0.3016914,0.6734788,
1,5,22.06602,-1.673244,0.645528,-2.660477,-0.5822284,-0.3412018,-0.3016914,0.6734788,
1,5,22.07436,-1.673244,0.645528,-2.660477,-0.5822284,-0.3412018,-0.3016914,0.6734788,
1,5,22.08255,-1.673244,0.645528,-2.660477,-0.5822284,-0.3412018,-0.3016914,0.6734788,
1,5,22.09031,-1.673244,0.645528,-2.660477,-0.5822284,-0.3412018,-0.3016914,0.6734788,
1,5,22.09865,-1.673244,0.645528,-2.660477,-0.5822284,-0.3412018,-0.3016914,0.6734788,
1,5,22.1066,-1.673244,0.645528,-2.660477,-0.5822284,-0.3412018,-0.3016914,0.6734788,
1,5,22.1145,-1.673244,0.645528,-2.660477,-0.5822284,-0.3412018,-0.3016914,0.6734788,
1,5,22.12263,-1.673244,0.645528,-2.660477,-0.5822284,-0.3412018,-0.3016914,0.6734788,
1,5,22.13054,-1.673244,0.645528,-2.660477,-0.5822284,-0.3412018,-0.3016914,0.6734788,
1,5,22.13869,-1.673244,0.645528,-2.660477,-0.5822284,-0.3412018,-0.3016914,0.6734788,
1,5,22.14671,-1.673244,0.645528,-2.660477,-0.5822284,-0.3412018,-0.3016914,0.6734788,
1,5,22.15504,-1.673244,0.645528,-2.660477,-0.5822284,-0.3412018,-0.3016914,0.6734788,
1,5,22.16283,-1.673244,0.645528,-2.660477,-0.5822284,-0.3412018,-0.3016914,0.6734788,
1,5,22.17061,-1.673244,0.645528,-2.660477,-0.5822284,-0.3412018,-0.3016914,0.6734788,
1,5,22.17894,-1.673244,0.645528,-2.660477,-0.5822284,-0.3412018,-0.3016914,0.6734788,
1,5,22.18709,-1.673244,0.645528,-2.660477,-0.5822284,-0.3412018,-0.3016914,0.6734788,
1,5,22.19507,-1.673244,0.645528,-2.660477,-0.5822284,-0.3412018,-0.3016914,0.6734788,
1,5,22.20311,-1.673244,0.645528,-2.660477,-0.5822284,-0.3412018,-0.3016914,0.6734788,
1,5,22.2114,-1.673244,0.645528,-2.660477,-0.5822284,-0.3412018,-0.3016914,0.6734788,
1,5,22.21973,-1.673244,0.645528,-2.660477,-0.5822284,-0.3412018,-0.3016914,0.6734788,
1,5,22.22791,-1.673244,0.645528,-2.660477,-0.5822284,-0.3412018,-0.3016914,0.6734788,
1,5,22.23598,-1.673244,0.645528,-2.660477,-0.5822284,-0.3412018,-0.3016914,0.6734788,
1,5,22.24431,-1.673244,0.645528,-2.660477,-0.5822284,-0.3412018,-0.3016914,0.6734788,
1,5,22.25257,-1.673244,0.645528,-2.660477,-0.5822284,-0.3412018,-0.3016914,0.6734788,
1,5,22.26042,-1.673244,0.645528,-2.660477,-0.5822284,-0.3412018,-0.3016914,0.6734788,
1,5,22.26875,-1.673244,0.645528,-2.660477,-0.5822284,-0.3412018,-0.3016914,0.6734788,
1,5,22.27708,-1.673244,0.645528,-2.660477,-0.5822284,-0.3412018,-0.3016914,0.6734788,
1,5,22.28525,-1.673244,0.645528,-2.660477,-0.5822284,-0.3412018,-0.3016914,0.6734788,
1,5,22.29346,-1.673244,0.645528,-2.660477,-0.5822284,-0.3412018,-0.3016914,0.6734788,
1,5,22.30128,-1.673244,0.645528,-2.660477,-0.5822284,-0.3412018,-0.3016914,0.6734788,
1,5,22.30903,-1.673244,0.645528,-2.660477,-0.5822284,-0.3412018,-0.3016914,0.6734788,
1,5,22.31732,-1.673244,0.645528,-2.660477,-0.5822284,-0.3412018,-0.3016914,0.6734788,
1,5,22.32542,-1.673244,0.645528,-2.660477,-0.5822284,-0.3412018,-0.3016914,0.6734788,
1,5,22.33375,-1.673244,0.645528,-2.660477,-0.5822284,-0.3412018,-0.3016914,0.6734788,
1,5,22.34208,-1.673244,0.645528,-2.660477,-0.5822284,-0.3412018,-0.3016914,0.6734788,
1,5,22.35032,-1.673244,0.645528,-2.660477,-0.5822284,-0.3412018,-0.3016914,0.6734788,
1,5,22.3585,-1.673244,0.645528,-2.660477,-0.5822284,-0.3412018,-0.3016914,0.6734788,
1,5,22.36623,-1.673244,0.645528,-2.660477,-0.5822284,-0.3412018,-0.3016914,0.6734788,
1,5,22.37397,-1.673244,0.645528,-2.660477,-0.5822284,-0.3412018,-0.3016914,0.6734788,
1,5,22.38209,-1.673244,0.645528,-2.660477,-0.5822284,-0.3412018,-0.3016914,0.6734788,
1,5,22.39021,-1.673244,0.645528,-2.660477,-0.5822284,-0.3412018,-0.3016914,0.6734788,
1,5,22.39855,-1.673244,0.645528,-2.660477,-0.5822284,-0.3412018,-0.3016914,0.6734788,
1,5,22.40674,-1.673244,0.645528,-2.660477,-0.5822284,-0.3412018,-0.3016914,0.6734788,
1,5,22.4146,-1.673244,0.645528,-2.660477,-0.5822284,-0.3412018,-0.3016914,0.6734788,
1,5,22.42251,-1.673244,0.645528,-2.660477,-0.5822284,-0.3412018,-0.3016914,0.6734788,
1,5,22.43036,-1.673244,0.645528,-2.660477,-0.5822284,-0.3412018,-0.3016914,0.6734788,
1,5,22.43849,-1.673244,0.645528,-2.660477,-0.5822284,-0.3412018,-0.3016914,0.6734788,
1,5,22.44644,-1.673244,0.645528,-2.660477,-0.5822284,-0.3412018,-0.3016914,0.6734788,
1,5,22.45427,-1.673244,0.645528,-2.660477,-0.5822284,-0.3412018,-0.3016914,0.6734788,
1,5,22.4625,-1.673244,0.645528,-2.660477,-0.5822284,-0.3412018,-0.3016914,0.6734788,
1,5,22.47083,-1.673244,0.645528,-2.660477,-0.5822284,-0.3412018,-0.3016914,0.6734788,
1,5,22.4789,-1.673244,0.645528,-2.660477,-0.5822284,-0.3412018,-0.3016914,0.6734788,
1,5,22.48687,-1.673244,0.645528,-2.660477,-0.5822284,-0.3412018,-0.3016914,0.6734788,
1,5,22.49509,-1.673244,0.645528,-2.660477,-0.5822284,-0.3412018,-0.3016914,0.6734788,
1,5,22.50343,-1.673244,0.645528,-2.660477,-0.5822284,-0.3412018,-0.3016914,0.6734788,
1,5,22.51138,-1.673244,0.645528,-2.660477,-0.5822284,-0.3412018,-0.3016914,0.6734788,
1,5,22.51949,-1.673244,0.645528,-2.660477,-0.5822284,-0.3412018,-0.3016914,0.6734788,
1,5,22.52737,-1.673244,0.645528,-2.660477,-0.5822284,-0.3412018,-0.3016914,0.6734788,
1,5,22.53551,-1.673244,0.645528,-2.660477,-0.5822284,-0.3412018,-0.3016914,0.6734788,
1,5,22.54349,-1.673244,0.645528,-2.660477,-0.5822284,-0.3412018,-0.3016914,0.6734788,
1,5,22.55129,-1.673244,0.645528,-2.660477,-0.5822284,-0.3412018,-0.3016914,0.6734788,
1,5,22.55956,-1.673244,0.645528,-2.660477,-0.5822284,-0.3412018,-0.3016914,0.6734788,
1,5,22.56752,-1.673244,0.645528,-2.660477,-0.5822284,-0.3412018,-0.3016914,0.6734788,
1,5,22.57561,-1.673244,0.645528,-2.660477,-0.5822284,-0.3412018,-0.3016914,0.6734788,
1,5,22.58394,-1.673244,0.645528,-2.660477,-0.5822284,-0.3412018,-0.3016914,0.6734788,
1,5,22.59194,-1.673244,0.645528,-2.660477,-0.5822284,-0.3412018,-0.3016914,0.6734788,
1,5,22.60027,-1.673244,0.645528,-2.660477,-0.5822284,-0.3412018,-0.3016914,0.6734788,
1,5,22.6086,-1.673244,0.645528,-2.660477,-0.5822284,-0.3412018,-0.3016914,0.6734788,
1,5,22.61693,-1.673244,0.645528,-2.660477,-0.5822284,-0.3412018,-0.3016914,0.6734788,
1,5,22.62506,-1.673244,0.645528,-2.660477,-0.5822284,-0.3412018,-0.3016914,0.6734788,
1,5,22.63314,-1.673244,0.645528,-2.660477,-0.5822284,-0.3412018,-0.3016914,0.6734788,
1,5,22.64147,-1.673244,0.645528,-2.660477,-0.5822284,-0.3412018,-0.3016914,0.6734788,
1,5,22.64945,-1.673244,0.645528,-2.660477,-0.5822284,-0.3412018,-0.3016914,0.6734788,
1,5,22.65778,-1.673244,0.645528,-2.660477,-0.5822284,-0.3412018,-0.3016914,0.6734788,
1,5,22.66612,-1.673244,0.645528,-2.660477,-0.5822284,-0.3412018,-0.3016914,0.6734788,
1,5,22.67426,-1.673244,0.645528,-2.660477,-0.5822284,-0.3412018,-0.3016914,0.6734788,
1,5,22.6826,-1.673244,0.645528,-2.660477,-0.5822284,-0.3412018,-0.3016914,0.6734788,
1,5,22.69065,-1.673244,0.645528,-2.660477,-0.5822284,-0.3412018,-0.3016914,0.6734788,
1,5,22.69899,-1.673244,0.645528,-2.660477,-0.5822284,-0.3412018,-0.3016914,0.6734788,
1,5,22.70704,-1.673244,0.645528,-2.660477,-0.5822284,-0.3412018,-0.3016914,0.6734788,
1,5,22.71481,-1.673244,0.645528,-2.660477,-0.5822284,-0.3412018,-0.3016914,0.6734788,
1,5,22.72268,-1.673244,0.645528,-2.660477,-0.5822284,-0.3412018,-0.3016914,0.6734788,
1,5,22.73074,-1.673244,0.645528,-2.660477,-0.5822284,-0.3412018,-0.3016914,0.6734788,
1,5,22.73907,-1.673244,0.645528,-2.660477,-0.5822284,-0.3412018,-0.3016914,0.6734788,
1,5,22.7474,-1.673244,0.645528,-2.660477,-0.5822284,-0.3412018,-0.3016914,0.6734788,
1,5,22.75514,-1.673244,0.645528,-2.660477,-0.5822284,-0.3412018,-0.3016914,0.6734788,
1,5,22.76313,-1.673244,0.645528,-2.660477,-0.5822284,-0.3412018,-0.3016914,0.6734788,
1,5,22.77074,-1.673244,0.645528,-2.660477,-0.5822284,-0.3412018,-0.3016914,0.6734788,
1,5,22.7786,-1.673244,0.645528,-2.660477,-0.5822284,-0.3412018,-0.3016914,0.6734788,
1,5,22.78693,-1.673244,0.645528,-2.660477,-0.5822284,-0.3412018,-0.3016914,0.6734788,
1,5,22.7952,-1.673244,0.645528,-2.660477,-0.5822284,-0.3412018,-0.3016914,0.6734788,
1,5,22.80317,-1.673244,0.645528,-2.660477,-0.5822284,-0.3412018,-0.3016914,0.6734788,
1,5,22.81151,-1.673244,0.645528,-2.660477,-0.5822284,-0.3412018,-0.3016914,0.6734788,
1,5,22.81984,-1.673244,0.645528,-2.660477,-0.5822284,-0.3412018,-0.3016914,0.6734788,
1,5,22.82775,-1.673244,0.645528,-2.660477,-0.5822284,-0.3412018,-0.3016914,0.6734788,
1,5,22.83553,-1.673244,0.645528,-2.660477,-0.5822284,-0.3412018,-0.3016914,0.6734788,
1,5,22.84353,-1.673244,0.645528,-2.660477,-0.5822284,-0.3412018,-0.3016914,0.6734788,
1,5,22.85136,-1.673244,0.645528,-2.660477,-0.5822284,-0.3412018,-0.3016914,0.6734788,
1,5,22.85916,-1.673244,0.645528,-2.660477,-0.5822284,-0.3412018,-0.3016914,0.6734788,
1,5,22.86733,-1.673244,0.645528,-2.660477,-0.5822284,-0.3412018,-0.3016914,0.6734788,
1,5,22.87567,-1.673244,0.645528,-2.660477,-0.5822284,-0.3412018,-0.3016914,0.6734788,
1,5,22.884,-1.673244,0.645528,-2.660477,-0.5822284,-0.3412018,-0.3016914,0.6734788,
1,5,22.89189,-1.673244,0.645528,-2.660477,-0.5822284,-0.3412018,-0.3016914,0.6734788,
1,5,22.90022,-1.673244,0.645528,-2.660477,-0.5822284,-0.3412018,-0.3016914,0.6734788,
1,5,22.90845,-1.673244,0.645528,-2.660477,-0.5822284,-0.3412018,-0.3016914,0.6734788,
1,5,22.91618,-1.673244,0.645528,-2.660477,-0.5822284,-0.3412018,-0.3016914,0.6734788,
1,5,22.92409,-1.673244,0.645528,-2.660477,-0.5822284,-0.3412018,-0.3016914,0.6734788,
1,5,22.93232,-1.673244,0.645528,-2.660477,-0.5822284,-0.3412018,-0.3016914,0.6734788,
1,5,22.94062,-1.673244,0.645528,-2.660477,-0.5822284,-0.3412018,-0.3016914,0.6734788,
1,5,22.94882,-1.673244,0.645528,-2.660477,-0.5822284,-0.3412018,-0.3016914,0.6734788,
1,5,22.95675,-1.673244,0.645528,-2.660477,-0.5822284,-0.3412018,-0.3016914,0.6734788,
1,5,22.96503,-1.673244,0.645528,-2.660477,-0.5822284,-0.3412018,-0.3016914,0.6734788,
1,5,22.97337,-1.673244,0.645528,-2.660477,-0.5822284,-0.3412018,-0.3016914,0.6734788,
1,5,22.98118,-1.673244,0.645528,-2.660477,-0.5822284,-0.3412018,-0.3016914,0.6734788,
1,5,22.98952,-1.673244,0.645528,-2.660477,-0.5822284,-0.3412018,-0.3016914,0.6734788,
1,5,22.99776,-1.673244,0.645528,-2.660477,-0.5822284,-0.3412018,-0.3016914,0.6734788,
1,5,23.006,-1.673244,0.645528,-2.660477,-0.5822284,-0.3412018,-0.3016914,0.6734788,
1,5,23.01391,-1.673244,0.645528,-2.660477,-0.5822284,-0.3412018,-0.3016914,0.6734788,
1,5,23.02188,-1.673244,0.645528,-2.660477,-0.5822284,-0.3412018,-0.3016914,0.6734788,
1,5,23.0298,-1.673244,0.645528,-2.660477,-0.5822284,-0.3412018,-0.3016914,0.6734788,
1,5,23.0379,-1.673244,0.645528,-2.660477,-0.5822284,-0.3412018,-0.3016914,0.6734788,
1,5,23.04623,-1.673244,0.645528,-2.660477,-0.5822284,-0.3412018,-0.3016914,0.6734788,
1,5,23.05434,-1.673244,0.645528,-2.660477,-0.5822284,-0.3412018,-0.3016914,0.6734788,
1,5,23.06225,-1.673244,0.645528,-2.660477,-0.5822284,-0.3412018,-0.3016914,0.6734788,
1,5,23.07058,-1.673244,0.645528,-2.660477,-0.5822284,-0.3412018,-0.3016914,0.6734788,
1,5,23.07875,-1.673244,0.645528,-2.660477,-0.5822284,-0.3412018,-0.3016914,0.6734788,
1,5,23.08685,-1.673244,0.645528,-2.660477,-0.5822284,-0.3412018,-0.3016914,0.6734788,
1,5,23.09477,-1.673244,0.645528,-2.660477,-0.5822284,-0.3412018,-0.3016914,0.6734788,
1,5,23.10297,-1.673244,0.645528,-2.660477,-0.5822284,-0.3412018,-0.3016914,0.6734788,
1,5,23.11131,-1.673244,0.645528,-2.660477,-0.5822284,-0.3412018,-0.3016914,0.6734788,
1,5,23.11952,-1.673244,0.645528,-2.660477,-0.5822284,-0.3412018,-0.3016914,0.6734788,
1,5,23.12785,-1.673244,0.645528,-2.660477,-0.5822284,-0.3412018,-0.3016914,0.6734788,
1,5,23.13567,-1.673244,0.645528,-2.660477,-0.5822284,-0.3412018,-0.3016914,0.6734788,
1,5,23.144,-1.673244,0.645528,-2.660477,-0.5822284,-0.3412018,-0.3016914,0.6734788,
1,5,23.15234,-1.673244,0.645528,-2.660477,-0.5822284,-0.3412018,-0.3016914,0.6734788,
1,5,23.16058,-1.673244,0.645528,-2.660477,-0.5822284,-0.3412018,-0.3016914,0.6734788,
1,5,23.16878,-1.673244,0.645528,-2.660477,-0.5822284,-0.3412018,-0.3016914,0.6734788,
1,5,23.17711,-1.673244,0.645528,-2.660477,-0.5822284,-0.3412018,-0.3016914,0.6734788,
1,5,23.18545,-1.673244,0.645528,-2.660477,-0.5822284,-0.3412018,-0.3016914,0.6734788,
1,5,23.19378,-1.673244,0.645528,-2.660477,-0.5822284,-0.3412018,-0.3016914,0.6734788,
1,5,23.20211,-1.673244,0.645528,-2.660477,-0.5822284,-0.3412018,-0.3016914,0.6734788,
1,5,23.21041,-1.673244,0.645528,-2.660477,-0.5822284,-0.3412018,-0.3016914,0.6734788,
1,5,23.21854,-1.673244,0.645528,-2.660477,-0.5822284,-0.3412018,-0.3016914,0.6734788,
1,5,23.22687,-1.673244,0.645528,-2.660477,-0.5822284,-0.3412018,-0.3016914,0.6734788,
1,5,23.235,-1.673244,0.645528,-2.660477,-0.5822284,-0.3412018,-0.3016914,0.6734788,
1,5,23.24294,-1.673244,0.645528,-2.660477,-0.5822284,-0.3412018,-0.3016914,0.6734788,
1,5,23.25117,-1.673244,0.645528,-2.660477,-0.5822284,-0.3412018,-0.3016914,0.6734788,
1,5,23.2595,-1.673244,0.645528,-2.660477,-0.5822284,-0.3412018,-0.3016914,0.6734788,
1,5,23.2677,-1.673244,0.645528,-2.660477,-0.5822284,-0.3412018,-0.3016914,0.6734788,
1,5,23.27573,-1.673244,0.645528,-2.660477,-0.5822284,-0.3412018,-0.3016914,0.6734788,
1,5,23.28354,-1.673244,0.645528,-2.660477,-0.5822284,-0.3412018,-0.3016914,0.6734788,
1,5,23.29135,-1.673244,0.645528,-2.660477,-0.5822284,-0.3412018,-0.3016914,0.6734788,
1,5,23.29947,-1.673244,0.645528,-2.660477,-0.5822284,-0.3412018,-0.3016914,0.6734788,
1,5,23.3078,-1.673244,0.645528,-2.660477,-0.5822284,-0.3412018,-0.3016914,0.6734788,
1,5,23.31605,-1.673244,0.645528,-2.660477,-0.5822284,-0.3412018,-0.3016914,0.6734788,
1,5,23.32422,-1.673244,0.645528,-2.660477,-0.5822284,-0.3412018,-0.3016914,0.6734788,
1,5,23.33226,-1.673244,0.645528,-2.660477,-0.5822284,-0.3412018,-0.3016914,0.6734788,
1,5,23.34049,-1.673244,0.645528,-2.660477,-0.5822284,-0.3412018,-0.3016914,0.6734788,
1,5,23.34843,-1.673244,0.645528,-2.660477,-0.5822284,-0.3412018,-0.3016914,0.6734788,
1,5,23.35676,-1.673244,0.645528,-2.660477,-0.5822284,-0.3412018,-0.3016914,0.6734788,
1,5,23.36509,-1.673244,0.645528,-2.660477,-0.5822284,-0.3412018,-0.3016914,0.6734788,
1,5,23.37343,-1.673244,0.645528,-2.660477,-0.5822284,-0.3412018,-0.3016914,0.6734788,
1,5,23.38131,-1.673244,0.645528,-2.660477,-0.5822284,-0.3412018,-0.3016914,0.6734788,
1,5,23.38917,-1.673244,0.645528,-2.660477,-0.5822284,-0.3412018,-0.3016914,0.6734788,
1,5,23.39727,-1.673244,0.645528,-2.660477,-0.5822284,-0.3412018,-0.3016914,0.6734788,
1,5,23.40558,-1.673244,0.645528,-2.660477,-0.5822284,-0.3412018,-0.3016914,0.6734788,
1,5,23.41391,-1.673244,0.645528,-2.660477,-0.5822284,-0.3412018,-0.3016914,0.6734788,
1,5,23.42207,-1.673244,0.645528,-2.660477,-0.5822284,-0.3412018,-0.3016914,0.6734788,
1,5,23.4304,-1.673244,0.645528,-2.660477,-0.5822284,-0.3412018,-0.3016914,0.6734788,
1,5,23.43863,-1.673244,0.645528,-2.660477,-0.5822284,-0.3412018,-0.3016914,0.6734788,
1,5,23.4468,-1.673244,0.645528,-2.660477,-0.5822284,-0.3412018,-0.3016914,0.6734788,
1,5,23.45514,-1.673244,0.645528,-2.660477,-0.5822284,-0.3412018,-0.3016914,0.6734788,
1,5,23.46297,-1.673244,0.645528,-2.660477,-0.5822284,-0.3412018,-0.3016914,0.6734788,
1,5,23.47082,-1.673244,0.645528,-2.660477,-0.5822284,-0.3412018,-0.3016914,0.6734788,
1,5,23.47915,-1.673244,0.645528,-2.660477,-0.5822284,-0.3412018,-0.3016914,0.6734788,
1,5,23.48743,-1.673244,0.645528,-2.660477,-0.5822284,-0.3412018,-0.3016914,0.6734788,
1,5,23.49575,-1.673244,0.645528,-2.660477,-0.5822284,-0.3412018,-0.3016914,0.6734788,
1,5,23.50408,-1.673244,0.645528,-2.660477,-0.5822284,-0.3412018,-0.3016914,0.6734788,
1,5,23.51222,-1.673244,0.645528,-2.660477,-0.5822284,-0.3412018,-0.3016914,0.6734788,
1,5,23.5199,-1.673244,0.645528,-2.660477,-0.5822284,-0.3412018,-0.3016914,0.6734788,
1,5,23.52823,-1.673244,0.645528,-2.660477,-0.5822284,-0.3412018,-0.3016914,0.6734788,
1,5,23.53657,-1.673244,0.645528,-2.660477,-0.5822284,-0.3412018,-0.3016914,0.6734788,
1,5,23.5448,-1.673244,0.645528,-2.660477,-0.5822284,-0.3412018,-0.3016914,0.6734788,
1,5,23.55297,-1.673244,0.645528,-2.660477,-0.5822284,-0.3412018,-0.3016914,0.6734788,
1,5,23.56093,-1.673244,0.645528,-2.660477,-0.5822284,-0.3412018,-0.3016914,0.6734788,
1,5,23.56895,-1.673244,0.645528,-2.660477,-0.5822284,-0.3412018,-0.3016914,0.6734788,
1,5,23.57708,-1.673244,0.645528,-2.660477,-0.5822284,-0.3412018,-0.3016914,0.6734788,
1,5,23.585,-1.673244,0.645528,-2.660477,-0.5822284,-0.3412018,-0.3016914,0.6734788,
1,5,23.59272,-1.673244,0.645528,-2.660477,-0.5822284,-0.3412018,-0.3016914,0.6734788,
1,5,23.60086,-1.673244,0.645528,-2.660477,-0.5822284,-0.3412018,-0.3016914,0.6734788,
1,5,23.60897,-1.673244,0.645528,-2.660477,-0.5822284,-0.3412018,-0.3016914,0.6734788,
1,5,23.61714,-1.673244,0.645528,-2.660477,-0.5822284,-0.3412018,-0.3016914,0.6734788,
1,5,23.62547,-1.673244,0.645528,-2.660477,-0.5822284,-0.3412018,-0.3016914,0.6734788,
1,5,23.63354,-1.673244,0.645528,-2.660477,-0.5822284,-0.3412018,-0.3016914,0.6734788,
1,5,23.64164,-1.673244,0.645528,-2.660477,-0.5822284,-0.3412018,-0.3016914,0.6734788,
1,5,23.64991,-1.673244,0.645528,-2.660477,-0.5822284,-0.3412018,-0.3016914,0.6734788,
1,5,23.65787,-1.673244,0.645528,-2.660477,-0.5822284,-0.3412018,-0.3016914,0.6734788,
1,5,23.66617,-1.673244,0.645528,-2.660477,-0.5822284,-0.3412018,-0.3016914,0.6734788,
1,5,23.6745,-1.673244,0.645528,-2.660477,-0.5822284,-0.3412018,-0.3016914,0.6734788,
1,5,23.68278,-1.673244,0.645528,-2.660477,-0.5822284,-0.3412018,-0.3016914,0.6734788,
1,5,23.69095,-1.673244,0.645528,-2.660477,-0.5822284,-0.3412018,-0.3016914,0.6734788,
1,5,23.69929,-1.673244,0.645528,-2.660477,-0.5822284,-0.3412018,-0.3016914,0.6734788,
1,5,23.70736,-1.673244,0.645528,-2.660477,-0.5822284,-0.3412018,-0.3016914,0.6734788,
1,5,23.71563,-1.673244,0.645528,-2.660477,-0.5822284,-0.3412018,-0.3016914,0.6734788,
1,5,23.72368,-1.673244,0.645528,-2.660477,-0.5822284,-0.3412018,-0.3016914,0.6734788,
1,5,23.73191,-1.673244,0.645528,-2.660477,-0.5822284,-0.3412018,-0.3016914,0.6734788,
1,5,23.73972,-1.673244,0.645528,-2.660477,-0.5822284,-0.3412018,-0.3016914,0.6734788,
1,5,23.74789,-1.673244,0.645528,-2.660477,-0.5822284,-0.3412018,-0.3016914,0.6734788,
1,5,23.75622,-1.673244,0.645528,-2.660477,-0.5822284,-0.3412018,-0.3016914,0.6734788,
1,5,23.76445,-1.673244,0.645528,-2.660477,-0.5822284,-0.3412018,-0.3016914,0.6734788,
1,5,23.77249,-1.673244,0.645528,-2.660477,-0.5822284,-0.3412018,-0.3016914,0.6734788,
1,5,23.78075,-1.673244,0.645528,-2.660477,-0.5822284,-0.3412018,-0.3016914,0.6734788,
1,5,23.78892,-1.673244,0.645528,-2.660477,-0.5822284,-0.3412018,-0.3016914,0.6734788,
1,5,23.79725,-1.673244,0.645528,-2.660477,-0.5822284,-0.3412018,-0.3016914,0.6734788,
1,5,23.80558,-1.673244,0.645528,-2.660477,-0.5822284,-0.3412018,-0.3016914,0.6734788,
1,5,23.81334,-1.673244,0.645528,-2.660477,-0.5822284,-0.3412018,-0.3016914,0.6734788,
1,5,23.82106,-1.673244,0.645528,-2.660477,-0.5822284,-0.3412018,-0.3016914,0.6734788,
1,5,23.82906,-1.673244,0.645528,-2.660477,-0.5822284,-0.3412018,-0.3016914,0.6734788,
1,5,23.83674,-1.673244,0.645528,-2.660477,-0.5822284,-0.3412018,-0.3016914,0.6734788,
1,5,23.84507,-1.673244,0.645528,-2.660477,-0.5822284,-0.3412018,-0.3016914,0.6734788,
1,5,23.85341,-1.673244,0.645528,-2.660477,-0.5822284,-0.3412018,-0.3016914,0.6734788,
1,5,23.86174,-1.673244,0.645528,-2.660477,-0.5822284,-0.3412018,-0.3016914,0.6734788,
1,5,23.86975,-1.673244,0.645528,-2.660477,-0.5822284,-0.3412018,-0.3016914,0.6734788,
1,5,23.87732,-1.673244,0.645528,-2.660477,-0.5822284,-0.3412018,-0.3016914,0.6734788,
1,5,23.8853,-1.673244,0.645528,-2.660477,-0.5822284,-0.3412018,-0.3016914,0.6734788,
1,5,23.89354,-1.673244,0.645528,-2.660477,-0.5822284,-0.3412018,-0.3016914,0.6734788,
1,5,23.90164,-1.673244,0.645528,-2.660477,-0.5822284,-0.3412018,-0.3016914,0.6734788,
1,5,23.90997,-1.673244,0.645528,-2.660477,-0.5822284,-0.3412018,-0.3016914,0.6734788,TargetExpired
1,5,23.91831,-1.673244,0.645528,-2.660477,-0.5822284,-0.3412018,-0.3016914,0.6734788,
1,5,23.92626,-1.673244,0.645528,-2.660477,-0.5822284,-0.3412018,-0.3016914,0.6734788,
1,5,23.93439,-1.673244,0.645528,-2.660477,-0.5822284,-0.3412018,-0.3016914,0.6734788,
1,5,23.9424,-1.673244,0.645528,-2.660477,-0.5822284,-0.3412018,-0.3016914,0.6734788,
1,5,23.95064,-1.673244,0.645528,-2.660477,-0.5822284,-0.3412018,-0.3016914,0.6734788,
1,5,23.95867,-1.673244,0.645528,-2.660477,-0.5822284,-0.3412018,-0.3016914,0.6734788,
1,5,23.96669,-1.673244,0.645528,-2.660477,-0.5822284,-0.3412018,-0.3016914,0.6734788,
1,5,23.9745,-1.673244,0.645528,-2.660477,-0.5822284,-0.3412018,-0.3016914,0.6734788,
1,5,23.98268,-1.673244,0.645528,-2.660477,-0.5822284,-0.3412018,-0.3016914,0.6734788,
1,5,23.99101,-1.673244,0.645528,-2.660477,-0.5822284,-0.3412018,-0.3016914,0.6734788,
1,5,23.99935,-1.673244,0.645528,-2.660477,-0.5822284,-0.3412018,-0.3016914,0.6734788,
1,5,24.0075,-1.673244,0.645528,-2.660477,-0.5822284,-0.3412018,-0.3016914,0.6734788,
1,5,24.01583,-1.673244,0.645528,-2.660477,-0.5822284,-0.3412018,-0.3016914,0.6734788,
1,5,24.02395,-1.673244,0.645528,-2.660477,-0.5822284,-0.3412018,-0.3016914,0.6734788,
1,5,24.03158,-1.673244,0.645528,-2.660477,-0.5822284,-0.3412018,-0.3016914,0.6734788,
1,5,24.03989,-1.673244,0.645528,-2.660477,-0.5822284,-0.3412018,-0.3016914,0.6734788,
1,5,24.04793,-1.673244,0.645528,-2.660477,-0.5822284,-0.3412018,-0.3016914,0.6734788,
1,5,24.05594,-1.673244,0.645528,-2.660477,-0.5822284,-0.3412018,-0.3016914,0.6734788,
1,5,24.06396,-1.673244,0.645528,-2.660477,-0.5822284,-0.3412018,-0.3016914,0.6734788,
1,5,24.07176,-1.673244,0.645528,-2.660477,-0.5822284,-0.3412018,-0.3016914,0.6734788,
1,5,24.08009,-1.673244,0.645528,-2.660477,-0.5822284,-0.3412018,-0.3016914,0.6734788,
1,5,24.08815,-1.673244,0.645528,-2.660477,-0.5822284,-0.3412018,-0.3016914,0.6734788,
1,5,24.09636,-1.673244,0.645528,-2.660477,-0.5822284,-0.3412018,-0.3016914,0.6734788,
1,5,24.1047,-1.673244,0.645528,-2.660477,-0.5822284,-0.3412018,-0.3016914,0.6734788,
1,5,24.11295,-1.673244,0.645528,-2.660477,-0.5822284,-0.3412018,-0.3016914,0.6734788,
1,5,24.1208,-1.673244,0.645528,-2.660477,-0.5822284,-0.3412018,-0.3016914,0.6734788,
1,5,24.12893,-1.673244,0.645528,-2.660477,-0.5822284,-0.3412018,-0.3016914,0.6734788,
1,5,24.13726,-1.673244,0.645528,-2.660477,-0.5822284,-0.3412018,-0.3016914,0.6734788,
1,5,24.14544,-1.673244,0.645528,-2.660477,-0.5822284,-0.3412018,-0.3016914,0.6734788,
1,5,24.15378,-1.673244,0.645528,-2.660477,-0.5822284,-0.3412018,-0.3016914,0.6734788,
1,5,24.16211,-1.673244,0.645528,-2.660477,-0.5822284,-0.3412018,-0.3016914,0.6734788,
1,5,24.17045,-1.673244,0.645528,-2.660477,-0.5822284,-0.3412018,-0.3016914,0.6734788,
1,5,24.17878,-1.673244,0.645528,-2.660477,-0.5822284,-0.3412018,-0.3016914,0.6734788,
1,5,24.18686,-1.673244,0.645528,-2.660477,-0.5822284,-0.3412018,-0.3016914,0.6734788,
1,5,24.1952,-1.673244,0.645528,-2.660477,-0.5822284,-0.3412018,-0.3016914,0.6734788,
1,5,24.20348,-1.673244,0.645528,-2.660477,-0.5822284,-0.3412018,-0.3016914,0.6734788,
1,5,24.21168,-1.673244,0.645528,-2.660477,-0.5822284,-0.3412018,-0.3016914,0.6734788,
1,5,24.21995,-1.673244,0.645528,-2.660477,-0.5822284,-0.3412018,-0.3016914,0.6734788,
1,5,24.22812,-1.673244,0.645528,-2.660477,-0.5822284,-0.3412018,-0.3016914,0.6734788,
1,5,24.23634,-1.673244,0.645528,-2.660477,-0.5822284,-0.3412018,-0.3016914,0.6734788,
1,5,24.24416,-1.673244,0.645528,-2.660477,-0.5822284,-0.3412018,-0.3016914,0.6734788,
1,5,24.25246,-1.673244,0.645528,-2.660477,-0.5822284,-0.3412018,-0.3016914,0.6734788,
1,5,24.26079,-1.673244,0.645528,-2.660477,-0.5822284,-0.3412018,-0.3016914,0.6734788,
1,5,24.26878,-1.673244,0.645528,-2.660477,-0.5822284,-0.3412018,-0.3016914,0.6734788,
1,5,24.27692,-1.673244,0.645528,-2.660477,-0.5822284,-0.3412018,-0.3016914,0.6734788,
1,5,24.28515,-1.673244,0.645528,-2.660477,-0.5822284,-0.3412018,-0.3016914,0.6734788,
1,5,24.29348,-1.673244,0.645528,-2.660477,-0.5822284,-0.3412018,-0.3016914,0.6734788,
1,5,24.30175,-1.673244,0.645528,-2.660477,-0.5822284,-0.3412018,-0.3016914,0.6734788,
1,5,24.31009,-1.673244,0.645528,-2.660477,-0.5822284,-0.3412018,-0.3016914,0.6734788,
1,5,24.31826,-1.673244,0.645528,-2.660477,-0.5822284,-0.3412018,-0.3016914,0.6734788,
1,5,24.32621,-1.673244,0.645528,-2.660477,-0.5822284,-0.3412018,-0.3016914,0.6734788,
1,5,24.33426,-1.673244,0.645528,-2.660477,-0.5822284,-0.3412018,-0.3016914,0.6734788,
1,5,24.34238,-1.673244,0.645528,-2.660477,-0.5822284,-0.3412018,-0.3016914,0.6734788,
1,5,24.35072,-1.673244,0.645528,-2.660477,-0.5822284,-0.3412018,-0.3016914,0.6734788,
1,5,24.35891,-1.673244,0.645528,-2.660477,-0.5822284,-0.3412018,-0.3016914,0.6734788,
1,5,24.36717,-1.673244,0.645528,-2.660477,-0.5822284,-0.3412018,-0.3016914,0.6734788,
1,5,24.3753,-1.673244,0.645528,-2.660477,-0.5822284,-0.3412018,-0.3016914,0.6734788,
1,5,24.38313,-1.673244,0.645528,-2.660477,-0.5822284,-0.3412018,-0.3016914,0.6734788,
1,5,24.39105,-1.673244,0.645528,-2.660477,-0.5822284,-0.3412018,-0.3016914,0.6734788,
1,5,24.39938,-1.673244,0.645528,-2.660477,-0.5822284,-0.3412018,-0.3016914,0.6734788,
1,5,24.40751,-1.673244,0.645528,-2.660477,-0.5822284,-0.3412018,-0.3016914,0.6734788,
1,5,24.41527,-1.673244,0.645528,-2.660477,-0.5822284,-0.3412018,-0.3016914,0.6734788,
1,5,24.42322,-1.673244,0.645528,-2.660477,-0.5822284,-0.3412018,-0.3016914,0.6734788,
1,5,24.4313,-1.673244,0.645528,-2.660477,-0.5822284,-0.3412018,-0.3016914,0.6734788,
1,5,24.43946,-1.673244,0.645528,-2.660477,-0.5822284,-0.3412018,-0.3016914,0.6734788,
1,5,24.44737,-1.673244,0.645528,-2.660477,-0.5822284,-0.3412018,-0.3016914,0.6734788,
1,5,24.45522,-1.673244,0.645528,-2.660477,-0.5822284,-0.3412018,-0.3016914,0.6734788,
1,5,24.46343,-1.673244,0.645528,-2.660477,-0.5822284,-0.3412018,-0.3016914,0.6734788,
1,5,24.47136,-1.673244,0.645528,-2.660477,-0.5822284,-0.3412018,-0.3016914,0.6734788,
1,5,24.47969,-1.673244,0.645528,-2.660477,-0.5822284,-0.3412018,-0.3016914,0.6734788,
1,5,24.48741,-1.673244,0.645528,-2.660477,-0.5822284,-0.3412018,-0.3016914,0.6734788,
1,5,24.49564,-1.673244,0.645528,-2.660477,-0.5822284,-0.3412018,-0.3016914,0.6734788,
1,5,24.50373,-1.673244,0.645528,-2.660477,-0.5822284,-0.3412018,-0.3016914,0.6734788,
1,5,24.51186,-1.673244,0.645528,-2.660477,-0.5822284,-0.3412018,-0.3016914,0.6734788,
1,5,24.5201,-1.673244,0.645528,-2.660477,-0.5822284,-0.3412018,-0.3016914,0.6734788,
1,5,24.52813,-1.673244,0.645528,-2.660477,-0.5822284,-0.3412018,-0.3016914,0.6734788,
1,5,24.53631,-1.673244,0.645528,-2.660477,-0.5822284,-0.3412018,-0.3016914,0.6734788,
1,5,24.54422,-1.673244,0.645528,-2.660477,-0.5822284,-0.3412018,-0.3016914,0.6734788,
1,5,24.55192,-1.673244,0.645528,-2.660477,-0.5822284,-0.3412018,-0.3016914,0.6734788,
1,5,24.56011,-1.673244,0.645528,-2.660477,-0.5822284,-0.3412018,-0.3016914,0.6734788,
1,5,24.56815,-1.673244,0.645528,-2.660477,-0.5822284,-0.3412018,-0.3016914,0.6734788,
1,5,24.57607,-1.673244,0.645528,-2.660477,-0.5822284,-0.3412018,-0.3016914,0.6734788,
1,5,24.5844,-1.673244,0.645528,-2.660477,-0.5822284,-0.3412018,-0.3016914,0.6734788,
1,5,24.59261,-1.673244,0.645528,-2.660477,-0.5822284,-0.3412018,-0.3016914,0.6734788,
1,5,24.60075,-1.673244,0.645528,-2.660477,-0.5822284,-0.3412018,-0.3016914,0.6734788,
1,5,24.60849,-1.673244,0.645528,-2.660477,-0.5822284,-0.3412018,-0.3016914,0.6734788,
1,5,24.61682,-1.673244,0.645528,-2.660477,-0.5822284,-0.3412018,-0.3016914,0.6734788,
1,5,24.62515,-1.673244,0.645528,-2.660477,-0.5822284,-0.3412018,-0.3016914,0.6734788,
1,5,24.63293,-1.673244,0.645528,-2.660477,-0.5822284,-0.3412018,-0.3016914,0.6734788,
1,5,24.64126,-1.673244,0.645528,-2.660477,-0.5822284,-0.3412018,-0.3016914,0.6734788,
1,5,24.64904,-1.673244,0.645528,-2.660477,-0.5822284,-0.3412018,-0.3016914,0.6734788,
1,5,24.65717,-1.673244,0.645528,-2.660477,-0.5822284,-0.3412018,-0.3016914,0.6734788,
1,5,24.66515,-1.673244,0.645528,-2.660477,-0.5822284,-0.3412018,-0.3016914,0.6734788,
1,5,24.67349,-1.673244,0.645528,-2.660477,-0.5822284,-0.3412018,-0.3016914,0.6734788,
1,5,24.68182,-1.673244,0.645528,-2.660477,-0.5822284,-0.3412018,-0.3016914,0.6734788,
1,5,24.69015,-1.673244,0.645528,-2.660477,-0.5822284,-0.3412018,-0.3016914,0.6734788,
1,5,24.69849,-1.673244,0.645528,-2.660477,-0.5822284,-0.3412018,-0.3016914,0.6734788,
1,5,24.70646,-1.673244,0.645528,-2.660477,-0.5822284,-0.3412018,-0.3016914,0.6734788,
1,5,24.7147,-1.673244,0.645528,-2.660477,-0.5822284,-0.3412018,-0.3016914,0.6734788,
1,5,24.72263,-1.673244,0.645528,-2.660477,-0.5822284,-0.3412018,-0.3016914,0.6734788,
1,5,24.73075,-1.673244,0.645528,-2.660477,-0.5822284,-0.3412018,-0.3016914,0.6734788,
1,5,24.73908,-1.673244,0.645528,-2.660477,-0.5822284,-0.3412018,-0.3016914,0.6734788,
1,5,24.74736,-1.673244,0.645528,-2.660477,-0.5822284,-0.3412018,-0.3016914,0.6734788,
1,5,24.75542,-1.673244,0.645528,-2.660477,-0.5822284,-0.3412018,-0.3016914,0.6734788,
1,5,24.76352,-1.673244,0.645528,-2.660477,-0.5822284,-0.3412018,-0.3016914,0.6734788,
1,5,24.77162,-1.673244,0.645528,-2.660477,-0.5822284,-0.3412018,-0.3016914,0.6734788,
1,5,24.77957,-1.673244,0.645528,-2.660477,-0.5822284,-0.3412018,-0.3016914,0.6734788,
1,5,24.78746,-1.673244,0.645528,-2.660477,-0.5822284,-0.3412018,-0.3016914,0.6734788,
1,5,24.79569,-1.673244,0.645528,-2.660477,-0.5822284,-0.3412018,-0.3016914,0.6734788,
1,5,24.80393,-1.673244,0.645528,-2.660477,-0.5822284,-0.3412018,-0.3016914,0.6734788,
1,5,24.81198,-1.673244,0.645528,-2.660477,-0.5822284,-0.3412018,-0.3016914,0.6734788,
1,5,24.82031,-1.673244,0.645528,-2.660477,-0.5822284,-0.3412018,-0.3016914,0.6734788,
1,5,24.8286,-1.673244,0.645528,-2.660477,-0.5822284,-0.3412018,-0.3016914,0.6734788,
1,5,24.83646,-1.673244,0.645528,-2.660477,-0.5822284,-0.3412018,-0.3016914,0.6734788,
1,5,24.84398,-1.673244,0.645528,-2.660477,-0.5822284,-0.3412018,-0.3016914,0.6734788,
1,5,24.85172,-1.673244,0.645528,-2.660477,-0.5822284,-0.3412018,-0.3016914,0.6734788,
1,5,24.8599,-1.673244,0.645528,-2.660477,-0.5822284,-0.3412018,-0.3016914,0.6734788,
1,5,24.86824,-1.673244,0.645528,-2.660477,-0.5822284,-0.3412018,-0.3016914,0.6734788,
1,5,24.87626,-1.673244,0.645528,-2.660477,-0.5822284,-0.3412018,-0.3016914,0.6734788,
1,5,24.88459,-1.673244,0.645528,-2.660477,-0.5822284,-0.3412018,-0.3016914,0.6734788,
1,5,24.89253,-1.673244,0.645528,-2.660477,-0.5822284,-0.3412018,-0.3016914,0.6734788,
1,5,24.9003,-1.673244,0.645528,-2.660477,-0.5822284,-0.3412018,-0.3016914,0.6734788,
1,5,24.90845,-1.673244,0.645528,-2.660477,-0.5822284,-0.3412018,-0.3016914,0.6734788,
1,5,24.91663,-1.673244,0.645528,-2.660477,-0.5822284,-0.3412018,-0.3016914,0.6734788,
1,5,24.92496,-1.673244,0.645528,-2.660477,-0.5822284,-0.3412018,-0.3016914,0.6734788,
1,5,24.9327,-1.673244,0.645528,-2.660477,-0.5822284,-0.3412018,-0.3016914,0.6734788,
1,5,24.94103,-1.673244,0.645528,-2.660477,-0.5822284,-0.3412018,-0.3016914,0.6734788,
1,5,24.94912,-1.673244,0.645528,-2.660477,-0.5822284,-0.3412018,-0.3016914,0.6734788,
1,5,24.95704,-1.673244,0.645528,-2.660477,-0.5822284,-0.3412018,-0.3016914,0.6734788,
1,5,24.965,-1.673244,0.645528,-2.660477,-0.5822284,-0.3412018,-0.3016914,0.6734788,
1,5,24.9728,-1.673244,0.645528,-2.660477,-0.5822284,-0.3412018,-0.3016914,0.6734788,
1,5,24.98101,-1.673244,0.645528,-2.660477,-0.5822284,-0.3412018,-0.3016914,0.6734788,
1,5,24.98926,-1.673244,0.645528,-2.660477,-0.5822284,-0.3412018,-0.3016914,0.6734788,
1,5,24.99713,-1.673244,0.645528,-2.660477,-0.5822284,-0.3412018,-0.3016914,0.6734788,
1,5,25.00543,-1.673244,0.645528,-2.660477,-0.5822284,-0.3412018,-0.3016914,0.6734788,
1,5,25.01377,-1.673244,0.645528,-2.660477,-0.5822284,-0.3412018,-0.3016914,0.6734788,
1,5,25.02164,-1.673244,0.645528,-2.660477,-0.5822284,-0.3412018,-0.3016914,0.6734788,
1,5,25.02941,-1.673244,0.645528,-2.660477,-0.5822284,-0.3412018,-0.3016914,0.6734788,
1,5,25.03745,-1.673244,0.645528,-2.660477,-0.5822284,-0.3412018,-0.3016914,0.6734788,
1,5,25.04552,-1.673244,0.645528,-2.660477,-0.5822284,-0.3412018,-0.3016914,0.6734788,
1,5,25.05338,-1.673244,0.645528,-2.660477,-0.5822284,-0.3412018,-0.3016914,0.6734788,
1,5,25.06154,-1.673244,0.645528,-2.660477,-0.5822284,-0.3412018,-0.3016914,0.6734788,
1,5,25.06974,-1.673244,0.645528,-2.660477,-0.5822284,-0.3412018,-0.3016914,0.6734788,
1,5,25.07774,-1.673244,0.645528,-2.660477,-0.5822284,-0.3412018,-0.3016914,0.6734788,
1,5,25.08565,-1.673244,0.645528,-2.660477,-0.5822284,-0.3412018,-0.3016914,0.6734788,
1,5,25.09331,-1.673244,0.645528,-2.660477,-0.5822284,-0.3412018,-0.3016914,0.6734788,
1,5,25.10165,-1.673244,0.645528,-2.660477,-0.5822284,-0.3412018,-0.3016914,0.6734788,
1,5,25.10959,-1.673244,0.645528,-2.660477,-0.5822284,-0.3412018,-0.3016914,0.6734788,
1,5,25.11793,-1.673244,0.645528,-2.660477,-0.5822284,-0.3412018,-0.3016914,0.6734788,
1,5,25.12626,-1.673244,0.645528,-2.660477,-0.5822284,-0.3412018,-0.3016914,0.6734788,
1,6,25.13459,-1.673244,0.645528,-2.660477,-0.5822284,-0.3412018,-0.3016914,0.6734788,TrialStart
1,6,25.14291,-1.673244,0.645528,-2.660477,-0.5822284,-0.3412018,-0.3016914,0.6734788,
1,6,25.15125,-1.673244,0.645528,-2.660477,-0.5822284,-0.3412018,-0.3016914,0.6734788,
1,6,25.15958,-1.673244,0.645528,-2.660477,-0.5822284,-0.3412018,-0.3016914,0.6734788,
1,6,25.16791,-1.673244,0.645528,-2.660477,-0.5822284,-0.3412018,-0.3016914,0.6734788,
1,6,25.17596,-1.673244,0.645528,-2.660477,-0.5822284,-0.3412018,-0.3016914,0.6734788,
1,6,25.18426,-1.673244,0.645528,-2.660477,-0.5822284,-0.3412018,-0.3016914,0.6734788,
1,6,25.19232,-1.673244,0.645528,-2.660477,-0.5822284,-0.3412018,-0.3016914,0.6734788,
1,6,25.20065,-1.673244,0.645528,-2.660477,-0.5822284,-0.3412018,-0.3016914,0.6734788,
1,6,25.20856,-1.673244,0.645528,-2.660477,-0.5822284,-0.3412018,-0.3016914,0.6734788,
1,6,25.21689,-1.673244,0.645528,-2.660477,-0.5822284,-0.3412018,-0.3016914,0.6734788,
1,6,25.22508,-1.673244,0.645528,-2.660477,-0.5822284,-0.3412018,-0.3016914,0.6734788,
1,6,25.2332,-1.673244,0.645528,-2.660477,-0.5822284,-0.3412018,-0.3016914,0.6734788,
1,6,25.24137,-1.673244,0.645528,-2.660477,-0.5822284,-0.3412018,-0.3016914,0.6734788,
1,6,25.24912,-1.673244,0.645528,-2.660477,-0.5822284,-0.3412018,-0.3016914,0.6734788,
1,6,25.25686,-1.673244,0.645528,-2.660477,-0.5822284,-0.3412018,-0.3016914,0.6734788,
1,6,25.26519,-1.673244,0.645528,-2.660477,-0.5822284,-0.3412018,-0.3016914,0.6734788,
1,6,25.27353,-1.673244,0.645528,-2.660477,-0.5822284,-0.3412018,-0.3016914,0.6734788,
1,6,25.28186,-1.673244,0.645528,-2.660477,-0.5822284,-0.3412018,-0.3016914,0.6734788,
1,6,25.29001,-1.673244,0.645528,-2.660477,-0.5822284,-0.3412018,-0.3016914,0.6734788,
1,6,25.2981,-1.673244,0.645528,-2.660477,-0.5822284,-0.3412018,-0.3016914,0.6734788,
1,6,25.3064,-1.673244,0.645528,-2.660477,-0.5822284,-0.3412018,-0.3016914,0.6734788,
1,6,25.31423,-1.673244,0.645528,-2.660477,-0.5822284,-0.3412018,-0.3016914,0.6734788,
1,6,25.32228,-1.673244,0.645528,-2.660477,-0.5822284,-0.3412018,-0.3016914,0.6734788,
1,6,25.33054,-1.673244,0.645528,-2.660477,-0.5822284,-0.3412018,-0.3016914,0.6734788,
1,6,25.33844,-1.673244,0.645528,-2.660477,-0.5822284,-0.3412018,-0.3016914,0.6734788,
1,6,25.34619,-1.673244,0.645528,-2.660477,-0.5822284,-0.3412018,-0.3016914,0.6734788,
1,6,25.35452,-1.673244,0.645528,-2.660477,-0.5822284,-0.3412018,-0.3016914,0.6734788,
1,6,25.36281,-1.673244,0.645528,-2.660477,-0.5822284,-0.3412018,-0.3016914,0.6734788,
1,6,25.37101,-1.673244,0.645528,-2.660477,-0.5822284,-0.3412018,-0.3016914,0.6734788,
1,6,25.37901,-1.673244,0.645528,-2.660477,-0.5822284,-0.3412018,-0.3016914,0.6734788,
1,6,25.38699,-1.673244,0.645528,-2.660477,-0.5822284,-0.3412018,-0.3016914,0.6734788,
1,6,25.39508,-1.673244,0.645528,-2.660477,-0.5822284,-0.3412018,-0.3016914,0.6734788,
1,6,25.40326,-1.673244,0.645528,-2.660477,-0.5822284,-0.3412018,-0.3016914,0.6734788,
1,6,25.41122,-1.673244,0.645528,-2.660477,-0.5822284,-0.3412018,-0.3016914,0.6734788,
1,6,25.41928,-1.673244,0.645528,-2.660477,-0.5822284,-0.3412018,-0.3016914,0.6734788,
1,6,25.42761,-1.673244,0.645528,-2.660477,-0.5822284,-0.3412018,-0.3016914,0.6734788,
1,6,25.43589,-1.673244,0.645528,-2.660477,-0.5822284,-0.3412018,-0.3016914,0.6734788,
1,6,25.444,-1.673244,0.645528,-2.660477,-0.5822284,-0.3412018,-0.3016914,0.6734788,
1,6,25.45186,-1.673244,0.645528,-2.660477,-0.5822284,-0.3412018,-0.3016914,0.6734788,
1,6,25.4602,-1.673244,0.645528,-2.660477,-0.5822284,-0.3412018,-0.3016914,0.6734788,
1,6,25.46853,-1.673244,0.645528,-2.660477,-0.5822284,-0.3412018,-0.3016914,0.6734788,
1,6,25.47686,-1.673244,0.645528,-2.660477,-0.5822284,-0.3412018,-0.3016914,0.6734788,
1,6,25.48488,-1.673244,0.645528,-2.660477,-0.5822284,-0.3412018,-0.3016914,0.6734788,
1,6,25.49306,-1.673244,0.645528,-2.660477,-0.5822284,-0.3412018,-0.3016914,0.6734788,
1,6,25.50139,-1.673244,0.645528,-2.660477,-0.5822284,-0.3412018,-0.3016914,0.6734788,
1,6,25.50972,-1.673244,0.645528,-2.660477,-0.5822284,-0.3412018,-0.3016914,0.6734788,
1,6,25.5178,-1.673244,0.645528,-2.660477,-0.5822284,-0.3412018,-0.3016914,0.6734788,
1,6,25.52591,-1.673244,0.645528,-2.660477,-0.5822284,-0.3412018,-0.3016914,0.6734788,
1,6,25.53386,-1.673244,0.645528,-2.660477,-0.5822284,-0.3412018,-0.3016914,0.6734788,
1,6,25.54159,-1.673244,0.645528,-2.660477,-0.5822284,-0.3412018,-0.3016914,0.6734788,
1,6,25.54992,-1.673244,0.645528,-2.660477,-0.5822284,-0.3412018,-0.3016914,0.6734788,
1,6,25.55813,-1.673244,0.645528,-2.660477,-0.5822284,-0.3412018,-0.3016914,0.6734788,
