stage,trial,time,position.x,position.y,position.z,rotation.x,rotation.y,rotation.z,rotation.w,event
1,1,0.001,0.2714378,0.05376674,-1.186532,0.1401449,0.700755,-0.6820877,0.1551076,TrialStart
1,1,0.003,0.2714378,0.05376674,-1.186532,0.1401449,0.700755,-0.6820877,0.1551076,
1,1,0.005,0.2714378,0.05376674,-1.186532,0.1401449,0.700755,-0.6820877,0.1551076,
1,1,0.007,0.2714378,0.05376674,-1.186532,0.1401449,0.700755,-0.6820877,0.1551076,
1,1,0.009,0.2714378,0.05376674,-1.186532,0.1401449,0.700755,-0.6820877,0.1551076,
1,1,0.011,0.2714378,0.05376674,-1.186532,0.1401449,0.700755,-0.6820877,0.1551076,
1,1,0.013,0.2714378,0.05376674,-1.186532,0.1401449,0.700755,-0.6820877,0.1551076,
1,1,0.015,0.2714378,0.05376674,-1.186532,0.1401449,0.700755,-0.6820877,0.1551076,
1,1,0.017,0.2714378,0.05376674,-1.186532,0.1401449,0.700755,-0.6820877,0.1551076,
1,1,0.019,0.2714378,0.05376674,-1.186532,0.1401449,0.700755,-0.6820877,0.1551076,
1,1,0.021,0.2713673,0.0536739,-1.186551,0.1403766,0.7006834,-0.6821519,0.1549391,
1,1,0.023,0.2713673,0.0536739,-1.186551,0.1403766,0.7006834,-0.6821519,0.1549391,
1,1,0.025,0.2713673,0.0536739,-1.186551,0.1403766,0.7006834,-0.6821519,0.1549391,
1,1,0.027,0.2713673,0.0536739,-1.186551,0.1403766,0.7006834,-0.6821519,0.1549391,
1,1,0.029,0.2714137,0.0537954,-1.186542,0.1399701,0.7008438,-0.6820391,0.1550779,
1,1,0.031,0.2714137,0.0537954,-1.186542,0.1399701,0.7008438,-0.6820391,0.1550779,
1,1,0.033,0.2714137,0.0537954,-1.186542,0.1399701,0.7008438,-0.6820391,0.1550779,
1,1,0.035,0.2714137,0.0537954,-1.186542,0.1399701,0.7008438,-0.6820391,0.1550779,
1,1,0.037,0.2714302,0.05382257,-1.186547,0.1399361,0.7008493,-0.682009,0.1552154,
1,1,0.039,0.2714302,0.05382257,-1.186547,0.1399361,0.7008493,-0.682009,0.1552154,
1,1,0.041,0.2714302,0.05382257,-1.186547,0.1399361,0.7008493,-0.682009,0.1552154,
1,1,0.043,0.2714302,0.05382257,-1.186547,0.1399361,0.7008493,-0.682009,0.1552154,
1,1,0.045,0.2714322,0.05381846,-1.186553,0.1399254,0.7008443,-0.6819999,0.1552882,
1,1,0.047,0.2714322,0.05381846,-1.186553,0.1399254,0.7008443,-0.6819999,0.1552882,
1,1,0.049,0.2714322,0.05381846,-1.186553,0.1399254,0.7008443,-0.6819999,0.1552882,
1,1,0.051,0.2714322,0.05381846,-1.186553,0.1399254,0.7008443,-0.6819999,0.1552882,
1,1,0.053,0.2714322,0.05381846,-1.186553,0.1399254,0.7008443,-0.6819999,0.1552882,
1,1,0.055,0.2713958,0.05377821,-1.186514,0.1400656,0.7008435,-0.6820149,0.1550994,
1,1,0.057,0.2713958,0.05377821,-1.186514,0.1400656,0.7008435,-0.6820149,0.1550994,
1,1,0.059,0.2713958,0.05377821,-1.186514,0.1400656,0.7008435,-0.6820149,0.1550994,
1,1,0.061,0.2713958,0.05377821,-1.186514,0.1400656,0.7008435,-0.6820149,0.1550994,
1,1,0.063,0.2714478,0.05380902,-1.186526,0.1399036,0.7008758,-0.6819806,0.1552503,
1,1,0.065,0.2714478,0.05380902,-1.186526,0.1399036,0.7008758,-0.6819806,0.1552503,
1,1,0.067,0.2714478,0.05380902,-1.186526,0.1399036,0.7008758,-0.6819806,0.1552503,
1,1,0.069,0.2714478,0.05380902,-1.186526,0.1399036,0.7008758,-0.6819806,0.1552503,
1,1,0.071,0.2714525,0.05384904,-1.186544,0.1397539,0.7009519,-0.6819289,0.1552685,
1,1,0.073,0.2714525,0.05384904,-1.186544,0.1397539,0.7009519,-0.6819289,0.1552685,
1,1,0.075,0.2714525,0.05384904,-1.186544,0.1397539,0.7009519,-0.6819289,0.1552685,
1,1,0.077,0.2714525,0.05384904,-1.186544,0.1397539,0.7009519,-0.6819289,0.1552685,
1,1,0.079,0.2714167,0.05383424,-1.186559,0.1397795,0.7009735,-0.6819319,0.1551354,
1,1,0.081,0.2714167,0.05383424,-1.186559,0.1397795,0.7009735,-0.6819319,0.1551354,
1,1,0.083,0.2714167,0.05383424,-1.186559,0.1397795,0.7009735,-0.6819319,0.1551354,
1,1,0.085,0.2714167,0.05383424,-1.186559,0.1397795,0.7009735,-0.6819319,0.1551354,
1,1,0.087,0.27139,0.05382128,-1.186599,0.1398132,0.7009584,-0.6819391,0.1551412,
1,1,0.089,0.27139,0.05382128,-1.186599,0.1398132,0.7009584,-0.6819391,0.1551412,
1,1,0.091,0.27139,0.05382128,-1.186599,0.1398132,0.7009584,-0.6819391,0.1551412,
1,1,0.093,0.27139,0.05382128,-1.186599,0.1398132,0.7009584,-0.6819391,0.1551412,
1,1,0.095,0.271394,0.05379341,-1.186533,0.1399575,0.700912,-0.681977,0.1550534,
1,1,0.097,0.271394,0.05379341,-1.186533,0.1399575,0.700912,-0.681977,0.1550534,
1,1,0.099,0.271394,0.05379341,-1.186533,0.1399575,0.700912,-0.681977,0.1550534,
1,1,0.101,0.271394,0.05379341,-1.186533,0.1399575,0.700912,-0.681977,0.1550534,
1,1,0.103,0.271394,0.05379341,-1.186533,0.1399575,0.700912,-0.681977,0.1550534,
1,1,0.105,0.2713926,0.05383026,-1.186539,0.1399266,0.700923,-0.6819568,0.155121,
1,1,0.107,0.2713926,0.05383026,-1.186539,0.1399266,0.700923,-0.6819568,0.155121,
1,1,0.109,0.2713926,0.05383026,-1.186539,0.1399266,0.700923,-0.6819568,0.155121,
1,1,0.111,0.2713926,0.05383026,-1.186539,0.1399266,0.700923,-0.6819568,0.155121,
1,1,0.113,0.2714145,0.05381768,-1.186531,0.1399461,0.7009141,-0.6819634,0.1551147,
1,1,0.115,0.2714145,0.05381768,-1.186531,0.1399461,0.7009141,-0.6819634,0.1551147,
1,1,0.117,0.2714145,0.05381768,-1.186531,0.1399461,0.7009141,-0.6819634,0.1551147,
1,1,0.119,0.2714145,0.05381768,-1.186531,0.1399461,0.7009141,-0.6819634,0.1551147,
1,1,0.121,0.2714258,0.05383083,-1.186549,0.1398573,0.7009182,-0.6819633,0.1551767,
1,1,0.123,0.2714258,0.05383083,-1.186549,0.1398573,0.7009182,-0.6819633,0.1551767,
1,1,0.125,0.2714258,0.05383083,-1.186549,0.1398573,0.7009182,-0.6819633,0.1551767,
1,1,0.127,0.2714258,0.05383083,-1.186549,0.1398573,0.7009182,-0.6819633,0.1551767,
1,1,0.129,0.2714176,0.05384532,-1.186544,0.139819,0.7009254,-0.681961,0.1551882,
1,1,0.131,0.2714176,0.05384532,-1.186544,0.139819,0.7009254,-0.681961,0.1551882,
1,1,0.133,0.2714176,0.05384532,-1.186544,0.139819,0.7009254,-0.681961,0.1551882,
1,1,0.135,0.2714176,0.05384532,-1.186544,0.139819,0.7009254,-0.681961,0.1551882,
1,1,0.137,0.2714069,0.05380547,-1.186534,0.1399338,0.7009148,-0.6819571,0.15515,
1,1,0.139,0.2714069,0.05380547,-1.186534,0.1399338,0.7009148,-0.6819571,0.15515,
1,1,0.141,0.2714069,0.05380547,-1.186534,0.1399338,0.7009148,-0.6819571,0.15515,
1,1,0.143,0.2714069,0.05380547,-1.186534,0.1399338,0.7009148,-0.6819571,0.15515,
1,1,0.145,0.2714025,0.05381264,-1.186512,0.139993,0.7009078,-0.6819661,0.1550888,
1,1,0.147,0.2714025,0.05381264,-1.186512,0.139993,0.7009078,-0.6819661,0.1550888,
1,1,0.149,0.2714025,0.05381264,-1.186512,0.139993,0.7009078,-0.6819661,0.1550888,
1,1,0.151,0.2714025,0.05381264,-1.186512,0.139993,0.7009078,-0.6819661,0.1550888,
1,1,0.153,0.2714025,0.05381264,-1.186512,0.139993,0.7009078,-0.6819661,0.1550888,
1,1,0.155,0.2714092,0.05402448,-1.186708,0.139211,0.700967,-0.6819875,0.1554307,
1,1,0.157,0.2714092,0.05402448,-1.186708,0.139211,0.700967,-0.6819875,0.1554307,
1,1,0.159,0.2714092,0.05402448,-1.186708,0.139211,0.700967,-0.6819875,0.1554307,
1,1,0.161,0.2714092,0.05402448,-1.186708,0.139211,0.700967,-0.6819875,0.1554307,
1,1,0.163,0.2714005,0.05408654,-1.186764,0.1389615,0.7009421,-0.6820309,0.1555756,
1,1,0.165,0.2714005,0.05408654,-1.186764,0.1389615,0.7009421,-0.6820309,0.1555756,
1,1,0.167,0.2714005,0.05408654,-1.186764,0.1389615,0.7009421,-0.6820309,0.1555756,
1,1,0.169,0.2714005,0.05408654,-1.186764,0.1389615,0.7009421,-0.6820309,0.1555756,
1,1,0.171,0.2713624,0.0540488,-1.186745,0.1389025,0.7009025,-0.6820619,0.1556709,
1,1,0.173,0.2713624,0.0540488,-1.186745,0.1389025,0.7009025,-0.6820619,0.1556709,
1,1,0.175,0.2713624,0.0540488,-1.186745,0.1389025,0.7009025,-0.6820619,0.1556709,
1,1,0.177,0.2713624,0.0540488,-1.186745,0.1389025,0.7009025,-0.6820619,0.1556709,
1,1,0.179,0.2713361,0.05405777,-1.186741,0.1388921,0.7008957,-0.6820797,0.1556325,
1,1,0.181,0.2713361,0.05405777,-1.186741,0.1388921,0.7008957,-0.6820797,0.1556325,
1,1,0.183,0.2713361,0.05405777,-1.186741,0.1388921,0.7008957,-0.6820797,0.1556325,
1,1,0.185,0.2713361,0.05405777,-1.186741,0.1388921,0.7008957,-0.6820797,0.1556325,
1,1,0.187,0.2713469,0.05405628,-1.186742,0.1388314,0.700896,-0.6820847,0.1556636,
1,1,0.189,0.2713469,0.05405628,-1.186742,0.1388314,0.700896,-0.6820847,0.1556636,
1,1,0.191,0.2713469,0.05405628,-1.186742,0.1388314,0.700896,-0.6820847,0.1556636,
1,1,0.193,0.2713469,0.05405628,-1.186742,0.1388314,0.700896,-0.6820847,0.1556636,
1,1,0.195,0.2713862,0.05406804,-1.186783,0.1385868,0.7008435,-0.6821848,0.1556797,
1,1,0.197,0.2713862,0.05406804,-1.186783,0.1385868,0.7008435,-0.6821848,0.1556797,
1,1,0.199,0.2713862,0.05406804,-1.186783,0.1385868,0.7008435,-0.6821848,0.1556797,
1,1,0.201,0.2713862,0.05406804,-1.186783,0.1385868,0.7008435,-0.6821848,0.1556797,
1,1,0.203,0.2713862,0.05406804,-1.186783,0.1385868,0.7008435,-0.6821848,0.1556797,
1,1,0.205,0.2713381,0.05406868,-1.186787,0.1386177,0.7008655,-0.6821667,0.1556315,
1,1,0.207,0.2713381,0.05406868,-1.186787,0.1386177,0.7008655,-0.6821667,0.1556315,
1,1,0.209,0.2713381,0.05406868,-1.186787,0.1386177,0.7008655,-0.6821667,0.1556315,
1,1,0.211,0.2713381,0.05406868,-1.186787,0.1386177,0.7008655,-0.6821667,0.1556315,
1,1,0.213,0.2713525,0.05408232,-1.186786,0.1385782,0.7008619,-0.6821865,0.1555968,
1,1,0.215,0.2713525,0.05408232,-1.186786,0.1385782,0.7008619,-0.6821865,0.1555968,
1,1,0.217,0.2713525,0.05408232,-1.186786,0.1385782,0.7008619,-0.6821865,0.1555968,
1,1,0.219,0.2713525,0.05408232,-1.186786,0.1385782,0.7008619,-0.6821865,0.1555968,
1,1,0.221,0.2713559,0.05405548,-1.186776,0.1385669,0.7009302,-0.6821324,0.1555363,
1,1,0.223,0.2713559,0.05405548,-1.186776,0.1385669,0.7009302,-0.6821324,0.1555363,
1,1,0.225,0.2713559,0.05405548,-1.186776,0.1385669,0.7009302,-0.6821324,0.1555363,
1,1,0.227,0.2713559,0.05405548,-1.186776,0.1385669,0.7009302,-0.6821324,0.1555363,
1,1,0.229,0.27135,0.05408744,-1.18679,0.1384493,0.7009425,-0.6821271,0.1556088,
1,1,0.231,0.27135,0.05408744,-1.18679,0.1384493,0.7009425,-0.6821271,0.1556088,
1,1,0.233,0.27135,0.05408744,-1.18679,0.1384493,0.7009425,-0.6821271,0.1556088,
1,1,0.235,0.27135,0.05408744,-1.18679,0.1384493,0.7009425,-0.6821271,0.1556088,
1,1,0.237,0.2713563,0.05408074,-1.186793,0.1384736,0.7009525,-0.6821181,0.1555817,
1,1,0.239,0.2713563,0.05408074,-1.186793,0.1384736,0.7009525,-0.6821181,0.1555817,
1,1,0.241,0.2713563,0.05408074,-1.186793,0.1384736,0.7009525,-0.6821181,0.1555817,
1,1,0.243,0.2713563,0.05408074,-1.186793,0.1384736,0.7009525,-0.6821181,0.1555817,
1,1,0.245,0.2713611,0.05399843,-1.186767,0.1386935,0.7009347,-0.6821112,0.1554959,
1,1,0.247,0.2713611,0.05399843,-1.186767,0.1386935,0.7009347,-0.6821112,0.1554959,
1,1,0.249,0.2713611,0.05399843,-1.186767,0.1386935,0.7009347,-0.6821112,0.1554959,
1,1,0.251,0.2713611,0.05399843,-1.186767,0.1386935,0.7009347,-0.6821112,0.1554959,
1,1,0.253,0.2713611,0.05399843,-1.186767,0.1386935,0.7009347,-0.6821112,0.1554959,
1,1,0.255,0.2713766,0.05408227,-1.186794,0.1385362,0.7009565,-0.682097,0.1556002,
1,1,0.257,0.2713766,0.05408227,-1.186794,0.1385362,0.7009565,-0.682097,0.1556002,
1,1,0.259,0.2713766,0.05408227,-1.186794,0.1385362,0.7009565,-0.682097,0.1556002,
1,1,0.261,0.2713766,0.05408227,-1.186794,0.1385362,0.7009565,-0.682097,0.1556002,
1,1,0.263,0.2713684,0.05407797,-1.186798,0.138519,0.700948,-0.6821097,0.1555984,
1,1,0.265,0.2713684,0.05407797,-1.186798,0.138519,0.700948,-0.6821097,0.1555984,
1,1,0.267,0.2713684,0.05407797,-1.186798,0.138519,0.700948,-0.6821097,0.1555984,
1,1,0.269,0.2713684,0.05407797,-1.186798,0.138519,0.700948,-0.6821097,0.1555984,
1,1,0.271,0.2713694,0.05406611,-1.186797,0.1384706,0.7009189,-0.6821334,0.1556683,
1,1,0.273,0.2713694,0.05406611,-1.186797,0.1384706,0.7009189,-0.6821334,0.1556683,
1,1,0.275,0.2713694,0.05406611,-1.186797,0.1384706,0.7009189,-0.6821334,0.1556683,
1,1,0.277,0.2713694,0.05406611,-1.186797,0.1384706,0.7009189,-0.6821334,0.1556683,
1,1,0.279,0.2713546,0.05398162,-1.18675,0.1387012,0.7009102,-0.6821373,0.1554855,
1,1,0.281,0.2713546,0.05398162,-1.18675,0.1387012,0.7009102,-0.6821373,0.1554855,
1,1,0.283,0.2713546,0.05398162,-1.18675,0.1387012,0.7009102,-0.6821373,0.1554855,
1,1,0.285,0.2713546,0.05398162,-1.18675,0.1387012,0.7009102,-0.6821373,0.1554855,
1,1,0.287,0.2713478,0.05405433,-1.186777,0.1386046,0.7009111,-0.6821467,0.1555258,
1,1,0.289,0.2713478,0.05405433,-1.186777,0.1386046,0.7009111,-0.6821467,0.1555258,
1,1,0.291,0.2713478,0.05405433,-1.186777,0.1386046,0.7009111,-0.6821467,0.1555258,
1,1,0.293,0.2713478,0.05405433,-1.186777,0.1386046,0.7009111,-0.6821467,0.1555258,
1,1,0.295,0.2713842,0.05399221,-1.186761,0.1386984,0.7009068,-0.6821294,0.1555376,
1,1,0.297,0.2713842,0.05399221,-1.186761,0.1386984,0.7009068,-0.6821294,0.1555376,
1,1,0.299,0.2713842,0.05399221,-1.186761,0.1386984,0.7009068,-0.6821294,0.1555376,
1,1,0.301,0.2713842,0.05399221,-1.186761,0.1386984,0.7009068,-0.6821294,0.1555376,
1,1,0.303,0.2713842,0.05399221,-1.186761,0.1386984,0.7009068,-0.6821294,0.1555376,
1,1,0.305,0.2713789,0.05404139,-1.186772,0.1385987,0.7009217,-0.6821316,0.1555499,
1,1,0.307,0.2713789,0.05404139,-1.186772,0.1385987,0.7009217,-0.6821316,0.1555499,
1,1,0.309,0.2713789,0.05404139,-1.186772,0.1385987,0.7009217,-0.6821316,0.1555499,
1,1,0.311,0.2713789,0.05404139,-1.186772,0.1385987,0.7009217,-0.6821316,0.1555499,
1,1,0.313,0.2713726,0.05406195,-1.186791,0.1385529,0.7009282,-0.6821198,0.1556129,
1,1,0.315,0.2713726,0.05406195,-1.186791,0.1385529,0.7009282,-0.6821198,0.1556129,
1,1,0.317,0.2713726,0.05406195,-1.186791,0.1385529,0.7009282,-0.6821198,0.1556129,
1,1,0.319,0.2713726,0.05406195,-1.186791,0.1385529,0.7009282,-0.6821198,0.1556129,
1,1,0.321,0.2713825,0.05407268,-1.186797,0.138533,0.7009293,-0.6821164,0.155641,
1,1,0.323,0.2713825,0.05407268,-1.186797,0.138533,0.7009293,-0.6821164,0.155641,
1,1,0.325,0.2713825,0.05407268,-1.186797,0.138533,0.7009293,-0.6821164,0.155641,
1,1,0.327,0.2713825,0.05407268,-1.186797,0.138533,0.7009293,-0.6821164,0.155641,
1,1,0.329,0.2713608,0.05407278,-1.186787,0.1385411,0.7009329,-0.6821216,0.1555949,
1,1,0.331,0.2713608,0.05407278,-1.186787,0.1385411,0.7009329,-0.6821216,0.1555949,
1,1,0.333,0.2713608,0.05407278,-1.186787,0.1385411,0.7009329,-0.6821216,0.1555949,
1,1,0.335,0.2713608,0.05407278,-1.186787,0.1385411,0.7009329,-0.6821216,0.1555949,
1,1,0.337,0.2713468,0.05398118,-1.186759,0.1387535,0.7009155,-0.6821274,0.1554585,
1,1,0.339,0.2713468,0.05398118,-1.186759,0.1387535,0.7009155,-0.6821274,0.1554585,
1,1,0.341,0.2713468,0.05398118,-1.186759,0.1387535,0.7009155,-0.6821274,0.1554585,
1,1,0.343,0.2713468,0.05398118,-1.186759,0.1387535,0.7009155,-0.6821274,0.1554585,
1,1,0.345,0.2713276,0.05404775,-1.186781,0.1386903,0.7009325,-0.6820959,0.1555757,
1,1,0.347,0.2713276,0.05404775,-1.186781,0.1386903,0.7009325,-0.6820959,0.1555757,
1,1,0.349,0.2713276,0.05404775,-1.186781,0.1386903,0.7009325,-0.6820959,0.1555757,
1,1,0.351,0.2713276,0.05404775,-1.186781,0.1386903,0.7009325,-0.6820959,0.1555757,
1,1,0.353,0.2713276,0.05404775,-1.186781,0.1386903,0.7009325,-0.6820959,0.1555757,
1,1,0.355,0.2713597,0.05403891,-1.186795,0.138625,0.7009428,-0.682088,0.1556228,
1,1,0.357,0.2713597,0.05403891,-1.186795,0.138625,0.7009428,-0.682088,0.1556228,
1,1,0.359,0.2713597,0.05403891,-1.186795,0.138625,0.7009428,-0.682088,0.1556228,
1,1,0.361,0.2713597,0.05403891,-1.186795,0.138625,0.7009428,-0.682088,0.1556228,
1,1,0.363,0.2713641,0.05406714,-1.186806,0.1385564,0.7009296,-0.6821111,0.1556412,
1,1,0.365,0.2713641,0.05406714,-1.186806,0.1385564,0.7009296,-0.6821111,0.1556412,
1,1,0.367,0.2713641,0.05406714,-1.186806,0.1385564,0.7009296,-0.6821111,0.1556412,
1,1,0.369,0.2713641,0.05406714,-1.186806,0.1385564,0.7009296,-0.6821111,0.1556412,
1,1,0.371,0.2713607,0.0540683,-1.186802,0.1385317,0.7009443,-0.6821002,0.1556449,
1,1,0.373,0.2713607,0.0540683,-1.186802,0.1385317,0.7009443,-0.6821002,0.1556449,
1,1,0.375,0.2713607,0.0540683,-1.186802,0.1385317,0.7009443,-0.6821002,0.1556449,
1,1,0.377,0.2713607,0.0540683,-1.186802,0.1385317,0.7009443,-0.6821002,0.1556449,
1,1,0.379,0.2713479,0.05406658,-1.186779,0.1386328,0.7009646,-0.6820653,0.1556168,
1,1,0.381,0.2713479,0.05406658,-1.186779,0.1386328,0.7009646,-0.6820653,0.1556168,
1,1,0.383,0.2713479,0.05406658,-1.186779,0.1386328,0.7009646,-0.6820653,0.1556168,
1,1,0.385,0.2713479,0.05406658,-1.186779,0.1386328,0.7009646,-0.6820653,0.1556168,
1,1,0.387,0.2713635,0.05408134,-1.1868,0.1385701,0.7009735,-0.6820601,0.1556553,
1,1,0.389,0.2713635,0.05408134,-1.1868,0.1385701,0.7009735,-0.6820601,0.1556553,
1,1,0.391,0.2713635,0.05408134,-1.1868,0.1385701,0.7009735,-0.6820601,0.1556553,
1,1,0.393,0.2713635,0.05408134,-1.1868,0.1385701,0.7009735,-0.6820601,0.1556553,
1,1,0.395,0.2713366,0.05406522,-1.186836,0.1385119,0.7009773,-0.682102,0.1555058,
1,1,0.397,0.2713366,0.05406522,-1.186836,0.1385119,0.7009773,-0.682102,0.1555058,
1,1,0.399,0.2713366,0.05406522,-1.186836,0.1385119,0.7009773,-0.682102,0.1555058,
1,1,0.401,0.2713366,0.05406522,-1.186836,0.1385119,0.7009773,-0.682102,0.1555058,
1,1,0.403,0.2713366,0.05406522,-1.186836,0.1385119,0.7009773,-0.682102,0.1555058,
1,1,0.405,0.2713401,0.05408812,-1.186855,0.1384465,0.7009405,-0.6821387,0.1555692,
1,1,0.407,0.2713401,0.05408812,-1.186855,0.1384465,0.7009405,-0.6821387,0.1555692,
1,1,0.409,0.2713401,0.05408812,-1.186855,0.1384465,0.7009405,-0.6821387,0.1555692,
1,1,0.411,0.2713401,0.05408812,-1.186855,0.1384465,0.7009405,-0.6821387,0.1555692,
1,1,0.413,0.2713399,0.05407824,-1.186859,0.1384557,0.7009368,-0.6821533,0.1555137,
1,1,0.415,0.2713399,0.05407824,-1.186859,0.1384557,0.7009368,-0.6821533,0.1555137,
1,1,0.417,0.2713399,0.05407824,-1.186859,0.1384557,0.7009368,-0.6821533,0.1555137,
1,1,0.419,0.2713399,0.05407824,-1.186859,0.1384557,0.7009368,-0.6821533,0.1555137,
1,1,0.421,0.2713431,0.05404298,-1.186867,0.1384711,0.7010038,-0.6820991,0.1554364,
1,1,0.423,0.2713431,0.05404298,-1.186867,0.1384711,0.7010038,-0.6820991,0.1554364,
1,1,0.425,0.2713431,0.05404298,-1.186867,0.1384711,0.7010038,-0.6820991,0.1554364,
1,1,0.427,0.2713431,0.05404298,-1.186867,0.1384711,0.7010038,-0.6820991,0.1554364,
1,1,0.429,0.2713542,0.05404779,-1.186877,0.1384448,0.7010272,-0.6820706,0.1554797,
1,1,0.431,0.2713542,0.05404779,-1.186877,0.1384448,0.7010272,-0.6820706,0.1554797,
1,1,0.433,0.2713542,0.05404779,-1.186877,0.1384448,0.7010272,-0.6820706,0.1554797,
1,1,0.435,0.2713542,0.05404779,-1.186877,0.1384448,0.7010272,-0.6820706,0.1554797,
1,1,0.437,0.2713376,0.05411451,-1.186866,0.1383442,0.7009702,-0.6821148,0.1556313,
1,1,0.439,0.2713376,0.05411451,-1.186866,0.1383442,0.7009702,-0.6821148,0.1556313,
1,1,0.441,0.2713376,0.05411451,-1.186866,0.1383442,0.7009702,-0.6821148,0.1556313,
1,1,0.443,0.2713376,0.05411451,-1.186866,0.1383442,0.7009702,-0.6821148,0.1556313,
1,1,0.445,0.2713382,0.05406708,-1.186794,0.1385338,0.7009653,-0.6820692,0.1556844,
1,1,0.447,0.2713382,0.05406708,-1.186794,0.1385338,0.7009653,-0.6820692,0.1556844,
1,1,0.449,0.2713382,0.05406708,-1.186794,0.1385338,0.7009653,-0.6820692,0.1556844,
1,1,0.451,0.2713382,0.05406708,-1.186794,0.1385338,0.7009653,-0.6820692,0.1556844,
1,1,0.453,0.2713382,0.05406708,-1.186794,0.1385338,0.7009653,-0.6820692,0.1556844,
1,1,0.455,0.2713281,0.05406437,-1.186775,0.1386769,0.7008979,-0.6821327,0.1555826,
1,1,0.457,0.2713281,0.05406437,-1.186775,0.1386769,0.7008979,-0.6821327,0.1555826,
1,1,0.459,0.2713281,0.05406437,-1.186775,0.1386769,0.7008979,-0.6821327,0.1555826,
1,1,0.461,0.2713281,0.05406437,-1.186775,0.1386769,0.7008979,-0.6821327,0.1555826,
1,1,0.463,0.2713552,0.05405603,-1.186783,0.1386854,0.7008476,-0.6821775,0.1556053,
1,1,0.465,0.2713552,0.05405603,-1.186783,0.1386854,0.7008476,-0.6821775,0.1556053,
1,1,0.467,0.2713552,0.05405603,-1.186783,0.1386854,0.7008476,-0.6821775,0.1556053,
1,1,0.469,0.2713552,0.05405603,-1.186783,0.1386854,0.7008476,-0.6821775,0.1556053,
1,1,0.471,0.2713245,0.05403011,-1.186795,0.1388184,0.7008268,-0.6821863,0.1555413,
1,1,0.473,0.2713245,0.05403011,-1.186795,0.1388184,0.7008268,-0.6821863,0.1555413,
1,1,0.475,0.2713245,0.05403011,-1.186795,0.1388184,0.7008268,-0.6821863,0.1555413,
1,1,0.477,0.2713245,0.05403011,-1.186795,0.1388184,0.7008268,-0.6821863,0.1555413,
1,1,0.479,0.2712885,0.05402341,-1.186756,0.1389092,0.7008029,-0.6821729,0.1556264,
1,1,0.481,0.2712885,0.05402341,-1.186756,0.1389092,0.7008029,-0.6821729,0.1556264,
1,1,0.483,0.2712885,0.05402341,-1.186756,0.1389092,0.7008029,-0.6821729,0.1556264,
1,1,0.485,0.2712885,0.05402341,-1.186756,0.1389092,0.7008029,-0.6821729,0.1556264,
1,1,0.487,0.2713283,0.05402189,-1.18673,0.1389031,0.7009397,-0.6820304,0.155641,
1,1,0.489,0.2713283,0.05402189,-1.18673,0.1389031,0.7009397,-0.6820304,0.155641,
1,1,0.491,0.2713283,0.05402189,-1.18673,0.1389031,0.7009397,-0.6820304,0.155641,
1,1,0.493,0.2713283,0.05402189,-1.18673,0.1389031,0.7009397,-0.6820304,0.155641,
1,1,0.495,0.2713304,0.05402094,-1.186734,0.1389116,0.7009567,-0.6819994,0.1556918,
1,1,0.497,0.2713304,0.05402094,-1.186734,0.1389116,0.7009567,-0.6819994,0.1556918,
1,1,0.499,0.2713304,0.05402094,-1.186734,0.1389116,0.7009567,-0.6819994,0.1556918,
1,1,0.501,0.2713304,0.05402094,-1.186734,0.1389116,0.7009567,-0.6819994,0.1556918,
1,1,0.503,0.2713304,0.05402094,-1.186734,0.1389116,0.7009567,-0.6819994,0.1556918,
1,1,0.505,0.2713628,0.05403772,-1.186734,0.1388689,0.7009667,-0.682004,0.1556658,
1,1,0.507,0.2713628,0.05403772,-1.186734,0.1388689,0.7009667,-0.682004,0.1556658,
1,1,0.509,0.2713628,0.05403772,-1.186734,0.1388689,0.7009667,-0.682004,0.1556658,
1,1,0.511,0.2713628,0.05403772,-1.186734,0.1388689,0.7009667,-0.682004,0.1556658,
1,1,0.513,0.2713435,0.05405404,-1.186762,0.1388006,0.7010796,-0.6818808,0.1557573,
1,1,0.515,0.2713435,0.05405404,-1.186762,0.1388006,0.7010796,-0.6818808,0.1557573,
1,1,0.517,0.2713435,0.05405404,-1.186762,0.1388006,0.7010796,-0.6818808,0.1557573,
1,1,0.519,0.2713435,0.05405404,-1.186762,0.1388006,0.7010796,-0.6818808,0.1557573,
1,1,0.521,0.2713507,0.05406434,-1.186776,0.1388061,0.7010475,-0.6819235,0.1557105,
1,1,0.523,0.2713507,0.05406434,-1.186776,0.1388061,0.7010475,-0.6819235,0.1557105,
1,1,0.525,0.2713507,0.05406434,-1.186776,0.1388061,0.7010475,-0.6819235,0.1557105,
1,1,0.527,0.2713507,0.05406434,-1.186776,0.1388061,0.7010475,-0.6819235,0.1557105,
1,1,0.529,0.2713466,0.05405996,-1.186782,0.1388323,0.7009486,-0.6820455,0.1555982,
1,1,0.531,0.2713466,0.05405996,-1.186782,0.1388323,0.7009486,-0.6820455,0.1555982,
1,1,0.533,0.2713466,0.05405996,-1.186782,0.1388323,0.7009486,-0.6820455,0.1555982,
1,1,0.535,0.2713466,0.05405996,-1.186782,0.1388323,0.7009486,-0.6820455,0.1555982,
1,1,0.537,0.2713444,0.05404109,-1.1868,0.1388667,0.7008849,-0.6821188,0.1555325,
1,1,0.539,0.2713444,0.05404109,-1.1868,0.1388667,0.7008849,-0.6821188,0.1555325,
1,1,0.541,0.2713444,0.05404109,-1.1868,0.1388667,0.7008849,-0.6821188,0.1555325,
1,1,0.543,0.2713444,0.05404109,-1.1868,0.1388667,0.7008849,-0.6821188,0.1555325,
1,1,0.545,0.2713151,0.05393775,-1.186622,0.13936,0.7007302,-0.6821658,0.1555822,
1,1,0.547,0.2713151,0.05393775,-1.186622,0.13936,0.7007302,-0.6821658,0.1555822,
1,1,0.549,0.2713151,0.05393775,-1.186622,0.13936,0.7007302,-0.6821658,0.1555822,
1,1,0.551,0.2713151,0.05393775,-1.186622,0.13936,0.7007302,-0.6821658,0.1555822,
1,1,0.553,0.2713151,0.05393775,-1.186622,0.13936,0.7007302,-0.6821658,0.1555822,
1,1,0.555,0.2713573,0.05390495,-1.186546,0.139494,0.700712,-0.6821448,0.1556366,
1,1,0.557,0.2713573,0.05390495,-1.186546,0.139494,0.700712,-0.6821448,0.1556366,
1,1,0.559,0.2713573,0.05390495,-1.186546,0.139494,0.700712,-0.6821448,0.1556366,
1,1,0.561,0.2713573,0.05390495,-1.186546,0.139494,0.700712,-0.6821448,0.1556366,
1,1,0.563,0.2713801,0.05392063,-1.186539,0.139488,0.7007191,-0.6821301,0.1556741,
1,1,0.565,0.2713801,0.05392063,-1.186539,0.139488,0.7007191,-0.6821301,0.1556741,
1,1,0.567,0.2713801,0.05392063,-1.186539,0.139488,0.7007191,-0.6821301,0.1556741,
1,1,0.569,0.2713801,0.05392063,-1.186539,0.139488,0.7007191,-0.6821301,0.1556741,
1,1,0.571,0.2713615,0.05394889,-1.186578,0.1394492,0.7008227,-0.6820249,0.1557032,
1,1,0.573,0.2713615,0.05394889,-1.186578,0.1394492,0.7008227,-0.6820249,0.1557032,
1,1,0.575,0.2713615,0.05394889,-1.186578,0.1394492,0.7008227,-0.6820249,0.1557032,
1,1,0.577,0.2713615,0.05394889,-1.186578,0.1394492,0.7008227,-0.6820249,0.1557032,
1,1,0.579,0.2713721,0.05394686,-1.18659,0.1394312,0.7008519,-0.6819983,0.1557048,
1,1,0.581,0.2713721,0.05394686,-1.18659,0.1394312,0.7008519,-0.6819983,0.1557048,
1,1,0.583,0.2713721,0.05394686,-1.18659,0.1394312,0.7008519,-0.6819983,0.1557048,
1,1,0.585,0.2713721,0.05394686,-1.18659,0.1394312,0.7008519,-0.6819983,0.1557048,
1,1,0.587,0.2713649,0.05394793,-1.186596,0.1394613,0.7008636,-0.6819923,0.1556517,
1,1,0.589,0.2713649,0.05394793,-1.186596,0.1394613,0.7008636,-0.6819923,0.1556517,
1,1,0.591,0.2713649,0.05394793,-1.186596,0.1394613,0.7008636,-0.6819923,0.1556517,
1,1,0.593,0.2713649,0.05394793,-1.186596,0.1394613,0.7008636,-0.6819923,0.1556517,
1,1,0.595,0.271374,0.05392105,-1.186575,0.1395643,0.7009288,-0.6819122,0.1556161,
1,1,0.597,0.271374,0.05392105,-1.186575,0.1395643,0.7009288,-0.6819122,0.1556161,
1,1,0.599,0.271374,0.05392105,-1.186575,0.1395643,0.7009288,-0.6819122,0.1556161,
1,1,0.601,0.271374,0.05392105,-1.186575,0.1395643,0.7009288,-0.6819122,0.1556161,
1,1,0.603,0.271374,0.05392105,-1.186575,0.1395643,0.7009288,-0.6819122,0.1556161,
1,1,0.605,0.271382,0.05391438,-1.186537,0.139645,0.7008336,-0.6820065,0.1555593,
1,1,0.607,0.271382,0.05391438,-1.186537,0.139645,0.7008336,-0.6820065,0.1555593,
1,1,0.609,0.271382,0.05391438,-1.186537,0.139645,0.7008336,-0.6820065,0.1555593,
1,1,0.611,0.271382,0.05391438,-1.186537,0.139645,0.7008336,-0.6820065,0.1555593,
1,1,0.613,0.2713723,0.05385727,-1.186525,0.1397727,0.7006531,-0.6821836,0.1554812,
1,1,0.615,0.2713723,0.05385727,-1.186525,0.1397727,0.7006531,-0.6821836,0.1554812,
1,1,0.617,0.2713723,0.05385727,-1.186525,0.1397727,0.7006531,-0.6821836,0.1554812,
1,1,0.619,0.2713723,0.05385727,-1.186525,0.1397727,0.7006531,-0.6821836,0.1554812,
1,1,0.621,0.2713757,0.05383985,-1.186497,0.1398426,0.7006542,-0.6821647,0.1554967,
1,1,0.623,0.2713757,0.05383985,-1.186497,0.1398426,0.7006542,-0.6821647,0.1554967,
1,1,0.625,0.2713757,0.05383985,-1.186497,0.1398426,0.7006542,-0.6821647,0.1554967,
1,1,0.627,0.2713757,0.05383985,-1.186497,0.1398426,0.7006542,-0.6821647,0.1554967,
1,1,0.629,0.2713623,0.05382666,-1.18651,0.1398928,0.7006683,-0.6821415,0.1554891,
1,1,0.631,0.2713623,0.05382666,-1.18651,0.1398928,0.7006683,-0.6821415,0.1554891,
1,1,0.633,0.2713623,0.05382666,-1.18651,0.1398928,0.7006683,-0.6821415,0.1554891,
1,1,0.635,0.2713623,0.05382666,-1.18651,0.1398928,0.7006683,-0.6821415,0.1554891,
1,1,0.637,0.2713692,0.0538257,-1.186554,0.1399001,0.7007088,-0.6820992,0.1554858,
1,1,0.639,0.2713692,0.0538257,-1.186554,0.1399001,0.7007088,-0.6820992,0.1554858,
1,1,0.641,0.2713692,0.0538257,-1.186554,0.1399001,0.7007088,-0.6820992,0.1554858,
1,1,0.643,0.2713692,0.0538257,-1.186554,0.1399001,0.7007088,-0.6820992,0.1554858,
1,1,0.645,0.2714052,0.05386551,-1.186521,0.1397907,0.7007552,-0.682061,0.1555429,
1,1,0.647,0.2714052,0.05386551,-1.186521,0.1397907,0.7007552,-0.682061,0.1555429,
1,1,0.649,0.2714052,0.05386551,-1.186521,0.1397907,0.7007552,-0.682061,0.1555429,
1,1,0.651,0.2714052,0.05386551,-1.186521,0.1397907,0.7007552,-0.682061,0.1555429,
1,1,0.653,0.2714052,0.05386551,-1.186521,0.1397907,0.7007552,-0.682061,0.1555429,
1,1,0.655,0.2713962,0.05386567,-1.186527,0.1398023,0.7007582,-0.6820496,0.1555682,
1,1,0.657,0.2713962,0.05386567,-1.186527,0.1398023,0.7007582,-0.6820496,0.1555682,
1,1,0.659,0.2713962,0.05386567,-1.186527,0.1398023,0.7007582,-0.6820496,0.1555682,
1,1,0.661,0.2713962,0.05386567,-1.186527,0.1398023,0.7007582,-0.6820496,0.1555682,
1,1,0.663,0.2713996,0.05386971,-1.186524,0.139844,0.7007697,-0.6820307,0.1555624,
1,1,0.665,0.2713996,0.05386971,-1.186524,0.139844,0.7007697,-0.6820307,0.1555624,
1,1,0.667,0.2713996,0.05386971,-1.186524,0.139844,0.7007697,-0.6820307,0.1555624,
1,1,0.669,0.2713996,0.05386971,-1.186524,0.139844,0.7007697,-0.6820307,0.1555624,
1,1,0.671,0.2713818,0.05386722,-1.186537,0.139836,0.7007657,-0.6820449,0.1555256,
1,1,0.673,0.2713818,0.05386722,-1.186537,0.139836,0.7007657,-0.6820449,0.1555256,
1,1,0.675,0.2713818,0.05386722,-1.186537,0.139836,0.7007657,-0.6820449,0.1555256,
1,1,0.677,0.2713818,0.05386722,-1.186537,0.139836,0.7007657,-0.6820449,0.1555256,
1,1,0.679,0.2713769,0.05386712,-1.186546,0.1398224,0.7007682,-0.6820424,0.1555376,
1,1,0.681,0.2713769,0.05386712,-1.186546,0.1398224,0.7007682,-0.6820424,0.1555376,
1,1,0.683,0.2713769,0.05386712,-1.186546,0.1398224,0.7007682,-0.6820424,0.1555376,
1,1,0.685,0.2713769,0.05386712,-1.186546,0.1398224,0.7007682,-0.6820424,0.1555376,
1,1,0.687,0.2713886,0.05386781,-1.186561,0.1398076,0.7007614,-0.6820441,0.1555734,
1,1,0.689,0.2713886,0.05386781,-1.186561,0.1398076,0.7007614,-0.6820441,0.1555734,
1,1,0.691,0.2713886,0.05386781,-1.186561,0.1398076,0.7007614,-0.6820441,0.1555734,
1,1,0.693,0.2713886,0.05386781,-1.186561,0.1398076,0.7007614,-0.6820441,0.1555734,
1,1,0.695,0.2713943,0.05387549,-1.186532,0.1398212,0.7007681,-0.682032,0.1555848,
1,1,0.697,0.2713943,0.05387549,-1.186532,0.1398212,0.7007681,-0.682032,0.1555848,
1,1,0.699,0.2713943,0.05387549,-1.186532,0.1398212,0.7007681,-0.682032,0.1555848,
1,1,0.701,0.2713943,0.05387549,-1.186532,0.1398212,0.7007681,-0.682032,0.1555848,
1,1,0.703,0.2713943,0.05387549,-1.186532,0.1398212,0.7007681,-0.682032,0.1555848,
1,1,0.705,0.2714026,0.05388523,-1.186526,0.1397636,0.7007563,-0.6820641,0.1555484,
1,1,0.707,0.2714026,0.05388523,-1.186526,0.1397636,0.7007563,-0.6820641,0.1555484,
1,1,0.709,0.2714026,0.05388523,-1.186526,0.1397636,0.7007563,-0.6820641,0.1555484,
1,1,0.711,0.2714026,0.05388523,-1.186526,0.1397636,0.7007563,-0.6820641,0.1555484,
1,1,0.713,0.2713884,0.05387224,-1.186537,0.1397634,0.7007383,-0.6820897,0.1555174,
1,1,0.715,0.2713884,0.05387224,-1.186537,0.1397634,0.7007383,-0.6820897,0.1555174,
1,1,0.717,0.2713884,0.05387224,-1.186537,0.1397634,0.7007383,-0.6820897,0.1555174,
1,1,0.719,0.2713884,0.05387224,-1.186537,0.1397634,0.7007383,-0.6820897,0.1555174,
1,1,0.721,0.2713922,0.0538781,-1.186537,0.1397633,0.7007383,-0.6820897,0.1555174,
1,1,0.723,0.2713922,0.0538781,-1.186537,0.1397633,0.7007383,-0.6820897,0.1555174,
1,1,0.725,0.2713922,0.0538781,-1.186537,0.1397633,0.7007383,-0.6820897,0.1555174,
1,1,0.727,0.2713922,0.0538781,-1.186537,0.1397633,0.7007383,-0.6820897,0.1555174,
1,1,0.729,0.2713863,0.0538325,-1.18659,0.1397769,0.7007915,-0.6820402,0.1554829,
1,1,0.731,0.2713863,0.0538325,-1.18659,0.1397769,0.7007915,-0.6820402,0.1554829,
1,1,0.733,0.2713863,0.0538325,-1.18659,0.1397769,0.7007915,-0.6820402,0.1554829,
1,1,0.735,0.2713863,0.0538325,-1.18659,0.1397769,0.7007915,-0.6820402,0.1554829,
1,1,0.737,0.2713649,0.05386879,-1.186559,0.1398298,0.700802,-0.6820272,0.1554451,
1,1,0.739,0.2713649,0.05386879,-1.186559,0.1398298,0.700802,-0.6820272,0.1554451,
1,1,0.741,0.2713649,0.05386879,-1.186559,0.1398298,0.700802,-0.6820272,0.1554451,
1,1,0.743,0.2713649,0.05386879,-1.186559,0.1398298,0.700802,-0.6820272,0.1554451,
1,1,0.745,0.271373,0.05388473,-1.186542,0.1397848,0.7007504,-0.6820893,0.1554455,
1,1,0.747,0.271373,0.05388473,-1.186542,0.1397848,0.7007504,-0.6820893,0.1554455,
1,1,0.749,0.271373,0.05388473,-1.186542,0.1397848,0.7007504,-0.6820893,0.1554455,
1,1,0.751,0.271373,0.05388473,-1.186542,0.1397848,0.7007504,-0.6820893,0.1554455,
1,1,0.753,0.271373,0.05388473,-1.186542,0.1397848,0.7007504,-0.6820893,0.1554455,
1,1,0.755,0.2713794,0.05386343,-1.186553,0.1397678,0.7007236,-0.6821104,0.155489,
1,1,0.757,0.2713794,0.05386343,-1.186553,0.1397678,0.7007236,-0.6821104,0.155489,
1,1,0.759,0.2713794,0.05386343,-1.186553,0.1397678,0.7007236,-0.6821104,0.155489,
1,1,0.761,0.2713794,0.05386343,-1.186553,0.1397678,0.7007236,-0.6821104,0.155489,
1,1,0.763,0.2713997,0.05388061,-1.186543,0.1396969,0.7007335,-0.6820984,0.1555609,
1,1,0.765,0.2713997,0.05388061,-1.186543,0.1396969,0.7007335,-0.6820984,0.1555609,
1,1,0.767,0.2713997,0.05388061,-1.186543,0.1396969,0.7007335,-0.6820984,0.1555609,
1,1,0.769,0.2713997,0.05388061,-1.186543,0.1396969,0.7007335,-0.6820984,0.1555609,
1,1,0.771,0.2713841,0.05387622,-1.18654,0.1397531,0.7007561,-0.6820633,0.1555622,
1,1,0.773,0.2713841,0.05387622,-1.18654,0.1397531,0.7007561,-0.6820633,0.1555622,
1,1,0.775,0.2713841,0.05387622,-1.18654,0.1397531,0.7007561,-0.6820633,0.1555622,
1,1,0.777,0.2713841,0.05387622,-1.18654,0.1397531,0.7007561,-0.6820633,0.1555622,
1,1,0.779,0.2713654,0.05388184,-1.186535,0.1397776,0.7007748,-0.6820485,0.1555212,
1,1,0.781,0.2713654,0.05388184,-1.186535,0.1397776,0.7007748,-0.6820485,0.1555212,
1,1,0.783,0.2713654,0.05388184,-1.186535,0.1397776,0.7007748,-0.6820485,0.1555212,
1,1,0.785,0.2713654,0.05388184,-1.186535,0.1397776,0.7007748,-0.6820485,0.1555212,
1,1,0.787,0.2713886,0.0538803,-1.186524,0.1397089,0.7007539,-0.6820732,0.1555686,
1,1,0.789,0.2713886,0.0538803,-1.186524,0.1397089,0.7007539,-0.6820732,0.1555686,
1,1,0.791,0.2713886,0.0538803,-1.186524,0.1397089,0.7007539,-0.6820732,0.1555686,
1,1,0.793,0.2713886,0.0538803,-1.186524,0.1397089,0.7007539,-0.6820732,0.1555686,
1,1,0.795,0.2713811,0.05389085,-1.186526,0.1397475,0.700755,-0.682073,0.1555304,
1,1,0.797,0.2713811,0.05389085,-1.186526,0.1397475,0.700755,-0.682073,0.1555304,
1,1,0.799,0.2713811,0.05389085,-1.186526,0.1397475,0.700755,-0.682073,0.1555304,
1,1,0.801,0.2713811,0.05389085,-1.186526,0.1397475,0.700755,-0.682073,0.1555304,
1,1,0.803,0.2713811,0.05389085,-1.186526,0.1397475,0.700755,-0.682073,0.1555304,
1,1,0.805,0.2713519,0.0538802,-1.186553,0.1397907,0.7007648,-0.6820616,0.1554971,
1,1,0.807,0.2713519,0.0538802,-1.186553,0.1397907,0.7007648,-0.6820616,0.1554971,
1,1,0.809,0.2713519,0.0538802,-1.186553,0.1397907,0.7007648,-0.6820616,0.1554971,
1,1,0.811,0.2713519,0.0538802,-1.186553,0.1397907,0.7007648,-0.6820616,0.1554971,
1,1,0.813,0.2713749,0.05386957,-1.186541,0.1398318,0.7007682,-0.6820426,0.1555284,
1,1,0.815,0.2713749,0.05386957,-1.186541,0.1398318,0.7007682,-0.6820426,0.1555284,
1,1,0.817,0.2713749,0.05386957,-1.186541,0.1398318,0.7007682,-0.6820426,0.1555284,
1,1,0.819,0.2713749,0.05386957,-1.186541,0.1398318,0.7007682,-0.6820426,0.1555284,
1,1,0.821,0.2713705,0.0538659,-1.186531,0.1398673,0.7007742,-0.6820319,0.1555164,
1,1,0.823,0.2713705,0.0538659,-1.186531,0.1398673,0.7007742,-0.6820319,0.1555164,
1,1,0.825,0.2713705,0.0538659,-1.186531,0.1398673,0.7007742,-0.6820319,0.1555164,
1,1,0.827,0.2713705,0.0538659,-1.186531,0.1398673,0.7007742,-0.6820319,0.1555164,
1,1,0.829,0.2713897,0.05384693,-1.186587,0.1397888,0.7007776,-0.6820692,0.1554071,
1,1,0.831,0.2713897,0.05384693,-1.186587,0.1397888,0.7007776,-0.6820692,0.1554071,
1,1,0.833,0.2713897,0.05384693,-1.186587,0.1397888,0.7007776,-0.6820692,0.1554071,
1,1,0.835,0.2713897,0.05384693,-1.186587,0.1397888,0.7007776,-0.6820692,0.1554071,
1,1,0.837,0.2713621,0.05384376,-1.1866,0.1398143,0.7007952,-0.6820552,0.1553667,
1,1,0.839,0.2713621,0.05384376,-1.1866,0.1398143,0.7007952,-0.6820552,0.1553667,
1,1,0.841,0.2713621,0.05384376,-1.1866,0.1398143,0.7007952,-0.6820552,0.1553667,
1,1,0.843,0.2713621,0.05384376,-1.1866,0.1398143,0.7007952,-0.6820552,0.1553667,
1,1,0.845,0.2713488,0.05385469,-1.186581,0.1398236,0.7007883,-0.6820551,0.1553901,
1,1,0.847,0.2713488,0.05385469,-1.186581,0.1398236,0.7007883,-0.6820551,0.1553901,
1,1,0.849,0.2713488,0.05385469,-1.186581,0.1398236,0.7007883,-0.6820551,0.1553901,
1,1,0.851,0.2713488,0.05385469,-1.186581,0.1398236,0.7007883,-0.6820551,0.1553901,
1,1,0.853,0.2713488,0.05385469,-1.186581,0.1398236,0.7007883,-0.6820551,0.1553901,
1,1,0.855,0.2713774,0.05387217,-1.18657,0.1397371,0.700765,-0.6820772,0.1554759,
1,1,0.857,0.2713774,0.05387217,-1.18657,0.1397371,0.700765,-0.6820772,0.1554759,
1,1,0.859,0.2713774,0.05387217,-1.18657,0.1397371,0.700765,-0.6820772,0.1554759,
1,1,0.861,0.2713774,0.05387217,-1.18657,0.1397371,0.700765,-0.6820772,0.1554759,
1,1,0.863,0.2713691,0.05387085,-1.186556,0.1398113,0.7007771,-0.6820506,0.1554709,
1,1,0.865,0.2713691,0.05387085,-1.186556,0.1398113,0.7007771,-0.6820506,0.1554709,
1,1,0.867,0.2713691,0.05387085,-1.186556,0.1398113,0.7007771,-0.6820506,0.1554709,
1,1,0.869,0.2713691,0.05387085,-1.186556,0.1398113,0.7007771,-0.6820506,0.1554709,
1,1,0.871,0.2713797,0.05385835,-1.186545,0.1398084,0.7007557,-0.6820577,0.1555393,
1,1,0.873,0.2713797,0.05385835,-1.186545,0.1398084,0.7007557,-0.6820577,0.1555393,
1,1,0.875,0.2713797,0.05385835,-1.186545,0.1398084,0.7007557,-0.6820577,0.1555393,
1,1,0.877,0.2713797,0.05385835,-1.186545,0.1398084,0.7007557,-0.6820577,0.1555393,
1,1,0.879,0.2713751,0.05385713,-1.18654,0.1398222,0.7007539,-0.6820545,0.155549,
1,1,0.881,0.2713751,0.05385713,-1.18654,0.1398222,0.7007539,-0.6820545,0.155549,
1,1,0.883,0.2713751,0.05385713,-1.18654,0.1398222,0.7007539,-0.6820545,0.155549,
1,1,0.885,0.2713751,0.05385713,-1.18654,0.1398222,0.7007539,-0.6820545,0.155549,
1,1,0.887,0.2713764,0.05385196,-1.186564,0.1398006,0.7007555,-0.6820579,0.1555461,
1,1,0.889,0.2713764,0.05385196,-1.186564,0.1398006,0.7007555,-0.6820579,0.1555461,
1,1,0.891,0.2713764,0.05385196,-1.186564,0.1398006,0.7007555,-0.6820579,0.1555461,
1,1,0.893,0.2713764,0.05385196,-1.186564,0.1398006,0.7007555,-0.6820579,0.1555461,
1,1,0.895,0.2713869,0.05385288,-1.186572,0.1398042,0.7007623,-0.6820496,0.1555483,
1,1,0.897,0.2713869,0.05385288,-1.186572,0.1398042,0.7007623,-0.6820496,0.1555483,
1,1,0.899,0.2713869,0.05385288,-1.186572,0.1398042,0.7007623,-0.6820496,0.1555483,
1,1,0.901,0.2713869,0.05385288,-1.186572,0.1398042,0.7007623,-0.6820496,0.1555483,
1,1,0.903,0.2713869,0.05385288,-1.186572,0.1398042,0.7007623,-0.6820496,0.1555483,
1,1,0.905,0.2713814,0.05386272,-1.186575,0.1397894,0.7007661,-0.6820496,0.1555446,
1,1,0.907,0.2713814,0.05386272,-1.186575,0.1397894,0.7007661,-0.6820496,0.1555446,
1,1,0.909,0.2713814,0.05386272,-1.186575,0.1397894,0.7007661,-0.6820496,0.1555446,
1,1,0.911,0.2713814,0.05386272,-1.186575,0.1397894,0.7007661,-0.6820496,0.1555446,
1,1,0.913,0.2714006,0.05383561,-1.186608,0.1398034,0.7007781,-0.6820541,0.1554576,
1,1,0.915,0.2714006,0.05383561,-1.186608,0.1398034,0.7007781,-0.6820541,0.1554576,
1,1,0.917,0.2714006,0.05383561,-1.186608,0.1398034,0.7007781,-0.6820541,0.1554576,
1,1,0.919,0.2714006,0.05383561,-1.186608,0.1398034,0.7007781,-0.6820541,0.1554576,
1,1,0.921,0.2713636,0.05385057,-1.186589,0.1398088,0.7007563,-0.6820884,0.1554013,
1,1,0.923,0.2713636,0.05385057,-1.186589,0.1398088,0.7007563,-0.6820884,0.1554013,
1,1,0.925,0.2713636,0.05385057,-1.186589,0.1398088,0.7007563,-0.6820884,0.1554013,
1,1,0.927,0.2713636,0.05385057,-1.186589,0.1398088,0.7007563,-0.6820884,0.1554013,
1,1,0.929,0.2713723,0.05384818,-1.186576,0.1398065,0.7007407,-0.6820852,0.1554876,
1,1,0.931,0.2713723,0.05384818,-1.186576,0.1398065,0.7007407,-0.6820852,0.1554876,
1,1,0.933,0.2713723,0.05384818,-1.186576,0.1398065,0.7007407,-0.6820852,0.1554876,
1,1,0.935,0.2713723,0.05384818,-1.186576,0.1398065,0.7007407,-0.6820852,0.1554876,
1,1,0.937,0.2713939,0.05385866,-1.18654,0.1398152,0.7007439,-0.6820555,0.1555955,
1,1,0.939,0.2713939,0.05385866,-1.18654,0.1398152,0.7007439,-0.6820555,0.1555955,
1,1,0.941,0.2713939,0.05385866,-1.18654,0.1398152,0.7007439,-0.6820555,0.1555955,
1,1,0.943,0.2713939,0.05385866,-1.18654,0.1398152,0.7007439,-0.6820555,0.1555955,
1,1,0.945,0.2714257,0.05387201,-1.18648,0.1398183,0.7006841,-0.6820731,0.1557851,
1,1,0.947,0.2714257,0.05387201,-1.18648,0.1398183,0.7006841,-0.6820731,0.1557851,
1,1,0.949,0.2714257,0.05387201,-1.18648,0.1398183,0.7006841,-0.6820731,0.1557851,
1,1,0.951,0.2714257,0.05387201,-1.18648,0.1398183,0.7006841,-0.6820731,0.1557851,
1,1,0.953,0.2714257,0.05387201,-1.18648,0.1398183,0.7006841,-0.6820731,0.1557851,
1,1,0.955,0.2713933,0.05387938,-1.186484,0.1398619,0.7006859,-0.6820786,0.1557138,
1,1,0.957,0.2713933,0.05387938,-1.186484,0.1398619,0.7006859,-0.6820786,0.1557138,
1,1,0.959,0.2713933,0.05387938,-1.186484,0.1398619,0.7006859,-0.6820786,0.1557138,
1,1,0.961,0.2713933,0.05387938,-1.186484,0.1398619,0.7006859,-0.6820786,0.1557138,
1,1,0.963,0.2713701,0.0538814,-1.186488,0.1398649,0.7006786,-0.6820837,0.1557215,
1,1,0.965,0.2713701,0.0538814,-1.186488,0.1398649,0.7006786,-0.6820837,0.1557215,
1,1,0.967,0.2713701,0.0538814,-1.186488,0.1398649,0.7006786,-0.6820837,0.1557215,
1,1,0.969,0.2713701,0.0538814,-1.186488,0.1398649,0.7006786,-0.6820837,0.1557215,
1,1,0.971,0.2713788,0.05388023,-1.186476,0.1398626,0.700667,-0.6820853,0.1557689,
1,1,0.973,0.2713788,0.05388023,-1.186476,0.1398626,0.700667,-0.6820853,0.1557689,
1,1,0.975,0.2713788,0.05388023,-1.186476,0.1398626,0.700667,-0.6820853,0.1557689,
1,1,0.977,0.2713788,0.05388023,-1.186476,0.1398626,0.700667,-0.6820853,0.1557689,
1,1,0.979,0.2713639,0.05388999,-1.186461,0.1398914,0.7006543,-0.6820917,0.1557721,
1,1,0.981,0.2713639,0.05388999,-1.186461,0.1398914,0.7006543,-0.6820917,0.1557721,
1,1,0.983,0.2713639,0.05388999,-1.186461,0.1398914,0.7006543,-0.6820917,0.1557721,
1,1,0.985,0.2713639,0.05388999,-1.186461,0.1398914,0.7006543,-0.6820917,0.1557721,
1,1,0.987,0.2713825,0.05388852,-1.186493,0.1397911,0.7007229,-0.6820463,0.1557522,
1,1,0.989,0.2713825,0.05388852,-1.186493,0.1397911,0.7007229,-0.6820463,0.1557522,
1,1,0.991,0.2713825,0.05388852,-1.186493,0.1397911,0.7007229,-0.6820463,0.1557522,
1,1,0.993,0.2713825,0.05388852,-1.186493,0.1397911,0.7007229,-0.6820463,0.1557522,
1,1,0.995,0.2714006,0.05389188,-1.186522,0.1397199,0.7008142,-0.6819752,0.1557169,
1,1,0.997,0.2714006,0.05389188,-1.186522,0.1397199,0.7008142,-0.6819752,0.1557169,
1,1,0.999,0.2714006,0.05389188,-1.186522,0.1397199,0.7008142,-0.6819752,0.1557169,
1,1,1.001,0.2714006,0.05389188,-1.186522,0.1397199,0.7008142,-0.6819752,0.1557169,
1,1,1.003,0.2714006,0.05389188,-1.186522,0.1397199,0.7008142,-0.6819752,0.1557169,
1,1,1.005,0.2714269,0.05388942,-1.186548,0.1396386,0.7008286,-0.6819839,0.1556865,
1,1,1.007,0.2714269,0.05388942,-1.186548,0.1396386,0.7008286,-0.6819839,0.1556865,
1,1,1.009,0.2714269,0.05388942,-1.186548,0.1396386,0.7008286,-0.6819839,0.1556865,
1,1,1.011,0.2714269,0.05388942,-1.186548,0.1396386,0.7008286,-0.6819839,0.1556865,
1,1,1.013,0.2713918,0.05390237,-1.186556,0.1397104,0.7008011,-0.6820229,0.1555757,
1,1,1.015,0.2713918,0.05390237,-1.186556,0.1397104,0.7008011,-0.6820229,0.1555757,
1,1,1.017,0.2713918,0.05390237,-1.186556,0.1397104,0.7008011,-0.6820229,0.1555757,
1,1,1.019,0.2713918,0.05390237,-1.186556,0.1397104,0.7008011,-0.6820229,0.1555757,
1,1,1.021,0.2713593,0.05388784,-1.186558,0.1397803,0.7007792,-0.6820467,0.1555067,
1,1,1.023,0.2713593,0.05388784,-1.186558,0.1397803,0.7007792,-0.6820467,0.1555067,
1,1,1.025,0.2713593,0.05388784,-1.186558,0.1397803,0.7007792,-0.6820467,0.1555067,
1,1,1.027,0.2713593,0.05388784,-1.186558,0.1397803,0.7007792,-0.6820467,0.1555067,
1,1,1.029,0.2713514,0.05388377,-1.186565,0.139783,0.7007878,-0.6820469,0.1554647,
1,1,1.031,0.2713514,0.05388377,-1.186565,0.139783,0.7007878,-0.6820469,0.1554647,
1,1,1.033,0.2713514,0.05388377,-1.186565,0.139783,0.7007878,-0.6820469,0.1554647,
1,1,1.035,0.2713514,0.05388377,-1.186565,0.139783,0.7007878,-0.6820469,0.1554647,
1,1,1.037,0.2713781,0.05388702,-1.186581,0.1397669,0.7007776,-0.6820459,0.1555289,
1,1,1.039,0.2713781,0.05388702,-1.186581,0.1397669,0.7007776,-0.6820459,0.1555289,
1,1,1.041,0.2713781,0.05388702,-1.186581,0.1397669,0.7007776,-0.6820459,0.1555289,
1,1,1.043,0.2713781,0.05388702,-1.186581,0.1397669,0.7007776,-0.6820459,0.1555289,
1,1,1.045,0.2713729,0.05386063,-1.186574,0.139826,0.7008564,-0.6819893,0.1553691,
1,1,1.047,0.2713729,0.05386063,-1.186574,0.139826,0.7008564,-0.6819893,0.1553691,
1,1,1.049,0.2713729,0.05386063,-1.186574,0.139826,0.7008564,-0.6819893,0.1553691,
1,1,1.051,0.2713729,0.05386063,-1.186574,0.139826,0.7008564,-0.6819893,0.1553691,
1,1,1.053,0.2713729,0.05386063,-1.186574,0.139826,0.7008564,-0.6819893,0.1553691,
1,1,1.055,0.2713644,0.05386073,-1.186571,0.1398373,0.7008599,-0.681994,0.1553223,
1,1,1.057,0.2713644,0.05386073,-1.186571,0.1398373,0.7008599,-0.681994,0.1553223,
1,1,1.059,0.2713644,0.05386073,-1.186571,0.1398373,0.7008599,-0.681994,0.1553223,
1,1,1.061,0.2713644,0.05386073,-1.186571,0.1398373,0.7008599,-0.681994,0.1553223,
1,1,1.063,0.2713703,0.05386326,-1.186566,0.1398374,0.700855,-0.6820006,0.1553163,
1,1,1.065,0.2713703,0.05386326,-1.186566,0.1398374,0.700855,-0.6820006,0.1553163,
1,1,1.067,0.2713703,0.05386326,-1.186566,0.1398374,0.700855,-0.6820006,0.1553163,
1,1,1.069,0.2713703,0.05386326,-1.186566,0.1398374,0.700855,-0.6820006,0.1553163,
1,1,1.071,0.2713631,0.05387335,-1.186569,0.1398339,0.7008581,-0.6819917,0.1553443,
1,1,1.073,0.2713631,0.05387335,-1.186569,0.1398339,0.7008581,-0.6819917,0.1553443,
1,1,1.075,0.2713631,0.05387335,-1.186569,0.1398339,0.7008581,-0.6819917,0.1553443,
1,1,1.077,0.2713631,0.05387335,-1.186569,0.1398339,0.7008581,-0.6819917,0.1553443,
1,1,1.079,0.2713769,0.05391403,-1.18661,0.1396889,0.7008826,-0.6819824,0.1554053,
1,1,1.081,0.2713769,0.05391403,-1.18661,0.1396889,0.7008826,-0.6819824,0.1554053,
1,1,1.083,0.2713769,0.05391403,-1.18661,0.1396889,0.7008826,-0.6819824,0.1554053,
1,1,1.085,0.2713769,0.05391403,-1.18661,0.1396889,0.7008826,-0.6819824,0.1554053,
1,1,1.087,0.2713893,0.05390682,-1.186647,0.139631,0.7008978,-0.6819856,0.1553742,
1,1,1.089,0.2713893,0.05390682,-1.186647,0.139631,0.7008978,-0.6819856,0.1553742,
1,1,1.091,0.2713893,0.05390682,-1.186647,0.139631,0.7008978,-0.6819856,0.1553742,
1,1,1.093,0.2713893,0.05390682,-1.186647,0.139631,0.7008978,-0.6819856,0.1553742,
1,1,1.095,0.2713723,0.05386744,-1.186635,0.1396586,0.7008934,-0.6819873,0.1553615,
1,1,1.097,0.2713723,0.05386744,-1.186635,0.1396586,0.7008934,-0.6819873,0.1553615,
1,1,1.099,0.2713723,0.05386744,-1.186635,0.1396586,0.7008934,-0.6819873,0.1553615,
1,1,1.101,0.2713723,0.05386744,-1.186635,0.1396586,0.7008934,-0.6819873,0.1553615,
1,1,1.103,0.2713723,0.05386744,-1.186635,0.1396586,0.7008934,-0.6819873,0.1553615,
1,1,1.105,0.2713869,0.05387485,-1.186583,0.1396859,0.7008578,-0.6820143,0.1553794,
1,1,1.107,0.2713869,0.05387485,-1.186583,0.1396859,0.7008578,-0.6820143,0.1553794,
1,1,1.109,0.2713869,0.05387485,-1.186583,0.1396859,0.7008578,-0.6820143,0.1553794,
1,1,1.111,0.2713869,0.05387485,-1.186583,0.1396859,0.7008578,-0.6820143,0.1553794,
1,1,1.113,0.2713877,0.05387998,-1.186545,0.139734,0.700843,-0.6820065,0.1554374,
1,1,1.115,0.2713877,0.05387998,-1.186545,0.139734,0.700843,-0.6820065,0.1554374,
1,1,1.117,0.2713877,0.05387998,-1.186545,0.139734,0.700843,-0.6820065,0.1554374,
1,1,1.119,0.2713877,0.05387998,-1.186545,0.139734,0.700843,-0.6820065,0.1554374,
1,1,1.121,0.271359,0.05388296,-1.186548,0.1397806,0.700811,-0.6820242,0.1554615,
1,1,1.123,0.271359,0.05388296,-1.186548,0.1397806,0.700811,-0.6820242,0.1554615,
1,1,1.125,0.271359,0.05388296,-1.186548,0.1397806,0.700811,-0.6820242,0.1554615,
1,1,1.127,0.271359,0.05388296,-1.186548,0.1397806,0.700811,-0.6820242,0.1554615,
1,1,1.129,0.2713698,0.05388224,-1.186547,0.1397773,0.7007866,-0.6820326,0.1555377,
1,1,1.131,0.2713698,0.05388224,-1.186547,0.1397773,0.7007866,-0.6820326,0.1555377,
1,1,1.133,0.2713698,0.05388224,-1.186547,0.1397773,0.7007866,-0.6820326,0.1555377,
1,1,1.135,0.2713698,0.05388224,-1.186547,0.1397773,0.7007866,-0.6820326,0.1555377,
1,1,1.137,0.2713674,0.05388098,-1.186555,0.1397911,0.7007785,-0.6820416,0.1555221,
1,1,1.139,0.2713674,0.05388098,-1.186555,0.1397911,0.7007785,-0.6820416,0.1555221,
1,1,1.141,0.2713674,0.05388098,-1.186555,0.1397911,0.7007785,-0.6820416,0.1555221,
1,1,1.143,0.2713674,0.05388098,-1.186555,0.1397911,0.7007785,-0.6820416,0.1555221,
1,1,1.145,0.2713949,0.05388839,-1.186541,0.1397305,0.7007632,-0.6820572,0.1555776,
1,1,1.147,0.2713949,0.05388839,-1.186541,0.1397305,0.7007632,-0.6820572,0.1555776,
1,1,1.149,0.2713949,0.05388839,-1.186541,0.1397305,0.7007632,-0.6820572,0.1555776,
1,1,1.151,0.2713949,0.05388839,-1.186541,0.1397305,0.7007632,-0.6820572,0.1555776,
1,1,1.153,0.2713949,0.05388839,-1.186541,0.1397305,0.7007632,-0.6820572,0.1555776,
1,1,1.155,0.2713929,0.05388759,-1.186534,0.1397684,0.7007636,-0.6820585,0.1555362,
1,1,1.157,0.2713929,0.05388759,-1.186534,0.1397684,0.7007636,-0.6820585,0.1555362,
1,1,1.159,0.2713929,0.05388759,-1.186534,0.1397684,0.7007636,-0.6820585,0.1555362,
1,1,1.161,0.2713929,0.05388759,-1.186534,0.1397684,0.7007636,-0.6820585,0.1555362,
1,1,1.163,0.2713768,0.0538776,-1.18656,0.1397508,0.7007682,-0.6820583,0.1555318,
1,1,1.165,0.2713768,0.0538776,-1.18656,0.1397508,0.7007682,-0.6820583,0.1555318,
1,1,1.167,0.2713768,0.0538776,-1.18656,0.1397508,0.7007682,-0.6820583,0.1555318,
1,1,1.169,0.2713768,0.0538776,-1.18656,0.1397508,0.7007682,-0.6820583,0.1555318,
1,1,1.171,0.2713801,0.05387667,-1.186544,0.139797,0.7007783,-0.6820387,0.155531,
1,1,1.173,0.2713801,0.05387667,-1.186544,0.139797,0.7007783,-0.6820387,0.155531,
1,1,1.175,0.2713801,0.05387667,-1.186544,0.139797,0.7007783,-0.6820387,0.155531,
1,1,1.177,0.2713801,0.05387667,-1.186544,0.139797,0.7007783,-0.6820387,0.155531,
1,1,1.179,0.2713877,0.05388098,-1.186528,0.1398302,0.7007847,-0.6820228,0.1555421,
1,1,1.181,0.2713877,0.05388098,-1.186528,0.1398302,0.7007847,-0.6820228,0.1555421,CourtEnter
1,1,1.183,0.2713877,0.05388098,-1.186528,0.1398302,0.7007847,-0.6820228,0.1555421,
1,1,1.185,0.2713877,0.05388098,-1.186528,0.1398302,0.7007847,-0.6820228,0.1555421,
1,1,1.187,0.271379,0.05388046,-1.186545,0.139755,0.7007613,-0.6820636,0.1555359,
1,1,1.189,0.271379,0.05388046,-1.186545,0.139755,0.7007613,-0.6820636,0.1555359,CourtExit
1,1,1.191,0.271379,0.05388046,-1.186545,0.139755,0.7007613,-0.6820636,0.1555359,
1,1,1.193,0.271379,0.05388046,-1.186545,0.139755,0.7007613,-0.6820636,0.1555359,
1,1,1.195,0.2713714,0.05390007,-1.186536,0.1397366,0.7007697,-0.6820468,0.1555882,
1,1,1.197,0.2713714,0.05390007,-1.186536,0.1397366,0.7007697,-0.6820468,0.1555882,
1,1,1.199,0.2713714,0.05390007,-1.186536,0.1397366,0.7007697,-0.6820468,0.1555882,
1,1,1.201,0.2713714,0.05390007,-1.186536,0.1397366,0.7007697,-0.6820468,0.1555882,
1,1,1.203,0.2713714,0.05390007,-1.186536,0.1397366,0.7007697,-0.6820468,0.1555882,
1,1,1.205,0.2713765,0.05392639,-1.186583,0.1396448,0.7007911,-0.6820435,0.1555887,
1,1,1.207,0.2713765,0.05392639,-1.186583,0.1396448,0.7007911,-0.6820435,0.1555887,
1,1,1.209,0.2713765,0.05392639,-1.186583,0.1396448,0.7007911,-0.6820435,0.1555887,
1,1,1.211,0.2713765,0.05392639,-1.186583,0.1396448,0.7007911,-0.6820435,0.1555887,
1,1,1.213,0.2713544,0.0538847,-1.186615,0.1396741,0.7008307,-0.682031,0.1554387,
1,1,1.215,0.2713544,0.0538847,-1.186615,0.1396741,0.7008307,-0.682031,0.1554387,
1,1,1.217,0.2713544,0.0538847,-1.186615,0.1396741,0.7008307,-0.682031,0.1554387,
1,1,1.219,0.2713544,0.0538847,-1.186615,0.1396741,0.7008307,-0.682031,0.1554387,
1,1,1.221,0.2713672,0.05385007,-1.186592,0.1397444,0.7008395,-0.6820188,0.1553895,
1,1,1.223,0.2713672,0.05385007,-1.186592,0.1397444,0.7008395,-0.6820188,0.1553895,
1,1,1.225,0.2713672,0.05385007,-1.186592,0.1397444,0.7008395,-0.6820188,0.1553895,
1,1,1.227,0.2713672,0.05385007,-1.186592,0.1397444,0.7008395,-0.6820188,0.1553895,
1,1,1.229,0.2713763,0.05384833,-1.186589,0.1397884,0.7008462,-0.6820014,0.155396,
1,1,1.231,0.2713763,0.05384833,-1.186589,0.1397884,0.7008462,-0.6820014,0.155396,
1,1,1.233,0.2713763,0.05384833,-1.186589,0.1397884,0.7008462,-0.6820014,0.155396,
1,1,1.235,0.2713763,0.05384833,-1.186589,0.1397884,0.7008462,-0.6820014,0.155396,
1,1,1.237,0.2713691,0.0538623,-1.1866,0.1397622,0.7008601,-0.681989,0.1554115,
1,1,1.239,0.2713691,0.0538623,-1.1866,0.1397622,0.7008601,-0.681989,0.1554115,
1,1,1.241,0.2713691,0.0538623,-1.1866,0.1397622,0.7008601,-0.681989,0.1554115,
1,1,1.243,0.2713691,0.0538623,-1.1866,0.1397622,0.7008601,-0.681989,0.1554115,
1,1,1.245,0.2713669,0.05387901,-1.186576,0.1397582,0.7007768,-0.6820499,0.1555233,
1,1,1.247,0.2713669,0.05387901,-1.186576,0.1397582,0.7007768,-0.6820499,0.1555233,
1,1,1.249,0.2713669,0.05387901,-1.186576,0.1397582,0.7007768,-0.6820499,0.1555233,
1,1,1.251,0.2713669,0.05387901,-1.186576,0.1397582,0.7007768,-0.6820499,0.1555233,
1,1,1.253,0.2713669,0.05387901,-1.186576,0.1397582,0.7007768,-0.6820499,0.1555233,
1,1,1.255,0.2713802,0.05388793,-1.186548,0.1397679,0.700768,-0.6820478,0.1555636,
1,1,1.257,0.2713802,0.05388793,-1.186548,0.1397679,0.700768,-0.6820478,0.1555636,
1,1,1.259,0.2713802,0.05388793,-1.186548,0.1397679,0.700768,-0.6820478,0.1555636,
1,1,1.261,0.2713802,0.05388793,-1.186548,0.1397679,0.700768,-0.6820478,0.1555636,
1,1,1.263,0.271369,0.05388194,-1.18655,0.1397735,0.7007643,-0.682054,0.1555486,
1,1,1.265,0.271369,0.05388194,-1.18655,0.1397735,0.7007643,-0.682054,0.1555486,
1,1,1.267,0.271369,0.05388194,-1.18655,0.1397735,0.7007643,-0.682054,0.1555486,
1,1,1.269,0.271369,0.05388194,-1.18655,0.1397735,0.7007643,-0.682054,0.1555486,
1,1,1.271,0.2713593,0.05387827,-1.186558,0.1398018,0.7007635,-0.6820617,0.1554931,
1,1,1.273,0.2713593,0.05387827,-1.186558,0.1398018,0.7007635,-0.6820617,0.1554931,
1,1,1.275,0.2713593,0.05387827,-1.186558,0.1398018,0.7007635,-0.6820617,0.1554931,
1,1,1.277,0.2713593,0.05387827,-1.186558,0.1398018,0.7007635,-0.6820617,0.1554931,
1,1,1.279,0.2713682,0.05387967,-1.18654,0.1398146,0.7007604,-0.6820626,0.1554908,
1,1,1.281,0.2713682,0.05387967,-1.18654,0.1398146,0.7007604,-0.6820626,0.1554908,
1,1,1.283,0.2713682,0.05387967,-1.18654,0.1398146,0.7007604,-0.6820626,0.1554908,
1,1,1.285,0.2713682,0.05387967,-1.18654,0.1398146,0.7007604,-0.6820626,0.1554908,
1,1,1.287,0.2713656,0.05388239,-1.186521,0.1398182,0.7007572,-0.6820597,0.155515,
1,1,1.289,0.2713656,0.05388239,-1.186521,0.1398182,0.7007572,-0.6820597,0.155515,
1,1,1.291,0.2713656,0.05388239,-1.186521,0.1398182,0.7007572,-0.6820597,0.155515,
1,1,1.293,0.2713656,0.05388239,-1.186521,0.1398182,0.7007572,-0.6820597,0.155515,
1,1,1.295,0.271384,0.05388084,-1.186517,0.1398255,0.7007642,-0.6820499,0.1555197,
1,1,1.297,0.271384,0.05388084,-1.186517,0.1398255,0.7007642,-0.6820499,0.1555197,
1,1,1.299,0.271384,0.05388084,-1.186517,0.1398255,0.7007642,-0.6820499,0.1555197,
1,1,1.301,0.271384,0.05388084,-1.186517,0.1398255,0.7007642,-0.6820499,0.1555197,
1,1,1.303,0.271384,0.05388084,-1.186517,0.1398255,0.7007642,-0.6820499,0.1555197,
1,1,1.305,0.2713917,0.05388031,-1.186535,0.1397981,0.7007649,-0.6820393,0.1555875,
1,1,1.307,0.2713917,0.05388031,-1.186535,0.1397981,0.7007649,-0.6820393,0.1555875,
1,1,1.309,0.2713917,0.05388031,-1.186535,0.1397981,0.7007649,-0.6820393,0.1555875,
1,1,1.311,0.2713917,0.05388031,-1.186535,0.1397981,0.7007649,-0.6820393,0.1555875,
1,1,1.313,0.2713891,0.05388271,-1.186548,0.1397862,0.7007761,-0.6820289,0.1555936,
1,1,1.315,0.2713891,0.05388271,-1.186548,0.1397862,0.7007761,-0.6820289,0.1555936,
1,1,1.317,0.2713891,0.05388271,-1.186548,0.1397862,0.7007761,-0.6820289,0.1555936,
1,1,1.319,0.2713891,0.05388271,-1.186548,0.1397862,0.7007761,-0.6820289,0.1555936,
1,1,1.321,0.2714069,0.05386259,-1.186539,0.1397866,0.7007548,-0.6820471,0.1556096,
1,1,1.323,0.2714069,0.05386259,-1.186539,0.1397866,0.7007548,-0.6820471,0.1556096,
1,1,1.325,0.2714069,0.05386259,-1.186539,0.1397866,0.7007548,-0.6820471,0.1556096,
1,1,1.327,0.2714069,0.05386259,-1.186539,0.1397866,0.7007548,-0.6820471,0.1556096,
1,1,1.329,0.2714002,0.05386296,-1.186522,0.1398108,0.700748,-0.6820557,0.1555805,
1,1,1.331,0.2714002,0.05386296,-1.186522,0.1398108,0.700748,-0.6820557,0.1555805,
1,1,1.333,0.2714002,0.05386296,-1.186522,0.1398108,0.700748,-0.6820557,0.1555805,
1,1,1.335,0.2714002,0.05386296,-1.186522,0.1398108,0.700748,-0.6820557,0.1555805,
1,1,1.337,0.2713919,0.05387273,-1.186527,0.1398309,0.7007592,-0.6820459,0.1555549,
1,1,1.339,0.2713919,0.05387273,-1.186527,0.1398309,0.7007592,-0.6820459,0.1555549,
1,1,1.341,0.2713919,0.05387273,-1.186527,0.1398309,0.7007592,-0.6820459,0.1555549,
1,1,1.343,0.2713919,0.05387273,-1.186527,0.1398309,0.7007592,-0.6820459,0.1555549,
1,1,1.345,0.2714053,0.0538641,-1.18652,0.1397965,0.7007627,-0.6820349,0.1556182,
1,1,1.347,0.2714053,0.0538641,-1.18652,0.1397965,0.7007627,-0.6820349,0.1556182,
1,1,1.349,0.2714053,0.0538641,-1.18652,0.1397965,0.7007627,-0.6820349,0.1556182,
1,1,1.351,0.2714053,0.0538641,-1.18652,0.1397965,0.7007627,-0.6820349,0.1556182,
1,1,1.353,0.2714053,0.0538641,-1.18652,0.1397965,0.7007627,-0.6820349,0.1556182,
1,1,1.355,0.2713856,0.05386704,-1.186526,0.1398338,0.7007295,-0.6820694,0.1555826,
1,1,1.357,0.2713856,0.05386704,-1.186526,0.1398338,0.7007295,-0.6820694,0.1555826,
1,1,1.359,0.2713856,0.05386704,-1.186526,0.1398338,0.7007295,-0.6820694,0.1555826,
1,1,1.361,0.2713856,0.05386704,-1.186526,0.1398338,0.7007295,-0.6820694,0.1555826,
1,1,1.363,0.2713672,0.05386447,-1.186564,0.139881,0.7007077,-0.6820998,0.1555053,
1,1,1.365,0.2713672,0.05386447,-1.186564,0.139881,0.7007077,-0.6820998,0.1555053,
1,1,1.367,0.2713672,0.05386447,-1.186564,0.139881,0.7007077,-0.6820998,0.1555053,
1,1,1.369,0.2713672,0.05386447,-1.186564,0.139881,0.7007077,-0.6820998,0.1555053,
1,1,1.371,0.2713757,0.053868,-1.186563,0.1398718,0.7007347,-0.6820803,0.1554778,
1,1,1.373,0.2713757,0.053868,-1.186563,0.1398718,0.7007347,-0.6820803,0.1554778,
1,1,1.375,0.2713757,0.053868,-1.186563,0.1398718,0.7007347,-0.6820803,0.1554778,
1,1,1.377,0.2713757,0.053868,-1.186563,0.1398718,0.7007347,-0.6820803,0.1554778,
1,1,1.379,0.2713829,0.05385833,-1.186556,0.1398253,0.7007462,-0.6820668,0.1555269,
1,1,1.381,0.2713829,0.05385833,-1.186556,0.1398253,0.7007462,-0.6820668,0.1555269,
1,1,1.383,0.2713829,0.05385833,-1.186556,0.1398253,0.7007462,-0.6820668,0.1555269,
1,1,1.385,0.2713829,0.05385833,-1.186556,0.1398253,0.7007462,-0.6820668,0.1555269,
1,1,1.387,0.2714032,0.0538722,-1.186545,0.1397309,0.7007459,-0.6820761,0.1555722,
1,1,1.389,0.2714032,0.0538722,-1.186545,0.1397309,0.7007459,-0.6820761,0.1555722,
1,1,1.391,0.2714032,0.0538722,-1.186545,0.1397309,0.7007459,-0.6820761,0.1555722,
1,1,1.393,0.2714032,0.0538722,-1.186545,0.1397309,0.7007459,-0.6820761,0.1555722,
1,1,1.395,0.2713864,0.05388188,-1.186546,0.139752,0.7007526,-0.6820713,0.1555442,
1,1,1.397,0.2713864,0.05388188,-1.186546,0.139752,0.7007526,-0.6820713,0.1555442,
1,1,1.399,0.2713864,0.05388188,-1.186546,0.139752,0.7007526,-0.6820713,0.1555442,
1,1,1.401,0.2713864,0.05388188,-1.186546,0.139752,0.7007526,-0.6820713,0.1555442,
1,1,1.403,0.2713864,0.05388188,-1.186546,0.139752,0.7007526,-0.6820713,0.1555442,
1,1,1.405,0.2713766,0.05387121,-1.186566,0.1397849,0.7007509,-0.6820636,0.1555558,
1,1,1.407,0.2713766,0.05387121,-1.186566,0.1397849,0.7007509,-0.6820636,0.1555558,
1,1,1.409,0.2713766,0.05387121,-1.186566,0.1397849,0.7007509,-0.6820636,0.1555558,
1,1,1.411,0.2713766,0.05387121,-1.186566,0.1397849,0.7007509,-0.6820636,0.1555558,
1,1,1.413,0.2713779,0.05387197,-1.186544,0.1398114,0.7007535,-0.682056,0.1555544,
1,1,1.415,0.2713779,0.05387197,-1.186544,0.1398114,0.7007535,-0.682056,0.1555544,
1,1,1.417,0.2713779,0.05387197,-1.186544,0.1398114,0.7007535,-0.682056,0.1555544,
1,1,1.419,0.2713779,0.05387197,-1.186544,0.1398114,0.7007535,-0.682056,0.1555544,
1,1,1.421,0.271362,0.05387744,-1.186528,0.1398272,0.7007532,-0.6820579,0.1555331,
1,1,1.423,0.271362,0.05387744,-1.186528,0.1398272,0.7007532,-0.6820579,0.1555331,
1,1,1.425,0.271362,0.05387744,-1.186528,0.1398272,0.7007532,-0.6820579,0.1555331,
1,1,1.427,0.271362,0.05387744,-1.186528,0.1398272,0.7007532,-0.6820579,0.1555331,
1,1,1.429,0.271378,0.05387288,-1.186543,0.1397648,0.7007403,-0.6820846,0.1555298,
1,1,1.431,0.271378,0.05387288,-1.186543,0.1397648,0.7007403,-0.6820846,0.1555298,
1,1,1.433,0.271378,0.05387288,-1.186543,0.1397648,0.7007403,-0.6820846,0.1555298,
1,1,1.435,0.271378,0.05387288,-1.186543,0.1397648,0.7007403,-0.6820846,0.1555298,
1,1,1.437,0.2713852,0.05387186,-1.186548,0.139785,0.7007493,-0.6820617,0.1555708,
1,1,1.439,0.2713852,0.05387186,-1.186548,0.139785,0.7007493,-0.6820617,0.1555708,
1,1,1.441,0.2713852,0.05387186,-1.186548,0.139785,0.7007493,-0.6820617,0.1555708,
1,1,1.443,0.2713852,0.05387186,-1.186548,0.139785,0.7007493,-0.6820617,0.1555708,
1,1,1.445,0.2713757,0.05387677,-1.186526,0.1398133,0.7007585,-0.6820547,0.1555355,
1,1,1.447,0.2713757,0.05387677,-1.186526,0.1398133,0.7007585,-0.6820547,0.1555355,
1,1,1.449,0.2713757,0.05387677,-1.186526,0.1398133,0.7007585,-0.6820547,0.1555355,
1,1,1.451,0.2713757,0.05387677,-1.186526,0.1398133,0.7007585,-0.6820547,0.1555355,
1,1,1.453,0.2713757,0.05387677,-1.186526,0.1398133,0.7007585,-0.6820547,0.1555355,
1,1,1.455,0.2713804,0.05386866,-1.186525,0.1398114,0.700757,-0.6820512,0.1555592,
1,1,1.457,0.2713804,0.05386866,-1.186525,0.1398114,0.700757,-0.6820512,0.1555592,
1,1,1.459,0.2713804,0.05386866,-1.186525,0.1398114,0.700757,-0.6820512,0.1555592,
1,1,1.461,0.2713804,0.05386866,-1.186525,0.1398114,0.700757,-0.6820512,0.1555592,
1,1,1.463,0.2713819,0.05386885,-1.18654,0.1397994,0.7007571,-0.682053,0.155561,
1,1,1.465,0.2713819,0.05386885,-1.18654,0.1397994,0.7007571,-0.682053,0.155561,
1,1,1.467,0.2713819,0.05386885,-1.18654,0.1397994,0.7007571,-0.682053,0.155561,
1,1,1.469,0.2713819,0.05386885,-1.18654,0.1397994,0.7007571,-0.682053,0.155561,
1,1,1.471,0.2713796,0.05387066,-1.186543,0.1398151,0.7007579,-0.6820518,0.1555491,
1,1,1.473,0.2713796,0.05387066,-1.186543,0.1398151,0.7007579,-0.6820518,0.1555491,
1,1,1.475,0.2713796,0.05387066,-1.186543,0.1398151,0.7007579,-0.6820518,0.1555491,
1,1,1.477,0.2713796,0.05387066,-1.186543,0.1398151,0.7007579,-0.6820518,0.1555491,
1,1,1.479,0.2713774,0.05385615,-1.186544,0.1398112,0.7007507,-0.6820583,0.1555567,
1,1,1.481,0.2713774,0.05385615,-1.186544,0.1398112,0.7007507,-0.6820583,0.1555567,
1,1,1.483,0.2713774,0.05385615,-1.186544,0.1398112,0.7007507,-0.6820583,0.1555567,
1,1,1.485,0.2713774,0.05385615,-1.186544,0.1398112,0.7007507,-0.6820583,0.1555567,
1,1,1.487,0.2713898,0.05387058,-1.186541,0.1397672,0.7007486,-0.6820706,0.1555521,
1,1,1.489,0.2713898,0.05387058,-1.186541,0.1397672,0.7007486,-0.6820706,0.1555521,
1,1,1.491,0.2713898,0.05387058,-1.186541,0.1397672,0.7007486,-0.6820706,0.1555521,
1,1,1.493,0.2713898,0.05387058,-1.186541,0.1397672,0.7007486,-0.6820706,0.1555521,
1,1,1.495,0.2713928,0.05384863,-1.186576,0.1397898,0.7007848,-0.6820449,0.1554812,
1,1,1.497,0.2713928,0.05384863,-1.186576,0.1397898,0.7007848,-0.6820449,0.1554812,
1,1,1.499,0.2713928,0.05384863,-1.186576,0.1397898,0.7007848,-0.6820449,0.1554812,
1,1,1.501,0.2713928,0.05384863,-1.186576,0.1397898,0.7007848,-0.6820449,0.1554812,
1,1,1.503,0.2713928,0.05384863,-1.186576,0.1397898,0.7007848,-0.6820449,0.1554812,
1,1,1.505,0.2713985,0.05386391,-1.186561,0.1397813,0.7008171,-0.6820331,0.1553945,
1,1,1.507,0.2713985,0.05386391,-1.186561,0.1397813,0.7008171,-0.6820331,0.1553945,
1,1,1.509,0.2713985,0.05386391,-1.186561,0.1397813,0.7008171,-0.6820331,0.1553945,
1,1,1.511,0.2713985,0.05386391,-1.186561,0.1397813,0.7008171,-0.6820331,0.1553945,
1,1,1.513,0.2713903,0.05385489,-1.186564,0.1398009,0.7008218,-0.6820235,0.1553981,
1,1,1.515,0.2713903,0.05385489,-1.186564,0.1398009,0.7008218,-0.6820235,0.1553981,
1,1,1.517,0.2713903,0.05385489,-1.186564,0.1398009,0.7008218,-0.6820235,0.1553981,
1,1,1.519,0.2713903,0.05385489,-1.186564,0.1398009,0.7008218,-0.6820235,0.1553981,
1,1,1.521,0.2713832,0.05384229,-1.186583,0.1398195,0.7008293,-0.6820168,0.1553766,
1,1,1.523,0.2713832,0.05384229,-1.186583,0.1398195,0.7008293,-0.6820168,0.1553766,
1,1,1.525,0.2713832,0.05384229,-1.186583,0.1398195,0.7008293,-0.6820168,0.1553766,
1,1,1.527,0.2713832,0.05384229,-1.186583,0.1398195,0.7008293,-0.6820168,0.1553766,
1,1,1.529,0.2713767,0.05385792,-1.186595,0.1398168,0.7008363,-0.6820195,0.1553354,
1,1,1.531,0.2713767,0.05385792,-1.186595,0.1398168,0.7008363,-0.6820195,0.1553354,
1,1,1.533,0.2713767,0.05385792,-1.186595,0.1398168,0.7008363,-0.6820195,0.1553354,
1,1,1.535,0.2713767,0.05385792,-1.186595,0.1398168,0.7008363,-0.6820195,0.1553354,
1,1,1.537,0.2713745,0.05385107,-1.186598,0.1398039,0.7008429,-0.6820104,0.1553576,
1,1,1.539,0.2713745,0.05385107,-1.186598,0.1398039,0.7008429,-0.6820104,0.1553576,
1,1,1.541,0.2713745,0.05385107,-1.186598,0.1398039,0.7008429,-0.6820104,0.1553576,
1,1,1.543,0.2713745,0.05385107,-1.186598,0.1398039,0.7008429,-0.6820104,0.1553576,
1,1,1.545,0.271372,0.05387256,-1.186586,0.1397222,0.7008462,-0.6820202,0.1553734,
1,1,1.547,0.271372,0.05387256,-1.186586,0.1397222,0.7008462,-0.6820202,0.1553734,
1,1,1.549,0.271372,0.05387256,-1.186586,0.1397222,0.7008462,-0.6820202,0.1553734,
1,1,1.551,0.271372,0.05387256,-1.186586,0.1397222,0.7008462,-0.6820202,0.1553734,
1,1,1.553,0.271372,0.05387256,-1.186586,0.1397222,0.7008462,-0.6820202,0.1553734,
1,1,1.555,0.2713783,0.05387402,-1.186561,0.1397567,0.7008462,-0.6820104,0.1553852,
1,1,1.557,0.2713783,0.05387402,-1.186561,0.1397567,0.7008462,-0.6820104,0.1553852,
1,1,1.559,0.2713783,0.05387402,-1.186561,0.1397567,0.7008462,-0.6820104,0.1553852,
1,1,1.561,0.2713783,0.05387402,-1.186561,0.1397567,0.7008462,-0.6820104,0.1553852,
1,1,1.563,0.2713726,0.05386897,-1.18657,0.1397994,0.7008556,-0.6819916,0.1553867,
1,1,1.565,0.2713726,0.05386897,-1.18657,0.1397994,0.7008556,-0.6819916,0.1553867,
1,1,1.567,0.2713726,0.05386897,-1.18657,0.1397994,0.7008556,-0.6819916,0.1553867,
1,1,1.569,0.2713726,0.05386897,-1.18657,0.1397994,0.7008556,-0.6819916,0.1553867,
1,1,1.571,0.2713564,0.05388014,-1.186572,0.1398407,0.7008687,-0.6819869,0.1553113,
1,1,1.573,0.2713564,0.05388014,-1.186572,0.1398407,0.7008687,-0.6819869,0.1553113,
1,1,1.575,0.2713564,0.05388014,-1.186572,0.1398407,0.7008687,-0.6819869,0.1553113,
1,1,1.577,0.2713564,0.05388014,-1.186572,0.1398407,0.7008687,-0.6819869,0.1553113,
1,1,1.579,0.2713708,0.05388626,-1.186584,0.1398297,0.7008741,-0.6819806,0.1553248,
1,1,1.581,0.2713708,0.05388626,-1.186584,0.1398297,0.7008741,-0.6819806,0.1553248,
1,1,1.583,0.2713708,0.05388626,-1.186584,0.1398297,0.7008741,-0.6819806,0.1553248,
1,1,1.585,0.2713708,0.05388626,-1.186584,0.1398297,0.7008741,-0.6819806,0.1553248,
1,1,1.587,0.2713529,0.05387999,-1.186599,0.1398099,0.700883,-0.6819792,0.1553074,
1,1,1.589,0.2713529,0.05387999,-1.186599,0.1398099,0.700883,-0.6819792,0.1553074,
1,1,1.591,0.2713529,0.05387999,-1.186599,0.1398099,0.700883,-0.6819792,0.1553074,
1,1,1.593,0.2713529,0.05387999,-1.186599,0.1398099,0.700883,-0.6819792,0.1553074,
1,1,1.595,0.2713462,0.05388266,-1.186589,0.1398138,0.7008791,-0.6819834,0.1553037,
1,1,1.597,0.2713462,0.05388266,-1.186589,0.1398138,0.7008791,-0.6819834,0.1553037,
1,1,1.599,0.2713462,0.05388266,-1.186589,0.1398138,0.7008791,-0.6819834,0.1553037,
1,1,1.601,0.2713462,0.05388266,-1.186589,0.1398138,0.7008791,-0.6819834,0.1553037,
1,1,1.603,0.2713462,0.05388266,-1.186589,0.1398138,0.7008791,-0.6819834,0.1553037,
1,1,1.605,0.2713434,0.05388895,-1.186584,0.1398193,0.7008804,-0.6819869,0.1552778,
1,1,1.607,0.2713434,0.05388895,-1.186584,0.1398193,0.7008804,-0.6819869,0.1552778,
1,1,1.609,0.2713434,0.05388895,-1.186584,0.1398193,0.7008804,-0.6819869,0.1552778,
1,1,1.611,0.2713434,0.05388895,-1.186584,0.1398193,0.7008804,-0.6819869,0.1552778,
1,1,1.613,0.2713648,0.05386925,-1.186589,0.1398049,0.7008716,-0.6819845,0.155341,
1,1,1.615,0.2713648,0.05386925,-1.186589,0.1398049,0.7008716,-0.6819845,0.155341,
1,1,1.617,0.2713648,0.05386925,-1.186589,0.1398049,0.7008716,-0.6819845,0.155341,
1,1,1.619,0.2713648,0.05386925,-1.186589,0.1398049,0.7008716,-0.6819845,0.155341,
1,1,1.621,0.2713611,0.05387245,-1.186594,0.1397986,0.700865,-0.6819935,0.1553368,
1,1,1.623,0.2713611,0.05387245,-1.186594,0.1397986,0.700865,-0.6819935,0.1553368,
1,1,1.625,0.2713611,0.05387245,-1.186594,0.1397986,0.700865,-0.6819935,0.1553368,
1,1,1.627,0.2713611,0.05387245,-1.186594,0.1397986,0.700865,-0.6819935,0.1553368,
1,1,1.629,0.2713767,0.05386822,-1.186599,0.1397496,0.7008501,-0.6820174,0.1553427,
1,1,1.631,0.2713767,0.05386822,-1.186599,0.1397496,0.7008501,-0.6820174,0.1553427,
1,1,1.633,0.2713767,0.05386822,-1.186599,0.1397496,0.7008501,-0.6820174,0.1553427,
1,1,1.635,0.2713767,0.05386822,-1.186599,0.1397496,0.7008501,-0.6820174,0.1553427,
1,1,1.637,0.2714183,0.05387333,-1.186573,0.1397202,0.7008243,-0.6820406,0.1553841,
1,1,1.639,0.2714183,0.05387333,-1.186573,0.1397202,0.7008243,-0.6820406,0.1553841,
1,1,1.641,0.2714183,0.05387333,-1.186573,0.1397202,0.7008243,-0.6820406,0.1553841,
1,1,1.643,0.2714183,0.05387333,-1.186573,0.1397202,0.7008243,-0.6820406,0.1553841,
1,1,1.645,0.2714096,0.05387196,-1.18658,0.1396962,0.7008069,-0.6820606,0.1553965,
1,1,1.647,0.2714096,0.05387196,-1.18658,0.1396962,0.7008069,-0.6820606,0.1553965,
1,1,1.649,0.2714096,0.05387196,-1.18658,0.1396962,0.7008069,-0.6820606,0.1553965,
1,1,1.651,0.2714096,0.05387196,-1.18658,0.1396962,0.7008069,-0.6820606,0.1553965,
1,1,1.653,0.2714096,0.05387196,-1.18658,0.1396962,0.7008069,-0.6820606,0.1553965,
1,1,1.655,0.2713727,0.05386136,-1.186595,0.1397611,0.7008332,-0.6820258,0.1553718,
1,1,1.657,0.2713727,0.05386136,-1.186595,0.1397611,0.7008332,-0.6820258,0.1553718,
1,1,1.659,0.2713727,0.05386136,-1.186595,0.1397611,0.7008332,-0.6820258,0.1553718,
1,1,1.661,0.2713727,0.05386136,-1.186595,0.1397611,0.7008332,-0.6820258,0.1553718,
1,1,1.663,0.2713768,0.05385153,-1.186593,0.1397858,0.7008312,-0.6820204,0.155383,
1,1,1.665,0.2713768,0.05385153,-1.186593,0.1397858,0.7008312,-0.6820204,0.155383,
1,1,1.667,0.2713768,0.05385153,-1.186593,0.1397858,0.7008312,-0.6820204,0.155383,
1,1,1.669,0.2713768,0.05385153,-1.186593,0.1397858,0.7008312,-0.6820204,0.155383,
1,1,1.671,0.2713735,0.05386171,-1.186579,0.1397904,0.7008426,-0.6820064,0.1553884,
1,1,1.673,0.2713735,0.05386171,-1.186579,0.1397904,0.7008426,-0.6820064,0.1553884,
1,1,1.675,0.2713735,0.05386171,-1.186579,0.1397904,0.7008426,-0.6820064,0.1553884,
1,1,1.677,0.2713735,0.05386171,-1.186579,0.1397904,0.7008426,-0.6820064,0.1553884,
1,1,1.679,0.2713689,0.05386619,-1.186575,0.1398224,0.7008528,-0.6819995,0.1553444,
1,1,1.681,0.2713689,0.05386619,-1.186575,0.1398224,0.7008528,-0.6819995,0.1553444,
1,1,1.683,0.2713689,0.05386619,-1.186575,0.1398224,0.7008528,-0.6819995,0.1553444,
1,1,1.685,0.2713689,0.05386619,-1.186575,0.1398224,0.7008528,-0.6819995,0.1553444,
1,1,1.687,0.2713653,0.05386471,-1.186577,0.1398098,0.7008309,-0.6820378,0.1552856,
1,1,1.689,0.2713653,0.05386471,-1.186577,0.1398098,0.7008309,-0.6820378,0.1552856,
1,1,1.691,0.2713653,0.05386471,-1.186577,0.1398098,0.7008309,-0.6820378,0.1552856,
1,1,1.693,0.2713653,0.05386471,-1.186577,0.1398098,0.7008309,-0.6820378,0.1552856,
1,1,1.695,0.2713636,0.05387194,-1.186578,0.1397679,0.7008351,-0.6820454,0.1552714,
1,1,1.697,0.2713636,0.05387194,-1.186578,0.1397679,0.7008351,-0.6820454,0.1552714,
1,1,1.699,0.2713636,0.05387194,-1.186578,0.1397679,0.7008351,-0.6820454,0.1552714,
1,1,1.701,0.2713636,0.05387194,-1.186578,0.1397679,0.7008351,-0.6820454,0.1552714,
1,1,1.703,0.2713636,0.05387194,-1.186578,0.1397679,0.7008351,-0.6820454,0.1552714,
1,1,1.705,0.271384,0.0538695,-1.186564,0.1397562,0.7008331,-0.6820305,0.1553568,
1,1,1.707,0.271384,0.0538695,-1.186564,0.1397562,0.7008331,-0.6820305,0.1553568,
1,1,1.709,0.271384,0.0538695,-1.186564,0.1397562,0.7008331,-0.6820305,0.1553568,
1,1,1.711,0.271384,0.0538695,-1.186564,0.1397562,0.7008331,-0.6820305,0.1553568,
1,1,1.713,0.2713906,0.05386572,-1.186574,0.1397831,0.7008486,-0.6820001,0.1553956,
1,1,1.715,0.2713906,0.05386572,-1.186574,0.1397831,0.7008486,-0.6820001,0.1553956,
1,1,1.717,0.2713906,0.05386572,-1.186574,0.1397831,0.7008486,-0.6820001,0.1553956,
1,1,1.719,0.2713906,0.05386572,-1.186574,0.1397831,0.7008486,-0.6820001,0.1553956,
1,1,1.721,0.271373,0.0538685,-1.186596,0.1397958,0.7008694,-0.6819866,0.1553496,
1,1,1.723,0.271373,0.0538685,-1.186596,0.1397958,0.7008694,-0.6819866,0.1553496,
1,1,1.725,0.271373,0.0538685,-1.186596,0.1397958,0.7008694,-0.6819866,0.1553496,
1,1,1.727,0.271373,0.0538685,-1.186596,0.1397958,0.7008694,-0.6819866,0.1553496,
1,1,1.729,0.2713903,0.05385841,-1.186605,0.1397793,0.700858,-0.6819921,0.155392,
1,1,1.731,0.2713903,0.05385841,-1.186605,0.1397793,0.700858,-0.6819921,0.155392,
1,1,1.733,0.2713903,0.05385841,-1.186605,0.1397793,0.700858,-0.6819921,0.155392,
1,1,1.735,0.2713903,0.05385841,-1.186605,0.1397793,0.700858,-0.6819921,0.155392,
1,1,1.737,0.2713822,0.05387746,-1.186583,0.1397957,0.7008716,-0.6819893,0.1553281,
1,1,1.739,0.2713822,0.05387746,-1.186583,0.1397957,0.7008716,-0.6819893,0.1553281,
1,1,1.741,0.2713822,0.05387746,-1.186583,0.1397957,0.7008716,-0.6819893,0.1553281,
1,1,1.743,0.2713822,0.05387746,-1.186583,0.1397957,0.7008716,-0.6819893,0.1553281,
1,1,1.745,0.2713655,0.05388061,-1.186571,0.139827,0.7008752,-0.6819874,0.1552925,
1,1,1.747,0.2713655,0.05388061,-1.186571,0.139827,0.7008752,-0.6819874,0.1552925,
1,1,1.749,0.2713655,0.05388061,-1.186571,0.139827,0.7008752,-0.6819874,0.1552925,
1,1,1.751,0.2713655,0.05388061,-1.186571,0.139827,0.7008752,-0.6819874,0.1552925,
1,1,1.753,0.2713655,0.05388061,-1.186571,0.139827,0.7008752,-0.6819874,0.1552925,
1,1,1.755,0.2713861,0.05387139,-1.18659,0.1397973,0.7008711,-0.6819794,0.1553727,
1,1,1.757,0.2713861,0.05387139,-1.18659,0.1397973,0.7008711,-0.6819794,0.1553727,
1,1,1.759,0.2713861,0.05387139,-1.18659,0.1397973,0.7008711,-0.6819794,0.1553727,
1,1,1.761,0.2713861,0.05387139,-1.18659,0.1397973,0.7008711,-0.6819794,0.1553727,
1,1,1.763,0.2713903,0.05388127,-1.18657,0.1397613,0.7008598,-0.6820118,0.155313,
1,1,1.765,0.2713903,0.05388127,-1.18657,0.1397613,0.7008598,-0.6820118,0.155313,
1,1,1.767,0.2713903,0.05388127,-1.18657,0.1397613,0.7008598,-0.6820118,0.155313,
1,1,1.769,0.2713903,0.05388127,-1.18657,0.1397613,0.7008598,-0.6820118,0.155313,
1,1,1.771,0.2713995,0.05387504,-1.186568,0.1397108,0.7008283,-0.6820426,0.1553656,
1,1,1.773,0.2713995,0.05387504,-1.186568,0.1397108,0.7008283,-0.6820426,0.1553656,
1,1,1.775,0.2713995,0.05387504,-1.186568,0.1397108,0.7008283,-0.6820426,0.1553656,
1,1,1.777,0.2713995,0.05387504,-1.186568,0.1397108,0.7008283,-0.6820426,0.1553656,
1,1,1.779,0.2714157,0.0538743,-1.186551,0.1396893,0.7008287,-0.6820357,0.1554129,
1,1,1.781,0.2714157,0.0538743,-1.186551,0.1396893,0.7008287,-0.6820357,0.1554129,
1,1,1.783,0.2714157,0.0538743,-1.186551,0.1396893,0.7008287,-0.6820357,0.1554129,
1,1,1.785,0.2714157,0.0538743,-1.186551,0.1396893,0.7008287,-0.6820357,0.1554129,
1,1,1.787,0.2714018,0.05386403,-1.186543,0.1397443,0.700829,-0.6820263,0.1554045,
1,1,1.789,0.2714018,0.05386403,-1.186543,0.1397443,0.700829,-0.6820263,0.1554045,
1,1,1.791,0.2714018,0.05386403,-1.186543,0.1397443,0.700829,-0.6820263,0.1554045,
1,1,1.793,0.2714018,0.05386403,-1.186543,0.1397443,0.700829,-0.6820263,0.1554045,
1,1,1.795,0.2713968,0.05387736,-1.186551,0.1397474,0.7008402,-0.6820225,0.1553676,
1,1,1.797,0.2713968,0.05387736,-1.186551,0.1397474,0.7008402,-0.6820225,0.1553676,
1,1,1.799,0.2713968,0.05387736,-1.186551,0.1397474,0.7008402,-0.6820225,0.1553676,
1,1,1.801,0.2713968,0.05387736,-1.186551,0.1397474,0.7008402,-0.6820225,0.1553676,
1,1,1.803,0.2713968,0.05387736,-1.186551,0.1397474,0.7008402,-0.6820225,0.1553676,
1,1,1.805,0.271395,0.05387732,-1.186561,0.1397242,0.7008357,-0.6820381,0.15534,
1,1,1.807,0.271395,0.05387732,-1.186561,0.1397242,0.7008357,-0.6820381,0.15534,
1,1,1.809,0.271395,0.05387732,-1.186561,0.1397242,0.7008357,-0.6820381,0.15534,
1,1,1.811,0.271395,0.05387732,-1.186561,0.1397242,0.7008357,-0.6820381,0.15534,
1,1,1.813,0.2713931,0.05386489,-1.186583,0.1397333,0.7008576,-0.6820098,0.1553567,
1,1,1.815,0.2713931,0.05386489,-1.186583,0.1397333,0.7008576,-0.6820098,0.1553567,
1,1,1.817,0.2713931,0.05386489,-1.186583,0.1397333,0.7008576,-0.6820098,0.1553567,
1,1,1.819,0.2713931,0.05386489,-1.186583,0.1397333,0.7008576,-0.6820098,0.1553567,
1,1,1.821,0.2713912,0.0538486,-1.186588,0.1397776,0.7008675,-0.6819912,0.1553542,
1,1,1.823,0.2713912,0.0538486,-1.186588,0.1397776,0.7008675,-0.6819912,0.1553542,
1,1,1.825,0.2713912,0.0538486,-1.186588,0.1397776,0.7008675,-0.6819912,0.1553542,
1,1,1.827,0.2713912,0.0538486,-1.186588,0.1397776,0.7008675,-0.6819912,0.1553542,
1,1,1.829,0.2713929,0.05385325,-1.186571,0.1397705,0.700848,-0.6820096,0.1553685,
1,1,1.831,0.2713929,0.05385325,-1.186571,0.1397705,0.700848,-0.6820096,0.1553685,
1,1,1.833,0.2713929,0.05385325,-1.186571,0.1397705,0.700848,-0.6820096,0.1553685,
1,1,1.835,0.2713929,0.05385325,-1.186571,0.1397705,0.700848,-0.6820096,0.1553685,
1,1,1.837,0.2713752,0.05385571,-1.186554,0.1398173,0.7008544,-0.6819988,0.1553447,
1,1,1.839,0.2713752,0.05385571,-1.186554,0.1398173,0.7008544,-0.6819988,0.1553447,
1,1,1.841,0.2713752,0.05385571,-1.186554,0.1398173,0.7008544,-0.6819988,0.1553447,
1,1,1.843,0.2713752,0.05385571,-1.186554,0.1398173,0.7008544,-0.6819988,0.1553447,
1,1,1.845,0.2713756,0.0538532,-1.186562,0.1398002,0.7008541,-0.6819938,0.1553834,
1,1,1.847,0.2713756,0.0538532,-1.186562,0.1398002,0.7008541,-0.6819938,0.1553834,
1,1,1.849,0.2713756,0.0538532,-1.186562,0.1398002,0.7008541,-0.6819938,0.1553834,
1,1,1.851,0.2713756,0.0538532,-1.186562,0.1398002,0.7008541,-0.6819938,0.1553834,
1,1,1.853,0.2713756,0.0538532,-1.186562,0.1398002,0.7008541,-0.6819938,0.1553834,
1,1,1.855,0.2713737,0.0538874,-1.186568,0.1397728,0.7008569,-0.6820111,0.1553194,
1,1,1.857,0.2713737,0.0538874,-1.186568,0.1397728,0.7008569,-0.6820111,0.1553194,
1,1,1.859,0.2713737,0.0538874,-1.186568,0.1397728,0.7008569,-0.6820111,0.1553194,
1,1,1.861,0.2713737,0.0538874,-1.186568,0.1397728,0.7008569,-0.6820111,0.1553194,
1,1,1.863,0.2713519,0.05387313,-1.186569,0.1398048,0.7008592,-0.6820101,0.1552843,
1,1,1.865,0.2713519,0.05387313,-1.186569,0.1398048,0.7008592,-0.6820101,0.1552843,
1,1,1.867,0.2713519,0.05387313,-1.186569,0.1398048,0.7008592,-0.6820101,0.1552843,
1,1,1.869,0.2713519,0.05387313,-1.186569,0.1398048,0.7008592,-0.6820101,0.1552843,
1,1,1.871,0.2713755,0.05385243,-1.18659,0.1397437,0.7008413,-0.6820202,0.1553759,
1,1,1.873,0.2713755,0.05385243,-1.18659,0.1397437,0.7008413,-0.6820202,0.1553759,
1,1,1.875,0.2713755,0.05385243,-1.18659,0.1397437,0.7008413,-0.6820202,0.1553759,
1,1,1.877,0.2713755,0.05385243,-1.18659,0.1397437,0.7008413,-0.6820202,0.1553759,
1,1,1.879,0.2713639,0.05385646,-1.186595,0.1397732,0.7008549,-0.6820043,0.1553578,
1,1,1.881,0.2713639,0.05385646,-1.186595,0.1397732,0.7008549,-0.6820043,0.1553578,
1,1,1.883,0.2713639,0.05385646,-1.186595,0.1397732,0.7008549,-0.6820043,0.1553578,
1,1,1.885,0.2713639,0.05385646,-1.186595,0.1397732,0.7008549,-0.6820043,0.1553578,
1,1,1.887,0.2713618,0.0538884,-1.186567,0.1397942,0.7008318,-0.6820089,0.1554235,
1,1,1.889,0.2713618,0.0538884,-1.186567,0.1397942,0.7008318,-0.6820089,0.1554235,
1,1,1.891,0.2713618,0.0538884,-1.186567,0.1397942,0.7008318,-0.6820089,0.1554235,
1,1,1.893,0.2713618,0.0538884,-1.186567,0.1397942,0.7008318,-0.6820089,0.1554235,
1,1,1.895,0.2713552,0.05388779,-1.186555,0.1397931,0.7007984,-0.682033,0.1554686,
1,1,1.897,0.2713552,0.05388779,-1.186555,0.1397931,0.7007984,-0.682033,0.1554686,
1,1,1.899,0.2713552,0.05388779,-1.186555,0.1397931,0.7007984,-0.682033,0.1554686,
1,1,1.901,0.2713552,0.05388779,-1.186555,0.1397931,0.7007984,-0.682033,0.1554686,
1,1,1.903,0.2713552,0.05388779,-1.186555,0.1397931,0.7007984,-0.682033,0.1554686,
1,1,1.905,0.2713621,0.0538777,-1.18656,0.139805,0.7007794,-0.6820419,0.1555045,
1,1,1.907,0.2713621,0.0538777,-1.18656,0.139805,0.7007794,-0.6820419,0.1555045,
1,1,1.909,0.2713621,0.0538777,-1.18656,0.139805,0.7007794,-0.6820419,0.1555045,
1,1,1.911,0.2713621,0.0538777,-1.18656,0.139805,0.7007794,-0.6820419,0.1555045,
1,1,1.913,0.2713644,0.05387602,-1.186557,0.1397877,0.7007817,-0.6820396,0.15552,
1,1,1.915,0.2713644,0.05387602,-1.186557,0.1397877,0.7007817,-0.6820396,0.15552,
1,1,1.917,0.2713644,0.05387602,-1.186557,0.1397877,0.7007817,-0.6820396,0.15552,
1,1,1.919,0.2713644,0.05387602,-1.186557,0.1397877,0.7007817,-0.6820396,0.15552,
1,1,1.921,0.2713569,0.05387773,-1.186551,0.1398025,0.7007786,-0.6820374,0.1555303,
1,1,1.923,0.2713569,0.05387773,-1.186551,0.1398025,0.7007786,-0.6820374,0.1555303,
1,1,1.925,0.2713569,0.05387773,-1.186551,0.1398025,0.7007786,-0.6820374,0.1555303,
1,1,1.927,0.2713569,0.05387773,-1.186551,0.1398025,0.7007786,-0.6820374,0.1555303,
1,1,1.929,0.2713715,0.05386565,-1.186536,0.1398337,0.7007687,-0.6820408,0.1555318,
1,1,1.931,0.2713715,0.05386565,-1.186536,0.1398337,0.7007687,-0.6820408,0.1555318,
1,1,1.933,0.2713715,0.05386565,-1.186536,0.1398337,0.7007687,-0.6820408,0.1555318,
1,1,1.935,0.2713715,0.05386565,-1.186536,0.1398337,0.7007687,-0.6820408,0.1555318,
1,1,1.937,0.2713901,0.05386263,-1.186522,0.1398373,0.7007521,-0.6820444,0.1555878,
1,1,1.939,0.2713901,0.05386263,-1.186522,0.1398373,0.7007521,-0.6820444,0.1555878,
1,1,1.941,0.2713901,0.05386263,-1.186522,0.1398373,0.7007521,-0.6820444,0.1555878,
1,1,1.943,0.2713901,0.05386263,-1.186522,0.1398373,0.7007521,-0.6820444,0.1555878,
1,1,1.945,0.271399,0.05388021,-1.186504,0.1398376,0.7007642,-0.6820281,0.1556047,
1,1,1.947,0.271399,0.05388021,-1.186504,0.1398376,0.7007642,-0.6820281,0.1556047,
1,1,1.949,0.271399,0.05388021,-1.186504,0.1398376,0.7007642,-0.6820281,0.1556047,
1,1,1.951,0.271399,0.05388021,-1.186504,0.1398376,0.7007642,-0.6820281,0.1556047,
1,1,1.953,0.271399,0.05388021,-1.186504,0.1398376,0.7007642,-0.6820281,0.1556047,
1,1,1.955,0.2713978,0.05387525,-1.186514,0.1398388,0.7007639,-0.6820303,0.1555948,
1,1,1.957,0.2713978,0.05387525,-1.186514,0.1398388,0.7007639,-0.6820303,0.1555948,
1,1,1.959,0.2713978,0.05387525,-1.186514,0.1398388,0.7007639,-0.6820303,0.1555948,
1,1,1.961,0.2713978,0.05387525,-1.186514,0.1398388,0.7007639,-0.6820303,0.1555948,
1,1,1.963,0.2713687,0.05384796,-1.186712,0.1396081,0.700784,-0.6821033,0.155391,
1,1,1.965,0.2713687,0.05384796,-1.186712,0.1396081,0.700784,-0.6821033,0.155391,
1,1,1.967,0.2713687,0.05384796,-1.186712,0.1396081,0.700784,-0.6821033,0.155391,
1,1,1.969,0.2713687,0.05384796,-1.186712,0.1396081,0.700784,-0.6821033,0.155391,
1,1,1.971,0.2714018,0.05385792,-1.186577,0.1397669,0.7007782,-0.6820375,0.1555624,
1,1,1.973,0.2714018,0.05385792,-1.186577,0.1397669,0.7007782,-0.6820375,0.1555624,
1,1,1.975,0.2714018,0.05385792,-1.186577,0.1397669,0.7007782,-0.6820375,0.1555624,
1,1,1.977,0.2714018,0.05385792,-1.186577,0.1397669,0.7007782,-0.6820375,0.1555624,
1,1,1.979,0.2714106,0.05386629,-1.186567,0.1397625,0.7007675,-0.6820421,0.1555961,
1,1,1.981,0.2714106,0.05386629,-1.186567,0.1397625,0.7007675,-0.6820421,0.1555961,
1,1,1.983,0.2714106,0.05386629,-1.186567,0.1397625,0.7007675,-0.6820421,0.1555961,
1,1,1.985,0.2714106,0.05386629,-1.186567,0.1397625,0.7007675,-0.6820421,0.1555961,
1,1,1.987,0.2713948,0.05385658,-1.18657,0.1397551,0.7007555,-0.6820616,0.1555707,
1,1,1.989,0.2713948,0.05385658,-1.18657,0.1397551,0.7007555,-0.6820616,0.1555707,
1,1,1.991,0.2713948,0.05385658,-1.18657,0.1397551,0.7007555,-0.6820616,0.1555707,
1,1,1.993,0.2713948,0.05385658,-1.18657,0.1397551,0.7007555,-0.6820616,0.1555707,
1,1,1.995,0.2714032,0.05386054,-1.186575,0.1397618,0.7007612,-0.682053,0.1555764,
1,1,1.997,0.2714032,0.05386054,-1.186575,0.1397618,0.7007612,-0.682053,0.1555764,
1,1,1.999,0.2714032,0.05386054,-1.186575,0.1397618,0.7007612,-0.682053,0.1555764,
1,1,2.001,0.2714032,0.05386054,-1.186575,0.1397618,0.7007612,-0.682053,0.1555764,
1,1,2.003,0.2714032,0.05386054,-1.186575,0.1397618,0.7007612,-0.682053,0.1555764,
1,1,2.005,0.2714097,0.05386753,-1.186551,0.1397463,0.7007627,-0.682049,0.1556014,
1,1,2.007,0.2714097,0.05386753,-1.186551,0.1397463,0.7007627,-0.682049,0.1556014,
1,1,2.009,0.2714097,0.05386753,-1.186551,0.1397463,0.7007627,-0.682049,0.1556014,
1,1,2.011,0.2714097,0.05386753,-1.186551,0.1397463,0.7007627,-0.682049,0.1556014,
1,1,2.013,0.2713867,0.05388326,-1.18654,0.1397917,0.7007715,-0.6820421,0.1555516,
1,1,2.015,0.2713867,0.05388326,-1.18654,0.1397917,0.7007715,-0.6820421,0.1555516,
1,1,2.017,0.2713867,0.05388326,-1.18654,0.1397917,0.7007715,-0.6820421,0.1555516,
1,1,2.019,0.2713867,0.05388326,-1.18654,0.1397917,0.7007715,-0.6820421,0.1555516,
1,1,2.021,0.2713856,0.05386783,-1.186538,0.1397809,0.7007852,-0.682028,0.155561,
1,1,2.023,0.2713856,0.05386783,-1.186538,0.1397809,0.7007852,-0.682028,0.155561,
1,1,2.025,0.2713856,0.05386783,-1.186538,0.1397809,0.7007852,-0.682028,0.155561,
1,1,2.027,0.2713856,0.05386783,-1.186538,0.1397809,0.7007852,-0.682028,0.155561,
1,1,2.029,0.271386,0.0538526,-1.186532,0.1398064,0.7007762,-0.6820351,0.1555477,
1,1,2.031,0.271386,0.0538526,-1.186532,0.1398064,0.7007762,-0.6820351,0.1555477,
1,1,2.033,0.271386,0.0538526,-1.186532,0.1398064,0.7007762,-0.6820351,0.1555477,
1,1,2.035,0.271386,0.0538526,-1.186532,0.1398064,0.7007762,-0.6820351,0.1555477,
1,1,2.037,0.2713726,0.05387099,-1.186542,0.1398125,0.7007812,-0.6820361,0.1555148,
1,1,2.039,0.2713726,0.05387099,-1.186542,0.1398125,0.7007812,-0.6820361,0.1555148,
1,1,2.041,0.2713726,0.05387099,-1.186542,0.1398125,0.7007812,-0.6820361,0.1555148,
1,1,2.043,0.2713726,0.05387099,-1.186542,0.1398125,0.7007812,-0.6820361,0.1555148,
1,1,2.045,0.2713721,0.05388717,-1.186557,0.1398266,0.7007722,-0.6820463,0.1554983,
1,1,2.047,0.2713721,0.05388717,-1.186557,0.1398266,0.7007722,-0.6820463,0.1554983,
1,1,2.049,0.2713721,0.05388717,-1.186557,0.1398266,0.7007722,-0.6820463,0.1554983,
1,1,2.051,0.2713721,0.05388717,-1.186557,0.1398266,0.7007722,-0.6820463,0.1554983,
1,1,2.053,0.2713964,0.05388971,-1.186557,0.1398235,0.7007569,-0.6820481,0.1555618,
1,1,2.055,0.2713964,0.05388971,-1.186557,0.1398235,0.7007569,-0.6820481,0.1555618,
1,1,2.057,0.2713964,0.05388971,-1.186557,0.1398235,0.7007569,-0.6820481,0.1555618,
1,1,2.059,0.2713964,0.05388971,-1.186557,0.1398235,0.7007569,-0.6820481,0.1555618,
1,1,2.061,0.2713964,0.05388971,-1.186557,0.1398235,0.7007569,-0.6820481,0.1555618,
1,1,2.063,0.2713946,0.05388125,-1.18656,0.1398283,0.7007583,-0.6820502,0.1555427,
1,1,2.065,0.2713946,0.05388125,-1.18656,0.1398283,0.7007583,-0.6820502,0.1555427,
1,1,2.067,0.2713946,0.05388125,-1.18656,0.1398283,0.7007583,-0.6820502,0.1555427,
1,1,2.069,0.2713946,0.05388125,-1.18656,0.1398283,0.7007583,-0.6820502,0.1555427,
1,1,2.071,0.2713887,0.05388677,-1.186541,0.1398452,0.7007511,-0.6820629,0.1555042,
1,1,2.073,0.2713887,0.05388677,-1.186541,0.1398452,0.7007511,-0.6820629,0.1555042,
1,1,2.075,0.2713887,0.05388677,-1.186541,0.1398452,0.7007511,-0.6820629,0.1555042,
1,1,2.077,0.2713887,0.05388677,-1.186541,0.1398452,0.7007511,-0.6820629,0.1555042,
1,1,2.079,0.2713906,0.05388278,-1.186553,0.1398019,0.700768,-0.6820426,0.155556,
1,1,2.081,0.2713906,0.05388278,-1.186553,0.1398019,0.700768,-0.6820426,0.155556,CourtEnter
1,1,2.083,0.2713906,0.05388278,-1.186553,0.1398019,0.700768,-0.6820426,0.155556,
1,1,2.085,0.2713906,0.05388278,-1.186553,0.1398019,0.700768,-0.6820426,0.155556,
1,1,2.087,0.2713633,0.05388669,-1.186551,0.1398287,0.7007654,-0.6820581,0.1554754,
1,1,2.089,0.2713633,0.05388669,-1.186551,0.1398287,0.7007654,-0.6820581,0.1554754,
1,1,2.091,0.2713633,0.05388669,-1.186551,0.1398287,0.7007654,-0.6820581,0.1554754,CourtExit
1,1,2.093,0.2713633,0.05388669,-1.186551,0.1398287,0.7007654,-0.6820581,0.1554754,
1,1,2.095,0.2713801,0.05388047,-1.186553,0.1397983,0.700776,-0.6820372,0.1555461,
1,1,2.097,0.2713801,0.05388047,-1.186553,0.1397983,0.700776,-0.6820372,0.1555461,
1,1,2.099,0.2713801,0.05388047,-1.186553,0.1397983,0.700776,-0.6820372,0.1555461,
1,1,2.101,0.2713801,0.05388047,-1.186553,0.1397983,0.700776,-0.6820372,0.1555461,
1,1,2.103,0.2713831,0.05389492,-1.186546,0.1398293,0.7007688,-0.6820481,0.1555026,
1,1,2.105,0.2713831,0.05389492,-1.186546,0.1398293,0.7007688,-0.6820481,0.1555026,
1,1,2.107,0.2713831,0.05389492,-1.186546,0.1398293,0.7007688,-0.6820481,0.1555026,
1,1,2.109,0.2713831,0.05389492,-1.186546,0.1398293,0.7007688,-0.6820481,0.1555026,
1,1,2.111,0.2713831,0.05389492,-1.186546,0.1398293,0.7007688,-0.6820481,0.1555026,
1,1,2.113,0.2714006,0.05386743,-1.186568,0.1397838,0.700768,-0.6820393,0.1555862,
1,1,2.115,0.2714006,0.05386743,-1.186568,0.1397838,0.700768,-0.6820393,0.1555862,
1,1,2.117,0.2714006,0.05386743,-1.186568,0.1397838,0.700768,-0.6820393,0.1555862,
1,1,2.119,0.2714006,0.05386743,-1.186568,0.1397838,0.700768,-0.6820393,0.1555862,
1,1,2.121,0.2713724,0.05387279,-1.186575,0.1398021,0.7007512,-0.6820639,0.1555377,
1,1,2.123,0.2713724,0.05387279,-1.186575,0.1398021,0.7007512,-0.6820639,0.1555377,
1,1,2.125,0.2713724,0.05387279,-1.186575,0.1398021,0.7007512,-0.6820639,0.1555377,
1,1,2.127,0.2713724,0.05387279,-1.186575,0.1398021,0.7007512,-0.6820639,0.1555377,
1,1,2.129,0.2713854,0.05390194,-1.186556,0.1397746,0.7007552,-0.6820796,0.1554755,
1,1,2.131,0.2713854,0.05390194,-1.186556,0.1397746,0.7007552,-0.6820796,0.1554755,
1,1,2.133,0.2713854,0.05390194,-1.186556,0.1397746,0.7007552,-0.6820796,0.1554755,
1,1,2.135,0.2713854,0.05390194,-1.186556,0.1397746,0.7007552,-0.6820796,0.1554755,
1,1,2.137,0.2713919,0.05388851,-1.186546,0.1397776,0.7007567,-0.6820707,0.1555051,
1,1,2.139,0.2713919,0.05388851,-1.186546,0.1397776,0.7007567,-0.6820707,0.1555051,
1,1,2.141,0.2713919,0.05388851,-1.186546,0.1397776,0.7007567,-0.6820707,0.1555051,
1,1,2.143,0.2713919,0.05388851,-1.186546,0.1397776,0.7007567,-0.6820707,0.1555051,
1,1,2.145,0.2713725,0.05386873,-1.186541,0.1398346,0.7007529,-0.682069,0.1554786,
1,1,2.147,0.2713725,0.05386873,-1.186541,0.1398346,0.7007529,-0.682069,0.1554786,
1,1,2.149,0.2713725,0.05386873,-1.186541,0.1398346,0.7007529,-0.682069,0.1554786,
1,1,2.151,0.2713725,0.05386873,-1.186541,0.1398346,0.7007529,-0.682069,0.1554786,
1,1,2.153,0.2713821,0.05385837,-1.186548,0.139822,0.7007548,-0.6820574,0.1555322,
1,1,2.155,0.2713821,0.05385837,-1.186548,0.139822,0.7007548,-0.6820574,0.1555322,
1,1,2.157,0.2713821,0.05385837,-1.186548,0.139822,0.7007548,-0.6820574,0.1555322,
1,1,2.159,0.2713821,0.05385837,-1.186548,0.139822,0.7007548,-0.6820574,0.1555322,
1,1,2.161,0.2713821,0.05385837,-1.186548,0.139822,0.7007548,-0.6820574,0.1555322,
1,1,2.163,0.2714382,0.05385562,-1.186544,0.1397651,0.7007319,-0.6820825,0.1555756,
1,1,2.165,0.2714382,0.05385562,-1.186544,0.1397651,0.7007319,-0.6820825,0.1555756,
1,1,2.167,0.2714382,0.05385562,-1.186544,0.1397651,0.7007319,-0.6820825,0.1555756,
1,1,2.169,0.2714382,0.05385562,-1.186544,0.1397651,0.7007319,-0.6820825,0.1555756,
1,1,2.171,0.271417,0.05388351,-1.186533,0.1397475,0.7007166,-0.682094,0.1556102,
1,1,2.173,0.271417,0.05388351,-1.186533,0.1397475,0.7007166,-0.682094,0.1556102,
1,1,2.175,0.271417,0.05388351,-1.186533,0.1397475,0.7007166,-0.682094,0.1556102,
1,1,2.177,0.271417,0.05388351,-1.186533,0.1397475,0.7007166,-0.682094,0.1556102,
1,1,2.179,0.2713543,0.05388012,-1.186556,0.1398118,0.7007443,-0.6820692,0.155537,
1,1,2.181,0.2713543,0.05388012,-1.186556,0.1398118,0.7007443,-0.6820692,0.155537,
1,1,2.183,0.2713543,0.05388012,-1.186556,0.1398118,0.7007443,-0.6820692,0.155537,
1,1,2.185,0.2713543,0.05388012,-1.186556,0.1398118,0.7007443,-0.6820692,0.155537,
1,1,2.187,0.2713753,0.05388284,-1.18656,0.1397843,0.7007424,-0.6820914,0.1554732,
1,1,2.189,0.2713753,0.05388284,-1.18656,0.1397843,0.7007424,-0.6820914,0.1554732,
1,1,2.191,0.2713753,0.05388284,-1.18656,0.1397843,0.7007424,-0.6820914,0.1554732,
1,1,2.193,0.2713753,0.05388284,-1.18656,0.1397843,0.7007424,-0.6820914,0.1554732,
1,1,2.195,0.2713736,0.05387124,-1.186563,0.1397727,0.7007306,-0.6820977,0.1555085,
1,1,2.197,0.2713736,0.05387124,-1.186563,0.1397727,0.7007306,-0.6820977,0.1555085,
1,1,2.199,0.2713736,0.05387124,-1.186563,0.1397727,0.7007306,-0.6820977,0.1555085,
1,1,2.201,0.2713736,0.05387124,-1.186563,0.1397727,0.7007306,-0.6820977,0.1555085,
1,1,2.203,0.2713813,0.05385238,-1.186563,0.1398432,0.7006378,-0.6821775,0.1555134,
1,1,2.205,0.2713813,0.05385238,-1.186563,0.1398432,0.7006378,-0.6821775,0.1555134,
1,1,2.207,0.2713813,0.05385238,-1.186563,0.1398432,0.7006378,-0.6821775,0.1555134,
1,1,2.209,0.2713813,0.05385238,-1.186563,0.1398432,0.7006378,-0.6821775,0.1555134,
1,1,2.211,0.2713813,0.05385238,-1.186563,0.1398432,0.7006378,-0.6821775,0.1555134,
1,1,2.213,0.2713711,0.05386677,-1.18656,0.1399116,0.7005818,-0.6822363,0.1554462,
1,1,2.215,0.2713711,0.05386677,-1.18656,0.1399116,0.7005818,-0.6822363,0.1554462,
1,1,2.217,0.2713711,0.05386677,-1.18656,0.1399116,0.7005818,-0.6822363,0.1554462,
1,1,2.219,0.2713711,0.05386677,-1.18656,0.1399116,0.7005818,-0.6822363,0.1554462,
1,1,2.221,0.2713864,0.05385398,-1.186561,0.1398893,0.7005529,-0.6822599,0.1554934,
1,1,2.223,0.2713864,0.05385398,-1.186561,0.1398893,0.7005529,-0.6822599,0.1554934,
1,1,2.225,0.2713864,0.05385398,-1.186561,0.1398893,0.7005529,-0.6822599,0.1554934,
1,1,2.227,0.2713864,0.05385398,-1.186561,0.1398893,0.7005529,-0.6822599,0.1554934,
1,1,2.229,0.2713546,0.05383051,-1.186562,0.1398978,0.7005408,-0.6822792,0.1554556,
1,1,2.231,0.2713546,0.05383051,-1.186562,0.1398978,0.7005408,-0.6822792,0.1554556,
1,1,2.233,0.2713546,0.05383051,-1.186562,0.1398978,0.7005408,-0.6822792,0.1554556,
1,1,2.235,0.2713546,0.05383051,-1.186562,0.1398978,0.7005408,-0.6822792,0.1554556,
1,1,2.237,0.2713911,0.05380532,-1.186547,0.1399435,0.7005278,-0.6822726,0.155502,
1,1,2.239,0.2713911,0.05380532,-1.186547,0.1399435,0.7005278,-0.6822726,0.155502,
1,1,2.241,0.2713911,0.05380532,-1.186547,0.1399435,0.7005278,-0.6822726,0.155502,
1,1,2.243,0.2713911,0.05380532,-1.186547,0.1399435,0.7005278,-0.6822726,0.155502,
1,1,2.245,0.2714093,0.05381986,-1.186517,0.1398945,0.7005674,-0.6822428,0.1554982,
1,1,2.247,0.2714093,0.05381986,-1.186517,0.1398945,0.7005674,-0.6822428,0.1554982,
1,1,2.249,0.2714093,0.05381986,-1.186517,0.1398945,0.7005674,-0.6822428,0.1554982,
1,1,2.251,0.2714093,0.05381986,-1.186517,0.1398945,0.7005674,-0.6822428,0.1554982,
1,1,2.253,0.2714061,0.0538419,-1.186535,0.1398186,0.7006225,-0.682196,0.1555234,
1,1,2.255,0.2714061,0.0538419,-1.186535,0.1398186,0.7006225,-0.682196,0.1555234,
1,1,2.257,0.2714061,0.0538419,-1.186535,0.1398186,0.7006225,-0.682196,0.1555234,
1,1,2.259,0.2714061,0.0538419,-1.186535,0.1398186,0.7006225,-0.682196,0.1555234,
1,1,2.261,0.2714061,0.0538419,-1.186535,0.1398186,0.7006225,-0.682196,0.1555234,
1,1,2.263,0.2713679,0.05385899,-1.186533,0.1398447,0.7006352,-0.6821988,0.1554305,
1,1,2.265,0.2713679,0.05385899,-1.186533,0.1398447,0.7006352,-0.6821988,0.1554305,
1,1,2.267,0.2713679,0.05385899,-1.186533,0.1398447,0.7006352,-0.6821988,0.1554305,
1,1,2.269,0.2713679,0.05385899,-1.186533,0.1398447,0.7006352,-0.6821988,0.1554305,
1,1,2.271,0.2713581,0.05385626,-1.186551,0.1398602,0.7006465,-0.6821947,0.1553841,
1,1,2.273,0.2713581,0.05385626,-1.186551,0.1398602,0.7006465,-0.6821947,0.1553841,
1,1,2.275,0.2713581,0.05385626,-1.186551,0.1398602,0.7006465,-0.6821947,0.1553841,
1,1,2.277,0.2713581,0.05385626,-1.186551,0.1398602,0.7006465,-0.6821947,0.1553841,
1,1,2.279,0.2713957,0.05384854,-1.186561,0.1398202,0.7006431,-0.6821856,0.1554743,
1,1,2.281,0.2713957,0.05384854,-1.186561,0.1398202,0.7006431,-0.6821856,0.1554743,
1,1,2.283,0.2713957,0.05384854,-1.186561,0.1398202,0.7006431,-0.6821856,0.1554743,
1,1,2.285,0.2713957,0.05384854,-1.186561,0.1398202,0.7006431,-0.6821856,0.1554743,
1,1,2.287,0.2713999,0.05383694,-1.186561,0.1398101,0.700635,-0.6821888,0.1555064,
1,1,2.289,0.2713999,0.05383694,-1.186561,0.1398101,0.700635,-0.6821888,0.1555064,
1,1,2.291,0.2713999,0.05383694,-1.186561,0.1398101,0.700635,-0.6821888,0.1555064,
1,1,2.293,0.2713999,0.05383694,-1.186561,0.1398101,0.700635,-0.6821888,0.1555064,
1,1,2.295,0.2713696,0.05385338,-1.186547,0.1398367,0.7006336,-0.6821952,0.1554601,
1,1,2.297,0.2713696,0.05385338,-1.186547,0.1398367,0.7006336,-0.6821952,0.1554601,
1,1,2.299,0.2713696,0.05385338,-1.186547,0.1398367,0.7006336,-0.6821952,0.1554601,
1,1,2.301,0.2713696,0.05385338,-1.186547,0.1398367,0.7006336,-0.6821952,0.1554601,
1,1,2.303,0.2713762,0.05383964,-1.186553,0.1398467,0.7006239,-0.6822028,0.1554616,
1,1,2.305,0.2713762,0.05383964,-1.186553,0.1398467,0.7006239,-0.6822028,0.1554616,
1,1,2.307,0.2713762,0.05383964,-1.186553,0.1398467,0.7006239,-0.6822028,0.1554616,
1,1,2.309,0.2713762,0.05383964,-1.186553,0.1398467,0.7006239,-0.6822028,0.1554616,
1,1,2.311,0.2713926,0.0538382,-1.186543,0.139815,0.7006216,-0.6822032,0.155499,
1,1,2.313,0.2713926,0.0538382,-1.186543,0.139815,0.7006216,-0.6822032,0.155499,
1,1,2.315,0.2713926,0.0538382,-1.186543,0.139815,0.7006216,-0.6822032,0.155499,
1,1,2.317,0.2713926,0.0538382,-1.186543,0.139815,0.7006216,-0.6822032,0.155499,
1,1,2.319,0.2713653,0.05384184,-1.186523,0.1399015,0.7006381,-0.6821733,0.1554787,
1,1,2.321,0.2713653,0.05384184,-1.186523,0.1399015,0.7006381,-0.6821733,0.1554787,
1,1,2.323,0.2713653,0.05384184,-1.186523,0.1399015,0.7006381,-0.6821733,0.1554787,
1,1,2.325,0.2713653,0.05384184,-1.186523,0.1399015,0.7006381,-0.6821733,0.1554787,
1,1,2.327,0.2713677,0.05382064,-1.186547,0.139927,0.7006496,-0.6821486,0.155512,
1,1,2.329,0.2713677,0.05382064,-1.186547,0.139927,0.7006496,-0.6821486,0.155512,
1,1,2.331,0.2713677,0.05382064,-1.186547,0.139927,0.7006496,-0.6821486,0.155512,
1,1,2.333,0.2713677,0.05382064,-1.186547,0.139927,0.7006496,-0.6821486,0.155512,
1,1,2.335,0.2713677,0.05382064,-1.186547,0.139927,0.7006496,-0.6821486,0.155512,
1,1,2.337,0.2713791,0.05381478,-1.186565,0.1399385,0.7006675,-0.6821226,0.1555342,
1,1,2.339,0.2713791,0.05381478,-1.186565,0.1399385,0.7006675,-0.6821226,0.1555342,
1,1,2.341,0.2713791,0.05381478,-1.186565,0.1399385,0.7006675,-0.6821226,0.1555342,
1,1,2.343,0.2713791,0.05381478,-1.186565,0.1399385,0.7006675,-0.6821226,0.1555342,
1,1,2.345,0.2713959,0.05382513,-1.186547,0.1399487,0.7006638,-0.6821163,0.15557,
1,1,2.347,0.2713959,0.05382513,-1.186547,0.1399487,0.7006638,-0.6821163,0.15557,
1,1,2.349,0.2713959,0.05382513,-1.186547,0.1399487,0.7006638,-0.6821163,0.15557,
1,1,2.351,0.2713959,0.05382513,-1.186547,0.1399487,0.7006638,-0.6821163,0.15557,
1,1,2.353,0.271436,0.0538279,-1.186521,0.1399419,0.7007066,-0.6820793,0.1555457,
1,1,2.355,0.271436,0.0538279,-1.186521,0.1399419,0.7007066,-0.6820793,0.1555457,
1,1,2.357,0.271436,0.0538279,-1.186521,0.1399419,0.7007066,-0.6820793,0.1555457,
1,1,2.359,0.271436,0.0538279,-1.186521,0.1399419,0.7007066,-0.6820793,0.1555457,
1,1,2.361,0.2714397,0.05383139,-1.186522,0.1399179,0.7007629,-0.6820614,0.1553921,
1,1,2.363,0.2714397,0.05383139,-1.186522,0.1399179,0.7007629,-0.6820614,0.1553921,
1,1,2.365,0.2714397,0.05383139,-1.186522,0.1399179,0.7007629,-0.6820614,0.1553921,
1,1,2.367,0.2714397,0.05383139,-1.186522,0.1399179,0.7007629,-0.6820614,0.1553921,
1,1,2.369,0.2714224,0.05385168,-1.186563,0.1398136,0.7007814,-0.6820763,0.1553373,
1,1,2.371,0.2714224,0.05385168,-1.186563,0.1398136,0.7007814,-0.6820763,0.1553373,
1,1,2.373,0.2714224,0.05385168,-1.186563,0.1398136,0.7007814,-0.6820763,0.1553373,
1,1,2.375,0.2714224,0.05385168,-1.186563,0.1398136,0.7007814,-0.6820763,0.1553373,
1,1,2.377,0.2713643,0.05386468,-1.186591,0.1397802,0.7007911,-0.6820688,0.1553556,
1,1,2.379,0.2713643,0.05386468,-1.186591,0.1397802,0.7007911,-0.6820688,0.1553556,
1,1,2.381,0.2713643,0.05386468,-1.186591,0.1397802,0.7007911,-0.6820688,0.1553556,
1,1,2.383,0.2713643,0.05386468,-1.186591,0.1397802,0.7007911,-0.6820688,0.1553556,
1,1,2.385,0.271381,0.05386069,-1.186579,0.1397515,0.7007641,-0.6820915,0.1554044,
1,1,2.387,0.271381,0.05386069,-1.186579,0.1397515,0.7007641,-0.6820915,0.1554044,
1,1,2.389,0.271381,0.05386069,-1.186579,0.1397515,0.7007641,-0.6820915,0.1554044,
1,1,2.391,0.271381,0.05386069,-1.186579,0.1397515,0.7007641,-0.6820915,0.1554044,
1,1,2.393,0.2713841,0.05386739,-1.186566,0.1397896,0.7007619,-0.6820787,0.1554355,
1,1,2.395,0.2713841,0.05386739,-1.186566,0.1397896,0.7007619,-0.6820787,0.1554355,
1,1,2.397,0.2713841,0.05386739,-1.186566,0.1397896,0.7007619,-0.6820787,0.1554355,
1,1,2.399,0.2713841,0.05386739,-1.186566,0.1397896,0.7007619,-0.6820787,0.1554355,
1,1,2.401,0.2713931,0.05385697,-1.186554,0.1398085,0.700761,-0.6820587,0.1555109,
1,1,2.403,0.2713931,0.05385697,-1.186554,0.1398085,0.700761,-0.6820587,0.1555109,
1,1,2.405,0.2713931,0.05385697,-1.186554,0.1398085,0.700761,-0.6820587,0.1555109,
1,1,2.407,0.2713931,0.05385697,-1.186554,0.1398085,0.700761,-0.6820587,0.1555109,
1,1,2.409,0.2713882,0.05388293,-1.186554,0.1397734,0.7007638,-0.6820593,0.1555265,
1,1,2.411,0.2713882,0.05388293,-1.186554,0.1397734,0.7007638,-0.6820593,0.1555265,
1,1,2.413,0.2713882,0.05388293,-1.186554,0.1397734,0.7007638,-0.6820593,0.1555265,
1,1,2.415,0.2713882,0.05388293,-1.186554,0.1397734,0.7007638,-0.6820593,0.1555265,
1,1,2.417,0.2713882,0.05388293,-1.186554,0.1397734,0.7007638,-0.6820593,0.1555265,
1,1,2.419,0.2713876,0.05386121,-1.186546,0.1398163,0.7007561,-0.682049,0.155568,
1,1,2.421,0.2713876,0.05386121,-1.186546,0.1398163,0.7007561,-0.682049,0.155568,
1,1,2.423,0.2713876,0.05386121,-1.186546,0.1398163,0.7007561,-0.682049,0.155568,
1,1,2.425,0.2713876,0.05386121,-1.186546,0.1398163,0.7007561,-0.682049,0.155568,
1,1,2.427,0.2713785,0.05386752,-1.18652,0.1398413,0.7007541,-0.6820495,0.1555528,
1,1,2.429,0.2713785,0.05386752,-1.18652,0.1398413,0.7007541,-0.6820495,0.1555528,
1,1,2.431,0.2713785,0.05386752,-1.18652,0.1398413,0.7007541,-0.6820495,0.1555528,
1,1,2.433,0.2713785,0.05386752,-1.18652,0.1398413,0.7007541,-0.6820495,0.1555528,
1,1,2.435,0.2714218,0.05386928,-1.186534,0.139831,0.7007283,-0.6820936,0.1554845,
1,1,2.437,0.2714218,0.05386928,-1.186534,0.139831,0.7007283,-0.6820936,0.1554845,
1,1,2.439,0.2714218,0.05386928,-1.186534,0.139831,0.7007283,-0.6820936,0.1554845,
1,1,2.441,0.2714218,0.05386928,-1.186534,0.139831,0.7007283,-0.6820936,0.1554845,
1,1,2.443,0.2714303,0.05385967,-1.186571,0.1399045,0.7007461,-0.6820915,0.1553473,
1,1,2.445,0.2714303,0.05385967,-1.186571,0.1399045,0.7007461,-0.6820915,0.1553473,
1,1,2.447,0.2714303,0.05385967,-1.186571,0.1399045,0.7007461,-0.6820915,0.1553473,
1,1,2.449,0.2714303,0.05385967,-1.186571,0.1399045,0.7007461,-0.6820915,0.1553473,
1,1,2.451,0.2714493,0.05385095,-1.186572,0.1398586,0.7008067,-0.6820945,0.1551021,
1,1,2.453,0.2714493,0.05385095,-1.186572,0.1398586,0.7008067,-0.6820945,0.1551021,
1,1,2.455,0.2714493,0.05385095,-1.186572,0.1398586,0.7008067,-0.6820945,0.1551021,
1,1,2.457,0.2714493,0.05385095,-1.186572,0.1398586,0.7008067,-0.6820945,0.1551021,
1,1,2.459,0.2715538,0.05388124,-1.186546,0.1391912,0.7008861,-0.6823262,0.1543227,
1,1,2.461,0.2715538,0.05388124,-1.186546,0.1391912,0.7008861,-0.6823262,0.1543227,
1,1,2.463,0.2715538,0.05388124,-1.186546,0.1391912,0.7008861,-0.6823262,0.1543227,
1,1,2.465,0.2715538,0.05388124,-1.186546,0.1391912,0.7008861,-0.6823262,0.1543227,
1,1,2.467,0.2716092,0.05401297,-1.186177,0.1357277,0.7014968,-0.6832786,0.1503685,
1,1,2.469,0.2716092,0.05401297,-1.186177,0.1357277,0.7014968,-0.6832786,0.1503685,
1,1,2.471,0.2716092,0.05401297,-1.186177,0.1357277,0.7014968,-0.6832786,0.1503685,
1,1,2.473,0.2716092,0.05401297,-1.186177,0.1357277,0.7014968,-0.6832786,0.1503685,
1,1,2.475,0.2714724,0.05411114,-1.185686,0.1332231,0.7020349,-0.6839595,0.1469628,
1,1,2.477,0.2714724,0.05411114,-1.185686,0.1332231,0.7020349,-0.6839595,0.1469628,
1,1,2.479,0.2714724,0.05411114,-1.185686,0.1332231,0.7020349,-0.6839595,0.1469628,
1,1,2.481,0.2714724,0.05411114,-1.185686,0.1332231,0.7020349,-0.6839595,0.1469628,
1,1,2.483,0.270883,0.05389703,-1.183657,0.1271861,0.7034872,-0.6852927,0.1389373,
1,1,2.485,0.270883,0.05389703,-1.183657,0.1271861,0.7034872,-0.6852927,0.1389373,
1,1,2.487,0.270883,0.05389703,-1.183657,0.1271861,0.7034872,-0.6852927,0.1389373,
1,1,2.489,0.270883,0.05389703,-1.183657,0.1271861,0.7034872,-0.6852927,0.1389373,
1,1,2.491,0.270883,0.05389703,-1.183657,0.1271861,0.7034872,-0.6852927,0.1389373,
1,1,2.493,0.2702621,0.0539387,-1.181973,0.1240061,0.7046679,-0.6856541,0.1339557,
1,1,2.495,0.2702621,0.0539387,-1.181973,0.1240061,0.7046679,-0.6856541,0.1339557,
1,1,2.497,0.2702621,0.0539387,-1.181973,0.1240061,0.7046679,-0.6856541,0.1339557,
1,1,2.499,0.2702621,0.0539387,-1.181973,0.1240061,0.7046679,-0.6856541,0.1339557,
1,1,2.501,0.2692672,0.05398655,-1.180061,0.120666,0.7057284,-0.6861354,0.1288624,
1,1,2.503,0.2692672,0.05398655,-1.180061,0.120666,0.7057284,-0.6861354,0.1288624,
1,1,2.505,0.2692672,0.05398655,-1.180061,0.120666,0.7057284,-0.6861354,0.1288624,
1,1,2.507,0.2692672,0.05398655,-1.180061,0.120666,0.7057284,-0.6861354,0.1288624,
1,1,2.509,0.2666722,0.05365328,-1.175934,0.1119645,0.7062617,-0.6884671,0.1211255,
1,1,2.511,0.2666722,0.05365328,-1.175934,0.1119645,0.7062617,-0.6884671,0.1211255,
1,1,2.513,0.2666722,0.05365328,-1.175934,0.1119645,0.7062617,-0.6884671,0.1211255,
1,1,2.515,0.2666722,0.05365328,-1.175934,0.1119645,0.7062617,-0.6884671,0.1211255,
1,1,2.517,0.2654074,0.05382492,-1.173325,0.1069037,0.7058792,-0.6903011,0.1174334,
1,1,2.519,0.2654074,0.05382492,-1.173325,0.1069037,0.7058792,-0.6903011,0.1174334,
1,1,2.521,0.2654074,0.05382492,-1.173325,0.1069037,0.7058792,-0.6903011,0.1174334,
1,1,2.523,0.2654074,0.05382492,-1.173325,0.1069037,0.7058792,-0.6903011,0.1174334,
1,1,2.525,0.2643973,0.05423482,-1.170871,0.1022044,0.7049717,-0.6925375,0.1138461,
1,1,2.527,0.2643973,0.05423482,-1.170871,0.1022044,0.7049717,-0.6925375,0.1138461,
1,1,2.529,0.2643973,0.05423482,-1.170871,0.1022044,0.7049717,-0.6925375,0.1138461,
1,1,2.531,0.2643973,0.05423482,-1.170871,0.1022044,0.7049717,-0.6925375,0.1138461,
1,1,2.533,0.2632326,0.05394349,-1.167645,0.09534384,0.7014071,-0.6981312,0.1074722,
1,1,2.535,0.2632326,0.05394349,-1.167645,0.09534384,0.7014071,-0.6981312,0.1074722,
1,1,2.537,0.2632326,0.05394349,-1.167645,0.09534384,0.7014071,-0.6981312,0.1074722,
1,1,2.539,0.2632326,0.05394349,-1.167645,0.09534384,0.7014071,-0.6981312,0.1074722,
1,1,2.541,0.2632326,0.05394349,-1.167645,0.09534384,0.7014071,-0.6981312,0.1074722,
1,1,2.543,0.2628838,0.05394123,-1.166641,0.09285199,0.69933,-0.7011842,0.1032314,
1,1,2.545,0.2628838,0.05394123,-1.166641,0.09285199,0.69933,-0.7011842,0.1032314,
1,1,2.547,0.2628838,0.05394123,-1.166641,0.09285199,0.69933,-0.7011842,0.1032314,
1,1,2.549,0.2628838,0.05394123,-1.166641,0.09285199,0.69933,-0.7011842,0.1032314,
1,1,2.551,0.2626417,0.05399591,-1.166394,0.09139814,0.697138,-0.7041823,0.09885529,
1,1,2.553,0.2626417,0.05399591,-1.166394,0.09139814,0.697138,-0.7041823,0.09885529,
1,1,2.555,0.2626417,0.05399591,-1.166394,0.09139814,0.697138,-0.7041823,0.09885529,
1,1,2.557,0.2624886,0.0540828,-1.166099,0.0901289,0.6945204,-0.7076557,0.09349728,
1,1,2.559,0.2624886,0.0540828,-1.166099,0.0901289,0.6945204,-0.7076557,0.09349728,
1,1,2.561,0.2624886,0.0540828,-1.166099,0.0901289,0.6945204,-0.7076557,0.09349728,
1,1,2.563,0.2624886,0.0540828,-1.166099,0.0901289,0.6945204,-0.7076557,0.09349728,
1,1,2.565,0.2624913,0.05420773,-1.166111,0.08969364,0.6916103,-0.7112698,0.08789447,
1,1,2.567,0.2624913,0.05420773,-1.166111,0.08969364,0.6916103,-0.7112698,0.08789447,
1,1,2.569,0.2624913,0.05420773,-1.166111,0.08969364,0.6916103,-0.7112698,0.08789447,
1,1,2.571,0.2624913,0.05420773,-1.166111,0.08969364,0.6916103,-0.7112698,0.08789447,
1,1,2.573,0.2624978,0.05427738,-1.166304,0.09044261,0.6885192,-0.7148547,0.08212316,
1,1,2.575,0.2624978,0.05427738,-1.166304,0.09044261,0.6885192,-0.7148547,0.08212316,
1,1,2.577,0.2624978,0.05427738,-1.166304,0.09044261,0.6885192,-0.7148547,0.08212316,
1,1,2.579,0.2624978,0.05427738,-1.166304,0.09044261,0.6885192,-0.7148547,0.08212316,
1,1,2.581,0.2625824,0.05433238,-1.166543,0.09176036,0.684988,-0.7187288,0.07616094,
1,1,2.583,0.2625824,0.05433238,-1.166543,0.09176036,0.684988,-0.7187288,0.07616094,
1,1,2.585,0.2625824,0.05433238,-1.166543,0.09176036,0.684988,-0.7187288,0.07616094,
1,1,2.587,0.2625824,0.05433238,-1.166543,0.09176036,0.684988,-0.7187288,0.07616094,
1,1,2.589,0.2626684,0.05459783,-1.166744,0.09341535,0.6810466,-0.7229183,0.06955692,
1,1,2.591,0.2626684,0.05459783,-1.166744,0.09341535,0.6810466,-0.7229183,0.06955692,
1,1,2.593,0.2626684,0.05459783,-1.166744,0.09341535,0.6810466,-0.7229183,0.06955692,
1,1,2.595,0.2626684,0.05459783,-1.166744,0.09341535,0.6810466,-0.7229183,0.06955692,
1,1,2.597,0.2629588,0.05509341,-1.167098,0.09787093,0.6725104,-0.7313201,0.05763778,
1,1,2.599,0.2629588,0.05509341,-1.167098,0.09787093,0.6725104,-0.7313201,0.05763778,
1,1,2.601,0.2629588,0.05509341,-1.167098,0.09787093,0.6725104,-0.7313201,0.05763778,
1,1,2.603,0.2629588,0.05509341,-1.167098,0.09787093,0.6725104,-0.7313201,0.05763778,
1,1,2.605,0.2628846,0.05539329,-1.167167,0.1000201,0.6677809,-0.7357872,0.05178612,
1,1,2.607,0.2628846,0.05539329,-1.167167,0.1000201,0.6677809,-0.7357872,0.05178612,
1,1,2.609,0.2628846,0.05539329,-1.167167,0.1000201,0.6677809,-0.7357872,0.05178612,
1,1,2.611,0.2628846,0.05539329,-1.167167,0.1000201,0.6677809,-0.7357872,0.05178612,
1,1,2.613,0.2628846,0.05539329,-1.167167,0.1000201,0.6677809,-0.7357872,0.05178612,
1,1,2.615,0.2628448,0.05557477,-1.167143,0.1015394,0.662415,-0.7407743,0.04636416,
1,1,2.617,0.2628448,0.05557477,-1.167143,0.1015394,0.662415,-0.7407743,0.04636416,
1,1,2.619,0.2628448,0.05557477,-1.167143,0.1015394,0.662415,-0.7407743,0.04636416,
1,1,2.621,0.2628448,0.05557477,-1.167143,0.1015394,0.662415,-0.7407743,0.04636416,
1,1,2.623,0.2630846,0.05446743,-1.166918,0.1036038,0.6542201,-0.7479765,0.04234889,
1,1,2.625,0.2630846,0.05446743,-1.166918,0.1036038,0.6542201,-0.7479765,0.04234889,
1,1,2.627,0.2630846,0.05446743,-1.166918,0.1036038,0.6542201,-0.7479765,0.04234889,
1,1,2.629,0.2630846,0.05446743,-1.166918,0.1036038,0.6542201,-0.7479765,0.04234889,
1,1,2.631,0.2628935,0.05508602,-1.166867,0.1034391,0.6462387,-0.7552341,0.0360195,
1,1,2.633,0.2628935,0.05508602,-1.166867,0.1034391,0.6462387,-0.7552341,0.0360195,
1,1,2.635,0.2628935,0.05508602,-1.166867,0.1034391,0.6462387,-0.7552341,0.0360195,
1,1,2.637,0.2628935,0.05508602,-1.166867,0.1034391,0.6462387,-0.7552341,0.0360195,
1,1,2.639,0.2627008,0.05468196,-1.166578,0.1015676,0.634378,-0.765687,0.03117871,
1,1,2.641,0.2627008,0.05468196,-1.166578,0.1015676,0.634378,-0.765687,0.03117871,
1,1,2.643,0.2627008,0.05468196,-1.166578,0.1015676,0.634378,-0.765687,0.03117871,
1,1,2.645,0.2627008,0.05468196,-1.166578,0.1015676,0.634378,-0.765687,0.03117871,
1,1,2.647,0.2624026,0.05445135,-1.166272,0.09933695,0.6275402,-0.7716787,0.02893731,
1,1,2.649,0.2624026,0.05445135,-1.166272,0.09933695,0.6275402,-0.7716787,0.02893731,
1,1,2.651,0.2624026,0.05445135,-1.166272,0.09933695,0.6275402,-0.7716787,0.02893731,
1,1,2.653,0.2624026,0.05445135,-1.166272,0.09933695,0.6275402,-0.7716787,0.02893731,
1,1,2.655,0.2621288,0.05334921,-1.165163,0.09319384,0.6195056,-0.7788468,0.0304231,
1,1,2.657,0.2621288,0.05334921,-1.165163,0.09319384,0.6195056,-0.7788468,0.0304231,
1,1,2.659,0.2621288,0.05334921,-1.165163,0.09319384,0.6195056,-0.7788468,0.0304231,
1,1,2.661,0.2621288,0.05334921,-1.165163,0.09319384,0.6195056,-0.7788468,0.0304231,
1,1,2.663,0.2617483,0.05371629,-1.164792,0.0923516,0.6153501,-0.7823488,0.02730644,
1,1,2.665,0.2617483,0.05371629,-1.164792,0.0923516,0.6153501,-0.7823488,0.02730644,
1,1,2.667,0.2617483,0.05371629,-1.164792,0.0923516,0.6153501,-0.7823488,0.02730644,
1,1,2.669,0.2617483,0.05371629,-1.164792,0.0923516,0.6153501,-0.7823488,0.02730644,
1,1,2.671,0.261563,0.05346821,-1.163476,0.08689804,0.609905,-0.7871972,0.02802113,
1,1,2.673,0.261563,0.05346821,-1.163476,0.08689804,0.609905,-0.7871972,0.02802113,
1,1,2.675,0.261563,0.05346821,-1.163476,0.08689804,0.609905,-0.7871972,0.02802113,
1,1,2.677,0.261563,0.05346821,-1.163476,0.08689804,0.609905,-0.7871972,0.02802113,
1,1,2.679,0.2612351,0.05317957,-1.161879,0.08086812,0.6043726,-0.7920474,0.02924424,
1,1,2.681,0.2612351,0.05317957,-1.161879,0.08086812,0.6043726,-0.7920474,0.02924424,
1,1,2.683,0.2612351,0.05317957,-1.161879,0.08086812,0.6043726,-0.7920474,0.02924424,
1,1,2.685,0.2612351,0.05317957,-1.161879,0.08086812,0.6043726,-0.7920474,0.02924424,
1,1,2.687,0.2608162,0.05301895,-1.159836,0.07416629,0.5983532,-0.7972071,0.03055555,
1,1,2.689,0.2608162,0.05301895,-1.159836,0.07416629,0.5983532,-0.7972071,0.03055555,
1,1,2.691,0.2608162,0.05301895,-1.159836,0.07416629,0.5983532,-0.7972071,0.03055555,
1,1,2.693,0.2608162,0.05301895,-1.159836,0.07416629,0.5983532,-0.7972071,0.03055555,
1,1,2.695,0.2601173,0.05265608,-1.154842,0.05777679,0.58556,-0.8077909,0.03542945,
1,1,2.697,0.2601173,0.05265608,-1.154842,0.05777679,0.58556,-0.8077909,0.03542945,
1,1,2.699,0.2601173,0.05265608,-1.154842,0.05777679,0.58556,-0.8077909,0.03542945,
1,1,2.701,0.2601173,0.05265608,-1.154842,0.05777679,0.58556,-0.8077909,0.03542945,
1,1,2.703,0.2583592,0.05212172,-1.146467,0.02849792,0.5662895,-0.822399,0.04651931,
1,1,2.705,0.2583592,0.05212172,-1.146467,0.02849792,0.5662895,-0.822399,0.04651931,
1,1,2.707,0.2583592,0.05212172,-1.146467,0.02849792,0.5662895,-0.822399,0.04651931,
1,1,2.709,0.2583592,0.05212172,-1.146467,0.02849792,0.5662895,-0.822399,0.04651931,
1,1,2.711,0.2583592,0.05212172,-1.146467,0.02849792,0.5662895,-0.822399,0.04651931,
1,1,2.713,0.256171,0.05235051,-1.12748,-0.02208122,0.5337403,-0.8429561,0.06370786,
1,1,2.715,0.256171,0.05235051,-1.12748,-0.02208122,0.5337403,-0.8429561,0.06370786,
1,1,2.717,0.256171,0.05235051,-1.12748,-0.02208122,0.5337403,-0.8429561,0.06370786,
1,1,2.719,0.256171,0.05235051,-1.12748,-0.02208122,0.5337403,-0.8429561,0.06370786,
1,1,2.721,0.2555019,0.05261921,-1.118977,-0.039607,0.5203077,-0.8504089,0.06720018,
1,1,2.723,0.2555019,0.05261921,-1.118977,-0.039607,0.5203077,-0.8504089,0.06720018,
1,1,2.725,0.2555019,0.05261921,-1.118977,-0.039607,0.5203077,-0.8504089,0.06720018,
1,1,2.727,0.2555019,0.05261921,-1.118977,-0.039607,0.5203077,-0.8504089,0.06720018,
1,1,2.729,0.2550974,0.05284505,-1.110344,-0.0522458,0.507547,-0.8573228,0.06829542,
1,1,2.731,0.2550974,0.05284505,-1.110344,-0.0522458,0.507547,-0.8573228,0.06829542,
1,1,2.733,0.2550974,0.05284505,-1.110344,-0.0522458,0.507547,-0.8573228,0.06829542,
1,1,2.735,0.2550974,0.05284505,-1.110344,-0.0522458,0.507547,-0.8573228,0.06829542,
1,1,2.737,0.2547022,0.05301518,-1.101168,-0.06657819,0.4936802,-0.8643149,0.06933218,
1,1,2.739,0.2547022,0.05301518,-1.101168,-0.06657819,0.4936802,-0.8643149,0.06933218,
1,1,2.741,0.2547022,0.05301518,-1.101168,-0.06657819,0.4936802,-0.8643149,0.06933218,
1,1,2.743,0.2547022,0.05301518,-1.101168,-0.06657819,0.4936802,-0.8643149,0.06933218,
1,1,2.745,0.254195,0.05223802,-1.095251,-0.07284835,0.4845942,-0.8690757,0.06759471,
1,1,2.747,0.254195,0.05223802,-1.095251,-0.07284835,0.4845942,-0.8690757,0.06759471,
1,1,2.749,0.254195,0.05223802,-1.095251,-0.07284835,0.4845942,-0.8690757,0.06759471,
1,1,2.751,0.254195,0.05223802,-1.095251,-0.07284835,0.4845942,-0.8690757,0.06759471,
1,1,2.753,0.2538708,0.05205158,-1.085962,-0.08323244,0.4713171,-0.8755072,0.06648061,
1,1,2.755,0.2538708,0.05205158,-1.085962,-0.08323244,0.4713171,-0.8755072,0.06648061,CourtEnter
1,1,2.757,0.2538708,0.05205158,-1.085962,-0.08323244,0.4713171,-0.8755072,0.06648061,
1,1,2.759,0.2538708,0.05205158,-1.085962,-0.08323244,0.4713171,-0.8755072,0.06648061,
1,1,2.761,0.2538708,0.05205158,-1.085962,-0.08323244,0.4713171,-0.8755072,0.06648061,
1,1,2.763,0.2529774,0.05224005,-1.080811,-0.08758688,0.4641663,-0.8791789,0.06263226,
1,1,2.765,0.2529774,0.05224005,-1.080811,-0.08758688,0.4641663,-0.8791789,0.06263226,
1,1,2.767,0.2529774,0.05224005,-1.080811,-0.08758688,0.4641663,-0.8791789,0.06263226,CourtExit
1,1,2.769,0.2529774,0.05224005,-1.080811,-0.08758688,0.4641663,-0.8791789,0.06263226,
1,1,2.771,0.2526618,0.05227397,-1.075898,-0.0914333,0.4570135,-0.8826833,0.0604057,
1,1,2.773,0.2526618,0.05227397,-1.075898,-0.0914333,0.4570135,-0.8826833,0.0604057,
1,1,2.775,0.2526618,0.05227397,-1.075898,-0.0914333,0.4570135,-0.8826833,0.0604057,
1,1,2.777,0.2526618,0.05227397,-1.075898,-0.0914333,0.4570135,-0.8826833,0.0604057,
1,1,2.779,0.2524803,0.05213063,-1.066669,-0.0988597,0.4432,-0.8890946,0.05754423,
1,1,2.781,0.2524803,0.05213063,-1.066669,-0.0988597,0.4432,-0.8890946,0.05754423,
1,1,2.783,0.2524803,0.05213063,-1.066669,-0.0988597,0.4432,-0.8890946,0.05754423,
1,1,2.785,0.2524803,0.05213063,-1.066669,-0.0988597,0.4432,-0.8890946,0.05754423,
1,1,2.787,0.2520738,0.0520668,-1.056683,-0.1016703,0.4273918,-0.8968474,0.05161488,
1,1,2.789,0.2520738,0.0520668,-1.056683,-0.1016703,0.4273918,-0.8968474,0.05161488,
1,1,2.791,0.2520738,0.0520668,-1.056683,-0.1016703,0.4273918,-0.8968474,0.05161488,
1,1,2.793,0.2520738,0.0520668,-1.056683,-0.1016703,0.4273918,-0.8968474,0.05161488,
1,1,2.795,0.2519749,0.05253203,-1.05038,-0.09820876,0.4177336,-0.902032,0.0468187,
1,1,2.797,0.2519749,0.05253203,-1.05038,-0.09820876,0.4177336,-0.902032,0.0468187,
1,1,2.799,0.2519749,0.05253203,-1.05038,-0.09820876,0.4177336,-0.902032,0.0468187,
1,1,2.801,0.2519749,0.05253203,-1.05038,-0.09820876,0.4177336,-0.902032,0.0468187,
1,1,2.803,0.2519787,0.05352151,-1.04101,-0.1007677,0.4038682,-0.9082184,0.04331067,
1,1,2.805,0.2519787,0.05352151,-1.04101,-0.1007677,0.4038682,-0.9082184,0.04331067,
1,1,2.807,0.2519787,0.05352151,-1.04101,-0.1007677,0.4038682,-0.9082184,0.04331067,
1,1,2.809,0.2519787,0.05352151,-1.04101,-0.1007677,0.4038682,-0.9082184,0.04331067,
1,1,2.811,0.2519787,0.05352151,-1.04101,-0.1007677,0.4038682,-0.9082184,0.04331067,
1,1,2.813,0.2527658,0.05413799,-1.034695,-0.09678457,0.3941967,-0.9129964,0.04097882,
1,1,2.815,0.2527658,0.05413799,-1.034695,-0.09678457,0.3941967,-0.9129964,0.04097882,
1,1,2.817,0.2527658,0.05413799,-1.034695,-0.09678457,0.3941967,-0.9129964,0.04097882,
1,1,2.819,0.2527658,0.05413799,-1.034695,-0.09678457,0.3941967,-0.9129964,0.04097882,
1,1,2.821,0.2527171,0.05569016,-1.024476,-0.09975296,0.379548,-0.9189967,0.03791666,
1,1,2.823,0.2527171,0.05569016,-1.024476,-0.09975296,0.379548,-0.9189967,0.03791666,
1,1,2.825,0.2527171,0.05569016,-1.024476,-0.09975296,0.379548,-0.9189967,0.03791666,
1,1,2.827,0.2527171,0.05569016,-1.024476,-0.09975296,0.379548,-0.9189967,0.03791666,
1,1,2.829,0.2527319,0.05798889,-1.012928,-0.1024408,0.3641817,-0.9249902,0.03564769,
1,1,2.831,0.2527319,0.05798889,-1.012928,-0.1024408,0.3641817,-0.9249902,0.03564769,
1,1,2.833,0.2527319,0.05798889,-1.012928,-0.1024408,0.3641817,-0.9249902,0.03564769,
1,1,2.835,0.2527319,0.05798889,-1.012928,-0.1024408,0.3641817,-0.9249902,0.03564769,
1,1,2.837,0.2526152,0.05951805,-1.006292,-0.1054889,0.3558307,-0.9279201,0.03494415,
1,1,2.839,0.2526152,0.05951805,-1.006292,-0.1054889,0.3558307,-0.9279201,0.03494415,
1,1,2.841,0.2526152,0.05951805,-1.006292,-0.1054889,0.3558307,-0.9279201,0.03494415,
1,1,2.843,0.2526152,0.05951805,-1.006292,-0.1054889,0.3558307,-0.9279201,0.03494415,
1,1,2.845,0.252381,0.06198268,-0.999971,-0.1115613,0.3487254,-0.9298745,0.03575107,
1,1,2.847,0.252381,0.06198268,-0.999971,-0.1115613,0.3487254,-0.9298745,0.03575107,
1,1,2.849,0.252381,0.06198268,-0.999971,-0.1115613,0.3487254,-0.9298745,0.03575107,
1,1,2.851,0.252381,0.06198268,-0.999971,-0.1115613,0.3487254,-0.9298745,0.03575107,
1,1,2.853,0.2517195,0.06569137,-0.9890047,-0.1192237,0.3354823,-0.9338235,0.03480211,
1,1,2.855,0.2517195,0.06569137,-0.9890047,-0.1192237,0.3354823,-0.9338235,0.03480211,
1,1,2.857,0.2517195,0.06569137,-0.9890047,-0.1192237,0.3354823,-0.9338235,0.03480211,
1,1,2.859,0.2517195,0.06569137,-0.9890047,-0.1192237,0.3354823,-0.9338235,0.03480211,
1,1,2.861,0.2517195,0.06569137,-0.9890047,-0.1192237,0.3354823,-0.9338235,0.03480211,
1,1,2.863,0.2510371,0.06842905,-0.9826971,-0.1259589,0.3280788,-0.9355615,0.03497717,
1,1,2.865,0.2510371,0.06842905,-0.9826971,-0.1259589,0.3280788,-0.9355615,0.03497717,
1,1,2.867,0.2510371,0.06842905,-0.9826971,-0.1259589,0.3280788,-0.9355615,0.03497717,
1,1,2.869,0.2510371,0.06842905,-0.9826971,-0.1259589,0.3280788,-0.9355615,0.03497717,
1,1,2.871,0.2493459,0.07442015,-0.9725286,-0.1403528,0.3166768,-0.9374099,0.03577021,
1,1,2.873,0.2493459,0.07442015,-0.9725286,-0.1403528,0.3166768,-0.9374099,0.03577021,
1,1,2.875,0.2493459,0.07442015,-0.9725286,-0.1403528,0.3166768,-0.9374099,0.03577021,
1,1,2.877,0.2493459,0.07442015,-0.9725286,-0.1403528,0.3166768,-0.9374099,0.03577021,
1,1,2.879,0.248025,0.07822719,-0.9671324,-0.1486768,0.3107974,-0.9380885,0.03592019,
1,1,2.881,0.248025,0.07822719,-0.9671324,-0.1486768,0.3107974,-0.9380885,0.03592019,
1,1,2.883,0.248025,0.07822719,-0.9671324,-0.1486768,0.3107974,-0.9380885,0.03592019,
1,1,2.885,0.248025,0.07822719,-0.9671324,-0.1486768,0.3107974,-0.9380885,0.03592019,
1,1,2.887,0.2452747,0.08603263,-0.9582649,-0.1657269,0.301731,-0.9381709,0.03644726,
1,1,2.889,0.2452747,0.08603263,-0.9582649,-0.1657269,0.301731,-0.9381709,0.03644726,
1,1,2.891,0.2452747,0.08603263,-0.9582649,-0.1657269,0.301731,-0.9381709,0.03644726,
1,1,2.893,0.2452747,0.08603263,-0.9582649,-0.1657269,0.301731,-0.9381709,0.03644726,
1,1,2.895,0.2434551,0.09045476,-0.9541005,-0.1748349,0.2976952,-0.9378059,0.03647545,
1,1,2.897,0.2434551,0.09045476,-0.9541005,-0.1748349,0.2976952,-0.9378059,0.03647545,
1,1,2.899,0.2434551,0.09045476,-0.9541005,-0.1748349,0.2976952,-0.9378059,0.03647545,
1,1,2.901,0.2434551,0.09045476,-0.9541005,-0.1748349,0.2976952,-0.9378059,0.03647545,
1,1,2.903,0.2391698,0.0999663,-0.9462643,-0.1928906,0.2907797,-0.9364474,0.03614876,
1,1,2.905,0.2391698,0.0999663,-0.9462643,-0.1928906,0.2907797,-0.9364474,0.03614876,
1,1,2.907,0.2391698,0.0999663,-0.9462643,-0.1928906,0.2907797,-0.9364474,0.03614876,
1,1,2.909,0.2391698,0.0999663,-0.9462643,-0.1928906,0.2907797,-0.9364474,0.03614876,
1,1,2.911,0.2391698,0.0999663,-0.9462643,-0.1928906,0.2907797,-0.9364474,0.03614876,
1,1,2.913,0.2365289,0.105396,-0.9422873,-0.2023156,0.2875066,-0.9354889,0.03562059,
1,1,2.915,0.2365289,0.105396,-0.9422873,-0.2023156,0.2875066,-0.9354889,0.03562059,
1,1,2.917,0.2365289,0.105396,-0.9422873,-0.2023156,0.2875066,-0.9354889,0.03562059,
1,1,2.919,0.2365289,0.105396,-0.9422873,-0.2023156,0.2875066,-0.9354889,0.03562059,
1,1,2.921,0.2311141,0.1158025,-0.9361561,-0.2185721,0.2837224,-0.9330391,0.03414413,
1,1,2.923,0.2311141,0.1158025,-0.9361561,-0.2185721,0.2837224,-0.9330391,0.03414413,
1,1,2.925,0.2311141,0.1158025,-0.9361561,-0.2185721,0.2837224,-0.9330391,0.03414413,
1,1,2.927,0.2311141,0.1158025,-0.9361561,-0.2185721,0.2837224,-0.9330391,0.03414413,
1,1,2.929,0.2280708,0.1215054,-0.9331063,-0.2264105,0.2822835,-0.9316386,0.03322358,
1,1,2.931,0.2280708,0.1215054,-0.9331063,-0.2264105,0.2822835,-0.9316386,0.03322358,
1,1,2.933,0.2280708,0.1215054,-0.9331063,-0.2264105,0.2822835,-0.9316386,0.03322358,
1,1,2.935,0.2280708,0.1215054,-0.9331063,-0.2264105,0.2822835,-0.9316386,0.03322358,
1,1,2.937,0.2245785,0.1275534,-0.9301225,-0.2342488,0.2810162,-0.9301322,0.03180528,
1,1,2.939,0.2245785,0.1275534,-0.9301225,-0.2342488,0.2810162,-0.9301322,0.03180528,
1,1,2.941,0.2245785,0.1275534,-0.9301225,-0.2342488,0.2810162,-0.9301322,0.03180528,
1,1,2.943,0.2245785,0.1275534,-0.9301225,-0.2342488,0.2810162,-0.9301322,0.03180528,
1,1,2.945,0.22078,0.1336686,-0.9272292,-0.24133,0.2799816,-0.9286907,0.03006235,
1,1,2.947,0.22078,0.1336686,-0.9272292,-0.24133,0.2799816,-0.9286907,0.03006235,
1,1,2.949,0.22078,0.1336686,-0.9272292,-0.24133,0.2799816,-0.9286907,0.03006235,
1,1,2.951,0.22078,0.1336686,-0.9272292,-0.24133,0.2799816,-0.9286907,0.03006235,
1,1,2.953,0.213513,0.1450368,-0.9229018,-0.2524836,0.2802089,-0.9257717,0.02611607,
1,1,2.955,0.213513,0.1450368,-0.9229018,-0.2524836,0.2802089,-0.9257717,0.02611607,
1,1,2.957,0.213513,0.1450368,-0.9229018,-0.2524836,0.2802089,-0.9257717,0.02611607,
1,1,2.959,0.213513,0.1450368,-0.9229018,-0.2524836,0.2802089,-0.9257717,0.02611607,
1,1,2.961,0.213513,0.1450368,-0.9229018,-0.2524836,0.2802089,-0.9257717,0.02611607,
1,1,2.963,0.2092798,0.1515425,-0.9202268,-0.2580257,0.2800431,-0.9243551,0.02379949,
1,1,2.965,0.2092798,0.1515425,-0.9202268,-0.2580257,0.2800431,-0.9243551,0.02379949,
1,1,2.967,0.2092798,0.1515425,-0.9202268,-0.2580257,0.2800431,-0.9243551,0.02379949,
1,1,2.969,0.2092798,0.1515425,-0.9202268,-0.2580257,0.2800431,-0.9243551,0.02379949,
1,1,2.971,0.2050716,0.1579096,-0.9178445,-0.2626574,0.2803551,-0.9230144,0.02136861,
1,1,2.973,0.2050716,0.1579096,-0.9178445,-0.2626574,0.2803551,-0.9230144,0.02136861,
1,1,2.975,0.2050716,0.1579096,-0.9178445,-0.2626574,0.2803551,-0.9230144,0.02136861,
1,1,2.977,0.2050716,0.1579096,-0.9178445,-0.2626574,0.2803551,-0.9230144,0.02136861,
1,1,2.979,0.1965159,0.170195,-0.9137763,-0.2687692,0.2820845,-0.9208336,0.01602268,
1,1,2.981,0.1965159,0.170195,-0.9137763,-0.2687692,0.2820845,-0.9208336,0.01602268,
1,1,2.983,0.1965159,0.170195,-0.9137763,-0.2687692,0.2820845,-0.9208336,0.01602268,
1,1,2.985,0.1965159,0.170195,-0.9137763,-0.2687692,0.2820845,-0.9208336,0.01602268,
1,1,2.987,0.1912341,0.1776101,-0.9109612,-0.2723821,0.2825056,-0.9196928,0.01279645,
1,1,2.989,0.1912341,0.1776101,-0.9109612,-0.2723821,0.2825056,-0.9196928,0.01279645,
1,1,2.991,0.1912341,0.1776101,-0.9109612,-0.2723821,0.2825056,-0.9196928,0.01279645,
1,1,2.993,0.1912341,0.1776101,-0.9109612,-0.2723821,0.2825056,-0.9196928,0.01279645,
1,1,2.995,0.1821657,0.1900088,-0.9068058,-0.2751988,0.285253,-0.9180725,0.006269157,
1,1,2.997,0.1821657,0.1900088,-0.9068058,-0.2751988,0.285253,-0.9180725,0.006269157,
1,1,2.999,0.1821657,0.1900088,-0.9068058,-0.2751988,0.285253,-0.9180725,0.006269157,
1,2,3.001,0.1821657,0.1900088,-0.9068058,-0.2751988,0.285253,-0.9180725,0.006269157,TrialStart
1,2,3.003,0.1717168,0.2036296,-0.9019368,-0.2773215,0.2881616,-0.9165443,-0.001543641,
1,2,3.005,0.1717168,0.2036296,-0.9019368,-0.2773215,0.2881616,-0.9165443,-0.001543641,
1,2,3.007,0.1717168,0.2036296,-0.9019368,-0.2773215,0.2881616,-0.9165443,-0.001543641,
1,2,3.009,0.1717168,0.2036296,-0.9019368,-0.2773215,0.2881616,-0.9165443,-0.001543641,
1,2,3.011,0.1717168,0.2036296,-0.9019368,-0.2773215,0.2881616,-0.9165443,-0.001543641,
1,2,3.013,0.1610509,0.2171904,-0.896916,-0.278083,0.2913661,-0.9152501,-0.009639516,
1,2,3.015,0.1610509,0.2171904,-0.896916,-0.278083,0.2913661,-0.9152501,-0.009639516,
1,2,3.017,0.1610509,0.2171904,-0.896916,-0.278083,0.2913661,-0.9152501,-0.009639516,
1,2,3.019,0.1610509,0.2171904,-0.896916,-0.278083,0.2913661,-0.9152501,-0.009639516,
1,2,3.021,0.1499872,0.2307401,-0.8917378,-0.2783132,0.2950484,-0.9138627,-0.018527,
1,2,3.023,0.1499872,0.2307401,-0.8917378,-0.2783132,0.2950484,-0.9138627,-0.018527,
1,2,3.025,0.1499872,0.2307401,-0.8917378,-0.2783132,0.2950484,-0.9138627,-0.018527,
1,2,3.027,0.1499872,0.2307401,-0.8917378,-0.2783132,0.2950484,-0.9138627,-0.018527,
1,2,3.029,0.1388864,0.2442326,-0.8859984,-0.2785168,0.2985766,-0.9124343,-0.02727602,
1,2,3.031,0.1388864,0.2442326,-0.8859984,-0.2785168,0.2985766,-0.9124343,-0.02727602,
1,2,3.033,0.1388864,0.2442326,-0.8859984,-0.2785168,0.2985766,-0.9124343,-0.02727602,
1,2,3.035,0.1388864,0.2442326,-0.8859984,-0.2785168,0.2985766,-0.9124343,-0.02727602,
1,2,3.037,0.1275761,0.2574443,-0.8799458,-0.2789493,0.3017558,-0.9109502,-0.03606363,
1,2,3.039,0.1275761,0.2574443,-0.8799458,-0.2789493,0.3017558,-0.9109502,-0.03606363,
1,2,3.041,0.1275761,0.2574443,-0.8799458,-0.2789493,0.3017558,-0.9109502,-0.03606363,
1,2,3.043,0.1275761,0.2574443,-0.8799458,-0.2789493,0.3017558,-0.9109502,-0.03606363,
1,2,3.045,0.1213508,0.2648069,-0.8764703,-0.2796108,0.3036575,-0.9099169,-0.04075891,
1,2,3.047,0.1213508,0.2648069,-0.8764703,-0.2796108,0.3036575,-0.9099169,-0.04075891,
1,2,3.049,0.1213508,0.2648069,-0.8764703,-0.2796108,0.3036575,-0.9099169,-0.04075891,
1,2,3.051,0.1213508,0.2648069,-0.8764703,-0.2796108,0.3036575,-0.9099169,-0.04075891,
1,2,3.053,0.1103057,0.2771948,-0.8700995,-0.2809113,0.3070084,-0.9079881,-0.04891106,
1,2,3.055,0.1103057,0.2771948,-0.8700995,-0.2809113,0.3070084,-0.9079881,-0.04891106,
1,2,3.057,0.1103057,0.2771948,-0.8700995,-0.2809113,0.3070084,-0.9079881,-0.04891106,
1,2,3.059,0.1103057,0.2771948,-0.8700995,-0.2809113,0.3070084,-0.9079881,-0.04891106,
1,2,3.061,0.1103057,0.2771948,-0.8700995,-0.2809113,0.3070084,-0.9079881,-0.04891106,
1,2,3.063,0.104243,0.283989,-0.8663222,-0.282113,0.3087243,-0.9067711,-0.05355129,
1,2,3.065,0.104243,0.283989,-0.8663222,-0.282113,0.3087243,-0.9067711,-0.05355129,
1,2,3.067,0.104243,0.283989,-0.8663222,-0.282113,0.3087243,-0.9067711,-0.05355129,
1,2,3.069,0.104243,0.283989,-0.8663222,-0.282113,0.3087243,-0.9067711,-0.05355129,
1,2,3.071,0.09842967,0.2903821,-0.8625926,-0.2833295,0.3104118,-0.9055415,-0.05799629,
1,2,3.073,0.09842967,0.2903821,-0.8625926,-0.2833295,0.3104118,-0.9055415,-0.05799629,
1,2,3.075,0.09842967,0.2903821,-0.8625926,-0.2833295,0.3104118,-0.9055415,-0.05799629,
1,2,3.077,0.09842967,0.2903821,-0.8625926,-0.2833295,0.3104118,-0.9055415,-0.05799629,
1,2,3.079,0.09243919,0.2967818,-0.8587401,-0.284643,0.3122943,-0.9041728,-0.06262779,
1,2,3.081,0.09243919,0.2967818,-0.8587401,-0.284643,0.3122943,-0.9041728,-0.06262779,
1,2,3.083,0.09243919,0.2967818,-0.8587401,-0.284643,0.3122943,-0.9041728,-0.06262779,
1,2,3.085,0.09243919,0.2967818,-0.8587401,-0.284643,0.3122943,-0.9041728,-0.06262779,
1,2,3.087,0.08129082,0.3087553,-0.8509587,-0.2875114,0.3154424,-0.9015614,-0.0708549,
1,2,3.089,0.08129082,0.3087553,-0.8509587,-0.2875114,0.3154424,-0.9015614,-0.0708549,
1,2,3.091,0.08129082,0.3087553,-0.8509587,-0.2875114,0.3154424,-0.9015614,-0.0708549,
1,2,3.093,0.08129082,0.3087553,-0.8509587,-0.2875114,0.3154424,-0.9015614,-0.0708549,
1,2,3.095,0.07536416,0.3149496,-0.8465538,-0.2892022,0.3169473,-0.9001346,-0.07526158,
1,2,3.097,0.07536416,0.3149496,-0.8465538,-0.2892022,0.3169473,-0.9001346,-0.07526158,
1,2,3.099,0.07536416,0.3149496,-0.8465538,-0.2892022,0.3169473,-0.9001346,-0.07526158,
1,2,3.101,0.07536416,0.3149496,-0.8465538,-0.2892022,0.3169473,-0.9001346,-0.07526158,
1,2,3.103,0.0695843,0.3209785,-0.8421044,-0.2910886,0.3185212,-0.8986054,-0.07949911,
1,2,3.105,0.0695843,0.3209785,-0.8421044,-0.2910886,0.3185212,-0.8986054,-0.07949911,
1,2,3.107,0.0695843,0.3209785,-0.8421044,-0.2910886,0.3185212,-0.8986054,-0.07949911,
1,2,3.109,0.0695843,0.3209785,-0.8421044,-0.2910886,0.3185212,-0.8986054,-0.07949911,
1,2,3.111,0.0695843,0.3209785,-0.8421044,-0.2910886,0.3185212,-0.8986054,-0.07949911,
1,2,3.113,0.06319569,0.3272257,-0.8369677,-0.2936266,0.3205048,-0.8966205,-0.08445041,
1,2,3.115,0.06319569,0.3272257,-0.8369677,-0.2936266,0.3205048,-0.8966205,-0.08445041,
1,2,3.117,0.06319569,0.3272257,-0.8369677,-0.2936266,0.3205048,-0.8966205,-0.08445041,
1,2,3.119,0.06319569,0.3272257,-0.8369677,-0.2936266,0.3205048,-0.8966205,-0.08445041,
1,2,3.121,0.05301703,0.3376716,-0.8282672,-0.2973436,0.32278,-0.8938436,-0.09188919,
1,2,3.123,0.05301703,0.3376716,-0.8282672,-0.2973436,0.32278,-0.8938436,-0.09188919,
1,2,3.125,0.05301703,0.3376716,-0.8282672,-0.2973436,0.32278,-0.8938436,-0.09188919,
1,2,3.127,0.05301703,0.3376716,-0.8282672,-0.2973436,0.32278,-0.8938436,-0.09188919,
1,2,3.129,0.04730011,0.3432129,-0.8230883,-0.299757,0.3240243,-0.8921597,-0.09594309,
1,2,3.131,0.04730011,0.3432129,-0.8230883,-0.299757,0.3240243,-0.8921597,-0.09594309,
1,2,3.133,0.04730011,0.3432129,-0.8230883,-0.299757,0.3240243,-0.8921597,-0.09594309,
1,2,3.135,0.04730011,0.3432129,-0.8230883,-0.299757,0.3240243,-0.8921597,-0.09594309,
1,2,3.137,0.04193772,0.348213,-0.8181427,-0.3021087,0.3250303,-0.8905792,-0.09977083,
1,2,3.139,0.04193772,0.348213,-0.8181427,-0.3021087,0.3250303,-0.8905792,-0.09977083,
1,2,3.141,0.04193772,0.348213,-0.8181427,-0.3021087,0.3250303,-0.8905792,-0.09977083,
1,2,3.143,0.04193772,0.348213,-0.8181427,-0.3021087,0.3250303,-0.8905792,-0.09977083,
1,2,3.145,0.03656286,0.3532747,-0.8128968,-0.3048903,0.3261986,-0.8887436,-0.1037845,
1,2,3.147,0.03656286,0.3532747,-0.8128968,-0.3048903,0.3261986,-0.8887436,-0.1037845,
1,2,3.149,0.03656286,0.3532747,-0.8128968,-0.3048903,0.3261986,-0.8887436,-0.1037845,
1,2,3.151,0.03656286,0.3532747,-0.8128968,-0.3048903,0.3261986,-0.8887436,-0.1037845,
1,2,3.153,0.03103068,0.3584662,-0.8073089,-0.3079832,0.3273089,-0.8867881,-0.1078058,
1,2,3.155,0.03103068,0.3584662,-0.8073089,-0.3079832,0.3273089,-0.8867881,-0.1078058,
1,2,3.157,0.03103068,0.3584662,-0.8073089,-0.3079832,0.3273089,-0.8867881,-0.1078058,
1,2,3.159,0.03103068,0.3584662,-0.8073089,-0.3079832,0.3273089,-0.8867881,-0.1078058,
1,2,3.161,0.0253266,0.3632089,-0.8012173,-0.3123977,0.3284472,-0.8843224,-0.1118219,
1,2,3.163,0.0253266,0.3632089,-0.8012173,-0.3123977,0.3284472,-0.8843224,-0.1118219,
1,2,3.165,0.0253266,0.3632089,-0.8012173,-0.3123977,0.3284472,-0.8843224,-0.1118219,
1,2,3.167,0.0253266,0.3632089,-0.8012173,-0.3123977,0.3284472,-0.8843224,-0.1118219,
1,2,3.169,0.0253266,0.3632089,-0.8012173,-0.3123977,0.3284472,-0.8843224,-0.1118219,
1,2,3.171,0.01588625,0.3718853,-0.7907435,-0.3178929,0.3303275,-0.8807653,-0.1186616,
1,2,3.173,0.01588625,0.3718853,-0.7907435,-0.3178929,0.3303275,-0.8807653,-0.1186616,
1,2,3.175,0.01588625,0.3718853,-0.7907435,-0.3178929,0.3303275,-0.8807653,-0.1186616,
1,2,3.177,0.01588625,0.3718853,-0.7907435,-0.3178929,0.3303275,-0.8807653,-0.1186616,
1,2,3.179,0.00599622,0.3804043,-0.7783863,-0.3260248,0.3319423,-0.8761768,-0.1258431,
1,2,3.181,0.00599622,0.3804043,-0.7783863,-0.3260248,0.3319423,-0.8761768,-0.1258431,
1,2,3.183,0.00599622,0.3804043,-0.7783863,-0.3260248,0.3319423,-0.8761768,-0.1258431,
1,2,3.185,0.00599622,0.3804043,-0.7783863,-0.3260248,0.3319423,-0.8761768,-0.1258431,
1,2,3.187,-0.003553264,0.3880871,-0.7655401,-0.3349181,0.3330182,-0.8713597,-0.1328946,
1,2,3.189,-0.003553264,0.3880871,-0.7655401,-0.3349181,0.3330182,-0.8713597,-0.1328946,
1,2,3.191,-0.003553264,0.3880871,-0.7655401,-0.3349181,0.3330182,-0.8713597,-0.1328946,
1,2,3.193,-0.003553264,0.3880871,-0.7655401,-0.3349181,0.3330182,-0.8713597,-0.1328946,
1,2,3.195,-0.01266529,0.3950724,-0.7517533,-0.3439728,0.3337498,-0.866402,-0.1401474,
1,2,3.197,-0.01266529,0.3950724,-0.7517533,-0.3439728,0.3337498,-0.866402,-0.1401474,
1,2,3.199,-0.01266529,0.3950724,-0.7517533,-0.3439728,0.3337498,-0.866402,-0.1401474,
1,2,3.201,-0.01266529,0.3950724,-0.7517533,-0.3439728,0.3337498,-0.866402,-0.1401474,
1,2,3.203,-0.01795962,0.3982524,-0.7432791,-0.3517604,0.3330093,-0.8629024,-0.1441143,
1,2,3.205,-0.01795962,0.3982524,-0.7432791,-0.3517604,0.3330093,-0.8629024,-0.1441143,
1,2,3.207,-0.01795962,0.3982524,-0.7432791,-0.3517604,0.3330093,-0.8629024,-0.1441143,
1,2,3.209,-0.01795962,0.3982524,-0.7432791,-0.3517604,0.3330093,-0.8629024,-0.1441143,
1,2,3.211,-0.02596455,0.4039738,-0.7299017,-0.3601284,0.3333009,-0.8581747,-0.1508449,
1,2,3.213,-0.02596455,0.4039738,-0.7299017,-0.3601284,0.3333009,-0.8581747,-0.1508449,
1,2,3.215,-0.02596455,0.4039738,-0.7299017,-0.3601284,0.3333009,-0.8581747,-0.1508449,
1,2,3.217,-0.02596455,0.4039738,-0.7299017,-0.3601284,0.3333009,-0.8581747,-0.1508449,
1,2,3.219,-0.02596455,0.4039738,-0.7299017,-0.3601284,0.3333009,-0.8581747,-0.1508449,
1,2,3.221,-0.03409014,0.4087338,-0.7142332,-0.3708001,0.3324019,-0.8527037,-0.1578375,
1,2,3.223,-0.03409014,0.4087338,-0.7142332,-0.3708001,0.3324019,-0.8527037,-0.1578375,
1,2,3.225,-0.03409014,0.4087338,-0.7142332,-0.3708001,0.3324019,-0.8527037,-0.1578375,
1,2,3.227,-0.03409014,0.4087338,-0.7142332,-0.3708001,0.3324019,-0.8527037,-0.1578375,
1,2,3.229,-0.04189662,0.4127479,-0.697982,-0.3831062,0.3304641,-0.8466451,-0.1649708,
1,2,3.231,-0.04189662,0.4127479,-0.697982,-0.3831062,0.3304641,-0.8466451,-0.1649708,
1,2,3.233,-0.04189662,0.4127479,-0.697982,-0.3831062,0.3304641,-0.8466451,-0.1649708,
1,2,3.235,-0.04189662,0.4127479,-0.697982,-0.3831062,0.3304641,-0.8466451,-0.1649708,
1,2,3.237,-0.04870071,0.4156397,-0.6808578,-0.3947548,0.327887,-0.8409458,-0.1716651,
1,2,3.239,-0.04870071,0.4156397,-0.6808578,-0.3947548,0.327887,-0.8409458,-0.1716651,
1,2,3.241,-0.04870071,0.4156397,-0.6808578,-0.3947548,0.327887,-0.8409458,-0.1716651,
1,2,3.243,-0.04870071,0.4156397,-0.6808578,-0.3947548,0.327887,-0.8409458,-0.1716651,
1,2,3.245,-0.05519941,0.4179179,-0.6629077,-0.4069896,0.3249522,-0.8347682,-0.178683,
1,2,3.247,-0.05519941,0.4179179,-0.6629077,-0.4069896,0.3249522,-0.8347682,-0.178683,
1,2,3.249,-0.05519941,0.4179179,-0.6629077,-0.4069896,0.3249522,-0.8347682,-0.178683,
1,2,3.251,-0.05519941,0.4179179,-0.6629077,-0.4069896,0.3249522,-0.8347682,-0.178683,
1,2,3.253,-0.0609099,0.4193455,-0.644738,-0.4196296,0.3214351,-0.8283585,-0.1855068,
1,2,3.255,-0.0609099,0.4193455,-0.644738,-0.4196296,0.3214351,-0.8283585,-0.1855068,
1,2,3.257,-0.0609099,0.4193455,-0.644738,-0.4196296,0.3214351,-0.8283585,-0.1855068,
1,2,3.259,-0.0609099,0.4193455,-0.644738,-0.4196296,0.3214351,-0.8283585,-0.1855068,
1,2,3.261,-0.06581972,0.4199179,-0.6258875,-0.432509,0.3175829,-0.8217157,-0.1919905,
1,2,3.263,-0.06581972,0.4199179,-0.6258875,-0.432509,0.3175829,-0.8217157,-0.1919905,
1,2,3.265,-0.06581972,0.4199179,-0.6258875,-0.432509,0.3175829,-0.8217157,-0.1919905,
1,2,3.267,-0.06581972,0.4199179,-0.6258875,-0.432509,0.3175829,-0.8217157,-0.1919905,
1,2,3.269,-0.06581972,0.4199179,-0.6258875,-0.432509,0.3175829,-0.8217157,-0.1919905,
1,2,3.271,-0.0698536,0.4197162,-0.6064993,-0.445223,0.3129328,-0.815213,-0.1981857,
1,2,3.273,-0.0698536,0.4197162,-0.6064993,-0.445223,0.3129328,-0.815213,-0.1981857,
1,2,3.275,-0.0698536,0.4197162,-0.6064993,-0.445223,0.3129328,-0.815213,-0.1981857,
1,2,3.277,-0.0698536,0.4197162,-0.6064993,-0.445223,0.3129328,-0.815213,-0.1981857,
1,2,3.279,-0.07164249,0.4188487,-0.5948766,-0.4540673,0.3089504,-0.8110681,-0.2013479,
1,2,3.281,-0.07164249,0.4188487,-0.5948766,-0.4540673,0.3089504,-0.8110681,-0.2013479,
1,2,3.283,-0.07164249,0.4188487,-0.5948766,-0.4540673,0.3089504,-0.8110681,-0.2013479,
1,2,3.285,-0.07164249,0.4188487,-0.5948766,-0.4540673,0.3089504,-0.8110681,-0.2013479,
1,2,3.287,-0.07404408,0.4174963,-0.5769541,-0.4659039,0.3035511,-0.8051012,-0.2064035,
1,2,3.289,-0.07404408,0.4174963,-0.5769541,-0.4659039,0.3035511,-0.8051012,-0.2064035,
1,2,3.291,-0.07404408,0.4174963,-0.5769541,-0.4659039,0.3035511,-0.8051012,-0.2064035,
1,2,3.293,-0.07404408,0.4174963,-0.5769541,-0.4659039,0.3035511,-0.8051012,-0.2064035,
1,2,3.295,-0.07519292,0.4165832,-0.5664226,-0.4729052,0.3005639,-0.8013922,-0.2092671,
1,2,3.297,-0.07519292,0.4165832,-0.5664226,-0.4729052,0.3005639,-0.8013922,-0.2092671,
1,2,3.299,-0.07519292,0.4165832,-0.5664226,-0.4729052,0.3005639,-0.8013922,-0.2092671,
1,2,3.301,-0.07519292,0.4165832,-0.5664226,-0.4729052,0.3005639,-0.8013922,-0.2092671,
1,2,3.303,-0.07609203,0.415635,-0.5564662,-0.4795605,0.2977491,-0.7977695,-0.21197,
1,2,3.305,-0.07609203,0.415635,-0.5564662,-0.4795605,0.2977491,-0.7977695,-0.21197,
1,2,3.307,-0.07609203,0.415635,-0.5564662,-0.4795605,0.2977491,-0.7977695,-0.21197,
1,2,3.309,-0.07609203,0.415635,-0.5564662,-0.4795605,0.2977491,-0.7977695,-0.21197,
1,2,3.311,-0.07675781,0.4144601,-0.5460273,-0.4867761,0.2947555,-0.7937786,-0.2146714,
1,2,3.313,-0.07675781,0.4144601,-0.5460273,-0.4867761,0.2947555,-0.7937786,-0.2146714,
1,2,3.315,-0.07675781,0.4144601,-0.5460273,-0.4867761,0.2947555,-0.7937786,-0.2146714,
1,2,3.317,-0.07675781,0.4144601,-0.5460273,-0.4867761,0.2947555,-0.7937786,-0.2146714,
1,2,3.319,-0.07675781,0.4144601,-0.5460273,-0.4867761,0.2947555,-0.7937786,-0.2146714,
1,2,3.321,-0.07711077,0.413036,-0.5356538,-0.4940698,0.2914423,-0.7898572,-0.2169839,
1,2,3.323,-0.07711077,0.413036,-0.5356538,-0.4940698,0.2914423,-0.7898572,-0.2169839,
1,2,3.325,-0.07711077,0.413036,-0.5356538,-0.4940698,0.2914423,-0.7898572,-0.2169839,
1,2,3.327,-0.07711077,0.413036,-0.5356538,-0.4940698,0.2914423,-0.7898572,-0.2169839,
1,2,3.329,-0.07756527,0.4105445,-0.5175152,-0.5060701,0.2863197,-0.7827986,-0.2216764,
1,2,3.331,-0.07756527,0.4105445,-0.5175152,-0.5060701,0.2863197,-0.7827986,-0.2216764,
1,2,3.333,-0.07756527,0.4105445,-0.5175152,-0.5060701,0.2863197,-0.7827986,-0.2216764,
1,2,3.335,-0.07756527,0.4105445,-0.5175152,-0.5060701,0.2863197,-0.7827986,-0.2216764,
1,2,3.337,-0.07666375,0.406932,-0.4976865,-0.5202033,0.2794044,-0.7749381,-0.2253725,
1,2,3.339,-0.07666375,0.406932,-0.4976865,-0.5202033,0.2794044,-0.7749381,-0.2253725,
1,2,3.341,-0.07666375,0.406932,-0.4976865,-0.5202033,0.2794044,-0.7749381,-0.2253725,
1,2,3.343,-0.07666375,0.406932,-0.4976865,-0.5202033,0.2794044,-0.7749381,-0.2253725,
1,2,3.345,-0.07540496,0.4043991,-0.4870754,-0.5292917,0.275252,-0.770089,-0.2259414,
1,2,3.347,-0.07540496,0.4043991,-0.4870754,-0.5292917,0.275252,-0.770089,-0.2259414,
1,2,3.349,-0.07540496,0.4043991,-0.4870754,-0.5292917,0.275252,-0.770089,-0.2259414,
1,2,3.351,-0.07540496,0.4043991,-0.4870754,-0.5292917,0.275252,-0.770089,-0.2259414,
1,2,3.353,-0.07436886,0.4021977,-0.4772727,-0.5367533,0.2716945,-0.7657951,-0.2272352,
1,2,3.355,-0.07436886,0.4021977,-0.4772727,-0.5367533,0.2716945,-0.7657951,-0.2272352,
1,2,3.357,-0.07436886,0.4021977,-0.4772727,-0.5367533,0.2716945,-0.7657951,-0.2272352,
1,2,3.359,-0.07436886,0.4021977,-0.4772727,-0.5367533,0.2716945,-0.7657951,-0.2272352,
1,2,3.361,-0.0730826,0.3998232,-0.4671796,-0.5448001,0.268209,-0.7609602,-0.2284651,
1,2,3.363,-0.0730826,0.3998232,-0.4671796,-0.5448001,0.268209,-0.7609602,-0.2284651,
1,2,3.365,-0.0730826,0.3998232,-0.4671796,-0.5448001,0.268209,-0.7609602,-0.2284651,
1,2,3.367,-0.0730826,0.3998232,-0.4671796,-0.5448001,0.268209,-0.7609602,-0.2284651,
1,2,3.369,-0.0730826,0.3998232,-0.4671796,-0.5448001,0.268209,-0.7609602,-0.2284651,
1,2,3.371,-0.07069983,0.3957353,-0.4493983,-0.5583486,0.2626292,-0.7521686,-0.2313337,
1,2,3.373,-0.07069983,0.3957353,-0.4493983,-0.5583486,0.2626292,-0.7521686,-0.2313337,
1,2,3.375,-0.07069983,0.3957353,-0.4493983,-0.5583486,0.2626292,-0.7521686,-0.2313337,
1,2,3.377,-0.07069983,0.3957353,-0.4493983,-0.5583486,0.2626292,-0.7521686,-0.2313337,
1,2,3.379,-0.06648624,0.3906356,-0.4307704,-0.5755693,0.2559059,-0.7414181,-0.2313688,
1,2,3.381,-0.06648624,0.3906356,-0.4307704,-0.5755693,0.2559059,-0.7414181,-0.2313688,
1,2,3.383,-0.06648624,0.3906356,-0.4307704,-0.5755693,0.2559059,-0.7414181,-0.2313688,
1,2,3.385,-0.06648624,0.3906356,-0.4307704,-0.5755693,0.2559059,-0.7414181,-0.2313688,
1,2,3.387,-0.06223917,0.3857074,-0.4123825,-0.5900797,0.2493681,-0.7315566,-0.2333377,
1,2,3.389,-0.06223917,0.3857074,-0.4123825,-0.5900797,0.2493681,-0.7315566,-0.2333377,
1,2,3.391,-0.06223917,0.3857074,-0.4123825,-0.5900797,0.2493681,-0.7315566,-0.2333377,
1,2,3.393,-0.06223917,0.3857074,-0.4123825,-0.5900797,0.2493681,-0.7315566,-0.2333377,
1,2,3.395,-0.05930258,0.3829934,-0.4031748,-0.5992694,0.2457889,-0.725553,-0.2324582,
1,2,3.397,-0.05930258,0.3829934,-0.4031748,-0.5992694,0.2457889,-0.725553,-0.2324582,
1,2,3.399,-0.05930258,0.3829934,-0.4031748,-0.5992694,0.2457889,-0.725553,-0.2324582,
1,2,3.401,-0.05930258,0.3829934,-0.4031748,-0.5992694,0.2457889,-0.725553,-0.2324582,
1,2,3.403,-0.05656225,0.3803574,-0.3939778,-0.6071587,0.2424224,-0.7200159,-0.2327377,
1,2,3.405,-0.05656225,0.3803574,-0.3939778,-0.6071587,0.2424224,-0.7200159,-0.2327377,
1,2,3.407,-0.05656225,0.3803574,-0.3939778,-0.6071587,0.2424224,-0.7200159,-0.2327377,
1,2,3.409,-0.05656225,0.3803574,-0.3939778,-0.6071587,0.2424224,-0.7200159,-0.2327377,
1,2,3.411,-0.05140538,0.3754643,-0.3773633,-0.6208147,0.2361197,-0.7100372,-0.2338453,
1,2,3.413,-0.05140538,0.3754643,-0.3773633,-0.6208147,0.2361197,-0.7100372,-0.2338453,
1,2,3.415,-0.05140538,0.3754643,-0.3773633,-0.6208147,0.2361197,-0.7100372,-0.2338453,
1,2,3.417,-0.05140538,0.3754643,-0.3773633,-0.6208147,0.2361197,-0.7100372,-0.2338453,
1,2,3.419,-0.05140538,0.3754643,-0.3773633,-0.6208147,0.2361197,-0.7100372,-0.2338453,
1,2,3.421,-0.04520761,0.370702,-0.3611578,-0.636053,0.2296009,-0.698947,-0.2327947,
1,2,3.423,-0.04520761,0.370702,-0.3611578,-0.636053,0.2296009,-0.698947,-0.2327947,
1,2,3.425,-0.04520761,0.370702,-0.3611578,-0.636053,0.2296009,-0.698947,-0.2327947,
1,2,3.427,-0.04520761,0.370702,-0.3611578,-0.636053,0.2296009,-0.698947,-0.2327947,
1,2,3.429,-0.04198085,0.3682234,-0.3526699,-0.6437329,0.2262412,-0.6930037,-0.2327419,
1,2,3.431,-0.04198085,0.3682234,-0.3526699,-0.6437329,0.2262412,-0.6930037,-0.2327419,
1,2,3.433,-0.04198085,0.3682234,-0.3526699,-0.6437329,0.2262412,-0.6930037,-0.2327419,
1,2,3.435,-0.04198085,0.3682234,-0.3526699,-0.6437329,0.2262412,-0.6930037,-0.2327419,
1,2,3.437,-0.03889664,0.365932,-0.3449003,-0.6506454,0.2229737,-0.6876742,-0.2324812,
1,2,3.439,-0.03889664,0.365932,-0.3449003,-0.6506454,0.2229737,-0.6876742,-0.2324812,
1,2,3.441,-0.03889664,0.365932,-0.3449003,-0.6506454,0.2229737,-0.6876742,-0.2324812,
1,2,3.443,-0.03889664,0.365932,-0.3449003,-0.6506454,0.2229737,-0.6876742,-0.2324812,
1,2,3.445,-0.03553215,0.3635551,-0.3367816,-0.658037,0.2196938,-0.6818162,-0.2320534,
1,2,3.447,-0.03553215,0.3635551,-0.3367816,-0.658037,0.2196938,-0.6818162,-0.2320534,
1,2,3.449,-0.03553215,0.3635551,-0.3367816,-0.658037,0.2196938,-0.6818162,-0.2320534,
1,2,3.451,-0.03553215,0.3635551,-0.3367816,-0.658037,0.2196938,-0.6818162,-0.2320534,
1,2,3.453,-0.0298279,0.3595994,-0.3228671,-0.6703218,0.2139277,-0.6715196,-0.2323037,
1,2,3.455,-0.0298279,0.3595994,-0.3228671,-0.6703218,0.2139277,-0.6715196,-0.2323037,
1,2,3.457,-0.0298279,0.3595994,-0.3228671,-0.6703218,0.2139277,-0.6715196,-0.2323037,
1,2,3.459,-0.0298279,0.3595994,-0.3228671,-0.6703218,0.2139277,-0.6715196,-0.2323037,
1,2,3.461,-0.02683873,0.3581989,-0.3157908,-0.6762546,0.2111322,-0.6665432,-0.2319984,
1,2,3.463,-0.02683873,0.3581989,-0.3157908,-0.6762546,0.2111322,-0.6665432,-0.2319984,
1,2,3.465,-0.02683873,0.3581989,-0.3157908,-0.6762546,0.2111322,-0.6665432,-0.2319984,
1,2,3.467,-0.02683873,0.3581989,-0.3157908,-0.6762546,0.2111322,-0.6665432,-0.2319984,
1,2,3.469,-0.02683873,0.3581989,-0.3157908,-0.6762546,0.2111322,-0.6665432,-0.2319984,
1,2,3.471,-0.02379917,0.3565719,-0.3083843,-0.6822678,0.2080185,-0.6612536,-0.2323418,
1,2,3.473,-0.02379917,0.3565719,-0.3083843,-0.6822678,0.2080185,-0.6612536,-0.2323418,
1,2,3.475,-0.02379917,0.3565719,-0.3083843,-0.6822678,0.2080185,-0.6612536,-0.2323418,
1,2,3.477,-0.02379917,0.3565719,-0.3083843,-0.6822678,0.2080185,-0.6612536,-0.2323418,
1,2,3.479,-0.01892745,0.3543817,-0.2959159,-0.6910874,0.2026686,-0.6532775,-0.2335645,
1,2,3.481,-0.01892745,0.3543817,-0.2959159,-0.6910874,0.2026686,-0.6532775,-0.2335645,
1,2,3.483,-0.01892745,0.3543817,-0.2959159,-0.6910874,0.2026686,-0.6532775,-0.2335645,
1,2,3.485,-0.01892745,0.3543817,-0.2959159,-0.6910874,0.2026686,-0.6532775,-0.2335645,
1,2,3.487,-0.01616263,0.3534397,-0.2884036,-0.6960324,0.1993174,-0.6486536,-0.2346486,
1,2,3.489,-0.01616263,0.3534397,-0.2884036,-0.6960324,0.1993174,-0.6486536,-0.2346486,
1,2,3.491,-0.01616263,0.3534397,-0.2884036,-0.6960324,0.1993174,-0.6486536,-0.2346486,
1,2,3.493,-0.01616263,0.3534397,-0.2884036,-0.6960324,0.1993174,-0.6486536,-0.2346486,
1,2,3.495,-0.01310149,0.3531308,-0.2777208,-0.700676,0.1946578,-0.6439999,-0.2375408,
1,2,3.497,-0.01310149,0.3531308,-0.2777208,-0.700676,0.1946578,-0.6439999,-0.2375408,
1,2,3.499,-0.01310149,0.3531308,-0.2777208,-0.700676,0.1946578,-0.6439999,-0.2375408,
1,2,3.501,-0.01310149,0.3531308,-0.2777208,-0.700676,0.1946578,-0.6439999,-0.2375408,
1,2,3.503,-0.0116277,0.3533118,-0.2720428,-0.7028612,0.1920268,-0.6417479,-0.2393146,
1,2,3.505,-0.0116277,0.3533118,-0.2720428,-0.7028612,0.1920268,-0.6417479,-0.2393146,
1,2,3.507,-0.0116277,0.3533118,-0.2720428,-0.7028612,0.1920268,-0.6417479,-0.2393146,
1,2,3.509,-0.0116277,0.3533118,-0.2720428,-0.7028612,0.1920268,-0.6417479,-0.2393146,
1,2,3.511,-0.01073828,0.3538819,-0.2668729,-0.7044873,0.1899447,-0.6398288,-0.2413252,
1,2,3.513,-0.01073828,0.3538819,-0.2668729,-0.7044873,0.1899447,-0.6398288,-0.2413252,
1,2,3.515,-0.01073828,0.3538819,-0.2668729,-0.7044873,0.1899447,-0.6398288,-0.2413252,
1,2,3.517,-0.01073828,0.3538819,-0.2668729,-0.7044873,0.1899447,-0.6398288,-0.2413252,
1,2,3.519,-0.01073828,0.3538819,-0.2668729,-0.7044873,0.1899447,-0.6398288,-0.2413252,
1,2,3.521,-0.01020259,0.3547648,-0.2619012,-0.7059766,0.188112,-0.6379354,-0.2434122,
1,2,3.523,-0.01020259,0.3547648,-0.2619012,-0.7059766,0.188112,-0.6379354,-0.2434122,
1,2,3.525,-0.01020259,0.3547648,-0.2619012,-0.7059766,0.188112,-0.6379354,-0.2434122,
1,2,3.527,-0.01020259,0.3547648,-0.2619012,-0.7059766,0.188112,-0.6379354,-0.2434122,
1,2,3.529,-0.01066905,0.3574526,-0.2542488,-0.7074726,0.1862164,-0.6351579,-0.247751,
1,2,3.531,-0.01066905,0.3574526,-0.2542488,-0.7074726,0.1862164,-0.6351579,-0.247751,
1,2,3.533,-0.01066905,0.3574526,-0.2542488,-0.7074726,0.1862164,-0.6351579,-0.247751,
1,2,3.535,-0.01066905,0.3574526,-0.2542488,-0.7074726,0.1862164,-0.6351579,-0.247751,
1,2,3.537,-0.01158813,0.3593591,-0.2508146,-0.7082609,0.1859666,-0.6334372,-0.2500805,
1,2,3.539,-0.01158813,0.3593591,-0.2508146,-0.7082609,0.1859666,-0.6334372,-0.2500805,
1,2,3.541,-0.01158813,0.3593591,-0.2508146,-0.7082609,0.1859666,-0.6334372,-0.2500805,
1,2,3.543,-0.01158813,0.3593591,-0.2508146,-0.7082609,0.1859666,-0.6334372,-0.2500805,
1,2,3.545,-0.01298549,0.361594,-0.2479267,-0.7088515,0.1862142,-0.6317603,-0.2524536,
1,2,3.547,-0.01298549,0.361594,-0.2479267,-0.7088515,0.1862142,-0.6317603,-0.2524536,
1,2,3.549,-0.01298549,0.361594,-0.2479267,-0.7088515,0.1862142,-0.6317603,-0.2524536,
1,2,3.551,-0.01298549,0.361594,-0.2479267,-0.7088515,0.1862142,-0.6317603,-0.2524536,
1,2,3.553,-0.01494596,0.3642765,-0.2450673,-0.7099468,0.1867997,-0.629346,-0.254961,
1,2,3.555,-0.01494596,0.3642765,-0.2450673,-0.7099468,0.1867997,-0.629346,-0.254961,
1,2,3.557,-0.01494596,0.3642765,-0.2450673,-0.7099468,0.1867997,-0.629346,-0.254961,
1,2,3.559,-0.01494596,0.3642765,-0.2450673,-0.7099468,0.1867997,-0.629346,-0.254961,
1,2,3.561,-0.01994003,0.3697231,-0.2423697,-0.710683,0.1902543,-0.6257007,-0.2592906,
1,2,3.563,-0.01994003,0.3697231,-0.2423697,-0.710683,0.1902543,-0.6257007,-0.2592906,
1,2,3.565,-0.01994003,0.3697231,-0.2423697,-0.710683,0.1902543,-0.6257007,-0.2592906,
1,2,3.567,-0.01994003,0.3697231,-0.2423697,-0.710683,0.1902543,-0.6257007,-0.2592906,
1,2,3.569,-0.01994003,0.3697231,-0.2423697,-0.710683,0.1902543,-0.6257007,-0.2592906,
1,2,3.571,-0.02319047,0.373033,-0.2414738,-0.7112069,0.1925428,-0.6235076,-0.2614391,
1,2,3.573,-0.02319047,0.373033,-0.2414738,-0.7112069,0.1925428,-0.6235076,-0.2614391,
1,2,3.575,-0.02319047,0.373033,-0.2414738,-0.7112069,0.1925428,-0.6235076,-0.2614391,
1,2,3.577,-0.02319047,0.373033,-0.2414738,-0.7112069,0.1925428,-0.6235076,-0.2614391,
1,2,3.579,-0.02687789,0.3764813,-0.2412059,-0.711521,0.1954997,-0.6213107,-0.263611,
1,2,3.581,-0.02687789,0.3764813,-0.2412059,-0.711521,0.1954997,-0.6213107,-0.263611,
1,2,3.583,-0.02687789,0.3764813,-0.2412059,-0.711521,0.1954997,-0.6213107,-0.263611,
1,2,3.585,-0.02687789,0.3764813,-0.2412059,-0.711521,0.1954997,-0.6213107,-0.263611,
1,2,3.587,-0.02924234,0.3792072,-0.2395383,-0.7137297,0.194928,-0.6182721,-0.2652029,
1,2,3.589,-0.02924234,0.3792072,-0.2395383,-0.7137297,0.194928,-0.6182721,-0.2652029,
1,2,3.591,-0.02924234,0.3792072,-0.2395383,-0.7137297,0.194928,-0.6182721,-0.2652029,
1,2,3.593,-0.02924234,0.3792072,-0.2395383,-0.7137297,0.194928,-0.6182721,-0.2652029,
1,2,3.595,-0.03520916,0.3841004,-0.2422943,-0.7118422,0.2024831,-0.6170886,-0.267363,
1,2,3.597,-0.03520916,0.3841004,-0.2422943,-0.7118422,0.2024831,-0.6170886,-0.267363,
1,2,3.599,-0.03520916,0.3841004,-0.2422943,-0.7118422,0.2024831,-0.6170886,-0.267363,
1,2,3.601,-0.03520916,0.3841004,-0.2422943,-0.7118422,0.2024831,-0.6170886,-0.267363,
1,2,3.603,-0.039878,0.388191,-0.2435931,-0.7116354,0.2065913,-0.6151688,-0.2691886,
1,2,3.605,-0.039878,0.388191,-0.2435931,-0.7116354,0.2065913,-0.6151688,-0.2691886,
1,2,3.607,-0.039878,0.388191,-0.2435931,-0.7116354,0.2065913,-0.6151688,-0.2691886,
1,2,3.609,-0.039878,0.388191,-0.2435931,-0.7116354,0.2065913,-0.6151688,-0.2691886,
1,2,3.611,-0.04509927,0.3927515,-0.2455034,-0.7113181,0.211017,-0.6132882,-0.27088,
1,2,3.613,-0.04509927,0.3927515,-0.2455034,-0.7113181,0.211017,-0.6132882,-0.27088,
1,2,3.615,-0.04509927,0.3927515,-0.2455034,-0.7113181,0.211017,-0.6132882,-0.27088,
1,2,3.617,-0.04509927,0.3927515,-0.2455034,-0.7113181,0.211017,-0.6132882,-0.27088,
1,2,3.619,-0.0504164,0.3973829,-0.2477881,-0.7106276,0.2156539,-0.6116716,-0.2726897,
1,2,3.621,-0.0504164,0.3973829,-0.2477881,-0.7106276,0.2156539,-0.6116716,-0.2726897,
1,2,3.623,-0.0504164,0.3973829,-0.2477881,-0.7106276,0.2156539,-0.6116716,-0.2726897,
1,2,3.625,-0.0504164,0.3973829,-0.2477881,-0.7106276,0.2156539,-0.6116716,-0.2726897,
1,2,3.627,-0.0504164,0.3973829,-0.2477881,-0.7106276,0.2156539,-0.6116716,-0.2726897,
1,2,3.629,-0.05559988,0.4019031,-0.2504115,-0.7096458,0.2205325,-0.6103582,-0.2742829,
1,2,3.631,-0.05559988,0.4019031,-0.2504115,-0.7096458,0.2205325,-0.6103582,-0.2742829,
1,2,3.633,-0.05559988,0.4019031,-0.2504115,-0.7096458,0.2205325,-0.6103582,-0.2742829,
1,2,3.635,-0.05559988,0.4019031,-0.2504115,-0.7096458,0.2205325,-0.6103582,-0.2742829,
1,2,3.637,-0.06575523,0.4107502,-0.2566063,-0.7065324,0.2302004,-0.6090696,-0.2772256,
1,2,3.639,-0.06575523,0.4107502,-0.2566063,-0.7065324,0.2302004,-0.6090696,-0.2772256,
1,2,3.641,-0.06575523,0.4107502,-0.2566063,-0.7065324,0.2302004,-0.6090696,-0.2772256,
1,2,3.643,-0.06575523,0.4107502,-0.2566063,-0.7065324,0.2302004,-0.6090696,-0.2772256,
1,2,3.645,-0.07039117,0.4150659,-0.2586478,-0.7071777,0.2322819,-0.6068113,-0.2787916,
1,2,3.647,-0.07039117,0.4150659,-0.2586478,-0.7071777,0.2322819,-0.6068113,-0.2787916,
1,2,3.649,-0.07039117,0.4150659,-0.2586478,-0.7071777,0.2322819,-0.6068113,-0.2787916,
1,2,3.651,-0.07039117,0.4150659,-0.2586478,-0.7071777,0.2322819,-0.6068113,-0.2787916,
1,2,3.653,-0.08256039,0.4257399,-0.2689548,-0.6999074,0.245758,-0.6086278,-0.2816114,
1,2,3.655,-0.08256039,0.4257399,-0.2689548,-0.6999074,0.245758,-0.6086278,-0.2816114,
1,2,3.657,-0.08256039,0.4257399,-0.2689548,-0.6999074,0.245758,-0.6086278,-0.2816114,
1,2,3.659,-0.08256039,0.4257399,-0.2689548,-0.6999074,0.245758,-0.6086278,-0.2816114,
1,2,3.661,-0.08848704,0.4311956,-0.2738843,-0.6972947,0.2512836,-0.6086642,-0.2831334,
1,2,3.663,-0.08848704,0.4311956,-0.2738843,-0.6972947,0.2512836,-0.6086642,-0.2831334,
1,2,3.665,-0.08848704,0.4311956,-0.2738843,-0.6972947,0.2512836,-0.6086642,-0.2831334,
1,2,3.667,-0.08848704,0.4311956,-0.2738843,-0.6972947,0.2512836,-0.6086642,-0.2831334,
1,2,3.669,-0.09904057,0.4411396,-0.2836135,-0.6916128,0.2616638,-0.6095859,-0.2856723,
1,2,3.671,-0.09904057,0.4411396,-0.2836135,-0.6916128,0.2616638,-0.6095859,-0.2856723,
1,2,3.673,-0.09904057,0.4411396,-0.2836135,-0.6916128,0.2616638,-0.6095859,-0.2856723,
1,2,3.675,-0.09904057,0.4411396,-0.2836135,-0.6916128,0.2616638,-0.6095859,-0.2856723,
1,2,3.677,-0.09904057,0.4411396,-0.2836135,-0.6916128,0.2616638,-0.6095859,-0.2856723,
1,2,3.679,-0.1098033,0.4516981,-0.2947741,-0.6851978,0.2723268,-0.6109545,-0.2882303,
1,2,3.681,-0.1098033,0.4516981,-0.2947741,-0.6851978,0.2723268,-0.6109545,-0.2882303,
1,2,3.683,-0.1098033,0.4516981,-0.2947741,-0.6851978,0.2723268,-0.6109545,-0.2882303,
1,2,3.685,-0.1098033,0.4516981,-0.2947741,-0.6851978,0.2723268,-0.6109545,-0.2882303,
1,2,3.687,-0.1153504,0.4573678,-0.3010893,-0.6817431,0.2779999,-0.6116618,-0.2895035,
1,2,3.689,-0.1153504,0.4573678,-0.3010893,-0.6817431,0.2779999,-0.6116618,-0.2895035,
1,2,3.691,-0.1153504,0.4573678,-0.3010893,-0.6817431,0.2779999,-0.6116618,-0.2895035,
1,2,3.693,-0.1153504,0.4573678,-0.3010893,-0.6817431,0.2779999,-0.6116618,-0.2895035,
1,2,3.695,-0.124431,0.4670582,-0.3127932,-0.6750088,0.2880558,-0.6136776,-0.2911817,
1,2,3.697,-0.124431,0.4670582,-0.3127932,-0.6750088,0.2880558,-0.6136776,-0.2911817,
1,2,3.699,-0.124431,0.4670582,-0.3127932,-0.6750088,0.2880558,-0.6136776,-0.2911817,
1,2,3.701,-0.124431,0.4670582,-0.3127932,-0.6750088,0.2880558,-0.6136776,-0.2911817,
1,2,3.703,-0.1334237,0.4771953,-0.3257438,-0.6677008,0.2983744,-0.6159022,-0.2929383,
1,2,3.705,-0.1334237,0.4771953,-0.3257438,-0.6677008,0.2983744,-0.6159022,-0.2929383,
1,2,3.707,-0.1334237,0.4771953,-0.3257438,-0.6677008,0.2983744,-0.6159022,-0.2929383,
1,2,3.709,-0.1334237,0.4771953,-0.3257438,-0.6677008,0.2983744,-0.6159022,-0.2929383,
1,2,3.711,-0.138185,0.482802,-0.3331884,-0.663692,0.3040278,-0.6170462,-0.2938267,
1,2,3.713,-0.138185,0.482802,-0.3331884,-0.663692,0.3040278,-0.6170462,-0.2938267,
1,2,3.715,-0.138185,0.482802,-0.3331884,-0.663692,0.3040278,-0.6170462,-0.2938267,
1,2,3.717,-0.138185,0.482802,-0.3331884,-0.663692,0.3040278,-0.6170462,-0.2938267,
1,2,3.719,-0.1451589,0.4913878,-0.3460024,-0.6563019,0.3130296,-0.6199313,-0.294899,
1,2,3.721,-0.1451589,0.4913878,-0.3460024,-0.6563019,0.3130296,-0.6199313,-0.294899,
1,2,3.723,-0.1451589,0.4913878,-0.3460024,-0.6563019,0.3130296,-0.6199313,-0.294899,
1,2,3.725,-0.1451589,0.4913878,-0.3460024,-0.6563019,0.3130296,-0.6199313,-0.294899,
1,2,3.727,-0.1451589,0.4913878,-0.3460024,-0.6563019,0.3130296,-0.6199313,-0.294899,
1,2,3.729,-0.1516499,0.5000466,-0.3601502,-0.6484619,0.3218964,-0.6232963,-0.2956039,
1,2,3.731,-0.1516499,0.5000466,-0.3601502,-0.6484619,0.3218964,-0.6232963,-0.2956039,
1,2,3.733,-0.1516499,0.5000466,-0.3601502,-0.6484619,0.3218964,-0.6232963,-0.2956039,
1,2,3.735,-0.1516499,0.5000466,-0.3601502,-0.6484619,0.3218964,-0.6232963,-0.2956039,
1,2,3.737,-0.1549132,0.5047072,-0.3682668,-0.6440682,0.3267771,-0.6251359,-0.2959698,
1,2,3.739,-0.1549132,0.5047072,-0.3682668,-0.6440682,0.3267771,-0.6251359,-0.2959698,
1,2,3.741,-0.1549132,0.5047072,-0.3682668,-0.6440682,0.3267771,-0.6251359,-0.2959698,
1,2,3.743,-0.1549132,0.5047072,-0.3682668,-0.6440682,0.3267771,-0.6251359,-0.2959698,
1,2,3.745,-0.1591592,0.5112641,-0.3815585,-0.6369693,0.3341225,-0.6285755,-0.2958468,
1,2,3.747,-0.1591592,0.5112641,-0.3815585,-0.6369693,0.3341225,-0.6285755,-0.2958468,
1,2,3.749,-0.1591592,0.5112641,-0.3815585,-0.6369693,0.3341225,-0.6285755,-0.2958468,
1,2,3.751,-0.1591592,0.5112641,-0.3815585,-0.6369693,0.3341225,-0.6285755,-0.2958468,
1,2,3.753,-0.1627097,0.5175426,-0.3961017,-0.6296959,0.3415285,-0.6322763,-0.2950731,
1,2,3.755,-0.1627097,0.5175426,-0.3961017,-0.6296959,0.3415285,-0.6322763,-0.2950731,
1,2,3.757,-0.1627097,0.5175426,-0.3961017,-0.6296959,0.3415285,-0.6322763,-0.2950731,
1,2,3.759,-0.1627097,0.5175426,-0.3961017,-0.6296959,0.3415285,-0.6322763,-0.2950731,
1,2,3.761,-0.1650078,0.5226439,-0.4107489,-0.6227416,0.3482857,-0.6361501,-0.2936035,
1,2,3.763,-0.1650078,0.5226439,-0.4107489,-0.6227416,0.3482857,-0.6361501,-0.2936035,
1,2,3.765,-0.1650078,0.5226439,-0.4107489,-0.6227416,0.3482857,-0.6361501,-0.2936035,
1,2,3.767,-0.1650078,0.5226439,-0.4107489,-0.6227416,0.3482857,-0.6361501,-0.2936035,
1,2,3.769,-0.1659787,0.5263999,-0.4253545,-0.6161698,0.3543601,-0.6401838,-0.2914248,
1,2,3.771,-0.1659787,0.5263999,-0.4253545,-0.6161698,0.3543601,-0.6401838,-0.2914248,
1,2,3.773,-0.1659787,0.5263999,-0.4253545,-0.6161698,0.3543601,-0.6401838,-0.2914248,
1,2,3.775,-0.1659787,0.5263999,-0.4253545,-0.6161698,0.3543601,-0.6401838,-0.2914248,
1,2,3.777,-0.1659787,0.5263999,-0.4253545,-0.6161698,0.3543601,-0.6401838,-0.2914248,
1,2,3.779,-0.1660787,0.5279863,-0.433113,-0.6128546,0.3575707,-0.6421801,-0.2900987,
1,2,3.781,-0.1660787,0.5279863,-0.433113,-0.6128546,0.3575707,-0.6421801,-0.2900987,
1,2,3.783,-0.1660787,0.5279863,-0.433113,-0.6128546,0.3575707,-0.6421801,-0.2900987,
1,2,3.785,-0.1660787,0.5279863,-0.433113,-0.6128546,0.3575707,-0.6421801,-0.2900987,
1,2,3.787,-0.1658162,0.5290347,-0.4402511,-0.6096971,0.36011,-0.6443629,-0.2887677,
1,2,3.789,-0.1658162,0.5290347,-0.4402511,-0.6096971,0.36011,-0.6443629,-0.2887677,
1,2,3.791,-0.1658162,0.5290347,-0.4402511,-0.6096971,0.36011,-0.6443629,-0.2887677,
1,2,3.793,-0.1658162,0.5290347,-0.4402511,-0.6096971,0.36011,-0.6443629,-0.2887677,
1,2,3.795,-0.1642247,0.5299162,-0.4540834,-0.6041053,0.3643669,-0.6486841,-0.2854863,
1,2,3.797,-0.1642247,0.5299162,-0.4540834,-0.6041053,0.3643669,-0.6486841,-0.2854863,
1,2,3.799,-0.1642247,0.5299162,-0.4540834,-0.6041053,0.3643669,-0.6486841,-0.2854863,
1,2,3.801,-0.1642247,0.5299162,-0.4540834,-0.6041053,0.3643669,-0.6486841,-0.2854863,
1,2,3.803,-0.1613442,0.5294996,-0.4681131,-0.5983362,0.3681447,-0.6536484,-0.2814375,
1,2,3.805,-0.1613442,0.5294996,-0.4681131,-0.5983362,0.3681447,-0.6536484,-0.2814375,
1,2,3.807,-0.1613442,0.5294996,-0.4681131,-0.5983362,0.3681447,-0.6536484,-0.2814375,
1,2,3.809,-0.1613442,0.5294996,-0.4681131,-0.5983362,0.3681447,-0.6536484,-0.2814375,
1,2,3.811,-0.159145,0.5287124,-0.4762413,-0.5949489,0.3700451,-0.6567026,-0.2790057,
1,2,3.813,-0.159145,0.5287124,-0.4762413,-0.5949489,0.3700451,-0.6567026,-0.2790057,
1,2,3.815,-0.159145,0.5287124,-0.4762413,-0.5949489,0.3700451,-0.6567026,-0.2790057,
1,2,3.817,-0.159145,0.5287124,-0.4762413,-0.5949489,0.3700451,-0.6567026,-0.2790057,
1,2,3.819,-0.1544592,0.5260109,-0.4890156,-0.5899658,0.3722174,-0.6621209,-0.2738438,
1,2,3.821,-0.1544592,0.5260109,-0.4890156,-0.5899658,0.3722174,-0.6621209,-0.2738438,
1,2,3.823,-0.1544592,0.5260109,-0.4890156,-0.5899658,0.3722174,-0.6621209,-0.2738438,
1,2,3.825,-0.1544592,0.5260109,-0.4890156,-0.5899658,0.3722174,-0.6621209,-0.2738438,
1,2,3.827,-0.1544592,0.5260109,-0.4890156,-0.5899658,0.3722174,-0.6621209,-0.2738438,
1,2,3.829,-0.1480679,0.5216174,-0.5025328,-0.5842277,0.373447,-0.6688869,-0.2679656,
1,2,3.831,-0.1480679,0.5216174,-0.5025328,-0.5842277,0.373447,-0.6688869,-0.2679656,
1,2,3.833,-0.1480679,0.5216174,-0.5025328,-0.5842277,0.373447,-0.6688869,-0.2679656,
1,2,3.835,-0.1480679,0.5216174,-0.5025328,-0.5842277,0.373447,-0.6688869,-0.2679656,
1,2,3.837,-0.1403942,0.5157811,-0.5155981,-0.5784643,0.3736743,-0.6763731,-0.2612778,
1,2,3.839,-0.1403942,0.5157811,-0.5155981,-0.5784643,0.3736743,-0.6763731,-0.2612778,
1,2,3.841,-0.1403942,0.5157811,-0.5155981,-0.5784643,0.3736743,-0.6763731,-0.2612778,
1,2,3.843,-0.1403942,0.5157811,-0.5155981,-0.5784643,0.3736743,-0.6763731,-0.2612778,
1,2,3.845,-0.131327,0.5083829,-0.5285227,-0.5726731,0.3726656,-0.6846054,-0.2539319,
1,2,3.847,-0.131327,0.5083829,-0.5285227,-0.5726731,0.3726656,-0.6846054,-0.2539319,
1,2,3.849,-0.131327,0.5083829,-0.5285227,-0.5726731,0.3726656,-0.6846054,-0.2539319,
1,2,3.851,-0.131327,0.5083829,-0.5285227,-0.5726731,0.3726656,-0.6846054,-0.2539319,
1,2,3.853,-0.1257374,0.5037642,-0.5356098,-0.5693223,0.3719189,-0.6893414,-0.2497135,
1,2,3.855,-0.1257374,0.5037642,-0.5356098,-0.5693223,0.3719189,-0.6893414,-0.2497135,
1,2,3.857,-0.1257374,0.5037642,-0.5356098,-0.5693223,0.3719189,-0.6893414,-0.2497135,
1,2,3.859,-0.1257374,0.5037642,-0.5356098,-0.5693223,0.3719189,-0.6893414,-0.2497135,
1,2,3.861,-0.1156517,0.4951862,-0.5463768,-0.5638052,0.3693276,-0.6978652,-0.2422909,
1,2,3.863,-0.1156517,0.4951862,-0.5463768,-0.5638052,0.3693276,-0.6978652,-0.2422909,
1,2,3.865,-0.1156517,0.4951862,-0.5463768,-0.5638052,0.3693276,-0.6978652,-0.2422909,
1,2,3.867,-0.1156517,0.4951862,-0.5463768,-0.5638052,0.3693276,-0.6978652,-0.2422909,
1,2,3.869,-0.108951,0.4895312,-0.5531095,-0.5601917,0.3678854,-0.7031307,-0.2375982,
1,2,3.871,-0.108951,0.4895312,-0.5531095,-0.5601917,0.3678854,-0.7031307,-0.2375982,
1,2,3.873,-0.108951,0.4895312,-0.5531095,-0.5601917,0.3678854,-0.7031307,-0.2375982,
1,2,3.875,-0.108951,0.4895312,-0.5531095,-0.5601917,0.3678854,-0.7031307,-0.2375982,
1,2,3.877,-0.108951,0.4895312,-0.5531095,-0.5601917,0.3678854,-0.7031307,-0.2375982,
1,2,3.879,-0.09732316,0.4795603,-0.56321,-0.5546288,0.3642853,-0.7121367,-0.2292257,
1,2,3.881,-0.09732316,0.4795603,-0.56321,-0.5546288,0.3642853,-0.7121367,-0.2292257,
1,2,3.883,-0.09732316,0.4795603,-0.56321,-0.5546288,0.3642853,-0.7121367,-0.2292257,
1,2,3.885,-0.09732316,0.4795603,-0.56321,-0.5546288,0.3642853,-0.7121367,-0.2292257,
1,2,3.887,-0.09012586,0.4735014,-0.5689836,-0.5513838,0.3622969,-0.71724,-0.2242399,
1,2,3.889,-0.09012586,0.4735014,-0.5689836,-0.5513838,0.3622969,-0.71724,-0.2242399,
1,2,3.891,-0.09012586,0.4735014,-0.5689836,-0.5513838,0.3622969,-0.71724,-0.2242399,
1,2,3.893,-0.09012586,0.4735014,-0.5689836,-0.5513838,0.3622969,-0.71724,-0.2242399,
1,2,3.895,-0.07699101,0.462329,-0.5785244,-0.5455235,0.3579469,-0.7265438,-0.2154348,
1,2,3.897,-0.07699101,0.462329,-0.5785244,-0.5455235,0.3579469,-0.7265438,-0.2154348,
1,2,3.899,-0.07699101,0.462329,-0.5785244,-0.5455235,0.3579469,-0.7265438,-0.2154348,
1,2,3.901,-0.07699101,0.462329,-0.5785244,-0.5455235,0.3579469,-0.7265438,-0.2154348,
1,2,3.903,-0.06941719,0.4559489,-0.5835778,-0.5420876,0.3555073,-0.7317367,-0.210516,
1,2,3.905,-0.06941719,0.4559489,-0.5835778,-0.5420876,0.3555073,-0.7317367,-0.210516,
1,2,3.907,-0.06941719,0.4559489,-0.5835778,-0.5420876,0.3555073,-0.7317367,-0.210516,
1,2,3.909,-0.06941719,0.4559489,-0.5835778,-0.5420876,0.3555073,-0.7317367,-0.210516,
1,2,3.911,-0.05552864,0.444207,-0.5922315,-0.5366665,0.3508905,-0.7405071,-0.2012818,
1,2,3.913,-0.05552864,0.444207,-0.5922315,-0.5366665,0.3508905,-0.7405071,-0.2012818,
1,2,3.915,-0.05552864,0.444207,-0.5922315,-0.5366665,0.3508905,-0.7405071,-0.2012818,
1,2,3.917,-0.05552864,0.444207,-0.5922315,-0.5366665,0.3508905,-0.7405071,-0.2012818,
1,2,3.919,-0.04762065,0.4375865,-0.5970007,-0.5336904,0.3484447,-0.7451816,-0.1961257,
1,2,3.921,-0.04762065,0.4375865,-0.5970007,-0.5336904,0.3484447,-0.7451816,-0.1961257,
1,2,3.923,-0.04762065,0.4375865,-0.5970007,-0.5336904,0.3484447,-0.7451816,-0.1961257,
1,2,3.925,-0.04762065,0.4375865,-0.5970007,-0.5336904,0.3484447,-0.7451816,-0.1961257,
1,2,3.927,-0.04762065,0.4375865,-0.5970007,-0.5336904,0.3484447,-0.7451816,-0.1961257,
1,2,3.929,-0.04023886,0.4313771,-0.6010581,-0.5309961,0.3458149,-0.7495891,-0.1912365,
1,2,3.931,-0.04023886,0.4313771,-0.6010581,-0.5309961,0.3458149,-0.7495891,-0.1912365,
1,2,3.933,-0.04023886,0.4313771,-0.6010581,-0.5309961,0.3458149,-0.7495891,-0.1912365,
1,2,3.935,-0.04023886,0.4313771,-0.6010581,-0.5309961,0.3458149,-0.7495891,-0.1912365,
1,2,3.937,-0.02662072,0.4198685,-0.6082614,-0.5261051,0.3412437,-0.7572848,-0.1824445,
1,2,3.939,-0.02662072,0.4198685,-0.6082614,-0.5261051,0.3412437,-0.7572848,-0.1824445,
1,2,3.941,-0.02662072,0.4198685,-0.6082614,-0.5261051,0.3412437,-0.7572848,-0.1824445,
1,2,3.943,-0.02662072,0.4198685,-0.6082614,-0.5261051,0.3412437,-0.7572848,-0.1824445,
1,2,3.945,-0.01870066,0.4131896,-0.612314,-0.5233946,0.3388586,-0.7614532,-0.1772626,
1,2,3.947,-0.01870066,0.4131896,-0.612314,-0.5233946,0.3388586,-0.7614532,-0.1772626,
1,2,3.949,-0.01870066,0.4131896,-0.612314,-0.5233946,0.3388586,-0.7614532,-0.1772626,
1,2,3.951,-0.01870066,0.4131896,-0.612314,-0.5233946,0.3388586,-0.7614532,-0.1772626,
1,2,3.953,-0.00593359,0.4022755,-0.6183742,-0.5184792,0.3345878,-0.7684372,-0.1695131,
1,2,3.955,-0.00593359,0.4022755,-0.6183742,-0.5184792,0.3345878,-0.7684372,-0.1695131,
1,2,3.957,-0.00593359,0.4022755,-0.6183742,-0.5184792,0.3345878,-0.7684372,-0.1695131,
1,2,3.959,-0.00593359,0.4022755,-0.6183742,-0.5184792,0.3345878,-0.7684372,-0.1695131,
1,2,3.961,0.007051989,0.3908752,-0.6244143,-0.5126683,0.3306606,-0.7755217,-0.1624839,
1,2,3.963,0.007051989,0.3908752,-0.6244143,-0.5126683,0.3306606,-0.7755217,-0.1624839,
1,2,3.965,0.007051989,0.3908752,-0.6244143,-0.5126683,0.3306606,-0.7755217,-0.1624839,
1,2,3.967,0.007051989,0.3908752,-0.6244143,-0.5126683,0.3306606,-0.7755217,-0.1624839,
1,2,3.969,0.01446042,0.3844135,-0.6277958,-0.5091533,0.3285957,-0.779534,-0.1584752,
1,2,3.971,0.01446042,0.3844135,-0.6277958,-0.5091533,0.3285957,-0.779534,-0.1584752,
1,2,3.973,0.01446042,0.3844135,-0.6277958,-0.5091533,0.3285957,-0.779534,-0.1584752,
1,2,3.975,0.01446042,0.3844135,-0.6277958,-0.5091533,0.3285957,-0.779534,-0.1584752,
1,2,3.977,0.01446042,0.3844135,-0.6277958,-0.5091533,0.3285957,-0.779534,-0.1584752,
1,2,3.979,0.02478547,0.3750126,-0.6324807,-0.5033637,0.3261045,-0.7853492,-0.153322,
1,2,3.981,0.02478547,0.3750126,-0.6324807,-0.5033637,0.3261045,-0.7853492,-0.153322,
1,2,3.983,0.02478547,0.3750126,-0.6324807,-0.5033637,0.3261045,-0.7853492,-0.153322,
1,2,3.985,0.02478547,0.3750126,-0.6324807,-0.5033637,0.3261045,-0.7853492,-0.153322,
1,2,3.987,0.03014807,0.3697625,-0.6349778,-0.4999326,0.3247249,-0.7885832,-0.1508565,
1,2,3.989,0.03014807,0.3697625,-0.6349778,-0.4999326,0.3247249,-0.7885832,-0.1508565,
1,2,3.991,0.03014807,0.3697625,-0.6349778,-0.4999326,0.3247249,-0.7885832,-0.1508565,
1,2,3.993,0.03014807,0.3697625,-0.6349778,-0.4999326,0.3247249,-0.7885832,-0.1508565,
1,2,3.995,0.03548604,0.3643944,-0.6375543,-0.4962616,0.3234362,-0.7918544,-0.1485935,
1,2,3.997,0.03548604,0.3643944,-0.6375543,-0.4962616,0.3234362,-0.7918544,-0.1485935,
1,2,3.999,0.03548604,0.3643944,-0.6375543,-0.4962616,0.3234362,-0.7918544,-0.1485935,
1,2,4.001,0.03548604,0.3643944,-0.6375543,-0.4962616,0.3234362,-0.7918544,-0.1485935,
1,2,4.003,0.04470231,0.354999,-0.6421046,-0.488221,0.322151,-0.7979767,-0.1452315,
1,2,4.005,0.04470231,0.354999,-0.6421046,-0.488221,0.322151,-0.7979767,-0.1452315,
1,2,4.007,0.04470231,0.354999,-0.6421046,-0.488221,0.322151,-0.7979767,-0.1452315,
1,2,4.009,0.04470231,0.354999,-0.6421046,-0.488221,0.322151,-0.7979767,-0.1452315,
1,2,4.011,0.04926799,0.3500708,-0.6444345,-0.483378,0.3214382,-0.8015018,-0.1435902,
1,2,4.013,0.04926799,0.3500708,-0.6444345,-0.483378,0.3214382,-0.8015018,-0.1435902,
1,2,4.015,0.04926799,0.3500708,-0.6444345,-0.483378,0.3214382,-0.8015018,-0.1435902,
1,2,4.017,0.04926799,0.3500708,-0.6444345,-0.483378,0.3214382,-0.8015018,-0.1435902,
1,2,4.019,0.05365992,0.3449321,-0.6467826,-0.4782335,0.3205985,-0.8051702,-0.142163,
1,2,4.021,0.05365992,0.3449321,-0.6467826,-0.4782335,0.3205985,-0.8051702,-0.142163,
1,2,4.023,0.05365992,0.3449321,-0.6467826,-0.4782335,0.3205985,-0.8051702,-0.142163,
1,2,4.025,0.05365992,0.3449321,-0.6467826,-0.4782335,0.3205985,-0.8051702,-0.142163,
1,2,4.027,0.05365992,0.3449321,-0.6467826,-0.4782335,0.3205985,-0.8051702,-0.142163,
1,2,4.029,0.05976498,0.3368426,-0.6508456,-0.4692927,0.3205599,-0.810591,-0.1412372,
1,2,4.031,0.05976498,0.3368426,-0.6508456,-0.4692927,0.3205599,-0.810591,-0.1412372,
1,2,4.033,0.05976498,0.3368426,-0.6508456,-0.4692927,0.3205599,-0.810591,-0.1412372,
1,2,4.035,0.05976498,0.3368426,-0.6508456,-0.4692927,0.3205599,-0.810591,-0.1412372,
1,2,4.037,0.06555065,0.3283287,-0.6549609,-0.458096,0.3205802,-0.817078,-0.14057,
1,2,4.039,0.06555065,0.3283287,-0.6549609,-0.458096,0.3205802,-0.817078,-0.14057,
1,2,4.041,0.06555065,0.3283287,-0.6549609,-0.458096,0.3205802,-0.817078,-0.14057,
1,2,4.043,0.06555065,0.3283287,-0.6549609,-0.458096,0.3205802,-0.817078,-0.14057,
1,2,4.045,0.0684358,0.3234341,-0.6572328,-0.4515993,0.3207527,-0.8206241,-0.1405418,
1,2,4.047,0.0684358,0.3234341,-0.6572328,-0.4515993,0.3207527,-0.8206241,-0.1405418,
1,2,4.049,0.0684358,0.3234341,-0.6572328,-0.4515993,0.3207527,-0.8206241,-0.1405418,
1,2,4.051,0.0684358,0.3234341,-0.6572328,-0.4515993,0.3207527,-0.8206241,-0.1405418,
1,2,4.053,0.07120573,0.316462,-0.6608277,-0.4410444,0.3220911,-0.8255205,-0.1423133,
1,2,4.055,0.07120573,0.316462,-0.6608277,-0.4410444,0.3220911,-0.8255205,-0.1423133,
1,2,4.057,0.07120573,0.316462,-0.6608277,-0.4410444,0.3220911,-0.8255205,-0.1423133,
1,2,4.059,0.07120573,0.316462,-0.6608277,-0.4410444,0.3220911,-0.8255205,-0.1423133,
1,2,4.061,0.07251965,0.3122587,-0.6628889,-0.4348784,0.3227989,-0.8283294,-0.1433598,
1,2,4.063,0.07251965,0.3122587,-0.6628889,-0.4348784,0.3227989,-0.8283294,-0.1433598,
1,2,4.065,0.07251965,0.3122587,-0.6628889,-0.4348784,0.3227989,-0.8283294,-0.1433598,
1,2,4.067,0.07251965,0.3122587,-0.6628889,-0.4348784,0.3227989,-0.8283294,-0.1433598,
1,2,4.069,0.073122,0.3061889,-0.6663234,-0.4236683,0.3248859,-0.8327402,-0.1466223,
1,2,4.071,0.073122,0.3061889,-0.6663234,-0.4236683,0.3248859,-0.8327402,-0.1466223,
1,2,4.073,0.073122,0.3061889,-0.6663234,-0.4236683,0.3248859,-0.8327402,-0.1466223,
1,2,4.075,0.073122,0.3061889,-0.6663234,-0.4236683,0.3248859,-0.8327402,-0.1466223,
1,2,4.077,0.073122,0.3061889,-0.6663234,-0.4236683,0.3248859,-0.8327402,-0.1466223,
1,2,4.079,0.07214915,0.3004169,-0.6701573,-0.4118515,0.3277538,-0.8367636,-0.1509385,
1,2,4.081,0.07214915,0.3004169,-0.6701573,-0.4118515,0.3277538,-0.8367636,-0.1509385,
1,2,4.083,0.07214915,0.3004169,-0.6701573,-0.4118515,0.3277538,-0.8367636,-0.1509385,
1,2,4.085,0.07214915,0.3004169,-0.6701573,-0.4118515,0.3277538,-0.8367636,-0.1509385,
1,2,4.087,0.0691636,0.2956739,-0.6742553,-0.4010301,0.3323653,-0.8391461,-0.1566591,
1,2,4.089,0.0691636,0.2956739,-0.6742553,-0.4010301,0.3323653,-0.8391461,-0.1566591,
1,2,4.091,0.0691636,0.2956739,-0.6742553,-0.4010301,0.3323653,-0.8391461,-0.1566591,
1,2,4.093,0.0691636,0.2956739,-0.6742553,-0.4010301,0.3323653,-0.8391461,-0.1566591,
1,2,4.095,0.06466435,0.2921371,-0.6787465,-0.3917693,0.3381522,-0.8400314,-0.1628415,
1,2,4.097,0.06466435,0.2921371,-0.6787465,-0.3917693,0.3381522,-0.8400314,-0.1628415,
1,2,4.099,0.06466435,0.2921371,-0.6787465,-0.3917693,0.3381522,-0.8400314,-0.1628415,
1,2,4.101,0.06466435,0.2921371,-0.6787465,-0.3917693,0.3381522,-0.8400314,-0.1628415,
1,2,4.103,0.05876414,0.2896394,-0.6834902,-0.3830044,0.3452094,-0.8398411,-0.1697207,
1,2,4.105,0.05876414,0.2896394,-0.6834902,-0.3830044,0.3452094,-0.8398411,-0.1697207,
1,2,4.107,0.05876414,0.2896394,-0.6834902,-0.3830044,0.3452094,-0.8398411,-0.1697207,
1,2,4.109,0.05876414,0.2896394,-0.6834902,-0.3830044,0.3452094,-0.8398411,-0.1697207,
1,2,4.111,0.05183724,0.2880943,-0.6881945,-0.3746065,0.3523892,-0.8390637,-0.1773809,
1,2,4.113,0.05183724,0.2880943,-0.6881945,-0.3746065,0.3523892,-0.8390637,-0.1773809,
1,2,4.115,0.05183724,0.2880943,-0.6881945,-0.3746065,0.3523892,-0.8390637,-0.1773809,
1,2,4.117,0.05183724,0.2880943,-0.6881945,-0.3746065,0.3523892,-0.8390637,-0.1773809,
1,2,4.119,0.04408655,0.2873769,-0.6927405,-0.3653933,0.3593177,-0.8383789,-0.1857405,
1,2,4.121,0.04408655,0.2873769,-0.6927405,-0.3653933,0.3593177,-0.8383789,-0.1857405,
1,2,4.123,0.04408655,0.2873769,-0.6927405,-0.3653933,0.3593177,-0.8383789,-0.1857405,
1,2,4.125,0.04408655,0.2873769,-0.6927405,-0.3653933,0.3593177,-0.8383789,-0.1857405,
1,2,4.127,0.04408655,0.2873769,-0.6927405,-0.3653933,0.3593177,-0.8383789,-0.1857405,
1,2,4.129,0.03526153,0.2875492,-0.697152,-0.3558306,0.3658232,-0.8375207,-0.1952367,
1,2,4.131,0.03526153,0.2875492,-0.697152,-0.3558306,0.3658232,-0.8375207,-0.1952367,
1,2,4.133,0.03526153,0.2875492,-0.697152,-0.3558306,0.3658232,-0.8375207,-0.1952367,
1,2,4.135,0.03526153,0.2875492,-0.697152,-0.3558306,0.3658232,-0.8375207,-0.1952367,
1,2,4.137,0.0256196,0.2888702,-0.7014364,-0.3475918,0.3720919,-0.8359097,-0.204897,
1,2,4.139,0.0256196,0.2888702,-0.7014364,-0.3475918,0.3720919,-0.8359097,-0.204897,
1,2,4.141,0.0256196,0.2888702,-0.7014364,-0.3475918,0.3720919,-0.8359097,-0.204897,
1,2,4.143,0.0256196,0.2888702,-0.7014364,-0.3475918,0.3720919,-0.8359097,-0.204897,
1,2,4.145,0.01498788,0.2914652,-0.705637,-0.3403106,0.3785447,-0.8335063,-0.2148482,
1,2,4.147,0.01498788,0.2914652,-0.705637,-0.3403106,0.3785447,-0.8335063,-0.2148482,
1,2,4.149,0.01498788,0.2914652,-0.705637,-0.3403106,0.3785447,-0.8335063,-0.2148482,
1,2,4.151,0.01498788,0.2914652,-0.705637,-0.3403106,0.3785447,-0.8335063,-0.2148482,
1,2,4.153,0.003902018,0.2952529,-0.7096295,-0.3352568,0.3855396,-0.8297849,-0.2245419,
1,2,4.155,0.003902018,0.2952529,-0.7096295,-0.3352568,0.3855396,-0.8297849,-0.2245419,
1,2,4.157,0.003902018,0.2952529,-0.7096295,-0.3352568,0.3855396,-0.8297849,-0.2245419,
1,2,4.159,0.003902018,0.2952529,-0.7096295,-0.3352568,0.3855396,-0.8297849,-0.2245419,
1,2,4.161,-0.007962465,0.3002546,-0.7139328,-0.3333372,0.3935423,-0.8243232,-0.233457,
1,2,4.163,-0.007962465,0.3002546,-0.7139328,-0.3333372,0.3935423,-0.8243232,-0.233457,
1,2,4.165,-0.007962465,0.3002546,-0.7139328,-0.3333372,0.3935423,-0.8243232,-0.233457,
1,2,4.167,-0.007962465,0.3002546,-0.7139328,-0.3333372,0.3935423,-0.8243232,-0.233457,
1,2,4.169,-0.01468144,0.3035161,-0.7163973,-0.3329209,0.3982302,-0.8209392,-0.2379816,
1,2,4.171,-0.01468144,0.3035161,-0.7163973,-0.3329209,0.3982302,-0.8209392,-0.2379816,
1,2,4.173,-0.01468144,0.3035161,-0.7163973,-0.3329209,0.3982302,-0.8209392,-0.2379816,
1,2,4.175,-0.01468144,0.3035161,-0.7163973,-0.3329209,0.3982302,-0.8209392,-0.2379816,
1,2,4.177,-0.01468144,0.3035161,-0.7163973,-0.3329209,0.3982302,-0.8209392,-0.2379816,
1,2,4.179,-0.02601987,0.3098958,-0.7202699,-0.3358096,0.4075878,-0.8133848,-0.2439456,
1,2,4.181,-0.02601987,0.3098958,-0.7202699,-0.3358096,0.4075878,-0.8133848,-0.2439456,CourtEnter
1,2,4.183,-0.02601987,0.3098958,-0.7202699,-0.3358096,0.4075878,-0.8133848,-0.2439456,
1,2,4.185,-0.02601987,0.3098958,-0.7202699,-0.3358096,0.4075878,-0.8133848,-0.2439456,
1,2,4.187,-0.03820242,0.3172373,-0.7244068,-0.3385403,0.4171196,-0.8055312,-0.2500424,
1,2,4.189,-0.03820242,0.3172373,-0.7244068,-0.3385403,0.4171196,-0.8055312,-0.2500424,CourtExit
1,2,4.191,-0.03820242,0.3172373,-0.7244068,-0.3385403,0.4171196,-0.8055312,-0.2500424,
1,2,4.193,-0.03820242,0.3172373,-0.7244068,-0.3385403,0.4171196,-0.8055312,-0.2500424,
1,2,4.195,-0.05018585,0.3253428,-0.7282404,-0.3419173,0.4272524,-0.7969415,-0.2557976,
1,2,4.197,-0.05018585,0.3253428,-0.7282404,-0.3419173,0.4272524,-0.7969415,-0.2557976,
1,2,4.199,-0.05018585,0.3253428,-0.7282404,-0.3419173,0.4272524,-0.7969415,-0.2557976,
1,2,4.201,-0.05018585,0.3253428,-0.7282404,-0.3419173,0.4272524,-0.7969415,-0.2557976,
1,2,4.203,-0.06236727,0.3341281,-0.7320246,-0.3443244,0.4377025,-0.788229,-0.2618251,
1,2,4.205,-0.06236727,0.3341281,-0.7320246,-0.3443244,0.4377025,-0.788229,-0.2618251,
1,2,4.207,-0.06236727,0.3341281,-0.7320246,-0.3443244,0.4377025,-0.788229,-0.2618251,
1,2,4.209,-0.06236727,0.3341281,-0.7320246,-0.3443244,0.4377025,-0.788229,-0.2618251,
1,2,4.211,-0.07426684,0.3432758,-0.7354678,-0.3459195,0.4479803,-0.7796764,-0.2678772,
1,2,4.213,-0.07426684,0.3432758,-0.7354678,-0.3459195,0.4479803,-0.7796764,-0.2678772,
1,2,4.215,-0.07426684,0.3432758,-0.7354678,-0.3459195,0.4479803,-0.7796764,-0.2678772,
1,2,4.217,-0.07426684,0.3432758,-0.7354678,-0.3459195,0.4479803,-0.7796764,-0.2678772,
1,2,4.219,-0.08081847,0.3485952,-0.7373253,-0.3461986,0.4537157,-0.7750086,-0.2713858,
1,2,4.221,-0.08081847,0.3485952,-0.7373253,-0.3461986,0.4537157,-0.7750086,-0.2713858,
1,2,4.223,-0.08081847,0.3485952,-0.7373253,-0.3461986,0.4537157,-0.7750086,-0.2713858,
1,2,4.225,-0.08081847,0.3485952,-0.7373253,-0.3461986,0.4537157,-0.7750086,-0.2713858,
1,2,4.227,-0.08081847,0.3485952,-0.7373253,-0.3461986,0.4537157,-0.7750086,-0.2713858,
1,2,4.229,-0.09106724,0.3571735,-0.7400294,-0.3469141,0.4630363,-0.7671192,-0.2770852,
1,2,4.231,-0.09106724,0.3571735,-0.7400294,-0.3469141,0.4630363,-0.7671192,-0.2770852,
1,2,4.233,-0.09106724,0.3571735,-0.7400294,-0.3469141,0.4630363,-0.7671192,-0.2770852,
1,2,4.235,-0.09106724,0.3571735,-0.7400294,-0.3469141,0.4630363,-0.7671192,-0.2770852,
1,2,4.237,-0.1014237,0.3657855,-0.7423139,-0.3456032,0.471828,-0.7598853,-0.2837448,
1,2,4.239,-0.1014237,0.3657855,-0.7423139,-0.3456032,0.471828,-0.7598853,-0.2837448,
1,2,4.241,-0.1014237,0.3657855,-0.7423139,-0.3456032,0.471828,-0.7598853,-0.2837448,
1,2,4.243,-0.1014237,0.3657855,-0.7423139,-0.3456032,0.471828,-0.7598853,-0.2837448,
1,2,4.245,-0.1119215,0.3724428,-0.7439575,-0.3421935,0.47629,-0.7555566,-0.291866,
1,2,4.247,-0.1119215,0.3724428,-0.7439575,-0.3421935,0.47629,-0.7555566,-0.291866,
1,2,4.249,-0.1119215,0.3724428,-0.7439575,-0.3421935,0.47629,-0.7555566,-0.291866,
1,2,4.251,-0.1119215,0.3724428,-0.7439575,-0.3421935,0.47629,-0.7555566,-0.291866,
1,2,4.253,-0.1227162,0.3764926,-0.7453583,-0.3374152,0.4758871,-0.7542321,-0.3013576,
1,2,4.255,-0.1227162,0.3764926,-0.7453583,-0.3374152,0.4758871,-0.7542321,-0.3013576,
1,2,4.257,-0.1227162,0.3764926,-0.7453583,-0.3374152,0.4758871,-0.7542321,-0.3013576,
1,2,4.259,-0.1227162,0.3764926,-0.7453583,-0.3374152,0.4758871,-0.7542321,-0.3013576,
1,2,4.261,-0.1284679,0.3784082,-0.7462064,-0.3354878,0.475402,-0.7535667,-0.3059054,
1,2,4.263,-0.1284679,0.3784082,-0.7462064,-0.3354878,0.475402,-0.7535667,-0.3059054,
1,2,4.265,-0.1284679,0.3784082,-0.7462064,-0.3354878,0.475402,-0.7535667,-0.3059054,
1,2,4.267,-0.1284679,0.3784082,-0.7462064,-0.3354878,0.475402,-0.7535667,-0.3059054,
1,2,4.269,-0.137605,0.3818533,-0.7476868,-0.3356228,0.4762014,-0.7510061,-0.3107722,
1,2,4.271,-0.137605,0.3818533,-0.7476868,-0.3356228,0.4762014,-0.7510061,-0.3107722,
1,2,4.273,-0.137605,0.3818533,-0.7476868,-0.3356228,0.4762014,-0.7510061,-0.3107722,
1,2,4.275,-0.137605,0.3818533,-0.7476868,-0.3356228,0.4762014,-0.7510061,-0.3107722,
1,2,4.277,-0.137605,0.3818533,-0.7476868,-0.3356228,0.4762014,-0.7510061,-0.3107722,
1,2,4.279,-0.1457496,0.3864838,-0.7487347,-0.3414519,0.4807344,-0.7450046,-0.3118865,
1,2,4.281,-0.1457496,0.3864838,-0.7487347,-0.3414519,0.4807344,-0.7450046,-0.3118865,
1,2,4.283,-0.1457496,0.3864838,-0.7487347,-0.3414519,0.4807344,-0.7450046,-0.3118865,
1,2,4.285,-0.1457496,0.3864838,-0.7487347,-0.3414519,0.4807344,-0.7450046,-0.3118865,
1,2,4.287,-0.1500915,0.3893875,-0.7491205,-0.3454388,0.4841576,-0.7409144,-0.3119444,
1,2,4.289,-0.1500915,0.3893875,-0.7491205,-0.3454388,0.4841576,-0.7409144,-0.3119444,
1,2,4.291,-0.1500915,0.3893875,-0.7491205,-0.3454388,0.4841576,-0.7409144,-0.3119444,
1,2,4.293,-0.1500915,0.3893875,-0.7491205,-0.3454388,0.4841576,-0.7409144,-0.3119444,
1,2,4.295,-0.1560859,0.3933836,-0.7490617,-0.3543718,0.4891043,-0.7340956,-0.3103243,
1,2,4.297,-0.1560859,0.3933836,-0.7490617,-0.3543718,0.4891043,-0.7340956,-0.3103243,
1,2,4.299,-0.1560859,0.3933836,-0.7490617,-0.3543718,0.4891043,-0.7340956,-0.3103243,
1,2,4.301,-0.1560859,0.3933836,-0.7490617,-0.3543718,0.4891043,-0.7340956,-0.3103243,
1,2,4.303,-0.1620776,0.3973824,-0.7485803,-0.3621965,0.492817,-0.7277957,-0.3102556,
1,2,4.305,-0.1620776,0.3973824,-0.7485803,-0.3621965,0.492817,-0.7277957,-0.3102556,
1,2,4.307,-0.1620776,0.3973824,-0.7485803,-0.3621965,0.492817,-0.7277957,-0.3102556,
1,2,4.309,-0.1620776,0.3973824,-0.7485803,-0.3621965,0.492817,-0.7277957,-0.3102556,
1,2,4.311,-0.1669038,0.4012359,-0.7478864,-0.3680878,0.4955935,-0.7226877,-0.310839,
1,2,4.313,-0.1669038,0.4012359,-0.7478864,-0.3680878,0.4955935,-0.7226877,-0.310839,
1,2,4.315,-0.1669038,0.4012359,-0.7478864,-0.3680878,0.4955935,-0.7226877,-0.310839,
1,2,4.317,-0.1669038,0.4012359,-0.7478864,-0.3680878,0.4955935,-0.7226877,-0.310839,
1,2,4.319,-0.170687,0.4048884,-0.7473218,-0.3723018,0.498051,-0.7185246,-0.3115428,
1,2,4.321,-0.170687,0.4048884,-0.7473218,-0.3723018,0.498051,-0.7185246,-0.3115428,
1,2,4.323,-0.170687,0.4048884,-0.7473218,-0.3723018,0.498051,-0.7185246,-0.3115428,
1,2,4.325,-0.170687,0.4048884,-0.7473218,-0.3723018,0.498051,-0.7185246,-0.3115428,
1,2,4.327,-0.170687,0.4048884,-0.7473218,-0.3723018,0.498051,-0.7185246,-0.3115428,
1,2,4.329,-0.1735052,0.4078337,-0.7469941,-0.3751832,0.4995579,-0.7156737,-0.3122349,
1,2,4.331,-0.1735052,0.4078337,-0.7469941,-0.3751832,0.4995579,-0.7156737,-0.3122349,
1,2,4.333,-0.1735052,0.4078337,-0.7469941,-0.3751832,0.4995579,-0.7156737,-0.3122349,
1,2,4.335,-0.1735052,0.4078337,-0.7469941,-0.3751832,0.4995579,-0.7156737,-0.3122349,
1,2,4.337,-0.1749978,0.4093728,-0.7470111,-0.3763561,0.500496,-0.7142118,-0.3126684,
1,2,4.339,-0.1749978,0.4093728,-0.7470111,-0.3763561,0.500496,-0.7142118,-0.3126684,
1,2,4.341,-0.1749978,0.4093728,-0.7470111,-0.3763561,0.500496,-0.7142118,-0.3126684,
1,2,4.343,-0.1749978,0.4093728,-0.7470111,-0.3763561,0.500496,-0.7142118,-0.3126684,
1,2,4.345,-0.1767889,0.4110481,-0.7476019,-0.3775254,0.5013841,-0.7130073,-0.3125847,
1,2,4.347,-0.1767889,0.4110481,-0.7476019,-0.3775254,0.5013841,-0.7130073,-0.3125847,
1,2,4.349,-0.1767889,0.4110481,-0.7476019,-0.3775254,0.5013841,-0.7130073,-0.3125847,
1,2,4.351,-0.1767889,0.4110481,-0.7476019,-0.3775254,0.5013841,-0.7130073,-0.3125847,
1,2,4.353,-0.1782248,0.4122016,-0.7485675,-0.3790358,0.5026081,-0.7117688,-0.3116124,
1,2,4.355,-0.1782248,0.4122016,-0.7485675,-0.3790358,0.5026081,-0.7117688,-0.3116124,
1,2,4.357,-0.1782248,0.4122016,-0.7485675,-0.3790358,0.5026081,-0.7117688,-0.3116124,
1,2,4.359,-0.1782248,0.4122016,-0.7485675,-0.3790358,0.5026081,-0.7117688,-0.3116124,
1,2,4.361,-0.1793723,0.4126127,-0.749822,-0.3806762,0.5038388,-0.7107882,-0.3098584,
1,2,4.363,-0.1793723,0.4126127,-0.749822,-0.3806762,0.5038388,-0.7107882,-0.3098584,
1,2,4.365,-0.1793723,0.4126127,-0.749822,-0.3806762,0.5038388,-0.7107882,-0.3098584,
1,2,4.367,-0.1793723,0.4126127,-0.749822,-0.3806762,0.5038388,-0.7107882,-0.3098584,
1,2,4.369,-0.180234,0.412084,-0.7513179,-0.3819487,0.5044718,-0.710622,-0.3076361,
1,2,4.371,-0.180234,0.412084,-0.7513179,-0.3819487,0.5044718,-0.710622,-0.3076361,
1,2,4.373,-0.180234,0.412084,-0.7513179,-0.3819487,0.5044718,-0.710622,-0.3076361,
1,2,4.375,-0.180234,0.412084,-0.7513179,-0.3819487,0.5044718,-0.710622,-0.3076361,
1,2,4.377,-0.180234,0.412084,-0.7513179,-0.3819487,0.5044718,-0.710622,-0.3076361,
1,2,4.379,-0.1806836,0.4115463,-0.7521567,-0.382643,0.5047644,-0.7105424,-0.3064746,
1,2,4.381,-0.1806836,0.4115463,-0.7521567,-0.382643,0.5047644,-0.7105424,-0.3064746,
1,2,4.383,-0.1806836,0.4115463,-0.7521567,-0.382643,0.5047644,-0.7105424,-0.3064746,
1,2,4.385,-0.1806836,0.4115463,-0.7521567,-0.382643,0.5047644,-0.7105424,-0.3064746,
1,2,4.387,-0.180962,0.4098827,-0.7531448,-0.3836921,0.5046573,-0.7110664,-0.304115,
1,2,4.389,-0.180962,0.4098827,-0.7531448,-0.3836921,0.5046573,-0.7110664,-0.304115,
1,2,4.391,-0.180962,0.4098827,-0.7531448,-0.3836921,0.5046573,-0.7110664,-0.304115,
1,2,4.393,-0.180962,0.4098827,-0.7531448,-0.3836921,0.5046573,-0.7110664,-0.304115,
1,2,4.395,-0.1811437,0.4086402,-0.7535542,-0.3844412,0.5045342,-0.7112715,-0.3028914,
1,2,4.397,-0.1811437,0.4086402,-0.7535542,-0.3844412,0.5045342,-0.7112715,-0.3028914,
1,2,4.399,-0.1811437,0.4086402,-0.7535542,-0.3844412,0.5045342,-0.7112715,-0.3028914,
1,2,4.401,-0.1811437,0.4086402,-0.7535542,-0.3844412,0.5045342,-0.7112715,-0.3028914,
1,2,4.403,-0.18105,0.4058832,-0.7539566,-0.3853082,0.5034629,-0.7125731,-0.3005033,
1,2,4.405,-0.18105,0.4058832,-0.7539566,-0.3853082,0.5034629,-0.7125731,-0.3005033,
1,2,4.407,-0.18105,0.4058832,-0.7539566,-0.3853082,0.5034629,-0.7125731,-0.3005033,
1,2,4.409,-0.18105,0.4058832,-0.7539566,-0.3853082,0.5034629,-0.7125731,-0.3005033,
1,2,4.411,-0.1809905,0.4022741,-0.7536926,-0.3863657,0.5017855,-0.7140568,-0.2984222,
1,2,4.413,-0.1809905,0.4022741,-0.7536926,-0.3863657,0.5017855,-0.7140568,-0.2984222,
1,2,4.415,-0.1809905,0.4022741,-0.7536926,-0.3863657,0.5017855,-0.7140568,-0.2984222,
1,2,4.417,-0.1809905,0.4022741,-0.7536926,-0.3863657,0.5017855,-0.7140568,-0.2984222,
1,2,4.419,-0.1806918,0.3976483,-0.7527469,-0.387983,0.4990724,-0.7159975,-0.2962153,
1,2,4.421,-0.1806918,0.3976483,-0.7527469,-0.387983,0.4990724,-0.7159975,-0.2962153,
1,2,4.423,-0.1806918,0.3976483,-0.7527469,-0.387983,0.4990724,-0.7159975,-0.2962153,
1,2,4.425,-0.1806918,0.3976483,-0.7527469,-0.387983,0.4990724,-0.7159975,-0.2962153,
1,2,4.427,-0.1806918,0.3976483,-0.7527469,-0.387983,0.4990724,-0.7159975,-0.2962153,
1,2,4.429,-0.1803009,0.392227,-0.7511149,-0.3904317,0.4959689,-0.7177991,-0.2938409,
1,2,4.431,-0.1803009,0.392227,-0.7511149,-0.3904317,0.4959689,-0.7177991,-0.2938409,
1,2,4.433,-0.1803009,0.392227,-0.7511149,-0.3904317,0.4959689,-0.7177991,-0.2938409,
1,2,4.435,-0.1803009,0.392227,-0.7511149,-0.3904317,0.4959689,-0.7177991,-0.2938409,
1,2,4.437,-0.1798008,0.3860405,-0.7487261,-0.3939823,0.4921666,-0.7195396,-0.2912266,
1,2,4.439,-0.1798008,0.3860405,-0.7487261,-0.3939823,0.4921666,-0.7195396,-0.2912266,
1,2,4.441,-0.1798008,0.3860405,-0.7487261,-0.3939823,0.4921666,-0.7195396,-0.2912266,
1,2,4.443,-0.1798008,0.3860405,-0.7487261,-0.3939823,0.4921666,-0.7195396,-0.2912266,
1,2,4.445,-0.1792456,0.3793095,-0.7454108,-0.3995368,0.488182,-0.7205262,-0.2879073,
1,2,4.447,-0.1792456,0.3793095,-0.7454108,-0.3995368,0.488182,-0.7205262,-0.2879073,
1,2,4.449,-0.1792456,0.3793095,-0.7454108,-0.3995368,0.488182,-0.7205262,-0.2879073,
1,2,4.451,-0.1792456,0.3793095,-0.7454108,-0.3995368,0.488182,-0.7205262,-0.2879073,
1,2,4.453,-0.178591,0.3721984,-0.7412918,-0.4068913,0.48425,-0.7206493,-0.2839118,
1,2,4.455,-0.178591,0.3721984,-0.7412918,-0.4068913,0.48425,-0.7206493,-0.2839118,
1,2,4.457,-0.178591,0.3721984,-0.7412918,-0.4068913,0.48425,-0.7206493,-0.2839118,
1,2,4.459,-0.178591,0.3721984,-0.7412918,-0.4068913,0.48425,-0.7206493,-0.2839118,
1,2,4.461,-0.1781572,0.3680589,-0.738586,-0.411428,0.4822741,-0.7203037,-0.2816051,
1,2,4.463,-0.1781572,0.3680589,-0.738586,-0.411428,0.4822741,-0.7203037,-0.2816051,
1,2,4.465,-0.1781572,0.3680589,-0.738586,-0.411428,0.4822741,-0.7203037,-0.2816051,
1,2,4.467,-0.1781572,0.3680589,-0.738586,-0.411428,0.4822741,-0.7203037,-0.2816051,
1,2,4.469,-0.1773153,0.3609866,-0.7335471,-0.4211227,0.4785608,-0.7190177,-0.2768552,
1,2,4.471,-0.1773153,0.3609866,-0.7335471,-0.4211227,0.4785608,-0.7190177,-0.2768552,
1,2,4.473,-0.1773153,0.3609866,-0.7335471,-0.4211227,0.4785608,-0.7190177,-0.2768552,
1,2,4.475,-0.1773153,0.3609866,-0.7335471,-0.4211227,0.4785608,-0.7190177,-0.2768552,
1,2,4.477,-0.1773153,0.3609866,-0.7335471,-0.4211227,0.4785608,-0.7190177,-0.2768552,
1,2,4.479,-0.1763526,0.352999,-0.7271958,-0.4318374,0.4741224,-0.7174669,-0.2719668,
1,2,4.481,-0.1763526,0.352999,-0.7271958,-0.4318374,0.4741224,-0.7174669,-0.2719668,
1,2,4.483,-0.1763526,0.352999,-0.7271958,-0.4318374,0.4741224,-0.7174669,-0.2719668,
1,2,4.485,-0.1763526,0.352999,-0.7271958,-0.4318374,0.4741224,-0.7174669,-0.2719668,
1,2,4.487,-0.1753095,0.3448838,-0.7202177,-0.4419975,0.4691779,-0.7161465,-0.2676649,
1,2,4.489,-0.1753095,0.3448838,-0.7202177,-0.4419975,0.4691779,-0.7161465,-0.2676649,
1,2,4.491,-0.1753095,0.3448838,-0.7202177,-0.4419975,0.4691779,-0.7161465,-0.2676649,
1,2,4.493,-0.1753095,0.3448838,-0.7202177,-0.4419975,0.4691779,-0.7161465,-0.2676649,
1,2,4.495,-0.1741979,0.336555,-0.7126024,-0.4524475,0.4639021,-0.7144982,-0.2637774,
1,2,4.497,-0.1741979,0.336555,-0.7126024,-0.4524475,0.4639021,-0.7144982,-0.2637774,
1,2,4.499,-0.1741979,0.336555,-0.7126024,-0.4524475,0.4639021,-0.7144982,-0.2637774,
1,2,4.501,-0.1741979,0.336555,-0.7126024,-0.4524475,0.4639021,-0.7144982,-0.2637774,
1,2,4.503,-0.1729565,0.32801,-0.7042173,-0.4626667,0.4582819,-0.7127898,-0.2604763,
1,2,4.505,-0.1729565,0.32801,-0.7042173,-0.4626667,0.4582819,-0.7127898,-0.2604763,
1,2,4.507,-0.1729565,0.32801,-0.7042173,-0.4626667,0.4582819,-0.7127898,-0.2604763,
1,2,4.509,-0.1729565,0.32801,-0.7042173,-0.4626667,0.4582819,-0.7127898,-0.2604763,
1,2,4.511,-0.1715111,0.3194834,-0.6951084,-0.4728237,0.4522979,-0.7108955,-0.2578605,
1,2,4.513,-0.1715111,0.3194834,-0.6951084,-0.4728237,0.4522979,-0.7108955,-0.2578605,
1,2,4.515,-0.1715111,0.3194834,-0.6951084,-0.4728237,0.4522979,-0.7108955,-0.2578605,
1,2,4.517,-0.1715111,0.3194834,-0.6951084,-0.4728237,0.4522979,-0.7108955,-0.2578605,
1,2,4.519,-0.1700391,0.3108891,-0.6854846,-0.4822959,0.4456164,-0.7095428,-0.2556672,
1,2,4.521,-0.1700391,0.3108891,-0.6854846,-0.4822959,0.4456164,-0.7095428,-0.2556672,
1,2,4.523,-0.1700391,0.3108891,-0.6854846,-0.4822959,0.4456164,-0.7095428,-0.2556672,
1,2,4.525,-0.1700391,0.3108891,-0.6854846,-0.4822959,0.4456164,-0.7095428,-0.2556672,
1,2,4.527,-0.1700391,0.3108891,-0.6854846,-0.4822959,0.4456164,-0.7095428,-0.2556672,
1,2,4.529,-0.1683881,0.3024873,-0.6751895,-0.4913502,0.4386326,-0.7082351,-0.254125,
1,2,4.531,-0.1683881,0.3024873,-0.6751895,-0.4913502,0.4386326,-0.7082351,-0.254125,
1,2,4.533,-0.1683881,0.3024873,-0.6751895,-0.4913502,0.4386326,-0.7082351,-0.254125,
1,2,4.535,-0.1683881,0.3024873,-0.6751895,-0.4913502,0.4386326,-0.7082351,-0.254125,
1,2,4.537,-0.1666626,0.2942374,-0.6642452,-0.5011842,0.431576,-0.7062467,-0.2525312,
1,2,4.539,-0.1666626,0.2942374,-0.6642452,-0.5011842,0.431576,-0.7062467,-0.2525312,
1,2,4.541,-0.1666626,0.2942374,-0.6642452,-0.5011842,0.431576,-0.7062467,-0.2525312,
1,2,4.543,-0.1666626,0.2942374,-0.6642452,-0.5011842,0.431576,-0.7062467,-0.2525312,
1,2,4.545,-0.1657102,0.2896998,-0.6579487,-0.5067245,0.4276128,-0.7049812,-0.2517522,
1,2,4.547,-0.1657102,0.2896998,-0.6579487,-0.5067245,0.4276128,-0.7049812,-0.2517522,
1,2,4.549,-0.1657102,0.2896998,-0.6579487,-0.5067245,0.4276128,-0.7049812,-0.2517522,
1,2,4.551,-0.1657102,0.2896998,-0.6579487,-0.5067245,0.4276128,-0.7049812,-0.2517522,
1,2,4.553,-0.164128,0.2824878,-0.6472055,-0.5162024,0.4208635,-0.7025525,-0.2506571,
1,2,4.555,-0.164128,0.2824878,-0.6472055,-0.5162024,0.4208635,-0.7025525,-0.2506571,
1,2,4.557,-0.164128,0.2824878,-0.6472055,-0.5162024,0.4208635,-0.7025525,-0.2506571,
1,2,4.559,-0.164128,0.2824878,-0.6472055,-0.5162024,0.4208635,-0.7025525,-0.2506571,
1,2,4.561,-0.1621165,0.274828,-0.6353909,-0.5277093,0.4140809,-0.6986118,-0.2490008,
1,2,4.563,-0.1621165,0.274828,-0.6353909,-0.5277093,0.4140809,-0.6986118,-0.2490008,
1,2,4.565,-0.1621165,0.274828,-0.6353909,-0.5277093,0.4140809,-0.6986118,-0.2490008,
1,2,4.567,-0.1621165,0.274828,-0.6353909,-0.5277093,0.4140809,-0.6986118,-0.2490008,
1,2,4.569,-0.1601336,0.2678469,-0.6231192,-0.5394588,0.4074274,-0.6941575,-0.24725,
1,2,4.571,-0.1601336,0.2678469,-0.6231192,-0.5394588,0.4074274,-0.6941575,-0.24725,
1,2,4.573,-0.1601336,0.2678469,-0.6231192,-0.5394588,0.4074274,-0.6941575,-0.24725,
1,2,4.575,-0.1601336,0.2678469,-0.6231192,-0.5394588,0.4074274,-0.6941575,-0.24725,
1,2,4.577,-0.1601336,0.2678469,-0.6231192,-0.5394588,0.4074274,-0.6941575,-0.24725,
1,2,4.579,-0.1581705,0.26132,-0.6108545,-0.5524274,0.4011313,-0.6883676,-0.2450873,
1,2,4.581,-0.1581705,0.26132,-0.6108545,-0.5524274,0.4011313,-0.6883676,-0.2450873,
1,2,4.583,-0.1581705,0.26132,-0.6108545,-0.5524274,0.4011313,-0.6883676,-0.2450873,
1,2,4.585,-0.1581705,0.26132,-0.6108545,-0.5524274,0.4011313,-0.6883676,-0.2450873,
1,2,4.587,-0.156376,0.2556756,-0.5983041,-0.5654081,0.394951,-0.6819708,-0.2433994,
1,2,4.589,-0.156376,0.2556756,-0.5983041,-0.5654081,0.394951,-0.6819708,-0.2433994,
1,2,4.591,-0.156376,0.2556756,-0.5983041,-0.5654081,0.394951,-0.6819708,-0.2433994,
1,2,4.593,-0.156376,0.2556756,-0.5983041,-0.5654081,0.394951,-0.6819708,-0.2433994,
1,2,4.595,-0.1548077,0.250756,-0.5857516,-0.5790098,0.3893242,-0.674414,-0.2415372,
1,2,4.597,-0.1548077,0.250756,-0.5857516,-0.5790098,0.3893242,-0.674414,-0.2415372,
1,2,4.599,-0.1548077,0.250756,-0.5857516,-0.5790098,0.3893242,-0.674414,-0.2415372,
1,2,4.601,-0.1548077,0.250756,-0.5857516,-0.5790098,0.3893242,-0.674414,-0.2415372,
1,2,4.603,-0.1535248,0.2467414,-0.573316,-0.5926343,0.3841312,-0.6661183,-0.2398213,
1,2,4.605,-0.1535248,0.2467414,-0.573316,-0.5926343,0.3841312,-0.6661183,-0.2398213,
1,2,4.607,-0.1535248,0.2467414,-0.573316,-0.5926343,0.3841312,-0.6661183,-0.2398213,
1,2,4.609,-0.1535248,0.2467414,-0.573316,-0.5926343,0.3841312,-0.6661183,-0.2398213,
1,2,4.611,-0.1526618,0.2437279,-0.5610623,-0.6061798,0.3795848,-0.6570176,-0.2383051,
1,2,4.613,-0.1526618,0.2437279,-0.5610623,-0.6061798,0.3795848,-0.6570176,-0.2383051,
1,2,4.615,-0.1526618,0.2437279,-0.5610623,-0.6061798,0.3795848,-0.6570176,-0.2383051,
1,2,4.617,-0.1526618,0.2437279,-0.5610623,-0.6061798,0.3795848,-0.6570176,-0.2383051,
1,2,4.619,-0.152406,0.2419445,-0.5491515,-0.6187814,0.3756974,-0.6477636,-0.2374098,
1,2,4.621,-0.152406,0.2419445,-0.5491515,-0.6187814,0.3756974,-0.6477636,-0.2374098,
1,2,4.623,-0.152406,0.2419445,-0.5491515,-0.6187814,0.3756974,-0.6477636,-0.2374098,
1,2,4.625,-0.152406,0.2419445,-0.5491515,-0.6187814,0.3756974,-0.6477636,-0.2374098,
1,2,4.627,-0.152406,0.2419445,-0.5491515,-0.6187814,0.3756974,-0.6477636,-0.2374098,
1,2,4.629,-0.1523918,0.2412363,-0.5424612,-0.6254528,0.3733464,-0.642812,-0.237095,
1,2,4.631,-0.1523918,0.2412363,-0.5424612,-0.6254528,0.3733464,-0.642812,-0.237095,
1,2,4.633,-0.1523918,0.2412363,-0.5424612,-0.6254528,0.3733464,-0.642812,-0.237095,
1,2,4.635,-0.1523918,0.2412363,-0.5424612,-0.6254528,0.3733464,-0.642812,-0.237095,
1,2,4.637,-0.1531382,0.2411067,-0.531877,-0.6351514,0.3702731,-0.6348457,-0.2375956,
1,2,4.639,-0.1531382,0.2411067,-0.531877,-0.6351514,0.3702731,-0.6348457,-0.2375956,
1,2,4.641,-0.1531382,0.2411067,-0.531877,-0.6351514,0.3702731,-0.6348457,-0.2375956,
1,2,4.643,-0.1531382,0.2411067,-0.531877,-0.6351514,0.3702731,-0.6348457,-0.2375956,
1,2,4.645,-0.1545348,0.2420149,-0.5206463,-0.6441814,0.3671216,-0.6270345,-0.2389137,
1,2,4.647,-0.1545348,0.2420149,-0.5206463,-0.6441814,0.3671216,-0.6270345,-0.2389137,
1,2,4.649,-0.1545348,0.2420149,-0.5206463,-0.6441814,0.3671216,-0.6270345,-0.2389137,
1,2,4.651,-0.1545348,0.2420149,-0.5206463,-0.6441814,0.3671216,-0.6270345,-0.2389137,
1,2,4.653,-0.1565773,0.2440927,-0.5097767,-0.6513957,0.3643196,-0.620301,-0.2412086,
1,2,4.655,-0.1565773,0.2440927,-0.5097767,-0.6513957,0.3643196,-0.620301,-0.2412086,
1,2,4.657,-0.1565773,0.2440927,-0.5097767,-0.6513957,0.3643196,-0.620301,-0.2412086,
1,2,4.659,-0.1565773,0.2440927,-0.5097767,-0.6513957,0.3643196,-0.620301,-0.2412086,
1,2,4.661,-0.1591795,0.2474202,-0.4990156,-0.6566289,0.3614658,-0.6151071,-0.2445896,
1,2,4.663,-0.1591795,0.2474202,-0.4990156,-0.6566289,0.3614658,-0.6151071,-0.2445896,
1,2,4.665,-0.1591795,0.2474202,-0.4990156,-0.6566289,0.3614658,-0.6151071,-0.2445896,
1,2,4.667,-0.1591795,0.2474202,-0.4990156,-0.6566289,0.3614658,-0.6151071,-0.2445896,
1,2,4.669,-0.1622624,0.2520061,-0.4886147,-0.6602712,0.3590119,-0.6108624,-0.2489972,
1,2,4.671,-0.1622624,0.2520061,-0.4886147,-0.6602712,0.3590119,-0.6108624,-0.2489972,
1,2,4.673,-0.1622624,0.2520061,-0.4886147,-0.6602712,0.3590119,-0.6108624,-0.2489972,
1,2,4.675,-0.1622624,0.2520061,-0.4886147,-0.6602712,0.3590119,-0.6108624,-0.2489972,
1,2,4.677,-0.1622624,0.2520061,-0.4886147,-0.6602712,0.3590119,-0.6108624,-0.2489972,
1,2,4.679,-0.1657554,0.2576868,-0.4782945,-0.6627558,0.3563415,-0.6076546,-0.2540301,
1,2,4.681,-0.1657554,0.2576868,-0.4782945,-0.6627558,0.3563415,-0.6076546,-0.2540301,
1,2,4.683,-0.1657554,0.2576868,-0.4782945,-0.6627558,0.3563415,-0.6076546,-0.2540301,
1,2,4.685,-0.1657554,0.2576868,-0.4782945,-0.6627558,0.3563415,-0.6076546,-0.2540301,
1,2,4.687,-0.1695597,0.2643287,-0.4683993,-0.6644952,0.3540426,-0.6049979,-0.2589931,
1,2,4.689,-0.1695597,0.2643287,-0.4683993,-0.6644952,0.3540426,-0.6049979,-0.2589931,
1,2,4.691,-0.1695597,0.2643287,-0.4683993,-0.6644952,0.3540426,-0.6049979,-0.2589931,
1,2,4.693,-0.1695597,0.2643287,-0.4683993,-0.6644952,0.3540426,-0.6049979,-0.2589931,
1,2,4.695,-0.1738162,0.2717544,-0.4589094,-0.6660042,0.351932,-0.602474,-0.2638322,
1,2,4.697,-0.1738162,0.2717544,-0.4589094,-0.6660042,0.351932,-0.602474,-0.2638322,
1,2,4.699,-0.1738162,0.2717544,-0.4589094,-0.6660042,0.351932,-0.602474,-0.2638322,
1,2,4.701,-0.1738162,0.2717544,-0.4589094,-0.6660042,0.351932,-0.602474,-0.2638322,
1,2,4.703,-0.1783943,0.2796869,-0.4500968,-0.6674803,0.3503784,-0.5998344,-0.2681485,
1,2,4.705,-0.1783943,0.2796869,-0.4500968,-0.6674803,0.3503784,-0.5998344,-0.2681485,
1,2,4.707,-0.1783943,0.2796869,-0.4500968,-0.6674803,0.3503784,-0.5998344,-0.2681485,
1,2,4.709,-0.1783943,0.2796869,-0.4500968,-0.6674803,0.3503784,-0.5998344,-0.2681485,
1,2,4.711,-0.1810171,0.2841951,-0.4455483,-0.6685405,0.3495296,-0.5982529,-0.2701412,
1,2,4.713,-0.1810171,0.2841951,-0.4455483,-0.6685405,0.3495296,-0.5982529,-0.2701412,
1,2,4.715,-0.1810171,0.2841951,-0.4455483,-0.6685405,0.3495296,-0.5982529,-0.2701412,
1,2,4.717,-0.1810171,0.2841951,-0.4455483,-0.6685405,0.3495296,-0.5982529,-0.2701412,
1,2,4.719,-0.1862254,0.2926874,-0.4381266,-0.6699858,0.348837,-0.5954995,-0.2735183,
1,2,4.721,-0.1862254,0.2926874,-0.4381266,-0.6699858,0.348837,-0.5954995,-0.2735183,
1,2,4.723,-0.1862254,0.2926874,-0.4381266,-0.6699858,0.348837,-0.5954995,-0.2735183,
1,2,4.725,-0.1862254,0.2926874,-0.4381266,-0.6699858,0.348837,-0.5954995,-0.2735183,
1,2,4.727,-0.1862254,0.2926874,-0.4381266,-0.6699858,0.348837,-0.5954995,-0.2735183,
1,2,4.729,-0.1893795,0.2978294,-0.433883,-0.6709762,0.3480661,-0.5939434,-0.275449,
1,2,4.731,-0.1893795,0.2978294,-0.433883,-0.6709762,0.3480661,-0.5939434,-0.275449,
1,2,4.733,-0.1893795,0.2978294,-0.433883,-0.6709762,0.3480661,-0.5939434,-0.275449,
1,2,4.735,-0.1893795,0.2978294,-0.433883,-0.6709762,0.3480661,-0.5939434,-0.275449,
1,2,4.737,-0.1949069,0.3066027,-0.4275746,-0.6718462,0.3475162,-0.5919017,-0.2784019,
1,2,4.739,-0.1949069,0.3066027,-0.4275746,-0.6718462,0.3475162,-0.5919017,-0.2784019,
1,2,4.741,-0.1949069,0.3066027,-0.4275746,-0.6718462,0.3475162,-0.5919017,-0.2784019,
1,2,4.743,-0.1949069,0.3066027,-0.4275746,-0.6718462,0.3475162,-0.5919017,-0.2784019,
1,2,4.745,-0.2014533,0.3165228,-0.4213689,-0.6727361,0.3473121,-0.5897137,-0.2811374,
1,2,4.747,-0.2014533,0.3165228,-0.4213689,-0.6727361,0.3473121,-0.5897137,-0.2811374,
1,2,4.749,-0.2014533,0.3165228,-0.4213689,-0.6727361,0.3473121,-0.5897137,-0.2811374,
1,2,4.751,-0.2014533,0.3165228,-0.4213689,-0.6727361,0.3473121,-0.5897137,-0.2811374,
1,2,4.753,-0.2085369,0.3269134,-0.4159474,-0.6732664,0.3477205,-0.5876207,-0.2837335,
1,2,4.755,-0.2085369,0.3269134,-0.4159474,-0.6732664,0.3477205,-0.5876207,-0.2837335,
1,2,4.757,-0.2085369,0.3269134,-0.4159474,-0.6732664,0.3477205,-0.5876207,-0.2837335,
1,2,4.759,-0.2085369,0.3269134,-0.4159474,-0.6732664,0.3477205,-0.5876207,-0.2837335,
1,2,4.761,-0.2159825,0.3375206,-0.4113827,-0.6729695,0.3482679,-0.5864047,-0.2862712,
1,2,4.763,-0.2159825,0.3375206,-0.4113827,-0.6729695,0.3482679,-0.5864047,-0.2862712,
1,2,4.765,-0.2159825,0.3375206,-0.4113827,-0.6729695,0.3482679,-0.5864047,-0.2862712,
1,2,4.767,-0.2159825,0.3375206,-0.4113827,-0.6729695,0.3482679,-0.5864047,-0.2862712,
1,2,4.769,-0.2238477,0.3485412,-0.4074958,-0.6720247,0.3494199,-0.5855477,-0.2888294,
1,2,4.771,-0.2238477,0.3485412,-0.4074958,-0.6720247,0.3494199,-0.5855477,-0.2888294,
1,2,4.773,-0.2238477,0.3485412,-0.4074958,-0.6720247,0.3494199,-0.5855477,-0.2888294,
1,2,4.775,-0.2238477,0.3485412,-0.4074958,-0.6720247,0.3494199,-0.5855477,-0.2888294,
1,2,4.777,-0.2238477,0.3485412,-0.4074958,-0.6720247,0.3494199,-0.5855477,-0.2888294,
1,2,4.779,-0.2319808,0.3598012,-0.4043535,-0.6705183,0.3508784,-0.585185,-0.2912869,
1,2,4.781,-0.2319808,0.3598012,-0.4043535,-0.6705183,0.3508784,-0.585185,-0.2912869,
1,2,4.783,-0.2319808,0.3598012,-0.4043535,-0.6705183,0.3508784,-0.585185,-0.2912869,
1,2,4.785,-0.2319808,0.3598012,-0.4043535,-0.6705183,0.3508784,-0.585185,-0.2912869,
1,2,4.787,-0.2368755,0.3663373,-0.4028549,-0.6695868,0.3518056,-0.5849586,-0.2927624,
1,2,4.789,-0.2368755,0.3663373,-0.4028549,-0.6695868,0.3518056,-0.5849586,-0.2927624,
1,2,4.791,-0.2368755,0.3663373,-0.4028549,-0.6695868,0.3518056,-0.5849586,-0.2927624,
1,2,4.793,-0.2368755,0.3663373,-0.4028549,-0.6695868,0.3518056,-0.5849586,-0.2927624,
1,2,4.795,-0.2448286,0.3769163,-0.4013452,-0.6665892,0.3536915,-0.5860227,-0.2951925,
1,2,4.797,-0.2448286,0.3769163,-0.4013452,-0.6665892,0.3536915,-0.5860227,-0.2951925,
1,2,4.799,-0.2448286,0.3769163,-0.4013452,-0.6665892,0.3536915,-0.5860227,-0.2951925,
1,2,4.801,-0.2448286,0.3769163,-0.4013452,-0.6665892,0.3536915,-0.5860227,-0.2951925,
1,2,4.803,-0.2536064,0.3884445,-0.4005551,-0.6626751,0.3560762,-0.5876549,-0.2978811,
1,2,4.805,-0.2536064,0.3884445,-0.4005551,-0.6626751,0.3560762,-0.5876549,-0.2978811,
1,2,4.807,-0.2536064,0.3884445,-0.4005551,-0.6626751,0.3560762,-0.5876549,-0.2978811,
1,2,4.809,-0.2536064,0.3884445,-0.4005551,-0.6626751,0.3560762,-0.5876549,-0.2978811,
1,2,4.811,-0.2622187,0.3996412,-0.4005275,-0.658154,0.3584387,-0.59002,-0.3003858,
1,2,4.813,-0.2622187,0.3996412,-0.4005275,-0.658154,0.3584387,-0.59002,-0.3003858,
1,2,4.815,-0.2622187,0.3996412,-0.4005275,-0.658154,0.3584387,-0.59002,-0.3003858,
1,2,4.817,-0.2622187,0.3996412,-0.4005275,-0.658154,0.3584387,-0.59002,-0.3003858,
1,2,4.819,-0.2669058,0.4057048,-0.4009096,-0.6555198,0.35967,-0.5916184,-0.3015277,
1,2,4.821,-0.2669058,0.4057048,-0.4009096,-0.6555198,0.35967,-0.5916184,-0.3015277,
1,2,4.823,-0.2669058,0.4057048,-0.4009096,-0.6555198,0.35967,-0.5916184,-0.3015277,
1,2,4.825,-0.2669058,0.4057048,-0.4009096,-0.6555198,0.35967,-0.5916184,-0.3015277,
1,2,4.827,-0.2669058,0.4057048,-0.4009096,-0.6555198,0.35967,-0.5916184,-0.3015277,
1,2,4.829,-0.2748384,0.4158076,-0.4025802,-0.6500226,0.3622,-0.5953394,-0.3030721,
1,2,4.831,-0.2748384,0.4158076,-0.4025802,-0.6500226,0.3622,-0.5953394,-0.3030721,
1,2,4.833,-0.2748384,0.4158076,-0.4025802,-0.6500226,0.3622,-0.5953394,-0.3030721,
1,2,4.835,-0.2748384,0.4158076,-0.4025802,-0.6500226,0.3622,-0.5953394,-0.3030721,
1,2,4.837,-0.2829764,0.4259565,-0.4055534,-0.6439804,0.3649196,-0.5998752,-0.3037643,
1,2,4.839,-0.2829764,0.4259565,-0.4055534,-0.6439804,0.3649196,-0.5998752,-0.3037643,
1,2,4.841,-0.2829764,0.4259565,-0.4055534,-0.6439804,0.3649196,-0.5998752,-0.3037643,
1,2,4.843,-0.2829764,0.4259565,-0.4055534,-0.6439804,0.3649196,-0.5998752,-0.3037643,
1,2,4.845,-0.2875402,0.4316067,-0.4076051,-0.6405605,0.3664896,-0.6025597,-0.3037917,
1,2,4.847,-0.2875402,0.4316067,-0.4076051,-0.6405605,0.3664896,-0.6025597,-0.3037917,
1,2,4.849,-0.2875402,0.4316067,-0.4076051,-0.6405605,0.3664896,-0.6025597,-0.3037917,
1,2,4.851,-0.2875402,0.4316067,-0.4076051,-0.6405605,0.3664896,-0.6025597,-0.3037917,
1,2,4.853,-0.2942848,0.4399153,-0.412131,-0.6345217,0.3693611,-0.6077207,-0.3027046,
1,2,4.855,-0.2942848,0.4399153,-0.412131,-0.6345217,0.3693611,-0.6077207,-0.3027046,
1,2,4.857,-0.2942848,0.4399153,-0.412131,-0.6345217,0.3693611,-0.6077207,-0.3027046,
1,2,4.859,-0.2942848,0.4399153,-0.412131,-0.6345217,0.3693611,-0.6077207,-0.3027046,
1,2,4.861,-0.3013193,0.4486724,-0.4179463,-0.6281807,0.3727999,-0.6133927,-0.3002642,
1,2,4.863,-0.3013193,0.4486724,-0.4179463,-0.6281807,0.3727999,-0.6133927,-0.3002642,
1,2,4.865,-0.3013193,0.4486724,-0.4179463,-0.6281807,0.3727999,-0.6133927,-0.3002642,
1,2,4.867,-0.3013193,0.4486724,-0.4179463,-0.6281807,0.3727999,-0.6133927,-0.3002642,
1,2,4.869,-0.3051392,0.4535941,-0.4214115,-0.6246339,0.3745631,-0.6166202,-0.2988555,
1,2,4.871,-0.3051392,0.4535941,-0.4214115,-0.6246339,0.3745631,-0.6166202,-0.2988555,
1,2,4.873,-0.3051392,0.4535941,-0.4214115,-0.6246339,0.3745631,-0.6166202,-0.2988555,
1,2,4.875,-0.3051392,0.4535941,-0.4214115,-0.6246339,0.3745631,-0.6166202,-0.2988555,
1,2,4.877,-0.3051392,0.4535941,-0.4214115,-0.6246339,0.3745631,-0.6166202,-0.2988555,
1,2,4.879,-0.3108836,0.4613209,-0.4279389,-0.618338,0.3778113,-0.6226071,-0.2954273,
1,2,4.881,-0.3108836,0.4613209,-0.4279389,-0.618338,0.3778113,-0.6226071,-0.2954273,
1,2,4.883,-0.3108836,0.4613209,-0.4279389,-0.618338,0.3778113,-0.6226071,-0.2954273,
1,2,4.885,-0.3108836,0.4613209,-0.4279389,-0.618338,0.3778113,-0.6226071,-0.2954273,
1,2,4.887,-0.3142471,0.466139,-0.4319538,-0.6146349,0.3796797,-0.6260869,-0.293398,
1,2,4.889,-0.3142471,0.466139,-0.4319538,-0.6146349,0.3796797,-0.6260869,-0.293398,
1,2,4.891,-0.3142471,0.466139,-0.4319538,-0.6146349,0.3796797,-0.6260869,-0.293398,
1,2,4.893,-0.3142471,0.466139,-0.4319538,-0.6146349,0.3796797,-0.6260869,-0.293398,
1,2,4.895,-0.3193569,0.4740837,-0.4389549,-0.6084414,0.3833421,-0.6318301,-0.2892037,
1,2,4.897,-0.3193569,0.4740837,-0.4389549,-0.6084414,0.3833421,-0.6318301,-0.2892037,
1,2,4.899,-0.3193569,0.4740837,-0.4389549,-0.6084414,0.3833421,-0.6318301,-0.2892037,
1,2,4.901,-0.3193569,0.4740837,-0.4389549,-0.6084414,0.3833421,-0.6318301,-0.2892037,
1,2,4.903,-0.3245814,0.4831377,-0.4466588,-0.6022459,0.3876312,-0.6371673,-0.28471,
1,2,4.905,-0.3245814,0.4831377,-0.4466588,-0.6022459,0.3876312,-0.6371673,-0.28471,
1,2,4.907,-0.3245814,0.4831377,-0.4466588,-0.6022459,0.3876312,-0.6371673,-0.28471,
1,2,4.909,-0.3245814,0.4831377,-0.4466588,-0.6022459,0.3876312,-0.6371673,-0.28471,
1,2,4.911,-0.3294158,0.4929508,-0.4544282,-0.5965609,0.3924527,-0.6416314,-0.2800092,
1,2,4.913,-0.3294158,0.4929508,-0.4544282,-0.5965609,0.3924527,-0.6416314,-0.2800092,
1,2,4.915,-0.3294158,0.4929508,-0.4544282,-0.5965609,0.3924527,-0.6416314,-0.2800092,
1,2,4.917,-0.3294158,0.4929508,-0.4544282,-0.5965609,0.3924527,-0.6416314,-0.2800092,
1,2,4.919,-0.3338734,0.503623,-0.4621377,-0.5914708,0.3980438,-0.6450117,-0.2751062,
1,2,4.921,-0.3338734,0.503623,-0.4621377,-0.5914708,0.3980438,-0.6450117,-0.2751062,
1,2,4.923,-0.3338734,0.503623,-0.4621377,-0.5914708,0.3980438,-0.6450117,-0.2751062,
1,2,4.925,-0.3338734,0.503623,-0.4621377,-0.5914708,0.3980438,-0.6450117,-0.2751062,
1,2,4.927,-0.3338734,0.503623,-0.4621377,-0.5914708,0.3980438,-0.6450117,-0.2751062,
1,2,4.929,-0.3362938,0.5101156,-0.46652,-0.5888735,0.4015273,-0.6464878,-0.2721349,
1,2,4.931,-0.3362938,0.5101156,-0.46652,-0.5888735,0.4015273,-0.6464878,-0.2721349,
1,2,4.933,-0.3362938,0.5101156,-0.46652,-0.5888735,0.4015273,-0.6464878,-0.2721349,
1,2,4.935,-0.3362938,0.5101156,-0.46652,-0.5888735,0.4015273,-0.6464878,-0.2721349,
1,2,4.937,-0.3398895,0.5213317,-0.4733797,-0.5855078,0.4081725,-0.6474896,-0.2670827,
1,2,4.939,-0.3398895,0.5213317,-0.4733797,-0.5855078,0.4081725,-0.6474896,-0.2670827,
1,2,4.941,-0.3398895,0.5213317,-0.4733797,-0.5855078,0.4081725,-0.6474896,-0.2670827,
1,2,4.943,-0.3398895,0.5213317,-0.4733797,-0.5855078,0.4081725,-0.6474896,-0.2670827,
1,2,4.945,-0.3434886,0.5345297,-0.4804457,-0.582432,0.41624,-0.647242,-0.2619067,
1,2,4.947,-0.3434886,0.5345297,-0.4804457,-0.582432,0.41624,-0.647242,-0.2619067,
1,2,4.949,-0.3434886,0.5345297,-0.4804457,-0.582432,0.41624,-0.647242,-0.2619067,
1,2,4.951,-0.3434886,0.5345297,-0.4804457,-0.582432,0.41624,-0.647242,-0.2619067,
1,2,4.953,-0.3454151,0.5423084,-0.4843253,-0.5805432,0.4209223,-0.6470259,-0.2591361,
1,2,4.955,-0.3454151,0.5423084,-0.4843253,-0.5805432,0.4209223,-0.6470259,-0.2591361,
1,2,4.957,-0.3454151,0.5423084,-0.4843253,-0.5805432,0.4209223,-0.6470259,-0.2591361,
1,2,4.959,-0.3454151,0.5423084,-0.4843253,-0.5805432,0.4209223,-0.6470259,-0.2591361,
1,2,4.961,-0.3483518,0.5559562,-0.4902713,-0.5778974,0.4300079,-0.645094,-0.254915,
1,2,4.963,-0.3483518,0.5559562,-0.4902713,-0.5778974,0.4300079,-0.645094,-0.254915,
1,2,4.965,-0.3483518,0.5559562,-0.4902713,-0.5778974,0.4300079,-0.645094,-0.254915,
1,2,4.967,-0.3483518,0.5559562,-0.4902713,-0.5778974,0.4300079,-0.645094,-0.254915,
1,2,4.969,-0.3510737,0.571029,-0.4961818,-0.5743093,0.4395962,-0.6434083,-0.2508981,
1,2,4.971,-0.3510737,0.571029,-0.4961818,-0.5743093,0.4395962,-0.6434083,-0.2508981,
1,2,4.973,-0.3510737,0.571029,-0.4961818,-0.5743093,0.4395962,-0.6434083,-0.2508981,
1,2,4.975,-0.3510737,0.571029,-0.4961818,-0.5743093,0.4395962,-0.6434083,-0.2508981,
1,2,4.977,-0.3510737,0.571029,-0.4961818,-0.5743093,0.4395962,-0.6434083,-0.2508981,
1,2,4.979,-0.352423,0.5799962,-0.4993676,-0.5719048,0.4451351,-0.6424885,-0.2489746,
1,2,4.981,-0.352423,0.5799962,-0.4993676,-0.5719048,0.4451351,-0.6424885,-0.2489746,
1,2,4.983,-0.352423,0.5799962,-0.4993676,-0.5719048,0.4451351,-0.6424885,-0.2489746,
1,2,4.985,-0.352423,0.5799962,-0.4993676,-0.5719048,0.4451351,-0.6424885,-0.2489746,
1,2,4.987,-0.3540807,0.5945488,-0.5039701,-0.5670676,0.454235,-0.641283,-0.2467002,
1,2,4.989,-0.3540807,0.5945488,-0.5039701,-0.5670676,0.454235,-0.641283,-0.2467002,
1,2,4.991,-0.3540807,0.5945488,-0.5039701,-0.5670676,0.454235,-0.641283,-0.2467002,
1,2,4.993,-0.3540807,0.5945488,-0.5039701,-0.5670676,0.454235,-0.641283,-0.2467002,
1,2,4.995,-0.3552216,0.6107498,-0.5084876,-0.5604634,0.4639014,-0.6406273,-0.2455058,
1,2,4.997,-0.3552216,0.6107498,-0.5084876,-0.5604634,0.4639014,-0.6406273,-0.2455058,
1,2,4.999,-0.3552216,0.6107498,-0.5084876,-0.5604634,0.4639014,-0.6406273,-0.2455058,
1,2,5.001,-0.3552216,0.6107498,-0.5084876,-0.5604634,0.4639014,-0.6406273,-0.2455058,
1,2,5.003,-0.3557276,0.6273326,-0.5122015,-0.5525226,0.4733964,-0.6404439,-0.2458581,
1,2,5.005,-0.3557276,0.6273326,-0.5122015,-0.5525226,0.4733964,-0.6404439,-0.2458581,
1,2,5.007,-0.3557276,0.6273326,-0.5122015,-0.5525226,0.4733964,-0.6404439,-0.2458581,
1,2,5.009,-0.3557276,0.6273326,-0.5122015,-0.5525226,0.4733964,-0.6404439,-0.2458581,
1,2,5.011,-0.355669,0.636683,-0.5139908,-0.5475557,0.4785903,-0.6405488,-0.2466402,
1,2,5.013,-0.355669,0.636683,-0.5139908,-0.5475557,0.4785903,-0.6405488,-0.2466402,
1,2,5.015,-0.355669,0.636683,-0.5139908,-0.5475557,0.4785903,-0.6405488,-0.2466402,
1,2,5.017,-0.355669,0.636683,-0.5139908,-0.5475557,0.4785903,-0.6405488,-0.2466402,
1,2,5.019,-0.3549986,0.6522838,-0.5163765,-0.5381161,0.4872098,-0.6410777,-0.2491528,
1,2,5.021,-0.3549986,0.6522838,-0.5163765,-0.5381161,0.4872098,-0.6410777,-0.2491528,
1,2,5.023,-0.3549986,0.6522838,-0.5163765,-0.5381161,0.4872098,-0.6410777,-0.2491528,
1,2,5.025,-0.3549986,0.6522838,-0.5163765,-0.5381161,0.4872098,-0.6410777,-0.2491528,
1,2,5.027,-0.3549986,0.6522838,-0.5163765,-0.5381161,0.4872098,-0.6410777,-0.2491528,
1,2,5.029,-0.3535417,0.6689278,-0.518172,-0.5263135,0.4952769,-0.6431111,-0.2531859,
1,2,5.031,-0.3535417,0.6689278,-0.518172,-0.5263135,0.4952769,-0.6431111,-0.2531859,
1,2,5.033,-0.3535417,0.6689278,-0.518172,-0.5263135,0.4952769,-0.6431111,-0.2531859,
1,2,5.035,-0.3535417,0.6689278,-0.518172,-0.5263135,0.4952769,-0.6431111,-0.2531859,
1,2,5.037,-0.3510186,0.6852528,-0.5191963,-0.5147193,0.5030073,-0.6447362,-0.2576101,
1,2,5.039,-0.3510186,0.6852528,-0.5191963,-0.5147193,0.5030073,-0.6447362,-0.2576101,
1,2,5.041,-0.3510186,0.6852528,-0.5191963,-0.5147193,0.5030073,-0.6447362,-0.2576101,
1,2,5.043,-0.3510186,0.6852528,-0.5191963,-0.5147193,0.5030073,-0.6447362,-0.2576101,
1,2,5.045,-0.3491631,0.693971,-0.5194528,-0.508475,0.5071902,-0.6454378,-0.2600411,
1,2,5.047,-0.3491631,0.693971,-0.5194528,-0.508475,0.5071902,-0.6454378,-0.2600411,
1,2,5.049,-0.3491631,0.693971,-0.5194528,-0.508475,0.5071902,-0.6454378,-0.2600411,
1,2,5.051,-0.3491631,0.693971,-0.5194528,-0.508475,0.5071902,-0.6454378,-0.2600411,
1,2,5.053,-0.3452649,0.7086477,-0.5194641,-0.4977378,0.5143116,-0.6463116,-0.2646171,
1,2,5.055,-0.3452649,0.7086477,-0.5194641,-0.4977378,0.5143116,-0.6463116,-0.2646171,
1,2,5.057,-0.3452649,0.7086477,-0.5194641,-0.4977378,0.5143116,-0.6463116,-0.2646171,
1,2,5.059,-0.3452649,0.7086477,-0.5194641,-0.4977378,0.5143116,-0.6463116,-0.2646171,
1,2,5.061,-0.3424309,0.7175417,-0.5192043,-0.4913929,0.5184026,-0.6468912,-0.2670646,
1,2,5.063,-0.3424309,0.7175417,-0.5192043,-0.4913929,0.5184026,-0.6468912,-0.2670646,
1,2,5.065,-0.3424309,0.7175417,-0.5192043,-0.4913929,0.5184026,-0.6468912,-0.2670646,
1,2,5.067,-0.3424309,0.7175417,-0.5192043,-0.4913929,0.5184026,-0.6468912,-0.2670646,
1,2,5.069,-0.3375307,0.7306145,-0.5177428,-0.4816351,0.5240735,-0.6477569,-0.2716349,
1,2,5.071,-0.3375307,0.7306145,-0.5177428,-0.4816351,0.5240735,-0.6477569,-0.2716349,
1,2,5.073,-0.3375307,0.7306145,-0.5177428,-0.4816351,0.5240735,-0.6477569,-0.2716349,
1,2,5.075,-0.3375307,0.7306145,-0.5177428,-0.4816351,0.5240735,-0.6477569,-0.2716349,
1,2,5.077,-0.3375307,0.7306145,-0.5177428,-0.4816351,0.5240735,-0.6477569,-0.2716349,
1,2,5.079,-0.331194,0.7442176,-0.5157287,-0.4720865,0.5299987,-0.6482588,-0.2756742,
1,2,5.081,-0.331194,0.7442176,-0.5157287,-0.4720865,0.5299987,-0.6482588,-0.2756742,CourtEnter
1,2,5.083,-0.331194,0.7442176,-0.5157287,-0.4720865,0.5299987,-0.6482588,-0.2756742,
1,2,5.085,-0.331194,0.7442176,-0.5157287,-0.4720865,0.5299987,-0.6482588,-0.2756742,
1,2,5.087,-0.3239335,0.7566493,-0.5129477,-0.4645076,0.5357199,-0.6477888,-0.2785795,
1,2,5.089,-0.3239335,0.7566493,-0.5129477,-0.4645076,0.5357199,-0.6477888,-0.2785795,
1,2,5.091,-0.3239335,0.7566493,-0.5129477,-0.4645076,0.5357199,-0.6477888,-0.2785795,CourtExit
1,2,5.093,-0.3239335,0.7566493,-0.5129477,-0.4645076,0.5357199,-0.6477888,-0.2785795,
1,2,5.095,-0.3196558,0.7631686,-0.511072,-0.4608705,0.5386776,-0.6473904,-0.2798399,
1,2,5.097,-0.3196558,0.7631686,-0.511072,-0.4608705,0.5386776,-0.6473904,-0.2798399,
1,2,5.099,-0.3196558,0.7631686,-0.511072,-0.4608705,0.5386776,-0.6473904,-0.2798399,
1,2,5.101,-0.3196558,0.7631686,-0.511072,-0.4608705,0.5386776,-0.6473904,-0.2798399,
1,2,5.103,-0.3118892,0.7732115,-0.5071967,-0.45642,0.5433829,-0.6461387,-0.2809283,
1,2,5.105,-0.3118892,0.7732115,-0.5071967,-0.45642,0.5433829,-0.6461387,-0.2809283,
1,2,5.107,-0.3118892,0.7732115,-0.5071967,-0.45642,0.5433829,-0.6461387,-0.2809283,
1,2,5.109,-0.3118892,0.7732115,-0.5071967,-0.45642,0.5433829,-0.6461387,-0.2809283,
1,2,5.111,-0.3029413,0.7827488,-0.5023417,-0.4536876,0.5485059,-0.6438407,-0.2806742,
1,2,5.113,-0.3029413,0.7827488,-0.5023417,-0.4536876,0.5485059,-0.6438407,-0.2806742,
1,2,5.115,-0.3029413,0.7827488,-0.5023417,-0.4536876,0.5485059,-0.6438407,-0.2806742,
1,2,5.117,-0.3029413,0.7827488,-0.5023417,-0.4536876,0.5485059,-0.6438407,-0.2806742,
1,2,5.119,-0.2935123,0.7910261,-0.4966258,-0.4531826,0.5532669,-0.640929,-0.2788035,
1,2,5.121,-0.2935123,0.7910261,-0.4966258,-0.4531826,0.5532669,-0.640929,-0.2788035,
1,2,5.123,-0.2935123,0.7910261,-0.4966258,-0.4531826,0.5532669,-0.640929,-0.2788035,
1,2,5.125,-0.2935123,0.7910261,-0.4966258,-0.4531826,0.5532669,-0.640929,-0.2788035,
1,2,5.127,-0.2935123,0.7910261,-0.4966258,-0.4531826,0.5532669,-0.640929,-0.2788035,
1,2,5.129,-0.2834594,0.7982057,-0.4901997,-0.4544527,0.5580362,-0.6372882,-0.2755579,
1,2,5.131,-0.2834594,0.7982057,-0.4901997,-0.4544527,0.5580362,-0.6372882,-0.2755579,
1,2,5.133,-0.2834594,0.7982057,-0.4901997,-0.4544527,0.5580362,-0.6372882,-0.2755579,
1,2,5.135,-0.2834594,0.7982057,-0.4901997,-0.4544527,0.5580362,-0.6372882,-0.2755579,
1,2,5.137,-0.2730579,0.8040957,-0.4828179,-0.4573848,0.5622295,-0.6333205,-0.2712978,
1,2,5.139,-0.2730579,0.8040957,-0.4828179,-0.4573848,0.5622295,-0.6333205,-0.2712978,
1,2,5.141,-0.2730579,0.8040957,-0.4828179,-0.4573848,0.5622295,-0.6333205,-0.2712978,
1,2,5.143,-0.2730579,0.8040957,-0.4828179,-0.4573848,0.5622295,-0.6333205,-0.2712978,
1,2,5.145,-0.2622535,0.8088865,-0.4746028,-0.4611446,0.565698,-0.6294517,-0.2666872,
1,2,5.147,-0.2622535,0.8088865,-0.4746028,-0.4611446,0.565698,-0.6294517,-0.2666872,
1,2,5.149,-0.2622535,0.8088865,-0.4746028,-0.4611446,0.565698,-0.6294517,-0.2666872,
1,2,5.151,-0.2622535,0.8088865,-0.4746028,-0.4611446,0.565698,-0.6294517,-0.2666872,
1,2,5.153,-0.2511172,0.8125291,-0.4653569,-0.4652695,0.5682625,-0.626079,-0.2619678,
1,2,5.155,-0.2511172,0.8125291,-0.4653569,-0.4652695,0.5682625,-0.626079,-0.2619678,
1,2,5.157,-0.2511172,0.8125291,-0.4653569,-0.4652695,0.5682625,-0.626079,-0.2619678,
1,2,5.159,-0.2511172,0.8125291,-0.4653569,-0.4652695,0.5682625,-0.626079,-0.2619678,
1,2,5.161,-0.2399555,0.8148947,-0.4549019,-0.4697951,0.56995,-0.622897,-0.2577768,
1,2,5.163,-0.2399555,0.8148947,-0.4549019,-0.4697951,0.56995,-0.622897,-0.2577768,
1,2,5.165,-0.2399555,0.8148947,-0.4549019,-0.4697951,0.56995,-0.622897,-0.2577768,
1,2,5.167,-0.2399555,0.8148947,-0.4549019,-0.4697951,0.56995,-0.622897,-0.2577768,
1,2,5.169,-0.2288963,0.8163309,-0.4436337,-0.4744126,0.5706369,-0.6201125,-0.2544931,
1,2,5.171,-0.2288963,0.8163309,-0.4436337,-0.4744126,0.5706369,-0.6201125,-0.2544931,
1,2,5.173,-0.2288963,0.8163309,-0.4436337,-0.4744126,0.5706369,-0.6201125,-0.2544931,
1,2,5.175,-0.2288963,0.8163309,-0.4436337,-0.4744126,0.5706369,-0.6201125,-0.2544931,
1,2,5.177,-0.2288963,0.8163309,-0.4436337,-0.4744126,0.5706369,-0.6201125,-0.2544931,
1,2,5.179,-0.2178473,0.81635,-0.4312763,-0.4791868,0.5700279,-0.6180652,-0.2518798,
1,2,5.181,-0.2178473,0.81635,-0.4312763,-0.4791868,0.5700279,-0.6180652,-0.2518798,
1,2,5.183,-0.2178473,0.81635,-0.4312763,-0.4791868,0.5700279,-0.6180652,-0.2518798,
1,2,5.185,-0.2178473,0.81635,-0.4312763,-0.4791868,0.5700279,-0.6180652,-0.2518798,
1,2,5.187,-0.2117122,0.816014,-0.4241672,-0.482076,0.5696745,-0.6167175,-0.2504659,
1,2,5.189,-0.2117122,0.816014,-0.4241672,-0.482076,0.5696745,-0.6167175,-0.2504659,
1,2,5.191,-0.2117122,0.816014,-0.4241672,-0.482076,0.5696745,-0.6167175,-0.2504659,
1,2,5.193,-0.2117122,0.816014,-0.4241672,-0.482076,0.5696745,-0.6167175,-0.2504659,
1,2,5.195,-0.2017632,0.8142756,-0.4111604,-0.4871081,0.5673191,-0.6156198,-0.248771,
1,2,5.197,-0.2017632,0.8142756,-0.4111604,-0.4871081,0.5673191,-0.6156198,-0.248771,
1,2,5.199,-0.2017632,0.8142756,-0.4111604,-0.4871081,0.5673191,-0.6156198,-0.248771,
1,2,5.201,-0.2017632,0.8142756,-0.4111604,-0.4871081,0.5673191,-0.6156198,-0.248771,
1,2,5.203,-0.1912912,0.8114496,-0.3967847,-0.4928027,0.5647379,-0.614176,-0.2469909,
1,2,5.205,-0.1912912,0.8114496,-0.3967847,-0.4928027,0.5647379,-0.614176,-0.2469909,
1,2,5.207,-0.1912912,0.8114496,-0.3967847,-0.4928027,0.5647379,-0.614176,-0.2469909,
1,2,5.209,-0.1912912,0.8114496,-0.3967847,-0.4928027,0.5647379,-0.614176,-0.2469909,
1,2,5.211,-0.1811403,0.8075789,-0.3820396,-0.499258,0.5616816,-0.6125219,-0.2450964,
1,2,5.213,-0.1811403,0.8075789,-0.3820396,-0.499258,0.5616816,-0.6125219,-0.2450964,
1,2,5.215,-0.1811403,0.8075789,-0.3820396,-0.499258,0.5616816,-0.6125219,-0.2450964,
1,2,5.217,-0.1811403,0.8075789,-0.3820396,-0.499258,0.5616816,-0.6125219,-0.2450964,
1,2,5.219,-0.1713046,0.8025569,-0.3666896,-0.5055977,0.5579411,-0.6112624,-0.2437847,
1,2,5.221,-0.1713046,0.8025569,-0.3666896,-0.5055977,0.5579411,-0.6112624,-0.2437847,
1,2,5.223,-0.1713046,0.8025569,-0.3666896,-0.5055977,0.5579411,-0.6112624,-0.2437847,
1,2,5.225,-0.1713046,0.8025569,-0.3666896,-0.5055977,0.5579411,-0.6112624,-0.2437847,
1,2,5.227,-0.1713046,0.8025569,-0.3666896,-0.5055977,0.5579411,-0.6112624,-0.2437847,
1,2,5.229,-0.1619655,0.7961789,-0.3509129,-0.5118667,0.5530907,-0.610716,-0.2431237,
1,2,5.231,-0.1619655,0.7961789,-0.3509129,-0.5118667,0.5530907,-0.610716,-0.2431237,
1,2,5.233,-0.1619655,0.7961789,-0.3509129,-0.5118667,0.5530907,-0.610716,-0.2431237,
1,2,5.235,-0.1619655,0.7961789,-0.3509129,-0.5118667,0.5530907,-0.610716,-0.2431237,
1,2,5.237,-0.1533235,0.7882457,-0.3347625,-0.5167129,0.5462079,-0.6126089,-0.24367,
1,2,5.239,-0.1533235,0.7882457,-0.3347625,-0.5167129,0.5462079,-0.6126089,-0.24367,
1,2,5.241,-0.1533235,0.7882457,-0.3347625,-0.5167129,0.5462079,-0.6126089,-0.24367,
1,2,5.243,-0.1533235,0.7882457,-0.3347625,-0.5167129,0.5462079,-0.6126089,-0.24367,
1,2,5.245,-0.148326,0.7829358,-0.3250462,-0.5197778,0.541912,-0.6137039,-0.2439876,
1,2,5.247,-0.148326,0.7829358,-0.3250462,-0.5197778,0.541912,-0.6137039,-0.2439876,
1,2,5.249,-0.148326,0.7829358,-0.3250462,-0.5197778,0.541912,-0.6137039,-0.2439876,
1,2,5.251,-0.148326,0.7829358,-0.3250462,-0.5197778,0.541912,-0.6137039,-0.2439876,
1,2,5.253,-0.1411982,0.773439,-0.3103728,-0.5252178,0.5335684,-0.6161022,-0.2446819,
1,2,5.255,-0.1411982,0.773439,-0.3103728,-0.5252178,0.5335684,-0.6161022,-0.2446819,
1,2,5.257,-0.1411982,0.773439,-0.3103728,-0.5252178,0.5335684,-0.6161022,-0.2446819,
1,2,5.259,-0.1411982,0.773439,-0.3103728,-0.5252178,0.5335684,-0.6161022,-0.2446819,
1,2,5.261,-0.1369448,0.7672656,-0.3010193,-0.5284656,0.5283996,-0.6176868,-0.2449104,
1,2,5.263,-0.1369448,0.7672656,-0.3010193,-0.5284656,0.5283996,-0.6176868,-0.2449104,
1,2,5.265,-0.1369448,0.7672656,-0.3010193,-0.5284656,0.5283996,-0.6176868,-0.2449104,
1,2,5.267,-0.1369448,0.7672656,-0.3010193,-0.5284656,0.5283996,-0.6176868,-0.2449104,
1,2,5.269,-0.1306702,0.7565244,-0.2859703,-0.5344835,0.518853,-0.6205463,-0.2450333,
1,2,5.271,-0.1306702,0.7565244,-0.2859703,-0.5344835,0.518853,-0.6205463,-0.2450333,
1,2,5.273,-0.1306702,0.7565244,-0.2859703,-0.5344835,0.518853,-0.6205463,-0.2450333,
1,2,5.275,-0.1306702,0.7565244,-0.2859703,-0.5344835,0.518853,-0.6205463,-0.2450333,
1,2,5.277,-0.1306702,0.7565244,-0.2859703,-0.5344835,0.518853,-0.6205463,-0.2450333,
1,2,5.279,-0.1244244,0.7446125,-0.2694302,-0.5422239,0.5088909,-0.6224697,-0.2440387,
1,2,5.281,-0.1244244,0.7446125,-0.2694302,-0.5422239,0.5088909,-0.6224697,-0.2440387,
1,2,5.283,-0.1244244,0.7446125,-0.2694302,-0.5422239,0.5088909,-0.6224697,-0.2440387,
1,2,5.285,-0.1244244,0.7446125,-0.2694302,-0.5422239,0.5088909,-0.6224697,-0.2440387,
1,2,5.287,-0.1212369,0.738164,-0.2603967,-0.5471125,0.5039195,-0.6226661,-0.2429404,
1,2,5.289,-0.1212369,0.738164,-0.2603967,-0.5471125,0.5039195,-0.6226661,-0.2429404,
1,2,5.291,-0.1212369,0.738164,-0.2603967,-0.5471125,0.5039195,-0.6226661,-0.2429404,
1,2,5.293,-0.1212369,0.738164,-0.2603967,-0.5471125,0.5039195,-0.6226661,-0.2429404,
1,2,5.295,-0.1165598,0.7274613,-0.244999,-0.557349,0.49586,-0.6212494,-0.2398631,
1,2,5.297,-0.1165598,0.7274613,-0.244999,-0.557349,0.49586,-0.6212494,-0.2398631,
1,2,5.299,-0.1165598,0.7274613,-0.244999,-0.557349,0.49586,-0.6212494,-0.2398631,
1,2,5.301,-0.1165598,0.7274613,-0.244999,-0.557349,0.49586,-0.6212494,-0.2398631,
1,2,5.303,-0.1123075,0.7170811,-0.2290048,-0.5691627,0.4884295,-0.6179453,-0.2358689,
1,2,5.305,-0.1123075,0.7170811,-0.2290048,-0.5691627,0.4884295,-0.6179453,-0.2358689,
1,2,5.307,-0.1123075,0.7170811,-0.2290048,-0.5691627,0.4884295,-0.6179453,-0.2358689,
1,2,5.309,-0.1123075,0.7170811,-0.2290048,-0.5691627,0.4884295,-0.6179453,-0.2358689,
1,2,5.311,-0.1089044,0.7078502,-0.2124154,-0.5812848,0.4821222,-0.6129382,-0.2323206,
1,2,5.313,-0.1089044,0.7078502,-0.2124154,-0.5812848,0.4821222,-0.6129382,-0.2323206,
1,2,5.315,-0.1089044,0.7078502,-0.2124154,-0.5812848,0.4821222,-0.6129382,-0.2323206,
1,2,5.317,-0.1089044,0.7078502,-0.2124154,-0.5812848,0.4821222,-0.6129382,-0.2323206,
1,2,5.319,-0.1066358,0.6999581,-0.1957135,-0.5927846,0.4765283,-0.6070762,-0.2301866,
1,2,5.321,-0.1066358,0.6999581,-0.1957135,-0.5927846,0.4765283,-0.6070762,-0.2301866,
1,2,5.323,-0.1066358,0.6999581,-0.1957135,-0.5927846,0.4765283,-0.6070762,-0.2301866,
1,2,5.325,-0.1066358,0.6999581,-0.1957135,-0.5927846,0.4765283,-0.6070762,-0.2301866,
1,2,5.327,-0.1066358,0.6999581,-0.1957135,-0.5927846,0.4765283,-0.6070762,-0.2301866,
1,2,5.329,-0.1050343,0.6932046,-0.1789617,-0.6028416,0.4715666,-0.6012517,-0.2295729,
1,2,5.331,-0.1050343,0.6932046,-0.1789617,-0.6028416,0.4715666,-0.6012517,-0.2295729,
1,2,5.333,-0.1050343,0.6932046,-0.1789617,-0.6028416,0.4715666,-0.6012517,-0.2295729,
1,2,5.335,-0.1050343,0.6932046,-0.1789617,-0.6028416,0.4715666,-0.6012517,-0.2295729,
1,2,5.337,-0.1042389,0.6877828,-0.1623773,-0.6105129,0.4669842,-0.5965098,-0.2310321,
1,2,5.339,-0.1042389,0.6877828,-0.1623773,-0.6105129,0.4669842,-0.5965098,-0.2310321,
1,2,5.341,-0.1042389,0.6877828,-0.1623773,-0.6105129,0.4669842,-0.5965098,-0.2310321,
1,2,5.343,-0.1042389,0.6877828,-0.1623773,-0.6105129,0.4669842,-0.5965098,-0.2310321,
1,2,5.345,-0.1039962,0.6851639,-0.1530328,-0.6136363,0.4644355,-0.5946615,-0.2326542,
1,2,5.347,-0.1039962,0.6851639,-0.1530328,-0.6136363,0.4644355,-0.5946615,-0.2326542,
1,2,5.349,-0.1039962,0.6851639,-0.1530328,-0.6136363,0.4644355,-0.5946615,-0.2326542,
1,2,5.351,-0.1039962,0.6851639,-0.1530328,-0.6136363,0.4644355,-0.5946615,-0.2326542,
1,2,5.353,-0.1042723,0.6820602,-0.1376861,-0.6163141,0.4605815,-0.592789,-0.2379556,
1,2,5.355,-0.1042723,0.6820602,-0.1376861,-0.6163141,0.4605815,-0.592789,-0.2379556,
1,2,5.357,-0.1042723,0.6820602,-0.1376861,-0.6163141,0.4605815,-0.592789,-0.2379556,
1,2,5.359,-0.1042723,0.6820602,-0.1376861,-0.6163141,0.4605815,-0.592789,-0.2379556,
1,2,5.361,-0.1049298,0.6795436,-0.1218535,-0.6173638,0.4563353,-0.5921273,-0.2449595,
1,2,5.363,-0.1049298,0.6795436,-0.1218535,-0.6173638,0.4563353,-0.5921273,-0.2449595,
1,2,5.365,-0.1049298,0.6795436,-0.1218535,-0.6173638,0.4563353,-0.5921273,-0.2449595,
1,2,5.367,-0.1049298,0.6795436,-0.1218535,-0.6173638,0.4563353,-0.5921273,-0.2449595,
1,2,5.369,-0.1060424,0.6779757,-0.1063512,-0.6161773,0.4520557,-0.593093,-0.2534007,
1,2,5.371,-0.1060424,0.6779757,-0.1063512,-0.6161773,0.4520557,-0.593093,-0.2534007,
1,2,5.373,-0.1060424,0.6779757,-0.1063512,-0.6161773,0.4520557,-0.593093,-0.2534007,
1,2,5.375,-0.1060424,0.6779757,-0.1063512,-0.6161773,0.4520557,-0.593093,-0.2534007,
1,2,5.377,-0.1060424,0.6779757,-0.1063512,-0.6161773,0.4520557,-0.593093,-0.2534007,
1,2,5.379,-0.10718,0.6772427,-0.09172384,-0.6137595,0.4478792,-0.5949087,-0.262273,
1,2,5.381,-0.10718,0.6772427,-0.09172384,-0.6137595,0.4478792,-0.5949087,-0.262273,
1,2,5.383,-0.10718,0.6772427,-0.09172384,-0.6137595,0.4478792,-0.5949087,-0.262273,
1,2,5.385,-0.10718,0.6772427,-0.09172384,-0.6137595,0.4478792,-0.5949087,-0.262273,
1,2,5.387,-0.1085789,0.6775542,-0.0778145,-0.6104369,0.4441827,-0.59697,-0.2714691,
1,2,5.389,-0.1085789,0.6775542,-0.0778145,-0.6104369,0.4441827,-0.59697,-0.2714691,
1,2,5.391,-0.1085789,0.6775542,-0.0778145,-0.6104369,0.4441827,-0.59697,-0.2714691,
1,2,5.393,-0.1085789,0.6775542,-0.0778145,-0.6104369,0.4441827,-0.59697,-0.2714691,
1,2,5.395,-0.1100493,0.6786603,-0.0648307,-0.607385,0.4411107,-0.5984218,-0.2799934,
1,2,5.397,-0.1100493,0.6786603,-0.0648307,-0.607385,0.4411107,-0.5984218,-0.2799934,
1,2,5.399,-0.1100493,0.6786603,-0.0648307,-0.607385,0.4411107,-0.5984218,-0.2799934,
1,2,5.401,-0.1100493,0.6786603,-0.0648307,-0.607385,0.4411107,-0.5984218,-0.2799934,
1,2,5.403,-0.1114371,0.6805992,-0.05268522,-0.6052338,0.4391527,-0.5985649,-0.2873276,
1,2,5.405,-0.1114371,0.6805992,-0.05268522,-0.6052338,0.4391527,-0.5985649,-0.2873276,
1,2,5.407,-0.1114371,0.6805992,-0.05268522,-0.6052338,0.4391527,-0.5985649,-0.2873276,
1,2,5.409,-0.1114371,0.6805992,-0.05268522,-0.6052338,0.4391527,-0.5985649,-0.2873276,
1,2,5.411,-0.1120823,0.6818225,-0.04638546,-0.6051155,0.4384085,-0.5977293,-0.2904358,
1,2,5.413,-0.1120823,0.6818225,-0.04638546,-0.6051155,0.4384085,-0.5977293,-0.2904358,
1,2,5.415,-0.1120823,0.6818225,-0.04638546,-0.6051155,0.4384085,-0.5977293,-0.2904358,
1,2,5.417,-0.1120823,0.6818225,-0.04638546,-0.6051155,0.4384085,-0.5977293,-0.2904358,
1,2,5.419,-0.1130554,0.6845696,-0.03713559,-0.6060742,0.4386368,-0.594717,-0.2942509,
1,2,5.421,-0.1130554,0.6845696,-0.03713559,-0.6060742,0.4386368,-0.594717,-0.2942509,
1,2,5.423,-0.1130554,0.6845696,-0.03713559,-0.6060742,0.4386368,-0.594717,-0.2942509,
1,2,5.425,-0.1130554,0.6845696,-0.03713559,-0.6060742,0.4386368,-0.594717,-0.2942509,
1,2,5.427,-0.1130554,0.6845696,-0.03713559,-0.6060742,0.4386368,-0.594717,-0.2942509,
1,2,5.429,-0.1136666,0.6879733,-0.02783094,-0.6087989,0.4404063,-0.5895317,-0.2964098,
1,2,5.431,-0.1136666,0.6879733,-0.02783094,-0.6087989,0.4404063,-0.5895317,-0.2964098,
1,2,5.433,-0.1136666,0.6879733,-0.02783094,-0.6087989,0.4404063,-0.5895317,-0.2964098,
1,2,5.435,-0.1136666,0.6879733,-0.02783094,-0.6087989,0.4404063,-0.5895317,-0.2964098,
1,2,5.437,-0.1139312,0.6916865,-0.01969385,-0.6132654,0.4433997,-0.5824487,-0.296742,
1,2,5.439,-0.1139312,0.6916865,-0.01969385,-0.6132654,0.4433997,-0.5824487,-0.296742,
1,2,5.441,-0.1139312,0.6916865,-0.01969385,-0.6132654,0.4433997,-0.5824487,-0.296742,
1,2,5.443,-0.1139312,0.6916865,-0.01969385,-0.6132654,0.4433997,-0.5824487,-0.296742,
1,2,5.445,-0.1138391,0.6938291,-0.01587953,-0.6162857,0.4453173,-0.5780847,-0.2961462,
1,2,5.447,-0.1138391,0.6938291,-0.01587953,-0.6162857,0.4453173,-0.5780847,-0.2961462,
1,2,5.449,-0.1138391,0.6938291,-0.01587953,-0.6162857,0.4453173,-0.5780847,-0.2961462,
1,2,5.451,-0.1138391,0.6938291,-0.01587953,-0.6162857,0.4453173,-0.5780847,-0.2961462,
1,2,5.453,-0.1132318,0.6977606,-0.01016349,-0.6226684,0.4499094,-0.5689953,-0.2934451,
1,2,5.455,-0.1132318,0.6977606,-0.01016349,-0.6226684,0.4499094,-0.5689953,-0.2934451,
1,2,5.457,-0.1132318,0.6977606,-0.01016349,-0.6226684,0.4499094,-0.5689953,-0.2934451,
1,2,5.459,-0.1132318,0.6977606,-0.01016349,-0.6226684,0.4499094,-0.5689953,-0.2934451,
1,2,5.461,-0.1119624,0.7020903,-0.005248811,-0.6299788,0.4554883,-0.5585799,-0.2892158,
1,2,5.463,-0.1119624,0.7020903,-0.005248811,-0.6299788,0.4554883,-0.5585799,-0.2892158,
1,2,5.465,-0.1119624,0.7020903,-0.005248811,-0.6299788,0.4554883,-0.5585799,-0.2892158,
1,2,5.467,-0.1119624,0.7020903,-0.005248811,-0.6299788,0.4554883,-0.5585799,-0.2892158,
1,2,5.469,-0.1096439,0.7062546,-0.001543785,-0.6377087,0.4609591,-0.5481775,-0.2834532,
1,2,5.471,-0.1096439,0.7062546,-0.001543785,-0.6377087,0.4609591,-0.5481775,-0.2834532,
1,2,5.473,-0.1096439,0.7062546,-0.001543785,-0.6377087,0.4609591,-0.5481775,-0.2834532,
1,2,5.475,-0.1096439,0.7062546,-0.001543785,-0.6377087,0.4609591,-0.5481775,-0.2834532,
1,2,5.477,-0.1096439,0.7062546,-0.001543785,-0.6377087,0.4609591,-0.5481775,-0.2834532,
1,2,5.479,-0.1066603,0.7104419,0.0008815527,-0.6457018,0.4670078,-0.5372378,-0.2763124,
1,2,5.481,-0.1066603,0.7104419,0.0008815527,-0.6457018,0.4670078,-0.5372378,-0.2763124,
1,2,5.483,-0.1066603,0.7104419,0.0008815527,-0.6457018,0.4670078,-0.5372378,-0.2763124,
1,2,5.485,-0.1066603,0.7104419,0.0008815527,-0.6457018,0.4670078,-0.5372378,-0.2763124,
1,2,5.487,-0.1025698,0.7144043,0.001813466,-0.6543255,0.4731232,-0.5260196,-0.2670503,
1,2,5.489,-0.1025698,0.7144043,0.001813466,-0.6543255,0.4731232,-0.5260196,-0.2670503,
1,2,5.491,-0.1025698,0.7144043,0.001813466,-0.6543255,0.4731232,-0.5260196,-0.2670503,
1,2,5.493,-0.1025698,0.7144043,0.001813466,-0.6543255,0.4731232,-0.5260196,-0.2670503,
1,2,5.495,-0.09755075,0.7184039,0.00156022,-0.6635623,0.4799458,-0.5136373,-0.2559569,
1,2,5.497,-0.09755075,0.7184039,0.00156022,-0.6635623,0.4799458,-0.5136373,-0.2559569,
1,2,5.499,-0.09755075,0.7184039,0.00156022,-0.6635623,0.4799458,-0.5136373,-0.2559569,
1,2,5.501,-0.09755075,0.7184039,0.00156022,-0.6635623,0.4799458,-0.5136373,-0.2559569,
1,2,5.503,-0.09435392,0.7206007,0.0009561647,-0.668667,0.4835353,-0.5068881,-0.2492843,
1,2,5.505,-0.09435392,0.7206007,0.0009561647,-0.668667,0.4835353,-0.5068881,-0.2492843,
1,2,5.507,-0.09435392,0.7206007,0.0009561647,-0.668667,0.4835353,-0.5068881,-0.2492843,
1,2,5.509,-0.09435392,0.7206007,0.0009561647,-0.668667,0.4835353,-0.5068881,-0.2492843,
1,2,5.511,-0.08816295,0.7241363,-0.001521146,-0.6779389,0.4905517,-0.4944946,-0.2350173,
1,2,5.513,-0.08816295,0.7241363,-0.001521146,-0.6779389,0.4905517,-0.4944946,-0.2350173,
1,2,5.515,-0.08816295,0.7241363,-0.001521146,-0.6779389,0.4905517,-0.4944946,-0.2350173,
1,2,5.517,-0.08816295,0.7241363,-0.001521146,-0.6779389,0.4905517,-0.4944946,-0.2350173,
1,2,5.519,-0.08064555,0.7276166,-0.00523044,-0.6875268,0.4975595,-0.4816702,-0.2184843,
1,2,5.521,-0.08064555,0.7276166,-0.00523044,-0.6875268,0.4975595,-0.4816702,-0.2184843,
1,2,5.523,-0.08064555,0.7276166,-0.00523044,-0.6875268,0.4975595,-0.4816702,-0.2184843,
1,2,5.525,-0.08064555,0.7276166,-0.00523044,-0.6875268,0.4975595,-0.4816702,-0.2184843,
1,2,5.527,-0.08064555,0.7276166,-0.00523044,-0.6875268,0.4975595,-0.4816702,-0.2184843,
1,2,5.529,-0.07223671,0.730777,-0.01001045,-0.6962785,0.5039416,-0.4699742,-0.2009066,
1,2,5.531,-0.07223671,0.730777,-0.01001045,-0.6962785,0.5039416,-0.4699742,-0.2009066,
1,2,5.533,-0.07223671,0.730777,-0.01001045,-0.6962785,0.5039416,-0.4699742,-0.2009066,
1,2,5.535,-0.07223671,0.730777,-0.01001045,-0.6962785,0.5039416,-0.4699742,-0.2009066,
1,2,5.537,-0.06299482,0.7335404,-0.01586284,-0.7042261,0.5091295,-0.4600742,-0.1821663,
1,2,5.539,-0.06299482,0.7335404,-0.01586284,-0.7042261,0.5091295,-0.4600742,-0.1821663,
1,2,5.541,-0.06299482,0.7335404,-0.01586284,-0.7042261,0.5091295,-0.4600742,-0.1821663,
1,2,5.543,-0.06299482,0.7335404,-0.01586284,-0.7042261,0.5091295,-0.4600742,-0.1821663,
1,2,5.545,-0.05310838,0.736026,-0.0226647,-0.7112616,0.5134518,-0.4517612,-0.1624376,
1,2,5.547,-0.05310838,0.736026,-0.0226647,-0.7112616,0.5134518,-0.4517612,-0.1624376,
1,2,5.549,-0.05310838,0.736026,-0.0226647,-0.7112616,0.5134518,-0.4517612,-0.1624376,
1,2,5.551,-0.05310838,0.736026,-0.0226647,-0.7112616,0.5134518,-0.4517612,-0.1624376,
1,2,5.553,-0.04263486,0.7382188,-0.03004179,-0.7168095,0.5165532,-0.4460393,-0.14285,
1,2,5.555,-0.04263486,0.7382188,-0.03004179,-0.7168095,0.5165532,-0.4460393,-0.14285,
1,2,5.557,-0.04263486,0.7382188,-0.03004179,-0.7168095,0.5165532,-0.4460393,-0.14285,
1,2,5.559,-0.04263486,0.7382188,-0.03004179,-0.7168095,0.5165532,-0.4460393,-0.14285,
1,2,5.561,-0.03651021,0.7395033,-0.03448044,-0.7194026,0.5178123,-0.4436966,-0.1321511,
1,2,5.563,-0.03651021,0.7395033,-0.03448044,-0.7194026,0.5178123,-0.4436966,-0.1321511,
1,2,5.565,-0.03651021,0.7395033,-0.03448044,-0.7194026,0.5178123,-0.4436966,-0.1321511,
1,2,5.567,-0.03651021,0.7395033,-0.03448044,-0.7194026,0.5178123,-0.4436966,-0.1321511,
1,2,5.569,-0.02643413,0.7412257,-0.04185171,-0.7214246,0.5186384,-0.4441187,-0.1154092,
1,2,5.571,-0.02643413,0.7412257,-0.04185171,-0.7214246,0.5186384,-0.4441187,-0.1154092,
1,2,5.573,-0.02643413,0.7412257,-0.04185171,-0.7214246,0.5186384,-0.4441187,-0.1154092,
1,2,5.575,-0.02643413,0.7412257,-0.04185171,-0.7214246,0.5186384,-0.4441187,-0.1154092,
1,2,5.577,-0.02643413,0.7412257,-0.04185171,-0.7214246,0.5186384,-0.4441187,-0.1154092,
1,2,5.579,-0.01516186,0.7430142,-0.04943928,-0.7218398,0.518112,-0.4478298,-0.09977853,
1,2,5.581,-0.01516186,0.7430142,-0.04943928,-0.7218398,0.518112,-0.4478298,-0.09977853,
1,2,5.583,-0.01516186,0.7430142,-0.04943928,-0.7218398,0.518112,-0.4478298,-0.09977853,
1,2,5.585,-0.01516186,0.7430142,-0.04943928,-0.7218398,0.518112,-0.4478298,-0.09977853,
1,2,5.587,-0.008977935,0.7440574,-0.05334326,-0.7218817,0.5174438,-0.4502193,-0.09187791,
1,2,5.589,-0.008977935,0.7440574,-0.05334326,-0.7218817,0.5174438,-0.4502193,-0.09187791,
1,2,5.591,-0.008977935,0.7440574,-0.05334326,-0.7218817,0.5174438,-0.4502193,-0.09187791,
1,2,5.593,-0.008977935,0.7440574,-0.05334326,-0.7218817,0.5174438,-0.4502193,-0.09187791,
1,2,5.595,0.001432881,0.7459325,-0.05963727,-0.7198342,0.515564,-0.4578661,-0.07994491,
1,2,5.597,0.001432881,0.7459325,-0.05963727,-0.7198342,0.515564,-0.4578661,-0.07994491,
1,2,5.599,0.001432881,0.7459325,-0.05963727,-0.7198342,0.515564,-0.4578661,-0.07994491,
1,2,5.601,0.001432881,0.7459325,-0.05963727,-0.7198342,0.515564,-0.4578661,-0.07994491,
1,2,5.603,0.01169813,0.7485427,-0.06551954,-0.717207,0.5139554,-0.465575,-0.06858553,
1,2,5.605,0.01169813,0.7485427,-0.06551954,-0.717207,0.5139554,-0.465575,-0.06858553,
1,2,5.607,0.01169813,0.7485427,-0.06551954,-0.717207,0.5139554,-0.465575,-0.06858553,
1,2,5.609,0.01169813,0.7485427,-0.06551954,-0.717207,0.5139554,-0.465575,-0.06858553,
1,2,5.611,0.02101806,0.7520599,-0.069998,-0.7145712,0.5129233,-0.472118,-0.05832922,
1,2,5.613,0.02101806,0.7520599,-0.069998,-0.7145712,0.5129233,-0.472118,-0.05832922,
1,2,5.615,0.02101806,0.7520599,-0.069998,-0.7145712,0.5129233,-0.472118,-0.05832922,
1,2,5.617,0.02101806,0.7520599,-0.069998,-0.7145712,0.5129233,-0.472118,-0.05832922,
1,2,5.619,0.02918856,0.7565286,-0.07364061,-0.711686,0.5128368,-0.4776412,-0.04858493,
1,2,5.621,0.02918856,0.7565286,-0.07364061,-0.711686,0.5128368,-0.4776412,-0.04858493,
1,2,5.623,0.02918856,0.7565286,-0.07364061,-0.711686,0.5128368,-0.4776412,-0.04858493,
1,2,5.625,0.02918856,0.7565286,-0.07364061,-0.711686,0.5128368,-0.4776412,-0.04858493,
1,2,5.627,0.02918856,0.7565286,-0.07364061,-0.711686,0.5128368,-0.4776412,-0.04858493,
1,2,5.629,0.03623062,0.7619293,-0.07587227,-0.7084484,0.5131683,-0.4828829,-0.03979244,
1,2,5.631,0.03623062,0.7619293,-0.07587227,-0.7084484,0.5131683,-0.4828829,-0.03979244,
1,2,5.633,0.03623062,0.7619293,-0.07587227,-0.7084484,0.5131683,-0.4828829,-0.03979244,
1,2,5.635,0.03623062,0.7619293,-0.07587227,-0.7084484,0.5131683,-0.4828829,-0.03979244,
1,2,5.637,0.04198469,0.7683024,-0.07663803,-0.7043759,0.5140176,-0.4884195,-0.03296962,
1,2,5.639,0.04198469,0.7683024,-0.07663803,-0.7043759,0.5140176,-0.4884195,-0.03296962,
1,2,5.641,0.04198469,0.7683024,-0.07663803,-0.7043759,0.5140176,-0.4884195,-0.03296962,
1,2,5.643,0.04198469,0.7683024,-0.07663803,-0.7043759,0.5140176,-0.4884195,-0.03296962,
1,2,5.645,0.04640094,0.7755549,-0.076044,-0.6994858,0.515781,-0.4938478,-0.02835746,
1,2,5.647,0.04640094,0.7755549,-0.076044,-0.6994858,0.515781,-0.4938478,-0.02835746,
1,2,5.649,0.04640094,0.7755549,-0.076044,-0.6994858,0.515781,-0.4938478,-0.02835746,
1,2,5.651,0.04640094,0.7755549,-0.076044,-0.6994858,0.515781,-0.4938478,-0.02835746,
1,2,5.653,0.04956923,0.7835085,-0.07406377,-0.6940686,0.5179822,-0.4993075,-0.02559812,
1,2,5.655,0.04956923,0.7835085,-0.07406377,-0.6940686,0.5179822,-0.4993075,-0.02559812,
1,2,5.657,0.04956923,0.7835085,-0.07406377,-0.6940686,0.5179822,-0.4993075,-0.02559812,
1,2,5.659,0.04956923,0.7835085,-0.07406377,-0.6940686,0.5179822,-0.4993075,-0.02559812,
1,2,5.661,0.05157271,0.7915662,-0.07137649,-0.6881326,0.5205947,-0.504842,-0.02427788,
1,2,5.663,0.05157271,0.7915662,-0.07137649,-0.6881326,0.5205947,-0.504842,-0.02427788,
1,2,5.665,0.05157271,0.7915662,-0.07137649,-0.6881326,0.5205947,-0.504842,-0.02427788,
1,2,5.667,0.05157271,0.7915662,-0.07137649,-0.6881326,0.5205947,-0.504842,-0.02427788,
1,2,5.669,0.05272305,0.7998368,-0.06776363,-0.6815119,0.5237156,-0.5105512,-0.02451055,
1,2,5.671,0.05272305,0.7998368,-0.06776363,-0.6815119,0.5237156,-0.5105512,-0.02451055,
1,2,5.673,0.05272305,0.7998368,-0.06776363,-0.6815119,0.5237156,-0.5105512,-0.02451055,
1,2,5.675,0.05272305,0.7998368,-0.06776363,-0.6815119,0.5237156,-0.5105512,-0.02451055,
1,2,5.677,0.05272305,0.7998368,-0.06776363,-0.6815119,0.5237156,-0.5105512,-0.02451055,
1,2,5.679,0.05299278,0.8082904,-0.06335942,-0.6743383,0.5269933,-0.5165935,-0.02601989,
1,2,5.681,0.05299278,0.8082904,-0.06335942,-0.6743383,0.5269933,-0.5165935,-0.02601989,
1,2,5.683,0.05299278,0.8082904,-0.06335942,-0.6743383,0.5269933,-0.5165935,-0.02601989,
1,2,5.685,0.05299278,0.8082904,-0.06335942,-0.6743383,0.5269933,-0.5165935,-0.02601989,
1,2,5.687,0.05260798,0.8168494,-0.05812874,-0.6667424,0.5304514,-0.5227232,-0.02891883,
1,2,5.689,0.05260798,0.8168494,-0.05812874,-0.6667424,0.5304514,-0.5227232,-0.02891883,
1,2,5.691,0.05260798,0.8168494,-0.05812874,-0.6667424,0.5304514,-0.5227232,-0.02891883,
1,2,5.693,0.05260798,0.8168494,-0.05812874,-0.6667424,0.5304514,-0.5227232,-0.02891883,
1,2,5.695,0.05164661,0.8253916,-0.05198927,-0.6587878,0.5336795,-0.5292412,-0.03299284,
1,2,5.697,0.05164661,0.8253916,-0.05198927,-0.6587878,0.5336795,-0.5292412,-0.03299284,
1,2,5.699,0.05164661,0.8253916,-0.05198927,-0.6587878,0.5336795,-0.5292412,-0.03299284,
1,2,5.701,0.05164661,0.8253916,-0.05198927,-0.6587878,0.5336795,-0.5292412,-0.03299284,
1,2,5.703,0.05093844,0.8300303,-0.04845475,-0.6545984,0.5354528,-0.5324962,-0.0352015,
1,2,5.705,0.05093844,0.8300303,-0.04845475,-0.6545984,0.5354528,-0.5324962,-0.0352015,
1,2,5.707,0.05093844,0.8300303,-0.04845475,-0.6545984,0.5354528,-0.5324962,-0.0352015,
1,2,5.709,0.05093844,0.8300303,-0.04845475,-0.6545984,0.5354528,-0.5324962,-0.0352015,
1,2,5.711,0.04922917,0.838535,-0.04134308,-0.6468024,0.5386207,-0.538404,-0.04069097,
1,2,5.713,0.04922917,0.838535,-0.04134308,-0.6468024,0.5386207,-0.538404,-0.04069097,
1,2,5.715,0.04922917,0.838535,-0.04134308,-0.6468024,0.5386207,-0.538404,-0.04069097,
1,2,5.717,0.04922917,0.838535,-0.04134308,-0.6468024,0.5386207,-0.538404,-0.04069097,
1,2,5.719,0.04821198,0.8437014,-0.03681273,-0.6423935,0.5404383,-0.541628,-0.04354508,
1,2,5.721,0.04821198,0.8437014,-0.03681273,-0.6423935,0.5404383,-0.541628,-0.04354508,
1,2,5.723,0.04821198,0.8437014,-0.03681273,-0.6423935,0.5404383,-0.541628,-0.04354508,
1,2,5.725,0.04821198,0.8437014,-0.03681273,-0.6423935,0.5404383,-0.541628,-0.04354508,
1,2,5.727,0.04821198,0.8437014,-0.03681273,-0.6423935,0.5404383,-0.541628,-0.04354508,
1,2,5.729,0.04611414,0.851746,-0.02901128,-0.6356875,0.5434887,-0.5459739,-0.04933453,
1,2,5.731,0.04611414,0.851746,-0.02901128,-0.6356875,0.5434887,-0.5459739,-0.04933453,
1,2,5.733,0.04611414,0.851746,-0.02901128,-0.6356875,0.5434887,-0.5459739,-0.04933453,
1,2,5.735,0.04611414,0.851746,-0.02901128,-0.6356875,0.5434887,-0.5459739,-0.04933453,
1,2,5.737,0.04499364,0.8564563,-0.02419139,-0.6321355,0.545058,-0.5482602,-0.05222341,
1,2,5.739,0.04499364,0.8564563,-0.02419139,-0.6321355,0.545058,-0.5482602,-0.05222341,
1,2,5.741,0.04499364,0.8564563,-0.02419139,-0.6321355,0.545058,-0.5482602,-0.05222341,
1,2,5.743,0.04499364,0.8564563,-0.02419139,-0.6321355,0.545058,-0.5482602,-0.05222341,
1,2,5.745,0.04268955,0.8648558,-0.01479217,-0.6263471,0.5481345,-0.5512008,-0.05844358,
1,2,5.747,0.04268955,0.8648558,-0.01479217,-0.6263471,0.5481345,-0.5512008,-0.05844358,
1,2,5.749,0.04268955,0.8648558,-0.01479217,-0.6263471,0.5481345,-0.5512008,-0.05844358,
1,2,5.751,0.04268955,0.8648558,-0.01479217,-0.6263471,0.5481345,-0.5512008,-0.05844358,
1,2,5.753,0.04065886,0.8734834,-0.004152656,-0.6206344,0.5509297,-0.5541044,-0.06525149,
1,2,5.755,0.04065886,0.8734834,-0.004152656,-0.6206344,0.5509297,-0.5541044,-0.06525149,CourtEnter
1,2,5.757,0.04065886,0.8734834,-0.004152656,-0.6206344,0.5509297,-0.5541044,-0.06525149,
1,2,5.759,0.04065886,0.8734834,-0.004152656,-0.6206344,0.5509297,-0.5541044,-0.06525149,
1,2,5.761,0.03862113,0.8823093,0.007867925,-0.6147692,0.5537361,-0.5566843,-0.07441645,
1,2,5.763,0.03862113,0.8823093,0.007867925,-0.6147692,0.5537361,-0.5566843,-0.07441645,
1,2,5.765,0.03862113,0.8823093,0.007867925,-0.6147692,0.5537361,-0.5566843,-0.07441645,
1,2,5.767,0.03862113,0.8823093,0.007867925,-0.6147692,0.5537361,-0.5566843,-0.07441645,CourtExit
1,2,5.769,0.03670302,0.8908916,0.02103608,-0.6093374,0.5561897,-0.5586894,-0.0850134,
1,2,5.771,0.03670302,0.8908916,0.02103608,-0.6093374,0.5561897,-0.5586894,-0.0850134,
1,2,5.773,0.03670302,0.8908916,0.02103608,-0.6093374,0.5561897,-0.5586894,-0.0850134,
1,2,5.775,0.03670302,0.8908916,0.02103608,-0.6093374,0.5561897,-0.5586894,-0.0850134,
1,2,5.777,0.03670302,0.8908916,0.02103608,-0.6093374,0.5561897,-0.5586894,-0.0850134,
1,2,5.779,0.03513059,0.899119,0.0353928,-0.6040832,0.5579025,-0.5607378,-0.09696162,
1,2,5.781,0.03513059,0.899119,0.0353928,-0.6040832,0.5579025,-0.5607378,-0.09696162,
1,2,5.783,0.03513059,0.899119,0.0353928,-0.6040832,0.5579025,-0.5607378,-0.09696162,
1,2,5.785,0.03513059,0.899119,0.0353928,-0.6040832,0.5579025,-0.5607378,-0.09696162,
1,2,5.787,0.03402542,0.9069158,0.05098263,-0.599888,0.5589473,-0.5618335,-0.1097976,
1,2,5.789,0.03402542,0.9069158,0.05098263,-0.599888,0.5589473,-0.5618335,-0.1097976,
1,2,5.791,0.03402542,0.9069158,0.05098263,-0.599888,0.5589473,-0.5618335,-0.1097976,
1,2,5.793,0.03402542,0.9069158,0.05098263,-0.599888,0.5589473,-0.5618335,-0.1097976,
1,2,5.795,0.03333919,0.9142668,0.06789968,-0.5966655,0.5594066,-0.5618758,-0.123896,
1,2,5.797,0.03333919,0.9142668,0.06789968,-0.5966655,0.5594066,-0.5618758,-0.123896,
1,2,5.799,0.03333919,0.9142668,0.06789968,-0.5966655,0.5594066,-0.5618758,-0.123896,
1,2,5.801,0.03333919,0.9142668,0.06789968,-0.5966655,0.5594066,-0.5618758,-0.123896,
1,2,5.803,0.03352602,0.9207864,0.08627972,-0.5952936,0.558906,-0.5604686,-0.1382916,
1,2,5.805,0.03352602,0.9207864,0.08627972,-0.5952936,0.558906,-0.5604686,-0.1382916,
1,2,5.807,0.03352602,0.9207864,0.08627972,-0.5952936,0.558906,-0.5604686,-0.1382916,
1,2,5.809,0.03352602,0.9207864,0.08627972,-0.5952936,0.558906,-0.5604686,-0.1382916,
1,2,5.811,0.03428288,0.9265922,0.1063607,-0.5949024,0.5567838,-0.5588899,-0.1540296,
1,2,5.813,0.03428288,0.9265922,0.1063607,-0.5949024,0.5567838,-0.5588899,-0.1540296,
1,2,5.815,0.03428288,0.9265922,0.1063607,-0.5949024,0.5567838,-0.5588899,-0.1540296,
1,2,5.817,0.03428288,0.9265922,0.1063607,-0.5949024,0.5567838,-0.5588899,-0.1540296,
1,2,5.819,0.03585546,0.9312572,0.1278815,-0.596099,0.5531033,-0.5566947,-0.169805,
1,2,5.821,0.03585546,0.9312572,0.1278815,-0.596099,0.5531033,-0.5566947,-0.169805,
1,2,5.823,0.03585546,0.9312572,0.1278815,-0.596099,0.5531033,-0.5566947,-0.169805,
1,2,5.825,0.03585546,0.9312572,0.1278815,-0.596099,0.5531033,-0.5566947,-0.169805,
1,2,5.827,0.03585546,0.9312572,0.1278815,-0.596099,0.5531033,-0.5566947,-0.169805,
1,2,5.829,0.03682649,0.9337437,0.1402555,-0.5974964,0.5512483,-0.5544112,-0.1781897,
1,2,5.831,0.03682649,0.9337437,0.1402555,-0.5974964,0.5512483,-0.5544112,-0.1781897,
1,2,5.833,0.03682649,0.9337437,0.1402555,-0.5974964,0.5512483,-0.5544112,-0.1781897,
1,2,5.835,0.03682649,0.9337437,0.1402555,-0.5974964,0.5512483,-0.5544112,-0.1781897,
1,2,5.837,0.03890616,0.9369869,0.162126,-0.6025764,0.547411,-0.5483374,-0.1912301,
1,2,5.839,0.03890616,0.9369869,0.162126,-0.6025764,0.547411,-0.5483374,-0.1912301,
1,2,5.841,0.03890616,0.9369869,0.162126,-0.6025764,0.547411,-0.5483374,-0.1912301,
1,2,5.843,0.03890616,0.9369869,0.162126,-0.6025764,0.547411,-0.5483374,-0.1912301,
1,2,5.845,0.04029028,0.938639,0.1747975,-0.6059319,0.5452625,-0.5444934,-0.1976416,
1,2,5.847,0.04029028,0.938639,0.1747975,-0.6059319,0.5452625,-0.5444934,-0.1976416,
1,2,5.849,0.04029028,0.938639,0.1747975,-0.6059319,0.5452625,-0.5444934,-0.1976416,
1,2,5.851,0.04029028,0.938639,0.1747975,-0.6059319,0.5452625,-0.5444934,-0.1976416,
1,2,5.853,0.04281206,0.9402524,0.1974336,-0.6162711,0.5416474,-0.5332809,-0.2060086,
1,2,5.855,0.04281206,0.9402524,0.1974336,-0.6162711,0.5416474,-0.5332809,-0.2060086,
1,2,5.857,0.04281206,0.9402524,0.1974336,-0.6162711,0.5416474,-0.5332809,-0.2060086,
1,2,5.859,0.04281206,0.9402524,0.1974336,-0.6162711,0.5416474,-0.5332809,-0.2060086,
1,2,5.861,0.04550263,0.9411502,0.2204703,-0.6301486,0.5394853,-0.5170416,-0.2110363,
1,2,5.863,0.04550263,0.9411502,0.2204703,-0.6301486,0.5394853,-0.5170416,-0.2110363,
1,2,5.865,0.04550263,0.9411502,0.2204703,-0.6301486,0.5394853,-0.5170416,-0.2110363,
1,2,5.867,0.04550263,0.9411502,0.2204703,-0.6301486,0.5394853,-0.5170416,-0.2110363,
1,2,5.869,0.04660395,0.9411903,0.233066,-0.6378279,0.5388342,-0.5073847,-0.2130592,
1,2,5.871,0.04660395,0.9411903,0.233066,-0.6378279,0.5388342,-0.5073847,-0.2130592,
1,2,5.873,0.04660395,0.9411903,0.233066,-0.6378279,0.5388342,-0.5073847,-0.2130592,
1,2,5.875,0.04660395,0.9411903,0.233066,-0.6378279,0.5388342,-0.5073847,-0.2130592,
1,2,5.877,0.04660395,0.9411903,0.233066,-0.6378279,0.5388342,-0.5073847,-0.2130592,
1,2,5.879,0.04876581,0.9402268,0.2552583,-0.6533922,0.5379795,-0.4875968,-0.214257,
1,2,5.881,0.04876581,0.9402268,0.2552583,-0.6533922,0.5379795,-0.4875968,-0.214257,
1,2,5.883,0.04876581,0.9402268,0.2552583,-0.6533922,0.5379795,-0.4875968,-0.214257,
1,2,5.885,0.04876581,0.9402268,0.2552583,-0.6533922,0.5379795,-0.4875968,-0.214257,
1,2,5.887,0.05100273,0.9378039,0.27839,-0.6682308,0.5366796,-0.4678893,-0.2156904,
1,2,5.889,0.05100273,0.9378039,0.27839,-0.6682308,0.5366796,-0.4678893,-0.2156904,
1,2,5.891,0.05100273,0.9378039,0.27839,-0.6682308,0.5366796,-0.4678893,-0.2156904,
1,2,5.893,0.05100273,0.9378039,0.27839,-0.6682308,0.5366796,-0.4678893,-0.2156904,
1,2,5.895,0.05259068,0.9359329,0.2923109,-0.6756715,0.5354343,-0.4576796,-0.2175028,
1,2,5.897,0.05259068,0.9359329,0.2923109,-0.6756715,0.5354343,-0.4576796,-0.2175028,
1,2,5.899,0.05259068,0.9359329,0.2923109,-0.6756715,0.5354343,-0.4576796,-0.2175028,
1,2,5.901,0.05259068,0.9359329,0.2923109,-0.6756715,0.5354343,-0.4576796,-0.2175028,
1,2,5.903,0.05545612,0.9316649,0.3140558,-0.6883257,0.5326886,-0.4407918,-0.2194383,
1,2,5.905,0.05545612,0.9316649,0.3140558,-0.6883257,0.5326886,-0.4407918,-0.2194383,
1,2,5.907,0.05545612,0.9316649,0.3140558,-0.6883257,0.5326886,-0.4407918,-0.2194383,
1,2,5.909,0.05545612,0.9316649,0.3140558,-0.6883257,0.5326886,-0.4407918,-0.2194383,
1,2,5.911,0.05943045,0.9259906,0.3375143,-0.6994207,0.5281907,-0.4263467,-0.223727,
1,2,5.913,0.05943045,0.9259906,0.3375143,-0.6994207,0.5281907,-0.4263467,-0.223727,
1,2,5.915,0.05943045,0.9259906,0.3375143,-0.6994207,0.5281907,-0.4263467,-0.223727,
1,2,5.917,0.05943045,0.9259906,0.3375143,-0.6994207,0.5281907,-0.4263467,-0.223727,
1,2,5.919,0.06393762,0.9185356,0.3605935,-0.709085,0.5215389,-0.4159043,-0.2285153,
1,2,5.921,0.06393762,0.9185356,0.3605935,-0.709085,0.5215389,-0.4159043,-0.2285153,
1,2,5.923,0.06393762,0.9185356,0.3605935,-0.709085,0.5215389,-0.4159043,-0.2285153,
1,2,5.925,0.06393762,0.9185356,0.3605935,-0.709085,0.5215389,-0.4159043,-0.2285153,
1,2,5.927,0.06393762,0.9185356,0.3605935,-0.709085,0.5215389,-0.4159043,-0.2285153,
1,2,5.929,0.06929551,0.9095868,0.3829894,-0.7175602,0.5130722,-0.4088737,-0.2338515,
1,2,5.931,0.06929551,0.9095868,0.3829894,-0.7175602,0.5130722,-0.4088737,-0.2338515,
1,2,5.933,0.06929551,0.9095868,0.3829894,-0.7175602,0.5130722,-0.4088737,-0.2338515,
1,2,5.935,0.06929551,0.9095868,0.3829894,-0.7175602,0.5130722,-0.4088737,-0.2338515,
1,2,5.937,0.07534896,0.9001988,0.4045168,-0.7256612,0.5040873,-0.4028198,-0.2388475,
1,2,5.939,0.07534896,0.9001988,0.4045168,-0.7256612,0.5040873,-0.4028198,-0.2388475,
1,2,5.941,0.07534896,0.9001988,0.4045168,-0.7256612,0.5040873,-0.4028198,-0.2388475,
1,2,5.943,0.07534896,0.9001988,0.4045168,-0.7256612,0.5040873,-0.4028198,-0.2388475,
1,2,5.945,0.08194487,0.890432,0.4249199,-0.7339503,0.4954447,-0.3962222,-0.2426096,
1,2,5.947,0.08194487,0.890432,0.4249199,-0.7339503,0.4954447,-0.3962222,-0.2426096,
1,2,5.949,0.08194487,0.890432,0.4249199,-0.7339503,0.4954447,-0.3962222,-0.2426096,
1,2,5.951,0.08194487,0.890432,0.4249199,-0.7339503,0.4954447,-0.3962222,-0.2426096,
1,2,5.953,0.08595915,0.8846688,0.4363512,-0.7384977,0.4908222,-0.3923614,-0.2444736,
1,2,5.955,0.08595915,0.8846688,0.4363512,-0.7384977,0.4908222,-0.3923614,-0.2444736,
1,2,5.957,0.08595915,0.8846688,0.4363512,-0.7384977,0.4908222,-0.3923614,-0.2444736,
1,2,5.959,0.08595915,0.8846688,0.4363512,-0.7384977,0.4908222,-0.3923614,-0.2444736,
1,2,5.961,0.09339018,0.8746431,0.4537905,-0.7463146,0.4827615,-0.3865917,-0.245973,
1,2,5.963,0.09339018,0.8746431,0.4537905,-0.7463146,0.4827615,-0.3865917,-0.245973,
1,2,5.965,0.09339018,0.8746431,0.4537905,-0.7463146,0.4827615,-0.3865917,-0.245973,
1,2,5.967,0.09339018,0.8746431,0.4537905,-0.7463146,0.4827615,-0.3865917,-0.245973,
1,2,5.969,0.1024949,0.8639975,0.4720067,-0.754163,0.4740927,-0.3808004,-0.2479221,
1,2,5.971,0.1024949,0.8639975,0.4720067,-0.754163,0.4740927,-0.3808004,-0.2479221,
1,2,5.973,0.1024949,0.8639975,0.4720067,-0.754163,0.4740927,-0.3808004,-0.2479221,
1,2,5.975,0.1024949,0.8639975,0.4720067,-0.754163,0.4740927,-0.3808004,-0.2479221,
1,2,5.977,0.1024949,0.8639975,0.4720067,-0.754163,0.4740927,-0.3808004,-0.2479221,
1,2,5.979,0.1124956,0.853402,0.4897081,-0.7612674,0.4648375,-0.3761941,-0.2507513,
1,2,5.981,0.1124956,0.853402,0.4897081,-0.7612674,0.4648375,-0.3761941,-0.2507513,
1,2,5.983,0.1124956,0.853402,0.4897081,-0.7612674,0.4648375,-0.3761941,-0.2507513,
1,2,5.985,0.1124956,0.853402,0.4897081,-0.7612674,0.4648375,-0.3761941,-0.2507513,
1,2,5.987,0.1234246,0.842731,0.5065339,-0.7675419,0.4552145,-0.3733877,-0.2534577,
1,2,5.989,0.1234246,0.842731,0.5065339,-0.7675419,0.4552145,-0.3733877,-0.2534577,
1,2,5.991,0.1234246,0.842731,0.5065339,-0.7675419,0.4552145,-0.3733877,-0.2534577,
1,2,5.993,0.1234246,0.842731,0.5065339,-0.7675419,0.4552145,-0.3733877,-0.2534577,
1,2,5.995,0.1349265,0.8320645,0.5224119,-0.77373,0.445341,-0.3709124,-0.2558071,
1,2,5.997,0.1349265,0.8320645,0.5224119,-0.77373,0.445341,-0.3709124,-0.2558071,
1,2,5.999,0.1349265,0.8320645,0.5224119,-0.77373,0.445341,-0.3709124,-0.2558071,
1,3,6.001,0.1349265,0.8320645,0.5224119,-0.77373,0.445341,-0.3709124,-0.2558071,TrialStart
1,3,6.003,0.1469928,0.8213005,0.5370331,-0.7803642,0.4355265,-0.3681153,-0.2565922,
1,3,6.005,0.1469928,0.8213005,0.5370331,-0.7803642,0.4355265,-0.3681153,-0.2565922,
1,3,6.007,0.1469928,0.8213005,0.5370331,-0.7803642,0.4355265,-0.3681153,-0.2565922,
1,3,6.009,0.1469928,0.8213005,0.5370331,-0.7803642,0.4355265,-0.3681153,-0.2565922,
1,3,6.011,0.1636423,0.8055961,0.5556767,-0.7916482,0.4228797,-0.360475,-0.2540151,
1,3,6.013,0.1636423,0.8055961,0.5556767,-0.7916482,0.4228797,-0.360475,-0.2540151,
1,3,6.015,0.1636423,0.8055961,0.5556767,-0.7916482,0.4228797,-0.360475,-0.2540151,
1,3,6.017,0.1636423,0.8055961,0.5556767,-0.7916482,0.4228797,-0.360475,-0.2540151,
1,3,6.019,0.1725073,0.797322,0.5649857,-0.7977911,0.4166039,-0.3553539,-0.2523772,
1,3,6.021,0.1725073,0.797322,0.5649857,-0.7977911,0.4166039,-0.3553539,-0.2523772,
1,3,6.023,0.1725073,0.797322,0.5649857,-0.7977911,0.4166039,-0.3553539,-0.2523772,
1,3,6.025,0.1725073,0.797322,0.5649857,-0.7977911,0.4166039,-0.3553539,-0.2523772,
1,3,6.027,0.1725073,0.797322,0.5649857,-0.7977911,0.4166039,-0.3553539,-0.2523772,
1,3,6.029,0.1832553,0.786678,0.5748798,-0.8065628,0.4089455,-0.3481717,-0.2469749,
1,3,6.031,0.1832553,0.786678,0.5748798,-0.8065628,0.4089455,-0.3481717,-0.2469749,
1,3,6.033,0.1832553,0.786678,0.5748798,-0.8065628,0.4089455,-0.3481717,-0.2469749,
1,3,6.035,0.1832553,0.786678,0.5748798,-0.8065628,0.4089455,-0.3481717,-0.2469749,
1,3,6.037,0.1905286,0.7797066,0.5813492,-0.8122237,0.4038408,-0.34313,-0.2438592,
1,3,6.039,0.1905286,0.7797066,0.5813492,-0.8122237,0.4038408,-0.34313,-0.2438592,
1,3,6.041,0.1905286,0.7797066,0.5813492,-0.8122237,0.4038408,-0.34313,-0.2438592,
1,3,6.043,0.1905286,0.7797066,0.5813492,-0.8122237,0.4038408,-0.34313,-0.2438592,
1,3,6.045,0.1966336,0.7733902,0.5859387,-0.8183032,0.3997088,-0.337544,-0.2380687,
1,3,6.047,0.1966336,0.7733902,0.5859387,-0.8183032,0.3997088,-0.337544,-0.2380687,
1,3,6.049,0.1966336,0.7733902,0.5859387,-0.8183032,0.3997088,-0.337544,-0.2380687,
1,3,6.051,0.1966336,0.7733902,0.5859387,-0.8183032,0.3997088,-0.337544,-0.2380687,
1,3,6.053,0.2045445,0.7658945,0.5927321,-0.8242198,0.3939956,-0.3321187,-0.23479,
1,3,6.055,0.2045445,0.7658945,0.5927321,-0.8242198,0.3939956,-0.3321187,-0.23479,
1,3,6.057,0.2045445,0.7658945,0.5927321,-0.8242198,0.3939956,-0.3321187,-0.23479,
1,3,6.059,0.2045445,0.7658945,0.5927321,-0.8242198,0.3939956,-0.3321187,-0.23479,
1,3,6.061,0.2122439,0.7588952,0.598832,-0.8301173,0.3886794,-0.3268581,-0.2302116,
1,3,6.063,0.2122439,0.7588952,0.598832,-0.8301173,0.3886794,-0.3268581,-0.2302116,
1,3,6.065,0.2122439,0.7588952,0.598832,-0.8301173,0.3886794,-0.3268581,-0.2302116,
1,3,6.067,0.2122439,0.7588952,0.598832,-0.8301173,0.3886794,-0.3268581,-0.2302116,
1,3,6.069,0.2191854,0.7529133,0.6045694,-0.8348301,0.3836492,-0.3225893,-0.2276139,
1,3,6.071,0.2191854,0.7529133,0.6045694,-0.8348301,0.3836492,-0.3225893,-0.2276139,
1,3,6.073,0.2191854,0.7529133,0.6045694,-0.8348301,0.3836492,-0.3225893,-0.2276139,
1,3,6.075,0.2191854,0.7529133,0.6045694,-0.8348301,0.3836492,-0.3225893,-0.2276139,
1,3,6.077,0.2191854,0.7529133,0.6045694,-0.8348301,0.3836492,-0.3225893,-0.2276139,
1,3,6.079,0.224672,0.7484477,0.6090575,-0.8384723,0.3798648,-0.3190986,-0.2254841,
1,3,6.081,0.224672,0.7484477,0.6090575,-0.8384723,0.3798648,-0.3190986,-0.2254841,
1,3,6.083,0.224672,0.7484477,0.6090575,-0.8384723,0.3798648,-0.3190986,-0.2254841,
1,3,6.085,0.224672,0.7484477,0.6090575,-0.8384723,0.3798648,-0.3190986,-0.2254841,
1,3,6.087,0.2302983,0.7440042,0.6138897,-0.8419827,0.3766261,-0.3156044,-0.222737,
1,3,6.089,0.2302983,0.7440042,0.6138897,-0.8419827,0.3766261,-0.3156044,-0.222737,
1,3,6.091,0.2302983,0.7440042,0.6138897,-0.8419827,0.3766261,-0.3156044,-0.222737,
1,3,6.093,0.2302983,0.7440042,0.6138897,-0.8419827,0.3766261,-0.3156044,-0.222737,
1,3,6.095,0.2348495,0.7404641,0.6178291,-0.8449039,0.3734999,-0.3127224,-0.2209975,
1,3,6.097,0.2348495,0.7404641,0.6178291,-0.8449039,0.3734999,-0.3127224,-0.2209975,
1,3,6.099,0.2348495,0.7404641,0.6178291,-0.8449039,0.3734999,-0.3127224,-0.2209975,
1,3,6.101,0.2348495,0.7404641,0.6178291,-0.8449039,0.3734999,-0.3127224,-0.2209975,
1,3,6.103,0.2396928,0.7367327,0.6220537,-0.8480265,0.3702199,-0.3094309,-0.2191821,
1,3,6.105,0.2396928,0.7367327,0.6220537,-0.8480265,0.3702199,-0.3094309,-0.2191821,
1,3,6.107,0.2396928,0.7367327,0.6220537,-0.8480265,0.3702199,-0.3094309,-0.2191821,
1,3,6.109,0.2396928,0.7367327,0.6220537,-0.8480265,0.3702199,-0.3094309,-0.2191821,
1,3,6.111,0.2442938,0.7332442,0.6262553,-0.8511375,0.3669847,-0.3060531,-0.2172989,
1,3,6.113,0.2442938,0.7332442,0.6262553,-0.8511375,0.3669847,-0.3060531,-0.2172989,
1,3,6.115,0.2442938,0.7332442,0.6262553,-0.8511375,0.3669847,-0.3060531,-0.2172989,
1,3,6.117,0.2442938,0.7332442,0.6262553,-0.8511375,0.3669847,-0.3060531,-0.2172989,
1,3,6.119,0.2484787,0.7299492,0.6303804,-0.8541193,0.3640705,-0.3025753,-0.2153628,
1,3,6.121,0.2484787,0.7299492,0.6303804,-0.8541193,0.3640705,-0.3025753,-0.2153628,
1,3,6.123,0.2484787,0.7299492,0.6303804,-0.8541193,0.3640705,-0.3025753,-0.2153628,
1,3,6.125,0.2484787,0.7299492,0.6303804,-0.8541193,0.3640705,-0.3025753,-0.2153628,
1,3,6.127,0.2484787,0.7299492,0.6303804,-0.8541193,0.3640705,-0.3025753,-0.2153628,
1,3,6.129,0.2517745,0.7275329,0.6345237,-0.8560665,0.3626797,-0.2999613,-0.2136279,
1,3,6.131,0.2517745,0.7275329,0.6345237,-0.8560665,0.3626797,-0.2999613,-0.2136279,
1,3,6.133,0.2517745,0.7275329,0.6345237,-0.8560665,0.3626797,-0.2999613,-0.2136279,
1,3,6.135,0.2517745,0.7275329,0.6345237,-0.8560665,0.3626797,-0.2999613,-0.2136279,
1,3,6.137,0.2550397,0.7249224,0.6384591,-0.8582814,0.3603839,-0.2975155,-0.2120405,
1,3,6.139,0.2550397,0.7249224,0.6384591,-0.8582814,0.3603839,-0.2975155,-0.2120405,
1,3,6.141,0.2550397,0.7249224,0.6384591,-0.8582814,0.3603839,-0.2975155,-0.2120405,
1,3,6.143,0.2550397,0.7249224,0.6384591,-0.8582814,0.3603839,-0.2975155,-0.2120405,
1,3,6.145,0.2578018,0.722792,0.6420748,-0.8599851,0.358378,-0.2958453,-0.2108707,
1,3,6.147,0.2578018,0.722792,0.6420748,-0.8599851,0.358378,-0.2958453,-0.2108707,
1,3,6.149,0.2578018,0.722792,0.6420748,-0.8599851,0.358378,-0.2958453,-0.2108707,
1,3,6.151,0.2578018,0.722792,0.6420748,-0.8599851,0.358378,-0.2958453,-0.2108707,
1,3,6.153,0.2595535,0.7216403,0.6459244,-0.860237,0.3575376,-0.2962582,-0.2106899,
1,3,6.155,0.2595535,0.7216403,0.6459244,-0.860237,0.3575376,-0.2962582,-0.2106899,
1,3,6.157,0.2595535,0.7216403,0.6459244,-0.860237,0.3575376,-0.2962582,-0.2106899,
1,3,6.159,0.2595535,0.7216403,0.6459244,-0.860237,0.3575376,-0.2962582,-0.2106899,
1,3,6.161,0.2616724,0.7201191,0.6498233,-0.8614486,0.3556836,-0.2954624,-0.2099939,
1,3,6.163,0.2616724,0.7201191,0.6498233,-0.8614486,0.3556836,-0.2954624,-0.2099939,
1,3,6.165,0.2616724,0.7201191,0.6498233,-0.8614486,0.3556836,-0.2954624,-0.2099939,
1,3,6.167,0.2616724,0.7201191,0.6498233,-0.8614486,0.3556836,-0.2954624,-0.2099939,
1,3,6.169,0.2633511,0.7190358,0.6537971,-0.8625056,0.3539506,-0.2946979,-0.2096575,
1,3,6.171,0.2633511,0.7190358,0.6537971,-0.8625056,0.3539506,-0.2946979,-0.2096575,
1,3,6.173,0.2633511,0.7190358,0.6537971,-0.8625056,0.3539506,-0.2946979,-0.2096575,
1,3,6.175,0.2633511,0.7190358,0.6537971,-0.8625056,0.3539506,-0.2946979,-0.2096575,
1,3,6.177,0.2633511,0.7190358,0.6537971,-0.8625056,0.3539506,-0.2946979,-0.2096575,
1,3,6.179,0.2635769,0.7192959,0.6576192,-0.8620493,0.3544074,-0.2949294,-0.2104353,
1,3,6.181,0.2635769,0.7192959,0.6576192,-0.8620493,0.3544074,-0.2949294,-0.2104353,
1,3,6.183,0.2635769,0.7192959,0.6576192,-0.8620493,0.3544074,-0.2949294,-0.2104353,
1,3,6.185,0.2635769,0.7192959,0.6576192,-0.8620493,0.3544074,-0.2949294,-0.2104353,
1,3,6.187,0.2647268,0.7189429,0.6616802,-0.8632135,0.3533118,-0.2931982,-0.2099239,
1,3,6.189,0.2647268,0.7189429,0.6616802,-0.8632135,0.3533118,-0.2931982,-0.2099239,
1,3,6.191,0.2647268,0.7189429,0.6616802,-0.8632135,0.3533118,-0.2931982,-0.2099239,
1,3,6.193,0.2647268,0.7189429,0.6616802,-0.8632135,0.3533118,-0.2931982,-0.2099239,
1,3,6.195,0.2656273,0.7189749,0.6660107,-0.8644987,0.3525996,-0.2906124,-0.2094277,
1,3,6.197,0.2656273,0.7189749,0.6660107,-0.8644987,0.3525996,-0.2906124,-0.2094277,
1,3,6.199,0.2656273,0.7189749,0.6660107,-0.8644987,0.3525996,-0.2906124,-0.2094277,
1,3,6.201,0.2656273,0.7189749,0.6660107,-0.8644987,0.3525996,-0.2906124,-0.2094277,
1,3,6.203,0.2661605,0.7194488,0.670298,-0.8658428,0.3523448,-0.2873757,-0.2087693,
1,3,6.205,0.2661605,0.7194488,0.670298,-0.8658428,0.3523448,-0.2873757,-0.2087693,
1,3,6.207,0.2661605,0.7194488,0.670298,-0.8658428,0.3523448,-0.2873757,-0.2087693,
1,3,6.209,0.2661605,0.7194488,0.670298,-0.8658428,0.3523448,-0.2873757,-0.2087693,
1,3,6.211,0.2664804,0.7202597,0.6741481,-0.866945,0.3525044,-0.2840155,-0.208524,
1,3,6.213,0.2664804,0.7202597,0.6741481,-0.866945,0.3525044,-0.2840155,-0.208524,
1,3,6.215,0.2664804,0.7202597,0.6741481,-0.866945,0.3525044,-0.2840155,-0.208524,
1,3,6.217,0.2664804,0.7202597,0.6741481,-0.866945,0.3525044,-0.2840155,-0.208524,
1,3,6.219,0.2660415,0.7223184,0.6786726,-0.8680243,0.3548393,-0.2778347,-0.2084004,
1,3,6.221,0.2660415,0.7223184,0.6786726,-0.8680243,0.3548393,-0.2778347,-0.2084004,
1,3,6.223,0.2660415,0.7223184,0.6786726,-0.8680243,0.3548393,-0.2778347,-0.2084004,
1,3,6.225,0.2660415,0.7223184,0.6786726,-0.8680243,0.3548393,-0.2778347,-0.2084004,
1,3,6.227,0.2660415,0.7223184,0.6786726,-0.8680243,0.3548393,-0.2778347,-0.2084004,
1,3,6.229,0.2661599,0.7238145,0.6834662,-0.8694262,0.3553472,-0.272967,-0.2081238,
1,3,6.231,0.2661599,0.7238145,0.6834662,-0.8694262,0.3553472,-0.272967,-0.2081238,
1,3,6.233,0.2661599,0.7238145,0.6834662,-0.8694262,0.3553472,-0.272967,-0.2081238,
1,3,6.235,0.2661599,0.7238145,0.6834662,-0.8694262,0.3553472,-0.272967,-0.2081238,
1,3,6.237,0.2661244,0.7254951,0.6880412,-0.8707294,0.3561516,-0.2678816,-0.2079082,
1,3,6.239,0.2661244,0.7254951,0.6880412,-0.8707294,0.3561516,-0.2678816,-0.2079082,
1,3,6.241,0.2661244,0.7254951,0.6880412,-0.8707294,0.3561516,-0.2678816,-0.2079082,
1,3,6.243,0.2661244,0.7254951,0.6880412,-0.8707294,0.3561516,-0.2678816,-0.2079082,
1,3,6.245,0.2660584,0.7274054,0.6927965,-0.8718734,0.3570158,-0.2629663,-0.2079066,
1,3,6.247,0.2660584,0.7274054,0.6927965,-0.8718734,0.3570158,-0.2629663,-0.2079066,
1,3,6.249,0.2660584,0.7274054,0.6927965,-0.8718734,0.3570158,-0.2629663,-0.2079066,
1,3,6.251,0.2660584,0.7274054,0.6927965,-0.8718734,0.3570158,-0.2629663,-0.2079066,
1,3,6.253,0.2655765,0.7303594,0.6981273,-0.8726934,0.3593052,-0.2564213,-0.2086961,
1,3,6.255,0.2655765,0.7303594,0.6981273,-0.8726934,0.3593052,-0.2564213,-0.2086961,
1,3,6.257,0.2655765,0.7303594,0.6981273,-0.8726934,0.3593052,-0.2564213,-0.2086961,
1,3,6.259,0.2655765,0.7303594,0.6981273,-0.8726934,0.3593052,-0.2564213,-0.2086961,
1,3,6.261,0.2653373,0.7327418,0.7031201,-0.873603,0.3602059,-0.2516971,-0.2090885,
1,3,6.263,0.2653373,0.7327418,0.7031201,-0.873603,0.3602059,-0.2516971,-0.2090885,
1,3,6.265,0.2653373,0.7327418,0.7031201,-0.873603,0.3602059,-0.2516971,-0.2090885,
1,3,6.267,0.2653373,0.7327418,0.7031201,-0.873603,0.3602059,-0.2516971,-0.2090885,
1,3,6.269,0.2650086,0.7352685,0.7079143,-0.8742254,0.361328,-0.2474725,-0.2095936,
1,3,6.271,0.2650086,0.7352685,0.7079143,-0.8742254,0.361328,-0.2474725,-0.2095936,
1,3,6.273,0.2650086,0.7352685,0.7079143,-0.8742254,0.361328,-0.2474725,-0.2095936,
1,3,6.275,0.2650086,0.7352685,0.7079143,-0.8742254,0.361328,-0.2474725,-0.2095936,
1,3,6.277,0.2650086,0.7352685,0.7079143,-0.8742254,0.361328,-0.2474725,-0.2095936,
1,3,6.279,0.2646633,0.7378038,0.7127225,-0.8748236,0.3624386,-0.2432132,-0.2101649,
1,3,6.281,0.2646633,0.7378038,0.7127225,-0.8748236,0.3624386,-0.2432132,-0.2101649,
1,3,6.283,0.2646633,0.7378038,0.7127225,-0.8748236,0.3624386,-0.2432132,-0.2101649,
1,3,6.285,0.2646633,0.7378038,0.7127225,-0.8748236,0.3624386,-0.2432132,-0.2101649,
1,3,6.287,0.2635632,0.7408642,0.7172644,-0.8741288,0.3647171,-0.2407178,-0.2119793,
1,3,6.289,0.2635632,0.7408642,0.7172644,-0.8741288,0.3647171,-0.2407178,-0.2119793,
1,3,6.291,0.2635632,0.7408642,0.7172644,-0.8741288,0.3647171,-0.2407178,-0.2119793,
1,3,6.293,0.2635632,0.7408642,0.7172644,-0.8741288,0.3647171,-0.2407178,-0.2119793,
1,3,6.295,0.2628325,0.7433391,0.7216541,-0.8740778,0.3657864,-0.2383135,-0.213061,
1,3,6.297,0.2628325,0.7433391,0.7216541,-0.8740778,0.3657864,-0.2383135,-0.213061,
1,3,6.299,0.2628325,0.7433391,0.7216541,-0.8740778,0.3657864,-0.2383135,-0.213061,
1,3,6.301,0.2628325,0.7433391,0.7216541,-0.8740778,0.3657864,-0.2383135,-0.213061,
1,3,6.303,0.2619514,0.7458872,0.7263361,-0.8738762,0.3668098,-0.2364575,-0.2141939,
1,3,6.305,0.2619514,0.7458872,0.7263361,-0.8738762,0.3668098,-0.2364575,-0.2141939,
1,3,6.307,0.2619514,0.7458872,0.7263361,-0.8738762,0.3668098,-0.2364575,-0.2141939,
1,3,6.309,0.2619514,0.7458872,0.7263361,-0.8738762,0.3668098,-0.2364575,-0.2141939,
1,3,6.311,0.2606004,0.7483164,0.7301096,-0.8724347,0.3681546,-0.2377474,-0.2163243,
1,3,6.313,0.2606004,0.7483164,0.7301096,-0.8724347,0.3681546,-0.2377474,-0.2163243,
1,3,6.315,0.2606004,0.7483164,0.7301096,-0.8724347,0.3681546,-0.2377474,-0.2163243,
1,3,6.317,0.2606004,0.7483164,0.7301096,-0.8724347,0.3681546,-0.2377474,-0.2163243,
1,3,6.319,0.2596065,0.7501875,0.7334812,-0.871847,0.368862,-0.2377168,-0.2175191,
1,3,6.321,0.2596065,0.7501875,0.7334812,-0.871847,0.368862,-0.2377168,-0.2175191,
1,3,6.323,0.2596065,0.7501875,0.7334812,-0.871847,0.368862,-0.2377168,-0.2175191,
1,3,6.325,0.2596065,0.7501875,0.7334812,-0.871847,0.368862,-0.2377168,-0.2175191,
1,3,6.327,0.2596065,0.7501875,0.7334812,-0.871847,0.368862,-0.2377168,-0.2175191,
1,3,6.329,0.258588,0.7519913,0.7370782,-0.8712932,0.3695967,-0.2377372,-0.2184661,
1,3,6.331,0.258588,0.7519913,0.7370782,-0.8712932,0.3695967,-0.2377372,-0.2184661,
1,3,6.333,0.258588,0.7519913,0.7370782,-0.8712932,0.3695967,-0.2377372,-0.2184661,
1,3,6.335,0.258588,0.7519913,0.7370782,-0.8712932,0.3695967,-0.2377372,-0.2184661,
1,3,6.337,0.2574577,0.7537696,0.7406717,-0.8707589,0.3702263,-0.2378239,-0.219434,
1,3,6.339,0.2574577,0.7537696,0.7406717,-0.8707589,0.3702263,-0.2378239,-0.219434,
1,3,6.341,0.2574577,0.7537696,0.7406717,-0.8707589,0.3702263,-0.2378239,-0.219434,
1,3,6.343,0.2574577,0.7537696,0.7406717,-0.8707589,0.3702263,-0.2378239,-0.219434,
1,3,6.345,0.2561563,0.7552922,0.7435642,-0.8695535,0.3708858,-0.2403286,-0.2203691,
1,3,6.347,0.2561563,0.7552922,0.7435642,-0.8695535,0.3708858,-0.2403286,-0.2203691,
1,3,6.349,0.2561563,0.7552922,0.7435642,-0.8695535,0.3708858,-0.2403286,-0.2203691,
1,3,6.351,0.2561563,0.7552922,0.7435642,-0.8695535,0.3708858,-0.2403286,-0.2203691,
1,3,6.353,0.2550216,0.7568392,0.7468155,-0.8691329,0.371643,-0.2401914,-0.2209018,
1,3,6.355,0.2550216,0.7568392,0.7468155,-0.8691329,0.371643,-0.2401914,-0.2209018,
1,3,6.357,0.2550216,0.7568392,0.7468155,-0.8691329,0.371643,-0.2401914,-0.2209018,
1,3,6.359,0.2550216,0.7568392,0.7468155,-0.8691329,0.371643,-0.2401914,-0.2209018,
1,3,6.361,0.253916,0.75836,0.7501856,-0.868831,0.3723196,-0.2399072,-0.2212585,
1,3,6.363,0.253916,0.75836,0.7501856,-0.868831,0.3723196,-0.2399072,-0.2212585,
1,3,6.365,0.253916,0.75836,0.7501856,-0.868831,0.3723196,-0.2399072,-0.2212585,
1,3,6.367,0.253916,0.75836,0.7501856,-0.868831,0.3723196,-0.2399072,-0.2212585,
1,3,6.369,0.2527655,0.7598934,0.7535219,-0.8685656,0.373121,-0.2392691,-0.2216415,
1,3,6.371,0.2527655,0.7598934,0.7535219,-0.8685656,0.373121,-0.2392691,-0.2216415,
1,3,6.373,0.2527655,0.7598934,0.7535219,-0.8685656,0.373121,-0.2392691,-0.2216415,
1,3,6.375,0.2527655,0.7598934,0.7535219,-0.8685656,0.373121,-0.2392691,-0.2216415,
1,3,6.377,0.2527655,0.7598934,0.7535219,-0.8685656,0.373121,-0.2392691,-0.2216415,
1,3,6.379,0.2517967,0.7613131,0.7567881,-0.8684312,0.3738039,-0.23866,-0.2216741,
1,3,6.381,0.2517967,0.7613131,0.7567881,-0.8684312,0.3738039,-0.23866,-0.2216741,
1,3,6.383,0.2517967,0.7613131,0.7567881,-0.8684312,0.3738039,-0.23866,-0.2216741,
1,3,6.385,0.2517967,0.7613131,0.7567881,-0.8684312,0.3738039,-0.23866,-0.2216741,
1,3,6.387,0.2511276,0.7625709,0.7599091,-0.8687625,0.3744336,-0.2369123,-0.2211875,
1,3,6.389,0.2511276,0.7625709,0.7599091,-0.8687625,0.3744336,-0.2369123,-0.2211875,
1,3,6.391,0.2511276,0.7625709,0.7599091,-0.8687625,0.3744336,-0.2369123,-0.2211875,
1,3,6.393,0.2511276,0.7625709,0.7599091,-0.8687625,0.3744336,-0.2369123,-0.2211875,
1,3,6.395,0.2505186,0.7637362,0.7628411,-0.8690465,0.3748812,-0.2354196,-0.2209071,
1,3,6.397,0.2505186,0.7637362,0.7628411,-0.8690465,0.3748812,-0.2354196,-0.2209071,
1,3,6.399,0.2505186,0.7637362,0.7628411,-0.8690465,0.3748812,-0.2354196,-0.2209071,
1,3,6.401,0.2505186,0.7637362,0.7628411,-0.8690465,0.3748812,-0.2354196,-0.2209071,
1,3,6.403,0.2498906,0.7651752,0.7662852,-0.8693275,0.3754809,-0.2335959,-0.2207186,
1,3,6.405,0.2498906,0.7651752,0.7662852,-0.8693275,0.3754809,-0.2335959,-0.2207186,
1,3,6.407,0.2498906,0.7651752,0.7662852,-0.8693275,0.3754809,-0.2335959,-0.2207186,
1,3,6.409,0.2498906,0.7651752,0.7662852,-0.8693275,0.3754809,-0.2335959,-0.2207186,
1,3,6.411,0.2491514,0.7668933,0.7702747,-0.8697258,0.3762823,-0.2310001,-0.2205167,
1,3,6.413,0.2491514,0.7668933,0.7702747,-0.8697258,0.3762823,-0.2310001,-0.2205167,
1,3,6.415,0.2491514,0.7668933,0.7702747,-0.8697258,0.3762823,-0.2310001,-0.2205167,
1,3,6.417,0.2491514,0.7668933,0.7702747,-0.8697258,0.3762823,-0.2310001,-0.2205167,
1,3,6.419,0.2486012,0.7682844,0.7736052,-0.8701229,0.3768955,-0.228696,-0.2203043,
1,3,6.421,0.2486012,0.7682844,0.7736052,-0.8701229,0.3768955,-0.228696,-0.2203043,
1,3,6.423,0.2486012,0.7682844,0.7736052,-0.8701229,0.3768955,-0.228696,-0.2203043,
1,3,6.425,0.2486012,0.7682844,0.7736052,-0.8701229,0.3768955,-0.228696,-0.2203043,
1,3,6.427,0.2486012,0.7682844,0.7736052,-0.8701229,0.3768955,-0.228696,-0.2203043,
1,3,6.429,0.2481211,0.7697747,0.7771038,-0.8705187,0.3775246,-0.2263013,-0.2201367,
1,3,6.431,0.2481211,0.7697747,0.7771038,-0.8705187,0.3775246,-0.2263013,-0.2201367,
1,3,6.433,0.2481211,0.7697747,0.7771038,-0.8705187,0.3775246,-0.2263013,-0.2201367,
1,3,6.435,0.2481211,0.7697747,0.7771038,-0.8705187,0.3775246,-0.2263013,-0.2201367,
1,3,6.437,0.2478786,0.77132,0.7809803,-0.8713186,0.3779264,-0.2229071,-0.2197452,
1,3,6.439,0.2478786,0.77132,0.7809803,-0.8713186,0.3779264,-0.2229071,-0.2197452,
1,3,6.441,0.2478786,0.77132,0.7809803,-0.8713186,0.3779264,-0.2229071,-0.2197452,
1,3,6.443,0.2478786,0.77132,0.7809803,-0.8713186,0.3779264,-0.2229071,-0.2197452,
1,3,6.445,0.2476276,0.7729459,0.7850091,-0.8717901,0.3782413,-0.2204545,-0.219808,
1,3,6.447,0.2476276,0.7729459,0.7850091,-0.8717901,0.3782413,-0.2204545,-0.219808,
1,3,6.449,0.2476276,0.7729459,0.7850091,-0.8717901,0.3782413,-0.2204545,-0.219808,
1,3,6.451,0.2476276,0.7729459,0.7850091,-0.8717901,0.3782413,-0.2204545,-0.219808,
1,3,6.453,0.2474054,0.7745655,0.7888849,-0.8721648,0.3784682,-0.2182395,-0.2201407,
1,3,6.455,0.2474054,0.7745655,0.7888849,-0.8721648,0.3784682,-0.2182395,-0.2201407,
1,3,6.457,0.2474054,0.7745655,0.7888849,-0.8721648,0.3784682,-0.2182395,-0.2201407,
1,3,6.459,0.2474054,0.7745655,0.7888849,-0.8721648,0.3784682,-0.2182395,-0.2201407,
1,3,6.461,0.2471689,0.7762882,0.7926877,-0.8723332,0.3787486,-0.2166511,-0.2205595,
1,3,6.463,0.2471689,0.7762882,0.7926877,-0.8723332,0.3787486,-0.2166511,-0.2205595,
1,3,6.465,0.2471689,0.7762882,0.7926877,-0.8723332,0.3787486,-0.2166511,-0.2205595,
1,3,6.467,0.2471689,0.7762882,0.7926877,-0.8723332,0.3787486,-0.2166511,-0.2205595,
1,3,6.469,0.2469687,0.7781841,0.7967485,-0.872268,0.3786912,-0.2157336,-0.2218123,
1,3,6.471,0.2469687,0.7781841,0.7967485,-0.872268,0.3786912,-0.2157336,-0.2218123,
1,3,6.473,0.2469687,0.7781841,0.7967485,-0.872268,0.3786912,-0.2157336,-0.2218123,
1,3,6.475,0.2469687,0.7781841,0.7967485,-0.872268,0.3786912,-0.2157336,-0.2218123,
1,3,6.477,0.2469687,0.7781841,0.7967485,-0.872268,0.3786912,-0.2157336,-0.2218123,
1,3,6.479,0.2467577,0.7798933,0.8004643,-0.8723015,0.3786957,-0.2146485,-0.2227235,
1,3,6.481,0.2467577,0.7798933,0.8004643,-0.8723015,0.3786957,-0.2146485,-0.2227235,
1,3,6.483,0.2467577,0.7798933,0.8004643,-0.8723015,0.3786957,-0.2146485,-0.2227235,
1,3,6.485,0.2467577,0.7798933,0.8004643,-0.8723015,0.3786957,-0.2146485,-0.2227235,
1,3,6.487,0.2464783,0.7817873,0.8043338,-0.8723888,0.3789538,-0.2132373,-0.2232972,
1,3,6.489,0.2464783,0.7817873,0.8043338,-0.8723888,0.3789538,-0.2132373,-0.2232972,
1,3,6.491,0.2464783,0.7817873,0.8043338,-0.8723888,0.3789538,-0.2132373,-0.2232972,
1,3,6.493,0.2464783,0.7817873,0.8043338,-0.8723888,0.3789538,-0.2132373,-0.2232972,
1,3,6.495,0.2461375,0.7835177,0.807757,-0.872454,0.3793613,-0.2117614,-0.2237549,
1,3,6.497,0.2461375,0.7835177,0.807757,-0.872454,0.3793613,-0.2117614,-0.2237549,
1,3,6.499,0.2461375,0.7835177,0.807757,-0.872454,0.3793613,-0.2117614,-0.2237549,
1,3,6.501,0.2461375,0.7835177,0.807757,-0.872454,0.3793613,-0.2117614,-0.2237549,
1,3,6.503,0.2452502,0.7856027,0.8112958,-0.8722938,0.3805452,-0.2095896,-0.2244125,
1,3,6.505,0.2452502,0.7856027,0.8112958,-0.8722938,0.3805452,-0.2095896,-0.2244125,
1,3,6.507,0.2452502,0.7856027,0.8112958,-0.8722938,0.3805452,-0.2095896,-0.2244125,
1,3,6.509,0.2452502,0.7856027,0.8112958,-0.8722938,0.3805452,-0.2095896,-0.2244125,
1,3,6.511,0.2445494,0.7875181,0.814678,-0.8723029,0.3815563,-0.2073565,-0.2247349,
1,3,6.513,0.2445494,0.7875181,0.814678,-0.8723029,0.3815563,-0.2073565,-0.2247349,
1,3,6.515,0.2445494,0.7875181,0.814678,-0.8723029,0.3815563,-0.2073565,-0.2247349,
1,3,6.517,0.2445494,0.7875181,0.814678,-0.8723029,0.3815563,-0.2073565,-0.2247349,
1,3,6.519,0.2436055,0.7896768,0.8183881,-0.8723959,0.3827691,-0.2045814,-0.2248545,
1,3,6.521,0.2436055,0.7896768,0.8183881,-0.8723959,0.3827691,-0.2045814,-0.2248545,
1,3,6.523,0.2436055,0.7896768,0.8183881,-0.8723959,0.3827691,-0.2045814,-0.2248545,
1,3,6.525,0.2436055,0.7896768,0.8183881,-0.8723959,0.3827691,-0.2045814,-0.2248545,
1,3,6.527,0.2436055,0.7896768,0.8183881,-0.8723959,0.3827691,-0.2045814,-0.2248545,
1,3,6.529,0.2422461,0.7916439,0.8211677,-0.8724756,0.3849663,-0.2005183,-0.2244548,
1,3,6.531,0.2422461,0.7916439,0.8211677,-0.8724756,0.3849663,-0.2005183,-0.2244548,
1,3,6.533,0.2422461,0.7916439,0.8211677,-0.8724756,0.3849663,-0.2005183,-0.2244548,
1,3,6.535,0.2422461,0.7916439,0.8211677,-0.8724756,0.3849663,-0.2005183,-0.2244548,
1,3,6.537,0.2409534,0.7934785,0.8238716,-0.872449,0.3866265,-0.1975549,-0.2243318,
1,3,6.539,0.2409534,0.7934785,0.8238716,-0.872449,0.3866265,-0.1975549,-0.2243318,
1,3,6.541,0.2409534,0.7934785,0.8238716,-0.872449,0.3866265,-0.1975549,-0.2243318,
1,3,6.543,0.2409534,0.7934785,0.8238716,-0.872449,0.3866265,-0.1975549,-0.2243318,
1,3,6.545,0.2395789,0.7951289,0.8261485,-0.8723539,0.3883105,-0.1949644,-0.2240598,
1,3,6.547,0.2395789,0.7951289,0.8261485,-0.8723539,0.3883105,-0.1949644,-0.2240598,
1,3,6.549,0.2395789,0.7951289,0.8261485,-0.8723539,0.3883105,-0.1949644,-0.2240598,
1,3,6.551,0.2395789,0.7951289,0.8261485,-0.8723539,0.3883105,-0.1949644,-0.2240598,
1,3,6.553,0.2374502,0.7968416,0.8282292,-0.8719027,0.3908767,-0.1924601,-0.2235178,
1,3,6.555,0.2374502,0.7968416,0.8282292,-0.8719027,0.3908767,-0.1924601,-0.2235178,
1,3,6.557,0.2374502,0.7968416,0.8282292,-0.8719027,0.3908767,-0.1924601,-0.2235178,
1,3,6.559,0.2374502,0.7968416,0.8282292,-0.8719027,0.3908767,-0.1924601,-0.2235178,
1,3,6.561,0.2357509,0.7982494,0.8301665,-0.8715265,0.3925498,-0.1908506,-0.2234331,
1,3,6.563,0.2357509,0.7982494,0.8301665,-0.8715265,0.3925498,-0.1908506,-0.2234331,
1,3,6.565,0.2357509,0.7982494,0.8301665,-0.8715265,0.3925498,-0.1908506,-0.2234331,
1,3,6.567,0.2357509,0.7982494,0.8301665,-0.8715265,0.3925498,-0.1908506,-0.2234331,
1,3,6.569,0.2339312,0.7995937,0.8319089,-0.8709792,0.3942344,-0.1897228,-0.2235615,
1,3,6.571,0.2339312,0.7995937,0.8319089,-0.8709792,0.3942344,-0.1897228,-0.2235615,
1,3,6.573,0.2339312,0.7995937,0.8319089,-0.8709792,0.3942344,-0.1897228,-0.2235615,
1,3,6.575,0.2339312,0.7995937,0.8319089,-0.8709792,0.3942344,-0.1897228,-0.2235615,
1,3,6.577,0.2339312,0.7995937,0.8319089,-0.8709792,0.3942344,-0.1897228,-0.2235615,
1,3,6.579,0.2318188,0.8005781,0.8328452,-0.8697634,0.3959431,-0.1910973,-0.2241039,
1,3,6.581,0.2318188,0.8005781,0.8328452,-0.8697634,0.3959431,-0.1910973,-0.2241039,
1,3,6.583,0.2318188,0.8005781,0.8328452,-0.8697634,0.3959431,-0.1910973,-0.2241039,
1,3,6.585,0.2318188,0.8005781,0.8328452,-0.8697634,0.3959431,-0.1910973,-0.2241039,
1,3,6.587,0.2300274,0.8014065,0.8340477,-0.8690084,0.3970335,-0.1916631,-0.2246201,
1,3,6.589,0.2300274,0.8014065,0.8340477,-0.8690084,0.3970335,-0.1916631,-0.2246201,
1,3,6.591,0.2300274,0.8014065,0.8340477,-0.8690084,0.3970335,-0.1916631,-0.2246201,
1,3,6.593,0.2300274,0.8014065,0.8340477,-0.8690084,0.3970335,-0.1916631,-0.2246201,
1,3,6.595,0.2284009,0.8021168,0.835004,-0.8681751,0.3979985,-0.1926281,-0.2253078,
1,3,6.597,0.2284009,0.8021168,0.835004,-0.8681751,0.3979985,-0.1926281,-0.2253078,
1,3,6.599,0.2284009,0.8021168,0.835004,-0.8681751,0.3979985,-0.1926281,-0.2253078,
1,3,6.601,0.2284009,0.8021168,0.835004,-0.8681751,0.3979985,-0.1926281,-0.2253078,
1,3,6.603,0.2267685,0.802814,0.8359088,-0.8672048,0.3989101,-0.1940171,-0.2262386,
1,3,6.605,0.2267685,0.802814,0.8359088,-0.8672048,0.3989101,-0.1940171,-0.2262386,
1,3,6.607,0.2267685,0.802814,0.8359088,-0.8672048,0.3989101,-0.1940171,-0.2262386,
1,3,6.609,0.2267685,0.802814,0.8359088,-0.8672048,0.3989101,-0.1940171,-0.2262386,
1,3,6.611,0.225341,0.8033561,0.8365575,-0.866262,0.3995457,-0.1957567,-0.2272284,
1,3,6.613,0.225341,0.8033561,0.8365575,-0.866262,0.3995457,-0.1957567,-0.2272284,
1,3,6.615,0.225341,0.8033561,0.8365575,-0.866262,0.3995457,-0.1957567,-0.2272284,
1,3,6.617,0.225341,0.8033561,0.8365575,-0.866262,0.3995457,-0.1957567,-0.2272284,
1,3,6.619,0.2242032,0.8035177,0.8366669,-0.8650007,0.3994146,-0.20001,-0.2285558,
1,3,6.621,0.2242032,0.8035177,0.8366669,-0.8650007,0.3994146,-0.20001,-0.2285558,
1,3,6.623,0.2242032,0.8035177,0.8366669,-0.8650007,0.3994146,-0.20001,-0.2285558,
1,3,6.625,0.2242032,0.8035177,0.8366669,-0.8650007,0.3994146,-0.20001,-0.2285558,
1,3,6.627,0.2242032,0.8035177,0.8366669,-0.8650007,0.3994146,-0.20001,-0.2285558,
1,3,6.629,0.2229511,0.8038093,0.8370854,-0.8642043,0.3997149,-0.2019083,-0.2293729,
1,3,6.631,0.2229511,0.8038093,0.8370854,-0.8642043,0.3997149,-0.2019083,-0.2293729,
1,3,6.633,0.2229511,0.8038093,0.8370854,-0.8642043,0.3997149,-0.2019083,-0.2293729,
1,3,6.635,0.2229511,0.8038093,0.8370854,-0.8642043,0.3997149,-0.2019083,-0.2293729,
1,3,6.637,0.2217459,0.804009,0.8374004,-0.8634241,0.4000711,-0.2036673,-0.2301339,
1,3,6.639,0.2217459,0.804009,0.8374004,-0.8634241,0.4000711,-0.2036673,-0.2301339,
1,3,6.641,0.2217459,0.804009,0.8374004,-0.8634241,0.4000711,-0.2036673,-0.2301339,
1,3,6.643,0.2217459,0.804009,0.8374004,-0.8634241,0.4000711,-0.2036673,-0.2301339,
1,3,6.645,0.2207903,0.8040975,0.8374716,-0.8628033,0.4003755,-0.2050537,-0.2307011,
1,3,6.647,0.2207903,0.8040975,0.8374716,-0.8628033,0.4003755,-0.2050537,-0.2307011,
1,3,6.649,0.2207903,0.8040975,0.8374716,-0.8628033,0.4003755,-0.2050537,-0.2307011,
1,3,6.651,0.2207903,0.8040975,0.8374716,-0.8628033,0.4003755,-0.2050537,-0.2307011,
1,3,6.653,0.2199901,0.8037512,0.8370326,-0.8624328,0.4003088,-0.2068028,-0.2306409,
1,3,6.655,0.2199901,0.8037512,0.8370326,-0.8624328,0.4003088,-0.2068028,-0.2306409,
1,3,6.657,0.2199901,0.8037512,0.8370326,-0.8624328,0.4003088,-0.2068028,-0.2306409,
1,3,6.659,0.2199901,0.8037512,0.8370326,-0.8624328,0.4003088,-0.2068028,-0.2306409,
1,3,6.661,0.2194261,0.8033519,0.8364831,-0.8623948,0.4004622,-0.2073425,-0.2300313,
1,3,6.663,0.2194261,0.8033519,0.8364831,-0.8623948,0.4004622,-0.2073425,-0.2300313,
1,3,6.665,0.2194261,0.8033519,0.8364831,-0.8623948,0.4004622,-0.2073425,-0.2300313,
1,3,6.667,0.2194261,0.8033519,0.8364831,-0.8623948,0.4004622,-0.2073425,-0.2300313,
1,3,6.669,0.2187919,0.8028321,0.8356946,-0.8624123,0.4007069,-0.2077888,-0.2291348,
1,3,6.671,0.2187919,0.8028321,0.8356946,-0.8624123,0.4007069,-0.2077888,-0.2291348,
1,3,6.673,0.2187919,0.8028321,0.8356946,-0.8624123,0.4007069,-0.2077888,-0.2291348,
1,3,6.675,0.2187919,0.8028321,0.8356946,-0.8624123,0.4007069,-0.2077888,-0.2291348,
1,3,6.677,0.2187919,0.8028321,0.8356946,-0.8624123,0.4007069,-0.2077888,-0.2291348,
1,3,6.679,0.2182254,0.8018778,0.834085,-0.8629327,0.4010166,-0.2079097,-0.2265093,
1,3,6.681,0.2182254,0.8018778,0.834085,-0.8629327,0.4010166,-0.2079097,-0.2265093,
1,3,6.683,0.2182254,0.8018778,0.834085,-0.8629327,0.4010166,-0.2079097,-0.2265093,
1,3,6.685,0.2182254,0.8018778,0.834085,-0.8629327,0.4010166,-0.2079097,-0.2265093,
1,3,6.687,0.2175531,0.8010832,0.8327486,-0.8631119,0.4015063,-0.2077871,-0.2250672,
1,3,6.689,0.2175531,0.8010832,0.8327486,-0.8631119,0.4015063,-0.2077871,-0.2250672,
1,3,6.691,0.2175531,0.8010832,0.8327486,-0.8631119,0.4015063,-0.2077871,-0.2250672,
1,3,6.693,0.2175531,0.8010832,0.8327486,-0.8631119,0.4015063,-0.2077871,-0.2250672,
1,3,6.695,0.2171625,0.8001473,0.8311724,-0.8634517,0.4018012,-0.2076155,-0.2233893,
1,3,6.697,0.2171625,0.8001473,0.8311724,-0.8634517,0.4018012,-0.2076155,-0.2233893,
1,3,6.699,0.2171625,0.8001473,0.8311724,-0.8634517,0.4018012,-0.2076155,-0.2233893,
1,3,6.701,0.2171625,0.8001473,0.8311724,-0.8634517,0.4018012,-0.2076155,-0.2233893,
1,3,6.703,0.2169296,0.798548,0.8287184,-0.8642422,0.4018999,-0.2077971,-0.2199598,
1,3,6.705,0.2169296,0.798548,0.8287184,-0.8642422,0.4018999,-0.2077971,-0.2199598,
1,3,6.707,0.2169296,0.798548,0.8287184,-0.8642422,0.4018999,-0.2077971,-0.2199598,
1,3,6.709,0.2169296,0.798548,0.8287184,-0.8642422,0.4018999,-0.2077971,-0.2199598,
1,3,6.711,0.2166935,0.7973744,0.8270177,-0.8644873,0.4019876,-0.2081553,-0.2184927,
1,3,6.713,0.2166935,0.7973744,0.8270177,-0.8644873,0.4019876,-0.2081553,-0.2184927,
1,3,6.715,0.2166935,0.7973744,0.8270177,-0.8644873,0.4019876,-0.2081553,-0.2184927,
1,3,6.717,0.2166935,0.7973744,0.8270177,-0.8644873,0.4019876,-0.2081553,-0.2184927,
1,3,6.719,0.2164148,0.7960058,0.8247848,-0.864662,0.4020469,-0.2091935,-0.2166933,
1,3,6.721,0.2164148,0.7960058,0.8247848,-0.864662,0.4020469,-0.2091935,-0.2166933,
1,3,6.723,0.2164148,0.7960058,0.8247848,-0.864662,0.4020469,-0.2091935,-0.2166933,
1,3,6.725,0.2164148,0.7960058,0.8247848,-0.864662,0.4020469,-0.2091935,-0.2166933,
1,3,6.727,0.2164148,0.7960058,0.8247848,-0.864662,0.4020469,-0.2091935,-0.2166933,
1,3,6.729,0.2161976,0.7945871,0.822368,-0.8647665,0.4020303,-0.2106277,-0.2149103,
1,3,6.731,0.2161976,0.7945871,0.822368,-0.8647665,0.4020303,-0.2106277,-0.2149103,
1,3,6.733,0.2161976,0.7945871,0.822368,-0.8647665,0.4020303,-0.2106277,-0.2149103,
1,3,6.735,0.2161976,0.7945871,0.822368,-0.8647665,0.4020303,-0.2106277,-0.2149103,
1,3,6.737,0.2160317,0.7930347,0.8194879,-0.8647296,0.4019592,-0.2126922,-0.2131514,
1,3,6.739,0.2160317,0.7930347,0.8194879,-0.8647296,0.4019592,-0.2126922,-0.2131514,
1,3,6.741,0.2160317,0.7930347,0.8194879,-0.8647296,0.4019592,-0.2126922,-0.2131514,
1,3,6.743,0.2160317,0.7930347,0.8194879,-0.8647296,0.4019592,-0.2126922,-0.2131514,
1,3,6.745,0.2163512,0.791193,0.8164335,-0.8646178,0.4011145,-0.2165112,-0.2113434,
1,3,6.747,0.2163512,0.791193,0.8164335,-0.8646178,0.4011145,-0.2165112,-0.2113434,
1,3,6.749,0.2163512,0.791193,0.8164335,-0.8646178,0.4011145,-0.2165112,-0.2113434,
1,3,6.751,0.2163512,0.791193,0.8164335,-0.8646178,0.4011145,-0.2165112,-0.2113434,
1,3,6.753,0.216621,0.7894661,0.8135573,-0.8645871,0.4005802,-0.2191559,-0.2097508,
1,3,6.755,0.216621,0.7894661,0.8135573,-0.8645871,0.4005802,-0.2191559,-0.2097508,
1,3,6.757,0.216621,0.7894661,0.8135573,-0.8645871,0.4005802,-0.2191559,-0.2097508,
1,3,6.759,0.216621,0.7894661,0.8135573,-0.8645871,0.4005802,-0.2191559,-0.2097508,
1,3,6.761,0.2168584,0.7877057,0.810626,-0.8644249,0.4001253,-0.2221092,-0.208175,
1,3,6.763,0.2168584,0.7877057,0.810626,-0.8644249,0.4001253,-0.2221092,-0.208175,
1,3,6.765,0.2168584,0.7877057,0.810626,-0.8644249,0.4001253,-0.2221092,-0.208175,
1,3,6.767,0.2168584,0.7877057,0.810626,-0.8644249,0.4001253,-0.2221092,-0.208175,
1,3,6.769,0.2172106,0.7859546,0.8076751,-0.8641729,0.3996219,-0.225188,-0.2068769,
1,3,6.771,0.2172106,0.7859546,0.8076751,-0.8641729,0.3996219,-0.225188,-0.2068769,
1,3,6.773,0.2172106,0.7859546,0.8076751,-0.8641729,0.3996219,-0.225188,-0.2068769,
1,3,6.775,0.2172106,0.7859546,0.8076751,-0.8641729,0.3996219,-0.225188,-0.2068769,
1,3,6.777,0.2172106,0.7859546,0.8076751,-0.8641729,0.3996219,-0.225188,-0.2068769,
1,3,6.779,0.2176068,0.7841049,0.8046043,-0.8639756,0.3991531,-0.2282141,-0.2052837,
1,3,6.781,0.2176068,0.7841049,0.8046043,-0.8639756,0.3991531,-0.2282141,-0.2052837,
1,3,6.783,0.2176068,0.7841049,0.8046043,-0.8639756,0.3991531,-0.2282141,-0.2052837,
1,3,6.785,0.2176068,0.7841049,0.8046043,-0.8639756,0.3991531,-0.2282141,-0.2052837,
1,3,6.787,0.2182816,0.7820758,0.8011126,-0.8639174,0.3985217,-0.2314903,-0.2030749,
1,3,6.789,0.2182816,0.7820758,0.8011126,-0.8639174,0.3985217,-0.2314903,-0.2030749,
1,3,6.791,0.2182816,0.7820758,0.8011126,-0.8639174,0.3985217,-0.2314903,-0.2030749,
1,3,6.793,0.2182816,0.7820758,0.8011126,-0.8639174,0.3985217,-0.2314903,-0.2030749,
1,3,6.795,0.2188869,0.7803078,0.7981785,-0.8639319,0.3979833,-0.2337666,-0.2014554,
1,3,6.797,0.2188869,0.7803078,0.7981785,-0.8639319,0.3979833,-0.2337666,-0.2014554,
1,3,6.799,0.2188869,0.7803078,0.7981785,-0.8639319,0.3979833,-0.2337666,-0.2014554,
1,3,6.801,0.2188869,0.7803078,0.7981785,-0.8639319,0.3979833,-0.2337666,-0.2014554,
1,3,6.803,0.219569,0.7779669,0.7942997,-0.8638649,0.3974622,-0.2368021,-0.1992134,
1,3,6.805,0.219569,0.7779669,0.7942997,-0.8638649,0.3974622,-0.2368021,-0.1992134,
1,3,6.807,0.219569,0.7779669,0.7942997,-0.8638649,0.3974622,-0.2368021,-0.1992134,
1,3,6.809,0.219569,0.7779669,0.7942997,-0.8638649,0.3974622,-0.2368021,-0.1992134,
1,3,6.811,0.2205261,0.7754958,0.7899278,-0.8639172,0.3970287,-0.2396366,-0.1964422,
1,3,6.813,0.2205261,0.7754958,0.7899278,-0.8639172,0.3970287,-0.2396366,-0.1964422,
1,3,6.815,0.2205261,0.7754958,0.7899278,-0.8639172,0.3970287,-0.2396366,-0.1964422,
1,3,6.817,0.2205261,0.7754958,0.7899278,-0.8639172,0.3970287,-0.2396366,-0.1964422,
1,3,6.819,0.2213012,0.7735284,0.7865629,-0.8641187,0.3966735,-0.2416522,-0.1937867,
1,3,6.821,0.2213012,0.7735284,0.7865629,-0.8641187,0.3966735,-0.2416522,-0.1937867,
1,3,6.823,0.2213012,0.7735284,0.7865629,-0.8641187,0.3966735,-0.2416522,-0.1937867,
1,3,6.825,0.2213012,0.7735284,0.7865629,-0.8641187,0.3966735,-0.2416522,-0.1937867,
1,3,6.827,0.2213012,0.7735284,0.7865629,-0.8641187,0.3966735,-0.2416522,-0.1937867,
1,3,6.829,0.2223243,0.7713938,0.7829365,-0.8642724,0.396158,-0.2437866,-0.1914685,
1,3,6.831,0.2223243,0.7713938,0.7829365,-0.8642724,0.396158,-0.2437866,-0.1914685,
1,3,6.833,0.2223243,0.7713938,0.7829365,-0.8642724,0.396158,-0.2437866,-0.1914685,
1,3,6.835,0.2223243,0.7713938,0.7829365,-0.8642724,0.396158,-0.2437866,-0.1914685,
1,3,6.837,0.2232597,0.7692124,0.7792884,-0.8644731,0.395782,-0.245718,-0.188853,
1,3,6.839,0.2232597,0.7692124,0.7792884,-0.8644731,0.395782,-0.245718,-0.188853,
1,3,6.841,0.2232597,0.7692124,0.7792884,-0.8644731,0.395782,-0.245718,-0.188853,
1,3,6.843,0.2232597,0.7692124,0.7792884,-0.8644731,0.395782,-0.245718,-0.188853,
1,3,6.845,0.224261,0.7672813,0.776082,-0.8646699,0.3954264,-0.2473834,-0.1865088,
1,3,6.847,0.224261,0.7672813,0.776082,-0.8646699,0.3954264,-0.2473834,-0.1865088,
1,3,6.849,0.224261,0.7672813,0.776082,-0.8646699,0.3954264,-0.2473834,-0.1865088,
1,3,6.851,0.224261,0.7672813,0.776082,-0.8646699,0.3954264,-0.2473834,-0.1865088,
1,3,6.853,0.2255187,0.765012,0.7723358,-0.865014,0.3949344,-0.2493888,-0.1832566,
1,3,6.855,0.2255187,0.765012,0.7723358,-0.865014,0.3949344,-0.2493888,-0.1832566,
1,3,6.857,0.2255187,0.765012,0.7723358,-0.865014,0.3949344,-0.2493888,-0.1832566,
1,3,6.859,0.2255187,0.765012,0.7723358,-0.865014,0.3949344,-0.2493888,-0.1832566,
1,3,6.861,0.2266325,0.7630438,0.7692105,-0.8652364,0.3943519,-0.2512099,-0.1809588,
1,3,6.863,0.2266325,0.7630438,0.7692105,-0.8652364,0.3943519,-0.2512099,-0.1809588,
1,3,6.865,0.2266325,0.7630438,0.7692105,-0.8652364,0.3943519,-0.2512099,-0.1809588,
1,3,6.867,0.2266325,0.7630438,0.7692105,-0.8652364,0.3943519,-0.2512099,-0.1809588,
1,3,6.869,0.2276953,0.7608967,0.7659471,-0.8653824,0.3938887,-0.253126,-0.1785839,
1,3,6.871,0.2276953,0.7608967,0.7659471,-0.8653824,0.3938887,-0.253126,-0.1785839,
1,3,6.873,0.2276953,0.7608967,0.7659471,-0.8653824,0.3938887,-0.253126,-0.1785839,
1,3,6.875,0.2276953,0.7608967,0.7659471,-0.8653824,0.3938887,-0.253126,-0.1785839,
1,3,6.877,0.2276953,0.7608967,0.7659471,-0.8653824,0.3938887,-0.253126,-0.1785839,
1,3,6.879,0.2289609,0.758719,0.7626985,-0.8654794,0.3933517,-0.2552285,-0.1762908,
1,3,6.881,0.2289609,0.758719,0.7626985,-0.8654794,0.3933517,-0.2552285,-0.1762908,
1,3,6.883,0.2289609,0.758719,0.7626985,-0.8654794,0.3933517,-0.2552285,-0.1762908,
1,3,6.885,0.2289609,0.758719,0.7626985,-0.8654794,0.3933517,-0.2552285,-0.1762908,
1,3,6.887,0.2301029,0.7567755,0.7598567,-0.8654934,0.3928564,-0.257303,-0.1742998,
1,3,6.889,0.2301029,0.7567755,0.7598567,-0.8654934,0.3928564,-0.257303,-0.1742998,
1,3,6.891,0.2301029,0.7567755,0.7598567,-0.8654934,0.3928564,-0.257303,-0.1742998,
1,3,6.893,0.2301029,0.7567755,0.7598567,-0.8654934,0.3928564,-0.257303,-0.1742998,
1,3,6.895,0.2315474,0.7543323,0.7567772,-0.8653972,0.3919811,-0.2602971,-0.1722904,
1,3,6.897,0.2315474,0.7543323,0.7567772,-0.8653972,0.3919811,-0.2602971,-0.1722904,
1,3,6.899,0.2315474,0.7543323,0.7567772,-0.8653972,0.3919811,-0.2602971,-0.1722904,
1,3,6.901,0.2315474,0.7543323,0.7567772,-0.8653972,0.3919811,-0.2602971,-0.1722904,
1,3,6.903,0.2328735,0.7521845,0.7541146,-0.8653975,0.3912899,-0.2625214,-0.1704756,
1,3,6.905,0.2328735,0.7521845,0.7541146,-0.8653975,0.3912899,-0.2625214,-0.1704756,
1,3,6.907,0.2328735,0.7521845,0.7541146,-0.8653975,0.3912899,-0.2625214,-0.1704756,
1,3,6.909,0.2328735,0.7521845,0.7541146,-0.8653975,0.3912899,-0.2625214,-0.1704756,
1,3,6.911,0.2341225,0.7502346,0.7517732,-0.8653508,0.3906437,-0.2646623,-0.1688769,
1,3,6.913,0.2341225,0.7502346,0.7517732,-0.8653508,0.3906437,-0.2646623,-0.1688769,
1,3,6.915,0.2341225,0.7502346,0.7517732,-0.8653508,0.3906437,-0.2646623,-0.1688769,
1,3,6.917,0.2341225,0.7502346,0.7517732,-0.8653508,0.3906437,-0.2646623,-0.1688769,
1,3,6.919,0.2354005,0.7483697,0.7502053,-0.8651229,0.3898144,-0.2670479,-0.1682042,
1,3,6.921,0.2354005,0.7483697,0.7502053,-0.8651229,0.3898144,-0.2670479,-0.1682042,
1,3,6.923,0.2354005,0.7483697,0.7502053,-0.8651229,0.3898144,-0.2670479,-0.1682042,
1,3,6.925,0.2354005,0.7483697,0.7502053,-0.8651229,0.3898144,-0.2670479,-0.1682042,
1,3,6.927,0.2354005,0.7483697,0.7502053,-0.8651229,0.3898144,-0.2670479,-0.1682042,
1,3,6.929,0.2367554,0.7464575,0.7484329,-0.8650213,0.3889904,-0.2692246,-0.1671606,
1,3,6.931,0.2367554,0.7464575,0.7484329,-0.8650213,0.3889904,-0.2692246,-0.1671606,
1,3,6.933,0.2367554,0.7464575,0.7484329,-0.8650213,0.3889904,-0.2692246,-0.1671606,
1,3,6.935,0.2367554,0.7464575,0.7484329,-0.8650213,0.3889904,-0.2692246,-0.1671606,
1,3,6.937,0.2380989,0.7445778,0.7469299,-0.864894,0.3880053,-0.2715168,-0.1663998,
1,3,6.939,0.2380989,0.7445778,0.7469299,-0.864894,0.3880053,-0.2715168,-0.1663998,
1,3,6.941,0.2380989,0.7445778,0.7469299,-0.864894,0.3880053,-0.2715168,-0.1663998,
1,3,6.943,0.2380989,0.7445778,0.7469299,-0.864894,0.3880053,-0.2715168,-0.1663998,
1,3,6.945,0.2394298,0.7427589,0.7456205,-0.8648531,0.3870785,-0.2734413,-0.1656178,
1,3,6.947,0.2394298,0.7427589,0.7456205,-0.8648531,0.3870785,-0.2734413,-0.1656178,
1,3,6.949,0.2394298,0.7427589,0.7456205,-0.8648531,0.3870785,-0.2734413,-0.1656178,
1,3,6.951,0.2394298,0.7427589,0.7456205,-0.8648531,0.3870785,-0.2734413,-0.1656178,
1,3,6.953,0.2410446,0.7409649,0.7451999,-0.8650168,0.3857723,-0.2746648,-0.1657856,
1,3,6.955,0.2410446,0.7409649,0.7451999,-0.8650168,0.3857723,-0.2746648,-0.1657856,
1,3,6.957,0.2410446,0.7409649,0.7451999,-0.8650168,0.3857723,-0.2746648,-0.1657856,
1,3,6.959,0.2410446,0.7409649,0.7451999,-0.8650168,0.3857723,-0.2746648,-0.1657856,
1,3,6.961,0.2425619,0.7391898,0.7445054,-0.8651505,0.3846924,-0.2760563,-0.1652856,
1,3,6.963,0.2425619,0.7391898,0.7445054,-0.8651505,0.3846924,-0.2760563,-0.1652856,
1,3,6.965,0.2425619,0.7391898,0.7445054,-0.8651505,0.3846924,-0.2760563,-0.1652856,
1,3,6.967,0.2425619,0.7391898,0.7445054,-0.8651505,0.3846924,-0.2760563,-0.1652856,
1,3,6.969,0.2440748,0.7374001,0.7440634,-0.8653069,0.3836096,-0.2773231,-0.1648627,
1,3,6.971,0.2440748,0.7374001,0.7440634,-0.8653069,0.3836096,-0.2773231,-0.1648627,
1,3,6.973,0.2440748,0.7374001,0.7440634,-0.8653069,0.3836096,-0.2773231,-0.1648627,
1,3,6.975,0.2440748,0.7374001,0.7440634,-0.8653069,0.3836096,-0.2773231,-0.1648627,
1,3,6.977,0.2440748,0.7374001,0.7440634,-0.8653069,0.3836096,-0.2773231,-0.1648627,
1,3,6.979,0.2454936,0.7357321,0.7438189,-0.865579,0.3826199,-0.2780753,-0.1644665,
1,3,6.981,0.2454936,0.7357321,0.7438189,-0.865579,0.3826199,-0.2780753,-0.1644665,
1,3,6.983,0.2454936,0.7357321,0.7438189,-0.865579,0.3826199,-0.2780753,-0.1644665,
1,3,6.985,0.2454936,0.7357321,0.7438189,-0.865579,0.3826199,-0.2780753,-0.1644665,
1,3,6.987,0.2468545,0.7344067,0.744646,-0.8663651,0.3813513,-0.2770001,-0.1650869,
1,3,6.989,0.2468545,0.7344067,0.744646,-0.8663651,0.3813513,-0.2770001,-0.1650869,
1,3,6.991,0.2468545,0.7344067,0.744646,-0.8663651,0.3813513,-0.2770001,-0.1650869,
1,3,6.993,0.2468545,0.7344067,0.744646,-0.8663651,0.3813513,-0.2770001,-0.1650869,
1,3,6.995,0.24824,0.7328773,0.7448753,-0.8669565,0.380313,-0.2768206,-0.1646779,
1,3,6.997,0.24824,0.7328773,0.7448753,-0.8669565,0.380313,-0.2768206,-0.1646779,
1,3,6.999,0.24824,0.7328773,0.7448753,-0.8669565,0.380313,-0.2768206,-0.1646779,
1,3,7.001,0.24824,0.7328773,0.7448753,-0.8669565,0.380313,-0.2768206,-0.1646779,
1,3,7.003,0.2494961,0.7314554,0.7452605,-0.8675336,0.379408,-0.27645,-0.1643489,
1,3,7.005,0.2494961,0.7314554,0.7452605,-0.8675336,0.379408,-0.27645,-0.1643489,
1,3,7.007,0.2494961,0.7314554,0.7452605,-0.8675336,0.379408,-0.27645,-0.1643489,
1,3,7.009,0.2494961,0.7314554,0.7452605,-0.8675336,0.379408,-0.27645,-0.1643489,
1,3,7.011,0.250773,0.7299802,0.7457821,-0.8682449,0.3783994,-0.2758263,-0.1639655,
1,3,7.013,0.250773,0.7299802,0.7457821,-0.8682449,0.3783994,-0.2758263,-0.1639655,
1,3,7.015,0.250773,0.7299802,0.7457821,-0.8682449,0.3783994,-0.2758263,-0.1639655,
1,3,7.017,0.250773,0.7299802,0.7457821,-0.8682449,0.3783994,-0.2758263,-0.1639655,
1,3,7.019,0.2518871,0.728776,0.746522,-0.8689083,0.3774537,-0.2751214,-0.1638152,
1,3,7.021,0.2518871,0.728776,0.746522,-0.8689083,0.3774537,-0.2751214,-0.1638152,
1,3,7.023,0.2518871,0.728776,0.746522,-0.8689083,0.3774537,-0.2751214,-0.1638152,
1,3,7.025,0.2518871,0.728776,0.746522,-0.8689083,0.3774537,-0.2751214,-0.1638152,
1,3,7.027,0.2518871,0.728776,0.746522,-0.8689083,0.3774537,-0.2751214,-0.1638152,
1,3,7.029,0.2530304,0.7275896,0.7474332,-0.8696142,0.3765172,-0.2742378,-0.1637062,
1,3,7.031,0.2530304,0.7275896,0.7474332,-0.8696142,0.3765172,-0.2742378,-0.1637062,
1,3,7.033,0.2530304,0.7275896,0.7474332,-0.8696142,0.3765172,-0.2742378,-0.1637062,
1,3,7.035,0.2530304,0.7275896,0.7474332,-0.8696142,0.3765172,-0.2742378,-0.1637062,
1,3,7.037,0.2542241,0.7263516,0.748932,-0.8708436,0.3753332,-0.271859,-0.1638565,
1,3,7.039,0.2542241,0.7263516,0.748932,-0.8708436,0.3753332,-0.271859,-0.1638565,
1,3,7.041,0.2542241,0.7263516,0.748932,-0.8708436,0.3753332,-0.271859,-0.1638565,
1,3,7.043,0.2542241,0.7263516,0.748932,-0.8708436,0.3753332,-0.271859,-0.1638565,
1,3,7.045,0.2553704,0.7250836,0.7501119,-0.8716799,0.3742782,-0.2707101,-0.1637256,
1,3,7.047,0.2553704,0.7250836,0.7501119,-0.8716799,0.3742782,-0.2707101,-0.1637256,
1,3,7.049,0.2553704,0.7250836,0.7501119,-0.8716799,0.3742782,-0.2707101,-0.1637256,
1,3,7.051,0.2553704,0.7250836,0.7501119,-0.8716799,0.3742782,-0.2707101,-0.1637256,
1,3,7.053,0.2567123,0.723695,0.7517353,-0.8725884,0.3729924,-0.2695227,-0.1637794,
1,3,7.055,0.2567123,0.723695,0.7517353,-0.8725884,0.3729924,-0.2695227,-0.1637794,
1,3,7.057,0.2567123,0.723695,0.7517353,-0.8725884,0.3729924,-0.2695227,-0.1637794,
1,3,7.059,0.2567123,0.723695,0.7517353,-0.8725884,0.3729924,-0.2695227,-0.1637794,
1,3,7.061,0.2576226,0.7227755,0.7536828,-0.8735837,0.3720435,-0.2672383,-0.1643745,
1,3,7.063,0.2576226,0.7227755,0.7536828,-0.8735837,0.3720435,-0.2672383,-0.1643745,
1,3,7.065,0.2576226,0.7227755,0.7536828,-0.8735837,0.3720435,-0.2672383,-0.1643745,
1,3,7.067,0.2576226,0.7227755,0.7536828,-0.8735837,0.3720435,-0.2672383,-0.1643745,
1,3,7.069,0.2585347,0.7218103,0.7552962,-0.8743337,0.3711771,-0.2659264,-0.1644727,
1,3,7.071,0.2585347,0.7218103,0.7552962,-0.8743337,0.3711771,-0.2659264,-0.1644727,
1,3,7.073,0.2585347,0.7218103,0.7552962,-0.8743337,0.3711771,-0.2659264,-0.1644727,
1,3,7.075,0.2585347,0.7218103,0.7552962,-0.8743337,0.3711771,-0.2659264,-0.1644727,
1,3,7.077,0.2585347,0.7218103,0.7552962,-0.8743337,0.3711771,-0.2659264,-0.1644727,
1,3,7.079,0.2594773,0.7208614,0.7573256,-0.8751324,0.3701857,-0.2644355,-0.1648631,
1,3,7.081,0.2594773,0.7208614,0.7573256,-0.8751324,0.3701857,-0.2644355,-0.1648631,
1,3,7.083,0.2594773,0.7208614,0.7573256,-0.8751324,0.3701857,-0.2644355,-0.1648631,
1,3,7.085,0.2594773,0.7208614,0.7573256,-0.8751324,0.3701857,-0.2644355,-0.1648631,
1,3,7.087,0.2603585,0.7198941,0.7592869,-0.8759381,0.3692537,-0.2629526,-0.1650458,
1,3,7.089,0.2603585,0.7198941,0.7592869,-0.8759381,0.3692537,-0.2629526,-0.1650458,
1,3,7.091,0.2603585,0.7198941,0.7592869,-0.8759381,0.3692537,-0.2629526,-0.1650458,
1,3,7.093,0.2603585,0.7198941,0.7592869,-0.8759381,0.3692537,-0.2629526,-0.1650458,
1,3,7.095,0.2608434,0.7194303,0.7619739,-0.8766559,0.3685687,-0.2606462,-0.1664183,
1,3,7.097,0.2608434,0.7194303,0.7619739,-0.8766559,0.3685687,-0.2606462,-0.1664183,
1,3,7.099,0.2608434,0.7194303,0.7619739,-0.8766559,0.3685687,-0.2606462,-0.1664183,
1,3,7.101,0.2608434,0.7194303,0.7619739,-0.8766559,0.3685687,-0.2606462,-0.1664183,
1,3,7.103,0.2614979,0.718876,0.7642201,-0.8772451,0.3677111,-0.2593728,-0.1671987,
1,3,7.105,0.2614979,0.718876,0.7642201,-0.8772451,0.3677111,-0.2593728,-0.1671987,
1,3,7.107,0.2614979,0.718876,0.7642201,-0.8772451,0.3677111,-0.2593728,-0.1671987,
1,3,7.109,0.2614979,0.718876,0.7642201,-0.8772451,0.3677111,-0.2593728,-0.1671987,
1,3,7.111,0.2619597,0.7184432,0.7665113,-0.8778455,0.3670949,-0.257646,-0.1680693,
1,3,7.113,0.2619597,0.7184432,0.7665113,-0.8778455,0.3670949,-0.257646,-0.1680693,
1,3,7.115,0.2619597,0.7184432,0.7665113,-0.8778455,0.3670949,-0.257646,-0.1680693,
1,3,7.117,0.2619597,0.7184432,0.7665113,-0.8778455,0.3670949,-0.257646,-0.1680693,
1,3,7.119,0.2624595,0.7180188,0.7691129,-0.8784201,0.3664308,-0.255926,-0.1691407,
1,3,7.121,0.2624595,0.7180188,0.7691129,-0.8784201,0.3664308,-0.255926,-0.1691407,
1,3,7.123,0.2624595,0.7180188,0.7691129,-0.8784201,0.3664308,-0.255926,-0.1691407,
1,3,7.125,0.2624595,0.7180188,0.7691129,-0.8784201,0.3664308,-0.255926,-0.1691407,
1,3,7.127,0.2624595,0.7180188,0.7691129,-0.8784201,0.3664308,-0.255926,-0.1691407,
1,3,7.129,0.2628362,0.7177274,0.7717558,-0.878998,0.3658431,-0.2540907,-0.1701742,
1,3,7.131,0.2628362,0.7177274,0.7717558,-0.878998,0.3658431,-0.2540907,-0.1701742,
1,3,7.133,0.2628362,0.7177274,0.7717558,-0.878998,0.3658431,-0.2540907,-0.1701742,
1,3,7.135,0.2628362,0.7177274,0.7717558,-0.878998,0.3658431,-0.2540907,-0.1701742,
1,3,7.137,0.2628694,0.7177695,0.7747836,-0.8795369,0.365683,-0.251386,-0.1717443,
1,3,7.139,0.2628694,0.7177695,0.7747836,-0.8795369,0.365683,-0.251386,-0.1717443,
1,3,7.141,0.2628694,0.7177695,0.7747836,-0.8795369,0.365683,-0.251386,-0.1717443,
1,3,7.143,0.2628694,0.7177695,0.7747836,-0.8795369,0.365683,-0.251386,-0.1717443,
1,3,7.145,0.2631006,0.7176894,0.7774234,-0.8799886,0.3652632,-0.2496264,-0.1728863,
1,3,7.147,0.2631006,0.7176894,0.7774234,-0.8799886,0.3652632,-0.2496264,-0.1728863,
1,3,7.149,0.2631006,0.7176894,0.7774234,-0.8799886,0.3652632,-0.2496264,-0.1728863,
1,3,7.151,0.2631006,0.7176894,0.7774234,-0.8799886,0.3652632,-0.2496264,-0.1728863,
1,3,7.153,0.2633299,0.7176756,0.7801087,-0.8803921,0.3647838,-0.2480146,-0.1741592,
1,3,7.155,0.2633299,0.7176756,0.7801087,-0.8803921,0.3647838,-0.2480146,-0.1741592,
1,3,7.157,0.2633299,0.7176756,0.7801087,-0.8803921,0.3647838,-0.2480146,-0.1741592,
1,3,7.159,0.2633299,0.7176756,0.7801087,-0.8803921,0.3647838,-0.2480146,-0.1741592,
1,3,7.161,0.2634324,0.7177848,0.7828678,-0.8806784,0.3644413,-0.2465234,-0.1755401,
1,3,7.163,0.2634324,0.7177848,0.7828678,-0.8806784,0.3644413,-0.2465234,-0.1755401,
1,3,7.165,0.2634324,0.7177848,0.7828678,-0.8806784,0.3644413,-0.2465234,-0.1755401,
1,3,7.167,0.2634324,0.7177848,0.7828678,-0.8806784,0.3644413,-0.2465234,-0.1755401,
1,3,7.169,0.2633819,0.7180694,0.7857106,-0.8808128,0.3644702,-0.2448539,-0.1771358,
1,3,7.171,0.2633819,0.7180694,0.7857106,-0.8808128,0.3644702,-0.2448539,-0.1771358,
1,3,7.173,0.2633819,0.7180694,0.7857106,-0.8808128,0.3644702,-0.2448539,-0.1771358,
1,3,7.175,0.2633819,0.7180694,0.7857106,-0.8808128,0.3644702,-0.2448539,-0.1771358,
1,3,7.177,0.2633819,0.7180694,0.7857106,-0.8808128,0.3644702,-0.2448539,-0.1771358,
1,3,7.179,0.2633551,0.7183278,0.789157,-0.8812008,0.3642222,-0.2426676,-0.1787169,
1,3,7.181,0.2633551,0.7183278,0.789157,-0.8812008,0.3642222,-0.2426676,-0.1787169,CourtEnter
1,3,7.183,0.2633551,0.7183278,0.789157,-0.8812008,0.3642222,-0.2426676,-0.1787169,
1,3,7.185,0.2633551,0.7183278,0.789157,-0.8812008,0.3642222,-0.2426676,-0.1787169,
1,3,7.187,0.2633019,0.7186669,0.7924842,-0.8814938,0.3639542,-0.2409197,-0.1801766,
1,3,7.189,0.2633019,0.7186669,0.7924842,-0.8814938,0.3639542,-0.2409197,-0.1801766,CourtExit
1,3,7.191,0.2633019,0.7186669,0.7924842,-0.8814938,0.3639542,-0.2409197,-0.1801766,
1,3,7.193,0.2633019,0.7186669,0.7924842,-0.8814938,0.3639542,-0.2409197,-0.1801766,
1,3,7.195,0.263131,0.7190722,0.7954206,-0.8815084,0.3639574,-0.2395868,-0.1818687,
1,3,7.197,0.263131,0.7190722,0.7954206,-0.8815084,0.3639574,-0.2395868,-0.1818687,
1,3,7.199,0.263131,0.7190722,0.7954206,-0.8815084,0.3639574,-0.2395868,-0.1818687,
1,3,7.201,0.263131,0.7190722,0.7954206,-0.8815084,0.3639574,-0.2395868,-0.1818687,
1,3,7.203,0.2630257,0.7193751,0.7984626,-0.8817259,0.3637653,-0.237842,-0.1834816,
1,3,7.205,0.2630257,0.7193751,0.7984626,-0.8817259,0.3637653,-0.237842,-0.1834816,
1,3,7.207,0.2630257,0.7193751,0.7984626,-0.8817259,0.3637653,-0.237842,-0.1834816,
1,3,7.209,0.2630257,0.7193751,0.7984626,-0.8817259,0.3637653,-0.237842,-0.1834816,
1,3,7.211,0.2629289,0.7196733,0.8014005,-0.881904,0.3635945,-0.2361951,-0.1850843,
1,3,7.213,0.2629289,0.7196733,0.8014005,-0.881904,0.3635945,-0.2361951,-0.1850843,
1,3,7.215,0.2629289,0.7196733,0.8014005,-0.881904,0.3635945,-0.2361951,-0.1850843,
1,3,7.217,0.2629289,0.7196733,0.8014005,-0.881904,0.3635945,-0.2361951,-0.1850843,
1,3,7.219,0.2628363,0.720121,0.8045066,-0.8817931,0.363525,-0.2350621,-0.1871803,
1,3,7.221,0.2628363,0.720121,0.8045066,-0.8817931,0.363525,-0.2350621,-0.1871803,
1,3,7.223,0.2628363,0.720121,0.8045066,-0.8817931,0.363525,-0.2350621,-0.1871803,
1,3,7.225,0.2628363,0.720121,0.8045066,-0.8817931,0.363525,-0.2350621,-0.1871803,
1,3,7.227,0.2628363,0.720121,0.8045066,-0.8817931,0.363525,-0.2350621,-0.1871803,
1,3,7.229,0.2628329,0.720426,0.8077077,-0.8819745,0.3631991,-0.2334544,-0.1889617,
1,3,7.231,0.2628329,0.720426,0.8077077,-0.8819745,0.3631991,-0.2334544,-0.1889617,
1,3,7.233,0.2628329,0.720426,0.8077077,-0.8819745,0.3631991,-0.2334544,-0.1889617,
1,3,7.235,0.2628329,0.720426,0.8077077,-0.8819745,0.3631991,-0.2334544,-0.1889617,
1,3,7.237,0.2627607,0.7207677,0.8106301,-0.8821006,0.3629338,-0.2320395,-0.190618,
1,3,7.239,0.2627607,0.7207677,0.8106301,-0.8821006,0.3629338,-0.2320395,-0.190618,
1,3,7.241,0.2627607,0.7207677,0.8106301,-0.8821006,0.3629338,-0.2320395,-0.190618,
1,3,7.243,0.2627607,0.7207677,0.8106301,-0.8821006,0.3629338,-0.2320395,-0.190618,
1,3,7.245,0.2626827,0.7211066,0.8135546,-0.8822786,0.3626889,-0.2304051,-0.192237,
1,3,7.247,0.2626827,0.7211066,0.8135546,-0.8822786,0.3626889,-0.2304051,-0.192237,
1,3,7.249,0.2626827,0.7211066,0.8135546,-0.8822786,0.3626889,-0.2304051,-0.192237,
1,3,7.251,0.2626827,0.7211066,0.8135546,-0.8822786,0.3626889,-0.2304051,-0.192237,
1,3,7.253,0.2626537,0.721508,0.8165592,-0.8823379,0.3624356,-0.2290625,-0.1940382,
1,3,7.255,0.2626537,0.721508,0.8165592,-0.8823379,0.3624356,-0.2290625,-0.1940382,
1,3,7.257,0.2626537,0.721508,0.8165592,-0.8823379,0.3624356,-0.2290625,-0.1940382,
1,3,7.259,0.2626537,0.721508,0.8165592,-0.8823379,0.3624356,-0.2290625,-0.1940382,
1,3,7.261,0.2626452,0.7217816,0.8196232,-0.8825133,0.3620535,-0.2275583,-0.1957159,
1,3,7.263,0.2626452,0.7217816,0.8196232,-0.8825133,0.3620535,-0.2275583,-0.1957159,
1,3,7.265,0.2626452,0.7217816,0.8196232,-0.8825133,0.3620535,-0.2275583,-0.1957159,
1,3,7.267,0.2626452,0.7217816,0.8196232,-0.8825133,0.3620535,-0.2275583,-0.1957159,
1,3,7.269,0.2627718,0.7219766,0.8223868,-0.8827919,0.3616206,-0.2259416,-0.197128,
1,3,7.271,0.2627718,0.7219766,0.8223868,-0.8827919,0.3616206,-0.2259416,-0.197128,
1,3,7.273,0.2627718,0.7219766,0.8223868,-0.8827919,0.3616206,-0.2259416,-0.197128,
1,3,7.275,0.2627718,0.7219766,0.8223868,-0.8827919,0.3616206,-0.2259416,-0.197128,
1,3,7.277,0.2627718,0.7219766,0.8223868,-0.8827919,0.3616206,-0.2259416,-0.197128,
1,3,7.279,0.2630205,0.7221682,0.8250979,-0.8831636,0.3610948,-0.2240013,-0.198635,
1,3,7.281,0.2630205,0.7221682,0.8250979,-0.8831636,0.3610948,-0.2240013,-0.198635,
1,3,7.283,0.2630205,0.7221682,0.8250979,-0.8831636,0.3610948,-0.2240013,-0.198635,
1,3,7.285,0.2630205,0.7221682,0.8250979,-0.8831636,0.3610948,-0.2240013,-0.198635,
1,3,7.287,0.2631187,0.7223901,0.8277465,-0.8833899,0.360771,-0.2224419,-0.1999655,
1,3,7.289,0.2631187,0.7223901,0.8277465,-0.8833899,0.360771,-0.2224419,-0.1999655,
1,3,7.291,0.2631187,0.7223901,0.8277465,-0.8833899,0.360771,-0.2224419,-0.1999655,
1,3,7.293,0.2631187,0.7223901,0.8277465,-0.8833899,0.360771,-0.2224419,-0.1999655,
1,3,7.295,0.2632714,0.7226379,0.8307164,-0.8836758,0.3603325,-0.220617,-0.2015085,
1,3,7.297,0.2632714,0.7226379,0.8307164,-0.8836758,0.3603325,-0.220617,-0.2015085,
1,3,7.299,0.2632714,0.7226379,0.8307164,-0.8836758,0.3603325,-0.220617,-0.2015085,
1,3,7.301,0.2632714,0.7226379,0.8307164,-0.8836758,0.3603325,-0.220617,-0.2015085,
1,3,7.303,0.2634231,0.7228392,0.8332266,-0.8841202,0.3599189,-0.2184321,-0.2026759,
1,3,7.305,0.2634231,0.7228392,0.8332266,-0.8841202,0.3599189,-0.2184321,-0.2026759,
1,3,7.307,0.2634231,0.7228392,0.8332266,-0.8841202,0.3599189,-0.2184321,-0.2026759,
1,3,7.309,0.2634231,0.7228392,0.8332266,-0.8841202,0.3599189,-0.2184321,-0.2026759,
1,3,7.311,0.26358,0.7230028,0.8355225,-0.8844687,0.359581,-0.2165167,-0.2038068,
1,3,7.313,0.26358,0.7230028,0.8355225,-0.8844687,0.359581,-0.2165167,-0.2038068,
1,3,7.315,0.26358,0.7230028,0.8355225,-0.8844687,0.359581,-0.2165167,-0.2038068,
1,3,7.317,0.26358,0.7230028,0.8355225,-0.8844687,0.359581,-0.2165167,-0.2038068,
1,3,7.319,0.2637105,0.7230723,0.8375589,-0.8848263,0.3592622,-0.2146915,-0.2047454,
1,3,7.321,0.2637105,0.7230723,0.8375589,-0.8848263,0.3592622,-0.2146915,-0.2047454,
1,3,7.323,0.2637105,0.7230723,0.8375589,-0.8848263,0.3592622,-0.2146915,-0.2047454,
1,3,7.325,0.2637105,0.7230723,0.8375589,-0.8848263,0.3592622,-0.2146915,-0.2047454,
1,3,7.327,0.2637105,0.7230723,0.8375589,-0.8848263,0.3592622,-0.2146915,-0.2047454,
1,3,7.329,0.2639022,0.7230835,0.8395743,-0.8852174,0.3589919,-0.2126861,-0.2056203,
1,3,7.331,0.2639022,0.7230835,0.8395743,-0.8852174,0.3589919,-0.2126861,-0.2056203,
1,3,7.333,0.2639022,0.7230835,0.8395743,-0.8852174,0.3589919,-0.2126861,-0.2056203,
1,3,7.335,0.2639022,0.7230835,0.8395743,-0.8852174,0.3589919,-0.2126861,-0.2056203,
1,3,7.337,0.2641213,0.7229905,0.8412228,-0.8856452,0.3587241,-0.2107786,-0.2062091,
1,3,7.339,0.2641213,0.7229905,0.8412228,-0.8856452,0.3587241,-0.2107786,-0.2062091,
1,3,7.341,0.2641213,0.7229905,0.8412228,-0.8856452,0.3587241,-0.2107786,-0.2062091,
1,3,7.343,0.2641213,0.7229905,0.8412228,-0.8856452,0.3587241,-0.2107786,-0.2062091,
1,3,7.345,0.2643375,0.7229577,0.8430758,-0.8859729,0.3584035,-0.2090391,-0.2071267,
1,3,7.347,0.2643375,0.7229577,0.8430758,-0.8859729,0.3584035,-0.2090391,-0.2071267,
1,3,7.349,0.2643375,0.7229577,0.8430758,-0.8859729,0.3584035,-0.2090391,-0.2071267,
1,3,7.351,0.2643375,0.7229577,0.8430758,-0.8859729,0.3584035,-0.2090391,-0.2071267,
1,3,7.353,0.2645977,0.7228727,0.844564,-0.8862577,0.3581001,-0.2076714,-0.2078075,
1,3,7.355,0.2645977,0.7228727,0.844564,-0.8862577,0.3581001,-0.2076714,-0.2078075,
1,3,7.357,0.2645977,0.7228727,0.844564,-0.8862577,0.3581001,-0.2076714,-0.2078075,
1,3,7.359,0.2645977,0.7228727,0.844564,-0.8862577,0.3581001,-0.2076714,-0.2078075,
1,3,7.361,0.2648349,0.7227211,0.8457571,-0.886547,0.3577708,-0.2064885,-0.2083194,
1,3,7.363,0.2648349,0.7227211,0.8457571,-0.886547,0.3577708,-0.2064885,-0.2083194,
1,3,7.365,0.2648349,0.7227211,0.8457571,-0.886547,0.3577708,-0.2064885,-0.2083194,
1,3,7.367,0.2648349,0.7227211,0.8457571,-0.886547,0.3577708,-0.2064885,-0.2083194,
1,3,7.369,0.2651385,0.7224325,0.846714,-0.8869339,0.3573987,-0.2053452,-0.2084416,
1,3,7.371,0.2651385,0.7224325,0.846714,-0.8869339,0.3573987,-0.2053452,-0.2084416,
1,3,7.373,0.2651385,0.7224325,0.846714,-0.8869339,0.3573987,-0.2053452,-0.2084416,
1,3,7.375,0.2651385,0.7224325,0.846714,-0.8869339,0.3573987,-0.2053452,-0.2084416,
1,3,7.377,0.2651385,0.7224325,0.846714,-0.8869339,0.3573987,-0.2053452,-0.2084416,
1,3,7.379,0.2654083,0.7222331,0.8479868,-0.887265,0.3569149,-0.2040577,-0.2091245,
1,3,7.381,0.2654083,0.7222331,0.8479868,-0.887265,0.3569149,-0.2040577,-0.2091245,
1,3,7.383,0.2654083,0.7222331,0.8479868,-0.887265,0.3569149,-0.2040577,-0.2091245,
1,3,7.385,0.2654083,0.7222331,0.8479868,-0.887265,0.3569149,-0.2040577,-0.2091245,
1,3,7.387,0.2656426,0.7220407,0.8487741,-0.8875045,0.3565899,-0.2031862,-0.209511,
1,3,7.389,0.2656426,0.7220407,0.8487741,-0.8875045,0.3565899,-0.2031862,-0.209511,
1,3,7.391,0.2656426,0.7220407,0.8487741,-0.8875045,0.3565899,-0.2031862,-0.209511,
1,3,7.393,0.2656426,0.7220407,0.8487741,-0.8875045,0.3565899,-0.2031862,-0.209511,
1,3,7.395,0.2658345,0.7218519,0.849484,-0.887728,0.3562909,-0.2022835,-0.2099458,
1,3,7.397,0.2658345,0.7218519,0.849484,-0.887728,0.3562909,-0.2022835,-0.2099458,
1,3,7.399,0.2658345,0.7218519,0.849484,-0.887728,0.3562909,-0.2022835,-0.2099458,
1,3,7.401,0.2658345,0.7218519,0.849484,-0.887728,0.3562909,-0.2022835,-0.2099458,
1,3,7.403,0.2660853,0.7215646,0.8496262,-0.887844,0.3560977,-0.2021841,-0.2098788,
1,3,7.405,0.2660853,0.7215646,0.8496262,-0.887844,0.3560977,-0.2021841,-0.2098788,
1,3,7.407,0.2660853,0.7215646,0.8496262,-0.887844,0.3560977,-0.2021841,-0.2098788,
1,3,7.409,0.2660853,0.7215646,0.8496262,-0.887844,0.3560977,-0.2021841,-0.2098788,
1,3,7.411,0.2663251,0.7212833,0.8500646,-0.8880047,0.3558139,-0.2015801,-0.2102609,
1,3,7.413,0.2663251,0.7212833,0.8500646,-0.8880047,0.3558139,-0.2015801,-0.2102609,
1,3,7.415,0.2663251,0.7212833,0.8500646,-0.8880047,0.3558139,-0.2015801,-0.2102609,
1,3,7.417,0.2663251,0.7212833,0.8500646,-0.8880047,0.3558139,-0.2015801,-0.2102609,
1,3,7.419,0.2665729,0.7208942,0.8504449,-0.8882122,0.3553631,-0.2010351,-0.2106683,
1,3,7.421,0.2665729,0.7208942,0.8504449,-0.8882122,0.3553631,-0.2010351,-0.2106683,
1,3,7.423,0.2665729,0.7208942,0.8504449,-0.8882122,0.3553631,-0.2010351,-0.2106683,
1,3,7.425,0.2665729,0.7208942,0.8504449,-0.8882122,0.3553631,-0.2010351,-0.2106683,
1,3,7.427,0.2665729,0.7208942,0.8504449,-0.8882122,0.3553631,-0.2010351,-0.2106683,
1,3,7.429,0.2667408,0.7204362,0.8500221,-0.8883552,0.3549868,-0.2012825,-0.2104633,
1,3,7.431,0.2667408,0.7204362,0.8500221,-0.8883552,0.3549868,-0.2012825,-0.2104633,
1,3,7.433,0.2667408,0.7204362,0.8500221,-0.8883552,0.3549868,-0.2012825,-0.2104633,
1,3,7.435,0.2667408,0.7204362,0.8500221,-0.8883552,0.3549868,-0.2012825,-0.2104633,
1,3,7.437,0.2669844,0.7201048,0.8498262,-0.8885051,0.3548297,-0.2010077,-0.2103582,
1,3,7.439,0.2669844,0.7201048,0.8498262,-0.8885051,0.3548297,-0.2010077,-0.2103582,
1,3,7.441,0.2669844,0.7201048,0.8498262,-0.8885051,0.3548297,-0.2010077,-0.2103582,
1,3,7.443,0.2669844,0.7201048,0.8498262,-0.8885051,0.3548297,-0.2010077,-0.2103582,
1,3,7.445,0.2671288,0.71979,0.8494033,-0.8886262,0.3546588,-0.2008982,-0.2102392,
1,3,7.447,0.2671288,0.71979,0.8494033,-0.8886262,0.3546588,-0.2008982,-0.2102392,
1,3,7.449,0.2671288,0.71979,0.8494033,-0.8886262,0.3546588,-0.2008982,-0.2102392,
1,3,7.451,0.2671288,0.71979,0.8494033,-0.8886262,0.3546588,-0.2008982,-0.2102392,
1,3,7.453,0.2672376,0.7193729,0.8484135,-0.88864,0.3546578,-0.201434,-0.2096686,
1,3,7.455,0.2672376,0.7193729,0.8484135,-0.88864,0.3546578,-0.201434,-0.2096686,
1,3,7.457,0.2672376,0.7193729,0.8484135,-0.88864,0.3546578,-0.201434,-0.2096686,
1,3,7.459,0.2672376,0.7193729,0.8484135,-0.88864,0.3546578,-0.201434,-0.2096686,
1,3,7.461,0.2674408,0.7189877,0.8477042,-0.8887084,0.3545479,-0.2016336,-0.209373,
1,3,7.463,0.2674408,0.7189877,0.8477042,-0.8887084,0.3545479,-0.2016336,-0.209373,
1,3,7.465,0.2674408,0.7189877,0.8477042,-0.8887084,0.3545479,-0.2016336,-0.209373,
1,3,7.467,0.2674408,0.7189877,0.8477042,-0.8887084,0.3545479,-0.2016336,-0.209373,
1,3,7.469,0.2676309,0.7185451,0.8467414,-0.8887574,0.3543726,-0.2021643,-0.20895,
1,3,7.471,0.2676309,0.7185451,0.8467414,-0.8887574,0.3543726,-0.2021643,-0.20895,
1,3,7.473,0.2676309,0.7185451,0.8467414,-0.8887574,0.3543726,-0.2021643,-0.20895,
1,3,7.475,0.2676309,0.7185451,0.8467414,-0.8887574,0.3543726,-0.2021643,-0.20895,
1,3,7.477,0.2676309,0.7185451,0.8467414,-0.8887574,0.3543726,-0.2021643,-0.20895,
1,3,7.479,0.2677498,0.7180942,0.845439,-0.8887681,0.354187,-0.2033179,-0.2080978,
1,3,7.481,0.2677498,0.7180942,0.845439,-0.8887681,0.354187,-0.2033179,-0.2080978,
1,3,7.483,0.2677498,0.7180942,0.845439,-0.8887681,0.354187,-0.2033179,-0.2080978,
1,3,7.485,0.2677498,0.7180942,0.845439,-0.8887681,0.354187,-0.2033179,-0.2080978,
1,3,7.487,0.2678926,0.7177285,0.8444452,-0.8888025,0.3541457,-0.2035258,-0.2078177,
1,3,7.489,0.2678926,0.7177285,0.8444452,-0.8888025,0.3541457,-0.2035258,-0.2078177,
1,3,7.491,0.2678926,0.7177285,0.8444452,-0.8888025,0.3541457,-0.2035258,-0.2078177,
1,3,7.493,0.2678926,0.7177285,0.8444452,-0.8888025,0.3541457,-0.2035258,-0.2078177,
1,3,7.495,0.2680444,0.7173216,0.8431979,-0.8888304,0.3540266,-0.2041633,-0.2072757,
1,3,7.497,0.2680444,0.7173216,0.8431979,-0.8888304,0.3540266,-0.2041633,-0.2072757,
1,3,7.499,0.2680444,0.7173216,0.8431979,-0.8888304,0.3540266,-0.2041633,-0.2072757,
1,3,7.501,0.2680444,0.7173216,0.8431979,-0.8888304,0.3540266,-0.2041633,-0.2072757,
1,3,7.503,0.2681902,0.7168968,0.8418826,-0.8888396,0.3538958,-0.2049486,-0.2066836,
1,3,7.505,0.2681902,0.7168968,0.8418826,-0.8888396,0.3538958,-0.2049486,-0.2066836,
1,3,7.507,0.2681902,0.7168968,0.8418826,-0.8888396,0.3538958,-0.2049486,-0.2066836,
1,3,7.509,0.2681902,0.7168968,0.8418826,-0.8888396,0.3538958,-0.2049486,-0.2066836,
1,3,7.511,0.2682745,0.7164485,0.8402657,-0.8888126,0.3538419,-0.2061284,-0.2057164,
1,3,7.513,0.2682745,0.7164485,0.8402657,-0.8888126,0.3538419,-0.2061284,-0.2057164,
1,3,7.515,0.2682745,0.7164485,0.8402657,-0.8888126,0.3538419,-0.2061284,-0.2057164,
1,3,7.517,0.2682745,0.7164485,0.8402657,-0.8888126,0.3538419,-0.2061284,-0.2057164,
1,3,7.519,0.2684051,0.7160191,0.8388066,-0.8888406,0.3537539,-0.2068971,-0.2049737,
1,3,7.521,0.2684051,0.7160191,0.8388066,-0.8888406,0.3537539,-0.2068971,-0.2049737,
1,3,7.523,0.2684051,0.7160191,0.8388066,-0.8888406,0.3537539,-0.2068971,-0.2049737,
1,3,7.525,0.2684051,0.7160191,0.8388066,-0.8888406,0.3537539,-0.2068971,-0.2049737,
1,3,7.527,0.2684051,0.7160191,0.8388066,-0.8888406,0.3537539,-0.2068971,-0.2049737,
1,3,7.529,0.2686212,0.7155975,0.8372602,-0.8889437,0.3537337,-0.2073742,-0.2040771,
1,3,7.531,0.2686212,0.7155975,0.8372602,-0.8889437,0.3537337,-0.2073742,-0.2040771,
1,3,7.533,0.2686212,0.7155975,0.8372602,-0.8889437,0.3537337,-0.2073742,-0.2040771,
1,3,7.535,0.2686212,0.7155975,0.8372602,-0.8889437,0.3537337,-0.2073742,-0.2040771,
1,3,7.537,0.2687705,0.7151963,0.8357925,-0.8890185,0.3536369,-0.2079547,-0.2033271,
1,3,7.539,0.2687705,0.7151963,0.8357925,-0.8890185,0.3536369,-0.2079547,-0.2033271,
1,3,7.541,0.2687705,0.7151963,0.8357925,-0.8890185,0.3536369,-0.2079547,-0.2033271,
1,3,7.543,0.2687705,0.7151963,0.8357925,-0.8890185,0.3536369,-0.2079547,-0.2033271,
1,3,7.545,0.2689057,0.7146915,0.8338506,-0.8890095,0.3537658,-0.2088918,-0.2021783,
1,3,7.547,0.2689057,0.7146915,0.8338506,-0.8890095,0.3537658,-0.2088918,-0.2021783,
1,3,7.549,0.2689057,0.7146915,0.8338506,-0.8890095,0.3537658,-0.2088918,-0.2021783,
1,3,7.551,0.2689057,0.7146915,0.8338506,-0.8890095,0.3537658,-0.2088918,-0.2021783,
1,3,7.553,0.2690218,0.7142637,0.8320291,-0.8890371,0.3537708,-0.2095388,-0.2013771,
1,3,7.555,0.2690218,0.7142637,0.8320291,-0.8890371,0.3537708,-0.2095388,-0.2013771,
1,3,7.557,0.2690218,0.7142637,0.8320291,-0.8890371,0.3537708,-0.2095388,-0.2013771,
1,3,7.559,0.2690218,0.7142637,0.8320291,-0.8890371,0.3537708,-0.2095388,-0.2013771,
1,3,7.561,0.2690482,0.7139278,0.8304029,-0.8890865,0.3538605,-0.2099868,-0.200533,
1,3,7.563,0.2690482,0.7139278,0.8304029,-0.8890865,0.3538605,-0.2099868,-0.200533,
1,3,7.565,0.2690482,0.7139278,0.8304029,-0.8890865,0.3538605,-0.2099868,-0.200533,
1,3,7.567,0.2690482,0.7139278,0.8304029,-0.8890865,0.3538605,-0.2099868,-0.200533,
1,3,7.569,0.2691482,0.7135052,0.8285523,-0.8891819,0.3539497,-0.210735,-0.1991634,
1,3,7.571,0.2691482,0.7135052,0.8285523,-0.8891819,0.3539497,-0.210735,-0.1991634,
1,3,7.573,0.2691482,0.7135052,0.8285523,-0.8891819,0.3539497,-0.210735,-0.1991634,
1,3,7.575,0.2691482,0.7135052,0.8285523,-0.8891819,0.3539497,-0.210735,-0.1991634,
1,3,7.577,0.2691482,0.7135052,0.8285523,-0.8891819,0.3539497,-0.210735,-0.1991634,
1,3,7.579,0.2691971,0.7131291,0.8270029,-0.88924,0.3539867,-0.2113016,-0.1982354,
1,3,7.581,0.2691971,0.7131291,0.8270029,-0.88924,0.3539867,-0.2113016,-0.1982354,
1,3,7.583,0.2691971,0.7131291,0.8270029,-0.88924,0.3539867,-0.2113016,-0.1982354,
1,3,7.585,0.2691971,0.7131291,0.8270029,-0.88924,0.3539867,-0.2113016,-0.1982354,
1,3,7.587,0.2692181,0.712728,0.8253226,-0.8892057,0.3540983,-0.2121537,-0.197278,
1,3,7.589,0.2692181,0.712728,0.8253226,-0.8892057,0.3540983,-0.2121537,-0.197278,
1,3,7.591,0.2692181,0.712728,0.8253226,-0.8892057,0.3540983,-0.2121537,-0.197278,
1,3,7.593,0.2692181,0.712728,0.8253226,-0.8892057,0.3540983,-0.2121537,-0.197278,
1,3,7.595,0.2691861,0.712405,0.8240522,-0.8891656,0.3541648,-0.2127296,-0.1967175,
1,3,7.597,0.2691861,0.712405,0.8240522,-0.8891656,0.3541648,-0.2127296,-0.1967175,
1,3,7.599,0.2691861,0.712405,0.8240522,-0.8891656,0.3541648,-0.2127296,-0.1967175,
1,3,7.601,0.2691861,0.712405,0.8240522,-0.8891656,0.3541648,-0.2127296,-0.1967175,
1,3,7.603,0.2690491,0.7121289,0.8223575,-0.8889904,0.3542937,-0.2139335,-0.1959704,
1,3,7.605,0.2690491,0.7121289,0.8223575,-0.8889904,0.3542937,-0.2139335,-0.1959704,
1,3,7.607,0.2690491,0.7121289,0.8223575,-0.8889904,0.3542937,-0.2139335,-0.1959704,
1,3,7.609,0.2690491,0.7121289,0.8223575,-0.8889904,0.3542937,-0.2139335,-0.1959704,
1,3,7.611,0.2689889,0.7118026,0.8207187,-0.8889546,0.3543953,-0.2146837,-0.1951273,
1,3,7.613,0.2689889,0.7118026,0.8207187,-0.8889546,0.3543953,-0.2146837,-0.1951273,
1,3,7.615,0.2689889,0.7118026,0.8207187,-0.8889546,0.3543953,-0.2146837,-0.1951273,
1,3,7.617,0.2689889,0.7118026,0.8207187,-0.8889546,0.3543953,-0.2146837,-0.1951273,
1,3,7.619,0.2689521,0.7114871,0.8194602,-0.8889054,0.3544536,-0.2152753,-0.1945929,
1,3,7.621,0.2689521,0.7114871,0.8194602,-0.8889054,0.3544536,-0.2152753,-0.1945929,
1,3,7.623,0.2689521,0.7114871,0.8194602,-0.8889054,0.3544536,-0.2152753,-0.1945929,
1,3,7.625,0.2689521,0.7114871,0.8194602,-0.8889054,0.3544536,-0.2152753,-0.1945929,
1,3,7.627,0.2689521,0.7114871,0.8194602,-0.8889054,0.3544536,-0.2152753,-0.1945929,
1,3,7.629,0.268829,0.7111531,0.8178892,-0.8888237,0.3544623,-0.2162886,-0.1938252,
1,3,7.631,0.268829,0.7111531,0.8178892,-0.8888237,0.3544623,-0.2162886,-0.1938252,
1,3,7.633,0.268829,0.7111531,0.8178892,-0.8888237,0.3544623,-0.2162886,-0.1938252,
1,3,7.635,0.268829,0.7111531,0.8178892,-0.8888237,0.3544623,-0.2162886,-0.1938252,
1,3,7.637,0.2686583,0.7109637,0.8166678,-0.8886222,0.3544856,-0.2173991,-0.1934641,
1,3,7.639,0.2686583,0.7109637,0.8166678,-0.8886222,0.3544856,-0.2173991,-0.1934641,
1,3,7.641,0.2686583,0.7109637,0.8166678,-0.8886222,0.3544856,-0.2173991,-0.1934641,
1,3,7.643,0.2686583,0.7109637,0.8166678,-0.8886222,0.3544856,-0.2173991,-0.1934641,
1,3,7.645,0.2685245,0.7107972,0.815514,-0.8884978,0.3545697,-0.2181491,-0.193036,
1,3,7.647,0.2685245,0.7107972,0.815514,-0.8884978,0.3545697,-0.2181491,-0.193036,
1,3,7.649,0.2685245,0.7107972,0.815514,-0.8884978,0.3545697,-0.2181491,-0.193036,
1,3,7.651,0.2685245,0.7107972,0.815514,-0.8884978,0.3545697,-0.2181491,-0.193036,
1,3,7.653,0.2683221,0.7106586,0.8144355,-0.8884274,0.3546535,-0.2186597,-0.192628,
1,3,7.655,0.2683221,0.7106586,0.8144355,-0.8884274,0.3546535,-0.2186597,-0.192628,
1,3,7.657,0.2683221,0.7106586,0.8144355,-0.8884274,0.3546535,-0.2186597,-0.192628,
1,3,7.659,0.2683221,0.7106586,0.8144355,-0.8884274,0.3546535,-0.2186597,-0.192628,
1,3,7.661,0.2681678,0.7105379,0.8132418,-0.8883607,0.3547996,-0.2192516,-0.1919927,
1,3,7.663,0.2681678,0.7105379,0.8132418,-0.8883607,0.3547996,-0.2192516,-0.1919927,
1,3,7.665,0.2681678,0.7105379,0.8132418,-0.8883607,0.3547996,-0.2192516,-0.1919927,
1,3,7.667,0.2681678,0.7105379,0.8132418,-0.8883607,0.3547996,-0.2192516,-0.1919927,
1,3,7.669,0.2679375,0.7104721,0.8122162,-0.8883356,0.3549618,-0.2194417,-0.1915918,
1,3,7.671,0.2679375,0.7104721,0.8122162,-0.8883356,0.3549618,-0.2194417,-0.1915918,
1,3,7.673,0.2679375,0.7104721,0.8122162,-0.8883356,0.3549618,-0.2194417,-0.1915918,
1,3,7.675,0.2679375,0.7104721,0.8122162,-0.8883356,0.3549618,-0.2194417,-0.1915918,
1,3,7.677,0.2679375,0.7104721,0.8122162,-0.8883356,0.3549618,-0.2194417,-0.1915918,
1,3,7.679,0.2675601,0.7105172,0.8113056,-0.8880988,0.3553588,-0.2198923,-0.1914372,
1,3,7.681,0.2675601,0.7105172,0.8113056,-0.8880988,0.3553588,-0.2198923,-0.1914372,
1,3,7.683,0.2675601,0.7105172,0.8113056,-0.8880988,0.3553588,-0.2198923,-0.1914372,
1,3,7.685,0.2675601,0.7105172,0.8113056,-0.8880988,0.3553588,-0.2198923,-0.1914372,
1,3,7.687,0.267245,0.7105116,0.8106095,-0.8879482,0.3555607,-0.2203198,-0.1912692,
1,3,7.689,0.267245,0.7105116,0.8106095,-0.8879482,0.3555607,-0.2203198,-0.1912692,
1,3,7.691,0.267245,0.7105116,0.8106095,-0.8879482,0.3555607,-0.2203198,-0.1912692,
1,3,7.693,0.267245,0.7105116,0.8106095,-0.8879482,0.3555607,-0.2203198,-0.1912692,
1,3,7.695,0.2670172,0.7105092,0.8100679,-0.887787,0.3555903,-0.220885,-0.1913097,
1,3,7.697,0.2670172,0.7105092,0.8100679,-0.887787,0.3555903,-0.220885,-0.1913097,
1,3,7.699,0.2670172,0.7105092,0.8100679,-0.887787,0.3555903,-0.220885,-0.1913097,
1,3,7.701,0.2670172,0.7105092,0.8100679,-0.887787,0.3555903,-0.220885,-0.1913097,
1,3,7.703,0.2667876,0.7105609,0.8097726,-0.8876576,0.3556263,-0.2211539,-0.1915326,
1,3,7.705,0.2667876,0.7105609,0.8097726,-0.8876576,0.3556263,-0.2211539,-0.1915326,
1,3,7.707,0.2667876,0.7105609,0.8097726,-0.8876576,0.3556263,-0.2211539,-0.1915326,
1,3,7.709,0.2667876,0.7105609,0.8097726,-0.8876576,0.3556263,-0.2211539,-0.1915326,
1,3,7.711,0.2665286,0.7105846,0.8093783,-0.8874937,0.355715,-0.2215565,-0.1916627,
1,3,7.713,0.2665286,0.7105846,0.8093783,-0.8874937,0.355715,-0.2215565,-0.1916627,
1,3,7.715,0.2665286,0.7105846,0.8093783,-0.8874937,0.355715,-0.2215565,-0.1916627,
1,3,7.717,0.2665286,0.7105846,0.8093783,-0.8874937,0.355715,-0.2215565,-0.1916627,
1,3,7.719,0.2661156,0.710778,0.8090687,-0.8871453,0.3560025,-0.2221466,-0.1920577,
1,3,7.721,0.2661156,0.710778,0.8090687,-0.8871453,0.3560025,-0.2221466,-0.1920577,
1,3,7.723,0.2661156,0.710778,0.8090687,-0.8871453,0.3560025,-0.2221466,-0.1920577,
1,3,7.725,0.2661156,0.710778,0.8090687,-0.8871453,0.3560025,-0.2221466,-0.1920577,
1,3,7.727,0.2661156,0.710778,0.8090687,-0.8871453,0.3560025,-0.2221466,-0.1920577,
1,3,7.729,0.26582,0.7108474,0.8088624,-0.8869759,0.3560685,-0.2224986,-0.1923107,
1,3,7.731,0.26582,0.7108474,0.8088624,-0.8869759,0.3560685,-0.2224986,-0.1923107,
1,3,7.733,0.26582,0.7108474,0.8088624,-0.8869759,0.3560685,-0.2224986,-0.1923107,
1,3,7.735,0.26582,0.7108474,0.8088624,-0.8869759,0.3560685,-0.2224986,-0.1923107,
1,3,7.737,0.2654864,0.7108974,0.8086476,-0.8867707,0.3561582,-0.2229907,-0.1925208,
1,3,7.739,0.2654864,0.7108974,0.8086476,-0.8867707,0.3561582,-0.2229907,-0.1925208,
1,3,7.741,0.2654864,0.7108974,0.8086476,-0.8867707,0.3561582,-0.2229907,-0.1925208,
1,3,7.743,0.2654864,0.7108974,0.8086476,-0.8867707,0.3561582,-0.2229907,-0.1925208,
1,3,7.745,0.2652161,0.7109364,0.8085534,-0.8865468,0.3561696,-0.2235349,-0.1928993,
1,3,7.747,0.2652161,0.7109364,0.8085534,-0.8865468,0.3561696,-0.2235349,-0.1928993,
1,3,7.749,0.2652161,0.7109364,0.8085534,-0.8865468,0.3561696,-0.2235349,-0.1928993,
1,3,7.751,0.2652161,0.7109364,0.8085534,-0.8865468,0.3561696,-0.2235349,-0.1928993,
1,3,7.753,0.2648315,0.7109557,0.8082316,-0.8862969,0.3562612,-0.2242995,-0.1929917,
1,3,7.755,0.2648315,0.7109557,0.8082316,-0.8862969,0.3562612,-0.2242995,-0.1929917,
1,3,7.757,0.2648315,0.7109557,0.8082316,-0.8862969,0.3562612,-0.2242995,-0.1929917,
1,3,7.759,0.2648315,0.7109557,0.8082316,-0.8862969,0.3562612,-0.2242995,-0.1929917,
1,3,7.761,0.264654,0.7111332,0.8086365,-0.886104,0.3561889,-0.2243658,-0.193931,
1,3,7.763,0.264654,0.7111332,0.8086365,-0.886104,0.3561889,-0.2243658,-0.193931,
1,3,7.765,0.264654,0.7111332,0.8086365,-0.886104,0.3561889,-0.2243658,-0.193931,
1,3,7.767,0.264654,0.7111332,0.8086365,-0.886104,0.3561889,-0.2243658,-0.193931,
1,3,7.769,0.2642806,0.7112514,0.8086557,-0.8858632,0.3563433,-0.2247143,-0.1943436,
1,3,7.771,0.2642806,0.7112514,0.8086557,-0.8858632,0.3563433,-0.2247143,-0.1943436,
1,3,7.773,0.2642806,0.7112514,0.8086557,-0.8858632,0.3563433,-0.2247143,-0.1943436,
1,3,7.775,0.2642806,0.7112514,0.8086557,-0.8858632,0.3563433,-0.2247143,-0.1943436,
1,3,7.777,0.2642806,0.7112514,0.8086557,-0.8858632,0.3563433,-0.2247143,-0.1943436,
1,3,7.779,0.2640117,0.711277,0.8088244,-0.8857046,0.3563469,-0.2249589,-0.1947764,
1,3,7.781,0.2640117,0.711277,0.8088244,-0.8857046,0.3563469,-0.2249589,-0.1947764,
1,3,7.783,0.2640117,0.711277,0.8088244,-0.8857046,0.3563469,-0.2249589,-0.1947764,
1,3,7.785,0.2640117,0.711277,0.8088244,-0.8857046,0.3563469,-0.2249589,-0.1947764,
1,3,7.787,0.263633,0.7114487,0.808956,-0.885521,0.3565028,-0.2250738,-0.1951926,
1,3,7.789,0.263633,0.7114487,0.808956,-0.885521,0.3565028,-0.2250738,-0.1951926,
1,3,7.791,0.263633,0.7114487,0.808956,-0.885521,0.3565028,-0.2250738,-0.1951926,
1,3,7.793,0.263633,0.7114487,0.808956,-0.885521,0.3565028,-0.2250738,-0.1951926,
1,3,7.795,0.263192,0.7115501,0.8091962,-0.8853161,0.3565856,-0.2253581,-0.1956428,
1,3,7.797,0.263192,0.7115501,0.8091962,-0.8853161,0.3565856,-0.2253581,-0.1956428,
1,3,7.799,0.263192,0.7115501,0.8091962,-0.8853161,0.3565856,-0.2253581,-0.1956428,
1,3,7.801,0.263192,0.7115501,0.8091962,-0.8853161,0.3565856,-0.2253581,-0.1956428,
1,3,7.803,0.2628128,0.7117355,0.8096305,-0.8851959,0.3567483,-0.2250799,-0.1962095,
1,3,7.805,0.2628128,0.7117355,0.8096305,-0.8851959,0.3567483,-0.2250799,-0.1962095,
1,3,7.807,0.2628128,0.7117355,0.8096305,-0.8851959,0.3567483,-0.2250799,-0.1962095,
1,3,7.809,0.2628128,0.7117355,0.8096305,-0.8851959,0.3567483,-0.2250799,-0.1962095,
1,3,7.811,0.2624674,0.7118765,0.8098649,-0.8850467,0.3569151,-0.2251076,-0.1965471,
1,3,7.813,0.2624674,0.7118765,0.8098649,-0.8850467,0.3569151,-0.2251076,-0.1965471,
1,3,7.815,0.2624674,0.7118765,0.8098649,-0.8850467,0.3569151,-0.2251076,-0.1965471,
1,3,7.817,0.2624674,0.7118765,0.8098649,-0.8850467,0.3569151,-0.2251076,-0.1965471,
1,3,7.819,0.2623107,0.7118191,0.8101999,-0.8850633,0.3568074,-0.2249737,-0.1968204,
1,3,7.821,0.2623107,0.7118191,0.8101999,-0.8850633,0.3568074,-0.2249737,-0.1968204,
1,3,7.823,0.2623107,0.7118191,0.8101999,-0.8850633,0.3568074,-0.2249737,-0.1968204,
1,3,7.825,0.2623107,0.7118191,0.8101999,-0.8850633,0.3568074,-0.2249737,-0.1968204,
1,3,7.827,0.2623107,0.7118191,0.8101999,-0.8850633,0.3568074,-0.2249737,-0.1968204,
1,3,7.829,0.2620169,0.7118716,0.810602,-0.8849672,0.3568866,-0.2249129,-0.1971783,
1,3,7.831,0.2620169,0.7118716,0.810602,-0.8849672,0.3568866,-0.2249129,-0.1971783,
1,3,7.833,0.2620169,0.7118716,0.810602,-0.8849672,0.3568866,-0.2249129,-0.1971783,
1,3,7.835,0.2620169,0.7118716,0.810602,-0.8849672,0.3568866,-0.2249129,-0.1971783,
1,3,7.837,0.2617924,0.7118008,0.8108867,-0.8849028,0.3568509,-0.2250483,-0.1973776,
1,3,7.839,0.2617924,0.7118008,0.8108867,-0.8849028,0.3568509,-0.2250483,-0.1973776,
1,3,7.841,0.2617924,0.7118008,0.8108867,-0.8849028,0.3568509,-0.2250483,-0.1973776,
1,3,7.843,0.2617924,0.7118008,0.8108867,-0.8849028,0.3568509,-0.2250483,-0.1973776,
1,3,7.845,0.2615532,0.7117801,0.8111262,-0.8848387,0.3568767,-0.22509,-0.1975704,
1,3,7.847,0.2615532,0.7117801,0.8111262,-0.8848387,0.3568767,-0.22509,-0.1975704,
1,3,7.849,0.2615532,0.7117801,0.8111262,-0.8848387,0.3568767,-0.22509,-0.1975704,
1,3,7.851,0.2615532,0.7117801,0.8111262,-0.8848387,0.3568767,-0.22509,-0.1975704,
1,3,7.853,0.2613196,0.7117514,0.8115211,-0.8847728,0.3568724,-0.2249812,-0.1979966,
1,3,7.855,0.2613196,0.7117514,0.8115211,-0.8847728,0.3568724,-0.2249812,-0.1979966,
1,3,7.857,0.2613196,0.7117514,0.8115211,-0.8847728,0.3568724,-0.2249812,-0.1979966,
1,3,7.859,0.2613196,0.7117514,0.8115211,-0.8847728,0.3568724,-0.2249812,-0.1979966,
1,3,7.861,0.2611806,0.7116738,0.8118722,-0.8847181,0.356755,-0.2250693,-0.1983521,
1,3,7.863,0.2611806,0.7116738,0.8118722,-0.8847181,0.356755,-0.2250693,-0.1983521,
1,3,7.865,0.2611806,0.7116738,0.8118722,-0.8847181,0.356755,-0.2250693,-0.1983521,
1,3,7.867,0.2611806,0.7116738,0.8118722,-0.8847181,0.356755,-0.2250693,-0.1983521,
1,3,7.869,0.260952,0.7116818,0.8121765,-0.8846247,0.3567663,-0.225103,-0.1987098,
1,3,7.871,0.260952,0.7116818,0.8121765,-0.8846247,0.3567663,-0.225103,-0.1987098,
1,3,7.873,0.260952,0.7116818,0.8121765,-0.8846247,0.3567663,-0.225103,-0.1987098,
1,3,7.875,0.260952,0.7116818,0.8121765,-0.8846247,0.3567663,-0.225103,-0.1987098,
1,3,7.877,0.260952,0.7116818,0.8121765,-0.8846247,0.3567663,-0.225103,-0.1987098,
1,3,7.879,0.2607295,0.7116108,0.812503,-0.8845203,0.3567594,-0.2252017,-0.1990748,
1,3,7.881,0.2607295,0.7116108,0.812503,-0.8845203,0.3567594,-0.2252017,-0.1990748,
1,3,7.883,0.2607295,0.7116108,0.812503,-0.8845203,0.3567594,-0.2252017,-0.1990748,
1,3,7.885,0.2607295,0.7116108,0.812503,-0.8845203,0.3567594,-0.2252017,-0.1990748,
1,3,7.887,0.2605918,0.7114936,0.8130925,-0.8844068,0.3565566,-0.225174,-0.199972,
1,3,7.889,0.2605918,0.7114936,0.8130925,-0.8844068,0.3565566,-0.225174,-0.199972,
1,3,7.891,0.2605918,0.7114936,0.8130925,-0.8844068,0.3565566,-0.225174,-0.199972,
1,3,7.893,0.2605918,0.7114936,0.8130925,-0.8844068,0.3565566,-0.225174,-0.199972,
1,3,7.895,0.2604058,0.711439,0.8132966,-0.8842822,0.3565947,-0.2253556,-0.2002503,
1,3,7.897,0.2604058,0.711439,0.8132966,-0.8842822,0.3565947,-0.2253556,-0.2002503,
1,3,7.899,0.2604058,0.711439,0.8132966,-0.8842822,0.3565947,-0.2253556,-0.2002503,
1,3,7.901,0.2604058,0.711439,0.8132966,-0.8842822,0.3565947,-0.2253556,-0.2002503,
1,3,7.903,0.2603095,0.7113043,0.813733,-0.8842008,0.3564347,-0.2254533,-0.2007837,
1,3,7.905,0.2603095,0.7113043,0.813733,-0.8842008,0.3564347,-0.2254533,-0.2007837,
1,3,7.907,0.2603095,0.7113043,0.813733,-0.8842008,0.3564347,-0.2254533,-0.2007837,
1,3,7.909,0.2603095,0.7113043,0.813733,-0.8842008,0.3564347,-0.2254533,-0.2007837,
1,3,7.911,0.2601674,0.7111828,0.8139893,-0.8840858,0.3561891,-0.2258217,-0.2013114,
1,3,7.913,0.2601674,0.7111828,0.8139893,-0.8840858,0.3561891,-0.2258217,-0.2013114,
1,3,7.915,0.2601674,0.7111828,0.8139893,-0.8840858,0.3561891,-0.2258217,-0.2013114,
1,3,7.917,0.2601674,0.7111828,0.8139893,-0.8840858,0.3561891,-0.2258217,-0.2013114,
1,3,7.919,0.2600187,0.7111325,0.8143377,-0.8839452,0.3561516,-0.2259529,-0.201847,
1,3,7.921,0.2600187,0.7111325,0.8143377,-0.8839452,0.3561516,-0.2259529,-0.201847,
1,3,7.923,0.2600187,0.7111325,0.8143377,-0.8839452,0.3561516,-0.2259529,-0.201847,
1,3,7.925,0.2600187,0.7111325,0.8143377,-0.8839452,0.3561516,-0.2259529,-0.201847,
1,3,7.927,0.2600187,0.7111325,0.8143377,-0.8839452,0.3561516,-0.2259529,-0.201847,
1,3,7.929,0.2599177,0.71096,0.8144189,-0.8838183,0.3560923,-0.2263581,-0.2020536,
1,3,7.931,0.2599177,0.71096,0.8144189,-0.8838183,0.3560923,-0.2263581,-0.2020536,
1,3,7.933,0.2599177,0.71096,0.8144189,-0.8838183,0.3560923,-0.2263581,-0.2020536,
1,3,7.935,0.2599177,0.71096,0.8144189,-0.8838183,0.3560923,-0.2263581,-0.2020536,
1,3,7.937,0.259975,0.7107387,0.8147505,-0.8837496,0.3557959,-0.2266213,-0.2025799,
1,3,7.939,0.259975,0.7107387,0.8147505,-0.8837496,0.3557959,-0.2266213,-0.2025799,
1,3,7.941,0.259975,0.7107387,0.8147505,-0.8837496,0.3557959,-0.2266213,-0.2025799,
1,3,7.943,0.259975,0.7107387,0.8147505,-0.8837496,0.3557959,-0.2266213,-0.2025799,
1,3,7.945,0.2598644,0.7105944,0.8147691,-0.8836305,0.3557727,-0.2269198,-0.2028069,
1,3,7.947,0.2598644,0.7105944,0.8147691,-0.8836305,0.3557727,-0.2269198,-0.2028069,
1,3,7.949,0.2598644,0.7105944,0.8147691,-0.8836305,0.3557727,-0.2269198,-0.2028069,
1,3,7.951,0.2598644,0.7105944,0.8147691,-0.8836305,0.3557727,-0.2269198,-0.2028069,
1,3,7.953,0.2598454,0.7104182,0.8148824,-0.8835564,0.3556842,-0.2271044,-0.2030771,
1,3,7.955,0.2598454,0.7104182,0.8148824,-0.8835564,0.3556842,-0.2271044,-0.2030771,
1,3,7.957,0.2598454,0.7104182,0.8148824,-0.8835564,0.3556842,-0.2271044,-0.2030771,
1,3,7.959,0.2598454,0.7104182,0.8148824,-0.8835564,0.3556842,-0.2271044,-0.2030771,
1,3,7.961,0.2598894,0.710223,0.8150632,-0.8835432,0.3555457,-0.2271116,-0.2033693,
1,3,7.963,0.2598894,0.710223,0.8150632,-0.8835432,0.3555457,-0.2271116,-0.2033693,
1,3,7.965,0.2598894,0.710223,0.8150632,-0.8835432,0.3555457,-0.2271116,-0.2033693,
1,3,7.967,0.2598894,0.710223,0.8150632,-0.8835432,0.3555457,-0.2271116,-0.2033693,
1,3,7.969,0.2599238,0.710052,0.8150073,-0.8835928,0.3553384,-0.2271637,-0.2034577,
1,3,7.971,0.2599238,0.710052,0.8150073,-0.8835928,0.3553384,-0.2271637,-0.2034577,
1,3,7.973,0.2599238,0.710052,0.8150073,-0.8835928,0.3553384,-0.2271637,-0.2034577,
1,3,7.975,0.2599238,0.710052,0.8150073,-0.8835928,0.3553384,-0.2271637,-0.2034577,
1,3,7.977,0.2599238,0.710052,0.8150073,-0.8835928,0.3553384,-0.2271637,-0.2034577,
1,3,7.979,0.2599878,0.7098362,0.8150246,-0.8835891,0.3552149,-0.2272869,-0.2035521,
1,3,7.981,0.2599878,0.7098362,0.8150246,-0.8835891,0.3552149,-0.2272869,-0.2035521,
1,3,7.983,0.2599878,0.7098362,0.8150246,-0.8835891,0.3552149,-0.2272869,-0.2035521,
1,3,7.985,0.2599878,0.7098362,0.8150246,-0.8835891,0.3552149,-0.2272869,-0.2035521,
1,3,7.987,0.2599959,0.7096578,0.8148546,-0.8835963,0.3551579,-0.2274548,-0.2034323,
1,3,7.989,0.2599959,0.7096578,0.8148546,-0.8835963,0.3551579,-0.2274548,-0.2034323,
1,3,7.991,0.2599959,0.7096578,0.8148546,-0.8835963,0.3551579,-0.2274548,-0.2034323,
1,3,7.993,0.2599959,0.7096578,0.8148546,-0.8835963,0.3551579,-0.2274548,-0.2034323,
1,3,7.995,0.2601199,0.7093605,0.8149223,-0.8836454,0.3549306,-0.2274943,-0.2035717,
1,3,7.997,0.2601199,0.7093605,0.8149223,-0.8836454,0.3549306,-0.2274943,-0.2035717,
1,3,7.999,0.2601199,0.7093605,0.8149223,-0.8836454,0.3549306,-0.2274943,-0.2035717,
1,3,8.001,0.2601199,0.7093605,0.8149223,-0.8836454,0.3549306,-0.2274943,-0.2035717,
1,3,8.003,0.2602375,0.7090154,0.8148097,-0.8837625,0.3546739,-0.2274607,-0.2035481,
1,3,8.005,0.2602375,0.7090154,0.8148097,-0.8837625,0.3546739,-0.2274607,-0.2035481,
1,3,8.007,0.2602375,0.7090154,0.8148097,-0.8837625,0.3546739,-0.2274607,-0.2035481,
1,3,8.009,0.2602375,0.7090154,0.8148097,-0.8837625,0.3546739,-0.2274607,-0.2035481,
1,3,8.011,0.2602478,0.7087563,0.8146487,-0.8838034,0.3545707,-0.2274697,-0.2035406,
1,3,8.013,0.2602478,0.7087563,0.8146487,-0.8838034,0.3545707,-0.2274697,-0.2035406,
1,3,8.015,0.2602478,0.7087563,0.8146487,-0.8838034,0.3545707,-0.2274697,-0.2035406,
1,3,8.017,0.2602478,0.7087563,0.8146487,-0.8838034,0.3545707,-0.2274697,-0.2035406,
1,3,8.019,0.2603386,0.7083995,0.814429,-0.8838818,0.3544402,-0.2274538,-0.2034452,
1,3,8.021,0.2603386,0.7083995,0.814429,-0.8838818,0.3544402,-0.2274538,-0.2034452,
1,3,8.023,0.2603386,0.7083995,0.814429,-0.8838818,0.3544402,-0.2274538,-0.2034452,
1,3,8.025,0.2603386,0.7083995,0.814429,-0.8838818,0.3544402,-0.2274538,-0.2034452,
1,3,8.027,0.2603386,0.7083995,0.814429,-0.8838818,0.3544402,-0.2274538,-0.2034452,
1,3,8.029,0.2603115,0.7080772,0.8140461,-0.8840855,0.3542843,-0.2272136,-0.2030999,
1,3,8.031,0.2603115,0.7080772,0.8140461,-0.8840855,0.3542843,-0.2272136,-0.2030999,
1,3,8.033,0.2603115,0.7080772,0.8140461,-0.8840855,0.3542843,-0.2272136,-0.2030999,
1,3,8.035,0.2603115,0.7080772,0.8140461,-0.8840855,0.3542843,-0.2272136,-0.2030999,
1,3,8.037,0.2603299,0.707751,0.8138003,-0.8841763,0.3541589,-0.2271438,-0.2030015,
1,3,8.039,0.2603299,0.707751,0.8138003,-0.8841763,0.3541589,-0.2271438,-0.2030015,
1,3,8.041,0.2603299,0.707751,0.8138003,-0.8841763,0.3541589,-0.2271438,-0.2030015,
1,3,8.043,0.2603299,0.707751,0.8138003,-0.8841763,0.3541589,-0.2271438,-0.2030015,
1,3,8.045,0.2602813,0.7074654,0.8134606,-0.8842188,0.3540715,-0.2272276,-0.2028746,
1,3,8.047,0.2602813,0.7074654,0.8134606,-0.8842188,0.3540715,-0.2272276,-0.2028746,
1,3,8.049,0.2602813,0.7074654,0.8134606,-0.8842188,0.3540715,-0.2272276,-0.2028746,
1,3,8.051,0.2602813,0.7074654,0.8134606,-0.8842188,0.3540715,-0.2272276,-0.2028746,
1,3,8.053,0.2603275,0.70701,0.8129217,-0.8843247,0.3538234,-0.2276812,-0.2023369,
1,3,8.055,0.2603275,0.70701,0.8129217,-0.8843247,0.3538234,-0.2276812,-0.2023369,
1,3,8.057,0.2603275,0.70701,0.8129217,-0.8843247,0.3538234,-0.2276812,-0.2023369,
1,3,8.059,0.2603275,0.70701,0.8129217,-0.8843247,0.3538234,-0.2276812,-0.2023369,
1,3,8.061,0.2602739,0.706804,0.8126758,-0.8843331,0.3537799,-0.2277386,-0.2023116,
1,3,8.063,0.2602739,0.706804,0.8126758,-0.8843331,0.3537799,-0.2277386,-0.2023116,
1,3,8.065,0.2602739,0.706804,0.8126758,-0.8843331,0.3537799,-0.2277386,-0.2023116,
1,3,8.067,0.2602739,0.706804,0.8126758,-0.8843331,0.3537799,-0.2277386,-0.2023116,
1,3,8.069,0.2602322,0.7065404,0.812199,-0.8843955,0.3537332,-0.2277818,-0.2020716,
1,3,8.071,0.2602322,0.7065404,0.812199,-0.8843955,0.3537332,-0.2277818,-0.2020716,
1,3,8.073,0.2602322,0.7065404,0.812199,-0.8843955,0.3537332,-0.2277818,-0.2020716,
1,3,8.075,0.2602322,0.7065404,0.812199,-0.8843955,0.3537332,-0.2277818,-0.2020716,
1,3,8.077,0.2602322,0.7065404,0.812199,-0.8843955,0.3537332,-0.2277818,-0.2020716,
1,3,8.079,0.2601517,0.7063044,0.8115997,-0.8843651,0.3537907,-0.2281451,-0.2016939,
1,3,8.081,0.2601517,0.7063044,0.8115997,-0.8843651,0.3537907,-0.2281451,-0.2016939,CourtEnter
1,3,8.083,0.2601517,0.7063044,0.8115997,-0.8843651,0.3537907,-0.2281451,-0.2016939,
1,3,8.085,0.2601517,0.7063044,0.8115997,-0.8843651,0.3537907,-0.2281451,-0.2016939,
1,3,8.087,0.2600419,0.7060767,0.8110132,-0.8843024,0.3538494,-0.228581,-0.2013724,
1,3,8.089,0.2600419,0.7060767,0.8110132,-0.8843024,0.3538494,-0.228581,-0.2013724,
1,3,8.091,0.2600419,0.7060767,0.8110132,-0.8843024,0.3538494,-0.228581,-0.2013724,CourtExit
1,3,8.093,0.2600419,0.7060767,0.8110132,-0.8843024,0.3538494,-0.228581,-0.2013724,
1,3,8.095,0.2599877,0.7058161,0.8105618,-0.884208,0.3538245,-0.2290912,-0.2012504,
1,3,8.097,0.2599877,0.7058161,0.8105618,-0.884208,0.3538245,-0.2290912,-0.2012504,
1,3,8.099,0.2599877,0.7058161,0.8105618,-0.884208,0.3538245,-0.2290912,-0.2012504,
1,3,8.101,0.2599877,0.7058161,0.8105618,-0.884208,0.3538245,-0.2290912,-0.2012504,
1,3,8.103,0.2599352,0.7055653,0.8101935,-0.8841726,0.3537501,-0.2293667,-0.2012223,
1,3,8.105,0.2599352,0.7055653,0.8101935,-0.8841726,0.3537501,-0.2293667,-0.2012223,
1,3,8.107,0.2599352,0.7055653,0.8101935,-0.8841726,0.3537501,-0.2293667,-0.2012223,
1,3,8.109,0.2599352,0.7055653,0.8101935,-0.8841726,0.3537501,-0.2293667,-0.2012223,
1,3,8.111,0.2598834,0.7053705,0.8098677,-0.8841349,0.3537011,-0.229541,-0.2012755,
1,3,8.113,0.2598834,0.7053705,0.8098677,-0.8841349,0.3537011,-0.229541,-0.2012755,
1,3,8.115,0.2598834,0.7053705,0.8098677,-0.8841349,0.3537011,-0.229541,-0.2012755,
1,3,8.117,0.2598834,0.7053705,0.8098677,-0.8841349,0.3537011,-0.229541,-0.2012755,
1,3,8.119,0.2598653,0.705195,0.8094102,-0.8840249,0.3537102,-0.2299749,-0.2012477,
1,3,8.121,0.2598653,0.705195,0.8094102,-0.8840249,0.3537102,-0.2299749,-0.2012477,
1,3,8.123,0.2598653,0.705195,0.8094102,-0.8840249,0.3537102,-0.2299749,-0.2012477,
1,3,8.125,0.2598653,0.705195,0.8094102,-0.8840249,0.3537102,-0.2299749,-0.2012477,
1,3,8.127,0.2598653,0.705195,0.8094102,-0.8840249,0.3537102,-0.2299749,-0.2012477,
1,3,8.129,0.2598072,0.7049981,0.8089085,-0.8839561,0.3537016,-0.2303583,-0.2011263,
1,3,8.131,0.2598072,0.7049981,0.8089085,-0.8839561,0.3537016,-0.2303583,-0.2011263,
1,3,8.133,0.2598072,0.7049981,0.8089085,-0.8839561,0.3537016,-0.2303583,-0.2011263,
1,3,8.135,0.2598072,0.7049981,0.8089085,-0.8839561,0.3537016,-0.2303583,-0.2011263,
1,3,8.137,0.2597412,0.7047879,0.8083217,-0.8838331,0.353747,-0.2308882,-0.20098,
1,3,8.139,0.2597412,0.7047879,0.8083217,-0.8838331,0.353747,-0.2308882,-0.20098,
1,3,8.141,0.2597412,0.7047879,0.8083217,-0.8838331,0.353747,-0.2308882,-0.20098,
1,3,8.143,0.2597412,0.7047879,0.8083217,-0.8838331,0.353747,-0.2308882,-0.20098,
1,3,8.145,0.2595692,0.7045174,0.8073372,-0.8836761,0.3538346,-0.2317109,-0.2005687,
1,3,8.147,0.2595692,0.7045174,0.8073372,-0.8836761,0.3538346,-0.2317109,-0.2005687,
1,3,8.149,0.2595692,0.7045174,0.8073372,-0.8836761,0.3538346,-0.2317109,-0.2005687,
1,3,8.151,0.2595692,0.7045174,0.8073372,-0.8836761,0.3538346,-0.2317109,-0.2005687,
1,3,8.153,0.2594219,0.704179,0.8063397,-0.8835041,0.3538348,-0.2326445,-0.2002447,
1,3,8.155,0.2594219,0.704179,0.8063397,-0.8835041,0.3538348,-0.2326445,-0.2002447,
1,3,8.157,0.2594219,0.704179,0.8063397,-0.8835041,0.3538348,-0.2326445,-0.2002447,
1,3,8.159,0.2594219,0.704179,0.8063397,-0.8835041,0.3538348,-0.2326445,-0.2002447,
1,3,8.161,0.2591916,0.7038521,0.8055761,-0.88337,0.3538422,-0.2332077,-0.2001682,
1,3,8.163,0.2591916,0.7038521,0.8055761,-0.88337,0.3538422,-0.2332077,-0.2001682,
1,3,8.165,0.2591916,0.7038521,0.8055761,-0.88337,0.3538422,-0.2332077,-0.2001682,
1,3,8.167,0.2591916,0.7038521,0.8055761,-0.88337,0.3538422,-0.2332077,-0.2001682,
1,3,8.169,0.258705,0.7035417,0.8045749,-0.8832613,0.3540952,-0.2333579,-0.2000251,
1,3,8.171,0.258705,0.7035417,0.8045749,-0.8832613,0.3540952,-0.2333579,-0.2000251,
1,3,8.173,0.258705,0.7035417,0.8045749,-0.8832613,0.3540952,-0.2333579,-0.2000251,
1,3,8.175,0.258705,0.7035417,0.8045749,-0.8832613,0.3540952,-0.2333579,-0.2000251,
1,3,8.177,0.258705,0.7035417,0.8045749,-0.8832613,0.3540952,-0.2333579,-0.2000251,
1,3,8.179,0.2584891,0.7033737,0.8040379,-0.8831505,0.3542311,-0.2337558,-0.1998095,
1,3,8.181,0.2584891,0.7033737,0.8040379,-0.8831505,0.3542311,-0.2337558,-0.1998095,
1,3,8.183,0.2584891,0.7033737,0.8040379,-0.8831505,0.3542311,-0.2337558,-0.1998095,
1,3,8.185,0.2584891,0.7033737,0.8040379,-0.8831505,0.3542311,-0.2337558,-0.1998095,
1,3,8.187,0.2580814,0.7030494,0.8031189,-0.8828413,0.3542661,-0.2348019,-0.1998873,
1,3,8.189,0.2580814,0.7030494,0.8031189,-0.8828413,0.3542661,-0.2348019,-0.1998873,
1,3,8.191,0.2580814,0.7030494,0.8031189,-0.8828413,0.3542661,-0.2348019,-0.1998873,
1,3,8.193,0.2580814,0.7030494,0.8031189,-0.8828413,0.3542661,-0.2348019,-0.1998873,
1,3,8.195,0.2579659,0.7029384,0.8029192,-0.8827585,0.3541929,-0.2351388,-0.1999864,
1,3,8.197,0.2579659,0.7029384,0.8029192,-0.8827585,0.3541929,-0.2351388,-0.1999864,
1,3,8.199,0.2579659,0.7029384,0.8029192,-0.8827585,0.3541929,-0.2351388,-0.1999864,
1,3,8.201,0.2579659,0.7029384,0.8029192,-0.8827585,0.3541929,-0.2351388,-0.1999864,
1,3,8.203,0.2578579,0.702869,0.8027033,-0.8827223,0.3542129,-0.2351869,-0.2000542,
1,3,8.205,0.2578579,0.702869,0.8027033,-0.8827223,0.3542129,-0.2351869,-0.2000542,
1,3,8.207,0.2578579,0.702869,0.8027033,-0.8827223,0.3542129,-0.2351869,-0.2000542,
1,3,8.209,0.2578579,0.702869,0.8027033,-0.8827223,0.3542129,-0.2351869,-0.2000542,
1,3,8.211,0.2577428,0.7027898,0.8024822,-0.8827559,0.3542063,-0.2350753,-0.200049,
1,3,8.213,0.2577428,0.7027898,0.8024822,-0.8827559,0.3542063,-0.2350753,-0.200049,
1,3,8.215,0.2577428,0.7027898,0.8024822,-0.8827559,0.3542063,-0.2350753,-0.200049,
1,3,8.217,0.2577428,0.7027898,0.8024822,-0.8827559,0.3542063,-0.2350753,-0.200049,
1,3,8.219,0.2576439,0.7027701,0.8022792,-0.8827467,0.3542454,-0.2350405,-0.2000612,
1,3,8.221,0.2576439,0.7027701,0.8022792,-0.8827467,0.3542454,-0.2350405,-0.2000612,
1,3,8.223,0.2576439,0.7027701,0.8022792,-0.8827467,0.3542454,-0.2350405,-0.2000612,
1,3,8.225,0.2576439,0.7027701,0.8022792,-0.8827467,0.3542454,-0.2350405,-0.2000612,
1,3,8.227,0.2576439,0.7027701,0.8022792,-0.8827467,0.3542454,-0.2350405,-0.2000612,
1,3,8.229,0.257559,0.7026488,0.8021604,-0.882793,0.3541676,-0.2349642,-0.2000843,
1,3,8.231,0.257559,0.7026488,0.8021604,-0.882793,0.3541676,-0.2349642,-0.2000843,
1,3,8.233,0.257559,0.7026488,0.8021604,-0.882793,0.3541676,-0.2349642,-0.2000843,
1,3,8.235,0.257559,0.7026488,0.8021604,-0.882793,0.3541676,-0.2349642,-0.2000843,
1,3,8.237,0.2574366,0.7026054,0.8019381,-0.8828129,0.3542059,-0.2348955,-0.2000091,
1,3,8.239,0.2574366,0.7026054,0.8019381,-0.8828129,0.3542059,-0.2348955,-0.2000091,
1,3,8.241,0.2574366,0.7026054,0.8019381,-0.8828129,0.3542059,-0.2348955,-0.2000091,
1,3,8.243,0.2574366,0.7026054,0.8019381,-0.8828129,0.3542059,-0.2348955,-0.2000091,
1,3,8.245,0.2573301,0.7024676,0.8017485,-0.8828534,0.3541176,-0.2349078,-0.1999723,
1,3,8.247,0.2573301,0.7024676,0.8017485,-0.8828534,0.3541176,-0.2349078,-0.1999723,
1,3,8.249,0.2573301,0.7024676,0.8017485,-0.8828534,0.3541176,-0.2349078,-0.1999723,
1,3,8.251,0.2573301,0.7024676,0.8017485,-0.8828534,0.3541176,-0.2349078,-0.1999723,
1,3,8.253,0.2571473,0.702433,0.8015735,-0.8828161,0.3541357,-0.2350243,-0.199968,
1,3,8.255,0.2571473,0.702433,0.8015735,-0.8828161,0.3541357,-0.2350243,-0.199968,
1,3,8.257,0.2571473,0.702433,0.8015735,-0.8828161,0.3541357,-0.2350243,-0.199968,
1,3,8.259,0.2571473,0.702433,0.8015735,-0.8828161,0.3541357,-0.2350243,-0.199968,
1,3,8.261,0.2569793,0.7023098,0.8015244,-0.8828056,0.3540747,-0.2350878,-0.200048,
1,3,8.263,0.2569793,0.7023098,0.8015244,-0.8828056,0.3540747,-0.2350878,-0.200048,
1,3,8.265,0.2569793,0.7023098,0.8015244,-0.8828056,0.3540747,-0.2350878,-0.200048,
1,3,8.267,0.2569793,0.7023098,0.8015244,-0.8828056,0.3540747,-0.2350878,-0.200048,
1,3,8.269,0.256745,0.7023245,0.8015486,-0.8827276,0.3541163,-0.2350554,-0.2003565,
1,3,8.271,0.256745,0.7023245,0.8015486,-0.8827276,0.3541163,-0.2350554,-0.2003565,
1,3,8.273,0.256745,0.7023245,0.8015486,-0.8827276,0.3541163,-0.2350554,-0.2003565,
1,3,8.275,0.256745,0.7023245,0.8015486,-0.8827276,0.3541163,-0.2350554,-0.2003565,
1,3,8.277,0.256745,0.7023245,0.8015486,-0.8827276,0.3541163,-0.2350554,-0.2003565,
1,3,8.279,0.2564863,0.702369,0.8015035,-0.8826056,0.35427,-0.2350727,-0.2006018,
1,3,8.281,0.2564863,0.702369,0.8015035,-0.8826056,0.35427,-0.2350727,-0.2006018,
1,3,8.283,0.2564863,0.702369,0.8015035,-0.8826056,0.35427,-0.2350727,-0.2006018,
1,3,8.285,0.2564863,0.702369,0.8015035,-0.8826056,0.35427,-0.2350727,-0.2006018,
1,3,8.287,0.2563165,0.7023939,0.801555,-0.8824922,0.3543233,-0.2351512,-0.2009141,
1,3,8.289,0.2563165,0.7023939,0.801555,-0.8824922,0.3543233,-0.2351512,-0.2009141,
1,3,8.291,0.2563165,0.7023939,0.801555,-0.8824922,0.3543233,-0.2351512,-0.2009141,
1,3,8.293,0.2563165,0.7023939,0.801555,-0.8824922,0.3543233,-0.2351512,-0.2009141,
1,3,8.295,0.2562515,0.7024295,0.8015718,-0.882448,0.3543171,-0.2351897,-0.2010746,
1,3,8.297,0.2562515,0.7024295,0.8015718,-0.882448,0.3543171,-0.2351897,-0.2010746,
1,3,8.299,0.2562515,0.7024295,0.8015718,-0.882448,0.3543171,-0.2351897,-0.2010746,
1,3,8.301,0.2562515,0.7024295,0.8015718,-0.882448,0.3543171,-0.2351897,-0.2010746,
1,3,8.303,0.2560705,0.7025859,0.8016129,-0.8823394,0.3544129,-0.2352109,-0.2013564,
1,3,8.305,0.2560705,0.7025859,0.8016129,-0.8823394,0.3544129,-0.2352109,-0.2013564,
1,3,8.307,0.2560705,0.7025859,0.8016129,-0.8823394,0.3544129,-0.2352109,-0.2013564,
1,3,8.309,0.2560705,0.7025859,0.8016129,-0.8823394,0.3544129,-0.2352109,-0.2013564,
1,3,8.311,0.2559159,0.7027583,0.8017012,-0.8822867,0.3545331,-0.2349704,-0.2016566,
1,3,8.313,0.2559159,0.7027583,0.8017012,-0.8822867,0.3545331,-0.2349704,-0.2016566,
1,3,8.315,0.2559159,0.7027583,0.8017012,-0.8822867,0.3545331,-0.2349704,-0.2016566,
1,3,8.317,0.2559159,0.7027583,0.8017012,-0.8822867,0.3545331,-0.2349704,-0.2016566,
1,3,8.319,0.2558475,0.7029,0.8018636,-0.8823447,0.3544874,-0.2345788,-0.2019388,
1,3,8.321,0.2558475,0.7029,0.8018636,-0.8823447,0.3544874,-0.2345788,-0.2019388,
1,3,8.323,0.2558475,0.7029,0.8018636,-0.8823447,0.3544874,-0.2345788,-0.2019388,
1,3,8.325,0.2558475,0.7029,0.8018636,-0.8823447,0.3544874,-0.2345788,-0.2019388,
1,3,8.327,0.2558475,0.7029,0.8018636,-0.8823447,0.3544874,-0.2345788,-0.2019388,
1,3,8.329,0.2557007,0.7030544,0.8018161,-0.882393,0.3546028,-0.2342595,-0.201896,
1,3,8.331,0.2557007,0.7030544,0.8018161,-0.882393,0.3546028,-0.2342595,-0.201896,
1,3,8.333,0.2557007,0.7030544,0.8018161,-0.882393,0.3546028,-0.2342595,-0.201896,
1,3,8.335,0.2557007,0.7030544,0.8018161,-0.882393,0.3546028,-0.2342595,-0.201896,
1,3,8.337,0.2555923,0.7031559,0.8017262,-0.8824102,0.3547289,-0.2340637,-0.2018262,
1,3,8.339,0.2555923,0.7031559,0.8017262,-0.8824102,0.3547289,-0.2340637,-0.2018262,
1,3,8.341,0.2555923,0.7031559,0.8017262,-0.8824102,0.3547289,-0.2340637,-0.2018262,
1,3,8.343,0.2555923,0.7031559,0.8017262,-0.8824102,0.3547289,-0.2340637,-0.2018262,
1,3,8.345,0.2553147,0.7034072,0.8016833,-0.8823572,0.355051,-0.2337276,-0.2018815,
1,3,8.347,0.2553147,0.7034072,0.8016833,-0.8823572,0.355051,-0.2337276,-0.2018815,
1,3,8.349,0.2553147,0.7034072,0.8016833,-0.8823572,0.355051,-0.2337276,-0.2018815,
1,3,8.351,0.2553147,0.7034072,0.8016833,-0.8823572,0.355051,-0.2337276,-0.2018815,
1,3,8.353,0.2549574,0.7036366,0.8014281,-0.8822268,0.3554482,-0.2337323,-0.2017468,
1,3,8.355,0.2549574,0.7036366,0.8014281,-0.8822268,0.3554482,-0.2337323,-0.2017468,
1,3,8.357,0.2549574,0.7036366,0.8014281,-0.8822268,0.3554482,-0.2337323,-0.2017468,
1,3,8.359,0.2549574,0.7036366,0.8014281,-0.8822268,0.3554482,-0.2337323,-0.2017468,
1,3,8.361,0.2547137,0.7038023,0.8013926,-0.882121,0.355588,-0.2337692,-0.2019201,
1,3,8.363,0.2547137,0.7038023,0.8013926,-0.882121,0.355588,-0.2337692,-0.2019201,
1,3,8.365,0.2547137,0.7038023,0.8013926,-0.882121,0.355588,-0.2337692,-0.2019201,
1,3,8.367,0.2547137,0.7038023,0.8013926,-0.882121,0.355588,-0.2337692,-0.2019201,
1,3,8.369,0.2543743,0.7040706,0.8011267,-0.8818606,0.3559116,-0.2342273,-0.2019564,
1,3,8.371,0.2543743,0.7040706,0.8011267,-0.8818606,0.3559116,-0.2342273,-0.2019564,
1,3,8.373,0.2543743,0.7040706,0.8011267,-0.8818606,0.3559116,-0.2342273,-0.2019564,
1,3,8.375,0.2543743,0.7040706,0.8011267,-0.8818606,0.3559116,-0.2342273,-0.2019564,
1,3,8.377,0.2543743,0.7040706,0.8011267,-0.8818606,0.3559116,-0.2342273,-0.2019564,
1,3,8.379,0.2540175,0.7043258,0.8009067,-0.8815998,0.3561434,-0.2347633,-0.202064,
1,3,8.381,0.2540175,0.7043258,0.8009067,-0.8815998,0.3561434,-0.2347633,-0.202064,
1,3,8.383,0.2540175,0.7043258,0.8009067,-0.8815998,0.3561434,-0.2347633,-0.202064,
1,3,8.385,0.2540175,0.7043258,0.8009067,-0.8815998,0.3561434,-0.2347633,-0.202064,
1,3,8.387,0.2536359,0.7046373,0.8008093,-0.8813567,0.3564451,-0.2350455,-0.2022645,
1,3,8.389,0.2536359,0.7046373,0.8008093,-0.8813567,0.3564451,-0.2350455,-0.2022645,
1,3,8.391,0.2536359,0.7046373,0.8008093,-0.8813567,0.3564451,-0.2350455,-0.2022645,
1,3,8.393,0.2536359,0.7046373,0.8008093,-0.8813567,0.3564451,-0.2350455,-0.2022645,
1,3,8.395,0.2532796,0.7049806,0.8008907,-0.8811331,0.3567597,-0.2351001,-0.2026204,
1,3,8.397,0.2532796,0.7049806,0.8008907,-0.8811331,0.3567597,-0.2351001,-0.2026204,
1,3,8.399,0.2532796,0.7049806,0.8008907,-0.8811331,0.3567597,-0.2351001,-0.2026204,
1,3,8.401,0.2532796,0.7049806,0.8008907,-0.8811331,0.3567597,-0.2351001,-0.2026204,
1,3,8.403,0.253017,0.7052922,0.8009765,-0.8809345,0.3569394,-0.2353188,-0.2029134,
1,3,8.405,0.253017,0.7052922,0.8009765,-0.8809345,0.3569394,-0.2353188,-0.2029134,
1,3,8.407,0.253017,0.7052922,0.8009765,-0.8809345,0.3569394,-0.2353188,-0.2029134,
1,3,8.409,0.253017,0.7052922,0.8009765,-0.8809345,0.3569394,-0.2353188,-0.2029134,
1,3,8.411,0.2526382,0.7056911,0.8010262,-0.8806796,0.3572735,-0.2355539,-0.2031589,
1,3,8.413,0.2526382,0.7056911,0.8010262,-0.8806796,0.3572735,-0.2355539,-0.2031589,
1,3,8.415,0.2526382,0.7056911,0.8010262,-0.8806796,0.3572735,-0.2355539,-0.2031589,
1,3,8.417,0.2526382,0.7056911,0.8010262,-0.8806796,0.3572735,-0.2355539,-0.2031589,
1,3,8.419,0.2525062,0.705867,0.8011022,-0.8806045,0.3573155,-0.2356672,-0.203279,
1,3,8.421,0.2525062,0.705867,0.8011022,-0.8806045,0.3573155,-0.2356672,-0.203279,
1,3,8.423,0.2525062,0.705867,0.8011022,-0.8806045,0.3573155,-0.2356672,-0.203279,
1,3,8.425,0.2525062,0.705867,0.8011022,-0.8806045,0.3573155,-0.2356672,-0.203279,
1,3,8.427,0.2525062,0.705867,0.8011022,-0.8806045,0.3573155,-0.2356672,-0.203279,
1,3,8.429,0.2521919,0.7063987,0.801355,-0.8803397,0.3575417,-0.2358735,-0.2037884,
1,3,8.431,0.2521919,0.7063987,0.801355,-0.8803397,0.3575417,-0.2358735,-0.2037884,
1,3,8.433,0.2521919,0.7063987,0.801355,-0.8803397,0.3575417,-0.2358735,-0.2037884,
1,3,8.435,0.2521919,0.7063987,0.801355,-0.8803397,0.3575417,-0.2358735,-0.2037884,
1,3,8.437,0.251801,0.706795,0.8017374,-0.8801328,0.3578081,-0.2357947,-0.2043051,
1,3,8.439,0.251801,0.706795,0.8017374,-0.8801328,0.3578081,-0.2357947,-0.2043051,
1,3,8.441,0.251801,0.706795,0.8017374,-0.8801328,0.3578081,-0.2357947,-0.2043051,
1,3,8.443,0.251801,0.706795,0.8017374,-0.8801328,0.3578081,-0.2357947,-0.2043051,
1,3,8.445,0.251451,0.707235,0.8021595,-0.8799306,0.3580531,-0.2356715,-0.2048882,
1,3,8.447,0.251451,0.707235,0.8021595,-0.8799306,0.3580531,-0.2356715,-0.2048882,
1,3,8.449,0.251451,0.707235,0.8021595,-0.8799306,0.3580531,-0.2356715,-0.2048882,
1,3,8.451,0.251451,0.707235,0.8021595,-0.8799306,0.3580531,-0.2356715,-0.2048882,
1,3,8.453,0.2512613,0.7074699,0.8023682,-0.8798266,0.3581454,-0.235702,-0.2051383,
1,3,8.455,0.2512613,0.7074699,0.8023682,-0.8798266,0.3581454,-0.235702,-0.2051383,
1,3,8.457,0.2512613,0.7074699,0.8023682,-0.8798266,0.3581454,-0.235702,-0.2051383,
1,3,8.459,0.2512613,0.7074699,0.8023682,-0.8798266,0.3581454,-0.235702,-0.2051383,
1,3,8.461,0.2508422,0.7079365,0.8028938,-0.8795893,0.3584905,-0.2354706,-0.2058179,
1,3,8.463,0.2508422,0.7079365,0.8028938,-0.8795893,0.3584905,-0.2354706,-0.2058179,
1,3,8.465,0.2508422,0.7079365,0.8028938,-0.8795893,0.3584905,-0.2354706,-0.2058179,
1,3,8.467,0.2508422,0.7079365,0.8028938,-0.8795893,0.3584905,-0.2354706,-0.2058179,
1,3,8.469,0.2505442,0.7082348,0.8030762,-0.8794085,0.3587377,-0.2355302,-0.2060909,
1,3,8.471,0.2505442,0.7082348,0.8030762,-0.8794085,0.3587377,-0.2355302,-0.2060909,
1,3,8.473,0.2505442,0.7082348,0.8030762,-0.8794085,0.3587377,-0.2355302,-0.2060909,
1,3,8.475,0.2505442,0.7082348,0.8030762,-0.8794085,0.3587377,-0.2355302,-0.2060909,
1,3,8.477,0.2505442,0.7082348,0.8030762,-0.8794085,0.3587377,-0.2355302,-0.2060909,
1,3,8.479,0.2500293,0.7086942,0.8034471,-0.8791149,0.3591569,-0.2354862,-0.2066631,
1,3,8.481,0.2500293,0.7086942,0.8034471,-0.8791149,0.3591569,-0.2354862,-0.2066631,
1,3,8.483,0.2500293,0.7086942,0.8034471,-0.8791149,0.3591569,-0.2354862,-0.2066631,
1,3,8.485,0.2500293,0.7086942,0.8034471,-0.8791149,0.3591569,-0.2354862,-0.2066631,
1,3,8.487,0.2496494,0.7090679,0.8039854,-0.8789125,0.3593566,-0.2353244,-0.2073598,
1,3,8.489,0.2496494,0.7090679,0.8039854,-0.8789125,0.3593566,-0.2353244,-0.2073598,
1,3,8.491,0.2496494,0.7090679,0.8039854,-0.8789125,0.3593566,-0.2353244,-0.2073598,
1,3,8.493,0.2496494,0.7090679,0.8039854,-0.8789125,0.3593566,-0.2353244,-0.2073598,
1,3,8.495,0.2494439,0.7092606,0.8041541,-0.8787146,0.3595378,-0.2355653,-0.2076109,
1,3,8.497,0.2494439,0.7092606,0.8041541,-0.8787146,0.3595378,-0.2355653,-0.2076109,
1,3,8.499,0.2494439,0.7092606,0.8041541,-0.8787146,0.3595378,-0.2355653,-0.2076109,
1,3,8.501,0.2494439,0.7092606,0.8041541,-0.8787146,0.3595378,-0.2355653,-0.2076109,
1,3,8.503,0.2491765,0.7095699,0.8045939,-0.8784555,0.3597671,-0.2355926,-0.2082777,
1,3,8.505,0.2491765,0.7095699,0.8045939,-0.8784555,0.3597671,-0.2355926,-0.2082777,
1,3,8.507,0.2491765,0.7095699,0.8045939,-0.8784555,0.3597671,-0.2355926,-0.2082777,
1,3,8.509,0.2491765,0.7095699,0.8045939,-0.8784555,0.3597671,-0.2355926,-0.2082777,
1,3,8.511,0.2488915,0.7098394,0.8050644,-0.8782284,0.3599969,-0.2354574,-0.2089906,
1,3,8.513,0.2488915,0.7098394,0.8050644,-0.8782284,0.3599969,-0.2354574,-0.2089906,
1,3,8.515,0.2488915,0.7098394,0.8050644,-0.8782284,0.3599969,-0.2354574,-0.2089906,
1,3,8.517,0.2488915,0.7098394,0.8050644,-0.8782284,0.3599969,-0.2354574,-0.2089906,
1,3,8.519,0.2487878,0.7099241,0.8051915,-0.8780967,0.3600911,-0.235621,-0.2091972,
1,3,8.521,0.2487878,0.7099241,0.8051915,-0.8780967,0.3600911,-0.235621,-0.2091972,
1,3,8.523,0.2487878,0.7099241,0.8051915,-0.8780967,0.3600911,-0.235621,-0.2091972,
1,3,8.525,0.2487878,0.7099241,0.8051915,-0.8780967,0.3600911,-0.235621,-0.2091972,
1,3,8.527,0.2487878,0.7099241,0.8051915,-0.8780967,0.3600911,-0.235621,-0.2091972,
1,3,8.529,0.2487796,0.7099873,0.8053802,-0.8779095,0.3601092,-0.2360196,-0.2095024,
1,3,8.531,0.2487796,0.7099873,0.8053802,-0.8779095,0.3601092,-0.2360196,-0.2095024,
1,3,8.533,0.2487796,0.7099873,0.8053802,-0.8779095,0.3601092,-0.2360196,-0.2095024,
1,3,8.535,0.2487796,0.7099873,0.8053802,-0.8779095,0.3601092,-0.2360196,-0.2095024,
1,3,8.537,0.2488291,0.7099625,0.8055945,-0.8778638,0.3600586,-0.2360689,-0.2097249,
1,3,8.539,0.2488291,0.7099625,0.8055945,-0.8778638,0.3600586,-0.2360689,-0.2097249,
1,3,8.541,0.2488291,0.7099625,0.8055945,-0.8778638,0.3600586,-0.2360689,-0.2097249,
1,3,8.543,0.2488291,0.7099625,0.8055945,-0.8778638,0.3600586,-0.2360689,-0.2097249,
1,3,8.545,0.2490366,0.709867,0.8058711,-0.8778034,0.3599275,-0.2362732,-0.209972,
1,3,8.547,0.2490366,0.709867,0.8058711,-0.8778034,0.3599275,-0.2362732,-0.209972,
1,3,8.549,0.2490366,0.709867,0.8058711,-0.8778034,0.3599275,-0.2362732,-0.209972,
1,3,8.551,0.2490366,0.709867,0.8058711,-0.8778034,0.3599275,-0.2362732,-0.209972,
1,3,8.553,0.2492916,0.7097254,0.8060433,-0.8777573,0.3598258,-0.2364539,-0.2101361,
1,3,8.555,0.2492916,0.7097254,0.8060433,-0.8777573,0.3598258,-0.2364539,-0.2101361,
1,3,8.557,0.2492916,0.7097254,0.8060433,-0.8777573,0.3598258,-0.2364539,-0.2101361,
1,3,8.559,0.2492916,0.7097254,0.8060433,-0.8777573,0.3598258,-0.2364539,-0.2101361,
1,3,8.561,0.2496644,0.7095023,0.8064007,-0.8778513,0.3596549,-0.2361631,-0.2103629,
1,3,8.563,0.2496644,0.7095023,0.8064007,-0.8778513,0.3596549,-0.2361631,-0.2103629,
1,3,8.565,0.2496644,0.7095023,0.8064007,-0.8778513,0.3596549,-0.2361631,-0.2103629,
1,3,8.567,0.2496644,0.7095023,0.8064007,-0.8778513,0.3596549,-0.2361631,-0.2103629,
1,3,8.569,0.2500931,0.7091323,0.8064712,-0.8781231,0.3594182,-0.23569,-0.2101637,
1,3,8.571,0.2500931,0.7091323,0.8064712,-0.8781231,0.3594182,-0.23569,-0.2101637,
1,3,8.573,0.2500931,0.7091323,0.8064712,-0.8781231,0.3594182,-0.23569,-0.2101637,
1,3,8.575,0.2500931,0.7091323,0.8064712,-0.8781231,0.3594182,-0.23569,-0.2101637,
1,3,8.577,0.2500931,0.7091323,0.8064712,-0.8781231,0.3594182,-0.23569,-0.2101637,
1,3,8.579,0.2506356,0.7086125,0.8064647,-0.8784411,0.3591443,-0.2353275,-0.2097082,
1,3,8.581,0.2506356,0.7086125,0.8064647,-0.8784411,0.3591443,-0.2353275,-0.2097082,
1,3,8.583,0.2506356,0.7086125,0.8064647,-0.8784411,0.3591443,-0.2353275,-0.2097082,
1,3,8.585,0.2506356,0.7086125,0.8064647,-0.8784411,0.3591443,-0.2353275,-0.2097082,
1,3,8.587,0.2510091,0.7082904,0.8066332,-0.8786118,0.3589575,-0.2350702,-0.2096017,
1,3,8.589,0.2510091,0.7082904,0.8066332,-0.8786118,0.3589575,-0.2350702,-0.2096017,
1,3,8.591,0.2510091,0.7082904,0.8066332,-0.8786118,0.3589575,-0.2350702,-0.2096017,
1,3,8.593,0.2510091,0.7082904,0.8066332,-0.8786118,0.3589575,-0.2350702,-0.2096017,
1,3,8.595,0.2517141,0.7076877,0.8066655,-0.8789909,0.3584887,-0.2348182,-0.2090961,
1,3,8.597,0.2517141,0.7076877,0.8066655,-0.8789909,0.3584887,-0.2348182,-0.2090961,
1,3,8.599,0.2517141,0.7076877,0.8066655,-0.8789909,0.3584887,-0.2348182,-0.2090961,
1,3,8.601,0.2517141,0.7076877,0.8066655,-0.8789909,0.3584887,-0.2348182,-0.2090961,
1,3,8.603,0.252125,0.7073394,0.8067108,-0.8791679,0.3582766,-0.2346839,-0.2088662,
1,3,8.605,0.252125,0.7073394,0.8067108,-0.8791679,0.3582766,-0.2346839,-0.2088662,
1,3,8.607,0.252125,0.7073394,0.8067108,-0.8791679,0.3582766,-0.2346839,-0.2088662,
1,3,8.609,0.252125,0.7073394,0.8067108,-0.8791679,0.3582766,-0.2346839,-0.2088662,
1,3,8.611,0.2527847,0.7067469,0.8067827,-0.8795722,0.3578316,-0.2341667,-0.2085076,
1,3,8.613,0.2527847,0.7067469,0.8067827,-0.8795722,0.3578316,-0.2341667,-0.2085076,
1,3,8.615,0.2527847,0.7067469,0.8067827,-0.8795722,0.3578316,-0.2341667,-0.2085076,
1,3,8.617,0.2527847,0.7067469,0.8067827,-0.8795722,0.3578316,-0.2341667,-0.2085076,
1,3,8.619,0.2532415,0.706387,0.8068707,-0.8797742,0.3575824,-0.2339422,-0.2083347,
1,3,8.621,0.2532415,0.706387,0.8068707,-0.8797742,0.3575824,-0.2339422,-0.2083347,
1,3,8.623,0.2532415,0.706387,0.8068707,-0.8797742,0.3575824,-0.2339422,-0.2083347,
1,3,8.625,0.2532415,0.706387,0.8068707,-0.8797742,0.3575824,-0.2339422,-0.2083347,
1,3,8.627,0.2532415,0.706387,0.8068707,-0.8797742,0.3575824,-0.2339422,-0.2083347,
1,3,8.629,0.254057,0.7057715,0.8070383,-0.8801416,0.3569577,-0.2337421,-0.2080785,
1,3,8.631,0.254057,0.7057715,0.8070383,-0.8801416,0.3569577,-0.2337421,-0.2080785,
1,3,8.633,0.254057,0.7057715,0.8070383,-0.8801416,0.3569577,-0.2337421,-0.2080785,
1,3,8.635,0.254057,0.7057715,0.8070383,-0.8801416,0.3569577,-0.2337421,-0.2080785,
1,3,8.637,0.2545313,0.7053909,0.8070747,-0.8803905,0.3566453,-0.233534,-0.2077942,
1,3,8.639,0.2545313,0.7053909,0.8070747,-0.8803905,0.3566453,-0.233534,-0.2077942,
1,3,8.641,0.2545313,0.7053909,0.8070747,-0.8803905,0.3566453,-0.233534,-0.2077942,
1,3,8.643,0.2545313,0.7053909,0.8070747,-0.8803905,0.3566453,-0.233534,-0.2077942,
1,3,8.645,0.255374,0.7048224,0.8071847,-0.8807994,0.3561184,-0.2332422,-0.2072927,
1,3,8.647,0.255374,0.7048224,0.8071847,-0.8807994,0.3561184,-0.2332422,-0.2072927,
1,3,8.649,0.255374,0.7048224,0.8071847,-0.8807994,0.3561184,-0.2332422,-0.2072927,
1,3,8.651,0.255374,0.7048224,0.8071847,-0.8807994,0.3561184,-0.2332422,-0.2072927,
1,3,8.653,0.2559148,0.7044343,0.8071895,-0.8810803,0.3559231,-0.2329329,-0.2067811,
1,3,8.655,0.2559148,0.7044343,0.8071895,-0.8810803,0.3559231,-0.2329329,-0.2067811,
1,3,8.657,0.2559148,0.7044343,0.8071895,-0.8810803,0.3559231,-0.2329329,-0.2067811,
1,3,8.659,0.2559148,0.7044343,0.8071895,-0.8810803,0.3559231,-0.2329329,-0.2067811,
1,3,8.661,0.2566895,0.7038835,0.8075296,-0.8815651,0.3554811,-0.232278,-0.2062114,
1,3,8.663,0.2566895,0.7038835,0.8075296,-0.8815651,0.3554811,-0.232278,-0.2062114,
1,3,8.665,0.2566895,0.7038835,0.8075296,-0.8815651,0.3554811,-0.232278,-0.2062114,
1,3,8.667,0.2566895,0.7038835,0.8075296,-0.8815651,0.3554811,-0.232278,-0.2062114,
1,3,8.669,0.257536,0.7033215,0.8077568,-0.8820829,0.3551826,-0.2315474,-0.2053312,
1,3,8.671,0.257536,0.7033215,0.8077568,-0.8820829,0.3551826,-0.2315474,-0.2053312,
1,3,8.673,0.257536,0.7033215,0.8077568,-0.8820829,0.3551826,-0.2315474,-0.2053312,
1,3,8.675,0.257536,0.7033215,0.8077568,-0.8820829,0.3551826,-0.2315474,-0.2053312,
1,3,8.677,0.257536,0.7033215,0.8077568,-0.8820829,0.3551826,-0.2315474,-0.2053312,
1,3,8.679,0.2581813,0.702927,0.8081892,-0.8824894,0.3550738,-0.230731,-0.2046905,
1,3,8.681,0.2581813,0.702927,0.8081892,-0.8824894,0.3550738,-0.230731,-0.2046905,
1,3,8.683,0.2581813,0.702927,0.8081892,-0.8824894,0.3550738,-0.230731,-0.2046905,
1,3,8.685,0.2581813,0.702927,0.8081892,-0.8824894,0.3550738,-0.230731,-0.2046905,
1,3,8.687,0.2587789,0.702567,0.8089834,-0.8828023,0.3548961,-0.2299731,-0.2045025,
1,3,8.689,0.2587789,0.702567,0.8089834,-0.8828023,0.3548961,-0.2299731,-0.2045025,
1,3,8.691,0.2587789,0.702567,0.8089834,-0.8828023,0.3548961,-0.2299731,-0.2045025,
1,3,8.693,0.2587789,0.702567,0.8089834,-0.8828023,0.3548961,-0.2299731,-0.2045025,
1,3,8.695,0.2593282,0.7021893,0.8097816,-0.8829884,0.354835,-0.2295031,-0.204333,
1,3,8.697,0.2593282,0.7021893,0.8097816,-0.8829884,0.354835,-0.2295031,-0.204333,
1,3,8.699,0.2593282,0.7021893,0.8097816,-0.8829884,0.354835,-0.2295031,-0.204333,
1,3,8.701,0.2593282,0.7021893,0.8097816,-0.8829884,0.354835,-0.2295031,-0.204333,
1,3,8.703,0.2598027,0.7019069,0.8108888,-0.883037,0.3545601,-0.2294165,-0.2046966,
1,3,8.705,0.2598027,0.7019069,0.8108888,-0.883037,0.3545601,-0.2294165,-0.2046966,
1,3,8.707,0.2598027,0.7019069,0.8108888,-0.883037,0.3545601,-0.2294165,-0.2046966,
1,3,8.709,0.2598027,0.7019069,0.8108888,-0.883037,0.3545601,-0.2294165,-0.2046966,
1,3,8.711,0.2603607,0.7015699,0.8120931,-0.8829339,0.3541523,-0.2300338,-0.2051548,
1,3,8.713,0.2603607,0.7015699,0.8120931,-0.8829339,0.3541523,-0.2300338,-0.2051548,
1,3,8.715,0.2603607,0.7015699,0.8120931,-0.8829339,0.3541523,-0.2300338,-0.2051548,
1,3,8.717,0.2603607,0.7015699,0.8120931,-0.8829339,0.3541523,-0.2300338,-0.2051548,
1,3,8.719,0.2609199,0.70131,0.8136877,-0.8828267,0.353614,-0.2303928,-0.206139,
1,3,8.721,0.2609199,0.70131,0.8136877,-0.8828267,0.353614,-0.2303928,-0.206139,
1,3,8.723,0.2609199,0.70131,0.8136877,-0.8828267,0.353614,-0.2303928,-0.206139,
1,3,8.725,0.2609199,0.70131,0.8136877,-0.8828267,0.353614,-0.2303928,-0.206139,
1,3,8.727,0.2609199,0.70131,0.8136877,-0.8828267,0.353614,-0.2303928,-0.206139,
1,3,8.729,0.261579,0.7009416,0.8157304,-0.882917,0.3528812,-0.2301743,-0.2072491,
1,3,8.731,0.261579,0.7009416,0.8157304,-0.882917,0.3528812,-0.2301743,-0.2072491,
1,3,8.733,0.261579,0.7009416,0.8157304,-0.882917,0.3528812,-0.2301743,-0.2072491,
1,3,8.735,0.261579,0.7009416,0.8157304,-0.882917,0.3528812,-0.2301743,-0.2072491,
1,3,8.737,0.2620577,0.7006518,0.8168963,-0.8830351,0.3524683,-0.22995,-0.2076973,
1,3,8.739,0.2620577,0.7006518,0.8168963,-0.8830351,0.3524683,-0.22995,-0.2076973,
1,3,8.741,0.2620577,0.7006518,0.8168963,-0.8830351,0.3524683,-0.22995,-0.2076973,
1,3,8.743,0.2620577,0.7006518,0.8168963,-0.8830351,0.3524683,-0.22995,-0.2076973,
1,3,8.745,0.2627335,0.700253,0.8188891,-0.8833522,0.3517483,-0.229167,-0.2084337,
1,3,8.747,0.2627335,0.700253,0.8188891,-0.8833522,0.3517483,-0.229167,-0.2084337,
1,3,8.749,0.2627335,0.700253,0.8188891,-0.8833522,0.3517483,-0.229167,-0.2084337,
1,3,8.751,0.2627335,0.700253,0.8188891,-0.8833522,0.3517483,-0.229167,-0.2084337,
1,3,8.753,0.2635036,0.6998776,0.8212734,-0.8838607,0.3509783,-0.2275852,-0.2093072,
1,3,8.755,0.2635036,0.6998776,0.8212734,-0.8838607,0.3509783,-0.2275852,-0.2093072,CourtEnter
1,3,8.757,0.2635036,0.6998776,0.8212734,-0.8838607,0.3509783,-0.2275852,-0.2093072,
1,3,8.759,0.2635036,0.6998776,0.8212734,-0.8838607,0.3509783,-0.2275852,-0.2093072,
1,3,8.761,0.264298,0.6994912,0.8236156,-0.884447,0.3503731,-0.2258413,-0.2097329,
1,3,8.763,0.264298,0.6994912,0.8236156,-0.884447,0.3503731,-0.2258413,-0.2097329,
1,3,8.765,0.264298,0.6994912,0.8236156,-0.884447,0.3503731,-0.2258413,-0.2097329,
1,3,8.767,0.264298,0.6994912,0.8236156,-0.884447,0.3503731,-0.2258413,-0.2097329,CourtExit
1,3,8.769,0.2651194,0.6990547,0.826275,-0.8851619,0.3495777,-0.2236158,-0.210428,
1,3,8.771,0.2651194,0.6990547,0.826275,-0.8851619,0.3495777,-0.2236158,-0.210428,
1,3,8.773,0.2651194,0.6990547,0.826275,-0.8851619,0.3495777,-0.2236158,-0.210428,
1,3,8.775,0.2651194,0.6990547,0.826275,-0.8851619,0.3495777,-0.2236158,-0.210428,
1,3,8.777,0.2651194,0.6990547,0.826275,-0.8851619,0.3495777,-0.2236158,-0.210428,
1,3,8.779,0.2659082,0.6986716,0.8288463,-0.8858086,0.3487818,-0.2217035,-0.2110499,
1,3,8.781,0.2659082,0.6986716,0.8288463,-0.8858086,0.3487818,-0.2217035,-0.2110499,
1,3,8.783,0.2659082,0.6986716,0.8288463,-0.8858086,0.3487818,-0.2217035,-0.2110499,
1,3,8.785,0.2659082,0.6986716,0.8288463,-0.8858086,0.3487818,-0.2217035,-0.2110499,
1,3,8.787,0.2666524,0.6983327,0.8314717,-0.8864368,0.3480881,-0.2195689,-0.2117876,
1,3,8.789,0.2666524,0.6983327,0.8314717,-0.8864368,0.3480881,-0.2195689,-0.2117876,
1,3,8.791,0.2666524,0.6983327,0.8314717,-0.8864368,0.3480881,-0.2195689,-0.2117876,
1,3,8.793,0.2666524,0.6983327,0.8314717,-0.8864368,0.3480881,-0.2195689,-0.2117876,
1,3,8.795,0.2672756,0.6980772,0.8340233,-0.8869125,0.3474788,-0.2177196,-0.2127037,
1,3,8.797,0.2672756,0.6980772,0.8340233,-0.8869125,0.3474788,-0.2177196,-0.2127037,
1,3,8.799,0.2672756,0.6980772,0.8340233,-0.8869125,0.3474788,-0.2177196,-0.2127037,
1,3,8.801,0.2672756,0.6980772,0.8340233,-0.8869125,0.3474788,-0.2177196,-0.2127037,
1,3,8.803,0.2678958,0.6978179,0.8367245,-0.8872619,0.3467873,-0.2161597,-0.2139623,
1,3,8.805,0.2678958,0.6978179,0.8367245,-0.8872619,0.3467873,-0.2161597,-0.2139623,
1,3,8.807,0.2678958,0.6978179,0.8367245,-0.8872619,0.3467873,-0.2161597,-0.2139623,
1,3,8.809,0.2678958,0.6978179,0.8367245,-0.8872619,0.3467873,-0.2161597,-0.2139623,
1,3,8.811,0.2683868,0.6974711,0.8388402,-0.8875618,0.3461479,-0.2153053,-0.2146148,
1,3,8.813,0.2683868,0.6974711,0.8388402,-0.8875618,0.3461479,-0.2153053,-0.2146148,
1,3,8.815,0.2683868,0.6974711,0.8388402,-0.8875618,0.3461479,-0.2153053,-0.2146148,
1,3,8.817,0.2683868,0.6974711,0.8388402,-0.8875618,0.3461479,-0.2153053,-0.2146148,
1,3,8.819,0.2688891,0.6971883,0.8413639,-0.8878037,0.3454726,-0.2141747,-0.2158301,
1,3,8.821,0.2688891,0.6971883,0.8413639,-0.8878037,0.3454726,-0.2141747,-0.2158301,
1,3,8.823,0.2688891,0.6971883,0.8413639,-0.8878037,0.3454726,-0.2141747,-0.2158301,
1,3,8.825,0.2688891,0.6971883,0.8413639,-0.8878037,0.3454726,-0.2141747,-0.2158301,
1,3,8.827,0.2688891,0.6971883,0.8413639,-0.8878037,0.3454726,-0.2141747,-0.2158301,
1,3,8.829,0.2692795,0.6970091,0.8434812,-0.8879212,0.3448553,-0.2137773,-0.2167259,
1,3,8.831,0.2692795,0.6970091,0.8434812,-0.8879212,0.3448553,-0.2137773,-0.2167259,
1,3,8.833,0.2692795,0.6970091,0.8434812,-0.8879212,0.3448553,-0.2137773,-0.2167259,
1,3,8.835,0.2692795,0.6970091,0.8434812,-0.8879212,0.3448553,-0.2137773,-0.2167259,
1,3,8.837,0.2696857,0.6969373,0.8459117,-0.8879551,0.3443004,-0.2129689,-0.2182595,
1,3,8.839,0.2696857,0.6969373,0.8459117,-0.8879551,0.3443004,-0.2129689,-0.2182595,
1,3,8.841,0.2696857,0.6969373,0.8459117,-0.8879551,0.3443004,-0.2129689,-0.2182595,
1,3,8.843,0.2696857,0.6969373,0.8459117,-0.8879551,0.3443004,-0.2129689,-0.2182595,
1,3,8.845,0.2699501,0.696849,0.8470428,-0.8879691,0.3439862,-0.2127763,-0.2188846,
1,3,8.847,0.2699501,0.696849,0.8470428,-0.8879691,0.3439862,-0.2127763,-0.2188846,
1,3,8.849,0.2699501,0.696849,0.8470428,-0.8879691,0.3439862,-0.2127763,-0.2188846,
1,3,8.851,0.2699501,0.696849,0.8470428,-0.8879691,0.3439862,-0.2127763,-0.2188846,
1,3,8.853,0.2701969,0.6967621,0.8485194,-0.8878793,0.3435237,-0.2129068,-0.2198469,
1,3,8.855,0.2701969,0.6967621,0.8485194,-0.8878793,0.3435237,-0.2129068,-0.2198469,
1,3,8.857,0.2701969,0.6967621,0.8485194,-0.8878793,0.3435237,-0.2129068,-0.2198469,
1,3,8.859,0.2701969,0.6967621,0.8485194,-0.8878793,0.3435237,-0.2129068,-0.2198469,
1,3,8.861,0.2706586,0.6966063,0.8502961,-0.8880059,0.3429041,-0.2122627,-0.2209225,
1,3,8.863,0.2706586,0.6966063,0.8502961,-0.8880059,0.3429041,-0.2122627,-0.2209225,
1,3,8.865,0.2706586,0.6966063,0.8502961,-0.8880059,0.3429041,-0.2122627,-0.2209225,
1,3,8.867,0.2706586,0.6966063,0.8502961,-0.8880059,0.3429041,-0.2122627,-0.2209225,
1,3,8.869,0.2708557,0.6966013,0.851141,-0.8880328,0.3426342,-0.2120983,-0.2213909,
1,3,8.871,0.2708557,0.6966013,0.851141,-0.8880328,0.3426342,-0.2120983,-0.2213909,
1,3,8.873,0.2708557,0.6966013,0.851141,-0.8880328,0.3426342,-0.2120983,-0.2213909,
1,3,8.875,0.2708557,0.6966013,0.851141,-0.8880328,0.3426342,-0.2120983,-0.2213909,
1,3,8.877,0.2708557,0.6966013,0.851141,-0.8880328,0.3426342,-0.2120983,-0.2213909,
1,3,8.879,0.2711183,0.6965373,0.852267,-0.8881093,0.3422011,-0.2118873,-0.2219553,
1,3,8.881,0.2711183,0.6965373,0.852267,-0.8881093,0.3422011,-0.2118873,-0.2219553,
1,3,8.883,0.2711183,0.6965373,0.852267,-0.8881093,0.3422011,-0.2118873,-0.2219553,
1,3,8.885,0.2711183,0.6965373,0.852267,-0.8881093,0.3422011,-0.2118873,-0.2219553,
1,3,8.887,0.2712705,0.69647,0.8531542,-0.8881671,0.3419377,-0.211661,-0.2223452,
1,3,8.889,0.2712705,0.69647,0.8531542,-0.8881671,0.3419377,-0.211661,-0.2223452,
1,3,8.891,0.2712705,0.69647,0.8531542,-0.8881671,0.3419377,-0.211661,-0.2223452,
1,3,8.893,0.2712705,0.69647,0.8531542,-0.8881671,0.3419377,-0.211661,-0.2223452,
1,3,8.895,0.271429,0.6963153,0.853762,-0.8882428,0.341802,-0.2115457,-0.2223612,
1,3,8.897,0.271429,0.6963153,0.853762,-0.8882428,0.341802,-0.2115457,-0.2223612,
1,3,8.899,0.271429,0.6963153,0.853762,-0.8882428,0.341802,-0.2115457,-0.2223612,
1,3,8.901,0.271429,0.6963153,0.853762,-0.8882428,0.341802,-0.2115457,-0.2223612,
1,3,8.903,0.271552,0.6962139,0.854135,-0.8883233,0.3418047,-0.2113113,-0.2222587,
1,3,8.905,0.271552,0.6962139,0.854135,-0.8883233,0.3418047,-0.2113113,-0.2222587,
1,3,8.907,0.271552,0.6962139,0.854135,-0.8883233,0.3418047,-0.2113113,-0.2222587,
1,3,8.909,0.271552,0.6962139,0.854135,-0.8883233,0.3418047,-0.2113113,-0.2222587,
1,3,8.911,0.2714924,0.6961768,0.8543612,-0.8883744,0.3418296,-0.211046,-0.2222677,
1,3,8.913,0.2714924,0.6961768,0.8543612,-0.8883744,0.3418296,-0.211046,-0.2222677,
1,3,8.915,0.2714924,0.6961768,0.8543612,-0.8883744,0.3418296,-0.211046,-0.2222677,
1,3,8.917,0.2714924,0.6961768,0.8543612,-0.8883744,0.3418296,-0.211046,-0.2222677,
1,3,8.919,0.2715683,0.6960049,0.8543369,-0.8885068,0.3416719,-0.211001,-0.2220238,
1,3,8.921,0.2715683,0.6960049,0.8543369,-0.8885068,0.3416719,-0.211001,-0.2220238,
1,3,8.923,0.2715683,0.6960049,0.8543369,-0.8885068,0.3416719,-0.211001,-0.2220238,
1,3,8.925,0.2715683,0.6960049,0.8543369,-0.8885068,0.3416719,-0.211001,-0.2220238,
1,3,8.927,0.2715683,0.6960049,0.8543369,-0.8885068,0.3416719,-0.211001,-0.2220238,
1,3,8.929,0.2715135,0.6958647,0.8540102,-0.8885527,0.3416641,-0.2111886,-0.2216733,
1,3,8.931,0.2715135,0.6958647,0.8540102,-0.8885527,0.3416641,-0.2111886,-0.2216733,
1,3,8.933,0.2715135,0.6958647,0.8540102,-0.8885527,0.3416641,-0.2111886,-0.2216733,
1,3,8.935,0.2715135,0.6958647,0.8540102,-0.8885527,0.3416641,-0.2111886,-0.2216733,
1,3,8.937,0.2714272,0.6957364,0.853526,-0.8885527,0.3417417,-0.2115087,-0.2212489,
1,3,8.939,0.2714272,0.6957364,0.853526,-0.8885527,0.3417417,-0.2115087,-0.2212489,
1,3,8.941,0.2714272,0.6957364,0.853526,-0.8885527,0.3417417,-0.2115087,-0.2212489,
1,3,8.943,0.2714272,0.6957364,0.853526,-0.8885527,0.3417417,-0.2115087,-0.2212489,
1,3,8.945,0.2713597,0.695676,0.8531185,-0.8885172,0.3416885,-0.2117698,-0.2212232,
1,3,8.947,0.2713597,0.695676,0.8531185,-0.8885172,0.3416885,-0.2117698,-0.2212232,
1,3,8.949,0.2713597,0.695676,0.8531185,-0.8885172,0.3416885,-0.2117698,-0.2212232,
1,3,8.951,0.2713597,0.695676,0.8531185,-0.8885172,0.3416885,-0.2117698,-0.2212232,
1,3,8.953,0.2712262,0.695626,0.8523578,-0.8885033,0.3417962,-0.2120792,-0.2208157,
1,3,8.955,0.2712262,0.695626,0.8523578,-0.8885033,0.3417962,-0.2120792,-0.2208157,
1,3,8.957,0.2712262,0.695626,0.8523578,-0.8885033,0.3417962,-0.2120792,-0.2208157,
1,3,8.959,0.2712262,0.695626,0.8523578,-0.8885033,0.3417962,-0.2120792,-0.2208157,
1,3,8.961,0.2711358,0.6956286,0.8519934,-0.8884595,0.341854,-0.2122356,-0.2207525,
1,3,8.963,0.2711358,0.6956286,0.8519934,-0.8884595,0.341854,-0.2122356,-0.2207525,
1,3,8.965,0.2711358,0.6956286,0.8519934,-0.8884595,0.341854,-0.2122356,-0.2207525,
1,3,8.967,0.2711358,0.6956286,0.8519934,-0.8884595,0.341854,-0.2122356,-0.2207525,
1,3,8.969,0.2710246,0.695581,0.8511248,-0.888376,0.3420434,-0.2127932,-0.2202573,
1,3,8.971,0.2710246,0.695581,0.8511248,-0.888376,0.3420434,-0.2127932,-0.2202573,
1,3,8.973,0.2710246,0.695581,0.8511248,-0.888376,0.3420434,-0.2127932,-0.2202573,
1,3,8.975,0.2710246,0.695581,0.8511248,-0.888376,0.3420434,-0.2127932,-0.2202573,
1,3,8.977,0.2710246,0.695581,0.8511248,-0.888376,0.3420434,-0.2127932,-0.2202573,
1,3,8.979,0.270801,0.6955346,0.8499826,-0.8882747,0.342388,-0.2134375,-0.2195059,
1,3,8.981,0.270801,0.6955346,0.8499826,-0.8882747,0.342388,-0.2134375,-0.2195059,
1,3,8.983,0.270801,0.6955346,0.8499826,-0.8882747,0.342388,-0.2134375,-0.2195059,
1,3,8.985,0.270801,0.6955346,0.8499826,-0.8882747,0.342388,-0.2134375,-0.2195059,
1,3,8.987,0.2707175,0.6955174,0.8493742,-0.8882381,0.3425098,-0.2137652,-0.2191453,
1,3,8.989,0.2707175,0.6955174,0.8493742,-0.8882381,0.3425098,-0.2137652,-0.2191453,
1,3,8.991,0.2707175,0.6955174,0.8493742,-0.8882381,0.3425098,-0.2137652,-0.2191453,
1,3,8.993,0.2707175,0.6955174,0.8493742,-0.8882381,0.3425098,-0.2137652,-0.2191453,
1,3,8.995,0.2704465,0.6955723,0.8483546,-0.8880678,0.3429325,-0.2144181,-0.2185353,
1,3,8.997,0.2704465,0.6955723,0.8483546,-0.8880678,0.3429325,-0.2144181,-0.2185353,
1,3,8.999,0.2704465,0.6955723,0.8483546,-0.8880678,0.3429325,-0.2144181,-0.2185353,
1,4,9.001,0.2704465,0.6955723,0.8483546,-0.8880678,0.3429325,-0.2144181,-0.2185353,TrialStart
1,4,9.003,0.2701152,0.6956129,0.847455,-0.8878914,0.3433594,-0.2147674,-0.2182388,
1,4,9.005,0.2701152,0.6956129,0.847455,-0.8878914,0.3433594,-0.2147674,-0.2182388,
1,4,9.007,0.2701152,0.6956129,0.847455,-0.8878914,0.3433594,-0.2147674,-0.2182388,
1,4,9.009,0.2701152,0.6956129,0.847455,-0.8878914,0.3433594,-0.2147674,-0.2182388,
1,4,9.011,0.2698442,0.6956968,0.8464469,-0.8876652,0.3436966,-0.2155006,-0.2179053,
1,4,9.013,0.2698442,0.6956968,0.8464469,-0.8876652,0.3436966,-0.2155006,-0.2179053,
1,4,9.015,0.2698442,0.6956968,0.8464469,-0.8876652,0.3436966,-0.2155006,-0.2179053,
1,4,9.017,0.2698442,0.6956968,0.8464469,-0.8876652,0.3436966,-0.2155006,-0.2179053,
1,4,9.019,0.2696228,0.6955707,0.8451028,-0.8874706,0.3438124,-0.2169482,-0.2170769,
1,4,9.021,0.2696228,0.6955707,0.8451028,-0.8874706,0.3438124,-0.2169482,-0.2170769,
1,4,9.023,0.2696228,0.6955707,0.8451028,-0.8874706,0.3438124,-0.2169482,-0.2170769,
1,4,9.025,0.2696228,0.6955707,0.8451028,-0.8874706,0.3438124,-0.2169482,-0.2170769,
1,4,9.027,0.2696228,0.6955707,0.8451028,-0.8874706,0.3438124,-0.2169482,-0.2170769,
1,4,9.029,0.2693399,0.6955377,0.8440885,-0.8872678,0.3440341,-0.2178318,-0.2166696,
1,4,9.031,0.2693399,0.6955377,0.8440885,-0.8872678,0.3440341,-0.2178318,-0.2166696,
1,4,9.033,0.2693399,0.6955377,0.8440885,-0.8872678,0.3440341,-0.2178318,-0.2166696,
1,4,9.035,0.2693399,0.6955377,0.8440885,-0.8872678,0.3440341,-0.2178318,-0.2166696,
1,4,9.037,0.2690997,0.6955325,0.8432004,-0.8870772,0.3441778,-0.2186167,-0.216431,
1,4,9.039,0.2690997,0.6955325,0.8432004,-0.8870772,0.3441778,-0.2186167,-0.216431,
1,4,9.041,0.2690997,0.6955325,0.8432004,-0.8870772,0.3441778,-0.2186167,-0.216431,
1,4,9.043,0.2690997,0.6955325,0.8432004,-0.8870772,0.3441778,-0.2186167,-0.216431,
1,4,9.045,0.2689008,0.6955733,0.8426409,-0.8869523,0.344376,-0.2190307,-0.2162094,
1,4,9.047,0.2689008,0.6955733,0.8426409,-0.8869523,0.344376,-0.2190307,-0.2162094,
1,4,9.049,0.2689008,0.6955733,0.8426409,-0.8869523,0.344376,-0.2190307,-0.2162094,
1,4,9.051,0.2689008,0.6955733,0.8426409,-0.8869523,0.344376,-0.2190307,-0.2162094,
1,4,9.053,0.2686422,0.6955419,0.8418081,-0.8867923,0.3446138,-0.2198229,-0.2156818,
1,4,9.055,0.2686422,0.6955419,0.8418081,-0.8867923,0.3446138,-0.2198229,-0.2156818,
1,4,9.057,0.2686422,0.6955419,0.8418081,-0.8867923,0.3446138,-0.2198229,-0.2156818,
1,4,9.059,0.2686422,0.6955419,0.8418081,-0.8867923,0.3446138,-0.2198229,-0.2156818,
1,4,9.061,0.2684371,0.695556,0.841251,-0.8867213,0.3447712,-0.2200636,-0.2154771,
1,4,9.063,0.2684371,0.695556,0.841251,-0.8867213,0.3447712,-0.2200636,-0.2154771,
1,4,9.065,0.2684371,0.695556,0.841251,-0.8867213,0.3447712,-0.2200636,-0.2154771,
1,4,9.067,0.2684371,0.695556,0.841251,-0.8867213,0.3447712,-0.2200636,-0.2154771,
1,4,9.069,0.2683262,0.6955836,0.8409232,-0.8867107,0.3447809,-0.2201373,-0.2154298,
1,4,9.071,0.2683262,0.6955836,0.8409232,-0.8867107,0.3447809,-0.2201373,-0.2154298,
1,4,9.073,0.2683262,0.6955836,0.8409232,-0.8867107,0.3447809,-0.2201373,-0.2154298,
1,4,9.075,0.2683262,0.6955836,0.8409232,-0.8867107,0.3447809,-0.2201373,-0.2154298,
1,4,9.077,0.2683262,0.6955836,0.8409232,-0.8867107,0.3447809,-0.2201373,-0.2154298,
1,4,9.079,0.2681338,0.6956122,0.8405604,-0.8866971,0.3449453,-0.2201298,-0.21523,
1,4,9.081,0.2681338,0.6956122,0.8405604,-0.8866971,0.3449453,-0.2201298,-0.21523,
1,4,9.083,0.2681338,0.6956122,0.8405604,-0.8866971,0.3449453,-0.2201298,-0.21523,
1,4,9.085,0.2681338,0.6956122,0.8405604,-0.8866971,0.3449453,-0.2201298,-0.21523,
1,4,9.087,0.2680517,0.6956948,0.8404582,-0.8867276,0.3449299,-0.2200031,-0.2152584,
1,4,9.089,0.2680517,0.6956948,0.8404582,-0.8867276,0.3449299,-0.2200031,-0.2152584,
1,4,9.091,0.2680517,0.6956948,0.8404582,-0.8867276,0.3449299,-0.2200031,-0.2152584,
1,4,9.093,0.2680517,0.6956948,0.8404582,-0.8867276,0.3449299,-0.2200031,-0.2152584,
1,4,9.095,0.2678923,0.6957467,0.8403312,-0.8867329,0.3450199,-0.2199408,-0.215156,
1,4,9.097,0.2678923,0.6957467,0.8403312,-0.8867329,0.3450199,-0.2199408,-0.215156,
1,4,9.099,0.2678923,0.6957467,0.8403312,-0.8867329,0.3450199,-0.2199408,-0.215156,
1,4,9.101,0.2678923,0.6957467,0.8403312,-0.8867329,0.3450199,-0.2199408,-0.215156,
1,4,9.103,0.2677242,0.6958029,0.84039,-0.8867043,0.3450982,-0.2197887,-0.2153035,
1,4,9.105,0.2677242,0.6958029,0.84039,-0.8867043,0.3450982,-0.2197887,-0.2153035,
1,4,9.107,0.2677242,0.6958029,0.84039,-0.8867043,0.3450982,-0.2197887,-0.2153035,
1,4,9.109,0.2677242,0.6958029,0.84039,-0.8867043,0.3450982,-0.2197887,-0.2153035,
1,4,9.111,0.2676536,0.6958485,0.8404701,-0.8866845,0.3451064,-0.219741,-0.2154209,
1,4,9.113,0.2676536,0.6958485,0.8404701,-0.8866845,0.3451064,-0.219741,-0.2154209,
1,4,9.115,0.2676536,0.6958485,0.8404701,-0.8866845,0.3451064,-0.219741,-0.2154209,
1,4,9.117,0.2676536,0.6958485,0.8404701,-0.8866845,0.3451064,-0.219741,-0.2154209,
1,4,9.119,0.2674913,0.695914,0.8406402,-0.886586,0.3451355,-0.2198415,-0.2156771,
1,4,9.121,0.2674913,0.695914,0.8406402,-0.886586,0.3451355,-0.2198415,-0.2156771,
1,4,9.123,0.2674913,0.695914,0.8406402,-0.886586,0.3451355,-0.2198415,-0.2156771,
1,4,9.125,0.2674913,0.695914,0.8406402,-0.886586,0.3451355,-0.2198415,-0.2156771,
1,4,9.127,0.2674913,0.695914,0.8406402,-0.886586,0.3451355,-0.2198415,-0.2156771,
1,4,9.129,0.2672317,0.695967,0.8408371,-0.8863788,0.3452047,-0.220201,-0.2160511,
1,4,9.131,0.2672317,0.695967,0.8408371,-0.8863788,0.3452047,-0.220201,-0.2160511,
1,4,9.133,0.2672317,0.695967,0.8408371,-0.8863788,0.3452047,-0.220201,-0.2160511,
1,4,9.135,0.2672317,0.695967,0.8408371,-0.8863788,0.3452047,-0.220201,-0.2160511,
1,4,9.137,0.2670828,0.6960801,0.8412992,-0.8861411,0.3451328,-0.2205241,-0.2168102,
1,4,9.139,0.2670828,0.6960801,0.8412992,-0.8861411,0.3451328,-0.2205241,-0.2168102,
1,4,9.141,0.2670828,0.6960801,0.8412992,-0.8861411,0.3451328,-0.2205241,-0.2168102,
1,4,9.143,0.2670828,0.6960801,0.8412992,-0.8861411,0.3451328,-0.2205241,-0.2168102,
1,4,9.145,0.2669152,0.6961466,0.8414791,-0.8859712,0.3451782,-0.220807,-0.2171438,
1,4,9.147,0.2669152,0.6961466,0.8414791,-0.8859712,0.3451782,-0.220807,-0.2171438,
1,4,9.149,0.2669152,0.6961466,0.8414791,-0.8859712,0.3451782,-0.220807,-0.2171438,
1,4,9.151,0.2669152,0.6961466,0.8414791,-0.8859712,0.3451782,-0.220807,-0.2171438,
1,4,9.153,0.2668143,0.6961576,0.8419394,-0.8857667,0.3450722,-0.2211386,-0.217808,
1,4,9.155,0.2668143,0.6961576,0.8419394,-0.8857667,0.3450722,-0.2211386,-0.217808,
1,4,9.157,0.2668143,0.6961576,0.8419394,-0.8857667,0.3450722,-0.2211386,-0.217808,
1,4,9.159,0.2668143,0.6961576,0.8419394,-0.8857667,0.3450722,-0.2211386,-0.217808,
1,4,9.161,0.2666729,0.6962043,0.8423647,-0.8855352,0.3449994,-0.221585,-0.2184103,
1,4,9.163,0.2666729,0.6962043,0.8423647,-0.8855352,0.3449994,-0.221585,-0.2184103,
1,4,9.165,0.2666729,0.6962043,0.8423647,-0.8855352,0.3449994,-0.221585,-0.2184103,
1,4,9.167,0.2666729,0.6962043,0.8423647,-0.8855352,0.3449994,-0.221585,-0.2184103,
1,4,9.169,0.2665356,0.6962138,0.8430463,-0.8853363,0.3448253,-0.2218077,-0.2192638,
1,4,9.171,0.2665356,0.6962138,0.8430463,-0.8853363,0.3448253,-0.2218077,-0.2192638,
1,4,9.173,0.2665356,0.6962138,0.8430463,-0.8853363,0.3448253,-0.2218077,-0.2192638,
1,4,9.175,0.2665356,0.6962138,0.8430463,-0.8853363,0.3448253,-0.2218077,-0.2192638,
1,4,9.177,0.2665356,0.6962138,0.8430463,-0.8853363,0.3448253,-0.2218077,-0.2192638,
1,4,9.179,0.2664799,0.6962039,0.8437259,-0.885181,0.3445978,-0.2219967,-0.2200558,
1,4,9.181,0.2664799,0.6962039,0.8437259,-0.885181,0.3445978,-0.2219967,-0.2200558,
1,4,9.183,0.2664799,0.6962039,0.8437259,-0.885181,0.3445978,-0.2219967,-0.2200558,
1,4,9.185,0.2664799,0.6962039,0.8437259,-0.885181,0.3445978,-0.2219967,-0.2200558,
1,4,9.187,0.2663565,0.6961366,0.844344,-0.8850536,0.344345,-0.222286,-0.2206708,
1,4,9.189,0.2663565,0.6961366,0.844344,-0.8850536,0.344345,-0.222286,-0.2206708,
1,4,9.191,0.2663565,0.6961366,0.844344,-0.8850536,0.344345,-0.222286,-0.2206708,
1,4,9.193,0.2663565,0.6961366,0.844344,-0.8850536,0.344345,-0.222286,-0.2206708,
1,4,9.195,0.2661213,0.6959249,0.8452318,-0.8849567,0.343904,-0.2224428,-0.2215876,
1,4,9.197,0.2661213,0.6959249,0.8452318,-0.8849567,0.343904,-0.2224428,-0.2215876,
1,4,9.199,0.2661213,0.6959249,0.8452318,-0.8849567,0.343904,-0.2224428,-0.2215876,
1,4,9.201,0.2661213,0.6959249,0.8452318,-0.8849567,0.343904,-0.2224428,-0.2215876,
1,4,9.203,0.2657242,0.6954036,0.8459031,-0.8849208,0.3432572,-0.2231253,-0.222047,
1,4,9.205,0.2657242,0.6954036,0.8459031,-0.8849208,0.3432572,-0.2231253,-0.222047,
1,4,9.207,0.2657242,0.6954036,0.8459031,-0.8849208,0.3432572,-0.2231253,-0.222047,
1,4,9.209,0.2657242,0.6954036,0.8459031,-0.8849208,0.3432572,-0.2231253,-0.222047,
1,4,9.211,0.2649784,0.6948025,0.8468446,-0.8849159,0.3426742,-0.2234872,-0.2226021,
1,4,9.213,0.2649784,0.6948025,0.8468446,-0.8849159,0.3426742,-0.2234872,-0.2226021,
1,4,9.215,0.2649784,0.6948025,0.8468446,-0.8849159,0.3426742,-0.2234872,-0.2226021,
1,4,9.217,0.2649784,0.6948025,0.8468446,-0.8849159,0.3426742,-0.2234872,-0.2226021,
1,4,9.219,0.2636998,0.6941431,0.847599,-0.8849016,0.3424314,-0.2237799,-0.2227388,
1,4,9.221,0.2636998,0.6941431,0.847599,-0.8849016,0.3424314,-0.2237799,-0.2227388,
1,4,9.223,0.2636998,0.6941431,0.847599,-0.8849016,0.3424314,-0.2237799,-0.2227388,
1,4,9.225,0.2636998,0.6941431,0.847599,-0.8849016,0.3424314,-0.2237799,-0.2227388,
1,4,9.227,0.2636998,0.6941431,0.847599,-0.8849016,0.3424314,-0.2237799,-0.2227388,
1,4,9.229,0.2618526,0.6934768,0.8486115,-0.8850279,0.3423421,-0.2236032,-0.2225515,
1,4,9.231,0.2618526,0.6934768,0.8486115,-0.8850279,0.3423421,-0.2236032,-0.2225515,
1,4,9.233,0.2618526,0.6934768,0.8486115,-0.8850279,0.3423421,-0.2236032,-0.2225515,
1,4,9.235,0.2618526,0.6934768,0.8486115,-0.8850279,0.3423421,-0.2236032,-0.2225515,
1,4,9.237,0.2594014,0.6930981,0.8499129,-0.8850234,0.3425818,-0.2231715,-0.222634,
1,4,9.239,0.2594014,0.6930981,0.8499129,-0.8850234,0.3425818,-0.2231715,-0.222634,
1,4,9.241,0.2594014,0.6930981,0.8499129,-0.8850234,0.3425818,-0.2231715,-0.222634,
1,4,9.243,0.2594014,0.6930981,0.8499129,-0.8850234,0.3425818,-0.2231715,-0.222634,
1,4,9.245,0.2559919,0.6929363,0.8515617,-0.8847822,0.3431815,-0.2227767,-0.2230641,
1,4,9.247,0.2559919,0.6929363,0.8515617,-0.8847822,0.3431815,-0.2227767,-0.2230641,
1,4,9.249,0.2559919,0.6929363,0.8515617,-0.8847822,0.3431815,-0.2227767,-0.2230641,
1,4,9.251,0.2559919,0.6929363,0.8515617,-0.8847822,0.3431815,-0.2227767,-0.2230641,
1,4,9.253,0.2518632,0.6930567,0.853379,-0.8843741,0.3438654,-0.2227126,-0.223692,
1,4,9.255,0.2518632,0.6930567,0.853379,-0.8843741,0.3438654,-0.2227126,-0.223692,
1,4,9.257,0.2518632,0.6930567,0.853379,-0.8843741,0.3438654,-0.2227126,-0.223692,
1,4,9.259,0.2518632,0.6930567,0.853379,-0.8843741,0.3438654,-0.2227126,-0.223692,
1,4,9.261,0.2463031,0.6934336,0.8552698,-0.8834341,0.3451566,-0.223506,-0.2246249,
1,4,9.263,0.2463031,0.6934336,0.8552698,-0.8834341,0.3451566,-0.223506,-0.2246249,
1,4,9.265,0.2463031,0.6934336,0.8552698,-0.8834341,0.3451566,-0.223506,-0.2246249,
1,4,9.267,0.2463031,0.6934336,0.8552698,-0.8834341,0.3451566,-0.223506,-0.2246249,
1,4,9.269,0.2392311,0.6942838,0.8574052,-0.8818102,0.3469218,-0.2257199,-0.2260678,
1,4,9.271,0.2392311,0.6942838,0.8574052,-0.8818102,0.3469218,-0.2257199,-0.2260678,
1,4,9.273,0.2392311,0.6942838,0.8574052,-0.8818102,0.3469218,-0.2257199,-0.2260678,
1,4,9.275,0.2392311,0.6942838,0.8574052,-0.8818102,0.3469218,-0.2257199,-0.2260678,
1,4,9.277,0.2392311,0.6942838,0.8574052,-0.8818102,0.3469218,-0.2257199,-0.2260678,
1,4,9.279,0.2308637,0.695889,0.8597819,-0.8793941,0.3492686,-0.2293084,-0.2282442,
1,4,9.281,0.2308637,0.695889,0.8597819,-0.8793941,0.3492686,-0.2293084,-0.2282442,
1,4,9.283,0.2308637,0.695889,0.8597819,-0.8793941,0.3492686,-0.2293084,-0.2282442,
1,4,9.285,0.2308637,0.695889,0.8597819,-0.8793941,0.3492686,-0.2293084,-0.2282442,
1,4,9.287,0.2213632,0.6985199,0.8625183,-0.8763356,0.3517126,-0.2343533,-0.2311122,
1,4,9.289,0.2213632,0.6985199,0.8625183,-0.8763356,0.3517126,-0.2343533,-0.2311122,
1,4,9.291,0.2213632,0.6985199,0.8625183,-0.8763356,0.3517126,-0.2343533,-0.2311122,
1,4,9.293,0.2213632,0.6985199,0.8625183,-0.8763356,0.3517126,-0.2343533,-0.2311122,
1,4,9.295,0.2105139,0.7026688,0.8658876,-0.8726362,0.3550342,-0.239629,-0.2345948,
1,4,9.297,0.2105139,0.7026688,0.8658876,-0.8726362,0.3550342,-0.239629,-0.2345948,
1,4,9.299,0.2105139,0.7026688,0.8658876,-0.8726362,0.3550342,-0.239629,-0.2345948,
1,4,9.301,0.2105139,0.7026688,0.8658876,-0.8726362,0.3550342,-0.239629,-0.2345948,
1,4,9.303,0.1985963,0.7083527,0.8704609,-0.8683408,0.3589638,-0.2442163,-0.2397657,
1,4,9.305,0.1985963,0.7083527,0.8704609,-0.8683408,0.3589638,-0.2442163,-0.2397657,
1,4,9.307,0.1985963,0.7083527,0.8704609,-0.8683408,0.3589638,-0.2442163,-0.2397657,
1,4,9.309,0.1985963,0.7083527,0.8704609,-0.8683408,0.3589638,-0.2442163,-0.2397657,
1,4,9.311,0.1855614,0.7159984,0.8757936,-0.8635665,0.3637115,-0.2482631,-0.2456265,
1,4,9.313,0.1855614,0.7159984,0.8757936,-0.8635665,0.3637115,-0.2482631,-0.2456265,
1,4,9.315,0.1855614,0.7159984,0.8757936,-0.8635665,0.3637115,-0.2482631,-0.2456265,
1,4,9.317,0.1855614,0.7159984,0.8757936,-0.8635665,0.3637115,-0.2482631,-0.2456265,
1,4,9.319,0.1712064,0.7259858,0.8820931,-0.8578179,0.369635,-0.2519314,-0.2530794,
1,4,9.321,0.1712064,0.7259858,0.8820931,-0.8578179,0.369635,-0.2519314,-0.2530794,
1,4,9.323,0.1712064,0.7259858,0.8820931,-0.8578179,0.369635,-0.2519314,-0.2530794,
1,4,9.325,0.1712064,0.7259858,0.8820931,-0.8578179,0.369635,-0.2519314,-0.2530794,
1,4,9.327,0.1712064,0.7259858,0.8820931,-0.8578179,0.369635,-0.2519314,-0.2530794,
1,4,9.329,0.1557352,0.7384096,0.8894951,-0.8511383,0.3758893,-0.2561119,-0.2620642,
1,4,9.331,0.1557352,0.7384096,0.8894951,-0.8511383,0.3758893,-0.2561119,-0.2620642,
1,4,9.333,0.1557352,0.7384096,0.8894951,-0.8511383,0.3758893,-0.2561119,-0.2620642,
1,4,9.335,0.1557352,0.7384096,0.8894951,-0.8511383,0.3758893,-0.2561119,-0.2620642,
1,4,9.337,0.138389,0.7537097,0.8972949,-0.8425326,0.3835952,-0.2612596,-0.2733806,
1,4,9.339,0.138389,0.7537097,0.8972949,-0.8425326,0.3835952,-0.2612596,-0.2733806,
1,4,9.341,0.138389,0.7537097,0.8972949,-0.8425326,0.3835952,-0.2612596,-0.2733806,
1,4,9.343,0.138389,0.7537097,0.8972949,-0.8425326,0.3835952,-0.2612596,-0.2733806,
1,4,9.345,0.1277863,0.7637419,0.9020128,-0.8369982,0.3882618,-0.2647632,-0.2803344,
1,4,9.347,0.1277863,0.7637419,0.9020128,-0.8369982,0.3882618,-0.2647632,-0.2803344,
1,4,9.349,0.1277863,0.7637419,0.9020128,-0.8369982,0.3882618,-0.2647632,-0.2803344,
1,4,9.351,0.1277863,0.7637419,0.9020128,-0.8369982,0.3882618,-0.2647632,-0.2803344,
1,4,9.353,0.1100156,0.7825019,0.909557,-0.8257829,0.3973086,-0.2713082,-0.2943135,
1,4,9.355,0.1100156,0.7825019,0.909557,-0.8257829,0.3973086,-0.2713082,-0.2943135,
1,4,9.357,0.1100156,0.7825019,0.909557,-0.8257829,0.3973086,-0.2713082,-0.2943135,
1,4,9.359,0.1100156,0.7825019,0.909557,-0.8257829,0.3973086,-0.2713082,-0.2943135,
1,4,9.361,0.08958182,0.8060415,0.9178154,-0.8118001,0.4075981,-0.2793292,-0.3111586,
1,4,9.363,0.08958182,0.8060415,0.9178154,-0.8118001,0.4075981,-0.2793292,-0.3111586,
1,4,9.365,0.08958182,0.8060415,0.9178154,-0.8118001,0.4075981,-0.2793292,-0.3111586,
1,4,9.367,0.08958182,0.8060415,0.9178154,-0.8118001,0.4075981,-0.2793292,-0.3111586,
1,4,9.369,0.06869842,0.8331923,0.9259365,-0.7951367,0.4184599,-0.2888465,-0.3304796,
1,4,9.371,0.06869842,0.8331923,0.9259365,-0.7951367,0.4184599,-0.2888465,-0.3304796,
1,4,9.373,0.06869842,0.8331923,0.9259365,-0.7951367,0.4184599,-0.2888465,-0.3304796,
1,4,9.375,0.06869842,0.8331923,0.9259365,-0.7951367,0.4184599,-0.2888465,-0.3304796,
1,4,9.377,0.06869842,0.8331923,0.9259365,-0.7951367,0.4184599,-0.2888465,-0.3304796,
1,4,9.379,0.04728292,0.8647082,0.9331442,-0.7748951,0.429422,-0.3008462,-0.3530241,
1,4,9.381,0.04728292,0.8647082,0.9331442,-0.7748951,0.429422,-0.3008462,-0.3530241,
1,4,9.383,0.04728292,0.8647082,0.9331442,-0.7748951,0.429422,-0.3008462,-0.3530241,
1,4,9.385,0.04728292,0.8647082,0.9331442,-0.7748951,0.429422,-0.3008462,-0.3530241,
1,4,9.387,0.0263644,0.8994839,0.9392797,-0.7507735,0.4400679,-0.3148449,-0.3788828,
1,4,9.389,0.0263644,0.8994839,0.9392797,-0.7507735,0.4400679,-0.3148449,-0.3788828,
1,4,9.391,0.0263644,0.8994839,0.9392797,-0.7507735,0.4400679,-0.3148449,-0.3788828,
1,4,9.393,0.0263644,0.8994839,0.9392797,-0.7507735,0.4400679,-0.3148449,-0.3788828,
1,4,9.395,0.006260678,0.938582,0.943334,-0.7217333,0.4492538,-0.3315973,-0.4090421,
1,4,9.397,0.006260678,0.938582,0.943334,-0.7217333,0.4492538,-0.3315973,-0.4090421,
1,4,9.399,0.006260678,0.938582,0.943334,-0.7217333,0.4492538,-0.3315973,-0.4090421,
1,4,9.401,0.006260678,0.938582,0.943334,-0.7217333,0.4492538,-0.3315973,-0.4090421,
1,4,9.403,-0.01231642,0.980234,0.9451509,-0.6879488,0.456791,-0.3506725,-0.441698,
1,4,9.405,-0.01231642,0.980234,0.9451509,-0.6879488,0.456791,-0.3506725,-0.441698,
1,4,9.407,-0.01231642,0.980234,0.9451509,-0.6879488,0.456791,-0.3506725,-0.441698,
1,4,9.409,-0.01231642,0.980234,0.9451509,-0.6879488,0.456791,-0.3506725,-0.441698,
1,4,9.411,-0.02871908,1.023374,0.9439948,-0.6499065,0.4615974,-0.3709661,-0.4763755,
1,4,9.413,-0.02871908,1.023374,0.9439948,-0.6499065,0.4615974,-0.3709661,-0.4763755,
1,4,9.415,-0.02871908,1.023374,0.9439948,-0.6499065,0.4615974,-0.3709661,-0.4763755,
1,4,9.417,-0.02871908,1.023374,0.9439948,-0.6499065,0.4615974,-0.3709661,-0.4763755,
1,4,9.419,-0.03694814,1.04812,0.9418003,-0.6282121,0.4632602,-0.3817356,-0.4949926,
1,4,9.421,-0.03694814,1.04812,0.9418003,-0.6282121,0.4632602,-0.3817356,-0.4949926,
1,4,9.423,-0.03694814,1.04812,0.9418003,-0.6282121,0.4632602,-0.3817356,-0.4949926,
1,4,9.425,-0.03694814,1.04812,0.9418003,-0.6282121,0.4632602,-0.3817356,-0.4949926,
1,4,9.427,-0.03694814,1.04812,0.9418003,-0.6282121,0.4632602,-0.3817356,-0.4949926,
1,4,9.429,-0.04844933,1.089486,0.9358485,-0.5854984,0.4632827,-0.401484,-0.5304446,
1,4,9.431,-0.04844933,1.089486,0.9358485,-0.5854984,0.4632827,-0.401484,-0.5304446,
1,4,9.433,-0.04844933,1.089486,0.9358485,-0.5854984,0.4632827,-0.401484,-0.5304446,
1,4,9.435,-0.04844933,1.089486,0.9358485,-0.5854984,0.4632827,-0.401484,-0.5304446,
1,4,9.437,-0.05802575,1.132104,0.9266266,-0.5388514,0.4599051,-0.4209702,-0.5664897,
1,4,9.439,-0.05802575,1.132104,0.9266266,-0.5388514,0.4599051,-0.4209702,-0.5664897,
1,4,9.441,-0.05802575,1.132104,0.9266266,-0.5388514,0.4599051,-0.4209702,-0.5664897,
1,4,9.443,-0.05802575,1.132104,0.9266266,-0.5388514,0.4599051,-0.4209702,-0.5664897,
1,4,9.445,-0.06467622,1.173762,0.914153,-0.4898627,0.4527575,-0.439203,-0.6017857,
1,4,9.447,-0.06467622,1.173762,0.914153,-0.4898627,0.4527575,-0.439203,-0.6017857,
1,4,9.449,-0.06467622,1.173762,0.914153,-0.4898627,0.4527575,-0.439203,-0.6017857,
1,4,9.451,-0.06467622,1.173762,0.914153,-0.4898627,0.4527575,-0.439203,-0.6017857,
1,4,9.453,-0.06883881,1.212538,0.8986911,-0.4405906,0.4427036,-0.4552099,-0.6345688,
1,4,9.455,-0.06883881,1.212538,0.8986911,-0.4405906,0.4427036,-0.4552099,-0.6345688,
1,4,9.457,-0.06883881,1.212538,0.8986911,-0.4405906,0.4427036,-0.4552099,-0.6345688,
1,4,9.459,-0.06883881,1.212538,0.8986911,-0.4405906,0.4427036,-0.4552099,-0.6345688,
1,4,9.461,-0.07073611,1.248741,0.8806363,-0.3905413,0.4314817,-0.4683859,-0.6647675,
1,4,9.463,-0.07073611,1.248741,0.8806363,-0.3905413,0.4314817,-0.4683859,-0.6647675,
1,4,9.465,-0.07073611,1.248741,0.8806363,-0.3905413,0.4314817,-0.4683859,-0.6647675,
1,4,9.467,-0.07073611,1.248741,0.8806363,-0.3905413,0.4314817,-0.4683859,-0.6647675,
1,4,9.469,-0.07078175,1.281278,0.8606152,-0.3416755,0.4192167,-0.4789169,-0.6914867,
1,4,9.471,-0.07078175,1.281278,0.8606152,-0.3416755,0.4192167,-0.4789169,-0.6914867,
1,4,9.473,-0.07078175,1.281278,0.8606152,-0.3416755,0.4192167,-0.4789169,-0.6914867,
1,4,9.475,-0.07078175,1.281278,0.8606152,-0.3416755,0.4192167,-0.4789169,-0.6914867,
1,4,9.477,-0.07078175,1.281278,0.8606152,-0.3416755,0.4192167,-0.4789169,-0.6914867,
1,4,9.479,-0.06967691,1.309825,0.8392006,-0.2945082,0.4062809,-0.4873704,-0.7146124,
1,4,9.481,-0.06967691,1.309825,0.8392006,-0.2945082,0.4062809,-0.4873704,-0.7146124,
1,4,9.483,-0.06967691,1.309825,0.8392006,-0.2945082,0.4062809,-0.4873704,-0.7146124,
1,4,9.485,-0.06967691,1.309825,0.8392006,-0.2945082,0.4062809,-0.4873704,-0.7146124,
1,4,9.487,-0.06857998,1.324722,0.8262044,-0.2687566,0.3991867,-0.4914539,-0.7258739,
1,4,9.489,-0.06857998,1.324722,0.8262044,-0.2687566,0.3991867,-0.4914539,-0.7258739,
1,4,9.491,-0.06857998,1.324722,0.8262044,-0.2687566,0.3991867,-0.4914539,-0.7258739,
1,4,9.493,-0.06857998,1.324722,0.8262044,-0.2687566,0.3991867,-0.4914539,-0.7258739,
1,4,9.495,-0.06598023,1.345912,0.8043323,-0.2246145,0.3856275,-0.4973204,-0.743984,
1,4,9.497,-0.06598023,1.345912,0.8043323,-0.2246145,0.3856275,-0.4973204,-0.743984,
1,4,9.499,-0.06598023,1.345912,0.8043323,-0.2246145,0.3856275,-0.4973204,-0.743984,
1,4,9.501,-0.06598023,1.345912,0.8043323,-0.2246145,0.3856275,-0.4973204,-0.743984,
1,4,9.503,-0.06260282,1.365353,0.7804782,-0.1789208,0.3698264,-0.5025842,-0.760674,
1,4,9.505,-0.06260282,1.365353,0.7804782,-0.1789208,0.3698264,-0.5025842,-0.760674,
1,4,9.507,-0.06260282,1.365353,0.7804782,-0.1789208,0.3698264,-0.5025842,-0.760674,
1,4,9.509,-0.06260282,1.365353,0.7804782,-0.1789208,0.3698264,-0.5025842,-0.760674,
1,4,9.511,-0.06026913,1.37507,0.7663604,-0.153211,0.3602446,-0.5053939,-0.7689781,
1,4,9.513,-0.06026913,1.37507,0.7663604,-0.153211,0.3602446,-0.5053939,-0.7689781,
1,4,9.515,-0.06026913,1.37507,0.7663604,-0.153211,0.3602446,-0.5053939,-0.7689781,
1,4,9.517,-0.06026913,1.37507,0.7663604,-0.153211,0.3602446,-0.5053939,-0.7689781,
1,4,9.519,-0.05624192,1.387346,0.7439926,-0.1110473,0.3407545,-0.5092677,-0.782433,
1,4,9.521,-0.05624192,1.387346,0.7439926,-0.1110473,0.3407545,-0.5092677,-0.782433,
1,4,9.523,-0.05624192,1.387346,0.7439926,-0.1110473,0.3407545,-0.5092677,-0.782433,
1,4,9.525,-0.05624192,1.387346,0.7439926,-0.1110473,0.3407545,-0.5092677,-0.782433,
1,4,9.527,-0.05624192,1.387346,0.7439926,-0.1110473,0.3407545,-0.5092677,-0.782433,
1,4,9.529,-0.05190343,1.398117,0.7189748,-0.06468669,0.3172087,-0.5128388,-0.7951041,
1,4,9.531,-0.05190343,1.398117,0.7189748,-0.06468669,0.3172087,-0.5128388,-0.7951041,
1,4,9.533,-0.05190343,1.398117,0.7189748,-0.06468669,0.3172087,-0.5128388,-0.7951041,
1,4,9.535,-0.05190343,1.398117,0.7189748,-0.06468669,0.3172087,-0.5128388,-0.7951041,
1,4,9.537,-0.04912103,1.402988,0.7044808,-0.03794898,0.3038479,-0.5139837,-0.8012847,
1,4,9.539,-0.04912103,1.402988,0.7044808,-0.03794898,0.3038479,-0.5139837,-0.8012847,
1,4,9.541,-0.04912103,1.402988,0.7044808,-0.03794898,0.3038479,-0.5139837,-0.8012847,
1,4,9.543,-0.04912103,1.402988,0.7044808,-0.03794898,0.3038479,-0.5139837,-0.8012847,
1,4,9.545,-0.04471808,1.408459,0.6820673,0.00628525,0.277126,-0.5143418,-0.8115506,
1,4,9.547,-0.04471808,1.408459,0.6820673,0.00628525,0.277126,-0.5143418,-0.8115506,
1,4,9.549,-0.04471808,1.408459,0.6820673,0.00628525,0.277126,-0.5143418,-0.8115506,
1,4,9.551,-0.04471808,1.408459,0.6820673,0.00628525,0.277126,-0.5143418,-0.8115506,
1,4,9.553,-0.03943465,1.412007,0.6575688,0.05644943,0.2466329,-0.5121819,-0.8207651,
1,4,9.555,-0.03943465,1.412007,0.6575688,0.05644943,0.2466329,-0.5121819,-0.8207651,
1,4,9.557,-0.03943465,1.412007,0.6575688,0.05644943,0.2466329,-0.5121819,-0.8207651,
1,4,9.559,-0.03943465,1.412007,0.6575688,0.05644943,0.2466329,-0.5121819,-0.8207651,
1,4,9.561,-0.03637819,1.412832,0.6436057,0.08453722,0.2279157,-0.5100728,-0.8250658,
1,4,9.563,-0.03637819,1.412832,0.6436057,0.08453722,0.2279157,-0.5100728,-0.8250658,
1,4,9.565,-0.03637819,1.412832,0.6436057,0.08453722,0.2279157,-0.5100728,-0.8250658,
1,4,9.567,-0.03637819,1.412832,0.6436057,0.08453722,0.2279157,-0.5100728,-0.8250658,
1,4,9.569,-0.03159676,1.412142,0.6219544,0.1308961,0.1916271,-0.5036054,-0.8321821,
1,4,9.571,-0.03159676,1.412142,0.6219544,0.1308961,0.1916271,-0.5036054,-0.8321821,
1,4,9.573,-0.03159676,1.412142,0.6219544,0.1308961,0.1916271,-0.5036054,-0.8321821,
1,4,9.575,-0.03159676,1.412142,0.6219544,0.1308961,0.1916271,-0.5036054,-0.8321821,
1,4,9.577,-0.03159676,1.412142,0.6219544,0.1308961,0.1916271,-0.5036054,-0.8321821,
1,4,9.579,-0.02627145,1.408689,0.5991713,0.1809637,0.1500655,-0.4932916,-0.8374939,
1,4,9.581,-0.02627145,1.408689,0.5991713,0.1809637,0.1500655,-0.4932916,-0.8374939,
1,4,9.583,-0.02627145,1.408689,0.5991713,0.1809637,0.1500655,-0.4932916,-0.8374939,
1,4,9.585,-0.02627145,1.408689,0.5991713,0.1809637,0.1500655,-0.4932916,-0.8374939,
1,4,9.587,-0.02018875,1.402224,0.5771128,0.2319083,0.1073832,-0.4790143,-0.8397814,
1,4,9.589,-0.02018875,1.402224,0.5771128,0.2319083,0.1073832,-0.4790143,-0.8397814,
1,4,9.591,-0.02018875,1.402224,0.5771128,0.2319083,0.1073832,-0.4790143,-0.8397814,
1,4,9.593,-0.02018875,1.402224,0.5771128,0.2319083,0.1073832,-0.4790143,-0.8397814,
1,4,9.595,-0.01333234,1.392531,0.5558329,0.2820263,0.06240255,-0.4604809,-0.8393596,
1,4,9.597,-0.01333234,1.392531,0.5558329,0.2820263,0.06240255,-0.4604809,-0.8393596,
1,4,9.599,-0.01333234,1.392531,0.5558329,0.2820263,0.06240255,-0.4604809,-0.8393596,
1,4,9.601,-0.01333234,1.392531,0.5558329,0.2820263,0.06240255,-0.4604809,-0.8393596,
1,4,9.603,-0.00643006,1.379319,0.5351481,0.3311949,0.01788607,-0.4389502,-0.8350526,
1,4,9.605,-0.00643006,1.379319,0.5351481,0.3311949,0.01788607,-0.4389502,-0.8350526,
1,4,9.607,-0.00643006,1.379319,0.5351481,0.3311949,0.01788607,-0.4389502,-0.8350526,
1,4,9.609,-0.00643006,1.379319,0.5351481,0.3311949,0.01788607,-0.4389502,-0.8350526,
1,4,9.611,0.000131309,1.362616,0.5147148,0.3786485,-0.02643145,-0.4142392,-0.827244,
1,4,9.613,0.000131309,1.362616,0.5147148,0.3786485,-0.02643145,-0.4142392,-0.827244,
1,4,9.615,0.000131309,1.362616,0.5147148,0.3786485,-0.02643145,-0.4142392,-0.827244,
1,4,9.617,0.000131309,1.362616,0.5147148,0.3786485,-0.02643145,-0.4142392,-0.827244,
1,4,9.619,0.005705498,1.342502,0.49422,0.4240439,-0.06726306,-0.3881463,-0.8154784,
1,4,9.621,0.005705498,1.342502,0.49422,0.4240439,-0.06726306,-0.3881463,-0.8154784,
1,4,9.623,0.005705498,1.342502,0.49422,0.4240439,-0.06726306,-0.3881463,-0.8154784,
1,4,9.625,0.005705498,1.342502,0.49422,0.4240439,-0.06726306,-0.3881463,-0.8154784,
1,4,9.627,0.005705498,1.342502,0.49422,0.4240439,-0.06726306,-0.3881463,-0.8154784,
1,4,9.629,0.01041211,1.319033,0.473605,0.467125,-0.1034677,-0.3617504,-0.8001409,
1,4,9.631,0.01041211,1.319033,0.473605,0.467125,-0.1034677,-0.3617504,-0.8001409,
1,4,9.633,0.01041211,1.319033,0.473605,0.467125,-0.1034677,-0.3617504,-0.8001409,
1,4,9.635,0.01041211,1.319033,0.473605,0.467125,-0.1034677,-0.3617504,-0.8001409,
1,4,9.637,0.01477075,1.29268,0.454176,0.5062443,-0.1318964,-0.3373366,-0.7826393,
1,4,9.639,0.01477075,1.29268,0.454176,0.5062443,-0.1318964,-0.3373366,-0.7826393,
1,4,9.641,0.01477075,1.29268,0.454176,0.5062443,-0.1318964,-0.3373366,-0.7826393,
1,4,9.643,0.01477075,1.29268,0.454176,0.5062443,-0.1318964,-0.3373366,-0.7826393,
1,4,9.645,0.01923365,1.262522,0.435935,0.5416613,-0.1507496,-0.3172719,-0.7636859,
1,4,9.647,0.01923365,1.262522,0.435935,0.5416613,-0.1507496,-0.3172719,-0.7636859,
1,4,9.649,0.01923365,1.262522,0.435935,0.5416613,-0.1507496,-0.3172719,-0.7636859,
1,4,9.651,0.01923365,1.262522,0.435935,0.5416613,-0.1507496,-0.3172719,-0.7636859,
1,4,9.653,0.02367032,1.229838,0.4195381,0.571838,-0.1589721,-0.3044202,-0.7450218,
1,4,9.655,0.02367032,1.229838,0.4195381,0.571838,-0.1589721,-0.3044202,-0.7450218,
1,4,9.657,0.02367032,1.229838,0.4195381,0.571838,-0.1589721,-0.3044202,-0.7450218,
1,4,9.659,0.02367032,1.229838,0.4195381,0.571838,-0.1589721,-0.3044202,-0.7450218,
1,4,9.661,0.02608463,1.210564,0.4110018,0.5868923,-0.1610513,-0.2994467,-0.734814,
1,4,9.663,0.02608463,1.210564,0.4110018,0.5868923,-0.1610513,-0.2994467,-0.734814,
1,4,9.665,0.02608463,1.210564,0.4110018,0.5868923,-0.1610513,-0.2994467,-0.734814,
1,4,9.667,0.02608463,1.210564,0.4110018,0.5868923,-0.1610513,-0.2994467,-0.734814,
1,4,9.669,0.03082649,1.177473,0.3974223,0.6078776,-0.1513725,-0.3004738,-0.7192265,
1,4,9.671,0.03082649,1.177473,0.3974223,0.6078776,-0.1513725,-0.3004738,-0.7192265,
1,4,9.673,0.03082649,1.177473,0.3974223,0.6078776,-0.1513725,-0.3004738,-0.7192265,
1,4,9.675,0.03082649,1.177473,0.3974223,0.6078776,-0.1513725,-0.3004738,-0.7192265,
1,4,9.677,0.03082649,1.177473,0.3974223,0.6078776,-0.1513725,-0.3004738,-0.7192265,
1,4,9.679,0.03681159,1.141125,0.3851126,0.6285247,-0.1365759,-0.3057206,-0.7020247,
1,4,9.681,0.03681159,1.141125,0.3851126,0.6285247,-0.1365759,-0.3057206,-0.7020247,
1,4,9.683,0.03681159,1.141125,0.3851126,0.6285247,-0.1365759,-0.3057206,-0.7020247,
1,4,9.685,0.03681159,1.141125,0.3851126,0.6285247,-0.1365759,-0.3057206,-0.7020247,
1,4,9.687,0.04307773,1.105152,0.3753675,0.6489816,-0.1251387,-0.3099626,-0.6834372,
1,4,9.689,0.04307773,1.105152,0.3753675,0.6489816,-0.1251387,-0.3099626,-0.6834372,
1,4,9.691,0.04307773,1.105152,0.3753675,0.6489816,-0.1251387,-0.3099626,-0.6834372,
1,4,9.693,0.04307773,1.105152,0.3753675,0.6489816,-0.1251387,-0.3099626,-0.6834372,
1,4,9.695,0.04896333,1.070811,0.3677657,0.6716424,-0.1237796,-0.3063108,-0.6631355,
1,4,9.697,0.04896333,1.070811,0.3677657,0.6716424,-0.1237796,-0.3063108,-0.6631355,
1,4,9.699,0.04896333,1.070811,0.3677657,0.6716424,-0.1237796,-0.3063108,-0.6631355,
1,4,9.701,0.04896333,1.070811,0.3677657,0.6716424,-0.1237796,-0.3063108,-0.6631355,
1,4,9.703,0.05447838,1.040263,0.3621683,0.6967798,-0.1336829,-0.2914213,-0.6416389,
1,4,9.705,0.05447838,1.040263,0.3621683,0.6967798,-0.1336829,-0.2914213,-0.6416389,
1,4,9.707,0.05447838,1.040263,0.3621683,0.6967798,-0.1336829,-0.2914213,-0.6416389,
1,4,9.709,0.05447838,1.040263,0.3621683,0.6967798,-0.1336829,-0.2914213,-0.6416389,
1,4,9.711,0.06004401,1.014945,0.3576516,0.7209976,-0.1483768,-0.2689127,-0.6211544,
1,4,9.713,0.06004401,1.014945,0.3576516,0.7209976,-0.1483768,-0.2689127,-0.6211544,
1,4,9.715,0.06004401,1.014945,0.3576516,0.7209976,-0.1483768,-0.2689127,-0.6211544,
1,4,9.717,0.06004401,1.014945,0.3576516,0.7209976,-0.1483768,-0.2689127,-0.6211544,
1,4,9.719,0.0664672,0.996037,0.3529512,0.7408906,-0.1617235,-0.2456214,-0.6038186,
1,4,9.721,0.0664672,0.996037,0.3529512,0.7408906,-0.1617235,-0.2456214,-0.6038186,
1,4,9.723,0.0664672,0.996037,0.3529512,0.7408906,-0.1617235,-0.2456214,-0.6038186,
1,4,9.725,0.0664672,0.996037,0.3529512,0.7408906,-0.1617235,-0.2456214,-0.6038186,
1,4,9.727,0.0664672,0.996037,0.3529512,0.7408906,-0.1617235,-0.2456214,-0.6038186,
1,4,9.729,0.07318281,0.9841189,0.347753,0.7554704,-0.1711595,-0.2245558,-0.5912222,
1,4,9.731,0.07318281,0.9841189,0.347753,0.7554704,-0.1711595,-0.2245558,-0.5912222,
1,4,9.733,0.07318281,0.9841189,0.347753,0.7554704,-0.1711595,-0.2245558,-0.5912222,
1,4,9.735,0.07318281,0.9841189,0.347753,0.7554704,-0.1711595,-0.2245558,-0.5912222,
1,4,9.737,0.07919677,0.9815527,0.3409806,0.763172,-0.1758587,-0.2085332,-0.5857953,
1,4,9.739,0.07919677,0.9815527,0.3409806,0.763172,-0.1758587,-0.2085332,-0.5857953,
1,4,9.741,0.07919677,0.9815527,0.3409806,0.763172,-0.1758587,-0.2085332,-0.5857953,
1,4,9.743,0.07919677,0.9815527,0.3409806,0.763172,-0.1758587,-0.2085332,-0.5857953,
1,4,9.745,0.0833537,0.9880112,0.3323736,0.7638603,-0.1766384,-0.1989967,-0.5879769,
1,4,9.747,0.0833537,0.9880112,0.3323736,0.7638603,-0.1766384,-0.1989967,-0.5879769,
1,4,9.749,0.0833537,0.9880112,0.3323736,0.7638603,-0.1766384,-0.1989967,-0.5879769,
1,4,9.751,0.0833537,0.9880112,0.3323736,0.7638603,-0.1766384,-0.1989967,-0.5879769,
1,4,9.753,0.08519089,1.003359,0.3225044,0.7578845,-0.1724066,-0.1987152,-0.5969919,
1,4,9.755,0.08519089,1.003359,0.3225044,0.7578845,-0.1724066,-0.1987152,-0.5969919,
1,4,9.757,0.08519089,1.003359,0.3225044,0.7578845,-0.1724066,-0.1987152,-0.5969919,
1,4,9.759,0.08519089,1.003359,0.3225044,0.7578845,-0.1724066,-0.1987152,-0.5969919,
1,4,9.761,0.08524735,1.014906,0.3166026,0.7536781,-0.1695602,-0.2002728,-0.6025857,
1,4,9.763,0.08524735,1.014906,0.3166026,0.7536781,-0.1695602,-0.2002728,-0.6025857,
1,4,9.765,0.08524735,1.014906,0.3166026,0.7536781,-0.1695602,-0.2002728,-0.6025857,
1,4,9.767,0.08524735,1.014906,0.3166026,0.7536781,-0.1695602,-0.2002728,-0.6025857,
1,4,9.769,0.08316014,1.043182,0.3068202,0.7342384,-0.1541261,-0.2174983,-0.6243666,
1,4,9.771,0.08316014,1.043182,0.3068202,0.7342384,-0.1541261,-0.2174983,-0.6243666,
1,4,9.773,0.08316014,1.043182,0.3068202,0.7342384,-0.1541261,-0.2174983,-0.6243666,
1,4,9.775,0.08316014,1.043182,0.3068202,0.7342384,-0.1541261,-0.2174983,-0.6243666,
1,4,9.777,0.08316014,1.043182,0.3068202,0.7342384,-0.1541261,-0.2174983,-0.6243666,
1,4,9.779,0.07923774,1.080464,0.2962648,0.7058228,-0.1270345,-0.2469547,-0.6516822,
1,4,9.781,0.07923774,1.080464,0.2962648,0.7058228,-0.1270345,-0.2469547,-0.6516822,
1,4,9.783,0.07923774,1.080464,0.2962648,0.7058228,-0.1270345,-0.2469547,-0.6516822,
1,4,9.785,0.07923774,1.080464,0.2962648,0.7058228,-0.1270345,-0.2469547,-0.6516822,
1,4,9.787,0.07437856,1.126706,0.2870362,0.6609693,-0.07753699,-0.2942803,-0.6859349,
1,4,9.789,0.07437856,1.126706,0.2870362,0.6609693,-0.07753699,-0.2942803,-0.6859349,
1,4,9.791,0.07437856,1.126706,0.2870362,0.6609693,-0.07753699,-0.2942803,-0.6859349,
1,4,9.793,0.07437856,1.126706,0.2870362,0.6609693,-0.07753699,-0.2942803,-0.6859349,
1,4,9.795,0.06907913,1.178989,0.2808292,0.5942838,-0.0001964234,-0.3561884,-0.7210801,
1,4,9.797,0.06907913,1.178989,0.2808292,0.5942838,-0.0001964234,-0.3561884,-0.7210801,
1,4,9.799,0.06907913,1.178989,0.2808292,0.5942838,-0.0001964234,-0.3561884,-0.7210801,
1,4,9.801,0.06907913,1.178989,0.2808292,0.5942838,-0.0001964234,-0.3561884,-0.7210801,
1,4,9.803,0.06327461,1.236187,0.2795376,0.4969169,0.1140256,-0.4289528,-0.7457019,
1,4,9.805,0.06327461,1.236187,0.2795376,0.4969169,0.1140256,-0.4289528,-0.7457019,
1,4,9.807,0.06327461,1.236187,0.2795376,0.4969169,0.1140256,-0.4289528,-0.7457019,
1,4,9.809,0.06327461,1.236187,0.2795376,0.4969169,0.1140256,-0.4289528,-0.7457019,
1,4,9.811,0.06026071,1.266725,0.2807323,0.4378547,0.1825351,-0.463605,-0.7483546,
1,4,9.813,0.06026071,1.266725,0.2807323,0.4378547,0.1825351,-0.463605,-0.7483546,
1,4,9.815,0.06026071,1.266725,0.2807323,0.4378547,0.1825351,-0.463605,-0.7483546,
1,4,9.817,0.06026071,1.266725,0.2807323,0.4378547,0.1825351,-0.463605,-0.7483546,
1,4,9.819,0.05345146,1.318447,0.2880429,0.2975326,0.3333651,-0.5229245,-0.7258734,
1,4,9.821,0.05345146,1.318447,0.2880429,0.2975326,0.3333651,-0.5229245,-0.7258734,
1,4,9.823,0.05345146,1.318447,0.2880429,0.2975326,0.3333651,-0.5229245,-0.7258734,
1,4,9.825,0.05345146,1.318447,0.2880429,0.2975326,0.3333651,-0.5229245,-0.7258734,
1,4,9.827,0.05345146,1.318447,0.2880429,0.2975326,0.3333651,-0.5229245,-0.7258734,
1,4,9.829,0.04749297,1.366849,0.2970747,0.1450111,0.4853925,-0.5546755,-0.6600766,
1,4,9.831,0.04749297,1.366849,0.2970747,0.1450111,0.4853925,-0.5546755,-0.6600766,
1,4,9.833,0.04749297,1.366849,0.2970747,0.1450111,0.4853925,-0.5546755,-0.6600766,
1,4,9.835,0.04749297,1.366849,0.2970747,0.1450111,0.4853925,-0.5546755,-0.6600766,
1,4,9.837,0.04548386,1.392223,0.3017828,0.06982084,0.5578775,-0.5567215,-0.6115219,
1,4,9.839,0.04548386,1.392223,0.3017828,0.06982084,0.5578775,-0.5567215,-0.6115219,
1,4,9.841,0.04548386,1.392223,0.3017828,0.06982084,0.5578775,-0.5567215,-0.6115219,
1,4,9.843,0.04548386,1.392223,0.3017828,0.06982084,0.5578775,-0.5567215,-0.6115219,
1,4,9.845,0.04194762,1.431046,0.312999,-0.07746025,0.6872546,-0.5355048,-0.4846811,
1,4,9.847,0.04194762,1.431046,0.312999,-0.07746025,0.6872546,-0.5355048,-0.4846811,
1,4,9.849,0.04194762,1.431046,0.312999,-0.07746025,0.6872546,-0.5355048,-0.4846811,
1,4,9.851,0.04194762,1.431046,0.312999,-0.07746025,0.6872546,-0.5355048,-0.4846811,
1,4,9.853,0.03940848,1.468694,0.3253972,-0.2066809,0.7838302,-0.4815715,-0.3331398,
1,4,9.855,0.03940848,1.468694,0.3253972,-0.2066809,0.7838302,-0.4815715,-0.3331398,
1,4,9.857,0.03940848,1.468694,0.3253972,-0.2066809,0.7838302,-0.4815715,-0.3331398,
1,4,9.859,0.03940848,1.468694,0.3253972,-0.2066809,0.7838302,-0.4815715,-0.3331398,
1,4,9.861,0.03691387,1.501571,0.3379586,-0.3136375,0.843617,-0.4035135,-0.1646779,
1,4,9.863,0.03691387,1.501571,0.3379586,-0.3136375,0.843617,-0.4035135,-0.1646779,
1,4,9.865,0.03691387,1.501571,0.3379586,-0.3136375,0.843617,-0.4035135,-0.1646779,
1,4,9.867,0.03691387,1.501571,0.3379586,-0.3136375,0.843617,-0.4035135,-0.1646779,
1,4,9.869,0.03444155,1.529942,0.3500282,-0.395354,0.8654994,-0.3072572,0.01411149,
1,4,9.871,0.03444155,1.529942,0.3500282,-0.395354,0.8654994,-0.3072572,0.01411149,
1,4,9.873,0.03444155,1.529942,0.3500282,-0.395354,0.8654994,-0.3072572,0.01411149,
1,4,9.875,0.03444155,1.529942,0.3500282,-0.395354,0.8654994,-0.3072572,0.01411149,
1,4,9.877,0.03444155,1.529942,0.3500282,-0.395354,0.8654994,-0.3072572,0.01411149,
1,4,9.879,0.03227551,1.55368,0.3617542,-0.4509329,0.8479784,-0.1987769,0.1951413,
1,4,9.881,0.03227551,1.55368,0.3617542,-0.4509329,0.8479784,-0.1987769,0.1951413,
1,4,9.883,0.03227551,1.55368,0.3617542,-0.4509329,0.8479784,-0.1987769,0.1951413,
1,4,9.885,0.03227551,1.55368,0.3617542,-0.4509329,0.8479784,-0.1987769,0.1951413,
1,4,9.887,0.03116024,1.56563,0.3680567,-0.4684496,0.8250455,-0.1415164,0.2825385,
1,4,9.889,0.03116024,1.56563,0.3680567,-0.4684496,0.8250455,-0.1415164,0.2825385,
1,4,9.891,0.03116024,1.56563,0.3680567,-0.4684496,0.8250455,-0.1415164,0.2825385,
1,4,9.893,0.03116024,1.56563,0.3680567,-0.4684496,0.8250455,-0.1415164,0.2825385,
1,4,9.895,0.03019503,1.58283,0.3778409,-0.4804538,0.7506427,-0.02742651,0.4527115,
1,4,9.897,0.03019503,1.58283,0.3778409,-0.4804538,0.7506427,-0.02742651,0.4527115,
1,4,9.899,0.03019503,1.58283,0.3778409,-0.4804538,0.7506427,-0.02742651,0.4527115,
1,4,9.901,0.03019503,1.58283,0.3778409,-0.4804538,0.7506427,-0.02742651,0.4527115,
1,4,9.903,0.03042463,1.599002,0.3877845,-0.4637754,0.6436316,0.08034793,0.6034856,
1,4,9.905,0.03042463,1.599002,0.3877845,-0.4637754,0.6436316,0.08034793,0.6034856,
1,4,9.907,0.03042463,1.599002,0.3877845,-0.4637754,0.6436316,0.08034793,0.6034856,
1,4,9.909,0.03042463,1.599002,0.3877845,-0.4637754,0.6436316,0.08034793,0.6034856,
1,4,9.911,0.03205366,1.613638,0.3974507,-0.4213485,0.5072103,0.1756032,0.7310039,
1,4,9.913,0.03205366,1.613638,0.3974507,-0.4213485,0.5072103,0.1756032,0.7310039,
1,4,9.915,0.03205366,1.613638,0.3974507,-0.4213485,0.5072103,0.1756032,0.7310039,
1,4,9.917,0.03205366,1.613638,0.3974507,-0.4213485,0.5072103,0.1756032,0.7310039,
1,4,9.919,0.03315993,1.620524,0.4026134,-0.3929814,0.4304518,0.216506,0.7831999,
1,4,9.921,0.03315993,1.620524,0.4026134,-0.3929814,0.4304518,0.216506,0.7831999,
1,4,9.923,0.03315993,1.620524,0.4026134,-0.3929814,0.4304518,0.216506,0.7831999,
1,4,9.925,0.03315993,1.620524,0.4026134,-0.3929814,0.4304518,0.216506,0.7831999,
1,4,9.927,0.03315993,1.620524,0.4026134,-0.3929814,0.4304518,0.216506,0.7831999,
1,4,9.929,0.03584298,1.631451,0.41232,-0.3238815,0.2646964,0.2829553,0.8631181,
1,4,9.931,0.03584298,1.631451,0.41232,-0.3238815,0.2646964,0.2829553,0.8631181,
1,4,9.933,0.03584298,1.631451,0.41232,-0.3238815,0.2646964,0.2829553,0.8631181,
1,4,9.935,0.03584298,1.631451,0.41232,-0.3238815,0.2646964,0.2829553,0.8631181,
1,4,9.937,0.03793754,1.639151,0.421753,-0.247549,0.08664809,0.3329613,0.9057309,
1,4,9.939,0.03793754,1.639151,0.421753,-0.247549,0.08664809,0.3329613,0.9057309,
1,4,9.941,0.03793754,1.639151,0.421753,-0.247549,0.08664809,0.3329613,0.9057309,
1,4,9.943,0.03793754,1.639151,0.421753,-0.247549,0.08664809,0.3329613,0.9057309,
1,4,9.945,0.03871139,1.643628,0.4312004,-0.1657853,-0.09281053,0.3677571,0.9103056,
1,4,9.947,0.03871139,1.643628,0.4312004,-0.1657853,-0.09281053,0.3677571,0.9103056,
1,4,9.949,0.03871139,1.643628,0.4312004,-0.1657853,-0.09281053,0.3677571,0.9103056,
1,4,9.951,0.03871139,1.643628,0.4312004,-0.1657853,-0.09281053,0.3677571,0.9103056,
1,4,9.953,0.03894696,1.644531,0.44096,-0.07933235,-0.2703464,0.385654,0.8785728,
1,4,9.955,0.03894696,1.644531,0.44096,-0.07933235,-0.2703464,0.385654,0.8785728,
1,4,9.957,0.03894696,1.644531,0.44096,-0.07933235,-0.2703464,0.385654,0.8785728,
1,4,9.959,0.03894696,1.644531,0.44096,-0.07933235,-0.2703464,0.385654,0.8785728,
1,4,9.961,0.03857359,1.642353,0.4513471,0.009215653,-0.4350864,0.3860437,0.8133789,
1,4,9.963,0.03857359,1.642353,0.4513471,0.009215653,-0.4350864,0.3860437,0.8133789,
1,4,9.965,0.03857359,1.642353,0.4513471,0.009215653,-0.4350864,0.3860437,0.8133789,
1,4,9.967,0.03857359,1.642353,0.4513471,0.009215653,-0.4350864,0.3860437,0.8133789,
1,4,9.969,0.03773365,1.637025,0.4619695,0.09612374,-0.582818,0.3689927,0.7175848,
1,4,9.971,0.03773365,1.637025,0.4619695,0.09612374,-0.582818,0.3689927,0.7175848,
1,4,9.973,0.03773365,1.637025,0.4619695,0.09612374,-0.582818,0.3689927,0.7175848,
1,4,9.975,0.03773365,1.637025,0.4619695,0.09612374,-0.582818,0.3689927,0.7175848,
1,4,9.977,0.03773365,1.637025,0.4619695,0.09612374,-0.582818,0.3689927,0.7175848,
1,4,9.979,0.03632663,1.628156,0.4724343,0.1766053,-0.7092937,0.3356541,0.5941796,
1,4,9.981,0.03632663,1.628156,0.4724343,0.1766053,-0.7092937,0.3356541,0.5941796,
1,4,9.983,0.03632663,1.628156,0.4724343,0.1766053,-0.7092937,0.3356541,0.5941796,
1,4,9.985,0.03632663,1.628156,0.4724343,0.1766053,-0.7092937,0.3356541,0.5941796,
1,4,9.987,0.03438556,1.616461,0.4816841,0.2458766,-0.8079327,0.2901219,0.450132,
1,4,9.989,0.03438556,1.616461,0.4816841,0.2458766,-0.8079327,0.2901219,0.450132,
1,4,9.991,0.03438556,1.616461,0.4816841,0.2458766,-0.8079327,0.2901219,0.450132,
1,4,9.993,0.03438556,1.616461,0.4816841,0.2458766,-0.8079327,0.2901219,0.450132,
1,4,9.995,0.03080638,1.601094,0.4890237,0.3068131,-0.8745075,0.2374528,0.2910647,
1,4,9.997,0.03080638,1.601094,0.4890237,0.3068131,-0.8745075,0.2374528,0.2910647,
1,4,9.999,0.03080638,1.601094,0.4890237,0.3068131,-0.8745075,0.2374528,0.2910647,
1,4,10.001,0.03080638,1.601094,0.4890237,0.3068131,-0.8745075,0.2374528,0.2910647,
1,4,10.003,0.0263906,1.582561,0.4949953,0.3584079,-0.9077916,0.1779253,0.1257008,
1,4,10.005,0.0263906,1.582561,0.4949953,0.3584079,-0.9077916,0.1779253,0.1257008,
1,4,10.007,0.0263906,1.582561,0.4949953,0.3584079,-0.9077916,0.1779253,0.1257008,
1,4,10.009,0.0263906,1.582561,0.4949953,0.3584079,-0.9077916,0.1779253,0.1257008,
1,4,10.011,0.02206153,1.560485,0.4999342,0.3985337,-0.9093953,0.1109954,-0.04302359,
1,4,10.013,0.02206153,1.560485,0.4999342,0.3985337,-0.9093953,0.1109954,-0.04302359,
1,4,10.015,0.02206153,1.560485,0.4999342,0.3985337,-0.9093953,0.1109954,-0.04302359,
1,4,10.017,0.02206153,1.560485,0.4999342,0.3985337,-0.9093953,0.1109954,-0.04302359,
1,4,10.019,0.01794966,1.535731,0.5041053,0.4256172,-0.8799865,0.03725243,-0.2075717,
1,4,10.021,0.01794966,1.535731,0.5041053,0.4256172,-0.8799865,0.03725243,-0.2075717,
1,4,10.023,0.01794966,1.535731,0.5041053,0.4256172,-0.8799865,0.03725243,-0.2075717,
1,4,10.025,0.01794966,1.535731,0.5041053,0.4256172,-0.8799865,0.03725243,-0.2075717,
1,4,10.027,0.01794966,1.535731,0.5041053,0.4256172,-0.8799865,0.03725243,-0.2075717,
1,4,10.029,0.01395439,1.508295,0.5076874,0.4389217,-0.8214051,-0.04060215,-0.3619295,
1,4,10.031,0.01395439,1.508295,0.5076874,0.4389217,-0.8214051,-0.04060215,-0.3619295,
1,4,10.033,0.01395439,1.508295,0.5076874,0.4389217,-0.8214051,-0.04060215,-0.3619295,
1,4,10.035,0.01395439,1.508295,0.5076874,0.4389217,-0.8214051,-0.04060215,-0.3619295,
1,4,10.037,0.01012021,1.478471,0.5108352,0.4380895,-0.7370353,-0.1191622,-0.5006565,
1,4,10.039,0.01012021,1.478471,0.5108352,0.4380895,-0.7370353,-0.1191622,-0.5006565,
1,4,10.041,0.01012021,1.478471,0.5108352,0.4380895,-0.7370353,-0.1191622,-0.5006565,
1,4,10.043,0.01012021,1.478471,0.5108352,0.4380895,-0.7370353,-0.1191622,-0.5006565,
1,4,10.045,0.007733688,1.460398,0.512405,0.4332903,-0.6851349,-0.1596313,-0.5633539,
1,4,10.047,0.007733688,1.460398,0.512405,0.4332903,-0.6851349,-0.1596313,-0.5633539,
1,4,10.049,0.007733688,1.460398,0.512405,0.4332903,-0.6851349,-0.1596313,-0.5633539,
1,4,10.051,0.007733688,1.460398,0.512405,0.4332903,-0.6851349,-0.1596313,-0.5633539,
1,4,10.053,0.004361287,1.428209,0.5135865,0.4116895,-0.5693898,-0.23663,-0.6710539,
1,4,10.055,0.004361287,1.428209,0.5135865,0.4116895,-0.5693898,-0.23663,-0.6710539,
1,4,10.057,0.004361287,1.428209,0.5135865,0.4116895,-0.5693898,-0.23663,-0.6710539,
1,4,10.059,0.004361287,1.428209,0.5135865,0.4116895,-0.5693898,-0.23663,-0.6710539,
1,4,10.061,0.000861451,1.39237,0.5145237,0.3778163,-0.4401709,-0.3081626,-0.7540162,
1,4,10.063,0.000861451,1.39237,0.5145237,0.3778163,-0.4401709,-0.3081626,-0.7540162,
1,4,10.065,0.000861451,1.39237,0.5145237,0.3778163,-0.4401709,-0.3081626,-0.7540162,
1,4,10.067,0.000861451,1.39237,0.5145237,0.3778163,-0.4401709,-0.3081626,-0.7540162,
1,4,10.069,-0.002532184,1.353819,0.5146071,0.3342133,-0.3012928,-0.3745091,-0.8107202,
1,4,10.071,-0.002532184,1.353819,0.5146071,0.3342133,-0.3012928,-0.3745091,-0.8107202,
1,4,10.073,-0.002532184,1.353819,0.5146071,0.3342133,-0.3012928,-0.3745091,-0.8107202,
1,4,10.075,-0.002532184,1.353819,0.5146071,0.3342133,-0.3012928,-0.3745091,-0.8107202,
1,4,10.077,-0.002532184,1.353819,0.5146071,0.3342133,-0.3012928,-0.3745091,-0.8107202,
1,4,10.079,-0.00558728,1.312041,0.5138239,0.2813675,-0.1577567,-0.4352871,-0.8405179,
1,4,10.081,-0.00558728,1.312041,0.5138239,0.2813675,-0.1577567,-0.4352871,-0.8405179,
1,4,10.083,-0.00558728,1.312041,0.5138239,0.2813675,-0.1577567,-0.4352871,-0.8405179,
1,4,10.085,-0.00558728,1.312041,0.5138239,0.2813675,-0.1577567,-0.4352871,-0.8405179,
1,4,10.087,-0.007909626,1.267083,0.5128053,0.21689,-0.01458023,-0.4900846,-0.8441346,
1,4,10.089,-0.007909626,1.267083,0.5128053,0.21689,-0.01458023,-0.4900846,-0.8441346,
1,4,10.091,-0.007909626,1.267083,0.5128053,0.21689,-0.01458023,-0.4900846,-0.8441346,
1,4,10.093,-0.007909626,1.267083,0.5128053,0.21689,-0.01458023,-0.4900846,-0.8441346,
1,4,10.095,-0.009939566,1.21886,0.5125464,0.143401,0.1205148,-0.5376137,-0.8221216,
1,4,10.097,-0.009939566,1.21886,0.5125464,0.143401,0.1205148,-0.5376137,-0.8221216,
1,4,10.099,-0.009939566,1.21886,0.5125464,0.143401,0.1205148,-0.5376137,-0.8221216,
1,4,10.101,-0.009939566,1.21886,0.5125464,0.143401,0.1205148,-0.5376137,-0.8221216,
1,4,10.103,-0.01130532,1.166511,0.5143366,0.06005988,0.2392696,-0.5767822,-0.7787588,
1,4,10.105,-0.01130532,1.166511,0.5143366,0.06005988,0.2392696,-0.5767822,-0.7787588,
1,4,10.107,-0.01130532,1.166511,0.5143366,0.06005988,0.2392696,-0.5767822,-0.7787588,
1,4,10.109,-0.01130532,1.166511,0.5143366,0.06005988,0.2392696,-0.5767822,-0.7787588,
1,4,10.111,-0.0114325,1.11083,0.5168874,-0.02931112,0.341908,-0.603875,-0.7194266,
1,4,10.113,-0.0114325,1.11083,0.5168874,-0.02931112,0.341908,-0.603875,-0.7194266,
1,4,10.115,-0.0114325,1.11083,0.5168874,-0.02931112,0.341908,-0.603875,-0.7194266,
1,4,10.117,-0.0114325,1.11083,0.5168874,-0.02931112,0.341908,-0.603875,-0.7194266,
1,4,10.119,-0.01053131,1.077417,0.5180538,-0.07607611,0.3895909,-0.6127133,-0.6833841,
1,4,10.121,-0.01053131,1.077417,0.5180538,-0.07607611,0.3895909,-0.6127133,-0.6833841,
1,4,10.123,-0.01053131,1.077417,0.5180538,-0.07607611,0.3895909,-0.6127133,-0.6833841,
1,4,10.125,-0.01053131,1.077417,0.5180538,-0.07607611,0.3895909,-0.6127133,-0.6833841,
1,4,10.127,-0.01053131,1.077417,0.5180538,-0.07607611,0.3895909,-0.6127133,-0.6833841,
1,4,10.129,-0.007490993,1.016954,0.5224283,-0.168629,0.4605342,-0.6271104,-0.6051489,
1,4,10.131,-0.007490993,1.016954,0.5224283,-0.168629,0.4605342,-0.6271104,-0.6051489,
1,4,10.133,-0.007490993,1.016954,0.5224283,-0.168629,0.4605342,-0.6271104,-0.6051489,
1,4,10.135,-0.007490993,1.016954,0.5224283,-0.168629,0.4605342,-0.6271104,-0.6051489,
1,4,10.137,-0.003877997,0.9790456,0.525197,-0.2171527,0.48825,-0.63052,-0.5629398,
1,4,10.139,-0.003877997,0.9790456,0.525197,-0.2171527,0.48825,-0.63052,-0.5629398,
1,4,10.141,-0.003877997,0.9790456,0.525197,-0.2171527,0.48825,-0.63052,-0.5629398,
1,4,10.143,-0.003877997,0.9790456,0.525197,-0.2171527,0.48825,-0.63052,-0.5629398,
1,4,10.145,0.006093457,0.9116725,0.5332264,-0.3068008,0.5178714,-0.6348201,-0.484444,
1,4,10.147,0.006093457,0.9116725,0.5332264,-0.3068008,0.5178714,-0.6348201,-0.484444,
1,4,10.149,0.006093457,0.9116725,0.5332264,-0.3068008,0.5178714,-0.6348201,-0.484444,
1,4,10.151,0.006093457,0.9116725,0.5332264,-0.3068008,0.5178714,-0.6348201,-0.484444,
1,4,10.153,0.02338618,0.8379152,0.5439808,-0.3884259,0.5249984,-0.6340862,-0.4140492,
1,4,10.155,0.02338618,0.8379152,0.5439808,-0.3884259,0.5249984,-0.6340862,-0.4140492,
1,4,10.157,0.02338618,0.8379152,0.5439808,-0.3884259,0.5249984,-0.6340862,-0.4140492,
1,4,10.159,0.02338618,0.8379152,0.5439808,-0.3884259,0.5249984,-0.6340862,-0.4140492,
1,4,10.161,0.0358154,0.7971065,0.5504962,-0.4257908,0.5222456,-0.631471,-0.3836745,
1,4,10.163,0.0358154,0.7971065,0.5504962,-0.4257908,0.5222456,-0.631471,-0.3836745,
1,4,10.165,0.0358154,0.7971065,0.5504962,-0.4257908,0.5222456,-0.631471,-0.3836745,
1,4,10.167,0.0358154,0.7971065,0.5504962,-0.4257908,0.5222456,-0.631471,-0.3836745,
1,4,10.169,0.06116033,0.7320653,0.5646148,-0.4770752,0.4965125,-0.6385072,-0.3437777,
1,4,10.171,0.06116033,0.7320653,0.5646148,-0.4770752,0.4965125,-0.6385072,-0.3437777,
1,4,10.173,0.06116033,0.7320653,0.5646148,-0.4770752,0.4965125,-0.6385072,-0.3437777,
1,4,10.175,0.06116033,0.7320653,0.5646148,-0.4770752,0.4965125,-0.6385072,-0.3437777,
1,4,10.177,0.06116033,0.7320653,0.5646148,-0.4770752,0.4965125,-0.6385072,-0.3437777,
1,4,10.179,0.09231736,0.6698,0.5798386,-0.5052148,0.4612263,-0.6544904,-0.3219795,
1,4,10.181,0.09231736,0.6698,0.5798386,-0.5052148,0.4612263,-0.6544904,-0.3219795,CourtEnter
1,4,10.183,0.09231736,0.6698,0.5798386,-0.5052148,0.4612263,-0.6544904,-0.3219795,
1,4,10.185,0.09231736,0.6698,0.5798386,-0.5052148,0.4612263,-0.6544904,-0.3219795,
1,4,10.187,0.1252399,0.6174517,0.5936655,-0.509762,0.421931,-0.6807283,-0.3142069,
1,4,10.189,0.1252399,0.6174517,0.5936655,-0.509762,0.421931,-0.6807283,-0.3142069,CourtExit
1,4,10.191,0.1252399,0.6174517,0.5936655,-0.509762,0.421931,-0.6807283,-0.3142069,
1,4,10.193,0.1252399,0.6174517,0.5936655,-0.509762,0.421931,-0.6807283,-0.3142069,
1,4,10.195,0.1576311,0.5763586,0.6042236,-0.4942162,0.3841289,-0.7136154,-0.3145608,
1,4,10.197,0.1576311,0.5763586,0.6042236,-0.4942162,0.3841289,-0.7136154,-0.3145608,
1,4,10.199,0.1576311,0.5763586,0.6042236,-0.4942162,0.3841289,-0.7136154,-0.3145608,
1,4,10.201,0.1576311,0.5763586,0.6042236,-0.4942162,0.3841289,-0.7136154,-0.3145608,
1,4,10.203,0.1886524,0.5431748,0.6109106,-0.4703474,0.3514874,-0.7453474,-0.3157328,
1,4,10.205,0.1886524,0.5431748,0.6109106,-0.4703474,0.3514874,-0.7453474,-0.3157328,
1,4,10.207,0.1886524,0.5431748,0.6109106,-0.4703474,0.3514874,-0.7453474,-0.3157328,
1,4,10.209,0.1886524,0.5431748,0.6109106,-0.4703474,0.3514874,-0.7453474,-0.3157328,
1,4,10.211,0.21822,0.5170745,0.6131817,-0.4451098,0.3262731,-0.7725321,-0.314034,
1,4,10.213,0.21822,0.5170745,0.6131817,-0.4451098,0.3262731,-0.7725321,-0.314034,
1,4,10.215,0.21822,0.5170745,0.6131817,-0.4451098,0.3262731,-0.7725321,-0.314034,
1,4,10.217,0.21822,0.5170745,0.6131817,-0.4451098,0.3262731,-0.7725321,-0.314034,
1,4,10.219,0.2458917,0.4957289,0.6118548,-0.4248559,0.3080205,-0.7932382,-0.3088593,
1,4,10.221,0.2458917,0.4957289,0.6118548,-0.4248559,0.3080205,-0.7932382,-0.3088593,
1,4,10.223,0.2458917,0.4957289,0.6118548,-0.4248559,0.3080205,-0.7932382,-0.3088593,
1,4,10.225,0.2458917,0.4957289,0.6118548,-0.4248559,0.3080205,-0.7932382,-0.3088593,
1,4,10.227,0.2458917,0.4957289,0.6118548,-0.4248559,0.3080205,-0.7932382,-0.3088593,
1,4,10.229,0.2608526,0.4853947,0.6097668,-0.4199794,0.302887,-0.7995648,-0.304258,
1,4,10.231,0.2608526,0.4853947,0.6097668,-0.4199794,0.302887,-0.7995648,-0.304258,
1,4,10.233,0.2608526,0.4853947,0.6097668,-0.4199794,0.302887,-0.7995648,-0.304258,
1,4,10.235,0.2608526,0.4853947,0.6097668,-0.4199794,0.302887,-0.7995648,-0.304258,
1,4,10.237,0.2832941,0.4717748,0.6041291,-0.4098001,0.2944348,-0.8113844,-0.2950041,
1,4,10.239,0.2832941,0.4717748,0.6041291,-0.4098001,0.2944348,-0.8113844,-0.2950041,
1,4,10.241,0.2832941,0.4717748,0.6041291,-0.4098001,0.2944348,-0.8113844,-0.2950041,
1,4,10.243,0.2832941,0.4717748,0.6041291,-0.4098001,0.2944348,-0.8113844,-0.2950041,
1,4,10.245,0.2968591,0.4641742,0.599855,-0.4094557,0.2927489,-0.8144345,-0.2886876,
1,4,10.247,0.2968591,0.4641742,0.599855,-0.4094557,0.2927489,-0.8144345,-0.2886876,
1,4,10.249,0.2968591,0.4641742,0.599855,-0.4094557,0.2927489,-0.8144345,-0.2886876,
1,4,10.251,0.2968591,0.4641742,0.599855,-0.4094557,0.2927489,-0.8144345,-0.2886876,
1,4,10.253,0.3164764,0.4543338,0.5913812,-0.4054748,0.2892895,-0.8214939,-0.2775781,
1,4,10.255,0.3164764,0.4543338,0.5913812,-0.4054748,0.2892895,-0.8214939,-0.2775781,
1,4,10.257,0.3164764,0.4543338,0.5913812,-0.4054748,0.2892895,-0.8214939,-0.2775781,
1,4,10.259,0.3164764,0.4543338,0.5913812,-0.4054748,0.2892895,-0.8214939,-0.2775781,
1,4,10.261,0.3359358,0.4460846,0.5805581,-0.403345,0.2883858,-0.8265379,-0.2664236,
1,4,10.263,0.3359358,0.4460846,0.5805581,-0.403345,0.2883858,-0.8265379,-0.2664236,
1,4,10.265,0.3359358,0.4460846,0.5805581,-0.403345,0.2883858,-0.8265379,-0.2664236,
1,4,10.267,0.3359358,0.4460846,0.5805581,-0.403345,0.2883858,-0.8265379,-0.2664236,
1,4,10.269,0.3525484,0.4402749,0.5684952,-0.3993404,0.2887476,-0.831347,-0.2569323,
1,4,10.271,0.3525484,0.4402749,0.5684952,-0.3993404,0.2887476,-0.831347,-0.2569323,
1,4,10.273,0.3525484,0.4402749,0.5684952,-0.3993404,0.2887476,-0.831347,-0.2569323,
1,4,10.275,0.3525484,0.4402749,0.5684952,-0.3993404,0.2887476,-0.831347,-0.2569323,
1,4,10.277,0.3525484,0.4402749,0.5684952,-0.3993404,0.2887476,-0.831347,-0.2569323,
1,4,10.279,0.3663538,0.4368157,0.5550331,-0.3931356,0.2903221,-0.8361166,-0.2491313,
1,4,10.281,0.3663538,0.4368157,0.5550331,-0.3931356,0.2903221,-0.8361166,-0.2491313,
1,4,10.283,0.3663538,0.4368157,0.5550331,-0.3931356,0.2903221,-0.8361166,-0.2491313,
1,4,10.285,0.3663538,0.4368157,0.5550331,-0.3931356,0.2903221,-0.8361166,-0.2491313,
1,4,10.287,0.3772252,0.4359718,0.540432,-0.3842105,0.2931772,-0.8408533,-0.2437114,
1,4,10.289,0.3772252,0.4359718,0.540432,-0.3842105,0.2931772,-0.8408533,-0.2437114,
1,4,10.291,0.3772252,0.4359718,0.540432,-0.3842105,0.2931772,-0.8408533,-0.2437114,
1,4,10.293,0.3772252,0.4359718,0.540432,-0.3842105,0.2931772,-0.8408533,-0.2437114,
1,4,10.295,0.3850129,0.4372963,0.5248457,-0.3738116,0.2974638,-0.8450122,-0.2402803,
1,4,10.297,0.3850129,0.4372963,0.5248457,-0.3738116,0.2974638,-0.8450122,-0.2402803,
1,4,10.299,0.3850129,0.4372963,0.5248457,-0.3738116,0.2974638,-0.8450122,-0.2402803,
1,4,10.301,0.3850129,0.4372963,0.5248457,-0.3738116,0.2974638,-0.8450122,-0.2402803,
1,4,10.303,0.3901551,0.4407482,0.5081767,-0.3623164,0.3029484,-0.8485745,-0.2384754,
1,4,10.305,0.3901551,0.4407482,0.5081767,-0.3623164,0.3029484,-0.8485745,-0.2384754,
1,4,10.307,0.3901551,0.4407482,0.5081767,-0.3623164,0.3029484,-0.8485745,-0.2384754,
1,4,10.309,0.3901551,0.4407482,0.5081767,-0.3623164,0.3029484,-0.8485745,-0.2384754,
1,4,10.311,0.3922535,0.4433832,0.4983618,-0.3574417,0.3067033,-0.8495345,-0.2376126,
1,4,10.313,0.3922535,0.4433832,0.4983618,-0.3574417,0.3067033,-0.8495345,-0.2376126,
1,4,10.315,0.3922535,0.4433832,0.4983618,-0.3574417,0.3067033,-0.8495345,-0.2376126,
1,4,10.317,0.3922535,0.4433832,0.4983618,-0.3574417,0.3067033,-0.8495345,-0.2376126,
1,4,10.319,0.3933326,0.4493868,0.4820147,-0.3447152,0.3136017,-0.8520405,-0.2384376,
1,4,10.321,0.3933326,0.4493868,0.4820147,-0.3447152,0.3136017,-0.8520405,-0.2384376,
1,4,10.323,0.3933326,0.4493868,0.4820147,-0.3447152,0.3136017,-0.8520405,-0.2384376,
1,4,10.325,0.3933326,0.4493868,0.4820147,-0.3447152,0.3136017,-0.8520405,-0.2384376,
1,4,10.327,0.3933326,0.4493868,0.4820147,-0.3447152,0.3136017,-0.8520405,-0.2384376,
1,4,10.329,0.3927083,0.4572816,0.4638956,-0.3343199,0.322402,-0.8526305,-0.2393918,
1,4,10.331,0.3927083,0.4572816,0.4638956,-0.3343199,0.322402,-0.8526305,-0.2393918,
1,4,10.333,0.3927083,0.4572816,0.4638956,-0.3343199,0.322402,-0.8526305,-0.2393918,
1,4,10.335,0.3927083,0.4572816,0.4638956,-0.3343199,0.322402,-0.8526305,-0.2393918,
1,4,10.337,0.3901268,0.466603,0.4454331,-0.3262702,0.3325502,-0.8514863,-0.240685,
1,4,10.339,0.3901268,0.466603,0.4454331,-0.3262702,0.3325502,-0.8514863,-0.240685,
1,4,10.341,0.3901268,0.466603,0.4454331,-0.3262702,0.3325502,-0.8514863,-0.240685,
1,4,10.343,0.3901268,0.466603,0.4454331,-0.3262702,0.3325502,-0.8514863,-0.240685,
1,4,10.345,0.3863565,0.4771417,0.4268053,-0.3200369,0.3433039,-0.8492492,-0.2418565,
1,4,10.347,0.3863565,0.4771417,0.4268053,-0.3200369,0.3433039,-0.8492492,-0.2418565,
1,4,10.349,0.3863565,0.4771417,0.4268053,-0.3200369,0.3433039,-0.8492492,-0.2418565,
1,4,10.351,0.3863565,0.4771417,0.4268053,-0.3200369,0.3433039,-0.8492492,-0.2418565,
1,4,10.353,0.3814949,0.4886551,0.4079775,-0.3164506,0.3552973,-0.8454783,-0.242465,
1,4,10.355,0.3814949,0.4886551,0.4079775,-0.3164506,0.3552973,-0.8454783,-0.242465,
1,4,10.357,0.3814949,0.4886551,0.4079775,-0.3164506,0.3552973,-0.8454783,-0.242465,
1,4,10.359,0.3814949,0.4886551,0.4079775,-0.3164506,0.3552973,-0.8454783,-0.242465,
1,4,10.361,0.3756293,0.500965,0.3894038,-0.3145008,0.3676612,-0.8408131,-0.2427917,
1,4,10.363,0.3756293,0.500965,0.3894038,-0.3145008,0.3676612,-0.8408131,-0.2427917,
1,4,10.365,0.3756293,0.500965,0.3894038,-0.3145008,0.3676612,-0.8408131,-0.2427917,
1,4,10.367,0.3756293,0.500965,0.3894038,-0.3145008,0.3676612,-0.8408131,-0.2427917,
1,4,10.369,0.3690757,0.5139315,0.3709937,-0.3121495,0.3798705,-0.8360962,-0.2433193,
1,4,10.371,0.3690757,0.5139315,0.3709937,-0.3121495,0.3798705,-0.8360962,-0.2433193,
1,4,10.373,0.3690757,0.5139315,0.3709937,-0.3121495,0.3798705,-0.8360962,-0.2433193,
1,4,10.375,0.3690757,0.5139315,0.3709937,-0.3121495,0.3798705,-0.8360962,-0.2433193,
1,4,10.377,0.3690757,0.5139315,0.3709937,-0.3121495,0.3798705,-0.8360962,-0.2433193,
1,4,10.379,0.3621407,0.5272461,0.3529066,-0.308521,0.3913895,-0.8319135,-0.2440267,
1,4,10.381,0.3621407,0.5272461,0.3529066,-0.308521,0.3913895,-0.8319135,-0.2440267,
1,4,10.383,0.3621407,0.5272461,0.3529066,-0.308521,0.3913895,-0.8319135,-0.2440267,
1,4,10.385,0.3621407,0.5272461,0.3529066,-0.308521,0.3913895,-0.8319135,-0.2440267,
1,4,10.387,0.3575876,0.5353681,0.3425239,-0.3068387,0.3981881,-0.829169,-0.2444892,
1,4,10.389,0.3575876,0.5353681,0.3425239,-0.3068387,0.3981881,-0.829169,-0.2444892,
1,4,10.391,0.3575876,0.5353681,0.3425239,-0.3068387,0.3981881,-0.829169,-0.2444892,
1,4,10.393,0.3575876,0.5353681,0.3425239,-0.3068387,0.3981881,-0.829169,-0.2444892,
1,4,10.395,0.350008,0.5490975,0.3258492,-0.3019934,0.4093027,-0.8250266,-0.2461755,
1,4,10.397,0.350008,0.5490975,0.3258492,-0.3019934,0.4093027,-0.8250266,-0.2461755,
1,4,10.399,0.350008,0.5490975,0.3258492,-0.3019934,0.4093027,-0.8250266,-0.2461755,
1,4,10.401,0.350008,0.5490975,0.3258492,-0.3019934,0.4093027,-0.8250266,-0.2461755,
1,4,10.403,0.341335,0.5639999,0.3079241,-0.2958514,0.4207774,-0.8207862,-0.2484518,
1,4,10.405,0.341335,0.5639999,0.3079241,-0.2958514,0.4207774,-0.8207862,-0.2484518,
1,4,10.407,0.341335,0.5639999,0.3079241,-0.2958514,0.4207774,-0.8207862,-0.2484518,
1,4,10.409,0.341335,0.5639999,0.3079241,-0.2958514,0.4207774,-0.8207862,-0.2484518,
1,4,10.411,0.3325958,0.5790932,0.2905527,-0.2890487,0.431772,-0.8166409,-0.2512399,
1,4,10.413,0.3325958,0.5790932,0.2905527,-0.2890487,0.431772,-0.8166409,-0.2512399,
1,4,10.415,0.3325958,0.5790932,0.2905527,-0.2890487,0.431772,-0.8166409,-0.2512399,
1,4,10.417,0.3325958,0.5790932,0.2905527,-0.2890487,0.431772,-0.8166409,-0.2512399,
1,4,10.419,0.3234662,0.5943955,0.2734743,-0.2814576,0.4422798,-0.8126528,-0.2544912,
1,4,10.421,0.3234662,0.5943955,0.2734743,-0.2814576,0.4422798,-0.8126528,-0.2544912,
1,4,10.423,0.3234662,0.5943955,0.2734743,-0.2814576,0.4422798,-0.8126528,-0.2544912,
1,4,10.425,0.3234662,0.5943955,0.2734743,-0.2814576,0.4422798,-0.8126528,-0.2544912,
1,4,10.427,0.3234662,0.5943955,0.2734743,-0.2814576,0.4422798,-0.8126528,-0.2544912,
1,4,10.429,0.3147363,0.6095359,0.2567542,-0.2726457,0.4527001,-0.8086878,-0.2583622,
1,4,10.431,0.3147363,0.6095359,0.2567542,-0.2726457,0.4527001,-0.8086878,-0.2583622,
1,4,10.433,0.3147363,0.6095359,0.2567542,-0.2726457,0.4527001,-0.8086878,-0.2583622,
1,4,10.435,0.3147363,0.6095359,0.2567542,-0.2726457,0.4527001,-0.8086878,-0.2583622,
1,4,10.437,0.3057924,0.6243396,0.2401789,-0.2633794,0.4617688,-0.8052465,-0.2626386,
1,4,10.439,0.3057924,0.6243396,0.2401789,-0.2633794,0.4617688,-0.8052465,-0.2626386,
1,4,10.441,0.3057924,0.6243396,0.2401789,-0.2633794,0.4617688,-0.8052465,-0.2626386,
1,4,10.443,0.3057924,0.6243396,0.2401789,-0.2633794,0.4617688,-0.8052465,-0.2626386,
1,4,10.445,0.2974727,0.638768,0.2241823,-0.2523382,0.4708599,-0.8021063,-0.2669117,
1,4,10.447,0.2974727,0.638768,0.2241823,-0.2523382,0.4708599,-0.8021063,-0.2669117,
1,4,10.449,0.2974727,0.638768,0.2241823,-0.2523382,0.4708599,-0.8021063,-0.2669117,
1,4,10.451,0.2974727,0.638768,0.2241823,-0.2523382,0.4708599,-0.8021063,-0.2669117,
1,4,10.453,0.2892447,0.6522668,0.2082229,-0.240817,0.4789179,-0.7993035,-0.2715856,
1,4,10.455,0.2892447,0.6522668,0.2082229,-0.240817,0.4789179,-0.7993035,-0.2715856,
1,4,10.457,0.2892447,0.6522668,0.2082229,-0.240817,0.4789179,-0.7993035,-0.2715856,
1,4,10.459,0.2892447,0.6522668,0.2082229,-0.240817,0.4789179,-0.7993035,-0.2715856,
1,4,10.461,0.2813024,0.6648216,0.1924284,-0.2296194,0.485977,-0.7969097,-0.2757469,
1,4,10.463,0.2813024,0.6648216,0.1924284,-0.2296194,0.485977,-0.7969097,-0.2757469,
1,4,10.465,0.2813024,0.6648216,0.1924284,-0.2296194,0.485977,-0.7969097,-0.2757469,
1,4,10.467,0.2813024,0.6648216,0.1924284,-0.2296194,0.485977,-0.7969097,-0.2757469,
1,4,10.469,0.2738136,0.6767124,0.1768222,-0.218603,0.492899,-0.7943771,-0.2796932,
1,4,10.471,0.2738136,0.6767124,0.1768222,-0.218603,0.492899,-0.7943771,-0.2796932,
1,4,10.473,0.2738136,0.6767124,0.1768222,-0.218603,0.492899,-0.7943771,-0.2796932,
1,4,10.475,0.2738136,0.6767124,0.1768222,-0.218603,0.492899,-0.7943771,-0.2796932,
1,4,10.477,0.2738136,0.6767124,0.1768222,-0.218603,0.492899,-0.7943771,-0.2796932,
1,4,10.479,0.2665829,0.6877328,0.1614063,-0.2078612,0.4992863,-0.7921761,-0.282779,
1,4,10.481,0.2665829,0.6877328,0.1614063,-0.2078612,0.4992863,-0.7921761,-0.282779,
1,4,10.483,0.2665829,0.6877328,0.1614063,-0.2078612,0.4992863,-0.7921761,-0.282779,
1,4,10.485,0.2665829,0.6877328,0.1614063,-0.2078612,0.4992863,-0.7921761,-0.282779,
1,4,10.487,0.2595526,0.6978243,0.1460438,-0.1976286,0.5052059,-0.7901329,-0.2853067,
1,4,10.489,0.2595526,0.6978243,0.1460438,-0.1976286,0.5052059,-0.7901329,-0.2853067,
1,4,10.491,0.2595526,0.6978243,0.1460438,-0.1976286,0.5052059,-0.7901329,-0.2853067,
1,4,10.493,0.2595526,0.6978243,0.1460438,-0.1976286,0.5052059,-0.7901329,-0.2853067,
1,4,10.495,0.2526878,0.7073348,0.1305878,-0.1874058,0.5111594,-0.7879483,-0.287633,
1,4,10.497,0.2526878,0.7073348,0.1305878,-0.1874058,0.5111594,-0.7879483,-0.287633,
1,4,10.499,0.2526878,0.7073348,0.1305878,-0.1874058,0.5111594,-0.7879483,-0.287633,
1,4,10.501,0.2526878,0.7073348,0.1305878,-0.1874058,0.5111594,-0.7879483,-0.287633,
1,4,10.503,0.2460851,0.7158902,0.1153187,-0.1778082,0.5164459,-0.7860248,-0.2895391,
1,4,10.505,0.2460851,0.7158902,0.1153187,-0.1778082,0.5164459,-0.7860248,-0.2895391,
1,4,10.507,0.2460851,0.7158902,0.1153187,-0.1778082,0.5164459,-0.7860248,-0.2895391,
1,4,10.509,0.2460851,0.7158902,0.1153187,-0.1778082,0.5164459,-0.7860248,-0.2895391,
1,4,10.511,0.239525,0.7237828,0.09996913,-0.168662,0.5213547,-0.7842849,-0.290929,
1,4,10.513,0.239525,0.7237828,0.09996913,-0.168662,0.5213547,-0.7842849,-0.290929,
1,4,10.515,0.239525,0.7237828,0.09996913,-0.168662,0.5213547,-0.7842849,-0.290929,
1,4,10.517,0.239525,0.7237828,0.09996913,-0.168662,0.5213547,-0.7842849,-0.290929,
1,4,10.519,0.2327888,0.7309301,0.08452506,-0.1594882,0.5258146,-0.7826123,-0.2925757,
1,4,10.521,0.2327888,0.7309301,0.08452506,-0.1594882,0.5258146,-0.7826123,-0.2925757,
1,4,10.523,0.2327888,0.7309301,0.08452506,-0.1594882,0.5258146,-0.7826123,-0.2925757,
1,4,10.525,0.2327888,0.7309301,0.08452506,-0.1594882,0.5258146,-0.7826123,-0.2925757,
1,4,10.527,0.2327888,0.7309301,0.08452506,-0.1594882,0.5258146,-0.7826123,-0.2925757,
1,4,10.529,0.2261853,0.7371054,0.06939822,-0.1504189,0.5301101,-0.7810484,-0.2938042,
1,4,10.531,0.2261853,0.7371054,0.06939822,-0.1504189,0.5301101,-0.7810484,-0.2938042,
1,4,10.533,0.2261853,0.7371054,0.06939822,-0.1504189,0.5301101,-0.7810484,-0.2938042,
1,4,10.535,0.2261853,0.7371054,0.06939822,-0.1504189,0.5301101,-0.7810484,-0.2938042,
1,4,10.537,0.2196366,0.7423676,0.05426335,-0.1421013,0.5337858,-0.7797843,-0.2946463,
1,4,10.539,0.2196366,0.7423676,0.05426335,-0.1421013,0.5337858,-0.7797843,-0.2946463,
1,4,10.541,0.2196366,0.7423676,0.05426335,-0.1421013,0.5337858,-0.7797843,-0.2946463,
1,4,10.543,0.2196366,0.7423676,0.05426335,-0.1421013,0.5337858,-0.7797843,-0.2946463,
1,4,10.545,0.2128416,0.7463086,0.03909506,-0.1340635,0.5372079,-0.7785481,-0.2954617,
1,4,10.547,0.2128416,0.7463086,0.03909506,-0.1340635,0.5372079,-0.7785481,-0.2954617,
1,4,10.549,0.2128416,0.7463086,0.03909506,-0.1340635,0.5372079,-0.7785481,-0.2954617,
1,4,10.551,0.2128416,0.7463086,0.03909506,-0.1340635,0.5372079,-0.7785481,-0.2954617,
1,4,10.553,0.2059984,0.7488914,0.02407059,-0.1256231,0.539731,-0.7778446,-0.296424,
1,4,10.555,0.2059984,0.7488914,0.02407059,-0.1256231,0.539731,-0.7778446,-0.296424,
1,4,10.557,0.2059984,0.7488914,0.02407059,-0.1256231,0.539731,-0.7778446,-0.296424,
1,4,10.559,0.2059984,0.7488914,0.02407059,-0.1256231,0.539731,-0.7778446,-0.296424,
1,4,10.561,0.1988093,0.7501873,0.008296743,-0.119543,0.5420873,-0.7770678,-0.2966758,
1,4,10.563,0.1988093,0.7501873,0.008296743,-0.119543,0.5420873,-0.7770678,-0.2966758,
1,4,10.565,0.1988093,0.7501873,0.008296743,-0.119543,0.5420873,-0.7770678,-0.2966758,
1,4,10.567,0.1988093,0.7501873,0.008296743,-0.119543,0.5420873,-0.7770678,-0.2966758,
1,4,10.569,0.1916764,0.7497466,-0.007343136,-0.1137222,0.5434707,-0.7769774,-0.2966696,
1,4,10.571,0.1916764,0.7497466,-0.007343136,-0.1137222,0.5434707,-0.7769774,-0.2966696,
1,4,10.573,0.1916764,0.7497466,-0.007343136,-0.1137222,0.5434707,-0.7769774,-0.2966696,
1,4,10.575,0.1916764,0.7497466,-0.007343136,-0.1137222,0.5434707,-0.7769774,-0.2966696,
1,4,10.577,0.1916764,0.7497466,-0.007343136,-0.1137222,0.5434707,-0.7769774,-0.2966696,
1,4,10.579,0.1846291,0.7479259,-0.023201,-0.1091909,0.5443506,-0.7775233,-0.2953257,
1,4,10.581,0.1846291,0.7479259,-0.023201,-0.1091909,0.5443506,-0.7775233,-0.2953257,
1,4,10.583,0.1846291,0.7479259,-0.023201,-0.1091909,0.5443506,-0.7775233,-0.2953257,
1,4,10.585,0.1846291,0.7479259,-0.023201,-0.1091909,0.5443506,-0.7775233,-0.2953257,
1,4,10.587,0.1803451,0.7461498,-0.03232033,-0.1056531,0.5451834,-0.7777221,-0.2945518,
1,4,10.589,0.1803451,0.7461498,-0.03232033,-0.1056531,0.5451834,-0.7777221,-0.2945518,
1,4,10.591,0.1803451,0.7461498,-0.03232033,-0.1056531,0.5451834,-0.7777221,-0.2945518,
1,4,10.593,0.1803451,0.7461498,-0.03232033,-0.1056531,0.5451834,-0.7777221,-0.2945518,
1,4,10.595,0.1737762,0.7418941,-0.04717451,-0.1031351,0.5452742,-0.778978,-0.2919459,
1,4,10.597,0.1737762,0.7418941,-0.04717451,-0.1031351,0.5452742,-0.778978,-0.2919459,
1,4,10.599,0.1737762,0.7418941,-0.04717451,-0.1031351,0.5452742,-0.778978,-0.2919459,
1,4,10.601,0.1737762,0.7418941,-0.04717451,-0.1031351,0.5452742,-0.778978,-0.2919459,
1,4,10.603,0.1667567,0.7359115,-0.06361059,-0.1005714,0.5456589,-0.7804215,-0.2882433,
1,4,10.605,0.1667567,0.7359115,-0.06361059,-0.1005714,0.5456589,-0.7804215,-0.2882433,
1,4,10.607,0.1667567,0.7359115,-0.06361059,-0.1005714,0.5456589,-0.7804215,-0.2882433,
1,4,10.609,0.1667567,0.7359115,-0.06361059,-0.1005714,0.5456589,-0.7804215,-0.2882433,
1,4,10.611,0.1624669,0.7317917,-0.07371974,-0.09997625,0.5456759,-0.781316,-0.2859859,
1,4,10.613,0.1624669,0.7317917,-0.07371974,-0.09997625,0.5456759,-0.781316,-0.2859859,
1,4,10.615,0.1624669,0.7317917,-0.07371974,-0.09997625,0.5456759,-0.781316,-0.2859859,
1,4,10.617,0.1624669,0.7317917,-0.07371974,-0.09997625,0.5456759,-0.781316,-0.2859859,
1,4,10.619,0.1560367,0.7236156,-0.0890431,-0.09994706,0.5448189,-0.7837272,-0.2809888,
1,4,10.621,0.1560367,0.7236156,-0.0890431,-0.09994706,0.5448189,-0.7837272,-0.2809888,
1,4,10.623,0.1560367,0.7236156,-0.0890431,-0.09994706,0.5448189,-0.7837272,-0.2809888,
1,4,10.625,0.1560367,0.7236156,-0.0890431,-0.09994706,0.5448189,-0.7837272,-0.2809888,
1,4,10.627,0.1560367,0.7236156,-0.0890431,-0.09994706,0.5448189,-0.7837272,-0.2809888,
1,4,10.629,0.1489412,0.7133821,-0.1060659,-0.0993122,0.5440382,-0.7864368,-0.2750941,
1,4,10.631,0.1489412,0.7133821,-0.1060659,-0.0993122,0.5440382,-0.7864368,-0.2750941,
1,4,10.633,0.1489412,0.7133821,-0.1060659,-0.0993122,0.5440382,-0.7864368,-0.2750941,
1,4,10.635,0.1489412,0.7133821,-0.1060659,-0.0993122,0.5440382,-0.7864368,-0.2750941,
1,4,10.637,0.1420923,0.7015781,-0.1234968,-0.09948417,0.5422056,-0.7897866,-0.2689855,
1,4,10.639,0.1420923,0.7015781,-0.1234968,-0.09948417,0.5422056,-0.7897866,-0.2689855,
1,4,10.641,0.1420923,0.7015781,-0.1234968,-0.09948417,0.5422056,-0.7897866,-0.2689855,
1,4,10.643,0.1420923,0.7015781,-0.1234968,-0.09948417,0.5422056,-0.7897866,-0.2689855,
1,4,10.645,0.1353497,0.6884657,-0.1410938,-0.09954154,0.5398639,-0.793521,-0.2626075,
1,4,10.647,0.1353497,0.6884657,-0.1410938,-0.09954154,0.5398639,-0.793521,-0.2626075,
1,4,10.649,0.1353497,0.6884657,-0.1410938,-0.09954154,0.5398639,-0.793521,-0.2626075,
1,4,10.651,0.1353497,0.6884657,-0.1410938,-0.09954154,0.5398639,-0.793521,-0.2626075,
1,4,10.653,0.1291578,0.6746405,-0.1582136,-0.09979198,0.537029,-0.7975034,-0.2561831,
1,4,10.655,0.1291578,0.6746405,-0.1582136,-0.09979198,0.537029,-0.7975034,-0.2561831,
1,4,10.657,0.1291578,0.6746405,-0.1582136,-0.09979198,0.537029,-0.7975034,-0.2561831,
1,4,10.659,0.1291578,0.6746405,-0.1582136,-0.09979198,0.537029,-0.7975034,-0.2561831,
1,4,10.661,0.123244,0.6598923,-0.1751141,-0.09990631,0.5333136,-0.8019832,-0.2498365,
1,4,10.663,0.123244,0.6598923,-0.1751141,-0.09990631,0.5333136,-0.8019832,-0.2498365,
1,4,10.665,0.123244,0.6598923,-0.1751141,-0.09990631,0.5333136,-0.8019832,-0.2498365,
1,4,10.667,0.123244,0.6598923,-0.1751141,-0.09990631,0.5333136,-0.8019832,-0.2498365,
1,4,10.669,0.1152311,0.6367072,-0.1996778,-0.09949077,0.5266527,-0.8092297,-0.2405947,
1,4,10.671,0.1152311,0.6367072,-0.1996778,-0.09949077,0.5266527,-0.8092297,-0.2405947,
1,4,10.673,0.1152311,0.6367072,-0.1996778,-0.09949077,0.5266527,-0.8092297,-0.2405947,
1,4,10.675,0.1152311,0.6367072,-0.1996778,-0.09949077,0.5266527,-0.8092297,-0.2405947,
1,4,10.677,0.1152311,0.6367072,-0.1996778,-0.09949077,0.5266527,-0.8092297,-0.2405947,
1,4,10.679,0.1103567,0.6198071,-0.2162633,-0.09879396,0.5211378,-0.8146791,-0.234421,
1,4,10.681,0.1103567,0.6198071,-0.2162633,-0.09879396,0.5211378,-0.8146791,-0.234421,
1,4,10.683,0.1103567,0.6198071,-0.2162633,-0.09879396,0.5211378,-0.8146791,-0.234421,
1,4,10.685,0.1103567,0.6198071,-0.2162633,-0.09879396,0.5211378,-0.8146791,-0.234421,
1,4,10.687,0.1062026,0.6039019,-0.2307244,-0.097879,0.5151827,-0.8201239,-0.228918,
1,4,10.689,0.1062026,0.6039019,-0.2307244,-0.097879,0.5151827,-0.8201239,-0.228918,
1,4,10.691,0.1062026,0.6039019,-0.2307244,-0.097879,0.5151827,-0.8201239,-0.228918,
1,4,10.693,0.1062026,0.6039019,-0.2307244,-0.097879,0.5151827,-0.8201239,-0.228918,
1,4,10.695,0.1024813,0.5871105,-0.245557,-0.09638131,0.5086988,-0.8258886,-0.2232583,
1,4,10.697,0.1024813,0.5871105,-0.245557,-0.09638131,0.5086988,-0.8258886,-0.2232583,
1,4,10.699,0.1024813,0.5871105,-0.245557,-0.09638131,0.5086988,-0.8258886,-0.2232583,
1,4,10.701,0.1024813,0.5871105,-0.245557,-0.09638131,0.5086988,-0.8258886,-0.2232583,
1,4,10.703,0.1004737,0.5774091,-0.2543373,-0.09543996,0.5048917,-0.8292096,-0.2199705,
1,4,10.705,0.1004737,0.5774091,-0.2543373,-0.09543996,0.5048917,-0.8292096,-0.2199705,
1,4,10.707,0.1004737,0.5774091,-0.2543373,-0.09543996,0.5048917,-0.8292096,-0.2199705,
1,4,10.709,0.1004737,0.5774091,-0.2543373,-0.09543996,0.5048917,-0.8292096,-0.2199705,
1,4,10.711,0.09755419,0.5623729,-0.2677159,-0.09395552,0.4986843,-0.8345119,-0.2146537,
1,4,10.713,0.09755419,0.5623729,-0.2677159,-0.09395552,0.4986843,-0.8345119,-0.2146537,
1,4,10.715,0.09755419,0.5623729,-0.2677159,-0.09395552,0.4986843,-0.8345119,-0.2146537,
1,4,10.717,0.09755419,0.5623729,-0.2677159,-0.09395552,0.4986843,-0.8345119,-0.2146537,
1,4,10.719,0.09465715,0.546358,-0.2822566,-0.09154315,0.4921342,-0.8399838,-0.2094066,
1,4,10.721,0.09465715,0.546358,-0.2822566,-0.09154315,0.4921342,-0.8399838,-0.2094066,
1,4,10.723,0.09465715,0.546358,-0.2822566,-0.09154315,0.4921342,-0.8399838,-0.2094066,
1,4,10.725,0.09465715,0.546358,-0.2822566,-0.09154315,0.4921342,-0.8399838,-0.2094066,
1,4,10.727,0.09465715,0.546358,-0.2822566,-0.09154315,0.4921342,-0.8399838,-0.2094066,
1,4,10.729,0.09175904,0.5308126,-0.297112,-0.08865643,0.4859794,-0.8450161,-0.2047237,
1,4,10.731,0.09175904,0.5308126,-0.297112,-0.08865643,0.4859794,-0.8450161,-0.2047237,
1,4,10.733,0.09175904,0.5308126,-0.297112,-0.08865643,0.4859794,-0.8450161,-0.2047237,
1,4,10.735,0.09175904,0.5308126,-0.297112,-0.08865643,0.4859794,-0.8450161,-0.2047237,
1,4,10.737,0.08909427,0.5161384,-0.312128,-0.08556976,0.4806411,-0.8494358,-0.2003016,
1,4,10.739,0.08909427,0.5161384,-0.312128,-0.08556976,0.4806411,-0.8494358,-0.2003016,
1,4,10.741,0.08909427,0.5161384,-0.312128,-0.08556976,0.4806411,-0.8494358,-0.2003016,
1,4,10.743,0.08909427,0.5161384,-0.312128,-0.08556976,0.4806411,-0.8494358,-0.2003016,
1,4,10.745,0.08635899,0.5023488,-0.3268266,-0.08261219,0.4758801,-0.8533012,-0.1964443,
1,4,10.747,0.08635899,0.5023488,-0.3268266,-0.08261219,0.4758801,-0.8533012,-0.1964443,
1,4,10.749,0.08635899,0.5023488,-0.3268266,-0.08261219,0.4758801,-0.8533012,-0.1964443,
1,4,10.751,0.08635899,0.5023488,-0.3268266,-0.08261219,0.4758801,-0.8533012,-0.1964443,
1,4,10.753,0.08374178,0.4890707,-0.3418302,-0.0796361,0.4719425,-0.856627,-0.1926616,
1,4,10.755,0.08374178,0.4890707,-0.3418302,-0.0796361,0.4719425,-0.856627,-0.1926616,
1,4,10.757,0.08374178,0.4890707,-0.3418302,-0.0796361,0.4719425,-0.856627,-0.1926616,
1,4,10.759,0.08374178,0.4890707,-0.3418302,-0.0796361,0.4719425,-0.856627,-0.1926616,
1,4,10.761,0.08128852,0.476212,-0.3571541,-0.07657062,0.4687588,-0.8594873,-0.1889015,
1,4,10.763,0.08128852,0.476212,-0.3571541,-0.07657062,0.4687588,-0.8594873,-0.1889015,
1,4,10.765,0.08128852,0.476212,-0.3571541,-0.07657062,0.4687588,-0.8594873,-0.1889015,
1,4,10.767,0.08128852,0.476212,-0.3571541,-0.07657062,0.4687588,-0.8594873,-0.1889015,
1,4,10.769,0.0799824,0.4692364,-0.3657734,-0.07494137,0.4672199,-0.8609366,-0.1867554,
1,4,10.771,0.0799824,0.4692364,-0.3657734,-0.07494137,0.4672199,-0.8609366,-0.1867554,
1,4,10.773,0.0799824,0.4692364,-0.3657734,-0.07494137,0.4672199,-0.8609366,-0.1867554,
1,4,10.775,0.0799824,0.4692364,-0.3657734,-0.07494137,0.4672199,-0.8609366,-0.1867554,
1,4,10.777,0.0799824,0.4692364,-0.3657734,-0.07494137,0.4672199,-0.8609366,-0.1867554,
1,4,10.779,0.07783896,0.4579912,-0.3803959,-0.07191581,0.4653093,-0.862929,-0.1834907,
1,4,10.781,0.07783896,0.4579912,-0.3803959,-0.07191581,0.4653093,-0.862929,-0.1834907,
1,4,10.783,0.07783896,0.4579912,-0.3803959,-0.07191581,0.4653093,-0.862929,-0.1834907,
1,4,10.785,0.07783896,0.4579912,-0.3803959,-0.07191581,0.4653093,-0.862929,-0.1834907,
1,4,10.787,0.07571183,0.4462296,-0.3961491,-0.06790651,0.4633384,-0.8649764,-0.1803381,
1,4,10.789,0.07571183,0.4462296,-0.3961491,-0.06790651,0.4633384,-0.8649764,-0.1803381,
1,4,10.791,0.07571183,0.4462296,-0.3961491,-0.06790651,0.4633384,-0.8649764,-0.1803381,
1,4,10.793,0.07571183,0.4462296,-0.3961491,-0.06790651,0.4633384,-0.8649764,-0.1803381,
1,4,10.795,0.07337488,0.4352261,-0.4122173,-0.06392132,0.4621063,-0.8664606,-0.177814,
1,4,10.797,0.07337488,0.4352261,-0.4122173,-0.06392132,0.4621063,-0.8664606,-0.177814,
1,4,10.799,0.07337488,0.4352261,-0.4122173,-0.06392132,0.4621063,-0.8664606,-0.177814,
1,4,10.801,0.07337488,0.4352261,-0.4122173,-0.06392132,0.4621063,-0.8664606,-0.177814,
1,4,10.803,0.07078374,0.4244295,-0.428541,-0.05897377,0.4612072,-0.8676126,-0.1762342,
1,4,10.805,0.07078374,0.4244295,-0.428541,-0.05897377,0.4612072,-0.8676126,-0.1762342,
1,4,10.807,0.07078374,0.4244295,-0.428541,-0.05897377,0.4612072,-0.8676126,-0.1762342,
1,4,10.809,0.07078374,0.4244295,-0.428541,-0.05897377,0.4612072,-0.8676126,-0.1762342,
1,4,10.811,0.06799076,0.4144465,-0.4451344,-0.05343515,0.461048,-0.8682498,-0.1752762,
1,4,10.813,0.06799076,0.4144465,-0.4451344,-0.05343515,0.461048,-0.8682498,-0.1752762,
1,4,10.815,0.06799076,0.4144465,-0.4451344,-0.05343515,0.461048,-0.8682498,-0.1752762,
1,4,10.817,0.06799076,0.4144465,-0.4451344,-0.05343515,0.461048,-0.8682498,-0.1752762,
1,4,10.819,0.06475472,0.4051169,-0.4622831,-0.0474451,0.4615777,-0.8683066,-0.1753247,
1,4,10.821,0.06475472,0.4051169,-0.4622831,-0.0474451,0.4615777,-0.8683066,-0.1753247,
1,4,10.823,0.06475472,0.4051169,-0.4622831,-0.0474451,0.4615777,-0.8683066,-0.1753247,
1,4,10.825,0.06475472,0.4051169,-0.4622831,-0.0474451,0.4615777,-0.8683066,-0.1753247,
1,4,10.827,0.06475472,0.4051169,-0.4622831,-0.0474451,0.4615777,-0.8683066,-0.1753247,
1,4,10.829,0.06107064,0.3963921,-0.4798895,-0.04140636,0.4630519,-0.8676491,-0.1762204,
1,4,10.831,0.06107064,0.3963921,-0.4798895,-0.04140636,0.4630519,-0.8676491,-0.1762204,
1,4,10.833,0.06107064,0.3963921,-0.4798895,-0.04140636,0.4630519,-0.8676491,-0.1762204,
1,4,10.835,0.06107064,0.3963921,-0.4798895,-0.04140636,0.4630519,-0.8676491,-0.1762204,
1,4,10.837,0.05880436,0.3915944,-0.4899635,-0.03830817,0.4638796,-0.8672081,-0.1769134,
1,4,10.839,0.05880436,0.3915944,-0.4899635,-0.03830817,0.4638796,-0.8672081,-0.1769134,
1,4,10.841,0.05880436,0.3915944,-0.4899635,-0.03830817,0.4638796,-0.8672081,-0.1769134,
1,4,10.843,0.05880436,0.3915944,-0.4899635,-0.03830817,0.4638796,-0.8672081,-0.1769134,
1,4,10.845,0.05469178,0.3846421,-0.5066971,-0.03397511,0.4666327,-0.8655595,-0.1786238,
1,4,10.847,0.05469178,0.3846421,-0.5066971,-0.03397511,0.4666327,-0.8655595,-0.1786238,
1,4,10.849,0.05469178,0.3846421,-0.5066971,-0.03397511,0.4666327,-0.8655595,-0.1786238,
1,4,10.851,0.05469178,0.3846421,-0.5066971,-0.03397511,0.4666327,-0.8655595,-0.1786238,
1,4,10.853,0.05008809,0.3775886,-0.525063,-0.03056934,0.4705657,-0.8632143,-0.1802623,
1,4,10.855,0.05008809,0.3775886,-0.525063,-0.03056934,0.4705657,-0.8632143,-0.1802623,
1,4,10.857,0.05008809,0.3775886,-0.525063,-0.03056934,0.4705657,-0.8632143,-0.1802623,
1,4,10.859,0.05008809,0.3775886,-0.525063,-0.03056934,0.4705657,-0.8632143,-0.1802623,
1,4,10.861,0.04726028,0.3737475,-0.5359055,-0.02936809,0.4731931,-0.8616639,-0.1810011,
1,4,10.863,0.04726028,0.3737475,-0.5359055,-0.02936809,0.4731931,-0.8616639,-0.1810011,
1,4,10.865,0.04726028,0.3737475,-0.5359055,-0.02936809,0.4731931,-0.8616639,-0.1810011,
1,4,10.867,0.04726028,0.3737475,-0.5359055,-0.02936809,0.4731931,-0.8616639,-0.1810011,
1,4,10.869,0.04251516,0.3683928,-0.5534114,-0.02884205,0.4789904,-0.8582072,-0.1822546,
1,4,10.871,0.04251516,0.3683928,-0.5534114,-0.02884205,0.4789904,-0.8582072,-0.1822546,
1,4,10.873,0.04251516,0.3683928,-0.5534114,-0.02884205,0.4789904,-0.8582072,-0.1822546,
1,4,10.875,0.04251516,0.3683928,-0.5534114,-0.02884205,0.4789904,-0.8582072,-0.1822546,
1,4,10.877,0.04251516,0.3683928,-0.5534114,-0.02884205,0.4789904,-0.8582072,-0.1822546,
1,4,10.879,0.03743026,0.362979,-0.5724403,-0.02951163,0.486147,-0.8539566,-0.1831622,
1,4,10.881,0.03743026,0.362979,-0.5724403,-0.02951163,0.486147,-0.8539566,-0.1831622,
1,4,10.883,0.03743026,0.362979,-0.5724403,-0.02951163,0.486147,-0.8539566,-0.1831622,
1,4,10.885,0.03743026,0.362979,-0.5724403,-0.02951163,0.486147,-0.8539566,-0.1831622,
1,4,10.887,0.03214222,0.3579394,-0.5915775,-0.03143373,0.4937616,-0.8493959,-0.1836792,
1,4,10.889,0.03214222,0.3579394,-0.5915775,-0.03143373,0.4937616,-0.8493959,-0.1836792,
1,4,10.891,0.03214222,0.3579394,-0.5915775,-0.03143373,0.4937616,-0.8493959,-0.1836792,
1,4,10.893,0.03214222,0.3579394,-0.5915775,-0.03143373,0.4937616,-0.8493959,-0.1836792,
1,4,10.895,0.0268694,0.3531001,-0.610725,-0.03470475,0.5023519,-0.84421,-0.1837059,
1,4,10.897,0.0268694,0.3531001,-0.610725,-0.03470475,0.5023519,-0.84421,-0.1837059,
1,4,10.899,0.0268694,0.3531001,-0.610725,-0.03470475,0.5023519,-0.84421,-0.1837059,
1,4,10.901,0.0268694,0.3531001,-0.610725,-0.03470475,0.5023519,-0.84421,-0.1837059,
1,4,10.903,0.02142397,0.3483653,-0.6290695,-0.03783011,0.5110736,-0.8386595,-0.1844528,
1,4,10.905,0.02142397,0.3483653,-0.6290695,-0.03783011,0.5110736,-0.8386595,-0.1844528,
1,4,10.907,0.02142397,0.3483653,-0.6290695,-0.03783011,0.5110736,-0.8386595,-0.1844528,
1,4,10.909,0.02142397,0.3483653,-0.6290695,-0.03783011,0.5110736,-0.8386595,-0.1844528,
1,4,10.911,0.01822878,0.3455381,-0.6398851,-0.03959391,0.5162412,-0.8353262,-0.1848175,
1,4,10.913,0.01822878,0.3455381,-0.6398851,-0.03959391,0.5162412,-0.8353262,-0.1848175,
1,4,10.915,0.01822878,0.3455381,-0.6398851,-0.03959391,0.5162412,-0.8353262,-0.1848175,
1,4,10.917,0.01822878,0.3455381,-0.6398851,-0.03959391,0.5162412,-0.8353262,-0.1848175,
1,4,10.919,0.01329707,0.3410174,-0.6557912,-0.04181886,0.524657,-0.8296394,-0.1862388,
1,4,10.921,0.01329707,0.3410174,-0.6557912,-0.04181886,0.524657,-0.8296394,-0.1862388,
1,4,10.923,0.01329707,0.3410174,-0.6557912,-0.04181886,0.524657,-0.8296394,-0.1862388,
1,4,10.925,0.01329707,0.3410174,-0.6557912,-0.04181886,0.524657,-0.8296394,-0.1862388,
1,4,10.927,0.01329707,0.3410174,-0.6557912,-0.04181886,0.524657,-0.8296394,-0.1862388,
1,4,10.929,0.007987477,0.3354244,-0.6725632,-0.04429834,0.5324612,-0.8240455,-0.1883398,
1,4,10.931,0.007987477,0.3354244,-0.6725632,-0.04429834,0.5324612,-0.8240455,-0.1883398,
1,4,10.933,0.007987477,0.3354244,-0.6725632,-0.04429834,0.5324612,-0.8240455,-0.1883398,
1,4,10.935,0.007987477,0.3354244,-0.6725632,-0.04429834,0.5324612,-0.8240455,-0.1883398,
1,4,10.937,0.002999566,0.3286429,-0.6888626,-0.0464073,0.5399725,-0.8185329,-0.1904729,
1,4,10.939,0.002999566,0.3286429,-0.6888626,-0.0464073,0.5399725,-0.8185329,-0.1904729,
1,4,10.941,0.002999566,0.3286429,-0.6888626,-0.0464073,0.5399725,-0.8185329,-0.1904729,
1,4,10.943,0.002999566,0.3286429,-0.6888626,-0.0464073,0.5399725,-0.8185329,-0.1904729,
1,4,10.945,-0.001678523,0.3208829,-0.70427,-0.04831366,0.5465825,-0.8134491,-0.1929094,
1,4,10.947,-0.001678523,0.3208829,-0.70427,-0.04831366,0.5465825,-0.8134491,-0.1929094,
1,4,10.949,-0.001678523,0.3208829,-0.70427,-0.04831366,0.5465825,-0.8134491,-0.1929094,
1,4,10.951,-0.001678523,0.3208829,-0.70427,-0.04831366,0.5465825,-0.8134491,-0.1929094,
1,4,10.953,-0.00592339,0.3119307,-0.7188879,-0.05080669,0.5527295,-0.8087044,-0.1946943,
1,4,10.955,-0.00592339,0.3119307,-0.7188879,-0.05080669,0.5527295,-0.8087044,-0.1946943,
1,4,10.957,-0.00592339,0.3119307,-0.7188879,-0.05080669,0.5527295,-0.8087044,-0.1946943,
1,4,10.959,-0.00592339,0.3119307,-0.7188879,-0.05080669,0.5527295,-0.8087044,-0.1946943,
1,4,10.961,-0.008196957,0.3062773,-0.7271332,-0.05248274,0.556106,-0.8061501,-0.1952278,
1,4,10.963,-0.008196957,0.3062773,-0.7271332,-0.05248274,0.556106,-0.8061501,-0.1952278,
1,4,10.965,-0.008196957,0.3062773,-0.7271332,-0.05248274,0.556106,-0.8061501,-0.1952278,
1,4,10.967,-0.008196957,0.3062773,-0.7271332,-0.05248274,0.556106,-0.8061501,-0.1952278,
1,4,10.969,-0.01132633,0.2965853,-0.739279,-0.05624649,0.5610494,-0.8025287,-0.1949554,
1,4,10.971,-0.01132633,0.2965853,-0.739279,-0.05624649,0.5610494,-0.8025287,-0.1949554,
1,4,10.973,-0.01132633,0.2965853,-0.739279,-0.05624649,0.5610494,-0.8025287,-0.1949554,
1,4,10.975,-0.01132633,0.2965853,-0.739279,-0.05624649,0.5610494,-0.8025287,-0.1949554,
1,4,10.977,-0.01132633,0.2965853,-0.739279,-0.05624649,0.5610494,-0.8025287,-0.1949554,
1,4,10.979,-0.01449374,0.2853535,-0.7523979,-0.06113537,0.5666491,-0.7985968,-0.1934285,
1,4,10.981,-0.01449374,0.2853535,-0.7523979,-0.06113537,0.5666491,-0.7985968,-0.1934285,
1,4,10.983,-0.01449374,0.2853535,-0.7523979,-0.06113537,0.5666491,-0.7985968,-0.1934285,
1,4,10.985,-0.01449374,0.2853535,-0.7523979,-0.06113537,0.5666491,-0.7985968,-0.1934285,
1,4,10.987,-0.01742989,0.273257,-0.7645371,-0.0662216,0.5722662,-0.7946581,-0.1914282,
1,4,10.989,-0.01742989,0.273257,-0.7645371,-0.0662216,0.5722662,-0.7946581,-0.1914282,
1,4,10.991,-0.01742989,0.273257,-0.7645371,-0.0662216,0.5722662,-0.7946581,-0.1914282,
1,4,10.993,-0.01742989,0.273257,-0.7645371,-0.0662216,0.5722662,-0.7946581,-0.1914282,
1,4,10.995,-0.02007692,0.2612297,-0.7757274,-0.07221349,0.5778562,-0.7907254,-0.1887352,
1,4,10.997,-0.02007692,0.2612297,-0.7757274,-0.07221349,0.5778562,-0.7907254,-0.1887352,
1,4,10.999,-0.02007692,0.2612297,-0.7757274,-0.07221349,0.5778562,-0.7907254,-0.1887352,
1,4,11.001,-0.02007692,0.2612297,-0.7757274,-0.07221349,0.5778562,-0.7907254,-0.1887352,
1,4,11.003,-0.0224581,0.2480804,-0.7865999,-0.07980347,0.5833744,-0.7870158,-0.1841517,
1,4,11.005,-0.0224581,0.2480804,-0.7865999,-0.07980347,0.5833744,-0.7870158,-0.1841517,
1,4,11.007,-0.0224581,0.2480804,-0.7865999,-0.07980347,0.5833744,-0.7870158,-0.1841517,
1,4,11.009,-0.0224581,0.2480804,-0.7865999,-0.07980347,0.5833744,-0.7870158,-0.1841517,
1,4,11.011,-0.02442456,0.2349801,-0.7972038,-0.09033966,0.5892968,-0.7830832,-0.177056,
1,4,11.013,-0.02442456,0.2349801,-0.7972038,-0.09033966,0.5892968,-0.7830832,-0.177056,
1,4,11.015,-0.02442456,0.2349801,-0.7972038,-0.09033966,0.5892968,-0.7830832,-0.177056,
1,4,11.017,-0.02442456,0.2349801,-0.7972038,-0.09033966,0.5892968,-0.7830832,-0.177056,
1,4,11.019,-0.02604095,0.2217689,-0.8072107,-0.1026017,0.5950354,-0.7793207,-0.1675262,
1,4,11.021,-0.02604095,0.2217689,-0.8072107,-0.1026017,0.5950354,-0.7793207,-0.1675262,
1,4,11.023,-0.02604095,0.2217689,-0.8072107,-0.1026017,0.5950354,-0.7793207,-0.1675262,
1,4,11.025,-0.02604095,0.2217689,-0.8072107,-0.1026017,0.5950354,-0.7793207,-0.1675262,
1,4,11.027,-0.02604095,0.2217689,-0.8072107,-0.1026017,0.5950354,-0.7793207,-0.1675262,
1,4,11.029,-0.02777535,0.2086934,-0.816611,-0.1160316,0.6012373,-0.7749584,-0.1564923,
1,4,11.031,-0.02777535,0.2086934,-0.816611,-0.1160316,0.6012373,-0.7749584,-0.1564923,
1,4,11.033,-0.02777535,0.2086934,-0.816611,-0.1160316,0.6012373,-0.7749584,-0.1564923,
1,4,11.035,-0.02777535,0.2086934,-0.816611,-0.1160316,0.6012373,-0.7749584,-0.1564923,
1,4,11.037,-0.02983231,0.1963588,-0.8247716,-0.1293151,0.6072081,-0.7702613,-0.1458537,
1,4,11.039,-0.02983231,0.1963588,-0.8247716,-0.1293151,0.6072081,-0.7702613,-0.1458537,
1,4,11.041,-0.02983231,0.1963588,-0.8247716,-0.1293151,0.6072081,-0.7702613,-0.1458537,
1,4,11.043,-0.02983231,0.1963588,-0.8247716,-0.1293151,0.6072081,-0.7702613,-0.1458537,
1,4,11.045,-0.03254175,0.1845946,-0.8317359,-0.1419618,0.6125907,-0.7654163,-0.1368115,
1,4,11.047,-0.03254175,0.1845946,-0.8317359,-0.1419618,0.6125907,-0.7654163,-0.1368115,
1,4,11.049,-0.03254175,0.1845946,-0.8317359,-0.1419618,0.6125907,-0.7654163,-0.1368115,
1,4,11.051,-0.03254175,0.1845946,-0.8317359,-0.1419618,0.6125907,-0.7654163,-0.1368115,
1,4,11.053,-0.03578404,0.1734343,-0.8376682,-0.1532829,0.6171149,-0.7607662,-0.1300324,
1,4,11.055,-0.03578404,0.1734343,-0.8376682,-0.1532829,0.6171149,-0.7607662,-0.1300324,
1,4,11.057,-0.03578404,0.1734343,-0.8376682,-0.1532829,0.6171149,-0.7607662,-0.1300324,
1,4,11.059,-0.03578404,0.1734343,-0.8376682,-0.1532829,0.6171149,-0.7607662,-0.1300324,
1,4,11.061,-0.03937371,0.162567,-0.8426223,-0.1626048,0.6211549,-0.7563052,-0.1254149,
1,4,11.063,-0.03937371,0.162567,-0.8426223,-0.1626048,0.6211549,-0.7563052,-0.1254149,
1,4,11.065,-0.03937371,0.162567,-0.8426223,-0.1626048,0.6211549,-0.7563052,-0.1254149,
1,4,11.067,-0.03937371,0.162567,-0.8426223,-0.1626048,0.6211549,-0.7563052,-0.1254149,
1,4,11.069,-0.04298981,0.1523549,-0.8467013,-0.1691676,0.6245366,-0.7524227,-0.1232738,
1,4,11.071,-0.04298981,0.1523549,-0.8467013,-0.1691676,0.6245366,-0.7524227,-0.1232738,
1,4,11.073,-0.04298981,0.1523549,-0.8467013,-0.1691676,0.6245366,-0.7524227,-0.1232738,
1,4,11.075,-0.04298981,0.1523549,-0.8467013,-0.1691676,0.6245366,-0.7524227,-0.1232738,
1,4,11.077,-0.04298981,0.1523549,-0.8467013,-0.1691676,0.6245366,-0.7524227,-0.1232738,
1,4,11.079,-0.04651825,0.1432264,-0.850049,-0.1729986,0.6277155,-0.7488945,-0.123295,
1,4,11.081,-0.04651825,0.1432264,-0.850049,-0.1729986,0.6277155,-0.7488945,-0.123295,CourtEnter
1,4,11.083,-0.04651825,0.1432264,-0.850049,-0.1729986,0.6277155,-0.7488945,-0.123295,
1,4,11.085,-0.04651825,0.1432264,-0.850049,-0.1729986,0.6277155,-0.7488945,-0.123295,
1,4,11.087,-0.049725,0.1349671,-0.8530409,-0.1746967,0.6310706,-0.7453989,-0.124946,
1,4,11.089,-0.049725,0.1349671,-0.8530409,-0.1746967,0.6310706,-0.7453989,-0.124946,
1,4,11.091,-0.049725,0.1349671,-0.8530409,-0.1746967,0.6310706,-0.7453989,-0.124946,CourtExit
1,4,11.093,-0.049725,0.1349671,-0.8530409,-0.1746967,0.6310706,-0.7453989,-0.124946,
1,4,11.095,-0.05228884,0.1280193,-0.8556662,-0.1737694,0.6346808,-0.7420382,-0.127921,
1,4,11.097,-0.05228884,0.1280193,-0.8556662,-0.1737694,0.6346808,-0.7420382,-0.127921,
1,4,11.099,-0.05228884,0.1280193,-0.8556662,-0.1737694,0.6346808,-0.7420382,-0.127921,
1,4,11.101,-0.05228884,0.1280193,-0.8556662,-0.1737694,0.6346808,-0.7420382,-0.127921,
1,4,11.103,-0.05398709,0.1220846,-0.8579661,-0.1706323,0.6382811,-0.738986,-0.1318389,
1,4,11.105,-0.05398709,0.1220846,-0.8579661,-0.1706323,0.6382811,-0.738986,-0.1318389,
1,4,11.107,-0.05398709,0.1220846,-0.8579661,-0.1706323,0.6382811,-0.738986,-0.1318389,
1,4,11.109,-0.05398709,0.1220846,-0.8579661,-0.1706323,0.6382811,-0.738986,-0.1318389,
1,4,11.111,-0.05486918,0.1168582,-0.8600607,-0.1660233,0.641863,-0.7361098,-0.1363472,
1,4,11.113,-0.05486918,0.1168582,-0.8600607,-0.1660233,0.641863,-0.7361098,-0.1363472,
1,4,11.115,-0.05486918,0.1168582,-0.8600607,-0.1660233,0.641863,-0.7361098,-0.1363472,
1,4,11.117,-0.05486918,0.1168582,-0.8600607,-0.1660233,0.641863,-0.7361098,-0.1363472,
1,4,11.119,-0.05485911,0.1119308,-0.8619133,-0.159752,0.6451029,-0.7337303,-0.1412849,
1,4,11.121,-0.05485911,0.1119308,-0.8619133,-0.159752,0.6451029,-0.7337303,-0.1412849,
1,4,11.123,-0.05485911,0.1119308,-0.8619133,-0.159752,0.6451029,-0.7337303,-0.1412849,
1,4,11.125,-0.05485911,0.1119308,-0.8619133,-0.159752,0.6451029,-0.7337303,-0.1412849,
1,4,11.127,-0.05485911,0.1119308,-0.8619133,-0.159752,0.6451029,-0.7337303,-0.1412849,
1,4,11.129,-0.05392787,0.1071918,-0.8634728,-0.1525134,0.647879,-0.7317969,-0.1465129,
1,4,11.131,-0.05392787,0.1071918,-0.8634728,-0.1525134,0.647879,-0.7317969,-0.1465129,
1,4,11.133,-0.05392787,0.1071918,-0.8634728,-0.1525134,0.647879,-0.7317969,-0.1465129,
1,4,11.135,-0.05392787,0.1071918,-0.8634728,-0.1525134,0.647879,-0.7317969,-0.1465129,
1,4,11.137,-0.05250579,0.102028,-0.8647803,-0.1450604,0.6500392,-0.7303748,-0.1515233,
1,4,11.139,-0.05250579,0.102028,-0.8647803,-0.1450604,0.6500392,-0.7303748,-0.1515233,
1,4,11.141,-0.05250579,0.102028,-0.8647803,-0.1450604,0.6500392,-0.7303748,-0.1515233,
1,4,11.143,-0.05250579,0.102028,-0.8647803,-0.1450604,0.6500392,-0.7303748,-0.1515233,
1,4,11.145,-0.05050243,0.09635267,-0.8658276,-0.1375148,0.6516749,-0.7294011,-0.156153,
1,4,11.147,-0.05050243,0.09635267,-0.8658276,-0.1375148,0.6516749,-0.7294011,-0.156153,
1,4,11.149,-0.05050243,0.09635267,-0.8658276,-0.1375148,0.6516749,-0.7294011,-0.156153,
1,4,11.151,-0.05050243,0.09635267,-0.8658276,-0.1375148,0.6516749,-0.7294011,-0.156153,
1,4,11.153,-0.04804586,0.09022723,-0.8666623,-0.1309595,0.6530148,-0.728655,-0.1596348,
1,4,11.155,-0.04804586,0.09022723,-0.8666623,-0.1309595,0.6530148,-0.728655,-0.1596348,
1,4,11.157,-0.04804586,0.09022723,-0.8666623,-0.1309595,0.6530148,-0.728655,-0.1596348,
1,4,11.159,-0.04804586,0.09022723,-0.8666623,-0.1309595,0.6530148,-0.728655,-0.1596348,
1,4,11.161,-0.04526017,0.08367497,-0.8672222,-0.1253574,0.6538863,-0.7282653,-0.1623204,
1,4,11.163,-0.04526017,0.08367497,-0.8672222,-0.1253574,0.6538863,-0.7282653,-0.1623204,
1,4,11.165,-0.04526017,0.08367497,-0.8672222,-0.1253574,0.6538863,-0.7282653,-0.1623204,
1,4,11.167,-0.04526017,0.08367497,-0.8672222,-0.1253574,0.6538863,-0.7282653,-0.1623204,
1,4,11.169,-0.04225141,0.07675089,-0.8675308,-0.1211625,0.6544944,-0.7280584,-0.1639744,
1,4,11.171,-0.04225141,0.07675089,-0.8675308,-0.1211625,0.6544944,-0.7280584,-0.1639744,
1,4,11.173,-0.04225141,0.07675089,-0.8675308,-0.1211625,0.6544944,-0.7280584,-0.1639744,
1,4,11.175,-0.04225141,0.07675089,-0.8675308,-0.1211625,0.6544944,-0.7280584,-0.1639744,
1,4,11.177,-0.04225141,0.07675089,-0.8675308,-0.1211625,0.6544944,-0.7280584,-0.1639744,
1,4,11.179,-0.03889227,0.06917202,-0.8675643,-0.1181934,0.6548444,-0.7281809,-0.1642004,
1,4,11.181,-0.03889227,0.06917202,-0.8675643,-0.1181934,0.6548444,-0.7281809,-0.1642004,
1,4,11.183,-0.03889227,0.06917202,-0.8675643,-0.1181934,0.6548444,-0.7281809,-0.1642004,
1,4,11.185,-0.03889227,0.06917202,-0.8675643,-0.1181934,0.6548444,-0.7281809,-0.1642004,
1,4,11.187,-0.03559739,0.06121922,-0.8674241,-0.116616,0.6548308,-0.7285814,-0.1636051,
1,4,11.189,-0.03559739,0.06121922,-0.8674241,-0.116616,0.6548308,-0.7285814,-0.1636051,
1,4,11.191,-0.03559739,0.06121922,-0.8674241,-0.116616,0.6548308,-0.7285814,-0.1636051,
1,4,11.193,-0.03559739,0.06121922,-0.8674241,-0.116616,0.6548308,-0.7285814,-0.1636051,
1,4,11.195,-0.03193766,0.05302911,-0.8671091,-0.1165454,0.6546076,-0.7292389,-0.1616068,
1,4,11.197,-0.03193766,0.05302911,-0.8671091,-0.1165454,0.6546076,-0.7292389,-0.1616068,
1,4,11.199,-0.03193766,0.05302911,-0.8671091,-0.1165454,0.6546076,-0.7292389,-0.1616068,
1,4,11.201,-0.03193766,0.05302911,-0.8671091,-0.1165454,0.6546076,-0.7292389,-0.1616068,
1,4,11.203,-0.02838381,0.045305,-0.8666757,-0.1185962,0.6550269,-0.72932,-0.1580098,
1,4,11.205,-0.02838381,0.045305,-0.8666757,-0.1185962,0.6550269,-0.72932,-0.1580098,
1,4,11.207,-0.02838381,0.045305,-0.8666757,-0.1185962,0.6550269,-0.72932,-0.1580098,
1,4,11.209,-0.02838381,0.045305,-0.8666757,-0.1185962,0.6550269,-0.72932,-0.1580098,
1,4,11.211,-0.02815869,0.04447709,-0.8656581,-0.1321945,0.6594332,-0.7252392,-0.1473108,
1,4,11.213,-0.02815869,0.04447709,-0.8656581,-0.1321945,0.6594332,-0.7252392,-0.1473108,
1,4,11.215,-0.02815869,0.04447709,-0.8656581,-0.1321945,0.6594332,-0.7252392,-0.1473108,
1,4,11.217,-0.02815869,0.04447709,-0.8656581,-0.1321945,0.6594332,-0.7252392,-0.1473108,
1,4,11.219,-0.02861013,0.04452329,-0.864373,-0.1495256,0.6647009,-0.7194821,-0.1347608,
1,4,11.221,-0.02861013,0.04452329,-0.864373,-0.1495256,0.6647009,-0.7194821,-0.1347608,
1,4,11.223,-0.02861013,0.04452329,-0.864373,-0.1495256,0.6647009,-0.7194821,-0.1347608,
1,4,11.225,-0.02861013,0.04452329,-0.864373,-0.1495256,0.6647009,-0.7194821,-0.1347608,
1,4,11.227,-0.02861013,0.04452329,-0.864373,-0.1495256,0.6647009,-0.7194821,-0.1347608,
1,4,11.229,-0.0288227,0.04326355,-0.8633538,-0.1645061,0.6690987,-0.7140584,-0.1239567,
1,4,11.231,-0.0288227,0.04326355,-0.8633538,-0.1645061,0.6690987,-0.7140584,-0.1239567,
1,4,11.233,-0.0288227,0.04326355,-0.8633538,-0.1645061,0.6690987,-0.7140584,-0.1239567,
1,4,11.235,-0.0288227,0.04326355,-0.8633538,-0.1645061,0.6690987,-0.7140584,-0.1239567,
1,4,11.237,-0.02912706,0.04316711,-0.8627514,-0.1748181,0.6727399,-0.7092844,-0.1173688,
1,4,11.239,-0.02912706,0.04316711,-0.8627514,-0.1748181,0.6727399,-0.7092844,-0.1173688,
1,4,11.241,-0.02912706,0.04316711,-0.8627514,-0.1748181,0.6727399,-0.7092844,-0.1173688,
1,4,11.243,-0.02912706,0.04316711,-0.8627514,-0.1748181,0.6727399,-0.7092844,-0.1173688,
1,4,11.245,-0.02934907,0.04368505,-0.8626561,-0.1797237,0.6756402,-0.7056529,-0.1151676,
1,4,11.247,-0.02934907,0.04368505,-0.8626561,-0.1797237,0.6756402,-0.7056529,-0.1151676,
1,4,11.249,-0.02934907,0.04368505,-0.8626561,-0.1797237,0.6756402,-0.7056529,-0.1151676,
1,4,11.251,-0.02934907,0.04368505,-0.8626561,-0.1797237,0.6756402,-0.7056529,-0.1151676,
1,4,11.253,-0.02937605,0.04349041,-0.8627728,-0.178691,0.6772571,-0.7038652,-0.1181787,
1,4,11.255,-0.02937605,0.04349041,-0.8627728,-0.178691,0.6772571,-0.7038652,-0.1181787,
1,4,11.257,-0.02937605,0.04349041,-0.8627728,-0.178691,0.6772571,-0.7038652,-0.1181787,
1,4,11.259,-0.02937605,0.04349041,-0.8627728,-0.178691,0.6772571,-0.7038652,-0.1181787,
1,4,11.261,-0.0292743,0.04321021,-0.8628809,-0.1765644,0.6779059,-0.7032816,-0.1210932,
1,4,11.263,-0.0292743,0.04321021,-0.8628809,-0.1765644,0.6779059,-0.7032816,-0.1210932,
1,4,11.265,-0.0292743,0.04321021,-0.8628809,-0.1765644,0.6779059,-0.7032816,-0.1210932,
1,4,11.267,-0.0292743,0.04321021,-0.8628809,-0.1765644,0.6779059,-0.7032816,-0.1210932,
1,4,11.269,-0.02902084,0.04325727,-0.8630038,-0.170587,0.6790488,-0.7024024,-0.1281558,
1,4,11.271,-0.02902084,0.04325727,-0.8630038,-0.170587,0.6790488,-0.7024024,-0.1281558,
1,4,11.273,-0.02902084,0.04325727,-0.8630038,-0.170587,0.6790488,-0.7024024,-0.1281558,
1,4,11.275,-0.02902084,0.04325727,-0.8630038,-0.170587,0.6790488,-0.7024024,-0.1281558,
1,4,11.277,-0.02902084,0.04325727,-0.8630038,-0.170587,0.6790488,-0.7024024,-0.1281558,
1,4,11.279,-0.02878725,0.04315956,-0.8632706,-0.1639808,0.6807377,-0.7009336,-0.1356419,
1,4,11.281,-0.02878725,0.04315956,-0.8632706,-0.1639808,0.6807377,-0.7009336,-0.1356419,
1,4,11.283,-0.02878725,0.04315956,-0.8632706,-0.1639808,0.6807377,-0.7009336,-0.1356419,
1,4,11.285,-0.02878725,0.04315956,-0.8632706,-0.1639808,0.6807377,-0.7009336,-0.1356419,
1,4,11.287,-0.02869465,0.04316135,-0.8637627,-0.1575006,0.6832753,-0.6984712,-0.1430604,
1,4,11.289,-0.02869465,0.04316135,-0.8637627,-0.1575006,0.6832753,-0.6984712,-0.1430604,
1,4,11.291,-0.02869465,0.04316135,-0.8637627,-0.1575006,0.6832753,-0.6984712,-0.1430604,
1,4,11.293,-0.02869465,0.04316135,-0.8637627,-0.1575006,0.6832753,-0.6984712,-0.1430604,
1,4,11.295,-0.02879758,0.04347009,-0.8645713,-0.1519539,0.6875349,-0.6941181,-0.1496861,
1,4,11.297,-0.02879758,0.04347009,-0.8645713,-0.1519539,0.6875349,-0.6941181,-0.1496861,
1,4,11.299,-0.02879758,0.04347009,-0.8645713,-0.1519539,0.6875349,-0.6941181,-0.1496861,
1,4,11.301,-0.02879758,0.04347009,-0.8645713,-0.1519539,0.6875349,-0.6941181,-0.1496861,
1,4,11.303,-0.02890969,0.04428947,-0.8651893,-0.1507564,0.6944509,-0.6868227,-0.1525948,
1,4,11.305,-0.02890969,0.04428947,-0.8651893,-0.1507564,0.6944509,-0.6868227,-0.1525948,
1,4,11.307,-0.02890969,0.04428947,-0.8651893,-0.1507564,0.6944509,-0.6868227,-0.1525948,
1,4,11.309,-0.02890969,0.04428947,-0.8651893,-0.1507564,0.6944509,-0.6868227,-0.1525948,
1,4,11.311,-0.0291531,0.04332273,-0.865346,-0.1569787,0.7008305,-0.6800781,-0.1472683,
1,4,11.313,-0.0291531,0.04332273,-0.865346,-0.1569787,0.7008305,-0.6800781,-0.1472683,
1,4,11.315,-0.0291531,0.04332273,-0.865346,-0.1569787,0.7008305,-0.6800781,-0.1472683,
1,4,11.317,-0.0291531,0.04332273,-0.865346,-0.1569787,0.7008305,-0.6800781,-0.1472683,
1,4,11.319,-0.02948032,0.04766922,-0.8649226,-0.1598505,0.7013991,-0.6796091,-0.143592,
1,4,11.321,-0.02948032,0.04766922,-0.8649226,-0.1598505,0.7013991,-0.6796091,-0.143592,
1,4,11.323,-0.02948032,0.04766922,-0.8649226,-0.1598505,0.7013991,-0.6796091,-0.143592,
1,4,11.325,-0.02948032,0.04766922,-0.8649226,-0.1598505,0.7013991,-0.6796091,-0.143592,
1,4,11.327,-0.02948032,0.04766922,-0.8649226,-0.1598505,0.7013991,-0.6796091,-0.143592,
1,4,11.329,-0.029762,0.05020283,-0.8644826,-0.1586569,0.7004551,-0.6808581,-0.1436069,
1,4,11.331,-0.029762,0.05020283,-0.8644826,-0.1586569,0.7004551,-0.6808581,-0.1436069,
1,4,11.333,-0.029762,0.05020283,-0.8644826,-0.1586569,0.7004551,-0.6808581,-0.1436069,
1,4,11.335,-0.029762,0.05020283,-0.8644826,-0.1586569,0.7004551,-0.6808581,-0.1436069,
1,4,11.337,-0.02995076,0.05003562,-0.8642293,-0.1566062,0.7001337,-0.6814662,-0.1445381,
1,4,11.339,-0.02995076,0.05003562,-0.8642293,-0.1566062,0.7001337,-0.6814662,-0.1445381,
1,4,11.341,-0.02995076,0.05003562,-0.8642293,-0.1566062,0.7001337,-0.6814662,-0.1445381,
1,4,11.343,-0.02995076,0.05003562,-0.8642293,-0.1566062,0.7001337,-0.6814662,-0.1445381,
1,4,11.345,-0.03012319,0.04663439,-0.8641167,-0.154423,0.6997542,-0.682152,-0.1454863,
1,4,11.347,-0.03012319,0.04663439,-0.8641167,-0.154423,0.6997542,-0.682152,-0.1454863,
1,4,11.349,-0.03012319,0.04663439,-0.8641167,-0.154423,0.6997542,-0.682152,-0.1454863,
1,4,11.351,-0.03012319,0.04663439,-0.8641167,-0.154423,0.6997542,-0.682152,-0.1454863,
1,4,11.353,-0.03024051,0.04347114,-0.864093,-0.1572419,0.701529,-0.6804767,-0.1417167,
1,4,11.355,-0.03024051,0.04347114,-0.864093,-0.1572419,0.701529,-0.6804767,-0.1417167,
1,4,11.357,-0.03024051,0.04347114,-0.864093,-0.1572419,0.701529,-0.6804767,-0.1417167,
1,4,11.359,-0.03024051,0.04347114,-0.864093,-0.1572419,0.701529,-0.6804767,-0.1417167,
1,4,11.361,-0.03018487,0.04374664,-0.864045,-0.1568969,0.7010562,-0.6809953,-0.1419469,
1,4,11.363,-0.03018487,0.04374664,-0.864045,-0.1568969,0.7010562,-0.6809953,-0.1419469,
1,4,11.365,-0.03018487,0.04374664,-0.864045,-0.1568969,0.7010562,-0.6809953,-0.1419469,
1,4,11.367,-0.03018487,0.04374664,-0.864045,-0.1568969,0.7010562,-0.6809953,-0.1419469,
1,4,11.369,-0.02986437,0.04473324,-0.8642678,-0.1535975,0.6990106,-0.6830161,-0.1458802,
1,4,11.371,-0.02986437,0.04473324,-0.8642678,-0.1535975,0.6990106,-0.6830161,-0.1458802,
1,4,11.373,-0.02986437,0.04473324,-0.8642678,-0.1535975,0.6990106,-0.6830161,-0.1458802,
1,4,11.375,-0.02986437,0.04473324,-0.8642678,-0.1535975,0.6990106,-0.6830161,-0.1458802,
1,4,11.377,-0.02986437,0.04473324,-0.8642678,-0.1535975,0.6990106,-0.6830161,-0.1458802,
1,4,11.379,-0.02984323,0.04443133,-0.8642732,-0.1532776,0.6985018,-0.6832933,-0.1473482,
1,4,11.381,-0.02984323,0.04443133,-0.8642732,-0.1532776,0.6985018,-0.6832933,-0.1473482,
1,4,11.383,-0.02984323,0.04443133,-0.8642732,-0.1532776,0.6985018,-0.6832933,-0.1473482,
1,4,11.385,-0.02984323,0.04443133,-0.8642732,-0.1532776,0.6985018,-0.6832933,-0.1473482,
1,4,11.387,-0.03005089,0.04333471,-0.8640666,-0.1568854,0.7002178,-0.6811966,-0.1450974,
1,4,11.389,-0.03005089,0.04333471,-0.8640666,-0.1568854,0.7002178,-0.6811966,-0.1450974,
1,4,11.391,-0.03005089,0.04333471,-0.8640666,-0.1568854,0.7002178,-0.6811966,-0.1450974,
1,4,11.393,-0.03005089,0.04333471,-0.8640666,-0.1568854,0.7002178,-0.6811966,-0.1450974,
1,4,11.395,-0.03013002,0.04362623,-0.8641093,-0.1577457,0.7003235,-0.6810353,-0.1444103,
1,4,11.397,-0.03013002,0.04362623,-0.8641093,-0.1577457,0.7003235,-0.6810353,-0.1444103,
1,4,11.399,-0.03013002,0.04362623,-0.8641093,-0.1577457,0.7003235,-0.6810353,-0.1444103,
1,4,11.401,-0.03013002,0.04362623,-0.8641093,-0.1577457,0.7003235,-0.6810353,-0.1444103,
1,4,11.403,-0.02997835,0.04427684,-0.8642883,-0.1557336,0.6996706,-0.6817429,-0.1464059,
1,4,11.405,-0.02997835,0.04427684,-0.8642883,-0.1557336,0.6996706,-0.6817429,-0.1464059,
1,4,11.407,-0.02997835,0.04427684,-0.8642883,-0.1557336,0.6996706,-0.6817429,-0.1464059,
1,4,11.409,-0.02997835,0.04427684,-0.8642883,-0.1557336,0.6996706,-0.6817429,-0.1464059,
1,4,11.411,-0.0300339,0.0434531,-0.8642597,-0.1571856,0.7003474,-0.6809759,-0.1451831,
1,4,11.413,-0.0300339,0.0434531,-0.8642597,-0.1571856,0.7003474,-0.6809759,-0.1451831,
1,4,11.415,-0.0300339,0.0434531,-0.8642597,-0.1571856,0.7003474,-0.6809759,-0.1451831,
1,4,11.417,-0.0300339,0.0434531,-0.8642597,-0.1571856,0.7003474,-0.6809759,-0.1451831,
1,4,11.419,-0.030127,0.04320898,-0.8642334,-0.1590911,0.7007124,-0.6805634,-0.1432672,
1,4,11.421,-0.030127,0.04320898,-0.8642334,-0.1590911,0.7007124,-0.6805634,-0.1432672,
1,4,11.423,-0.030127,0.04320898,-0.8642334,-0.1590911,0.7007124,-0.6805634,-0.1432672,
1,4,11.425,-0.030127,0.04320898,-0.8642334,-0.1590911,0.7007124,-0.6805634,-0.1432672,
1,4,11.427,-0.030127,0.04320898,-0.8642334,-0.1590911,0.7007124,-0.6805634,-0.1432672,
1,4,11.429,-0.03022685,0.0437543,-0.8641548,-0.1615458,0.7010341,-0.6801784,-0.1407538,
1,4,11.431,-0.03022685,0.0437543,-0.8641548,-0.1615458,0.7010341,-0.6801784,-0.1407538,
1,4,11.433,-0.03022685,0.0437543,-0.8641548,-0.1615458,0.7010341,-0.6801784,-0.1407538,
1,4,11.435,-0.03022685,0.0437543,-0.8641548,-0.1615458,0.7010341,-0.6801784,-0.1407538,
1,4,11.437,-0.03021998,0.04364166,-0.8641414,-0.1615383,0.7010883,-0.6801386,-0.1406836,
1,4,11.439,-0.03021998,0.04364166,-0.8641414,-0.1615383,0.7010883,-0.6801386,-0.1406836,
1,4,11.441,-0.03021998,0.04364166,-0.8641414,-0.1615383,0.7010883,-0.6801386,-0.1406836,
1,4,11.443,-0.03021998,0.04364166,-0.8641414,-0.1615383,0.7010883,-0.6801386,-0.1406836,
1,4,11.445,-0.03010949,0.04325607,-0.8642225,-0.1595078,0.7005613,-0.6807349,-0.1427276,
1,4,11.447,-0.03010949,0.04325607,-0.8642225,-0.1595078,0.7005613,-0.6807349,-0.1427276,
1,4,11.449,-0.03010949,0.04325607,-0.8642225,-0.1595078,0.7005613,-0.6807349,-0.1427276,
1,4,11.451,-0.03010949,0.04325607,-0.8642225,-0.1595078,0.7005613,-0.6807349,-0.1427276,
1,4,11.453,-0.03002185,0.04356847,-0.8642432,-0.1576881,0.7002261,-0.6810962,-0.1446581,
1,4,11.455,-0.03002185,0.04356847,-0.8642432,-0.1576881,0.7002261,-0.6810962,-0.1446581,
1,4,11.457,-0.03002185,0.04356847,-0.8642432,-0.1576881,0.7002261,-0.6810962,-0.1446581,
1,4,11.459,-0.03002185,0.04356847,-0.8642432,-0.1576881,0.7002261,-0.6810962,-0.1446581,
1,4,11.461,-0.0300819,0.04332278,-0.8642153,-0.1583482,0.7003146,-0.6809906,-0.1440039,
1,4,11.463,-0.0300819,0.04332278,-0.8642153,-0.1583482,0.7003146,-0.6809906,-0.1440039,
1,4,11.465,-0.0300819,0.04332278,-0.8642153,-0.1583482,0.7003146,-0.6809906,-0.1440039,
1,4,11.467,-0.0300819,0.04332278,-0.8642153,-0.1583482,0.7003146,-0.6809906,-0.1440039,
1,4,11.469,-0.03013947,0.04333796,-0.8641976,-0.1598425,0.7005978,-0.6806932,-0.1423725,
1,4,11.471,-0.03013947,0.04333796,-0.8641976,-0.1598425,0.7005978,-0.6806932,-0.1423725,
1,4,11.473,-0.03013947,0.04333796,-0.8641976,-0.1598425,0.7005978,-0.6806932,-0.1423725,
1,4,11.475,-0.03013947,0.04333796,-0.8641976,-0.1598425,0.7005978,-0.6806932,-0.1423725,
1,4,11.477,-0.03013947,0.04333796,-0.8641976,-0.1598425,0.7005978,-0.6806932,-0.1423725,
1,4,11.479,-0.03015034,0.04339431,-0.8641753,-0.160439,0.7007263,-0.6805689,-0.141662,
1,4,11.481,-0.03015034,0.04339431,-0.8641753,-0.160439,0.7007263,-0.6805689,-0.141662,
1,4,11.483,-0.03015034,0.04339431,-0.8641753,-0.160439,0.7007263,-0.6805689,-0.141662,
1,4,11.485,-0.03015034,0.04339431,-0.8641753,-0.160439,0.7007263,-0.6805689,-0.141662,
1,4,11.487,-0.03007789,0.04329108,-0.8641959,-0.1595828,0.7005768,-0.6807609,-0.1424431,
1,4,11.489,-0.03007789,0.04329108,-0.8641959,-0.1595828,0.7005768,-0.6807609,-0.1424431,
1,4,11.491,-0.03007789,0.04329108,-0.8641959,-0.1595828,0.7005768,-0.6807609,-0.1424431,
1,4,11.493,-0.03007789,0.04329108,-0.8641959,-0.1595828,0.7005768,-0.6807609,-0.1424431,
1,4,11.495,-0.03002473,0.0433244,-0.8642375,-0.1584344,0.7003517,-0.6809857,-0.1437518,
1,4,11.497,-0.03002473,0.0433244,-0.8642375,-0.1584344,0.7003517,-0.6809857,-0.1437518,
1,4,11.499,-0.03002473,0.0433244,-0.8642375,-0.1584344,0.7003517,-0.6809857,-0.1437518,
1,4,11.501,-0.03002473,0.0433244,-0.8642375,-0.1584344,0.7003517,-0.6809857,-0.1437518,
1,4,11.503,-0.03004366,0.04337957,-0.8642713,-0.1580801,0.7002524,-0.6810331,-0.1444,
1,4,11.505,-0.03004366,0.04337957,-0.8642713,-0.1580801,0.7002524,-0.6810331,-0.1444,
1,4,11.507,-0.03004366,0.04337957,-0.8642713,-0.1580801,0.7002524,-0.6810331,-0.1444,
1,4,11.509,-0.03004366,0.04337957,-0.8642713,-0.1580801,0.7002524,-0.6810331,-0.1444,
1,4,11.511,-0.03004104,0.04328619,-0.8642603,-0.1582716,0.7002593,-0.6810231,-0.1442038,
1,4,11.513,-0.03004104,0.04328619,-0.8642603,-0.1582716,0.7002593,-0.6810231,-0.1442038,
1,4,11.515,-0.03004104,0.04328619,-0.8642603,-0.1582716,0.7002593,-0.6810231,-0.1442038,
1,4,11.517,-0.03004104,0.04328619,-0.8642603,-0.1582716,0.7002593,-0.6810231,-0.1442038,
1,4,11.519,-0.03010411,0.04327815,-0.8642395,-0.159075,0.7003993,-0.6808558,-0.143427,
1,4,11.521,-0.03010411,0.04327815,-0.8642395,-0.159075,0.7003993,-0.6808558,-0.143427,
1,4,11.523,-0.03010411,0.04327815,-0.8642395,-0.159075,0.7003993,-0.6808558,-0.143427,
1,4,11.525,-0.03010411,0.04327815,-0.8642395,-0.159075,0.7003993,-0.6808558,-0.143427,
1,4,11.527,-0.03010411,0.04327815,-0.8642395,-0.159075,0.7003993,-0.6808558,-0.143427,
1,4,11.529,-0.03014182,0.04329464,-0.864226,-0.1599794,0.7005929,-0.6806408,-0.1424931,
1,4,11.531,-0.03014182,0.04329464,-0.864226,-0.1599794,0.7005929,-0.6806408,-0.1424931,
1,4,11.533,-0.03014182,0.04329464,-0.864226,-0.1599794,0.7005929,-0.6806408,-0.1424931,
1,4,11.535,-0.03014182,0.04329464,-0.864226,-0.1599794,0.7005929,-0.6806408,-0.1424931,
1,4,11.537,-0.03016043,0.04331091,-0.8642275,-0.1600588,0.7005934,-0.6806365,-0.1424224,
1,4,11.539,-0.03016043,0.04331091,-0.8642275,-0.1600588,0.7005934,-0.6806365,-0.1424224,
1,4,11.541,-0.03016043,0.04331091,-0.8642275,-0.1600588,0.7005934,-0.6806365,-0.1424224,
1,4,11.543,-0.03016043,0.04331091,-0.8642275,-0.1600588,0.7005934,-0.6806365,-0.1424224,
1,4,11.545,-0.03009855,0.04325189,-0.8642392,-0.1597028,0.7005367,-0.6807012,-0.1427908,
1,4,11.547,-0.03009855,0.04325189,-0.8642392,-0.1597028,0.7005367,-0.6807012,-0.1427908,
1,4,11.549,-0.03009855,0.04325189,-0.8642392,-0.1597028,0.7005367,-0.6807012,-0.1427908,
1,4,11.551,-0.03009855,0.04325189,-0.8642392,-0.1597028,0.7005367,-0.6807012,-0.1427908,
1,4,11.553,-0.03012037,0.0433024,-0.864269,-0.1591981,0.7004617,-0.6807758,-0.1433654,
1,4,11.555,-0.03012037,0.0433024,-0.864269,-0.1591981,0.7004617,-0.6807758,-0.1433654,
1,4,11.557,-0.03012037,0.0433024,-0.864269,-0.1591981,0.7004617,-0.6807758,-0.1433654,
1,4,11.559,-0.03012037,0.0433024,-0.864269,-0.1591981,0.7004617,-0.6807758,-0.1433654,
1,4,11.561,-0.03010896,0.04330914,-0.8642846,-0.1588262,0.7004243,-0.6808079,-0.1438082,
1,4,11.563,-0.03010896,0.04330914,-0.8642846,-0.1588262,0.7004243,-0.6808079,-0.1438082,
1,4,11.565,-0.03010896,0.04330914,-0.8642846,-0.1588262,0.7004243,-0.6808079,-0.1438082,
1,4,11.567,-0.03010896,0.04330914,-0.8642846,-0.1588262,0.7004243,-0.6808079,-0.1438082,
1,4,11.569,-0.03006823,0.04330205,-0.8642873,-0.1586316,0.7003707,-0.6808708,-0.1439856,
1,4,11.571,-0.03006823,0.04330205,-0.8642873,-0.1586316,0.7003707,-0.6808708,-0.1439856,
1,4,11.573,-0.03006823,0.04330205,-0.8642873,-0.1586316,0.7003707,-0.6808708,-0.1439856,
1,4,11.575,-0.03006823,0.04330205,-0.8642873,-0.1586316,0.7003707,-0.6808708,-0.1439856,
1,4,11.577,-0.03006823,0.04330205,-0.8642873,-0.1586316,0.7003707,-0.6808708,-0.1439856,
1,4,11.579,-0.03007552,0.04332168,-0.8642915,-0.1586664,0.7003853,-0.6808524,-0.1439638,
1,4,11.581,-0.03007552,0.04332168,-0.8642915,-0.1586664,0.7003853,-0.6808524,-0.1439638,
1,4,11.583,-0.03007552,0.04332168,-0.8642915,-0.1586664,0.7003853,-0.6808524,-0.1439638,
1,4,11.585,-0.03007552,0.04332168,-0.8642915,-0.1586664,0.7003853,-0.6808524,-0.1439638,
1,4,11.587,-0.03010033,0.04332545,-0.8642834,-0.1588757,0.7004453,-0.6807808,-0.1437791,
1,4,11.589,-0.03010033,0.04332545,-0.8642834,-0.1588757,0.7004453,-0.6807808,-0.1437791,
1,4,11.591,-0.03010033,0.04332545,-0.8642834,-0.1588757,0.7004453,-0.6807808,-0.1437791,
1,4,11.593,-0.03010033,0.04332545,-0.8642834,-0.1588757,0.7004453,-0.6807808,-0.1437791,
1,4,11.595,-0.03014046,0.04333333,-0.8642703,-0.1592365,0.7005199,-0.6806921,-0.1434361,
1,4,11.597,-0.03014046,0.04333333,-0.8642703,-0.1592365,0.7005199,-0.6806921,-0.1434361,
1,4,11.599,-0.03014046,0.04333333,-0.8642703,-0.1592365,0.7005199,-0.6806921,-0.1434361,
1,4,11.601,-0.03014046,0.04333333,-0.8642703,-0.1592365,0.7005199,-0.6806921,-0.1434361,
1,4,11.603,-0.03014737,0.04331084,-0.8642654,-0.1597075,0.7005795,-0.6806189,-0.1429683,
1,4,11.605,-0.03014737,0.04331084,-0.8642654,-0.1597075,0.7005795,-0.6806189,-0.1429683,
1,4,11.607,-0.03014737,0.04331084,-0.8642654,-0.1597075,0.7005795,-0.6806189,-0.1429683,
1,4,11.609,-0.03014737,0.04331084,-0.8642654,-0.1597075,0.7005795,-0.6806189,-0.1429683,
1,4,11.611,-0.03013437,0.04329142,-0.8642381,-0.1600591,0.7006123,-0.680572,-0.142637,
1,4,11.613,-0.03013437,0.04329142,-0.8642381,-0.1600591,0.7006123,-0.680572,-0.142637,
1,4,11.615,-0.03013437,0.04329142,-0.8642381,-0.1600591,0.7006123,-0.680572,-0.142637,
1,4,11.617,-0.03013437,0.04329142,-0.8642381,-0.1600591,0.7006123,-0.680572,-0.142637,
1,4,11.619,-0.03013939,0.04327228,-0.8642509,-0.1600483,0.7006038,-0.6805829,-0.1426382,
1,4,11.621,-0.03013939,0.04327228,-0.8642509,-0.1600483,0.7006038,-0.6805829,-0.1426382,
1,4,11.623,-0.03013939,0.04327228,-0.8642509,-0.1600483,0.7006038,-0.6805829,-0.1426382,
1,4,11.625,-0.03013939,0.04327228,-0.8642509,-0.1600483,0.7006038,-0.6805829,-0.1426382,
1,4,11.627,-0.03013939,0.04327228,-0.8642509,-0.1600483,0.7006038,-0.6805829,-0.1426382,
1,4,11.629,-0.03013359,0.04327143,-0.8642557,-0.1598451,0.7005363,-0.6806474,-0.1428904,
1,4,11.631,-0.03013359,0.04327143,-0.8642557,-0.1598451,0.7005363,-0.6806474,-0.1428904,
1,4,11.633,-0.03013359,0.04327143,-0.8642557,-0.1598451,0.7005363,-0.6806474,-0.1428904,
1,4,11.635,-0.03013359,0.04327143,-0.8642557,-0.1598451,0.7005363,-0.6806474,-0.1428904,
1,4,11.637,-0.03011446,0.043288,-0.8642588,-0.1596107,0.7005442,-0.680648,-0.1431105,
1,4,11.639,-0.03011446,0.043288,-0.8642588,-0.1596107,0.7005442,-0.680648,-0.1431105,
1,4,11.641,-0.03011446,0.043288,-0.8642588,-0.1596107,0.7005442,-0.680648,-0.1431105,
1,4,11.643,-0.03011446,0.043288,-0.8642588,-0.1596107,0.7005442,-0.680648,-0.1431105,
1,4,11.645,-0.03015058,0.04330577,-0.8642645,-0.1594191,0.7005237,-0.6806678,-0.1433298,
1,4,11.647,-0.03015058,0.04330577,-0.8642645,-0.1594191,0.7005237,-0.6806678,-0.1433298,
1,4,11.649,-0.03015058,0.04330577,-0.8642645,-0.1594191,0.7005237,-0.6806678,-0.1433298,
1,4,11.651,-0.03015058,0.04330577,-0.8642645,-0.1594191,0.7005237,-0.6806678,-0.1433298,
1,4,11.653,-0.03015044,0.04330931,-0.8642677,-0.1592869,0.7005289,-0.6806707,-0.1434385,
1,4,11.655,-0.03015044,0.04330931,-0.8642677,-0.1592869,0.7005289,-0.6806707,-0.1434385,
1,4,11.657,-0.03015044,0.04330931,-0.8642677,-0.1592869,0.7005289,-0.6806707,-0.1434385,
1,4,11.659,-0.03015044,0.04330931,-0.8642677,-0.1592869,0.7005289,-0.6806707,-0.1434385,
1,4,11.661,-0.03007981,0.04326482,-0.8642697,-0.1593804,0.7005042,-0.6807019,-0.1433065,
1,4,11.663,-0.03007981,0.04326482,-0.8642697,-0.1593804,0.7005042,-0.6807019,-0.1433065,
1,4,11.665,-0.03007981,0.04326482,-0.8642697,-0.1593804,0.7005042,-0.6807019,-0.1433065,
1,4,11.667,-0.03007981,0.04326482,-0.8642697,-0.1593804,0.7005042,-0.6807019,-0.1433065,
1,4,11.669,-0.03012443,0.04329938,-0.8642656,-0.1594249,0.7005241,-0.6806759,-0.143283,
1,4,11.671,-0.03012443,0.04329938,-0.8642656,-0.1594249,0.7005241,-0.6806759,-0.143283,
1,4,11.673,-0.03012443,0.04329938,-0.8642656,-0.1594249,0.7005241,-0.6806759,-0.143283,
1,4,11.675,-0.03012443,0.04329938,-0.8642656,-0.1594249,0.7005241,-0.6806759,-0.143283,
1,4,11.677,-0.03012443,0.04329938,-0.8642656,-0.1594249,0.7005241,-0.6806759,-0.143283,
1,4,11.679,-0.03013723,0.04327714,-0.8642642,-0.159613,0.7005526,-0.6806442,-0.1430851,
1,4,11.681,-0.03013723,0.04327714,-0.8642642,-0.159613,0.7005526,-0.6806442,-0.1430851,
1,4,11.683,-0.03013723,0.04327714,-0.8642642,-0.159613,0.7005526,-0.6806442,-0.1430851,
1,4,11.685,-0.03013723,0.04327714,-0.8642642,-0.159613,0.7005526,-0.6806442,-0.1430851,
1,4,11.687,-0.03010515,0.04327131,-0.8642543,-0.1598551,0.7006105,-0.680584,-0.1428176,
1,4,11.689,-0.03010515,0.04327131,-0.8642543,-0.1598551,0.7006105,-0.680584,-0.1428176,
1,4,11.691,-0.03010515,0.04327131,-0.8642543,-0.1598551,0.7006105,-0.680584,-0.1428176,
1,4,11.693,-0.03010515,0.04327131,-0.8642543,-0.1598551,0.7006105,-0.680584,-0.1428176,
1,4,11.695,-0.03009905,0.04325929,-0.8642624,-0.1598587,0.7005976,-0.6805999,-0.1428004,
1,4,11.697,-0.03009905,0.04325929,-0.8642624,-0.1598587,0.7005976,-0.6805999,-0.1428004,
1,4,11.699,-0.03009905,0.04325929,-0.8642624,-0.1598587,0.7005976,-0.6805999,-0.1428004,
1,4,11.701,-0.03009905,0.04325929,-0.8642624,-0.1598587,0.7005976,-0.6805999,-0.1428004,
1,4,11.703,-0.03009335,0.04326935,-0.8642621,-0.159706,0.7005692,-0.6806349,-0.1429449,
1,4,11.705,-0.03009335,0.04326935,-0.8642621,-0.159706,0.7005692,-0.6806349,-0.1429449,
1,4,11.707,-0.03009335,0.04326935,-0.8642621,-0.159706,0.7005692,-0.6806349,-0.1429449,
1,4,11.709,-0.03009335,0.04326935,-0.8642621,-0.159706,0.7005692,-0.6806349,-0.1429449,
1,4,11.711,-0.03009864,0.04328578,-0.8642501,-0.159542,0.7005373,-0.6806701,-0.143115,
1,4,11.713,-0.03009864,0.04328578,-0.8642501,-0.159542,0.7005373,-0.6806701,-0.143115,
1,4,11.715,-0.03009864,0.04328578,-0.8642501,-0.159542,0.7005373,-0.6806701,-0.143115,
1,4,11.717,-0.03009864,0.04328578,-0.8642501,-0.159542,0.7005373,-0.6806701,-0.143115,
1,4,11.719,-0.03005143,0.04324925,-0.8642564,-0.1595294,0.7005219,-0.6806921,-0.1431005,
1,4,11.721,-0.03005143,0.04324925,-0.8642564,-0.1595294,0.7005219,-0.6806921,-0.1431005,
1,4,11.723,-0.03005143,0.04324925,-0.8642564,-0.1595294,0.7005219,-0.6806921,-0.1431005,
1,4,11.725,-0.03005143,0.04324925,-0.8642564,-0.1595294,0.7005219,-0.6806921,-0.1431005,
1,4,11.727,-0.03005143,0.04324925,-0.8642564,-0.1595294,0.7005219,-0.6806921,-0.1431005,
1,4,11.729,-0.0300683,0.04325544,-0.8642558,-0.1595981,0.70054,-0.6806672,-0.1430538,
1,4,11.731,-0.0300683,0.04325544,-0.8642558,-0.1595981,0.70054,-0.6806672,-0.1430538,
1,4,11.733,-0.0300683,0.04325544,-0.8642558,-0.1595981,0.70054,-0.6806672,-0.1430538,
1,4,11.735,-0.0300683,0.04325544,-0.8642558,-0.1595981,0.70054,-0.6806672,-0.1430538,
1,4,11.737,-0.03007304,0.0432543,-0.8642443,-0.1596308,0.7005485,-0.6806595,-0.1430121,
1,4,11.739,-0.03007304,0.0432543,-0.8642443,-0.1596308,0.7005485,-0.6806595,-0.1430121,
1,4,11.741,-0.03007304,0.0432543,-0.8642443,-0.1596308,0.7005485,-0.6806595,-0.1430121,
1,4,11.743,-0.03007304,0.0432543,-0.8642443,-0.1596308,0.7005485,-0.6806595,-0.1430121,
1,4,11.745,-0.03011622,0.04328451,-0.8642451,-0.1596413,0.7005602,-0.6806462,-0.1430063,
1,4,11.747,-0.03011622,0.04328451,-0.8642451,-0.1596413,0.7005602,-0.6806462,-0.1430063,
1,4,11.749,-0.03011622,0.04328451,-0.8642451,-0.1596413,0.7005602,-0.6806462,-0.1430063,
1,4,11.751,-0.03011622,0.04328451,-0.8642451,-0.1596413,0.7005602,-0.6806462,-0.1430063,
1,4,11.753,-0.03010002,0.04327768,-0.8642476,-0.1597299,0.7005872,-0.6806248,-0.1428775,
1,4,11.755,-0.03010002,0.04327768,-0.8642476,-0.1597299,0.7005872,-0.6806248,-0.1428775,CourtEnter
1,4,11.757,-0.03010002,0.04327768,-0.8642476,-0.1597299,0.7005872,-0.6806248,-0.1428775,
1,4,11.759,-0.03010002,0.04327768,-0.8642476,-0.1597299,0.7005872,-0.6806248,-0.1428775,
1,4,11.761,-0.03008508,0.04326407,-0.8642451,-0.1597599,0.700581,-0.6806375,-0.142814,
1,4,11.763,-0.03008508,0.04326407,-0.8642451,-0.1597599,0.700581,-0.6806375,-0.142814,
1,4,11.765,-0.03008508,0.04326407,-0.8642451,-0.1597599,0.700581,-0.6806375,-0.142814,
1,4,11.767,-0.03008508,0.04326407,-0.8642451,-0.1597599,0.700581,-0.6806375,-0.142814,CourtExit
1,4,11.769,-0.03011304,0.04328442,-0.8642374,-0.1597035,0.7005954,-0.6806303,-0.1428407,
1,4,11.771,-0.03011304,0.04328442,-0.8642374,-0.1597035,0.7005954,-0.6806303,-0.1428407,
1,4,11.773,-0.03011304,0.04328442,-0.8642374,-0.1597035,0.7005954,-0.6806303,-0.1428407,
1,4,11.775,-0.03011304,0.04328442,-0.8642374,-0.1597035,0.7005954,-0.6806303,-0.1428407,
1,4,11.777,-0.03011304,0.04328442,-0.8642374,-0.1597035,0.7005954,-0.6806303,-0.1428407,
1,4,11.779,-0.03011949,0.04329085,-0.8642585,-0.1596839,0.7005962,-0.6806124,-0.1429437,
1,4,11.781,-0.03011949,0.04329085,-0.8642585,-0.1596839,0.7005962,-0.6806124,-0.1429437,
1,4,11.783,-0.03011949,0.04329085,-0.8642585,-0.1596839,0.7005962,-0.6806124,-0.1429437,
1,4,11.785,-0.03011949,0.04329085,-0.8642585,-0.1596839,0.7005962,-0.6806124,-0.1429437,
1,4,11.787,-0.03008868,0.0432799,-0.8642339,-0.159668,0.7005461,-0.6806617,-0.1429714,
1,4,11.789,-0.03008868,0.0432799,-0.8642339,-0.159668,0.7005461,-0.6806617,-0.1429714,
1,4,11.791,-0.03008868,0.0432799,-0.8642339,-0.159668,0.7005461,-0.6806617,-0.1429714,
1,4,11.793,-0.03008868,0.0432799,-0.8642339,-0.159668,0.7005461,-0.6806617,-0.1429714,
1,4,11.795,-0.03006878,0.04325668,-0.8642367,-0.1596768,0.7005556,-0.6806498,-0.1429718,
1,4,11.797,-0.03006878,0.04325668,-0.8642367,-0.1596768,0.7005556,-0.6806498,-0.1429718,
1,4,11.799,-0.03006878,0.04325668,-0.8642367,-0.1596768,0.7005556,-0.6806498,-0.1429718,
1,4,11.801,-0.03006878,0.04325668,-0.8642367,-0.1596768,0.7005556,-0.6806498,-0.1429718,
1,4,11.803,-0.03007841,0.04325558,-0.8642423,-0.1596819,0.7005672,-0.6806445,-0.1429344,
1,4,11.805,-0.03007841,0.04325558,-0.8642423,-0.1596819,0.7005672,-0.6806445,-0.1429344,
1,4,11.807,-0.03007841,0.04325558,-0.8642423,-0.1596819,0.7005672,-0.6806445,-0.1429344,
1,4,11.809,-0.03007841,0.04325558,-0.8642423,-0.1596819,0.7005672,-0.6806445,-0.1429344,
1,4,11.811,-0.0301033,0.04328841,-0.8642417,-0.1596615,0.7005942,-0.6806276,-0.1429059,
1,4,11.813,-0.0301033,0.04328841,-0.8642417,-0.1596615,0.7005942,-0.6806276,-0.1429059,
1,4,11.815,-0.0301033,0.04328841,-0.8642417,-0.1596615,0.7005942,-0.6806276,-0.1429059,
1,4,11.817,-0.0301033,0.04328841,-0.8642417,-0.1596615,0.7005942,-0.6806276,-0.1429059,
1,4,11.819,-0.03013074,0.04330476,-0.8642415,-0.1596543,0.7006083,-0.6806144,-0.142908,
1,4,11.821,-0.03013074,0.04330476,-0.8642415,-0.1596543,0.7006083,-0.6806144,-0.142908,
1,4,11.823,-0.03013074,0.04330476,-0.8642415,-0.1596543,0.7006083,-0.6806144,-0.142908,
1,4,11.825,-0.03013074,0.04330476,-0.8642415,-0.1596543,0.7006083,-0.6806144,-0.142908,
1,4,11.827,-0.03013074,0.04330476,-0.8642415,-0.1596543,0.7006083,-0.6806144,-0.142908,
1,4,11.829,-0.03008857,0.04326815,-0.8642105,-0.1596786,0.7006056,-0.6806309,-0.1428147,
1,4,11.831,-0.03008857,0.04326815,-0.8642105,-0.1596786,0.7006056,-0.6806309,-0.1428147,
1,4,11.833,-0.03008857,0.04326815,-0.8642105,-0.1596786,0.7006056,-0.6806309,-0.1428147,
1,4,11.835,-0.03008857,0.04326815,-0.8642105,-0.1596786,0.7006056,-0.6806309,-0.1428147,
1,4,11.837,-0.03007705,0.04324513,-0.8642194,-0.1596339,0.7005315,-0.6807185,-0.1428113,
1,4,11.839,-0.03007705,0.04324513,-0.8642194,-0.1596339,0.7005315,-0.6807185,-0.1428113,
1,4,11.841,-0.03007705,0.04324513,-0.8642194,-0.1596339,0.7005315,-0.6807185,-0.1428113,
1,4,11.843,-0.03007705,0.04324513,-0.8642194,-0.1596339,0.7005315,-0.6807185,-0.1428113,
1,4,11.845,-0.03004967,0.04322515,-0.8641981,-0.1595625,0.7004946,-0.6807614,-0.1428675,
1,4,11.847,-0.03004967,0.04322515,-0.8641981,-0.1595625,0.7004946,-0.6807614,-0.1428675,
1,4,11.849,-0.03004967,0.04322515,-0.8641981,-0.1595625,0.7004946,-0.6807614,-0.1428675,
1,4,11.851,-0.03004967,0.04322515,-0.8641981,-0.1595625,0.7004946,-0.6807614,-0.1428675,
1,4,11.853,-0.03004949,0.04322881,-0.8641852,-0.1595305,0.7004842,-0.6807892,-0.1428211,
1,4,11.855,-0.03004949,0.04322881,-0.8641852,-0.1595305,0.7004842,-0.6807892,-0.1428211,
1,4,11.857,-0.03004949,0.04322881,-0.8641852,-0.1595305,0.7004842,-0.6807892,-0.1428211,
1,4,11.859,-0.03004949,0.04322881,-0.8641852,-0.1595305,0.7004842,-0.6807892,-0.1428211,
1,4,11.861,-0.03011914,0.04326605,-0.8641732,-0.159478,0.70048,-0.6808176,-0.1427654,
1,4,11.863,-0.03011914,0.04326605,-0.8641732,-0.159478,0.70048,-0.6808176,-0.1427654,
1,4,11.865,-0.03011914,0.04326605,-0.8641732,-0.159478,0.70048,-0.6808176,-0.1427654,
1,4,11.867,-0.03011914,0.04326605,-0.8641732,-0.159478,0.70048,-0.6808176,-0.1427654,
1,4,11.869,-0.03007942,0.04323669,-0.8642149,-0.1595329,0.7004719,-0.6808397,-0.1426387,
1,4,11.871,-0.03007942,0.04323669,-0.8642149,-0.1595329,0.7004719,-0.6808397,-0.1426387,
1,4,11.873,-0.03007942,0.04323669,-0.8642149,-0.1595329,0.7004719,-0.6808397,-0.1426387,
1,4,11.875,-0.03007942,0.04323669,-0.8642149,-0.1595329,0.7004719,-0.6808397,-0.1426387,
1,4,11.877,-0.03007942,0.04323669,-0.8642149,-0.1595329,0.7004719,-0.6808397,-0.1426387,
1,4,11.879,-0.03006442,0.04324043,-0.8642262,-0.1595898,0.7005134,-0.6807878,-0.1426189,
1,4,11.881,-0.03006442,0.04324043,-0.8642262,-0.1595898,0.7005134,-0.6807878,-0.1426189,
1,4,11.883,-0.03006442,0.04324043,-0.8642262,-0.1595898,0.7005134,-0.6807878,-0.1426189,
1,4,11.885,-0.03006442,0.04324043,-0.8642262,-0.1595898,0.7005134,-0.6807878,-0.1426189,
1,4,11.887,-0.03006591,0.04326402,-0.8642088,-0.1596289,0.7005849,-0.6807069,-0.1426099,
1,4,11.889,-0.03006591,0.04326402,-0.8642088,-0.1596289,0.7005849,-0.6807069,-0.1426099,
1,4,11.891,-0.03006591,0.04326402,-0.8642088,-0.1596289,0.7005849,-0.6807069,-0.1426099,
1,4,11.893,-0.03006591,0.04326402,-0.8642088,-0.1596289,0.7005849,-0.6807069,-0.1426099,
1,4,11.895,-0.0300495,0.04326184,-0.8641876,-0.1595763,0.7005452,-0.6807639,-0.142592,
1,4,11.897,-0.0300495,0.04326184,-0.8641876,-0.1595763,0.7005452,-0.6807639,-0.142592,
1,4,11.899,-0.0300495,0.04326184,-0.8641876,-0.1595763,0.7005452,-0.6807639,-0.142592,
1,4,11.901,-0.0300495,0.04326184,-0.8641876,-0.1595763,0.7005452,-0.6807639,-0.142592,
1,4,11.903,-0.03006977,0.04327453,-0.8641757,-0.1595247,0.7005146,-0.680802,-0.1426174,
1,4,11.905,-0.03006977,0.04327453,-0.8641757,-0.1595247,0.7005146,-0.680802,-0.1426174,
1,4,11.907,-0.03006977,0.04327453,-0.8641757,-0.1595247,0.7005146,-0.680802,-0.1426174,
1,4,11.909,-0.03006977,0.04327453,-0.8641757,-0.1595247,0.7005146,-0.680802,-0.1426174,
1,4,11.911,-0.0300607,0.0432529,-0.8642063,-0.1595414,0.7004632,-0.680851,-0.1426181,
1,4,11.913,-0.0300607,0.0432529,-0.8642063,-0.1595414,0.7004632,-0.680851,-0.1426181,
1,4,11.915,-0.0300607,0.0432529,-0.8642063,-0.1595414,0.7004632,-0.680851,-0.1426181,
1,4,11.917,-0.0300607,0.0432529,-0.8642063,-0.1595414,0.7004632,-0.680851,-0.1426181,
1,4,11.919,-0.03004796,0.04323173,-0.8642004,-0.1595903,0.700503,-0.6808113,-0.142557,
1,4,11.921,-0.03004796,0.04323173,-0.8642004,-0.1595903,0.700503,-0.6808113,-0.142557,
1,4,11.923,-0.03004796,0.04323173,-0.8642004,-0.1595903,0.700503,-0.6808113,-0.142557,
1,4,11.925,-0.03004796,0.04323173,-0.8642004,-0.1595903,0.700503,-0.6808113,-0.142557,
1,4,11.927,-0.03004796,0.04323173,-0.8642004,-0.1595903,0.700503,-0.6808113,-0.142557,
1,4,11.929,-0.03002904,0.04321707,-0.8642184,-0.1596192,0.7005115,-0.6807784,-0.1426401,
1,4,11.931,-0.03002904,0.04321707,-0.8642184,-0.1596192,0.7005115,-0.6807784,-0.1426401,
1,4,11.933,-0.03002904,0.04321707,-0.8642184,-0.1596192,0.7005115,-0.6807784,-0.1426401,
1,4,11.935,-0.03002904,0.04321707,-0.8642184,-0.1596192,0.7005115,-0.6807784,-0.1426401,
1,4,11.937,-0.03003285,0.04321203,-0.8642334,-0.1596584,0.7005174,-0.6807402,-0.1427492,
1,4,11.939,-0.03003285,0.04321203,-0.8642334,-0.1596584,0.7005174,-0.6807402,-0.1427492,
1,4,11.941,-0.03003285,0.04321203,-0.8642334,-0.1596584,0.7005174,-0.6807402,-0.1427492,
1,4,11.943,-0.03003285,0.04321203,-0.8642334,-0.1596584,0.7005174,-0.6807402,-0.1427492,
1,4,11.945,-0.03004994,0.04321664,-0.8642219,-0.1596741,0.7005254,-0.6807232,-0.1427738,
1,4,11.947,-0.03004994,0.04321664,-0.8642219,-0.1596741,0.7005254,-0.6807232,-0.1427738,
1,4,11.949,-0.03004994,0.04321664,-0.8642219,-0.1596741,0.7005254,-0.6807232,-0.1427738,
1,4,11.951,-0.03004994,0.04321664,-0.8642219,-0.1596741,0.7005254,-0.6807232,-0.1427738,
1,4,11.953,-0.03005947,0.04323152,-0.8642295,-0.1596638,0.7005206,-0.6807247,-0.142802,
1,4,11.955,-0.03005947,0.04323152,-0.8642295,-0.1596638,0.7005206,-0.6807247,-0.142802,
1,4,11.957,-0.03005947,0.04323152,-0.8642295,-0.1596638,0.7005206,-0.6807247,-0.142802,
1,4,11.959,-0.03005947,0.04323152,-0.8642295,-0.1596638,0.7005206,-0.6807247,-0.142802,
1,4,11.961,-0.03007259,0.04324004,-0.8642348,-0.1596687,0.700541,-0.6806899,-0.1428617,
1,4,11.963,-0.03007259,0.04324004,-0.8642348,-0.1596687,0.700541,-0.6806899,-0.1428617,
1,4,11.965,-0.03007259,0.04324004,-0.8642348,-0.1596687,0.700541,-0.6806899,-0.1428617,
1,4,11.967,-0.03007259,0.04324004,-0.8642348,-0.1596687,0.700541,-0.6806899,-0.1428617,
1,4,11.969,-0.03009408,0.04327449,-0.8642345,-0.159658,0.7005922,-0.6806308,-0.1429047,
1,4,11.971,-0.03009408,0.04327449,-0.8642345,-0.159658,0.7005922,-0.6806308,-0.1429047,
1,4,11.973,-0.03009408,0.04327449,-0.8642345,-0.159658,0.7005922,-0.6806308,-0.1429047,
1,4,11.975,-0.03009408,0.04327449,-0.8642345,-0.159658,0.7005922,-0.6806308,-0.1429047,
1,4,11.977,-0.03009408,0.04327449,-0.8642345,-0.159658,0.7005922,-0.6806308,-0.1429047,
1,4,11.979,-0.0301125,0.04330377,-0.8642335,-0.1596511,0.7006183,-0.6805995,-0.1429335,
1,4,11.981,-0.0301125,0.04330377,-0.8642335,-0.1596511,0.7006183,-0.6805995,-0.1429335,
1,4,11.983,-0.0301125,0.04330377,-0.8642335,-0.1596511,0.7006183,-0.6805995,-0.1429335,
1,4,11.985,-0.0301125,0.04330377,-0.8642335,-0.1596511,0.7006183,-0.6805995,-0.1429335,
1,4,11.987,-0.03008868,0.04328058,-0.8642265,-0.1597062,0.7006067,-0.6806089,-0.142884,
1,4,11.989,-0.03008868,0.04328058,-0.8642265,-0.1597062,0.7006067,-0.6806089,-0.142884,
1,4,11.991,-0.03008868,0.04328058,-0.8642265,-0.1597062,0.7006067,-0.6806089,-0.142884,
1,4,11.993,-0.03008868,0.04328058,-0.8642265,-0.1597062,0.7006067,-0.6806089,-0.142884,
1,4,11.995,-0.03010595,0.04329655,-0.8642414,-0.1597004,0.7005695,-0.680637,-0.1429386,
1,4,11.997,-0.03010595,0.04329655,-0.8642414,-0.1597004,0.7005695,-0.680637,-0.1429386,
1,4,11.999,-0.03010595,0.04329655,-0.8642414,-0.1597004,0.7005695,-0.680637,-0.1429386,
1,5,12.001,-0.03010595,0.04329655,-0.8642414,-0.1597004,0.7005695,-0.680637,-0.1429386,TrialStart
1,5,12.003,-0.03005859,0.04326599,-0.8642446,-0.1597634,0.7005739,-0.6806099,-0.1429754,
1,5,12.005,-0.03005859,0.04326599,-0.8642446,-0.1597634,0.7005739,-0.6806099,-0.1429754,
1,5,12.007,-0.03005859,0.04326599,-0.8642446,-0.1597634,0.7005739,-0.6806099,-0.1429754,
1,5,12.009,-0.03005859,0.04326599,-0.8642446,-0.1597634,0.7005739,-0.6806099,-0.1429754,
1,5,12.011,-0.03004895,0.04325996,-0.8642484,-0.1597553,0.700563,-0.6806123,-0.143027,
1,5,12.013,-0.03004895,0.04325996,-0.8642484,-0.1597553,0.700563,-0.6806123,-0.143027,
1,5,12.015,-0.03004895,0.04325996,-0.8642484,-0.1597553,0.700563,-0.6806123,-0.143027,
1,5,12.017,-0.03004895,0.04325996,-0.8642484,-0.1597553,0.700563,-0.6806123,-0.143027,
1,5,12.019,-0.03006796,0.04326298,-0.864243,-0.1597554,0.7005628,-0.6806088,-0.1430441,
1,5,12.021,-0.03006796,0.04326298,-0.864243,-0.1597554,0.7005628,-0.6806088,-0.1430441,
1,5,12.023,-0.03006796,0.04326298,-0.864243,-0.1597554,0.7005628,-0.6806088,-0.1430441,
1,5,12.025,-0.03006796,0.04326298,-0.864243,-0.1597554,0.7005628,-0.6806088,-0.1430441,
1,5,12.027,-0.03006796,0.04326298,-0.864243,-0.1597554,0.7005628,-0.6806088,-0.1430441,
1,5,12.029,-0.03010024,0.04328221,-0.8642378,-0.1597106,0.7005774,-0.6805953,-0.1430871,
1,5,12.031,-0.03010024,0.04328221,-0.8642378,-0.1597106,0.7005774,-0.6805953,-0.1430871,
1,5,12.033,-0.03010024,0.04328221,-0.8642378,-0.1597106,0.7005774,-0.6805953,-0.1430871,
1,5,12.035,-0.03010024,0.04328221,-0.8642378,-0.1597106,0.7005774,-0.6805953,-0.1430871,
1,5,12.037,-0.03009102,0.04326949,-0.8642442,-0.1597129,0.7005798,-0.6805972,-0.1430638,
1,5,12.039,-0.03009102,0.04326949,-0.8642442,-0.1597129,0.7005798,-0.6805972,-0.1430638,
1,5,12.041,-0.03009102,0.04326949,-0.8642442,-0.1597129,0.7005798,-0.6805972,-0.1430638,
1,5,12.043,-0.03009102,0.04326949,-0.8642442,-0.1597129,0.7005798,-0.6805972,-0.1430638,
1,5,12.045,-0.0300894,0.04326432,-0.8642346,-0.1597068,0.7005848,-0.6805936,-0.1430634,
1,5,12.047,-0.0300894,0.04326432,-0.8642346,-0.1597068,0.7005848,-0.6805936,-0.1430634,
1,5,12.049,-0.0300894,0.04326432,-0.8642346,-0.1597068,0.7005848,-0.6805936,-0.1430634,
1,5,12.051,-0.0300894,0.04326432,-0.8642346,-0.1597068,0.7005848,-0.6805936,-0.1430634,
1,5,12.053,-0.03010583,0.04327991,-0.8642384,-0.1596582,0.7005844,-0.6805971,-0.1431026,
1,5,12.055,-0.03010583,0.04327991,-0.8642384,-0.1596582,0.7005844,-0.6805971,-0.1431026,
1,5,12.057,-0.03010583,0.04327991,-0.8642384,-0.1596582,0.7005844,-0.6805971,-0.1431026,
1,5,12.059,-0.03010583,0.04327991,-0.8642384,-0.1596582,0.7005844,-0.6805971,-0.1431026,
1,5,12.061,-0.03009457,0.04326376,-0.8642416,-0.1596785,0.7005754,-0.6806064,-0.1430804,
1,5,12.063,-0.03009457,0.04326376,-0.8642416,-0.1596785,0.7005754,-0.6806064,-0.1430804,
1,5,12.065,-0.03009457,0.04326376,-0.8642416,-0.1596785,0.7005754,-0.6806064,-0.1430804,
1,5,12.067,-0.03009457,0.04326376,-0.8642416,-0.1596785,0.7005754,-0.6806064,-0.1430804,
1,5,12.069,-0.03010931,0.04328972,-0.864248,-0.1596826,0.7005712,-0.6806003,-0.1431246,
1,5,12.071,-0.03010931,0.04328972,-0.864248,-0.1596826,0.7005712,-0.6806003,-0.1431246,
1,5,12.073,-0.03010931,0.04328972,-0.864248,-0.1596826,0.7005712,-0.6806003,-0.1431246,
1,5,12.075,-0.03010931,0.04328972,-0.864248,-0.1596826,0.7005712,-0.6806003,-0.1431246,
1,5,12.077,-0.03010931,0.04328972,-0.864248,-0.1596826,0.7005712,-0.6806003,-0.1431246,
1,5,12.079,-0.0300821,0.04327196,-0.8642563,-0.1597104,0.7005566,-0.680612,-0.1431096,
1,5,12.081,-0.0300821,0.04327196,-0.8642563,-0.1597104,0.7005566,-0.680612,-0.1431096,
1,5,12.083,-0.0300821,0.04327196,-0.8642563,-0.1597104,0.7005566,-0.680612,-0.1431096,
1,5,12.085,-0.0300821,0.04327196,-0.8642563,-0.1597104,0.7005566,-0.680612,-0.1431096,
1,5,12.087,-0.03007999,0.04326643,-0.8642443,-0.1597507,0.700556,-0.6806096,-0.1430789,
1,5,12.089,-0.03007999,0.04326643,-0.8642443,-0.1597507,0.700556,-0.6806096,-0.1430789,
1,5,12.091,-0.03007999,0.04326643,-0.8642443,-0.1597507,0.700556,-0.6806096,-0.1430789,
1,5,12.093,-0.03007999,0.04326643,-0.8642443,-0.1597507,0.700556,-0.6806096,-0.1430789,
1,5,12.095,-0.0300827,0.04325749,-0.8642472,-0.1597539,0.7005664,-0.680601,-0.1430658,
1,5,12.097,-0.0300827,0.04325749,-0.8642472,-0.1597539,0.7005664,-0.680601,-0.1430658,
1,5,12.099,-0.0300827,0.04325749,-0.8642472,-0.1597539,0.7005664,-0.680601,-0.1430658,
1,5,12.101,-0.0300827,0.04325749,-0.8642472,-0.1597539,0.7005664,-0.680601,-0.1430658,
1,5,12.103,-0.03008252,0.04326146,-0.8642377,-0.159734,0.7005477,-0.6806245,-0.1430677,
1,5,12.105,-0.03008252,0.04326146,-0.8642377,-0.159734,0.7005477,-0.6806245,-0.1430677,
1,5,12.107,-0.03008252,0.04326146,-0.8642377,-0.159734,0.7005477,-0.6806245,-0.1430677,
1,5,12.109,-0.03008252,0.04326146,-0.8642377,-0.159734,0.7005477,-0.6806245,-0.1430677,
1,5,12.111,-0.0300609,0.04325102,-0.8642446,-0.1597622,0.7005541,-0.6806154,-0.143048,
1,5,12.113,-0.0300609,0.04325102,-0.8642446,-0.1597622,0.7005541,-0.6806154,-0.143048,
1,5,12.115,-0.0300609,0.04325102,-0.8642446,-0.1597622,0.7005541,-0.6806154,-0.143048,
1,5,12.117,-0.0300609,0.04325102,-0.8642446,-0.1597622,0.7005541,-0.6806154,-0.143048,
1,5,12.119,-0.03006342,0.0432508,-0.8642412,-0.1597516,0.700533,-0.6806328,-0.1430806,
1,5,12.121,-0.03006342,0.0432508,-0.8642412,-0.1597516,0.700533,-0.6806328,-0.1430806,
1,5,12.123,-0.03006342,0.0432508,-0.8642412,-0.1597516,0.700533,-0.6806328,-0.1430806,
1,5,12.125,-0.03006342,0.0432508,-0.8642412,-0.1597516,0.700533,-0.6806328,-0.1430806,
1,5,12.127,-0.03006342,0.0432508,-0.8642412,-0.1597516,0.700533,-0.6806328,-0.1430806,
1,5,12.129,-0.0300533,0.04324572,-0.864237,-0.1597656,0.7005246,-0.6806409,-0.1430673,
1,5,12.131,-0.0300533,0.04324572,-0.864237,-0.1597656,0.7005246,-0.6806409,-0.1430673,
1,5,12.133,-0.0300533,0.04324572,-0.864237,-0.1597656,0.7005246,-0.6806409,-0.1430673,
1,5,12.135,-0.0300533,0.04324572,-0.864237,-0.1597656,0.7005246,-0.6806409,-0.1430673,
1,5,12.137,-0.0300603,0.04325105,-0.8642462,-0.1597789,0.7005399,-0.6806225,-0.1430649,
1,5,12.139,-0.0300603,0.04325105,-0.8642462,-0.1597789,0.7005399,-0.6806225,-0.1430649,
1,5,12.141,-0.0300603,0.04325105,-0.8642462,-0.1597789,0.7005399,-0.6806225,-0.1430649,
1,5,12.143,-0.0300603,0.04325105,-0.8642462,-0.1597789,0.7005399,-0.6806225,-0.1430649,
1,5,12.145,-0.0300996,0.04328234,-0.8642457,-0.1597313,0.7005445,-0.6806148,-0.1431329,
1,5,12.147,-0.0300996,0.04328234,-0.8642457,-0.1597313,0.7005445,-0.6806148,-0.1431329,
1,5,12.149,-0.0300996,0.04328234,-0.8642457,-0.1597313,0.7005445,-0.6806148,-0.1431329,
1,5,12.151,-0.0300996,0.04328234,-0.8642457,-0.1597313,0.7005445,-0.6806148,-0.1431329,
1,5,12.153,-0.03006907,0.04326657,-0.8642367,-0.1597662,0.7005417,-0.6806166,-0.1430986,
1,5,12.155,-0.03006907,0.04326657,-0.8642367,-0.1597662,0.7005417,-0.6806166,-0.1430986,
1,5,12.157,-0.03006907,0.04326657,-0.8642367,-0.1597662,0.7005417,-0.6806166,-0.1430986,
1,5,12.159,-0.03006907,0.04326657,-0.8642367,-0.1597662,0.7005417,-0.6806166,-0.1430986,
1,5,12.161,-0.03004973,0.04324737,-0.864228,-0.1597646,0.7005285,-0.6806346,-0.1430795,
1,5,12.163,-0.03004973,0.04324737,-0.864228,-0.1597646,0.7005285,-0.6806346,-0.1430795,
1,5,12.165,-0.03004973,0.04324737,-0.864228,-0.1597646,0.7005285,-0.6806346,-0.1430795,
1,5,12.167,-0.03004973,0.04324737,-0.864228,-0.1597646,0.7005285,-0.6806346,-0.1430795,
1,5,12.169,-0.03005911,0.04325749,-0.8642269,-0.1597531,0.700526,-0.6806364,-0.1430958,
1,5,12.171,-0.03005911,0.04325749,-0.8642269,-0.1597531,0.700526,-0.6806364,-0.1430958,
1,5,12.173,-0.03005911,0.04325749,-0.8642269,-0.1597531,0.700526,-0.6806364,-0.1430958,
1,5,12.175,-0.03005911,0.04325749,-0.8642269,-0.1597531,0.700526,-0.6806364,-0.1430958,
1,5,12.177,-0.03005911,0.04325749,-0.8642269,-0.1597531,0.700526,-0.6806364,-0.1430958,
1,5,12.179,-0.03005807,0.04325408,-0.8642302,-0.1597733,0.7005159,-0.6806443,-0.1430854,
1,5,12.181,-0.03005807,0.04325408,-0.8642302,-0.1597733,0.7005159,-0.6806443,-0.1430854,
1,5,12.183,-0.03005807,0.04325408,-0.8642302,-0.1597733,0.7005159,-0.6806443,-0.1430854,
1,5,12.185,-0.03005807,0.04325408,-0.8642302,-0.1597733,0.7005159,-0.6806443,-0.1430854,
1,5,12.187,-0.0300707,0.0432463,-0.8642342,-0.1597666,0.7005147,-0.6806453,-0.1430939,
1,5,12.189,-0.0300707,0.0432463,-0.8642342,-0.1597666,0.7005147,-0.6806453,-0.1430939,
1,5,12.191,-0.0300707,0.0432463,-0.8642342,-0.1597666,0.7005147,-0.6806453,-0.1430939,
1,5,12.193,-0.0300707,0.0432463,-0.8642342,-0.1597666,0.7005147,-0.6806453,-0.1430939,
1,5,12.195,-0.03010484,0.04327179,-0.864234,-0.1597394,0.7005228,-0.6806356,-0.1431309,
1,5,12.197,-0.03010484,0.04327179,-0.864234,-0.1597394,0.7005228,-0.6806356,-0.1431309,
1,5,12.199,-0.03010484,0.04327179,-0.864234,-0.1597394,0.7005228,-0.6806356,-0.1431309,
1,5,12.201,-0.03010484,0.04327179,-0.864234,-0.1597394,0.7005228,-0.6806356,-0.1431309,
1,5,12.203,-0.03005907,0.04324681,-0.8642322,-0.159781,0.700549,-0.6806117,-0.1430692,
1,5,12.205,-0.03005907,0.04324681,-0.8642322,-0.159781,0.700549,-0.6806117,-0.1430692,
1,5,12.207,-0.03005907,0.04324681,-0.8642322,-0.159781,0.700549,-0.6806117,-0.1430692,
1,5,12.209,-0.03005907,0.04324681,-0.8642322,-0.159781,0.700549,-0.6806117,-0.1430692,
1,5,12.211,-0.03005398,0.04324514,-0.8642272,-0.1597701,0.7005509,-0.6806117,-0.1430722,
1,5,12.213,-0.03005398,0.04324514,-0.8642272,-0.1597701,0.7005509,-0.6806117,-0.1430722,
1,5,12.215,-0.03005398,0.04324514,-0.8642272,-0.1597701,0.7005509,-0.6806117,-0.1430722,
1,5,12.217,-0.03005398,0.04324514,-0.8642272,-0.1597701,0.7005509,-0.6806117,-0.1430722,
1,5,12.219,-0.03005736,0.04323541,-0.8642299,-0.1597721,0.7005198,-0.6806407,-0.1430843,
1,5,12.221,-0.03005736,0.04323541,-0.8642299,-0.1597721,0.7005198,-0.6806407,-0.1430843,
1,5,12.223,-0.03005736,0.04323541,-0.8642299,-0.1597721,0.7005198,-0.6806407,-0.1430843,
1,5,12.225,-0.03005736,0.04323541,-0.8642299,-0.1597721,0.7005198,-0.6806407,-0.1430843,
1,5,12.227,-0.03005736,0.04323541,-0.8642299,-0.1597721,0.7005198,-0.6806407,-0.1430843,
1,5,12.229,-0.03007067,0.04325933,-0.8642324,-0.1597757,0.7006083,-0.6805469,-0.1430937,
1,5,12.231,-0.03007067,0.04325933,-0.8642324,-0.1597757,0.7006083,-0.6805469,-0.1430937,
1,5,12.233,-0.03007067,0.04325933,-0.8642324,-0.1597757,0.7006083,-0.6805469,-0.1430937,
1,5,12.235,-0.03007067,0.04325933,-0.8642324,-0.1597757,0.7006083,-0.6805469,-0.1430937,
1,5,12.237,-0.03006828,0.04326221,-0.8642349,-0.1597987,0.7006342,-0.6805184,-0.1430764,
1,5,12.239,-0.03006828,0.04326221,-0.8642349,-0.1597987,0.7006342,-0.6805184,-0.1430764,
1,5,12.241,-0.03006828,0.04326221,-0.8642349,-0.1597987,0.7006342,-0.6805184,-0.1430764,
1,5,12.243,-0.03006828,0.04326221,-0.8642349,-0.1597987,0.7006342,-0.6805184,-0.1430764,
1,5,12.245,-0.03006151,0.04325823,-0.8642268,-0.1597928,0.7006367,-0.6805148,-0.1430874,
1,5,12.247,-0.03006151,0.04325823,-0.8642268,-0.1597928,0.7006367,-0.6805148,-0.1430874,
1,5,12.249,-0.03006151,0.04325823,-0.8642268,-0.1597928,0.7006367,-0.6805148,-0.1430874,
1,5,12.251,-0.03006151,0.04325823,-0.8642268,-0.1597928,0.7006367,-0.6805148,-0.1430874,
1,5,12.253,-0.03005622,0.04324979,-0.8642094,-0.1598011,0.7006349,-0.6805171,-0.1430764,
1,5,12.255,-0.03005622,0.04324979,-0.8642094,-0.1598011,0.7006349,-0.6805171,-0.1430764,
1,5,12.257,-0.03005622,0.04324979,-0.8642094,-0.1598011,0.7006349,-0.6805171,-0.1430764,
1,5,12.259,-0.03005622,0.04324979,-0.8642094,-0.1598011,0.7006349,-0.6805171,-0.1430764,
1,5,12.261,-0.03006103,0.04325697,-0.8642176,-0.1598107,0.7006454,-0.6805054,-0.14307,
1,5,12.263,-0.03006103,0.04325697,-0.8642176,-0.1598107,0.7006454,-0.6805054,-0.14307,
1,5,12.265,-0.03006103,0.04325697,-0.8642176,-0.1598107,0.7006454,-0.6805054,-0.14307,
1,5,12.267,-0.03006103,0.04325697,-0.8642176,-0.1598107,0.7006454,-0.6805054,-0.14307,
1,5,12.269,-0.03006761,0.04325799,-0.8642088,-0.1597827,0.7006183,-0.680541,-0.1430646,
1,5,12.271,-0.03006761,0.04325799,-0.8642088,-0.1597827,0.7006183,-0.680541,-0.1430646,
1,5,12.273,-0.03006761,0.04325799,-0.8642088,-0.1597827,0.7006183,-0.680541,-0.1430646,
1,5,12.275,-0.03006761,0.04325799,-0.8642088,-0.1597827,0.7006183,-0.680541,-0.1430646,
1,5,12.277,-0.03006761,0.04325799,-0.8642088,-0.1597827,0.7006183,-0.680541,-0.1430646,
1,5,12.279,-0.03005939,0.04324487,-0.8642159,-0.1597683,0.7005626,-0.6806049,-0.1430491,
1,5,12.281,-0.03005939,0.04324487,-0.8642159,-0.1597683,0.7005626,-0.6806049,-0.1430491,
1,5,12.283,-0.03005939,0.04324487,-0.8642159,-0.1597683,0.7005626,-0.6806049,-0.1430491,
1,5,12.285,-0.03005939,0.04324487,-0.8642159,-0.1597683,0.7005626,-0.6806049,-0.1430491,
1,5,12.287,-0.03008639,0.0432685,-0.864215,-0.1596848,0.700555,-0.6806177,-0.1431187,
1,5,12.289,-0.03008639,0.0432685,-0.864215,-0.1596848,0.700555,-0.6806177,-0.1431187,
1,5,12.291,-0.03008639,0.0432685,-0.864215,-0.1596848,0.700555,-0.6806177,-0.1431187,
1,5,12.293,-0.03008639,0.0432685,-0.864215,-0.1596848,0.700555,-0.6806177,-0.1431187,
1,5,12.295,-0.03007319,0.04325525,-0.8642125,-0.1596947,0.7005395,-0.6806327,-0.143113,
1,5,12.297,-0.03007319,0.04325525,-0.8642125,-0.1596947,0.7005395,-0.6806327,-0.143113,
1,5,12.299,-0.03007319,0.04325525,-0.8642125,-0.1596947,0.7005395,-0.6806327,-0.143113,
1,5,12.301,-0.03007319,0.04325525,-0.8642125,-0.1596947,0.7005395,-0.6806327,-0.143113,
1,5,12.303,-0.0300531,0.04324698,-0.8642232,-0.1596832,0.7005289,-0.6806476,-0.1431065,
1,5,12.305,-0.0300531,0.04324698,-0.8642232,-0.1596832,0.7005289,-0.6806476,-0.1431065,
1,5,12.307,-0.0300531,0.04324698,-0.8642232,-0.1596832,0.7005289,-0.6806476,-0.1431065,
1,5,12.309,-0.0300531,0.04324698,-0.8642232,-0.1596832,0.7005289,-0.6806476,-0.1431065,
1,5,12.311,-0.03003842,0.04323933,-0.8642249,-0.1596945,0.7005221,-0.6806522,-0.1431059,
1,5,12.313,-0.03003842,0.04323933,-0.8642249,-0.1596945,0.7005221,-0.6806522,-0.1431059,
1,5,12.315,-0.03003842,0.04323933,-0.8642249,-0.1596945,0.7005221,-0.6806522,-0.1431059,
1,5,12.317,-0.03003842,0.04323933,-0.8642249,-0.1596945,0.7005221,-0.6806522,-0.1431059,
1,5,12.319,-0.03006477,0.04324723,-0.8642083,-0.1596704,0.7005285,-0.6806864,-0.1429384,
1,5,12.321,-0.03006477,0.04324723,-0.8642083,-0.1596704,0.7005285,-0.6806864,-0.1429384,
1,5,12.323,-0.03006477,0.04324723,-0.8642083,-0.1596704,0.7005285,-0.6806864,-0.1429384,
1,5,12.325,-0.03006477,0.04324723,-0.8642083,-0.1596704,0.7005285,-0.6806864,-0.1429384,
1,5,12.327,-0.03006477,0.04324723,-0.8642083,-0.1596704,0.7005285,-0.6806864,-0.1429384,
1,5,12.329,-0.03006504,0.04324118,-0.8642212,-0.159654,0.700526,-0.6807009,-0.1428993,
1,5,12.331,-0.03006504,0.04324118,-0.8642212,-0.159654,0.700526,-0.6807009,-0.1428993,
1,5,12.333,-0.03006504,0.04324118,-0.8642212,-0.159654,0.700526,-0.6807009,-0.1428993,
1,5,12.335,-0.03006504,0.04324118,-0.8642212,-0.159654,0.700526,-0.6807009,-0.1428993,
1,5,12.337,-0.03005896,0.04323114,-0.8642117,-0.1596406,0.7005194,-0.6807114,-0.1428965,
1,5,12.339,-0.03005896,0.04323114,-0.8642117,-0.1596406,0.7005194,-0.6807114,-0.1428965,
1,5,12.341,-0.03005896,0.04323114,-0.8642117,-0.1596406,0.7005194,-0.6807114,-0.1428965,
1,5,12.343,-0.03005896,0.04323114,-0.8642117,-0.1596406,0.7005194,-0.6807114,-0.1428965,
1,5,12.345,-0.03005676,0.04323191,-0.8642079,-0.1596396,0.7005073,-0.6807175,-0.1429282,
1,5,12.347,-0.03005676,0.04323191,-0.8642079,-0.1596396,0.7005073,-0.6807175,-0.1429282,
1,5,12.349,-0.03005676,0.04323191,-0.8642079,-0.1596396,0.7005073,-0.6807175,-0.1429282,
1,5,12.351,-0.03005676,0.04323191,-0.8642079,-0.1596396,0.7005073,-0.6807175,-0.1429282,
1,5,12.353,-0.03005287,0.04323758,-0.8642179,-0.1596726,0.7005607,-0.6806492,-0.1429543,
1,5,12.355,-0.03005287,0.04323758,-0.8642179,-0.1596726,0.7005607,-0.6806492,-0.1429543,
1,5,12.357,-0.03005287,0.04323758,-0.8642179,-0.1596726,0.7005607,-0.6806492,-0.1429543,
1,5,12.359,-0.03005287,0.04323758,-0.8642179,-0.1596726,0.7005607,-0.6806492,-0.1429543,
1,5,12.361,-0.0300937,0.04327336,-0.8642168,-0.1596408,0.7006122,-0.6805898,-0.1430205,
1,5,12.363,-0.0300937,0.04327336,-0.8642168,-0.1596408,0.7006122,-0.6805898,-0.1430205,
1,5,12.365,-0.0300937,0.04327336,-0.8642168,-0.1596408,0.7006122,-0.6805898,-0.1430205,
1,5,12.367,-0.0300937,0.04327336,-0.8642168,-0.1596408,0.7006122,-0.6805898,-0.1430205,
1,5,12.369,-0.03007431,0.04324032,-0.8642058,-0.159665,0.7006278,-0.6805718,-0.1430022,
1,5,12.371,-0.03007431,0.04324032,-0.8642058,-0.159665,0.7006278,-0.6805718,-0.1430022,
1,5,12.373,-0.03007431,0.04324032,-0.8642058,-0.159665,0.7006278,-0.6805718,-0.1430022,
1,5,12.375,-0.03007431,0.04324032,-0.8642058,-0.159665,0.7006278,-0.6805718,-0.1430022,
1,5,12.377,-0.03007431,0.04324032,-0.8642058,-0.159665,0.7006278,-0.6805718,-0.1430022,
1,5,12.379,-0.03006358,0.04326056,-0.8642093,-0.1596919,0.7006647,-0.6805399,-0.142944,
1,5,12.381,-0.03006358,0.04326056,-0.8642093,-0.1596919,0.7006647,-0.6805399,-0.142944,
1,5,12.383,-0.03006358,0.04326056,-0.8642093,-0.1596919,0.7006647,-0.6805399,-0.142944,
1,5,12.385,-0.03006358,0.04326056,-0.8642093,-0.1596919,0.7006647,-0.6805399,-0.142944,
1,5,12.387,-0.03005958,0.04325373,-0.8642022,-0.1596714,0.7006587,-0.6805496,-0.1429499,
1,5,12.389,-0.03005958,0.04325373,-0.8642022,-0.1596714,0.7006587,-0.6805496,-0.1429499,
1,5,12.391,-0.03005958,0.04325373,-0.8642022,-0.1596714,0.7006587,-0.6805496,-0.1429499,
1,5,12.393,-0.03005958,0.04325373,-0.8642022,-0.1596714,0.7006587,-0.6805496,-0.1429499,
1,5,12.395,-0.03005351,0.04325826,-0.8642176,-0.1596844,0.7006519,-0.6805522,-0.1429561,
1,5,12.397,-0.03005351,0.04325826,-0.8642176,-0.1596844,0.7006519,-0.6805522,-0.1429561,
1,5,12.399,-0.03005351,0.04325826,-0.8642176,-0.1596844,0.7006519,-0.6805522,-0.1429561,
1,5,12.401,-0.03005351,0.04325826,-0.8642176,-0.1596844,0.7006519,-0.6805522,-0.1429561,
1,5,12.403,-0.03006112,0.04326258,-0.8642143,-0.1596833,0.7006431,-0.6805584,-0.1429715,
1,5,12.405,-0.03006112,0.04326258,-0.8642143,-0.1596833,0.7006431,-0.6805584,-0.1429715,
1,5,12.407,-0.03006112,0.04326258,-0.8642143,-0.1596833,0.7006431,-0.6805584,-0.1429715,
1,5,12.409,-0.03006112,0.04326258,-0.8642143,-0.1596833,0.7006431,-0.6805584,-0.1429715,
1,5,12.411,-0.0300562,0.04326043,-0.8642149,-0.1596906,0.7006409,-0.6805615,-0.142959,
1,5,12.413,-0.0300562,0.04326043,-0.8642149,-0.1596906,0.7006409,-0.6805615,-0.142959,
1,5,12.415,-0.0300562,0.04326043,-0.8642149,-0.1596906,0.7006409,-0.6805615,-0.142959,
1,5,12.417,-0.0300562,0.04326043,-0.8642149,-0.1596906,0.7006409,-0.6805615,-0.142959,
1,5,12.419,-0.0300451,0.0432573,-0.864206,-0.1596903,0.7006437,-0.6805584,-0.1429607,
1,5,12.421,-0.0300451,0.0432573,-0.864206,-0.1596903,0.7006437,-0.6805584,-0.1429607,
1,5,12.423,-0.0300451,0.0432573,-0.864206,-0.1596903,0.7006437,-0.6805584,-0.1429607,
1,5,12.425,-0.0300451,0.0432573,-0.864206,-0.1596903,0.7006437,-0.6805584,-0.1429607,
1,5,12.427,-0.0300451,0.0432573,-0.864206,-0.1596903,0.7006437,-0.6805584,-0.1429607,
1,5,12.429,-0.03005276,0.04326302,-0.8642135,-0.1597276,0.7006631,-0.6805369,-0.1429264,
1,5,12.431,-0.03005276,0.04326302,-0.8642135,-0.1597276,0.7006631,-0.6805369,-0.1429264,
1,5,12.433,-0.03005276,0.04326302,-0.8642135,-0.1597276,0.7006631,-0.6805369,-0.1429264,
1,5,12.435,-0.03005276,0.04326302,-0.8642135,-0.1597276,0.7006631,-0.6805369,-0.1429264,
1,5,12.437,-0.03006205,0.04325986,-0.8642125,-0.1597151,0.7006547,-0.6805449,-0.1429435,
1,5,12.439,-0.03006205,0.04325986,-0.8642125,-0.1597151,0.7006547,-0.6805449,-0.1429435,
1,5,12.441,-0.03006205,0.04325986,-0.8642125,-0.1597151,0.7006547,-0.6805449,-0.1429435,
1,5,12.443,-0.03006205,0.04325986,-0.8642125,-0.1597151,0.7006547,-0.6805449,-0.1429435,
1,5,12.445,-0.03008189,0.04326526,-0.8642052,-0.1596382,0.7006254,-0.6805811,-0.1430001,
1,5,12.447,-0.03008189,0.04326526,-0.8642052,-0.1596382,0.7006254,-0.6805811,-0.1430001,
1,5,12.449,-0.03008189,0.04326526,-0.8642052,-0.1596382,0.7006254,-0.6805811,-0.1430001,
1,5,12.451,-0.03008189,0.04326526,-0.8642052,-0.1596382,0.7006254,-0.6805811,-0.1430001,
1,5,12.453,-0.03009379,0.04327372,-0.8641941,-0.1596004,0.7005978,-0.6806105,-0.143038,
1,5,12.455,-0.03009379,0.04327372,-0.8641941,-0.1596004,0.7005978,-0.6806105,-0.143038,
1,5,12.457,-0.03009379,0.04327372,-0.8641941,-0.1596004,0.7005978,-0.6806105,-0.143038,
1,5,12.459,-0.03009379,0.04327372,-0.8641941,-0.1596004,0.7005978,-0.6806105,-0.143038,
1,5,12.461,-0.03012132,0.0432929,-0.8641983,-0.1595563,0.7006066,-0.6806037,-0.1430766,
1,5,12.463,-0.03012132,0.0432929,-0.8641983,-0.1595563,0.7006066,-0.6806037,-0.1430766,
1,5,12.465,-0.03012132,0.0432929,-0.8641983,-0.1595563,0.7006066,-0.6806037,-0.1430766,
1,5,12.467,-0.03012132,0.0432929,-0.8641983,-0.1595563,0.7006066,-0.6806037,-0.1430766,
1,5,12.469,-0.03011898,0.04328406,-0.8641959,-0.1595454,0.7006034,-0.6806031,-0.1431071,
1,5,12.471,-0.03011898,0.04328406,-0.8641959,-0.1595454,0.7006034,-0.6806031,-0.1431071,
1,5,12.473,-0.03011898,0.04328406,-0.8641959,-0.1595454,0.7006034,-0.6806031,-0.1431071,
1,5,12.475,-0.03011898,0.04328406,-0.8641959,-0.1595454,0.7006034,-0.6806031,-0.1431071,
1,5,12.477,-0.03011898,0.04328406,-0.8641959,-0.1595454,0.7006034,-0.6806031,-0.1431071,
1,5,12.479,-0.03010089,0.04327961,-0.8641939,-0.1595689,0.7006159,-0.6805906,-0.1430796,
1,5,12.481,-0.03010089,0.04327961,-0.8641939,-0.1595689,0.7006159,-0.6805906,-0.1430796,
1,5,12.483,-0.03010089,0.04327961,-0.8641939,-0.1595689,0.7006159,-0.6805906,-0.1430796,
1,5,12.485,-0.03010089,0.04327961,-0.8641939,-0.1595689,0.7006159,-0.6805906,-0.1430796,
1,5,12.487,-0.0300853,0.04327133,-0.8641993,-0.159557,0.7006229,-0.6805923,-0.1430503,
1,5,12.489,-0.0300853,0.04327133,-0.8641993,-0.159557,0.7006229,-0.6805923,-0.1430503,
1,5,12.491,-0.0300853,0.04327133,-0.8641993,-0.159557,0.7006229,-0.6805923,-0.1430503,
1,5,12.493,-0.0300853,0.04327133,-0.8641993,-0.159557,0.7006229,-0.6805923,-0.1430503,
1,5,12.495,-0.03009313,0.04328236,-0.8642,-0.1596147,0.7006374,-0.6805685,-0.1430281,
1,5,12.497,-0.03009313,0.04328236,-0.8642,-0.1596147,0.7006374,-0.6805685,-0.1430281,
1,5,12.499,-0.03009313,0.04328236,-0.8642,-0.1596147,0.7006374,-0.6805685,-0.1430281,
1,5,12.501,-0.03009313,0.04328236,-0.8642,-0.1596147,0.7006374,-0.6805685,-0.1430281,
1,5,12.503,-0.03010177,0.04327297,-0.8642039,-0.1595855,0.7006264,-0.6805775,-0.1430716,
1,5,12.505,-0.03010177,0.04327297,-0.8642039,-0.1595855,0.7006264,-0.6805775,-0.1430716,
1,5,12.507,-0.03010177,0.04327297,-0.8642039,-0.1595855,0.7006264,-0.6805775,-0.1430716,
1,5,12.509,-0.03010177,0.04327297,-0.8642039,-0.1595855,0.7006264,-0.6805775,-0.1430716,
1,5,12.511,-0.03009226,0.04327146,-0.864201,-0.159559,0.700603,-0.6806,-0.1431083,
1,5,12.513,-0.03009226,0.04327146,-0.864201,-0.159559,0.700603,-0.6806,-0.1431083,
1,5,12.515,-0.03009226,0.04327146,-0.864201,-0.159559,0.700603,-0.6806,-0.1431083,
1,5,12.517,-0.03009226,0.04327146,-0.864201,-0.159559,0.700603,-0.6806,-0.1431083,
1,5,12.519,-0.0301006,0.04325847,-0.8641976,-0.1595372,0.7005831,-0.6806234,-0.1431197,
1,5,12.521,-0.0301006,0.04325847,-0.8641976,-0.1595372,0.7005831,-0.6806234,-0.1431197,
1,5,12.523,-0.0301006,0.04325847,-0.8641976,-0.1595372,0.7005831,-0.6806234,-0.1431197,
1,5,12.525,-0.0301006,0.04325847,-0.8641976,-0.1595372,0.7005831,-0.6806234,-0.1431197,
1,5,12.527,-0.0301006,0.04325847,-0.8641976,-0.1595372,0.7005831,-0.6806234,-0.1431197,
1,5,12.529,-0.03010195,0.04326408,-0.8642099,-0.1595427,0.7005959,-0.6806139,-0.1430958,
1,5,12.531,-0.03010195,0.04326408,-0.8642099,-0.1595427,0.7005959,-0.6806139,-0.1430958,
1,5,12.533,-0.03010195,0.04326408,-0.8642099,-0.1595427,0.7005959,-0.6806139,-0.1430958,
1,5,12.535,-0.03010195,0.04326408,-0.8642099,-0.1595427,0.7005959,-0.6806139,-0.1430958,
1,5,12.537,-0.03008201,0.04325712,-0.8642255,-0.1595806,0.7006317,-0.6805791,-0.1430433,
1,5,12.539,-0.03008201,0.04325712,-0.8642255,-0.1595806,0.7006317,-0.6805791,-0.1430433,
1,5,12.541,-0.03008201,0.04325712,-0.8642255,-0.1595806,0.7006317,-0.6805791,-0.1430433,
1,5,12.543,-0.03008201,0.04325712,-0.8642255,-0.1595806,0.7006317,-0.6805791,-0.1430433,
1,5,12.545,-0.03010042,0.04325665,-0.8642073,-0.1595739,0.7006227,-0.6805848,-0.1430675,
1,5,12.547,-0.03010042,0.04325665,-0.8642073,-0.1595739,0.7006227,-0.6805848,-0.1430675,
1,5,12.549,-0.03010042,0.04325665,-0.8642073,-0.1595739,0.7006227,-0.6805848,-0.1430675,
1,5,12.551,-0.03010042,0.04325665,-0.8642073,-0.1595739,0.7006227,-0.6805848,-0.1430675,
1,5,12.553,-0.03010039,0.04326106,-0.8642034,-0.1595337,0.7006046,-0.680608,-0.1430911,
1,5,12.555,-0.03010039,0.04326106,-0.8642034,-0.1595337,0.7006046,-0.680608,-0.1430911,
1,5,12.557,-0.03010039,0.04326106,-0.8642034,-0.1595337,0.7006046,-0.680608,-0.1430911,
1,5,12.559,-0.03010039,0.04326106,-0.8642034,-0.1595337,0.7006046,-0.680608,-0.1430911,
1,5,12.561,-0.03009214,0.04326107,-0.8642051,-0.1595535,0.7006171,-0.680592,-0.1430842,
1,5,12.563,-0.03009214,0.04326107,-0.8642051,-0.1595535,0.7006171,-0.680592,-0.1430842,
1,5,12.565,-0.03009214,0.04326107,-0.8642051,-0.1595535,0.7006171,-0.680592,-0.1430842,
1,5,12.567,-0.03009214,0.04326107,-0.8642051,-0.1595535,0.7006171,-0.680592,-0.1430842,
1,5,12.569,-0.03009498,0.04326171,-0.8642044,-0.1595522,0.7006259,-0.680584,-0.1430805,
1,5,12.571,-0.03009498,0.04326171,-0.8642044,-0.1595522,0.7006259,-0.680584,-0.1430805,
1,5,12.573,-0.03009498,0.04326171,-0.8642044,-0.1595522,0.7006259,-0.680584,-0.1430805,
1,5,12.575,-0.03009498,0.04326171,-0.8642044,-0.1595522,0.7006259,-0.680584,-0.1430805,
1,5,12.577,-0.03009498,0.04326171,-0.8642044,-0.1595522,0.7006259,-0.680584,-0.1430805,
1,5,12.579,-0.03013388,0.04328298,-0.8642005,-0.1595266,0.700637,-0.6805686,-0.143128,
1,5,12.581,-0.03013388,0.04328298,-0.8642005,-0.1595266,0.700637,-0.6805686,-0.143128,
1,5,12.583,-0.03013388,0.04328298,-0.8642005,-0.1595266,0.700637,-0.6805686,-0.143128,
1,5,12.585,-0.03013388,0.04328298,-0.8642005,-0.1595266,0.700637,-0.6805686,-0.143128,
1,5,12.587,-0.03010814,0.04326519,-0.8641956,-0.1595424,0.700627,-0.6805786,-0.1431113,
1,5,12.589,-0.03010814,0.04326519,-0.8641956,-0.1595424,0.700627,-0.6805786,-0.1431113,
1,5,12.591,-0.03010814,0.04326519,-0.8641956,-0.1595424,0.700627,-0.6805786,-0.1431113,
1,5,12.593,-0.03010814,0.04326519,-0.8641956,-0.1595424,0.700627,-0.6805786,-0.1431113,
1,5,12.595,-0.03007027,0.04326229,-0.8642189,-0.1596159,0.7006266,-0.6805468,-0.1431826,
1,5,12.597,-0.03007027,0.04326229,-0.8642189,-0.1596159,0.7006266,-0.6805468,-0.1431826,
1,5,12.599,-0.03007027,0.04326229,-0.8642189,-0.1596159,0.7006266,-0.6805468,-0.1431826,
1,5,12.601,-0.03007027,0.04326229,-0.8642189,-0.1596159,0.7006266,-0.6805468,-0.1431826,
1,5,12.603,-0.03007445,0.04328714,-0.8642306,-0.1596732,0.7006235,-0.6805393,-0.1431696,
1,5,12.605,-0.03007445,0.04328714,-0.8642306,-0.1596732,0.7006235,-0.6805393,-0.1431696,
1,5,12.607,-0.03007445,0.04328714,-0.8642306,-0.1596732,0.7006235,-0.6805393,-0.1431696,
1,5,12.609,-0.03007445,0.04328714,-0.8642306,-0.1596732,0.7006235,-0.6805393,-0.1431696,
1,5,12.611,-0.03005899,0.04327084,-0.8642148,-0.1596798,0.7006264,-0.6805332,-0.1431767,
1,5,12.613,-0.03005899,0.04327084,-0.8642148,-0.1596798,0.7006264,-0.6805332,-0.1431767,
1,5,12.615,-0.03005899,0.04327084,-0.8642148,-0.1596798,0.7006264,-0.6805332,-0.1431767,
1,5,12.617,-0.03005899,0.04327084,-0.8642148,-0.1596798,0.7006264,-0.6805332,-0.1431767,
1,5,12.619,-0.03004902,0.04326172,-0.8642099,-0.159654,0.700621,-0.6805404,-0.1431977,
1,5,12.621,-0.03004902,0.04326172,-0.8642099,-0.159654,0.700621,-0.6805404,-0.1431977,
1,5,12.623,-0.03004902,0.04326172,-0.8642099,-0.159654,0.700621,-0.6805404,-0.1431977,
1,5,12.625,-0.03004902,0.04326172,-0.8642099,-0.159654,0.700621,-0.6805404,-0.1431977,
1,5,12.627,-0.03004902,0.04326172,-0.8642099,-0.159654,0.700621,-0.6805404,-0.1431977,
1,5,12.629,-0.03010155,0.04329086,-0.8642257,-0.1595275,0.7005842,-0.6805884,-0.1432912,
1,5,12.631,-0.03010155,0.04329086,-0.8642257,-0.1595275,0.7005842,-0.6805884,-0.1432912,
1,5,12.633,-0.03010155,0.04329086,-0.8642257,-0.1595275,0.7005842,-0.6805884,-0.1432912,
1,5,12.635,-0.03010155,0.04329086,-0.8642257,-0.1595275,0.7005842,-0.6805884,-0.1432912,
1,5,12.637,-0.03007301,0.04326662,-0.8642256,-0.159534,0.7005428,-0.6806371,-0.1432543,
1,5,12.639,-0.03007301,0.04326662,-0.8642256,-0.159534,0.7005428,-0.6806371,-0.1432543,
1,5,12.641,-0.03007301,0.04326662,-0.8642256,-0.159534,0.7005428,-0.6806371,-0.1432543,
1,5,12.643,-0.03007301,0.04326662,-0.8642256,-0.159534,0.7005428,-0.6806371,-0.1432543,
1,5,12.645,-0.03005473,0.04324465,-0.8642179,-0.1595125,0.7005045,-0.6806829,-0.1432478,
1,5,12.647,-0.03005473,0.04324465,-0.8642179,-0.1595125,0.7005045,-0.6806829,-0.1432478,
1,5,12.649,-0.03005473,0.04324465,-0.8642179,-0.1595125,0.7005045,-0.6806829,-0.1432478,
1,5,12.651,-0.03005473,0.04324465,-0.8642179,-0.1595125,0.7005045,-0.6806829,-0.1432478,
1,5,12.653,-0.03005156,0.04322988,-0.8642079,-0.1595391,0.7004944,-0.6806909,-0.1432298,
1,5,12.655,-0.03005156,0.04322988,-0.8642079,-0.1595391,0.7004944,-0.6806909,-0.1432298,
1,5,12.657,-0.03005156,0.04322988,-0.8642079,-0.1595391,0.7004944,-0.6806909,-0.1432298,
1,5,12.659,-0.03005156,0.04322988,-0.8642079,-0.1595391,0.7004944,-0.6806909,-0.1432298,
1,5,12.661,-0.03004458,0.04322505,-0.8642172,-0.1595443,0.7004905,-0.680695,-0.1432242,
1,5,12.663,-0.03004458,0.04322505,-0.8642172,-0.1595443,0.7004905,-0.680695,-0.1432242,
1,5,12.665,-0.03004458,0.04322505,-0.8642172,-0.1595443,0.7004905,-0.680695,-0.1432242,
1,5,12.667,-0.03004458,0.04322505,-0.8642172,-0.1595443,0.7004905,-0.680695,-0.1432242,
1,5,12.669,-0.03007924,0.04325181,-0.8642132,-0.1595111,0.7005235,-0.6806646,-0.1432436,
1,5,12.671,-0.03007924,0.04325181,-0.8642132,-0.1595111,0.7005235,-0.6806646,-0.1432436,
1,5,12.673,-0.03007924,0.04325181,-0.8642132,-0.1595111,0.7005235,-0.6806646,-0.1432436,
1,5,12.675,-0.03007924,0.04325181,-0.8642132,-0.1595111,0.7005235,-0.6806646,-0.1432436,
1,5,12.677,-0.03007924,0.04325181,-0.8642132,-0.1595111,0.7005235,-0.6806646,-0.1432436,
1,5,12.679,-0.03010049,0.04326325,-0.8642086,-0.1594848,0.7005311,-0.6806517,-0.1432975,
1,5,12.681,-0.03010049,0.04326325,-0.8642086,-0.1594848,0.7005311,-0.6806517,-0.1432975,
1,5,12.683,-0.03010049,0.04326325,-0.8642086,-0.1594848,0.7005311,-0.6806517,-0.1432975,
1,5,12.685,-0.03010049,0.04326325,-0.8642086,-0.1594848,0.7005311,-0.6806517,-0.1432975,
1,5,12.687,-0.03007928,0.04323193,-0.864215,-0.1595005,0.7005187,-0.6806667,-0.1432685,
1,5,12.689,-0.03007928,0.04323193,-0.864215,-0.1595005,0.7005187,-0.6806667,-0.1432685,
1,5,12.691,-0.03007928,0.04323193,-0.864215,-0.1595005,0.7005187,-0.6806667,-0.1432685,
1,5,12.693,-0.03007928,0.04323193,-0.864215,-0.1595005,0.7005187,-0.6806667,-0.1432685,
1,5,12.695,-0.03005939,0.04321116,-0.8642067,-0.1595179,0.7005075,-0.6806767,-0.1432568,
1,5,12.697,-0.03005939,0.04321116,-0.8642067,-0.1595179,0.7005075,-0.6806767,-0.1432568,
1,5,12.699,-0.03005939,0.04321116,-0.8642067,-0.1595179,0.7005075,-0.6806767,-0.1432568,
1,5,12.701,-0.03005939,0.04321116,-0.8642067,-0.1595179,0.7005075,-0.6806767,-0.1432568,
1,5,12.703,-0.03008086,0.04321147,-0.8641979,-0.1594852,0.700504,-0.6807008,-0.1431961,
1,5,12.705,-0.03008086,0.04321147,-0.8641979,-0.1594852,0.700504,-0.6807008,-0.1431961,
1,5,12.707,-0.03008086,0.04321147,-0.8641979,-0.1594852,0.700504,-0.6807008,-0.1431961,
1,5,12.709,-0.03008086,0.04321147,-0.8641979,-0.1594852,0.700504,-0.6807008,-0.1431961,
1,5,12.711,-0.03009543,0.04320971,-0.8642052,-0.1594667,0.7004835,-0.680746,-0.1431018,
1,5,12.713,-0.03009543,0.04320971,-0.8642052,-0.1594667,0.7004835,-0.680746,-0.1431018,
1,5,12.715,-0.03009543,0.04320971,-0.8642052,-0.1594667,0.7004835,-0.680746,-0.1431018,
1,5,12.717,-0.03009543,0.04320971,-0.8642052,-0.1594667,0.7004835,-0.680746,-0.1431018,
1,5,12.719,-0.03009626,0.04321764,-0.864211,-0.1594487,0.7004893,-0.6807461,-0.1430928,
1,5,12.721,-0.03009626,0.04321764,-0.864211,-0.1594487,0.7004893,-0.6807461,-0.1430928,
1,5,12.723,-0.03009626,0.04321764,-0.864211,-0.1594487,0.7004893,-0.6807461,-0.1430928,
1,5,12.725,-0.03009626,0.04321764,-0.864211,-0.1594487,0.7004893,-0.6807461,-0.1430928,
1,5,12.727,-0.03009626,0.04321764,-0.864211,-0.1594487,0.7004893,-0.6807461,-0.1430928,
1,5,12.729,-0.03008502,0.04321776,-0.8642083,-0.1594591,0.7004962,-0.6807423,-0.1430656,
1,5,12.731,-0.03008502,0.04321776,-0.8642083,-0.1594591,0.7004962,-0.6807423,-0.1430656,
1,5,12.733,-0.03008502,0.04321776,-0.8642083,-0.1594591,0.7004962,-0.6807423,-0.1430656,
1,5,12.735,-0.03008502,0.04321776,-0.8642083,-0.1594591,0.7004962,-0.6807423,-0.1430656,
1,5,12.737,-0.03008561,0.04321105,-0.864208,-0.1594741,0.7005114,-0.6807252,-0.1430565,
1,5,12.739,-0.03008561,0.04321105,-0.864208,-0.1594741,0.7005114,-0.6807252,-0.1430565,
1,5,12.741,-0.03008561,0.04321105,-0.864208,-0.1594741,0.7005114,-0.6807252,-0.1430565,
1,5,12.743,-0.03008561,0.04321105,-0.864208,-0.1594741,0.7005114,-0.6807252,-0.1430565,
1,5,12.745,-0.03010985,0.04324617,-0.8642062,-0.1594232,0.7005186,-0.6807178,-0.1431122,
1,5,12.747,-0.03010985,0.04324617,-0.8642062,-0.1594232,0.7005186,-0.6807178,-0.1431122,
1,5,12.749,-0.03010985,0.04324617,-0.8642062,-0.1594232,0.7005186,-0.6807178,-0.1431122,
1,5,12.751,-0.03010985,0.04324617,-0.8642062,-0.1594232,0.7005186,-0.6807178,-0.1431122,
1,5,12.753,-0.0301293,0.04326553,-0.8642033,-0.1594046,0.7005333,-0.6807002,-0.1431455,
1,5,12.755,-0.0301293,0.04326553,-0.8642033,-0.1594046,0.7005333,-0.6807002,-0.1431455,
1,5,12.757,-0.0301293,0.04326553,-0.8642033,-0.1594046,0.7005333,-0.6807002,-0.1431455,
1,5,12.759,-0.0301293,0.04326553,-0.8642033,-0.1594046,0.7005333,-0.6807002,-0.1431455,
1,5,12.761,-0.03009748,0.04324182,-0.8642102,-0.1594192,0.7005066,-0.6807293,-0.1431216,
1,5,12.763,-0.03009748,0.04324182,-0.8642102,-0.1594192,0.7005066,-0.6807293,-0.1431216,
1,5,12.765,-0.03009748,0.04324182,-0.8642102,-0.1594192,0.7005066,-0.6807293,-0.1431216,
1,5,12.767,-0.03009748,0.04324182,-0.8642102,-0.1594192,0.7005066,-0.6807293,-0.1431216,
1,5,12.769,-0.03008617,0.04322446,-0.864216,-0.1594228,0.7005055,-0.6807345,-0.1430982,
1,5,12.771,-0.03008617,0.04322446,-0.864216,-0.1594228,0.7005055,-0.6807345,-0.1430982,
1,5,12.773,-0.03008617,0.04322446,-0.864216,-0.1594228,0.7005055,-0.6807345,-0.1430982,
1,5,12.775,-0.03008617,0.04322446,-0.864216,-0.1594228,0.7005055,-0.6807345,-0.1430982,
1,5,12.777,-0.03008617,0.04322446,-0.864216,-0.1594228,0.7005055,-0.6807345,-0.1430982,
1,5,12.779,-0.03008256,0.04321825,-0.8642143,-0.1594319,0.7005044,-0.6807402,-0.1430656,
1,5,12.781,-0.03008256,0.04321825,-0.8642143,-0.1594319,0.7005044,-0.6807402,-0.1430656,
1,5,12.783,-0.03008256,0.04321825,-0.8642143,-0.1594319,0.7005044,-0.6807402,-0.1430656,
1,5,12.785,-0.03008256,0.04321825,-0.8642143,-0.1594319,0.7005044,-0.6807402,-0.1430656,
1,5,12.787,-0.0300845,0.04321387,-0.8642205,-0.1594366,0.7004919,-0.6807497,-0.1430767,
1,5,12.789,-0.0300845,0.04321387,-0.8642205,-0.1594366,0.7004919,-0.6807497,-0.1430767,
1,5,12.791,-0.0300845,0.04321387,-0.8642205,-0.1594366,0.7004919,-0.6807497,-0.1430767,
1,5,12.793,-0.0300845,0.04321387,-0.8642205,-0.1594366,0.7004919,-0.6807497,-0.1430767,
1,5,12.795,-0.03008384,0.04322474,-0.8642178,-0.1594396,0.7004861,-0.6807533,-0.1430845,
1,5,12.797,-0.03008384,0.04322474,-0.8642178,-0.1594396,0.7004861,-0.6807533,-0.1430845,
1,5,12.799,-0.03008384,0.04322474,-0.8642178,-0.1594396,0.7004861,-0.6807533,-0.1430845,
1,5,12.801,-0.03008384,0.04322474,-0.8642178,-0.1594396,0.7004861,-0.6807533,-0.1430845,
1,5,12.803,-0.03008787,0.04320852,-0.8642037,-0.1594374,0.7004918,-0.6807419,-0.1431136,
1,5,12.805,-0.03008787,0.04320852,-0.8642037,-0.1594374,0.7004918,-0.6807419,-0.1431136,
1,5,12.807,-0.03008787,0.04320852,-0.8642037,-0.1594374,0.7004918,-0.6807419,-0.1431136,
1,5,12.809,-0.03008787,0.04320852,-0.8642037,-0.1594374,0.7004918,-0.6807419,-0.1431136,
1,5,12.811,-0.03008211,0.04320743,-0.864198,-0.1594556,0.700511,-0.6807256,-0.1430765,
1,5,12.813,-0.03008211,0.04320743,-0.864198,-0.1594556,0.700511,-0.6807256,-0.1430765,
1,5,12.815,-0.03008211,0.04320743,-0.864198,-0.1594556,0.700511,-0.6807256,-0.1430765,
1,5,12.817,-0.03008211,0.04320743,-0.864198,-0.1594556,0.700511,-0.6807256,-0.1430765,
1,5,12.819,-0.030072,0.04320846,-0.8642011,-0.1594669,0.7004895,-0.6807428,-0.1430876,
1,5,12.821,-0.030072,0.04320846,-0.8642011,-0.1594669,0.7004895,-0.6807428,-0.1430876,
1,5,12.823,-0.030072,0.04320846,-0.8642011,-0.1594669,0.7004895,-0.6807428,-0.1430876,
1,5,12.825,-0.030072,0.04320846,-0.8642011,-0.1594669,0.7004895,-0.6807428,-0.1430876,
1,5,12.827,-0.030072,0.04320846,-0.8642011,-0.1594669,0.7004895,-0.6807428,-0.1430876,
1,5,12.829,-0.03007878,0.04320797,-0.8642107,-0.1594672,0.7004827,-0.6807484,-0.1430941,
1,5,12.831,-0.03007878,0.04320797,-0.8642107,-0.1594672,0.7004827,-0.6807484,-0.1430941,
1,5,12.833,-0.03007878,0.04320797,-0.8642107,-0.1594672,0.7004827,-0.6807484,-0.1430941,
1,5,12.835,-0.03007878,0.04320797,-0.8642107,-0.1594672,0.7004827,-0.6807484,-0.1430941,
1,5,12.837,-0.03008271,0.04320559,-0.8642008,-0.1594747,0.7004817,-0.680752,-0.1430732,
1,5,12.839,-0.03008271,0.04320559,-0.8642008,-0.1594747,0.7004817,-0.680752,-0.1430732,
1,5,12.841,-0.03008271,0.04320559,-0.8642008,-0.1594747,0.7004817,-0.680752,-0.1430732,
1,5,12.843,-0.03008271,0.04320559,-0.8642008,-0.1594747,0.7004817,-0.680752,-0.1430732,
1,5,12.845,-0.03008629,0.04320602,-0.8641953,-0.1594954,0.7004952,-0.6807351,-0.1430644,
1,5,12.847,-0.03008629,0.04320602,-0.8641953,-0.1594954,0.7004952,-0.6807351,-0.1430644,
1,5,12.849,-0.03008629,0.04320602,-0.8641953,-0.1594954,0.7004952,-0.6807351,-0.1430644,
1,5,12.851,-0.03008629,0.04320602,-0.8641953,-0.1594954,0.7004952,-0.6807351,-0.1430644,
1,5,12.853,-0.03009448,0.04319169,-0.8641924,-0.1594809,0.700491,-0.6807407,-0.143075,
1,5,12.855,-0.03009448,0.04319169,-0.8641924,-0.1594809,0.700491,-0.6807407,-0.143075,
1,5,12.857,-0.03009448,0.04319169,-0.8641924,-0.1594809,0.700491,-0.6807407,-0.143075,
1,5,12.859,-0.03009448,0.04319169,-0.8641924,-0.1594809,0.700491,-0.6807407,-0.143075,
1,5,12.861,-0.03007882,0.04321071,-0.8641982,-0.1594698,0.700497,-0.6807377,-0.1430715,
1,5,12.863,-0.03007882,0.04321071,-0.8641982,-0.1594698,0.700497,-0.6807377,-0.1430715,
1,5,12.865,-0.03007882,0.04321071,-0.8641982,-0.1594698,0.700497,-0.6807377,-0.1430715,
1,5,12.867,-0.03007882,0.04321071,-0.8641982,-0.1594698,0.700497,-0.6807377,-0.1430715,
1,5,12.869,-0.03010024,0.0432305,-0.8641984,-0.1594626,0.7004991,-0.6807284,-0.1431139,
1,5,12.871,-0.03010024,0.0432305,-0.8641984,-0.1594626,0.7004991,-0.6807284,-0.1431139,
1,5,12.873,-0.03010024,0.0432305,-0.8641984,-0.1594626,0.7004991,-0.6807284,-0.1431139,
1,5,12.875,-0.03010024,0.0432305,-0.8641984,-0.1594626,0.7004991,-0.6807284,-0.1431139,
1,5,12.877,-0.03010024,0.0432305,-0.8641984,-0.1594626,0.7004991,-0.6807284,-0.1431139,
1,5,12.879,-0.03007453,0.0432202,-0.8642066,-0.1594622,0.7004909,-0.680743,-0.1430852,
1,5,12.881,-0.03007453,0.0432202,-0.8642066,-0.1594622,0.7004909,-0.680743,-0.1430852,
1,5,12.883,-0.03007453,0.0432202,-0.8642066,-0.1594622,0.7004909,-0.680743,-0.1430852,
1,5,12.885,-0.03007453,0.0432202,-0.8642066,-0.1594622,0.7004909,-0.680743,-0.1430852,
1,5,12.887,-0.03007128,0.04322861,-0.8642136,-0.1594653,0.700498,-0.6807358,-0.1430806,
1,5,12.889,-0.03007128,0.04322861,-0.8642136,-0.1594653,0.700498,-0.6807358,-0.1430806,
1,5,12.891,-0.03007128,0.04322861,-0.8642136,-0.1594653,0.700498,-0.6807358,-0.1430806,
1,5,12.893,-0.03007128,0.04322861,-0.8642136,-0.1594653,0.700498,-0.6807358,-0.1430806,
1,5,12.895,-0.03005851,0.04323229,-0.8642178,-0.1594881,0.7005115,-0.6807187,-0.1430714,
1,5,12.897,-0.03005851,0.04323229,-0.8642178,-0.1594881,0.7005115,-0.6807187,-0.1430714,
1,5,12.899,-0.03005851,0.04323229,-0.8642178,-0.1594881,0.7005115,-0.6807187,-0.1430714,
1,5,12.901,-0.03005851,0.04323229,-0.8642178,-0.1594881,0.7005115,-0.6807187,-0.1430714,
1,5,12.903,-0.03006232,0.04323827,-0.864214,-0.159463,0.7005172,-0.6807202,-0.1430645,
1,5,12.905,-0.03006232,0.04323827,-0.864214,-0.159463,0.7005172,-0.6807202,-0.1430645,
1,5,12.907,-0.03006232,0.04323827,-0.864214,-0.159463,0.7005172,-0.6807202,-0.1430645,
1,5,12.909,-0.03006232,0.04323827,-0.864214,-0.159463,0.7005172,-0.6807202,-0.1430645,
1,5,12.911,-0.03006787,0.04324859,-0.8642032,-0.1594849,0.7005364,-0.6806998,-0.143043,
1,5,12.913,-0.03006787,0.04324859,-0.8642032,-0.1594849,0.7005364,-0.6806998,-0.143043,
1,5,12.915,-0.03006787,0.04324859,-0.8642032,-0.1594849,0.7005364,-0.6806998,-0.143043,
1,5,12.917,-0.03006787,0.04324859,-0.8642032,-0.1594849,0.7005364,-0.6806998,-0.143043,
1,5,12.919,-0.03006971,0.04323716,-0.8642124,-0.1594764,0.7005205,-0.6807163,-0.1430514,
1,5,12.921,-0.03006971,0.04323716,-0.8642124,-0.1594764,0.7005205,-0.6807163,-0.1430514,
1,5,12.923,-0.03006971,0.04323716,-0.8642124,-0.1594764,0.7005205,-0.6807163,-0.1430514,
1,5,12.925,-0.03006971,0.04323716,-0.8642124,-0.1594764,0.7005205,-0.6807163,-0.1430514,
1,5,12.927,-0.03006971,0.04323716,-0.8642124,-0.1594764,0.7005205,-0.6807163,-0.1430514,
1,5,12.929,-0.03006701,0.0432212,-0.8642054,-0.1594907,0.7005207,-0.6807135,-0.1430476,
1,5,12.931,-0.03006701,0.0432212,-0.8642054,-0.1594907,0.7005207,-0.6807135,-0.1430476,
1,5,12.933,-0.03006701,0.0432212,-0.8642054,-0.1594907,0.7005207,-0.6807135,-0.1430476,
1,5,12.935,-0.03006701,0.0432212,-0.8642054,-0.1594907,0.7005207,-0.6807135,-0.1430476,
1,5,12.937,-0.03007683,0.04323483,-0.8642061,-0.1594705,0.7005132,-0.6807132,-0.1431086,
1,5,12.939,-0.03007683,0.04323483,-0.8642061,-0.1594705,0.7005132,-0.6807132,-0.1431086,
1,5,12.941,-0.03007683,0.04323483,-0.8642061,-0.1594705,0.7005132,-0.6807132,-0.1431086,
1,5,12.943,-0.03007683,0.04323483,-0.8642061,-0.1594705,0.7005132,-0.6807132,-0.1431086,
1,5,12.945,-0.03007637,0.04322406,-0.8641959,-0.1594642,0.7005069,-0.6807209,-0.1431105,
1,5,12.947,-0.03007637,0.04322406,-0.8641959,-0.1594642,0.7005069,-0.6807209,-0.1431105,
1,5,12.949,-0.03007637,0.04322406,-0.8641959,-0.1594642,0.7005069,-0.6807209,-0.1431105,
1,5,12.951,-0.03007637,0.04322406,-0.8641959,-0.1594642,0.7005069,-0.6807209,-0.1431105,
1,5,12.953,-0.0300669,0.04321445,-0.8642077,-0.1595152,0.7005253,-0.6806969,-0.1430766,
1,5,12.955,-0.0300669,0.04321445,-0.8642077,-0.1595152,0.7005253,-0.6806969,-0.1430766,
1,5,12.957,-0.0300669,0.04321445,-0.8642077,-0.1595152,0.7005253,-0.6806969,-0.1430766,
1,5,12.959,-0.0300669,0.04321445,-0.8642077,-0.1595152,0.7005253,-0.6806969,-0.1430766,
1,5,12.961,-0.03010409,0.0432317,-0.8642018,-0.1594808,0.700513,-0.680707,-0.1431278,
1,5,12.963,-0.03010409,0.0432317,-0.8642018,-0.1594808,0.700513,-0.680707,-0.1431278,
1,5,12.965,-0.03010409,0.0432317,-0.8642018,-0.1594808,0.700513,-0.680707,-0.1431278,
1,5,12.967,-0.03010409,0.0432317,-0.8642018,-0.1594808,0.700513,-0.680707,-0.1431278,
1,5,12.969,-0.03007681,0.04321482,-0.8642085,-0.1594221,0.7004962,-0.6807412,-0.1431124,
1,5,12.971,-0.03007681,0.04321482,-0.8642085,-0.1594221,0.7004962,-0.6807412,-0.1431124,
1,5,12.973,-0.03007681,0.04321482,-0.8642085,-0.1594221,0.7004962,-0.6807412,-0.1431124,
1,5,12.975,-0.03007681,0.04321482,-0.8642085,-0.1594221,0.7004962,-0.6807412,-0.1431124,
1,5,12.977,-0.03007681,0.04321482,-0.8642085,-0.1594221,0.7004962,-0.6807412,-0.1431124,
1,5,12.979,-0.03008402,0.04322438,-0.8642079,-0.1594462,0.7005033,-0.6807286,-0.1431105,
1,5,12.981,-0.03008402,0.04322438,-0.8642079,-0.1594462,0.7005033,-0.6807286,-0.1431105,
1,5,12.983,-0.03008402,0.04322438,-0.8642079,-0.1594462,0.7005033,-0.6807286,-0.1431105,
1,5,12.985,-0.03008402,0.04322438,-0.8642079,-0.1594462,0.7005033,-0.6807286,-0.1431105,
1,5,12.987,-0.03012134,0.04323434,-0.8641806,-0.1593674,0.7004423,-0.6807999,-0.1431583,
1,5,12.989,-0.03012134,0.04323434,-0.8641806,-0.1593674,0.7004423,-0.6807999,-0.1431583,
1,5,12.991,-0.03012134,0.04323434,-0.8641806,-0.1593674,0.7004423,-0.6807999,-0.1431583,
1,5,12.993,-0.03012134,0.04323434,-0.8641806,-0.1593674,0.7004423,-0.6807999,-0.1431583,
1,5,12.995,-0.0301219,0.0432361,-0.8641737,-0.1593396,0.7004138,-0.6808351,-0.143161,
1,5,12.997,-0.0301219,0.0432361,-0.8641737,-0.1593396,0.7004138,-0.6808351,-0.143161,
1,5,12.999,-0.0301219,0.0432361,-0.8641737,-0.1593396,0.7004138,-0.6808351,-0.143161,
1,5,13.001,-0.0301219,0.0432361,-0.8641737,-0.1593396,0.7004138,-0.6808351,-0.143161,
1,5,13.003,-0.03009798,0.04323694,-0.8641829,-0.1593254,0.7004108,-0.6808441,-0.1431484,
1,5,13.005,-0.03009798,0.04323694,-0.8641829,-0.1593254,0.7004108,-0.6808441,-0.1431484,
1,5,13.007,-0.03009798,0.04323694,-0.8641829,-0.1593254,0.7004108,-0.6808441,-0.1431484,
1,5,13.009,-0.03009798,0.04323694,-0.8641829,-0.1593254,0.7004108,-0.6808441,-0.1431484,
1,5,13.011,-0.03010664,0.04322614,-0.8641806,-0.1593346,0.7004211,-0.6808324,-0.1431437,
1,5,13.013,-0.03010664,0.04322614,-0.8641806,-0.1593346,0.7004211,-0.6808324,-0.1431437,
1,5,13.015,-0.03010664,0.04322614,-0.8641806,-0.1593346,0.7004211,-0.6808324,-0.1431437,
1,5,13.017,-0.03010664,0.04322614,-0.8641806,-0.1593346,0.7004211,-0.6808324,-0.1431437,
1,5,13.019,-0.03007348,0.0431938,-0.864174,-0.159381,0.7004103,-0.6808472,-0.1430739,
1,5,13.021,-0.03007348,0.0431938,-0.864174,-0.159381,0.7004103,-0.6808472,-0.1430739,
1,5,13.023,-0.03007348,0.0431938,-0.864174,-0.159381,0.7004103,-0.6808472,-0.1430739,
1,5,13.025,-0.03007348,0.0431938,-0.864174,-0.159381,0.7004103,-0.6808472,-0.1430739,
1,5,13.027,-0.03007348,0.0431938,-0.864174,-0.159381,0.7004103,-0.6808472,-0.1430739,
1,5,13.029,-0.03005831,0.04318698,-0.864199,-0.1594318,0.7004371,-0.6808197,-0.143017,
1,5,13.031,-0.03005831,0.04318698,-0.864199,-0.1594318,0.7004371,-0.6808197,-0.143017,
1,5,13.033,-0.03005831,0.04318698,-0.864199,-0.1594318,0.7004371,-0.6808197,-0.143017,
1,5,13.035,-0.03005831,0.04318698,-0.864199,-0.1594318,0.7004371,-0.6808197,-0.143017,
1,5,13.037,-0.03006216,0.04319597,-0.8642288,-0.1594887,0.7004251,-0.6808062,-0.1430768,
1,5,13.039,-0.03006216,0.04319597,-0.8642288,-0.1594887,0.7004251,-0.6808062,-0.1430768,
1,5,13.041,-0.03006216,0.04319597,-0.8642288,-0.1594887,0.7004251,-0.6808062,-0.1430768,
1,5,13.043,-0.03006216,0.04319597,-0.8642288,-0.1594887,0.7004251,-0.6808062,-0.1430768,
1,5,13.045,-0.0300845,0.04320905,-0.864179,-0.1593825,0.7003978,-0.6808859,-0.1429493,
1,5,13.047,-0.0300845,0.04320905,-0.864179,-0.1593825,0.7003978,-0.6808859,-0.1429493,
1,5,13.049,-0.0300845,0.04320905,-0.864179,-0.1593825,0.7003978,-0.6808859,-0.1429493,
1,5,13.051,-0.0300845,0.04320905,-0.864179,-0.1593825,0.7003978,-0.6808859,-0.1429493,
1,5,13.053,-0.03006901,0.04320425,-0.8641651,-0.1593001,0.7004032,-0.6809241,-0.1428328,
1,5,13.055,-0.03006901,0.04320425,-0.8641651,-0.1593001,0.7004032,-0.6809241,-0.1428328,
1,5,13.057,-0.03006901,0.04320425,-0.8641651,-0.1593001,0.7004032,-0.6809241,-0.1428328,
1,5,13.059,-0.03006901,0.04320425,-0.8641651,-0.1593001,0.7004032,-0.6809241,-0.1428328,
1,5,13.061,-0.03006934,0.04319925,-0.8641508,-0.1592841,0.7003844,-0.6809499,-0.1428202,
1,5,13.063,-0.03006934,0.04319925,-0.8641508,-0.1592841,0.7003844,-0.6809499,-0.1428202,
1,5,13.065,-0.03006934,0.04319925,-0.8641508,-0.1592841,0.7003844,-0.6809499,-0.1428202,
1,5,13.067,-0.03006934,0.04319925,-0.8641508,-0.1592841,0.7003844,-0.6809499,-0.1428202,
1,5,13.069,-0.0300613,0.04319183,-0.864174,-0.1592937,0.7003892,-0.6809449,-0.14281,
1,5,13.071,-0.0300613,0.04319183,-0.864174,-0.1592937,0.7003892,-0.6809449,-0.14281,
1,5,13.073,-0.0300613,0.04319183,-0.864174,-0.1592937,0.7003892,-0.6809449,-0.14281,
1,5,13.075,-0.0300613,0.04319183,-0.864174,-0.1592937,0.7003892,-0.6809449,-0.14281,
1,5,13.077,-0.0300613,0.04319183,-0.864174,-0.1592937,0.7003892,-0.6809449,-0.14281,
1,5,13.079,-0.03003965,0.04315947,-0.8641555,-0.1593457,0.7003651,-0.6809608,-0.1427942,
1,5,13.081,-0.03003965,0.04315947,-0.8641555,-0.1593457,0.7003651,-0.6809608,-0.1427942,
1,5,13.083,-0.03003965,0.04315947,-0.8641555,-0.1593457,0.7003651,-0.6809608,-0.1427942,
1,5,13.085,-0.03003965,0.04315947,-0.8641555,-0.1593457,0.7003651,-0.6809608,-0.1427942,
1,5,13.087,-0.03005577,0.04315894,-0.8641338,-0.1594281,0.7003771,-0.6809332,-0.1427746,
1,5,13.089,-0.03005577,0.04315894,-0.8641338,-0.1594281,0.7003771,-0.6809332,-0.1427746,
1,5,13.091,-0.03005577,0.04315894,-0.8641338,-0.1594281,0.7003771,-0.6809332,-0.1427746,
1,5,13.093,-0.03005577,0.04315894,-0.8641338,-0.1594281,0.7003771,-0.6809332,-0.1427746,
1,5,13.095,-0.03009536,0.0431716,-0.8641207,-0.1594413,0.7003689,-0.6809331,-0.1428011,
1,5,13.097,-0.03009536,0.0431716,-0.8641207,-0.1594413,0.7003689,-0.6809331,-0.1428011,
1,5,13.099,-0.03009536,0.0431716,-0.8641207,-0.1594413,0.7003689,-0.6809331,-0.1428011,
1,5,13.101,-0.03009536,0.0431716,-0.8641207,-0.1594413,0.7003689,-0.6809331,-0.1428011,
1,5,13.103,-0.03009601,0.04316808,-0.8641179,-0.1594681,0.7003753,-0.6809254,-0.1427763,
1,5,13.105,-0.03009601,0.04316808,-0.8641179,-0.1594681,0.7003753,-0.6809254,-0.1427763,
1,5,13.107,-0.03009601,0.04316808,-0.8641179,-0.1594681,0.7003753,-0.6809254,-0.1427763,
1,5,13.109,-0.03009601,0.04316808,-0.8641179,-0.1594681,0.7003753,-0.6809254,-0.1427763,
1,5,13.111,-0.03009408,0.04318171,-0.8641196,-0.1594479,0.700399,-0.680909,-0.1427609,
1,5,13.113,-0.03009408,0.04318171,-0.8641196,-0.1594479,0.700399,-0.680909,-0.1427609,
1,5,13.115,-0.03009408,0.04318171,-0.8641196,-0.1594479,0.700399,-0.680909,-0.1427609,
1,5,13.117,-0.03009408,0.04318171,-0.8641196,-0.1594479,0.700399,-0.680909,-0.1427609,
1,5,13.119,-0.03014473,0.04321551,-0.8641136,-0.1593862,0.7004175,-0.6808922,-0.1428193,
1,5,13.121,-0.03014473,0.04321551,-0.8641136,-0.1593862,0.7004175,-0.6808922,-0.1428193,
1,5,13.123,-0.03014473,0.04321551,-0.8641136,-0.1593862,0.7004175,-0.6808922,-0.1428193,
1,5,13.125,-0.03014473,0.04321551,-0.8641136,-0.1593862,0.7004175,-0.6808922,-0.1428193,
1,5,13.127,-0.03014473,0.04321551,-0.8641136,-0.1593862,0.7004175,-0.6808922,-0.1428193,
1,5,13.129,-0.03011389,0.04319996,-0.8640999,-0.15939,0.7003962,-0.6809118,-0.1428262,
1,5,13.131,-0.03011389,0.04319996,-0.8640999,-0.15939,0.7003962,-0.6809118,-0.1428262,
1,5,13.133,-0.03011389,0.04319996,-0.8640999,-0.15939,0.7003962,-0.6809118,-0.1428262,
1,5,13.135,-0.03011389,0.04319996,-0.8640999,-0.15939,0.7003962,-0.6809118,-0.1428262,
1,5,13.137,-0.03008635,0.04317696,-0.8641176,-0.1594234,0.700388,-0.6809164,-0.1428068,
1,5,13.139,-0.03008635,0.04317696,-0.8641176,-0.1594234,0.700388,-0.6809164,-0.1428068,
1,5,13.141,-0.03008635,0.04317696,-0.8641176,-0.1594234,0.700388,-0.6809164,-0.1428068,
1,5,13.143,-0.03008635,0.04317696,-0.8641176,-0.1594234,0.700388,-0.6809164,-0.1428068,
1,5,13.145,-0.03007866,0.04317632,-0.8641331,-0.1594439,0.7003735,-0.6809275,-0.1428017,
1,5,13.147,-0.03007866,0.04317632,-0.8641331,-0.1594439,0.7003735,-0.6809275,-0.1428017,
1,5,13.149,-0.03007866,0.04317632,-0.8641331,-0.1594439,0.7003735,-0.6809275,-0.1428017,
1,5,13.151,-0.03007866,0.04317632,-0.8641331,-0.1594439,0.7003735,-0.6809275,-0.1428017,
1,5,13.153,-0.03012493,0.04319786,-0.8641089,-0.1593504,0.7003665,-0.6809386,-0.1428875,
1,5,13.155,-0.03012493,0.04319786,-0.8641089,-0.1593504,0.7003665,-0.6809386,-0.1428875,
1,5,13.157,-0.03012493,0.04319786,-0.8641089,-0.1593504,0.7003665,-0.6809386,-0.1428875,
1,5,13.159,-0.03012493,0.04319786,-0.8641089,-0.1593504,0.7003665,-0.6809386,-0.1428875,
1,5,13.161,-0.03009891,0.0431871,-0.8641322,-0.1594434,0.7003945,-0.6809031,-0.1428161,
1,5,13.163,-0.03009891,0.0431871,-0.8641322,-0.1594434,0.7003945,-0.6809031,-0.1428161,
1,5,13.165,-0.03009891,0.0431871,-0.8641322,-0.1594434,0.7003945,-0.6809031,-0.1428161,
1,5,13.167,-0.03009891,0.0431871,-0.8641322,-0.1594434,0.7003945,-0.6809031,-0.1428161,
1,5,13.169,-0.03012904,0.04319287,-0.8641193,-0.1593912,0.700363,-0.6809436,-0.1428353,
1,5,13.171,-0.03012904,0.04319287,-0.8641193,-0.1593912,0.700363,-0.6809436,-0.1428353,
1,5,13.173,-0.03012904,0.04319287,-0.8641193,-0.1593912,0.700363,-0.6809436,-0.1428353,
1,5,13.175,-0.03012904,0.04319287,-0.8641193,-0.1593912,0.700363,-0.6809436,-0.1428353,
1,5,13.177,-0.03012904,0.04319287,-0.8641193,-0.1593912,0.700363,-0.6809436,-0.1428353,
1,5,13.179,-0.03013451,0.04318162,-0.8640989,-0.1593594,0.7003605,-0.6809543,-0.1428328,
1,5,13.181,-0.03013451,0.04318162,-0.8640989,-0.1593594,0.7003605,-0.6809543,-0.1428328,CourtEnter
1,5,13.183,-0.03013451,0.04318162,-0.8640989,-0.1593594,0.7003605,-0.6809543,-0.1428328,
1,5,13.185,-0.03013451,0.04318162,-0.8640989,-0.1593594,0.7003605,-0.6809543,-0.1428328,
1,5,13.187,-0.03013214,0.04319799,-0.8641053,-0.1593191,0.7003525,-0.6809601,-0.1428885,
1,5,13.189,-0.03013214,0.04319799,-0.8641053,-0.1593191,0.7003525,-0.6809601,-0.1428885,CourtExit
1,5,13.191,-0.03013214,0.04319799,-0.8641053,-0.1593191,0.7003525,-0.6809601,-0.1428885,
1,5,13.193,-0.03013214,0.04319799,-0.8641053,-0.1593191,0.7003525,-0.6809601,-0.1428885,
1,5,13.195,-0.03011076,0.04317779,-0.8641094,-0.1593609,0.7003406,-0.6809651,-0.1428769,
1,5,13.197,-0.03011076,0.04317779,-0.8641094,-0.1593609,0.7003406,-0.6809651,-0.1428769,
1,5,13.199,-0.03011076,0.04317779,-0.8641094,-0.1593609,0.7003406,-0.6809651,-0.1428769,
1,5,13.201,-0.03011076,0.04317779,-0.8641094,-0.1593609,0.7003406,-0.6809651,-0.1428769,
1,5,13.203,-0.0301052,0.04318377,-0.8641105,-0.1593454,0.7003608,-0.6809516,-0.1428593,
1,5,13.205,-0.0301052,0.04318377,-0.8641105,-0.1593454,0.7003608,-0.6809516,-0.1428593,
1,5,13.207,-0.0301052,0.04318377,-0.8641105,-0.1593454,0.7003608,-0.6809516,-0.1428593,
1,5,13.209,-0.0301052,0.04318377,-0.8641105,-0.1593454,0.7003608,-0.6809516,-0.1428593,
1,5,13.211,-0.03011653,0.0431982,-0.8641051,-0.1593625,0.7003423,-0.6809603,-0.142889,
1,5,13.213,-0.03011653,0.0431982,-0.8641051,-0.1593625,0.7003423,-0.6809603,-0.142889,
1,5,13.215,-0.03011653,0.0431982,-0.8641051,-0.1593625,0.7003423,-0.6809603,-0.142889,
1,5,13.217,-0.03011653,0.0431982,-0.8641051,-0.1593625,0.7003423,-0.6809603,-0.142889,
1,5,13.219,-0.03011217,0.04318614,-0.8641072,-0.1594163,0.7003602,-0.6809431,-0.1428237,
1,5,13.221,-0.03011217,0.04318614,-0.8641072,-0.1594163,0.7003602,-0.6809431,-0.1428237,
1,5,13.223,-0.03011217,0.04318614,-0.8641072,-0.1594163,0.7003602,-0.6809431,-0.1428237,
1,5,13.225,-0.03011217,0.04318614,-0.8641072,-0.1594163,0.7003602,-0.6809431,-0.1428237,
1,5,13.227,-0.03011217,0.04318614,-0.8641072,-0.1594163,0.7003602,-0.6809431,-0.1428237,
1,5,13.229,-0.03011715,0.04319684,-0.8640897,-0.1594039,0.7003676,-0.6809393,-0.1428192,
1,5,13.231,-0.03011715,0.04319684,-0.8640897,-0.1594039,0.7003676,-0.6809393,-0.1428192,
1,5,13.233,-0.03011715,0.04319684,-0.8640897,-0.1594039,0.7003676,-0.6809393,-0.1428192,
1,5,13.235,-0.03011715,0.04319684,-0.8640897,-0.1594039,0.7003676,-0.6809393,-0.1428192,
1,5,13.237,-0.03011991,0.0432153,-0.8641342,-0.1594099,0.7003925,-0.6808998,-0.1428784,
1,5,13.239,-0.03011991,0.0432153,-0.8641342,-0.1594099,0.7003925,-0.6808998,-0.1428784,
1,5,13.241,-0.03011991,0.0432153,-0.8641342,-0.1594099,0.7003925,-0.6808998,-0.1428784,
1,5,13.243,-0.03011991,0.0432153,-0.8641342,-0.1594099,0.7003925,-0.6808998,-0.1428784,
1,5,13.245,-0.03015901,0.04324677,-0.8641536,-0.1594573,0.7004215,-0.6808467,-0.1429369,
1,5,13.247,-0.03015901,0.04324677,-0.8641536,-0.1594573,0.7004215,-0.6808467,-0.1429369,
1,5,13.249,-0.03015901,0.04324677,-0.8641536,-0.1594573,0.7004215,-0.6808467,-0.1429369,
1,5,13.251,-0.03015901,0.04324677,-0.8641536,-0.1594573,0.7004215,-0.6808467,-0.1429369,
1,5,13.253,-0.03013129,0.04321373,-0.8641267,-0.1594604,0.7004364,-0.6808326,-0.1429273,
1,5,13.255,-0.03013129,0.04321373,-0.8641267,-0.1594604,0.7004364,-0.6808326,-0.1429273,
1,5,13.257,-0.03013129,0.04321373,-0.8641267,-0.1594604,0.7004364,-0.6808326,-0.1429273,
1,5,13.259,-0.03013129,0.04321373,-0.8641267,-0.1594604,0.7004364,-0.6808326,-0.1429273,
1,5,13.261,-0.03015216,0.0432291,-0.8641294,-0.1594371,0.7004303,-0.6808304,-0.1429943,
1,5,13.263,-0.03015216,0.0432291,-0.8641294,-0.1594371,0.7004303,-0.6808304,-0.1429943,
1,5,13.265,-0.03015216,0.0432291,-0.8641294,-0.1594371,0.7004303,-0.6808304,-0.1429943,
1,5,13.267,-0.03015216,0.0432291,-0.8641294,-0.1594371,0.7004303,-0.6808304,-0.1429943,
1,5,13.269,-0.03012079,0.04321936,-0.8641273,-0.1594831,0.7004479,-0.6808175,-0.1429179,
1,5,13.271,-0.03012079,0.04321936,-0.8641273,-0.1594831,0.7004479,-0.6808175,-0.1429179,
1,5,13.273,-0.03012079,0.04321936,-0.8641273,-0.1594831,0.7004479,-0.6808175,-0.1429179,
1,5,13.275,-0.03012079,0.04321936,-0.8641273,-0.1594831,0.7004479,-0.6808175,-0.1429179,
1,5,13.277,-0.03012079,0.04321936,-0.8641273,-0.1594831,0.7004479,-0.6808175,-0.1429179,
1,5,13.279,-0.03015082,0.0432468,-0.8641083,-0.1594589,0.700464,-0.6808017,-0.1429408,
1,5,13.281,-0.03015082,0.0432468,-0.8641083,-0.1594589,0.700464,-0.6808017,-0.1429408,
1,5,13.283,-0.03015082,0.0432468,-0.8641083,-0.1594589,0.700464,-0.6808017,-0.1429408,
1,5,13.285,-0.03015082,0.0432468,-0.8641083,-0.1594589,0.700464,-0.6808017,-0.1429408,
1,5,13.287,-0.03013522,0.0432336,-0.864094,-0.1594716,0.7004616,-0.6808016,-0.1429396,
1,5,13.289,-0.03013522,0.0432336,-0.864094,-0.1594716,0.7004616,-0.6808016,-0.1429396,
1,5,13.291,-0.03013522,0.0432336,-0.864094,-0.1594716,0.7004616,-0.6808016,-0.1429396,
1,5,13.293,-0.03013522,0.0432336,-0.864094,-0.1594716,0.7004616,-0.6808016,-0.1429396,
1,5,13.295,-0.03016191,0.04324778,-0.8641343,-0.1594735,0.7004762,-0.6807477,-0.1431219,
1,5,13.297,-0.03016191,0.04324778,-0.8641343,-0.1594735,0.7004762,-0.6807477,-0.1431219,
1,5,13.299,-0.03016191,0.04324778,-0.8641343,-0.1594735,0.7004762,-0.6807477,-0.1431219,
1,5,13.301,-0.03016191,0.04324778,-0.8641343,-0.1594735,0.7004762,-0.6807477,-0.1431219,
1,5,13.303,-0.03014052,0.0432241,-0.8641398,-0.1595186,0.7004618,-0.6807488,-0.1431371,
1,5,13.305,-0.03014052,0.0432241,-0.8641398,-0.1595186,0.7004618,-0.6807488,-0.1431371,
1,5,13.307,-0.03014052,0.0432241,-0.8641398,-0.1595186,0.7004618,-0.6807488,-0.1431371,
1,5,13.309,-0.03014052,0.0432241,-0.8641398,-0.1595186,0.7004618,-0.6807488,-0.1431371,
1,5,13.311,-0.03015265,0.04324405,-0.8641418,-0.1595148,0.7004653,-0.6807365,-0.1431825,
1,5,13.313,-0.03015265,0.04324405,-0.8641418,-0.1595148,0.7004653,-0.6807365,-0.1431825,
1,5,13.315,-0.03015265,0.04324405,-0.8641418,-0.1595148,0.7004653,-0.6807365,-0.1431825,
1,5,13.317,-0.03015265,0.04324405,-0.8641418,-0.1595148,0.7004653,-0.6807365,-0.1431825,
1,5,13.319,-0.03013575,0.04324022,-0.8641552,-0.159552,0.7004681,-0.6807279,-0.1431689,
1,5,13.321,-0.03013575,0.04324022,-0.8641552,-0.159552,0.7004681,-0.6807279,-0.1431689,
1,5,13.323,-0.03013575,0.04324022,-0.8641552,-0.159552,0.7004681,-0.6807279,-0.1431689,
1,5,13.325,-0.03013575,0.04324022,-0.8641552,-0.159552,0.7004681,-0.6807279,-0.1431689,
1,5,13.327,-0.03013575,0.04324022,-0.8641552,-0.159552,0.7004681,-0.6807279,-0.1431689,
1,5,13.329,-0.03009694,0.04323027,-0.8641939,-0.1595617,0.7004832,-0.6807287,-0.1430793,
1,5,13.331,-0.03009694,0.04323027,-0.8641939,-0.1595617,0.7004832,-0.6807287,-0.1430793,
1,5,13.333,-0.03009694,0.04323027,-0.8641939,-0.1595617,0.7004832,-0.6807287,-0.1430793,
1,5,13.335,-0.03009694,0.04323027,-0.8641939,-0.1595617,0.7004832,-0.6807287,-0.1430793,
1,5,13.337,-0.03010581,0.04323875,-0.8641919,-0.1595451,0.7004719,-0.6807387,-0.1431062,
1,5,13.339,-0.03010581,0.04323875,-0.8641919,-0.1595451,0.7004719,-0.6807387,-0.1431062,
1,5,13.341,-0.03010581,0.04323875,-0.8641919,-0.1595451,0.7004719,-0.6807387,-0.1431062,
1,5,13.343,-0.03010581,0.04323875,-0.8641919,-0.1595451,0.7004719,-0.6807387,-0.1431062,
1,5,13.345,-0.03007092,0.04321384,-0.8641984,-0.1595421,0.7004989,-0.6807162,-0.1430843,
1,5,13.347,-0.03007092,0.04321384,-0.8641984,-0.1595421,0.7004989,-0.6807162,-0.1430843,
1,5,13.349,-0.03007092,0.04321384,-0.8641984,-0.1595421,0.7004989,-0.6807162,-0.1430843,
1,5,13.351,-0.03007092,0.04321384,-0.8641984,-0.1595421,0.7004989,-0.6807162,-0.1430843,
1,5,13.353,-0.03012338,0.04326068,-0.8642113,-0.1594272,0.7005283,-0.680698,-0.1431551,
1,5,13.355,-0.03012338,0.04326068,-0.8642113,-0.1594272,0.7005283,-0.680698,-0.1431551,
1,5,13.357,-0.03012338,0.04326068,-0.8642113,-0.1594272,0.7005283,-0.680698,-0.1431551,
1,5,13.359,-0.03012338,0.04326068,-0.8642113,-0.1594272,0.7005283,-0.680698,-0.1431551,
1,5,13.361,-0.0301035,0.04324631,-0.8642086,-0.1593975,0.7005125,-0.6807214,-0.1431546,
1,5,13.363,-0.0301035,0.04324631,-0.8642086,-0.1593975,0.7005125,-0.6807214,-0.1431546,
1,5,13.365,-0.0301035,0.04324631,-0.8642086,-0.1593975,0.7005125,-0.6807214,-0.1431546,
1,5,13.367,-0.0301035,0.04324631,-0.8642086,-0.1593975,0.7005125,-0.6807214,-0.1431546,
1,5,13.369,-0.03010046,0.04324963,-0.864206,-0.159389,0.7005147,-0.6807212,-0.1431545,
1,5,13.371,-0.03010046,0.04324963,-0.864206,-0.159389,0.7005147,-0.6807212,-0.1431545,
1,5,13.373,-0.03010046,0.04324963,-0.864206,-0.159389,0.7005147,-0.6807212,-0.1431545,
1,5,13.375,-0.03010046,0.04324963,-0.864206,-0.159389,0.7005147,-0.6807212,-0.1431545,
1,5,13.377,-0.03010046,0.04324963,-0.864206,-0.159389,0.7005147,-0.6807212,-0.1431545,
1,5,13.379,-0.03009969,0.04323435,-0.8642096,-0.1593864,0.700485,-0.6807499,-0.1431651,
1,5,13.381,-0.03009969,0.04323435,-0.8642096,-0.1593864,0.700485,-0.6807499,-0.1431651,
1,5,13.383,-0.03009969,0.04323435,-0.8642096,-0.1593864,0.700485,-0.6807499,-0.1431651,
1,5,13.385,-0.03009969,0.04323435,-0.8642096,-0.1593864,0.700485,-0.6807499,-0.1431651,
1,5,13.387,-0.03010687,0.04322995,-0.8642086,-0.1593791,0.70049,-0.6807486,-0.1431552,
1,5,13.389,-0.03010687,0.04322995,-0.8642086,-0.1593791,0.70049,-0.6807486,-0.1431552,
1,5,13.391,-0.03010687,0.04322995,-0.8642086,-0.1593791,0.70049,-0.6807486,-0.1431552,
1,5,13.393,-0.03010687,0.04322995,-0.8642086,-0.1593791,0.70049,-0.6807486,-0.1431552,
1,5,13.395,-0.03009226,0.04322287,-0.8642126,-0.1594197,0.7004719,-0.6807604,-0.1431428,
1,5,13.397,-0.03009226,0.04322287,-0.8642126,-0.1594197,0.7004719,-0.6807604,-0.1431428,
1,5,13.399,-0.03009226,0.04322287,-0.8642126,-0.1594197,0.7004719,-0.6807604,-0.1431428,
1,5,13.401,-0.03009226,0.04322287,-0.8642126,-0.1594197,0.7004719,-0.6807604,-0.1431428,
1,5,13.403,-0.03010687,0.04324574,-0.8642106,-0.1593848,0.7004685,-0.6807634,-0.143184,
1,5,13.405,-0.03010687,0.04324574,-0.8642106,-0.1593848,0.7004685,-0.6807634,-0.143184,
1,5,13.407,-0.03010687,0.04324574,-0.8642106,-0.1593848,0.7004685,-0.6807634,-0.143184,
1,5,13.409,-0.03010687,0.04324574,-0.8642106,-0.1593848,0.7004685,-0.6807634,-0.143184,
1,5,13.411,-0.03009812,0.04323368,-0.8642104,-0.1593847,0.7004712,-0.6807649,-0.1431639,
1,5,13.413,-0.03009812,0.04323368,-0.8642104,-0.1593847,0.7004712,-0.6807649,-0.1431639,
1,5,13.415,-0.03009812,0.04323368,-0.8642104,-0.1593847,0.7004712,-0.6807649,-0.1431639,
1,5,13.417,-0.03009812,0.04323368,-0.8642104,-0.1593847,0.7004712,-0.6807649,-0.1431639,
1,5,13.419,-0.03013657,0.04326513,-0.8642142,-0.1593459,0.7004962,-0.6807343,-0.14323,
1,5,13.421,-0.03013657,0.04326513,-0.8642142,-0.1593459,0.7004962,-0.6807343,-0.14323,
1,5,13.423,-0.03013657,0.04326513,-0.8642142,-0.1593459,0.7004962,-0.6807343,-0.14323,
1,5,13.425,-0.03013657,0.04326513,-0.8642142,-0.1593459,0.7004962,-0.6807343,-0.14323,
1,5,13.427,-0.03013657,0.04326513,-0.8642142,-0.1593459,0.7004962,-0.6807343,-0.14323,
1,5,13.429,-0.03013552,0.04326814,-0.8641989,-0.1593687,0.7004968,-0.6807309,-0.1432168,
1,5,13.431,-0.03013552,0.04326814,-0.8641989,-0.1593687,0.7004968,-0.6807309,-0.1432168,
1,5,13.433,-0.03013552,0.04326814,-0.8641989,-0.1593687,0.7004968,-0.6807309,-0.1432168,
1,5,13.435,-0.03013552,0.04326814,-0.8641989,-0.1593687,0.7004968,-0.6807309,-0.1432168,
1,5,13.437,-0.03013315,0.04326265,-0.8642017,-0.1593571,0.7005002,-0.680728,-0.1432277,
1,5,13.439,-0.03013315,0.04326265,-0.8642017,-0.1593571,0.7005002,-0.680728,-0.1432277,
1,5,13.441,-0.03013315,0.04326265,-0.8642017,-0.1593571,0.7005002,-0.680728,-0.1432277,
1,5,13.443,-0.03013315,0.04326265,-0.8642017,-0.1593571,0.7005002,-0.680728,-0.1432277,
1,5,13.445,-0.03009887,0.0432416,-0.864206,-0.1593706,0.7004979,-0.6807382,-0.1431763,
1,5,13.447,-0.03009887,0.0432416,-0.864206,-0.1593706,0.7004979,-0.6807382,-0.1431763,
1,5,13.449,-0.03009887,0.0432416,-0.864206,-0.1593706,0.7004979,-0.6807382,-0.1431763,
1,5,13.451,-0.03009887,0.0432416,-0.864206,-0.1593706,0.7004979,-0.6807382,-0.1431763,
1,5,13.453,-0.030101,0.04322451,-0.8641946,-0.1593959,0.7004753,-0.6807535,-0.1431849,
1,5,13.455,-0.030101,0.04322451,-0.8641946,-0.1593959,0.7004753,-0.6807535,-0.1431849,
1,5,13.457,-0.030101,0.04322451,-0.8641946,-0.1593959,0.7004753,-0.6807535,-0.1431849,
1,5,13.459,-0.030101,0.04322451,-0.8641946,-0.1593959,0.7004753,-0.6807535,-0.1431849,
1,5,13.461,-0.03011212,0.04323503,-0.8641942,-0.1593701,0.7004737,-0.6807531,-0.1432241,
1,5,13.463,-0.03011212,0.04323503,-0.8641942,-0.1593701,0.7004737,-0.6807531,-0.1432241,
1,5,13.465,-0.03011212,0.04323503,-0.8641942,-0.1593701,0.7004737,-0.6807531,-0.1432241,
1,5,13.467,-0.03011212,0.04323503,-0.8641942,-0.1593701,0.7004737,-0.6807531,-0.1432241,
1,5,13.469,-0.03010918,0.0432528,-0.8642117,-0.1593994,0.7005116,-0.6807113,-0.143204,
1,5,13.471,-0.03010918,0.0432528,-0.8642117,-0.1593994,0.7005116,-0.6807113,-0.143204,
1,5,13.473,-0.03010918,0.0432528,-0.8642117,-0.1593994,0.7005116,-0.6807113,-0.143204,
1,5,13.475,-0.03010918,0.0432528,-0.8642117,-0.1593994,0.7005116,-0.6807113,-0.143204,
1,5,13.477,-0.03010918,0.0432528,-0.8642117,-0.1593994,0.7005116,-0.6807113,-0.143204,
1,5,13.479,-0.03011549,0.04324838,-0.8642156,-0.1593482,0.7004764,-0.6807573,-0.1432154,
1,5,13.481,-0.03011549,0.04324838,-0.8642156,-0.1593482,0.7004764,-0.6807573,-0.1432154,
1,5,13.483,-0.03011549,0.04324838,-0.8642156,-0.1593482,0.7004764,-0.6807573,-0.1432154,
1,5,13.485,-0.03011549,0.04324838,-0.8642156,-0.1593482,0.7004764,-0.6807573,-0.1432154,
1,5,13.487,-0.03010555,0.04322205,-0.8642193,-0.1593632,0.7004625,-0.6807706,-0.1432033,
1,5,13.489,-0.03010555,0.04322205,-0.8642193,-0.1593632,0.7004625,-0.6807706,-0.1432033,
1,5,13.491,-0.03010555,0.04322205,-0.8642193,-0.1593632,0.7004625,-0.6807706,-0.1432033,
1,5,13.493,-0.03010555,0.04322205,-0.8642193,-0.1593632,0.7004625,-0.6807706,-0.1432033,
1,5,13.495,-0.03008247,0.04321192,-0.8642028,-0.1593957,0.7004607,-0.6807716,-0.1431707,
1,5,13.497,-0.03008247,0.04321192,-0.8642028,-0.1593957,0.7004607,-0.6807716,-0.1431707,
1,5,13.499,-0.03008247,0.04321192,-0.8642028,-0.1593957,0.7004607,-0.6807716,-0.1431707,
1,5,13.501,-0.03008247,0.04321192,-0.8642028,-0.1593957,0.7004607,-0.6807716,-0.1431707,
1,5,13.503,-0.0301184,0.04324211,-0.864202,-0.1593344,0.7004797,-0.6807597,-0.1432025,
1,5,13.505,-0.0301184,0.04324211,-0.864202,-0.1593344,0.7004797,-0.6807597,-0.1432025,
1,5,13.507,-0.0301184,0.04324211,-0.864202,-0.1593344,0.7004797,-0.6807597,-0.1432025,
1,5,13.509,-0.0301184,0.04324211,-0.864202,-0.1593344,0.7004797,-0.6807597,-0.1432025,
1,5,13.511,-0.03012951,0.0432566,-0.8642027,-0.1593304,0.7004769,-0.6807573,-0.1432323,
1,5,13.513,-0.03012951,0.0432566,-0.8642027,-0.1593304,0.7004769,-0.6807573,-0.1432323,
1,5,13.515,-0.03012951,0.0432566,-0.8642027,-0.1593304,0.7004769,-0.6807573,-0.1432323,
1,5,13.517,-0.03012951,0.0432566,-0.8642027,-0.1593304,0.7004769,-0.6807573,-0.1432323,
1,5,13.519,-0.03009547,0.04322395,-0.8642076,-0.1593701,0.7004718,-0.68076,-0.1432005,
1,5,13.521,-0.03009547,0.04322395,-0.8642076,-0.1593701,0.7004718,-0.68076,-0.1432005,
1,5,13.523,-0.03009547,0.04322395,-0.8642076,-0.1593701,0.7004718,-0.68076,-0.1432005,
1,5,13.525,-0.03009547,0.04322395,-0.8642076,-0.1593701,0.7004718,-0.68076,-0.1432005,
1,5,13.527,-0.03009547,0.04322395,-0.8642076,-0.1593701,0.7004718,-0.68076,-0.1432005,
1,5,13.529,-0.0300872,0.04322114,-0.8642061,-0.1594,0.7004713,-0.6807566,-0.143185,
1,5,13.531,-0.0300872,0.04322114,-0.8642061,-0.1594,0.7004713,-0.6807566,-0.143185,
1,5,13.533,-0.0300872,0.04322114,-0.8642061,-0.1594,0.7004713,-0.6807566,-0.143185,
1,5,13.535,-0.0300872,0.04322114,-0.8642061,-0.1594,0.7004713,-0.6807566,-0.143185,
1,5,13.537,-0.03008034,0.04322566,-0.8642108,-0.1594094,0.7004668,-0.6807615,-0.1431741,
1,5,13.539,-0.03008034,0.04322566,-0.8642108,-0.1594094,0.7004668,-0.6807615,-0.1431741,
1,5,13.541,-0.03008034,0.04322566,-0.8642108,-0.1594094,0.7004668,-0.6807615,-0.1431741,
1,5,13.543,-0.03008034,0.04322566,-0.8642108,-0.1594094,0.7004668,-0.6807615,-0.1431741,
1,5,13.545,-0.03008024,0.04321022,-0.8642129,-0.1594342,0.7004859,-0.6807432,-0.1431391,
1,5,13.547,-0.03008024,0.04321022,-0.8642129,-0.1594342,0.7004859,-0.6807432,-0.1431391,
1,5,13.549,-0.03008024,0.04321022,-0.8642129,-0.1594342,0.7004859,-0.6807432,-0.1431391,
1,5,13.551,-0.03008024,0.04321022,-0.8642129,-0.1594342,0.7004859,-0.6807432,-0.1431391,
1,5,13.553,-0.03011263,0.04324026,-0.8642042,-0.1593956,0.7004883,-0.6807348,-0.1432115,
1,5,13.555,-0.03011263,0.04324026,-0.8642042,-0.1593956,0.7004883,-0.6807348,-0.1432115,
1,5,13.557,-0.03011263,0.04324026,-0.8642042,-0.1593956,0.7004883,-0.6807348,-0.1432115,
1,5,13.559,-0.03011263,0.04324026,-0.8642042,-0.1593956,0.7004883,-0.6807348,-0.1432115,
1,5,13.561,-0.03006744,0.04321292,-0.8641897,-0.1594276,0.7004988,-0.6807261,-0.1431651,
1,5,13.563,-0.03006744,0.04321292,-0.8641897,-0.1594276,0.7004988,-0.6807261,-0.1431651,
1,5,13.565,-0.03006744,0.04321292,-0.8641897,-0.1594276,0.7004988,-0.6807261,-0.1431651,
1,5,13.567,-0.03006744,0.04321292,-0.8641897,-0.1594276,0.7004988,-0.6807261,-0.1431651,
1,5,13.569,-0.03006806,0.04321882,-0.8641947,-0.1594173,0.7005044,-0.6807292,-0.1431338,
1,5,13.571,-0.03006806,0.04321882,-0.8641947,-0.1594173,0.7005044,-0.6807292,-0.1431338,
1,5,13.573,-0.03006806,0.04321882,-0.8641947,-0.1594173,0.7005044,-0.6807292,-0.1431338,
1,5,13.575,-0.03006806,0.04321882,-0.8641947,-0.1594173,0.7005044,-0.6807292,-0.1431338,
1,5,13.577,-0.03006806,0.04321882,-0.8641947,-0.1594173,0.7005044,-0.6807292,-0.1431338,
1,5,13.579,-0.03012861,0.04324414,-0.8642048,-0.1593739,0.7004852,-0.6807401,-0.1432249,
1,5,13.581,-0.03012861,0.04324414,-0.8642048,-0.1593739,0.7004852,-0.6807401,-0.1432249,
1,5,13.583,-0.03012861,0.04324414,-0.8642048,-0.1593739,0.7004852,-0.6807401,-0.1432249,
1,5,13.585,-0.03012861,0.04324414,-0.8642048,-0.1593739,0.7004852,-0.6807401,-0.1432249,
1,5,13.587,-0.03010569,0.04322197,-0.8642011,-0.1593813,0.7004825,-0.6807488,-0.143189,
1,5,13.589,-0.03010569,0.04322197,-0.8642011,-0.1593813,0.7004825,-0.6807488,-0.143189,
1,5,13.591,-0.03010569,0.04322197,-0.8642011,-0.1593813,0.7004825,-0.6807488,-0.143189,
1,5,13.593,-0.03010569,0.04322197,-0.8642011,-0.1593813,0.7004825,-0.6807488,-0.143189,
1,5,13.595,-0.03012826,0.0432503,-0.8642048,-0.1593489,0.7004851,-0.6807404,-0.1432519,
1,5,13.597,-0.03012826,0.0432503,-0.8642048,-0.1593489,0.7004851,-0.6807404,-0.1432519,
1,5,13.599,-0.03012826,0.0432503,-0.8642048,-0.1593489,0.7004851,-0.6807404,-0.1432519,
1,5,13.601,-0.03012826,0.0432503,-0.8642048,-0.1593489,0.7004851,-0.6807404,-0.1432519,
1,5,13.603,-0.0300951,0.04321216,-0.8641967,-0.1593644,0.700455,-0.6807721,-0.1432317,
1,5,13.605,-0.0300951,0.04321216,-0.8641967,-0.1593644,0.700455,-0.6807721,-0.1432317,
1,5,13.607,-0.0300951,0.04321216,-0.8641967,-0.1593644,0.700455,-0.6807721,-0.1432317,
1,5,13.609,-0.0300951,0.04321216,-0.8641967,-0.1593644,0.700455,-0.6807721,-0.1432317,
1,5,13.611,-0.03011411,0.04323422,-0.8641891,-0.1593791,0.7004731,-0.6807481,-0.1432399,
1,5,13.613,-0.03011411,0.04323422,-0.8641891,-0.1593791,0.7004731,-0.6807481,-0.1432399,
1,5,13.615,-0.03011411,0.04323422,-0.8641891,-0.1593791,0.7004731,-0.6807481,-0.1432399,
1,5,13.617,-0.03011411,0.04323422,-0.8641891,-0.1593791,0.7004731,-0.6807481,-0.1432399,
1,5,13.619,-0.03008693,0.04321424,-0.8641983,-0.1594063,0.7004591,-0.6807624,-0.1432103,
1,5,13.621,-0.03008693,0.04321424,-0.8641983,-0.1594063,0.7004591,-0.6807624,-0.1432103,
1,5,13.623,-0.03008693,0.04321424,-0.8641983,-0.1594063,0.7004591,-0.6807624,-0.1432103,
1,5,13.625,-0.03008693,0.04321424,-0.8641983,-0.1594063,0.7004591,-0.6807624,-0.1432103,
1,5,13.627,-0.03008693,0.04321424,-0.8641983,-0.1594063,0.7004591,-0.6807624,-0.1432103,
1,5,13.629,-0.03008023,0.04320393,-0.8642001,-0.1594124,0.7004522,-0.6807711,-0.1431964,
1,5,13.631,-0.03008023,0.04320393,-0.8642001,-0.1594124,0.7004522,-0.6807711,-0.1431964,
1,5,13.633,-0.03008023,0.04320393,-0.8642001,-0.1594124,0.7004522,-0.6807711,-0.1431964,
1,5,13.635,-0.03008023,0.04320393,-0.8642001,-0.1594124,0.7004522,-0.6807711,-0.1431964,
1,5,13.637,-0.03009108,0.04320607,-0.8642129,-0.1593798,0.7004625,-0.6807689,-0.1431925,
1,5,13.639,-0.03009108,0.04320607,-0.8642129,-0.1593798,0.7004625,-0.6807689,-0.1431925,
1,5,13.641,-0.03009108,0.04320607,-0.8642129,-0.1593798,0.7004625,-0.6807689,-0.1431925,
1,5,13.643,-0.03009108,0.04320607,-0.8642129,-0.1593798,0.7004625,-0.6807689,-0.1431925,
1,5,13.645,-0.03008426,0.04321409,-0.8642161,-0.1594573,0.7004943,-0.6807284,-0.1431433,
1,5,13.647,-0.03008426,0.04321409,-0.8642161,-0.1594573,0.7004943,-0.6807284,-0.1431433,
1,5,13.649,-0.03008426,0.04321409,-0.8642161,-0.1594573,0.7004943,-0.6807284,-0.1431433,
1,5,13.651,-0.03008426,0.04321409,-0.8642161,-0.1594573,0.7004943,-0.6807284,-0.1431433,
1,5,13.653,-0.03010022,0.04321061,-0.8642089,-0.1594369,0.7004823,-0.6807403,-0.1431679,
1,5,13.655,-0.03010022,0.04321061,-0.8642089,-0.1594369,0.7004823,-0.6807403,-0.1431679,
1,5,13.657,-0.03010022,0.04321061,-0.8642089,-0.1594369,0.7004823,-0.6807403,-0.1431679,
1,5,13.659,-0.03010022,0.04321061,-0.8642089,-0.1594369,0.7004823,-0.6807403,-0.1431679,
1,5,13.661,-0.0301153,0.04319263,-0.8641893,-0.1594745,0.7004645,-0.6807534,-0.1431513,
1,5,13.663,-0.0301153,0.04319263,-0.8641893,-0.1594745,0.7004645,-0.6807534,-0.1431513,
1,5,13.665,-0.0301153,0.04319263,-0.8641893,-0.1594745,0.7004645,-0.6807534,-0.1431513,
1,5,13.667,-0.0301153,0.04319263,-0.8641893,-0.1594745,0.7004645,-0.6807534,-0.1431513,
1,5,13.669,-0.03011025,0.04320174,-0.8641953,-0.1594542,0.7004656,-0.6807559,-0.1431563,
1,5,13.671,-0.03011025,0.04320174,-0.8641953,-0.1594542,0.7004656,-0.6807559,-0.1431563,
1,5,13.673,-0.03011025,0.04320174,-0.8641953,-0.1594542,0.7004656,-0.6807559,-0.1431563,
1,5,13.675,-0.03011025,0.04320174,-0.8641953,-0.1594542,0.7004656,-0.6807559,-0.1431563,
1,5,13.677,-0.03011025,0.04320174,-0.8641953,-0.1594542,0.7004656,-0.6807559,-0.1431563,
1,5,13.679,-0.03010117,0.04318819,-0.8641998,-0.1594034,0.7004461,-0.6807876,-0.1431575,
1,5,13.681,-0.03010117,0.04318819,-0.8641998,-0.1594034,0.7004461,-0.6807876,-0.1431575,
1,5,13.683,-0.03010117,0.04318819,-0.8641998,-0.1594034,0.7004461,-0.6807876,-0.1431575,
1,5,13.685,-0.03010117,0.04318819,-0.8641998,-0.1594034,0.7004461,-0.6807876,-0.1431575,
1,5,13.687,-0.03012967,0.04322077,-0.8641999,-0.1593776,0.7004706,-0.6807631,-0.1431833,
1,5,13.689,-0.03012967,0.04322077,-0.8641999,-0.1593776,0.7004706,-0.6807631,-0.1431833,
1,5,13.691,-0.03012967,0.04322077,-0.8641999,-0.1593776,0.7004706,-0.6807631,-0.1431833,
1,5,13.693,-0.03012967,0.04322077,-0.8641999,-0.1593776,0.7004706,-0.6807631,-0.1431833,
1,5,13.695,-0.03014154,0.04325366,-0.8641899,-0.1593674,0.7005117,-0.680715,-0.1432223,
1,5,13.697,-0.03014154,0.04325366,-0.8641899,-0.1593674,0.7005117,-0.680715,-0.1432223,
1,5,13.699,-0.03014154,0.04325366,-0.8641899,-0.1593674,0.7005117,-0.680715,-0.1432223,
1,5,13.701,-0.03014154,0.04325366,-0.8641899,-0.1593674,0.7005117,-0.680715,-0.1432223,
1,5,13.703,-0.03010407,0.04323331,-0.8641828,-0.1593761,0.7004839,-0.68075,-0.1431821,
1,5,13.705,-0.03010407,0.04323331,-0.8641828,-0.1593761,0.7004839,-0.68075,-0.1431821,
1,5,13.707,-0.03010407,0.04323331,-0.8641828,-0.1593761,0.7004839,-0.68075,-0.1431821,
1,5,13.709,-0.03010407,0.04323331,-0.8641828,-0.1593761,0.7004839,-0.68075,-0.1431821,
1,5,13.711,-0.03011483,0.04325455,-0.8642038,-0.159325,0.7004862,-0.6807557,-0.1432004,
1,5,13.713,-0.03011483,0.04325455,-0.8642038,-0.159325,0.7004862,-0.6807557,-0.1432004,
1,5,13.715,-0.03011483,0.04325455,-0.8642038,-0.159325,0.7004862,-0.6807557,-0.1432004,
1,5,13.717,-0.03011483,0.04325455,-0.8642038,-0.159325,0.7004862,-0.6807557,-0.1432004,
1,5,13.719,-0.03011063,0.0432604,-0.8642087,-0.1593343,0.7004805,-0.6807556,-0.1432184,
1,5,13.721,-0.03011063,0.0432604,-0.8642087,-0.1593343,0.7004805,-0.6807556,-0.1432184,
1,5,13.723,-0.03011063,0.0432604,-0.8642087,-0.1593343,0.7004805,-0.6807556,-0.1432184,
1,5,13.725,-0.03011063,0.0432604,-0.8642087,-0.1593343,0.7004805,-0.6807556,-0.1432184,
1,5,13.727,-0.03011063,0.0432604,-0.8642087,-0.1593343,0.7004805,-0.6807556,-0.1432184,
1,5,13.729,-0.03008733,0.04323521,-0.8642107,-0.1593462,0.7004856,-0.6807547,-0.1431848,
1,5,13.731,-0.03008733,0.04323521,-0.8642107,-0.1593462,0.7004856,-0.6807547,-0.1431848,
1,5,13.733,-0.03008733,0.04323521,-0.8642107,-0.1593462,0.7004856,-0.6807547,-0.1431848,
1,5,13.735,-0.03008733,0.04323521,-0.8642107,-0.1593462,0.7004856,-0.6807547,-0.1431848,
1,5,13.737,-0.03011962,0.04324431,-0.864206,-0.1593338,0.7004995,-0.6807411,-0.1431946,
1,5,13.739,-0.03011962,0.04324431,-0.864206,-0.1593338,0.7004995,-0.6807411,-0.1431946,
1,5,13.741,-0.03011962,0.04324431,-0.864206,-0.1593338,0.7004995,-0.6807411,-0.1431946,
1,5,13.743,-0.03011962,0.04324431,-0.864206,-0.1593338,0.7004995,-0.6807411,-0.1431946,
1,5,13.745,-0.03008911,0.04323336,-0.864211,-0.1593781,0.7004977,-0.6807386,-0.1431658,
1,5,13.747,-0.03008911,0.04323336,-0.864211,-0.1593781,0.7004977,-0.6807386,-0.1431658,
1,5,13.749,-0.03008911,0.04323336,-0.864211,-0.1593781,0.7004977,-0.6807386,-0.1431658,
1,5,13.751,-0.03008911,0.04323336,-0.864211,-0.1593781,0.7004977,-0.6807386,-0.1431658,
1,5,13.753,-0.03011616,0.04323921,-0.8642058,-0.1593491,0.7004854,-0.6807516,-0.1431973,
1,5,13.755,-0.03011616,0.04323921,-0.8642058,-0.1593491,0.7004854,-0.6807516,-0.1431973,
1,5,13.757,-0.03011616,0.04323921,-0.8642058,-0.1593491,0.7004854,-0.6807516,-0.1431973,
1,5,13.759,-0.03011616,0.04323921,-0.8642058,-0.1593491,0.7004854,-0.6807516,-0.1431973,
1,5,13.761,-0.03008839,0.04321188,-0.8642061,-0.1593733,0.700467,-0.680775,-0.1431494,
1,5,13.763,-0.03008839,0.04321188,-0.8642061,-0.1593733,0.700467,-0.680775,-0.1431494,
1,5,13.765,-0.03008839,0.04321188,-0.8642061,-0.1593733,0.700467,-0.680775,-0.1431494,
1,5,13.767,-0.03008839,0.04321188,-0.8642061,-0.1593733,0.700467,-0.680775,-0.1431494,
1,5,13.769,-0.03013217,0.04322586,-0.864209,-0.1593328,0.700479,-0.6807629,-0.1431933,
1,5,13.771,-0.03013217,0.04322586,-0.864209,-0.1593328,0.700479,-0.6807629,-0.1431933,
1,5,13.773,-0.03013217,0.04322586,-0.864209,-0.1593328,0.700479,-0.6807629,-0.1431933,
1,5,13.775,-0.03013217,0.04322586,-0.864209,-0.1593328,0.700479,-0.6807629,-0.1431933,
1,5,13.777,-0.03013217,0.04322586,-0.864209,-0.1593328,0.700479,-0.6807629,-0.1431933,
1,5,13.779,-0.03010394,0.04322058,-0.8642108,-0.159365,0.7004929,-0.6807432,-0.1431822,
1,5,13.781,-0.03010394,0.04322058,-0.8642108,-0.159365,0.7004929,-0.6807432,-0.1431822,
1,5,13.783,-0.03010394,0.04322058,-0.8642108,-0.159365,0.7004929,-0.6807432,-0.1431822,
1,5,13.785,-0.03010394,0.04322058,-0.8642108,-0.159365,0.7004929,-0.6807432,-0.1431822,
1,5,13.787,-0.03008506,0.04320179,-0.8642102,-0.1593466,0.7004777,-0.6807665,-0.1431668,
1,5,13.789,-0.03008506,0.04320179,-0.8642102,-0.1593466,0.7004777,-0.6807665,-0.1431668,
1,5,13.791,-0.03008506,0.04320179,-0.8642102,-0.1593466,0.7004777,-0.6807665,-0.1431668,
1,5,13.793,-0.03008506,0.04320179,-0.8642102,-0.1593466,0.7004777,-0.6807665,-0.1431668,
1,5,13.795,-0.03008722,0.04322144,-0.864212,-0.1593661,0.7004748,-0.6807667,-0.1431581,
1,5,13.797,-0.03008722,0.04322144,-0.864212,-0.1593661,0.7004748,-0.6807667,-0.1431581,
1,5,13.799,-0.03008722,0.04322144,-0.864212,-0.1593661,0.7004748,-0.6807667,-0.1431581,
1,5,13.801,-0.03008722,0.04322144,-0.864212,-0.1593661,0.7004748,-0.6807667,-0.1431581,
1,5,13.803,-0.03008764,0.04321965,-0.8641975,-0.1593967,0.7004948,-0.680743,-0.143139,
1,5,13.805,-0.03008764,0.04321965,-0.8641975,-0.1593967,0.7004948,-0.680743,-0.143139,
1,5,13.807,-0.03008764,0.04321965,-0.8641975,-0.1593967,0.7004948,-0.680743,-0.143139,
1,5,13.809,-0.03008764,0.04321965,-0.8641975,-0.1593967,0.7004948,-0.680743,-0.143139,
1,5,13.811,-0.03008734,0.04321089,-0.8642041,-0.1593868,0.7004837,-0.6807564,-0.1431404,
1,5,13.813,-0.03008734,0.04321089,-0.8642041,-0.1593868,0.7004837,-0.6807564,-0.1431404,
1,5,13.815,-0.03008734,0.04321089,-0.8642041,-0.1593868,0.7004837,-0.6807564,-0.1431404,
1,5,13.817,-0.03008734,0.04321089,-0.8642041,-0.1593868,0.7004837,-0.6807564,-0.1431404,
1,5,13.819,-0.03012181,0.04323895,-0.8642097,-0.1593576,0.7004874,-0.6807475,-0.1431972,
1,5,13.821,-0.03012181,0.04323895,-0.8642097,-0.1593576,0.7004874,-0.6807475,-0.1431972,
1,5,13.823,-0.03012181,0.04323895,-0.8642097,-0.1593576,0.7004874,-0.6807475,-0.1431972,
1,5,13.825,-0.03012181,0.04323895,-0.8642097,-0.1593576,0.7004874,-0.6807475,-0.1431972,
1,5,13.827,-0.03012181,0.04323895,-0.8642097,-0.1593576,0.7004874,-0.6807475,-0.1431972,
1,5,13.829,-0.03012604,0.04324231,-0.8642071,-0.1593179,0.7004871,-0.6807507,-0.1432282,
1,5,13.831,-0.03012604,0.04324231,-0.8642071,-0.1593179,0.7004871,-0.6807507,-0.1432282,
1,5,13.833,-0.03012604,0.04324231,-0.8642071,-0.1593179,0.7004871,-0.6807507,-0.1432282,
1,5,13.835,-0.03012604,0.04324231,-0.8642071,-0.1593179,0.7004871,-0.6807507,-0.1432282,
1,5,13.837,-0.03010967,0.04321638,-0.864201,-0.1593342,0.7004766,-0.6807602,-0.1432154,
1,5,13.839,-0.03010967,0.04321638,-0.864201,-0.1593342,0.7004766,-0.6807602,-0.1432154,
1,5,13.841,-0.03010967,0.04321638,-0.864201,-0.1593342,0.7004766,-0.6807602,-0.1432154,
1,5,13.843,-0.03010967,0.04321638,-0.864201,-0.1593342,0.7004766,-0.6807602,-0.1432154,
1,5,13.845,-0.03009273,0.04321983,-0.8642088,-0.1593885,0.700473,-0.6807603,-0.1431729,
1,5,13.847,-0.03009273,0.04321983,-0.8642088,-0.1593885,0.700473,-0.6807603,-0.1431729,
1,5,13.849,-0.03009273,0.04321983,-0.8642088,-0.1593885,0.700473,-0.6807603,-0.1431729,
1,5,13.851,-0.03009273,0.04321983,-0.8642088,-0.1593885,0.700473,-0.6807603,-0.1431729,
1,5,13.853,-0.0300929,0.04321233,-0.8642138,-0.159394,0.700481,-0.6807541,-0.1431566,
1,5,13.855,-0.0300929,0.04321233,-0.8642138,-0.159394,0.700481,-0.6807541,-0.1431566,
1,5,13.857,-0.0300929,0.04321233,-0.8642138,-0.159394,0.700481,-0.6807541,-0.1431566,
1,5,13.859,-0.0300929,0.04321233,-0.8642138,-0.159394,0.700481,-0.6807541,-0.1431566,
1,5,13.861,-0.03012267,0.0432377,-0.8642073,-0.1593609,0.7004926,-0.6807378,-0.1432146,
1,5,13.863,-0.03012267,0.0432377,-0.8642073,-0.1593609,0.7004926,-0.6807378,-0.1432146,
1,5,13.865,-0.03012267,0.0432377,-0.8642073,-0.1593609,0.7004926,-0.6807378,-0.1432146,
1,5,13.867,-0.03012267,0.0432377,-0.8642073,-0.1593609,0.7004926,-0.6807378,-0.1432146,
1,5,13.869,-0.03012328,0.04323757,-0.8642018,-0.1593797,0.7004849,-0.6807467,-0.1431881,
1,5,13.871,-0.03012328,0.04323757,-0.8642018,-0.1593797,0.7004849,-0.6807467,-0.1431881,
1,5,13.873,-0.03012328,0.04323757,-0.8642018,-0.1593797,0.7004849,-0.6807467,-0.1431881,
1,5,13.875,-0.03012328,0.04323757,-0.8642018,-0.1593797,0.7004849,-0.6807467,-0.1431881,
1,5,13.877,-0.03012328,0.04323757,-0.8642018,-0.1593797,0.7004849,-0.6807467,-0.1431881,
1,5,13.879,-0.03012427,0.04324931,-0.864209,-0.1593218,0.7004939,-0.6807439,-0.1432219,
1,5,13.881,-0.03012427,0.04324931,-0.864209,-0.1593218,0.7004939,-0.6807439,-0.1432219,
1,5,13.883,-0.03012427,0.04324931,-0.864209,-0.1593218,0.7004939,-0.6807439,-0.1432219,
1,5,13.885,-0.03012427,0.04324931,-0.864209,-0.1593218,0.7004939,-0.6807439,-0.1432219,
1,5,13.887,-0.0301238,0.04325388,-0.8641987,-0.1593331,0.7005002,-0.6807348,-0.1432222,
1,5,13.889,-0.0301238,0.04325388,-0.8641987,-0.1593331,0.7005002,-0.6807348,-0.1432222,
1,5,13.891,-0.0301238,0.04325388,-0.8641987,-0.1593331,0.7005002,-0.6807348,-0.1432222,
1,5,13.893,-0.0301238,0.04325388,-0.8641987,-0.1593331,0.7005002,-0.6807348,-0.1432222,
1,5,13.895,-0.03011386,0.04326506,-0.8641979,-0.159339,0.7004989,-0.6807343,-0.1432245,
1,5,13.897,-0.03011386,0.04326506,-0.8641979,-0.159339,0.7004989,-0.6807343,-0.1432245,
1,5,13.899,-0.03011386,0.04326506,-0.8641979,-0.159339,0.7004989,-0.6807343,-0.1432245,
1,5,13.901,-0.03011386,0.04326506,-0.8641979,-0.159339,0.7004989,-0.6807343,-0.1432245,
1,5,13.903,-0.03007984,0.04322743,-0.8642008,-0.1593882,0.7004768,-0.6807543,-0.1431831,
1,5,13.905,-0.03007984,0.04322743,-0.8642008,-0.1593882,0.7004768,-0.6807543,-0.1431831,
1,5,13.907,-0.03007984,0.04322743,-0.8642008,-0.1593882,0.7004768,-0.6807543,-0.1431831,
1,5,13.909,-0.03007984,0.04322743,-0.8642008,-0.1593882,0.7004768,-0.6807543,-0.1431831,
1,5,13.911,-0.03012813,0.04324625,-0.8641987,-0.159334,0.7004786,-0.6807535,-0.1432381,
1,5,13.913,-0.03012813,0.04324625,-0.8641987,-0.159334,0.7004786,-0.6807535,-0.1432381,
1,5,13.915,-0.03012813,0.04324625,-0.8641987,-0.159334,0.7004786,-0.6807535,-0.1432381,
1,5,13.917,-0.03012813,0.04324625,-0.8641987,-0.159334,0.7004786,-0.6807535,-0.1432381,
1,5,13.919,-0.030091,0.04322766,-0.8642012,-0.1593534,0.7004851,-0.6807544,-0.1431803,
1,5,13.921,-0.030091,0.04322766,-0.8642012,-0.1593534,0.7004851,-0.6807544,-0.1431803,
1,5,13.923,-0.030091,0.04322766,-0.8642012,-0.1593534,0.7004851,-0.6807544,-0.1431803,
1,5,13.925,-0.030091,0.04322766,-0.8642012,-0.1593534,0.7004851,-0.6807544,-0.1431803,
1,5,13.927,-0.030091,0.04322766,-0.8642012,-0.1593534,0.7004851,-0.6807544,-0.1431803,
1,5,13.929,-0.03012679,0.04325787,-0.8642086,-0.159368,0.7004992,-0.6807312,-0.1432054,
1,5,13.931,-0.03012679,0.04325787,-0.8642086,-0.159368,0.7004992,-0.6807312,-0.1432054,
1,5,13.933,-0.03012679,0.04325787,-0.8642086,-0.159368,0.7004992,-0.6807312,-0.1432054,
1,5,13.935,-0.03012679,0.04325787,-0.8642086,-0.159368,0.7004992,-0.6807312,-0.1432054,
1,5,13.937,-0.03012769,0.0432382,-0.8642032,-0.1593813,0.7004976,-0.6807312,-0.143199,
1,5,13.939,-0.03012769,0.0432382,-0.8642032,-0.1593813,0.7004976,-0.6807312,-0.143199,
1,5,13.941,-0.03012769,0.0432382,-0.8642032,-0.1593813,0.7004976,-0.6807312,-0.143199,
1,5,13.943,-0.03012769,0.0432382,-0.8642032,-0.1593813,0.7004976,-0.6807312,-0.143199,
1,5,13.945,-0.03014056,0.04323852,-0.8642045,-0.1593591,0.7004887,-0.6807443,-0.1432046,
1,5,13.947,-0.03014056,0.04323852,-0.8642045,-0.1593591,0.7004887,-0.6807443,-0.1432046,
1,5,13.949,-0.03014056,0.04323852,-0.8642045,-0.1593591,0.7004887,-0.6807443,-0.1432046,
1,5,13.951,-0.03014056,0.04323852,-0.8642045,-0.1593591,0.7004887,-0.6807443,-0.1432046,
1,5,13.953,-0.0301373,0.04325884,-0.8642095,-0.1593642,0.7004846,-0.6807447,-0.1432168,
1,5,13.955,-0.0301373,0.04325884,-0.8642095,-0.1593642,0.7004846,-0.6807447,-0.1432168,
1,5,13.957,-0.0301373,0.04325884,-0.8642095,-0.1593642,0.7004846,-0.6807447,-0.1432168,
1,5,13.959,-0.0301373,0.04325884,-0.8642095,-0.1593642,0.7004846,-0.6807447,-0.1432168,
1,5,13.961,-0.03013032,0.04327444,-0.8642051,-0.1593563,0.7004946,-0.6807324,-0.1432356,
1,5,13.963,-0.03013032,0.04327444,-0.8642051,-0.1593563,0.7004946,-0.6807324,-0.1432356,
1,5,13.965,-0.03013032,0.04327444,-0.8642051,-0.1593563,0.7004946,-0.6807324,-0.1432356,
1,5,13.967,-0.03013032,0.04327444,-0.8642051,-0.1593563,0.7004946,-0.6807324,-0.1432356,
1,5,13.969,-0.03012829,0.04324642,-0.8642061,-0.1593696,0.7004859,-0.6807407,-0.143224,
1,5,13.971,-0.03012829,0.04324642,-0.8642061,-0.1593696,0.7004859,-0.6807407,-0.143224,
1,5,13.973,-0.03012829,0.04324642,-0.8642061,-0.1593696,0.7004859,-0.6807407,-0.143224,
1,5,13.975,-0.03012829,0.04324642,-0.8642061,-0.1593696,0.7004859,-0.6807407,-0.143224,
1,5,13.977,-0.03012829,0.04324642,-0.8642061,-0.1593696,0.7004859,-0.6807407,-0.143224,
1,5,13.979,-0.03011346,0.04322831,-0.8642009,-0.1593634,0.7004652,-0.6807646,-0.143218,
1,5,13.981,-0.03011346,0.04322831,-0.8642009,-0.1593634,0.7004652,-0.6807646,-0.143218,
1,5,13.983,-0.03011346,0.04322831,-0.8642009,-0.1593634,0.7004652,-0.6807646,-0.143218,
1,5,13.985,-0.03011346,0.04322831,-0.8642009,-0.1593634,0.7004652,-0.6807646,-0.143218,
1,5,13.987,-0.03013079,0.04324437,-0.8642052,-0.1593301,0.7004828,-0.6807483,-0.1432467,
1,5,13.989,-0.03013079,0.04324437,-0.8642052,-0.1593301,0.7004828,-0.6807483,-0.1432467,
1,5,13.991,-0.03013079,0.04324437,-0.8642052,-0.1593301,0.7004828,-0.6807483,-0.1432467,
1,5,13.993,-0.03013079,0.04324437,-0.8642052,-0.1593301,0.7004828,-0.6807483,-0.1432467,
1,5,13.995,-0.0301441,0.04326271,-0.8642042,-0.1592979,0.7005017,-0.6807306,-0.1432738,
1,5,13.997,-0.0301441,0.04326271,-0.8642042,-0.1592979,0.7005017,-0.6807306,-0.1432738,
1,5,13.999,-0.0301441,0.04326271,-0.8642042,-0.1592979,0.7005017,-0.6807306,-0.1432738,
1,5,14.001,-0.0301441,0.04326271,-0.8642042,-0.1592979,0.7005017,-0.6807306,-0.1432738,
1,5,14.003,-0.03011422,0.0432267,-0.8642026,-0.1593506,0.7004834,-0.6807477,-0.1432235,
1,5,14.005,-0.03011422,0.0432267,-0.8642026,-0.1593506,0.7004834,-0.6807477,-0.1432235,
1,5,14.007,-0.03011422,0.0432267,-0.8642026,-0.1593506,0.7004834,-0.6807477,-0.1432235,
1,5,14.009,-0.03011422,0.0432267,-0.8642026,-0.1593506,0.7004834,-0.6807477,-0.1432235,
1,5,14.011,-0.03012761,0.04322577,-0.8641969,-0.1593364,0.7004926,-0.6807418,-0.1432222,
1,5,14.013,-0.03012761,0.04322577,-0.8641969,-0.1593364,0.7004926,-0.6807418,-0.1432222,
1,5,14.015,-0.03012761,0.04322577,-0.8641969,-0.1593364,0.7004926,-0.6807418,-0.1432222,
1,5,14.017,-0.03012761,0.04322577,-0.8641969,-0.1593364,0.7004926,-0.6807418,-0.1432222,
1,5,14.019,-0.03014198,0.04324596,-0.8642008,-0.1593297,0.700501,-0.6807331,-0.1432305,
1,5,14.021,-0.03014198,0.04324596,-0.8642008,-0.1593297,0.700501,-0.6807331,-0.1432305,
1,5,14.023,-0.03014198,0.04324596,-0.8642008,-0.1593297,0.700501,-0.6807331,-0.1432305,
1,5,14.025,-0.03014198,0.04324596,-0.8642008,-0.1593297,0.700501,-0.6807331,-0.1432305,
1,5,14.027,-0.03014198,0.04324596,-0.8642008,-0.1593297,0.700501,-0.6807331,-0.1432305,
1,5,14.029,-0.0301235,0.04324367,-0.8642042,-0.159372,0.7005167,-0.6807168,-0.1431834,
1,5,14.031,-0.0301235,0.04324367,-0.8642042,-0.159372,0.7005167,-0.6807168,-0.1431834,
1,5,14.033,-0.0301235,0.04324367,-0.8642042,-0.159372,0.7005167,-0.6807168,-0.1431834,
1,5,14.035,-0.0301235,0.04324367,-0.8642042,-0.159372,0.7005167,-0.6807168,-0.1431834,
1,5,14.037,-0.03011351,0.04322295,-0.8642032,-0.1593942,0.7004889,-0.680741,-0.1431793,
1,5,14.039,-0.03011351,0.04322295,-0.8642032,-0.1593942,0.7004889,-0.680741,-0.1431793,
1,5,14.041,-0.03011351,0.04322295,-0.8642032,-0.1593942,0.7004889,-0.680741,-0.1431793,
1,5,14.043,-0.03011351,0.04322295,-0.8642032,-0.1593942,0.7004889,-0.680741,-0.1431793,
1,5,14.045,-0.03013201,0.04323319,-0.8642004,-0.159365,0.7004814,-0.6807482,-0.1432149,
1,5,14.047,-0.03013201,0.04323319,-0.8642004,-0.159365,0.7004814,-0.6807482,-0.1432149,
1,5,14.049,-0.03013201,0.04323319,-0.8642004,-0.159365,0.7004814,-0.6807482,-0.1432149,
1,5,14.051,-0.03013201,0.04323319,-0.8642004,-0.159365,0.7004814,-0.6807482,-0.1432149,
1,5,14.053,-0.03014369,0.04324759,-0.8642069,-0.1593457,0.7004744,-0.6807523,-0.1432506,
1,5,14.055,-0.03014369,0.04324759,-0.8642069,-0.1593457,0.7004744,-0.6807523,-0.1432506,
1,5,14.057,-0.03014369,0.04324759,-0.8642069,-0.1593457,0.7004744,-0.6807523,-0.1432506,
1,5,14.059,-0.03014369,0.04324759,-0.8642069,-0.1593457,0.7004744,-0.6807523,-0.1432506,
1,5,14.061,-0.03010774,0.0432252,-0.8642085,-0.159366,0.7004774,-0.6807588,-0.1431829,
1,5,14.063,-0.03010774,0.0432252,-0.8642085,-0.159366,0.7004774,-0.6807588,-0.1431829,
1,5,14.065,-0.03010774,0.0432252,-0.8642085,-0.159366,0.7004774,-0.6807588,-0.1431829,
1,5,14.067,-0.03010774,0.0432252,-0.8642085,-0.159366,0.7004774,-0.6807588,-0.1431829,
1,5,14.069,-0.03012998,0.04324969,-0.8642037,-0.1593346,0.7004811,-0.6807554,-0.1432153,
1,5,14.071,-0.03012998,0.04324969,-0.8642037,-0.1593346,0.7004811,-0.6807554,-0.1432153,
1,5,14.073,-0.03012998,0.04324969,-0.8642037,-0.1593346,0.7004811,-0.6807554,-0.1432153,
1,5,14.075,-0.03012998,0.04324969,-0.8642037,-0.1593346,0.7004811,-0.6807554,-0.1432153,
1,5,14.077,-0.03012998,0.04324969,-0.8642037,-0.1593346,0.7004811,-0.6807554,-0.1432153,
1,5,14.079,-0.03014052,0.04325926,-0.8641993,-0.1593159,0.7004927,-0.6807377,-0.1432645,
1,5,14.081,-0.03014052,0.04325926,-0.8641993,-0.1593159,0.7004927,-0.6807377,-0.1432645,CourtEnter
1,5,14.083,-0.03014052,0.04325926,-0.8641993,-0.1593159,0.7004927,-0.6807377,-0.1432645,
1,5,14.085,-0.03014052,0.04325926,-0.8641993,-0.1593159,0.7004927,-0.6807377,-0.1432645,
1,5,14.087,-0.03010141,0.04322904,-0.8642029,-0.1593444,0.7004759,-0.6807553,-0.1432315,
1,5,14.089,-0.03010141,0.04322904,-0.8642029,-0.1593444,0.7004759,-0.6807553,-0.1432315,
1,5,14.091,-0.03010141,0.04322904,-0.8642029,-0.1593444,0.7004759,-0.6807553,-0.1432315,CourtExit
1,5,14.093,-0.03010141,0.04322904,-0.8642029,-0.1593444,0.7004759,-0.6807553,-0.1432315,
1,5,14.095,-0.03008829,0.04322113,-0.8641943,-0.1593585,0.7004811,-0.6807532,-0.1432008,
1,5,14.097,-0.03008829,0.04322113,-0.8641943,-0.1593585,0.7004811,-0.6807532,-0.1432008,
1,5,14.099,-0.03008829,0.04322113,-0.8641943,-0.1593585,0.7004811,-0.6807532,-0.1432008,
1,5,14.101,-0.03008829,0.04322113,-0.8641943,-0.1593585,0.7004811,-0.6807532,-0.1432008,
1,5,14.103,-0.03014586,0.04326096,-0.8641779,-0.1593216,0.7004863,-0.6807432,-0.1432635,
1,5,14.105,-0.03014586,0.04326096,-0.8641779,-0.1593216,0.7004863,-0.6807432,-0.1432635,
1,5,14.107,-0.03014586,0.04326096,-0.8641779,-0.1593216,0.7004863,-0.6807432,-0.1432635,
1,5,14.109,-0.03014586,0.04326096,-0.8641779,-0.1593216,0.7004863,-0.6807432,-0.1432635,
1,5,14.111,-0.03010081,0.04323571,-0.8641937,-0.1593778,0.7004924,-0.6807401,-0.1431852,
1,5,14.113,-0.03010081,0.04323571,-0.8641937,-0.1593778,0.7004924,-0.6807401,-0.1431852,
1,5,14.115,-0.03010081,0.04323571,-0.8641937,-0.1593778,0.7004924,-0.6807401,-0.1431852,
1,5,14.117,-0.03010081,0.04323571,-0.8641937,-0.1593778,0.7004924,-0.6807401,-0.1431852,
1,5,14.119,-0.03008105,0.04321933,-0.8641899,-0.1593933,0.700483,-0.6807473,-0.14318,
1,5,14.121,-0.03008105,0.04321933,-0.8641899,-0.1593933,0.700483,-0.6807473,-0.14318,
1,5,14.123,-0.03008105,0.04321933,-0.8641899,-0.1593933,0.700483,-0.6807473,-0.14318,
1,5,14.125,-0.03008105,0.04321933,-0.8641899,-0.1593933,0.700483,-0.6807473,-0.14318,
1,5,14.127,-0.03008105,0.04321933,-0.8641899,-0.1593933,0.700483,-0.6807473,-0.14318,
1,5,14.129,-0.03013116,0.04324856,-0.8641962,-0.1593236,0.7004768,-0.6807531,-0.1432603,
1,5,14.131,-0.03013116,0.04324856,-0.8641962,-0.1593236,0.7004768,-0.6807531,-0.1432603,
1,5,14.133,-0.03013116,0.04324856,-0.8641962,-0.1593236,0.7004768,-0.6807531,-0.1432603,
1,5,14.135,-0.03013116,0.04324856,-0.8641962,-0.1593236,0.7004768,-0.6807531,-0.1432603,
1,5,14.137,-0.03012848,0.04324148,-0.8641966,-0.159312,0.7004804,-0.6807525,-0.1432588,
1,5,14.139,-0.03012848,0.04324148,-0.8641966,-0.159312,0.7004804,-0.6807525,-0.1432588,
1,5,14.141,-0.03012848,0.04324148,-0.8641966,-0.159312,0.7004804,-0.6807525,-0.1432588,
1,5,14.143,-0.03012848,0.04324148,-0.8641966,-0.159312,0.7004804,-0.6807525,-0.1432588,
1,5,14.145,-0.03011201,0.04323036,-0.8642049,-0.1593561,0.7004845,-0.680748,-0.1432103,
1,5,14.147,-0.03011201,0.04323036,-0.8642049,-0.1593561,0.7004845,-0.680748,-0.1432103,
1,5,14.149,-0.03011201,0.04323036,-0.8642049,-0.1593561,0.7004845,-0.680748,-0.1432103,
1,5,14.151,-0.03011201,0.04323036,-0.8642049,-0.1593561,0.7004845,-0.680748,-0.1432103,
1,5,14.153,-0.03009584,0.04321961,-0.8642095,-0.1593921,0.70048,-0.680749,-0.1431878,
1,5,14.155,-0.03009584,0.04321961,-0.8642095,-0.1593921,0.70048,-0.680749,-0.1431878,
1,5,14.157,-0.03009584,0.04321961,-0.8642095,-0.1593921,0.70048,-0.680749,-0.1431878,
1,5,14.159,-0.03009584,0.04321961,-0.8642095,-0.1593921,0.70048,-0.680749,-0.1431878,
1,5,14.161,-0.03010483,0.0432348,-0.8642049,-0.1594278,0.7005116,-0.6807171,-0.1431451,
1,5,14.163,-0.03010483,0.0432348,-0.8642049,-0.1594278,0.7005116,-0.6807171,-0.1431451,
1,5,14.165,-0.03010483,0.0432348,-0.8642049,-0.1594278,0.7005116,-0.6807171,-0.1431451,
1,5,14.167,-0.03010483,0.0432348,-0.8642049,-0.1594278,0.7005116,-0.6807171,-0.1431451,
1,5,14.169,-0.03011663,0.04324482,-0.8642046,-0.1593868,0.7005202,-0.6807078,-0.1431931,
1,5,14.171,-0.03011663,0.04324482,-0.8642046,-0.1593868,0.7005202,-0.6807078,-0.1431931,
1,5,14.173,-0.03011663,0.04324482,-0.8642046,-0.1593868,0.7005202,-0.6807078,-0.1431931,
1,5,14.175,-0.03011663,0.04324482,-0.8642046,-0.1593868,0.7005202,-0.6807078,-0.1431931,
1,5,14.177,-0.03011663,0.04324482,-0.8642046,-0.1593868,0.7005202,-0.6807078,-0.1431931,
1,5,14.179,-0.0300953,0.0432242,-0.8642092,-0.1593823,0.7004949,-0.6807368,-0.1431831,
1,5,14.181,-0.0300953,0.0432242,-0.8642092,-0.1593823,0.7004949,-0.6807368,-0.1431831,
1,5,14.183,-0.0300953,0.0432242,-0.8642092,-0.1593823,0.7004949,-0.6807368,-0.1431831,
1,5,14.185,-0.0300953,0.0432242,-0.8642092,-0.1593823,0.7004949,-0.6807368,-0.1431831,
1,5,14.187,-0.03012918,0.04324764,-0.8642033,-0.159331,0.7004969,-0.6807323,-0.143253,
1,5,14.189,-0.03012918,0.04324764,-0.8642033,-0.159331,0.7004969,-0.6807323,-0.143253,
1,5,14.191,-0.03012918,0.04324764,-0.8642033,-0.159331,0.7004969,-0.6807323,-0.143253,
1,5,14.193,-0.03012918,0.04324764,-0.8642033,-0.159331,0.7004969,-0.6807323,-0.143253,
1,5,14.195,-0.03010006,0.04322805,-0.8642132,-0.1593595,0.7004889,-0.6807469,-0.1431902,
1,5,14.197,-0.03010006,0.04322805,-0.8642132,-0.1593595,0.7004889,-0.6807469,-0.1431902,
1,5,14.199,-0.03010006,0.04322805,-0.8642132,-0.1593595,0.7004889,-0.6807469,-0.1431902,
1,5,14.201,-0.03010006,0.04322805,-0.8642132,-0.1593595,0.7004889,-0.6807469,-0.1431902,
1,5,14.203,-0.03009161,0.04321599,-0.8642151,-0.159375,0.7004821,-0.6807535,-0.1431754,
1,5,14.205,-0.03009161,0.04321599,-0.8642151,-0.159375,0.7004821,-0.6807535,-0.1431754,
1,5,14.207,-0.03009161,0.04321599,-0.8642151,-0.159375,0.7004821,-0.6807535,-0.1431754,
1,5,14.209,-0.03009161,0.04321599,-0.8642151,-0.159375,0.7004821,-0.6807535,-0.1431754,
1,5,14.211,-0.03012334,0.04324057,-0.8642057,-0.1593453,0.7004667,-0.6807677,-0.143216,
1,5,14.213,-0.03012334,0.04324057,-0.8642057,-0.1593453,0.7004667,-0.6807677,-0.143216,
1,5,14.215,-0.03012334,0.04324057,-0.8642057,-0.1593453,0.7004667,-0.6807677,-0.143216,
1,5,14.217,-0.03012334,0.04324057,-0.8642057,-0.1593453,0.7004667,-0.6807677,-0.143216,
1,5,14.219,-0.03014232,0.04324583,-0.8642029,-0.1593227,0.7004815,-0.6807501,-0.1432525,
1,5,14.221,-0.03014232,0.04324583,-0.8642029,-0.1593227,0.7004815,-0.6807501,-0.1432525,
1,5,14.223,-0.03014232,0.04324583,-0.8642029,-0.1593227,0.7004815,-0.6807501,-0.1432525,
1,5,14.225,-0.03014232,0.04324583,-0.8642029,-0.1593227,0.7004815,-0.6807501,-0.1432525,
1,5,14.227,-0.03014232,0.04324583,-0.8642029,-0.1593227,0.7004815,-0.6807501,-0.1432525,
1,5,14.229,-0.03013109,0.0432407,-0.8642014,-0.1593378,0.7005054,-0.6807283,-0.1432228,
1,5,14.231,-0.03013109,0.0432407,-0.8642014,-0.1593378,0.7005054,-0.6807283,-0.1432228,
1,5,14.233,-0.03013109,0.0432407,-0.8642014,-0.1593378,0.7005054,-0.6807283,-0.1432228,
1,5,14.235,-0.03013109,0.0432407,-0.8642014,-0.1593378,0.7005054,-0.6807283,-0.1432228,
1,5,14.237,-0.03013655,0.04325512,-0.8642136,-0.1593348,0.7005206,-0.680712,-0.1432285,
1,5,14.239,-0.03013655,0.04325512,-0.8642136,-0.1593348,0.7005206,-0.680712,-0.1432285,
1,5,14.241,-0.03013655,0.04325512,-0.8642136,-0.1593348,0.7005206,-0.680712,-0.1432285,
1,5,14.243,-0.03013655,0.04325512,-0.8642136,-0.1593348,0.7005206,-0.680712,-0.1432285,
1,5,14.245,-0.03013899,0.04324811,-0.8642197,-0.1593215,0.7005112,-0.680721,-0.143247,
1,5,14.247,-0.03013899,0.04324811,-0.8642197,-0.1593215,0.7005112,-0.680721,-0.143247,
1,5,14.249,-0.03013899,0.04324811,-0.8642197,-0.1593215,0.7005112,-0.680721,-0.143247,
1,5,14.251,-0.03013899,0.04324811,-0.8642197,-0.1593215,0.7005112,-0.680721,-0.143247,
1,5,14.253,-0.03010959,0.04322457,-0.8642182,-0.1593572,0.7005069,-0.6807272,-0.1431974,
1,5,14.255,-0.03010959,0.04322457,-0.8642182,-0.1593572,0.7005069,-0.6807272,-0.1431974,
1,5,14.257,-0.03010959,0.04322457,-0.8642182,-0.1593572,0.7005069,-0.6807272,-0.1431974,
1,5,14.259,-0.03010959,0.04322457,-0.8642182,-0.1593572,0.7005069,-0.6807272,-0.1431974,
1,5,14.261,-0.03012795,0.04323088,-0.8642096,-0.1593516,0.7004975,-0.6807362,-0.1432085,
1,5,14.263,-0.03012795,0.04323088,-0.8642096,-0.1593516,0.7004975,-0.6807362,-0.1432085,
1,5,14.265,-0.03012795,0.04323088,-0.8642096,-0.1593516,0.7004975,-0.6807362,-0.1432085,
1,5,14.267,-0.03012795,0.04323088,-0.8642096,-0.1593516,0.7004975,-0.6807362,-0.1432085,
1,5,14.269,-0.0300976,0.04321439,-0.8642118,-0.1593853,0.7004891,-0.680743,-0.1431796,
1,5,14.271,-0.0300976,0.04321439,-0.8642118,-0.1593853,0.7004891,-0.680743,-0.1431796,
1,5,14.273,-0.0300976,0.04321439,-0.8642118,-0.1593853,0.7004891,-0.680743,-0.1431796,
1,5,14.275,-0.0300976,0.04321439,-0.8642118,-0.1593853,0.7004891,-0.680743,-0.1431796,
1,5,14.277,-0.0300976,0.04321439,-0.8642118,-0.1593853,0.7004891,-0.680743,-0.1431796,
1,5,14.279,-0.030101,0.04324912,-0.8642175,-0.1594134,0.7005341,-0.6806951,-0.1431555,
1,5,14.281,-0.030101,0.04324912,-0.8642175,-0.1594134,0.7005341,-0.6806951,-0.1431555,
1,5,14.283,-0.030101,0.04324912,-0.8642175,-0.1594134,0.7005341,-0.6806951,-0.1431555,
1,5,14.285,-0.030101,0.04324912,-0.8642175,-0.1594134,0.7005341,-0.6806951,-0.1431555,
1,5,14.287,-0.03011593,0.04325444,-0.8642172,-0.1593632,0.7005375,-0.6806998,-0.1431727,
1,5,14.289,-0.03011593,0.04325444,-0.8642172,-0.1593632,0.7005375,-0.6806998,-0.1431727,
1,5,14.291,-0.03011593,0.04325444,-0.8642172,-0.1593632,0.7005375,-0.6806998,-0.1431727,
1,5,14.293,-0.03011593,0.04325444,-0.8642172,-0.1593632,0.7005375,-0.6806998,-0.1431727,
1,5,14.295,-0.03013882,0.04325736,-0.8642077,-0.1593136,0.7005051,-0.6807319,-0.1432339,
1,5,14.297,-0.03013882,0.04325736,-0.8642077,-0.1593136,0.7005051,-0.6807319,-0.1432339,
1,5,14.299,-0.03013882,0.04325736,-0.8642077,-0.1593136,0.7005051,-0.6807319,-0.1432339,
1,5,14.301,-0.03013882,0.04325736,-0.8642077,-0.1593136,0.7005051,-0.6807319,-0.1432339,
1,5,14.303,-0.03012082,0.04322673,-0.864209,-0.159343,0.7004805,-0.6807566,-0.1432039,
1,5,14.305,-0.03012082,0.04322673,-0.864209,-0.159343,0.7004805,-0.6807566,-0.1432039,
1,5,14.307,-0.03012082,0.04322673,-0.864209,-0.159343,0.7004805,-0.6807566,-0.1432039,
1,5,14.309,-0.03012082,0.04322673,-0.864209,-0.159343,0.7004805,-0.6807566,-0.1432039,
1,5,14.311,-0.03010565,0.04320145,-0.8642167,-0.1593539,0.7004381,-0.6808001,-0.1431921,
1,5,14.313,-0.03010565,0.04320145,-0.8642167,-0.1593539,0.7004381,-0.6808001,-0.1431921,
1,5,14.315,-0.03010565,0.04320145,-0.8642167,-0.1593539,0.7004381,-0.6808001,-0.1431921,
1,5,14.317,-0.03010565,0.04320145,-0.8642167,-0.1593539,0.7004381,-0.6808001,-0.1431921,
1,5,14.319,-0.03012906,0.04322784,-0.8642312,-0.1593324,0.7004383,-0.6807926,-0.1432513,
1,5,14.321,-0.03012906,0.04322784,-0.8642312,-0.1593324,0.7004383,-0.6807926,-0.1432513,
1,5,14.323,-0.03012906,0.04322784,-0.8642312,-0.1593324,0.7004383,-0.6807926,-0.1432513,
1,5,14.325,-0.03012906,0.04322784,-0.8642312,-0.1593324,0.7004383,-0.6807926,-0.1432513,
1,5,14.327,-0.03012906,0.04322784,-0.8642312,-0.1593324,0.7004383,-0.6807926,-0.1432513,
1,5,14.329,-0.03010943,0.04320567,-0.8642275,-0.1593442,0.7004283,-0.6808013,-0.1432449,
1,5,14.331,-0.03010943,0.04320567,-0.8642275,-0.1593442,0.7004283,-0.6808013,-0.1432449,
1,5,14.333,-0.03010943,0.04320567,-0.8642275,-0.1593442,0.7004283,-0.6808013,-0.1432449,
1,5,14.335,-0.03010943,0.04320567,-0.8642275,-0.1593442,0.7004283,-0.6808013,-0.1432449,
1,5,14.337,-0.03010483,0.04321335,-0.8642275,-0.1593593,0.7004615,-0.6807736,-0.1431981,
1,5,14.339,-0.03010483,0.04321335,-0.8642275,-0.1593593,0.7004615,-0.6807736,-0.1431981,
1,5,14.341,-0.03010483,0.04321335,-0.8642275,-0.1593593,0.7004615,-0.6807736,-0.1431981,
1,5,14.343,-0.03010483,0.04321335,-0.8642275,-0.1593593,0.7004615,-0.6807736,-0.1431981,
1,5,14.345,-0.03009449,0.04319583,-0.8642219,-0.159393,0.7004523,-0.6807805,-0.1431728,
1,5,14.347,-0.03009449,0.04319583,-0.8642219,-0.159393,0.7004523,-0.6807805,-0.1431728,
1,5,14.349,-0.03009449,0.04319583,-0.8642219,-0.159393,0.7004523,-0.6807805,-0.1431728,
1,5,14.351,-0.03009449,0.04319583,-0.8642219,-0.159393,0.7004523,-0.6807805,-0.1431728,
1,5,14.353,-0.03011815,0.04323129,-0.8642244,-0.1593566,0.700461,-0.6807713,-0.1432141,
1,5,14.355,-0.03011815,0.04323129,-0.8642244,-0.1593566,0.700461,-0.6807713,-0.1432141,
1,5,14.357,-0.03011815,0.04323129,-0.8642244,-0.1593566,0.700461,-0.6807713,-0.1432141,
1,5,14.359,-0.03011815,0.04323129,-0.8642244,-0.1593566,0.700461,-0.6807713,-0.1432141,
1,5,14.361,-0.03010206,0.04321958,-0.8642169,-0.1593562,0.7004797,-0.6807571,-0.143191,
1,5,14.363,-0.03010206,0.04321958,-0.8642169,-0.1593562,0.7004797,-0.6807571,-0.143191,
1,5,14.365,-0.03010206,0.04321958,-0.8642169,-0.1593562,0.7004797,-0.6807571,-0.143191,
1,5,14.367,-0.03010206,0.04321958,-0.8642169,-0.1593562,0.7004797,-0.6807571,-0.143191,
1,5,14.369,-0.03009947,0.04323981,-0.8642239,-0.1594049,0.7004915,-0.680732,-0.1431981,
1,5,14.371,-0.03009947,0.04323981,-0.8642239,-0.1594049,0.7004915,-0.680732,-0.1431981,
1,5,14.373,-0.03009947,0.04323981,-0.8642239,-0.1594049,0.7004915,-0.680732,-0.1431981,
1,5,14.375,-0.03009947,0.04323981,-0.8642239,-0.1594049,0.7004915,-0.680732,-0.1431981,
1,5,14.377,-0.03009947,0.04323981,-0.8642239,-0.1594049,0.7004915,-0.680732,-0.1431981,
1,5,14.379,-0.03013357,0.04326727,-0.8642155,-0.1593625,0.7004976,-0.6807286,-0.1432313,
1,5,14.381,-0.03013357,0.04326727,-0.8642155,-0.1593625,0.7004976,-0.6807286,-0.1432313,
1,5,14.383,-0.03013357,0.04326727,-0.8642155,-0.1593625,0.7004976,-0.6807286,-0.1432313,
1,5,14.385,-0.03013357,0.04326727,-0.8642155,-0.1593625,0.7004976,-0.6807286,-0.1432313,
1,5,14.387,-0.03010332,0.04321399,-0.8642092,-0.1593716,0.7004708,-0.6807636,-0.1431868,
1,5,14.389,-0.03010332,0.04321399,-0.8642092,-0.1593716,0.7004708,-0.6807636,-0.1431868,
1,5,14.391,-0.03010332,0.04321399,-0.8642092,-0.1593716,0.7004708,-0.6807636,-0.1431868,
1,5,14.393,-0.03010332,0.04321399,-0.8642092,-0.1593716,0.7004708,-0.6807636,-0.1431868,
1,5,14.395,-0.03012762,0.04325157,-0.8642263,-0.1593273,0.7004979,-0.6807399,-0.1432164,
1,5,14.397,-0.03012762,0.04325157,-0.8642263,-0.1593273,0.7004979,-0.6807399,-0.1432164,
1,5,14.399,-0.03012762,0.04325157,-0.8642263,-0.1593273,0.7004979,-0.6807399,-0.1432164,
1,5,14.401,-0.03012762,0.04325157,-0.8642263,-0.1593273,0.7004979,-0.6807399,-0.1432164,
1,5,14.403,-0.03014548,0.04326318,-0.8642309,-0.1593021,0.7005138,-0.6807233,-0.1432445,
1,5,14.405,-0.03014548,0.04326318,-0.8642309,-0.1593021,0.7005138,-0.6807233,-0.1432445,
1,5,14.407,-0.03014548,0.04326318,-0.8642309,-0.1593021,0.7005138,-0.6807233,-0.1432445,
1,5,14.409,-0.03014548,0.04326318,-0.8642309,-0.1593021,0.7005138,-0.6807233,-0.1432445,
1,5,14.411,-0.03010165,0.04323171,-0.8642209,-0.1593408,0.7004955,-0.6807424,-0.1432,
1,5,14.413,-0.03010165,0.04323171,-0.8642209,-0.1593408,0.7004955,-0.6807424,-0.1432,
1,5,14.415,-0.03010165,0.04323171,-0.8642209,-0.1593408,0.7004955,-0.6807424,-0.1432,
1,5,14.417,-0.03010165,0.04323171,-0.8642209,-0.1593408,0.7004955,-0.6807424,-0.1432,
1,5,14.419,-0.03012764,0.04325381,-0.8642175,-0.1593389,0.7004912,-0.6807432,-0.1432198,
1,5,14.421,-0.03012764,0.04325381,-0.8642175,-0.1593389,0.7004912,-0.6807432,-0.1432198,
1,5,14.423,-0.03012764,0.04325381,-0.8642175,-0.1593389,0.7004912,-0.6807432,-0.1432198,
1,5,14.425,-0.03012764,0.04325381,-0.8642175,-0.1593389,0.7004912,-0.6807432,-0.1432198,
1,5,14.427,-0.03012764,0.04325381,-0.8642175,-0.1593389,0.7004912,-0.6807432,-0.1432198,
1,5,14.429,-0.03010706,0.04323518,-0.8642122,-0.1593578,0.7004937,-0.6807422,-0.1431916,
1,5,14.431,-0.03010706,0.04323518,-0.8642122,-0.1593578,0.7004937,-0.6807422,-0.1431916,
1,5,14.433,-0.03010706,0.04323518,-0.8642122,-0.1593578,0.7004937,-0.6807422,-0.1431916,
1,5,14.435,-0.03010706,0.04323518,-0.8642122,-0.1593578,0.7004937,-0.6807422,-0.1431916,
1,5,14.437,-0.03013534,0.04325731,-0.8642153,-0.1592984,0.7004852,-0.6807469,-0.1432763,
1,5,14.439,-0.03013534,0.04325731,-0.8642153,-0.1592984,0.7004852,-0.6807469,-0.1432763,
1,5,14.441,-0.03013534,0.04325731,-0.8642153,-0.1592984,0.7004852,-0.6807469,-0.1432763,
1,5,14.443,-0.03013534,0.04325731,-0.8642153,-0.1592984,0.7004852,-0.6807469,-0.1432763,
1,5,14.445,-0.03013991,0.04326262,-0.864218,-0.1592885,0.7004718,-0.6807584,-0.1432981,
1,5,14.447,-0.03013991,0.04326262,-0.864218,-0.1592885,0.7004718,-0.6807584,-0.1432981,
1,5,14.449,-0.03013991,0.04326262,-0.864218,-0.1592885,0.7004718,-0.6807584,-0.1432981,
1,5,14.451,-0.03013991,0.04326262,-0.864218,-0.1592885,0.7004718,-0.6807584,-0.1432981,
1,5,14.453,-0.03012997,0.04325303,-0.8642185,-0.159289,0.700473,-0.6807597,-0.1432865,
1,5,14.455,-0.03012997,0.04325303,-0.8642185,-0.159289,0.700473,-0.6807597,-0.1432865,
1,5,14.457,-0.03012997,0.04325303,-0.8642185,-0.159289,0.700473,-0.6807597,-0.1432865,
1,5,14.459,-0.03012997,0.04325303,-0.8642185,-0.159289,0.700473,-0.6807597,-0.1432865,
1,5,14.461,-0.03013314,0.04325891,-0.8642143,-0.1592889,0.7004963,-0.6807386,-0.1432724,
1,5,14.463,-0.03013314,0.04325891,-0.8642143,-0.1592889,0.7004963,-0.6807386,-0.1432724,
1,5,14.465,-0.03013314,0.04325891,-0.8642143,-0.1592889,0.7004963,-0.6807386,-0.1432724,
1,5,14.467,-0.03013314,0.04325891,-0.8642143,-0.1592889,0.7004963,-0.6807386,-0.1432724,
1,5,14.469,-0.03014741,0.04325245,-0.8642011,-0.1592905,0.7005085,-0.6807266,-0.143268,
1,5,14.471,-0.03014741,0.04325245,-0.8642011,-0.1592905,0.7005085,-0.6807266,-0.143268,
1,5,14.473,-0.03014741,0.04325245,-0.8642011,-0.1592905,0.7005085,-0.6807266,-0.143268,
1,5,14.475,-0.03014741,0.04325245,-0.8642011,-0.1592905,0.7005085,-0.6807266,-0.143268,
1,5,14.477,-0.03014741,0.04325245,-0.8642011,-0.1592905,0.7005085,-0.6807266,-0.143268,
1,5,14.479,-0.03012061,0.04325204,-0.864208,-0.1593188,0.7005093,-0.6807288,-0.1432222,
1,5,14.481,-0.03012061,0.04325204,-0.864208,-0.1593188,0.7005093,-0.6807288,-0.1432222,
1,5,14.483,-0.03012061,0.04325204,-0.864208,-0.1593188,0.7005093,-0.6807288,-0.1432222,
1,5,14.485,-0.03012061,0.04325204,-0.864208,-0.1593188,0.7005093,-0.6807288,-0.1432222,
1,5,14.487,-0.03010599,0.04324825,-0.8642036,-0.159321,0.7004812,-0.6807565,-0.1432255,
1,5,14.489,-0.03010599,0.04324825,-0.8642036,-0.159321,0.7004812,-0.6807565,-0.1432255,
1,5,14.491,-0.03010599,0.04324825,-0.8642036,-0.159321,0.7004812,-0.6807565,-0.1432255,
1,5,14.493,-0.03010599,0.04324825,-0.8642036,-0.159321,0.7004812,-0.6807565,-0.1432255,
1,5,14.495,-0.03008017,0.04323177,-0.8641986,-0.159318,0.7004757,-0.6807669,-0.1432065,
1,5,14.497,-0.03008017,0.04323177,-0.8641986,-0.159318,0.7004757,-0.6807669,-0.1432065,
1,5,14.499,-0.03008017,0.04323177,-0.8641986,-0.159318,0.7004757,-0.6807669,-0.1432065,
1,5,14.501,-0.03008017,0.04323177,-0.8641986,-0.159318,0.7004757,-0.6807669,-0.1432065,
1,5,14.503,-0.03008823,0.04322801,-0.8641934,-0.1593324,0.7004625,-0.680777,-0.1432069,
1,5,14.505,-0.03008823,0.04322801,-0.8641934,-0.1593324,0.7004625,-0.680777,-0.1432069,
1,5,14.507,-0.03008823,0.04322801,-0.8641934,-0.1593324,0.7004625,-0.680777,-0.1432069,
1,5,14.509,-0.03008823,0.04322801,-0.8641934,-0.1593324,0.7004625,-0.680777,-0.1432069,
1,5,14.511,-0.03011272,0.04324734,-0.8641961,-0.1593371,0.7004724,-0.6807647,-0.1432124,
1,5,14.513,-0.03011272,0.04324734,-0.8641961,-0.1593371,0.7004724,-0.6807647,-0.1432124,
1,5,14.515,-0.03011272,0.04324734,-0.8641961,-0.1593371,0.7004724,-0.6807647,-0.1432124,
1,5,14.517,-0.03011272,0.04324734,-0.8641961,-0.1593371,0.7004724,-0.6807647,-0.1432124,
1,5,14.519,-0.03009354,0.04322647,-0.8641928,-0.1593741,0.7004735,-0.6807597,-0.1431889,
1,5,14.521,-0.03009354,0.04322647,-0.8641928,-0.1593741,0.7004735,-0.6807597,-0.1431889,
1,5,14.523,-0.03009354,0.04322647,-0.8641928,-0.1593741,0.7004735,-0.6807597,-0.1431889,
1,5,14.525,-0.03009354,0.04322647,-0.8641928,-0.1593741,0.7004735,-0.6807597,-0.1431889,
1,5,14.527,-0.03009354,0.04322647,-0.8641928,-0.1593741,0.7004735,-0.6807597,-0.1431889,
1,5,14.529,-0.03009168,0.04322593,-0.8641952,-0.159386,0.7004756,-0.6807588,-0.14317,
1,5,14.531,-0.03009168,0.04322593,-0.8641952,-0.159386,0.7004756,-0.6807588,-0.14317,
1,5,14.533,-0.03009168,0.04322593,-0.8641952,-0.159386,0.7004756,-0.6807588,-0.14317,
1,5,14.535,-0.03009168,0.04322593,-0.8641952,-0.159386,0.7004756,-0.6807588,-0.14317,
1,5,14.537,-0.03011545,0.04325641,-0.8642008,-0.1593453,0.7004958,-0.6807415,-0.1431983,
1,5,14.539,-0.03011545,0.04325641,-0.8642008,-0.1593453,0.7004958,-0.6807415,-0.1431983,
1,5,14.541,-0.03011545,0.04325641,-0.8642008,-0.1593453,0.7004958,-0.6807415,-0.1431983,
1,5,14.543,-0.03011545,0.04325641,-0.8642008,-0.1593453,0.7004958,-0.6807415,-0.1431983,
1,5,14.545,-0.03009408,0.04324051,-0.8642067,-0.1593601,0.7004791,-0.6807596,-0.1431772,
1,5,14.547,-0.03009408,0.04324051,-0.8642067,-0.1593601,0.7004791,-0.6807596,-0.1431772,
1,5,14.549,-0.03009408,0.04324051,-0.8642067,-0.1593601,0.7004791,-0.6807596,-0.1431772,
1,5,14.551,-0.03009408,0.04324051,-0.8642067,-0.1593601,0.7004791,-0.6807596,-0.1431772,
1,5,14.553,-0.03009582,0.04321227,-0.864204,-0.1593911,0.7004803,-0.6807563,-0.1431527,
1,5,14.555,-0.03009582,0.04321227,-0.864204,-0.1593911,0.7004803,-0.6807563,-0.1431527,
1,5,14.557,-0.03009582,0.04321227,-0.864204,-0.1593911,0.7004803,-0.6807563,-0.1431527,
1,5,14.559,-0.03009582,0.04321227,-0.864204,-0.1593911,0.7004803,-0.6807563,-0.1431527,
1,5,14.561,-0.03008268,0.04321355,-0.8641896,-0.1594044,0.7004954,-0.6807364,-0.1431588,
1,5,14.563,-0.03008268,0.04321355,-0.8641896,-0.1594044,0.7004954,-0.6807364,-0.1431588,
1,5,14.565,-0.03008268,0.04321355,-0.8641896,-0.1594044,0.7004954,-0.6807364,-0.1431588,
1,5,14.567,-0.03008268,0.04321355,-0.8641896,-0.1594044,0.7004954,-0.6807364,-0.1431588,
1,5,14.569,-0.03010046,0.04321005,-0.8642008,-0.1593954,0.7004968,-0.6807356,-0.1431658,
1,5,14.571,-0.03010046,0.04321005,-0.8642008,-0.1593954,0.7004968,-0.6807356,-0.1431658,
1,5,14.573,-0.03010046,0.04321005,-0.8642008,-0.1593954,0.7004968,-0.6807356,-0.1431658,
1,5,14.575,-0.03010046,0.04321005,-0.8642008,-0.1593954,0.7004968,-0.6807356,-0.1431658,
1,5,14.577,-0.03010046,0.04321005,-0.8642008,-0.1593954,0.7004968,-0.6807356,-0.1431658,
1,5,14.579,-0.03011105,0.04320564,-0.8642104,-0.1593347,0.7004739,-0.680767,-0.143196,
1,5,14.581,-0.03011105,0.04320564,-0.8642104,-0.1593347,0.7004739,-0.680767,-0.143196,
1,5,14.583,-0.03011105,0.04320564,-0.8642104,-0.1593347,0.7004739,-0.680767,-0.143196,
1,5,14.585,-0.03011105,0.04320564,-0.8642104,-0.1593347,0.7004739,-0.680767,-0.143196,
1,5,14.587,-0.0301189,0.04323252,-0.8642145,-0.1593182,0.7004894,-0.6807485,-0.1432268,
1,5,14.589,-0.0301189,0.04323252,-0.8642145,-0.1593182,0.7004894,-0.6807485,-0.1432268,
1,5,14.591,-0.0301189,0.04323252,-0.8642145,-0.1593182,0.7004894,-0.6807485,-0.1432268,
1,5,14.593,-0.0301189,0.04323252,-0.8642145,-0.1593182,0.7004894,-0.6807485,-0.1432268,
1,5,14.595,-0.03009349,0.04322441,-0.8642132,-0.1593353,0.7004918,-0.6807472,-0.1432015,
1,5,14.597,-0.03009349,0.04322441,-0.8642132,-0.1593353,0.7004918,-0.6807472,-0.1432015,
1,5,14.599,-0.03009349,0.04322441,-0.8642132,-0.1593353,0.7004918,-0.6807472,-0.1432015,
1,5,14.601,-0.03009349,0.04322441,-0.8642132,-0.1593353,0.7004918,-0.6807472,-0.1432015,
1,5,14.603,-0.03011741,0.04325114,-0.8642132,-0.1593007,0.700501,-0.6807397,-0.1432312,
1,5,14.605,-0.03011741,0.04325114,-0.8642132,-0.1593007,0.700501,-0.6807397,-0.1432312,
1,5,14.607,-0.03011741,0.04325114,-0.8642132,-0.1593007,0.700501,-0.6807397,-0.1432312,
1,5,14.609,-0.03011741,0.04325114,-0.8642132,-0.1593007,0.700501,-0.6807397,-0.1432312,
1,5,14.611,-0.03012457,0.04324826,-0.8642113,-0.1593127,0.7005009,-0.6807331,-0.1432493,
1,5,14.613,-0.03012457,0.04324826,-0.8642113,-0.1593127,0.7005009,-0.6807331,-0.1432493,
1,5,14.615,-0.03012457,0.04324826,-0.8642113,-0.1593127,0.7005009,-0.6807331,-0.1432493,
1,5,14.617,-0.03012457,0.04324826,-0.8642113,-0.1593127,0.7005009,-0.6807331,-0.1432493,
1,5,14.619,-0.03012677,0.04324134,-0.8642136,-0.1593527,0.7004817,-0.6807432,-0.1432511,
1,5,14.621,-0.03012677,0.04324134,-0.8642136,-0.1593527,0.7004817,-0.6807432,-0.1432511,
1,5,14.623,-0.03012677,0.04324134,-0.8642136,-0.1593527,0.7004817,-0.6807432,-0.1432511,
1,5,14.625,-0.03012677,0.04324134,-0.8642136,-0.1593527,0.7004817,-0.6807432,-0.1432511,
1,5,14.627,-0.03012677,0.04324134,-0.8642136,-0.1593527,0.7004817,-0.6807432,-0.1432511,
1,5,14.629,-0.03011041,0.04322894,-0.8642147,-0.159337,0.7004654,-0.6807657,-0.1432412,
1,5,14.631,-0.03011041,0.04322894,-0.8642147,-0.159337,0.7004654,-0.6807657,-0.1432412,
1,5,14.633,-0.03011041,0.04322894,-0.8642147,-0.159337,0.7004654,-0.6807657,-0.1432412,
1,5,14.635,-0.03011041,0.04322894,-0.8642147,-0.159337,0.7004654,-0.6807657,-0.1432412,
1,5,14.637,-0.03008637,0.04321366,-0.8642079,-0.1593699,0.700471,-0.6807615,-0.143197,
1,5,14.639,-0.03008637,0.04321366,-0.8642079,-0.1593699,0.700471,-0.6807615,-0.143197,
1,5,14.641,-0.03008637,0.04321366,-0.8642079,-0.1593699,0.700471,-0.6807615,-0.143197,
1,5,14.643,-0.03008637,0.04321366,-0.8642079,-0.1593699,0.700471,-0.6807615,-0.143197,
1,5,14.645,-0.03007675,0.0431937,-0.8642098,-0.1593918,0.700465,-0.6807693,-0.1431651,
1,5,14.647,-0.03007675,0.0431937,-0.8642098,-0.1593918,0.700465,-0.6807693,-0.1431651,
1,5,14.649,-0.03007675,0.0431937,-0.8642098,-0.1593918,0.700465,-0.6807693,-0.1431651,
1,5,14.651,-0.03007675,0.0431937,-0.8642098,-0.1593918,0.700465,-0.6807693,-0.1431651,
1,5,14.653,-0.03006592,0.04318903,-0.8642174,-0.1594366,0.7004729,-0.6807606,-0.1431181,
1,5,14.655,-0.03006592,0.04318903,-0.8642174,-0.1594366,0.7004729,-0.6807606,-0.1431181,
1,5,14.657,-0.03006592,0.04318903,-0.8642174,-0.1594366,0.7004729,-0.6807606,-0.1431181,
1,5,14.659,-0.03006592,0.04318903,-0.8642174,-0.1594366,0.7004729,-0.6807606,-0.1431181,
1,5,14.661,-0.0300653,0.04319051,-0.8642207,-0.1594184,0.7004664,-0.6807703,-0.1431237,
1,5,14.663,-0.0300653,0.04319051,-0.8642207,-0.1594184,0.7004664,-0.6807703,-0.1431237,
1,5,14.665,-0.0300653,0.04319051,-0.8642207,-0.1594184,0.7004664,-0.6807703,-0.1431237,
1,5,14.667,-0.0300653,0.04319051,-0.8642207,-0.1594184,0.7004664,-0.6807703,-0.1431237,
1,5,14.669,-0.03012396,0.0432256,-0.864208,-0.1593651,0.7004822,-0.6807537,-0.1431848,
1,5,14.671,-0.03012396,0.0432256,-0.864208,-0.1593651,0.7004822,-0.6807537,-0.1431848,
1,5,14.673,-0.03012396,0.0432256,-0.864208,-0.1593651,0.7004822,-0.6807537,-0.1431848,
1,5,14.675,-0.03012396,0.0432256,-0.864208,-0.1593651,0.7004822,-0.6807537,-0.1431848,
1,5,14.677,-0.03012396,0.0432256,-0.864208,-0.1593651,0.7004822,-0.6807537,-0.1431848,
1,5,14.679,-0.03011575,0.0432289,-0.8642101,-0.1593166,0.7004703,-0.6807651,-0.1432422,
1,5,14.681,-0.03011575,0.0432289,-0.8642101,-0.1593166,0.7004703,-0.6807651,-0.1432422,
1,5,14.683,-0.03011575,0.0432289,-0.8642101,-0.1593166,0.7004703,-0.6807651,-0.1432422,
1,5,14.685,-0.03011575,0.0432289,-0.8642101,-0.1593166,0.7004703,-0.6807651,-0.1432422,
1,5,14.687,-0.03013058,0.0432432,-0.864213,-0.1592819,0.700483,-0.6807523,-0.1432804,
1,5,14.689,-0.03013058,0.0432432,-0.864213,-0.1592819,0.700483,-0.6807523,-0.1432804,
1,5,14.691,-0.03013058,0.0432432,-0.864213,-0.1592819,0.700483,-0.6807523,-0.1432804,
1,5,14.693,-0.03013058,0.0432432,-0.864213,-0.1592819,0.700483,-0.6807523,-0.1432804,
1,5,14.695,-0.03009587,0.04320746,-0.8642193,-0.1593305,0.7004595,-0.6807749,-0.1432342,
1,5,14.697,-0.03009587,0.04320746,-0.8642193,-0.1593305,0.7004595,-0.6807749,-0.1432342,
1,5,14.699,-0.03009587,0.04320746,-0.8642193,-0.1593305,0.7004595,-0.6807749,-0.1432342,
1,5,14.701,-0.03009587,0.04320746,-0.8642193,-0.1593305,0.7004595,-0.6807749,-0.1432342,
1,5,14.703,-0.03008125,0.04318105,-0.864213,-0.1593833,0.7004508,-0.6807825,-0.1431817,
1,5,14.705,-0.03008125,0.04318105,-0.864213,-0.1593833,0.7004508,-0.6807825,-0.1431817,
1,5,14.707,-0.03008125,0.04318105,-0.864213,-0.1593833,0.7004508,-0.6807825,-0.1431817,
1,5,14.709,-0.03008125,0.04318105,-0.864213,-0.1593833,0.7004508,-0.6807825,-0.1431817,
1,5,14.711,-0.03008506,0.04317974,-0.8642144,-0.1593754,0.7004414,-0.6807929,-0.1431867,
1,5,14.713,-0.03008506,0.04317974,-0.8642144,-0.1593754,0.7004414,-0.6807929,-0.1431867,
1,5,14.715,-0.03008506,0.04317974,-0.8642144,-0.1593754,0.7004414,-0.6807929,-0.1431867,
1,5,14.717,-0.03008506,0.04317974,-0.8642144,-0.1593754,0.7004414,-0.6807929,-0.1431867,
1,5,14.719,-0.03009908,0.0431842,-0.8642123,-0.159364,0.7004573,-0.6807753,-0.1432057,
1,5,14.721,-0.03009908,0.0431842,-0.8642123,-0.159364,0.7004573,-0.6807753,-0.1432057,
1,5,14.723,-0.03009908,0.0431842,-0.8642123,-0.159364,0.7004573,-0.6807753,-0.1432057,
1,5,14.725,-0.03009908,0.0431842,-0.8642123,-0.159364,0.7004573,-0.6807753,-0.1432057,
1,5,14.727,-0.03009908,0.0431842,-0.8642123,-0.159364,0.7004573,-0.6807753,-0.1432057,
1,5,14.729,-0.0301264,0.04322346,-0.8642066,-0.1593617,0.7004917,-0.6807281,-0.1432633,
1,5,14.731,-0.0301264,0.04322346,-0.8642066,-0.1593617,0.7004917,-0.6807281,-0.1432633,
1,5,14.733,-0.0301264,0.04322346,-0.8642066,-0.1593617,0.7004917,-0.6807281,-0.1432633,
1,5,14.735,-0.0301264,0.04322346,-0.8642066,-0.1593617,0.7004917,-0.6807281,-0.1432633,
1,5,14.737,-0.03010962,0.04320933,-0.8642075,-0.1593552,0.7004682,-0.6807593,-0.1432379,
1,5,14.739,-0.03010962,0.04320933,-0.8642075,-0.1593552,0.7004682,-0.6807593,-0.1432379,
1,5,14.741,-0.03010962,0.04320933,-0.8642075,-0.1593552,0.7004682,-0.6807593,-0.1432379,
1,5,14.743,-0.03010962,0.04320933,-0.8642075,-0.1593552,0.7004682,-0.6807593,-0.1432379,
1,5,14.745,-0.03010195,0.04320391,-0.8642016,-0.1593644,0.7004572,-0.6807709,-0.1432264,
1,5,14.747,-0.03010195,0.04320391,-0.8642016,-0.1593644,0.7004572,-0.6807709,-0.1432264,
1,5,14.749,-0.03010195,0.04320391,-0.8642016,-0.1593644,0.7004572,-0.6807709,-0.1432264,
1,5,14.751,-0.03010195,0.04320391,-0.8642016,-0.1593644,0.7004572,-0.6807709,-0.1432264,
1,5,14.753,-0.03009665,0.04319837,-0.8641955,-0.1593576,0.7004515,-0.6807804,-0.143217,
1,5,14.755,-0.03009665,0.04319837,-0.8641955,-0.1593576,0.7004515,-0.6807804,-0.143217,CourtEnter
1,5,14.757,-0.03009665,0.04319837,-0.8641955,-0.1593576,0.7004515,-0.6807804,-0.143217,
1,5,14.759,-0.03009665,0.04319837,-0.8641955,-0.1593576,0.7004515,-0.6807804,-0.143217,
1,5,14.761,-0.03012272,0.04323078,-0.8642066,-0.1593277,0.7004676,-0.6807633,-0.1432522,
1,5,14.763,-0.03012272,0.04323078,-0.8642066,-0.1593277,0.7004676,-0.6807633,-0.1432522,
1,5,14.765,-0.03012272,0.04323078,-0.8642066,-0.1593277,0.7004676,-0.6807633,-0.1432522,
1,5,14.767,-0.03012272,0.04323078,-0.8642066,-0.1593277,0.7004676,-0.6807633,-0.1432522,CourtExit
1,5,14.769,-0.03012148,0.04323576,-0.864211,-0.1593069,0.7004708,-0.6807624,-0.1432645,
1,5,14.771,-0.03012148,0.04323576,-0.864211,-0.1593069,0.7004708,-0.6807624,-0.1432645,
1,5,14.773,-0.03012148,0.04323576,-0.864211,-0.1593069,0.7004708,-0.6807624,-0.1432645,
1,5,14.775,-0.03012148,0.04323576,-0.864211,-0.1593069,0.7004708,-0.6807624,-0.1432645,
1,5,14.777,-0.03012148,0.04323576,-0.864211,-0.1593069,0.7004708,-0.6807624,-0.1432645,
1,5,14.779,-0.03007865,0.04320901,-0.8642195,-0.159368,0.7004468,-0.680787,-0.1431963,
1,5,14.781,-0.03007865,0.04320901,-0.8642195,-0.159368,0.7004468,-0.680787,-0.1431963,
1,5,14.783,-0.03007865,0.04320901,-0.8642195,-0.159368,0.7004468,-0.680787,-0.1431963,
1,5,14.785,-0.03007865,0.04320901,-0.8642195,-0.159368,0.7004468,-0.680787,-0.1431963,
1,5,14.787,-0.03009574,0.04321916,-0.8642269,-0.1593559,0.7004478,-0.680784,-0.1432191,
1,5,14.789,-0.03009574,0.04321916,-0.8642269,-0.1593559,0.7004478,-0.680784,-0.1432191,
1,5,14.791,-0.03009574,0.04321916,-0.8642269,-0.1593559,0.7004478,-0.680784,-0.1432191,
1,5,14.793,-0.03009574,0.04321916,-0.8642269,-0.1593559,0.7004478,-0.680784,-0.1432191,
1,5,14.795,-0.03011663,0.04323383,-0.8642201,-0.1593246,0.7004514,-0.680779,-0.1432603,
1,5,14.797,-0.03011663,0.04323383,-0.8642201,-0.1593246,0.7004514,-0.680779,-0.1432603,
1,5,14.799,-0.03011663,0.04323383,-0.8642201,-0.1593246,0.7004514,-0.680779,-0.1432603,
1,5,14.801,-0.03011663,0.04323383,-0.8642201,-0.1593246,0.7004514,-0.680779,-0.1432603,
1,5,14.803,-0.03008819,0.04322429,-0.8642361,-0.15939,0.7004771,-0.6807485,-0.1432073,
1,5,14.805,-0.03008819,0.04322429,-0.8642361,-0.15939,0.7004771,-0.6807485,-0.1432073,
1,5,14.807,-0.03008819,0.04322429,-0.8642361,-0.15939,0.7004771,-0.6807485,-0.1432073,
1,5,14.809,-0.03008819,0.04322429,-0.8642361,-0.15939,0.7004771,-0.6807485,-0.1432073,
1,5,14.811,-0.03008442,0.04320481,-0.8642268,-0.1593731,0.7004588,-0.680771,-0.1432081,
1,5,14.813,-0.03008442,0.04320481,-0.8642268,-0.1593731,0.7004588,-0.680771,-0.1432081,
1,5,14.815,-0.03008442,0.04320481,-0.8642268,-0.1593731,0.7004588,-0.680771,-0.1432081,
1,5,14.817,-0.03008442,0.04320481,-0.8642268,-0.1593731,0.7004588,-0.680771,-0.1432081,
1,5,14.819,-0.03010329,0.04323334,-0.8642345,-0.1593829,0.7004839,-0.6807387,-0.1432278,
1,5,14.821,-0.03010329,0.04323334,-0.8642345,-0.1593829,0.7004839,-0.6807387,-0.1432278,
1,5,14.823,-0.03010329,0.04323334,-0.8642345,-0.1593829,0.7004839,-0.6807387,-0.1432278,
1,5,14.825,-0.03010329,0.04323334,-0.8642345,-0.1593829,0.7004839,-0.6807387,-0.1432278,
1,5,14.827,-0.03010329,0.04323334,-0.8642345,-0.1593829,0.7004839,-0.6807387,-0.1432278,
1,5,14.829,-0.03012696,0.04325096,-0.8642361,-0.1592798,0.700472,-0.6807634,-0.1432841,
1,5,14.831,-0.03012696,0.04325096,-0.8642361,-0.1592798,0.700472,-0.6807634,-0.1432841,
1,5,14.833,-0.03012696,0.04325096,-0.8642361,-0.1592798,0.700472,-0.6807634,-0.1432841,
1,5,14.835,-0.03012696,0.04325096,-0.8642361,-0.1592798,0.700472,-0.6807634,-0.1432841,
1,5,14.837,-0.0301247,0.04326217,-0.8642229,-0.1592512,0.7004802,-0.6807573,-0.1433041,
1,5,14.839,-0.0301247,0.04326217,-0.8642229,-0.1592512,0.7004802,-0.6807573,-0.1433041,
1,5,14.841,-0.0301247,0.04326217,-0.8642229,-0.1592512,0.7004802,-0.6807573,-0.1433041,
1,5,14.843,-0.0301247,0.04326217,-0.8642229,-0.1592512,0.7004802,-0.6807573,-0.1433041,
1,5,14.845,-0.03013854,0.04326845,-0.8642192,-0.1592545,0.7004848,-0.6807501,-0.1433121,
1,5,14.847,-0.03013854,0.04326845,-0.8642192,-0.1592545,0.7004848,-0.6807501,-0.1433121,
1,5,14.849,-0.03013854,0.04326845,-0.8642192,-0.1592545,0.7004848,-0.6807501,-0.1433121,
1,5,14.851,-0.03013854,0.04326845,-0.8642192,-0.1592545,0.7004848,-0.6807501,-0.1433121,
1,5,14.853,-0.03009676,0.04321886,-0.864223,-0.1593205,0.7004695,-0.6807665,-0.1432362,
1,5,14.855,-0.03009676,0.04321886,-0.864223,-0.1593205,0.7004695,-0.6807665,-0.1432362,
1,5,14.857,-0.03009676,0.04321886,-0.864223,-0.1593205,0.7004695,-0.6807665,-0.1432362,
1,5,14.859,-0.03009676,0.04321886,-0.864223,-0.1593205,0.7004695,-0.6807665,-0.1432362,
1,5,14.861,-0.03009335,0.04320562,-0.8642265,-0.1593336,0.700461,-0.6807733,-0.1432307,
1,5,14.863,-0.03009335,0.04320562,-0.8642265,-0.1593336,0.700461,-0.6807733,-0.1432307,
1,5,14.865,-0.03009335,0.04320562,-0.8642265,-0.1593336,0.700461,-0.6807733,-0.1432307,
1,5,14.867,-0.03009335,0.04320562,-0.8642265,-0.1593336,0.700461,-0.6807733,-0.1432307,
1,5,14.869,-0.03009083,0.043203,-0.8642265,-0.1593575,0.7004387,-0.6807876,-0.1432441,
1,5,14.871,-0.03009083,0.043203,-0.8642265,-0.1593575,0.7004387,-0.6807876,-0.1432441,
1,5,14.873,-0.03009083,0.043203,-0.8642265,-0.1593575,0.7004387,-0.6807876,-0.1432441,
1,5,14.875,-0.03009083,0.043203,-0.8642265,-0.1593575,0.7004387,-0.6807876,-0.1432441,
1,5,14.877,-0.03009083,0.043203,-0.8642265,-0.1593575,0.7004387,-0.6807876,-0.1432441,
1,5,14.879,-0.03009861,0.0432063,-0.8642172,-0.1593524,0.7004514,-0.6807725,-0.1432602,
1,5,14.881,-0.03009861,0.0432063,-0.8642172,-0.1593524,0.7004514,-0.6807725,-0.1432602,
1,5,14.883,-0.03009861,0.0432063,-0.8642172,-0.1593524,0.7004514,-0.6807725,-0.1432602,
1,5,14.885,-0.03009861,0.0432063,-0.8642172,-0.1593524,0.7004514,-0.6807725,-0.1432602,
1,5,14.887,-0.03008551,0.04320689,-0.8642222,-0.1593336,0.7004331,-0.6807953,-0.1432623,
1,5,14.889,-0.03008551,0.04320689,-0.8642222,-0.1593336,0.7004331,-0.6807953,-0.1432623,
1,5,14.891,-0.03008551,0.04320689,-0.8642222,-0.1593336,0.7004331,-0.6807953,-0.1432623,
1,5,14.893,-0.03008551,0.04320689,-0.8642222,-0.1593336,0.7004331,-0.6807953,-0.1432623,
1,5,14.895,-0.03011961,0.04323528,-0.8642251,-0.1592948,0.7004438,-0.6807863,-0.1432955,
1,5,14.897,-0.03011961,0.04323528,-0.8642251,-0.1592948,0.7004438,-0.6807863,-0.1432955,
1,5,14.899,-0.03011961,0.04323528,-0.8642251,-0.1592948,0.7004438,-0.6807863,-0.1432955,
1,5,14.901,-0.03011961,0.04323528,-0.8642251,-0.1592948,0.7004438,-0.6807863,-0.1432955,
1,5,14.903,-0.03011306,0.0432356,-0.8642167,-0.1593138,0.7004703,-0.6807585,-0.1432772,
1,5,14.905,-0.03011306,0.0432356,-0.8642167,-0.1593138,0.7004703,-0.6807585,-0.1432772,
1,5,14.907,-0.03011306,0.0432356,-0.8642167,-0.1593138,0.7004703,-0.6807585,-0.1432772,
1,5,14.909,-0.03011306,0.0432356,-0.8642167,-0.1593138,0.7004703,-0.6807585,-0.1432772,
1,5,14.911,-0.03008328,0.04321999,-0.8642187,-0.1593833,0.7004902,-0.6807323,-0.1432274,
1,5,14.913,-0.03008328,0.04321999,-0.8642187,-0.1593833,0.7004902,-0.6807323,-0.1432274,
1,5,14.915,-0.03008328,0.04321999,-0.8642187,-0.1593833,0.7004902,-0.6807323,-0.1432274,
1,5,14.917,-0.03008328,0.04321999,-0.8642187,-0.1593833,0.7004902,-0.6807323,-0.1432274,
1,5,14.919,-0.03007092,0.04320978,-0.8642151,-0.1593849,0.7004796,-0.6807463,-0.1432106,
1,5,14.921,-0.03007092,0.04320978,-0.8642151,-0.1593849,0.7004796,-0.6807463,-0.1432106,
1,5,14.923,-0.03007092,0.04320978,-0.8642151,-0.1593849,0.7004796,-0.6807463,-0.1432106,
1,5,14.925,-0.03007092,0.04320978,-0.8642151,-0.1593849,0.7004796,-0.6807463,-0.1432106,
1,5,14.927,-0.03007092,0.04320978,-0.8642151,-0.1593849,0.7004796,-0.6807463,-0.1432106,
1,5,14.929,-0.03010301,0.04322412,-0.8642035,-0.1593686,0.7004684,-0.6807526,-0.1432541,
1,5,14.931,-0.03010301,0.04322412,-0.8642035,-0.1593686,0.7004684,-0.6807526,-0.1432541,
1,5,14.933,-0.03010301,0.04322412,-0.8642035,-0.1593686,0.7004684,-0.6807526,-0.1432541,
1,5,14.935,-0.03010301,0.04322412,-0.8642035,-0.1593686,0.7004684,-0.6807526,-0.1432541,
1,5,14.937,-0.03009689,0.04321257,-0.8642027,-0.1593764,0.7004449,-0.6807756,-0.1432503,
1,5,14.939,-0.03009689,0.04321257,-0.8642027,-0.1593764,0.7004449,-0.6807756,-0.1432503,
1,5,14.941,-0.03009689,0.04321257,-0.8642027,-0.1593764,0.7004449,-0.6807756,-0.1432503,
1,5,14.943,-0.03009689,0.04321257,-0.8642027,-0.1593764,0.7004449,-0.6807756,-0.1432503,
1,5,14.945,-0.03009621,0.04320038,-0.8642167,-0.1593579,0.7004268,-0.6807978,-0.1432537,
1,5,14.947,-0.03009621,0.04320038,-0.8642167,-0.1593579,0.7004268,-0.6807978,-0.1432537,
1,5,14.949,-0.03009621,0.04320038,-0.8642167,-0.1593579,0.7004268,-0.6807978,-0.1432537,
1,5,14.951,-0.03009621,0.04320038,-0.8642167,-0.1593579,0.7004268,-0.6807978,-0.1432537,
1,5,14.953,-0.03011892,0.04323369,-0.8642027,-0.1593222,0.7004671,-0.6807598,-0.1432774,
1,5,14.955,-0.03011892,0.04323369,-0.8642027,-0.1593222,0.7004671,-0.6807598,-0.1432774,
1,5,14.957,-0.03011892,0.04323369,-0.8642027,-0.1593222,0.7004671,-0.6807598,-0.1432774,
1,5,14.959,-0.03011892,0.04323369,-0.8642027,-0.1593222,0.7004671,-0.6807598,-0.1432774,
1,5,14.961,-0.03009306,0.04320066,-0.8642228,-0.1594138,0.7005066,-0.6807157,-0.1431924,
1,5,14.963,-0.03009306,0.04320066,-0.8642228,-0.1594138,0.7005066,-0.6807157,-0.1431924,
1,5,14.965,-0.03009306,0.04320066,-0.8642228,-0.1594138,0.7005066,-0.6807157,-0.1431924,
1,5,14.967,-0.03009306,0.04320066,-0.8642228,-0.1594138,0.7005066,-0.6807157,-0.1431924,
1,5,14.969,-0.03010514,0.04322401,-0.8642098,-0.1593879,0.7004895,-0.6807326,-0.1432242,
1,5,14.971,-0.03010514,0.04322401,-0.8642098,-0.1593879,0.7004895,-0.6807326,-0.1432242,
1,5,14.973,-0.03010514,0.04322401,-0.8642098,-0.1593879,0.7004895,-0.6807326,-0.1432242,
1,5,14.975,-0.03010514,0.04322401,-0.8642098,-0.1593879,0.7004895,-0.6807326,-0.1432242,
1,5,14.977,-0.03010514,0.04322401,-0.8642098,-0.1593879,0.7004895,-0.6807326,-0.1432242,
1,5,14.979,-0.03008266,0.04320379,-0.8642083,-0.1593764,0.7004858,-0.6807398,-0.143221,
1,5,14.981,-0.03008266,0.04320379,-0.8642083,-0.1593764,0.7004858,-0.6807398,-0.143221,
1,5,14.983,-0.03008266,0.04320379,-0.8642083,-0.1593764,0.7004858,-0.6807398,-0.143221,
1,5,14.985,-0.03008266,0.04320379,-0.8642083,-0.1593764,0.7004858,-0.6807398,-0.143221,
1,5,14.987,-0.03010144,0.04322854,-0.8642061,-0.1593277,0.7004716,-0.680757,-0.1432629,
1,5,14.989,-0.03010144,0.04322854,-0.8642061,-0.1593277,0.7004716,-0.680757,-0.1432629,
1,5,14.991,-0.03010144,0.04322854,-0.8642061,-0.1593277,0.7004716,-0.680757,-0.1432629,
1,5,14.993,-0.03010144,0.04322854,-0.8642061,-0.1593277,0.7004716,-0.680757,-0.1432629,
1,5,14.995,-0.03009165,0.04321675,-0.8642131,-0.1593304,0.7004697,-0.6807653,-0.1432295,
1,5,14.997,-0.03009165,0.04321675,-0.8642131,-0.1593304,0.7004697,-0.6807653,-0.1432295,
1,5,14.999,-0.03009165,0.04321675,-0.8642131,-0.1593304,0.7004697,-0.6807653,-0.1432295,
1,6,15.001,-0.03009165,0.04321675,-0.8642131,-0.1593304,0.7004697,-0.6807653,-0.1432295,TrialStart
1,6,15.003,-0.03009466,0.04320902,-0.864219,-0.1593028,0.7004626,-0.6807738,-0.1432541,
1,6,15.005,-0.03009466,0.04320902,-0.864219,-0.1593028,0.7004626,-0.6807738,-0.1432541,
1,6,15.007,-0.03009466,0.04320902,-0.864219,-0.1593028,0.7004626,-0.6807738,-0.1432541,
1,6,15.009,-0.03009466,0.04320902,-0.864219,-0.1593028,0.7004626,-0.6807738,-0.1432541,
1,6,15.011,-0.03011575,0.04323137,-0.8642029,-0.1592907,0.7004658,-0.6807677,-0.1432814,
1,6,15.013,-0.03011575,0.04323137,-0.8642029,-0.1592907,0.7004658,-0.6807677,-0.1432814,
1,6,15.015,-0.03011575,0.04323137,-0.8642029,-0.1592907,0.7004658,-0.6807677,-0.1432814,
1,6,15.017,-0.03011575,0.04323137,-0.8642029,-0.1592907,0.7004658,-0.6807677,-0.1432814,
1,6,15.019,-0.03012542,0.04325316,-0.8642073,-0.1592628,0.7004762,-0.6807514,-0.1433387,
1,6,15.021,-0.03012542,0.04325316,-0.8642073,-0.1592628,0.7004762,-0.6807514,-0.1433387,
1,6,15.023,-0.03012542,0.04325316,-0.8642073,-0.1592628,0.7004762,-0.6807514,-0.1433387,
1,6,15.025,-0.03012542,0.04325316,-0.8642073,-0.1592628,0.7004762,-0.6807514,-0.1433387,
1,6,15.027,-0.03012542,0.04325316,-0.8642073,-0.1592628,0.7004762,-0.6807514,-0.1433387,
1,6,15.029,-0.03013054,0.04326262,-0.8642065,-0.1592819,0.7004997,-0.680725,-0.1433279,
1,6,15.031,-0.03013054,0.04326262,-0.8642065,-0.1592819,0.7004997,-0.680725,-0.1433279,
1,6,15.033,-0.03013054,0.04326262,-0.8642065,-0.1592819,0.7004997,-0.680725,-0.1433279,
1,6,15.035,-0.03013054,0.04326262,-0.8642065,-0.1592819,0.7004997,-0.680725,-0.1433279,
1,6,15.037,-0.03013587,0.04324634,-0.8641993,-0.1592808,0.7004901,-0.6807342,-0.1433325,
1,6,15.039,-0.03013587,0.04324634,-0.8641993,-0.1592808,0.7004901,-0.6807342,-0.1433325,
1,6,15.041,-0.03013587,0.04324634,-0.8641993,-0.1592808,0.7004901,-0.6807342,-0.1433325,
1,6,15.043,-0.03013587,0.04324634,-0.8641993,-0.1592808,0.7004901,-0.6807342,-0.1433325,
1,6,15.045,-0.0300958,0.04321764,-0.8642091,-0.1593093,0.7004591,-0.6807675,-0.1432947,
1,6,15.047,-0.0300958,0.04321764,-0.8642091,-0.1593093,0.7004591,-0.6807675,-0.1432947,
1,6,15.049,-0.0300958,0.04321764,-0.8642091,-0.1593093,0.7004591,-0.6807675,-0.1432947,
1,6,15.051,-0.0300958,0.04321764,-0.8642091,-0.1593093,0.7004591,-0.6807675,-0.1432947,
1,6,15.053,-0.0300867,0.04320645,-0.864207,-0.1593595,0.7004622,-0.6807617,-0.1432507,
1,6,15.055,-0.0300867,0.04320645,-0.864207,-0.1593595,0.7004622,-0.6807617,-0.1432507,
1,6,15.057,-0.0300867,0.04320645,-0.864207,-0.1593595,0.7004622,-0.6807617,-0.1432507,
1,6,15.059,-0.0300867,0.04320645,-0.864207,-0.1593595,0.7004622,-0.6807617,-0.1432507,
1,6,15.061,-0.03011551,0.04323171,-0.8642081,-0.1592905,0.7004741,-0.6807617,-0.1432699,
1,6,15.063,-0.03011551,0.04323171,-0.8642081,-0.1592905,0.7004741,-0.6807617,-0.1432699,
1,6,15.065,-0.03011551,0.04323171,-0.8642081,-0.1592905,0.7004741,-0.6807617,-0.1432699,
1,6,15.067,-0.03011551,0.04323171,-0.8642081,-0.1592905,0.7004741,-0.6807617,-0.1432699,
1,6,15.069,-0.03009221,0.04321342,-0.8642138,-0.159355,0.7005004,-0.6807333,-0.1432045,
1,6,15.071,-0.03009221,0.04321342,-0.8642138,-0.159355,0.7005004,-0.6807333,-0.1432045,
1,6,15.073,-0.03009221,0.04321342,-0.8642138,-0.159355,0.7005004,-0.6807333,-0.1432045,
1,6,15.075,-0.03009221,0.04321342,-0.8642138,-0.159355,0.7005004,-0.6807333,-0.1432045,
1,6,15.077,-0.03009221,0.04321342,-0.8642138,-0.159355,0.7005004,-0.6807333,-0.1432045,
1,6,15.079,-0.03009423,0.04320724,-0.8642175,-0.1593421,0.7004834,-0.6807508,-0.1432188,
1,6,15.081,-0.03009423,0.04320724,-0.8642175,-0.1593421,0.7004834,-0.6807508,-0.1432188,
1,6,15.083,-0.03009423,0.04320724,-0.8642175,-0.1593421,0.7004834,-0.6807508,-0.1432188,
1,6,15.085,-0.03009423,0.04320724,-0.8642175,-0.1593421,0.7004834,-0.6807508,-0.1432188,
1,6,15.087,-0.03010449,0.04320695,-0.8642097,-0.1593278,0.7004507,-0.6807784,-0.1432634,
1,6,15.089,-0.03010449,0.04320695,-0.8642097,-0.1593278,0.7004507,-0.6807784,-0.1432634,
1,6,15.091,-0.03010449,0.04320695,-0.8642097,-0.1593278,0.7004507,-0.6807784,-0.1432634,
1,6,15.093,-0.03010449,0.04320695,-0.8642097,-0.1593278,0.7004507,-0.6807784,-0.1432634,
1,6,15.095,-0.03010232,0.04321928,-0.8642095,-0.1593173,0.7004793,-0.6807525,-0.1432573,
1,6,15.097,-0.03010232,0.04321928,-0.8642095,-0.1593173,0.7004793,-0.6807525,-0.1432573,
1,6,15.099,-0.03010232,0.04321928,-0.8642095,-0.1593173,0.7004793,-0.6807525,-0.1432573,
1,6,15.101,-0.03010232,0.04321928,-0.8642095,-0.1593173,0.7004793,-0.6807525,-0.1432573,
1,6,15.103,-0.03008636,0.04322004,-0.8642109,-0.1593392,0.7004821,-0.6807485,-0.1432388,
1,6,15.105,-0.03008636,0.04322004,-0.8642109,-0.1593392,0.7004821,-0.6807485,-0.1432388,
1,6,15.107,-0.03008636,0.04322004,-0.8642109,-0.1593392,0.7004821,-0.6807485,-0.1432388,
1,6,15.109,-0.03008636,0.04322004,-0.8642109,-0.1593392,0.7004821,-0.6807485,-0.1432388,
1,6,15.111,-0.03006828,0.04320493,-0.8642191,-0.1593625,0.7004781,-0.6807497,-0.1432272,
1,6,15.113,-0.03006828,0.04320493,-0.8642191,-0.1593625,0.7004781,-0.6807497,-0.1432272,
1,6,15.115,-0.03006828,0.04320493,-0.8642191,-0.1593625,0.7004781,-0.6807497,-0.1432272,
1,6,15.117,-0.03006828,0.04320493,-0.8642191,-0.1593625,0.7004781,-0.6807497,-0.1432272,
1,6,15.119,-0.03005179,0.04319707,-0.8642272,-0.1593791,0.7004841,-0.6807446,-0.1432029,
1,6,15.121,-0.03005179,0.04319707,-0.8642272,-0.1593791,0.7004841,-0.6807446,-0.1432029,
1,6,15.123,-0.03005179,0.04319707,-0.8642272,-0.1593791,0.7004841,-0.6807446,-0.1432029,
1,6,15.125,-0.03005179,0.04319707,-0.8642272,-0.1593791,0.7004841,-0.6807446,-0.1432029,
1,6,15.127,-0.03005179,0.04319707,-0.8642272,-0.1593791,0.7004841,-0.6807446,-0.1432029,
1,6,15.129,-0.0300441,0.04320176,-0.8642256,-0.1593514,0.700497,-0.6807409,-0.1431879,
1,6,15.131,-0.0300441,0.04320176,-0.8642256,-0.1593514,0.700497,-0.6807409,-0.1431879,
1,6,15.133,-0.0300441,0.04320176,-0.8642256,-0.1593514,0.700497,-0.6807409,-0.1431879,
1,6,15.135,-0.0300441,0.04320176,-0.8642256,-0.1593514,0.700497,-0.6807409,-0.1431879,
1,6,15.137,-0.03004368,0.04320255,-0.864222,-0.1593509,0.7004973,-0.680741,-0.1431876,
1,6,15.139,-0.03004368,0.04320255,-0.864222,-0.1593509,0.7004973,-0.680741,-0.1431876,
1,6,15.141,-0.03004368,0.04320255,-0.864222,-0.1593509,0.7004973,-0.680741,-0.1431876,
1,6,15.143,-0.03004368,0.04320255,-0.864222,-0.1593509,0.7004973,-0.680741,-0.1431876,
1,6,15.145,-0.03009202,0.04324684,-0.8642153,-0.159279,0.7005113,-0.6807284,-0.1432588,
1,6,15.147,-0.03009202,0.04324684,-0.8642153,-0.159279,0.7005113,-0.6807284,-0.1432588,
1,6,15.149,-0.03009202,0.04324684,-0.8642153,-0.159279,0.7005113,-0.6807284,-0.1432588,
1,6,15.151,-0.03009202,0.04324684,-0.8642153,-0.159279,0.7005113,-0.6807284,-0.1432588,
1,6,15.153,-0.03007541,0.04322332,-0.8642163,-0.1593138,0.7004904,-0.6807488,-0.1432245,
1,6,15.155,-0.03007541,0.04322332,-0.8642163,-0.1593138,0.7004904,-0.6807488,-0.1432245,
1,6,15.157,-0.03007541,0.04322332,-0.8642163,-0.1593138,0.7004904,-0.6807488,-0.1432245,
1,6,15.159,-0.03007541,0.04322332,-0.8642163,-0.1593138,0.7004904,-0.6807488,-0.1432245,
1,6,15.161,-0.03010545,0.04323648,-0.8642188,-0.1593032,0.7004763,-0.6807576,-0.1432635,
1,6,15.163,-0.03010545,0.04323648,-0.8642188,-0.1593032,0.7004763,-0.6807576,-0.1432635,
1,6,15.165,-0.03010545,0.04323648,-0.8642188,-0.1593032,0.7004763,-0.6807576,-0.1432635,
1,6,15.167,-0.03010545,0.04323648,-0.8642188,-0.1593032,0.7004763,-0.6807576,-0.1432635,
1,6,15.169,-0.0300721,0.04320127,-0.864218,-0.1593213,0.7004608,-0.6807772,-0.1432264,
1,6,15.171,-0.0300721,0.04320127,-0.864218,-0.1593213,0.7004608,-0.6807772,-0.1432264,
1,6,15.173,-0.0300721,0.04320127,-0.864218,-0.1593213,0.7004608,-0.6807772,-0.1432264,
1,6,15.175,-0.0300721,0.04320127,-0.864218,-0.1593213,0.7004608,-0.6807772,-0.1432264,
1,6,15.177,-0.0300721,0.04320127,-0.864218,-0.1593213,0.7004608,-0.6807772,-0.1432264,
1,6,15.179,-0.03010681,0.04322309,-0.8642181,-0.1592952,0.7004696,-0.6807629,-0.1432807,
1,6,15.181,-0.03010681,0.04322309,-0.8642181,-0.1592952,0.7004696,-0.6807629,-0.1432807,
1,6,15.183,-0.03010681,0.04322309,-0.8642181,-0.1592952,0.7004696,-0.6807629,-0.1432807,
1,6,15.185,-0.03010681,0.04322309,-0.8642181,-0.1592952,0.7004696,-0.6807629,-0.1432807,
1,6,15.187,-0.03008607,0.04320254,-0.8642159,-0.1593328,0.7004698,-0.6807608,-0.1432475,
1,6,15.189,-0.03008607,0.04320254,-0.8642159,-0.1593328,0.7004698,-0.6807608,-0.1432475,
1,6,15.191,-0.03008607,0.04320254,-0.8642159,-0.1593328,0.7004698,-0.6807608,-0.1432475,
1,6,15.193,-0.03008607,0.04320254,-0.8642159,-0.1593328,0.7004698,-0.6807608,-0.1432475,
1,6,15.195,-0.03007499,0.04319919,-0.8642181,-0.1593555,0.7004844,-0.6807492,-0.1432064,
1,6,15.197,-0.03007499,0.04319919,-0.8642181,-0.1593555,0.7004844,-0.6807492,-0.1432064,
1,6,15.199,-0.03007499,0.04319919,-0.8642181,-0.1593555,0.7004844,-0.6807492,-0.1432064,
1,6,15.201,-0.03007499,0.04319919,-0.8642181,-0.1593555,0.7004844,-0.6807492,-0.1432064,
1,6,15.203,-0.03010796,0.0432237,-0.8642219,-0.1593294,0.7004877,-0.6807443,-0.1432423,
1,6,15.205,-0.03010796,0.0432237,-0.8642219,-0.1593294,0.7004877,-0.6807443,-0.1432423,
1,6,15.207,-0.03010796,0.0432237,-0.8642219,-0.1593294,0.7004877,-0.6807443,-0.1432423,
1,6,15.209,-0.03010796,0.0432237,-0.8642219,-0.1593294,0.7004877,-0.6807443,-0.1432423,
1,6,15.211,-0.03011094,0.04322921,-0.8642418,-0.1593575,0.7005033,-0.6807212,-0.1432447,
1,6,15.213,-0.03011094,0.04322921,-0.8642418,-0.1593575,0.7005033,-0.6807212,-0.1432447,
1,6,15.215,-0.03011094,0.04322921,-0.8642418,-0.1593575,0.7005033,-0.6807212,-0.1432447,
1,6,15.217,-0.03011094,0.04322921,-0.8642418,-0.1593575,0.7005033,-0.6807212,-0.1432447,
1,6,15.219,-0.03011224,0.04322131,-0.8642242,-0.1593455,0.7004859,-0.6807406,-0.1432502,
1,6,15.221,-0.03011224,0.04322131,-0.8642242,-0.1593455,0.7004859,-0.6807406,-0.1432502,
1,6,15.223,-0.03011224,0.04322131,-0.8642242,-0.1593455,0.7004859,-0.6807406,-0.1432502,
1,6,15.225,-0.03011224,0.04322131,-0.8642242,-0.1593455,0.7004859,-0.6807406,-0.1432502,
1,6,15.227,-0.03011224,0.04322131,-0.8642242,-0.1593455,0.7004859,-0.6807406,-0.1432502,
1,6,15.229,-0.03010599,0.0432181,-0.8642123,-0.1593584,0.7005076,-0.6807187,-0.1432349,
1,6,15.231,-0.03010599,0.0432181,-0.8642123,-0.1593584,0.7005076,-0.6807187,-0.1432349,
1,6,15.233,-0.03010599,0.0432181,-0.8642123,-0.1593584,0.7005076,-0.6807187,-0.1432349,
1,6,15.235,-0.03010599,0.0432181,-0.8642123,-0.1593584,0.7005076,-0.6807187,-0.1432349,
1,6,15.237,-0.03008547,0.04320228,-0.8642091,-0.159351,0.7004859,-0.6807441,-0.1432283,
1,6,15.239,-0.03008547,0.04320228,-0.8642091,-0.159351,0.7004859,-0.6807441,-0.1432283,
1,6,15.241,-0.03008547,0.04320228,-0.8642091,-0.159351,0.7004859,-0.6807441,-0.1432283,
1,6,15.243,-0.03008547,0.04320228,-0.8642091,-0.159351,0.7004859,-0.6807441,-0.1432283,
1,6,15.245,-0.03008503,0.04320047,-0.8642117,-0.1593654,0.7004784,-0.680754,-0.1432018,
1,6,15.247,-0.03008503,0.04320047,-0.8642117,-0.1593654,0.7004784,-0.680754,-0.1432018,
1,6,15.249,-0.03008503,0.04320047,-0.8642117,-0.1593654,0.7004784,-0.680754,-0.1432018,
1,6,15.251,-0.03008503,0.04320047,-0.8642117,-0.1593654,0.7004784,-0.680754,-0.1432018,
1,6,15.253,-0.03009351,0.04317972,-0.8642146,-0.1593725,0.7004436,-0.6807894,-0.1431957,
1,6,15.255,-0.03009351,0.04317972,-0.8642146,-0.1593725,0.7004436,-0.6807894,-0.1431957,
1,6,15.257,-0.03009351,0.04317972,-0.8642146,-0.1593725,0.7004436,-0.6807894,-0.1431957,
1,6,15.259,-0.03009351,0.04317972,-0.8642146,-0.1593725,0.7004436,-0.6807894,-0.1431957,
1,6,15.261,-0.03009919,0.04317539,-0.8642247,-0.1593757,0.7004507,-0.6807792,-0.1432062,
1,6,15.263,-0.03009919,0.04317539,-0.8642247,-0.1593757,0.7004507,-0.6807792,-0.1432062,
1,6,15.265,-0.03009919,0.04317539,-0.8642247,-0.1593757,0.7004507,-0.6807792,-0.1432062,
1,6,15.267,-0.03009919,0.04317539,-0.8642247,-0.1593757,0.7004507,-0.6807792,-0.1432062,
1,6,15.269,-0.03010577,0.04321557,-0.8642144,-0.1593309,0.7004907,-0.6807427,-0.1432336,
1,6,15.271,-0.03010577,0.04321557,-0.8642144,-0.1593309,0.7004907,-0.6807427,-0.1432336,
1,6,15.273,-0.03010577,0.04321557,-0.8642144,-0.1593309,0.7004907,-0.6807427,-0.1432336,
1,6,15.275,-0.03010577,0.04321557,-0.8642144,-0.1593309,0.7004907,-0.6807427,-0.1432336,
1,6,15.277,-0.03010577,0.04321557,-0.8642144,-0.1593309,0.7004907,-0.6807427,-0.1432336,
1,6,15.279,-0.03012387,0.04323251,-0.8642222,-0.1592828,0.7004951,-0.680743,-0.1432642,
1,6,15.281,-0.03012387,0.04323251,-0.8642222,-0.1592828,0.7004951,-0.680743,-0.1432642,
1,6,15.283,-0.03012387,0.04323251,-0.8642222,-0.1592828,0.7004951,-0.680743,-0.1432642,
1,6,15.285,-0.03012387,0.04323251,-0.8642222,-0.1592828,0.7004951,-0.680743,-0.1432642,
1,6,15.287,-0.03009572,0.04321416,-0.8642309,-0.1593124,0.7004945,-0.6807457,-0.1432213,
1,6,15.289,-0.03009572,0.04321416,-0.8642309,-0.1593124,0.7004945,-0.6807457,-0.1432213,
1,6,15.291,-0.03009572,0.04321416,-0.8642309,-0.1593124,0.7004945,-0.6807457,-0.1432213,
1,6,15.293,-0.03009572,0.04321416,-0.8642309,-0.1593124,0.7004945,-0.6807457,-0.1432213,
1,6,15.295,-0.03009875,0.04320002,-0.8642184,-0.1593116,0.7004667,-0.6807752,-0.143218,
1,6,15.297,-0.03009875,0.04320002,-0.8642184,-0.1593116,0.7004667,-0.6807752,-0.143218,
1,6,15.299,-0.03009875,0.04320002,-0.8642184,-0.1593116,0.7004667,-0.6807752,-0.143218,
1,6,15.301,-0.03009875,0.04320002,-0.8642184,-0.1593116,0.7004667,-0.6807752,-0.143218,
1,6,15.303,-0.03007749,0.04319627,-0.864217,-0.1593408,0.7004592,-0.6807789,-0.1432042,
1,6,15.305,-0.03007749,0.04319627,-0.864217,-0.1593408,0.7004592,-0.6807789,-0.1432042,
1,6,15.307,-0.03007749,0.04319627,-0.864217,-0.1593408,0.7004592,-0.6807789,-0.1432042,
1,6,15.309,-0.03007749,0.04319627,-0.864217,-0.1593408,0.7004592,-0.6807789,-0.1432042,
1,6,15.311,-0.03008335,0.04319059,-0.8642157,-0.1593378,0.7004669,-0.6807767,-0.1431807,
1,6,15.313,-0.03008335,0.04319059,-0.8642157,-0.1593378,0.7004669,-0.6807767,-0.1431807,
1,6,15.315,-0.03008335,0.04319059,-0.8642157,-0.1593378,0.7004669,-0.6807767,-0.1431807,
1,6,15.317,-0.03008335,0.04319059,-0.8642157,-0.1593378,0.7004669,-0.6807767,-0.1431807,
1,6,15.319,-0.03012039,0.04324138,-0.8642122,-0.1593266,0.7005032,-0.6807364,-0.1432077,
1,6,15.321,-0.03012039,0.04324138,-0.8642122,-0.1593266,0.7005032,-0.6807364,-0.1432077,
1,6,15.323,-0.03012039,0.04324138,-0.8642122,-0.1593266,0.7005032,-0.6807364,-0.1432077,
1,6,15.325,-0.03012039,0.04324138,-0.8642122,-0.1593266,0.7005032,-0.6807364,-0.1432077,
1,6,15.327,-0.03012039,0.04324138,-0.8642122,-0.1593266,0.7005032,-0.6807364,-0.1432077,
1,6,15.329,-0.03010535,0.04321639,-0.8642116,-0.1593106,0.7004947,-0.6807476,-0.1432136,
1,6,15.331,-0.03010535,0.04321639,-0.8642116,-0.1593106,0.7004947,-0.6807476,-0.1432136,
1,6,15.333,-0.03010535,0.04321639,-0.8642116,-0.1593106,0.7004947,-0.6807476,-0.1432136,
1,6,15.335,-0.03010535,0.04321639,-0.8642116,-0.1593106,0.7004947,-0.6807476,-0.1432136,
1,6,15.337,-0.03009039,0.0431941,-0.8642121,-0.1593386,0.7004626,-0.6807796,-0.1431865,
1,6,15.339,-0.03009039,0.0431941,-0.8642121,-0.1593386,0.7004626,-0.6807796,-0.1431865,
1,6,15.341,-0.03009039,0.0431941,-0.8642121,-0.1593386,0.7004626,-0.6807796,-0.1431865,
1,6,15.343,-0.03009039,0.0431941,-0.8642121,-0.1593386,0.7004626,-0.6807796,-0.1431865,
