stage,trial,time,position.x,position.y,position.z,rotation.x,rotation.y,rotation.z,rotation.w,event
1,1,0.001,-0.06310295,0.0786623,-1.310891,0.5539308,-0.3728888,-0.4992857,-0.5521126,TrialStart
1,1,0.003,-0.06310295,0.0786623,-1.310891,0.5539308,-0.3728888,-0.4992857,-0.5521126,
1,1,0.005,-0.06310295,0.0786623,-1.310891,0.5539308,-0.3728888,-0.4992857,-0.5521126,
1,1,0.007,-0.06310295,0.0786623,-1.310891,0.5539308,-0.3728888,-0.4992857,-0.5521126,
1,1,0.009,-0.06310295,0.0786623,-1.310891,0.5539308,-0.3728888,-0.4992857,-0.5521126,
1,1,0.011,-0.06310295,0.0786623,-1.310891,0.5539308,-0.3728888,-0.4992857,-0.5521126,
1,1,0.013,-0.06310295,0.0786623,-1.310891,0.5539308,-0.3728888,-0.4992857,-0.5521126,
1,1,0.015,-0.06310295,0.0786623,-1.310891,0.5539308,-0.3728888,-0.4992857,-0.5521126,
1,1,0.017,-0.06310295,0.0786623,-1.310891,0.5539308,-0.3728888,-0.4992857,-0.5521126,
1,1,0.019,-0.06310295,0.0786623,-1.310891,0.5539308,-0.3728888,-0.4992857,-0.5521126,
1,1,0.021,-0.06314568,0.07862578,-1.310788,0.5539697,-0.3729629,-0.4992273,-0.5520764,
1,1,0.023,-0.06314568,0.07862578,-1.310788,0.5539697,-0.3729629,-0.4992273,-0.5520764,
1,1,0.025,-0.06314568,0.07862578,-1.310788,0.5539697,-0.3729629,-0.4992273,-0.5520764,
1,1,0.027,-0.06314568,0.07862578,-1.310788,0.5539697,-0.3729629,-0.4992273,-0.5520764,
1,1,0.029,-0.06311315,0.07863251,-1.310809,0.5539957,-0.3729689,-0.4992056,-0.5520658,
1,1,0.031,-0.06311315,0.07863251,-1.310809,0.5539957,-0.3729689,-0.4992056,-0.5520658,
1,1,0.033,-0.06311315,0.07863251,-1.310809,0.5539957,-0.3729689,-0.4992056,-0.5520658,
1,1,0.035,-0.06311315,0.07863251,-1.310809,0.5539957,-0.3729689,-0.4992056,-0.5520658,
1,1,0.037,-0.06314456,0.07862878,-1.310797,0.5539722,-0.3729547,-0.4992353,-0.5520722,
1,1,0.039,-0.06314456,0.07862878,-1.310797,0.5539722,-0.3729547,-0.4992353,-0.5520722,
1,1,0.041,-0.06314456,0.07862878,-1.310797,0.5539722,-0.3729547,-0.4992353,-0.5520722,
1,1,0.043,-0.06314456,0.07862878,-1.310797,0.5539722,-0.3729547,-0.4992353,-0.5520722,
1,1,0.045,-0.06311775,0.07862057,-1.310841,0.5540194,-0.3730294,-0.499118,-0.5520805,
1,1,0.047,-0.06311775,0.07862057,-1.310841,0.5540194,-0.3730294,-0.499118,-0.5520805,
1,1,0.049,-0.06311775,0.07862057,-1.310841,0.5540194,-0.3730294,-0.499118,-0.5520805,
1,1,0.051,-0.06311775,0.07862057,-1.310841,0.5540194,-0.3730294,-0.499118,-0.5520805,
1,1,0.053,-0.06311775,0.07862057,-1.310841,0.5540194,-0.3730294,-0.499118,-0.5520805,
1,1,0.055,-0.06312938,0.07864356,-1.310811,0.553996,-0.3729546,-0.4992044,-0.5520764,
1,1,0.057,-0.06312938,0.07864356,-1.310811,0.553996,-0.3729546,-0.4992044,-0.5520764,
1,1,0.059,-0.06312938,0.07864356,-1.310811,0.553996,-0.3729546,-0.4992044,-0.5520764,
1,1,0.061,-0.06312938,0.07864356,-1.310811,0.553996,-0.3729546,-0.4992044,-0.5520764,
1,1,0.063,-0.06314154,0.07862697,-1.310814,0.5539948,-0.3730409,-0.4991857,-0.552036,
1,1,0.065,-0.06314154,0.07862697,-1.310814,0.5539948,-0.3730409,-0.4991857,-0.552036,
1,1,0.067,-0.06314154,0.07862697,-1.310814,0.5539948,-0.3730409,-0.4991857,-0.552036,
1,1,0.069,-0.06314154,0.07862697,-1.310814,0.5539948,-0.3730409,-0.4991857,-0.552036,
1,1,0.071,-0.06315895,0.07862809,-1.310803,0.5539605,-0.3730338,-0.4992177,-0.5520466,
1,1,0.073,-0.06315895,0.07862809,-1.310803,0.5539605,-0.3730338,-0.4992177,-0.5520466,
1,1,0.075,-0.06315895,0.07862809,-1.310803,0.5539605,-0.3730338,-0.4992177,-0.5520466,
1,1,0.077,-0.06315895,0.07862809,-1.310803,0.5539605,-0.3730338,-0.4992177,-0.5520466,
1,1,0.079,-0.0631372,0.07862499,-1.310803,0.5539685,-0.3730035,-0.4992234,-0.5520538,
1,1,0.081,-0.0631372,0.07862499,-1.310803,0.5539685,-0.3730035,-0.4992234,-0.5520538,
1,1,0.083,-0.0631372,0.07862499,-1.310803,0.5539685,-0.3730035,-0.4992234,-0.5520538,
1,1,0.085,-0.0631372,0.07862499,-1.310803,0.5539685,-0.3730035,-0.4992234,-0.5520538,
1,1,0.087,-0.06311338,0.07864862,-1.310818,0.553968,-0.3729604,-0.4992231,-0.5520838,
1,1,0.089,-0.06311338,0.07864862,-1.310818,0.553968,-0.3729604,-0.4992231,-0.5520838,
1,1,0.091,-0.06311338,0.07864862,-1.310818,0.553968,-0.3729604,-0.4992231,-0.5520838,
1,1,0.093,-0.06311338,0.07864862,-1.310818,0.553968,-0.3729604,-0.4992231,-0.5520838,
1,1,0.095,-0.06309557,0.07864712,-1.310838,0.5539754,-0.3729483,-0.4991997,-0.5521054,
1,1,0.097,-0.06309557,0.07864712,-1.310838,0.5539754,-0.3729483,-0.4991997,-0.5521054,
1,1,0.099,-0.06309557,0.07864712,-1.310838,0.5539754,-0.3729483,-0.4991997,-0.5521054,
1,1,0.101,-0.06309557,0.07864712,-1.310838,0.5539754,-0.3729483,-0.4991997,-0.5521054,
1,1,0.103,-0.06309557,0.07864712,-1.310838,0.5539754,-0.3729483,-0.4991997,-0.5521054,
1,1,0.105,-0.06314477,0.07864799,-1.310795,0.5539473,-0.3729372,-0.4992502,-0.5520955,
1,1,0.107,-0.06314477,0.07864799,-1.310795,0.5539473,-0.3729372,-0.4992502,-0.5520955,
1,1,0.109,-0.06314477,0.07864799,-1.310795,0.5539473,-0.3729372,-0.4992502,-0.5520955,
1,1,0.111,-0.06314477,0.07864799,-1.310795,0.5539473,-0.3729372,-0.4992502,-0.5520955,
1,1,0.113,-0.06315522,0.07863061,-1.310798,0.5539577,-0.3729676,-0.4992383,-0.5520753,
1,1,0.115,-0.06315522,0.07863061,-1.310798,0.5539577,-0.3729676,-0.4992383,-0.5520753,
1,1,0.117,-0.06315522,0.07863061,-1.310798,0.5539577,-0.3729676,-0.4992383,-0.5520753,
1,1,0.119,-0.06315522,0.07863061,-1.310798,0.5539577,-0.3729676,-0.4992383,-0.5520753,
1,1,0.121,-0.0631643,0.07862678,-1.310793,0.5539513,-0.3730363,-0.4992294,-0.5520433,
1,1,0.123,-0.0631643,0.07862678,-1.310793,0.5539513,-0.3730363,-0.4992294,-0.5520433,
1,1,0.125,-0.0631643,0.07862678,-1.310793,0.5539513,-0.3730363,-0.4992294,-0.5520433,
1,1,0.127,-0.0631643,0.07862678,-1.310793,0.5539513,-0.3730363,-0.4992294,-0.5520433,
1,1,0.129,-0.06314766,0.07863128,-1.310789,0.5539568,-0.3730347,-0.4992208,-0.5520468,
1,1,0.131,-0.06314766,0.07863128,-1.310789,0.5539568,-0.3730347,-0.4992208,-0.5520468,
1,1,0.133,-0.06314766,0.07863128,-1.310789,0.5539568,-0.3730347,-0.4992208,-0.5520468,
1,1,0.135,-0.06314766,0.07863128,-1.310789,0.5539568,-0.3730347,-0.4992208,-0.5520468,
1,1,0.137,-0.06314576,0.0786301,-1.310808,0.5539948,-0.3730551,-0.4991817,-0.55203,
1,1,0.139,-0.06314576,0.0786301,-1.310808,0.5539948,-0.3730551,-0.4991817,-0.55203,
1,1,0.141,-0.06314576,0.0786301,-1.310808,0.5539948,-0.3730551,-0.4991817,-0.55203,
1,1,0.143,-0.06314576,0.0786301,-1.310808,0.5539948,-0.3730551,-0.4991817,-0.55203,
1,1,0.145,-0.06311747,0.07863005,-1.310823,0.553992,-0.3730514,-0.4991602,-0.552055,
1,1,0.147,-0.06311747,0.07863005,-1.310823,0.553992,-0.3730514,-0.4991602,-0.552055,
1,1,0.149,-0.06311747,0.07863005,-1.310823,0.553992,-0.3730514,-0.4991602,-0.552055,
1,1,0.151,-0.06311747,0.07863005,-1.310823,0.553992,-0.3730514,-0.4991602,-0.552055,
1,1,0.153,-0.06311747,0.07863005,-1.310823,0.553992,-0.3730514,-0.4991602,-0.552055,
1,1,0.155,-0.06312191,0.07864814,-1.310812,0.5539901,-0.3729625,-0.499196,-0.5520846,
1,1,0.157,-0.06312191,0.07864814,-1.310812,0.5539901,-0.3729625,-0.499196,-0.5520846,
1,1,0.159,-0.06312191,0.07864814,-1.310812,0.5539901,-0.3729625,-0.499196,-0.5520846,
1,1,0.161,-0.06312191,0.07864814,-1.310812,0.5539901,-0.3729625,-0.499196,-0.5520846,
1,1,0.163,-0.06312631,0.07865115,-1.310812,0.5539885,-0.3729563,-0.4992175,-0.5520709,
1,1,0.165,-0.06312631,0.07865115,-1.310812,0.5539885,-0.3729563,-0.4992175,-0.5520709,
1,1,0.167,-0.06312631,0.07865115,-1.310812,0.5539885,-0.3729563,-0.4992175,-0.5520709,
1,1,0.169,-0.06312631,0.07865115,-1.310812,0.5539885,-0.3729563,-0.4992175,-0.5520709,
1,1,0.171,-0.06313069,0.07863481,-1.310807,0.5539724,-0.3729998,-0.4991955,-0.5520777,
1,1,0.173,-0.06313069,0.07863481,-1.310807,0.5539724,-0.3729998,-0.4991955,-0.5520777,
1,1,0.175,-0.06313069,0.07863481,-1.310807,0.5539724,-0.3729998,-0.4991955,-0.5520777,
1,1,0.177,-0.06313069,0.07863481,-1.310807,0.5539724,-0.3729998,-0.4991955,-0.5520777,
1,1,0.179,-0.06314034,0.07862551,-1.310799,0.5539818,-0.3730284,-0.4991924,-0.5520515,
1,1,0.181,-0.06314034,0.07862551,-1.310799,0.5539818,-0.3730284,-0.4991924,-0.5520515,
1,1,0.183,-0.06314034,0.07862551,-1.310799,0.5539818,-0.3730284,-0.4991924,-0.5520515,
1,1,0.185,-0.06314034,0.07862551,-1.310799,0.5539818,-0.3730284,-0.4991924,-0.5520515,
1,1,0.187,-0.06314825,0.0786306,-1.310799,0.553995,-0.3730216,-0.4991738,-0.5520597,
1,1,0.189,-0.06314825,0.0786306,-1.310799,0.553995,-0.3730216,-0.4991738,-0.5520597,
1,1,0.191,-0.06314825,0.0786306,-1.310799,0.553995,-0.3730216,-0.4991738,-0.5520597,
1,1,0.193,-0.06314825,0.0786306,-1.310799,0.553995,-0.3730216,-0.4991738,-0.5520597,
1,1,0.195,-0.06315854,0.07863521,-1.310797,0.5539665,-0.3730334,-0.4992037,-0.5520533,
1,1,0.197,-0.06315854,0.07863521,-1.310797,0.5539665,-0.3730334,-0.4992037,-0.5520533,
1,1,0.199,-0.06315854,0.07863521,-1.310797,0.5539665,-0.3730334,-0.4992037,-0.5520533,
1,1,0.201,-0.06315854,0.07863521,-1.310797,0.5539665,-0.3730334,-0.4992037,-0.5520533,
1,1,0.203,-0.06315854,0.07863521,-1.310797,0.5539665,-0.3730334,-0.4992037,-0.5520533,
1,1,0.205,-0.06316373,0.07863606,-1.310785,0.5539441,-0.3729991,-0.4992238,-0.5520808,
1,1,0.207,-0.06316373,0.07863606,-1.310785,0.5539441,-0.3729991,-0.4992238,-0.5520808,
1,1,0.209,-0.06316373,0.07863606,-1.310785,0.5539441,-0.3729991,-0.4992238,-0.5520808,
1,1,0.211,-0.06316373,0.07863606,-1.310785,0.5539441,-0.3729991,-0.4992238,-0.5520808,
1,1,0.213,-0.06318457,0.07862493,-1.310778,0.5539348,-0.3730472,-0.4992407,-0.5520424,
1,1,0.215,-0.06318457,0.07862493,-1.310778,0.5539348,-0.3730472,-0.4992407,-0.5520424,
1,1,0.217,-0.06318457,0.07862493,-1.310778,0.5539348,-0.3730472,-0.4992407,-0.5520424,
1,1,0.219,-0.06318457,0.07862493,-1.310778,0.5539348,-0.3730472,-0.4992407,-0.5520424,
1,1,0.221,-0.06312346,0.07863542,-1.310804,0.5539349,-0.3729594,-0.4992472,-0.5520958,
1,1,0.223,-0.06312346,0.07863542,-1.310804,0.5539349,-0.3729594,-0.4992472,-0.5520958,
1,1,0.225,-0.06312346,0.07863542,-1.310804,0.5539349,-0.3729594,-0.4992472,-0.5520958,
1,1,0.227,-0.06312346,0.07863542,-1.310804,0.5539349,-0.3729594,-0.4992472,-0.5520958,
1,1,0.229,-0.06314474,0.07862557,-1.310803,0.5539314,-0.3729821,-0.4992556,-0.5520762,
1,1,0.231,-0.06314474,0.07862557,-1.310803,0.5539314,-0.3729821,-0.4992556,-0.5520762,
1,1,0.233,-0.06314474,0.07862557,-1.310803,0.5539314,-0.3729821,-0.4992556,-0.5520762,
1,1,0.235,-0.06314474,0.07862557,-1.310803,0.5539314,-0.3729821,-0.4992556,-0.5520762,
1,1,0.237,-0.06315647,0.07862942,-1.310791,0.553951,-0.3730233,-0.4992288,-0.5520531,
1,1,0.239,-0.06315647,0.07862942,-1.310791,0.553951,-0.3730233,-0.4992288,-0.5520531,
1,1,0.241,-0.06315647,0.07862942,-1.310791,0.553951,-0.3730233,-0.4992288,-0.5520531,
1,1,0.243,-0.06315647,0.07862942,-1.310791,0.553951,-0.3730233,-0.4992288,-0.5520531,
1,1,0.245,-0.063133,0.07862733,-1.310807,0.5540079,-0.3729667,-0.4992015,-0.5520589,
1,1,0.247,-0.063133,0.07862733,-1.310807,0.5540079,-0.3729667,-0.4992015,-0.5520589,
1,1,0.249,-0.063133,0.07862733,-1.310807,0.5540079,-0.3729667,-0.4992015,-0.5520589,
1,1,0.251,-0.063133,0.07862733,-1.310807,0.5540079,-0.3729667,-0.4992015,-0.5520589,
1,1,0.253,-0.063133,0.07862733,-1.310807,0.5540079,-0.3729667,-0.4992015,-0.5520589,
1,1,0.255,-0.06312378,0.07859914,-1.310761,0.5540556,-0.3729818,-0.4991795,-0.5520208,
1,1,0.257,-0.06312378,0.07859914,-1.310761,0.5540556,-0.3729818,-0.4991795,-0.5520208,
1,1,0.259,-0.06312378,0.07859914,-1.310761,0.5540556,-0.3729818,-0.4991795,-0.5520208,
1,1,0.261,-0.06312378,0.07859914,-1.310761,0.5540556,-0.3729818,-0.4991795,-0.5520208,
1,1,0.263,-0.0631318,0.07859867,-1.310756,0.5540892,-0.3730335,-0.4991719,-0.5519587,
1,1,0.265,-0.0631318,0.07859867,-1.310756,0.5540892,-0.3730335,-0.4991719,-0.5519587,
1,1,0.267,-0.0631318,0.07859867,-1.310756,0.5540892,-0.3730335,-0.4991719,-0.5519587,
1,1,0.269,-0.0631318,0.07859867,-1.310756,0.5540892,-0.3730335,-0.4991719,-0.5519587,
1,1,0.271,-0.06313756,0.07859436,-1.310766,0.5541262,-0.3730645,-0.4991385,-0.5519311,
1,1,0.273,-0.06313756,0.07859436,-1.310766,0.5541262,-0.3730645,-0.4991385,-0.5519311,
1,1,0.275,-0.06313756,0.07859436,-1.310766,0.5541262,-0.3730645,-0.4991385,-0.5519311,
1,1,0.277,-0.06313756,0.07859436,-1.310766,0.5541262,-0.3730645,-0.4991385,-0.5519311,
1,1,0.279,-0.06312187,0.07859816,-1.31076,0.5541195,-0.3730385,-0.4991426,-0.5519516,
1,1,0.281,-0.06312187,0.07859816,-1.31076,0.5541195,-0.3730385,-0.4991426,-0.5519516,
1,1,0.283,-0.06312187,0.07859816,-1.31076,0.5541195,-0.3730385,-0.4991426,-0.5519516,
1,1,0.285,-0.06312187,0.07859816,-1.31076,0.5541195,-0.3730385,-0.4991426,-0.5519516,
1,1,0.287,-0.06313798,0.07860181,-1.310755,0.5541086,-0.3730465,-0.4991782,-0.5519251,
1,1,0.289,-0.06313798,0.07860181,-1.310755,0.5541086,-0.3730465,-0.4991782,-0.5519251,
1,1,0.291,-0.06313798,0.07860181,-1.310755,0.5541086,-0.3730465,-0.4991782,-0.5519251,
1,1,0.293,-0.06313798,0.07860181,-1.310755,0.5541086,-0.3730465,-0.4991782,-0.5519251,
1,1,0.295,-0.06314681,0.0785972,-1.310761,0.5541019,-0.3730626,-0.4991626,-0.5519349,
1,1,0.297,-0.06314681,0.0785972,-1.310761,0.5541019,-0.3730626,-0.4991626,-0.5519349,
1,1,0.299,-0.06314681,0.0785972,-1.310761,0.5541019,-0.3730626,-0.4991626,-0.5519349,
1,1,0.301,-0.06314681,0.0785972,-1.310761,0.5541019,-0.3730626,-0.4991626,-0.5519349,
1,1,0.303,-0.06314681,0.0785972,-1.310761,0.5541019,-0.3730626,-0.4991626,-0.5519349,
1,1,0.305,-0.06317032,0.0786088,-1.310744,0.5540868,-0.3730649,-0.4991848,-0.5519285,
1,1,0.307,-0.06317032,0.0786088,-1.310744,0.5540868,-0.3730649,-0.4991848,-0.5519285,
1,1,0.309,-0.06317032,0.0786088,-1.310744,0.5540868,-0.3730649,-0.4991848,-0.5519285,
1,1,0.311,-0.06317032,0.0786088,-1.310744,0.5540868,-0.3730649,-0.4991848,-0.5519285,
1,1,0.313,-0.06316641,0.07860702,-1.310731,0.5540991,-0.3730551,-0.4991897,-0.5519183,
1,1,0.315,-0.06316641,0.07860702,-1.310731,0.5540991,-0.3730551,-0.4991897,-0.5519183,
1,1,0.317,-0.06316641,0.07860702,-1.310731,0.5540991,-0.3730551,-0.4991897,-0.5519183,
1,1,0.319,-0.06316641,0.07860702,-1.310731,0.5540991,-0.3730551,-0.4991897,-0.5519183,
1,1,0.321,-0.06313413,0.07858876,-1.310741,0.5541095,-0.3730252,-0.4992006,-0.551918,
1,1,0.323,-0.06313413,0.07858876,-1.310741,0.5541095,-0.3730252,-0.4992006,-0.551918,
1,1,0.325,-0.06313413,0.07858876,-1.310741,0.5541095,-0.3730252,-0.4992006,-0.551918,
1,1,0.327,-0.06313413,0.07858876,-1.310741,0.5541095,-0.3730252,-0.4992006,-0.551918,
1,1,0.329,-0.06313819,0.07858635,-1.310745,0.5541281,-0.373038,-0.4991588,-0.5519287,
1,1,0.331,-0.06313819,0.07858635,-1.310745,0.5541281,-0.373038,-0.4991588,-0.5519287,
1,1,0.333,-0.06313819,0.07858635,-1.310745,0.5541281,-0.373038,-0.4991588,-0.5519287,
1,1,0.335,-0.06313819,0.07858635,-1.310745,0.5541281,-0.373038,-0.4991588,-0.5519287,
1,1,0.337,-0.06314331,0.07860042,-1.310734,0.5541241,-0.3730037,-0.4991611,-0.5519537,
1,1,0.339,-0.06314331,0.07860042,-1.310734,0.5541241,-0.3730037,-0.4991611,-0.5519537,
1,1,0.341,-0.06314331,0.07860042,-1.310734,0.5541241,-0.3730037,-0.4991611,-0.5519537,
1,1,0.343,-0.06314331,0.07860042,-1.310734,0.5541241,-0.3730037,-0.4991611,-0.5519537,
1,1,0.345,-0.0631517,0.07859297,-1.310708,0.5541213,-0.3730013,-0.4991666,-0.5519532,
1,1,0.347,-0.0631517,0.07859297,-1.310708,0.5541213,-0.3730013,-0.4991666,-0.5519532,
1,1,0.349,-0.0631517,0.07859297,-1.310708,0.5541213,-0.3730013,-0.4991666,-0.5519532,
1,1,0.351,-0.0631517,0.07859297,-1.310708,0.5541213,-0.3730013,-0.4991666,-0.5519532,
1,1,0.353,-0.0631517,0.07859297,-1.310708,0.5541213,-0.3730013,-0.4991666,-0.5519532,
1,1,0.355,-0.06314117,0.07857352,-1.310705,0.5541322,-0.3730413,-0.4991309,-0.5519475,
1,1,0.357,-0.06314117,0.07857352,-1.310705,0.5541322,-0.3730413,-0.4991309,-0.5519475,
1,1,0.359,-0.06314117,0.07857352,-1.310705,0.5541322,-0.3730413,-0.4991309,-0.5519475,
1,1,0.361,-0.06314117,0.07857352,-1.310705,0.5541322,-0.3730413,-0.4991309,-0.5519475,
1,1,0.363,-0.06313938,0.07855367,-1.310708,0.5541731,-0.3731418,-0.4990377,-0.5519228,
1,1,0.365,-0.06313938,0.07855367,-1.310708,0.5541731,-0.3731418,-0.4990377,-0.5519228,
1,1,0.367,-0.06313938,0.07855367,-1.310708,0.5541731,-0.3731418,-0.4990377,-0.5519228,
1,1,0.369,-0.06313938,0.07855367,-1.310708,0.5541731,-0.3731418,-0.4990377,-0.5519228,
1,1,0.371,-0.06318269,0.07855665,-1.310682,0.554167,-0.373165,-0.4990441,-0.5519075,
1,1,0.373,-0.06318269,0.07855665,-1.310682,0.554167,-0.373165,-0.4990441,-0.5519075,
1,1,0.375,-0.06318269,0.07855665,-1.310682,0.554167,-0.373165,-0.4990441,-0.5519075,
1,1,0.377,-0.06318269,0.07855665,-1.310682,0.554167,-0.373165,-0.4990441,-0.5519075,
1,1,0.379,-0.06317737,0.07856635,-1.310677,0.5541751,-0.3731996,-0.4990251,-0.5518931,
1,1,0.381,-0.06317737,0.07856635,-1.310677,0.5541751,-0.3731996,-0.4990251,-0.5518931,
1,1,0.383,-0.06317737,0.07856635,-1.310677,0.5541751,-0.3731996,-0.4990251,-0.5518931,
1,1,0.385,-0.06317737,0.07856635,-1.310677,0.5541751,-0.3731996,-0.4990251,-0.5518931,
1,1,0.387,-0.06315046,0.07856961,-1.310692,0.5541913,-0.3731736,-0.4990056,-0.5519121,
1,1,0.389,-0.06315046,0.07856961,-1.310692,0.5541913,-0.3731736,-0.4990056,-0.5519121,
1,1,0.391,-0.06315046,0.07856961,-1.310692,0.5541913,-0.3731736,-0.4990056,-0.5519121,
1,1,0.393,-0.06315046,0.07856961,-1.310692,0.5541913,-0.3731736,-0.4990056,-0.5519121,
1,1,0.395,-0.063149,0.07858621,-1.310714,0.554145,-0.3731009,-0.4990877,-0.5519334,
1,1,0.397,-0.063149,0.07858621,-1.310714,0.554145,-0.3731009,-0.4990877,-0.5519334,
1,1,0.399,-0.063149,0.07858621,-1.310714,0.554145,-0.3731009,-0.4990877,-0.5519334,
1,1,0.401,-0.063149,0.07858621,-1.310714,0.554145,-0.3731009,-0.4990877,-0.5519334,
1,1,0.403,-0.063149,0.07858621,-1.310714,0.554145,-0.3731009,-0.4990877,-0.5519334,
1,1,0.405,-0.06316506,0.07860835,-1.310735,0.5540839,-0.3730183,-0.4992075,-0.5519422,
1,1,0.407,-0.06316506,0.07860835,-1.310735,0.5540839,-0.3730183,-0.4992075,-0.5519422,
1,1,0.409,-0.06316506,0.07860835,-1.310735,0.5540839,-0.3730183,-0.4992075,-0.5519422,
1,1,0.411,-0.06316506,0.07860835,-1.310735,0.5540839,-0.3730183,-0.4992075,-0.5519422,
1,1,0.413,-0.06313517,0.07861192,-1.310777,0.554077,-0.3729838,-0.4992285,-0.5519536,
1,1,0.415,-0.06313517,0.07861192,-1.310777,0.554077,-0.3729838,-0.4992285,-0.5519536,
1,1,0.417,-0.06313517,0.07861192,-1.310777,0.554077,-0.3729838,-0.4992285,-0.5519536,
1,1,0.419,-0.06313517,0.07861192,-1.310777,0.554077,-0.3729838,-0.4992285,-0.5519536,
1,1,0.421,-0.06319348,0.07862678,-1.310767,0.5539989,-0.3729425,-0.4993363,-0.5519624,
1,1,0.423,-0.06319348,0.07862678,-1.310767,0.5539989,-0.3729425,-0.4993363,-0.5519624,
1,1,0.425,-0.06319348,0.07862678,-1.310767,0.5539989,-0.3729425,-0.4993363,-0.5519624,
1,1,0.427,-0.06319348,0.07862678,-1.310767,0.5539989,-0.3729425,-0.4993363,-0.5519624,
1,1,0.429,-0.06312352,0.07861993,-1.310791,0.5540459,-0.3729678,-0.4992694,-0.5519586,
1,1,0.431,-0.06312352,0.07861993,-1.310791,0.5540459,-0.3729678,-0.4992694,-0.5519586,
1,1,0.433,-0.06312352,0.07861993,-1.310791,0.5540459,-0.3729678,-0.4992694,-0.5519586,
1,1,0.435,-0.06312352,0.07861993,-1.310791,0.5540459,-0.3729678,-0.4992694,-0.5519586,
1,1,0.437,-0.06317696,0.07861848,-1.310759,0.5540065,-0.3729382,-0.499361,-0.5519352,
1,1,0.439,-0.06317696,0.07861848,-1.310759,0.5540065,-0.3729382,-0.499361,-0.5519352,
1,1,0.441,-0.06317696,0.07861848,-1.310759,0.5540065,-0.3729382,-0.499361,-0.5519352,
1,1,0.443,-0.06317696,0.07861848,-1.310759,0.5540065,-0.3729382,-0.499361,-0.5519352,
1,1,0.445,-0.06314767,0.07859854,-1.310771,0.554069,-0.3730292,-0.4992443,-0.5519166,
1,1,0.447,-0.06314767,0.07859854,-1.310771,0.554069,-0.3730292,-0.4992443,-0.5519166,
1,1,0.449,-0.06314767,0.07859854,-1.310771,0.554069,-0.3730292,-0.4992443,-0.5519166,
1,1,0.451,-0.06314767,0.07859854,-1.310771,0.554069,-0.3730292,-0.4992443,-0.5519166,
1,1,0.453,-0.06314767,0.07859854,-1.310771,0.554069,-0.3730292,-0.4992443,-0.5519166,
1,1,0.455,-0.06313287,0.07861651,-1.31075,0.5540485,-0.3729343,-0.4992895,-0.5519603,
1,1,0.457,-0.06313287,0.07861651,-1.31075,0.5540485,-0.3729343,-0.4992895,-0.5519603,
1,1,0.459,-0.06313287,0.07861651,-1.31075,0.5540485,-0.3729343,-0.4992895,-0.5519603,
1,1,0.461,-0.06313287,0.07861651,-1.31075,0.5540485,-0.3729343,-0.4992895,-0.5519603,
1,1,0.463,-0.06313704,0.07861073,-1.310773,0.5540565,-0.3729514,-0.4992796,-0.5519499,
1,1,0.465,-0.06313704,0.07861073,-1.310773,0.5540565,-0.3729514,-0.4992796,-0.5519499,
1,1,0.467,-0.06313704,0.07861073,-1.310773,0.5540565,-0.3729514,-0.4992796,-0.5519499,
1,1,0.469,-0.06313704,0.07861073,-1.310773,0.5540565,-0.3729514,-0.4992796,-0.5519499,
1,1,0.471,-0.06317598,0.07862049,-1.310743,0.5539975,-0.372929,-0.4993524,-0.5519581,
1,1,0.473,-0.06317598,0.07862049,-1.310743,0.5539975,-0.372929,-0.4993524,-0.5519581,
1,1,0.475,-0.06317598,0.07862049,-1.310743,0.5539975,-0.372929,-0.4993524,-0.5519581,
1,1,0.477,-0.06317598,0.07862049,-1.310743,0.5539975,-0.372929,-0.4993524,-0.5519581,
1,1,0.479,-0.06314169,0.07861104,-1.310768,0.5540363,-0.3729879,-0.4992769,-0.5519478,
1,1,0.481,-0.06314169,0.07861104,-1.310768,0.5540363,-0.3729879,-0.4992769,-0.5519478,
1,1,0.483,-0.06314169,0.07861104,-1.310768,0.5540363,-0.3729879,-0.4992769,-0.5519478,
1,1,0.485,-0.06314169,0.07861104,-1.310768,0.5540363,-0.3729879,-0.4992769,-0.5519478,
1,1,0.487,-0.06311999,0.07862031,-1.310784,0.5540357,-0.3729678,-0.4992707,-0.5519677,
1,1,0.489,-0.06311999,0.07862031,-1.310784,0.5540357,-0.3729678,-0.4992707,-0.5519677,
1,1,0.491,-0.06311999,0.07862031,-1.310784,0.5540357,-0.3729678,-0.4992707,-0.5519677,
1,1,0.493,-0.06311999,0.07862031,-1.310784,0.5540357,-0.3729678,-0.4992707,-0.5519677,
1,1,0.495,-0.06314952,0.07861707,-1.310765,0.5540072,-0.3729696,-0.4993315,-0.55194,
1,1,0.497,-0.06314952,0.07861707,-1.310765,0.5540072,-0.3729696,-0.4993315,-0.55194,
1,1,0.499,-0.06314952,0.07861707,-1.310765,0.5540072,-0.3729696,-0.4993315,-0.55194,
1,1,0.501,-0.06314952,0.07861707,-1.310765,0.5540072,-0.3729696,-0.4993315,-0.55194,
1,1,0.503,-0.06314952,0.07861707,-1.310765,0.5540072,-0.3729696,-0.4993315,-0.55194,
1,1,0.505,-0.06314473,0.07861629,-1.310749,0.5540155,-0.3729755,-0.4993279,-0.5519309,
1,1,0.507,-0.06314473,0.07861629,-1.310749,0.5540155,-0.3729755,-0.4993279,-0.5519309,
1,1,0.509,-0.06314473,0.07861629,-1.310749,0.5540155,-0.3729755,-0.4993279,-0.5519309,
1,1,0.511,-0.06314473,0.07861629,-1.310749,0.5540155,-0.3729755,-0.4993279,-0.5519309,
1,1,0.513,-0.0631451,0.07859952,-1.310746,0.5540214,-0.3729742,-0.4993144,-0.5519381,
1,1,0.515,-0.0631451,0.07859952,-1.310746,0.5540214,-0.3729742,-0.4993144,-0.5519381,
1,1,0.517,-0.0631451,0.07859952,-1.310746,0.5540214,-0.3729742,-0.4993144,-0.5519381,
1,1,0.519,-0.0631451,0.07859952,-1.310746,0.5540214,-0.3729742,-0.4993144,-0.5519381,
1,1,0.521,-0.06315342,0.07860723,-1.310754,0.553998,-0.3729254,-0.4993646,-0.5519491,
1,1,0.523,-0.06315342,0.07860723,-1.310754,0.553998,-0.3729254,-0.4993646,-0.5519491,
1,1,0.525,-0.06315342,0.07860723,-1.310754,0.553998,-0.3729254,-0.4993646,-0.5519491,
1,1,0.527,-0.06315342,0.07860723,-1.310754,0.553998,-0.3729254,-0.4993646,-0.5519491,
1,1,0.529,-0.06316447,0.07860169,-1.310753,0.5540147,-0.3729818,-0.4993168,-0.5519375,
1,1,0.531,-0.06316447,0.07860169,-1.310753,0.5540147,-0.3729818,-0.4993168,-0.5519375,
1,1,0.533,-0.06316447,0.07860169,-1.310753,0.5540147,-0.3729818,-0.4993168,-0.5519375,
1,1,0.535,-0.06316447,0.07860169,-1.310753,0.5540147,-0.3729818,-0.4993168,-0.5519375,
1,1,0.537,-0.06312523,0.07861247,-1.310784,0.5540311,-0.3729736,-0.4992874,-0.5519533,
1,1,0.539,-0.06312523,0.07861247,-1.310784,0.5540311,-0.3729736,-0.4992874,-0.5519533,
1,1,0.541,-0.06312523,0.07861247,-1.310784,0.5540311,-0.3729736,-0.4992874,-0.5519533,
1,1,0.543,-0.06312523,0.07861247,-1.310784,0.5540311,-0.3729736,-0.4992874,-0.5519533,
1,1,0.545,-0.06314188,0.07861949,-1.310768,0.5540409,-0.3729592,-0.499299,-0.5519427,
1,1,0.547,-0.06314188,0.07861949,-1.310768,0.5540409,-0.3729592,-0.499299,-0.5519427,
1,1,0.549,-0.06314188,0.07861949,-1.310768,0.5540409,-0.3729592,-0.499299,-0.5519427,
1,1,0.551,-0.06314188,0.07861949,-1.310768,0.5540409,-0.3729592,-0.499299,-0.5519427,
1,1,0.553,-0.06314188,0.07861949,-1.310768,0.5540409,-0.3729592,-0.499299,-0.5519427,
1,1,0.555,-0.06319674,0.07860789,-1.310724,0.5540123,-0.372919,-0.49935,-0.5519524,
1,1,0.557,-0.06319674,0.07860789,-1.310724,0.5540123,-0.372919,-0.49935,-0.5519524,
1,1,0.559,-0.06319674,0.07860789,-1.310724,0.5540123,-0.372919,-0.49935,-0.5519524,
1,1,0.561,-0.06319674,0.07860789,-1.310724,0.5540123,-0.372919,-0.49935,-0.5519524,
1,1,0.563,-0.06313945,0.07861453,-1.310771,0.5540245,-0.3729378,-0.4993306,-0.5519451,
1,1,0.565,-0.06313945,0.07861453,-1.310771,0.5540245,-0.3729378,-0.4993306,-0.5519451,
1,1,0.567,-0.06313945,0.07861453,-1.310771,0.5540245,-0.3729378,-0.4993306,-0.5519451,
1,1,0.569,-0.06313945,0.07861453,-1.310771,0.5540245,-0.3729378,-0.4993306,-0.5519451,
1,1,0.571,-0.06316512,0.07862536,-1.310741,0.5539963,-0.3728977,-0.4993567,-0.5519768,
1,1,0.573,-0.06316512,0.07862536,-1.310741,0.5539963,-0.3728977,-0.4993567,-0.5519768,
1,1,0.575,-0.06316512,0.07862536,-1.310741,0.5539963,-0.3728977,-0.4993567,-0.5519768,
1,1,0.577,-0.06316512,0.07862536,-1.310741,0.5539963,-0.3728977,-0.4993567,-0.5519768,
1,1,0.579,-0.06309544,0.07860602,-1.310799,0.5540653,-0.3729658,-0.4992432,-0.551964,
1,1,0.581,-0.06309544,0.07860602,-1.310799,0.5540653,-0.3729658,-0.4992432,-0.551964,
1,1,0.583,-0.06309544,0.07860602,-1.310799,0.5540653,-0.3729658,-0.4992432,-0.551964,
1,1,0.585,-0.06309544,0.07860602,-1.310799,0.5540653,-0.3729658,-0.4992432,-0.551964,
1,1,0.587,-0.06313968,0.07861821,-1.310744,0.5540257,-0.3728749,-0.4993423,-0.5519757,
1,1,0.589,-0.06313968,0.07861821,-1.310744,0.5540257,-0.3728749,-0.4993423,-0.5519757,
1,1,0.591,-0.06313968,0.07861821,-1.310744,0.5540257,-0.3728749,-0.4993423,-0.5519757,
1,1,0.593,-0.06313968,0.07861821,-1.310744,0.5540257,-0.3728749,-0.4993423,-0.5519757,
1,1,0.595,-0.06312913,0.0785846,-1.310773,0.5540267,-0.3729815,-0.4992666,-0.5519712,
1,1,0.597,-0.06312913,0.0785846,-1.310773,0.5540267,-0.3729815,-0.4992666,-0.5519712,
1,1,0.599,-0.06312913,0.0785846,-1.310773,0.5540267,-0.3729815,-0.4992666,-0.5519712,
1,1,0.601,-0.06312913,0.0785846,-1.310773,0.5540267,-0.3729815,-0.4992666,-0.5519712,
1,1,0.603,-0.06312913,0.0785846,-1.310773,0.5540267,-0.3729815,-0.4992666,-0.5519712,
1,1,0.605,-0.06313043,0.07863174,-1.310747,0.5540053,-0.3728874,-0.499367,-0.5519653,
1,1,0.607,-0.06313043,0.07863174,-1.310747,0.5540053,-0.3728874,-0.499367,-0.5519653,
1,1,0.609,-0.06313043,0.07863174,-1.310747,0.5540053,-0.3728874,-0.499367,-0.5519653,
1,1,0.611,-0.06313043,0.07863174,-1.310747,0.5540053,-0.3728874,-0.499367,-0.5519653,
1,1,0.613,-0.06321175,0.07862315,-1.310691,0.5539735,-0.3728935,-0.4994447,-0.5519228,
1,1,0.615,-0.06321175,0.07862315,-1.310691,0.5539735,-0.3728935,-0.4994447,-0.5519228,
1,1,0.617,-0.06321175,0.07862315,-1.310691,0.5539735,-0.3728935,-0.4994447,-0.5519228,
1,1,0.619,-0.06321175,0.07862315,-1.310691,0.5539735,-0.3728935,-0.4994447,-0.5519228,
1,1,0.621,-0.06311254,0.07861011,-1.310762,0.5540228,-0.3729722,-0.4993122,-0.5519402,
1,1,0.623,-0.06311254,0.07861011,-1.310762,0.5540228,-0.3729722,-0.4993122,-0.5519402,
1,1,0.625,-0.06311254,0.07861011,-1.310762,0.5540228,-0.3729722,-0.4993122,-0.5519402,
1,1,0.627,-0.06311254,0.07861011,-1.310762,0.5540228,-0.3729722,-0.4993122,-0.5519402,
1,1,0.629,-0.06314725,0.07859897,-1.310732,0.5540093,-0.37294,-0.4993353,-0.5519544,
1,1,0.631,-0.06314725,0.07859897,-1.310732,0.5540093,-0.37294,-0.4993353,-0.5519544,
1,1,0.633,-0.06314725,0.07859897,-1.310732,0.5540093,-0.37294,-0.4993353,-0.5519544,
1,1,0.635,-0.06314725,0.07859897,-1.310732,0.5540093,-0.37294,-0.4993353,-0.5519544,
1,1,0.637,-0.0631165,0.07862957,-1.31078,0.5540316,-0.3729202,-0.4993102,-0.5519682,
1,1,0.639,-0.0631165,0.07862957,-1.31078,0.5540316,-0.3729202,-0.4993102,-0.5519682,
1,1,0.641,-0.0631165,0.07862957,-1.31078,0.5540316,-0.3729202,-0.4993102,-0.5519682,
1,1,0.643,-0.0631165,0.07862957,-1.31078,0.5540316,-0.3729202,-0.4993102,-0.5519682,
1,1,0.645,-0.06320112,0.07860456,-1.310701,0.5539997,-0.3729685,-0.4993588,-0.5519236,
1,1,0.647,-0.06320112,0.07860456,-1.310701,0.5539997,-0.3729685,-0.4993588,-0.5519236,
1,1,0.649,-0.06320112,0.07860456,-1.310701,0.5539997,-0.3729685,-0.4993588,-0.5519236,
1,1,0.651,-0.06320112,0.07860456,-1.310701,0.5539997,-0.3729685,-0.4993588,-0.5519236,
1,1,0.653,-0.06320112,0.07860456,-1.310701,0.5539997,-0.3729685,-0.4993588,-0.5519236,
1,1,0.655,-0.06318555,0.07862305,-1.310717,0.5539421,-0.3728873,-0.4994266,-0.5519748,
1,1,0.657,-0.06318555,0.07862305,-1.310717,0.5539421,-0.3728873,-0.4994266,-0.5519748,
1,1,0.659,-0.06318555,0.07862305,-1.310717,0.5539421,-0.3728873,-0.4994266,-0.5519748,
1,1,0.661,-0.06318555,0.07862305,-1.310717,0.5539421,-0.3728873,-0.4994266,-0.5519748,
1,1,0.663,-0.06314489,0.07862366,-1.310751,0.5539978,-0.3729307,-0.499349,-0.5519599,
1,1,0.665,-0.06314489,0.07862366,-1.310751,0.5539978,-0.3729307,-0.499349,-0.5519599,
1,1,0.667,-0.06314489,0.07862366,-1.310751,0.5539978,-0.3729307,-0.499349,-0.5519599,
1,1,0.669,-0.06314489,0.07862366,-1.310751,0.5539978,-0.3729307,-0.499349,-0.5519599,
1,1,0.671,-0.06311943,0.07863089,-1.310761,0.5540112,-0.3728902,-0.4993391,-0.5519828,
1,1,0.673,-0.06311943,0.07863089,-1.310761,0.5540112,-0.3728902,-0.4993391,-0.5519828,
1,1,0.675,-0.06311943,0.07863089,-1.310761,0.5540112,-0.3728902,-0.4993391,-0.5519828,
1,1,0.677,-0.06311943,0.07863089,-1.310761,0.5540112,-0.3728902,-0.4993391,-0.5519828,
1,1,0.679,-0.06320051,0.07859662,-1.310707,0.5539702,-0.3729636,-0.4993879,-0.5519302,
1,1,0.681,-0.06320051,0.07859662,-1.310707,0.5539702,-0.3729636,-0.4993879,-0.5519302,
1,1,0.683,-0.06320051,0.07859662,-1.310707,0.5539702,-0.3729636,-0.4993879,-0.5519302,
1,1,0.685,-0.06320051,0.07859662,-1.310707,0.5539702,-0.3729636,-0.4993879,-0.5519302,
1,1,0.687,-0.06316185,0.07858786,-1.310726,0.5540009,-0.3730016,-0.4993336,-0.5519227,
1,1,0.689,-0.06316185,0.07858786,-1.310726,0.5540009,-0.3730016,-0.4993336,-0.5519227,
1,1,0.691,-0.06316185,0.07858786,-1.310726,0.5540009,-0.3730016,-0.4993336,-0.5519227,
1,1,0.693,-0.06316185,0.07858786,-1.310726,0.5540009,-0.3730016,-0.4993336,-0.5519227,
1,1,0.695,-0.06310252,0.07861535,-1.310794,0.5540407,-0.3729629,-0.4992926,-0.5519462,
1,1,0.697,-0.06310252,0.07861535,-1.310794,0.5540407,-0.3729629,-0.4992926,-0.5519462,
1,1,0.699,-0.06310252,0.07861535,-1.310794,0.5540407,-0.3729629,-0.4992926,-0.5519462,
1,1,0.701,-0.06310252,0.07861535,-1.310794,0.5540407,-0.3729629,-0.4992926,-0.5519462,
1,1,0.703,-0.06310252,0.07861535,-1.310794,0.5540407,-0.3729629,-0.4992926,-0.5519462,
1,1,0.705,-0.06315918,0.07860723,-1.310741,0.55401,-0.373023,-0.4992989,-0.5519307,
1,1,0.707,-0.06315918,0.07860723,-1.310741,0.55401,-0.373023,-0.4992989,-0.5519307,
1,1,0.709,-0.06315918,0.07860723,-1.310741,0.55401,-0.373023,-0.4992989,-0.5519307,
1,1,0.711,-0.06315918,0.07860723,-1.310741,0.55401,-0.373023,-0.4992989,-0.5519307,
1,1,0.713,-0.06318305,0.07863986,-1.310749,0.5539826,-0.3729815,-0.4993607,-0.5519302,
1,1,0.715,-0.06318305,0.07863986,-1.310749,0.5539826,-0.3729815,-0.4993607,-0.5519302,
1,1,0.717,-0.06318305,0.07863986,-1.310749,0.5539826,-0.3729815,-0.4993607,-0.5519302,
1,1,0.719,-0.06318305,0.07863986,-1.310749,0.5539826,-0.3729815,-0.4993607,-0.5519302,
1,1,0.721,-0.06312653,0.07860886,-1.310763,0.5540178,-0.3729743,-0.4993265,-0.5519308,
1,1,0.723,-0.06312653,0.07860886,-1.310763,0.5540178,-0.3729743,-0.4993265,-0.5519308,
1,1,0.725,-0.06312653,0.07860886,-1.310763,0.5540178,-0.3729743,-0.4993265,-0.5519308,
1,1,0.727,-0.06312653,0.07860886,-1.310763,0.5540178,-0.3729743,-0.4993265,-0.5519308,
1,1,0.729,-0.06314834,0.0786432,-1.310747,0.5539885,-0.3728881,-0.4993759,-0.5519738,
1,1,0.731,-0.06314834,0.0786432,-1.310747,0.5539885,-0.3728881,-0.4993759,-0.5519738,
1,1,0.733,-0.06314834,0.0786432,-1.310747,0.5539885,-0.3728881,-0.4993759,-0.5519738,
1,1,0.735,-0.06314834,0.0786432,-1.310747,0.5539885,-0.3728881,-0.4993759,-0.5519738,
1,1,0.737,-0.06318216,0.07863872,-1.310717,0.553992,-0.3728935,-0.4993912,-0.5519527,
1,1,0.739,-0.06318216,0.07863872,-1.310717,0.553992,-0.3728935,-0.4993912,-0.5519527,
1,1,0.741,-0.06318216,0.07863872,-1.310717,0.553992,-0.3728935,-0.4993912,-0.5519527,
1,1,0.743,-0.06318216,0.07863872,-1.310717,0.553992,-0.3728935,-0.4993912,-0.5519527,
1,1,0.745,-0.06316265,0.07856026,-1.31068,0.5541452,-0.3731223,-0.4991063,-0.5519019,
1,1,0.747,-0.06316265,0.07856026,-1.31068,0.5541452,-0.3731223,-0.4991063,-0.5519019,
1,1,0.749,-0.06316265,0.07856026,-1.31068,0.5541452,-0.3731223,-0.4991063,-0.5519019,
1,1,0.751,-0.06316265,0.07856026,-1.31068,0.5541452,-0.3731223,-0.4991063,-0.5519019,
1,1,0.753,-0.06316265,0.07856026,-1.31068,0.5541452,-0.3731223,-0.4991063,-0.5519019,
1,1,0.755,-0.06311547,0.07859071,-1.310757,0.5541586,-0.3731135,-0.4990688,-0.5519286,
1,1,0.757,-0.06311547,0.07859071,-1.310757,0.5541586,-0.3731135,-0.4990688,-0.5519286,
1,1,0.759,-0.06311547,0.07859071,-1.310757,0.5541586,-0.3731135,-0.4990688,-0.5519286,
1,1,0.761,-0.06311547,0.07859071,-1.310757,0.5541586,-0.3731135,-0.4990688,-0.5519286,
1,1,0.763,-0.06314205,0.07859819,-1.310757,0.5541307,-0.3730603,-0.4991423,-0.551926,
1,1,0.765,-0.06314205,0.07859819,-1.310757,0.5541307,-0.3730603,-0.4991423,-0.551926,
1,1,0.767,-0.06314205,0.07859819,-1.310757,0.5541307,-0.3730603,-0.4991423,-0.551926,
1,1,0.769,-0.06314205,0.07859819,-1.310757,0.5541307,-0.3730603,-0.4991423,-0.551926,
1,1,0.771,-0.06315423,0.07864191,-1.310829,0.5539133,-0.3728448,-0.4993328,-0.5521173,
1,1,0.773,-0.06315423,0.07864191,-1.310829,0.5539133,-0.3728448,-0.4993328,-0.5521173,
1,1,0.775,-0.06315423,0.07864191,-1.310829,0.5539133,-0.3728448,-0.4993328,-0.5521173,
1,1,0.777,-0.06315423,0.07864191,-1.310829,0.5539133,-0.3728448,-0.4993328,-0.5521173,
1,1,0.779,-0.06313366,0.07858966,-1.31071,0.5541016,-0.3730146,-0.4991517,-0.5519774,
1,1,0.781,-0.06313366,0.07858966,-1.31071,0.5541016,-0.3730146,-0.4991517,-0.5519774,
1,1,0.783,-0.06313366,0.07858966,-1.31071,0.5541016,-0.3730146,-0.4991517,-0.5519774,
1,1,0.785,-0.06313366,0.07858966,-1.31071,0.5541016,-0.3730146,-0.4991517,-0.5519774,
1,1,0.787,-0.06314205,0.07862895,-1.310792,0.5540442,-0.3730295,-0.4991426,-0.5520332,
1,1,0.789,-0.06314205,0.07862895,-1.310792,0.5540442,-0.3730295,-0.4991426,-0.5520332,
1,1,0.791,-0.06314205,0.07862895,-1.310792,0.5540442,-0.3730295,-0.4991426,-0.5520332,
1,1,0.793,-0.06314205,0.07862895,-1.310792,0.5540442,-0.3730295,-0.4991426,-0.5520332,
1,1,0.795,-0.06310523,0.07860543,-1.3108,0.554085,-0.3730106,-0.4991009,-0.5520428,
1,1,0.797,-0.06310523,0.07860543,-1.3108,0.554085,-0.3730106,-0.4991009,-0.5520428,
1,1,0.799,-0.06310523,0.07860543,-1.3108,0.554085,-0.3730106,-0.4991009,-0.5520428,
1,1,0.801,-0.06310523,0.07860543,-1.3108,0.554085,-0.3730106,-0.4991009,-0.5520428,
1,1,0.803,-0.06310523,0.07860543,-1.3108,0.554085,-0.3730106,-0.4991009,-0.5520428,
1,1,0.805,-0.06309901,0.07859772,-1.310753,0.5541022,-0.3729697,-0.4991736,-0.5519873,
1,1,0.807,-0.06309901,0.07859772,-1.310753,0.5541022,-0.3729697,-0.4991736,-0.5519873,
1,1,0.809,-0.06309901,0.07859772,-1.310753,0.5541022,-0.3729697,-0.4991736,-0.5519873,
1,1,0.811,-0.06309901,0.07859772,-1.310753,0.5541022,-0.3729697,-0.4991736,-0.5519873,
1,1,0.813,-0.06314551,0.07858469,-1.310752,0.5541018,-0.3730704,-0.4991608,-0.5519313,
1,1,0.815,-0.06314551,0.07858469,-1.310752,0.5541018,-0.3730704,-0.4991608,-0.5519313,
1,1,0.817,-0.06314551,0.07858469,-1.310752,0.5541018,-0.3730704,-0.4991608,-0.5519313,
1,1,0.819,-0.06314551,0.07858469,-1.310752,0.5541018,-0.3730704,-0.4991608,-0.5519313,
1,1,0.821,-0.0631388,0.07859738,-1.310753,0.5540927,-0.3730887,-0.4991651,-0.5519243,
1,1,0.823,-0.0631388,0.07859738,-1.310753,0.5540927,-0.3730887,-0.4991651,-0.5519243,
1,1,0.825,-0.0631388,0.07859738,-1.310753,0.5540927,-0.3730887,-0.4991651,-0.5519243,
1,1,0.827,-0.0631388,0.07859738,-1.310753,0.5540927,-0.3730887,-0.4991651,-0.5519243,
1,1,0.829,-0.06311595,0.07860289,-1.310756,0.5541035,-0.3730586,-0.4991584,-0.5519397,
1,1,0.831,-0.06311595,0.07860289,-1.310756,0.5541035,-0.3730586,-0.4991584,-0.5519397,
1,1,0.833,-0.06311595,0.07860289,-1.310756,0.5541035,-0.3730586,-0.4991584,-0.5519397,
1,1,0.835,-0.06311595,0.07860289,-1.310756,0.5541035,-0.3730586,-0.4991584,-0.5519397,
1,1,0.837,-0.06313172,0.078587,-1.310748,0.5540794,-0.3730853,-0.499164,-0.551941,
1,1,0.839,-0.06313172,0.078587,-1.310748,0.5540794,-0.3730853,-0.499164,-0.551941,
1,1,0.841,-0.06313172,0.078587,-1.310748,0.5540794,-0.3730853,-0.499164,-0.551941,
1,1,0.843,-0.06313172,0.078587,-1.310748,0.5540794,-0.3730853,-0.499164,-0.551941,
1,1,0.845,-0.06311201,0.07860161,-1.310772,0.5541191,-0.3730518,-0.499126,-0.5519581,
1,1,0.847,-0.06311201,0.07860161,-1.310772,0.5541191,-0.3730518,-0.499126,-0.5519581,
1,1,0.849,-0.06311201,0.07860161,-1.310772,0.5541191,-0.3730518,-0.499126,-0.5519581,
1,1,0.851,-0.06311201,0.07860161,-1.310772,0.5541191,-0.3730518,-0.499126,-0.5519581,
1,1,0.853,-0.06311201,0.07860161,-1.310772,0.5541191,-0.3730518,-0.499126,-0.5519581,
1,1,0.855,-0.06314377,0.07859539,-1.310733,0.5540814,-0.3730776,-0.499153,-0.5519539,
1,1,0.857,-0.06314377,0.07859539,-1.310733,0.5540814,-0.3730776,-0.499153,-0.5519539,
1,1,0.859,-0.06314377,0.07859539,-1.310733,0.5540814,-0.3730776,-0.499153,-0.5519539,
1,1,0.861,-0.06314377,0.07859539,-1.310733,0.5540814,-0.3730776,-0.499153,-0.5519539,
1,1,0.863,-0.06314401,0.07858989,-1.310736,0.5540724,-0.3731351,-0.4991499,-0.5519269,
1,1,0.865,-0.06314401,0.07858989,-1.310736,0.5540724,-0.3731351,-0.4991499,-0.5519269,
1,1,0.867,-0.06314401,0.07858989,-1.310736,0.5540724,-0.3731351,-0.4991499,-0.5519269,
1,1,0.869,-0.06314401,0.07858989,-1.310736,0.5540724,-0.3731351,-0.4991499,-0.5519269,
1,1,0.871,-0.06314217,0.07860115,-1.31074,0.5540972,-0.3730807,-0.4991559,-0.5519335,
1,1,0.873,-0.06314217,0.07860115,-1.31074,0.5540972,-0.3730807,-0.4991559,-0.5519335,
1,1,0.875,-0.06314217,0.07860115,-1.31074,0.5540972,-0.3730807,-0.4991559,-0.5519335,
1,1,0.877,-0.06314217,0.07860115,-1.31074,0.5540972,-0.3730807,-0.4991559,-0.5519335,
1,1,0.879,-0.06313345,0.07859918,-1.310745,0.5540957,-0.3730891,-0.4991336,-0.5519494,
1,1,0.881,-0.06313345,0.07859918,-1.310745,0.5540957,-0.3730891,-0.4991336,-0.5519494,
1,1,0.883,-0.06313345,0.07859918,-1.310745,0.5540957,-0.3730891,-0.4991336,-0.5519494,
1,1,0.885,-0.06313345,0.07859918,-1.310745,0.5540957,-0.3730891,-0.4991336,-0.5519494,
1,1,0.887,-0.06315003,0.07859211,-1.310736,0.5540874,-0.3730847,-0.4991609,-0.5519361,
1,1,0.889,-0.06315003,0.07859211,-1.310736,0.5540874,-0.3730847,-0.4991609,-0.5519361,
1,1,0.891,-0.06315003,0.07859211,-1.310736,0.5540874,-0.3730847,-0.4991609,-0.5519361,
1,1,0.893,-0.06315003,0.07859211,-1.310736,0.5540874,-0.3730847,-0.4991609,-0.5519361,
1,1,0.895,-0.06311104,0.07860277,-1.310756,0.5540961,-0.373033,-0.4991653,-0.5519582,
1,1,0.897,-0.06311104,0.07860277,-1.310756,0.5540961,-0.373033,-0.4991653,-0.5519582,
1,1,0.899,-0.06311104,0.07860277,-1.310756,0.5540961,-0.373033,-0.4991653,-0.5519582,
1,1,0.901,-0.06311104,0.07860277,-1.310756,0.5540961,-0.373033,-0.4991653,-0.5519582,
1,1,0.903,-0.06311104,0.07860277,-1.310756,0.5540961,-0.373033,-0.4991653,-0.5519582,
1,1,0.905,-0.06314413,0.07859056,-1.310726,0.5540999,-0.3730858,-0.4991713,-0.5519135,
1,1,0.907,-0.06314413,0.07859056,-1.310726,0.5540999,-0.3730858,-0.4991713,-0.5519135,
1,1,0.909,-0.06314413,0.07859056,-1.310726,0.5540999,-0.3730858,-0.4991713,-0.5519135,
1,1,0.911,-0.06314413,0.07859056,-1.310726,0.5540999,-0.3730858,-0.4991713,-0.5519135,
1,1,0.913,-0.06315466,0.07858858,-1.310716,0.5540753,-0.3730679,-0.4992123,-0.551913,
1,1,0.915,-0.06315466,0.07858858,-1.310716,0.5540753,-0.3730679,-0.4992123,-0.551913,
1,1,0.917,-0.06315466,0.07858858,-1.310716,0.5540753,-0.3730679,-0.4992123,-0.551913,
1,1,0.919,-0.06315466,0.07858858,-1.310716,0.5540753,-0.3730679,-0.4992123,-0.551913,
1,1,0.921,-0.06310803,0.07860609,-1.310742,0.5541136,-0.3730894,-0.4991496,-0.5519167,
1,1,0.923,-0.06310803,0.07860609,-1.310742,0.5541136,-0.3730894,-0.4991496,-0.5519167,
1,1,0.925,-0.06310803,0.07860609,-1.310742,0.5541136,-0.3730894,-0.4991496,-0.5519167,
1,1,0.927,-0.06310803,0.07860609,-1.310742,0.5541136,-0.3730894,-0.4991496,-0.5519167,
1,1,0.929,-0.06313249,0.078597,-1.310721,0.5540859,-0.3730318,-0.4991906,-0.5519465,
1,1,0.931,-0.06313249,0.078597,-1.310721,0.5540859,-0.3730318,-0.4991906,-0.5519465,
1,1,0.933,-0.06313249,0.078597,-1.310721,0.5540859,-0.3730318,-0.4991906,-0.5519465,
1,1,0.935,-0.06313249,0.078597,-1.310721,0.5540859,-0.3730318,-0.4991906,-0.5519465,
1,1,0.937,-0.06316423,0.07857975,-1.31071,0.5540978,-0.3730894,-0.4991606,-0.5519228,
1,1,0.939,-0.06316423,0.07857975,-1.31071,0.5540978,-0.3730894,-0.4991606,-0.5519228,
1,1,0.941,-0.06316423,0.07857975,-1.31071,0.5540978,-0.3730894,-0.4991606,-0.5519228,
1,1,0.943,-0.06316423,0.07857975,-1.31071,0.5540978,-0.3730894,-0.4991606,-0.5519228,
1,1,0.945,-0.06315707,0.07859069,-1.31072,0.5541056,-0.3730854,-0.4991291,-0.5519461,
1,1,0.947,-0.06315707,0.07859069,-1.31072,0.5541056,-0.3730854,-0.4991291,-0.5519461,
1,1,0.949,-0.06315707,0.07859069,-1.31072,0.5541056,-0.3730854,-0.4991291,-0.5519461,
1,1,0.951,-0.06315707,0.07859069,-1.31072,0.5541056,-0.3730854,-0.4991291,-0.5519461,
1,1,0.953,-0.06315707,0.07859069,-1.31072,0.5541056,-0.3730854,-0.4991291,-0.5519461,
1,1,0.955,-0.06315587,0.07858481,-1.31072,0.554118,-0.3731089,-0.4991153,-0.5519302,
1,1,0.957,-0.06315587,0.07858481,-1.31072,0.554118,-0.3731089,-0.4991153,-0.5519302,
1,1,0.959,-0.06315587,0.07858481,-1.31072,0.554118,-0.3731089,-0.4991153,-0.5519302,
1,1,0.961,-0.06315587,0.07858481,-1.31072,0.554118,-0.3731089,-0.4991153,-0.5519302,
1,1,0.963,-0.06310862,0.07859951,-1.310739,0.5541139,-0.3730659,-0.4991459,-0.5519357,
1,1,0.965,-0.06310862,0.07859951,-1.310739,0.5541139,-0.3730659,-0.4991459,-0.5519357,
1,1,0.967,-0.06310862,0.07859951,-1.310739,0.5541139,-0.3730659,-0.4991459,-0.5519357,
1,1,0.969,-0.06310862,0.07859951,-1.310739,0.5541139,-0.3730659,-0.4991459,-0.5519357,
1,1,0.971,-0.06315089,0.07859705,-1.310718,0.5541043,-0.3731098,-0.499146,-0.5519157,
1,1,0.973,-0.06315089,0.07859705,-1.310718,0.5541043,-0.3731098,-0.499146,-0.5519157,
1,1,0.975,-0.06315089,0.07859705,-1.310718,0.5541043,-0.3731098,-0.499146,-0.5519157,
1,1,0.977,-0.06315089,0.07859705,-1.310718,0.5541043,-0.3731098,-0.499146,-0.5519157,
1,1,0.979,-0.06312776,0.07859875,-1.310729,0.5541369,-0.3731261,-0.4991067,-0.5519074,
1,1,0.981,-0.06312776,0.07859875,-1.310729,0.5541369,-0.3731261,-0.4991067,-0.5519074,
1,1,0.983,-0.06312776,0.07859875,-1.310729,0.5541369,-0.3731261,-0.4991067,-0.5519074,
1,1,0.985,-0.06312776,0.07859875,-1.310729,0.5541369,-0.3731261,-0.4991067,-0.5519074,
1,1,0.987,-0.06311746,0.07860194,-1.310737,0.5541347,-0.3730349,-0.4991569,-0.551926,
1,1,0.989,-0.06311746,0.07860194,-1.310737,0.5541347,-0.3730349,-0.4991569,-0.551926,
1,1,0.991,-0.06311746,0.07860194,-1.310737,0.5541347,-0.3730349,-0.4991569,-0.551926,
1,1,0.993,-0.06311746,0.07860194,-1.310737,0.5541347,-0.3730349,-0.4991569,-0.551926,
1,1,0.995,-0.06313553,0.07858065,-1.310721,0.5541571,-0.3730965,-0.4990966,-0.5519163,
1,1,0.997,-0.06313553,0.07858065,-1.310721,0.5541571,-0.3730965,-0.4990966,-0.5519163,
1,1,0.999,-0.06313553,0.07858065,-1.310721,0.5541571,-0.3730965,-0.4990966,-0.5519163,
1,1,1.001,-0.06313553,0.07858065,-1.310721,0.5541571,-0.3730965,-0.4990966,-0.5519163,
1,1,1.003,-0.06313553,0.07858065,-1.310721,0.5541571,-0.3730965,-0.4990966,-0.5519163,
1,1,1.005,-0.06316125,0.07857983,-1.310699,0.5541404,-0.3730982,-0.4991164,-0.551914,
1,1,1.007,-0.06316125,0.07857983,-1.310699,0.5541404,-0.3730982,-0.4991164,-0.551914,
1,1,1.009,-0.06316125,0.07857983,-1.310699,0.5541404,-0.3730982,-0.4991164,-0.551914,
1,1,1.011,-0.06316125,0.07857983,-1.310699,0.5541404,-0.3730982,-0.4991164,-0.551914,
1,1,1.013,-0.06317825,0.07855214,-1.310707,0.554113,-0.3731869,-0.4990862,-0.5519088,
1,1,1.015,-0.06317825,0.07855214,-1.310707,0.554113,-0.3731869,-0.4990862,-0.5519088,
1,1,1.017,-0.06317825,0.07855214,-1.310707,0.554113,-0.3731869,-0.4990862,-0.5519088,
1,1,1.019,-0.06317825,0.07855214,-1.310707,0.554113,-0.3731869,-0.4990862,-0.5519088,
1,1,1.021,-0.0631225,0.07857673,-1.31071,0.5541222,-0.373086,-0.4991057,-0.5519502,
1,1,1.023,-0.0631225,0.07857673,-1.31071,0.5541222,-0.373086,-0.4991057,-0.5519502,
1,1,1.025,-0.0631225,0.07857673,-1.31071,0.5541222,-0.373086,-0.4991057,-0.5519502,
1,1,1.027,-0.0631225,0.07857673,-1.31071,0.5541222,-0.373086,-0.4991057,-0.5519502,
1,1,1.029,-0.06313222,0.07855737,-1.310712,0.5541361,-0.3731101,-0.4990803,-0.5519429,
1,1,1.031,-0.06313222,0.07855737,-1.310712,0.5541361,-0.3731101,-0.4990803,-0.5519429,
1,1,1.033,-0.06313222,0.07855737,-1.310712,0.5541361,-0.3731101,-0.4990803,-0.5519429,
1,1,1.035,-0.06313222,0.07855737,-1.310712,0.5541361,-0.3731101,-0.4990803,-0.5519429,
1,1,1.037,-0.06310533,0.07855725,-1.310732,0.5541968,-0.3731568,-0.4990079,-0.5519158,
1,1,1.039,-0.06310533,0.07855725,-1.310732,0.5541968,-0.3731568,-0.4990079,-0.5519158,
1,1,1.041,-0.06310533,0.07855725,-1.310732,0.5541968,-0.3731568,-0.4990079,-0.5519158,
1,1,1.043,-0.06310533,0.07855725,-1.310732,0.5541968,-0.3731568,-0.4990079,-0.5519158,
1,1,1.045,-0.06315395,0.07855182,-1.310706,0.5541424,-0.3731909,-0.4990461,-0.5519128,
1,1,1.047,-0.06315395,0.07855182,-1.310706,0.5541424,-0.3731909,-0.4990461,-0.5519128,
1,1,1.049,-0.06315395,0.07855182,-1.310706,0.5541424,-0.3731909,-0.4990461,-0.5519128,
1,1,1.051,-0.06315395,0.07855182,-1.310706,0.5541424,-0.3731909,-0.4990461,-0.5519128,
1,1,1.053,-0.06315395,0.07855182,-1.310706,0.5541424,-0.3731909,-0.4990461,-0.5519128,
1,1,1.055,-0.0631286,0.07854463,-1.31072,0.5541607,-0.3731814,-0.4990165,-0.5519277,
1,1,1.057,-0.0631286,0.07854463,-1.31072,0.5541607,-0.3731814,-0.4990165,-0.5519277,
1,1,1.059,-0.0631286,0.07854463,-1.31072,0.5541607,-0.3731814,-0.4990165,-0.5519277,
1,1,1.061,-0.0631286,0.07854463,-1.31072,0.5541607,-0.3731814,-0.4990165,-0.5519277,
1,1,1.063,-0.06313411,0.07853442,-1.310715,0.5541514,-0.3732656,-0.498989,-0.551905,
1,1,1.065,-0.06313411,0.07853442,-1.310715,0.5541514,-0.3732656,-0.498989,-0.551905,
1,1,1.067,-0.06313411,0.07853442,-1.310715,0.5541514,-0.3732656,-0.498989,-0.551905,
1,1,1.069,-0.06313411,0.07853442,-1.310715,0.5541514,-0.3732656,-0.498989,-0.551905,
1,1,1.071,-0.06312847,0.07857189,-1.310704,0.554145,-0.3731242,-0.4990677,-0.5519357,
1,1,1.073,-0.06312847,0.07857189,-1.310704,0.554145,-0.3731242,-0.4990677,-0.5519357,
1,1,1.075,-0.06312847,0.07857189,-1.310704,0.554145,-0.3731242,-0.4990677,-0.5519357,
1,1,1.077,-0.06312847,0.07857189,-1.310704,0.554145,-0.3731242,-0.4990677,-0.5519357,
1,1,1.079,-0.06313778,0.07855934,-1.310699,0.5541763,-0.37322,-0.4990002,-0.5519007,
1,1,1.081,-0.06313778,0.07855934,-1.310699,0.5541763,-0.37322,-0.4990002,-0.5519007,
1,1,1.083,-0.06313778,0.07855934,-1.310699,0.5541763,-0.37322,-0.4990002,-0.5519007,
1,1,1.085,-0.06313778,0.07855934,-1.310699,0.5541763,-0.37322,-0.4990002,-0.5519007,
1,1,1.087,-0.06313676,0.07857472,-1.310714,0.554186,-0.3731454,-0.4990332,-0.5519115,
1,1,1.089,-0.06313676,0.07857472,-1.310714,0.554186,-0.3731454,-0.4990332,-0.5519115,
1,1,1.091,-0.06313676,0.07857472,-1.310714,0.554186,-0.3731454,-0.4990332,-0.5519115,
1,1,1.093,-0.06313676,0.07857472,-1.310714,0.554186,-0.3731454,-0.4990332,-0.5519115,
1,1,1.095,-0.06313919,0.07859681,-1.310759,0.5540879,-0.3730167,-0.4991925,-0.551953,
1,1,1.097,-0.06313919,0.07859681,-1.310759,0.5540879,-0.3730167,-0.4991925,-0.551953,
1,1,1.099,-0.06313919,0.07859681,-1.310759,0.5540879,-0.3730167,-0.4991925,-0.551953,
1,1,1.101,-0.06313919,0.07859681,-1.310759,0.5540879,-0.3730167,-0.4991925,-0.551953,
1,1,1.103,-0.06313919,0.07859681,-1.310759,0.5540879,-0.3730167,-0.4991925,-0.551953,
1,1,1.105,-0.06313083,0.07861196,-1.310799,0.5540644,-0.3729479,-0.4992469,-0.5519738,
1,1,1.107,-0.06313083,0.07861196,-1.310799,0.5540644,-0.3729479,-0.4992469,-0.5519738,
1,1,1.109,-0.06313083,0.07861196,-1.310799,0.5540644,-0.3729479,-0.4992469,-0.5519738,
1,1,1.111,-0.06313083,0.07861196,-1.310799,0.5540644,-0.3729479,-0.4992469,-0.5519738,
1,1,1.113,-0.06320183,0.07862714,-1.310742,0.5539565,-0.3728703,-0.4994269,-0.5519717,
1,1,1.115,-0.06320183,0.07862714,-1.310742,0.5539565,-0.3728703,-0.4994269,-0.5519717,
1,1,1.117,-0.06320183,0.07862714,-1.310742,0.5539565,-0.3728703,-0.4994269,-0.5519717,
1,1,1.119,-0.06320183,0.07862714,-1.310742,0.5539565,-0.3728703,-0.4994269,-0.5519717,
1,1,1.121,-0.06319562,0.0786074,-1.310722,0.5540217,-0.3729652,-0.4993472,-0.5519142,
1,1,1.123,-0.06319562,0.0786074,-1.310722,0.5540217,-0.3729652,-0.4993472,-0.5519142,
1,1,1.125,-0.06319562,0.0786074,-1.310722,0.5540217,-0.3729652,-0.4993472,-0.5519142,
1,1,1.127,-0.06319562,0.0786074,-1.310722,0.5540217,-0.3729652,-0.4993472,-0.5519142,
1,1,1.129,-0.06314733,0.07860794,-1.310751,0.5540583,-0.3729554,-0.4992888,-0.551937,
1,1,1.131,-0.06314733,0.07860794,-1.310751,0.5540583,-0.3729554,-0.4992888,-0.551937,
1,1,1.133,-0.06314733,0.07860794,-1.310751,0.5540583,-0.3729554,-0.4992888,-0.551937,
1,1,1.135,-0.06314733,0.07860794,-1.310751,0.5540583,-0.3729554,-0.4992888,-0.551937,
1,1,1.137,-0.0632043,0.07859423,-1.310717,0.5539701,-0.3729562,-0.4993756,-0.5519463,
1,1,1.139,-0.0632043,0.07859423,-1.310717,0.5539701,-0.3729562,-0.4993756,-0.5519463,
1,1,1.141,-0.0632043,0.07859423,-1.310717,0.5539701,-0.3729562,-0.4993756,-0.5519463,
1,1,1.143,-0.0632043,0.07859423,-1.310717,0.5539701,-0.3729562,-0.4993756,-0.5519463,
1,1,1.145,-0.06315772,0.07861379,-1.310726,0.5539832,-0.3729598,-0.4993188,-0.5519822,
1,1,1.147,-0.06315772,0.07861379,-1.310726,0.5539832,-0.3729598,-0.4993188,-0.5519822,
1,1,1.149,-0.06315772,0.07861379,-1.310726,0.5539832,-0.3729598,-0.4993188,-0.5519822,
1,1,1.151,-0.06315772,0.07861379,-1.310726,0.5539832,-0.3729598,-0.4993188,-0.5519822,
1,1,1.153,-0.06315772,0.07861379,-1.310726,0.5539832,-0.3729598,-0.4993188,-0.5519822,
1,1,1.155,-0.06311134,0.07862587,-1.310777,0.5540425,-0.3729039,-0.4993014,-0.5519761,
1,1,1.157,-0.06311134,0.07862587,-1.310777,0.5540425,-0.3729039,-0.4993014,-0.5519761,
1,1,1.159,-0.06311134,0.07862587,-1.310777,0.5540425,-0.3729039,-0.4993014,-0.5519761,
1,1,1.161,-0.06311134,0.07862587,-1.310777,0.5540425,-0.3729039,-0.4993014,-0.5519761,
1,1,1.163,-0.06313954,0.07859813,-1.310763,0.5540631,-0.3729801,-0.4992497,-0.5519509,
1,1,1.165,-0.06313954,0.07859813,-1.310763,0.5540631,-0.3729801,-0.4992497,-0.5519509,
1,1,1.167,-0.06313954,0.07859813,-1.310763,0.5540631,-0.3729801,-0.4992497,-0.5519509,
1,1,1.169,-0.06313954,0.07859813,-1.310763,0.5540631,-0.3729801,-0.4992497,-0.5519509,
1,1,1.171,-0.06317649,0.07862241,-1.310725,0.5539993,-0.3729314,-0.4993523,-0.551955,
1,1,1.173,-0.06317649,0.07862241,-1.310725,0.5539993,-0.3729314,-0.4993523,-0.551955,
1,1,1.175,-0.06317649,0.07862241,-1.310725,0.5539993,-0.3729314,-0.4993523,-0.551955,
1,1,1.177,-0.06317649,0.07862241,-1.310725,0.5539993,-0.3729314,-0.4993523,-0.551955,
1,1,1.179,-0.06313819,0.07860417,-1.310768,0.5540508,-0.3729936,-0.4992578,-0.5519468,
1,1,1.181,-0.06313819,0.07860417,-1.310768,0.5540508,-0.3729936,-0.4992578,-0.5519468,CourtEnter
1,1,1.183,-0.06313819,0.07860417,-1.310768,0.5540508,-0.3729936,-0.4992578,-0.5519468,
1,1,1.185,-0.06313819,0.07860417,-1.310768,0.5540508,-0.3729936,-0.4992578,-0.5519468,
1,1,1.187,-0.06317797,0.0786052,-1.310718,0.5540214,-0.3729188,-0.4993307,-0.5519607,
1,1,1.189,-0.06317797,0.0786052,-1.310718,0.5540214,-0.3729188,-0.4993307,-0.5519607,CourtExit
1,1,1.191,-0.06317797,0.0786052,-1.310718,0.5540214,-0.3729188,-0.4993307,-0.5519607,
1,1,1.193,-0.06317797,0.0786052,-1.310718,0.5540214,-0.3729188,-0.4993307,-0.5519607,
1,1,1.195,-0.06315207,0.07862031,-1.310747,0.5540156,-0.3728929,-0.4993445,-0.5519716,
1,1,1.197,-0.06315207,0.07862031,-1.310747,0.5540156,-0.3728929,-0.4993445,-0.5519716,
1,1,1.199,-0.06315207,0.07862031,-1.310747,0.5540156,-0.3728929,-0.4993445,-0.5519716,
1,1,1.201,-0.06315207,0.07862031,-1.310747,0.5540156,-0.3728929,-0.4993445,-0.5519716,
1,1,1.203,-0.06315207,0.07862031,-1.310747,0.5540156,-0.3728929,-0.4993445,-0.5519716,
1,1,1.205,-0.06314381,0.07861718,-1.310757,0.5540183,-0.3728765,-0.4993496,-0.5519755,
1,1,1.207,-0.06314381,0.07861718,-1.310757,0.5540183,-0.3728765,-0.4993496,-0.5519755,
1,1,1.209,-0.06314381,0.07861718,-1.310757,0.5540183,-0.3728765,-0.4993496,-0.5519755,
1,1,1.211,-0.06314381,0.07861718,-1.310757,0.5540183,-0.3728765,-0.4993496,-0.5519755,
1,1,1.213,-0.06313458,0.07862328,-1.310766,0.5540255,-0.3728749,-0.4993327,-0.5519847,
1,1,1.215,-0.06313458,0.07862328,-1.310766,0.5540255,-0.3728749,-0.4993327,-0.5519847,
1,1,1.217,-0.06313458,0.07862328,-1.310766,0.5540255,-0.3728749,-0.4993327,-0.5519847,
1,1,1.219,-0.06313458,0.07862328,-1.310766,0.5540255,-0.3728749,-0.4993327,-0.5519847,
1,1,1.221,-0.06313525,0.07861074,-1.31077,0.5540325,-0.3729108,-0.4993053,-0.5519781,
1,1,1.223,-0.06313525,0.07861074,-1.31077,0.5540325,-0.3729108,-0.4993053,-0.5519781,
1,1,1.225,-0.06313525,0.07861074,-1.31077,0.5540325,-0.3729108,-0.4993053,-0.5519781,
1,1,1.227,-0.06313525,0.07861074,-1.31077,0.5540325,-0.3729108,-0.4993053,-0.5519781,
1,1,1.229,-0.06313343,0.07861274,-1.310755,0.554049,-0.3728907,-0.4992787,-0.5519993,
1,1,1.231,-0.06313343,0.07861274,-1.310755,0.554049,-0.3728907,-0.4992787,-0.5519993,
1,1,1.233,-0.06313343,0.07861274,-1.310755,0.554049,-0.3728907,-0.4992787,-0.5519993,
1,1,1.235,-0.06313343,0.07861274,-1.310755,0.554049,-0.3728907,-0.4992787,-0.5519993,
1,1,1.237,-0.06314802,0.07860772,-1.310757,0.5540307,-0.3729397,-0.4992945,-0.5519701,
1,1,1.239,-0.06314802,0.07860772,-1.310757,0.5540307,-0.3729397,-0.4992945,-0.5519701,
1,1,1.241,-0.06314802,0.07860772,-1.310757,0.5540307,-0.3729397,-0.4992945,-0.5519701,
1,1,1.243,-0.06314802,0.07860772,-1.310757,0.5540307,-0.3729397,-0.4992945,-0.5519701,
1,1,1.245,-0.06312986,0.07860591,-1.310768,0.5540692,-0.3729431,-0.4992382,-0.5519801,
1,1,1.247,-0.06312986,0.07860591,-1.310768,0.5540692,-0.3729431,-0.4992382,-0.5519801,
1,1,1.249,-0.06312986,0.07860591,-1.310768,0.5540692,-0.3729431,-0.4992382,-0.5519801,
1,1,1.251,-0.06312986,0.07860591,-1.310768,0.5540692,-0.3729431,-0.4992382,-0.5519801,
1,1,1.253,-0.06312986,0.07860591,-1.310768,0.5540692,-0.3729431,-0.4992382,-0.5519801,
1,1,1.255,-0.06316677,0.07862137,-1.310741,0.5540129,-0.3728842,-0.4993509,-0.5519745,
1,1,1.257,-0.06316677,0.07862137,-1.310741,0.5540129,-0.3728842,-0.4993509,-0.5519745,
1,1,1.259,-0.06316677,0.07862137,-1.310741,0.5540129,-0.3728842,-0.4993509,-0.5519745,
1,1,1.261,-0.06316677,0.07862137,-1.310741,0.5540129,-0.3728842,-0.4993509,-0.5519745,
1,1,1.263,-0.06314939,0.07859623,-1.310735,0.5540376,-0.3728998,-0.499314,-0.5519724,
1,1,1.265,-0.06314939,0.07859623,-1.310735,0.5540376,-0.3728998,-0.499314,-0.5519724,
1,1,1.267,-0.06314939,0.07859623,-1.310735,0.5540376,-0.3728998,-0.499314,-0.5519724,
1,1,1.269,-0.06314939,0.07859623,-1.310735,0.5540376,-0.3728998,-0.499314,-0.5519724,
1,1,1.271,-0.06316446,0.07862747,-1.31076,0.5539969,-0.3729128,-0.4993467,-0.551975,
1,1,1.273,-0.06316446,0.07862747,-1.31076,0.5539969,-0.3729128,-0.4993467,-0.551975,
1,1,1.275,-0.06316446,0.07862747,-1.31076,0.5539969,-0.3729128,-0.4993467,-0.551975,
1,1,1.277,-0.06316446,0.07862747,-1.31076,0.5539969,-0.3729128,-0.4993467,-0.551975,
1,1,1.279,-0.06315123,0.0785994,-1.31076,0.5540357,-0.3729641,-0.4992653,-0.551975,
1,1,1.281,-0.06315123,0.0785994,-1.31076,0.5540357,-0.3729641,-0.4992653,-0.551975,
1,1,1.283,-0.06315123,0.0785994,-1.31076,0.5540357,-0.3729641,-0.4992653,-0.551975,
1,1,1.285,-0.06315123,0.0785994,-1.31076,0.5540357,-0.3729641,-0.4992653,-0.551975,
1,1,1.287,-0.06320745,0.07861754,-1.310719,0.5539711,-0.3729235,-0.4993862,-0.5519579,
1,1,1.289,-0.06320745,0.07861754,-1.310719,0.5539711,-0.3729235,-0.4993862,-0.5519579,
1,1,1.291,-0.06320745,0.07861754,-1.310719,0.5539711,-0.3729235,-0.4993862,-0.5519579,
1,1,1.293,-0.06320745,0.07861754,-1.310719,0.5539711,-0.3729235,-0.4993862,-0.5519579,
1,1,1.295,-0.06319633,0.07860266,-1.310709,0.5540097,-0.372987,-0.4993246,-0.551932,
1,1,1.297,-0.06319633,0.07860266,-1.310709,0.5540097,-0.372987,-0.4993246,-0.551932,
1,1,1.299,-0.06319633,0.07860266,-1.310709,0.5540097,-0.372987,-0.4993246,-0.551932,
1,1,1.301,-0.06319633,0.07860266,-1.310709,0.5540097,-0.372987,-0.4993246,-0.551932,
1,1,1.303,-0.06319633,0.07860266,-1.310709,0.5540097,-0.372987,-0.4993246,-0.551932,
1,1,1.305,-0.0631651,0.07861726,-1.310727,0.5540271,-0.3729135,-0.4993442,-0.5519464,
1,1,1.307,-0.0631651,0.07861726,-1.310727,0.5540271,-0.3729135,-0.4993442,-0.5519464,
1,1,1.309,-0.0631651,0.07861726,-1.310727,0.5540271,-0.3729135,-0.4993442,-0.5519464,
1,1,1.311,-0.0631651,0.07861726,-1.310727,0.5540271,-0.3729135,-0.4993442,-0.5519464,
1,1,1.313,-0.06314868,0.07861361,-1.31073,0.5540203,-0.3729028,-0.4993334,-0.5519704,
1,1,1.315,-0.06314868,0.07861361,-1.31073,0.5540203,-0.3729028,-0.4993334,-0.5519704,
1,1,1.317,-0.06314868,0.07861361,-1.31073,0.5540203,-0.3729028,-0.4993334,-0.5519704,
1,1,1.319,-0.06314868,0.07861361,-1.31073,0.5540203,-0.3729028,-0.4993334,-0.5519704,
1,1,1.321,-0.06318316,0.07863584,-1.3108,0.5539238,-0.3728751,-0.499457,-0.5519741,
1,1,1.323,-0.06318316,0.07863584,-1.3108,0.5539238,-0.3728751,-0.499457,-0.5519741,
1,1,1.325,-0.06318316,0.07863584,-1.3108,0.5539238,-0.3728751,-0.499457,-0.5519741,
1,1,1.327,-0.06318316,0.07863584,-1.3108,0.5539238,-0.3728751,-0.499457,-0.5519741,
1,1,1.329,-0.06319153,0.07865343,-1.310775,0.5538741,-0.3727473,-0.4995783,-0.5520004,
1,1,1.331,-0.06319153,0.07865343,-1.310775,0.5538741,-0.3727473,-0.4995783,-0.5520004,
1,1,1.333,-0.06319153,0.07865343,-1.310775,0.5538741,-0.3727473,-0.4995783,-0.5520004,
1,1,1.335,-0.06319153,0.07865343,-1.310775,0.5538741,-0.3727473,-0.4995783,-0.5520004,
1,1,1.337,-0.06313062,0.0786325,-1.310784,0.5539677,-0.3728253,-0.4994249,-0.5519927,
1,1,1.339,-0.06313062,0.0786325,-1.310784,0.5539677,-0.3728253,-0.4994249,-0.5519927,
1,1,1.341,-0.06313062,0.0786325,-1.310784,0.5539677,-0.3728253,-0.4994249,-0.5519927,
1,1,1.343,-0.06313062,0.0786325,-1.310784,0.5539677,-0.3728253,-0.4994249,-0.5519927,
1,1,1.345,-0.06313747,0.07861385,-1.310778,0.554007,-0.3728949,-0.4993466,-0.5519771,
1,1,1.347,-0.06313747,0.07861385,-1.310778,0.554007,-0.3728949,-0.4993466,-0.5519771,
1,1,1.349,-0.06313747,0.07861385,-1.310778,0.554007,-0.3728949,-0.4993466,-0.5519771,
1,1,1.351,-0.06313747,0.07861385,-1.310778,0.554007,-0.3728949,-0.4993466,-0.5519771,
1,1,1.353,-0.06313747,0.07861385,-1.310778,0.554007,-0.3728949,-0.4993466,-0.5519771,
1,1,1.355,-0.06318133,0.0786311,-1.310772,0.5539777,-0.3728987,-0.4993994,-0.5519561,
1,1,1.357,-0.06318133,0.0786311,-1.310772,0.5539777,-0.3728987,-0.4993994,-0.5519561,
1,1,1.359,-0.06318133,0.0786311,-1.310772,0.5539777,-0.3728987,-0.4993994,-0.5519561,
1,1,1.361,-0.06318133,0.0786311,-1.310772,0.5539777,-0.3728987,-0.4993994,-0.5519561,
1,1,1.363,-0.06314006,0.07862832,-1.310761,0.5539857,-0.3728798,-0.4993747,-0.5519831,
1,1,1.365,-0.06314006,0.07862832,-1.310761,0.5539857,-0.3728798,-0.4993747,-0.5519831,
1,1,1.367,-0.06314006,0.07862832,-1.310761,0.5539857,-0.3728798,-0.4993747,-0.5519831,
1,1,1.369,-0.06314006,0.07862832,-1.310761,0.5539857,-0.3728798,-0.4993747,-0.5519831,
1,1,1.371,-0.06316898,0.07862367,-1.310785,0.5539626,-0.372882,-0.4994113,-0.5519717,
1,1,1.373,-0.06316898,0.07862367,-1.310785,0.5539626,-0.372882,-0.4994113,-0.5519717,
1,1,1.375,-0.06316898,0.07862367,-1.310785,0.5539626,-0.372882,-0.4994113,-0.5519717,
1,1,1.377,-0.06316898,0.07862367,-1.310785,0.5539626,-0.372882,-0.4994113,-0.5519717,
1,1,1.379,-0.06318215,0.07864922,-1.310784,0.5539207,-0.3728697,-0.4994838,-0.5519565,
1,1,1.381,-0.06318215,0.07864922,-1.310784,0.5539207,-0.3728697,-0.4994838,-0.5519565,
1,1,1.383,-0.06318215,0.07864922,-1.310784,0.5539207,-0.3728697,-0.4994838,-0.5519565,
1,1,1.385,-0.06318215,0.07864922,-1.310784,0.5539207,-0.3728697,-0.4994838,-0.5519565,
1,1,1.387,-0.06316891,0.07861417,-1.310716,0.5539848,-0.3729721,-0.4993738,-0.5519225,
1,1,1.389,-0.06316891,0.07861417,-1.310716,0.5539848,-0.3729721,-0.4993738,-0.5519225,
1,1,1.391,-0.06316891,0.07861417,-1.310716,0.5539848,-0.3729721,-0.4993738,-0.5519225,
1,1,1.393,-0.06316891,0.07861417,-1.310716,0.5539848,-0.3729721,-0.4993738,-0.5519225,
1,1,1.395,-0.06314297,0.07861374,-1.310732,0.5540148,-0.3729559,-0.499314,-0.5519576,
1,1,1.397,-0.06314297,0.07861374,-1.310732,0.5540148,-0.3729559,-0.499314,-0.5519576,
1,1,1.399,-0.06314297,0.07861374,-1.310732,0.5540148,-0.3729559,-0.499314,-0.5519576,
1,1,1.401,-0.06314297,0.07861374,-1.310732,0.5540148,-0.3729559,-0.499314,-0.5519576,
1,1,1.403,-0.06314297,0.07861374,-1.310732,0.5540148,-0.3729559,-0.499314,-0.5519576,
1,1,1.405,-0.06314632,0.07862012,-1.310742,0.5540351,-0.3729203,-0.4993099,-0.5519649,
1,1,1.407,-0.06314632,0.07862012,-1.310742,0.5540351,-0.3729203,-0.4993099,-0.5519649,
1,1,1.409,-0.06314632,0.07862012,-1.310742,0.5540351,-0.3729203,-0.4993099,-0.5519649,
1,1,1.411,-0.06314632,0.07862012,-1.310742,0.5540351,-0.3729203,-0.4993099,-0.5519649,
1,1,1.413,-0.06309341,0.07859275,-1.310794,0.5540593,-0.3730059,-0.4992186,-0.5519654,
1,1,1.415,-0.06309341,0.07859275,-1.310794,0.5540593,-0.3730059,-0.4992186,-0.5519654,
1,1,1.417,-0.06309341,0.07859275,-1.310794,0.5540593,-0.3730059,-0.4992186,-0.5519654,
1,1,1.419,-0.06309341,0.07859275,-1.310794,0.5540593,-0.3730059,-0.4992186,-0.5519654,
1,1,1.421,-0.06317608,0.07862649,-1.310724,0.5540056,-0.3729185,-0.4993449,-0.5519639,
1,1,1.423,-0.06317608,0.07862649,-1.310724,0.5540056,-0.3729185,-0.4993449,-0.5519639,
1,1,1.425,-0.06317608,0.07862649,-1.310724,0.5540056,-0.3729185,-0.4993449,-0.5519639,
1,1,1.427,-0.06317608,0.07862649,-1.310724,0.5540056,-0.3729185,-0.4993449,-0.5519639,
1,1,1.429,-0.06318598,0.07859524,-1.310703,0.5540162,-0.3729997,-0.4993024,-0.5519369,
1,1,1.431,-0.06318598,0.07859524,-1.310703,0.5540162,-0.3729997,-0.4993024,-0.5519369,
1,1,1.433,-0.06318598,0.07859524,-1.310703,0.5540162,-0.3729997,-0.4993024,-0.5519369,
1,1,1.435,-0.06318598,0.07859524,-1.310703,0.5540162,-0.3729997,-0.4993024,-0.5519369,
1,1,1.437,-0.06312224,0.07861643,-1.310774,0.5540388,-0.3729665,-0.4993116,-0.5519285,
1,1,1.439,-0.06312224,0.07861643,-1.310774,0.5540388,-0.3729665,-0.4993116,-0.5519285,
1,1,1.441,-0.06312224,0.07861643,-1.310774,0.5540388,-0.3729665,-0.4993116,-0.5519285,
1,1,1.443,-0.06312224,0.07861643,-1.310774,0.5540388,-0.3729665,-0.4993116,-0.5519285,
1,1,1.445,-0.06312294,0.078614,-1.310766,0.5540561,-0.3729516,-0.4992807,-0.5519491,
1,1,1.447,-0.06312294,0.078614,-1.310766,0.5540561,-0.3729516,-0.4992807,-0.5519491,
1,1,1.449,-0.06312294,0.078614,-1.310766,0.5540561,-0.3729516,-0.4992807,-0.5519491,
1,1,1.451,-0.06312294,0.078614,-1.310766,0.5540561,-0.3729516,-0.4992807,-0.5519491,
1,1,1.453,-0.06312294,0.078614,-1.310766,0.5540561,-0.3729516,-0.4992807,-0.5519491,
1,1,1.455,-0.06309944,0.0786026,-1.310783,0.554074,-0.3729504,-0.4992435,-0.5519655,
1,1,1.457,-0.06309944,0.0786026,-1.310783,0.554074,-0.3729504,-0.4992435,-0.5519655,
1,1,1.459,-0.06309944,0.0786026,-1.310783,0.554074,-0.3729504,-0.4992435,-0.5519655,
1,1,1.461,-0.06309944,0.0786026,-1.310783,0.554074,-0.3729504,-0.4992435,-0.5519655,
1,1,1.463,-0.06318523,0.07860222,-1.310723,0.5539985,-0.3730035,-0.4993195,-0.5519368,
1,1,1.465,-0.06318523,0.07860222,-1.310723,0.5539985,-0.3730035,-0.4993195,-0.5519368,
1,1,1.467,-0.06318523,0.07860222,-1.310723,0.5539985,-0.3730035,-0.4993195,-0.5519368,
1,1,1.469,-0.06318523,0.07860222,-1.310723,0.5539985,-0.3730035,-0.4993195,-0.5519368,
1,1,1.471,-0.06317514,0.07860723,-1.310744,0.5540206,-0.3729694,-0.4993475,-0.5519122,
1,1,1.473,-0.06317514,0.07860723,-1.310744,0.5540206,-0.3729694,-0.4993475,-0.5519122,
1,1,1.475,-0.06317514,0.07860723,-1.310744,0.5540206,-0.3729694,-0.4993475,-0.5519122,
1,1,1.477,-0.06317514,0.07860723,-1.310744,0.5540206,-0.3729694,-0.4993475,-0.5519122,
1,1,1.479,-0.0631445,0.07858743,-1.310756,0.5540897,-0.3730221,-0.4992313,-0.5519124,
1,1,1.481,-0.0631445,0.07858743,-1.310756,0.5540897,-0.3730221,-0.4992313,-0.5519124,
1,1,1.483,-0.0631445,0.07858743,-1.310756,0.5540897,-0.3730221,-0.4992313,-0.5519124,
1,1,1.485,-0.0631445,0.07858743,-1.310756,0.5540897,-0.3730221,-0.4992313,-0.5519124,
1,1,1.487,-0.0631085,0.07860002,-1.310795,0.5540893,-0.3730002,-0.4992425,-0.5519175,
1,1,1.489,-0.0631085,0.07860002,-1.310795,0.5540893,-0.3730002,-0.4992425,-0.5519175,
1,1,1.491,-0.0631085,0.07860002,-1.310795,0.5540893,-0.3730002,-0.4992425,-0.5519175,
1,1,1.493,-0.0631085,0.07860002,-1.310795,0.5540893,-0.3730002,-0.4992425,-0.5519175,
1,1,1.495,-0.06318066,0.07861604,-1.310723,0.5540026,-0.372974,-0.4993511,-0.551924,
1,1,1.497,-0.06318066,0.07861604,-1.310723,0.5540026,-0.372974,-0.4993511,-0.551924,
1,1,1.499,-0.06318066,0.07861604,-1.310723,0.5540026,-0.372974,-0.4993511,-0.551924,
1,1,1.501,-0.06318066,0.07861604,-1.310723,0.5540026,-0.372974,-0.4993511,-0.551924,
1,1,1.503,-0.06318066,0.07861604,-1.310723,0.5540026,-0.372974,-0.4993511,-0.551924,
1,1,1.505,-0.06315722,0.0786062,-1.310745,0.5540555,-0.3730252,-0.4992577,-0.5519208,
1,1,1.507,-0.06315722,0.0786062,-1.310745,0.5540555,-0.3730252,-0.4992577,-0.5519208,
1,1,1.509,-0.06315722,0.0786062,-1.310745,0.5540555,-0.3730252,-0.4992577,-0.5519208,
1,1,1.511,-0.06315722,0.0786062,-1.310745,0.5540555,-0.3730252,-0.4992577,-0.5519208,
1,1,1.513,-0.06319726,0.07866656,-1.310779,0.5539224,-0.3728369,-0.4994788,-0.5519815,
1,1,1.515,-0.06319726,0.07866656,-1.310779,0.5539224,-0.3728369,-0.4994788,-0.5519815,
1,1,1.517,-0.06319726,0.07866656,-1.310779,0.5539224,-0.3728369,-0.4994788,-0.5519815,
1,1,1.519,-0.06319726,0.07866656,-1.310779,0.5539224,-0.3728369,-0.4994788,-0.5519815,
1,1,1.521,-0.06318787,0.07866144,-1.310833,0.5538344,-0.3727363,-0.4996542,-0.551979,
1,1,1.523,-0.06318787,0.07866144,-1.310833,0.5538344,-0.3727363,-0.4996542,-0.551979,
1,1,1.525,-0.06318787,0.07866144,-1.310833,0.5538344,-0.3727363,-0.4996542,-0.551979,
1,1,1.527,-0.06318787,0.07866144,-1.310833,0.5538344,-0.3727363,-0.4996542,-0.551979,
1,1,1.529,-0.06315333,0.0786471,-1.310827,0.5538862,-0.3727626,-0.4995688,-0.5519866,
1,1,1.531,-0.06315333,0.0786471,-1.310827,0.5538862,-0.3727626,-0.4995688,-0.5519866,
1,1,1.533,-0.06315333,0.0786471,-1.310827,0.5538862,-0.3727626,-0.4995688,-0.5519866,
1,1,1.535,-0.06315333,0.0786471,-1.310827,0.5538862,-0.3727626,-0.4995688,-0.5519866,
1,1,1.537,-0.06314532,0.07866303,-1.310824,0.5538775,-0.3727069,-0.4995909,-0.5520129,
1,1,1.539,-0.06314532,0.07866303,-1.310824,0.5538775,-0.3727069,-0.4995909,-0.5520129,
1,1,1.541,-0.06314532,0.07866303,-1.310824,0.5538775,-0.3727069,-0.4995909,-0.5520129,
1,1,1.543,-0.06314532,0.07866303,-1.310824,0.5538775,-0.3727069,-0.4995909,-0.5520129,
1,1,1.545,-0.06314482,0.07860842,-1.310762,0.5539992,-0.3729282,-0.4993396,-0.5519688,
1,1,1.547,-0.06314482,0.07860842,-1.310762,0.5539992,-0.3729282,-0.4993396,-0.5519688,
1,1,1.549,-0.06314482,0.07860842,-1.310762,0.5539992,-0.3729282,-0.4993396,-0.5519688,
1,1,1.551,-0.06314482,0.07860842,-1.310762,0.5539992,-0.3729282,-0.4993396,-0.5519688,
1,1,1.553,-0.06314482,0.07860842,-1.310762,0.5539992,-0.3729282,-0.4993396,-0.5519688,
1,1,1.555,-0.06315603,0.07860807,-1.310739,0.5540334,-0.3729992,-0.4992671,-0.551952,
1,1,1.557,-0.06315603,0.07860807,-1.310739,0.5540334,-0.3729992,-0.4992671,-0.551952,
1,1,1.559,-0.06315603,0.07860807,-1.310739,0.5540334,-0.3729992,-0.4992671,-0.551952,
1,1,1.561,-0.06315603,0.07860807,-1.310739,0.5540334,-0.3729992,-0.4992671,-0.551952,
1,1,1.563,-0.06314249,0.07861103,-1.310761,0.5540343,-0.3729923,-0.4992904,-0.5519347,
1,1,1.565,-0.06314249,0.07861103,-1.310761,0.5540343,-0.3729923,-0.4992904,-0.5519347,
1,1,1.567,-0.06314249,0.07861103,-1.310761,0.5540343,-0.3729923,-0.4992904,-0.5519347,
1,1,1.569,-0.06314249,0.07861103,-1.310761,0.5540343,-0.3729923,-0.4992904,-0.5519347,
1,1,1.571,-0.06315166,0.07859551,-1.310756,0.5540648,-0.3730638,-0.4992307,-0.5519098,
1,1,1.573,-0.06315166,0.07859551,-1.310756,0.5540648,-0.3730638,-0.4992307,-0.5519098,
1,1,1.575,-0.06315166,0.07859551,-1.310756,0.5540648,-0.3730638,-0.4992307,-0.5519098,
1,1,1.577,-0.06315166,0.07859551,-1.310756,0.5540648,-0.3730638,-0.4992307,-0.5519098,
1,1,1.579,-0.06313317,0.07862892,-1.310755,0.5540506,-0.3729377,-0.49928,-0.5519646,
1,1,1.581,-0.06313317,0.07862892,-1.310755,0.5540506,-0.3729377,-0.49928,-0.5519646,
1,1,1.583,-0.06313317,0.07862892,-1.310755,0.5540506,-0.3729377,-0.49928,-0.5519646,
1,1,1.585,-0.06313317,0.07862892,-1.310755,0.5540506,-0.3729377,-0.49928,-0.5519646,
1,1,1.587,-0.06315842,0.07859899,-1.310739,0.5540367,-0.3729509,-0.4992974,-0.5519539,
1,1,1.589,-0.06315842,0.07859899,-1.310739,0.5540367,-0.3729509,-0.4992974,-0.5519539,
1,1,1.591,-0.06315842,0.07859899,-1.310739,0.5540367,-0.3729509,-0.4992974,-0.5519539,
1,1,1.593,-0.06315842,0.07859899,-1.310739,0.5540367,-0.3729509,-0.4992974,-0.5519539,
1,1,1.595,-0.06317095,0.07861541,-1.310741,0.554014,-0.3729515,-0.4993526,-0.5519264,
1,1,1.597,-0.06317095,0.07861541,-1.310741,0.554014,-0.3729515,-0.4993526,-0.5519264,
1,1,1.599,-0.06317095,0.07861541,-1.310741,0.554014,-0.3729515,-0.4993526,-0.5519264,
1,1,1.601,-0.06317095,0.07861541,-1.310741,0.554014,-0.3729515,-0.4993526,-0.5519264,
1,1,1.603,-0.06317095,0.07861541,-1.310741,0.554014,-0.3729515,-0.4993526,-0.5519264,
1,1,1.605,-0.0631956,0.07861739,-1.310697,0.5539964,-0.3729253,-0.4994002,-0.5519186,
1,1,1.607,-0.0631956,0.07861739,-1.310697,0.5539964,-0.3729253,-0.4994002,-0.5519186,
1,1,1.609,-0.0631956,0.07861739,-1.310697,0.5539964,-0.3729253,-0.4994002,-0.5519186,
1,1,1.611,-0.0631956,0.07861739,-1.310697,0.5539964,-0.3729253,-0.4994002,-0.5519186,
1,1,1.613,-0.06316616,0.07860215,-1.310739,0.5540434,-0.3729593,-0.4993188,-0.5519223,
1,1,1.615,-0.06316616,0.07860215,-1.310739,0.5540434,-0.3729593,-0.4993188,-0.5519223,
1,1,1.617,-0.06316616,0.07860215,-1.310739,0.5540434,-0.3729593,-0.4993188,-0.5519223,
1,1,1.619,-0.06316616,0.07860215,-1.310739,0.5540434,-0.3729593,-0.4993188,-0.5519223,
1,1,1.621,-0.06311829,0.07861435,-1.310773,0.5540523,-0.3729539,-0.4992743,-0.5519572,
1,1,1.623,-0.06311829,0.07861435,-1.310773,0.5540523,-0.3729539,-0.4992743,-0.5519572,
1,1,1.625,-0.06311829,0.07861435,-1.310773,0.5540523,-0.3729539,-0.4992743,-0.5519572,
1,1,1.627,-0.06311829,0.07861435,-1.310773,0.5540523,-0.3729539,-0.4992743,-0.5519572,
1,1,1.629,-0.06316583,0.07859778,-1.310738,0.5540416,-0.373007,-0.4992967,-0.5519118,
1,1,1.631,-0.06316583,0.07859778,-1.310738,0.5540416,-0.373007,-0.4992967,-0.5519118,
1,1,1.633,-0.06316583,0.07859778,-1.310738,0.5540416,-0.373007,-0.4992967,-0.5519118,
1,1,1.635,-0.06316583,0.07859778,-1.310738,0.5540416,-0.373007,-0.4992967,-0.5519118,
1,1,1.637,-0.06314528,0.07860404,-1.310773,0.5540334,-0.3729854,-0.4992849,-0.5519453,
1,1,1.639,-0.06314528,0.07860404,-1.310773,0.5540334,-0.3729854,-0.4992849,-0.5519453,
1,1,1.641,-0.06314528,0.07860404,-1.310773,0.5540334,-0.3729854,-0.4992849,-0.5519453,
1,1,1.643,-0.06314528,0.07860404,-1.310773,0.5540334,-0.3729854,-0.4992849,-0.5519453,
1,1,1.645,-0.06317052,0.07861306,-1.310741,0.5540028,-0.3729693,-0.4993378,-0.551939,
1,1,1.647,-0.06317052,0.07861306,-1.310741,0.5540028,-0.3729693,-0.4993378,-0.551939,
1,1,1.649,-0.06317052,0.07861306,-1.310741,0.5540028,-0.3729693,-0.4993378,-0.551939,
1,1,1.651,-0.06317052,0.07861306,-1.310741,0.5540028,-0.3729693,-0.4993378,-0.551939,
1,1,1.653,-0.06317052,0.07861306,-1.310741,0.5540028,-0.3729693,-0.4993378,-0.551939,
1,1,1.655,-0.06314585,0.07861039,-1.310746,0.5540131,-0.3729797,-0.4993218,-0.551936,
1,1,1.657,-0.06314585,0.07861039,-1.310746,0.5540131,-0.3729797,-0.4993218,-0.551936,
1,1,1.659,-0.06314585,0.07861039,-1.310746,0.5540131,-0.3729797,-0.4993218,-0.551936,
1,1,1.661,-0.06314585,0.07861039,-1.310746,0.5540131,-0.3729797,-0.4993218,-0.551936,
1,1,1.663,-0.06310114,0.07861064,-1.310772,0.554048,-0.372935,-0.4992909,-0.5519592,
1,1,1.665,-0.06310114,0.07861064,-1.310772,0.554048,-0.372935,-0.4992909,-0.5519592,
1,1,1.667,-0.06310114,0.07861064,-1.310772,0.554048,-0.372935,-0.4992909,-0.5519592,
1,1,1.669,-0.06310114,0.07861064,-1.310772,0.554048,-0.372935,-0.4992909,-0.5519592,
1,1,1.671,-0.06315801,0.0786214,-1.310744,0.5540422,-0.3729311,-0.499319,-0.5519423,
1,1,1.673,-0.06315801,0.0786214,-1.310744,0.5540422,-0.3729311,-0.499319,-0.5519423,
1,1,1.675,-0.06315801,0.0786214,-1.310744,0.5540422,-0.3729311,-0.499319,-0.5519423,
1,1,1.677,-0.06315801,0.0786214,-1.310744,0.5540422,-0.3729311,-0.499319,-0.5519423,
1,1,1.679,-0.06317864,0.07863969,-1.310731,0.553973,-0.3728464,-0.4994391,-0.5519603,
1,1,1.681,-0.06317864,0.07863969,-1.310731,0.553973,-0.3728464,-0.4994391,-0.5519603,
1,1,1.683,-0.06317864,0.07863969,-1.310731,0.553973,-0.3728464,-0.4994391,-0.5519603,
1,1,1.685,-0.06317864,0.07863969,-1.310731,0.553973,-0.3728464,-0.4994391,-0.5519603,
1,1,1.687,-0.06319971,0.07861506,-1.310711,0.5539917,-0.3729264,-0.4993788,-0.551942,
1,1,1.689,-0.06319971,0.07861506,-1.310711,0.5539917,-0.3729264,-0.4993788,-0.551942,
1,1,1.691,-0.06319971,0.07861506,-1.310711,0.5539917,-0.3729264,-0.4993788,-0.551942,
1,1,1.693,-0.06319971,0.07861506,-1.310711,0.5539917,-0.3729264,-0.4993788,-0.551942,
1,1,1.695,-0.06316181,0.07860702,-1.310744,0.5540009,-0.3729554,-0.4993639,-0.5519266,
1,1,1.697,-0.06316181,0.07860702,-1.310744,0.5540009,-0.3729554,-0.4993639,-0.5519266,
1,1,1.699,-0.06316181,0.07860702,-1.310744,0.5540009,-0.3729554,-0.4993639,-0.5519266,
1,1,1.701,-0.06316181,0.07860702,-1.310744,0.5540009,-0.3729554,-0.4993639,-0.5519266,
1,1,1.703,-0.06316181,0.07860702,-1.310744,0.5540009,-0.3729554,-0.4993639,-0.5519266,
1,1,1.705,-0.06314619,0.07859822,-1.31074,0.5540156,-0.3729553,-0.4993536,-0.5519213,
1,1,1.707,-0.06314619,0.07859822,-1.31074,0.5540156,-0.3729553,-0.4993536,-0.5519213,
1,1,1.709,-0.06314619,0.07859822,-1.31074,0.5540156,-0.3729553,-0.4993536,-0.5519213,
1,1,1.711,-0.06314619,0.07859822,-1.31074,0.5540156,-0.3729553,-0.4993536,-0.5519213,
1,1,1.713,-0.06315544,0.07862996,-1.310755,0.5540092,-0.3729169,-0.4993684,-0.5519402,
1,1,1.715,-0.06315544,0.07862996,-1.310755,0.5540092,-0.3729169,-0.4993684,-0.5519402,
1,1,1.717,-0.06315544,0.07862996,-1.310755,0.5540092,-0.3729169,-0.4993684,-0.5519402,
1,1,1.719,-0.06315544,0.07862996,-1.310755,0.5540092,-0.3729169,-0.4993684,-0.5519402,
1,1,1.721,-0.06313392,0.07858696,-1.310764,0.554058,-0.3730394,-0.4992601,-0.5519065,
1,1,1.723,-0.06313392,0.07858696,-1.310764,0.554058,-0.3730394,-0.4992601,-0.5519065,
1,1,1.725,-0.06313392,0.07858696,-1.310764,0.554058,-0.3730394,-0.4992601,-0.5519065,
1,1,1.727,-0.06313392,0.07858696,-1.310764,0.554058,-0.3730394,-0.4992601,-0.5519065,
1,1,1.729,-0.06316837,0.07862468,-1.310753,0.5540359,-0.372972,-0.4993271,-0.5519137,
1,1,1.731,-0.06316837,0.07862468,-1.310753,0.5540359,-0.372972,-0.4993271,-0.5519137,
1,1,1.733,-0.06316837,0.07862468,-1.310753,0.5540359,-0.372972,-0.4993271,-0.5519137,
1,1,1.735,-0.06316837,0.07862468,-1.310753,0.5540359,-0.372972,-0.4993271,-0.5519137,
1,1,1.737,-0.06314303,0.07861055,-1.310747,0.5540405,-0.3729683,-0.4993254,-0.551913,
1,1,1.739,-0.06314303,0.07861055,-1.310747,0.5540405,-0.3729683,-0.4993254,-0.551913,
1,1,1.741,-0.06314303,0.07861055,-1.310747,0.5540405,-0.3729683,-0.4993254,-0.551913,
1,1,1.743,-0.06314303,0.07861055,-1.310747,0.5540405,-0.3729683,-0.4993254,-0.551913,
1,1,1.745,-0.06319061,0.07862069,-1.310717,0.5540173,-0.3729543,-0.4993803,-0.551896,
1,1,1.747,-0.06319061,0.07862069,-1.310717,0.5540173,-0.3729543,-0.4993803,-0.551896,
1,1,1.749,-0.06319061,0.07862069,-1.310717,0.5540173,-0.3729543,-0.4993803,-0.551896,
1,1,1.751,-0.06319061,0.07862069,-1.310717,0.5540173,-0.3729543,-0.4993803,-0.551896,
1,1,1.753,-0.06319061,0.07862069,-1.310717,0.5540173,-0.3729543,-0.4993803,-0.551896,
1,1,1.755,-0.06313144,0.07861216,-1.310772,0.5540641,-0.3729977,-0.4992378,-0.5519487,
1,1,1.757,-0.06313144,0.07861216,-1.310772,0.5540641,-0.3729977,-0.4992378,-0.5519487,
1,1,1.759,-0.06313144,0.07861216,-1.310772,0.5540641,-0.3729977,-0.4992378,-0.5519487,
1,1,1.761,-0.06313144,0.07861216,-1.310772,0.5540641,-0.3729977,-0.4992378,-0.5519487,
1,1,1.763,-0.06314854,0.07862979,-1.310733,0.5540247,-0.37289,-0.4993488,-0.5519605,
1,1,1.765,-0.06314854,0.07862979,-1.310733,0.5540247,-0.37289,-0.4993488,-0.5519605,
1,1,1.767,-0.06314854,0.07862979,-1.310733,0.5540247,-0.37289,-0.4993488,-0.5519605,
1,1,1.769,-0.06314854,0.07862979,-1.310733,0.5540247,-0.37289,-0.4993488,-0.5519605,
1,1,1.771,-0.0631717,0.07860944,-1.310718,0.5540207,-0.372924,-0.4993631,-0.5519286,
1,1,1.773,-0.0631717,0.07860944,-1.310718,0.5540207,-0.372924,-0.4993631,-0.5519286,
1,1,1.775,-0.0631717,0.07860944,-1.310718,0.5540207,-0.372924,-0.4993631,-0.5519286,
1,1,1.777,-0.0631717,0.07860944,-1.310718,0.5540207,-0.372924,-0.4993631,-0.5519286,
1,1,1.779,-0.0631587,0.07861453,-1.310755,0.5539851,-0.3728672,-0.4993988,-0.5519707,
1,1,1.781,-0.0631587,0.07861453,-1.310755,0.5539851,-0.3728672,-0.4993988,-0.5519707,
1,1,1.783,-0.0631587,0.07861453,-1.310755,0.5539851,-0.3728672,-0.4993988,-0.5519707,
1,1,1.785,-0.0631587,0.07861453,-1.310755,0.5539851,-0.3728672,-0.4993988,-0.5519707,
1,1,1.787,-0.06312846,0.07860722,-1.310768,0.5540453,-0.3729259,-0.4993095,-0.5519512,
1,1,1.789,-0.06312846,0.07860722,-1.310768,0.5540453,-0.3729259,-0.4993095,-0.5519512,
1,1,1.791,-0.06312846,0.07860722,-1.310768,0.5540453,-0.3729259,-0.4993095,-0.5519512,
1,1,1.793,-0.06312846,0.07860722,-1.310768,0.5540453,-0.3729259,-0.4993095,-0.5519512,
1,1,1.795,-0.06310676,0.07859611,-1.310789,0.5540613,-0.3729361,-0.4992639,-0.5519694,
1,1,1.797,-0.06310676,0.07859611,-1.310789,0.5540613,-0.3729361,-0.4992639,-0.5519694,
1,1,1.799,-0.06310676,0.07859611,-1.310789,0.5540613,-0.3729361,-0.4992639,-0.5519694,
1,1,1.801,-0.06310676,0.07859611,-1.310789,0.5540613,-0.3729361,-0.4992639,-0.5519694,
1,1,1.803,-0.06310676,0.07859611,-1.310789,0.5540613,-0.3729361,-0.4992639,-0.5519694,
1,1,1.805,-0.06315286,0.07860893,-1.310737,0.554036,-0.3729361,-0.4993182,-0.5519458,
1,1,1.807,-0.06315286,0.07860893,-1.310737,0.554036,-0.3729361,-0.4993182,-0.5519458,
1,1,1.809,-0.06315286,0.07860893,-1.310737,0.554036,-0.3729361,-0.4993182,-0.5519458,
1,1,1.811,-0.06315286,0.07860893,-1.310737,0.554036,-0.3729361,-0.4993182,-0.5519458,
1,1,1.813,-0.06314927,0.07861558,-1.310744,0.5540365,-0.3729498,-0.4993171,-0.551937,
1,1,1.815,-0.06314927,0.07861558,-1.310744,0.5540365,-0.3729498,-0.4993171,-0.551937,
1,1,1.817,-0.06314927,0.07861558,-1.310744,0.5540365,-0.3729498,-0.4993171,-0.551937,
1,1,1.819,-0.06314927,0.07861558,-1.310744,0.5540365,-0.3729498,-0.4993171,-0.551937,
1,1,1.821,-0.0631651,0.07862229,-1.31073,0.553993,-0.3728892,-0.4993866,-0.5519587,
1,1,1.823,-0.0631651,0.07862229,-1.31073,0.553993,-0.3728892,-0.4993866,-0.5519587,
1,1,1.825,-0.0631651,0.07862229,-1.31073,0.553993,-0.3728892,-0.4993866,-0.5519587,
1,1,1.827,-0.0631651,0.07862229,-1.31073,0.553993,-0.3728892,-0.4993866,-0.5519587,
1,1,1.829,-0.06320602,0.0786095,-1.310691,0.5539898,-0.3729475,-0.4993795,-0.551929,
1,1,1.831,-0.06320602,0.0786095,-1.310691,0.5539898,-0.3729475,-0.4993795,-0.551929,
1,1,1.833,-0.06320602,0.0786095,-1.310691,0.5539898,-0.3729475,-0.4993795,-0.551929,
1,1,1.835,-0.06320602,0.0786095,-1.310691,0.5539898,-0.3729475,-0.4993795,-0.551929,
1,1,1.837,-0.06313812,0.07859981,-1.310758,0.5540377,-0.3729634,-0.4992996,-0.5519425,
1,1,1.839,-0.06313812,0.07859981,-1.310758,0.5540377,-0.3729634,-0.4992996,-0.5519425,
1,1,1.841,-0.06313812,0.07859981,-1.310758,0.5540377,-0.3729634,-0.4992996,-0.5519425,
1,1,1.843,-0.06313812,0.07859981,-1.310758,0.5540377,-0.3729634,-0.4992996,-0.5519425,
1,1,1.845,-0.06314582,0.07861225,-1.310756,0.5540344,-0.3729647,-0.4992924,-0.5519513,
1,1,1.847,-0.06314582,0.07861225,-1.310756,0.5540344,-0.3729647,-0.4992924,-0.5519513,
1,1,1.849,-0.06314582,0.07861225,-1.310756,0.5540344,-0.3729647,-0.4992924,-0.5519513,
1,1,1.851,-0.06314582,0.07861225,-1.310756,0.5540344,-0.3729647,-0.4992924,-0.5519513,
1,1,1.853,-0.06314582,0.07861225,-1.310756,0.5540344,-0.3729647,-0.4992924,-0.5519513,
1,1,1.855,-0.06311093,0.07859854,-1.310773,0.5540333,-0.3729923,-0.4992454,-0.5519762,
1,1,1.857,-0.06311093,0.07859854,-1.310773,0.5540333,-0.3729923,-0.4992454,-0.5519762,
1,1,1.859,-0.06311093,0.07859854,-1.310773,0.5540333,-0.3729923,-0.4992454,-0.5519762,
1,1,1.861,-0.06311093,0.07859854,-1.310773,0.5540333,-0.3729923,-0.4992454,-0.5519762,
1,1,1.863,-0.06310843,0.07860568,-1.310774,0.5540452,-0.3729348,-0.499249,-0.552,
1,1,1.865,-0.06310843,0.07860568,-1.310774,0.5540452,-0.3729348,-0.499249,-0.552,
1,1,1.867,-0.06310843,0.07860568,-1.310774,0.5540452,-0.3729348,-0.499249,-0.552,
1,1,1.869,-0.06310843,0.07860568,-1.310774,0.5540452,-0.3729348,-0.499249,-0.552,
1,1,1.871,-0.06315471,0.07860147,-1.310742,0.5540673,-0.3729935,-0.4992592,-0.5519291,
1,1,1.873,-0.06315471,0.07860147,-1.310742,0.5540673,-0.3729935,-0.4992592,-0.5519291,
1,1,1.875,-0.06315471,0.07860147,-1.310742,0.5540673,-0.3729935,-0.4992592,-0.5519291,
1,1,1.877,-0.06315471,0.07860147,-1.310742,0.5540673,-0.3729935,-0.4992592,-0.5519291,
1,1,1.879,-0.06320481,0.07860523,-1.310713,0.5540269,-0.3730236,-0.4993188,-0.5518952,
1,1,1.881,-0.06320481,0.07860523,-1.310713,0.5540269,-0.3730236,-0.4993188,-0.5518952,
1,1,1.883,-0.06320481,0.07860523,-1.310713,0.5540269,-0.3730236,-0.4993188,-0.5518952,
1,1,1.885,-0.06320481,0.07860523,-1.310713,0.5540269,-0.3730236,-0.4993188,-0.5518952,
1,1,1.887,-0.06319857,0.07861313,-1.310707,0.5539985,-0.3729679,-0.499378,-0.5519078,
1,1,1.889,-0.06319857,0.07861313,-1.310707,0.5539985,-0.3729679,-0.499378,-0.5519078,
1,1,1.891,-0.06319857,0.07861313,-1.310707,0.5539985,-0.3729679,-0.499378,-0.5519078,
1,1,1.893,-0.06319857,0.07861313,-1.310707,0.5539985,-0.3729679,-0.499378,-0.5519078,
1,1,1.895,-0.06319434,0.07859144,-1.310721,0.5539961,-0.3730408,-0.4993274,-0.5519068,
1,1,1.897,-0.06319434,0.07859144,-1.310721,0.5539961,-0.3730408,-0.4993274,-0.5519068,
1,1,1.899,-0.06319434,0.07859144,-1.310721,0.5539961,-0.3730408,-0.4993274,-0.5519068,
1,1,1.901,-0.06319434,0.07859144,-1.310721,0.5539961,-0.3730408,-0.4993274,-0.5519068,
1,1,1.903,-0.06319434,0.07859144,-1.310721,0.5539961,-0.3730408,-0.4993274,-0.5519068,
1,1,1.905,-0.06312237,0.07859975,-1.310779,0.5540627,-0.3730441,-0.4992338,-0.5519224,
1,1,1.907,-0.06312237,0.07859975,-1.310779,0.5540627,-0.3730441,-0.4992338,-0.5519224,
1,1,1.909,-0.06312237,0.07859975,-1.310779,0.5540627,-0.3730441,-0.4992338,-0.5519224,
1,1,1.911,-0.06312237,0.07859975,-1.310779,0.5540627,-0.3730441,-0.4992338,-0.5519224,
1,1,1.913,-0.06310679,0.0785966,-1.310791,0.5540771,-0.3730282,-0.4992067,-0.5519433,
1,1,1.915,-0.06310679,0.0785966,-1.310791,0.5540771,-0.3730282,-0.4992067,-0.5519433,
1,1,1.917,-0.06310679,0.0785966,-1.310791,0.5540771,-0.3730282,-0.4992067,-0.5519433,
1,1,1.919,-0.06310679,0.0785966,-1.310791,0.5540771,-0.3730282,-0.4992067,-0.5519433,
1,1,1.921,-0.06320833,0.07860307,-1.310708,0.5539999,-0.3729908,-0.4993792,-0.5518898,
1,1,1.923,-0.06320833,0.07860307,-1.310708,0.5539999,-0.3729908,-0.4993792,-0.5518898,
1,1,1.925,-0.06320833,0.07860307,-1.310708,0.5539999,-0.3729908,-0.4993792,-0.5518898,
1,1,1.927,-0.06320833,0.07860307,-1.310708,0.5539999,-0.3729908,-0.4993792,-0.5518898,
1,1,1.929,-0.06317902,0.07860195,-1.310732,0.5540028,-0.3729951,-0.4993399,-0.5519196,
1,1,1.931,-0.06317902,0.07860195,-1.310732,0.5540028,-0.3729951,-0.4993399,-0.5519196,
1,1,1.933,-0.06317902,0.07860195,-1.310732,0.5540028,-0.3729951,-0.4993399,-0.5519196,
1,1,1.935,-0.06317902,0.07860195,-1.310732,0.5540028,-0.3729951,-0.4993399,-0.5519196,
1,1,1.937,-0.06313906,0.0786245,-1.31075,0.5540071,-0.3729492,-0.4993302,-0.5519551,
1,1,1.939,-0.06313906,0.0786245,-1.31075,0.5540071,-0.3729492,-0.4993302,-0.5519551,
1,1,1.941,-0.06313906,0.0786245,-1.31075,0.5540071,-0.3729492,-0.4993302,-0.5519551,
1,1,1.943,-0.06313906,0.0786245,-1.31075,0.5540071,-0.3729492,-0.4993302,-0.5519551,
1,1,1.945,-0.06311712,0.0786133,-1.310785,0.5540583,-0.3730016,-0.499245,-0.5519454,
1,1,1.947,-0.06311712,0.0786133,-1.310785,0.5540583,-0.3730016,-0.499245,-0.5519454,
1,1,1.949,-0.06311712,0.0786133,-1.310785,0.5540583,-0.3730016,-0.499245,-0.5519454,
1,1,1.951,-0.06311712,0.0786133,-1.310785,0.5540583,-0.3730016,-0.499245,-0.5519454,
1,1,1.953,-0.06311712,0.0786133,-1.310785,0.5540583,-0.3730016,-0.499245,-0.5519454,
1,1,1.955,-0.06317182,0.07862417,-1.310731,0.5540164,-0.3729164,-0.4993277,-0.5519702,
1,1,1.957,-0.06317182,0.07862417,-1.310731,0.5540164,-0.3729164,-0.4993277,-0.5519702,
1,1,1.959,-0.06317182,0.07862417,-1.310731,0.5540164,-0.3729164,-0.4993277,-0.5519702,
1,1,1.961,-0.06317182,0.07862417,-1.310731,0.5540164,-0.3729164,-0.4993277,-0.5519702,
1,1,1.963,-0.0631459,0.07861483,-1.310757,0.5540333,-0.3729154,-0.4992852,-0.5519923,
1,1,1.965,-0.0631459,0.07861483,-1.310757,0.5540333,-0.3729154,-0.4992852,-0.5519923,
1,1,1.967,-0.0631459,0.07861483,-1.310757,0.5540333,-0.3729154,-0.4992852,-0.5519923,
1,1,1.969,-0.0631459,0.07861483,-1.310757,0.5540333,-0.3729154,-0.4992852,-0.5519923,
1,1,1.971,-0.06314276,0.07861014,-1.310745,0.5540339,-0.3729037,-0.499321,-0.5519671,
1,1,1.973,-0.06314276,0.07861014,-1.310745,0.5540339,-0.3729037,-0.499321,-0.5519671,
1,1,1.975,-0.06314276,0.07861014,-1.310745,0.5540339,-0.3729037,-0.499321,-0.5519671,
1,1,1.977,-0.06314276,0.07861014,-1.310745,0.5540339,-0.3729037,-0.499321,-0.5519671,
1,1,1.979,-0.06317896,0.07859856,-1.310728,0.5540112,-0.3729327,-0.4993424,-0.5519512,
1,1,1.981,-0.06317896,0.07859856,-1.310728,0.5540112,-0.3729327,-0.4993424,-0.5519512,
1,1,1.983,-0.06317896,0.07859856,-1.310728,0.5540112,-0.3729327,-0.4993424,-0.5519512,
1,1,1.985,-0.06317896,0.07859856,-1.310728,0.5540112,-0.3729327,-0.4993424,-0.5519512,
1,1,1.987,-0.06314965,0.07858166,-1.310758,0.5540621,-0.3730387,-0.499235,-0.5519255,
1,1,1.989,-0.06314965,0.07858166,-1.310758,0.5540621,-0.3730387,-0.499235,-0.5519255,
1,1,1.991,-0.06314965,0.07858166,-1.310758,0.5540621,-0.3730387,-0.499235,-0.5519255,
1,1,1.993,-0.06314965,0.07858166,-1.310758,0.5540621,-0.3730387,-0.499235,-0.5519255,
1,1,1.995,-0.06312695,0.0786153,-1.31076,0.5540505,-0.372956,-0.4992909,-0.5519425,
1,1,1.997,-0.06312695,0.0786153,-1.31076,0.5540505,-0.372956,-0.4992909,-0.5519425,
1,1,1.999,-0.06312695,0.0786153,-1.31076,0.5540505,-0.372956,-0.4992909,-0.5519425,
1,1,2.001,-0.06312695,0.0786153,-1.31076,0.5540505,-0.372956,-0.4992909,-0.5519425,
1,1,2.003,-0.06312695,0.0786153,-1.31076,0.5540505,-0.372956,-0.4992909,-0.5519425,
1,1,2.005,-0.06317922,0.07860394,-1.310721,0.5540019,-0.3728865,-0.4993787,-0.5519587,
1,1,2.007,-0.06317922,0.07860394,-1.310721,0.5540019,-0.3728865,-0.4993787,-0.5519587,
1,1,2.009,-0.06317922,0.07860394,-1.310721,0.5540019,-0.3728865,-0.4993787,-0.5519587,
1,1,2.011,-0.06317922,0.07860394,-1.310721,0.5540019,-0.3728865,-0.4993787,-0.5519587,
1,1,2.013,-0.06314575,0.07860468,-1.310752,0.5540601,-0.3729417,-0.4992718,-0.5519599,
1,1,2.015,-0.06314575,0.07860468,-1.310752,0.5540601,-0.3729417,-0.4992718,-0.5519599,
1,1,2.017,-0.06314575,0.07860468,-1.310752,0.5540601,-0.3729417,-0.4992718,-0.5519599,
1,1,2.019,-0.06314575,0.07860468,-1.310752,0.5540601,-0.3729417,-0.4992718,-0.5519599,
1,1,2.021,-0.06313095,0.07860875,-1.310767,0.5540708,-0.37294,-0.4992467,-0.551973,
1,1,2.023,-0.06313095,0.07860875,-1.310767,0.5540708,-0.37294,-0.4992467,-0.551973,
1,1,2.025,-0.06313095,0.07860875,-1.310767,0.5540708,-0.37294,-0.4992467,-0.551973,
1,1,2.027,-0.06313095,0.07860875,-1.310767,0.5540708,-0.37294,-0.4992467,-0.551973,
1,1,2.029,-0.06312136,0.07860625,-1.310768,0.5540551,-0.372915,-0.4992753,-0.5519797,
1,1,2.031,-0.06312136,0.07860625,-1.310768,0.5540551,-0.372915,-0.4992753,-0.5519797,
1,1,2.033,-0.06312136,0.07860625,-1.310768,0.5540551,-0.372915,-0.4992753,-0.5519797,
1,1,2.035,-0.06312136,0.07860625,-1.310768,0.5540551,-0.372915,-0.4992753,-0.5519797,
1,1,2.037,-0.06314247,0.07860639,-1.31075,0.5540808,-0.3729783,-0.4992283,-0.5519536,
1,1,2.039,-0.06314247,0.07860639,-1.31075,0.5540808,-0.3729783,-0.4992283,-0.5519536,
1,1,2.041,-0.06314247,0.07860639,-1.31075,0.5540808,-0.3729783,-0.4992283,-0.5519536,
1,1,2.043,-0.06314247,0.07860639,-1.31075,0.5540808,-0.3729783,-0.4992283,-0.5519536,
1,1,2.045,-0.06316709,0.07861778,-1.310743,0.5540335,-0.372933,-0.4993264,-0.5519429,
1,1,2.047,-0.06316709,0.07861778,-1.310743,0.5540335,-0.372933,-0.4993264,-0.5519429,
1,1,2.049,-0.06316709,0.07861778,-1.310743,0.5540335,-0.372933,-0.4993264,-0.5519429,
1,1,2.051,-0.06316709,0.07861778,-1.310743,0.5540335,-0.372933,-0.4993264,-0.5519429,
1,1,2.053,-0.06316709,0.07861778,-1.310743,0.5540335,-0.372933,-0.4993264,-0.5519429,
1,1,2.055,-0.06317414,0.07860548,-1.310735,0.5540562,-0.3729774,-0.4992782,-0.5519338,
1,1,2.057,-0.06317414,0.07860548,-1.310735,0.5540562,-0.3729774,-0.4992782,-0.5519338,
1,1,2.059,-0.06317414,0.07860548,-1.310735,0.5540562,-0.3729774,-0.4992782,-0.5519338,
1,1,2.061,-0.06317414,0.07860548,-1.310735,0.5540562,-0.3729774,-0.4992782,-0.5519338,
1,1,2.063,-0.06315922,0.0786111,-1.310733,0.554055,-0.3729678,-0.4992944,-0.5519269,
1,1,2.065,-0.06315922,0.0786111,-1.310733,0.554055,-0.3729678,-0.4992944,-0.5519269,
1,1,2.067,-0.06315922,0.0786111,-1.310733,0.554055,-0.3729678,-0.4992944,-0.5519269,
1,1,2.069,-0.06315922,0.0786111,-1.310733,0.554055,-0.3729678,-0.4992944,-0.5519269,
1,1,2.071,-0.06317786,0.07861309,-1.310717,0.5540323,-0.3729647,-0.4993016,-0.5519453,
1,1,2.073,-0.06317786,0.07861309,-1.310717,0.5540323,-0.3729647,-0.4993016,-0.5519453,
1,1,2.075,-0.06317786,0.07861309,-1.310717,0.5540323,-0.3729647,-0.4993016,-0.5519453,
1,1,2.077,-0.06317786,0.07861309,-1.310717,0.5540323,-0.3729647,-0.4993016,-0.5519453,
1,1,2.079,-0.06315389,0.07860626,-1.310763,0.5540386,-0.3729623,-0.4992822,-0.551958,
1,1,2.081,-0.06315389,0.07860626,-1.310763,0.5540386,-0.3729623,-0.4992822,-0.551958,CourtEnter
1,1,2.083,-0.06315389,0.07860626,-1.310763,0.5540386,-0.3729623,-0.4992822,-0.551958,
1,1,2.085,-0.06315389,0.07860626,-1.310763,0.5540386,-0.3729623,-0.4992822,-0.551958,
1,1,2.087,-0.06313307,0.07860121,-1.310774,0.5540631,-0.3729904,-0.4992474,-0.5519459,
1,1,2.089,-0.06313307,0.07860121,-1.310774,0.5540631,-0.3729904,-0.4992474,-0.5519459,
1,1,2.091,-0.06313307,0.07860121,-1.310774,0.5540631,-0.3729904,-0.4992474,-0.5519459,CourtExit
1,1,2.093,-0.06313307,0.07860121,-1.310774,0.5540631,-0.3729904,-0.4992474,-0.5519459,
1,1,2.095,-0.06319673,0.07862609,-1.310718,0.5540334,-0.3729449,-0.4993287,-0.5519331,
1,1,2.097,-0.06319673,0.07862609,-1.310718,0.5540334,-0.3729449,-0.4993287,-0.5519331,
1,1,2.099,-0.06319673,0.07862609,-1.310718,0.5540334,-0.3729449,-0.4993287,-0.5519331,
1,1,2.101,-0.06319673,0.07862609,-1.310718,0.5540334,-0.3729449,-0.4993287,-0.5519331,
1,1,2.103,-0.06319673,0.07862609,-1.310718,0.5540334,-0.3729449,-0.4993287,-0.5519331,
1,1,2.105,-0.06311975,0.078609,-1.310765,0.5540676,-0.3729524,-0.4992544,-0.5519607,
1,1,2.107,-0.06311975,0.078609,-1.310765,0.5540676,-0.3729524,-0.4992544,-0.5519607,
1,1,2.109,-0.06311975,0.078609,-1.310765,0.5540676,-0.3729524,-0.4992544,-0.5519607,
1,1,2.111,-0.06311975,0.078609,-1.310765,0.5540676,-0.3729524,-0.4992544,-0.5519607,
1,1,2.113,-0.06312665,0.07862288,-1.310761,0.5540711,-0.3729154,-0.4992751,-0.5519635,
1,1,2.115,-0.06312665,0.07862288,-1.310761,0.5540711,-0.3729154,-0.4992751,-0.5519635,
1,1,2.117,-0.06312665,0.07862288,-1.310761,0.5540711,-0.3729154,-0.4992751,-0.5519635,
1,1,2.119,-0.06312665,0.07862288,-1.310761,0.5540711,-0.3729154,-0.4992751,-0.5519635,
1,1,2.121,-0.06317906,0.07860344,-1.310744,0.5540421,-0.3729307,-0.4992908,-0.5519681,
1,1,2.123,-0.06317906,0.07860344,-1.310744,0.5540421,-0.3729307,-0.4992908,-0.5519681,
1,1,2.125,-0.06317906,0.07860344,-1.310744,0.5540421,-0.3729307,-0.4992908,-0.5519681,
1,1,2.127,-0.06317906,0.07860344,-1.310744,0.5540421,-0.3729307,-0.4992908,-0.5519681,
1,1,2.129,-0.06316328,0.07860313,-1.310719,0.5540469,-0.3729192,-0.4993082,-0.5519553,
1,1,2.131,-0.06316328,0.07860313,-1.310719,0.5540469,-0.3729192,-0.4993082,-0.5519553,
1,1,2.133,-0.06316328,0.07860313,-1.310719,0.5540469,-0.3729192,-0.4993082,-0.5519553,
1,1,2.135,-0.06316328,0.07860313,-1.310719,0.5540469,-0.3729192,-0.4993082,-0.5519553,
1,1,2.137,-0.0631799,0.0786103,-1.31074,0.5540334,-0.3729616,-0.499308,-0.5519404,
1,1,2.139,-0.0631799,0.0786103,-1.31074,0.5540334,-0.3729616,-0.499308,-0.5519404,
1,1,2.141,-0.0631799,0.0786103,-1.31074,0.5540334,-0.3729616,-0.499308,-0.5519404,
1,1,2.143,-0.0631799,0.0786103,-1.31074,0.5540334,-0.3729616,-0.499308,-0.5519404,
1,1,2.145,-0.06320671,0.07859486,-1.310697,0.5540035,-0.3729556,-0.4993788,-0.5519104,
1,1,2.147,-0.06320671,0.07859486,-1.310697,0.5540035,-0.3729556,-0.4993788,-0.5519104,
1,1,2.149,-0.06320671,0.07859486,-1.310697,0.5540035,-0.3729556,-0.4993788,-0.5519104,
1,1,2.151,-0.06320671,0.07859486,-1.310697,0.5540035,-0.3729556,-0.4993788,-0.5519104,
1,1,2.153,-0.06320671,0.07859486,-1.310697,0.5540035,-0.3729556,-0.4993788,-0.5519104,
1,1,2.155,-0.06314944,0.0785972,-1.310747,0.554042,-0.3730156,-0.4992773,-0.551923,
1,1,2.157,-0.06314944,0.0785972,-1.310747,0.554042,-0.3730156,-0.4992773,-0.551923,
1,1,2.159,-0.06314944,0.0785972,-1.310747,0.554042,-0.3730156,-0.4992773,-0.551923,
1,1,2.161,-0.06314944,0.0785972,-1.310747,0.554042,-0.3730156,-0.4992773,-0.551923,
1,1,2.163,-0.06312218,0.07861307,-1.310778,0.5540835,-0.3729967,-0.4992135,-0.5519519,
1,1,2.165,-0.06312218,0.07861307,-1.310778,0.5540835,-0.3729967,-0.4992135,-0.5519519,
1,1,2.167,-0.06312218,0.07861307,-1.310778,0.5540835,-0.3729967,-0.4992135,-0.5519519,
1,1,2.169,-0.06312218,0.07861307,-1.310778,0.5540835,-0.3729967,-0.4992135,-0.5519519,
1,1,2.171,-0.06317876,0.07861432,-1.310727,0.5540409,-0.3729474,-0.4993076,-0.5519428,
1,1,2.173,-0.06317876,0.07861432,-1.310727,0.5540409,-0.3729474,-0.4993076,-0.5519428,
1,1,2.175,-0.06317876,0.07861432,-1.310727,0.5540409,-0.3729474,-0.4993076,-0.5519428,
1,1,2.177,-0.06317876,0.07861432,-1.310727,0.5540409,-0.3729474,-0.4993076,-0.5519428,
1,1,2.179,-0.06317627,0.07861701,-1.310726,0.5540268,-0.3729186,-0.4993459,-0.5519418,
1,1,2.181,-0.06317627,0.07861701,-1.310726,0.5540268,-0.3729186,-0.4993459,-0.5519418,
1,1,2.183,-0.06317627,0.07861701,-1.310726,0.5540268,-0.3729186,-0.4993459,-0.5519418,
1,1,2.185,-0.06317627,0.07861701,-1.310726,0.5540268,-0.3729186,-0.4993459,-0.5519418,
1,1,2.187,-0.06315798,0.07859985,-1.310743,0.5540458,-0.3729547,-0.4992912,-0.5519478,
1,1,2.189,-0.06315798,0.07859985,-1.310743,0.5540458,-0.3729547,-0.4992912,-0.5519478,
1,1,2.191,-0.06315798,0.07859985,-1.310743,0.5540458,-0.3729547,-0.4992912,-0.5519478,
1,1,2.193,-0.06315798,0.07859985,-1.310743,0.5540458,-0.3729547,-0.4992912,-0.5519478,
1,1,2.195,-0.06311309,0.07860039,-1.31078,0.5540886,-0.3729733,-0.4992234,-0.5519537,
1,1,2.197,-0.06311309,0.07860039,-1.31078,0.5540886,-0.3729733,-0.4992234,-0.5519537,
1,1,2.199,-0.06311309,0.07860039,-1.31078,0.5540886,-0.3729733,-0.4992234,-0.5519537,
1,1,2.201,-0.06311309,0.07860039,-1.31078,0.5540886,-0.3729733,-0.4992234,-0.5519537,
1,1,2.203,-0.06311309,0.07860039,-1.31078,0.5540886,-0.3729733,-0.4992234,-0.5519537,
1,1,2.205,-0.0631869,0.07860868,-1.310723,0.5540583,-0.372981,-0.4992982,-0.5519112,
1,1,2.207,-0.0631869,0.07860868,-1.310723,0.5540583,-0.372981,-0.4992982,-0.5519112,
1,1,2.209,-0.0631869,0.07860868,-1.310723,0.5540583,-0.372981,-0.4992982,-0.5519112,
1,1,2.211,-0.0631869,0.07860868,-1.310723,0.5540583,-0.372981,-0.4992982,-0.5519112,
1,1,2.213,-0.06316471,0.07858322,-1.310755,0.5540589,-0.373023,-0.4992496,-0.5519261,
1,1,2.215,-0.06316471,0.07858322,-1.310755,0.5540589,-0.373023,-0.4992496,-0.5519261,
1,1,2.217,-0.06316471,0.07858322,-1.310755,0.5540589,-0.373023,-0.4992496,-0.5519261,
1,1,2.219,-0.06316471,0.07858322,-1.310755,0.5540589,-0.373023,-0.4992496,-0.5519261,
1,1,2.221,-0.06313913,0.07860518,-1.310735,0.5540143,-0.3729038,-0.4993486,-0.5519619,
1,1,2.223,-0.06313913,0.07860518,-1.310735,0.5540143,-0.3729038,-0.4993486,-0.5519619,
1,1,2.225,-0.06313913,0.07860518,-1.310735,0.5540143,-0.3729038,-0.4993486,-0.5519619,
1,1,2.227,-0.06313913,0.07860518,-1.310735,0.5540143,-0.3729038,-0.4993486,-0.5519619,
1,1,2.229,-0.06320371,0.07860021,-1.310708,0.5540099,-0.372989,-0.4993421,-0.5519146,
1,1,2.231,-0.06320371,0.07860021,-1.310708,0.5540099,-0.372989,-0.4993421,-0.5519146,
1,1,2.233,-0.06320371,0.07860021,-1.310708,0.5540099,-0.372989,-0.4993421,-0.5519146,
1,1,2.235,-0.06320371,0.07860021,-1.310708,0.5540099,-0.372989,-0.4993421,-0.5519146,
1,1,2.237,-0.06316597,0.07861183,-1.310736,0.5540193,-0.3729712,-0.499342,-0.5519172,
1,1,2.239,-0.06316597,0.07861183,-1.310736,0.5540193,-0.3729712,-0.499342,-0.5519172,
1,1,2.241,-0.06316597,0.07861183,-1.310736,0.5540193,-0.3729712,-0.499342,-0.5519172,
1,1,2.243,-0.06316597,0.07861183,-1.310736,0.5540193,-0.3729712,-0.499342,-0.5519172,
1,1,2.245,-0.06312966,0.07860797,-1.310765,0.554047,-0.372934,-0.4993068,-0.5519465,
1,1,2.247,-0.06312966,0.07860797,-1.310765,0.554047,-0.372934,-0.4993068,-0.5519465,
1,1,2.249,-0.06312966,0.07860797,-1.310765,0.554047,-0.372934,-0.4993068,-0.5519465,
1,1,2.251,-0.06312966,0.07860797,-1.310765,0.554047,-0.372934,-0.4993068,-0.5519465,
1,1,2.253,-0.06312966,0.07860797,-1.310765,0.554047,-0.372934,-0.4993068,-0.5519465,
1,1,2.255,-0.06316251,0.07861749,-1.310728,0.5540386,-0.3729044,-0.4993383,-0.5519463,
1,1,2.257,-0.06316251,0.07861749,-1.310728,0.5540386,-0.3729044,-0.4993383,-0.5519463,
1,1,2.259,-0.06316251,0.07861749,-1.310728,0.5540386,-0.3729044,-0.4993383,-0.5519463,
1,1,2.261,-0.06316251,0.07861749,-1.310728,0.5540386,-0.3729044,-0.4993383,-0.5519463,
1,1,2.263,-0.06315149,0.0786147,-1.310759,0.5540456,-0.3729408,-0.4992984,-0.5519508,
1,1,2.265,-0.06315149,0.0786147,-1.310759,0.5540456,-0.3729408,-0.4992984,-0.5519508,
1,1,2.267,-0.06315149,0.0786147,-1.310759,0.5540456,-0.3729408,-0.4992984,-0.5519508,
1,1,2.269,-0.06315149,0.0786147,-1.310759,0.5540456,-0.3729408,-0.4992984,-0.5519508,
1,1,2.271,-0.06313092,0.07861037,-1.310756,0.5540445,-0.3729284,-0.4992785,-0.5519783,
1,1,2.273,-0.06313092,0.07861037,-1.310756,0.5540445,-0.3729284,-0.4992785,-0.5519783,
1,1,2.275,-0.06313092,0.07861037,-1.310756,0.5540445,-0.3729284,-0.4992785,-0.5519783,
1,1,2.277,-0.06313092,0.07861037,-1.310756,0.5540445,-0.3729284,-0.4992785,-0.5519783,
1,1,2.279,-0.06321079,0.07862116,-1.310718,0.5539858,-0.3729152,-0.4993784,-0.5519558,
1,1,2.281,-0.06321079,0.07862116,-1.310718,0.5539858,-0.3729152,-0.4993784,-0.5519558,
1,1,2.283,-0.06321079,0.07862116,-1.310718,0.5539858,-0.3729152,-0.4993784,-0.5519558,
1,1,2.285,-0.06321079,0.07862116,-1.310718,0.5539858,-0.3729152,-0.4993784,-0.5519558,
1,1,2.287,-0.06315035,0.07861718,-1.310742,0.5540127,-0.3729139,-0.4993356,-0.5519684,
1,1,2.289,-0.06315035,0.07861718,-1.310742,0.5540127,-0.3729139,-0.4993356,-0.5519684,
1,1,2.291,-0.06315035,0.07861718,-1.310742,0.5540127,-0.3729139,-0.4993356,-0.5519684,
1,1,2.293,-0.06315035,0.07861718,-1.310742,0.5540127,-0.3729139,-0.4993356,-0.5519684,
1,1,2.295,-0.06314694,0.07859961,-1.310753,0.5540795,-0.3730162,-0.4992438,-0.5519153,
1,1,2.297,-0.06314694,0.07859961,-1.310753,0.5540795,-0.3730162,-0.4992438,-0.5519153,
1,1,2.299,-0.06314694,0.07859961,-1.310753,0.5540795,-0.3730162,-0.4992438,-0.5519153,
1,1,2.301,-0.06314694,0.07859961,-1.310753,0.5540795,-0.3730162,-0.4992438,-0.5519153,
1,1,2.303,-0.06314694,0.07859961,-1.310753,0.5540795,-0.3730162,-0.4992438,-0.5519153,
1,1,2.305,-0.0631987,0.07862645,-1.3107,0.5539876,-0.3728993,-0.4994085,-0.5519376,
1,1,2.307,-0.0631987,0.07862645,-1.3107,0.5539876,-0.3728993,-0.4994085,-0.5519376,
1,1,2.309,-0.0631987,0.07862645,-1.3107,0.5539876,-0.3728993,-0.4994085,-0.5519376,
1,1,2.311,-0.0631987,0.07862645,-1.3107,0.5539876,-0.3728993,-0.4994085,-0.5519376,
1,1,2.313,-0.06317052,0.07861803,-1.310711,0.5540243,-0.372905,-0.4993656,-0.5519355,
1,1,2.315,-0.06317052,0.07861803,-1.310711,0.5540243,-0.372905,-0.4993656,-0.5519355,
1,1,2.317,-0.06317052,0.07861803,-1.310711,0.5540243,-0.372905,-0.4993656,-0.5519355,
1,1,2.319,-0.06317052,0.07861803,-1.310711,0.5540243,-0.372905,-0.4993656,-0.5519355,
1,1,2.321,-0.06315029,0.07858961,-1.310763,0.5540467,-0.3729319,-0.4993242,-0.5519325,
1,1,2.323,-0.06315029,0.07858961,-1.310763,0.5540467,-0.3729319,-0.4993242,-0.5519325,
1,1,2.325,-0.06315029,0.07858961,-1.310763,0.5540467,-0.3729319,-0.4993242,-0.5519325,
1,1,2.327,-0.06315029,0.07858961,-1.310763,0.5540467,-0.3729319,-0.4993242,-0.5519325,
1,1,2.329,-0.06313448,0.07859084,-1.310764,0.5540541,-0.3729688,-0.4992898,-0.5519311,
1,1,2.331,-0.06313448,0.07859084,-1.310764,0.5540541,-0.3729688,-0.4992898,-0.5519311,
1,1,2.333,-0.06313448,0.07859084,-1.310764,0.5540541,-0.3729688,-0.4992898,-0.5519311,
1,1,2.335,-0.06313448,0.07859084,-1.310764,0.5540541,-0.3729688,-0.4992898,-0.5519311,
1,1,2.337,-0.06316941,0.07860091,-1.310731,0.5540584,-0.3729879,-0.499297,-0.5519077,
1,1,2.339,-0.06316941,0.07860091,-1.310731,0.5540584,-0.3729879,-0.499297,-0.5519077,
1,1,2.341,-0.06316941,0.07860091,-1.310731,0.5540584,-0.3729879,-0.499297,-0.5519077,
1,1,2.343,-0.06316941,0.07860091,-1.310731,0.5540584,-0.3729879,-0.499297,-0.5519077,
1,1,2.345,-0.06320267,0.07861336,-1.310709,0.5539919,-0.3729539,-0.4993719,-0.5519295,
1,1,2.347,-0.06320267,0.07861336,-1.310709,0.5539919,-0.3729539,-0.4993719,-0.5519295,
1,1,2.349,-0.06320267,0.07861336,-1.310709,0.5539919,-0.3729539,-0.4993719,-0.5519295,
1,1,2.351,-0.06320267,0.07861336,-1.310709,0.5539919,-0.3729539,-0.4993719,-0.5519295,
1,1,2.353,-0.06320267,0.07861336,-1.310709,0.5539919,-0.3729539,-0.4993719,-0.5519295,
1,1,2.355,-0.06317867,0.07859325,-1.310735,0.5540104,-0.3730374,-0.4992797,-0.5519379,
1,1,2.357,-0.06317867,0.07859325,-1.310735,0.5540104,-0.3730374,-0.4992797,-0.5519379,
1,1,2.359,-0.06317867,0.07859325,-1.310735,0.5540104,-0.3730374,-0.4992797,-0.5519379,
1,1,2.361,-0.06317867,0.07859325,-1.310735,0.5540104,-0.3730374,-0.4992797,-0.5519379,
1,1,2.363,-0.06311743,0.07860646,-1.310771,0.554063,-0.3730232,-0.4992101,-0.5519577,
1,1,2.365,-0.06311743,0.07860646,-1.310771,0.554063,-0.3730232,-0.4992101,-0.5519577,
1,1,2.367,-0.06311743,0.07860646,-1.310771,0.554063,-0.3730232,-0.4992101,-0.5519577,
1,1,2.369,-0.06311743,0.07860646,-1.310771,0.554063,-0.3730232,-0.4992101,-0.5519577,
1,1,2.371,-0.06311766,0.07861389,-1.310755,0.5540683,-0.3729469,-0.4992505,-0.5519671,
1,1,2.373,-0.06311766,0.07861389,-1.310755,0.5540683,-0.3729469,-0.4992505,-0.5519671,
1,1,2.375,-0.06311766,0.07861389,-1.310755,0.5540683,-0.3729469,-0.4992505,-0.5519671,
1,1,2.377,-0.06311766,0.07861389,-1.310755,0.5540683,-0.3729469,-0.4992505,-0.5519671,
1,1,2.379,-0.06315798,0.07860745,-1.310749,0.554022,-0.3729236,-0.4993197,-0.5519671,
1,1,2.381,-0.06315798,0.07860745,-1.310749,0.554022,-0.3729236,-0.4993197,-0.5519671,
1,1,2.383,-0.06315798,0.07860745,-1.310749,0.554022,-0.3729236,-0.4993197,-0.5519671,
1,1,2.385,-0.06315798,0.07860745,-1.310749,0.554022,-0.3729236,-0.4993197,-0.5519671,
1,1,2.387,-0.06316665,0.07860374,-1.310721,0.5540196,-0.3729047,-0.4993476,-0.5519569,
1,1,2.389,-0.06316665,0.07860374,-1.310721,0.5540196,-0.3729047,-0.4993476,-0.5519569,
1,1,2.391,-0.06316665,0.07860374,-1.310721,0.5540196,-0.3729047,-0.4993476,-0.5519569,
1,1,2.393,-0.06316665,0.07860374,-1.310721,0.5540196,-0.3729047,-0.4993476,-0.5519569,
1,1,2.395,-0.06321403,0.07859819,-1.310714,0.5540022,-0.3730016,-0.4993403,-0.5519155,
1,1,2.397,-0.06321403,0.07859819,-1.310714,0.5540022,-0.3730016,-0.4993403,-0.5519155,
1,1,2.399,-0.06321403,0.07859819,-1.310714,0.5540022,-0.3730016,-0.4993403,-0.5519155,
1,1,2.401,-0.06321403,0.07859819,-1.310714,0.5540022,-0.3730016,-0.4993403,-0.5519155,
1,1,2.403,-0.06321403,0.07859819,-1.310714,0.5540022,-0.3730016,-0.4993403,-0.5519155,
1,1,2.405,-0.06312754,0.0786039,-1.310774,0.5540606,-0.3730211,-0.4992527,-0.5519228,
1,1,2.407,-0.06312754,0.0786039,-1.310774,0.5540606,-0.3730211,-0.4992527,-0.5519228,
1,1,2.409,-0.06312754,0.0786039,-1.310774,0.5540606,-0.3730211,-0.4992527,-0.5519228,
1,1,2.411,-0.06312754,0.0786039,-1.310774,0.5540606,-0.3730211,-0.4992527,-0.5519228,
1,1,2.413,-0.06315843,0.07862253,-1.31077,0.5540375,-0.3729856,-0.4992938,-0.5519329,
1,1,2.415,-0.06315843,0.07862253,-1.31077,0.5540375,-0.3729856,-0.4992938,-0.5519329,
1,1,2.417,-0.06315843,0.07862253,-1.31077,0.5540375,-0.3729856,-0.4992938,-0.5519329,
1,1,2.419,-0.06315843,0.07862253,-1.31077,0.5540375,-0.3729856,-0.4992938,-0.5519329,
1,1,2.421,-0.06316809,0.07862177,-1.310719,0.5540368,-0.3729405,-0.4993265,-0.5519345,
1,1,2.423,-0.06316809,0.07862177,-1.310719,0.5540368,-0.3729405,-0.4993265,-0.5519345,
1,1,2.425,-0.06316809,0.07862177,-1.310719,0.5540368,-0.3729405,-0.4993265,-0.5519345,
1,1,2.427,-0.06316809,0.07862177,-1.310719,0.5540368,-0.3729405,-0.4993265,-0.5519345,
1,1,2.429,-0.06315073,0.07859216,-1.310761,0.554101,-0.3730089,-0.4992084,-0.5519305,
1,1,2.431,-0.06315073,0.07859216,-1.310761,0.554101,-0.3730089,-0.4992084,-0.5519305,
1,1,2.433,-0.06315073,0.07859216,-1.310761,0.554101,-0.3730089,-0.4992084,-0.5519305,
1,1,2.435,-0.06315073,0.07859216,-1.310761,0.554101,-0.3730089,-0.4992084,-0.5519305,
1,1,2.437,-0.06310315,0.07861443,-1.310777,0.5541026,-0.3729793,-0.4992268,-0.5519325,
1,1,2.439,-0.06310315,0.07861443,-1.310777,0.5541026,-0.3729793,-0.4992268,-0.5519325,
1,1,2.441,-0.06310315,0.07861443,-1.310777,0.5541026,-0.3729793,-0.4992268,-0.5519325,
1,1,2.443,-0.06310315,0.07861443,-1.310777,0.5541026,-0.3729793,-0.4992268,-0.5519325,
1,1,2.445,-0.06314081,0.07860206,-1.310751,0.5540806,-0.3729932,-0.4992412,-0.5519321,
1,1,2.447,-0.06314081,0.07860206,-1.310751,0.5540806,-0.3729932,-0.4992412,-0.5519321,
1,1,2.449,-0.06314081,0.07860206,-1.310751,0.5540806,-0.3729932,-0.4992412,-0.5519321,
1,1,2.451,-0.06314081,0.07860206,-1.310751,0.5540806,-0.3729932,-0.4992412,-0.5519321,
1,1,2.453,-0.06314081,0.07860206,-1.310751,0.5540806,-0.3729932,-0.4992412,-0.5519321,
1,1,2.455,-0.06315609,0.07860666,-1.310716,0.5540265,-0.372922,-0.4993291,-0.551955,
1,1,2.457,-0.06315609,0.07860666,-1.310716,0.5540265,-0.372922,-0.4993291,-0.551955,
1,1,2.459,-0.06315609,0.07860666,-1.310716,0.5540265,-0.372922,-0.4993291,-0.551955,
1,1,2.461,-0.06315609,0.07860666,-1.310716,0.5540265,-0.372922,-0.4993291,-0.551955,
1,1,2.463,-0.06313508,0.07861009,-1.310758,0.5540547,-0.3729423,-0.4992955,-0.5519433,
1,1,2.465,-0.06313508,0.07861009,-1.310758,0.5540547,-0.3729423,-0.4992955,-0.5519433,
1,1,2.467,-0.06313508,0.07861009,-1.310758,0.5540547,-0.3729423,-0.4992955,-0.5519433,
1,1,2.469,-0.06313508,0.07861009,-1.310758,0.5540547,-0.3729423,-0.4992955,-0.5519433,
1,1,2.471,-0.06320556,0.0785964,-1.310693,0.554013,-0.3729391,-0.4993638,-0.5519256,
1,1,2.473,-0.06320556,0.0785964,-1.310693,0.554013,-0.3729391,-0.4993638,-0.5519256,
1,1,2.475,-0.06320556,0.0785964,-1.310693,0.554013,-0.3729391,-0.4993638,-0.5519256,
1,1,2.477,-0.06320556,0.0785964,-1.310693,0.554013,-0.3729391,-0.4993638,-0.5519256,
1,1,2.479,-0.06313686,0.07860281,-1.310746,0.5540658,-0.3728999,-0.4992912,-0.5519648,
1,1,2.481,-0.06313686,0.07860281,-1.310746,0.5540658,-0.3728999,-0.4992912,-0.5519648,
1,1,2.483,-0.06313686,0.07860281,-1.310746,0.5540658,-0.3728999,-0.4992912,-0.5519648,
1,1,2.485,-0.06313686,0.07860281,-1.310746,0.5540658,-0.3728999,-0.4992912,-0.5519648,
1,1,2.487,-0.0631899,0.07858708,-1.310728,0.5540199,-0.3730052,-0.4993242,-0.5519097,
1,1,2.489,-0.0631899,0.07858708,-1.310728,0.5540199,-0.3730052,-0.4993242,-0.5519097,
1,1,2.491,-0.0631899,0.07858708,-1.310728,0.5540199,-0.3730052,-0.4993242,-0.5519097,
1,1,2.493,-0.0631899,0.07858708,-1.310728,0.5540199,-0.3730052,-0.4993242,-0.5519097,
1,1,2.495,-0.06315663,0.07859531,-1.310739,0.554031,-0.3729818,-0.499283,-0.5519517,
1,1,2.497,-0.06315663,0.07859531,-1.310739,0.554031,-0.3729818,-0.499283,-0.5519517,
1,1,2.499,-0.06315663,0.07859531,-1.310739,0.554031,-0.3729818,-0.499283,-0.5519517,
1,1,2.501,-0.06315663,0.07859531,-1.310739,0.554031,-0.3729818,-0.499283,-0.5519517,
1,1,2.503,-0.06315663,0.07859531,-1.310739,0.554031,-0.3729818,-0.499283,-0.5519517,
1,1,2.505,-0.06315795,0.0786093,-1.310739,0.5540115,-0.3728955,-0.4993297,-0.5519875,
1,1,2.507,-0.06315795,0.0786093,-1.310739,0.5540115,-0.3728955,-0.4993297,-0.5519875,
1,1,2.509,-0.06315795,0.0786093,-1.310739,0.5540115,-0.3728955,-0.4993297,-0.5519875,
1,1,2.511,-0.06315795,0.0786093,-1.310739,0.5540115,-0.3728955,-0.4993297,-0.5519875,
1,1,2.513,-0.06315809,0.07860021,-1.310742,0.554028,-0.3729321,-0.499292,-0.5519803,
1,1,2.515,-0.06315809,0.07860021,-1.310742,0.554028,-0.3729321,-0.499292,-0.5519803,
1,1,2.517,-0.06315809,0.07860021,-1.310742,0.554028,-0.3729321,-0.499292,-0.5519803,
1,1,2.519,-0.06315809,0.07860021,-1.310742,0.554028,-0.3729321,-0.499292,-0.5519803,
1,1,2.521,-0.06313046,0.07859022,-1.310761,0.5540845,-0.3729541,-0.4992368,-0.5519585,
1,1,2.523,-0.06313046,0.07859022,-1.310761,0.5540845,-0.3729541,-0.4992368,-0.5519585,
1,1,2.525,-0.06313046,0.07859022,-1.310761,0.5540845,-0.3729541,-0.4992368,-0.5519585,
1,1,2.527,-0.06313046,0.07859022,-1.310761,0.5540845,-0.3729541,-0.4992368,-0.5519585,
1,1,2.529,-0.0631337,0.07858694,-1.310772,0.5540791,-0.3730044,-0.4992094,-0.5519548,
1,1,2.531,-0.0631337,0.07858694,-1.310772,0.5540791,-0.3730044,-0.4992094,-0.5519548,
1,1,2.533,-0.0631337,0.07858694,-1.310772,0.5540791,-0.3730044,-0.4992094,-0.5519548,
1,1,2.535,-0.0631337,0.07858694,-1.310772,0.5540791,-0.3730044,-0.4992094,-0.5519548,
1,1,2.537,-0.06310253,0.07860901,-1.310784,0.5540815,-0.3729715,-0.4992105,-0.5519736,
1,1,2.539,-0.06310253,0.07860901,-1.310784,0.5540815,-0.3729715,-0.4992105,-0.5519736,
1,1,2.541,-0.06310253,0.07860901,-1.310784,0.5540815,-0.3729715,-0.4992105,-0.5519736,
1,1,2.543,-0.06310253,0.07860901,-1.310784,0.5540815,-0.3729715,-0.4992105,-0.5519736,
1,1,2.545,-0.06312633,0.07859959,-1.310763,0.5540925,-0.3730273,-0.4992024,-0.5519323,
1,1,2.547,-0.06312633,0.07859959,-1.310763,0.5540925,-0.3730273,-0.4992024,-0.5519323,
1,1,2.549,-0.06312633,0.07859959,-1.310763,0.5540925,-0.3730273,-0.4992024,-0.5519323,
1,1,2.551,-0.06312633,0.07859959,-1.310763,0.5540925,-0.3730273,-0.4992024,-0.5519323,
1,1,2.553,-0.06312633,0.07859959,-1.310763,0.5540925,-0.3730273,-0.4992024,-0.5519323,
1,1,2.555,-0.06312959,0.07862066,-1.310757,0.5540813,-0.3729916,-0.4992381,-0.5519353,
1,1,2.557,-0.06312959,0.07862066,-1.310757,0.5540813,-0.3729916,-0.4992381,-0.5519353,
1,1,2.559,-0.06312959,0.07862066,-1.310757,0.5540813,-0.3729916,-0.4992381,-0.5519353,
1,1,2.561,-0.06312959,0.07862066,-1.310757,0.5540813,-0.3729916,-0.4992381,-0.5519353,
1,1,2.563,-0.06317388,0.07860193,-1.310712,0.5540481,-0.3730175,-0.4993015,-0.5518937,
1,1,2.565,-0.06317388,0.07860193,-1.310712,0.5540481,-0.3730175,-0.4993015,-0.5518937,
1,1,2.567,-0.06317388,0.07860193,-1.310712,0.5540481,-0.3730175,-0.4993015,-0.5518937,
1,1,2.569,-0.06317388,0.07860193,-1.310712,0.5540481,-0.3730175,-0.4993015,-0.5518937,
1,1,2.571,-0.0631307,0.07861324,-1.31074,0.5540358,-0.372979,-0.4992968,-0.5519363,
1,1,2.573,-0.0631307,0.07861324,-1.31074,0.5540358,-0.372979,-0.4992968,-0.5519363,
1,1,2.575,-0.0631307,0.07861324,-1.31074,0.5540358,-0.372979,-0.4992968,-0.5519363,
1,1,2.577,-0.0631307,0.07861324,-1.31074,0.5540358,-0.372979,-0.4992968,-0.5519363,
1,1,2.579,-0.06310917,0.07859796,-1.310788,0.5540679,-0.3729693,-0.4992707,-0.5519344,
1,1,2.581,-0.06310917,0.07859796,-1.310788,0.5540679,-0.3729693,-0.4992707,-0.5519344,
1,1,2.583,-0.06310917,0.07859796,-1.310788,0.5540679,-0.3729693,-0.4992707,-0.5519344,
1,1,2.585,-0.06310917,0.07859796,-1.310788,0.5540679,-0.3729693,-0.4992707,-0.5519344,
1,1,2.587,-0.0631435,0.07860271,-1.310759,0.5540724,-0.3729701,-0.4992706,-0.5519294,
1,1,2.589,-0.0631435,0.07860271,-1.310759,0.5540724,-0.3729701,-0.4992706,-0.5519294,
1,1,2.591,-0.0631435,0.07860271,-1.310759,0.5540724,-0.3729701,-0.4992706,-0.5519294,
1,1,2.593,-0.0631435,0.07860271,-1.310759,0.5540724,-0.3729701,-0.4992706,-0.5519294,
1,1,2.595,-0.06314886,0.07860792,-1.31076,0.5540811,-0.3730086,-0.4992397,-0.5519224,
1,1,2.597,-0.06314886,0.07860792,-1.31076,0.5540811,-0.3730086,-0.4992397,-0.5519224,
1,1,2.599,-0.06314886,0.07860792,-1.31076,0.5540811,-0.3730086,-0.4992397,-0.5519224,
1,1,2.601,-0.06314886,0.07860792,-1.31076,0.5540811,-0.3730086,-0.4992397,-0.5519224,
1,1,2.603,-0.06314886,0.07860792,-1.31076,0.5540811,-0.3730086,-0.4992397,-0.5519224,
1,1,2.605,-0.06314968,0.07859492,-1.310757,0.5540725,-0.3730484,-0.4992462,-0.5518984,
1,1,2.607,-0.06314968,0.07859492,-1.310757,0.5540725,-0.3730484,-0.4992462,-0.5518984,
1,1,2.609,-0.06314968,0.07859492,-1.310757,0.5540725,-0.3730484,-0.4992462,-0.5518984,
1,1,2.611,-0.06314968,0.07859492,-1.310757,0.5540725,-0.3730484,-0.4992462,-0.5518984,
1,1,2.613,-0.06311685,0.07860776,-1.310772,0.5540841,-0.3729939,-0.4992482,-0.5519217,
1,1,2.615,-0.06311685,0.07860776,-1.310772,0.5540841,-0.3729939,-0.4992482,-0.5519217,
1,1,2.617,-0.06311685,0.07860776,-1.310772,0.5540841,-0.3729939,-0.4992482,-0.5519217,
1,1,2.619,-0.06311685,0.07860776,-1.310772,0.5540841,-0.3729939,-0.4992482,-0.5519217,
1,1,2.621,-0.06315994,0.07860981,-1.31073,0.5540133,-0.3729897,-0.4993009,-0.5519481,
1,1,2.623,-0.06315994,0.07860981,-1.31073,0.5540133,-0.3729897,-0.4993009,-0.5519481,
1,1,2.625,-0.06315994,0.07860981,-1.31073,0.5540133,-0.3729897,-0.4993009,-0.5519481,
1,1,2.627,-0.06315994,0.07860981,-1.31073,0.5540133,-0.3729897,-0.4993009,-0.5519481,
1,1,2.629,-0.06317423,0.07861824,-1.310732,0.5540122,-0.3729332,-0.4993685,-0.5519263,
1,1,2.631,-0.06317423,0.07861824,-1.310732,0.5540122,-0.3729332,-0.4993685,-0.5519263,
1,1,2.633,-0.06317423,0.07861824,-1.310732,0.5540122,-0.3729332,-0.4993685,-0.5519263,
1,1,2.635,-0.06317423,0.07861824,-1.310732,0.5540122,-0.3729332,-0.4993685,-0.5519263,
1,1,2.637,-0.06317623,0.07860679,-1.310707,0.5540329,-0.3729499,-0.4993372,-0.5519225,
1,1,2.639,-0.06317623,0.07860679,-1.310707,0.5540329,-0.3729499,-0.4993372,-0.5519225,
1,1,2.641,-0.06317623,0.07860679,-1.310707,0.5540329,-0.3729499,-0.4993372,-0.5519225,
1,1,2.643,-0.06317623,0.07860679,-1.310707,0.5540329,-0.3729499,-0.4993372,-0.5519225,
1,1,2.645,-0.06313244,0.07860124,-1.310774,0.5540602,-0.3729915,-0.4992648,-0.5519323,
1,1,2.647,-0.06313244,0.07860124,-1.310774,0.5540602,-0.3729915,-0.4992648,-0.5519323,
1,1,2.649,-0.06313244,0.07860124,-1.310774,0.5540602,-0.3729915,-0.4992648,-0.5519323,
1,1,2.651,-0.06313244,0.07860124,-1.310774,0.5540602,-0.3729915,-0.4992648,-0.5519323,
1,1,2.653,-0.06313244,0.07860124,-1.310774,0.5540602,-0.3729915,-0.4992648,-0.5519323,
1,1,2.655,-0.06313393,0.07861619,-1.31076,0.5540727,-0.3729577,-0.4992757,-0.5519328,
1,1,2.657,-0.06313393,0.07861619,-1.31076,0.5540727,-0.3729577,-0.4992757,-0.5519328,
1,1,2.659,-0.06313393,0.07861619,-1.31076,0.5540727,-0.3729577,-0.4992757,-0.5519328,
1,1,2.661,-0.06313393,0.07861619,-1.31076,0.5540727,-0.3729577,-0.4992757,-0.5519328,
1,1,2.663,-0.06322064,0.07860357,-1.310698,0.5540218,-0.3729885,-0.4993551,-0.5518913,
1,1,2.665,-0.06322064,0.07860357,-1.310698,0.5540218,-0.3729885,-0.4993551,-0.5518913,
1,1,2.667,-0.06322064,0.07860357,-1.310698,0.5540218,-0.3729885,-0.4993551,-0.5518913,
1,1,2.669,-0.06322064,0.07860357,-1.310698,0.5540218,-0.3729885,-0.4993551,-0.5518913,
1,1,2.671,-0.06316338,0.07862519,-1.310729,0.5540181,-0.3728799,-0.4993771,-0.5519484,
1,1,2.673,-0.06316338,0.07862519,-1.310729,0.5540181,-0.3728799,-0.4993771,-0.5519484,
1,1,2.675,-0.06316338,0.07862519,-1.310729,0.5540181,-0.3728799,-0.4993771,-0.5519484,
1,1,2.677,-0.06316338,0.07862519,-1.310729,0.5540181,-0.3728799,-0.4993771,-0.5519484,
1,1,2.679,-0.063134,0.07861231,-1.310765,0.5540619,-0.372979,-0.4992836,-0.5519221,
1,1,2.681,-0.063134,0.07861231,-1.310765,0.5540619,-0.372979,-0.4992836,-0.5519221,
1,1,2.683,-0.063134,0.07861231,-1.310765,0.5540619,-0.372979,-0.4992836,-0.5519221,
1,1,2.685,-0.063134,0.07861231,-1.310765,0.5540619,-0.372979,-0.4992836,-0.5519221,
1,1,2.687,-0.06312808,0.07861661,-1.310753,0.5540702,-0.3729232,-0.4993042,-0.5519329,
1,1,2.689,-0.06312808,0.07861661,-1.310753,0.5540702,-0.3729232,-0.4993042,-0.5519329,
1,1,2.691,-0.06312808,0.07861661,-1.310753,0.5540702,-0.3729232,-0.4993042,-0.5519329,
1,1,2.693,-0.06312808,0.07861661,-1.310753,0.5540702,-0.3729232,-0.4993042,-0.5519329,
1,1,2.695,-0.06314229,0.07859609,-1.310755,0.554055,-0.3729763,-0.4992627,-0.5519498,
1,1,2.697,-0.06314229,0.07859609,-1.310755,0.554055,-0.3729763,-0.4992627,-0.5519498,
1,1,2.699,-0.06314229,0.07859609,-1.310755,0.554055,-0.3729763,-0.4992627,-0.5519498,
1,1,2.701,-0.06314229,0.07859609,-1.310755,0.554055,-0.3729763,-0.4992627,-0.5519498,
1,1,2.703,-0.06314229,0.07859609,-1.310755,0.554055,-0.3729763,-0.4992627,-0.5519498,
1,1,2.705,-0.0631899,0.07861771,-1.310723,0.5540131,-0.372944,-0.4993324,-0.5519505,
1,1,2.707,-0.0631899,0.07861771,-1.310723,0.5540131,-0.372944,-0.4993324,-0.5519505,
1,1,2.709,-0.0631899,0.07861771,-1.310723,0.5540131,-0.372944,-0.4993324,-0.5519505,
1,1,2.711,-0.0631899,0.07861771,-1.310723,0.5540131,-0.372944,-0.4993324,-0.5519505,
1,1,2.713,-0.063128,0.07862209,-1.310757,0.5540456,-0.3729492,-0.4992915,-0.5519513,
1,1,2.715,-0.063128,0.07862209,-1.310757,0.5540456,-0.3729492,-0.4992915,-0.5519513,
1,1,2.717,-0.063128,0.07862209,-1.310757,0.5540456,-0.3729492,-0.4992915,-0.5519513,
1,1,2.719,-0.063128,0.07862209,-1.310757,0.5540456,-0.3729492,-0.4992915,-0.5519513,
1,1,2.721,-0.06311452,0.07860879,-1.310768,0.5540457,-0.3729407,-0.4992631,-0.5519829,
1,1,2.723,-0.06311452,0.07860879,-1.310768,0.5540457,-0.3729407,-0.4992631,-0.5519829,
1,1,2.725,-0.06311452,0.07860879,-1.310768,0.5540457,-0.3729407,-0.4992631,-0.5519829,
1,1,2.727,-0.06311452,0.07860879,-1.310768,0.5540457,-0.3729407,-0.4992631,-0.5519829,
1,1,2.729,-0.06312688,0.0785979,-1.310782,0.5540595,-0.3730124,-0.4992276,-0.5519526,
1,1,2.731,-0.06312688,0.0785979,-1.310782,0.5540595,-0.3730124,-0.4992276,-0.5519526,
1,1,2.733,-0.06312688,0.0785979,-1.310782,0.5540595,-0.3730124,-0.4992276,-0.5519526,
1,1,2.735,-0.06312688,0.0785979,-1.310782,0.5540595,-0.3730124,-0.4992276,-0.5519526,
1,1,2.737,-0.063163,0.07861656,-1.310732,0.5540134,-0.3728994,-0.4993523,-0.5519625,
1,1,2.739,-0.063163,0.07861656,-1.310732,0.5540134,-0.3728994,-0.4993523,-0.5519625,
1,1,2.741,-0.063163,0.07861656,-1.310732,0.5540134,-0.3728994,-0.4993523,-0.5519625,
1,1,2.743,-0.063163,0.07861656,-1.310732,0.5540134,-0.3728994,-0.4993523,-0.5519625,
1,1,2.745,-0.06317953,0.07861718,-1.310727,0.5540242,-0.3729337,-0.4993257,-0.5519526,
1,1,2.747,-0.06317953,0.07861718,-1.310727,0.5540242,-0.3729337,-0.4993257,-0.5519526,
1,1,2.749,-0.06317953,0.07861718,-1.310727,0.5540242,-0.3729337,-0.4993257,-0.5519526,
1,1,2.751,-0.06317953,0.07861718,-1.310727,0.5540242,-0.3729337,-0.4993257,-0.5519526,
1,1,2.753,-0.06317953,0.07861718,-1.310727,0.5540242,-0.3729337,-0.4993257,-0.5519526,
1,1,2.755,-0.06319309,0.07860325,-1.310735,0.5540309,-0.3729928,-0.4993116,-0.5519186,CourtEnter
1,1,2.757,-0.06319309,0.07860325,-1.310735,0.5540309,-0.3729928,-0.4993116,-0.5519186,
1,1,2.759,-0.06319309,0.07860325,-1.310735,0.5540309,-0.3729928,-0.4993116,-0.5519186,
1,1,2.761,-0.06319309,0.07860325,-1.310735,0.5540309,-0.3729928,-0.4993116,-0.5519186,
1,1,2.763,-0.06315933,0.07860047,-1.310748,0.5540589,-0.3730272,-0.4992595,-0.5519143,
1,1,2.765,-0.06315933,0.07860047,-1.310748,0.5540589,-0.3730272,-0.4992595,-0.5519143,
1,1,2.767,-0.06315933,0.07860047,-1.310748,0.5540589,-0.3730272,-0.4992595,-0.5519143,CourtExit
1,1,2.769,-0.06315933,0.07860047,-1.310748,0.5540589,-0.3730272,-0.4992595,-0.5519143,
1,1,2.771,-0.06316753,0.07861081,-1.31073,0.5540046,-0.3729607,-0.4993432,-0.5519381,
1,1,2.773,-0.06316753,0.07861081,-1.31073,0.5540046,-0.3729607,-0.4993432,-0.5519381,
1,1,2.775,-0.06316753,0.07861081,-1.31073,0.5540046,-0.3729607,-0.4993432,-0.5519381,
1,1,2.777,-0.06316753,0.07861081,-1.31073,0.5540046,-0.3729607,-0.4993432,-0.5519381,
1,1,2.779,-0.06318505,0.0786043,-1.310729,0.5540025,-0.3729533,-0.4993635,-0.5519269,
1,1,2.781,-0.06318505,0.0786043,-1.310729,0.5540025,-0.3729533,-0.4993635,-0.5519269,
1,1,2.783,-0.06318505,0.0786043,-1.310729,0.5540025,-0.3729533,-0.4993635,-0.5519269,
1,1,2.785,-0.06318505,0.0786043,-1.310729,0.5540025,-0.3729533,-0.4993635,-0.5519269,
1,1,2.787,-0.06321102,0.07860378,-1.310716,0.554007,-0.373016,-0.499347,-0.5518949,
1,1,2.789,-0.06321102,0.07860378,-1.310716,0.554007,-0.373016,-0.499347,-0.5518949,
1,1,2.791,-0.06321102,0.07860378,-1.310716,0.554007,-0.373016,-0.499347,-0.5518949,
1,1,2.793,-0.06321102,0.07860378,-1.310716,0.554007,-0.373016,-0.499347,-0.5518949,
1,1,2.795,-0.06318444,0.07859951,-1.310708,0.5540248,-0.3730249,-0.499303,-0.5519108,
1,1,2.797,-0.06318444,0.07859951,-1.310708,0.5540248,-0.3730249,-0.499303,-0.5519108,
1,1,2.799,-0.06318444,0.07859951,-1.310708,0.5540248,-0.3730249,-0.499303,-0.5519108,
1,1,2.801,-0.06318444,0.07859951,-1.310708,0.5540248,-0.3730249,-0.499303,-0.5519108,
1,1,2.803,-0.06318444,0.07859951,-1.310708,0.5540248,-0.3730249,-0.499303,-0.5519108,
1,1,2.805,-0.06310295,0.07861054,-1.310772,0.5540688,-0.3729874,-0.4992337,-0.5519546,
1,1,2.807,-0.06310295,0.07861054,-1.310772,0.5540688,-0.3729874,-0.4992337,-0.5519546,
1,1,2.809,-0.06310295,0.07861054,-1.310772,0.5540688,-0.3729874,-0.4992337,-0.5519546,
1,1,2.811,-0.06310295,0.07861054,-1.310772,0.5540688,-0.3729874,-0.4992337,-0.5519546,
1,1,2.813,-0.06310739,0.07859112,-1.310768,0.5540909,-0.3729319,-0.4992467,-0.5519583,
1,1,2.815,-0.06310739,0.07859112,-1.310768,0.5540909,-0.3729319,-0.4992467,-0.5519583,
1,1,2.817,-0.06310739,0.07859112,-1.310768,0.5540909,-0.3729319,-0.4992467,-0.5519583,
1,1,2.819,-0.06310739,0.07859112,-1.310768,0.5540909,-0.3729319,-0.4992467,-0.5519583,
1,1,2.821,-0.06312301,0.07860072,-1.310772,0.5540945,-0.3729546,-0.4992268,-0.5519572,
1,1,2.823,-0.06312301,0.07860072,-1.310772,0.5540945,-0.3729546,-0.4992268,-0.5519572,
1,1,2.825,-0.06312301,0.07860072,-1.310772,0.5540945,-0.3729546,-0.4992268,-0.5519572,
1,1,2.827,-0.06312301,0.07860072,-1.310772,0.5540945,-0.3729546,-0.4992268,-0.5519572,
1,1,2.829,-0.06313573,0.07858974,-1.310757,0.5540596,-0.3729702,-0.4992825,-0.5519314,
1,1,2.831,-0.06313573,0.07858974,-1.310757,0.5540596,-0.3729702,-0.4992825,-0.5519314,
1,1,2.833,-0.06313573,0.07858974,-1.310757,0.5540596,-0.3729702,-0.4992825,-0.5519314,
1,1,2.835,-0.06313573,0.07858974,-1.310757,0.5540596,-0.3729702,-0.4992825,-0.5519314,
1,1,2.837,-0.06317963,0.07859682,-1.310745,0.5540366,-0.3730384,-0.4992657,-0.5519235,
1,1,2.839,-0.06317963,0.07859682,-1.310745,0.5540366,-0.3730384,-0.4992657,-0.5519235,
1,1,2.841,-0.06317963,0.07859682,-1.310745,0.5540366,-0.3730384,-0.4992657,-0.5519235,
1,1,2.843,-0.06317963,0.07859682,-1.310745,0.5540366,-0.3730384,-0.4992657,-0.5519235,
1,1,2.845,-0.06317087,0.07859065,-1.310722,0.5540304,-0.373004,-0.4992943,-0.5519271,
1,1,2.847,-0.06317087,0.07859065,-1.310722,0.5540304,-0.373004,-0.4992943,-0.5519271,
1,1,2.849,-0.06317087,0.07859065,-1.310722,0.5540304,-0.373004,-0.4992943,-0.5519271,
1,1,2.851,-0.06317087,0.07859065,-1.310722,0.5540304,-0.373004,-0.4992943,-0.5519271,
1,1,2.853,-0.06317087,0.07859065,-1.310722,0.5540304,-0.373004,-0.4992943,-0.5519271,
1,1,2.855,-0.0631258,0.07858358,-1.310763,0.5540677,-0.3730146,-0.4992709,-0.5519037,
1,1,2.857,-0.0631258,0.07858358,-1.310763,0.5540677,-0.3730146,-0.4992709,-0.5519037,
1,1,2.859,-0.0631258,0.07858358,-1.310763,0.5540677,-0.3730146,-0.4992709,-0.5519037,
1,1,2.861,-0.0631258,0.07858358,-1.310763,0.5540677,-0.3730146,-0.4992709,-0.5519037,
1,1,2.863,-0.06315772,0.0786022,-1.31075,0.5540255,-0.372955,-0.4993193,-0.5519426,
1,1,2.865,-0.06315772,0.0786022,-1.31075,0.5540255,-0.372955,-0.4993193,-0.5519426,
1,1,2.867,-0.06315772,0.0786022,-1.31075,0.5540255,-0.372955,-0.4993193,-0.5519426,
1,1,2.869,-0.06315772,0.0786022,-1.31075,0.5540255,-0.372955,-0.4993193,-0.5519426,
1,1,2.871,-0.06316544,0.07859765,-1.310729,0.5540339,-0.3729355,-0.4993198,-0.5519468,
1,1,2.873,-0.06316544,0.07859765,-1.310729,0.5540339,-0.3729355,-0.4993198,-0.5519468,
1,1,2.875,-0.06316544,0.07859765,-1.310729,0.5540339,-0.3729355,-0.4993198,-0.5519468,
1,1,2.877,-0.06316544,0.07859765,-1.310729,0.5540339,-0.3729355,-0.4993198,-0.5519468,
1,1,2.879,-0.06317433,0.07859317,-1.310724,0.5540279,-0.3729509,-0.4993201,-0.5519422,
1,1,2.881,-0.06317433,0.07859317,-1.310724,0.5540279,-0.3729509,-0.4993201,-0.5519422,
1,1,2.883,-0.06317433,0.07859317,-1.310724,0.5540279,-0.3729509,-0.4993201,-0.5519422,
1,1,2.885,-0.06317433,0.07859317,-1.310724,0.5540279,-0.3729509,-0.4993201,-0.5519422,
1,1,2.887,-0.06315479,0.0786043,-1.310733,0.5540238,-0.372941,-0.4993334,-0.5519411,
1,1,2.889,-0.06315479,0.0786043,-1.310733,0.5540238,-0.372941,-0.4993334,-0.5519411,
1,1,2.891,-0.06315479,0.0786043,-1.310733,0.5540238,-0.372941,-0.4993334,-0.5519411,
1,1,2.893,-0.06315479,0.0786043,-1.310733,0.5540238,-0.372941,-0.4993334,-0.5519411,
1,1,2.895,-0.06317828,0.07859714,-1.310715,0.5540312,-0.3729582,-0.4993398,-0.5519162,
1,1,2.897,-0.06317828,0.07859714,-1.310715,0.5540312,-0.3729582,-0.4993398,-0.5519162,
1,1,2.899,-0.06317828,0.07859714,-1.310715,0.5540312,-0.3729582,-0.4993398,-0.5519162,
1,1,2.901,-0.06317828,0.07859714,-1.310715,0.5540312,-0.3729582,-0.4993398,-0.5519162,
1,1,2.903,-0.06317828,0.07859714,-1.310715,0.5540312,-0.3729582,-0.4993398,-0.5519162,
1,1,2.905,-0.06316234,0.07858066,-1.310733,0.5540845,-0.3730679,-0.4992307,-0.5518872,
1,1,2.907,-0.06316234,0.07858066,-1.310733,0.5540845,-0.3730679,-0.4992307,-0.5518872,
1,1,2.909,-0.06316234,0.07858066,-1.310733,0.5540845,-0.3730679,-0.4992307,-0.5518872,
1,1,2.911,-0.06316234,0.07858066,-1.310733,0.5540845,-0.3730679,-0.4992307,-0.5518872,
1,1,2.913,-0.06318481,0.07860383,-1.310709,0.5539957,-0.3729419,-0.4993677,-0.5519376,
1,1,2.915,-0.06318481,0.07860383,-1.310709,0.5539957,-0.3729419,-0.4993677,-0.5519376,
1,1,2.917,-0.06318481,0.07860383,-1.310709,0.5539957,-0.3729419,-0.4993677,-0.5519376,
1,1,2.919,-0.06318481,0.07860383,-1.310709,0.5539957,-0.3729419,-0.4993677,-0.5519376,
1,1,2.921,-0.06311841,0.07859012,-1.310773,0.5540742,-0.3729663,-0.4992616,-0.5519382,
1,1,2.923,-0.06311841,0.07859012,-1.310773,0.5540742,-0.3729663,-0.4992616,-0.5519382,
1,1,2.925,-0.06311841,0.07859012,-1.310773,0.5540742,-0.3729663,-0.4992616,-0.5519382,
1,1,2.927,-0.06311841,0.07859012,-1.310773,0.5540742,-0.3729663,-0.4992616,-0.5519382,
1,1,2.929,-0.0631163,0.07857706,-1.310779,0.5540681,-0.373019,-0.4992209,-0.5519457,
1,1,2.931,-0.0631163,0.07857706,-1.310779,0.5540681,-0.373019,-0.4992209,-0.5519457,
1,1,2.933,-0.0631163,0.07857706,-1.310779,0.5540681,-0.373019,-0.4992209,-0.5519457,
1,1,2.935,-0.0631163,0.07857706,-1.310779,0.5540681,-0.373019,-0.4992209,-0.5519457,
1,1,2.937,-0.06318432,0.07859225,-1.310717,0.5540203,-0.3730038,-0.4993047,-0.551928,
1,1,2.939,-0.06318432,0.07859225,-1.310717,0.5540203,-0.3730038,-0.4993047,-0.551928,
1,1,2.941,-0.06318432,0.07859225,-1.310717,0.5540203,-0.3730038,-0.4993047,-0.551928,
1,1,2.943,-0.06318432,0.07859225,-1.310717,0.5540203,-0.3730038,-0.4993047,-0.551928,
1,1,2.945,-0.06315768,0.0785974,-1.310727,0.5540479,-0.3729918,-0.4992849,-0.5519264,
1,1,2.947,-0.06315768,0.0785974,-1.310727,0.5540479,-0.3729918,-0.4992849,-0.5519264,
1,1,2.949,-0.06315768,0.0785974,-1.310727,0.5540479,-0.3729918,-0.4992849,-0.5519264,
1,1,2.951,-0.06315768,0.0785974,-1.310727,0.5540479,-0.3729918,-0.4992849,-0.5519264,
1,1,2.953,-0.06315768,0.0785974,-1.310727,0.5540479,-0.3729918,-0.4992849,-0.5519264,
1,1,2.955,-0.06317487,0.07861193,-1.310729,0.5540118,-0.3729253,-0.4993549,-0.5519442,
1,1,2.957,-0.06317487,0.07861193,-1.310729,0.5540118,-0.3729253,-0.4993549,-0.5519442,
1,1,2.959,-0.06317487,0.07861193,-1.310729,0.5540118,-0.3729253,-0.4993549,-0.5519442,
1,1,2.961,-0.06317487,0.07861193,-1.310729,0.5540118,-0.3729253,-0.4993549,-0.5519442,
1,1,2.963,-0.06316476,0.07860804,-1.310717,0.5540376,-0.3729424,-0.4993297,-0.5519295,
1,1,2.965,-0.06316476,0.07860804,-1.310717,0.5540376,-0.3729424,-0.4993297,-0.5519295,
1,1,2.967,-0.06316476,0.07860804,-1.310717,0.5540376,-0.3729424,-0.4993297,-0.5519295,
1,1,2.969,-0.06316476,0.07860804,-1.310717,0.5540376,-0.3729424,-0.4993297,-0.5519295,
1,1,2.971,-0.06315462,0.07859369,-1.310733,0.5540298,-0.3729503,-0.499312,-0.551948,
1,1,2.973,-0.06315462,0.07859369,-1.310733,0.5540298,-0.3729503,-0.499312,-0.551948,
1,1,2.975,-0.06315462,0.07859369,-1.310733,0.5540298,-0.3729503,-0.499312,-0.551948,
1,1,2.977,-0.06315462,0.07859369,-1.310733,0.5540298,-0.3729503,-0.499312,-0.551948,
1,1,2.979,-0.06312595,0.07859004,-1.310756,0.5540246,-0.3729651,-0.499275,-0.5519768,
1,1,2.981,-0.06312595,0.07859004,-1.310756,0.5540246,-0.3729651,-0.499275,-0.5519768,
1,1,2.983,-0.06312595,0.07859004,-1.310756,0.5540246,-0.3729651,-0.499275,-0.5519768,
1,1,2.985,-0.06312595,0.07859004,-1.310756,0.5540246,-0.3729651,-0.499275,-0.5519768,
1,1,2.987,-0.06314979,0.07860471,-1.310731,0.5539956,-0.3728847,-0.4993449,-0.5519968,
1,1,2.989,-0.06314979,0.07860471,-1.310731,0.5539956,-0.3728847,-0.4993449,-0.5519968,
1,1,2.991,-0.06314979,0.07860471,-1.310731,0.5539956,-0.3728847,-0.4993449,-0.5519968,
1,1,2.993,-0.06314979,0.07860471,-1.310731,0.5539956,-0.3728847,-0.4993449,-0.5519968,
1,1,2.995,-0.0631553,0.07862222,-1.310735,0.5539919,-0.3728575,-0.4993582,-0.5520068,
1,1,2.997,-0.0631553,0.07862222,-1.310735,0.5539919,-0.3728575,-0.4993582,-0.5520068,
1,1,2.999,-0.0631553,0.07862222,-1.310735,0.5539919,-0.3728575,-0.4993582,-0.5520068,
1,2,3.001,-0.0631553,0.07862222,-1.310735,0.5539919,-0.3728575,-0.4993582,-0.5520068,TrialStart
1,2,3.003,-0.0631553,0.07862222,-1.310735,0.5539919,-0.3728575,-0.4993582,-0.5520068,
1,2,3.005,-0.06318678,0.0786062,-1.310727,0.5539857,-0.372954,-0.4993581,-0.5519482,
1,2,3.007,-0.06318678,0.0786062,-1.310727,0.5539857,-0.372954,-0.4993581,-0.5519482,
1,2,3.009,-0.06318678,0.0786062,-1.310727,0.5539857,-0.372954,-0.4993581,-0.5519482,
1,2,3.011,-0.06318678,0.0786062,-1.310727,0.5539857,-0.372954,-0.4993581,-0.5519482,
1,2,3.013,-0.06321472,0.07858085,-1.310702,0.5540128,-0.3730325,-0.499299,-0.5519213,
1,2,3.015,-0.06321472,0.07858085,-1.310702,0.5540128,-0.3730325,-0.499299,-0.5519213,
1,2,3.017,-0.06321472,0.07858085,-1.310702,0.5540128,-0.3730325,-0.499299,-0.5519213,
1,2,3.019,-0.06321472,0.07858085,-1.310702,0.5540128,-0.3730325,-0.499299,-0.5519213,
1,2,3.021,-0.06312322,0.07859876,-1.310752,0.5540854,-0.373004,-0.4992318,-0.5519285,
1,2,3.023,-0.06312322,0.07859876,-1.310752,0.5540854,-0.373004,-0.4992318,-0.5519285,
1,2,3.025,-0.06312322,0.07859876,-1.310752,0.5540854,-0.373004,-0.4992318,-0.5519285,
1,2,3.027,-0.06312322,0.07859876,-1.310752,0.5540854,-0.373004,-0.4992318,-0.5519285,
1,2,3.029,-0.06308399,0.07860345,-1.31079,0.5540597,-0.3729983,-0.4992335,-0.5519567,
1,2,3.031,-0.06308399,0.07860345,-1.31079,0.5540597,-0.3729983,-0.4992335,-0.5519567,
1,2,3.033,-0.06308399,0.07860345,-1.31079,0.5540597,-0.3729983,-0.4992335,-0.5519567,
1,2,3.035,-0.06308399,0.07860345,-1.31079,0.5540597,-0.3729983,-0.4992335,-0.5519567,
1,2,3.037,-0.06315316,0.07860304,-1.310748,0.5540698,-0.3729512,-0.4992748,-0.5519409,
1,2,3.039,-0.06315316,0.07860304,-1.310748,0.5540698,-0.3729512,-0.4992748,-0.5519409,
1,2,3.041,-0.06315316,0.07860304,-1.310748,0.5540698,-0.3729512,-0.4992748,-0.5519409,
1,2,3.043,-0.06315316,0.07860304,-1.310748,0.5540698,-0.3729512,-0.4992748,-0.5519409,
1,2,3.045,-0.06318955,0.07859866,-1.310723,0.5540512,-0.3729497,-0.499301,-0.5519368,
1,2,3.047,-0.06318955,0.07859866,-1.310723,0.5540512,-0.3729497,-0.499301,-0.5519368,
1,2,3.049,-0.06318955,0.07859866,-1.310723,0.5540512,-0.3729497,-0.499301,-0.5519368,
1,2,3.051,-0.06318955,0.07859866,-1.310723,0.5540512,-0.3729497,-0.499301,-0.5519368,
1,2,3.053,-0.06318955,0.07859866,-1.310723,0.5540512,-0.3729497,-0.499301,-0.5519368,
1,2,3.055,-0.06314531,0.07859851,-1.310724,0.5540353,-0.3729934,-0.4993018,-0.5519227,
1,2,3.057,-0.06314531,0.07859851,-1.310724,0.5540353,-0.3729934,-0.4993018,-0.5519227,
1,2,3.059,-0.06314531,0.07859851,-1.310724,0.5540353,-0.3729934,-0.4993018,-0.5519227,
1,2,3.061,-0.06314531,0.07859851,-1.310724,0.5540353,-0.3729934,-0.4993018,-0.5519227,
1,2,3.063,-0.0631237,0.07859273,-1.310773,0.5540383,-0.3729596,-0.499281,-0.5519612,
1,2,3.065,-0.0631237,0.07859273,-1.310773,0.5540383,-0.3729596,-0.499281,-0.5519612,
1,2,3.067,-0.0631237,0.07859273,-1.310773,0.5540383,-0.3729596,-0.499281,-0.5519612,
1,2,3.069,-0.0631237,0.07859273,-1.310773,0.5540383,-0.3729596,-0.499281,-0.5519612,
1,2,3.071,-0.06312636,0.07859162,-1.310769,0.5540639,-0.3729668,-0.4992472,-0.5519614,
1,2,3.073,-0.06312636,0.07859162,-1.310769,0.5540639,-0.3729668,-0.4992472,-0.5519614,
1,2,3.075,-0.06312636,0.07859162,-1.310769,0.5540639,-0.3729668,-0.4992472,-0.5519614,
1,2,3.077,-0.06312636,0.07859162,-1.310769,0.5540639,-0.3729668,-0.4992472,-0.5519614,
1,2,3.079,-0.0632337,0.07859162,-1.310694,0.5540023,-0.3730053,-0.4993415,-0.5519117,
1,2,3.081,-0.0632337,0.07859162,-1.310694,0.5540023,-0.3730053,-0.4993415,-0.5519117,
1,2,3.083,-0.0632337,0.07859162,-1.310694,0.5540023,-0.3730053,-0.4993415,-0.5519117,
1,2,3.085,-0.0632337,0.07859162,-1.310694,0.5540023,-0.3730053,-0.4993415,-0.5519117,
1,2,3.087,-0.06316857,0.07860456,-1.310724,0.5540375,-0.3729607,-0.4993103,-0.5519348,
1,2,3.089,-0.06316857,0.07860456,-1.310724,0.5540375,-0.3729607,-0.4993103,-0.5519348,
1,2,3.091,-0.06316857,0.07860456,-1.310724,0.5540375,-0.3729607,-0.4993103,-0.5519348,
1,2,3.093,-0.06316857,0.07860456,-1.310724,0.5540375,-0.3729607,-0.4993103,-0.5519348,
1,2,3.095,-0.06313145,0.07860363,-1.310759,0.5540614,-0.3729502,-0.4992902,-0.5519361,
1,2,3.097,-0.06313145,0.07860363,-1.310759,0.5540614,-0.3729502,-0.4992902,-0.5519361,
1,2,3.099,-0.06313145,0.07860363,-1.310759,0.5540614,-0.3729502,-0.4992902,-0.5519361,
1,2,3.101,-0.06313145,0.07860363,-1.310759,0.5540614,-0.3729502,-0.4992902,-0.5519361,
1,2,3.103,-0.06313145,0.07860363,-1.310759,0.5540614,-0.3729502,-0.4992902,-0.5519361,
1,2,3.105,-0.06318717,0.07860154,-1.310701,0.5540121,-0.3729393,-0.4993565,-0.5519329,
1,2,3.107,-0.06318717,0.07860154,-1.310701,0.5540121,-0.3729393,-0.4993565,-0.5519329,
1,2,3.109,-0.06318717,0.07860154,-1.310701,0.5540121,-0.3729393,-0.4993565,-0.5519329,
1,2,3.111,-0.06318717,0.07860154,-1.310701,0.5540121,-0.3729393,-0.4993565,-0.5519329,
1,2,3.113,-0.06313777,0.07861898,-1.310744,0.5540204,-0.3729185,-0.4993326,-0.5519603,
1,2,3.115,-0.06313777,0.07861898,-1.310744,0.5540204,-0.3729185,-0.4993326,-0.5519603,
1,2,3.117,-0.06313777,0.07861898,-1.310744,0.5540204,-0.3729185,-0.4993326,-0.5519603,
1,2,3.119,-0.06313777,0.07861898,-1.310744,0.5540204,-0.3729185,-0.4993326,-0.5519603,
1,2,3.121,-0.06315071,0.078592,-1.310735,0.5540485,-0.3729945,-0.4992623,-0.5519445,
1,2,3.123,-0.06315071,0.078592,-1.310735,0.5540485,-0.3729945,-0.4992623,-0.5519445,
1,2,3.125,-0.06315071,0.078592,-1.310735,0.5540485,-0.3729945,-0.4992623,-0.5519445,
1,2,3.127,-0.06315071,0.078592,-1.310735,0.5540485,-0.3729945,-0.4992623,-0.5519445,
1,2,3.129,-0.06315607,0.07862401,-1.310736,0.5540252,-0.3728928,-0.4993455,-0.5519612,
1,2,3.131,-0.06315607,0.07862401,-1.310736,0.5540252,-0.3728928,-0.4993455,-0.5519612,
1,2,3.133,-0.06315607,0.07862401,-1.310736,0.5540252,-0.3728928,-0.4993455,-0.5519612,
1,2,3.135,-0.06315607,0.07862401,-1.310736,0.5540252,-0.3728928,-0.4993455,-0.5519612,
1,2,3.137,-0.063198,0.07860598,-1.310715,0.5540042,-0.3729258,-0.4993722,-0.551936,
1,2,3.139,-0.063198,0.07860598,-1.310715,0.5540042,-0.3729258,-0.4993722,-0.551936,
1,2,3.141,-0.063198,0.07860598,-1.310715,0.5540042,-0.3729258,-0.4993722,-0.551936,
1,2,3.143,-0.063198,0.07860598,-1.310715,0.5540042,-0.3729258,-0.4993722,-0.551936,
1,2,3.145,-0.06314377,0.07860385,-1.310751,0.554037,-0.3729595,-0.4992787,-0.5519648,
1,2,3.147,-0.06314377,0.07860385,-1.310751,0.554037,-0.3729595,-0.4992787,-0.5519648,
1,2,3.149,-0.06314377,0.07860385,-1.310751,0.554037,-0.3729595,-0.4992787,-0.5519648,
1,2,3.151,-0.06314377,0.07860385,-1.310751,0.554037,-0.3729595,-0.4992787,-0.5519648,
1,2,3.153,-0.06314377,0.07860385,-1.310751,0.554037,-0.3729595,-0.4992787,-0.5519648,
1,2,3.155,-0.06312055,0.07859842,-1.310764,0.5540521,-0.3729671,-0.4992607,-0.5519607,
1,2,3.157,-0.06312055,0.07859842,-1.310764,0.5540521,-0.3729671,-0.4992607,-0.5519607,
1,2,3.159,-0.06312055,0.07859842,-1.310764,0.5540521,-0.3729671,-0.4992607,-0.5519607,
1,2,3.161,-0.06312055,0.07859842,-1.310764,0.5540521,-0.3729671,-0.4992607,-0.5519607,
1,2,3.163,-0.06315175,0.0786094,-1.31073,0.5540241,-0.3729428,-0.4993097,-0.5519609,
1,2,3.165,-0.06315175,0.0786094,-1.31073,0.5540241,-0.3729428,-0.4993097,-0.5519609,
1,2,3.167,-0.06315175,0.0786094,-1.31073,0.5540241,-0.3729428,-0.4993097,-0.5519609,
1,2,3.169,-0.06315175,0.0786094,-1.31073,0.5540241,-0.3729428,-0.4993097,-0.5519609,
1,2,3.171,-0.06317233,0.07859153,-1.31073,0.5540196,-0.3729835,-0.499312,-0.5519359,
1,2,3.173,-0.06317233,0.07859153,-1.31073,0.5540196,-0.3729835,-0.499312,-0.5519359,
1,2,3.175,-0.06317233,0.07859153,-1.31073,0.5540196,-0.3729835,-0.499312,-0.5519359,
1,2,3.177,-0.06317233,0.07859153,-1.31073,0.5540196,-0.3729835,-0.499312,-0.5519359,
1,2,3.179,-0.06311622,0.07860841,-1.310787,0.5540658,-0.3729872,-0.4992576,-0.5519363,
1,2,3.181,-0.06311622,0.07860841,-1.310787,0.5540658,-0.3729872,-0.4992576,-0.5519363,
1,2,3.183,-0.06311622,0.07860841,-1.310787,0.5540658,-0.3729872,-0.4992576,-0.5519363,
1,2,3.185,-0.06311622,0.07860841,-1.310787,0.5540658,-0.3729872,-0.4992576,-0.5519363,
1,2,3.187,-0.06320479,0.07861674,-1.310708,0.5540081,-0.3729334,-0.4993766,-0.5519229,
1,2,3.189,-0.06320479,0.07861674,-1.310708,0.5540081,-0.3729334,-0.4993766,-0.5519229,
1,2,3.191,-0.06320479,0.07861674,-1.310708,0.5540081,-0.3729334,-0.4993766,-0.5519229,
1,2,3.193,-0.06320479,0.07861674,-1.310708,0.5540081,-0.3729334,-0.4993766,-0.5519229,
1,2,3.195,-0.06314948,0.07858203,-1.310744,0.5540551,-0.3730467,-0.4992519,-0.5519118,
1,2,3.197,-0.06314948,0.07858203,-1.310744,0.5540551,-0.3730467,-0.4992519,-0.5519118,
1,2,3.199,-0.06314948,0.07858203,-1.310744,0.5540551,-0.3730467,-0.4992519,-0.5519118,
1,2,3.201,-0.06314948,0.07858203,-1.310744,0.5540551,-0.3730467,-0.4992519,-0.5519118,
1,2,3.203,-0.06314948,0.07858203,-1.310744,0.5540551,-0.3730467,-0.4992519,-0.5519118,
1,2,3.205,-0.06311374,0.07860441,-1.310765,0.5540663,-0.3729681,-0.4992761,-0.5519319,
1,2,3.207,-0.06311374,0.07860441,-1.310765,0.5540663,-0.3729681,-0.4992761,-0.5519319,
1,2,3.209,-0.06311374,0.07860441,-1.310765,0.5540663,-0.3729681,-0.4992761,-0.5519319,
1,2,3.211,-0.06311374,0.07860441,-1.310765,0.5540663,-0.3729681,-0.4992761,-0.5519319,
1,2,3.213,-0.0631905,0.07859546,-1.310713,0.5539623,-0.3729259,-0.4994161,-0.5519381,
1,2,3.215,-0.0631905,0.07859546,-1.310713,0.5539623,-0.3729259,-0.4994161,-0.5519381,
1,2,3.217,-0.0631905,0.07859546,-1.310713,0.5539623,-0.3729259,-0.4994161,-0.5519381,
1,2,3.219,-0.0631905,0.07859546,-1.310713,0.5539623,-0.3729259,-0.4994161,-0.5519381,
1,2,3.221,-0.06321277,0.07857599,-1.310695,0.5539986,-0.3730289,-0.4993452,-0.5518961,
1,2,3.223,-0.06321277,0.07857599,-1.310695,0.5539986,-0.3730289,-0.4993452,-0.5518961,
1,2,3.225,-0.06321277,0.07857599,-1.310695,0.5539986,-0.3730289,-0.4993452,-0.5518961,
1,2,3.227,-0.06321277,0.07857599,-1.310695,0.5539986,-0.3730289,-0.4993452,-0.5518961,
1,2,3.229,-0.06309886,0.07859776,-1.310761,0.5540623,-0.3729532,-0.4992538,-0.5519661,
1,2,3.231,-0.06309886,0.07859776,-1.310761,0.5540623,-0.3729532,-0.4992538,-0.5519661,
1,2,3.233,-0.06309886,0.07859776,-1.310761,0.5540623,-0.3729532,-0.4992538,-0.5519661,
1,2,3.235,-0.06309886,0.07859776,-1.310761,0.5540623,-0.3729532,-0.4992538,-0.5519661,
1,2,3.237,-0.06317654,0.07860939,-1.310713,0.5539962,-0.3729282,-0.4993516,-0.5519609,
1,2,3.239,-0.06317654,0.07860939,-1.310713,0.5539962,-0.3729282,-0.4993516,-0.5519609,
1,2,3.241,-0.06317654,0.07860939,-1.310713,0.5539962,-0.3729282,-0.4993516,-0.5519609,
1,2,3.243,-0.06317654,0.07860939,-1.310713,0.5539962,-0.3729282,-0.4993516,-0.5519609,
1,2,3.245,-0.06317496,0.07859997,-1.310723,0.5539954,-0.3729825,-0.4993351,-0.5519398,
1,2,3.247,-0.06317496,0.07859997,-1.310723,0.5539954,-0.3729825,-0.4993351,-0.5519398,
1,2,3.249,-0.06317496,0.07859997,-1.310723,0.5539954,-0.3729825,-0.4993351,-0.5519398,
1,2,3.251,-0.06317496,0.07859997,-1.310723,0.5539954,-0.3729825,-0.4993351,-0.5519398,
1,2,3.253,-0.06317496,0.07859997,-1.310723,0.5539954,-0.3729825,-0.4993351,-0.5519398,
1,2,3.255,-0.06317212,0.07861184,-1.31073,0.5539948,-0.3729351,-0.4993607,-0.5519495,
1,2,3.257,-0.06317212,0.07861184,-1.31073,0.5539948,-0.3729351,-0.4993607,-0.5519495,
1,2,3.259,-0.06317212,0.07861184,-1.31073,0.5539948,-0.3729351,-0.4993607,-0.5519495,
1,2,3.261,-0.06317212,0.07861184,-1.31073,0.5539948,-0.3729351,-0.4993607,-0.5519495,
1,2,3.263,-0.06313231,0.07860678,-1.310765,0.5540258,-0.3729305,-0.4993073,-0.5519697,
1,2,3.265,-0.06313231,0.07860678,-1.310765,0.5540258,-0.3729305,-0.4993073,-0.5519697,
1,2,3.267,-0.06313231,0.07860678,-1.310765,0.5540258,-0.3729305,-0.4993073,-0.5519697,
1,2,3.269,-0.06313231,0.07860678,-1.310765,0.5540258,-0.3729305,-0.4993073,-0.5519697,
1,2,3.271,-0.06318452,0.07860139,-1.3107,0.5539884,-0.3729295,-0.4993678,-0.5519532,
1,2,3.273,-0.06318452,0.07860139,-1.3107,0.5539884,-0.3729295,-0.4993678,-0.5519532,
1,2,3.275,-0.06318452,0.07860139,-1.3107,0.5539884,-0.3729295,-0.4993678,-0.5519532,
1,2,3.277,-0.06318452,0.07860139,-1.3107,0.5539884,-0.3729295,-0.4993678,-0.5519532,
1,2,3.279,-0.06311438,0.07860082,-1.310774,0.5540513,-0.3729464,-0.4992808,-0.5519572,
1,2,3.281,-0.06311438,0.07860082,-1.310774,0.5540513,-0.3729464,-0.4992808,-0.5519572,
1,2,3.283,-0.06311438,0.07860082,-1.310774,0.5540513,-0.3729464,-0.4992808,-0.5519572,
1,2,3.285,-0.06311438,0.07860082,-1.310774,0.5540513,-0.3729464,-0.4992808,-0.5519572,
1,2,3.287,-0.06315713,0.07861072,-1.310735,0.5540217,-0.372919,-0.4993399,-0.551952,
1,2,3.289,-0.06315713,0.07861072,-1.310735,0.5540217,-0.372919,-0.4993399,-0.551952,
1,2,3.291,-0.06315713,0.07861072,-1.310735,0.5540217,-0.372919,-0.4993399,-0.551952,
1,2,3.293,-0.06315713,0.07861072,-1.310735,0.5540217,-0.372919,-0.4993399,-0.551952,
1,2,3.295,-0.06312429,0.07859728,-1.310757,0.5540294,-0.3729448,-0.4993169,-0.5519477,
1,2,3.297,-0.06312429,0.07859728,-1.310757,0.5540294,-0.3729448,-0.4993169,-0.5519477,
1,2,3.299,-0.06312429,0.07859728,-1.310757,0.5540294,-0.3729448,-0.4993169,-0.5519477,
1,2,3.301,-0.06312429,0.07859728,-1.310757,0.5540294,-0.3729448,-0.4993169,-0.5519477,
1,2,3.303,-0.06312429,0.07859728,-1.310757,0.5540294,-0.3729448,-0.4993169,-0.5519477,
1,2,3.305,-0.06314848,0.07857662,-1.310736,0.5540503,-0.3730102,-0.49927,-0.551925,
1,2,3.307,-0.06314848,0.07857662,-1.310736,0.5540503,-0.3730102,-0.49927,-0.551925,
1,2,3.309,-0.06314848,0.07857662,-1.310736,0.5540503,-0.3730102,-0.49927,-0.551925,
1,2,3.311,-0.06314848,0.07857662,-1.310736,0.5540503,-0.3730102,-0.49927,-0.551925,
1,2,3.313,-0.06312231,0.07859291,-1.310764,0.5540525,-0.3729697,-0.4992619,-0.5519574,
1,2,3.315,-0.06312231,0.07859291,-1.310764,0.5540525,-0.3729697,-0.4992619,-0.5519574,
1,2,3.317,-0.06312231,0.07859291,-1.310764,0.5540525,-0.3729697,-0.4992619,-0.5519574,
1,2,3.319,-0.06312231,0.07859291,-1.310764,0.5540525,-0.3729697,-0.4992619,-0.5519574,
1,2,3.321,-0.06314395,0.07858598,-1.31076,0.5540563,-0.3730078,-0.4992434,-0.5519447,
1,2,3.323,-0.06314395,0.07858598,-1.31076,0.5540563,-0.3730078,-0.4992434,-0.5519447,
1,2,3.325,-0.06314395,0.07858598,-1.31076,0.5540563,-0.3730078,-0.4992434,-0.5519447,
1,2,3.327,-0.06314395,0.07858598,-1.31076,0.5540563,-0.3730078,-0.4992434,-0.5519447,
1,2,3.329,-0.06314377,0.07860789,-1.310751,0.5540166,-0.3729174,-0.4993233,-0.5519733,
1,2,3.331,-0.06314377,0.07860789,-1.310751,0.5540166,-0.3729174,-0.4993233,-0.5519733,
1,2,3.333,-0.06314377,0.07860789,-1.310751,0.5540166,-0.3729174,-0.4993233,-0.5519733,
1,2,3.335,-0.06314377,0.07860789,-1.310751,0.5540166,-0.3729174,-0.4993233,-0.5519733,
1,2,3.337,-0.06312194,0.07860003,-1.310769,0.5540297,-0.3729109,-0.4993122,-0.5519746,
1,2,3.339,-0.06312194,0.07860003,-1.310769,0.5540297,-0.3729109,-0.4993122,-0.5519746,
1,2,3.341,-0.06312194,0.07860003,-1.310769,0.5540297,-0.3729109,-0.4993122,-0.5519746,
1,2,3.343,-0.06312194,0.07860003,-1.310769,0.5540297,-0.3729109,-0.4993122,-0.5519746,
1,2,3.345,-0.06313647,0.07857591,-1.310745,0.5540486,-0.3729945,-0.4992675,-0.5519395,
1,2,3.347,-0.06313647,0.07857591,-1.310745,0.5540486,-0.3729945,-0.4992675,-0.5519395,
1,2,3.349,-0.06313647,0.07857591,-1.310745,0.5540486,-0.3729945,-0.4992675,-0.5519395,
1,2,3.351,-0.06313647,0.07857591,-1.310745,0.5540486,-0.3729945,-0.4992675,-0.5519395,
1,2,3.353,-0.06313647,0.07857591,-1.310745,0.5540486,-0.3729945,-0.4992675,-0.5519395,
1,2,3.355,-0.06316397,0.07860082,-1.310747,0.5540178,-0.3729955,-0.4993172,-0.5519249,
1,2,3.357,-0.06316397,0.07860082,-1.310747,0.5540178,-0.3729955,-0.4993172,-0.5519249,
1,2,3.359,-0.06316397,0.07860082,-1.310747,0.5540178,-0.3729955,-0.4993172,-0.5519249,
1,2,3.361,-0.06316397,0.07860082,-1.310747,0.5540178,-0.3729955,-0.4993172,-0.5519249,
1,2,3.363,-0.06313366,0.07859977,-1.310753,0.5540483,-0.3729516,-0.4992819,-0.5519558,
1,2,3.365,-0.06313366,0.07859977,-1.310753,0.5540483,-0.3729516,-0.4992819,-0.5519558,
1,2,3.367,-0.06313366,0.07859977,-1.310753,0.5540483,-0.3729516,-0.4992819,-0.5519558,
1,2,3.369,-0.06313366,0.07859977,-1.310753,0.5540483,-0.3729516,-0.4992819,-0.5519558,
1,2,3.371,-0.06318679,0.07861111,-1.310724,0.5540116,-0.3729424,-0.4993457,-0.5519409,
1,2,3.373,-0.06318679,0.07861111,-1.310724,0.5540116,-0.3729424,-0.4993457,-0.5519409,
1,2,3.375,-0.06318679,0.07861111,-1.310724,0.5540116,-0.3729424,-0.4993457,-0.5519409,
1,2,3.377,-0.06318679,0.07861111,-1.310724,0.5540116,-0.3729424,-0.4993457,-0.5519409,
1,2,3.379,-0.06320271,0.07860833,-1.310698,0.5539974,-0.3729507,-0.4993794,-0.5519193,
1,2,3.381,-0.06320271,0.07860833,-1.310698,0.5539974,-0.3729507,-0.4993794,-0.5519193,
1,2,3.383,-0.06320271,0.07860833,-1.310698,0.5539974,-0.3729507,-0.4993794,-0.5519193,
1,2,3.385,-0.06320271,0.07860833,-1.310698,0.5539974,-0.3729507,-0.4993794,-0.5519193,
1,2,3.387,-0.06314564,0.07859639,-1.310751,0.5540359,-0.3729643,-0.4993243,-0.5519214,
1,2,3.389,-0.06314564,0.07859639,-1.310751,0.5540359,-0.3729643,-0.4993243,-0.5519214,
1,2,3.391,-0.06314564,0.07859639,-1.310751,0.5540359,-0.3729643,-0.4993243,-0.5519214,
1,2,3.393,-0.06314564,0.07859639,-1.310751,0.5540359,-0.3729643,-0.4993243,-0.5519214,
1,2,3.395,-0.06313069,0.07859254,-1.310755,0.5540596,-0.3729985,-0.4992676,-0.5519258,
1,2,3.397,-0.06313069,0.07859254,-1.310755,0.5540596,-0.3729985,-0.4992676,-0.5519258,
1,2,3.399,-0.06313069,0.07859254,-1.310755,0.5540596,-0.3729985,-0.4992676,-0.5519258,
1,2,3.401,-0.06313069,0.07859254,-1.310755,0.5540596,-0.3729985,-0.4992676,-0.5519258,
1,2,3.403,-0.06313069,0.07859254,-1.310755,0.5540596,-0.3729985,-0.4992676,-0.5519258,
1,2,3.405,-0.0631139,0.07859923,-1.310764,0.5540703,-0.3730001,-0.4992326,-0.5519456,
1,2,3.407,-0.0631139,0.07859923,-1.310764,0.5540703,-0.3730001,-0.4992326,-0.5519456,
1,2,3.409,-0.0631139,0.07859923,-1.310764,0.5540703,-0.3730001,-0.4992326,-0.5519456,
1,2,3.411,-0.0631139,0.07859923,-1.310764,0.5540703,-0.3730001,-0.4992326,-0.5519456,
1,2,3.413,-0.06317502,0.07859948,-1.310736,0.5540283,-0.3729998,-0.4993133,-0.5519148,
1,2,3.415,-0.06317502,0.07859948,-1.310736,0.5540283,-0.3729998,-0.4993133,-0.5519148,
1,2,3.417,-0.06317502,0.07859948,-1.310736,0.5540283,-0.3729998,-0.4993133,-0.5519148,
1,2,3.419,-0.06317502,0.07859948,-1.310736,0.5540283,-0.3729998,-0.4993133,-0.5519148,
1,2,3.421,-0.06312329,0.07861256,-1.310745,0.5540407,-0.3729445,-0.4992861,-0.5519643,
1,2,3.423,-0.06312329,0.07861256,-1.310745,0.5540407,-0.3729445,-0.4992861,-0.5519643,
1,2,3.425,-0.06312329,0.07861256,-1.310745,0.5540407,-0.3729445,-0.4992861,-0.5519643,
1,2,3.427,-0.06312329,0.07861256,-1.310745,0.5540407,-0.3729445,-0.4992861,-0.5519643,
1,2,3.429,-0.06314276,0.078608,-1.310749,0.5540138,-0.3729289,-0.4993085,-0.5519818,
1,2,3.431,-0.06314276,0.078608,-1.310749,0.5540138,-0.3729289,-0.4993085,-0.5519818,
1,2,3.433,-0.06314276,0.078608,-1.310749,0.5540138,-0.3729289,-0.4993085,-0.5519818,
1,2,3.435,-0.06314276,0.078608,-1.310749,0.5540138,-0.3729289,-0.4993085,-0.5519818,
1,2,3.437,-0.06313645,0.07858938,-1.310764,0.5540179,-0.3729545,-0.499313,-0.5519563,
1,2,3.439,-0.06313645,0.07858938,-1.310764,0.5540179,-0.3729545,-0.499313,-0.5519563,
1,2,3.441,-0.06313645,0.07858938,-1.310764,0.5540179,-0.3729545,-0.499313,-0.5519563,
1,2,3.443,-0.06313645,0.07858938,-1.310764,0.5540179,-0.3729545,-0.499313,-0.5519563,
1,2,3.445,-0.06314415,0.07860313,-1.310748,0.5540382,-0.3729253,-0.4993074,-0.5519607,
1,2,3.447,-0.06314415,0.07860313,-1.310748,0.5540382,-0.3729253,-0.4993074,-0.5519607,
1,2,3.449,-0.06314415,0.07860313,-1.310748,0.5540382,-0.3729253,-0.4993074,-0.5519607,
1,2,3.451,-0.06314415,0.07860313,-1.310748,0.5540382,-0.3729253,-0.4993074,-0.5519607,
1,2,3.453,-0.06314415,0.07860313,-1.310748,0.5540382,-0.3729253,-0.4993074,-0.5519607,
1,2,3.455,-0.06314112,0.07859389,-1.310771,0.5540583,-0.3729782,-0.499261,-0.5519466,
1,2,3.457,-0.06314112,0.07859389,-1.310771,0.5540583,-0.3729782,-0.499261,-0.5519466,
1,2,3.459,-0.06314112,0.07859389,-1.310771,0.5540583,-0.3729782,-0.499261,-0.5519466,
1,2,3.461,-0.06314112,0.07859389,-1.310771,0.5540583,-0.3729782,-0.499261,-0.5519466,
1,2,3.463,-0.06319365,0.07859728,-1.31073,0.5540198,-0.3729725,-0.4993438,-0.5519142,
1,2,3.465,-0.06319365,0.07859728,-1.31073,0.5540198,-0.3729725,-0.4993438,-0.5519142,
1,2,3.467,-0.06319365,0.07859728,-1.31073,0.5540198,-0.3729725,-0.4993438,-0.5519142,
1,2,3.469,-0.06319365,0.07859728,-1.31073,0.5540198,-0.3729725,-0.4993438,-0.5519142,
1,2,3.471,-0.0631341,0.07859561,-1.310778,0.5540495,-0.3730524,-0.4992447,-0.5519202,
1,2,3.473,-0.0631341,0.07859561,-1.310778,0.5540495,-0.3730524,-0.4992447,-0.5519202,
1,2,3.475,-0.0631341,0.07859561,-1.310778,0.5540495,-0.3730524,-0.4992447,-0.5519202,
1,2,3.477,-0.0631341,0.07859561,-1.310778,0.5540495,-0.3730524,-0.4992447,-0.5519202,
1,2,3.479,-0.06311159,0.07860263,-1.31079,0.5540411,-0.3729788,-0.4992614,-0.5519632,
1,2,3.481,-0.06311159,0.07860263,-1.31079,0.5540411,-0.3729788,-0.4992614,-0.5519632,
1,2,3.483,-0.06311159,0.07860263,-1.31079,0.5540411,-0.3729788,-0.4992614,-0.5519632,
1,2,3.485,-0.06311159,0.07860263,-1.31079,0.5540411,-0.3729788,-0.4992614,-0.5519632,
1,2,3.487,-0.06318237,0.07858531,-1.310701,0.5540092,-0.3729661,-0.4993349,-0.5519372,
1,2,3.489,-0.06318237,0.07858531,-1.310701,0.5540092,-0.3729661,-0.4993349,-0.5519372,
1,2,3.491,-0.06318237,0.07858531,-1.310701,0.5540092,-0.3729661,-0.4993349,-0.5519372,
1,2,3.493,-0.06318237,0.07858531,-1.310701,0.5540092,-0.3729661,-0.4993349,-0.5519372,
1,2,3.495,-0.0631758,0.07860201,-1.310732,0.5539982,-0.372979,-0.4993309,-0.5519432,
1,2,3.497,-0.0631758,0.07860201,-1.310732,0.5539982,-0.372979,-0.4993309,-0.5519432,
1,2,3.499,-0.0631758,0.07860201,-1.310732,0.5539982,-0.372979,-0.4993309,-0.5519432,
1,2,3.501,-0.0631758,0.07860201,-1.310732,0.5539982,-0.372979,-0.4993309,-0.5519432,
1,2,3.503,-0.0631758,0.07860201,-1.310732,0.5539982,-0.372979,-0.4993309,-0.5519432,
1,2,3.505,-0.06313606,0.0785979,-1.310753,0.5540254,-0.3729053,-0.499343,-0.5519549,
1,2,3.507,-0.06313606,0.0785979,-1.310753,0.5540254,-0.3729053,-0.499343,-0.5519549,
1,2,3.509,-0.06313606,0.0785979,-1.310753,0.5540254,-0.3729053,-0.499343,-0.5519549,
1,2,3.511,-0.06313606,0.0785979,-1.310753,0.5540254,-0.3729053,-0.499343,-0.5519549,
1,2,3.513,-0.06311828,0.07860629,-1.310776,0.5540235,-0.37292,-0.4993078,-0.5519785,
1,2,3.515,-0.06311828,0.07860629,-1.310776,0.5540235,-0.37292,-0.4993078,-0.5519785,
1,2,3.517,-0.06311828,0.07860629,-1.310776,0.5540235,-0.37292,-0.4993078,-0.5519785,
1,2,3.519,-0.06311828,0.07860629,-1.310776,0.5540235,-0.37292,-0.4993078,-0.5519785,
1,2,3.521,-0.06313087,0.07860228,-1.310755,0.5540107,-0.3729162,-0.4993312,-0.5519728,
1,2,3.523,-0.06313087,0.07860228,-1.310755,0.5540107,-0.3729162,-0.4993312,-0.5519728,
1,2,3.525,-0.06313087,0.07860228,-1.310755,0.5540107,-0.3729162,-0.4993312,-0.5519728,
1,2,3.527,-0.06313087,0.07860228,-1.310755,0.5540107,-0.3729162,-0.4993312,-0.5519728,
1,2,3.529,-0.06313229,0.07858841,-1.310753,0.5540351,-0.3729435,-0.4993047,-0.551954,
1,2,3.531,-0.06313229,0.07858841,-1.310753,0.5540351,-0.3729435,-0.4993047,-0.551954,
1,2,3.533,-0.06313229,0.07858841,-1.310753,0.5540351,-0.3729435,-0.4993047,-0.551954,
1,2,3.535,-0.06313229,0.07858841,-1.310753,0.5540351,-0.3729435,-0.4993047,-0.551954,
1,2,3.537,-0.06315608,0.0786043,-1.310745,0.554014,-0.3729043,-0.4993592,-0.5519522,
1,2,3.539,-0.06315608,0.0786043,-1.310745,0.554014,-0.3729043,-0.4993592,-0.5519522,
1,2,3.541,-0.06315608,0.0786043,-1.310745,0.554014,-0.3729043,-0.4993592,-0.5519522,
1,2,3.543,-0.06315608,0.0786043,-1.310745,0.554014,-0.3729043,-0.4993592,-0.5519522,
1,2,3.545,-0.06312938,0.07860517,-1.310753,0.5540416,-0.3729237,-0.4993008,-0.5519643,
1,2,3.547,-0.06312938,0.07860517,-1.310753,0.5540416,-0.3729237,-0.4993008,-0.5519643,
1,2,3.549,-0.06312938,0.07860517,-1.310753,0.5540416,-0.3729237,-0.4993008,-0.5519643,
1,2,3.551,-0.06312938,0.07860517,-1.310753,0.5540416,-0.3729237,-0.4993008,-0.5519643,
1,2,3.553,-0.06312938,0.07860517,-1.310753,0.5540416,-0.3729237,-0.4993008,-0.5519643,
1,2,3.555,-0.06311871,0.07858717,-1.310779,0.5540761,-0.3729661,-0.4992486,-0.5519483,
1,2,3.557,-0.06311871,0.07858717,-1.310779,0.5540761,-0.3729661,-0.4992486,-0.5519483,
1,2,3.559,-0.06311871,0.07858717,-1.310779,0.5540761,-0.3729661,-0.4992486,-0.5519483,
1,2,3.561,-0.06311871,0.07858717,-1.310779,0.5540761,-0.3729661,-0.4992486,-0.5519483,
1,2,3.563,-0.06311456,0.07859841,-1.310783,0.5540457,-0.3729621,-0.499252,-0.5519783,
1,2,3.565,-0.06311456,0.07859841,-1.310783,0.5540457,-0.3729621,-0.499252,-0.5519783,
1,2,3.567,-0.06311456,0.07859841,-1.310783,0.5540457,-0.3729621,-0.499252,-0.5519783,
1,2,3.569,-0.06311456,0.07859841,-1.310783,0.5540457,-0.3729621,-0.499252,-0.5519783,
1,2,3.571,-0.06314407,0.0786097,-1.310731,0.5539988,-0.3728872,-0.4993681,-0.5519711,
1,2,3.573,-0.06314407,0.0786097,-1.310731,0.5539988,-0.3728872,-0.4993681,-0.5519711,
1,2,3.575,-0.06314407,0.0786097,-1.310731,0.5539988,-0.3728872,-0.4993681,-0.5519711,
1,2,3.577,-0.06314407,0.0786097,-1.310731,0.5539988,-0.3728872,-0.4993681,-0.5519711,
1,2,3.579,-0.06318463,0.07861599,-1.310701,0.5539781,-0.3728307,-0.4994306,-0.5519734,
1,2,3.581,-0.06318463,0.07861599,-1.310701,0.5539781,-0.3728307,-0.4994306,-0.5519734,
1,2,3.583,-0.06318463,0.07861599,-1.310701,0.5539781,-0.3728307,-0.4994306,-0.5519734,
1,2,3.585,-0.06318463,0.07861599,-1.310701,0.5539781,-0.3728307,-0.4994306,-0.5519734,
1,2,3.587,-0.06320731,0.07860484,-1.31071,0.5539778,-0.3729183,-0.4993944,-0.5519473,
1,2,3.589,-0.06320731,0.07860484,-1.31071,0.5539778,-0.3729183,-0.4993944,-0.5519473,
1,2,3.591,-0.06320731,0.07860484,-1.31071,0.5539778,-0.3729183,-0.4993944,-0.5519473,
1,2,3.593,-0.06320731,0.07860484,-1.31071,0.5539778,-0.3729183,-0.4993944,-0.5519473,
1,2,3.595,-0.06314722,0.07859839,-1.310731,0.5540141,-0.3729184,-0.4993476,-0.551953,
1,2,3.597,-0.06314722,0.07859839,-1.310731,0.5540141,-0.3729184,-0.4993476,-0.551953,
1,2,3.599,-0.06314722,0.07859839,-1.310731,0.5540141,-0.3729184,-0.4993476,-0.551953,
1,2,3.601,-0.06314722,0.07859839,-1.310731,0.5540141,-0.3729184,-0.4993476,-0.551953,
1,2,3.603,-0.06314722,0.07859839,-1.310731,0.5540141,-0.3729184,-0.4993476,-0.551953,
1,2,3.605,-0.06313507,0.07860473,-1.310757,0.5540534,-0.372932,-0.4993166,-0.5519325,
1,2,3.607,-0.06313507,0.07860473,-1.310757,0.5540534,-0.372932,-0.4993166,-0.5519325,
1,2,3.609,-0.06313507,0.07860473,-1.310757,0.5540534,-0.372932,-0.4993166,-0.5519325,
1,2,3.611,-0.06313507,0.07860473,-1.310757,0.5540534,-0.372932,-0.4993166,-0.5519325,
1,2,3.613,-0.06316198,0.07861042,-1.310747,0.5540241,-0.3729427,-0.4993358,-0.5519373,
1,2,3.615,-0.06316198,0.07861042,-1.310747,0.5540241,-0.3729427,-0.4993358,-0.5519373,
1,2,3.617,-0.06316198,0.07861042,-1.310747,0.5540241,-0.3729427,-0.4993358,-0.5519373,
1,2,3.619,-0.06316198,0.07861042,-1.310747,0.5540241,-0.3729427,-0.4993358,-0.5519373,
1,2,3.621,-0.0631953,0.07861234,-1.310721,0.5539816,-0.3729286,-0.4993978,-0.5519335,
1,2,3.623,-0.0631953,0.07861234,-1.310721,0.5539816,-0.3729286,-0.4993978,-0.5519335,
1,2,3.625,-0.0631953,0.07861234,-1.310721,0.5539816,-0.3729286,-0.4993978,-0.5519335,
1,2,3.627,-0.0631953,0.07861234,-1.310721,0.5539816,-0.3729286,-0.4993978,-0.5519335,
1,2,3.629,-0.06315464,0.0786157,-1.310748,0.5540181,-0.3729266,-0.4993528,-0.5519389,
1,2,3.631,-0.06315464,0.0786157,-1.310748,0.5540181,-0.3729266,-0.4993528,-0.5519389,
1,2,3.633,-0.06315464,0.0786157,-1.310748,0.5540181,-0.3729266,-0.4993528,-0.5519389,
1,2,3.635,-0.06315464,0.0786157,-1.310748,0.5540181,-0.3729266,-0.4993528,-0.5519389,
1,2,3.637,-0.06318168,0.07860576,-1.310726,0.5540382,-0.3729675,-0.4993173,-0.5519232,
1,2,3.639,-0.06318168,0.07860576,-1.310726,0.5540382,-0.3729675,-0.4993173,-0.5519232,
1,2,3.641,-0.06318168,0.07860576,-1.310726,0.5540382,-0.3729675,-0.4993173,-0.5519232,
1,2,3.643,-0.06318168,0.07860576,-1.310726,0.5540382,-0.3729675,-0.4993173,-0.5519232,
1,2,3.645,-0.06314572,0.07860267,-1.310743,0.5540346,-0.3729467,-0.4993159,-0.5519422,
1,2,3.647,-0.06314572,0.07860267,-1.310743,0.5540346,-0.3729467,-0.4993159,-0.5519422,
1,2,3.649,-0.06314572,0.07860267,-1.310743,0.5540346,-0.3729467,-0.4993159,-0.5519422,
1,2,3.651,-0.06314572,0.07860267,-1.310743,0.5540346,-0.3729467,-0.4993159,-0.5519422,
1,2,3.653,-0.06314572,0.07860267,-1.310743,0.5540346,-0.3729467,-0.4993159,-0.5519422,
1,2,3.655,-0.06313634,0.07860681,-1.310763,0.5540345,-0.3729057,-0.4993331,-0.5519542,
1,2,3.657,-0.06313634,0.07860681,-1.310763,0.5540345,-0.3729057,-0.4993331,-0.5519542,
1,2,3.659,-0.06313634,0.07860681,-1.310763,0.5540345,-0.3729057,-0.4993331,-0.5519542,
1,2,3.661,-0.06313634,0.07860681,-1.310763,0.5540345,-0.3729057,-0.4993331,-0.5519542,
1,2,3.663,-0.06313992,0.07862122,-1.310756,0.5540251,-0.3728809,-0.4993328,-0.5519809,
1,2,3.665,-0.06313992,0.07862122,-1.310756,0.5540251,-0.3728809,-0.4993328,-0.5519809,
1,2,3.667,-0.06313992,0.07862122,-1.310756,0.5540251,-0.3728809,-0.4993328,-0.5519809,
1,2,3.669,-0.06313992,0.07862122,-1.310756,0.5540251,-0.3728809,-0.4993328,-0.5519809,
1,2,3.671,-0.06314353,0.07863416,-1.310741,0.5540137,-0.3728458,-0.4993728,-0.5519798,
1,2,3.673,-0.06314353,0.07863416,-1.310741,0.5540137,-0.3728458,-0.4993728,-0.5519798,
1,2,3.675,-0.06314353,0.07863416,-1.310741,0.5540137,-0.3728458,-0.4993728,-0.5519798,
1,2,3.677,-0.06314353,0.07863416,-1.310741,0.5540137,-0.3728458,-0.4993728,-0.5519798,
1,2,3.679,-0.06319913,0.07861342,-1.310724,0.5539812,-0.3729206,-0.4993798,-0.5519556,
1,2,3.681,-0.06319913,0.07861342,-1.310724,0.5539812,-0.3729206,-0.4993798,-0.5519556,
1,2,3.683,-0.06319913,0.07861342,-1.310724,0.5539812,-0.3729206,-0.4993798,-0.5519556,
1,2,3.685,-0.06319913,0.07861342,-1.310724,0.5539812,-0.3729206,-0.4993798,-0.5519556,
1,2,3.687,-0.06316351,0.07861982,-1.310742,0.5540091,-0.372925,-0.4993541,-0.5519479,
1,2,3.689,-0.06316351,0.07861982,-1.310742,0.5540091,-0.372925,-0.4993541,-0.5519479,
1,2,3.691,-0.06316351,0.07861982,-1.310742,0.5540091,-0.372925,-0.4993541,-0.5519479,
1,2,3.693,-0.06316351,0.07861982,-1.310742,0.5540091,-0.372925,-0.4993541,-0.5519479,
1,2,3.695,-0.0631477,0.07862945,-1.310734,0.5540128,-0.372858,-0.4993769,-0.5519687,
1,2,3.697,-0.0631477,0.07862945,-1.310734,0.5540128,-0.372858,-0.4993769,-0.5519687,
1,2,3.699,-0.0631477,0.07862945,-1.310734,0.5540128,-0.372858,-0.4993769,-0.5519687,
1,2,3.701,-0.0631477,0.07862945,-1.310734,0.5540128,-0.372858,-0.4993769,-0.5519687,
1,2,3.703,-0.0631477,0.07862945,-1.310734,0.5540128,-0.372858,-0.4993769,-0.5519687,
1,2,3.705,-0.06313639,0.07861267,-1.310768,0.5540307,-0.3729232,-0.4993029,-0.5519737,
1,2,3.707,-0.06313639,0.07861267,-1.310768,0.5540307,-0.3729232,-0.4993029,-0.5519737,
1,2,3.709,-0.06313639,0.07861267,-1.310768,0.5540307,-0.3729232,-0.4993029,-0.5519737,
1,2,3.711,-0.06313639,0.07861267,-1.310768,0.5540307,-0.3729232,-0.4993029,-0.5519737,
1,2,3.713,-0.06312526,0.07858335,-1.310783,0.5540485,-0.3729827,-0.499266,-0.5519491,
1,2,3.715,-0.06312526,0.07858335,-1.310783,0.5540485,-0.3729827,-0.499266,-0.5519491,
1,2,3.717,-0.06312526,0.07858335,-1.310783,0.5540485,-0.3729827,-0.499266,-0.5519491,
1,2,3.719,-0.06312526,0.07858335,-1.310783,0.5540485,-0.3729827,-0.499266,-0.5519491,
1,2,3.721,-0.06315531,0.07859601,-1.310737,0.554018,-0.3729855,-0.4993007,-0.5519463,
1,2,3.723,-0.06315531,0.07859601,-1.310737,0.554018,-0.3729855,-0.4993007,-0.5519463,
1,2,3.725,-0.06315531,0.07859601,-1.310737,0.554018,-0.3729855,-0.4993007,-0.5519463,
1,2,3.727,-0.06315531,0.07859601,-1.310737,0.554018,-0.3729855,-0.4993007,-0.5519463,
1,2,3.729,-0.06317219,0.07858947,-1.310748,0.5540236,-0.3729998,-0.4992858,-0.5519444,
1,2,3.731,-0.06317219,0.07858947,-1.310748,0.5540236,-0.3729998,-0.4992858,-0.5519444,
1,2,3.733,-0.06317219,0.07858947,-1.310748,0.5540236,-0.3729998,-0.4992858,-0.5519444,
1,2,3.735,-0.06317219,0.07858947,-1.310748,0.5540236,-0.3729998,-0.4992858,-0.5519444,
1,2,3.737,-0.06316532,0.07862687,-1.310732,0.5540099,-0.3728894,-0.4993641,-0.551962,
1,2,3.739,-0.06316532,0.07862687,-1.310732,0.5540099,-0.3728894,-0.4993641,-0.551962,
1,2,3.741,-0.06316532,0.07862687,-1.310732,0.5540099,-0.3728894,-0.4993641,-0.551962,
1,2,3.743,-0.06316532,0.07862687,-1.310732,0.5540099,-0.3728894,-0.4993641,-0.551962,
1,2,3.745,-0.06311452,0.0786028,-1.310774,0.5540448,-0.3729137,-0.4992968,-0.5519714,
1,2,3.747,-0.06311452,0.0786028,-1.310774,0.5540448,-0.3729137,-0.4992968,-0.5519714,
1,2,3.749,-0.06311452,0.0786028,-1.310774,0.5540448,-0.3729137,-0.4992968,-0.5519714,
1,2,3.751,-0.06311452,0.0786028,-1.310774,0.5540448,-0.3729137,-0.4992968,-0.5519714,
1,2,3.753,-0.06311452,0.0786028,-1.310774,0.5540448,-0.3729137,-0.4992968,-0.5519714,
1,2,3.755,-0.06313541,0.0786222,-1.31076,0.5540344,-0.3728837,-0.4993104,-0.5519898,
1,2,3.757,-0.06313541,0.0786222,-1.31076,0.5540344,-0.3728837,-0.4993104,-0.5519898,
1,2,3.759,-0.06313541,0.0786222,-1.31076,0.5540344,-0.3728837,-0.4993104,-0.5519898,
1,2,3.761,-0.06313541,0.0786222,-1.31076,0.5540344,-0.3728837,-0.4993104,-0.5519898,
1,2,3.763,-0.06314079,0.07859825,-1.310746,0.5540466,-0.372922,-0.4992681,-0.55199,
1,2,3.765,-0.06314079,0.07859825,-1.310746,0.5540466,-0.372922,-0.4992681,-0.55199,
1,2,3.767,-0.06314079,0.07859825,-1.310746,0.5540466,-0.372922,-0.4992681,-0.55199,
1,2,3.769,-0.06314079,0.07859825,-1.310746,0.5540466,-0.372922,-0.4992681,-0.55199,
1,2,3.771,-0.06310883,0.0786158,-1.310776,0.5540377,-0.372885,-0.499303,-0.5519923,
1,2,3.773,-0.06310883,0.0786158,-1.310776,0.5540377,-0.372885,-0.499303,-0.5519923,
1,2,3.775,-0.06310883,0.0786158,-1.310776,0.5540377,-0.372885,-0.499303,-0.5519923,
1,2,3.777,-0.06310883,0.0786158,-1.310776,0.5540377,-0.372885,-0.499303,-0.5519923,
1,2,3.779,-0.06316376,0.0786107,-1.310756,0.5540385,-0.3729782,-0.499278,-0.5519513,
1,2,3.781,-0.06316376,0.0786107,-1.310756,0.5540385,-0.3729782,-0.499278,-0.5519513,
1,2,3.783,-0.06316376,0.0786107,-1.310756,0.5540385,-0.3729782,-0.499278,-0.5519513,
1,2,3.785,-0.06316376,0.0786107,-1.310756,0.5540385,-0.3729782,-0.499278,-0.5519513,
1,2,3.787,-0.0631552,0.07859882,-1.310734,0.5540265,-0.3729588,-0.4992888,-0.5519667,
1,2,3.789,-0.0631552,0.07859882,-1.310734,0.5540265,-0.3729588,-0.4992888,-0.5519667,
1,2,3.791,-0.0631552,0.07859882,-1.310734,0.5540265,-0.3729588,-0.4992888,-0.5519667,
1,2,3.793,-0.0631552,0.07859882,-1.310734,0.5540265,-0.3729588,-0.4992888,-0.5519667,
1,2,3.795,-0.06315336,0.07859646,-1.31075,0.5540057,-0.3729317,-0.4993371,-0.5519621,
1,2,3.797,-0.06315336,0.07859646,-1.31075,0.5540057,-0.3729317,-0.4993371,-0.5519621,
1,2,3.799,-0.06315336,0.07859646,-1.31075,0.5540057,-0.3729317,-0.4993371,-0.5519621,
1,2,3.801,-0.06315336,0.07859646,-1.31075,0.5540057,-0.3729317,-0.4993371,-0.5519621,
1,2,3.803,-0.06315336,0.07859646,-1.31075,0.5540057,-0.3729317,-0.4993371,-0.5519621,
1,2,3.805,-0.06313243,0.07860162,-1.31076,0.5540318,-0.3729721,-0.4992935,-0.5519481,
1,2,3.807,-0.06313243,0.07860162,-1.31076,0.5540318,-0.3729721,-0.4992935,-0.5519481,
1,2,3.809,-0.06313243,0.07860162,-1.31076,0.5540318,-0.3729721,-0.4992935,-0.5519481,
1,2,3.811,-0.06313243,0.07860162,-1.31076,0.5540318,-0.3729721,-0.4992935,-0.5519481,
1,2,3.813,-0.06318489,0.07861032,-1.310738,0.5539913,-0.3730079,-0.4993323,-0.5519294,
1,2,3.815,-0.06318489,0.07861032,-1.310738,0.5539913,-0.3730079,-0.4993323,-0.5519294,
1,2,3.817,-0.06318489,0.07861032,-1.310738,0.5539913,-0.3730079,-0.4993323,-0.5519294,
1,2,3.819,-0.06318489,0.07861032,-1.310738,0.5539913,-0.3730079,-0.4993323,-0.5519294,
1,2,3.821,-0.06313789,0.07859392,-1.310769,0.5540555,-0.3730625,-0.499218,-0.5519314,
1,2,3.823,-0.06313789,0.07859392,-1.310769,0.5540555,-0.3730625,-0.499218,-0.5519314,
1,2,3.825,-0.06313789,0.07859392,-1.310769,0.5540555,-0.3730625,-0.499218,-0.5519314,
1,2,3.827,-0.06313789,0.07859392,-1.310769,0.5540555,-0.3730625,-0.499218,-0.5519314,
1,2,3.829,-0.06317984,0.0786025,-1.310729,0.5540271,-0.3729482,-0.4993343,-0.551932,
1,2,3.831,-0.06317984,0.0786025,-1.310729,0.5540271,-0.3729482,-0.4993343,-0.551932,
1,2,3.833,-0.06317984,0.0786025,-1.310729,0.5540271,-0.3729482,-0.4993343,-0.551932,
1,2,3.835,-0.06317984,0.0786025,-1.310729,0.5540271,-0.3729482,-0.4993343,-0.551932,
1,2,3.837,-0.06318503,0.07861611,-1.310698,0.5540061,-0.3729048,-0.4993758,-0.5519449,
1,2,3.839,-0.06318503,0.07861611,-1.310698,0.5540061,-0.3729048,-0.4993758,-0.5519449,
1,2,3.841,-0.06318503,0.07861611,-1.310698,0.5540061,-0.3729048,-0.4993758,-0.5519449,
1,2,3.843,-0.06318503,0.07861611,-1.310698,0.5540061,-0.3729048,-0.4993758,-0.5519449,
1,2,3.845,-0.06322064,0.07857544,-1.310684,0.5540036,-0.3730615,-0.4993126,-0.5518986,
1,2,3.847,-0.06322064,0.07857544,-1.310684,0.5540036,-0.3730615,-0.4993126,-0.5518986,
1,2,3.849,-0.06322064,0.07857544,-1.310684,0.5540036,-0.3730615,-0.4993126,-0.5518986,
1,2,3.851,-0.06322064,0.07857544,-1.310684,0.5540036,-0.3730615,-0.4993126,-0.5518986,
1,2,3.853,-0.06322064,0.07857544,-1.310684,0.5540036,-0.3730615,-0.4993126,-0.5518986,
1,2,3.855,-0.06312735,0.07862326,-1.310751,0.5540274,-0.3729179,-0.4993311,-0.5519549,
1,2,3.857,-0.06312735,0.07862326,-1.310751,0.5540274,-0.3729179,-0.4993311,-0.5519549,
1,2,3.859,-0.06312735,0.07862326,-1.310751,0.5540274,-0.3729179,-0.4993311,-0.5519549,
1,2,3.861,-0.06312735,0.07862326,-1.310751,0.5540274,-0.3729179,-0.4993311,-0.5519549,
1,2,3.863,-0.0631208,0.07862568,-1.310748,0.5540236,-0.3728189,-0.499351,-0.5520078,
1,2,3.865,-0.0631208,0.07862568,-1.310748,0.5540236,-0.3728189,-0.499351,-0.5520078,
1,2,3.867,-0.0631208,0.07862568,-1.310748,0.5540236,-0.3728189,-0.499351,-0.5520078,
1,2,3.869,-0.0631208,0.07862568,-1.310748,0.5540236,-0.3728189,-0.499351,-0.5520078,
1,2,3.871,-0.06314756,0.07858992,-1.310775,0.5540532,-0.3729855,-0.4992382,-0.5519673,
1,2,3.873,-0.06314756,0.07858992,-1.310775,0.5540532,-0.3729855,-0.4992382,-0.5519673,
1,2,3.875,-0.06314756,0.07858992,-1.310775,0.5540532,-0.3729855,-0.4992382,-0.5519673,
1,2,3.877,-0.06314756,0.07858992,-1.310775,0.5540532,-0.3729855,-0.4992382,-0.5519673,
1,2,3.879,-0.06313883,0.07860396,-1.310739,0.5540226,-0.3729246,-0.499305,-0.5519789,
1,2,3.881,-0.06313883,0.07860396,-1.310739,0.5540226,-0.3729246,-0.499305,-0.5519789,
1,2,3.883,-0.06313883,0.07860396,-1.310739,0.5540226,-0.3729246,-0.499305,-0.5519789,
1,2,3.885,-0.06313883,0.07860396,-1.310739,0.5540226,-0.3729246,-0.499305,-0.5519789,
1,2,3.887,-0.06316493,0.07857382,-1.310738,0.5540276,-0.3729644,-0.4992951,-0.5519561,
1,2,3.889,-0.06316493,0.07857382,-1.310738,0.5540276,-0.3729644,-0.4992951,-0.5519561,
1,2,3.891,-0.06316493,0.07857382,-1.310738,0.5540276,-0.3729644,-0.4992951,-0.5519561,
1,2,3.893,-0.06316493,0.07857382,-1.310738,0.5540276,-0.3729644,-0.4992951,-0.5519561,
1,2,3.895,-0.06312121,0.07862416,-1.310747,0.5540346,-0.3729044,-0.4992883,-0.5519957,
1,2,3.897,-0.06312121,0.07862416,-1.310747,0.5540346,-0.3729044,-0.4992883,-0.5519957,
1,2,3.899,-0.06312121,0.07862416,-1.310747,0.5540346,-0.3729044,-0.4992883,-0.5519957,
1,2,3.901,-0.06312121,0.07862416,-1.310747,0.5540346,-0.3729044,-0.4992883,-0.5519957,
1,2,3.903,-0.06312121,0.07862416,-1.310747,0.5540346,-0.3729044,-0.4992883,-0.5519957,
1,2,3.905,-0.06312984,0.07858344,-1.31077,0.5540654,-0.3730423,-0.4992122,-0.5519403,
1,2,3.907,-0.06312984,0.07858344,-1.31077,0.5540654,-0.3730423,-0.4992122,-0.5519403,
1,2,3.909,-0.06312984,0.07858344,-1.31077,0.5540654,-0.3730423,-0.4992122,-0.5519403,
1,2,3.911,-0.06312984,0.07858344,-1.31077,0.5540654,-0.3730423,-0.4992122,-0.5519403,
1,2,3.913,-0.06314769,0.07861486,-1.310736,0.5540197,-0.37288,-0.4993369,-0.5519831,
1,2,3.915,-0.06314769,0.07861486,-1.310736,0.5540197,-0.37288,-0.4993369,-0.5519831,
1,2,3.917,-0.06314769,0.07861486,-1.310736,0.5540197,-0.37288,-0.4993369,-0.5519831,
1,2,3.919,-0.06314769,0.07861486,-1.310736,0.5540197,-0.37288,-0.4993369,-0.5519831,
1,2,3.921,-0.06316406,0.07860437,-1.310716,0.5539867,-0.3729196,-0.4993839,-0.5519471,
1,2,3.923,-0.06316406,0.07860437,-1.310716,0.5539867,-0.3729196,-0.4993839,-0.5519471,
1,2,3.925,-0.06316406,0.07860437,-1.310716,0.5539867,-0.3729196,-0.4993839,-0.5519471,
1,2,3.927,-0.06316406,0.07860437,-1.310716,0.5539867,-0.3729196,-0.4993839,-0.5519471,
1,2,3.929,-0.06311896,0.07860503,-1.31076,0.5540514,-0.3729383,-0.4993053,-0.5519406,
1,2,3.931,-0.06311896,0.07860503,-1.31076,0.5540514,-0.3729383,-0.4993053,-0.5519406,
1,2,3.933,-0.06311896,0.07860503,-1.31076,0.5540514,-0.3729383,-0.4993053,-0.5519406,
1,2,3.935,-0.06311896,0.07860503,-1.31076,0.5540514,-0.3729383,-0.4993053,-0.5519406,
1,2,3.937,-0.0631169,0.07860492,-1.310765,0.5540767,-0.3729195,-0.4992614,-0.5519675,
1,2,3.939,-0.0631169,0.07860492,-1.310765,0.5540767,-0.3729195,-0.4992614,-0.5519675,
1,2,3.941,-0.0631169,0.07860492,-1.310765,0.5540767,-0.3729195,-0.4992614,-0.5519675,
1,2,3.943,-0.0631169,0.07860492,-1.310765,0.5540767,-0.3729195,-0.4992614,-0.5519675,
1,2,3.945,-0.06311963,0.0786026,-1.310764,0.5540859,-0.3729312,-0.4992467,-0.5519637,
1,2,3.947,-0.06311963,0.0786026,-1.310764,0.5540859,-0.3729312,-0.4992467,-0.5519637,
1,2,3.949,-0.06311963,0.0786026,-1.310764,0.5540859,-0.3729312,-0.4992467,-0.5519637,
1,2,3.951,-0.06311963,0.0786026,-1.310764,0.5540859,-0.3729312,-0.4992467,-0.5519637,
1,2,3.953,-0.06311963,0.0786026,-1.310764,0.5540859,-0.3729312,-0.4992467,-0.5519637,
1,2,3.955,-0.06319486,0.07860827,-1.31071,0.5540238,-0.372945,-0.4993303,-0.551941,
1,2,3.957,-0.06319486,0.07860827,-1.31071,0.5540238,-0.372945,-0.4993303,-0.551941,
1,2,3.959,-0.06319486,0.07860827,-1.31071,0.5540238,-0.372945,-0.4993303,-0.551941,
1,2,3.961,-0.06319486,0.07860827,-1.31071,0.5540238,-0.372945,-0.4993303,-0.551941,
1,2,3.963,-0.06313258,0.07861576,-1.31075,0.5540745,-0.3729412,-0.4992737,-0.551944,
1,2,3.965,-0.06313258,0.07861576,-1.31075,0.5540745,-0.3729412,-0.4992737,-0.551944,
1,2,3.967,-0.06313258,0.07861576,-1.31075,0.5540745,-0.3729412,-0.4992737,-0.551944,
1,2,3.969,-0.06313258,0.07861576,-1.31075,0.5540745,-0.3729412,-0.4992737,-0.551944,
1,2,3.971,-0.06311505,0.07859454,-1.310766,0.554087,-0.3729664,-0.4992497,-0.551936,
1,2,3.973,-0.06311505,0.07859454,-1.310766,0.554087,-0.3729664,-0.4992497,-0.551936,
1,2,3.975,-0.06311505,0.07859454,-1.310766,0.554087,-0.3729664,-0.4992497,-0.551936,
1,2,3.977,-0.06311505,0.07859454,-1.310766,0.554087,-0.3729664,-0.4992497,-0.551936,
1,2,3.979,-0.06313113,0.07857626,-1.310775,0.5540694,-0.373005,-0.4992425,-0.5519342,
1,2,3.981,-0.06313113,0.07857626,-1.310775,0.5540694,-0.373005,-0.4992425,-0.5519342,
1,2,3.983,-0.06313113,0.07857626,-1.310775,0.5540694,-0.373005,-0.4992425,-0.5519342,
1,2,3.985,-0.06313113,0.07857626,-1.310775,0.5540694,-0.373005,-0.4992425,-0.5519342,
1,2,3.987,-0.0631396,0.07858268,-1.310763,0.5540515,-0.3730592,-0.499222,-0.5519341,
1,2,3.989,-0.0631396,0.07858268,-1.310763,0.5540515,-0.3730592,-0.499222,-0.5519341,
1,2,3.991,-0.0631396,0.07858268,-1.310763,0.5540515,-0.3730592,-0.499222,-0.5519341,
1,2,3.993,-0.0631396,0.07858268,-1.310763,0.5540515,-0.3730592,-0.499222,-0.5519341,
1,2,3.995,-0.06312532,0.07858946,-1.310772,0.5540599,-0.373027,-0.4992292,-0.5519409,
1,2,3.997,-0.06312532,0.07858946,-1.310772,0.5540599,-0.373027,-0.4992292,-0.5519409,
1,2,3.999,-0.06312532,0.07858946,-1.310772,0.5540599,-0.373027,-0.4992292,-0.5519409,
1,2,4.001,-0.06312532,0.07858946,-1.310772,0.5540599,-0.373027,-0.4992292,-0.5519409,
1,2,4.003,-0.06312532,0.07858946,-1.310772,0.5540599,-0.373027,-0.4992292,-0.5519409,
1,2,4.005,-0.06319899,0.07861507,-1.310712,0.5540062,-0.3729222,-0.4993412,-0.5519643,
1,2,4.007,-0.06319899,0.07861507,-1.310712,0.5540062,-0.3729222,-0.4993412,-0.5519643,
1,2,4.009,-0.06319899,0.07861507,-1.310712,0.5540062,-0.3729222,-0.4993412,-0.5519643,
1,2,4.011,-0.06319899,0.07861507,-1.310712,0.5540062,-0.3729222,-0.4993412,-0.5519643,
1,2,4.013,-0.06310998,0.07860222,-1.310754,0.5540794,-0.372938,-0.4992464,-0.5519659,
1,2,4.015,-0.06310998,0.07860222,-1.310754,0.5540794,-0.372938,-0.4992464,-0.5519659,
1,2,4.017,-0.06310998,0.07860222,-1.310754,0.5540794,-0.372938,-0.4992464,-0.5519659,
1,2,4.019,-0.06310998,0.07860222,-1.310754,0.5540794,-0.372938,-0.4992464,-0.5519659,
1,2,4.021,-0.06317522,0.07861865,-1.310723,0.5540193,-0.372893,-0.4993387,-0.5519733,
1,2,4.023,-0.06317522,0.07861865,-1.310723,0.5540193,-0.372893,-0.4993387,-0.5519733,
1,2,4.025,-0.06317522,0.07861865,-1.310723,0.5540193,-0.372893,-0.4993387,-0.5519733,
1,2,4.027,-0.06317522,0.07861865,-1.310723,0.5540193,-0.372893,-0.4993387,-0.5519733,
1,2,4.029,-0.06318755,0.07859675,-1.310722,0.55404,-0.3729487,-0.4993289,-0.5519235,
1,2,4.031,-0.06318755,0.07859675,-1.310722,0.55404,-0.3729487,-0.4993289,-0.5519235,
1,2,4.033,-0.06318755,0.07859675,-1.310722,0.55404,-0.3729487,-0.4993289,-0.5519235,
1,2,4.035,-0.06318755,0.07859675,-1.310722,0.55404,-0.3729487,-0.4993289,-0.5519235,
1,2,4.037,-0.06319921,0.07861073,-1.310701,0.5540002,-0.3729328,-0.4993767,-0.5519311,
1,2,4.039,-0.06319921,0.07861073,-1.310701,0.5540002,-0.3729328,-0.4993767,-0.5519311,
1,2,4.041,-0.06319921,0.07861073,-1.310701,0.5540002,-0.3729328,-0.4993767,-0.5519311,
1,2,4.043,-0.06319921,0.07861073,-1.310701,0.5540002,-0.3729328,-0.4993767,-0.5519311,
1,2,4.045,-0.06317667,0.07859752,-1.310722,0.5540094,-0.3729306,-0.4993711,-0.5519285,
1,2,4.047,-0.06317667,0.07859752,-1.310722,0.5540094,-0.3729306,-0.4993711,-0.5519285,
1,2,4.049,-0.06317667,0.07859752,-1.310722,0.5540094,-0.3729306,-0.4993711,-0.5519285,
1,2,4.051,-0.06317667,0.07859752,-1.310722,0.5540094,-0.3729306,-0.4993711,-0.5519285,
1,2,4.053,-0.06317667,0.07859752,-1.310722,0.5540094,-0.3729306,-0.4993711,-0.5519285,
1,2,4.055,-0.06316701,0.07860751,-1.310734,0.5539929,-0.3729142,-0.4993638,-0.5519625,
1,2,4.057,-0.06316701,0.07860751,-1.310734,0.5539929,-0.3729142,-0.4993638,-0.5519625,
1,2,4.059,-0.06316701,0.07860751,-1.310734,0.5539929,-0.3729142,-0.4993638,-0.5519625,
1,2,4.061,-0.06316701,0.07860751,-1.310734,0.5539929,-0.3729142,-0.4993638,-0.5519625,
1,2,4.063,-0.06311099,0.07861458,-1.310772,0.554024,-0.3729398,-0.4992976,-0.5519739,
1,2,4.065,-0.06311099,0.07861458,-1.310772,0.554024,-0.3729398,-0.4992976,-0.5519739,
1,2,4.067,-0.06311099,0.07861458,-1.310772,0.554024,-0.3729398,-0.4992976,-0.5519739,
1,2,4.069,-0.06311099,0.07861458,-1.310772,0.554024,-0.3729398,-0.4992976,-0.5519739,
1,2,4.071,-0.06317551,0.07860894,-1.310719,0.5539966,-0.3729255,-0.4993747,-0.5519415,
1,2,4.073,-0.06317551,0.07860894,-1.310719,0.5539966,-0.3729255,-0.4993747,-0.5519415,
1,2,4.075,-0.06317551,0.07860894,-1.310719,0.5539966,-0.3729255,-0.4993747,-0.5519415,
1,2,4.077,-0.06317551,0.07860894,-1.310719,0.5539966,-0.3729255,-0.4993747,-0.5519415,
1,2,4.079,-0.06320334,0.07860563,-1.310687,0.5539929,-0.3729203,-0.4993843,-0.5519398,
1,2,4.081,-0.06320334,0.07860563,-1.310687,0.5539929,-0.3729203,-0.4993843,-0.5519398,
1,2,4.083,-0.06320334,0.07860563,-1.310687,0.5539929,-0.3729203,-0.4993843,-0.5519398,
1,2,4.085,-0.06320334,0.07860563,-1.310687,0.5539929,-0.3729203,-0.4993843,-0.5519398,
1,2,4.087,-0.06313451,0.07857936,-1.310769,0.5540369,-0.3730094,-0.4992584,-0.5519495,
1,2,4.089,-0.06313451,0.07857936,-1.310769,0.5540369,-0.3730094,-0.4992584,-0.5519495,
1,2,4.091,-0.06313451,0.07857936,-1.310769,0.5540369,-0.3730094,-0.4992584,-0.5519495,
1,2,4.093,-0.06313451,0.07857936,-1.310769,0.5540369,-0.3730094,-0.4992584,-0.5519495,
1,2,4.095,-0.06313684,0.07858936,-1.310775,0.5540761,-0.3730505,-0.4992286,-0.5519094,
1,2,4.097,-0.06313684,0.07858936,-1.310775,0.5540761,-0.3730505,-0.4992286,-0.5519094,
1,2,4.099,-0.06313684,0.07858936,-1.310775,0.5540761,-0.3730505,-0.4992286,-0.5519094,
1,2,4.101,-0.06313684,0.07858936,-1.310775,0.5540761,-0.3730505,-0.4992286,-0.5519094,
1,2,4.103,-0.06313684,0.07858936,-1.310775,0.5540761,-0.3730505,-0.4992286,-0.5519094,
1,2,4.105,-0.06312855,0.07860595,-1.310765,0.554077,-0.3729539,-0.4992439,-0.5519598,
1,2,4.107,-0.06312855,0.07860595,-1.310765,0.554077,-0.3729539,-0.4992439,-0.5519598,
1,2,4.109,-0.06312855,0.07860595,-1.310765,0.554077,-0.3729539,-0.4992439,-0.5519598,
1,2,4.111,-0.06312855,0.07860595,-1.310765,0.554077,-0.3729539,-0.4992439,-0.5519598,
1,2,4.113,-0.06315766,0.07859271,-1.310742,0.5540514,-0.3730319,-0.4992667,-0.5519122,
1,2,4.115,-0.06315766,0.07859271,-1.310742,0.5540514,-0.3730319,-0.4992667,-0.5519122,
1,2,4.117,-0.06315766,0.07859271,-1.310742,0.5540514,-0.3730319,-0.4992667,-0.5519122,
1,2,4.119,-0.06315766,0.07859271,-1.310742,0.5540514,-0.3730319,-0.4992667,-0.5519122,
1,2,4.121,-0.06314128,0.07861064,-1.310748,0.5540355,-0.3729409,-0.4992766,-0.5519808,
1,2,4.123,-0.06314128,0.07861064,-1.310748,0.5540355,-0.3729409,-0.4992766,-0.5519808,
1,2,4.125,-0.06314128,0.07861064,-1.310748,0.5540355,-0.3729409,-0.4992766,-0.5519808,
1,2,4.127,-0.06314128,0.07861064,-1.310748,0.5540355,-0.3729409,-0.4992766,-0.5519808,
1,2,4.129,-0.06314906,0.07859431,-1.310751,0.554041,-0.3730313,-0.4992546,-0.551934,
1,2,4.131,-0.06314906,0.07859431,-1.310751,0.554041,-0.3730313,-0.4992546,-0.551934,
1,2,4.133,-0.06314906,0.07859431,-1.310751,0.554041,-0.3730313,-0.4992546,-0.551934,
1,2,4.135,-0.06314906,0.07859431,-1.310751,0.554041,-0.3730313,-0.4992546,-0.551934,
1,2,4.137,-0.06313429,0.07860775,-1.310754,0.5540438,-0.3729413,-0.4992923,-0.5519579,
1,2,4.139,-0.06313429,0.07860775,-1.310754,0.5540438,-0.3729413,-0.4992923,-0.5519579,
1,2,4.141,-0.06313429,0.07860775,-1.310754,0.5540438,-0.3729413,-0.4992923,-0.5519579,
1,2,4.143,-0.06313429,0.07860775,-1.310754,0.5540438,-0.3729413,-0.4992923,-0.5519579,
1,2,4.145,-0.06319058,0.07861105,-1.310701,0.553994,-0.3728833,-0.4993884,-0.5519601,
1,2,4.147,-0.06319058,0.07861105,-1.310701,0.553994,-0.3728833,-0.4993884,-0.5519601,
1,2,4.149,-0.06319058,0.07861105,-1.310701,0.553994,-0.3728833,-0.4993884,-0.5519601,
1,2,4.151,-0.06319058,0.07861105,-1.310701,0.553994,-0.3728833,-0.4993884,-0.5519601,
1,2,4.153,-0.06319058,0.07861105,-1.310701,0.553994,-0.3728833,-0.4993884,-0.5519601,
1,2,4.155,-0.0631335,0.07858562,-1.310752,0.5540487,-0.372999,-0.4992755,-0.5519293,
1,2,4.157,-0.0631335,0.07858562,-1.310752,0.5540487,-0.372999,-0.4992755,-0.5519293,
1,2,4.159,-0.0631335,0.07858562,-1.310752,0.5540487,-0.372999,-0.4992755,-0.5519293,
1,2,4.161,-0.0631335,0.07858562,-1.310752,0.5540487,-0.372999,-0.4992755,-0.5519293,
1,2,4.163,-0.06322028,0.07860995,-1.310714,0.5539792,-0.3729756,-0.4993863,-0.5519145,
1,2,4.165,-0.06322028,0.07860995,-1.310714,0.5539792,-0.3729756,-0.4993863,-0.5519145,
1,2,4.167,-0.06322028,0.07860995,-1.310714,0.5539792,-0.3729756,-0.4993863,-0.5519145,
1,2,4.169,-0.06322028,0.07860995,-1.310714,0.5539792,-0.3729756,-0.4993863,-0.5519145,
1,2,4.171,-0.06316777,0.07858586,-1.310719,0.5540158,-0.3730078,-0.4993137,-0.5519216,
1,2,4.173,-0.06316777,0.07858586,-1.310719,0.5540158,-0.3730078,-0.4993137,-0.5519216,
1,2,4.175,-0.06316777,0.07858586,-1.310719,0.5540158,-0.3730078,-0.4993137,-0.5519216,
1,2,4.177,-0.06316777,0.07858586,-1.310719,0.5540158,-0.3730078,-0.4993137,-0.5519216,
1,2,4.179,-0.06313477,0.07858408,-1.310759,0.554062,-0.3730355,-0.4992712,-0.5518951,
1,2,4.181,-0.06313477,0.07858408,-1.310759,0.554062,-0.3730355,-0.4992712,-0.5518951,CourtEnter
1,2,4.183,-0.06313477,0.07858408,-1.310759,0.554062,-0.3730355,-0.4992712,-0.5518951,
1,2,4.185,-0.06313477,0.07858408,-1.310759,0.554062,-0.3730355,-0.4992712,-0.5518951,
1,2,4.187,-0.06311314,0.07860778,-1.310781,0.5540665,-0.3729815,-0.4992568,-0.55194,
1,2,4.189,-0.06311314,0.07860778,-1.310781,0.5540665,-0.3729815,-0.4992568,-0.55194,CourtExit
1,2,4.191,-0.06311314,0.07860778,-1.310781,0.5540665,-0.3729815,-0.4992568,-0.55194,
1,2,4.193,-0.06311314,0.07860778,-1.310781,0.5540665,-0.3729815,-0.4992568,-0.55194,
1,2,4.195,-0.06312891,0.07861491,-1.310755,0.5540591,-0.3729213,-0.4992799,-0.5519673,
1,2,4.197,-0.06312891,0.07861491,-1.310755,0.5540591,-0.3729213,-0.4992799,-0.5519673,
1,2,4.199,-0.06312891,0.07861491,-1.310755,0.5540591,-0.3729213,-0.4992799,-0.5519673,
1,2,4.201,-0.06312891,0.07861491,-1.310755,0.5540591,-0.3729213,-0.4992799,-0.5519673,
1,2,4.203,-0.06312891,0.07861491,-1.310755,0.5540591,-0.3729213,-0.4992799,-0.5519673,
1,2,4.205,-0.06315227,0.07859525,-1.310737,0.5540689,-0.3730233,-0.4992536,-0.5519122,
1,2,4.207,-0.06315227,0.07859525,-1.310737,0.5540689,-0.3730233,-0.4992536,-0.5519122,
1,2,4.209,-0.06315227,0.07859525,-1.310737,0.5540689,-0.3730233,-0.4992536,-0.5519122,
1,2,4.211,-0.06315227,0.07859525,-1.310737,0.5540689,-0.3730233,-0.4992536,-0.5519122,
1,2,4.213,-0.06313291,0.07860442,-1.310747,0.5540628,-0.3729631,-0.4992633,-0.5519502,
1,2,4.215,-0.06313291,0.07860442,-1.310747,0.5540628,-0.3729631,-0.4992633,-0.5519502,
1,2,4.217,-0.06313291,0.07860442,-1.310747,0.5540628,-0.3729631,-0.4992633,-0.5519502,
1,2,4.219,-0.06313291,0.07860442,-1.310747,0.5540628,-0.3729631,-0.4992633,-0.5519502,
1,2,4.221,-0.06310877,0.07859874,-1.310772,0.5540792,-0.372956,-0.4992377,-0.5519618,
1,2,4.223,-0.06310877,0.07859874,-1.310772,0.5540792,-0.372956,-0.4992377,-0.5519618,
1,2,4.225,-0.06310877,0.07859874,-1.310772,0.5540792,-0.372956,-0.4992377,-0.5519618,
1,2,4.227,-0.06310877,0.07859874,-1.310772,0.5540792,-0.372956,-0.4992377,-0.5519618,
1,2,4.229,-0.06311905,0.07858273,-1.310778,0.554089,-0.3730417,-0.4991941,-0.5519336,
1,2,4.231,-0.06311905,0.07858273,-1.310778,0.554089,-0.3730417,-0.4991941,-0.5519336,
1,2,4.233,-0.06311905,0.07858273,-1.310778,0.554089,-0.3730417,-0.4991941,-0.5519336,
1,2,4.235,-0.06311905,0.07858273,-1.310778,0.554089,-0.3730417,-0.4991941,-0.5519336,
1,2,4.237,-0.0632272,0.07859691,-1.310692,0.554014,-0.3730003,-0.499337,-0.5519076,
1,2,4.239,-0.0632272,0.07859691,-1.310692,0.554014,-0.3730003,-0.499337,-0.5519076,
1,2,4.241,-0.0632272,0.07859691,-1.310692,0.554014,-0.3730003,-0.499337,-0.5519076,
1,2,4.243,-0.0632272,0.07859691,-1.310692,0.554014,-0.3730003,-0.499337,-0.5519076,
1,2,4.245,-0.06312901,0.07860213,-1.31076,0.5540771,-0.3729942,-0.4992337,-0.5519418,
1,2,4.247,-0.06312901,0.07860213,-1.31076,0.5540771,-0.3729942,-0.4992337,-0.5519418,
1,2,4.249,-0.06312901,0.07860213,-1.31076,0.5540771,-0.3729942,-0.4992337,-0.5519418,
1,2,4.251,-0.06312901,0.07860213,-1.31076,0.5540771,-0.3729942,-0.4992337,-0.5519418,
1,2,4.253,-0.06312901,0.07860213,-1.31076,0.5540771,-0.3729942,-0.4992337,-0.5519418,
1,2,4.255,-0.06318853,0.0785907,-1.310713,0.5540338,-0.3730149,-0.4992931,-0.5519176,
1,2,4.257,-0.06318853,0.0785907,-1.310713,0.5540338,-0.3730149,-0.4992931,-0.5519176,
1,2,4.259,-0.06318853,0.0785907,-1.310713,0.5540338,-0.3730149,-0.4992931,-0.5519176,
1,2,4.261,-0.06318853,0.0785907,-1.310713,0.5540338,-0.3730149,-0.4992931,-0.5519176,
1,2,4.263,-0.06316737,0.07860956,-1.310717,0.5540164,-0.3729424,-0.4993119,-0.5519669,
1,2,4.265,-0.06316737,0.07860956,-1.310717,0.5540164,-0.3729424,-0.4993119,-0.5519669,
1,2,4.267,-0.06316737,0.07860956,-1.310717,0.5540164,-0.3729424,-0.4993119,-0.5519669,
1,2,4.269,-0.06316737,0.07860956,-1.310717,0.5540164,-0.3729424,-0.4993119,-0.5519669,
1,2,4.271,-0.0631834,0.07860669,-1.310731,0.554026,-0.372967,-0.4993182,-0.551935,
1,2,4.273,-0.0631834,0.07860669,-1.310731,0.554026,-0.372967,-0.4993182,-0.551935,
1,2,4.275,-0.0631834,0.07860669,-1.310731,0.554026,-0.372967,-0.4993182,-0.551935,
1,2,4.277,-0.0631834,0.07860669,-1.310731,0.554026,-0.372967,-0.4993182,-0.551935,
1,2,4.279,-0.06315979,0.07859756,-1.31075,0.5540453,-0.3729832,-0.4992706,-0.5519477,
1,2,4.281,-0.06315979,0.07859756,-1.31075,0.5540453,-0.3729832,-0.4992706,-0.5519477,
1,2,4.283,-0.06315979,0.07859756,-1.31075,0.5540453,-0.3729832,-0.4992706,-0.5519477,
1,2,4.285,-0.06315979,0.07859756,-1.31075,0.5540453,-0.3729832,-0.4992706,-0.5519477,
1,2,4.287,-0.0631491,0.07860323,-1.310743,0.5540543,-0.3729621,-0.4992841,-0.5519406,
1,2,4.289,-0.0631491,0.07860323,-1.310743,0.5540543,-0.3729621,-0.4992841,-0.5519406,
1,2,4.291,-0.0631491,0.07860323,-1.310743,0.5540543,-0.3729621,-0.4992841,-0.5519406,
1,2,4.293,-0.0631491,0.07860323,-1.310743,0.5540543,-0.3729621,-0.4992841,-0.5519406,
1,2,4.295,-0.06312129,0.0786001,-1.310776,0.554071,-0.3730005,-0.4992365,-0.551941,
1,2,4.297,-0.06312129,0.0786001,-1.310776,0.554071,-0.3730005,-0.4992365,-0.551941,
1,2,4.299,-0.06312129,0.0786001,-1.310776,0.554071,-0.3730005,-0.4992365,-0.551941,
1,2,4.301,-0.06312129,0.0786001,-1.310776,0.554071,-0.3730005,-0.4992365,-0.551941,
1,2,4.303,-0.06312129,0.0786001,-1.310776,0.554071,-0.3730005,-0.4992365,-0.551941,
1,2,4.305,-0.06315829,0.07860427,-1.310754,0.5540277,-0.3729777,-0.4992884,-0.551953,
1,2,4.307,-0.06315829,0.07860427,-1.310754,0.5540277,-0.3729777,-0.4992884,-0.551953,
1,2,4.309,-0.06315829,0.07860427,-1.310754,0.5540277,-0.3729777,-0.4992884,-0.551953,
1,2,4.311,-0.06315829,0.07860427,-1.310754,0.5540277,-0.3729777,-0.4992884,-0.551953,
1,2,4.313,-0.0631342,0.07859436,-1.310762,0.554036,-0.3729763,-0.4992594,-0.5519719,
1,2,4.315,-0.0631342,0.07859436,-1.310762,0.554036,-0.3729763,-0.4992594,-0.5519719,
1,2,4.317,-0.0631342,0.07859436,-1.310762,0.554036,-0.3729763,-0.4992594,-0.5519719,
1,2,4.319,-0.0631342,0.07859436,-1.310762,0.554036,-0.3729763,-0.4992594,-0.5519719,
1,2,4.321,-0.0631383,0.07859236,-1.310756,0.5540506,-0.3729634,-0.4992567,-0.5519684,
1,2,4.323,-0.0631383,0.07859236,-1.310756,0.5540506,-0.3729634,-0.4992567,-0.5519684,
1,2,4.325,-0.0631383,0.07859236,-1.310756,0.5540506,-0.3729634,-0.4992567,-0.5519684,
1,2,4.327,-0.0631383,0.07859236,-1.310756,0.5540506,-0.3729634,-0.4992567,-0.5519684,
1,2,4.329,-0.06314721,0.07861214,-1.310742,0.5540625,-0.3729098,-0.4993035,-0.5519503,
1,2,4.331,-0.06314721,0.07861214,-1.310742,0.5540625,-0.3729098,-0.4993035,-0.5519503,
1,2,4.333,-0.06314721,0.07861214,-1.310742,0.5540625,-0.3729098,-0.4993035,-0.5519503,
1,2,4.335,-0.06314721,0.07861214,-1.310742,0.5540625,-0.3729098,-0.4993035,-0.5519503,
1,2,4.337,-0.06317382,0.07860184,-1.31074,0.5540384,-0.372977,-0.4993107,-0.5519226,
1,2,4.339,-0.06317382,0.07860184,-1.31074,0.5540384,-0.372977,-0.4993107,-0.5519226,
1,2,4.341,-0.06317382,0.07860184,-1.31074,0.5540384,-0.372977,-0.4993107,-0.5519226,
1,2,4.343,-0.06317382,0.07860184,-1.31074,0.5540384,-0.372977,-0.4993107,-0.5519226,
1,2,4.345,-0.06310093,0.07857683,-1.310791,0.554096,-0.3730784,-0.4991598,-0.5519328,
1,2,4.347,-0.06310093,0.07857683,-1.310791,0.554096,-0.3730784,-0.4991598,-0.5519328,
1,2,4.349,-0.06310093,0.07857683,-1.310791,0.554096,-0.3730784,-0.4991598,-0.5519328,
1,2,4.351,-0.06310093,0.07857683,-1.310791,0.554096,-0.3730784,-0.4991598,-0.5519328,
1,2,4.353,-0.06310093,0.07857683,-1.310791,0.554096,-0.3730784,-0.4991598,-0.5519328,
1,2,4.355,-0.06316686,0.07860229,-1.310738,0.5540413,-0.3730003,-0.4992671,-0.5519435,
1,2,4.357,-0.06316686,0.07860229,-1.310738,0.5540413,-0.3730003,-0.4992671,-0.5519435,
1,2,4.359,-0.06316686,0.07860229,-1.310738,0.5540413,-0.3730003,-0.4992671,-0.5519435,
1,2,4.361,-0.06316686,0.07860229,-1.310738,0.5540413,-0.3730003,-0.4992671,-0.5519435,
1,2,4.363,-0.06318736,0.07859013,-1.310737,0.5540486,-0.3730242,-0.49927,-0.5519173,
1,2,4.365,-0.06318736,0.07859013,-1.310737,0.5540486,-0.3730242,-0.49927,-0.5519173,
1,2,4.367,-0.06318736,0.07859013,-1.310737,0.5540486,-0.3730242,-0.49927,-0.5519173,
1,2,4.369,-0.06318736,0.07859013,-1.310737,0.5540486,-0.3730242,-0.49927,-0.5519173,
1,2,4.371,-0.06313425,0.07858902,-1.310746,0.5540459,-0.3730322,-0.4992575,-0.5519258,
1,2,4.373,-0.06313425,0.07858902,-1.310746,0.5540459,-0.3730322,-0.4992575,-0.5519258,
1,2,4.375,-0.06313425,0.07858902,-1.310746,0.5540459,-0.3730322,-0.4992575,-0.5519258,
1,2,4.377,-0.06313425,0.07858902,-1.310746,0.5540459,-0.3730322,-0.4992575,-0.5519258,
1,2,4.379,-0.06313771,0.07859433,-1.310746,0.5540486,-0.3729748,-0.4993019,-0.5519217,
1,2,4.381,-0.06313771,0.07859433,-1.310746,0.5540486,-0.3729748,-0.4993019,-0.5519217,
1,2,4.383,-0.06313771,0.07859433,-1.310746,0.5540486,-0.3729748,-0.4993019,-0.5519217,
1,2,4.385,-0.06313771,0.07859433,-1.310746,0.5540486,-0.3729748,-0.4993019,-0.5519217,
1,2,4.387,-0.06311978,0.07859147,-1.310765,0.5540798,-0.3730036,-0.499233,-0.5519334,
1,2,4.389,-0.06311978,0.07859147,-1.310765,0.5540798,-0.3730036,-0.499233,-0.5519334,
1,2,4.391,-0.06311978,0.07859147,-1.310765,0.5540798,-0.3730036,-0.499233,-0.5519334,
1,2,4.393,-0.06311978,0.07859147,-1.310765,0.5540798,-0.3730036,-0.499233,-0.5519334,
1,2,4.395,-0.06316792,0.07861434,-1.310718,0.5540481,-0.3729219,-0.4993255,-0.5519366,
1,2,4.397,-0.06316792,0.07861434,-1.310718,0.5540481,-0.3729219,-0.4993255,-0.5519366,
1,2,4.399,-0.06316792,0.07861434,-1.310718,0.5540481,-0.3729219,-0.4993255,-0.5519366,
1,2,4.401,-0.06316792,0.07861434,-1.310718,0.5540481,-0.3729219,-0.4993255,-0.5519366,
1,2,4.403,-0.06316792,0.07861434,-1.310718,0.5540481,-0.3729219,-0.4993255,-0.5519366,
1,2,4.405,-0.06318163,0.07860343,-1.310727,0.5540282,-0.3729854,-0.499318,-0.5519204,
1,2,4.407,-0.06318163,0.07860343,-1.310727,0.5540282,-0.3729854,-0.499318,-0.5519204,
1,2,4.409,-0.06318163,0.07860343,-1.310727,0.5540282,-0.3729854,-0.499318,-0.5519204,
1,2,4.411,-0.06318163,0.07860343,-1.310727,0.5540282,-0.3729854,-0.499318,-0.5519204,
1,2,4.413,-0.06318328,0.0786114,-1.310708,0.5540174,-0.3729566,-0.4993389,-0.5519319,
1,2,4.415,-0.06318328,0.0786114,-1.310708,0.5540174,-0.3729566,-0.4993389,-0.5519319,
1,2,4.417,-0.06318328,0.0786114,-1.310708,0.5540174,-0.3729566,-0.4993389,-0.5519319,
1,2,4.419,-0.06318328,0.0786114,-1.310708,0.5540174,-0.3729566,-0.4993389,-0.5519319,
1,2,4.421,-0.0631103,0.07860054,-1.310755,0.5540671,-0.3729417,-0.4992726,-0.5519521,
1,2,4.423,-0.0631103,0.07860054,-1.310755,0.5540671,-0.3729417,-0.4992726,-0.5519521,
1,2,4.425,-0.0631103,0.07860054,-1.310755,0.5540671,-0.3729417,-0.4992726,-0.5519521,
1,2,4.427,-0.0631103,0.07860054,-1.310755,0.5540671,-0.3729417,-0.4992726,-0.5519521,
1,2,4.429,-0.06316479,0.07861613,-1.310746,0.5540378,-0.3729148,-0.4993172,-0.5519593,
1,2,4.431,-0.06316479,0.07861613,-1.310746,0.5540378,-0.3729148,-0.4993172,-0.5519593,
1,2,4.433,-0.06316479,0.07861613,-1.310746,0.5540378,-0.3729148,-0.4993172,-0.5519593,
1,2,4.435,-0.06316479,0.07861613,-1.310746,0.5540378,-0.3729148,-0.4993172,-0.5519593,
1,2,4.437,-0.0631142,0.07860206,-1.310772,0.5540391,-0.3729593,-0.4992768,-0.5519645,
1,2,4.439,-0.0631142,0.07860206,-1.310772,0.5540391,-0.3729593,-0.4992768,-0.5519645,
1,2,4.441,-0.0631142,0.07860206,-1.310772,0.5540391,-0.3729593,-0.4992768,-0.5519645,
1,2,4.443,-0.0631142,0.07860206,-1.310772,0.5540391,-0.3729593,-0.4992768,-0.5519645,
1,2,4.445,-0.06317195,0.0785989,-1.310717,0.5540261,-0.3729195,-0.4993397,-0.5519475,
1,2,4.447,-0.06317195,0.0785989,-1.310717,0.5540261,-0.3729195,-0.4993397,-0.5519475,
1,2,4.449,-0.06317195,0.0785989,-1.310717,0.5540261,-0.3729195,-0.4993397,-0.5519475,
1,2,4.451,-0.06317195,0.0785989,-1.310717,0.5540261,-0.3729195,-0.4993397,-0.5519475,
1,2,4.453,-0.06317195,0.0785989,-1.310717,0.5540261,-0.3729195,-0.4993397,-0.5519475,
1,2,4.455,-0.06313002,0.07859746,-1.31074,0.5540419,-0.3729569,-0.4992828,-0.5519578,
1,2,4.457,-0.06313002,0.07859746,-1.31074,0.5540419,-0.3729569,-0.4992828,-0.5519578,
1,2,4.459,-0.06313002,0.07859746,-1.31074,0.5540419,-0.3729569,-0.4992828,-0.5519578,
1,2,4.461,-0.06313002,0.07859746,-1.31074,0.5540419,-0.3729569,-0.4992828,-0.5519578,
1,2,4.463,-0.06312735,0.07858939,-1.310781,0.5540411,-0.3729719,-0.4992614,-0.551968,
1,2,4.465,-0.06312735,0.07858939,-1.310781,0.5540411,-0.3729719,-0.4992614,-0.551968,
1,2,4.467,-0.06312735,0.07858939,-1.310781,0.5540411,-0.3729719,-0.4992614,-0.551968,
1,2,4.469,-0.06312735,0.07858939,-1.310781,0.5540411,-0.3729719,-0.4992614,-0.551968,
1,2,4.471,-0.06314859,0.07860276,-1.310753,0.5540749,-0.3729936,-0.4992415,-0.5519373,
1,2,4.473,-0.06314859,0.07860276,-1.310753,0.5540749,-0.3729936,-0.4992415,-0.5519373,
1,2,4.475,-0.06314859,0.07860276,-1.310753,0.5540749,-0.3729936,-0.4992415,-0.5519373,
1,2,4.477,-0.06314859,0.07860276,-1.310753,0.5540749,-0.3729936,-0.4992415,-0.5519373,
1,2,4.479,-0.06314438,0.07861314,-1.31074,0.5540358,-0.3728932,-0.4993301,-0.5519641,
1,2,4.481,-0.06314438,0.07861314,-1.31074,0.5540358,-0.3728932,-0.4993301,-0.5519641,
1,2,4.483,-0.06314438,0.07861314,-1.31074,0.5540358,-0.3728932,-0.4993301,-0.5519641,
1,2,4.485,-0.06314438,0.07861314,-1.31074,0.5540358,-0.3728932,-0.4993301,-0.5519641,
1,2,4.487,-0.06316459,0.07861009,-1.310715,0.554023,-0.3729064,-0.4993325,-0.551966,
1,2,4.489,-0.06316459,0.07861009,-1.310715,0.554023,-0.3729064,-0.4993325,-0.551966,
1,2,4.491,-0.06316459,0.07861009,-1.310715,0.554023,-0.3729064,-0.4993325,-0.551966,
1,2,4.493,-0.06316459,0.07861009,-1.310715,0.554023,-0.3729064,-0.4993325,-0.551966,
1,2,4.495,-0.06310525,0.0786126,-1.310775,0.5540705,-0.3729054,-0.4992618,-0.5519828,
1,2,4.497,-0.06310525,0.0786126,-1.310775,0.5540705,-0.3729054,-0.4992618,-0.5519828,
1,2,4.499,-0.06310525,0.0786126,-1.310775,0.5540705,-0.3729054,-0.4992618,-0.5519828,
1,2,4.501,-0.06310525,0.0786126,-1.310775,0.5540705,-0.3729054,-0.4992618,-0.5519828,
1,2,4.503,-0.06310525,0.0786126,-1.310775,0.5540705,-0.3729054,-0.4992618,-0.5519828,
1,2,4.505,-0.063201,0.07859623,-1.310697,0.5540317,-0.372957,-0.4993209,-0.5519334,
1,2,4.507,-0.063201,0.07859623,-1.310697,0.5540317,-0.372957,-0.4993209,-0.5519334,
1,2,4.509,-0.063201,0.07859623,-1.310697,0.5540317,-0.372957,-0.4993209,-0.5519334,
1,2,4.511,-0.063201,0.07859623,-1.310697,0.5540317,-0.372957,-0.4993209,-0.5519334,
1,2,4.513,-0.06316788,0.07860977,-1.310722,0.5540055,-0.3729253,-0.4993669,-0.5519397,
1,2,4.515,-0.06316788,0.07860977,-1.310722,0.5540055,-0.3729253,-0.4993669,-0.5519397,
1,2,4.517,-0.06316788,0.07860977,-1.310722,0.5540055,-0.3729253,-0.4993669,-0.5519397,
1,2,4.519,-0.06316788,0.07860977,-1.310722,0.5540055,-0.3729253,-0.4993669,-0.5519397,
1,2,4.521,-0.06314877,0.07858305,-1.310745,0.5540458,-0.3730334,-0.4992525,-0.5519297,
1,2,4.523,-0.06314877,0.07858305,-1.310745,0.5540458,-0.3730334,-0.4992525,-0.5519297,
1,2,4.525,-0.06314877,0.07858305,-1.310745,0.5540458,-0.3730334,-0.4992525,-0.5519297,
1,2,4.527,-0.06314877,0.07858305,-1.310745,0.5540458,-0.3730334,-0.4992525,-0.5519297,
1,2,4.529,-0.0631048,0.07859754,-1.310781,0.5540811,-0.3730333,-0.4991869,-0.5519536,
1,2,4.531,-0.0631048,0.07859754,-1.310781,0.5540811,-0.3730333,-0.4991869,-0.5519536,
1,2,4.533,-0.0631048,0.07859754,-1.310781,0.5540811,-0.3730333,-0.4991869,-0.5519536,
1,2,4.535,-0.0631048,0.07859754,-1.310781,0.5540811,-0.3730333,-0.4991869,-0.5519536,
1,2,4.537,-0.06316257,0.07859817,-1.310737,0.55403,-0.3729875,-0.499288,-0.5519445,
1,2,4.539,-0.06316257,0.07859817,-1.310737,0.55403,-0.3729875,-0.499288,-0.5519445,
1,2,4.541,-0.06316257,0.07859817,-1.310737,0.55403,-0.3729875,-0.499288,-0.5519445,
1,2,4.543,-0.06316257,0.07859817,-1.310737,0.55403,-0.3729875,-0.499288,-0.5519445,
1,2,4.545,-0.06318603,0.07860807,-1.31071,0.5540104,-0.3729472,-0.4993528,-0.5519327,
1,2,4.547,-0.06318603,0.07860807,-1.31071,0.5540104,-0.3729472,-0.4993528,-0.5519327,
1,2,4.549,-0.06318603,0.07860807,-1.31071,0.5540104,-0.3729472,-0.4993528,-0.5519327,
1,2,4.551,-0.06318603,0.07860807,-1.31071,0.5540104,-0.3729472,-0.4993528,-0.5519327,
1,2,4.553,-0.06318603,0.07860807,-1.31071,0.5540104,-0.3729472,-0.4993528,-0.5519327,
1,2,4.555,-0.06321794,0.07860213,-1.310717,0.5539981,-0.3729685,-0.4993863,-0.5519003,
1,2,4.557,-0.06321794,0.07860213,-1.310717,0.5539981,-0.3729685,-0.4993863,-0.5519003,
1,2,4.559,-0.06321794,0.07860213,-1.310717,0.5539981,-0.3729685,-0.4993863,-0.5519003,
1,2,4.561,-0.06321794,0.07860213,-1.310717,0.5539981,-0.3729685,-0.4993863,-0.5519003,
1,2,4.563,-0.06323523,0.07858918,-1.310689,0.5539897,-0.3730198,-0.4993612,-0.5518968,
1,2,4.565,-0.06323523,0.07858918,-1.310689,0.5539897,-0.3730198,-0.4993612,-0.5518968,
1,2,4.567,-0.06323523,0.07858918,-1.310689,0.5539897,-0.3730198,-0.4993612,-0.5518968,
1,2,4.569,-0.06323523,0.07858918,-1.310689,0.5539897,-0.3730198,-0.4993612,-0.5518968,
1,2,4.571,-0.06317614,0.0786145,-1.310738,0.5540171,-0.3729759,-0.4993329,-0.5519246,
1,2,4.573,-0.06317614,0.0786145,-1.310738,0.5540171,-0.3729759,-0.4993329,-0.5519246,
1,2,4.575,-0.06317614,0.0786145,-1.310738,0.5540171,-0.3729759,-0.4993329,-0.5519246,
1,2,4.577,-0.06317614,0.0786145,-1.310738,0.5540171,-0.3729759,-0.4993329,-0.5519246,
1,2,4.579,-0.06314135,0.07860536,-1.310745,0.5540247,-0.3729634,-0.4993025,-0.5519529,
1,2,4.581,-0.06314135,0.07860536,-1.310745,0.5540247,-0.3729634,-0.4993025,-0.5519529,
1,2,4.583,-0.06314135,0.07860536,-1.310745,0.5540247,-0.3729634,-0.4993025,-0.5519529,
1,2,4.585,-0.06314135,0.07860536,-1.310745,0.5540247,-0.3729634,-0.4993025,-0.5519529,
1,2,4.587,-0.06312811,0.07859501,-1.310748,0.554024,-0.3729671,-0.4992739,-0.5519769,
1,2,4.589,-0.06312811,0.07859501,-1.310748,0.554024,-0.3729671,-0.4992739,-0.5519769,
1,2,4.591,-0.06312811,0.07859501,-1.310748,0.554024,-0.3729671,-0.4992739,-0.5519769,
1,2,4.593,-0.06312811,0.07859501,-1.310748,0.554024,-0.3729671,-0.4992739,-0.5519769,
1,2,4.595,-0.06313434,0.07861441,-1.310743,0.5540273,-0.3729203,-0.4993115,-0.5519712,
1,2,4.597,-0.06313434,0.07861441,-1.310743,0.5540273,-0.3729203,-0.4993115,-0.5519712,
1,2,4.599,-0.06313434,0.07861441,-1.310743,0.5540273,-0.3729203,-0.4993115,-0.5519712,
1,2,4.601,-0.06313434,0.07861441,-1.310743,0.5540273,-0.3729203,-0.4993115,-0.5519712,
1,2,4.603,-0.06313434,0.07861441,-1.310743,0.5540273,-0.3729203,-0.4993115,-0.5519712,
1,2,4.605,-0.0631222,0.07858657,-1.310763,0.5540702,-0.3730238,-0.4992185,-0.5519425,
1,2,4.607,-0.0631222,0.07858657,-1.310763,0.5540702,-0.3730238,-0.4992185,-0.5519425,
1,2,4.609,-0.0631222,0.07858657,-1.310763,0.5540702,-0.3730238,-0.4992185,-0.5519425,
1,2,4.611,-0.0631222,0.07858657,-1.310763,0.5540702,-0.3730238,-0.4992185,-0.5519425,
1,2,4.613,-0.06314794,0.07860074,-1.310756,0.554023,-0.3729737,-0.4992837,-0.5519646,
1,2,4.615,-0.06314794,0.07860074,-1.310756,0.554023,-0.3729737,-0.4992837,-0.5519646,
1,2,4.617,-0.06314794,0.07860074,-1.310756,0.554023,-0.3729737,-0.4992837,-0.5519646,
1,2,4.619,-0.06314794,0.07860074,-1.310756,0.554023,-0.3729737,-0.4992837,-0.5519646,
1,2,4.621,-0.06310635,0.07858744,-1.310775,0.5540743,-0.3730231,-0.4992108,-0.5519458,
1,2,4.623,-0.06310635,0.07858744,-1.310775,0.5540743,-0.3730231,-0.4992108,-0.5519458,
1,2,4.625,-0.06310635,0.07858744,-1.310775,0.5540743,-0.3730231,-0.4992108,-0.5519458,
1,2,4.627,-0.06310635,0.07858744,-1.310775,0.5540743,-0.3730231,-0.4992108,-0.5519458,
1,2,4.629,-0.06313359,0.07860029,-1.310765,0.5540461,-0.3729848,-0.4992538,-0.5519611,
1,2,4.631,-0.06313359,0.07860029,-1.310765,0.5540461,-0.3729848,-0.4992538,-0.5519611,
1,2,4.633,-0.06313359,0.07860029,-1.310765,0.5540461,-0.3729848,-0.4992538,-0.5519611,
1,2,4.635,-0.06313359,0.07860029,-1.310765,0.5540461,-0.3729848,-0.4992538,-0.5519611,
1,2,4.637,-0.06320657,0.07859867,-1.310701,0.5539943,-0.3730047,-0.4993447,-0.5519173,
1,2,4.639,-0.06320657,0.07859867,-1.310701,0.5539943,-0.3730047,-0.4993447,-0.5519173,
1,2,4.641,-0.06320657,0.07859867,-1.310701,0.5539943,-0.3730047,-0.4993447,-0.5519173,
1,2,4.643,-0.06320657,0.07859867,-1.310701,0.5539943,-0.3730047,-0.4993447,-0.5519173,
1,2,4.645,-0.06313269,0.07859927,-1.310755,0.554041,-0.3729562,-0.4992869,-0.5519556,
1,2,4.647,-0.06313269,0.07859927,-1.310755,0.554041,-0.3729562,-0.4992869,-0.5519556,
1,2,4.649,-0.06313269,0.07859927,-1.310755,0.554041,-0.3729562,-0.4992869,-0.5519556,
1,2,4.651,-0.06313269,0.07859927,-1.310755,0.554041,-0.3729562,-0.4992869,-0.5519556,
1,2,4.653,-0.06313269,0.07859927,-1.310755,0.554041,-0.3729562,-0.4992869,-0.5519556,
1,2,4.655,-0.06312886,0.07862543,-1.310751,0.5540462,-0.3729002,-0.49931,-0.5519672,
1,2,4.657,-0.06312886,0.07862543,-1.310751,0.5540462,-0.3729002,-0.49931,-0.5519672,
1,2,4.659,-0.06312886,0.07862543,-1.310751,0.5540462,-0.3729002,-0.49931,-0.5519672,
1,2,4.661,-0.06312886,0.07862543,-1.310751,0.5540462,-0.3729002,-0.49931,-0.5519672,
1,2,4.663,-0.06318002,0.07860186,-1.310711,0.5539932,-0.3729527,-0.4993575,-0.551942,
1,2,4.665,-0.06318002,0.07860186,-1.310711,0.5539932,-0.3729527,-0.4993575,-0.551942,
1,2,4.667,-0.06318002,0.07860186,-1.310711,0.5539932,-0.3729527,-0.4993575,-0.551942,
1,2,4.669,-0.06318002,0.07860186,-1.310711,0.5539932,-0.3729527,-0.4993575,-0.551942,
1,2,4.671,-0.06318031,0.07859973,-1.310722,0.5540094,-0.3729858,-0.4993244,-0.5519332,
1,2,4.673,-0.06318031,0.07859973,-1.310722,0.5540094,-0.3729858,-0.4993244,-0.5519332,
1,2,4.675,-0.06318031,0.07859973,-1.310722,0.5540094,-0.3729858,-0.4993244,-0.5519332,
1,2,4.677,-0.06318031,0.07859973,-1.310722,0.5540094,-0.3729858,-0.4993244,-0.5519332,
1,2,4.679,-0.0631104,0.07860579,-1.310763,0.5540506,-0.3729557,-0.4992599,-0.5519706,
1,2,4.681,-0.0631104,0.07860579,-1.310763,0.5540506,-0.3729557,-0.4992599,-0.5519706,
1,2,4.683,-0.0631104,0.07860579,-1.310763,0.5540506,-0.3729557,-0.4992599,-0.5519706,
1,2,4.685,-0.0631104,0.07860579,-1.310763,0.5540506,-0.3729557,-0.4992599,-0.5519706,
1,2,4.687,-0.06318988,0.07860473,-1.310704,0.554014,-0.3729825,-0.4993544,-0.5519037,
1,2,4.689,-0.06318988,0.07860473,-1.310704,0.554014,-0.3729825,-0.4993544,-0.5519037,
1,2,4.691,-0.06318988,0.07860473,-1.310704,0.554014,-0.3729825,-0.4993544,-0.5519037,
1,2,4.693,-0.06318988,0.07860473,-1.310704,0.554014,-0.3729825,-0.4993544,-0.5519037,
1,2,4.695,-0.06318503,0.07859286,-1.310682,0.5540319,-0.3729917,-0.499323,-0.5519081,
1,2,4.697,-0.06318503,0.07859286,-1.310682,0.5540319,-0.3729917,-0.499323,-0.5519081,
1,2,4.699,-0.06318503,0.07859286,-1.310682,0.5540319,-0.3729917,-0.499323,-0.5519081,
1,2,4.701,-0.06318503,0.07859286,-1.310682,0.5540319,-0.3729917,-0.499323,-0.5519081,
1,2,4.703,-0.06318503,0.07859286,-1.310682,0.5540319,-0.3729917,-0.499323,-0.5519081,
1,2,4.705,-0.06312727,0.07861583,-1.310738,0.5540579,-0.3729385,-0.4992993,-0.5519393,
1,2,4.707,-0.06312727,0.07861583,-1.310738,0.5540579,-0.3729385,-0.4992993,-0.5519393,
1,2,4.709,-0.06312727,0.07861583,-1.310738,0.5540579,-0.3729385,-0.4992993,-0.5519393,
1,2,4.711,-0.06312727,0.07861583,-1.310738,0.5540579,-0.3729385,-0.4992993,-0.5519393,
1,2,4.713,-0.06319188,0.07860871,-1.31072,0.5540141,-0.3729176,-0.4993579,-0.5519444,
1,2,4.715,-0.06319188,0.07860871,-1.31072,0.5540141,-0.3729176,-0.4993579,-0.5519444,
1,2,4.717,-0.06319188,0.07860871,-1.31072,0.5540141,-0.3729176,-0.4993579,-0.5519444,
1,2,4.719,-0.06319188,0.07860871,-1.31072,0.5540141,-0.3729176,-0.4993579,-0.5519444,
1,2,4.721,-0.06311217,0.07857841,-1.310779,0.5540593,-0.3730244,-0.4992433,-0.5519305,
1,2,4.723,-0.06311217,0.07857841,-1.310779,0.5540593,-0.3730244,-0.4992433,-0.5519305,
1,2,4.725,-0.06311217,0.07857841,-1.310779,0.5540593,-0.3730244,-0.4992433,-0.5519305,
1,2,4.727,-0.06311217,0.07857841,-1.310779,0.5540593,-0.3730244,-0.4992433,-0.5519305,
1,2,4.729,-0.0631164,0.0785779,-1.310776,0.5540742,-0.3730443,-0.4992001,-0.5519412,
1,2,4.731,-0.0631164,0.0785779,-1.310776,0.5540742,-0.3730443,-0.4992001,-0.5519412,
1,2,4.733,-0.0631164,0.0785779,-1.310776,0.5540742,-0.3730443,-0.4992001,-0.5519412,
1,2,4.735,-0.0631164,0.0785779,-1.310776,0.5540742,-0.3730443,-0.4992001,-0.5519412,
1,2,4.737,-0.06315435,0.07860246,-1.310735,0.5540151,-0.3729784,-0.4992892,-0.5519645,
1,2,4.739,-0.06315435,0.07860246,-1.310735,0.5540151,-0.3729784,-0.4992892,-0.5519645,
1,2,4.741,-0.06315435,0.07860246,-1.310735,0.5540151,-0.3729784,-0.4992892,-0.5519645,
1,2,4.743,-0.06315435,0.07860246,-1.310735,0.5540151,-0.3729784,-0.4992892,-0.5519645,
1,2,4.745,-0.06313027,0.07859778,-1.310763,0.5540727,-0.3730181,-0.4992309,-0.5519326,
1,2,4.747,-0.06313027,0.07859778,-1.310763,0.5540727,-0.3730181,-0.4992309,-0.5519326,
1,2,4.749,-0.06313027,0.07859778,-1.310763,0.5540727,-0.3730181,-0.4992309,-0.5519326,
1,2,4.751,-0.06313027,0.07859778,-1.310763,0.5540727,-0.3730181,-0.4992309,-0.5519326,
1,2,4.753,-0.06313027,0.07859778,-1.310763,0.5540727,-0.3730181,-0.4992309,-0.5519326,
1,2,4.755,-0.06310368,0.07858592,-1.310788,0.5540855,-0.3730407,-0.4991902,-0.5519413,
1,2,4.757,-0.06310368,0.07858592,-1.310788,0.5540855,-0.3730407,-0.4991902,-0.5519413,
1,2,4.759,-0.06310368,0.07858592,-1.310788,0.5540855,-0.3730407,-0.4991902,-0.5519413,
1,2,4.761,-0.06310368,0.07858592,-1.310788,0.5540855,-0.3730407,-0.4991902,-0.5519413,
1,2,4.763,-0.06318021,0.07859241,-1.310725,0.5540611,-0.3730437,-0.4992448,-0.5519142,
1,2,4.765,-0.06318021,0.07859241,-1.310725,0.5540611,-0.3730437,-0.4992448,-0.5519142,
1,2,4.767,-0.06318021,0.07859241,-1.310725,0.5540611,-0.3730437,-0.4992448,-0.5519142,
1,2,4.769,-0.06318021,0.07859241,-1.310725,0.5540611,-0.3730437,-0.4992448,-0.5519142,
1,2,4.771,-0.06314708,0.07861368,-1.310728,0.5540398,-0.372975,-0.4992869,-0.5519441,
1,2,4.773,-0.06314708,0.07861368,-1.310728,0.5540398,-0.372975,-0.4992869,-0.5519441,
1,2,4.775,-0.06314708,0.07861368,-1.310728,0.5540398,-0.372975,-0.4992869,-0.5519441,
1,2,4.777,-0.06314708,0.07861368,-1.310728,0.5540398,-0.372975,-0.4992869,-0.5519441,
1,2,4.779,-0.06312865,0.07860577,-1.310749,0.5540552,-0.3729219,-0.4993029,-0.55195,
1,2,4.781,-0.06312865,0.07860577,-1.310749,0.5540552,-0.3729219,-0.4993029,-0.55195,
1,2,4.783,-0.06312865,0.07860577,-1.310749,0.5540552,-0.3729219,-0.4993029,-0.55195,
1,2,4.785,-0.06312865,0.07860577,-1.310749,0.5540552,-0.3729219,-0.4993029,-0.55195,
1,2,4.787,-0.06313607,0.07859217,-1.31075,0.5540822,-0.3729807,-0.4992553,-0.5519261,
1,2,4.789,-0.06313607,0.07859217,-1.31075,0.5540822,-0.3729807,-0.4992553,-0.5519261,
1,2,4.791,-0.06313607,0.07859217,-1.31075,0.5540822,-0.3729807,-0.4992553,-0.5519261,
1,2,4.793,-0.06313607,0.07859217,-1.31075,0.5540822,-0.3729807,-0.4992553,-0.5519261,
1,2,4.795,-0.06318343,0.07860988,-1.31071,0.554,-0.3729452,-0.499379,-0.5519209,
1,2,4.797,-0.06318343,0.07860988,-1.31071,0.554,-0.3729452,-0.499379,-0.5519209,
1,2,4.799,-0.06318343,0.07860988,-1.31071,0.554,-0.3729452,-0.499379,-0.5519209,
1,2,4.801,-0.06318343,0.07860988,-1.31071,0.554,-0.3729452,-0.499379,-0.5519209,
1,2,4.803,-0.06318343,0.07860988,-1.31071,0.554,-0.3729452,-0.499379,-0.5519209,
1,2,4.805,-0.06315549,0.07859088,-1.31074,0.5540386,-0.3730165,-0.4992901,-0.5519143,
1,2,4.807,-0.06315549,0.07859088,-1.31074,0.5540386,-0.3730165,-0.4992901,-0.5519143,
1,2,4.809,-0.06315549,0.07859088,-1.31074,0.5540386,-0.3730165,-0.4992901,-0.5519143,
1,2,4.811,-0.06315549,0.07859088,-1.31074,0.5540386,-0.3730165,-0.4992901,-0.5519143,
1,2,4.813,-0.06320721,0.07859103,-1.31072,0.5540031,-0.3730733,-0.4993088,-0.5518947,
1,2,4.815,-0.06320721,0.07859103,-1.31072,0.5540031,-0.3730733,-0.4993088,-0.5518947,
1,2,4.817,-0.06320721,0.07859103,-1.31072,0.5540031,-0.3730733,-0.4993088,-0.5518947,
1,2,4.819,-0.06320721,0.07859103,-1.31072,0.5540031,-0.3730733,-0.4993088,-0.5518947,
1,2,4.821,-0.06314763,0.07858142,-1.310731,0.5540637,-0.3730879,-0.499233,-0.5518926,
1,2,4.823,-0.06314763,0.07858142,-1.310731,0.5540637,-0.3730879,-0.499233,-0.5518926,
1,2,4.825,-0.06314763,0.07858142,-1.310731,0.5540637,-0.3730879,-0.499233,-0.5518926,
1,2,4.827,-0.06314763,0.07858142,-1.310731,0.5540637,-0.3730879,-0.499233,-0.5518926,
1,2,4.829,-0.06312381,0.07860146,-1.310764,0.554051,-0.3729958,-0.499248,-0.5519539,
1,2,4.831,-0.06312381,0.07860146,-1.310764,0.554051,-0.3729958,-0.499248,-0.5519539,
1,2,4.833,-0.06312381,0.07860146,-1.310764,0.554051,-0.3729958,-0.499248,-0.5519539,
1,2,4.835,-0.06312381,0.07860146,-1.310764,0.554051,-0.3729958,-0.499248,-0.5519539,
1,2,4.837,-0.0631175,0.0785968,-1.310777,0.55407,-0.3729808,-0.4992359,-0.5519559,
1,2,4.839,-0.0631175,0.0785968,-1.310777,0.55407,-0.3729808,-0.4992359,-0.5519559,
1,2,4.841,-0.0631175,0.0785968,-1.310777,0.55407,-0.3729808,-0.4992359,-0.5519559,
1,2,4.843,-0.0631175,0.0785968,-1.310777,0.55407,-0.3729808,-0.4992359,-0.5519559,
1,2,4.845,-0.06312777,0.07859619,-1.310747,0.5540462,-0.3730248,-0.4992569,-0.5519311,
1,2,4.847,-0.06312777,0.07859619,-1.310747,0.5540462,-0.3730248,-0.4992569,-0.5519311,
1,2,4.849,-0.06312777,0.07859619,-1.310747,0.5540462,-0.3730248,-0.4992569,-0.5519311,
1,2,4.851,-0.06312777,0.07859619,-1.310747,0.5540462,-0.3730248,-0.4992569,-0.5519311,
1,2,4.853,-0.06312777,0.07859619,-1.310747,0.5540462,-0.3730248,-0.4992569,-0.5519311,
1,2,4.855,-0.06311642,0.07860635,-1.310751,0.5540544,-0.3729665,-0.4992499,-0.5519686,
1,2,4.857,-0.06311642,0.07860635,-1.310751,0.5540544,-0.3729665,-0.4992499,-0.5519686,
1,2,4.859,-0.06311642,0.07860635,-1.310751,0.5540544,-0.3729665,-0.4992499,-0.5519686,
1,2,4.861,-0.06311642,0.07860635,-1.310751,0.5540544,-0.3729665,-0.4992499,-0.5519686,
1,2,4.863,-0.0631225,0.07860458,-1.310761,0.5540413,-0.3729341,-0.4992822,-0.5519746,
1,2,4.865,-0.0631225,0.07860458,-1.310761,0.5540413,-0.3729341,-0.4992822,-0.5519746,
1,2,4.867,-0.0631225,0.07860458,-1.310761,0.5540413,-0.3729341,-0.4992822,-0.5519746,
1,2,4.869,-0.0631225,0.07860458,-1.310761,0.5540413,-0.3729341,-0.4992822,-0.5519746,
1,2,4.871,-0.06313661,0.07860786,-1.310733,0.5540218,-0.3729355,-0.4993212,-0.5519577,
1,2,4.873,-0.06313661,0.07860786,-1.310733,0.5540218,-0.3729355,-0.4993212,-0.5519577,
1,2,4.875,-0.06313661,0.07860786,-1.310733,0.5540218,-0.3729355,-0.4993212,-0.5519577,
1,2,4.877,-0.06313661,0.07860786,-1.310733,0.5540218,-0.3729355,-0.4993212,-0.5519577,
1,2,4.879,-0.06312706,0.07860344,-1.310756,0.5540524,-0.3729551,-0.4992839,-0.5519477,
1,2,4.881,-0.06312706,0.07860344,-1.310756,0.5540524,-0.3729551,-0.4992839,-0.5519477,
1,2,4.883,-0.06312706,0.07860344,-1.310756,0.5540524,-0.3729551,-0.4992839,-0.5519477,
1,2,4.885,-0.06312706,0.07860344,-1.310756,0.5540524,-0.3729551,-0.4992839,-0.5519477,
1,2,4.887,-0.0631327,0.07861726,-1.310749,0.55402,-0.3729155,-0.4993259,-0.5519688,
1,2,4.889,-0.0631327,0.07861726,-1.310749,0.55402,-0.3729155,-0.4993259,-0.5519688,
1,2,4.891,-0.0631327,0.07861726,-1.310749,0.55402,-0.3729155,-0.4993259,-0.5519688,
1,2,4.893,-0.0631327,0.07861726,-1.310749,0.55402,-0.3729155,-0.4993259,-0.5519688,
1,2,4.895,-0.0631979,0.07859889,-1.310709,0.5540057,-0.3729607,-0.499342,-0.5519382,
1,2,4.897,-0.0631979,0.07859889,-1.310709,0.5540057,-0.3729607,-0.499342,-0.5519382,
1,2,4.899,-0.0631979,0.07859889,-1.310709,0.5540057,-0.3729607,-0.499342,-0.5519382,
1,2,4.901,-0.0631979,0.07859889,-1.310709,0.5540057,-0.3729607,-0.499342,-0.5519382,
1,2,4.903,-0.0631979,0.07859889,-1.310709,0.5540057,-0.3729607,-0.499342,-0.5519382,
1,2,4.905,-0.06314345,0.07860356,-1.31075,0.5540308,-0.372972,-0.4993005,-0.5519426,
1,2,4.907,-0.06314345,0.07860356,-1.31075,0.5540308,-0.372972,-0.4993005,-0.5519426,
1,2,4.909,-0.06314345,0.07860356,-1.31075,0.5540308,-0.372972,-0.4993005,-0.5519426,
1,2,4.911,-0.06314345,0.07860356,-1.31075,0.5540308,-0.372972,-0.4993005,-0.5519426,
1,2,4.913,-0.06318917,0.07860286,-1.310728,0.5540334,-0.3729886,-0.4993269,-0.5519051,
1,2,4.915,-0.06318917,0.07860286,-1.310728,0.5540334,-0.3729886,-0.4993269,-0.5519051,
1,2,4.917,-0.06318917,0.07860286,-1.310728,0.5540334,-0.3729886,-0.4993269,-0.5519051,
1,2,4.919,-0.06318917,0.07860286,-1.310728,0.5540334,-0.3729886,-0.4993269,-0.5519051,
1,2,4.921,-0.06321118,0.07858525,-1.310705,0.5540186,-0.3730256,-0.4993197,-0.5519013,
1,2,4.923,-0.06321118,0.07858525,-1.310705,0.5540186,-0.3730256,-0.4993197,-0.5519013,
1,2,4.925,-0.06321118,0.07858525,-1.310705,0.5540186,-0.3730256,-0.4993197,-0.5519013,
1,2,4.927,-0.06321118,0.07858525,-1.310705,0.5540186,-0.3730256,-0.4993197,-0.5519013,
1,2,4.929,-0.06310333,0.07861619,-1.31078,0.5540459,-0.3729689,-0.4992589,-0.5519674,
1,2,4.931,-0.06310333,0.07861619,-1.31078,0.5540459,-0.3729689,-0.4992589,-0.5519674,
1,2,4.933,-0.06310333,0.07861619,-1.31078,0.5540459,-0.3729689,-0.4992589,-0.5519674,
1,2,4.935,-0.06310333,0.07861619,-1.31078,0.5540459,-0.3729689,-0.4992589,-0.5519674,
1,2,4.937,-0.06314322,0.07860857,-1.310726,0.5540333,-0.3729555,-0.4992814,-0.5519688,
1,2,4.939,-0.06314322,0.07860857,-1.310726,0.5540333,-0.3729555,-0.4992814,-0.5519688,
1,2,4.941,-0.06314322,0.07860857,-1.310726,0.5540333,-0.3729555,-0.4992814,-0.5519688,
1,2,4.943,-0.06314322,0.07860857,-1.310726,0.5540333,-0.3729555,-0.4992814,-0.5519688,
1,2,4.945,-0.06311904,0.07859164,-1.310762,0.5540574,-0.3729772,-0.4992434,-0.5519641,
1,2,4.947,-0.06311904,0.07859164,-1.310762,0.5540574,-0.3729772,-0.4992434,-0.5519641,
1,2,4.949,-0.06311904,0.07859164,-1.310762,0.5540574,-0.3729772,-0.4992434,-0.5519641,
1,2,4.951,-0.06311904,0.07859164,-1.310762,0.5540574,-0.3729772,-0.4992434,-0.5519641,
1,2,4.953,-0.06311904,0.07859164,-1.310762,0.5540574,-0.3729772,-0.4992434,-0.5519641,
1,2,4.955,-0.06317884,0.07859092,-1.3107,0.5539949,-0.372984,-0.4993245,-0.551949,
1,2,4.957,-0.06317884,0.07859092,-1.3107,0.5539949,-0.372984,-0.4993245,-0.551949,
1,2,4.959,-0.06317884,0.07859092,-1.3107,0.5539949,-0.372984,-0.4993245,-0.551949,
1,2,4.961,-0.06317884,0.07859092,-1.3107,0.5539949,-0.372984,-0.4993245,-0.551949,
1,2,4.963,-0.06311224,0.07858431,-1.310767,0.5540518,-0.3729649,-0.4992728,-0.5519516,
1,2,4.965,-0.06311224,0.07858431,-1.310767,0.5540518,-0.3729649,-0.4992728,-0.5519516,
1,2,4.967,-0.06311224,0.07858431,-1.310767,0.5540518,-0.3729649,-0.4992728,-0.5519516,
1,2,4.969,-0.06311224,0.07858431,-1.310767,0.5540518,-0.3729649,-0.4992728,-0.5519516,
1,2,4.971,-0.06313813,0.07861485,-1.310767,0.5540408,-0.3729201,-0.4993091,-0.55196,
1,2,4.973,-0.06313813,0.07861485,-1.310767,0.5540408,-0.3729201,-0.4993091,-0.55196,
1,2,4.975,-0.06313813,0.07861485,-1.310767,0.5540408,-0.3729201,-0.4993091,-0.55196,
1,2,4.977,-0.06313813,0.07861485,-1.310767,0.5540408,-0.3729201,-0.4993091,-0.55196,
1,2,4.979,-0.06315921,0.07858842,-1.310732,0.5540293,-0.3729862,-0.499296,-0.5519388,
1,2,4.981,-0.06315921,0.07858842,-1.310732,0.5540293,-0.3729862,-0.499296,-0.5519388,
1,2,4.983,-0.06315921,0.07858842,-1.310732,0.5540293,-0.3729862,-0.499296,-0.5519388,
1,2,4.985,-0.06315921,0.07858842,-1.310732,0.5540293,-0.3729862,-0.499296,-0.5519388,
1,2,4.987,-0.0631192,0.07858807,-1.310761,0.5540859,-0.3730301,-0.4992156,-0.5519249,
1,2,4.989,-0.0631192,0.07858807,-1.310761,0.5540859,-0.3730301,-0.4992156,-0.5519249,
1,2,4.991,-0.0631192,0.07858807,-1.310761,0.5540859,-0.3730301,-0.4992156,-0.5519249,
1,2,4.993,-0.0631192,0.07858807,-1.310761,0.5540859,-0.3730301,-0.4992156,-0.5519249,
1,2,4.995,-0.06314959,0.07859658,-1.310735,0.5540276,-0.3729635,-0.4993012,-0.5519512,
1,2,4.997,-0.06314959,0.07859658,-1.310735,0.5540276,-0.3729635,-0.4993012,-0.5519512,
1,2,4.999,-0.06314959,0.07859658,-1.310735,0.5540276,-0.3729635,-0.4993012,-0.5519512,
1,2,5.001,-0.06314959,0.07859658,-1.310735,0.5540276,-0.3729635,-0.4993012,-0.5519512,
1,2,5.003,-0.06314959,0.07859658,-1.310735,0.5540276,-0.3729635,-0.4993012,-0.5519512,
1,2,5.005,-0.06318471,0.07858685,-1.310717,0.5539818,-0.3729671,-0.4993519,-0.5519488,
1,2,5.007,-0.06318471,0.07858685,-1.310717,0.5539818,-0.3729671,-0.4993519,-0.5519488,
1,2,5.009,-0.06318471,0.07858685,-1.310717,0.5539818,-0.3729671,-0.4993519,-0.5519488,
1,2,5.011,-0.06318471,0.07858685,-1.310717,0.5539818,-0.3729671,-0.4993519,-0.5519488,
1,2,5.013,-0.06313778,0.07858529,-1.310745,0.5540589,-0.3730222,-0.4992359,-0.5519391,
1,2,5.015,-0.06313778,0.07858529,-1.310745,0.5540589,-0.3730222,-0.4992359,-0.5519391,
1,2,5.017,-0.06313778,0.07858529,-1.310745,0.5540589,-0.3730222,-0.4992359,-0.5519391,
1,2,5.019,-0.06313778,0.07858529,-1.310745,0.5540589,-0.3730222,-0.4992359,-0.5519391,
1,2,5.021,-0.0631132,0.0785972,-1.310751,0.55404,-0.3729751,-0.49926,-0.5519681,
1,2,5.023,-0.0631132,0.0785972,-1.310751,0.55404,-0.3729751,-0.49926,-0.5519681,
1,2,5.025,-0.0631132,0.0785972,-1.310751,0.55404,-0.3729751,-0.49926,-0.5519681,
1,2,5.027,-0.0631132,0.0785972,-1.310751,0.55404,-0.3729751,-0.49926,-0.5519681,
1,2,5.029,-0.06309505,0.07860395,-1.310767,0.5540671,-0.3729486,-0.4992382,-0.5519784,
1,2,5.031,-0.06309505,0.07860395,-1.310767,0.5540671,-0.3729486,-0.4992382,-0.5519784,
1,2,5.033,-0.06309505,0.07860395,-1.310767,0.5540671,-0.3729486,-0.4992382,-0.5519784,
1,2,5.035,-0.06309505,0.07860395,-1.310767,0.5540671,-0.3729486,-0.4992382,-0.5519784,
1,2,5.037,-0.06313489,0.07862729,-1.31074,0.5540107,-0.3728835,-0.4993513,-0.5519768,
1,2,5.039,-0.06313489,0.07862729,-1.31074,0.5540107,-0.3728835,-0.4993513,-0.5519768,
1,2,5.041,-0.06313489,0.07862729,-1.31074,0.5540107,-0.3728835,-0.4993513,-0.5519768,
1,2,5.043,-0.06313489,0.07862729,-1.31074,0.5540107,-0.3728835,-0.4993513,-0.5519768,
1,2,5.045,-0.06313939,0.07859401,-1.310748,0.5540386,-0.3729518,-0.4992914,-0.5519568,
1,2,5.047,-0.06313939,0.07859401,-1.310748,0.5540386,-0.3729518,-0.4992914,-0.5519568,
1,2,5.049,-0.06313939,0.07859401,-1.310748,0.5540386,-0.3729518,-0.4992914,-0.5519568,
1,2,5.051,-0.06313939,0.07859401,-1.310748,0.5540386,-0.3729518,-0.4992914,-0.5519568,
1,2,5.053,-0.06313939,0.07859401,-1.310748,0.5540386,-0.3729518,-0.4992914,-0.5519568,
1,2,5.055,-0.06314304,0.07859643,-1.310754,0.5540332,-0.3729844,-0.4992881,-0.5519432,
1,2,5.057,-0.06314304,0.07859643,-1.310754,0.5540332,-0.3729844,-0.4992881,-0.5519432,
1,2,5.059,-0.06314304,0.07859643,-1.310754,0.5540332,-0.3729844,-0.4992881,-0.5519432,
1,2,5.061,-0.06314304,0.07859643,-1.310754,0.5540332,-0.3729844,-0.4992881,-0.5519432,
1,2,5.063,-0.06314096,0.0786072,-1.310746,0.5540629,-0.3729241,-0.4993049,-0.5519389,
1,2,5.065,-0.06314096,0.0786072,-1.310746,0.5540629,-0.3729241,-0.4993049,-0.5519389,
1,2,5.067,-0.06314096,0.0786072,-1.310746,0.5540629,-0.3729241,-0.4993049,-0.5519389,
1,2,5.069,-0.06314096,0.0786072,-1.310746,0.5540629,-0.3729241,-0.4993049,-0.5519389,
1,2,5.071,-0.06312293,0.0786114,-1.31077,0.5540645,-0.3729563,-0.4992736,-0.551944,
1,2,5.073,-0.06312293,0.0786114,-1.31077,0.5540645,-0.3729563,-0.4992736,-0.551944,
1,2,5.075,-0.06312293,0.0786114,-1.31077,0.5540645,-0.3729563,-0.4992736,-0.551944,
1,2,5.077,-0.06312293,0.0786114,-1.31077,0.5540645,-0.3729563,-0.4992736,-0.551944,
1,2,5.079,-0.06313137,0.07860462,-1.310777,0.5540719,-0.3729407,-0.4992499,-0.5519685,
1,2,5.081,-0.06313137,0.07860462,-1.310777,0.5540719,-0.3729407,-0.4992499,-0.5519685,CourtEnter
1,2,5.083,-0.06313137,0.07860462,-1.310777,0.5540719,-0.3729407,-0.4992499,-0.5519685,
1,2,5.085,-0.06313137,0.07860462,-1.310777,0.5540719,-0.3729407,-0.4992499,-0.5519685,
1,2,5.087,-0.06315773,0.07861221,-1.310718,0.5540665,-0.3729365,-0.4992931,-0.5519376,
1,2,5.089,-0.06315773,0.07861221,-1.310718,0.5540665,-0.3729365,-0.4992931,-0.5519376,
1,2,5.091,-0.06315773,0.07861221,-1.310718,0.5540665,-0.3729365,-0.4992931,-0.5519376,CourtExit
1,2,5.093,-0.06315773,0.07861221,-1.310718,0.5540665,-0.3729365,-0.4992931,-0.5519376,
1,2,5.095,-0.0631038,0.07859982,-1.31076,0.5540658,-0.3729374,-0.4992757,-0.5519534,
1,2,5.097,-0.0631038,0.07859982,-1.31076,0.5540658,-0.3729374,-0.4992757,-0.5519534,
1,2,5.099,-0.0631038,0.07859982,-1.31076,0.5540658,-0.3729374,-0.4992757,-0.5519534,
1,2,5.101,-0.0631038,0.07859982,-1.31076,0.5540658,-0.3729374,-0.4992757,-0.5519534,
1,2,5.103,-0.0631038,0.07859982,-1.31076,0.5540658,-0.3729374,-0.4992757,-0.5519534,
1,2,5.105,-0.06310585,0.07859232,-1.310767,0.5540735,-0.3729826,-0.4992501,-0.5519384,
1,2,5.107,-0.06310585,0.07859232,-1.310767,0.5540735,-0.3729826,-0.4992501,-0.5519384,
1,2,5.109,-0.06310585,0.07859232,-1.310767,0.5540735,-0.3729826,-0.4992501,-0.5519384,
1,2,5.111,-0.06310585,0.07859232,-1.310767,0.5540735,-0.3729826,-0.4992501,-0.5519384,
1,2,5.113,-0.06314428,0.07861532,-1.310731,0.5540528,-0.3729143,-0.4993008,-0.5519595,
1,2,5.115,-0.06314428,0.07861532,-1.310731,0.5540528,-0.3729143,-0.4993008,-0.5519595,
1,2,5.117,-0.06314428,0.07861532,-1.310731,0.5540528,-0.3729143,-0.4993008,-0.5519595,
1,2,5.119,-0.06314428,0.07861532,-1.310731,0.5540528,-0.3729143,-0.4993008,-0.5519595,
1,2,5.121,-0.06312302,0.078602,-1.31075,0.5540478,-0.3729356,-0.4992715,-0.5519766,
1,2,5.123,-0.06312302,0.078602,-1.31075,0.5540478,-0.3729356,-0.4992715,-0.5519766,
1,2,5.125,-0.06312302,0.078602,-1.31075,0.5540478,-0.3729356,-0.4992715,-0.5519766,
1,2,5.127,-0.06312302,0.078602,-1.31075,0.5540478,-0.3729356,-0.4992715,-0.5519766,
1,2,5.129,-0.06313051,0.07860862,-1.310757,0.5540365,-0.3729076,-0.4993006,-0.5519805,
1,2,5.131,-0.06313051,0.07860862,-1.310757,0.5540365,-0.3729076,-0.4993006,-0.5519805,
1,2,5.133,-0.06313051,0.07860862,-1.310757,0.5540365,-0.3729076,-0.4993006,-0.5519805,
1,2,5.135,-0.06313051,0.07860862,-1.310757,0.5540365,-0.3729076,-0.4993006,-0.5519805,
1,2,5.137,-0.0631335,0.07860097,-1.310745,0.5540738,-0.3729082,-0.4992793,-0.5519619,
1,2,5.139,-0.0631335,0.07860097,-1.310745,0.5540738,-0.3729082,-0.4992793,-0.5519619,
1,2,5.141,-0.0631335,0.07860097,-1.310745,0.5540738,-0.3729082,-0.4992793,-0.5519619,
1,2,5.143,-0.0631335,0.07860097,-1.310745,0.5540738,-0.3729082,-0.4992793,-0.5519619,
1,2,5.145,-0.06314224,0.07858952,-1.310767,0.5540628,-0.3729943,-0.4992254,-0.5519634,
1,2,5.147,-0.06314224,0.07858952,-1.310767,0.5540628,-0.3729943,-0.4992254,-0.5519634,
1,2,5.149,-0.06314224,0.07858952,-1.310767,0.5540628,-0.3729943,-0.4992254,-0.5519634,
1,2,5.151,-0.06314224,0.07858952,-1.310767,0.5540628,-0.3729943,-0.4992254,-0.5519634,
1,2,5.153,-0.06314224,0.07858952,-1.310767,0.5540628,-0.3729943,-0.4992254,-0.5519634,
1,2,5.155,-0.06321251,0.07859625,-1.310717,0.554002,-0.3729904,-0.4993095,-0.5519512,
1,2,5.157,-0.06321251,0.07859625,-1.310717,0.554002,-0.3729904,-0.4993095,-0.5519512,
1,2,5.159,-0.06321251,0.07859625,-1.310717,0.554002,-0.3729904,-0.4993095,-0.5519512,
1,2,5.161,-0.06321251,0.07859625,-1.310717,0.554002,-0.3729904,-0.4993095,-0.5519512,
1,2,5.163,-0.06314408,0.07859012,-1.310732,0.5540532,-0.37299,-0.4992511,-0.5519527,
1,2,5.165,-0.06314408,0.07859012,-1.310732,0.5540532,-0.37299,-0.4992511,-0.5519527,
1,2,5.167,-0.06314408,0.07859012,-1.310732,0.5540532,-0.37299,-0.4992511,-0.5519527,
1,2,5.169,-0.06314408,0.07859012,-1.310732,0.5540532,-0.37299,-0.4992511,-0.5519527,
1,2,5.171,-0.0631058,0.07860597,-1.310767,0.5540491,-0.3729556,-0.4992586,-0.5519732,
1,2,5.173,-0.0631058,0.07860597,-1.310767,0.5540491,-0.3729556,-0.4992586,-0.5519732,
1,2,5.175,-0.0631058,0.07860597,-1.310767,0.5540491,-0.3729556,-0.4992586,-0.5519732,
1,2,5.177,-0.0631058,0.07860597,-1.310767,0.5540491,-0.3729556,-0.4992586,-0.5519732,
1,2,5.179,-0.06314091,0.0786012,-1.310744,0.5540405,-0.3729702,-0.4992979,-0.5519366,
1,2,5.181,-0.06314091,0.0786012,-1.310744,0.5540405,-0.3729702,-0.4992979,-0.5519366,
1,2,5.183,-0.06314091,0.0786012,-1.310744,0.5540405,-0.3729702,-0.4992979,-0.5519366,
1,2,5.185,-0.06314091,0.0786012,-1.310744,0.5540405,-0.3729702,-0.4992979,-0.5519366,
1,2,5.187,-0.06318676,0.07859131,-1.310734,0.554038,-0.3730089,-0.4992908,-0.5519195,
1,2,5.189,-0.06318676,0.07859131,-1.310734,0.554038,-0.3730089,-0.4992908,-0.5519195,
1,2,5.191,-0.06318676,0.07859131,-1.310734,0.554038,-0.3730089,-0.4992908,-0.5519195,
1,2,5.193,-0.06318676,0.07859131,-1.310734,0.554038,-0.3730089,-0.4992908,-0.5519195,
1,2,5.195,-0.06319853,0.07860669,-1.310698,0.5539874,-0.3729593,-0.4993747,-0.5519278,
1,2,5.197,-0.06319853,0.07860669,-1.310698,0.5539874,-0.3729593,-0.4993747,-0.5519278,
1,2,5.199,-0.06319853,0.07860669,-1.310698,0.5539874,-0.3729593,-0.4993747,-0.5519278,
1,2,5.201,-0.06319853,0.07860669,-1.310698,0.5539874,-0.3729593,-0.4993747,-0.5519278,
1,2,5.203,-0.06319853,0.07860669,-1.310698,0.5539874,-0.3729593,-0.4993747,-0.5519278,
1,2,5.205,-0.06313077,0.0785867,-1.310766,0.5540867,-0.373033,-0.499217,-0.551921,
1,2,5.207,-0.06313077,0.0785867,-1.310766,0.5540867,-0.373033,-0.499217,-0.551921,
1,2,5.209,-0.06313077,0.0785867,-1.310766,0.5540867,-0.373033,-0.499217,-0.551921,
1,2,5.211,-0.06313077,0.0785867,-1.310766,0.5540867,-0.373033,-0.499217,-0.551921,
1,2,5.213,-0.06317259,0.07859314,-1.310751,0.5540239,-0.3729993,-0.4993022,-0.5519296,
1,2,5.215,-0.06317259,0.07859314,-1.310751,0.5540239,-0.3729993,-0.4993022,-0.5519296,
1,2,5.217,-0.06317259,0.07859314,-1.310751,0.5540239,-0.3729993,-0.4993022,-0.5519296,
1,2,5.219,-0.06317259,0.07859314,-1.310751,0.5540239,-0.3729993,-0.4993022,-0.5519296,
1,2,5.221,-0.06315292,0.07861149,-1.310757,0.5540425,-0.3729716,-0.4992798,-0.55195,
1,2,5.223,-0.06315292,0.07861149,-1.310757,0.5540425,-0.3729716,-0.4992798,-0.55195,
1,2,5.225,-0.06315292,0.07861149,-1.310757,0.5540425,-0.3729716,-0.4992798,-0.55195,
1,2,5.227,-0.06315292,0.07861149,-1.310757,0.5540425,-0.3729716,-0.4992798,-0.55195,
1,2,5.229,-0.06318554,0.0786011,-1.31072,0.5540053,-0.3729383,-0.4993582,-0.551939,
1,2,5.231,-0.06318554,0.0786011,-1.31072,0.5540053,-0.3729383,-0.4993582,-0.551939,
1,2,5.233,-0.06318554,0.0786011,-1.31072,0.5540053,-0.3729383,-0.4993582,-0.551939,
1,2,5.235,-0.06318554,0.0786011,-1.31072,0.5540053,-0.3729383,-0.4993582,-0.551939,
1,2,5.237,-0.06322342,0.07859221,-1.310686,0.5540069,-0.3730482,-0.4993296,-0.551889,
1,2,5.239,-0.06322342,0.07859221,-1.310686,0.5540069,-0.3730482,-0.4993296,-0.551889,
1,2,5.241,-0.06322342,0.07859221,-1.310686,0.5540069,-0.3730482,-0.4993296,-0.551889,
1,2,5.243,-0.06322342,0.07859221,-1.310686,0.5540069,-0.3730482,-0.4993296,-0.551889,
1,2,5.245,-0.06320308,0.07859444,-1.310695,0.5540133,-0.3730348,-0.4993201,-0.5519003,
1,2,5.247,-0.06320308,0.07859444,-1.310695,0.5540133,-0.3730348,-0.4993201,-0.5519003,
1,2,5.249,-0.06320308,0.07859444,-1.310695,0.5540133,-0.3730348,-0.4993201,-0.5519003,
1,2,5.251,-0.06320308,0.07859444,-1.310695,0.5540133,-0.3730348,-0.4993201,-0.5519003,
1,2,5.253,-0.06320308,0.07859444,-1.310695,0.5540133,-0.3730348,-0.4993201,-0.5519003,
1,2,5.255,-0.06316096,0.07859622,-1.310726,0.5540246,-0.3729725,-0.4993124,-0.5519379,
1,2,5.257,-0.06316096,0.07859622,-1.310726,0.5540246,-0.3729725,-0.4993124,-0.5519379,
1,2,5.259,-0.06316096,0.07859622,-1.310726,0.5540246,-0.3729725,-0.4993124,-0.5519379,
1,2,5.261,-0.06316096,0.07859622,-1.310726,0.5540246,-0.3729725,-0.4993124,-0.5519379,
1,2,5.263,-0.06314847,0.07859581,-1.310746,0.5540612,-0.372999,-0.4992634,-0.5519275,
1,2,5.265,-0.06314847,0.07859581,-1.310746,0.5540612,-0.372999,-0.4992634,-0.5519275,
1,2,5.267,-0.06314847,0.07859581,-1.310746,0.5540612,-0.372999,-0.4992634,-0.5519275,
1,2,5.269,-0.06314847,0.07859581,-1.310746,0.5540612,-0.372999,-0.4992634,-0.5519275,
1,2,5.271,-0.06313109,0.07859276,-1.310751,0.5540787,-0.3729901,-0.4992264,-0.5519496,
1,2,5.273,-0.06313109,0.07859276,-1.310751,0.5540787,-0.3729901,-0.4992264,-0.5519496,
1,2,5.275,-0.06313109,0.07859276,-1.310751,0.5540787,-0.3729901,-0.4992264,-0.5519496,
1,2,5.277,-0.06313109,0.07859276,-1.310751,0.5540787,-0.3729901,-0.4992264,-0.5519496,
1,2,5.279,-0.06312593,0.0786086,-1.310755,0.5540693,-0.3729198,-0.4992783,-0.5519595,
1,2,5.281,-0.06312593,0.0786086,-1.310755,0.5540693,-0.3729198,-0.4992783,-0.5519595,
1,2,5.283,-0.06312593,0.0786086,-1.310755,0.5540693,-0.3729198,-0.4992783,-0.5519595,
1,2,5.285,-0.06312593,0.0786086,-1.310755,0.5540693,-0.3729198,-0.4992783,-0.5519595,
1,2,5.287,-0.06312864,0.07860986,-1.310751,0.5540454,-0.3729333,-0.4992732,-0.5519788,
1,2,5.289,-0.06312864,0.07860986,-1.310751,0.5540454,-0.3729333,-0.4992732,-0.5519788,
1,2,5.291,-0.06312864,0.07860986,-1.310751,0.5540454,-0.3729333,-0.4992732,-0.5519788,
1,2,5.293,-0.06312864,0.07860986,-1.310751,0.5540454,-0.3729333,-0.4992732,-0.5519788,
1,2,5.295,-0.06310012,0.07859471,-1.310787,0.5541022,-0.3729624,-0.499216,-0.5519541,
1,2,5.297,-0.06310012,0.07859471,-1.310787,0.5541022,-0.3729624,-0.499216,-0.5519541,
1,2,5.299,-0.06310012,0.07859471,-1.310787,0.5541022,-0.3729624,-0.499216,-0.5519541,
1,2,5.301,-0.06310012,0.07859471,-1.310787,0.5541022,-0.3729624,-0.499216,-0.5519541,
1,2,5.303,-0.06310012,0.07859471,-1.310787,0.5541022,-0.3729624,-0.499216,-0.5519541,
1,2,5.305,-0.06315636,0.07859103,-1.310726,0.5540563,-0.3729825,-0.499278,-0.5519302,
1,2,5.307,-0.06315636,0.07859103,-1.310726,0.5540563,-0.3729825,-0.499278,-0.5519302,
1,2,5.309,-0.06315636,0.07859103,-1.310726,0.5540563,-0.3729825,-0.499278,-0.5519302,
1,2,5.311,-0.06315636,0.07859103,-1.310726,0.5540563,-0.3729825,-0.499278,-0.5519302,
1,2,5.313,-0.06311075,0.07860908,-1.310765,0.5540733,-0.3729528,-0.4992533,-0.5519558,
1,2,5.315,-0.06311075,0.07860908,-1.310765,0.5540733,-0.3729528,-0.4992533,-0.5519558,
1,2,5.317,-0.06311075,0.07860908,-1.310765,0.5540733,-0.3729528,-0.4992533,-0.5519558,
1,2,5.319,-0.06311075,0.07860908,-1.310765,0.5540733,-0.3729528,-0.4992533,-0.5519558,
1,2,5.321,-0.06315172,0.07859322,-1.310732,0.5540548,-0.3729821,-0.4992582,-0.5519502,
1,2,5.323,-0.06315172,0.07859322,-1.310732,0.5540548,-0.3729821,-0.4992582,-0.5519502,
1,2,5.325,-0.06315172,0.07859322,-1.310732,0.5540548,-0.3729821,-0.4992582,-0.5519502,
1,2,5.327,-0.06315172,0.07859322,-1.310732,0.5540548,-0.3729821,-0.4992582,-0.5519502,
1,2,5.329,-0.06313317,0.07860725,-1.310745,0.5540504,-0.3729274,-0.4992971,-0.5519564,
1,2,5.331,-0.06313317,0.07860725,-1.310745,0.5540504,-0.3729274,-0.4992971,-0.5519564,
1,2,5.333,-0.06313317,0.07860725,-1.310745,0.5540504,-0.3729274,-0.4992971,-0.5519564,
1,2,5.335,-0.06313317,0.07860725,-1.310745,0.5540504,-0.3729274,-0.4992971,-0.5519564,
1,2,5.337,-0.06312197,0.07858786,-1.310777,0.5541028,-0.3730095,-0.4991869,-0.5519479,
1,2,5.339,-0.06312197,0.07858786,-1.310777,0.5541028,-0.3730095,-0.4991869,-0.5519479,
1,2,5.341,-0.06312197,0.07858786,-1.310777,0.5541028,-0.3730095,-0.4991869,-0.5519479,
1,2,5.343,-0.06312197,0.07858786,-1.310777,0.5541028,-0.3730095,-0.4991869,-0.5519479,
1,2,5.345,-0.063182,0.07860521,-1.310705,0.5540349,-0.3729081,-0.4993473,-0.5519395,
1,2,5.347,-0.063182,0.07860521,-1.310705,0.5540349,-0.3729081,-0.4993473,-0.5519395,
1,2,5.349,-0.063182,0.07860521,-1.310705,0.5540349,-0.3729081,-0.4993473,-0.5519395,
1,2,5.351,-0.063182,0.07860521,-1.310705,0.5540349,-0.3729081,-0.4993473,-0.5519395,
1,2,5.353,-0.063182,0.07860521,-1.310705,0.5540349,-0.3729081,-0.4993473,-0.5519395,
1,2,5.355,-0.06314328,0.07861098,-1.310722,0.554047,-0.3729057,-0.4993327,-0.5519422,
1,2,5.357,-0.06314328,0.07861098,-1.310722,0.554047,-0.3729057,-0.4993327,-0.5519422,
1,2,5.359,-0.06314328,0.07861098,-1.310722,0.554047,-0.3729057,-0.4993327,-0.5519422,
1,2,5.361,-0.06314328,0.07861098,-1.310722,0.554047,-0.3729057,-0.4993327,-0.5519422,
1,2,5.363,-0.06316049,0.0786159,-1.310727,0.554031,-0.3728912,-0.4993281,-0.5519722,
1,2,5.365,-0.06316049,0.0786159,-1.310727,0.554031,-0.3728912,-0.4993281,-0.5519722,
1,2,5.367,-0.06316049,0.0786159,-1.310727,0.554031,-0.3728912,-0.4993281,-0.5519722,
1,2,5.369,-0.06316049,0.0786159,-1.310727,0.554031,-0.3728912,-0.4993281,-0.5519722,
1,2,5.371,-0.06317092,0.07860594,-1.310739,0.5540557,-0.3729205,-0.499307,-0.5519467,
1,2,5.373,-0.06317092,0.07860594,-1.310739,0.5540557,-0.3729205,-0.499307,-0.5519467,
1,2,5.375,-0.06317092,0.07860594,-1.310739,0.5540557,-0.3729205,-0.499307,-0.5519467,
1,2,5.377,-0.06317092,0.07860594,-1.310739,0.5540557,-0.3729205,-0.499307,-0.5519467,
1,2,5.379,-0.06316245,0.07860503,-1.310723,0.5540394,-0.3729205,-0.4993018,-0.5519678,
1,2,5.381,-0.06316245,0.07860503,-1.310723,0.5540394,-0.3729205,-0.4993018,-0.5519678,
1,2,5.383,-0.06316245,0.07860503,-1.310723,0.5540394,-0.3729205,-0.4993018,-0.5519678,
1,2,5.385,-0.06316245,0.07860503,-1.310723,0.5540394,-0.3729205,-0.4993018,-0.5519678,
1,2,5.387,-0.06315307,0.07861267,-1.310753,0.554038,-0.3729365,-0.4993005,-0.5519595,
1,2,5.389,-0.06315307,0.07861267,-1.310753,0.554038,-0.3729365,-0.4993005,-0.5519595,
1,2,5.391,-0.06315307,0.07861267,-1.310753,0.554038,-0.3729365,-0.4993005,-0.5519595,
1,2,5.393,-0.06315307,0.07861267,-1.310753,0.554038,-0.3729365,-0.4993005,-0.5519595,
1,2,5.395,-0.06312966,0.07861676,-1.310765,0.5540593,-0.3729268,-0.4992818,-0.5519617,
1,2,5.397,-0.06312966,0.07861676,-1.310765,0.5540593,-0.3729268,-0.4992818,-0.5519617,
1,2,5.399,-0.06312966,0.07861676,-1.310765,0.5540593,-0.3729268,-0.4992818,-0.5519617,
1,2,5.401,-0.06312966,0.07861676,-1.310765,0.5540593,-0.3729268,-0.4992818,-0.5519617,
1,2,5.403,-0.06312966,0.07861676,-1.310765,0.5540593,-0.3729268,-0.4992818,-0.5519617,
1,2,5.405,-0.0631817,0.07861689,-1.310698,0.554031,-0.3728903,-0.4993408,-0.5519612,
1,2,5.407,-0.0631817,0.07861689,-1.310698,0.554031,-0.3728903,-0.4993408,-0.5519612,
1,2,5.409,-0.0631817,0.07861689,-1.310698,0.554031,-0.3728903,-0.4993408,-0.5519612,
1,2,5.411,-0.0631817,0.07861689,-1.310698,0.554031,-0.3728903,-0.4993408,-0.5519612,
1,2,5.413,-0.06316342,0.07859996,-1.310748,0.5540583,-0.3729478,-0.4993009,-0.5519312,
1,2,5.415,-0.06316342,0.07859996,-1.310748,0.5540583,-0.3729478,-0.4993009,-0.5519312,
1,2,5.417,-0.06316342,0.07859996,-1.310748,0.5540583,-0.3729478,-0.4993009,-0.5519312,
1,2,5.419,-0.06316342,0.07859996,-1.310748,0.5540583,-0.3729478,-0.4993009,-0.5519312,
1,2,5.421,-0.06315248,0.07861485,-1.310756,0.5540254,-0.3729206,-0.4993231,-0.5519625,
1,2,5.423,-0.06315248,0.07861485,-1.310756,0.5540254,-0.3729206,-0.4993231,-0.5519625,
1,2,5.425,-0.06315248,0.07861485,-1.310756,0.5540254,-0.3729206,-0.4993231,-0.5519625,
1,2,5.427,-0.06315248,0.07861485,-1.310756,0.5540254,-0.3729206,-0.4993231,-0.5519625,
1,2,5.429,-0.06314866,0.07859875,-1.310766,0.5540786,-0.3729815,-0.4992141,-0.5519667,
1,2,5.431,-0.06314866,0.07859875,-1.310766,0.5540786,-0.3729815,-0.4992141,-0.5519667,
1,2,5.433,-0.06314866,0.07859875,-1.310766,0.5540786,-0.3729815,-0.4992141,-0.5519667,
1,2,5.435,-0.06314866,0.07859875,-1.310766,0.5540786,-0.3729815,-0.4992141,-0.5519667,
1,2,5.437,-0.06316702,0.07860854,-1.310736,0.5540379,-0.372968,-0.4992535,-0.5519809,
1,2,5.439,-0.06316702,0.07860854,-1.310736,0.5540379,-0.372968,-0.4992535,-0.5519809,
1,2,5.441,-0.06316702,0.07860854,-1.310736,0.5540379,-0.372968,-0.4992535,-0.5519809,
1,2,5.443,-0.06316702,0.07860854,-1.310736,0.5540379,-0.372968,-0.4992535,-0.5519809,
1,2,5.445,-0.06314336,0.07860472,-1.310754,0.554057,-0.3729672,-0.4992459,-0.5519692,
1,2,5.447,-0.06314336,0.07860472,-1.310754,0.554057,-0.3729672,-0.4992459,-0.5519692,
1,2,5.449,-0.06314336,0.07860472,-1.310754,0.554057,-0.3729672,-0.4992459,-0.5519692,
1,2,5.451,-0.06314336,0.07860472,-1.310754,0.554057,-0.3729672,-0.4992459,-0.5519692,
1,2,5.453,-0.06314336,0.07860472,-1.310754,0.554057,-0.3729672,-0.4992459,-0.5519692,
1,2,5.455,-0.06320604,0.07860116,-1.310693,0.5540261,-0.372932,-0.4993256,-0.5519518,
1,2,5.457,-0.06320604,0.07860116,-1.310693,0.5540261,-0.372932,-0.4993256,-0.5519518,
1,2,5.459,-0.06320604,0.07860116,-1.310693,0.5540261,-0.372932,-0.4993256,-0.5519518,
1,2,5.461,-0.06320604,0.07860116,-1.310693,0.5540261,-0.372932,-0.4993256,-0.5519518,
1,2,5.463,-0.06319895,0.07859817,-1.310729,0.5540296,-0.3729707,-0.4993399,-0.5519091,
1,2,5.465,-0.06319895,0.07859817,-1.310729,0.5540296,-0.3729707,-0.4993399,-0.5519091,
1,2,5.467,-0.06319895,0.07859817,-1.310729,0.5540296,-0.3729707,-0.4993399,-0.5519091,
1,2,5.469,-0.06319895,0.07859817,-1.310729,0.5540296,-0.3729707,-0.4993399,-0.5519091,
1,2,5.471,-0.06316263,0.0786013,-1.310728,0.5540366,-0.3729466,-0.49932,-0.5519364,
1,2,5.473,-0.06316263,0.0786013,-1.310728,0.5540366,-0.3729466,-0.49932,-0.5519364,
1,2,5.475,-0.06316263,0.0786013,-1.310728,0.5540366,-0.3729466,-0.49932,-0.5519364,
1,2,5.477,-0.06316263,0.0786013,-1.310728,0.5540366,-0.3729466,-0.49932,-0.5519364,
1,2,5.479,-0.06314693,0.07861643,-1.310751,0.5540478,-0.3729413,-0.4992791,-0.5519658,
1,2,5.481,-0.06314693,0.07861643,-1.310751,0.5540478,-0.3729413,-0.4992791,-0.5519658,
1,2,5.483,-0.06314693,0.07861643,-1.310751,0.5540478,-0.3729413,-0.4992791,-0.5519658,
1,2,5.485,-0.06314693,0.07861643,-1.310751,0.5540478,-0.3729413,-0.4992791,-0.5519658,
1,2,5.487,-0.06312727,0.07860424,-1.310757,0.5540538,-0.3729514,-0.4992856,-0.5519471,
1,2,5.489,-0.06312727,0.07860424,-1.310757,0.5540538,-0.3729514,-0.4992856,-0.5519471,
1,2,5.491,-0.06312727,0.07860424,-1.310757,0.5540538,-0.3729514,-0.4992856,-0.5519471,
1,2,5.493,-0.06312727,0.07860424,-1.310757,0.5540538,-0.3729514,-0.4992856,-0.5519471,
1,2,5.495,-0.06315576,0.07861272,-1.310727,0.5540278,-0.3729425,-0.4992889,-0.5519763,
1,2,5.497,-0.06315576,0.07861272,-1.310727,0.5540278,-0.3729425,-0.4992889,-0.5519763,
1,2,5.499,-0.06315576,0.07861272,-1.310727,0.5540278,-0.3729425,-0.4992889,-0.5519763,
1,2,5.501,-0.06315576,0.07861272,-1.310727,0.5540278,-0.3729425,-0.4992889,-0.5519763,
1,2,5.503,-0.06315576,0.07861272,-1.310727,0.5540278,-0.3729425,-0.4992889,-0.5519763,
1,2,5.505,-0.06311756,0.07860808,-1.310776,0.5540789,-0.3729959,-0.4992127,-0.5519578,
1,2,5.507,-0.06311756,0.07860808,-1.310776,0.5540789,-0.3729959,-0.4992127,-0.5519578,
1,2,5.509,-0.06311756,0.07860808,-1.310776,0.5540789,-0.3729959,-0.4992127,-0.5519578,
1,2,5.511,-0.06311756,0.07860808,-1.310776,0.5540789,-0.3729959,-0.4992127,-0.5519578,
1,2,5.513,-0.06314081,0.07859529,-1.310752,0.5541006,-0.3730341,-0.4992319,-0.5518928,
1,2,5.515,-0.06314081,0.07859529,-1.310752,0.5541006,-0.3730341,-0.4992319,-0.5518928,
1,2,5.517,-0.06314081,0.07859529,-1.310752,0.5541006,-0.3730341,-0.4992319,-0.5518928,
1,2,5.519,-0.06314081,0.07859529,-1.310752,0.5541006,-0.3730341,-0.4992319,-0.5518928,
1,2,5.521,-0.06314415,0.0785898,-1.310774,0.5540657,-0.3730408,-0.4992457,-0.5519108,
1,2,5.523,-0.06314415,0.0785898,-1.310774,0.5540657,-0.3730408,-0.4992457,-0.5519108,
1,2,5.525,-0.06314415,0.0785898,-1.310774,0.5540657,-0.3730408,-0.4992457,-0.5519108,
1,2,5.527,-0.06314415,0.0785898,-1.310774,0.5540657,-0.3730408,-0.4992457,-0.5519108,
1,2,5.529,-0.06322157,0.0785974,-1.310705,0.5540043,-0.3729993,-0.4993522,-0.5519041,
1,2,5.531,-0.06322157,0.0785974,-1.310705,0.5540043,-0.3729993,-0.4993522,-0.5519041,
1,2,5.533,-0.06322157,0.0785974,-1.310705,0.5540043,-0.3729993,-0.4993522,-0.5519041,
1,2,5.535,-0.06322157,0.0785974,-1.310705,0.5540043,-0.3729993,-0.4993522,-0.5519041,
1,2,5.537,-0.06318126,0.07860691,-1.310708,0.5540143,-0.3729572,-0.4993337,-0.5519393,
1,2,5.539,-0.06318126,0.07860691,-1.310708,0.5540143,-0.3729572,-0.4993337,-0.5519393,
1,2,5.541,-0.06318126,0.07860691,-1.310708,0.5540143,-0.3729572,-0.4993337,-0.5519393,
1,2,5.543,-0.06318126,0.07860691,-1.310708,0.5540143,-0.3729572,-0.4993337,-0.5519393,
1,2,5.545,-0.06315255,0.07862089,-1.310734,0.5539976,-0.3728984,-0.4993438,-0.5519866,
1,2,5.547,-0.06315255,0.07862089,-1.310734,0.5539976,-0.3728984,-0.4993438,-0.5519866,
1,2,5.549,-0.06315255,0.07862089,-1.310734,0.5539976,-0.3728984,-0.4993438,-0.5519866,
1,2,5.551,-0.06315255,0.07862089,-1.310734,0.5539976,-0.3728984,-0.4993438,-0.5519866,
1,2,5.553,-0.06315255,0.07862089,-1.310734,0.5539976,-0.3728984,-0.4993438,-0.5519866,
1,2,5.555,-0.06314275,0.07858714,-1.310755,0.5540123,-0.3729742,-0.4993086,-0.5519526,
1,2,5.557,-0.06314275,0.07858714,-1.310755,0.5540123,-0.3729742,-0.4993086,-0.5519526,
1,2,5.559,-0.06314275,0.07858714,-1.310755,0.5540123,-0.3729742,-0.4993086,-0.5519526,
1,2,5.561,-0.06314275,0.07858714,-1.310755,0.5540123,-0.3729742,-0.4993086,-0.5519526,
1,2,5.563,-0.06313626,0.07860667,-1.310748,0.5540203,-0.3729309,-0.4993177,-0.5519655,
1,2,5.565,-0.06313626,0.07860667,-1.310748,0.5540203,-0.3729309,-0.4993177,-0.5519655,
1,2,5.567,-0.06313626,0.07860667,-1.310748,0.5540203,-0.3729309,-0.4993177,-0.5519655,
1,2,5.569,-0.06313626,0.07860667,-1.310748,0.5540203,-0.3729309,-0.4993177,-0.5519655,
1,2,5.571,-0.06312444,0.07858442,-1.310776,0.5540734,-0.3730214,-0.4992079,-0.5519504,
1,2,5.573,-0.06312444,0.07858442,-1.310776,0.5540734,-0.3730214,-0.4992079,-0.5519504,
1,2,5.575,-0.06312444,0.07858442,-1.310776,0.5540734,-0.3730214,-0.4992079,-0.5519504,
1,2,5.577,-0.06312444,0.07858442,-1.310776,0.5540734,-0.3730214,-0.4992079,-0.5519504,
1,2,5.579,-0.06313737,0.07860936,-1.310763,0.5540639,-0.3729644,-0.4992418,-0.5519678,
1,2,5.581,-0.06313737,0.07860936,-1.310763,0.5540639,-0.3729644,-0.4992418,-0.5519678,
1,2,5.583,-0.06313737,0.07860936,-1.310763,0.5540639,-0.3729644,-0.4992418,-0.5519678,
1,2,5.585,-0.06313737,0.07860936,-1.310763,0.5540639,-0.3729644,-0.4992418,-0.5519678,
1,2,5.587,-0.06314261,0.07860941,-1.310741,0.5540534,-0.3729414,-0.4992689,-0.5519693,
1,2,5.589,-0.06314261,0.07860941,-1.310741,0.5540534,-0.3729414,-0.4992689,-0.5519693,
1,2,5.591,-0.06314261,0.07860941,-1.310741,0.5540534,-0.3729414,-0.4992689,-0.5519693,
1,2,5.593,-0.06314261,0.07860941,-1.310741,0.5540534,-0.3729414,-0.4992689,-0.5519693,
1,2,5.595,-0.06311309,0.07861446,-1.310771,0.554074,-0.372959,-0.4992491,-0.5519546,
1,2,5.597,-0.06311309,0.07861446,-1.310771,0.554074,-0.372959,-0.4992491,-0.5519546,
1,2,5.599,-0.06311309,0.07861446,-1.310771,0.554074,-0.372959,-0.4992491,-0.5519546,
1,2,5.601,-0.06311309,0.07861446,-1.310771,0.554074,-0.372959,-0.4992491,-0.5519546,
1,2,5.603,-0.06311309,0.07861446,-1.310771,0.554074,-0.372959,-0.4992491,-0.5519546,
1,2,5.605,-0.06313853,0.07860036,-1.310763,0.5540686,-0.3729638,-0.499249,-0.551957,
1,2,5.607,-0.06313853,0.07860036,-1.310763,0.5540686,-0.3729638,-0.499249,-0.551957,
1,2,5.609,-0.06313853,0.07860036,-1.310763,0.5540686,-0.3729638,-0.499249,-0.551957,
1,2,5.611,-0.06313853,0.07860036,-1.310763,0.5540686,-0.3729638,-0.499249,-0.551957,
1,2,5.613,-0.06317281,0.07858875,-1.310749,0.5540333,-0.3729852,-0.4992895,-0.5519412,
1,2,5.615,-0.06317281,0.07858875,-1.310749,0.5540333,-0.3729852,-0.4992895,-0.5519412,
1,2,5.617,-0.06317281,0.07858875,-1.310749,0.5540333,-0.3729852,-0.4992895,-0.5519412,
1,2,5.619,-0.06317281,0.07858875,-1.310749,0.5540333,-0.3729852,-0.4992895,-0.5519412,
1,2,5.621,-0.06313454,0.07858823,-1.310765,0.5540591,-0.3730264,-0.499221,-0.5519496,
1,2,5.623,-0.06313454,0.07858823,-1.310765,0.5540591,-0.3730264,-0.499221,-0.5519496,
1,2,5.625,-0.06313454,0.07858823,-1.310765,0.5540591,-0.3730264,-0.499221,-0.5519496,
1,2,5.627,-0.06313454,0.07858823,-1.310765,0.5540591,-0.3730264,-0.499221,-0.5519496,
1,2,5.629,-0.06316374,0.07860976,-1.310735,0.5540333,-0.3729071,-0.4993301,-0.5519573,
1,2,5.631,-0.06316374,0.07860976,-1.310735,0.5540333,-0.3729071,-0.4993301,-0.5519573,
1,2,5.633,-0.06316374,0.07860976,-1.310735,0.5540333,-0.3729071,-0.4993301,-0.5519573,
1,2,5.635,-0.06316374,0.07860976,-1.310735,0.5540333,-0.3729071,-0.4993301,-0.5519573,
1,2,5.637,-0.06312741,0.07859557,-1.310771,0.5540723,-0.3729848,-0.4992253,-0.5519606,
1,2,5.639,-0.06312741,0.07859557,-1.310771,0.5540723,-0.3729848,-0.4992253,-0.5519606,
1,2,5.641,-0.06312741,0.07859557,-1.310771,0.5540723,-0.3729848,-0.4992253,-0.5519606,
1,2,5.643,-0.06312741,0.07859557,-1.310771,0.5540723,-0.3729848,-0.4992253,-0.5519606,
1,2,5.645,-0.06312379,0.07863777,-1.310769,0.5540555,-0.3728936,-0.4992943,-0.5519766,
1,2,5.647,-0.06312379,0.07863777,-1.310769,0.5540555,-0.3728936,-0.4992943,-0.5519766,
1,2,5.649,-0.06312379,0.07863777,-1.310769,0.5540555,-0.3728936,-0.4992943,-0.5519766,
1,2,5.651,-0.06312379,0.07863777,-1.310769,0.5540555,-0.3728936,-0.4992943,-0.5519766,
1,2,5.653,-0.06312379,0.07863777,-1.310769,0.5540555,-0.3728936,-0.4992943,-0.5519766,
1,2,5.655,-0.06319153,0.07859389,-1.31071,0.5540299,-0.3729358,-0.4993075,-0.5519618,
1,2,5.657,-0.06319153,0.07859389,-1.31071,0.5540299,-0.3729358,-0.4993075,-0.5519618,
1,2,5.659,-0.06319153,0.07859389,-1.31071,0.5540299,-0.3729358,-0.4993075,-0.5519618,
1,2,5.661,-0.06319153,0.07859389,-1.31071,0.5540299,-0.3729358,-0.4993075,-0.5519618,
1,2,5.663,-0.06314349,0.0785818,-1.310744,0.554065,-0.3730002,-0.4992404,-0.5519438,
1,2,5.665,-0.06314349,0.0785818,-1.310744,0.554065,-0.3730002,-0.4992404,-0.5519438,
1,2,5.667,-0.06314349,0.0785818,-1.310744,0.554065,-0.3730002,-0.4992404,-0.5519438,
1,2,5.669,-0.06314349,0.0785818,-1.310744,0.554065,-0.3730002,-0.4992404,-0.5519438,
1,2,5.671,-0.06316613,0.07858104,-1.310718,0.5540488,-0.3730249,-0.499257,-0.5519282,
1,2,5.673,-0.06316613,0.07858104,-1.310718,0.5540488,-0.3730249,-0.499257,-0.5519282,
1,2,5.675,-0.06316613,0.07858104,-1.310718,0.5540488,-0.3730249,-0.499257,-0.5519282,
1,2,5.677,-0.06316613,0.07858104,-1.310718,0.5540488,-0.3730249,-0.499257,-0.5519282,
1,2,5.679,-0.06315111,0.07858676,-1.310739,0.5540736,-0.3730072,-0.499244,-0.551927,
1,2,5.681,-0.06315111,0.07858676,-1.310739,0.5540736,-0.3730072,-0.499244,-0.551927,
1,2,5.683,-0.06315111,0.07858676,-1.310739,0.5540736,-0.3730072,-0.499244,-0.551927,
1,2,5.685,-0.06315111,0.07858676,-1.310739,0.5540736,-0.3730072,-0.499244,-0.551927,
1,2,5.687,-0.0631084,0.07859442,-1.310768,0.5540409,-0.3729261,-0.4992929,-0.5519706,
1,2,5.689,-0.0631084,0.07859442,-1.310768,0.5540409,-0.3729261,-0.4992929,-0.5519706,
1,2,5.691,-0.0631084,0.07859442,-1.310768,0.5540409,-0.3729261,-0.4992929,-0.5519706,
1,2,5.693,-0.0631084,0.07859442,-1.310768,0.5540409,-0.3729261,-0.4992929,-0.5519706,
1,2,5.695,-0.06317147,0.07860677,-1.310738,0.5540039,-0.3729348,-0.4993361,-0.5519627,
1,2,5.697,-0.06317147,0.07860677,-1.310738,0.5540039,-0.3729348,-0.4993361,-0.5519627,
1,2,5.699,-0.06317147,0.07860677,-1.310738,0.5540039,-0.3729348,-0.4993361,-0.5519627,
1,2,5.701,-0.06317147,0.07860677,-1.310738,0.5540039,-0.3729348,-0.4993361,-0.5519627,
1,2,5.703,-0.06317147,0.07860677,-1.310738,0.5540039,-0.3729348,-0.4993361,-0.5519627,
1,2,5.705,-0.06319071,0.07860902,-1.310705,0.5540021,-0.3729002,-0.4993829,-0.5519455,
1,2,5.707,-0.06319071,0.07860902,-1.310705,0.5540021,-0.3729002,-0.4993829,-0.5519455,
1,2,5.709,-0.06319071,0.07860902,-1.310705,0.5540021,-0.3729002,-0.4993829,-0.5519455,
1,2,5.711,-0.06319071,0.07860902,-1.310705,0.5540021,-0.3729002,-0.4993829,-0.5519455,
1,2,5.713,-0.06311451,0.07858446,-1.310771,0.5540599,-0.3729745,-0.4992631,-0.5519457,
1,2,5.715,-0.06311451,0.07858446,-1.310771,0.5540599,-0.3729745,-0.4992631,-0.5519457,
1,2,5.717,-0.06311451,0.07858446,-1.310771,0.5540599,-0.3729745,-0.4992631,-0.5519457,
1,2,5.719,-0.06311451,0.07858446,-1.310771,0.5540599,-0.3729745,-0.4992631,-0.5519457,
1,2,5.721,-0.06317628,0.07860249,-1.31072,0.5539932,-0.3729416,-0.4993594,-0.5519478,
1,2,5.723,-0.06317628,0.07860249,-1.31072,0.5539932,-0.3729416,-0.4993594,-0.5519478,
1,2,5.725,-0.06317628,0.07860249,-1.31072,0.5539932,-0.3729416,-0.4993594,-0.5519478,
1,2,5.727,-0.06317628,0.07860249,-1.31072,0.5539932,-0.3729416,-0.4993594,-0.5519478,
1,2,5.729,-0.06315786,0.07858922,-1.310726,0.5540335,-0.3729503,-0.4993264,-0.5519311,
1,2,5.731,-0.06315786,0.07858922,-1.310726,0.5540335,-0.3729503,-0.4993264,-0.5519311,
1,2,5.733,-0.06315786,0.07858922,-1.310726,0.5540335,-0.3729503,-0.4993264,-0.5519311,
1,2,5.735,-0.06315786,0.07858922,-1.310726,0.5540335,-0.3729503,-0.4993264,-0.5519311,
1,2,5.737,-0.0631496,0.07859375,-1.310746,0.5540342,-0.3730035,-0.4992757,-0.5519404,
1,2,5.739,-0.0631496,0.07859375,-1.310746,0.5540342,-0.3730035,-0.4992757,-0.5519404,
1,2,5.741,-0.0631496,0.07859375,-1.310746,0.5540342,-0.3730035,-0.4992757,-0.5519404,
1,2,5.743,-0.0631496,0.07859375,-1.310746,0.5540342,-0.3730035,-0.4992757,-0.5519404,
1,2,5.745,-0.06319539,0.07859815,-1.310717,0.5539913,-0.3729806,-0.4993681,-0.5519155,
1,2,5.747,-0.06319539,0.07859815,-1.310717,0.5539913,-0.3729806,-0.4993681,-0.5519155,
1,2,5.749,-0.06319539,0.07859815,-1.310717,0.5539913,-0.3729806,-0.4993681,-0.5519155,
1,2,5.751,-0.06319539,0.07859815,-1.310717,0.5539913,-0.3729806,-0.4993681,-0.5519155,
1,2,5.753,-0.06319539,0.07859815,-1.310717,0.5539913,-0.3729806,-0.4993681,-0.5519155,
1,2,5.755,-0.06315497,0.07858773,-1.310731,0.5540323,-0.3729725,-0.4993201,-0.5519232,CourtEnter
1,2,5.757,-0.06315497,0.07858773,-1.310731,0.5540323,-0.3729725,-0.4993201,-0.5519232,
1,2,5.759,-0.06315497,0.07858773,-1.310731,0.5540323,-0.3729725,-0.4993201,-0.5519232,
1,2,5.761,-0.06315497,0.07858773,-1.310731,0.5540323,-0.3729725,-0.4993201,-0.5519232,
1,2,5.763,-0.06317059,0.0786068,-1.310746,0.5540327,-0.3729703,-0.4993136,-0.5519301,
1,2,5.765,-0.06317059,0.0786068,-1.310746,0.5540327,-0.3729703,-0.4993136,-0.5519301,
1,2,5.767,-0.06317059,0.0786068,-1.310746,0.5540327,-0.3729703,-0.4993136,-0.5519301,CourtExit
1,2,5.769,-0.06317059,0.0786068,-1.310746,0.5540327,-0.3729703,-0.4993136,-0.5519301,
1,2,5.771,-0.06311218,0.07858915,-1.310768,0.5540881,-0.3729906,-0.4992231,-0.5519428,
1,2,5.773,-0.06311218,0.07858915,-1.310768,0.5540881,-0.3729906,-0.4992231,-0.5519428,
1,2,5.775,-0.06311218,0.07858915,-1.310768,0.5540881,-0.3729906,-0.4992231,-0.5519428,
1,2,5.777,-0.06311218,0.07858915,-1.310768,0.5540881,-0.3729906,-0.4992231,-0.5519428,
1,2,5.779,-0.06311409,0.07859749,-1.310777,0.5540844,-0.3729546,-0.4992345,-0.5519604,
1,2,5.781,-0.06311409,0.07859749,-1.310777,0.5540844,-0.3729546,-0.4992345,-0.5519604,
1,2,5.783,-0.06311409,0.07859749,-1.310777,0.5540844,-0.3729546,-0.4992345,-0.5519604,
1,2,5.785,-0.06311409,0.07859749,-1.310777,0.5540844,-0.3729546,-0.4992345,-0.5519604,
1,2,5.787,-0.06311736,0.0785899,-1.310778,0.5540932,-0.3730061,-0.4992069,-0.5519418,
1,2,5.789,-0.06311736,0.0785899,-1.310778,0.5540932,-0.3730061,-0.4992069,-0.5519418,
1,2,5.791,-0.06311736,0.0785899,-1.310778,0.5540932,-0.3730061,-0.4992069,-0.5519418,
1,2,5.793,-0.06311736,0.0785899,-1.310778,0.5540932,-0.3730061,-0.4992069,-0.5519418,
1,2,5.795,-0.06316735,0.07859113,-1.310741,0.5540474,-0.3729996,-0.4992563,-0.5519474,
1,2,5.797,-0.06316735,0.07859113,-1.310741,0.5540474,-0.3729996,-0.4992563,-0.5519474,
1,2,5.799,-0.06316735,0.07859113,-1.310741,0.5540474,-0.3729996,-0.4992563,-0.5519474,
1,2,5.801,-0.06316735,0.07859113,-1.310741,0.5540474,-0.3729996,-0.4992563,-0.5519474,
1,2,5.803,-0.06316735,0.07859113,-1.310741,0.5540474,-0.3729996,-0.4992563,-0.5519474,
1,2,5.805,-0.0631944,0.07859662,-1.310693,0.5540366,-0.3729524,-0.4993019,-0.5519488,
1,2,5.807,-0.0631944,0.07859662,-1.310693,0.5540366,-0.3729524,-0.4993019,-0.5519488,
1,2,5.809,-0.0631944,0.07859662,-1.310693,0.5540366,-0.3729524,-0.4993019,-0.5519488,
1,2,5.811,-0.0631944,0.07859662,-1.310693,0.5540366,-0.3729524,-0.4993019,-0.5519488,
1,2,5.813,-0.0631142,0.07859964,-1.31078,0.5540748,-0.3730189,-0.4992058,-0.5519525,
1,2,5.815,-0.0631142,0.07859964,-1.31078,0.5540748,-0.3730189,-0.4992058,-0.5519525,
1,2,5.817,-0.0631142,0.07859964,-1.31078,0.5540748,-0.3730189,-0.4992058,-0.5519525,
1,2,5.819,-0.0631142,0.07859964,-1.31078,0.5540748,-0.3730189,-0.4992058,-0.5519525,
1,2,5.821,-0.06319672,0.07861009,-1.310728,0.554023,-0.3729733,-0.4993232,-0.5519294,
1,2,5.823,-0.06319672,0.07861009,-1.310728,0.554023,-0.3729733,-0.4993232,-0.5519294,
1,2,5.825,-0.06319672,0.07861009,-1.310728,0.554023,-0.3729733,-0.4993232,-0.5519294,
1,2,5.827,-0.06319672,0.07861009,-1.310728,0.554023,-0.3729733,-0.4993232,-0.5519294,
1,2,5.829,-0.06319335,0.07860844,-1.310691,0.5540248,-0.3729552,-0.4993205,-0.5519421,
1,2,5.831,-0.06319335,0.07860844,-1.310691,0.5540248,-0.3729552,-0.4993205,-0.5519421,
1,2,5.833,-0.06319335,0.07860844,-1.310691,0.5540248,-0.3729552,-0.4993205,-0.5519421,
1,2,5.835,-0.06319335,0.07860844,-1.310691,0.5540248,-0.3729552,-0.4993205,-0.5519421,
1,2,5.837,-0.06311318,0.07859155,-1.310764,0.5540697,-0.3729983,-0.4992148,-0.5519635,
1,2,5.839,-0.06311318,0.07859155,-1.310764,0.5540697,-0.3729983,-0.4992148,-0.5519635,
1,2,5.841,-0.06311318,0.07859155,-1.310764,0.5540697,-0.3729983,-0.4992148,-0.5519635,
1,2,5.843,-0.06311318,0.07859155,-1.310764,0.5540697,-0.3729983,-0.4992148,-0.5519635,
1,2,5.845,-0.06313695,0.07860259,-1.310757,0.5540535,-0.372967,-0.4992523,-0.5519668,
1,2,5.847,-0.06313695,0.07860259,-1.310757,0.5540535,-0.372967,-0.4992523,-0.5519668,
1,2,5.849,-0.06313695,0.07860259,-1.310757,0.5540535,-0.372967,-0.4992523,-0.5519668,
1,2,5.851,-0.06313695,0.07860259,-1.310757,0.5540535,-0.372967,-0.4992523,-0.5519668,
1,2,5.853,-0.06313695,0.07860259,-1.310757,0.5540535,-0.372967,-0.4992523,-0.5519668,
1,2,5.855,-0.06315542,0.07857797,-1.310745,0.5540549,-0.3730227,-0.4992476,-0.5519323,
1,2,5.857,-0.06315542,0.07857797,-1.310745,0.5540549,-0.3730227,-0.4992476,-0.5519323,
1,2,5.859,-0.06315542,0.07857797,-1.310745,0.5540549,-0.3730227,-0.4992476,-0.5519323,
1,2,5.861,-0.06315542,0.07857797,-1.310745,0.5540549,-0.3730227,-0.4992476,-0.5519323,
1,2,5.863,-0.06318186,0.07857775,-1.310724,0.5540441,-0.3729734,-0.4993109,-0.551919,
1,2,5.865,-0.06318186,0.07857775,-1.310724,0.5540441,-0.3729734,-0.4993109,-0.551919,
1,2,5.867,-0.06318186,0.07857775,-1.310724,0.5540441,-0.3729734,-0.4993109,-0.551919,
1,2,5.869,-0.06318186,0.07857775,-1.310724,0.5540441,-0.3729734,-0.4993109,-0.551919,
1,2,5.871,-0.0631451,0.07858431,-1.310751,0.5540575,-0.3729828,-0.4992528,-0.5519518,
1,2,5.873,-0.0631451,0.07858431,-1.310751,0.5540575,-0.3729828,-0.4992528,-0.5519518,
1,2,5.875,-0.0631451,0.07858431,-1.310751,0.5540575,-0.3729828,-0.4992528,-0.5519518,
1,2,5.877,-0.0631451,0.07858431,-1.310751,0.5540575,-0.3729828,-0.4992528,-0.5519518,
1,2,5.879,-0.06314156,0.07857475,-1.310771,0.5541149,-0.373011,-0.4991853,-0.5519362,
1,2,5.881,-0.06314156,0.07857475,-1.310771,0.5541149,-0.373011,-0.4991853,-0.5519362,
1,2,5.883,-0.06314156,0.07857475,-1.310771,0.5541149,-0.373011,-0.4991853,-0.5519362,
1,2,5.885,-0.06314156,0.07857475,-1.310771,0.5541149,-0.373011,-0.4991853,-0.5519362,
1,2,5.887,-0.06317738,0.0786099,-1.310727,0.5540718,-0.3729144,-0.4992964,-0.5519443,
1,2,5.889,-0.06317738,0.0786099,-1.310727,0.5540718,-0.3729144,-0.4992964,-0.5519443,
1,2,5.891,-0.06317738,0.0786099,-1.310727,0.5540718,-0.3729144,-0.4992964,-0.5519443,
1,2,5.893,-0.06317738,0.0786099,-1.310727,0.5540718,-0.3729144,-0.4992964,-0.5519443,
1,2,5.895,-0.06314883,0.07859222,-1.310751,0.554056,-0.3729642,-0.4992524,-0.5519662,
1,2,5.897,-0.06314883,0.07859222,-1.310751,0.554056,-0.3729642,-0.4992524,-0.5519662,
1,2,5.899,-0.06314883,0.07859222,-1.310751,0.554056,-0.3729642,-0.4992524,-0.5519662,
1,2,5.901,-0.06314883,0.07859222,-1.310751,0.554056,-0.3729642,-0.4992524,-0.5519662,
1,2,5.903,-0.06314883,0.07859222,-1.310751,0.554056,-0.3729642,-0.4992524,-0.5519662,
1,2,5.905,-0.06312606,0.07859583,-1.310771,0.5540959,-0.3729322,-0.4992157,-0.5519811,
1,2,5.907,-0.06312606,0.07859583,-1.310771,0.5540959,-0.3729322,-0.4992157,-0.5519811,
1,2,5.909,-0.06312606,0.07859583,-1.310771,0.5540959,-0.3729322,-0.4992157,-0.5519811,
1,2,5.911,-0.06312606,0.07859583,-1.310771,0.5540959,-0.3729322,-0.4992157,-0.5519811,
1,2,5.913,-0.06322371,0.0785839,-1.310685,0.5540159,-0.3729538,-0.4993218,-0.5519507,
1,2,5.915,-0.06322371,0.0785839,-1.310685,0.5540159,-0.3729538,-0.4993218,-0.5519507,
1,2,5.917,-0.06322371,0.0785839,-1.310685,0.5540159,-0.3729538,-0.4993218,-0.5519507,
1,2,5.919,-0.06322371,0.0785839,-1.310685,0.5540159,-0.3729538,-0.4993218,-0.5519507,
1,2,5.921,-0.06312703,0.07857063,-1.310762,0.5540984,-0.373021,-0.4991827,-0.5519484,
1,2,5.923,-0.06312703,0.07857063,-1.310762,0.5540984,-0.373021,-0.4991827,-0.5519484,
1,2,5.925,-0.06312703,0.07857063,-1.310762,0.5540984,-0.373021,-0.4991827,-0.5519484,
1,2,5.927,-0.06312703,0.07857063,-1.310762,0.5540984,-0.373021,-0.4991827,-0.5519484,
1,2,5.929,-0.0631182,0.07860368,-1.310768,0.5540781,-0.372924,-0.4992347,-0.5519872,
1,2,5.931,-0.0631182,0.07860368,-1.310768,0.5540781,-0.372924,-0.4992347,-0.5519872,
1,2,5.933,-0.0631182,0.07860368,-1.310768,0.5540781,-0.372924,-0.4992347,-0.5519872,
1,2,5.935,-0.0631182,0.07860368,-1.310768,0.5540781,-0.372924,-0.4992347,-0.5519872,
1,2,5.937,-0.06312221,0.07858626,-1.310778,0.5540881,-0.3729576,-0.4992172,-0.5519703,
1,2,5.939,-0.06312221,0.07858626,-1.310778,0.5540881,-0.3729576,-0.4992172,-0.5519703,
1,2,5.941,-0.06312221,0.07858626,-1.310778,0.5540881,-0.3729576,-0.4992172,-0.5519703,
1,2,5.943,-0.06312221,0.07858626,-1.310778,0.5540881,-0.3729576,-0.4992172,-0.5519703,
1,2,5.945,-0.06316002,0.07859606,-1.310735,0.5540507,-0.3729394,-0.4992708,-0.5519717,
1,2,5.947,-0.06316002,0.07859606,-1.310735,0.5540507,-0.3729394,-0.4992708,-0.5519717,
1,2,5.949,-0.06316002,0.07859606,-1.310735,0.5540507,-0.3729394,-0.4992708,-0.5519717,
1,2,5.951,-0.06316002,0.07859606,-1.310735,0.5540507,-0.3729394,-0.4992708,-0.5519717,
1,2,5.953,-0.06316002,0.07859606,-1.310735,0.5540507,-0.3729394,-0.4992708,-0.5519717,
1,2,5.955,-0.06319629,0.07860589,-1.310701,0.5540026,-0.3729363,-0.4993598,-0.5519415,
1,2,5.957,-0.06319629,0.07860589,-1.310701,0.5540026,-0.3729363,-0.4993598,-0.5519415,
1,2,5.959,-0.06319629,0.07860589,-1.310701,0.5540026,-0.3729363,-0.4993598,-0.5519415,
1,2,5.961,-0.06319629,0.07860589,-1.310701,0.5540026,-0.3729363,-0.4993598,-0.5519415,
1,2,5.963,-0.06316208,0.07861357,-1.310724,0.5540341,-0.3729324,-0.4993009,-0.551966,
1,2,5.965,-0.06316208,0.07861357,-1.310724,0.5540341,-0.3729324,-0.4993009,-0.551966,
1,2,5.967,-0.06316208,0.07861357,-1.310724,0.5540341,-0.3729324,-0.4993009,-0.551966,
1,2,5.969,-0.06316208,0.07861357,-1.310724,0.5540341,-0.3729324,-0.4993009,-0.551966,
1,2,5.971,-0.0631299,0.07858896,-1.310758,0.554047,-0.3729437,-0.4992777,-0.5519663,
1,2,5.973,-0.0631299,0.07858896,-1.310758,0.554047,-0.3729437,-0.4992777,-0.5519663,
1,2,5.975,-0.0631299,0.07858896,-1.310758,0.554047,-0.3729437,-0.4992777,-0.5519663,
1,2,5.977,-0.0631299,0.07858896,-1.310758,0.554047,-0.3729437,-0.4992777,-0.5519663,
1,2,5.979,-0.06316307,0.07858992,-1.310741,0.5540545,-0.3729497,-0.4992789,-0.5519536,
1,2,5.981,-0.06316307,0.07858992,-1.310741,0.5540545,-0.3729497,-0.4992789,-0.5519536,
1,2,5.983,-0.06316307,0.07858992,-1.310741,0.5540545,-0.3729497,-0.4992789,-0.5519536,
1,2,5.985,-0.06316307,0.07858992,-1.310741,0.5540545,-0.3729497,-0.4992789,-0.5519536,
1,2,5.987,-0.06319106,0.07859035,-1.310721,0.5540227,-0.3729587,-0.4993048,-0.551956,
1,2,5.989,-0.06319106,0.07859035,-1.310721,0.5540227,-0.3729587,-0.4993048,-0.551956,
1,2,5.991,-0.06319106,0.07859035,-1.310721,0.5540227,-0.3729587,-0.4993048,-0.551956,
1,2,5.993,-0.06319106,0.07859035,-1.310721,0.5540227,-0.3729587,-0.4993048,-0.551956,
1,2,5.995,-0.06319857,0.07859407,-1.310705,0.5540244,-0.3729537,-0.4993182,-0.5519456,
1,2,5.997,-0.06319857,0.07859407,-1.310705,0.5540244,-0.3729537,-0.4993182,-0.5519456,
1,2,5.999,-0.06319857,0.07859407,-1.310705,0.5540244,-0.3729537,-0.4993182,-0.5519456,
1,3,6.001,-0.06319857,0.07859407,-1.310705,0.5540244,-0.3729537,-0.4993182,-0.5519456,TrialStart
1,3,6.003,-0.06319857,0.07859407,-1.310705,0.5540244,-0.3729537,-0.4993182,-0.5519456,
1,3,6.005,-0.06318913,0.07859997,-1.310722,0.5540493,-0.3729631,-0.4992979,-0.5519326,
1,3,6.007,-0.06318913,0.07859997,-1.310722,0.5540493,-0.3729631,-0.4992979,-0.5519326,
1,3,6.009,-0.06318913,0.07859997,-1.310722,0.5540493,-0.3729631,-0.4992979,-0.5519326,
1,3,6.011,-0.06318913,0.07859997,-1.310722,0.5540493,-0.3729631,-0.4992979,-0.5519326,
1,3,6.013,-0.06313936,0.07858547,-1.310755,0.5540601,-0.3729794,-0.4992638,-0.5519416,
1,3,6.015,-0.06313936,0.07858547,-1.310755,0.5540601,-0.3729794,-0.4992638,-0.5519416,
1,3,6.017,-0.06313936,0.07858547,-1.310755,0.5540601,-0.3729794,-0.4992638,-0.5519416,
1,3,6.019,-0.06313936,0.07858547,-1.310755,0.5540601,-0.3729794,-0.4992638,-0.5519416,
1,3,6.021,-0.06314002,0.0785644,-1.310761,0.5540861,-0.3730475,-0.4991767,-0.5519481,
1,3,6.023,-0.06314002,0.0785644,-1.310761,0.5540861,-0.3730475,-0.4991767,-0.5519481,
1,3,6.025,-0.06314002,0.0785644,-1.310761,0.5540861,-0.3730475,-0.4991767,-0.5519481,
1,3,6.027,-0.06314002,0.0785644,-1.310761,0.5540861,-0.3730475,-0.4991767,-0.5519481,
1,3,6.029,-0.06319809,0.0786038,-1.310706,0.5540105,-0.3729041,-0.4993437,-0.5519701,
1,3,6.031,-0.06319809,0.0786038,-1.310706,0.5540105,-0.3729041,-0.4993437,-0.5519701,
1,3,6.033,-0.06319809,0.0786038,-1.310706,0.5540105,-0.3729041,-0.4993437,-0.5519701,
1,3,6.035,-0.06319809,0.0786038,-1.310706,0.5540105,-0.3729041,-0.4993437,-0.5519701,
1,3,6.037,-0.06316576,0.07858062,-1.310732,0.5540511,-0.3729185,-0.4993007,-0.5519583,
1,3,6.039,-0.06316576,0.07858062,-1.310732,0.5540511,-0.3729185,-0.4993007,-0.5519583,
1,3,6.041,-0.06316576,0.07858062,-1.310732,0.5540511,-0.3729185,-0.4993007,-0.5519583,
1,3,6.043,-0.06316576,0.07858062,-1.310732,0.5540511,-0.3729185,-0.4993007,-0.5519583,
1,3,6.045,-0.06320357,0.07858581,-1.310733,0.5540065,-0.3729542,-0.49933,-0.5519525,
1,3,6.047,-0.06320357,0.07858581,-1.310733,0.5540065,-0.3729542,-0.49933,-0.5519525,
1,3,6.049,-0.06320357,0.07858581,-1.310733,0.5540065,-0.3729542,-0.49933,-0.5519525,
1,3,6.051,-0.06320357,0.07858581,-1.310733,0.5540065,-0.3729542,-0.49933,-0.5519525,
1,3,6.053,-0.06320357,0.07858581,-1.310733,0.5540065,-0.3729542,-0.49933,-0.5519525,
1,3,6.055,-0.0631456,0.07859661,-1.310735,0.5540508,-0.3729459,-0.4992663,-0.5519713,
1,3,6.057,-0.0631456,0.07859661,-1.310735,0.5540508,-0.3729459,-0.4992663,-0.5519713,
1,3,6.059,-0.0631456,0.07859661,-1.310735,0.5540508,-0.3729459,-0.4992663,-0.5519713,
1,3,6.061,-0.0631456,0.07859661,-1.310735,0.5540508,-0.3729459,-0.4992663,-0.5519713,
1,3,6.063,-0.06316074,0.07859835,-1.310725,0.554047,-0.3728827,-0.4993054,-0.5519825,
1,3,6.065,-0.06316074,0.07859835,-1.310725,0.554047,-0.3728827,-0.4993054,-0.5519825,
1,3,6.067,-0.06316074,0.07859835,-1.310725,0.554047,-0.3728827,-0.4993054,-0.5519825,
1,3,6.069,-0.06316074,0.07859835,-1.310725,0.554047,-0.3728827,-0.4993054,-0.5519825,
1,3,6.071,-0.06312103,0.07859015,-1.310758,0.5540633,-0.3729562,-0.4992423,-0.5519735,
1,3,6.073,-0.06312103,0.07859015,-1.310758,0.5540633,-0.3729562,-0.4992423,-0.5519735,
1,3,6.075,-0.06312103,0.07859015,-1.310758,0.5540633,-0.3729562,-0.4992423,-0.5519735,
1,3,6.077,-0.06312103,0.07859015,-1.310758,0.5540633,-0.3729562,-0.4992423,-0.5519735,
1,3,6.079,-0.06314187,0.07859673,-1.310743,0.5540591,-0.3729624,-0.4992422,-0.5519736,
1,3,6.081,-0.06314187,0.07859673,-1.310743,0.5540591,-0.3729624,-0.4992422,-0.5519736,
1,3,6.083,-0.06314187,0.07859673,-1.310743,0.5540591,-0.3729624,-0.4992422,-0.5519736,
1,3,6.085,-0.06314187,0.07859673,-1.310743,0.5540591,-0.3729624,-0.4992422,-0.5519736,
1,3,6.087,-0.06320123,0.07859982,-1.310686,0.5540317,-0.3729426,-0.499308,-0.5519549,
1,3,6.089,-0.06320123,0.07859982,-1.310686,0.5540317,-0.3729426,-0.499308,-0.5519549,
1,3,6.091,-0.06320123,0.07859982,-1.310686,0.5540317,-0.3729426,-0.499308,-0.5519549,
1,3,6.093,-0.06320123,0.07859982,-1.310686,0.5540317,-0.3729426,-0.499308,-0.5519549,
1,3,6.095,-0.06320124,0.07858826,-1.310712,0.5540174,-0.3729619,-0.499316,-0.5519489,
1,3,6.097,-0.06320124,0.07858826,-1.310712,0.5540174,-0.3729619,-0.499316,-0.5519489,
1,3,6.099,-0.06320124,0.07858826,-1.310712,0.5540174,-0.3729619,-0.499316,-0.5519489,
1,3,6.101,-0.06320124,0.07858826,-1.310712,0.5540174,-0.3729619,-0.499316,-0.5519489,
1,3,6.103,-0.06320124,0.07858826,-1.310712,0.5540174,-0.3729619,-0.499316,-0.5519489,
1,3,6.105,-0.06312178,0.07858364,-1.310773,0.5540818,-0.3729941,-0.4991958,-0.5519714,
1,3,6.107,-0.06312178,0.07858364,-1.310773,0.5540818,-0.3729941,-0.4991958,-0.5519714,
1,3,6.109,-0.06312178,0.07858364,-1.310773,0.5540818,-0.3729941,-0.4991958,-0.5519714,
1,3,6.111,-0.06312178,0.07858364,-1.310773,0.5540818,-0.3729941,-0.4991958,-0.5519714,
1,3,6.113,-0.0631383,0.07858971,-1.31076,0.5540548,-0.3729197,-0.499258,-0.5519925,
1,3,6.115,-0.0631383,0.07858971,-1.31076,0.5540548,-0.3729197,-0.499258,-0.5519925,
1,3,6.117,-0.0631383,0.07858971,-1.31076,0.5540548,-0.3729197,-0.499258,-0.5519925,
1,3,6.119,-0.0631383,0.07858971,-1.31076,0.5540548,-0.3729197,-0.499258,-0.5519925,
1,3,6.121,-0.06315816,0.07857511,-1.310743,0.5540462,-0.3729429,-0.4992765,-0.5519688,
1,3,6.123,-0.06315816,0.07857511,-1.310743,0.5540462,-0.3729429,-0.4992765,-0.5519688,
1,3,6.125,-0.06315816,0.07857511,-1.310743,0.5540462,-0.3729429,-0.4992765,-0.5519688,
1,3,6.127,-0.06315816,0.07857511,-1.310743,0.5540462,-0.3729429,-0.4992765,-0.5519688,
1,3,6.129,-0.06312715,0.07857767,-1.310768,0.5540569,-0.3729544,-0.4992379,-0.551985,
1,3,6.131,-0.06312715,0.07857767,-1.310768,0.5540569,-0.3729544,-0.4992379,-0.551985,
1,3,6.133,-0.06312715,0.07857767,-1.310768,0.5540569,-0.3729544,-0.4992379,-0.551985,
1,3,6.135,-0.06312715,0.07857767,-1.310768,0.5540569,-0.3729544,-0.4992379,-0.551985,
1,3,6.137,-0.06315427,0.07857683,-1.310742,0.5540406,-0.3729669,-0.4992574,-0.5519754,
1,3,6.139,-0.06315427,0.07857683,-1.310742,0.5540406,-0.3729669,-0.4992574,-0.5519754,
1,3,6.141,-0.06315427,0.07857683,-1.310742,0.5540406,-0.3729669,-0.4992574,-0.5519754,
1,3,6.143,-0.06315427,0.07857683,-1.310742,0.5540406,-0.3729669,-0.4992574,-0.5519754,
1,3,6.145,-0.06310143,0.07859098,-1.310762,0.554067,-0.3729065,-0.4992465,-0.5519995,
1,3,6.147,-0.06310143,0.07859098,-1.310762,0.554067,-0.3729065,-0.4992465,-0.5519995,
1,3,6.149,-0.06310143,0.07859098,-1.310762,0.554067,-0.3729065,-0.4992465,-0.5519995,
1,3,6.151,-0.06310143,0.07859098,-1.310762,0.554067,-0.3729065,-0.4992465,-0.5519995,
1,3,6.153,-0.06310143,0.07859098,-1.310762,0.554067,-0.3729065,-0.4992465,-0.5519995,
1,3,6.155,-0.06316933,0.07859029,-1.310712,0.5540295,-0.372935,-0.4993066,-0.5519636,
1,3,6.157,-0.06316933,0.07859029,-1.310712,0.5540295,-0.372935,-0.4993066,-0.5519636,
1,3,6.159,-0.06316933,0.07859029,-1.310712,0.5540295,-0.372935,-0.4993066,-0.5519636,
1,3,6.161,-0.06316933,0.07859029,-1.310712,0.5540295,-0.372935,-0.4993066,-0.5519636,
1,3,6.163,-0.06313055,0.07858012,-1.310749,0.5540522,-0.3729558,-0.4992608,-0.5519682,
1,3,6.165,-0.06313055,0.07858012,-1.310749,0.5540522,-0.3729558,-0.4992608,-0.5519682,
1,3,6.167,-0.06313055,0.07858012,-1.310749,0.5540522,-0.3729558,-0.4992608,-0.5519682,
1,3,6.169,-0.06313055,0.07858012,-1.310749,0.5540522,-0.3729558,-0.4992608,-0.5519682,
1,3,6.171,-0.06310777,0.07856831,-1.310786,0.5540909,-0.3729907,-0.4992047,-0.5519565,
1,3,6.173,-0.06310777,0.07856831,-1.310786,0.5540909,-0.3729907,-0.4992047,-0.5519565,
1,3,6.175,-0.06310777,0.07856831,-1.310786,0.5540909,-0.3729907,-0.4992047,-0.5519565,
1,3,6.177,-0.06310777,0.07856831,-1.310786,0.5540909,-0.3729907,-0.4992047,-0.5519565,
1,3,6.179,-0.06319674,0.07858208,-1.310723,0.5540565,-0.3729997,-0.4992665,-0.5519289,
1,3,6.181,-0.06319674,0.07858208,-1.310723,0.5540565,-0.3729997,-0.4992665,-0.5519289,
1,3,6.183,-0.06319674,0.07858208,-1.310723,0.5540565,-0.3729997,-0.4992665,-0.5519289,
1,3,6.185,-0.06319674,0.07858208,-1.310723,0.5540565,-0.3729997,-0.4992665,-0.5519289,
1,3,6.187,-0.06317905,0.07859291,-1.310705,0.5540218,-0.3729642,-0.4992946,-0.5519623,
1,3,6.189,-0.06317905,0.07859291,-1.310705,0.5540218,-0.3729642,-0.4992946,-0.5519623,
1,3,6.191,-0.06317905,0.07859291,-1.310705,0.5540218,-0.3729642,-0.4992946,-0.5519623,
1,3,6.193,-0.06317905,0.07859291,-1.310705,0.5540218,-0.3729642,-0.4992946,-0.5519623,
1,3,6.195,-0.06312324,0.07860208,-1.310751,0.5540398,-0.3729228,-0.4992798,-0.5519857,
1,3,6.197,-0.06312324,0.07860208,-1.310751,0.5540398,-0.3729228,-0.4992798,-0.5519857,
1,3,6.199,-0.06312324,0.07860208,-1.310751,0.5540398,-0.3729228,-0.4992798,-0.5519857,
1,3,6.201,-0.06312324,0.07860208,-1.310751,0.5540398,-0.3729228,-0.4992798,-0.5519857,
1,3,6.203,-0.06312324,0.07860208,-1.310751,0.5540398,-0.3729228,-0.4992798,-0.5519857,
1,3,6.205,-0.06310197,0.07859216,-1.310772,0.554043,-0.3729246,-0.4992715,-0.5519888,
1,3,6.207,-0.06310197,0.07859216,-1.310772,0.554043,-0.3729246,-0.4992715,-0.5519888,
1,3,6.209,-0.06310197,0.07859216,-1.310772,0.554043,-0.3729246,-0.4992715,-0.5519888,
1,3,6.211,-0.06310197,0.07859216,-1.310772,0.554043,-0.3729246,-0.4992715,-0.5519888,
1,3,6.213,-0.063134,0.07859679,-1.310742,0.5540546,-0.3729061,-0.4992765,-0.5519851,
1,3,6.215,-0.063134,0.07859679,-1.310742,0.5540546,-0.3729061,-0.4992765,-0.5519851,
1,3,6.217,-0.063134,0.07859679,-1.310742,0.5540546,-0.3729061,-0.4992765,-0.5519851,
1,3,6.219,-0.063134,0.07859679,-1.310742,0.5540546,-0.3729061,-0.4992765,-0.5519851,
1,3,6.221,-0.06312264,0.0785951,-1.310754,0.5540352,-0.3728705,-0.4992997,-0.5520076,
1,3,6.223,-0.06312264,0.0785951,-1.310754,0.5540352,-0.3728705,-0.4992997,-0.5520076,
1,3,6.225,-0.06312264,0.0785951,-1.310754,0.5540352,-0.3728705,-0.4992997,-0.5520076,
1,3,6.227,-0.06312264,0.0785951,-1.310754,0.5540352,-0.3728705,-0.4992997,-0.5520076,
1,3,6.229,-0.06314503,0.07857785,-1.31074,0.5540198,-0.372915,-0.4993126,-0.5519814,
1,3,6.231,-0.06314503,0.07857785,-1.31074,0.5540198,-0.372915,-0.4993126,-0.5519814,
1,3,6.233,-0.06314503,0.07857785,-1.31074,0.5540198,-0.372915,-0.4993126,-0.5519814,
1,3,6.235,-0.06314503,0.07857785,-1.31074,0.5540198,-0.372915,-0.4993126,-0.5519814,
1,3,6.237,-0.06312983,0.07858127,-1.310763,0.5540515,-0.372955,-0.4992582,-0.5519718,
1,3,6.239,-0.06312983,0.07858127,-1.310763,0.5540515,-0.372955,-0.4992582,-0.5519718,
1,3,6.241,-0.06312983,0.07858127,-1.310763,0.5540515,-0.372955,-0.4992582,-0.5519718,
1,3,6.243,-0.06312983,0.07858127,-1.310763,0.5540515,-0.372955,-0.4992582,-0.5519718,
1,3,6.245,-0.06312139,0.07857366,-1.310763,0.5540832,-0.3729737,-0.4992166,-0.5519649,
1,3,6.247,-0.06312139,0.07857366,-1.310763,0.5540832,-0.3729737,-0.4992166,-0.5519649,
1,3,6.249,-0.06312139,0.07857366,-1.310763,0.5540832,-0.3729737,-0.4992166,-0.5519649,
1,3,6.251,-0.06312139,0.07857366,-1.310763,0.5540832,-0.3729737,-0.4992166,-0.5519649,
1,3,6.253,-0.06312139,0.07857366,-1.310763,0.5540832,-0.3729737,-0.4992166,-0.5519649,
1,3,6.255,-0.06314967,0.07859282,-1.310737,0.5540407,-0.3729162,-0.4992942,-0.5519761,
1,3,6.257,-0.06314967,0.07859282,-1.310737,0.5540407,-0.3729162,-0.4992942,-0.5519761,
1,3,6.259,-0.06314967,0.07859282,-1.310737,0.5540407,-0.3729162,-0.4992942,-0.5519761,
1,3,6.261,-0.06314967,0.07859282,-1.310737,0.5540407,-0.3729162,-0.4992942,-0.5519761,
1,3,6.263,-0.06315231,0.07859439,-1.310744,0.5540746,-0.3729466,-0.4992556,-0.5519565,
1,3,6.265,-0.06315231,0.07859439,-1.310744,0.5540746,-0.3729466,-0.4992556,-0.5519565,
1,3,6.267,-0.06315231,0.07859439,-1.310744,0.5540746,-0.3729466,-0.4992556,-0.5519565,
1,3,6.269,-0.06315231,0.07859439,-1.310744,0.5540746,-0.3729466,-0.4992556,-0.5519565,
1,3,6.271,-0.06313151,0.07857922,-1.310765,0.5540742,-0.3729803,-0.4992391,-0.5519491,
1,3,6.273,-0.06313151,0.07857922,-1.310765,0.5540742,-0.3729803,-0.4992391,-0.5519491,
1,3,6.275,-0.06313151,0.07857922,-1.310765,0.5540742,-0.3729803,-0.4992391,-0.5519491,
1,3,6.277,-0.06313151,0.07857922,-1.310765,0.5540742,-0.3729803,-0.4992391,-0.5519491,
1,3,6.279,-0.06316298,0.07858761,-1.310732,0.5540208,-0.3729304,-0.4993241,-0.5519597,
1,3,6.281,-0.06316298,0.07858761,-1.310732,0.5540208,-0.3729304,-0.4993241,-0.5519597,
1,3,6.283,-0.06316298,0.07858761,-1.310732,0.5540208,-0.3729304,-0.4993241,-0.5519597,
1,3,6.285,-0.06316298,0.07858761,-1.310732,0.5540208,-0.3729304,-0.4993241,-0.5519597,
1,3,6.287,-0.06316345,0.0786024,-1.310713,0.5539919,-0.3729015,-0.4993673,-0.5519691,
1,3,6.289,-0.06316345,0.0786024,-1.310713,0.5539919,-0.3729015,-0.4993673,-0.5519691,
1,3,6.291,-0.06316345,0.0786024,-1.310713,0.5539919,-0.3729015,-0.4993673,-0.5519691,
1,3,6.293,-0.06316345,0.0786024,-1.310713,0.5539919,-0.3729015,-0.4993673,-0.5519691,
1,3,6.295,-0.06313061,0.07858274,-1.31074,0.554027,-0.3729487,-0.4992749,-0.5519856,
1,3,6.297,-0.06313061,0.07858274,-1.31074,0.554027,-0.3729487,-0.4992749,-0.5519856,
1,3,6.299,-0.06313061,0.07858274,-1.31074,0.554027,-0.3729487,-0.4992749,-0.5519856,
1,3,6.301,-0.06313061,0.07858274,-1.31074,0.554027,-0.3729487,-0.4992749,-0.5519856,
1,3,6.303,-0.06313061,0.07858274,-1.31074,0.554027,-0.3729487,-0.4992749,-0.5519856,
1,3,6.305,-0.06315061,0.07859835,-1.310745,0.5540178,-0.3729144,-0.4993216,-0.5519756,
1,3,6.307,-0.06315061,0.07859835,-1.310745,0.5540178,-0.3729144,-0.4993216,-0.5519756,
1,3,6.309,-0.06315061,0.07859835,-1.310745,0.5540178,-0.3729144,-0.4993216,-0.5519756,
1,3,6.311,-0.06315061,0.07859835,-1.310745,0.5540178,-0.3729144,-0.4993216,-0.5519756,
1,3,6.313,-0.06318295,0.0786052,-1.310712,0.5539983,-0.3728819,-0.499359,-0.5519834,
1,3,6.315,-0.06318295,0.0786052,-1.310712,0.5539983,-0.3728819,-0.499359,-0.5519834,
1,3,6.317,-0.06318295,0.0786052,-1.310712,0.5539983,-0.3728819,-0.499359,-0.5519834,
1,3,6.319,-0.06318295,0.0786052,-1.310712,0.5539983,-0.3728819,-0.499359,-0.5519834,
1,3,6.321,-0.06313238,0.07860652,-1.310714,0.5540144,-0.372869,-0.4993459,-0.5519877,
1,3,6.323,-0.06313238,0.07860652,-1.310714,0.5540144,-0.372869,-0.4993459,-0.5519877,
1,3,6.325,-0.06313238,0.07860652,-1.310714,0.5540144,-0.372869,-0.4993459,-0.5519877,
1,3,6.327,-0.06313238,0.07860652,-1.310714,0.5540144,-0.372869,-0.4993459,-0.5519877,
1,3,6.329,-0.06310916,0.07859327,-1.310759,0.5540339,-0.3729074,-0.4992878,-0.5519947,
1,3,6.331,-0.06310916,0.07859327,-1.310759,0.5540339,-0.3729074,-0.4992878,-0.5519947,
1,3,6.333,-0.06310916,0.07859327,-1.310759,0.5540339,-0.3729074,-0.4992878,-0.5519947,
1,3,6.335,-0.06310916,0.07859327,-1.310759,0.5540339,-0.3729074,-0.4992878,-0.5519947,
1,3,6.337,-0.06312808,0.07857484,-1.310773,0.5540594,-0.3729822,-0.4992498,-0.5519531,
1,3,6.339,-0.06312808,0.07857484,-1.310773,0.5540594,-0.3729822,-0.4992498,-0.5519531,
1,3,6.341,-0.06312808,0.07857484,-1.310773,0.5540594,-0.3729822,-0.4992498,-0.5519531,
1,3,6.343,-0.06312808,0.07857484,-1.310773,0.5540594,-0.3729822,-0.4992498,-0.5519531,
1,3,6.345,-0.06312957,0.07858217,-1.310763,0.5540628,-0.3729777,-0.4992458,-0.5519563,
1,3,6.347,-0.06312957,0.07858217,-1.310763,0.5540628,-0.3729777,-0.4992458,-0.5519563,
1,3,6.349,-0.06312957,0.07858217,-1.310763,0.5540628,-0.3729777,-0.4992458,-0.5519563,
1,3,6.351,-0.06312957,0.07858217,-1.310763,0.5540628,-0.3729777,-0.4992458,-0.5519563,
1,3,6.353,-0.06312957,0.07858217,-1.310763,0.5540628,-0.3729777,-0.4992458,-0.5519563,
1,3,6.355,-0.06314903,0.07859103,-1.310748,0.5540513,-0.3729562,-0.4992696,-0.5519609,
1,3,6.357,-0.06314903,0.07859103,-1.310748,0.5540513,-0.3729562,-0.4992696,-0.5519609,
1,3,6.359,-0.06314903,0.07859103,-1.310748,0.5540513,-0.3729562,-0.4992696,-0.5519609,
1,3,6.361,-0.06314903,0.07859103,-1.310748,0.5540513,-0.3729562,-0.4992696,-0.5519609,
1,3,6.363,-0.06316834,0.07858621,-1.31072,0.5540276,-0.3729424,-0.4993347,-0.551935,
1,3,6.365,-0.06316834,0.07858621,-1.31072,0.5540276,-0.3729424,-0.4993347,-0.551935,
1,3,6.367,-0.06316834,0.07858621,-1.31072,0.5540276,-0.3729424,-0.4993347,-0.551935,
1,3,6.369,-0.06316834,0.07858621,-1.31072,0.5540276,-0.3729424,-0.4993347,-0.551935,
1,3,6.371,-0.06311788,0.078566,-1.310763,0.5540591,-0.3730453,-0.4992346,-0.5519244,
1,3,6.373,-0.06311788,0.078566,-1.310763,0.5540591,-0.3730453,-0.4992346,-0.5519244,
1,3,6.375,-0.06311788,0.078566,-1.310763,0.5540591,-0.3730453,-0.4992346,-0.5519244,
1,3,6.377,-0.06311788,0.078566,-1.310763,0.5540591,-0.3730453,-0.4992346,-0.5519244,
1,3,6.379,-0.06310002,0.07858452,-1.310778,0.5540559,-0.3730038,-0.4992315,-0.5519585,
1,3,6.381,-0.06310002,0.07858452,-1.310778,0.5540559,-0.3730038,-0.4992315,-0.5519585,
1,3,6.383,-0.06310002,0.07858452,-1.310778,0.5540559,-0.3730038,-0.4992315,-0.5519585,
1,3,6.385,-0.06310002,0.07858452,-1.310778,0.5540559,-0.3730038,-0.4992315,-0.5519585,
1,3,6.387,-0.06313505,0.07859846,-1.310734,0.5540459,-0.3728943,-0.499306,-0.5519751,
1,3,6.389,-0.06313505,0.07859846,-1.310734,0.5540459,-0.3728943,-0.499306,-0.5519751,
1,3,6.391,-0.06313505,0.07859846,-1.310734,0.5540459,-0.3728943,-0.499306,-0.5519751,
1,3,6.393,-0.06313505,0.07859846,-1.310734,0.5540459,-0.3728943,-0.499306,-0.5519751,
1,3,6.395,-0.06314752,0.07858284,-1.310743,0.554057,-0.3729614,-0.4992482,-0.5519709,
1,3,6.397,-0.06314752,0.07858284,-1.310743,0.554057,-0.3729614,-0.4992482,-0.5519709,
1,3,6.399,-0.06314752,0.07858284,-1.310743,0.554057,-0.3729614,-0.4992482,-0.5519709,
1,3,6.401,-0.06314752,0.07858284,-1.310743,0.554057,-0.3729614,-0.4992482,-0.5519709,
1,3,6.403,-0.06314752,0.07858284,-1.310743,0.554057,-0.3729614,-0.4992482,-0.5519709,
1,3,6.405,-0.06314157,0.07859819,-1.310731,0.5540404,-0.3729231,-0.4992964,-0.5519698,
1,3,6.407,-0.06314157,0.07859819,-1.310731,0.5540404,-0.3729231,-0.4992964,-0.5519698,
1,3,6.409,-0.06314157,0.07859819,-1.310731,0.5540404,-0.3729231,-0.4992964,-0.5519698,
1,3,6.411,-0.06314157,0.07859819,-1.310731,0.5540404,-0.3729231,-0.4992964,-0.5519698,
1,3,6.413,-0.0631304,0.07858688,-1.310745,0.5540205,-0.3729317,-0.4993213,-0.5519615,
1,3,6.415,-0.0631304,0.07858688,-1.310745,0.5540205,-0.3729317,-0.4993213,-0.5519615,
1,3,6.417,-0.0631304,0.07858688,-1.310745,0.5540205,-0.3729317,-0.4993213,-0.5519615,
1,3,6.419,-0.0631304,0.07858688,-1.310745,0.5540205,-0.3729317,-0.4993213,-0.5519615,
1,3,6.421,-0.06310943,0.0785813,-1.310754,0.5540469,-0.3729271,-0.4992921,-0.5519646,
1,3,6.423,-0.06310943,0.0785813,-1.310754,0.5540469,-0.3729271,-0.4992921,-0.5519646,
1,3,6.425,-0.06310943,0.0785813,-1.310754,0.5540469,-0.3729271,-0.4992921,-0.5519646,
1,3,6.427,-0.06310943,0.0785813,-1.310754,0.5540469,-0.3729271,-0.4992921,-0.5519646,
1,3,6.429,-0.06309522,0.07857115,-1.310779,0.5540794,-0.3729786,-0.4992301,-0.5519532,
1,3,6.431,-0.06309522,0.07857115,-1.310779,0.5540794,-0.3729786,-0.4992301,-0.5519532,
1,3,6.433,-0.06309522,0.07857115,-1.310779,0.5540794,-0.3729786,-0.4992301,-0.5519532,
1,3,6.435,-0.06309522,0.07857115,-1.310779,0.5540794,-0.3729786,-0.4992301,-0.5519532,
1,3,6.437,-0.06312107,0.07859919,-1.310739,0.5540367,-0.3729008,-0.4993172,-0.5519699,
1,3,6.439,-0.06312107,0.07859919,-1.310739,0.5540367,-0.3729008,-0.4993172,-0.5519699,
1,3,6.441,-0.06312107,0.07859919,-1.310739,0.5540367,-0.3729008,-0.4993172,-0.5519699,
1,3,6.443,-0.06312107,0.07859919,-1.310739,0.5540367,-0.3729008,-0.4993172,-0.5519699,
1,3,6.445,-0.06314623,0.07860799,-1.310731,0.5540128,-0.3728668,-0.4993608,-0.5519773,
1,3,6.447,-0.06314623,0.07860799,-1.310731,0.5540128,-0.3728668,-0.4993608,-0.5519773,
1,3,6.449,-0.06314623,0.07860799,-1.310731,0.5540128,-0.3728668,-0.4993608,-0.5519773,
1,3,6.451,-0.06314623,0.07860799,-1.310731,0.5540128,-0.3728668,-0.4993608,-0.5519773,
1,3,6.453,-0.06314623,0.07860799,-1.310731,0.5540128,-0.3728668,-0.4993608,-0.5519773,
1,3,6.455,-0.06316338,0.07860798,-1.310736,0.554009,-0.3728863,-0.4993451,-0.5519823,
1,3,6.457,-0.06316338,0.07860798,-1.310736,0.554009,-0.3728863,-0.4993451,-0.5519823,
1,3,6.459,-0.06316338,0.07860798,-1.310736,0.554009,-0.3728863,-0.4993451,-0.5519823,
1,3,6.461,-0.06316338,0.07860798,-1.310736,0.554009,-0.3728863,-0.4993451,-0.5519823,
1,3,6.463,-0.06314092,0.07860006,-1.310752,0.5540387,-0.3728955,-0.4993193,-0.5519697,
1,3,6.465,-0.06314092,0.07860006,-1.310752,0.5540387,-0.3728955,-0.4993193,-0.5519697,
1,3,6.467,-0.06314092,0.07860006,-1.310752,0.5540387,-0.3728955,-0.4993193,-0.5519697,
1,3,6.469,-0.06314092,0.07860006,-1.310752,0.5540387,-0.3728955,-0.4993193,-0.5519697,
1,3,6.471,-0.06314249,0.07860341,-1.31075,0.5540335,-0.3728797,-0.4993196,-0.5519851,
1,3,6.473,-0.06314249,0.07860341,-1.31075,0.5540335,-0.3728797,-0.4993196,-0.5519851,
1,3,6.475,-0.06314249,0.07860341,-1.31075,0.5540335,-0.3728797,-0.4993196,-0.5519851,
1,3,6.477,-0.06314249,0.07860341,-1.31075,0.5540335,-0.3728797,-0.4993196,-0.5519851,
1,3,6.479,-0.06318834,0.07860354,-1.310717,0.554022,-0.3728824,-0.4993626,-0.5519561,
1,3,6.481,-0.06318834,0.07860354,-1.310717,0.554022,-0.3728824,-0.4993626,-0.5519561,
1,3,6.483,-0.06318834,0.07860354,-1.310717,0.554022,-0.3728824,-0.4993626,-0.5519561,
1,3,6.485,-0.06318834,0.07860354,-1.310717,0.554022,-0.3728824,-0.4993626,-0.5519561,
1,3,6.487,-0.06313269,0.07859134,-1.310775,0.5540889,-0.3729881,-0.4992139,-0.5519521,
1,3,6.489,-0.06313269,0.07859134,-1.310775,0.5540889,-0.3729881,-0.4992139,-0.5519521,
1,3,6.491,-0.06313269,0.07859134,-1.310775,0.5540889,-0.3729881,-0.4992139,-0.5519521,
1,3,6.493,-0.06313269,0.07859134,-1.310775,0.5540889,-0.3729881,-0.4992139,-0.5519521,
1,3,6.495,-0.06314693,0.07859577,-1.310771,0.5540735,-0.3729874,-0.4992308,-0.5519525,
1,3,6.497,-0.06314693,0.07859577,-1.310771,0.5540735,-0.3729874,-0.4992308,-0.5519525,
1,3,6.499,-0.06314693,0.07859577,-1.310771,0.5540735,-0.3729874,-0.4992308,-0.5519525,
1,3,6.501,-0.06314693,0.07859577,-1.310771,0.5540735,-0.3729874,-0.4992308,-0.5519525,
1,3,6.503,-0.06314693,0.07859577,-1.310771,0.5540735,-0.3729874,-0.4992308,-0.5519525,
1,3,6.505,-0.06312893,0.0785981,-1.310767,0.5540879,-0.372976,-0.4992132,-0.5519616,
1,3,6.507,-0.06312893,0.0785981,-1.310767,0.5540879,-0.372976,-0.4992132,-0.5519616,
1,3,6.509,-0.06312893,0.0785981,-1.310767,0.5540879,-0.372976,-0.4992132,-0.5519616,
1,3,6.511,-0.06312893,0.0785981,-1.310767,0.5540879,-0.372976,-0.4992132,-0.5519616,
1,3,6.513,-0.06311668,0.07859465,-1.310778,0.5541026,-0.3730064,-0.4991782,-0.551958,
1,3,6.515,-0.06311668,0.07859465,-1.310778,0.5541026,-0.3730064,-0.4991782,-0.551958,
1,3,6.517,-0.06311668,0.07859465,-1.310778,0.5541026,-0.3730064,-0.4991782,-0.551958,
1,3,6.519,-0.06311668,0.07859465,-1.310778,0.5541026,-0.3730064,-0.4991782,-0.551958,
1,3,6.521,-0.06315385,0.07861254,-1.310755,0.5540937,-0.3729745,-0.499213,-0.5519571,
1,3,6.523,-0.06315385,0.07861254,-1.310755,0.5540937,-0.3729745,-0.499213,-0.5519571,
1,3,6.525,-0.06315385,0.07861254,-1.310755,0.5540937,-0.3729745,-0.499213,-0.5519571,
1,3,6.527,-0.06315385,0.07861254,-1.310755,0.5540937,-0.3729745,-0.499213,-0.5519571,
1,3,6.529,-0.06315156,0.07859356,-1.310741,0.5540921,-0.37298,-0.499233,-0.5519369,
1,3,6.531,-0.06315156,0.07859356,-1.310741,0.5540921,-0.37298,-0.499233,-0.5519369,
1,3,6.533,-0.06315156,0.07859356,-1.310741,0.5540921,-0.37298,-0.499233,-0.5519369,
1,3,6.535,-0.06315156,0.07859356,-1.310741,0.5540921,-0.37298,-0.499233,-0.5519369,
1,3,6.537,-0.06314283,0.07860575,-1.31075,0.554091,-0.3729418,-0.4992479,-0.5519503,
1,3,6.539,-0.06314283,0.07860575,-1.31075,0.554091,-0.3729418,-0.4992479,-0.5519503,
1,3,6.541,-0.06314283,0.07860575,-1.31075,0.554091,-0.3729418,-0.4992479,-0.5519503,
1,3,6.543,-0.06314283,0.07860575,-1.31075,0.554091,-0.3729418,-0.4992479,-0.5519503,
1,3,6.545,-0.06316801,0.07861794,-1.310736,0.5540358,-0.3728918,-0.4993172,-0.5519769,
1,3,6.547,-0.06316801,0.07861794,-1.310736,0.5540358,-0.3728918,-0.4993172,-0.5519769,
1,3,6.549,-0.06316801,0.07861794,-1.310736,0.5540358,-0.3728918,-0.4993172,-0.5519769,
1,3,6.551,-0.06316801,0.07861794,-1.310736,0.5540358,-0.3728918,-0.4993172,-0.5519769,
1,3,6.553,-0.06316801,0.07861794,-1.310736,0.5540358,-0.3728918,-0.4993172,-0.5519769,
1,3,6.555,-0.06313354,0.07859746,-1.310757,0.5540843,-0.3729572,-0.4992248,-0.5519675,
1,3,6.557,-0.06313354,0.07859746,-1.310757,0.5540843,-0.3729572,-0.4992248,-0.5519675,
1,3,6.559,-0.06313354,0.07859746,-1.310757,0.5540843,-0.3729572,-0.4992248,-0.5519675,
1,3,6.561,-0.06313354,0.07859746,-1.310757,0.5540843,-0.3729572,-0.4992248,-0.5519675,
1,3,6.563,-0.0631805,0.07861759,-1.310737,0.5540211,-0.3729049,-0.499343,-0.5519594,
1,3,6.565,-0.0631805,0.07861759,-1.310737,0.5540211,-0.3729049,-0.499343,-0.5519594,
1,3,6.567,-0.0631805,0.07861759,-1.310737,0.5540211,-0.3729049,-0.499343,-0.5519594,
1,3,6.569,-0.0631805,0.07861759,-1.310737,0.5540211,-0.3729049,-0.499343,-0.5519594,
1,3,6.571,-0.06314466,0.07861409,-1.31075,0.5540435,-0.3728993,-0.4992913,-0.5519873,
1,3,6.573,-0.06314466,0.07861409,-1.31075,0.5540435,-0.3728993,-0.4992913,-0.5519873,
1,3,6.575,-0.06314466,0.07861409,-1.31075,0.5540435,-0.3728993,-0.4992913,-0.5519873,
1,3,6.577,-0.06314466,0.07861409,-1.31075,0.5540435,-0.3728993,-0.4992913,-0.5519873,
1,3,6.579,-0.06317215,0.0786097,-1.310739,0.5540385,-0.3728845,-0.4993102,-0.5519854,
1,3,6.581,-0.06317215,0.0786097,-1.310739,0.5540385,-0.3728845,-0.4993102,-0.5519854,
1,3,6.583,-0.06317215,0.0786097,-1.310739,0.5540385,-0.3728845,-0.4993102,-0.5519854,
1,3,6.585,-0.06317215,0.0786097,-1.310739,0.5540385,-0.3728845,-0.4993102,-0.5519854,
1,3,6.587,-0.06314197,0.0786019,-1.310763,0.5540924,-0.3729817,-0.4992059,-0.55196,
1,3,6.589,-0.06314197,0.0786019,-1.310763,0.5540924,-0.3729817,-0.4992059,-0.55196,
1,3,6.591,-0.06314197,0.0786019,-1.310763,0.5540924,-0.3729817,-0.4992059,-0.55196,
1,3,6.593,-0.06314197,0.0786019,-1.310763,0.5540924,-0.3729817,-0.4992059,-0.55196,
1,3,6.595,-0.06317007,0.07861236,-1.310744,0.5540609,-0.3729648,-0.4992714,-0.5519438,
1,3,6.597,-0.06317007,0.07861236,-1.310744,0.5540609,-0.3729648,-0.4992714,-0.5519438,
1,3,6.599,-0.06317007,0.07861236,-1.310744,0.5540609,-0.3729648,-0.4992714,-0.5519438,
1,3,6.601,-0.06317007,0.07861236,-1.310744,0.5540609,-0.3729648,-0.4992714,-0.5519438,
1,3,6.603,-0.06317007,0.07861236,-1.310744,0.5540609,-0.3729648,-0.4992714,-0.5519438,
1,3,6.605,-0.06314345,0.07858628,-1.310745,0.5540788,-0.3729667,-0.4992571,-0.5519375,
1,3,6.607,-0.06314345,0.07858628,-1.310745,0.5540788,-0.3729667,-0.4992571,-0.5519375,
1,3,6.609,-0.06314345,0.07858628,-1.310745,0.5540788,-0.3729667,-0.4992571,-0.5519375,
1,3,6.611,-0.06314345,0.07858628,-1.310745,0.5540788,-0.3729667,-0.4992571,-0.5519375,
1,3,6.613,-0.06318864,0.07860705,-1.310714,0.5539891,-0.3729167,-0.4993644,-0.5519642,
1,3,6.615,-0.06318864,0.07860705,-1.310714,0.5539891,-0.3729167,-0.4993644,-0.5519642,
1,3,6.617,-0.06318864,0.07860705,-1.310714,0.5539891,-0.3729167,-0.4993644,-0.5519642,
1,3,6.619,-0.06318864,0.07860705,-1.310714,0.5539891,-0.3729167,-0.4993644,-0.5519642,
1,3,6.621,-0.06319518,0.07860319,-1.310716,0.5539951,-0.3729395,-0.4993606,-0.5519464,
1,3,6.623,-0.06319518,0.07860319,-1.310716,0.5539951,-0.3729395,-0.4993606,-0.5519464,
1,3,6.625,-0.06319518,0.07860319,-1.310716,0.5539951,-0.3729395,-0.4993606,-0.5519464,
1,3,6.627,-0.06319518,0.07860319,-1.310716,0.5539951,-0.3729395,-0.4993606,-0.5519464,
1,3,6.629,-0.06313829,0.07857971,-1.310768,0.5540513,-0.3730173,-0.4992525,-0.551935,
1,3,6.631,-0.06313829,0.07857971,-1.310768,0.5540513,-0.3730173,-0.4992525,-0.551935,
1,3,6.633,-0.06313829,0.07857971,-1.310768,0.5540513,-0.3730173,-0.4992525,-0.551935,
1,3,6.635,-0.06313829,0.07857971,-1.310768,0.5540513,-0.3730173,-0.4992525,-0.551935,
1,3,6.637,-0.06311607,0.07859719,-1.31078,0.55405,-0.3729523,-0.4992754,-0.5519594,
1,3,6.639,-0.06311607,0.07859719,-1.31078,0.55405,-0.3729523,-0.4992754,-0.5519594,
1,3,6.641,-0.06311607,0.07859719,-1.31078,0.55405,-0.3729523,-0.4992754,-0.5519594,
1,3,6.643,-0.06311607,0.07859719,-1.31078,0.55405,-0.3729523,-0.4992754,-0.5519594,
1,3,6.645,-0.06315392,0.07860297,-1.310745,0.5540199,-0.3729305,-0.4993146,-0.5519691,
1,3,6.647,-0.06315392,0.07860297,-1.310745,0.5540199,-0.3729305,-0.4993146,-0.5519691,
1,3,6.649,-0.06315392,0.07860297,-1.310745,0.5540199,-0.3729305,-0.4993146,-0.5519691,
1,3,6.651,-0.06315392,0.07860297,-1.310745,0.5540199,-0.3729305,-0.4993146,-0.5519691,
1,3,6.653,-0.06315392,0.07860297,-1.310745,0.5540199,-0.3729305,-0.4993146,-0.5519691,
1,3,6.655,-0.06312797,0.07860027,-1.310761,0.5540462,-0.3729633,-0.4992626,-0.5519674,
1,3,6.657,-0.06312797,0.07860027,-1.310761,0.5540462,-0.3729633,-0.4992626,-0.5519674,
1,3,6.659,-0.06312797,0.07860027,-1.310761,0.5540462,-0.3729633,-0.4992626,-0.5519674,
1,3,6.661,-0.06312797,0.07860027,-1.310761,0.5540462,-0.3729633,-0.4992626,-0.5519674,
1,3,6.663,-0.06316248,0.07860737,-1.310727,0.554022,-0.3729348,-0.4993051,-0.5519726,
1,3,6.665,-0.06316248,0.07860737,-1.310727,0.554022,-0.3729348,-0.4993051,-0.5519726,
1,3,6.667,-0.06316248,0.07860737,-1.310727,0.554022,-0.3729348,-0.4993051,-0.5519726,
1,3,6.669,-0.06316248,0.07860737,-1.310727,0.554022,-0.3729348,-0.4993051,-0.5519726,
1,3,6.671,-0.06313079,0.07859503,-1.310746,0.5540778,-0.3729755,-0.4992388,-0.551949,
1,3,6.673,-0.06313079,0.07859503,-1.310746,0.5540778,-0.3729755,-0.4992388,-0.551949,
1,3,6.675,-0.06313079,0.07859503,-1.310746,0.5540778,-0.3729755,-0.4992388,-0.551949,
1,3,6.677,-0.06313079,0.07859503,-1.310746,0.5540778,-0.3729755,-0.4992388,-0.551949,
1,3,6.679,-0.06313483,0.07860064,-1.310764,0.5540715,-0.3729833,-0.4992497,-0.5519402,
1,3,6.681,-0.06313483,0.07860064,-1.310764,0.5540715,-0.3729833,-0.4992497,-0.5519402,
1,3,6.683,-0.06313483,0.07860064,-1.310764,0.5540715,-0.3729833,-0.4992497,-0.5519402,
1,3,6.685,-0.06313483,0.07860064,-1.310764,0.5540715,-0.3729833,-0.4992497,-0.5519402,
1,3,6.687,-0.06313735,0.07860024,-1.31076,0.5540556,-0.3729722,-0.4992503,-0.5519632,
1,3,6.689,-0.06313735,0.07860024,-1.31076,0.5540556,-0.3729722,-0.4992503,-0.5519632,
1,3,6.691,-0.06313735,0.07860024,-1.31076,0.5540556,-0.3729722,-0.4992503,-0.5519632,
1,3,6.693,-0.06313735,0.07860024,-1.31076,0.5540556,-0.3729722,-0.4992503,-0.5519632,
1,3,6.695,-0.06318649,0.07860608,-1.310724,0.5540187,-0.3729761,-0.4993125,-0.5519414,
1,3,6.697,-0.06318649,0.07860608,-1.310724,0.5540187,-0.3729761,-0.4993125,-0.5519414,
1,3,6.699,-0.06318649,0.07860608,-1.310724,0.5540187,-0.3729761,-0.4993125,-0.5519414,
1,3,6.701,-0.06318649,0.07860608,-1.310724,0.5540187,-0.3729761,-0.4993125,-0.5519414,
1,3,6.703,-0.06318649,0.07860608,-1.310724,0.5540187,-0.3729761,-0.4993125,-0.5519414,
1,3,6.705,-0.0631982,0.07859583,-1.310694,0.554011,-0.3729817,-0.4993292,-0.5519301,
1,3,6.707,-0.0631982,0.07859583,-1.310694,0.554011,-0.3729817,-0.4993292,-0.5519301,
1,3,6.709,-0.0631982,0.07859583,-1.310694,0.554011,-0.3729817,-0.4993292,-0.5519301,
1,3,6.711,-0.0631982,0.07859583,-1.310694,0.554011,-0.3729817,-0.4993292,-0.5519301,
1,3,6.713,-0.06314225,0.07858101,-1.310756,0.5540738,-0.3730142,-0.4992605,-0.5519072,
1,3,6.715,-0.06314225,0.07858101,-1.310756,0.5540738,-0.3730142,-0.4992605,-0.5519072,
1,3,6.717,-0.06314225,0.07858101,-1.310756,0.5540738,-0.3730142,-0.4992605,-0.5519072,
1,3,6.719,-0.06314225,0.07858101,-1.310756,0.5540738,-0.3730142,-0.4992605,-0.5519072,
1,3,6.721,-0.06315585,0.07859214,-1.310758,0.554051,-0.3729604,-0.4993016,-0.5519294,
1,3,6.723,-0.06315585,0.07859214,-1.310758,0.554051,-0.3729604,-0.4993016,-0.5519294,
1,3,6.725,-0.06315585,0.07859214,-1.310758,0.554051,-0.3729604,-0.4993016,-0.5519294,
1,3,6.727,-0.06315585,0.07859214,-1.310758,0.554051,-0.3729604,-0.4993016,-0.5519294,
1,3,6.729,-0.06315117,0.07857803,-1.310761,0.5540759,-0.3730131,-0.4992421,-0.5519226,
1,3,6.731,-0.06315117,0.07857803,-1.310761,0.5540759,-0.3730131,-0.4992421,-0.5519226,
1,3,6.733,-0.06315117,0.07857803,-1.310761,0.5540759,-0.3730131,-0.4992421,-0.5519226,
1,3,6.735,-0.06315117,0.07857803,-1.310761,0.5540759,-0.3730131,-0.4992421,-0.5519226,
1,3,6.737,-0.06313045,0.07859167,-1.310751,0.5540716,-0.3729837,-0.4992534,-0.5519366,
1,3,6.739,-0.06313045,0.07859167,-1.310751,0.5540716,-0.3729837,-0.4992534,-0.5519366,
1,3,6.741,-0.06313045,0.07859167,-1.310751,0.5540716,-0.3729837,-0.4992534,-0.5519366,
1,3,6.743,-0.06313045,0.07859167,-1.310751,0.5540716,-0.3729837,-0.4992534,-0.5519366,
1,3,6.745,-0.06313372,0.07860325,-1.310742,0.5540396,-0.3729121,-0.4993005,-0.5519745,
1,3,6.747,-0.06313372,0.07860325,-1.310742,0.5540396,-0.3729121,-0.4993005,-0.5519745,
1,3,6.749,-0.06313372,0.07860325,-1.310742,0.5540396,-0.3729121,-0.4993005,-0.5519745,
1,3,6.751,-0.06313372,0.07860325,-1.310742,0.5540396,-0.3729121,-0.4993005,-0.5519745,
1,3,6.753,-0.06313372,0.07860325,-1.310742,0.5540396,-0.3729121,-0.4993005,-0.5519745,
1,3,6.755,-0.06315719,0.07859922,-1.310756,0.5540025,-0.3728956,-0.4993662,-0.5519633,
1,3,6.757,-0.06315719,0.07859922,-1.310756,0.5540025,-0.3728956,-0.4993662,-0.5519633,
1,3,6.759,-0.06315719,0.07859922,-1.310756,0.5540025,-0.3728956,-0.4993662,-0.5519633,
1,3,6.761,-0.06315719,0.07859922,-1.310756,0.5540025,-0.3728956,-0.4993662,-0.5519633,
1,3,6.763,-0.06317065,0.07858928,-1.310734,0.554011,-0.3729457,-0.4993367,-0.5519477,
1,3,6.765,-0.06317065,0.07858928,-1.310734,0.554011,-0.3729457,-0.4993367,-0.5519477,
1,3,6.767,-0.06317065,0.07858928,-1.310734,0.554011,-0.3729457,-0.4993367,-0.5519477,
1,3,6.769,-0.06317065,0.07858928,-1.310734,0.554011,-0.3729457,-0.4993367,-0.5519477,
1,3,6.771,-0.06312028,0.07859205,-1.310759,0.5540754,-0.3729676,-0.4992379,-0.5519577,
1,3,6.773,-0.06312028,0.07859205,-1.310759,0.5540754,-0.3729676,-0.4992379,-0.5519577,
1,3,6.775,-0.06312028,0.07859205,-1.310759,0.5540754,-0.3729676,-0.4992379,-0.5519577,
1,3,6.777,-0.06312028,0.07859205,-1.310759,0.5540754,-0.3729676,-0.4992379,-0.5519577,
1,3,6.779,-0.06314187,0.07860304,-1.31074,0.5540537,-0.372922,-0.4993014,-0.5519528,
1,3,6.781,-0.06314187,0.07860304,-1.31074,0.5540537,-0.372922,-0.4993014,-0.5519528,
1,3,6.783,-0.06314187,0.07860304,-1.31074,0.5540537,-0.372922,-0.4993014,-0.5519528,
1,3,6.785,-0.06314187,0.07860304,-1.31074,0.5540537,-0.372922,-0.4993014,-0.5519528,
1,3,6.787,-0.0631291,0.07859303,-1.310754,0.554061,-0.372941,-0.4992763,-0.5519553,
1,3,6.789,-0.0631291,0.07859303,-1.310754,0.554061,-0.372941,-0.4992763,-0.5519553,
1,3,6.791,-0.0631291,0.07859303,-1.310754,0.554061,-0.372941,-0.4992763,-0.5519553,
1,3,6.793,-0.0631291,0.07859303,-1.310754,0.554061,-0.372941,-0.4992763,-0.5519553,
1,3,6.795,-0.06315503,0.07861061,-1.310746,0.5540435,-0.3729264,-0.499318,-0.551945,
1,3,6.797,-0.06315503,0.07861061,-1.310746,0.5540435,-0.3729264,-0.499318,-0.551945,
1,3,6.799,-0.06315503,0.07861061,-1.310746,0.5540435,-0.3729264,-0.499318,-0.551945,
1,3,6.801,-0.06315503,0.07861061,-1.310746,0.5540435,-0.3729264,-0.499318,-0.551945,
1,3,6.803,-0.06315503,0.07861061,-1.310746,0.5540435,-0.3729264,-0.499318,-0.551945,
1,3,6.805,-0.06314301,0.07858775,-1.310747,0.5540645,-0.3729622,-0.4992625,-0.5519499,
1,3,6.807,-0.06314301,0.07858775,-1.310747,0.5540645,-0.3729622,-0.4992625,-0.5519499,
1,3,6.809,-0.06314301,0.07858775,-1.310747,0.5540645,-0.3729622,-0.4992625,-0.5519499,
1,3,6.811,-0.06314301,0.07858775,-1.310747,0.5540645,-0.3729622,-0.4992625,-0.5519499,
1,3,6.813,-0.06310652,0.07858858,-1.310784,0.5540987,-0.372991,-0.4992062,-0.5519472,
1,3,6.815,-0.06310652,0.07858858,-1.310784,0.5540987,-0.372991,-0.4992062,-0.5519472,
1,3,6.817,-0.06310652,0.07858858,-1.310784,0.5540987,-0.372991,-0.4992062,-0.5519472,
1,3,6.819,-0.06310652,0.07858858,-1.310784,0.5540987,-0.372991,-0.4992062,-0.5519472,
1,3,6.821,-0.06311791,0.07859952,-1.310776,0.5540665,-0.3729644,-0.499244,-0.5519631,
1,3,6.823,-0.06311791,0.07859952,-1.310776,0.5540665,-0.3729644,-0.499244,-0.5519631,
1,3,6.825,-0.06311791,0.07859952,-1.310776,0.5540665,-0.3729644,-0.499244,-0.5519631,
1,3,6.827,-0.06311791,0.07859952,-1.310776,0.5540665,-0.3729644,-0.499244,-0.5519631,
1,3,6.829,-0.06312294,0.07860078,-1.310755,0.5540656,-0.3729627,-0.499236,-0.5519724,
1,3,6.831,-0.06312294,0.07860078,-1.310755,0.5540656,-0.3729627,-0.499236,-0.5519724,
1,3,6.833,-0.06312294,0.07860078,-1.310755,0.5540656,-0.3729627,-0.499236,-0.5519724,
1,3,6.835,-0.06312294,0.07860078,-1.310755,0.5540656,-0.3729627,-0.499236,-0.5519724,
1,3,6.837,-0.06310641,0.07859402,-1.310774,0.5540808,-0.3729832,-0.4992188,-0.5519589,
1,3,6.839,-0.06310641,0.07859402,-1.310774,0.5540808,-0.3729832,-0.4992188,-0.5519589,
1,3,6.841,-0.06310641,0.07859402,-1.310774,0.5540808,-0.3729832,-0.4992188,-0.5519589,
1,3,6.843,-0.06310641,0.07859402,-1.310774,0.5540808,-0.3729832,-0.4992188,-0.5519589,
1,3,6.845,-0.06320468,0.07860056,-1.310722,0.5540184,-0.3729522,-0.4993251,-0.5519463,
1,3,6.847,-0.06320468,0.07860056,-1.310722,0.5540184,-0.3729522,-0.4993251,-0.5519463,
1,3,6.849,-0.06320468,0.07860056,-1.310722,0.5540184,-0.3729522,-0.4993251,-0.5519463,
1,3,6.851,-0.06320468,0.07860056,-1.310722,0.5540184,-0.3729522,-0.4993251,-0.5519463,
1,3,6.853,-0.06320468,0.07860056,-1.310722,0.5540184,-0.3729522,-0.4993251,-0.5519463,
1,3,6.855,-0.06320097,0.07860124,-1.310706,0.5540143,-0.3729476,-0.4993533,-0.5519281,
1,3,6.857,-0.06320097,0.07860124,-1.310706,0.5540143,-0.3729476,-0.4993533,-0.5519281,
1,3,6.859,-0.06320097,0.07860124,-1.310706,0.5540143,-0.3729476,-0.4993533,-0.5519281,
1,3,6.861,-0.06320097,0.07860124,-1.310706,0.5540143,-0.3729476,-0.4993533,-0.5519281,
1,3,6.863,-0.06317286,0.0786092,-1.31071,0.5540249,-0.3729285,-0.4993441,-0.5519387,
1,3,6.865,-0.06317286,0.0786092,-1.31071,0.5540249,-0.3729285,-0.4993441,-0.5519387,
1,3,6.867,-0.06317286,0.0786092,-1.31071,0.5540249,-0.3729285,-0.4993441,-0.5519387,
1,3,6.869,-0.06317286,0.0786092,-1.31071,0.5540249,-0.3729285,-0.4993441,-0.5519387,
1,3,6.871,-0.06315558,0.07858413,-1.310746,0.5540405,-0.3729948,-0.4992746,-0.5519411,
1,3,6.873,-0.06315558,0.07858413,-1.310746,0.5540405,-0.3729948,-0.4992746,-0.5519411,
1,3,6.875,-0.06315558,0.07858413,-1.310746,0.5540405,-0.3729948,-0.4992746,-0.5519411,
1,3,6.877,-0.06315558,0.07858413,-1.310746,0.5540405,-0.3729948,-0.4992746,-0.5519411,
1,3,6.879,-0.06315121,0.078609,-1.310734,0.5540322,-0.3729244,-0.4993259,-0.5519505,
1,3,6.881,-0.06315121,0.078609,-1.310734,0.5540322,-0.3729244,-0.4993259,-0.5519505,
1,3,6.883,-0.06315121,0.078609,-1.310734,0.5540322,-0.3729244,-0.4993259,-0.5519505,
1,3,6.885,-0.06315121,0.078609,-1.310734,0.5540322,-0.3729244,-0.4993259,-0.5519505,
1,3,6.887,-0.06320748,0.07860845,-1.310693,0.5540078,-0.3729129,-0.499393,-0.551922,
1,3,6.889,-0.06320748,0.07860845,-1.310693,0.5540078,-0.3729129,-0.499393,-0.551922,
1,3,6.891,-0.06320748,0.07860845,-1.310693,0.5540078,-0.3729129,-0.499393,-0.551922,
1,3,6.893,-0.06320748,0.07860845,-1.310693,0.5540078,-0.3729129,-0.499393,-0.551922,
1,3,6.895,-0.06318305,0.07859212,-1.310724,0.5540257,-0.3729914,-0.4993314,-0.5519069,
1,3,6.897,-0.06318305,0.07859212,-1.310724,0.5540257,-0.3729914,-0.4993314,-0.5519069,
1,3,6.899,-0.06318305,0.07859212,-1.310724,0.5540257,-0.3729914,-0.4993314,-0.5519069,
1,3,6.901,-0.06318305,0.07859212,-1.310724,0.5540257,-0.3729914,-0.4993314,-0.5519069,
1,3,6.903,-0.06318305,0.07859212,-1.310724,0.5540257,-0.3729914,-0.4993314,-0.5519069,
1,3,6.905,-0.0631366,0.07858956,-1.310756,0.5540604,-0.3729898,-0.4992719,-0.5519268,
1,3,6.907,-0.0631366,0.07858956,-1.310756,0.5540604,-0.3729898,-0.4992719,-0.5519268,
1,3,6.909,-0.0631366,0.07858956,-1.310756,0.5540604,-0.3729898,-0.4992719,-0.5519268,
1,3,6.911,-0.0631366,0.07858956,-1.310756,0.5540604,-0.3729898,-0.4992719,-0.5519268,
1,3,6.913,-0.06311611,0.07858349,-1.310784,0.5540984,-0.3730347,-0.4992018,-0.5519218,
1,3,6.915,-0.06311611,0.07858349,-1.310784,0.5540984,-0.3730347,-0.4992018,-0.5519218,
1,3,6.917,-0.06311611,0.07858349,-1.310784,0.5540984,-0.3730347,-0.4992018,-0.5519218,
1,3,6.919,-0.06311611,0.07858349,-1.310784,0.5540984,-0.3730347,-0.4992018,-0.5519218,
1,3,6.921,-0.06313571,0.07859218,-1.310758,0.5540675,-0.3730048,-0.4992433,-0.5519356,
1,3,6.923,-0.06313571,0.07859218,-1.310758,0.5540675,-0.3730048,-0.4992433,-0.5519356,
1,3,6.925,-0.06313571,0.07859218,-1.310758,0.5540675,-0.3730048,-0.4992433,-0.5519356,
1,3,6.927,-0.06313571,0.07859218,-1.310758,0.5540675,-0.3730048,-0.4992433,-0.5519356,
1,3,6.929,-0.06314255,0.07860803,-1.310745,0.5540624,-0.372972,-0.4992659,-0.5519423,
1,3,6.931,-0.06314255,0.07860803,-1.310745,0.5540624,-0.372972,-0.4992659,-0.5519423,
1,3,6.933,-0.06314255,0.07860803,-1.310745,0.5540624,-0.372972,-0.4992659,-0.5519423,
1,3,6.935,-0.06314255,0.07860803,-1.310745,0.5540624,-0.372972,-0.4992659,-0.5519423,
1,3,6.937,-0.06314862,0.07861254,-1.310737,0.5540444,-0.3729454,-0.499292,-0.5519547,
1,3,6.939,-0.06314862,0.07861254,-1.310737,0.5540444,-0.3729454,-0.499292,-0.5519547,
1,3,6.941,-0.06314862,0.07861254,-1.310737,0.5540444,-0.3729454,-0.499292,-0.5519547,
1,3,6.943,-0.06314862,0.07861254,-1.310737,0.5540444,-0.3729454,-0.499292,-0.5519547,
1,3,6.945,-0.06312694,0.07860376,-1.310772,0.5540643,-0.3729823,-0.4992626,-0.5519364,
1,3,6.947,-0.06312694,0.07860376,-1.310772,0.5540643,-0.3729823,-0.4992626,-0.5519364,
1,3,6.949,-0.06312694,0.07860376,-1.310772,0.5540643,-0.3729823,-0.4992626,-0.5519364,
1,3,6.951,-0.06312694,0.07860376,-1.310772,0.5540643,-0.3729823,-0.4992626,-0.5519364,
1,3,6.953,-0.06312694,0.07860376,-1.310772,0.5540643,-0.3729823,-0.4992626,-0.5519364,
1,3,6.955,-0.06311019,0.07859614,-1.310768,0.5540716,-0.3729636,-0.4992663,-0.5519385,
1,3,6.957,-0.06311019,0.07859614,-1.310768,0.5540716,-0.3729636,-0.4992663,-0.5519385,
1,3,6.959,-0.06311019,0.07859614,-1.310768,0.5540716,-0.3729636,-0.4992663,-0.5519385,
1,3,6.961,-0.06311019,0.07859614,-1.310768,0.5540716,-0.3729636,-0.4992663,-0.5519385,
1,3,6.963,-0.06312833,0.07859844,-1.310766,0.5540525,-0.3729734,-0.4992707,-0.5519471,
1,3,6.965,-0.06312833,0.07859844,-1.310766,0.5540525,-0.3729734,-0.4992707,-0.5519471,
1,3,6.967,-0.06312833,0.07859844,-1.310766,0.5540525,-0.3729734,-0.4992707,-0.5519471,
1,3,6.969,-0.06312833,0.07859844,-1.310766,0.5540525,-0.3729734,-0.4992707,-0.5519471,
1,3,6.971,-0.0631322,0.07858033,-1.310762,0.5540724,-0.3730344,-0.4992238,-0.5519282,
1,3,6.973,-0.0631322,0.07858033,-1.310762,0.5540724,-0.3730344,-0.4992238,-0.5519282,
1,3,6.975,-0.0631322,0.07858033,-1.310762,0.5540724,-0.3730344,-0.4992238,-0.5519282,
1,3,6.977,-0.0631322,0.07858033,-1.310762,0.5540724,-0.3730344,-0.4992238,-0.5519282,
1,3,6.979,-0.06317087,0.0785876,-1.310737,0.5540502,-0.3730128,-0.4992552,-0.5519368,
1,3,6.981,-0.06317087,0.0785876,-1.310737,0.5540502,-0.3730128,-0.4992552,-0.5519368,
1,3,6.983,-0.06317087,0.0785876,-1.310737,0.5540502,-0.3730128,-0.4992552,-0.5519368,
1,3,6.985,-0.06317087,0.0785876,-1.310737,0.5540502,-0.3730128,-0.4992552,-0.5519368,
1,3,6.987,-0.06313808,0.0785829,-1.310768,0.5540799,-0.3730405,-0.499219,-0.5519208,
1,3,6.989,-0.06313808,0.0785829,-1.310768,0.5540799,-0.3730405,-0.499219,-0.5519208,
1,3,6.991,-0.06313808,0.0785829,-1.310768,0.5540799,-0.3730405,-0.499219,-0.5519208,
1,3,6.993,-0.06313808,0.0785829,-1.310768,0.5540799,-0.3730405,-0.499219,-0.5519208,
1,3,6.995,-0.06315548,0.07860762,-1.310746,0.5540131,-0.3729551,-0.4993457,-0.551931,
1,3,6.997,-0.06315548,0.07860762,-1.310746,0.5540131,-0.3729551,-0.4993457,-0.551931,
1,3,6.999,-0.06315548,0.07860762,-1.310746,0.5540131,-0.3729551,-0.4993457,-0.551931,
1,3,7.001,-0.06315548,0.07860762,-1.310746,0.5540131,-0.3729551,-0.4993457,-0.551931,
1,3,7.003,-0.06315548,0.07860762,-1.310746,0.5540131,-0.3729551,-0.4993457,-0.551931,
1,3,7.005,-0.06313433,0.07858923,-1.310764,0.5540445,-0.3729881,-0.4992816,-0.5519353,
1,3,7.007,-0.06313433,0.07858923,-1.310764,0.5540445,-0.3729881,-0.4992816,-0.5519353,
1,3,7.009,-0.06313433,0.07858923,-1.310764,0.5540445,-0.3729881,-0.4992816,-0.5519353,
1,3,7.011,-0.06313433,0.07858923,-1.310764,0.5540445,-0.3729881,-0.4992816,-0.5519353,
1,3,7.013,-0.0631111,0.07859696,-1.310778,0.5540713,-0.3729991,-0.4992115,-0.5519642,
1,3,7.015,-0.0631111,0.07859696,-1.310778,0.5540713,-0.3729991,-0.4992115,-0.5519642,
1,3,7.017,-0.0631111,0.07859696,-1.310778,0.5540713,-0.3729991,-0.4992115,-0.5519642,
1,3,7.019,-0.0631111,0.07859696,-1.310778,0.5540713,-0.3729991,-0.4992115,-0.5519642,
1,3,7.021,-0.06316968,0.0786026,-1.310736,0.5540178,-0.3729653,-0.4993132,-0.5519489,
1,3,7.023,-0.06316968,0.0786026,-1.310736,0.5540178,-0.3729653,-0.4993132,-0.5519489,
1,3,7.025,-0.06316968,0.0786026,-1.310736,0.5540178,-0.3729653,-0.4993132,-0.5519489,
1,3,7.027,-0.06316968,0.0786026,-1.310736,0.5540178,-0.3729653,-0.4993132,-0.5519489,
1,3,7.029,-0.06319903,0.07858097,-1.31071,0.5540165,-0.3730221,-0.4993022,-0.5519217,
1,3,7.031,-0.06319903,0.07858097,-1.31071,0.5540165,-0.3730221,-0.4993022,-0.5519217,
1,3,7.033,-0.06319903,0.07858097,-1.31071,0.5540165,-0.3730221,-0.4993022,-0.5519217,
1,3,7.035,-0.06319903,0.07858097,-1.31071,0.5540165,-0.3730221,-0.4993022,-0.5519217,
1,3,7.037,-0.06317633,0.07858597,-1.310719,0.5540549,-0.3730228,-0.49926,-0.5519209,
1,3,7.039,-0.06317633,0.07858597,-1.310719,0.5540549,-0.3730228,-0.49926,-0.5519209,
1,3,7.041,-0.06317633,0.07858597,-1.310719,0.5540549,-0.3730228,-0.49926,-0.5519209,
1,3,7.043,-0.06317633,0.07858597,-1.310719,0.5540549,-0.3730228,-0.49926,-0.5519209,
1,3,7.045,-0.06320343,0.07860152,-1.310715,0.5540108,-0.3729998,-0.4993197,-0.5519267,
1,3,7.047,-0.06320343,0.07860152,-1.310715,0.5540108,-0.3729998,-0.4993197,-0.5519267,
1,3,7.049,-0.06320343,0.07860152,-1.310715,0.5540108,-0.3729998,-0.4993197,-0.5519267,
1,3,7.051,-0.06320343,0.07860152,-1.310715,0.5540108,-0.3729998,-0.4993197,-0.5519267,
1,3,7.053,-0.06320343,0.07860152,-1.310715,0.5540108,-0.3729998,-0.4993197,-0.5519267,
1,3,7.055,-0.06314474,0.07860707,-1.310744,0.5540591,-0.3730001,-0.4992647,-0.5519279,
1,3,7.057,-0.06314474,0.07860707,-1.310744,0.5540591,-0.3730001,-0.4992647,-0.5519279,
1,3,7.059,-0.06314474,0.07860707,-1.310744,0.5540591,-0.3730001,-0.4992647,-0.5519279,
1,3,7.061,-0.06314474,0.07860707,-1.310744,0.5540591,-0.3730001,-0.4992647,-0.5519279,
1,3,7.063,-0.06314583,0.07861304,-1.310734,0.5540335,-0.3729384,-0.4993147,-0.5519498,
1,3,7.065,-0.06314583,0.07861304,-1.310734,0.5540335,-0.3729384,-0.4993147,-0.5519498,
1,3,7.067,-0.06314583,0.07861304,-1.310734,0.5540335,-0.3729384,-0.4993147,-0.5519498,
1,3,7.069,-0.06314583,0.07861304,-1.310734,0.5540335,-0.3729384,-0.4993147,-0.5519498,
1,3,7.071,-0.06315821,0.07860649,-1.31073,0.5540341,-0.3729191,-0.4993302,-0.5519482,
1,3,7.073,-0.06315821,0.07860649,-1.31073,0.5540341,-0.3729191,-0.4993302,-0.5519482,
1,3,7.075,-0.06315821,0.07860649,-1.31073,0.5540341,-0.3729191,-0.4993302,-0.5519482,
1,3,7.077,-0.06315821,0.07860649,-1.31073,0.5540341,-0.3729191,-0.4993302,-0.5519482,
1,3,7.079,-0.0631658,0.07859875,-1.310732,0.5540237,-0.372931,-0.499358,-0.5519255,
1,3,7.081,-0.0631658,0.07859875,-1.310732,0.5540237,-0.372931,-0.499358,-0.5519255,
1,3,7.083,-0.0631658,0.07859875,-1.310732,0.5540237,-0.372931,-0.499358,-0.5519255,
1,3,7.085,-0.0631658,0.07859875,-1.310732,0.5540237,-0.372931,-0.499358,-0.5519255,
1,3,7.087,-0.0631381,0.07860114,-1.310747,0.5540433,-0.3729212,-0.4992964,-0.5519683,
1,3,7.089,-0.0631381,0.07860114,-1.310747,0.5540433,-0.3729212,-0.4992964,-0.5519683,
1,3,7.091,-0.0631381,0.07860114,-1.310747,0.5540433,-0.3729212,-0.4992964,-0.5519683,
1,3,7.093,-0.0631381,0.07860114,-1.310747,0.5540433,-0.3729212,-0.4992964,-0.5519683,
1,3,7.095,-0.0631532,0.07860265,-1.31074,0.5540222,-0.3729204,-0.4993208,-0.551968,
1,3,7.097,-0.0631532,0.07860265,-1.31074,0.5540222,-0.3729204,-0.4993208,-0.551968,
1,3,7.099,-0.0631532,0.07860265,-1.31074,0.5540222,-0.3729204,-0.4993208,-0.551968,
1,3,7.101,-0.0631532,0.07860265,-1.31074,0.5540222,-0.3729204,-0.4993208,-0.551968,
1,3,7.103,-0.0631532,0.07860265,-1.31074,0.5540222,-0.3729204,-0.4993208,-0.551968,
1,3,7.105,-0.06316958,0.07858001,-1.310726,0.5540519,-0.3729725,-0.4992946,-0.5519265,
1,3,7.107,-0.06316958,0.07858001,-1.310726,0.5540519,-0.3729725,-0.4992946,-0.5519265,
1,3,7.109,-0.06316958,0.07858001,-1.310726,0.5540519,-0.3729725,-0.4992946,-0.5519265,
1,3,7.111,-0.06316958,0.07858001,-1.310726,0.5540519,-0.3729725,-0.4992946,-0.5519265,
1,3,7.113,-0.06319045,0.07859424,-1.310734,0.5540289,-0.3729534,-0.4993331,-0.5519278,
1,3,7.115,-0.06319045,0.07859424,-1.310734,0.5540289,-0.3729534,-0.4993331,-0.5519278,
1,3,7.117,-0.06319045,0.07859424,-1.310734,0.5540289,-0.3729534,-0.4993331,-0.5519278,
1,3,7.119,-0.06319045,0.07859424,-1.310734,0.5540289,-0.3729534,-0.4993331,-0.5519278,
1,3,7.121,-0.06314871,0.07858717,-1.310753,0.554076,-0.3730142,-0.4992478,-0.5519167,
1,3,7.123,-0.06314871,0.07858717,-1.310753,0.554076,-0.3730142,-0.4992478,-0.5519167,
1,3,7.125,-0.06314871,0.07858717,-1.310753,0.554076,-0.3730142,-0.4992478,-0.5519167,
1,3,7.127,-0.06314871,0.07858717,-1.310753,0.554076,-0.3730142,-0.4992478,-0.5519167,
1,3,7.129,-0.06320695,0.07860541,-1.310723,0.5540329,-0.3729745,-0.4993401,-0.5519031,
1,3,7.131,-0.06320695,0.07860541,-1.310723,0.5540329,-0.3729745,-0.4993401,-0.5519031,
1,3,7.133,-0.06320695,0.07860541,-1.310723,0.5540329,-0.3729745,-0.4993401,-0.5519031,
1,3,7.135,-0.06320695,0.07860541,-1.310723,0.5540329,-0.3729745,-0.4993401,-0.5519031,
1,3,7.137,-0.06315552,0.07860018,-1.310727,0.5540713,-0.372965,-0.4992929,-0.5519137,
1,3,7.139,-0.06315552,0.07860018,-1.310727,0.5540713,-0.372965,-0.4992929,-0.5519137,
1,3,7.141,-0.06315552,0.07860018,-1.310727,0.5540713,-0.372965,-0.4992929,-0.5519137,
1,3,7.143,-0.06315552,0.07860018,-1.310727,0.5540713,-0.372965,-0.4992929,-0.5519137,
1,3,7.145,-0.06315078,0.07858831,-1.31074,0.5540392,-0.3729522,-0.4993021,-0.5519462,
1,3,7.147,-0.06315078,0.07858831,-1.31074,0.5540392,-0.3729522,-0.4993021,-0.5519462,
1,3,7.149,-0.06315078,0.07858831,-1.31074,0.5540392,-0.3729522,-0.4993021,-0.5519462,
1,3,7.151,-0.06315078,0.07858831,-1.31074,0.5540392,-0.3729522,-0.4993021,-0.5519462,
1,3,7.153,-0.06315078,0.07858831,-1.31074,0.5540392,-0.3729522,-0.4993021,-0.5519462,
1,3,7.155,-0.06315929,0.07859088,-1.310745,0.5540377,-0.3729842,-0.4992788,-0.5519471,
1,3,7.157,-0.06315929,0.07859088,-1.310745,0.5540377,-0.3729842,-0.4992788,-0.5519471,
1,3,7.159,-0.06315929,0.07859088,-1.310745,0.5540377,-0.3729842,-0.4992788,-0.5519471,
1,3,7.161,-0.06315929,0.07859088,-1.310745,0.5540377,-0.3729842,-0.4992788,-0.5519471,
1,3,7.163,-0.06313494,0.07859369,-1.310758,0.5540439,-0.3729878,-0.4992605,-0.551955,
1,3,7.165,-0.06313494,0.07859369,-1.310758,0.5540439,-0.3729878,-0.4992605,-0.551955,
1,3,7.167,-0.06313494,0.07859369,-1.310758,0.5540439,-0.3729878,-0.4992605,-0.551955,
1,3,7.169,-0.06313494,0.07859369,-1.310758,0.5540439,-0.3729878,-0.4992605,-0.551955,
1,3,7.171,-0.06315231,0.07860547,-1.310754,0.5540466,-0.3729597,-0.4992895,-0.5519451,
1,3,7.173,-0.06315231,0.07860547,-1.310754,0.5540466,-0.3729597,-0.4992895,-0.5519451,
1,3,7.175,-0.06315231,0.07860547,-1.310754,0.5540466,-0.3729597,-0.4992895,-0.5519451,
1,3,7.177,-0.06315231,0.07860547,-1.310754,0.5540466,-0.3729597,-0.4992895,-0.5519451,
1,3,7.179,-0.06313974,0.07860675,-1.310763,0.554064,-0.3729917,-0.4992548,-0.5519375,
1,3,7.181,-0.06313974,0.07860675,-1.310763,0.554064,-0.3729917,-0.4992548,-0.5519375,CourtEnter
1,3,7.183,-0.06313974,0.07860675,-1.310763,0.554064,-0.3729917,-0.4992548,-0.5519375,
1,3,7.185,-0.06313974,0.07860675,-1.310763,0.554064,-0.3729917,-0.4992548,-0.5519375,
1,3,7.187,-0.06314978,0.07858591,-1.310746,0.5540366,-0.3729922,-0.4992694,-0.5519515,
1,3,7.189,-0.06314978,0.07858591,-1.310746,0.5540366,-0.3729922,-0.4992694,-0.5519515,CourtExit
1,3,7.191,-0.06314978,0.07858591,-1.310746,0.5540366,-0.3729922,-0.4992694,-0.5519515,
1,3,7.193,-0.06314978,0.07858591,-1.310746,0.5540366,-0.3729922,-0.4992694,-0.5519515,
1,3,7.195,-0.06313701,0.07858545,-1.310757,0.5540489,-0.3729618,-0.4992471,-0.5519798,
1,3,7.197,-0.06313701,0.07858545,-1.310757,0.5540489,-0.3729618,-0.4992471,-0.5519798,
1,3,7.199,-0.06313701,0.07858545,-1.310757,0.5540489,-0.3729618,-0.4992471,-0.5519798,
1,3,7.201,-0.06313701,0.07858545,-1.310757,0.5540489,-0.3729618,-0.4992471,-0.5519798,
1,3,7.203,-0.06313701,0.07858545,-1.310757,0.5540489,-0.3729618,-0.4992471,-0.5519798,
1,3,7.205,-0.06313191,0.07857864,-1.310782,0.5540686,-0.3730018,-0.4992104,-0.5519662,
1,3,7.207,-0.06313191,0.07857864,-1.310782,0.5540686,-0.3730018,-0.4992104,-0.5519662,
1,3,7.209,-0.06313191,0.07857864,-1.310782,0.5540686,-0.3730018,-0.4992104,-0.5519662,
1,3,7.211,-0.06313191,0.07857864,-1.310782,0.5540686,-0.3730018,-0.4992104,-0.5519662,
1,3,7.213,-0.06313258,0.07859506,-1.310764,0.5540703,-0.3730146,-0.4992227,-0.5519447,
1,3,7.215,-0.06313258,0.07859506,-1.310764,0.5540703,-0.3730146,-0.4992227,-0.5519447,
1,3,7.217,-0.06313258,0.07859506,-1.310764,0.5540703,-0.3730146,-0.4992227,-0.5519447,
1,3,7.219,-0.06313258,0.07859506,-1.310764,0.5540703,-0.3730146,-0.4992227,-0.5519447,
1,3,7.221,-0.06312236,0.07859005,-1.310767,0.5541046,-0.3730295,-0.4991736,-0.5519447,
1,3,7.223,-0.06312236,0.07859005,-1.310767,0.5541046,-0.3730295,-0.4991736,-0.5519447,
1,3,7.225,-0.06312236,0.07859005,-1.310767,0.5541046,-0.3730295,-0.4991736,-0.5519447,
1,3,7.227,-0.06312236,0.07859005,-1.310767,0.5541046,-0.3730295,-0.4991736,-0.5519447,
1,3,7.229,-0.06311695,0.07860611,-1.310763,0.5540829,-0.3729662,-0.499231,-0.5519572,
1,3,7.231,-0.06311695,0.07860611,-1.310763,0.5540829,-0.3729662,-0.499231,-0.5519572,
1,3,7.233,-0.06311695,0.07860611,-1.310763,0.5540829,-0.3729662,-0.499231,-0.5519572,
1,3,7.235,-0.06311695,0.07860611,-1.310763,0.5540829,-0.3729662,-0.499231,-0.5519572,
1,3,7.237,-0.06315124,0.07859711,-1.310725,0.5540426,-0.3729251,-0.499301,-0.5519623,
1,3,7.239,-0.06315124,0.07859711,-1.310725,0.5540426,-0.3729251,-0.499301,-0.5519623,
1,3,7.241,-0.06315124,0.07859711,-1.310725,0.5540426,-0.3729251,-0.499301,-0.5519623,
1,3,7.243,-0.06315124,0.07859711,-1.310725,0.5540426,-0.3729251,-0.499301,-0.5519623,
1,3,7.245,-0.0631387,0.07860229,-1.310737,0.5540197,-0.372928,-0.499305,-0.5519797,
1,3,7.247,-0.0631387,0.07860229,-1.310737,0.5540197,-0.372928,-0.499305,-0.5519797,
1,3,7.249,-0.0631387,0.07860229,-1.310737,0.5540197,-0.372928,-0.499305,-0.5519797,
1,3,7.251,-0.0631387,0.07860229,-1.310737,0.5540197,-0.372928,-0.499305,-0.5519797,
1,3,7.253,-0.0631387,0.07860229,-1.310737,0.5540197,-0.372928,-0.499305,-0.5519797,
1,3,7.255,-0.06315124,0.07858846,-1.310749,0.5540411,-0.3730144,-0.499273,-0.5519287,
1,3,7.257,-0.06315124,0.07858846,-1.310749,0.5540411,-0.3730144,-0.499273,-0.5519287,
1,3,7.259,-0.06315124,0.07858846,-1.310749,0.5540411,-0.3730144,-0.499273,-0.5519287,
1,3,7.261,-0.06315124,0.07858846,-1.310749,0.5540411,-0.3730144,-0.499273,-0.5519287,
1,3,7.263,-0.06316704,0.07859375,-1.310726,0.5540144,-0.3729765,-0.4993235,-0.5519355,
1,3,7.265,-0.06316704,0.07859375,-1.310726,0.5540144,-0.3729765,-0.4993235,-0.5519355,
1,3,7.267,-0.06316704,0.07859375,-1.310726,0.5540144,-0.3729765,-0.4993235,-0.5519355,
1,3,7.269,-0.06316704,0.07859375,-1.310726,0.5540144,-0.3729765,-0.4993235,-0.5519355,
1,3,7.271,-0.06312207,0.07859252,-1.310769,0.5540598,-0.372997,-0.4992421,-0.5519494,
1,3,7.273,-0.06312207,0.07859252,-1.310769,0.5540598,-0.372997,-0.4992421,-0.5519494,
1,3,7.275,-0.06312207,0.07859252,-1.310769,0.5540598,-0.372997,-0.4992421,-0.5519494,
1,3,7.277,-0.06312207,0.07859252,-1.310769,0.5540598,-0.372997,-0.4992421,-0.5519494,
1,3,7.279,-0.06319794,0.07859699,-1.310736,0.5540083,-0.3729693,-0.4993303,-0.5519401,
1,3,7.281,-0.06319794,0.07859699,-1.310736,0.5540083,-0.3729693,-0.4993303,-0.5519401,
1,3,7.283,-0.06319794,0.07859699,-1.310736,0.5540083,-0.3729693,-0.4993303,-0.5519401,
1,3,7.285,-0.06319794,0.07859699,-1.310736,0.5540083,-0.3729693,-0.4993303,-0.5519401,
1,3,7.287,-0.06315963,0.07859737,-1.310725,0.5540302,-0.3729601,-0.4993147,-0.5519387,
1,3,7.289,-0.06315963,0.07859737,-1.310725,0.5540302,-0.3729601,-0.4993147,-0.5519387,
1,3,7.291,-0.06315963,0.07859737,-1.310725,0.5540302,-0.3729601,-0.4993147,-0.5519387,
1,3,7.293,-0.06315963,0.07859737,-1.310725,0.5540302,-0.3729601,-0.4993147,-0.5519387,
1,3,7.295,-0.06319416,0.07859224,-1.3107,0.5540035,-0.3729723,-0.4993511,-0.5519243,
1,3,7.297,-0.06319416,0.07859224,-1.3107,0.5540035,-0.3729723,-0.4993511,-0.5519243,
1,3,7.299,-0.06319416,0.07859224,-1.3107,0.5540035,-0.3729723,-0.4993511,-0.5519243,
1,3,7.301,-0.06319416,0.07859224,-1.3107,0.5540035,-0.3729723,-0.4993511,-0.5519243,
1,3,7.303,-0.06319416,0.07859224,-1.3107,0.5540035,-0.3729723,-0.4993511,-0.5519243,
1,3,7.305,-0.06318693,0.07859827,-1.310698,0.5539925,-0.3729118,-0.4993777,-0.551952,
1,3,7.307,-0.06318693,0.07859827,-1.310698,0.5539925,-0.3729118,-0.4993777,-0.551952,
1,3,7.309,-0.06318693,0.07859827,-1.310698,0.5539925,-0.3729118,-0.4993777,-0.551952,
1,3,7.311,-0.06318693,0.07859827,-1.310698,0.5539925,-0.3729118,-0.4993777,-0.551952,
1,3,7.313,-0.06312612,0.07858802,-1.310738,0.5540537,-0.3729315,-0.4992914,-0.5519553,
1,3,7.315,-0.06312612,0.07858802,-1.310738,0.5540537,-0.3729315,-0.4992914,-0.5519553,
1,3,7.317,-0.06312612,0.07858802,-1.310738,0.5540537,-0.3729315,-0.4992914,-0.5519553,
1,3,7.319,-0.06312612,0.07858802,-1.310738,0.5540537,-0.3729315,-0.4992914,-0.5519553,
1,3,7.321,-0.06314898,0.07861744,-1.310729,0.5540326,-0.3728516,-0.499368,-0.5519614,
1,3,7.323,-0.06314898,0.07861744,-1.310729,0.5540326,-0.3728516,-0.499368,-0.5519614,
1,3,7.325,-0.06314898,0.07861744,-1.310729,0.5540326,-0.3728516,-0.499368,-0.5519614,
1,3,7.327,-0.06314898,0.07861744,-1.310729,0.5540326,-0.3728516,-0.499368,-0.5519614,
1,3,7.329,-0.06311657,0.07860532,-1.310761,0.5540599,-0.3729642,-0.4992791,-0.5519382,
1,3,7.331,-0.06311657,0.07860532,-1.310761,0.5540599,-0.3729642,-0.4992791,-0.5519382,
1,3,7.333,-0.06311657,0.07860532,-1.310761,0.5540599,-0.3729642,-0.4992791,-0.5519382,
1,3,7.335,-0.06311657,0.07860532,-1.310761,0.5540599,-0.3729642,-0.4992791,-0.5519382,
1,3,7.337,-0.06313082,0.07861186,-1.31075,0.554056,-0.372932,-0.499289,-0.5519549,
1,3,7.339,-0.06313082,0.07861186,-1.31075,0.554056,-0.372932,-0.499289,-0.5519549,
1,3,7.341,-0.06313082,0.07861186,-1.31075,0.554056,-0.372932,-0.499289,-0.5519549,
1,3,7.343,-0.06313082,0.07861186,-1.31075,0.554056,-0.372932,-0.499289,-0.5519549,
1,3,7.345,-0.06315364,0.07858147,-1.310736,0.5540478,-0.3729753,-0.4992693,-0.5519518,
1,3,7.347,-0.06315364,0.07858147,-1.310736,0.5540478,-0.3729753,-0.4992693,-0.5519518,
1,3,7.349,-0.06315364,0.07858147,-1.310736,0.5540478,-0.3729753,-0.4992693,-0.5519518,
1,3,7.351,-0.06315364,0.07858147,-1.310736,0.5540478,-0.3729753,-0.4992693,-0.5519518,
1,3,7.353,-0.06315364,0.07858147,-1.310736,0.5540478,-0.3729753,-0.4992693,-0.5519518,
1,3,7.355,-0.06312794,0.0785743,-1.310753,0.55411,-0.3730663,-0.4991696,-0.5519179,
1,3,7.357,-0.06312794,0.0785743,-1.310753,0.55411,-0.3730663,-0.4991696,-0.5519179,
1,3,7.359,-0.06312794,0.0785743,-1.310753,0.55411,-0.3730663,-0.4991696,-0.5519179,
1,3,7.361,-0.06312794,0.0785743,-1.310753,0.55411,-0.3730663,-0.4991696,-0.5519179,
1,3,7.363,-0.06315834,0.07860157,-1.31074,0.5540785,-0.3730102,-0.4992491,-0.5519156,
1,3,7.365,-0.06315834,0.07860157,-1.31074,0.5540785,-0.3730102,-0.4992491,-0.5519156,
1,3,7.367,-0.06315834,0.07860157,-1.31074,0.5540785,-0.3730102,-0.4992491,-0.5519156,
1,3,7.369,-0.06315834,0.07860157,-1.31074,0.5540785,-0.3730102,-0.4992491,-0.5519156,
1,3,7.371,-0.06315164,0.0785941,-1.310717,0.5540515,-0.3729585,-0.4993044,-0.5519276,
1,3,7.373,-0.06315164,0.0785941,-1.310717,0.5540515,-0.3729585,-0.4993044,-0.5519276,
1,3,7.375,-0.06315164,0.0785941,-1.310717,0.5540515,-0.3729585,-0.4993044,-0.5519276,
1,3,7.377,-0.06315164,0.0785941,-1.310717,0.5540515,-0.3729585,-0.4993044,-0.5519276,
1,3,7.379,-0.06314752,0.07858909,-1.31073,0.5540718,-0.3729862,-0.4992597,-0.5519289,
1,3,7.381,-0.06314752,0.07858909,-1.31073,0.5540718,-0.3729862,-0.4992597,-0.5519289,
1,3,7.383,-0.06314752,0.07858909,-1.31073,0.5540718,-0.3729862,-0.4992597,-0.5519289,
1,3,7.385,-0.06314752,0.07858909,-1.31073,0.5540718,-0.3729862,-0.4992597,-0.5519289,
1,3,7.387,-0.06313826,0.07858634,-1.31075,0.5540605,-0.3729918,-0.4992703,-0.551927,
1,3,7.389,-0.06313826,0.07858634,-1.31075,0.5540605,-0.3729918,-0.4992703,-0.551927,
1,3,7.391,-0.06313826,0.07858634,-1.31075,0.5540605,-0.3729918,-0.4992703,-0.551927,
1,3,7.393,-0.06313826,0.07858634,-1.31075,0.5540605,-0.3729918,-0.4992703,-0.551927,
1,3,7.395,-0.0631434,0.07860822,-1.310737,0.5540259,-0.3729626,-0.4992968,-0.5519574,
1,3,7.397,-0.0631434,0.07860822,-1.310737,0.5540259,-0.3729626,-0.4992968,-0.5519574,
1,3,7.399,-0.0631434,0.07860822,-1.310737,0.5540259,-0.3729626,-0.4992968,-0.5519574,
1,3,7.401,-0.0631434,0.07860822,-1.310737,0.5540259,-0.3729626,-0.4992968,-0.5519574,
1,3,7.403,-0.0631434,0.07860822,-1.310737,0.5540259,-0.3729626,-0.4992968,-0.5519574,
1,3,7.405,-0.06310593,0.07857995,-1.310761,0.5540805,-0.3730296,-0.4992045,-0.5519409,
1,3,7.407,-0.06310593,0.07857995,-1.310761,0.5540805,-0.3730296,-0.4992045,-0.5519409,
1,3,7.409,-0.06310593,0.07857995,-1.310761,0.5540805,-0.3730296,-0.4992045,-0.5519409,
1,3,7.411,-0.06310593,0.07857995,-1.310761,0.5540805,-0.3730296,-0.4992045,-0.5519409,
1,3,7.413,-0.0631818,0.07858491,-1.310712,0.5540438,-0.3730017,-0.4992928,-0.5519167,
1,3,7.415,-0.0631818,0.07858491,-1.310712,0.5540438,-0.3730017,-0.4992928,-0.5519167,
1,3,7.417,-0.0631818,0.07858491,-1.310712,0.5540438,-0.3730017,-0.4992928,-0.5519167,
1,3,7.419,-0.0631818,0.07858491,-1.310712,0.5540438,-0.3730017,-0.4992928,-0.5519167,
1,3,7.421,-0.06313016,0.07858025,-1.310765,0.5540671,-0.3730516,-0.4992244,-0.5519212,
1,3,7.423,-0.06313016,0.07858025,-1.310765,0.5540671,-0.3730516,-0.4992244,-0.5519212,
1,3,7.425,-0.06313016,0.07858025,-1.310765,0.5540671,-0.3730516,-0.4992244,-0.5519212,
1,3,7.427,-0.06313016,0.07858025,-1.310765,0.5540671,-0.3730516,-0.4992244,-0.5519212,
1,3,7.429,-0.06317229,0.0786038,-1.310731,0.5540078,-0.3729286,-0.4993547,-0.5519461,
1,3,7.431,-0.06317229,0.0786038,-1.310731,0.5540078,-0.3729286,-0.4993547,-0.5519461,
1,3,7.433,-0.06317229,0.0786038,-1.310731,0.5540078,-0.3729286,-0.4993547,-0.5519461,
1,3,7.435,-0.06317229,0.0786038,-1.310731,0.5540078,-0.3729286,-0.4993547,-0.5519461,
1,3,7.437,-0.06310836,0.07855594,-1.310778,0.554036,-0.3730856,-0.4991991,-0.5519524,
1,3,7.439,-0.06310836,0.07855594,-1.310778,0.554036,-0.3730856,-0.4991991,-0.5519524,
1,3,7.441,-0.06310836,0.07855594,-1.310778,0.554036,-0.3730856,-0.4991991,-0.5519524,
1,3,7.443,-0.06310836,0.07855594,-1.310778,0.554036,-0.3730856,-0.4991991,-0.5519524,
1,3,7.445,-0.06315081,0.078581,-1.310739,0.5540211,-0.3730789,-0.4992229,-0.5519505,
1,3,7.447,-0.06315081,0.078581,-1.310739,0.5540211,-0.3730789,-0.4992229,-0.5519505,
1,3,7.449,-0.06315081,0.078581,-1.310739,0.5540211,-0.3730789,-0.4992229,-0.5519505,
1,3,7.451,-0.06315081,0.078581,-1.310739,0.5540211,-0.3730789,-0.4992229,-0.5519505,
1,3,7.453,-0.06315081,0.078581,-1.310739,0.5540211,-0.3730789,-0.4992229,-0.5519505,
1,3,7.455,-0.06313763,0.07858346,-1.310743,0.5540384,-0.3730797,-0.4991989,-0.5519543,
1,3,7.457,-0.06313763,0.07858346,-1.310743,0.5540384,-0.3730797,-0.4991989,-0.5519543,
1,3,7.459,-0.06313763,0.07858346,-1.310743,0.5540384,-0.3730797,-0.4991989,-0.5519543,
1,3,7.461,-0.06313763,0.07858346,-1.310743,0.5540384,-0.3730797,-0.4991989,-0.5519543,
1,3,7.463,-0.06312336,0.07858818,-1.310763,0.5540282,-0.3730372,-0.4992093,-0.5519838,
1,3,7.465,-0.06312336,0.07858818,-1.310763,0.5540282,-0.3730372,-0.4992093,-0.5519838,
1,3,7.467,-0.06312336,0.07858818,-1.310763,0.5540282,-0.3730372,-0.4992093,-0.5519838,
1,3,7.469,-0.06312336,0.07858818,-1.310763,0.5540282,-0.3730372,-0.4992093,-0.5519838,
1,3,7.471,-0.06309795,0.07856796,-1.31078,0.5540465,-0.3730556,-0.4991593,-0.5519983,
1,3,7.473,-0.06309795,0.07856796,-1.31078,0.5540465,-0.3730556,-0.4991593,-0.5519983,
1,3,7.475,-0.06309795,0.07856796,-1.31078,0.5540465,-0.3730556,-0.4991593,-0.5519983,
1,3,7.477,-0.06309795,0.07856796,-1.31078,0.5540465,-0.3730556,-0.4991593,-0.5519983,
1,3,7.479,-0.06312267,0.07858176,-1.310753,0.554022,-0.3730452,-0.4992196,-0.5519753,
1,3,7.481,-0.06312267,0.07858176,-1.310753,0.554022,-0.3730452,-0.4992196,-0.5519753,
1,3,7.483,-0.06312267,0.07858176,-1.310753,0.554022,-0.3730452,-0.4992196,-0.5519753,
1,3,7.485,-0.06312267,0.07858176,-1.310753,0.554022,-0.3730452,-0.4992196,-0.5519753,
1,3,7.487,-0.06311892,0.07856166,-1.310757,0.5540558,-0.3731109,-0.4991362,-0.5519726,
1,3,7.489,-0.06311892,0.07856166,-1.310757,0.5540558,-0.3731109,-0.4991362,-0.5519726,
1,3,7.491,-0.06311892,0.07856166,-1.310757,0.5540558,-0.3731109,-0.4991362,-0.5519726,
1,3,7.493,-0.06311892,0.07856166,-1.310757,0.5540558,-0.3731109,-0.4991362,-0.5519726,
1,3,7.495,-0.06313474,0.07858068,-1.310752,0.5540283,-0.3730578,-0.4991843,-0.5519924,
1,3,7.497,-0.06313474,0.07858068,-1.310752,0.5540283,-0.3730578,-0.4991843,-0.5519924,
1,3,7.499,-0.06313474,0.07858068,-1.310752,0.5540283,-0.3730578,-0.4991843,-0.5519924,
1,3,7.501,-0.06313474,0.07858068,-1.310752,0.5540283,-0.3730578,-0.4991843,-0.5519924,
1,3,7.503,-0.06313474,0.07858068,-1.310752,0.5540283,-0.3730578,-0.4991843,-0.5519924,
1,3,7.505,-0.06318098,0.07858856,-1.310701,0.5540149,-0.3730333,-0.4992403,-0.5519719,
1,3,7.507,-0.06318098,0.07858856,-1.310701,0.5540149,-0.3730333,-0.4992403,-0.5519719,
1,3,7.509,-0.06318098,0.07858856,-1.310701,0.5540149,-0.3730333,-0.4992403,-0.5519719,
1,3,7.511,-0.06318098,0.07858856,-1.310701,0.5540149,-0.3730333,-0.4992403,-0.5519719,
1,3,7.513,-0.06312537,0.07856803,-1.310764,0.5540277,-0.3730917,-0.4991688,-0.5519842,
1,3,7.515,-0.06312537,0.07856803,-1.310764,0.5540277,-0.3730917,-0.4991688,-0.5519842,
1,3,7.517,-0.06312537,0.07856803,-1.310764,0.5540277,-0.3730917,-0.4991688,-0.5519842,
1,3,7.519,-0.06312537,0.07856803,-1.310764,0.5540277,-0.3730917,-0.4991688,-0.5519842,
1,3,7.521,-0.06313517,0.07856502,-1.310767,0.554053,-0.3731101,-0.4991368,-0.5519752,
1,3,7.523,-0.06313517,0.07856502,-1.310767,0.554053,-0.3731101,-0.4991368,-0.5519752,
1,3,7.525,-0.06313517,0.07856502,-1.310767,0.554053,-0.3731101,-0.4991368,-0.5519752,
1,3,7.527,-0.06313517,0.07856502,-1.310767,0.554053,-0.3731101,-0.4991368,-0.5519752,
1,3,7.529,-0.06316502,0.07856478,-1.310741,0.5540312,-0.3731004,-0.4991764,-0.5519679,
1,3,7.531,-0.06316502,0.07856478,-1.310741,0.5540312,-0.3731004,-0.4991764,-0.5519679,
1,3,7.533,-0.06316502,0.07856478,-1.310741,0.5540312,-0.3731004,-0.4991764,-0.5519679,
1,3,7.535,-0.06316502,0.07856478,-1.310741,0.5540312,-0.3731004,-0.4991764,-0.5519679,
1,3,7.537,-0.06314186,0.07855599,-1.310762,0.5540354,-0.3731408,-0.4991403,-0.551969,
1,3,7.539,-0.06314186,0.07855599,-1.310762,0.5540354,-0.3731408,-0.4991403,-0.551969,
1,3,7.541,-0.06314186,0.07855599,-1.310762,0.5540354,-0.3731408,-0.4991403,-0.551969,
1,3,7.543,-0.06314186,0.07855599,-1.310762,0.5540354,-0.3731408,-0.4991403,-0.551969,
1,3,7.545,-0.06314899,0.07856711,-1.31073,0.5540092,-0.3730709,-0.4992079,-0.5519813,
1,3,7.547,-0.06314899,0.07856711,-1.31073,0.5540092,-0.3730709,-0.4992079,-0.5519813,
1,3,7.549,-0.06314899,0.07856711,-1.31073,0.5540092,-0.3730709,-0.4992079,-0.5519813,
1,3,7.551,-0.06314899,0.07856711,-1.31073,0.5540092,-0.3730709,-0.4992079,-0.5519813,
1,3,7.553,-0.06314899,0.07856711,-1.31073,0.5540092,-0.3730709,-0.4992079,-0.5519813,
1,3,7.555,-0.06313561,0.0785853,-1.310736,0.553979,-0.372977,-0.4992689,-0.5520199,
1,3,7.557,-0.06313561,0.0785853,-1.310736,0.553979,-0.372977,-0.4992689,-0.5520199,
1,3,7.559,-0.06313561,0.0785853,-1.310736,0.553979,-0.372977,-0.4992689,-0.5520199,
1,3,7.561,-0.06313561,0.0785853,-1.310736,0.553979,-0.372977,-0.4992689,-0.5520199,
1,3,7.563,-0.06313355,0.07857249,-1.310732,0.5539891,-0.373002,-0.4992392,-0.5520198,
1,3,7.565,-0.06313355,0.07857249,-1.310732,0.5539891,-0.373002,-0.4992392,-0.5520198,
1,3,7.567,-0.06313355,0.07857249,-1.310732,0.5539891,-0.373002,-0.4992392,-0.5520198,
1,3,7.569,-0.06313355,0.07857249,-1.310732,0.5539891,-0.373002,-0.4992392,-0.5520198,
1,3,7.571,-0.06313095,0.07857545,-1.310741,0.553993,-0.3730115,-0.4992319,-0.552016,
1,3,7.573,-0.06313095,0.07857545,-1.310741,0.553993,-0.3730115,-0.4992319,-0.552016,
1,3,7.575,-0.06313095,0.07857545,-1.310741,0.553993,-0.3730115,-0.4992319,-0.552016,
1,3,7.577,-0.06313095,0.07857545,-1.310741,0.553993,-0.3730115,-0.4992319,-0.552016,
1,3,7.579,-0.06312858,0.07854681,-1.310763,0.5539995,-0.3730878,-0.4991837,-0.5520016,
1,3,7.581,-0.06312858,0.07854681,-1.310763,0.5539995,-0.3730878,-0.4991837,-0.5520016,
1,3,7.583,-0.06312858,0.07854681,-1.310763,0.5539995,-0.3730878,-0.4991837,-0.5520016,
1,3,7.585,-0.06312858,0.07854681,-1.310763,0.5539995,-0.3730878,-0.4991837,-0.5520016,
1,3,7.587,-0.06310552,0.07855096,-1.310774,0.5540239,-0.3730981,-0.4991475,-0.5520028,
1,3,7.589,-0.06310552,0.07855096,-1.310774,0.5540239,-0.3730981,-0.4991475,-0.5520028,
1,3,7.591,-0.06310552,0.07855096,-1.310774,0.5540239,-0.3730981,-0.4991475,-0.5520028,
1,3,7.593,-0.06310552,0.07855096,-1.310774,0.5540239,-0.3730981,-0.4991475,-0.5520028,
1,3,7.595,-0.06311995,0.07857089,-1.310765,0.5540214,-0.3730918,-0.4991591,-0.5519993,
1,3,7.597,-0.06311995,0.07857089,-1.310765,0.5540214,-0.3730918,-0.4991591,-0.5519993,
1,3,7.599,-0.06311995,0.07857089,-1.310765,0.5540214,-0.3730918,-0.4991591,-0.5519993,
1,3,7.601,-0.06311995,0.07857089,-1.310765,0.5540214,-0.3730918,-0.4991591,-0.5519993,
1,3,7.603,-0.06311995,0.07857089,-1.310765,0.5540214,-0.3730918,-0.4991591,-0.5519993,
1,3,7.605,-0.06317852,0.07857126,-1.310711,0.5539727,-0.3730772,-0.4992569,-0.5519695,
1,3,7.607,-0.06317852,0.07857126,-1.310711,0.5539727,-0.3730772,-0.4992569,-0.5519695,
1,3,7.609,-0.06317852,0.07857126,-1.310711,0.5539727,-0.3730772,-0.4992569,-0.5519695,
1,3,7.611,-0.06317852,0.07857126,-1.310711,0.5539727,-0.3730772,-0.4992569,-0.5519695,
1,3,7.613,-0.06318969,0.07858272,-1.310694,0.5539529,-0.3730492,-0.4992976,-0.5519714,
1,3,7.615,-0.06318969,0.07858272,-1.310694,0.5539529,-0.3730492,-0.4992976,-0.5519714,
1,3,7.617,-0.06318969,0.07858272,-1.310694,0.5539529,-0.3730492,-0.4992976,-0.5519714,
1,3,7.619,-0.06318969,0.07858272,-1.310694,0.5539529,-0.3730492,-0.4992976,-0.5519714,
1,3,7.621,-0.06314027,0.07857001,-1.310733,0.5539761,-0.3730552,-0.4992499,-0.5519872,
1,3,7.623,-0.06314027,0.07857001,-1.310733,0.5539761,-0.3730552,-0.4992499,-0.5519872,
1,3,7.625,-0.06314027,0.07857001,-1.310733,0.5539761,-0.3730552,-0.4992499,-0.5519872,
1,3,7.627,-0.06314027,0.07857001,-1.310733,0.5539761,-0.3730552,-0.4992499,-0.5519872,
1,3,7.629,-0.06309277,0.07857475,-1.310785,0.5540133,-0.3730686,-0.4991888,-0.5519961,
1,3,7.631,-0.06309277,0.07857475,-1.310785,0.5540133,-0.3730686,-0.4991888,-0.5519961,
1,3,7.633,-0.06309277,0.07857475,-1.310785,0.5540133,-0.3730686,-0.4991888,-0.5519961,
1,3,7.635,-0.06309277,0.07857475,-1.310785,0.5540133,-0.3730686,-0.4991888,-0.5519961,
1,3,7.637,-0.06314794,0.07858106,-1.310726,0.5539821,-0.3729993,-0.4992618,-0.5520083,
1,3,7.639,-0.06314794,0.07858106,-1.310726,0.5539821,-0.3729993,-0.4992618,-0.5520083,
1,3,7.641,-0.06314794,0.07858106,-1.310726,0.5539821,-0.3729993,-0.4992618,-0.5520083,
1,3,7.643,-0.06314794,0.07858106,-1.310726,0.5539821,-0.3729993,-0.4992618,-0.5520083,
1,3,7.645,-0.06314486,0.07857019,-1.31073,0.5539925,-0.3730436,-0.499234,-0.551993,
1,3,7.647,-0.06314486,0.07857019,-1.31073,0.5539925,-0.3730436,-0.499234,-0.551993,
1,3,7.649,-0.06314486,0.07857019,-1.31073,0.5539925,-0.3730436,-0.499234,-0.551993,
1,3,7.651,-0.06314486,0.07857019,-1.31073,0.5539925,-0.3730436,-0.499234,-0.551993,
1,3,7.653,-0.06314486,0.07857019,-1.31073,0.5539925,-0.3730436,-0.499234,-0.551993,
1,3,7.655,-0.06315757,0.07857011,-1.310731,0.5539907,-0.3730508,-0.4992324,-0.5519914,
1,3,7.657,-0.06315757,0.07857011,-1.310731,0.5539907,-0.3730508,-0.4992324,-0.5519914,
1,3,7.659,-0.06315757,0.07857011,-1.310731,0.5539907,-0.3730508,-0.4992324,-0.5519914,
1,3,7.661,-0.06315757,0.07857011,-1.310731,0.5539907,-0.3730508,-0.4992324,-0.5519914,
1,3,7.663,-0.06317703,0.07857712,-1.310701,0.5539827,-0.3730149,-0.4992763,-0.5519841,
1,3,7.665,-0.06317703,0.07857712,-1.310701,0.5539827,-0.3730149,-0.4992763,-0.5519841,
1,3,7.667,-0.06317703,0.07857712,-1.310701,0.5539827,-0.3730149,-0.4992763,-0.5519841,
1,3,7.669,-0.06317703,0.07857712,-1.310701,0.5539827,-0.3730149,-0.4992763,-0.5519841,
1,3,7.671,-0.06310578,0.07856742,-1.310756,0.5540262,-0.3730848,-0.4991766,-0.5519832,
1,3,7.673,-0.06310578,0.07856742,-1.310756,0.5540262,-0.3730848,-0.4991766,-0.5519832,
1,3,7.675,-0.06310578,0.07856742,-1.310756,0.5540262,-0.3730848,-0.4991766,-0.5519832,
1,3,7.677,-0.06310578,0.07856742,-1.310756,0.5540262,-0.3730848,-0.4991766,-0.5519832,
1,3,7.679,-0.06309484,0.07857945,-1.31078,0.554028,-0.3730513,-0.4991862,-0.5519954,
1,3,7.681,-0.06309484,0.07857945,-1.31078,0.554028,-0.3730513,-0.4991862,-0.5519954,
1,3,7.683,-0.06309484,0.07857945,-1.31078,0.554028,-0.3730513,-0.4991862,-0.5519954,
1,3,7.685,-0.06309484,0.07857945,-1.31078,0.554028,-0.3730513,-0.4991862,-0.5519954,
1,3,7.687,-0.06313688,0.07857896,-1.310756,0.5540214,-0.3730101,-0.499242,-0.5519794,
1,3,7.689,-0.06313688,0.07857896,-1.310756,0.5540214,-0.3730101,-0.499242,-0.5519794,
1,3,7.691,-0.06313688,0.07857896,-1.310756,0.5540214,-0.3730101,-0.499242,-0.5519794,
1,3,7.693,-0.06313688,0.07857896,-1.310756,0.5540214,-0.3730101,-0.499242,-0.5519794,
1,3,7.695,-0.06316128,0.07856344,-1.310748,0.5540205,-0.3730892,-0.4992152,-0.5519512,
1,3,7.697,-0.06316128,0.07856344,-1.310748,0.5540205,-0.3730892,-0.4992152,-0.5519512,
1,3,7.699,-0.06316128,0.07856344,-1.310748,0.5540205,-0.3730892,-0.4992152,-0.5519512,
1,3,7.701,-0.06316128,0.07856344,-1.310748,0.5540205,-0.3730892,-0.4992152,-0.5519512,
1,3,7.703,-0.06316128,0.07856344,-1.310748,0.5540205,-0.3730892,-0.4992152,-0.5519512,
1,3,7.705,-0.06314886,0.07856186,-1.310737,0.554035,-0.3730649,-0.4992234,-0.5519455,
1,3,7.707,-0.06314886,0.07856186,-1.310737,0.554035,-0.3730649,-0.4992234,-0.5519455,
1,3,7.709,-0.06314886,0.07856186,-1.310737,0.554035,-0.3730649,-0.4992234,-0.5519455,
1,3,7.711,-0.06314886,0.07856186,-1.310737,0.554035,-0.3730649,-0.4992234,-0.5519455,
1,3,7.713,-0.06311344,0.07857285,-1.31076,0.554055,-0.3731093,-0.499164,-0.5519491,
1,3,7.715,-0.06311344,0.07857285,-1.31076,0.554055,-0.3731093,-0.499164,-0.5519491,
1,3,7.717,-0.06311344,0.07857285,-1.31076,0.554055,-0.3731093,-0.499164,-0.5519491,
1,3,7.719,-0.06311344,0.07857285,-1.31076,0.554055,-0.3731093,-0.499164,-0.5519491,
1,3,7.721,-0.06310659,0.07856102,-1.31077,0.5540718,-0.373107,-0.4991549,-0.5519422,
1,3,7.723,-0.06310659,0.07856102,-1.31077,0.5540718,-0.373107,-0.4991549,-0.5519422,
1,3,7.725,-0.06310659,0.07856102,-1.31077,0.5540718,-0.373107,-0.4991549,-0.5519422,
1,3,7.727,-0.06310659,0.07856102,-1.31077,0.5540718,-0.373107,-0.4991549,-0.5519422,
1,3,7.729,-0.06310213,0.07858758,-1.310761,0.5540511,-0.3730282,-0.4992033,-0.5519723,
1,3,7.731,-0.06310213,0.07858758,-1.310761,0.5540511,-0.3730282,-0.4992033,-0.5519723,
1,3,7.733,-0.06310213,0.07858758,-1.310761,0.5540511,-0.3730282,-0.4992033,-0.5519723,
1,3,7.735,-0.06310213,0.07858758,-1.310761,0.5540511,-0.3730282,-0.4992033,-0.5519723,
1,3,7.737,-0.0631263,0.07859362,-1.310747,0.5540146,-0.3729272,-0.4992746,-0.5520128,
1,3,7.739,-0.0631263,0.07859362,-1.310747,0.5540146,-0.3729272,-0.4992746,-0.5520128,
1,3,7.741,-0.0631263,0.07859362,-1.310747,0.5540146,-0.3729272,-0.4992746,-0.5520128,
1,3,7.743,-0.0631263,0.07859362,-1.310747,0.5540146,-0.3729272,-0.4992746,-0.5520128,
1,3,7.745,-0.06312653,0.07858233,-1.310747,0.5540266,-0.3729652,-0.4992375,-0.5520085,
1,3,7.747,-0.06312653,0.07858233,-1.310747,0.5540266,-0.3729652,-0.4992375,-0.5520085,
1,3,7.749,-0.06312653,0.07858233,-1.310747,0.5540266,-0.3729652,-0.4992375,-0.5520085,
1,3,7.751,-0.06312653,0.07858233,-1.310747,0.5540266,-0.3729652,-0.4992375,-0.5520085,
1,3,7.753,-0.06312653,0.07858233,-1.310747,0.5540266,-0.3729652,-0.4992375,-0.5520085,
1,3,7.755,-0.06310936,0.07858061,-1.310759,0.55403,-0.3729724,-0.4992402,-0.5519978,
1,3,7.757,-0.06310936,0.07858061,-1.310759,0.55403,-0.3729724,-0.4992402,-0.5519978,
1,3,7.759,-0.06310936,0.07858061,-1.310759,0.55403,-0.3729724,-0.4992402,-0.5519978,
1,3,7.761,-0.06310936,0.07858061,-1.310759,0.55403,-0.3729724,-0.4992402,-0.5519978,
1,3,7.763,-0.06312525,0.07857422,-1.310765,0.5540302,-0.3729868,-0.4992449,-0.5519836,
1,3,7.765,-0.06312525,0.07857422,-1.310765,0.5540302,-0.3729868,-0.4992449,-0.5519836,
1,3,7.767,-0.06312525,0.07857422,-1.310765,0.5540302,-0.3729868,-0.4992449,-0.5519836,
1,3,7.769,-0.06312525,0.07857422,-1.310765,0.5540302,-0.3729868,-0.4992449,-0.5519836,
1,3,7.771,-0.06315091,0.07856622,-1.310746,0.5540221,-0.3730758,-0.4992327,-0.5519427,
1,3,7.773,-0.06315091,0.07856622,-1.310746,0.5540221,-0.3730758,-0.4992327,-0.5519427,
1,3,7.775,-0.06315091,0.07856622,-1.310746,0.5540221,-0.3730758,-0.4992327,-0.5519427,
1,3,7.777,-0.06315091,0.07856622,-1.310746,0.5540221,-0.3730758,-0.4992327,-0.5519427,
1,3,7.779,-0.0631646,0.07856175,-1.310748,0.5539966,-0.373096,-0.4992406,-0.5519475,
1,3,7.781,-0.0631646,0.07856175,-1.310748,0.5539966,-0.373096,-0.4992406,-0.5519475,
1,3,7.783,-0.0631646,0.07856175,-1.310748,0.5539966,-0.373096,-0.4992406,-0.5519475,
1,3,7.785,-0.0631646,0.07856175,-1.310748,0.5539966,-0.373096,-0.4992406,-0.5519475,
1,3,7.787,-0.06319313,0.0785588,-1.310713,0.5539823,-0.3731104,-0.4992696,-0.5519259,
1,3,7.789,-0.06319313,0.0785588,-1.310713,0.5539823,-0.3731104,-0.4992696,-0.5519259,
1,3,7.791,-0.06319313,0.0785588,-1.310713,0.5539823,-0.3731104,-0.4992696,-0.5519259,
1,3,7.793,-0.06319313,0.0785588,-1.310713,0.5539823,-0.3731104,-0.4992696,-0.5519259,
1,3,7.795,-0.06312981,0.07856622,-1.310752,0.5540473,-0.3730457,-0.499204,-0.5519637,
1,3,7.797,-0.06312981,0.07856622,-1.310752,0.5540473,-0.3730457,-0.499204,-0.5519637,
1,3,7.799,-0.06312981,0.07856622,-1.310752,0.5540473,-0.3730457,-0.499204,-0.5519637,
1,3,7.801,-0.06312981,0.07856622,-1.310752,0.5540473,-0.3730457,-0.499204,-0.5519637,
1,3,7.803,-0.06312981,0.07856622,-1.310752,0.5540473,-0.3730457,-0.499204,-0.5519637,
1,3,7.805,-0.06313352,0.07856535,-1.310761,0.554045,-0.3730407,-0.4992043,-0.5519692,
1,3,7.807,-0.06313352,0.07856535,-1.310761,0.554045,-0.3730407,-0.4992043,-0.5519692,
1,3,7.809,-0.06313352,0.07856535,-1.310761,0.554045,-0.3730407,-0.4992043,-0.5519692,
1,3,7.811,-0.06313352,0.07856535,-1.310761,0.554045,-0.3730407,-0.4992043,-0.5519692,
1,3,7.813,-0.06311855,0.07856194,-1.31079,0.5539857,-0.3730161,-0.4992711,-0.5519847,
1,3,7.815,-0.06311855,0.07856194,-1.31079,0.5539857,-0.3730161,-0.4992711,-0.5519847,
1,3,7.817,-0.06311855,0.07856194,-1.31079,0.5539857,-0.3730161,-0.4992711,-0.5519847,
1,3,7.819,-0.06311855,0.07856194,-1.31079,0.5539857,-0.3730161,-0.4992711,-0.5519847,
1,3,7.821,-0.06308173,0.07855219,-1.310809,0.5540299,-0.3730482,-0.4991988,-0.5519842,
1,3,7.823,-0.06308173,0.07855219,-1.310809,0.5540299,-0.3730482,-0.4991988,-0.5519842,
1,3,7.825,-0.06308173,0.07855219,-1.310809,0.5540299,-0.3730482,-0.4991988,-0.5519842,
1,3,7.827,-0.06308173,0.07855219,-1.310809,0.5540299,-0.3730482,-0.4991988,-0.5519842,
1,3,7.829,-0.06314102,0.07858555,-1.310704,0.5540656,-0.3729915,-0.4992578,-0.5519334,
1,3,7.831,-0.06314102,0.07858555,-1.310704,0.5540656,-0.3729915,-0.4992578,-0.5519334,
1,3,7.833,-0.06314102,0.07858555,-1.310704,0.5540656,-0.3729915,-0.4992578,-0.5519334,
1,3,7.835,-0.06314102,0.07858555,-1.310704,0.5540656,-0.3729915,-0.4992578,-0.5519334,
1,3,7.837,-0.0631254,0.07858761,-1.310735,0.5540928,-0.3729679,-0.4992462,-0.5519325,
1,3,7.839,-0.0631254,0.07858761,-1.310735,0.5540928,-0.3729679,-0.4992462,-0.5519325,
1,3,7.841,-0.0631254,0.07858761,-1.310735,0.5540928,-0.3729679,-0.4992462,-0.5519325,
1,3,7.843,-0.0631254,0.07858761,-1.310735,0.5540928,-0.3729679,-0.4992462,-0.5519325,
1,3,7.845,-0.06314112,0.0785657,-1.310751,0.5540797,-0.3730242,-0.499199,-0.5519502,
1,3,7.847,-0.06314112,0.0785657,-1.310751,0.5540797,-0.3730242,-0.499199,-0.5519502,
1,3,7.849,-0.06314112,0.0785657,-1.310751,0.5540797,-0.3730242,-0.499199,-0.5519502,
1,3,7.851,-0.06314112,0.0785657,-1.310751,0.5540797,-0.3730242,-0.499199,-0.5519502,
1,3,7.853,-0.06314112,0.0785657,-1.310751,0.5540797,-0.3730242,-0.499199,-0.5519502,
1,3,7.855,-0.06314771,0.0785671,-1.310758,0.5540524,-0.373027,-0.4992276,-0.55195,
1,3,7.857,-0.06314771,0.0785671,-1.310758,0.5540524,-0.373027,-0.4992276,-0.55195,
1,3,7.859,-0.06314771,0.0785671,-1.310758,0.5540524,-0.373027,-0.4992276,-0.55195,
1,3,7.861,-0.06314771,0.0785671,-1.310758,0.5540524,-0.373027,-0.4992276,-0.55195,
1,3,7.863,-0.06310326,0.07856644,-1.310784,0.5540683,-0.3730327,-0.4992003,-0.5519547,
1,3,7.865,-0.06310326,0.07856644,-1.310784,0.5540683,-0.3730327,-0.4992003,-0.5519547,
1,3,7.867,-0.06310326,0.07856644,-1.310784,0.5540683,-0.3730327,-0.4992003,-0.5519547,
1,3,7.869,-0.06310326,0.07856644,-1.310784,0.5540683,-0.3730327,-0.4992003,-0.5519547,
1,3,7.871,-0.06315448,0.07857332,-1.31074,0.5540448,-0.3730438,-0.4992415,-0.5519335,
1,3,7.873,-0.06315448,0.07857332,-1.31074,0.5540448,-0.3730438,-0.4992415,-0.5519335,
1,3,7.875,-0.06315448,0.07857332,-1.31074,0.5540448,-0.3730438,-0.4992415,-0.5519335,
1,3,7.877,-0.06315448,0.07857332,-1.31074,0.5540448,-0.3730438,-0.4992415,-0.5519335,
1,3,7.879,-0.06315939,0.07857086,-1.310749,0.5540416,-0.3730485,-0.4992361,-0.5519385,
1,3,7.881,-0.06315939,0.07857086,-1.310749,0.5540416,-0.3730485,-0.4992361,-0.5519385,
1,3,7.883,-0.06315939,0.07857086,-1.310749,0.5540416,-0.3730485,-0.4992361,-0.5519385,
1,3,7.885,-0.06315939,0.07857086,-1.310749,0.5540416,-0.3730485,-0.4992361,-0.5519385,
1,3,7.887,-0.06314846,0.07859061,-1.310754,0.5540237,-0.3730335,-0.4992433,-0.5519601,
1,3,7.889,-0.06314846,0.07859061,-1.310754,0.5540237,-0.3730335,-0.4992433,-0.5519601,
1,3,7.891,-0.06314846,0.07859061,-1.310754,0.5540237,-0.3730335,-0.4992433,-0.5519601,
1,3,7.893,-0.06314846,0.07859061,-1.310754,0.5540237,-0.3730335,-0.4992433,-0.5519601,
1,3,7.895,-0.06309227,0.07856286,-1.310791,0.5540518,-0.3730759,-0.4991787,-0.5519618,
1,3,7.897,-0.06309227,0.07856286,-1.310791,0.5540518,-0.3730759,-0.4991787,-0.5519618,
1,3,7.899,-0.06309227,0.07856286,-1.310791,0.5540518,-0.3730759,-0.4991787,-0.5519618,
1,3,7.901,-0.06309227,0.07856286,-1.310791,0.5540518,-0.3730759,-0.4991787,-0.5519618,
1,3,7.903,-0.06309227,0.07856286,-1.310791,0.5540518,-0.3730759,-0.4991787,-0.5519618,
1,3,7.905,-0.06312228,0.07858201,-1.31076,0.5540161,-0.3730365,-0.4992163,-0.5519902,
1,3,7.907,-0.06312228,0.07858201,-1.31076,0.5540161,-0.3730365,-0.4992163,-0.5519902,
1,3,7.909,-0.06312228,0.07858201,-1.31076,0.5540161,-0.3730365,-0.4992163,-0.5519902,
1,3,7.911,-0.06312228,0.07858201,-1.31076,0.5540161,-0.3730365,-0.4992163,-0.5519902,
1,3,7.913,-0.06313484,0.07858408,-1.310742,0.5540377,-0.3730699,-0.4991736,-0.5519844,
1,3,7.915,-0.06313484,0.07858408,-1.310742,0.5540377,-0.3730699,-0.4991736,-0.5519844,
1,3,7.917,-0.06313484,0.07858408,-1.310742,0.5540377,-0.3730699,-0.4991736,-0.5519844,
1,3,7.919,-0.06313484,0.07858408,-1.310742,0.5540377,-0.3730699,-0.4991736,-0.5519844,
1,3,7.921,-0.06311588,0.07858839,-1.31076,0.5541028,-0.3730847,-0.4991074,-0.5519691,
1,3,7.923,-0.06311588,0.07858839,-1.31076,0.5541028,-0.3730847,-0.4991074,-0.5519691,
1,3,7.925,-0.06311588,0.07858839,-1.31076,0.5541028,-0.3730847,-0.4991074,-0.5519691,
1,3,7.927,-0.06311588,0.07858839,-1.31076,0.5541028,-0.3730847,-0.4991074,-0.5519691,
1,3,7.929,-0.06316363,0.07859025,-1.310745,0.5540672,-0.3731163,-0.4991521,-0.5519428,
1,3,7.931,-0.06316363,0.07859025,-1.310745,0.5540672,-0.3731163,-0.4991521,-0.5519428,
1,3,7.933,-0.06316363,0.07859025,-1.310745,0.5540672,-0.3731163,-0.4991521,-0.5519428,
1,3,7.935,-0.06316363,0.07859025,-1.310745,0.5540672,-0.3731163,-0.4991521,-0.5519428,
1,3,7.937,-0.06314075,0.07857452,-1.31076,0.5539904,-0.373077,-0.4992177,-0.5519872,
1,3,7.939,-0.06314075,0.07857452,-1.31076,0.5539904,-0.373077,-0.4992177,-0.5519872,
1,3,7.941,-0.06314075,0.07857452,-1.31076,0.5539904,-0.373077,-0.4992177,-0.5519872,
1,3,7.943,-0.06314075,0.07857452,-1.31076,0.5539904,-0.373077,-0.4992177,-0.5519872,
1,3,7.945,-0.06316561,0.07856543,-1.310722,0.5539392,-0.373092,-0.4992778,-0.5519742,
1,3,7.947,-0.06316561,0.07856543,-1.310722,0.5539392,-0.373092,-0.4992778,-0.5519742,
1,3,7.949,-0.06316561,0.07856543,-1.310722,0.5539392,-0.373092,-0.4992778,-0.5519742,
1,3,7.951,-0.06316561,0.07856543,-1.310722,0.5539392,-0.373092,-0.4992778,-0.5519742,
1,3,7.953,-0.06316561,0.07856543,-1.310722,0.5539392,-0.373092,-0.4992778,-0.5519742,
1,3,7.955,-0.06310631,0.07854075,-1.310773,0.5540122,-0.3732222,-0.4991226,-0.5519532,
1,3,7.957,-0.06310631,0.07854075,-1.310773,0.5540122,-0.3732222,-0.4991226,-0.5519532,
1,3,7.959,-0.06310631,0.07854075,-1.310773,0.5540122,-0.3732222,-0.4991226,-0.5519532,
1,3,7.961,-0.06310631,0.07854075,-1.310773,0.5540122,-0.3732222,-0.4991226,-0.5519532,
1,3,7.963,-0.06307328,0.07853805,-1.310821,0.5540576,-0.3732991,-0.4990325,-0.5519371,
1,3,7.965,-0.06307328,0.07853805,-1.310821,0.5540576,-0.3732991,-0.4990325,-0.5519371,
1,3,7.967,-0.06307328,0.07853805,-1.310821,0.5540576,-0.3732991,-0.4990325,-0.5519371,
1,3,7.969,-0.06307328,0.07853805,-1.310821,0.5540576,-0.3732991,-0.4990325,-0.5519371,
1,3,7.971,-0.0631038,0.07856907,-1.310763,0.5540929,-0.3731669,-0.4990935,-0.5519359,
1,3,7.973,-0.0631038,0.07856907,-1.310763,0.5540929,-0.3731669,-0.4990935,-0.5519359,
1,3,7.975,-0.0631038,0.07856907,-1.310763,0.5540929,-0.3731669,-0.4990935,-0.5519359,
1,3,7.977,-0.0631038,0.07856907,-1.310763,0.5540929,-0.3731669,-0.4990935,-0.5519359,
1,3,7.979,-0.06308629,0.07857031,-1.310765,0.5540721,-0.3731125,-0.4991183,-0.5519712,
1,3,7.981,-0.06308629,0.07857031,-1.310765,0.5540721,-0.3731125,-0.4991183,-0.5519712,
1,3,7.983,-0.06308629,0.07857031,-1.310765,0.5540721,-0.3731125,-0.4991183,-0.5519712,
1,3,7.985,-0.06308629,0.07857031,-1.310765,0.5540721,-0.3731125,-0.4991183,-0.5519712,
1,3,7.987,-0.06308743,0.07856278,-1.310758,0.5540167,-0.3731366,-0.4991392,-0.5519916,
1,3,7.989,-0.06308743,0.07856278,-1.310758,0.5540167,-0.3731366,-0.4991392,-0.5519916,
1,3,7.991,-0.06308743,0.07856278,-1.310758,0.5540167,-0.3731366,-0.4991392,-0.5519916,
1,3,7.993,-0.06308743,0.07856278,-1.310758,0.5540167,-0.3731366,-0.4991392,-0.5519916,
1,3,7.995,-0.06308106,0.07854897,-1.310786,0.5540025,-0.3731951,-0.4991066,-0.5519957,
1,3,7.997,-0.06308106,0.07854897,-1.310786,0.5540025,-0.3731951,-0.4991066,-0.5519957,
1,3,7.999,-0.06308106,0.07854897,-1.310786,0.5540025,-0.3731951,-0.4991066,-0.5519957,
1,3,8.001,-0.06308106,0.07854897,-1.310786,0.5540025,-0.3731951,-0.4991066,-0.5519957,
1,3,8.003,-0.06308106,0.07854897,-1.310786,0.5540025,-0.3731951,-0.4991066,-0.5519957,
1,3,8.005,-0.06314784,0.07855383,-1.310749,0.5540391,-0.3731617,-0.4991203,-0.5519692,
1,3,8.007,-0.06314784,0.07855383,-1.310749,0.5540391,-0.3731617,-0.4991203,-0.5519692,
1,3,8.009,-0.06314784,0.07855383,-1.310749,0.5540391,-0.3731617,-0.4991203,-0.5519692,
1,3,8.011,-0.06314784,0.07855383,-1.310749,0.5540391,-0.3731617,-0.4991203,-0.5519692,
1,3,8.013,-0.06315794,0.07856539,-1.310728,0.5540649,-0.373149,-0.4991249,-0.5519477,
1,3,8.015,-0.06315794,0.07856539,-1.310728,0.5540649,-0.373149,-0.4991249,-0.5519477,
1,3,8.017,-0.06315794,0.07856539,-1.310728,0.5540649,-0.373149,-0.4991249,-0.5519477,
1,3,8.019,-0.06315794,0.07856539,-1.310728,0.5540649,-0.373149,-0.4991249,-0.5519477,
1,3,8.021,-0.06313752,0.07854643,-1.310746,0.5540815,-0.3731954,-0.4990923,-0.5519292,
1,3,8.023,-0.06313752,0.07854643,-1.310746,0.5540815,-0.3731954,-0.4990923,-0.5519292,
1,3,8.025,-0.06313752,0.07854643,-1.310746,0.5540815,-0.3731954,-0.4990923,-0.5519292,
1,3,8.027,-0.06313752,0.07854643,-1.310746,0.5540815,-0.3731954,-0.4990923,-0.5519292,
1,3,8.029,-0.06311619,0.07857797,-1.310734,0.5540589,-0.3731565,-0.4990983,-0.5519727,
1,3,8.031,-0.06311619,0.07857797,-1.310734,0.5540589,-0.3731565,-0.4990983,-0.5519727,
1,3,8.033,-0.06311619,0.07857797,-1.310734,0.5540589,-0.3731565,-0.4990983,-0.5519727,
1,3,8.035,-0.06311619,0.07857797,-1.310734,0.5540589,-0.3731565,-0.4990983,-0.5519727,
1,3,8.037,-0.0630903,0.07857336,-1.31074,0.5540787,-0.3731189,-0.4990876,-0.551988,
1,3,8.039,-0.0630903,0.07857336,-1.31074,0.5540787,-0.3731189,-0.4990876,-0.551988,
1,3,8.041,-0.0630903,0.07857336,-1.31074,0.5540787,-0.3731189,-0.4990876,-0.551988,
1,3,8.043,-0.0630903,0.07857336,-1.31074,0.5540787,-0.3731189,-0.4990876,-0.551988,
1,3,8.045,-0.06314021,0.07857779,-1.310801,0.5540227,-0.3731293,-0.4991731,-0.5519599,
1,3,8.047,-0.06314021,0.07857779,-1.310801,0.5540227,-0.3731293,-0.4991731,-0.5519599,
1,3,8.049,-0.06314021,0.07857779,-1.310801,0.5540227,-0.3731293,-0.4991731,-0.5519599,
1,3,8.051,-0.06314021,0.07857779,-1.310801,0.5540227,-0.3731293,-0.4991731,-0.5519599,
1,3,8.053,-0.06314021,0.07857779,-1.310801,0.5540227,-0.3731293,-0.4991731,-0.5519599,
1,3,8.055,-0.06312717,0.07856142,-1.310792,0.5540392,-0.3731507,-0.4991428,-0.5519562,
1,3,8.057,-0.06312717,0.07856142,-1.310792,0.5540392,-0.3731507,-0.4991428,-0.5519562,
1,3,8.059,-0.06312717,0.07856142,-1.310792,0.5540392,-0.3731507,-0.4991428,-0.5519562,
1,3,8.061,-0.06312717,0.07856142,-1.310792,0.5540392,-0.3731507,-0.4991428,-0.5519562,
1,3,8.063,-0.06310482,0.07857165,-1.310759,0.5540317,-0.3730766,-0.4991444,-0.5520124,
1,3,8.065,-0.06310482,0.07857165,-1.310759,0.5540317,-0.3730766,-0.4991444,-0.5520124,
1,3,8.067,-0.06310482,0.07857165,-1.310759,0.5540317,-0.3730766,-0.4991444,-0.5520124,
1,3,8.069,-0.06310482,0.07857165,-1.310759,0.5540317,-0.3730766,-0.4991444,-0.5520124,
1,3,8.071,-0.0631409,0.07855864,-1.310754,0.5540362,-0.3731607,-0.4991035,-0.5519879,
1,3,8.073,-0.0631409,0.07855864,-1.310754,0.5540362,-0.3731607,-0.4991035,-0.5519879,
1,3,8.075,-0.0631409,0.07855864,-1.310754,0.5540362,-0.3731607,-0.4991035,-0.5519879,
1,3,8.077,-0.0631409,0.07855864,-1.310754,0.5540362,-0.3731607,-0.4991035,-0.5519879,
1,3,8.079,-0.06312098,0.07854494,-1.310767,0.5540675,-0.3732172,-0.4990408,-0.5519751,
1,3,8.081,-0.06312098,0.07854494,-1.310767,0.5540675,-0.3732172,-0.4990408,-0.5519751,CourtEnter
1,3,8.083,-0.06312098,0.07854494,-1.310767,0.5540675,-0.3732172,-0.4990408,-0.5519751,
1,3,8.085,-0.06312098,0.07854494,-1.310767,0.5540675,-0.3732172,-0.4990408,-0.5519751,
1,3,8.087,-0.06308428,0.07856552,-1.310765,0.5540782,-0.3732038,-0.4990491,-0.551966,
1,3,8.089,-0.06308428,0.07856552,-1.310765,0.5540782,-0.3732038,-0.4990491,-0.551966,
1,3,8.091,-0.06308428,0.07856552,-1.310765,0.5540782,-0.3732038,-0.4990491,-0.551966,CourtExit
1,3,8.093,-0.06308428,0.07856552,-1.310765,0.5540782,-0.3732038,-0.4990491,-0.551966,
1,3,8.095,-0.06313956,0.07855204,-1.310741,0.5540698,-0.3732206,-0.4990669,-0.551947,
1,3,8.097,-0.06313956,0.07855204,-1.310741,0.5540698,-0.3732206,-0.4990669,-0.551947,
1,3,8.099,-0.06313956,0.07855204,-1.310741,0.5540698,-0.3732206,-0.4990669,-0.551947,
1,3,8.101,-0.06313956,0.07855204,-1.310741,0.5540698,-0.3732206,-0.4990669,-0.551947,
1,3,8.103,-0.06313956,0.07855204,-1.310741,0.5540698,-0.3732206,-0.4990669,-0.551947,
1,3,8.105,-0.06315783,0.07855263,-1.310729,0.5540664,-0.3732069,-0.4990835,-0.5519445,
1,3,8.107,-0.06315783,0.07855263,-1.310729,0.5540664,-0.3732069,-0.4990835,-0.5519445,
1,3,8.109,-0.06315783,0.07855263,-1.310729,0.5540664,-0.3732069,-0.4990835,-0.5519445,
1,3,8.111,-0.06315783,0.07855263,-1.310729,0.5540664,-0.3732069,-0.4990835,-0.5519445,
1,3,8.113,-0.06318126,0.07853921,-1.310712,0.5540789,-0.3732338,-0.4990664,-0.5519292,
1,3,8.115,-0.06318126,0.07853921,-1.310712,0.5540789,-0.3732338,-0.4990664,-0.5519292,
1,3,8.117,-0.06318126,0.07853921,-1.310712,0.5540789,-0.3732338,-0.4990664,-0.5519292,
1,3,8.119,-0.06318126,0.07853921,-1.310712,0.5540789,-0.3732338,-0.4990664,-0.5519292,
1,3,8.121,-0.06312509,0.07852051,-1.310743,0.5541592,-0.3733259,-0.4989118,-0.5519261,
1,3,8.123,-0.06312509,0.07852051,-1.310743,0.5541592,-0.3733259,-0.4989118,-0.5519261,
1,3,8.125,-0.06312509,0.07852051,-1.310743,0.5541592,-0.3733259,-0.4989118,-0.5519261,
1,3,8.127,-0.06312509,0.07852051,-1.310743,0.5541592,-0.3733259,-0.4989118,-0.5519261,
1,3,8.129,-0.06308813,0.07851247,-1.310742,0.5541942,-0.3733454,-0.4988456,-0.5519375,
1,3,8.131,-0.06308813,0.07851247,-1.310742,0.5541942,-0.3733454,-0.4988456,-0.5519375,
1,3,8.133,-0.06308813,0.07851247,-1.310742,0.5541942,-0.3733454,-0.4988456,-0.5519375,
1,3,8.135,-0.06308813,0.07851247,-1.310742,0.5541942,-0.3733454,-0.4988456,-0.5519375,
1,3,8.137,-0.06309477,0.07850245,-1.310729,0.5542152,-0.3734137,-0.4987946,-0.5519164,
1,3,8.139,-0.06309477,0.07850245,-1.310729,0.5542152,-0.3734137,-0.4987946,-0.5519164,
1,3,8.141,-0.06309477,0.07850245,-1.310729,0.5542152,-0.3734137,-0.4987946,-0.5519164,
1,3,8.143,-0.06309477,0.07850245,-1.310729,0.5542152,-0.3734137,-0.4987946,-0.5519164,
1,3,8.145,-0.06315456,0.07852965,-1.310712,0.5541423,-0.3733846,-0.4988548,-0.5519549,
1,3,8.147,-0.06315456,0.07852965,-1.310712,0.5541423,-0.3733846,-0.4988548,-0.5519549,
1,3,8.149,-0.06315456,0.07852965,-1.310712,0.5541423,-0.3733846,-0.4988548,-0.5519549,
1,3,8.151,-0.06315456,0.07852965,-1.310712,0.5541423,-0.3733846,-0.4988548,-0.5519549,
1,3,8.153,-0.06315456,0.07852965,-1.310712,0.5541423,-0.3733846,-0.4988548,-0.5519549,
1,3,8.155,-0.06309924,0.07854197,-1.310761,0.5541536,-0.3732159,-0.4989762,-0.551948,
1,3,8.157,-0.06309924,0.07854197,-1.310761,0.5541536,-0.3732159,-0.4989762,-0.551948,
1,3,8.159,-0.06309924,0.07854197,-1.310761,0.5541536,-0.3732159,-0.4989762,-0.551948,
1,3,8.161,-0.06309924,0.07854197,-1.310761,0.5541536,-0.3732159,-0.4989762,-0.551948,
1,3,8.163,-0.06309606,0.07854687,-1.31076,0.5541536,-0.3731576,-0.4990275,-0.551941,
1,3,8.165,-0.06309606,0.07854687,-1.31076,0.5541536,-0.3731576,-0.4990275,-0.551941,
1,3,8.167,-0.06309606,0.07854687,-1.31076,0.5541536,-0.3731576,-0.4990275,-0.551941,
1,3,8.169,-0.06309606,0.07854687,-1.31076,0.5541536,-0.3731576,-0.4990275,-0.551941,
1,3,8.171,-0.06315773,0.07853902,-1.310733,0.5541199,-0.3731738,-0.499093,-0.5519046,
1,3,8.173,-0.06315773,0.07853902,-1.310733,0.5541199,-0.3731738,-0.499093,-0.5519046,
1,3,8.175,-0.06315773,0.07853902,-1.310733,0.5541199,-0.3731738,-0.499093,-0.5519046,
1,3,8.177,-0.06315773,0.07853902,-1.310733,0.5541199,-0.3731738,-0.499093,-0.5519046,
1,3,8.179,-0.06314602,0.07854532,-1.310729,0.5541239,-0.3731421,-0.4991028,-0.5519132,
1,3,8.181,-0.06314602,0.07854532,-1.310729,0.5541239,-0.3731421,-0.4991028,-0.5519132,
1,3,8.183,-0.06314602,0.07854532,-1.310729,0.5541239,-0.3731421,-0.4991028,-0.5519132,
1,3,8.185,-0.06314602,0.07854532,-1.310729,0.5541239,-0.3731421,-0.4991028,-0.5519132,
1,3,8.187,-0.06312813,0.07854006,-1.310744,0.5541871,-0.3731937,-0.4990198,-0.5518898,
1,3,8.189,-0.06312813,0.07854006,-1.310744,0.5541871,-0.3731937,-0.4990198,-0.5518898,
1,3,8.191,-0.06312813,0.07854006,-1.310744,0.5541871,-0.3731937,-0.4990198,-0.5518898,
1,3,8.193,-0.06312813,0.07854006,-1.310744,0.5541871,-0.3731937,-0.4990198,-0.5518898,
1,3,8.195,-0.06312516,0.07849684,-1.310774,0.5540013,-0.3731735,-0.499182,-0.5519433,
1,3,8.197,-0.06312516,0.07849684,-1.310774,0.5540013,-0.3731735,-0.499182,-0.5519433,
1,3,8.199,-0.06312516,0.07849684,-1.310774,0.5540013,-0.3731735,-0.499182,-0.5519433,
1,3,8.201,-0.06312516,0.07849684,-1.310774,0.5540013,-0.3731735,-0.499182,-0.5519433,
1,3,8.203,-0.06312516,0.07849684,-1.310774,0.5540013,-0.3731735,-0.499182,-0.5519433,
1,3,8.205,-0.06313426,0.07848936,-1.31076,0.5539273,-0.3731239,-0.4992658,-0.5519754,
1,3,8.207,-0.06313426,0.07848936,-1.31076,0.5539273,-0.3731239,-0.4992658,-0.5519754,
1,3,8.209,-0.06313426,0.07848936,-1.31076,0.5539273,-0.3731239,-0.4992658,-0.5519754,
1,3,8.211,-0.06313426,0.07848936,-1.31076,0.5539273,-0.3731239,-0.4992658,-0.5519754,
1,3,8.213,-0.06309178,0.0784723,-1.310794,0.5539154,-0.3731514,-0.4992185,-0.5520114,
1,3,8.215,-0.06309178,0.0784723,-1.310794,0.5539154,-0.3731514,-0.4992185,-0.5520114,
1,3,8.217,-0.06309178,0.0784723,-1.310794,0.5539154,-0.3731514,-0.4992185,-0.5520114,
1,3,8.219,-0.06309178,0.0784723,-1.310794,0.5539154,-0.3731514,-0.4992185,-0.5520114,
1,3,8.221,-0.06312012,0.07850918,-1.31077,0.5538832,-0.3730729,-0.4993052,-0.5520183,
1,3,8.223,-0.06312012,0.07850918,-1.31077,0.5538832,-0.3730729,-0.4993052,-0.5520183,
1,3,8.225,-0.06312012,0.07850918,-1.31077,0.5538832,-0.3730729,-0.4993052,-0.5520183,
1,3,8.227,-0.06312012,0.07850918,-1.31077,0.5538832,-0.3730729,-0.4993052,-0.5520183,
1,3,8.229,-0.06311009,0.07854154,-1.31072,0.5539313,-0.3729562,-0.499366,-0.5519941,
1,3,8.231,-0.06311009,0.07854154,-1.31072,0.5539313,-0.3729562,-0.499366,-0.5519941,
1,3,8.233,-0.06311009,0.07854154,-1.31072,0.5539313,-0.3729562,-0.499366,-0.5519941,
1,3,8.235,-0.06311009,0.07854154,-1.31072,0.5539313,-0.3729562,-0.499366,-0.5519941,
1,3,8.237,-0.06304978,0.07855146,-1.310725,0.5539638,-0.3728944,-0.4993467,-0.5520205,
1,3,8.239,-0.06304978,0.07855146,-1.310725,0.5539638,-0.3728944,-0.4993467,-0.5520205,
1,3,8.241,-0.06304978,0.07855146,-1.310725,0.5539638,-0.3728944,-0.4993467,-0.5520205,
1,3,8.243,-0.06304978,0.07855146,-1.310725,0.5539638,-0.3728944,-0.4993467,-0.5520205,
1,3,8.245,-0.06300165,0.07852563,-1.310755,0.5538608,-0.3728654,-0.4994293,-0.5520688,
1,3,8.247,-0.06300165,0.07852563,-1.310755,0.5538608,-0.3728654,-0.4994293,-0.5520688,
1,3,8.249,-0.06300165,0.07852563,-1.310755,0.5538608,-0.3728654,-0.4994293,-0.5520688,
1,3,8.251,-0.06300165,0.07852563,-1.310755,0.5538608,-0.3728654,-0.4994293,-0.5520688,
1,3,8.253,-0.06300165,0.07852563,-1.310755,0.5538608,-0.3728654,-0.4994293,-0.5520688,
1,3,8.255,-0.06315242,0.07857471,-1.310772,0.5537116,-0.3727889,-0.4997089,-0.5520172,
1,3,8.257,-0.06315242,0.07857471,-1.310772,0.5537116,-0.3727889,-0.4997089,-0.5520172,
1,3,8.259,-0.06315242,0.07857471,-1.310772,0.5537116,-0.3727889,-0.4997089,-0.5520172,
1,3,8.261,-0.06315242,0.07857471,-1.310772,0.5537116,-0.3727889,-0.4997089,-0.5520172,
1,3,8.263,-0.06313869,0.0785539,-1.310775,0.5538372,-0.372858,-0.4995796,-0.5519615,
1,3,8.265,-0.06313869,0.0785539,-1.310775,0.5538372,-0.372858,-0.4995796,-0.5519615,
1,3,8.267,-0.06313869,0.0785539,-1.310775,0.5538372,-0.372858,-0.4995796,-0.5519615,
1,3,8.269,-0.06313869,0.0785539,-1.310775,0.5538372,-0.372858,-0.4995796,-0.5519615,
1,3,8.271,-0.06312912,0.07857396,-1.310739,0.5539126,-0.3728486,-0.4995208,-0.5519454,
1,3,8.273,-0.06312912,0.07857396,-1.310739,0.5539126,-0.3728486,-0.4995208,-0.5519454,
1,3,8.275,-0.06312912,0.07857396,-1.310739,0.5539126,-0.3728486,-0.4995208,-0.5519454,
1,3,8.277,-0.06312912,0.07857396,-1.310739,0.5539126,-0.3728486,-0.4995208,-0.5519454,
1,3,8.279,-0.06312459,0.07858396,-1.310737,0.5539585,-0.3727822,-0.4995303,-0.5519356,
1,3,8.281,-0.06312459,0.07858396,-1.310737,0.5539585,-0.3727822,-0.4995303,-0.5519356,
1,3,8.283,-0.06312459,0.07858396,-1.310737,0.5539585,-0.3727822,-0.4995303,-0.5519356,
1,3,8.285,-0.06312459,0.07858396,-1.310737,0.5539585,-0.3727822,-0.4995303,-0.5519356,
1,3,8.287,-0.0631207,0.07857878,-1.310754,0.553979,-0.3728072,-0.4994814,-0.5519425,
1,3,8.289,-0.0631207,0.07857878,-1.310754,0.553979,-0.3728072,-0.4994814,-0.5519425,
1,3,8.291,-0.0631207,0.07857878,-1.310754,0.553979,-0.3728072,-0.4994814,-0.5519425,
1,3,8.293,-0.0631207,0.07857878,-1.310754,0.553979,-0.3728072,-0.4994814,-0.5519425,
1,3,8.295,-0.06312057,0.07857336,-1.310764,0.5539956,-0.3728525,-0.4994479,-0.5519255,
1,3,8.297,-0.06312057,0.07857336,-1.310764,0.5539956,-0.3728525,-0.4994479,-0.5519255,
1,3,8.299,-0.06312057,0.07857336,-1.310764,0.5539956,-0.3728525,-0.4994479,-0.5519255,
1,3,8.301,-0.06312057,0.07857336,-1.310764,0.5539956,-0.3728525,-0.4994479,-0.5519255,
1,3,8.303,-0.06312057,0.07857336,-1.310764,0.5539956,-0.3728525,-0.4994479,-0.5519255,
1,3,8.305,-0.06320777,0.07864724,-1.310725,0.553836,-0.372676,-0.4997069,-0.5519705,
1,3,8.307,-0.06320777,0.07864724,-1.310725,0.553836,-0.372676,-0.4997069,-0.5519705,
1,3,8.309,-0.06320777,0.07864724,-1.310725,0.553836,-0.372676,-0.4997069,-0.5519705,
1,3,8.311,-0.06320777,0.07864724,-1.310725,0.553836,-0.372676,-0.4997069,-0.5519705,
1,3,8.313,-0.06308497,0.07856063,-1.310749,0.5540224,-0.3728854,-0.4994297,-0.5518928,
1,3,8.315,-0.06308497,0.07856063,-1.310749,0.5540224,-0.3728854,-0.4994297,-0.5518928,
1,3,8.317,-0.06308497,0.07856063,-1.310749,0.5540224,-0.3728854,-0.4994297,-0.5518928,
1,3,8.319,-0.06308497,0.07856063,-1.310749,0.5540224,-0.3728854,-0.4994297,-0.5518928,
1,3,8.321,-0.06315599,0.07860864,-1.310734,0.5539169,-0.3727444,-0.499619,-0.5519226,
1,3,8.323,-0.06315599,0.07860864,-1.310734,0.5539169,-0.3727444,-0.499619,-0.5519226,
1,3,8.325,-0.06315599,0.07860864,-1.310734,0.5539169,-0.3727444,-0.499619,-0.5519226,
1,3,8.327,-0.06315599,0.07860864,-1.310734,0.5539169,-0.3727444,-0.499619,-0.5519226,
1,3,8.329,-0.06310333,0.07857424,-1.310757,0.5540039,-0.3728337,-0.4994734,-0.5519069,
1,3,8.331,-0.06310333,0.07857424,-1.310757,0.5540039,-0.3728337,-0.4994734,-0.5519069,
1,3,8.333,-0.06310333,0.07857424,-1.310757,0.5540039,-0.3728337,-0.4994734,-0.5519069,
1,3,8.335,-0.06310333,0.07857424,-1.310757,0.5540039,-0.3728337,-0.4994734,-0.5519069,
1,3,8.337,-0.06313045,0.07858475,-1.310749,0.5539855,-0.3728296,-0.4994996,-0.5519043,
1,3,8.339,-0.06313045,0.07858475,-1.310749,0.5539855,-0.3728296,-0.4994996,-0.5519043,
1,3,8.341,-0.06313045,0.07858475,-1.310749,0.5539855,-0.3728296,-0.4994996,-0.5519043,
1,3,8.343,-0.06313045,0.07858475,-1.310749,0.5539855,-0.3728296,-0.4994996,-0.5519043,
1,3,8.345,-0.06313026,0.07860096,-1.31074,0.5539692,-0.3727777,-0.4995405,-0.5519188,
1,3,8.347,-0.06313026,0.07860096,-1.31074,0.5539692,-0.3727777,-0.4995405,-0.5519188,
1,3,8.349,-0.06313026,0.07860096,-1.31074,0.5539692,-0.3727777,-0.4995405,-0.5519188,
1,3,8.351,-0.06313026,0.07860096,-1.31074,0.5539692,-0.3727777,-0.4995405,-0.5519188,
1,3,8.353,-0.06313026,0.07860096,-1.31074,0.5539692,-0.3727777,-0.4995405,-0.5519188,
1,3,8.355,-0.06310935,0.07861572,-1.310752,0.5539668,-0.3727476,-0.4995385,-0.5519432,
1,3,8.357,-0.06310935,0.07861572,-1.310752,0.5539668,-0.3727476,-0.4995385,-0.5519432,
1,3,8.359,-0.06310935,0.07861572,-1.310752,0.5539668,-0.3727476,-0.4995385,-0.5519432,
1,3,8.361,-0.06310935,0.07861572,-1.310752,0.5539668,-0.3727476,-0.4995385,-0.5519432,
1,3,8.363,-0.06311831,0.07859942,-1.310725,0.5540144,-0.3727891,-0.4994749,-0.5519248,
1,3,8.365,-0.06311831,0.07859942,-1.310725,0.5540144,-0.3727891,-0.4994749,-0.5519248,
1,3,8.367,-0.06311831,0.07859942,-1.310725,0.5540144,-0.3727891,-0.4994749,-0.5519248,
1,3,8.369,-0.06311831,0.07859942,-1.310725,0.5540144,-0.3727891,-0.4994749,-0.5519248,
1,3,8.371,-0.06306977,0.07855332,-1.310683,0.5541462,-0.3729267,-0.4992549,-0.5518987,
1,3,8.373,-0.06306977,0.07855332,-1.310683,0.5541462,-0.3729267,-0.4992549,-0.5518987,
1,3,8.375,-0.06306977,0.07855332,-1.310683,0.5541462,-0.3729267,-0.4992549,-0.5518987,
1,3,8.377,-0.06306977,0.07855332,-1.310683,0.5541462,-0.3729267,-0.4992549,-0.5518987,
1,3,8.379,-0.06304492,0.07855095,-1.310685,0.5542623,-0.3730367,-0.4990628,-0.5518816,
1,3,8.381,-0.06304492,0.07855095,-1.310685,0.5542623,-0.3730367,-0.4990628,-0.5518816,
1,3,8.383,-0.06304492,0.07855095,-1.310685,0.5542623,-0.3730367,-0.4990628,-0.5518816,
1,3,8.385,-0.06304492,0.07855095,-1.310685,0.5542623,-0.3730367,-0.4990628,-0.5518816,
1,3,8.387,-0.0630993,0.07856628,-1.310732,0.5541804,-0.3729935,-0.4992077,-0.5518619,
1,3,8.389,-0.0630993,0.07856628,-1.310732,0.5541804,-0.3729935,-0.4992077,-0.5518619,
1,3,8.391,-0.0630993,0.07856628,-1.310732,0.5541804,-0.3729935,-0.4992077,-0.5518619,
1,3,8.393,-0.0630993,0.07856628,-1.310732,0.5541804,-0.3729935,-0.4992077,-0.5518619,
1,3,8.395,-0.06316902,0.07861818,-1.310749,0.5540812,-0.3728717,-0.4993915,-0.5518776,
1,3,8.397,-0.06316902,0.07861818,-1.310749,0.5540812,-0.3728717,-0.4993915,-0.5518776,
1,3,8.399,-0.06316902,0.07861818,-1.310749,0.5540812,-0.3728717,-0.4993915,-0.5518776,
1,3,8.401,-0.06316902,0.07861818,-1.310749,0.5540812,-0.3728717,-0.4993915,-0.5518776,
1,3,8.403,-0.06316902,0.07861818,-1.310749,0.5540812,-0.3728717,-0.4993915,-0.5518776,
1,3,8.405,-0.06317442,0.07864178,-1.310749,0.5540072,-0.3727993,-0.4995013,-0.5519014,
1,3,8.407,-0.06317442,0.07864178,-1.310749,0.5540072,-0.3727993,-0.4995013,-0.5519014,
1,3,8.409,-0.06317442,0.07864178,-1.310749,0.5540072,-0.3727993,-0.4995013,-0.5519014,
1,3,8.411,-0.06317442,0.07864178,-1.310749,0.5540072,-0.3727993,-0.4995013,-0.5519014,
1,3,8.413,-0.0632173,0.07865506,-1.310737,0.5539681,-0.3727172,-0.4996263,-0.551883,
1,3,8.415,-0.0632173,0.07865506,-1.310737,0.5539681,-0.3727172,-0.4996263,-0.551883,
1,3,8.417,-0.0632173,0.07865506,-1.310737,0.5539681,-0.3727172,-0.4996263,-0.551883,
1,3,8.419,-0.0632173,0.07865506,-1.310737,0.5539681,-0.3727172,-0.4996263,-0.551883,
1,3,8.421,-0.0631937,0.07861998,-1.310764,0.5539086,-0.3727659,-0.4996308,-0.5519056,
1,3,8.423,-0.0631937,0.07861998,-1.310764,0.5539086,-0.3727659,-0.4996308,-0.5519056,
1,3,8.425,-0.0631937,0.07861998,-1.310764,0.5539086,-0.3727659,-0.4996308,-0.5519056,
1,3,8.427,-0.0631937,0.07861998,-1.310764,0.5539086,-0.3727659,-0.4996308,-0.5519056,
1,3,8.429,-0.06315085,0.0785477,-1.310805,0.5539563,-0.3729859,-0.4994381,-0.5518836,
1,3,8.431,-0.06315085,0.0785477,-1.310805,0.5539563,-0.3729859,-0.4994381,-0.5518836,
1,3,8.433,-0.06315085,0.0785477,-1.310805,0.5539563,-0.3729859,-0.4994381,-0.5518836,
1,3,8.435,-0.06315085,0.0785477,-1.310805,0.5539563,-0.3729859,-0.4994381,-0.5518836,
1,3,8.437,-0.06323832,0.07861924,-1.310825,0.5537228,-0.3730133,-0.4995282,-0.5520179,
1,3,8.439,-0.06323832,0.07861924,-1.310825,0.5537228,-0.3730133,-0.4995282,-0.5520179,
1,3,8.441,-0.06323832,0.07861924,-1.310825,0.5537228,-0.3730133,-0.4995282,-0.5520179,
1,3,8.443,-0.06323832,0.07861924,-1.310825,0.5537228,-0.3730133,-0.4995282,-0.5520179,
1,3,8.445,-0.06319682,0.07858705,-1.310795,0.5536926,-0.3729549,-0.4995886,-0.552033,
1,3,8.447,-0.06319682,0.07858705,-1.310795,0.5536926,-0.3729549,-0.4995886,-0.552033,
1,3,8.449,-0.06319682,0.07858705,-1.310795,0.5536926,-0.3729549,-0.4995886,-0.552033,
1,3,8.451,-0.06319682,0.07858705,-1.310795,0.5536926,-0.3729549,-0.4995886,-0.552033,
1,3,8.453,-0.06319682,0.07858705,-1.310795,0.5536926,-0.3729549,-0.4995886,-0.552033,
1,3,8.455,-0.06311197,0.0785123,-1.31081,0.5539259,-0.3732215,-0.499205,-0.5519657,
1,3,8.457,-0.06311197,0.0785123,-1.31081,0.5539259,-0.3732215,-0.499205,-0.5519657,
1,3,8.459,-0.06311197,0.0785123,-1.31081,0.5539259,-0.3732215,-0.499205,-0.5519657,
1,3,8.461,-0.06311197,0.0785123,-1.31081,0.5539259,-0.3732215,-0.499205,-0.5519657,
1,3,8.463,-0.0630654,0.0784914,-1.310801,0.55404,-0.3733262,-0.4990156,-0.5519518,
1,3,8.465,-0.0630654,0.0784914,-1.310801,0.55404,-0.3733262,-0.4990156,-0.5519518,
1,3,8.467,-0.0630654,0.0784914,-1.310801,0.55404,-0.3733262,-0.4990156,-0.5519518,
1,3,8.469,-0.0630654,0.0784914,-1.310801,0.55404,-0.3733262,-0.4990156,-0.5519518,
1,3,8.471,-0.06307469,0.07848964,-1.310812,0.5540766,-0.3733539,-0.4989797,-0.5519287,
1,3,8.473,-0.06307469,0.07848964,-1.310812,0.5540766,-0.3733539,-0.4989797,-0.5519287,
1,3,8.475,-0.06307469,0.07848964,-1.310812,0.5540766,-0.3733539,-0.4989797,-0.5519287,
1,3,8.477,-0.06307469,0.07848964,-1.310812,0.5540766,-0.3733539,-0.4989797,-0.5519287,
1,3,8.479,-0.06310119,0.07850512,-1.310809,0.5540864,-0.3733327,-0.4989713,-0.5519409,
1,3,8.481,-0.06310119,0.07850512,-1.310809,0.5540864,-0.3733327,-0.4989713,-0.5519409,
1,3,8.483,-0.06310119,0.07850512,-1.310809,0.5540864,-0.3733327,-0.4989713,-0.5519409,
1,3,8.485,-0.06310119,0.07850512,-1.310809,0.5540864,-0.3733327,-0.4989713,-0.5519409,
1,3,8.487,-0.06319355,0.07857002,-1.310795,0.5538797,-0.373118,-0.4993128,-0.5519847,
1,3,8.489,-0.06319355,0.07857002,-1.310795,0.5538797,-0.373118,-0.4993128,-0.5519847,
1,3,8.491,-0.06319355,0.07857002,-1.310795,0.5538797,-0.373118,-0.4993128,-0.5519847,
1,3,8.493,-0.06319355,0.07857002,-1.310795,0.5538797,-0.373118,-0.4993128,-0.5519847,
1,3,8.495,-0.06319272,0.07857668,-1.310803,0.5538451,-0.3731257,-0.499359,-0.5519723,
1,3,8.497,-0.06319272,0.07857668,-1.310803,0.5538451,-0.3731257,-0.499359,-0.5519723,
1,3,8.499,-0.06319272,0.07857668,-1.310803,0.5538451,-0.3731257,-0.499359,-0.5519723,
1,3,8.501,-0.06319272,0.07857668,-1.310803,0.5538451,-0.3731257,-0.499359,-0.5519723,
1,3,8.503,-0.06319272,0.07857668,-1.310803,0.5538451,-0.3731257,-0.499359,-0.5519723,
1,3,8.505,-0.0631686,0.07855953,-1.310807,0.5538703,-0.3731655,-0.4993113,-0.5519633,
1,3,8.507,-0.0631686,0.07855953,-1.310807,0.5538703,-0.3731655,-0.4993113,-0.5519633,
1,3,8.509,-0.0631686,0.07855953,-1.310807,0.5538703,-0.3731655,-0.4993113,-0.5519633,
1,3,8.511,-0.0631686,0.07855953,-1.310807,0.5538703,-0.3731655,-0.4993113,-0.5519633,
1,3,8.513,-0.06315922,0.07856898,-1.310796,0.5538919,-0.3731196,-0.4992797,-0.5520012,
1,3,8.515,-0.06315922,0.07856898,-1.310796,0.5538919,-0.3731196,-0.4992797,-0.5520012,
1,3,8.517,-0.06315922,0.07856898,-1.310796,0.5538919,-0.3731196,-0.4992797,-0.5520012,
1,3,8.519,-0.06315922,0.07856898,-1.310796,0.5538919,-0.3731196,-0.4992797,-0.5520012,
1,3,8.521,-0.06321544,0.07860677,-1.310793,0.5537888,-0.373008,-0.4994656,-0.5520119,
1,3,8.523,-0.06321544,0.07860677,-1.310793,0.5537888,-0.373008,-0.4994656,-0.5520119,
1,3,8.525,-0.06321544,0.07860677,-1.310793,0.5537888,-0.373008,-0.4994656,-0.5520119,
1,3,8.527,-0.06321544,0.07860677,-1.310793,0.5537888,-0.373008,-0.4994656,-0.5520119,
1,3,8.529,-0.06323525,0.07861046,-1.310805,0.5537401,-0.3729825,-0.4995464,-0.5520048,
1,3,8.531,-0.06323525,0.07861046,-1.310805,0.5537401,-0.3729825,-0.4995464,-0.5520048,
1,3,8.533,-0.06323525,0.07861046,-1.310805,0.5537401,-0.3729825,-0.4995464,-0.5520048,
1,3,8.535,-0.06323525,0.07861046,-1.310805,0.5537401,-0.3729825,-0.4995464,-0.5520048,
1,3,8.537,-0.06327783,0.07860927,-1.310789,0.5536921,-0.372968,-0.4996196,-0.5519965,
1,3,8.539,-0.06327783,0.07860927,-1.310789,0.5536921,-0.372968,-0.4996196,-0.5519965,
1,3,8.541,-0.06327783,0.07860927,-1.310789,0.5536921,-0.372968,-0.4996196,-0.5519965,
1,3,8.543,-0.06327783,0.07860927,-1.310789,0.5536921,-0.372968,-0.4996196,-0.5519965,
1,3,8.545,-0.06325122,0.0785889,-1.3108,0.5537016,-0.3730133,-0.4995739,-0.551998,
1,3,8.547,-0.06325122,0.0785889,-1.3108,0.5537016,-0.3730133,-0.4995739,-0.551998,
1,3,8.549,-0.06325122,0.0785889,-1.3108,0.5537016,-0.3730133,-0.4995739,-0.551998,
1,3,8.551,-0.06325122,0.0785889,-1.3108,0.5537016,-0.3730133,-0.4995739,-0.551998,
1,3,8.553,-0.06325122,0.0785889,-1.3108,0.5537016,-0.3730133,-0.4995739,-0.551998,
1,3,8.555,-0.06311259,0.07852684,-1.310796,0.5539815,-0.3732857,-0.4990747,-0.5519844,
1,3,8.557,-0.06311259,0.07852684,-1.310796,0.5539815,-0.3732857,-0.4990747,-0.5519844,
1,3,8.559,-0.06311259,0.07852684,-1.310796,0.5539815,-0.3732857,-0.4990747,-0.5519844,
1,3,8.561,-0.06311259,0.07852684,-1.310796,0.5539815,-0.3732857,-0.4990747,-0.5519844,
1,3,8.563,-0.06311721,0.07853284,-1.3108,0.5539859,-0.3732587,-0.4990915,-0.551983,
1,3,8.565,-0.06311721,0.07853284,-1.3108,0.5539859,-0.3732587,-0.4990915,-0.551983,
1,3,8.567,-0.06311721,0.07853284,-1.3108,0.5539859,-0.3732587,-0.4990915,-0.551983,
1,3,8.569,-0.06311721,0.07853284,-1.3108,0.5539859,-0.3732587,-0.4990915,-0.551983,
1,3,8.571,-0.06322987,0.07859572,-1.310783,0.5538085,-0.3731055,-0.4994055,-0.5519806,
1,3,8.573,-0.06322987,0.07859572,-1.310783,0.5538085,-0.3731055,-0.4994055,-0.5519806,
1,3,8.575,-0.06322987,0.07859572,-1.310783,0.5538085,-0.3731055,-0.4994055,-0.5519806,
1,3,8.577,-0.06322987,0.07859572,-1.310783,0.5538085,-0.3731055,-0.4994055,-0.5519806,
1,3,8.579,-0.06319314,0.07857455,-1.310803,0.5538241,-0.3731078,-0.4993561,-0.552008,
1,3,8.581,-0.06319314,0.07857455,-1.310803,0.5538241,-0.3731078,-0.4993561,-0.552008,
1,3,8.583,-0.06319314,0.07857455,-1.310803,0.5538241,-0.3731078,-0.4993561,-0.552008,
1,3,8.585,-0.06319314,0.07857455,-1.310803,0.5538241,-0.3731078,-0.4993561,-0.552008,
1,3,8.587,-0.06310742,0.07852081,-1.310821,0.5539531,-0.3732356,-0.4991463,-0.551982,
1,3,8.589,-0.06310742,0.07852081,-1.310821,0.5539531,-0.3732356,-0.4991463,-0.551982,
1,3,8.591,-0.06310742,0.07852081,-1.310821,0.5539531,-0.3732356,-0.4991463,-0.551982,
1,3,8.593,-0.06310742,0.07852081,-1.310821,0.5539531,-0.3732356,-0.4991463,-0.551982,
1,3,8.595,-0.06312573,0.07856173,-1.310815,0.5539755,-0.3731924,-0.4991487,-0.5519866,
1,3,8.597,-0.06312573,0.07856173,-1.310815,0.5539755,-0.3731924,-0.4991487,-0.5519866,
1,3,8.599,-0.06312573,0.07856173,-1.310815,0.5539755,-0.3731924,-0.4991487,-0.5519866,
1,3,8.601,-0.06312573,0.07856173,-1.310815,0.5539755,-0.3731924,-0.4991487,-0.5519866,
1,3,8.603,-0.06312573,0.07856173,-1.310815,0.5539755,-0.3731924,-0.4991487,-0.5519866,
1,3,8.605,-0.06316168,0.07858912,-1.310823,0.5539168,-0.3731261,-0.4992407,-0.5520071,
1,3,8.607,-0.06316168,0.07858912,-1.310823,0.5539168,-0.3731261,-0.4992407,-0.5520071,
1,3,8.609,-0.06316168,0.07858912,-1.310823,0.5539168,-0.3731261,-0.4992407,-0.5520071,
1,3,8.611,-0.06316168,0.07858912,-1.310823,0.5539168,-0.3731261,-0.4992407,-0.5520071,
1,3,8.613,-0.06312663,0.0785524,-1.310823,0.5540058,-0.3732399,-0.499084,-0.5519826,
1,3,8.615,-0.06312663,0.0785524,-1.310823,0.5540058,-0.3732399,-0.499084,-0.5519826,
1,3,8.617,-0.06312663,0.0785524,-1.310823,0.5540058,-0.3732399,-0.499084,-0.5519826,
1,3,8.619,-0.06312663,0.0785524,-1.310823,0.5540058,-0.3732399,-0.499084,-0.5519826,
1,3,8.621,-0.06324929,0.07861927,-1.310808,0.5537741,-0.3729944,-0.4995286,-0.5519789,
1,3,8.623,-0.06324929,0.07861927,-1.310808,0.5537741,-0.3729944,-0.4995286,-0.5519789,
1,3,8.625,-0.06324929,0.07861927,-1.310808,0.5537741,-0.3729944,-0.4995286,-0.5519789,
1,3,8.627,-0.06324929,0.07861927,-1.310808,0.5537741,-0.3729944,-0.4995286,-0.5519789,
1,3,8.629,-0.06324553,0.07862124,-1.310813,0.5537892,-0.3729827,-0.499525,-0.5519748,
1,3,8.631,-0.06324553,0.07862124,-1.310813,0.5537892,-0.3729827,-0.499525,-0.5519748,
1,3,8.633,-0.06324553,0.07862124,-1.310813,0.5537892,-0.3729827,-0.499525,-0.5519748,
1,3,8.635,-0.06324553,0.07862124,-1.310813,0.5537892,-0.3729827,-0.499525,-0.5519748,
1,3,8.637,-0.06320961,0.07859404,-1.310818,0.5538494,-0.3730544,-0.4994335,-0.5519487,
1,3,8.639,-0.06320961,0.07859404,-1.310818,0.5538494,-0.3730544,-0.4994335,-0.5519487,
1,3,8.641,-0.06320961,0.07859404,-1.310818,0.5538494,-0.3730544,-0.4994335,-0.5519487,
1,3,8.643,-0.06320961,0.07859404,-1.310818,0.5538494,-0.3730544,-0.4994335,-0.5519487,
1,3,8.645,-0.06318663,0.07859799,-1.310805,0.5538418,-0.3730267,-0.4994377,-0.5519713,
1,3,8.647,-0.06318663,0.07859799,-1.310805,0.5538418,-0.3730267,-0.4994377,-0.5519713,
1,3,8.649,-0.06318663,0.07859799,-1.310805,0.5538418,-0.3730267,-0.4994377,-0.5519713,
1,3,8.651,-0.06318663,0.07859799,-1.310805,0.5538418,-0.3730267,-0.4994377,-0.5519713,
1,3,8.653,-0.06318663,0.07859799,-1.310805,0.5538418,-0.3730267,-0.4994377,-0.5519713,
1,3,8.655,-0.0632282,0.0786471,-1.310853,0.5537716,-0.3729704,-0.4995625,-0.551967,
1,3,8.657,-0.0632282,0.0786471,-1.310853,0.5537716,-0.3729704,-0.4995625,-0.551967,
1,3,8.659,-0.0632282,0.0786471,-1.310853,0.5537716,-0.3729704,-0.4995625,-0.551967,
1,3,8.661,-0.0632282,0.0786471,-1.310853,0.5537716,-0.3729704,-0.4995625,-0.551967,
1,3,8.663,-0.06311104,0.07857285,-1.310781,0.5539942,-0.3731269,-0.4991941,-0.551971,
1,3,8.665,-0.06311104,0.07857285,-1.310781,0.5539942,-0.3731269,-0.4991941,-0.551971,
1,3,8.667,-0.06311104,0.07857285,-1.310781,0.5539942,-0.3731269,-0.4991941,-0.551971,
1,3,8.669,-0.06311104,0.07857285,-1.310781,0.5539942,-0.3731269,-0.4991941,-0.551971,
1,3,8.671,-0.0631303,0.07856432,-1.310704,0.5540146,-0.3731594,-0.4991445,-0.5519733,
1,3,8.673,-0.0631303,0.07856432,-1.310704,0.5540146,-0.3731594,-0.4991445,-0.5519733,
1,3,8.675,-0.0631303,0.07856432,-1.310704,0.5540146,-0.3731594,-0.4991445,-0.5519733,
1,3,8.677,-0.0631303,0.07856432,-1.310704,0.5540146,-0.3731594,-0.4991445,-0.5519733,
1,3,8.679,-0.06317505,0.07852851,-1.310665,0.5540609,-0.3732595,-0.4990922,-0.5519065,
1,3,8.681,-0.06317505,0.07852851,-1.310665,0.5540609,-0.3732595,-0.4990922,-0.5519065,
1,3,8.683,-0.06317505,0.07852851,-1.310665,0.5540609,-0.3732595,-0.4990922,-0.5519065,
1,3,8.685,-0.06317505,0.07852851,-1.310665,0.5540609,-0.3732595,-0.4990922,-0.5519065,
1,3,8.687,-0.06314064,0.07853444,-1.310673,0.5541197,-0.3732646,-0.4990213,-0.5519083,
1,3,8.689,-0.06314064,0.07853444,-1.310673,0.5541197,-0.3732646,-0.4990213,-0.5519083,
1,3,8.691,-0.06314064,0.07853444,-1.310673,0.5541197,-0.3732646,-0.4990213,-0.5519083,
1,3,8.693,-0.06314064,0.07853444,-1.310673,0.5541197,-0.3732646,-0.4990213,-0.5519083,
1,3,8.695,-0.06313626,0.07855605,-1.310721,0.5541162,-0.3732352,-0.4990357,-0.5519186,
1,3,8.697,-0.06313626,0.07855605,-1.310721,0.5541162,-0.3732352,-0.4990357,-0.5519186,
1,3,8.699,-0.06313626,0.07855605,-1.310721,0.5541162,-0.3732352,-0.4990357,-0.5519186,
1,3,8.701,-0.06313626,0.07855605,-1.310721,0.5541162,-0.3732352,-0.4990357,-0.5519186,
1,3,8.703,-0.06313626,0.07855605,-1.310721,0.5541162,-0.3732352,-0.4990357,-0.5519186,
1,3,8.705,-0.06309485,0.0785587,-1.310759,0.5541213,-0.3732001,-0.4990247,-0.5519472,
1,3,8.707,-0.06309485,0.0785587,-1.310759,0.5541213,-0.3732001,-0.4990247,-0.5519472,
1,3,8.709,-0.06309485,0.0785587,-1.310759,0.5541213,-0.3732001,-0.4990247,-0.5519472,
1,3,8.711,-0.06309485,0.0785587,-1.310759,0.5541213,-0.3732001,-0.4990247,-0.5519472,
1,3,8.713,-0.0631288,0.07856099,-1.310757,0.5540879,-0.3731822,-0.4990598,-0.5519611,
1,3,8.715,-0.0631288,0.07856099,-1.310757,0.5540879,-0.3731822,-0.4990598,-0.5519611,
1,3,8.717,-0.0631288,0.07856099,-1.310757,0.5540879,-0.3731822,-0.4990598,-0.5519611,
1,3,8.719,-0.0631288,0.07856099,-1.310757,0.5540879,-0.3731822,-0.4990598,-0.5519611,
1,3,8.721,-0.06316557,0.07862815,-1.310724,0.5541674,-0.3732969,-0.4989826,-0.5518734,
1,3,8.723,-0.06316557,0.07862815,-1.310724,0.5541674,-0.3732969,-0.4989826,-0.5518734,
1,3,8.725,-0.06316557,0.07862815,-1.310724,0.5541674,-0.3732969,-0.4989826,-0.5518734,
1,3,8.727,-0.06316557,0.07862815,-1.310724,0.5541674,-0.3732969,-0.4989826,-0.5518734,
1,3,8.729,-0.06312826,0.07863578,-1.31077,0.5542271,-0.373529,-0.4987593,-0.5518583,
1,3,8.731,-0.06312826,0.07863578,-1.31077,0.5542271,-0.373529,-0.4987593,-0.5518583,
1,3,8.733,-0.06312826,0.07863578,-1.31077,0.5542271,-0.373529,-0.4987593,-0.5518583,
1,3,8.735,-0.06312826,0.07863578,-1.31077,0.5542271,-0.373529,-0.4987593,-0.5518583,
1,3,8.737,-0.06312298,0.07857417,-1.310795,0.554221,-0.3735839,-0.4987525,-0.5518335,
1,3,8.739,-0.06312298,0.07857417,-1.310795,0.554221,-0.3735839,-0.4987525,-0.5518335,
1,3,8.741,-0.06312298,0.07857417,-1.310795,0.554221,-0.3735839,-0.4987525,-0.5518335,
1,3,8.743,-0.06312298,0.07857417,-1.310795,0.554221,-0.3735839,-0.4987525,-0.5518335,
1,3,8.745,-0.0631393,0.07853448,-1.310786,0.5542311,-0.3735307,-0.4988254,-0.5517935,
1,3,8.747,-0.0631393,0.07853448,-1.310786,0.5542311,-0.3735307,-0.4988254,-0.5517935,
1,3,8.749,-0.0631393,0.07853448,-1.310786,0.5542311,-0.3735307,-0.4988254,-0.5517935,
1,3,8.751,-0.0631393,0.07853448,-1.310786,0.5542311,-0.3735307,-0.4988254,-0.5517935,
1,3,8.753,-0.0631393,0.07853448,-1.310786,0.5542311,-0.3735307,-0.4988254,-0.5517935,
1,3,8.755,-0.06320659,0.07856508,-1.31073,0.5540323,-0.3732553,-0.4990714,-0.5519569,CourtEnter
1,3,8.757,-0.06320659,0.07856508,-1.31073,0.5540323,-0.3732553,-0.4990714,-0.5519569,
1,3,8.759,-0.06320659,0.07856508,-1.31073,0.5540323,-0.3732553,-0.4990714,-0.5519569,
1,3,8.761,-0.06320659,0.07856508,-1.31073,0.5540323,-0.3732553,-0.4990714,-0.5519569,
1,3,8.763,-0.06315098,0.07852607,-1.310701,0.5539014,-0.3731435,-0.4991891,-0.5520574,
1,3,8.765,-0.06315098,0.07852607,-1.310701,0.5539014,-0.3731435,-0.4991891,-0.5520574,
1,3,8.767,-0.06315098,0.07852607,-1.310701,0.5539014,-0.3731435,-0.4991891,-0.5520574,CourtExit
1,3,8.769,-0.06315098,0.07852607,-1.310701,0.5539014,-0.3731435,-0.4991891,-0.5520574,
1,3,8.771,-0.06312481,0.07856859,-1.310691,0.5538877,-0.3730766,-0.4992381,-0.552072,
1,3,8.773,-0.06312481,0.07856859,-1.310691,0.5538877,-0.3730766,-0.4992381,-0.552072,
1,3,8.775,-0.06312481,0.07856859,-1.310691,0.5538877,-0.3730766,-0.4992381,-0.552072,
1,3,8.777,-0.06312481,0.07856859,-1.310691,0.5538877,-0.3730766,-0.4992381,-0.552072,
1,3,8.779,-0.06320306,0.07860176,-1.310686,0.5539303,-0.3731339,-0.4992115,-0.5520146,
1,3,8.781,-0.06320306,0.07860176,-1.310686,0.5539303,-0.3731339,-0.4992115,-0.5520146,
1,3,8.783,-0.06320306,0.07860176,-1.310686,0.5539303,-0.3731339,-0.4992115,-0.5520146,
1,3,8.785,-0.06320306,0.07860176,-1.310686,0.5539303,-0.3731339,-0.4992115,-0.5520146,
1,3,8.787,-0.06310695,0.07852611,-1.310841,0.5541832,-0.3733422,-0.4989085,-0.5518939,
1,3,8.789,-0.06310695,0.07852611,-1.310841,0.5541832,-0.3733422,-0.4989085,-0.5518939,
1,3,8.791,-0.06310695,0.07852611,-1.310841,0.5541832,-0.3733422,-0.4989085,-0.5518939,
1,3,8.793,-0.06310695,0.07852611,-1.310841,0.5541832,-0.3733422,-0.4989085,-0.5518939,
1,3,8.795,-0.06311595,0.07857152,-1.310776,0.5541412,-0.3733071,-0.4989508,-0.5519215,
1,3,8.797,-0.06311595,0.07857152,-1.310776,0.5541412,-0.3733071,-0.4989508,-0.5519215,
1,3,8.799,-0.06311595,0.07857152,-1.310776,0.5541412,-0.3733071,-0.4989508,-0.5519215,
1,3,8.801,-0.06311595,0.07857152,-1.310776,0.5541412,-0.3733071,-0.4989508,-0.5519215,
1,3,8.803,-0.06311595,0.07857152,-1.310776,0.5541412,-0.3733071,-0.4989508,-0.5519215,
1,3,8.805,-0.06318005,0.07857723,-1.310716,0.5540301,-0.3731872,-0.4990977,-0.5519814,
1,3,8.807,-0.06318005,0.07857723,-1.310716,0.5540301,-0.3731872,-0.4990977,-0.5519814,
1,3,8.809,-0.06318005,0.07857723,-1.310716,0.5540301,-0.3731872,-0.4990977,-0.5519814,
1,3,8.811,-0.06318005,0.07857723,-1.310716,0.5540301,-0.3731872,-0.4990977,-0.5519814,
1,3,8.813,-0.06322059,0.07860149,-1.310684,0.5539464,-0.3731703,-0.4991968,-0.5519872,
1,3,8.815,-0.06322059,0.07860149,-1.310684,0.5539464,-0.3731703,-0.4991968,-0.5519872,
1,3,8.817,-0.06322059,0.07860149,-1.310684,0.5539464,-0.3731703,-0.4991968,-0.5519872,
1,3,8.819,-0.06322059,0.07860149,-1.310684,0.5539464,-0.3731703,-0.4991968,-0.5519872,
1,3,8.821,-0.06313562,0.07857443,-1.310777,0.5539737,-0.3731855,-0.4991304,-0.5520097,
1,3,8.823,-0.06313562,0.07857443,-1.310777,0.5539737,-0.3731855,-0.4991304,-0.5520097,
1,3,8.825,-0.06313562,0.07857443,-1.310777,0.5539737,-0.3731855,-0.4991304,-0.5520097,
1,3,8.827,-0.06313562,0.07857443,-1.310777,0.5539737,-0.3731855,-0.4991304,-0.5520097,
1,3,8.829,-0.06314667,0.07856487,-1.310782,0.5540572,-0.3731885,-0.4990858,-0.5519641,
1,3,8.831,-0.06314667,0.07856487,-1.310782,0.5540572,-0.3731885,-0.4990858,-0.5519641,
1,3,8.833,-0.06314667,0.07856487,-1.310782,0.5540572,-0.3731885,-0.4990858,-0.5519641,
1,3,8.835,-0.06314667,0.07856487,-1.310782,0.5540572,-0.3731885,-0.4990858,-0.5519641,
1,3,8.837,-0.06319197,0.0785662,-1.310732,0.554082,-0.3732165,-0.4991034,-0.5519044,
1,3,8.839,-0.06319197,0.0785662,-1.310732,0.554082,-0.3732165,-0.4991034,-0.5519044,
1,3,8.841,-0.06319197,0.0785662,-1.310732,0.554082,-0.3732165,-0.4991034,-0.5519044,
1,3,8.843,-0.06319197,0.0785662,-1.310732,0.554082,-0.3732165,-0.4991034,-0.5519044,
1,3,8.845,-0.0631451,0.0785371,-1.310743,0.5541123,-0.3732895,-0.4990306,-0.5518904,
1,3,8.847,-0.0631451,0.0785371,-1.310743,0.5541123,-0.3732895,-0.4990306,-0.5518904,
1,3,8.849,-0.0631451,0.0785371,-1.310743,0.5541123,-0.3732895,-0.4990306,-0.5518904,
1,3,8.851,-0.0631451,0.0785371,-1.310743,0.5541123,-0.3732895,-0.4990306,-0.5518904,
1,3,8.853,-0.0631451,0.0785371,-1.310743,0.5541123,-0.3732895,-0.4990306,-0.5518904,
1,3,8.855,-0.06314217,0.07854893,-1.310769,0.5540445,-0.373128,-0.4991171,-0.5519893,
1,3,8.857,-0.06314217,0.07854893,-1.310769,0.5540445,-0.373128,-0.4991171,-0.5519893,
1,3,8.859,-0.06314217,0.07854893,-1.310769,0.5540445,-0.373128,-0.4991171,-0.5519893,
1,3,8.861,-0.06314217,0.07854893,-1.310769,0.5540445,-0.373128,-0.4991171,-0.5519893,
1,3,8.863,-0.06315905,0.0785626,-1.310748,0.5540144,-0.3730382,-0.499209,-0.5519972,
1,3,8.865,-0.06315905,0.0785626,-1.310748,0.5540144,-0.3730382,-0.499209,-0.5519972,
1,3,8.867,-0.06315905,0.0785626,-1.310748,0.5540144,-0.3730382,-0.499209,-0.5519972,
1,3,8.869,-0.06315905,0.0785626,-1.310748,0.5540144,-0.3730382,-0.499209,-0.5519972,
1,3,8.871,-0.06313237,0.0785473,-1.310762,0.554048,-0.3731262,-0.4991278,-0.5519775,
1,3,8.873,-0.06313237,0.0785473,-1.310762,0.554048,-0.3731262,-0.4991278,-0.5519775,
1,3,8.875,-0.06313237,0.0785473,-1.310762,0.554048,-0.3731262,-0.4991278,-0.5519775,
1,3,8.877,-0.06313237,0.0785473,-1.310762,0.554048,-0.3731262,-0.4991278,-0.5519775,
1,3,8.879,-0.06314676,0.07854844,-1.310775,0.5540562,-0.373231,-0.4990831,-0.5519389,
1,3,8.881,-0.06314676,0.07854844,-1.310775,0.5540562,-0.373231,-0.4990831,-0.5519389,
1,3,8.883,-0.06314676,0.07854844,-1.310775,0.5540562,-0.373231,-0.4990831,-0.5519389,
1,3,8.885,-0.06314676,0.07854844,-1.310775,0.5540562,-0.373231,-0.4990831,-0.5519389,
1,3,8.887,-0.06311982,0.07855338,-1.310804,0.5540521,-0.3731713,-0.4990956,-0.551972,
1,3,8.889,-0.06311982,0.07855338,-1.310804,0.5540521,-0.3731713,-0.4990956,-0.551972,
1,3,8.891,-0.06311982,0.07855338,-1.310804,0.5540521,-0.3731713,-0.4990956,-0.551972,
1,3,8.893,-0.06311982,0.07855338,-1.310804,0.5540521,-0.3731713,-0.4990956,-0.551972,
1,3,8.895,-0.06314024,0.07855231,-1.310803,0.553923,-0.3731433,-0.4992235,-0.5520049,
1,3,8.897,-0.06314024,0.07855231,-1.310803,0.553923,-0.3731433,-0.4992235,-0.5520049,
1,3,8.899,-0.06314024,0.07855231,-1.310803,0.553923,-0.3731433,-0.4992235,-0.5520049,
1,3,8.901,-0.06314024,0.07855231,-1.310803,0.553923,-0.3731433,-0.4992235,-0.5520049,
1,3,8.903,-0.06314024,0.07855231,-1.310803,0.553923,-0.3731433,-0.4992235,-0.5520049,
1,3,8.905,-0.06313961,0.07854452,-1.310781,0.5539708,-0.373271,-0.4991319,-0.5519535,
1,3,8.907,-0.06313961,0.07854452,-1.310781,0.5539708,-0.373271,-0.4991319,-0.5519535,
1,3,8.909,-0.06313961,0.07854452,-1.310781,0.5539708,-0.373271,-0.4991319,-0.5519535,
1,3,8.911,-0.06313961,0.07854452,-1.310781,0.5539708,-0.373271,-0.4991319,-0.5519535,
1,3,8.913,-0.06309399,0.07853658,-1.310769,0.5540495,-0.3731776,-0.4991258,-0.5519429,
1,3,8.915,-0.06309399,0.07853658,-1.310769,0.5540495,-0.3731776,-0.4991258,-0.5519429,
1,3,8.917,-0.06309399,0.07853658,-1.310769,0.5540495,-0.3731776,-0.4991258,-0.5519429,
1,3,8.919,-0.06309399,0.07853658,-1.310769,0.5540495,-0.3731776,-0.4991258,-0.5519429,
1,3,8.921,-0.06312595,0.07856947,-1.310747,0.553918,-0.373006,-0.4993123,-0.5520223,
1,3,8.923,-0.06312595,0.07856947,-1.310747,0.553918,-0.373006,-0.4993123,-0.5520223,
1,3,8.925,-0.06312595,0.07856947,-1.310747,0.553918,-0.373006,-0.4993123,-0.5520223,
1,3,8.927,-0.06312595,0.07856947,-1.310747,0.553918,-0.373006,-0.4993123,-0.5520223,
1,3,8.929,-0.06310336,0.07855021,-1.310745,0.5539358,-0.3730282,-0.4992759,-0.5520223,
1,3,8.931,-0.06310336,0.07855021,-1.310745,0.5539358,-0.3730282,-0.4992759,-0.5520223,
1,3,8.933,-0.06310336,0.07855021,-1.310745,0.5539358,-0.3730282,-0.4992759,-0.5520223,
1,3,8.935,-0.06310336,0.07855021,-1.310745,0.5539358,-0.3730282,-0.4992759,-0.5520223,
1,3,8.937,-0.06306518,0.07856801,-1.310751,0.553926,-0.3730105,-0.4992811,-0.5520394,
1,3,8.939,-0.06306518,0.07856801,-1.310751,0.553926,-0.3730105,-0.4992811,-0.5520394,
1,3,8.941,-0.06306518,0.07856801,-1.310751,0.553926,-0.3730105,-0.4992811,-0.5520394,
1,3,8.943,-0.06306518,0.07856801,-1.310751,0.553926,-0.3730105,-0.4992811,-0.5520394,
1,3,8.945,-0.06309172,0.07854993,-1.310785,0.5539355,-0.373036,-0.4992497,-0.5520412,
1,3,8.947,-0.06309172,0.07854993,-1.310785,0.5539355,-0.373036,-0.4992497,-0.5520412,
1,3,8.949,-0.06309172,0.07854993,-1.310785,0.5539355,-0.373036,-0.4992497,-0.5520412,
1,3,8.951,-0.06309172,0.07854993,-1.310785,0.5539355,-0.373036,-0.4992497,-0.5520412,
1,3,8.953,-0.06309172,0.07854993,-1.310785,0.5539355,-0.373036,-0.4992497,-0.5520412,
1,3,8.955,-0.0630777,0.07853496,-1.310786,0.5539601,-0.3730802,-0.4992125,-0.5520202,
1,3,8.957,-0.0630777,0.07853496,-1.310786,0.5539601,-0.3730802,-0.4992125,-0.5520202,
1,3,8.959,-0.0630777,0.07853496,-1.310786,0.5539601,-0.3730802,-0.4992125,-0.5520202,
1,3,8.961,-0.0630777,0.07853496,-1.310786,0.5539601,-0.3730802,-0.4992125,-0.5520202,
1,3,8.963,-0.06304528,0.07851858,-1.310813,0.5539711,-0.3731483,-0.4991715,-0.5520003,
1,3,8.965,-0.06304528,0.07851858,-1.310813,0.5539711,-0.3731483,-0.4991715,-0.5520003,
1,3,8.967,-0.06304528,0.07851858,-1.310813,0.5539711,-0.3731483,-0.4991715,-0.5520003,
1,3,8.969,-0.06304528,0.07851858,-1.310813,0.5539711,-0.3731483,-0.4991715,-0.5520003,
1,3,8.971,-0.06310398,0.07855117,-1.310783,0.5539311,-0.3731407,-0.4992438,-0.5519801,
1,3,8.973,-0.06310398,0.07855117,-1.310783,0.5539311,-0.3731407,-0.4992438,-0.5519801,
1,3,8.975,-0.06310398,0.07855117,-1.310783,0.5539311,-0.3731407,-0.4992438,-0.5519801,
1,3,8.977,-0.06310398,0.07855117,-1.310783,0.5539311,-0.3731407,-0.4992438,-0.5519801,
1,3,8.979,-0.0631286,0.07856045,-1.310754,0.5539855,-0.3730769,-0.4992425,-0.5519698,
1,3,8.981,-0.0631286,0.07856045,-1.310754,0.5539855,-0.3730769,-0.4992425,-0.5519698,
1,3,8.983,-0.0631286,0.07856045,-1.310754,0.5539855,-0.3730769,-0.4992425,-0.5519698,
1,3,8.985,-0.0631286,0.07856045,-1.310754,0.5539855,-0.3730769,-0.4992425,-0.5519698,
1,3,8.987,-0.06309588,0.07857472,-1.310775,0.5540029,-0.3730344,-0.4992112,-0.5520093,
1,3,8.989,-0.06309588,0.07857472,-1.310775,0.5540029,-0.3730344,-0.4992112,-0.5520093,
1,3,8.991,-0.06309588,0.07857472,-1.310775,0.5540029,-0.3730344,-0.4992112,-0.5520093,
1,3,8.993,-0.06309588,0.07857472,-1.310775,0.5540029,-0.3730344,-0.4992112,-0.5520093,
1,3,8.995,-0.06309908,0.07855925,-1.310775,0.553934,-0.3730063,-0.4992821,-0.5520335,
1,3,8.997,-0.06309908,0.07855925,-1.310775,0.553934,-0.3730063,-0.4992821,-0.5520335,
1,3,8.999,-0.06309908,0.07855925,-1.310775,0.553934,-0.3730063,-0.4992821,-0.5520335,
1,4,9.001,-0.06309908,0.07855925,-1.310775,0.553934,-0.3730063,-0.4992821,-0.5520335,TrialStart
1,4,9.003,-0.06309908,0.07855925,-1.310775,0.553934,-0.3730063,-0.4992821,-0.5520335,
1,4,9.005,-0.06305603,0.07854033,-1.310765,0.553932,-0.3729954,-0.4992801,-0.5520446,
1,4,9.007,-0.06305603,0.07854033,-1.310765,0.553932,-0.3729954,-0.4992801,-0.5520446,
1,4,9.009,-0.06305603,0.07854033,-1.310765,0.553932,-0.3729954,-0.4992801,-0.5520446,
1,4,9.011,-0.06305603,0.07854033,-1.310765,0.553932,-0.3729954,-0.4992801,-0.5520446,
1,4,9.013,-0.06309773,0.07850453,-1.310797,0.5539631,-0.373231,-0.4991453,-0.551976,
1,4,9.015,-0.06309773,0.07850453,-1.310797,0.5539631,-0.373231,-0.4991453,-0.551976,
1,4,9.017,-0.06309773,0.07850453,-1.310797,0.5539631,-0.373231,-0.4991453,-0.551976,
1,4,9.019,-0.06309773,0.07850453,-1.310797,0.5539631,-0.373231,-0.4991453,-0.551976,
1,4,9.021,-0.06316368,0.07851263,-1.310822,0.5539244,-0.3732524,-0.4992038,-0.5519475,
1,4,9.023,-0.06316368,0.07851263,-1.310822,0.5539244,-0.3732524,-0.4992038,-0.5519475,
1,4,9.025,-0.06316368,0.07851263,-1.310822,0.5539244,-0.3732524,-0.4992038,-0.5519475,
1,4,9.027,-0.06316368,0.07851263,-1.310822,0.5539244,-0.3732524,-0.4992038,-0.5519475,
1,4,9.029,-0.06319461,0.07858429,-1.310754,0.5539886,-0.3732413,-0.4991918,-0.5519015,
1,4,9.031,-0.06319461,0.07858429,-1.310754,0.5539886,-0.3732413,-0.4991918,-0.5519015,
1,4,9.033,-0.06319461,0.07858429,-1.310754,0.5539886,-0.3732413,-0.4991918,-0.5519015,
1,4,9.035,-0.06319461,0.07858429,-1.310754,0.5539886,-0.3732413,-0.4991918,-0.5519015,
1,4,9.037,-0.06316665,0.07856681,-1.310721,0.5539534,-0.3732275,-0.4992087,-0.5519307,
1,4,9.039,-0.06316665,0.07856681,-1.310721,0.5539534,-0.3732275,-0.4992087,-0.5519307,
1,4,9.041,-0.06316665,0.07856681,-1.310721,0.5539534,-0.3732275,-0.4992087,-0.5519307,
1,4,9.043,-0.06316665,0.07856681,-1.310721,0.5539534,-0.3732275,-0.4992087,-0.5519307,
1,4,9.045,-0.06318209,0.07857004,-1.310694,0.5539426,-0.3731876,-0.4992396,-0.5519406,
1,4,9.047,-0.06318209,0.07857004,-1.310694,0.5539426,-0.3731876,-0.4992396,-0.5519406,
1,4,9.049,-0.06318209,0.07857004,-1.310694,0.5539426,-0.3731876,-0.4992396,-0.5519406,
1,4,9.051,-0.06318209,0.07857004,-1.310694,0.5539426,-0.3731876,-0.4992396,-0.5519406,
1,4,9.053,-0.06318209,0.07857004,-1.310694,0.5539426,-0.3731876,-0.4992396,-0.5519406,
1,4,9.055,-0.06318897,0.07855254,-1.310752,0.5540348,-0.37323,-0.4991485,-0.5519019,
1,4,9.057,-0.06318897,0.07855254,-1.310752,0.5540348,-0.37323,-0.4991485,-0.5519019,
1,4,9.059,-0.06318897,0.07855254,-1.310752,0.5540348,-0.37323,-0.4991485,-0.5519019,
1,4,9.061,-0.06318897,0.07855254,-1.310752,0.5540348,-0.37323,-0.4991485,-0.5519019,
1,4,9.063,-0.06315368,0.0785374,-1.310768,0.5540593,-0.3732459,-0.4991127,-0.5518989,
1,4,9.065,-0.06315368,0.0785374,-1.310768,0.5540593,-0.3732459,-0.4991127,-0.5518989,
1,4,9.067,-0.06315368,0.0785374,-1.310768,0.5540593,-0.3732459,-0.4991127,-0.5518989,
1,4,9.069,-0.06315368,0.0785374,-1.310768,0.5540593,-0.3732459,-0.4991127,-0.5518989,
1,4,9.071,-0.06314578,0.07855638,-1.310748,0.554056,-0.373236,-0.4991331,-0.5518904,
1,4,9.073,-0.06314578,0.07855638,-1.310748,0.554056,-0.373236,-0.4991331,-0.5518904,
1,4,9.075,-0.06314578,0.07855638,-1.310748,0.554056,-0.373236,-0.4991331,-0.5518904,
1,4,9.077,-0.06314578,0.07855638,-1.310748,0.554056,-0.373236,-0.4991331,-0.5518904,
1,4,9.079,-0.06315619,0.07855582,-1.310776,0.5540752,-0.3731703,-0.4991188,-0.5519285,
1,4,9.081,-0.06315619,0.07855582,-1.310776,0.5540752,-0.3731703,-0.4991188,-0.5519285,
1,4,9.083,-0.06315619,0.07855582,-1.310776,0.5540752,-0.3731703,-0.4991188,-0.5519285,
1,4,9.085,-0.06315619,0.07855582,-1.310776,0.5540752,-0.3731703,-0.4991188,-0.5519285,
1,4,9.087,-0.06315719,0.07857176,-1.310753,0.5540839,-0.3731127,-0.4991545,-0.5519264,
1,4,9.089,-0.06315719,0.07857176,-1.310753,0.5540839,-0.3731127,-0.4991545,-0.5519264,
1,4,9.091,-0.06315719,0.07857176,-1.310753,0.5540839,-0.3731127,-0.4991545,-0.5519264,
1,4,9.093,-0.06315719,0.07857176,-1.310753,0.5540839,-0.3731127,-0.4991545,-0.5519264,
1,4,9.095,-0.06310325,0.07857213,-1.310793,0.5541233,-0.3731557,-0.4990854,-0.5519202,
1,4,9.097,-0.06310325,0.07857213,-1.310793,0.5541233,-0.3731557,-0.4990854,-0.5519202,
1,4,9.099,-0.06310325,0.07857213,-1.310793,0.5541233,-0.3731557,-0.4990854,-0.5519202,
1,4,9.101,-0.06310325,0.07857213,-1.310793,0.5541233,-0.3731557,-0.4990854,-0.5519202,
1,4,9.103,-0.06310325,0.07857213,-1.310793,0.5541233,-0.3731557,-0.4990854,-0.5519202,
1,4,9.105,-0.06316925,0.07857657,-1.310754,0.5541016,-0.3730989,-0.4991648,-0.5519087,
1,4,9.107,-0.06316925,0.07857657,-1.310754,0.5541016,-0.3730989,-0.4991648,-0.5519087,
1,4,9.109,-0.06316925,0.07857657,-1.310754,0.5541016,-0.3730989,-0.4991648,-0.5519087,
1,4,9.111,-0.06316925,0.07857657,-1.310754,0.5541016,-0.3730989,-0.4991648,-0.5519087,
1,4,9.113,-0.06315029,0.07857026,-1.310753,0.5541036,-0.3731142,-0.4991484,-0.5519111,
1,4,9.115,-0.06315029,0.07857026,-1.310753,0.5541036,-0.3731142,-0.4991484,-0.5519111,
1,4,9.117,-0.06315029,0.07857026,-1.310753,0.5541036,-0.3731142,-0.4991484,-0.5519111,
1,4,9.119,-0.06315029,0.07857026,-1.310753,0.5541036,-0.3731142,-0.4991484,-0.5519111,
1,4,9.121,-0.06313328,0.0785685,-1.310777,0.5541162,-0.37306,-0.499151,-0.5519329,
1,4,9.123,-0.06313328,0.0785685,-1.310777,0.5541162,-0.37306,-0.499151,-0.5519329,
1,4,9.125,-0.06313328,0.0785685,-1.310777,0.5541162,-0.37306,-0.499151,-0.5519329,
1,4,9.127,-0.06313328,0.0785685,-1.310777,0.5541162,-0.37306,-0.499151,-0.5519329,
1,4,9.129,-0.06311136,0.07856251,-1.310808,0.5541733,-0.373125,-0.4990688,-0.5519058,
1,4,9.131,-0.06311136,0.07856251,-1.310808,0.5541733,-0.373125,-0.4990688,-0.5519058,
1,4,9.133,-0.06311136,0.07856251,-1.310808,0.5541733,-0.373125,-0.4990688,-0.5519058,
1,4,9.135,-0.06311136,0.07856251,-1.310808,0.5541733,-0.373125,-0.4990688,-0.5519058,
1,4,9.137,-0.06317597,0.07858598,-1.310773,0.5541171,-0.3730899,-0.4991555,-0.5519075,
1,4,9.139,-0.06317597,0.07858598,-1.310773,0.5541171,-0.3730899,-0.4991555,-0.5519075,
1,4,9.141,-0.06317597,0.07858598,-1.310773,0.5541171,-0.3730899,-0.4991555,-0.5519075,
1,4,9.143,-0.06317597,0.07858598,-1.310773,0.5541171,-0.3730899,-0.4991555,-0.5519075,
1,4,9.145,-0.06318506,0.07857203,-1.310743,0.5540824,-0.3731166,-0.4991902,-0.5518931,
1,4,9.147,-0.06318506,0.07857203,-1.310743,0.5540824,-0.3731166,-0.4991902,-0.5518931,
1,4,9.149,-0.06318506,0.07857203,-1.310743,0.5540824,-0.3731166,-0.4991902,-0.5518931,
1,4,9.151,-0.06318506,0.07857203,-1.310743,0.5540824,-0.3731166,-0.4991902,-0.5518931,
1,4,9.153,-0.06318506,0.07857203,-1.310743,0.5540824,-0.3731166,-0.4991902,-0.5518931,
1,4,9.155,-0.06317159,0.07857705,-1.310779,0.5541164,-0.373127,-0.4991717,-0.5518686,
1,4,9.157,-0.06317159,0.07857705,-1.310779,0.5541164,-0.373127,-0.4991717,-0.5518686,
1,4,9.159,-0.06317159,0.07857705,-1.310779,0.5541164,-0.373127,-0.4991717,-0.5518686,
1,4,9.161,-0.06317159,0.07857705,-1.310779,0.5541164,-0.373127,-0.4991717,-0.5518686,
1,4,9.163,-0.06316844,0.07856061,-1.310775,0.5541242,-0.3731815,-0.499152,-0.5518417,
1,4,9.165,-0.06316844,0.07856061,-1.310775,0.5541242,-0.3731815,-0.499152,-0.5518417,
1,4,9.167,-0.06316844,0.07856061,-1.310775,0.5541242,-0.3731815,-0.499152,-0.5518417,
1,4,9.169,-0.06316844,0.07856061,-1.310775,0.5541242,-0.3731815,-0.499152,-0.5518417,
1,4,9.171,-0.06317943,0.07857626,-1.310747,0.5541034,-0.3731517,-0.4991938,-0.5518451,
1,4,9.173,-0.06317943,0.07857626,-1.310747,0.5541034,-0.3731517,-0.4991938,-0.5518451,
1,4,9.175,-0.06317943,0.07857626,-1.310747,0.5541034,-0.3731517,-0.4991938,-0.5518451,
1,4,9.177,-0.06317943,0.07857626,-1.310747,0.5541034,-0.3731517,-0.4991938,-0.5518451,
1,4,9.179,-0.06315398,0.07857443,-1.310756,0.5541072,-0.373129,-0.4991926,-0.5518576,
1,4,9.181,-0.06315398,0.07857443,-1.310756,0.5541072,-0.373129,-0.4991926,-0.5518576,
1,4,9.183,-0.06315398,0.07857443,-1.310756,0.5541072,-0.373129,-0.4991926,-0.5518576,
1,4,9.185,-0.06315398,0.07857443,-1.310756,0.5541072,-0.373129,-0.4991926,-0.5518576,
1,4,9.187,-0.06313097,0.07859543,-1.310766,0.5541062,-0.3730694,-0.4992177,-0.5518761,
1,4,9.189,-0.06313097,0.07859543,-1.310766,0.5541062,-0.3730694,-0.4992177,-0.5518761,
1,4,9.191,-0.06313097,0.07859543,-1.310766,0.5541062,-0.3730694,-0.4992177,-0.5518761,
1,4,9.193,-0.06313097,0.07859543,-1.310766,0.5541062,-0.3730694,-0.4992177,-0.5518761,
1,4,9.195,-0.06317148,0.07859821,-1.31073,0.5540672,-0.3730345,-0.4992789,-0.5518835,
1,4,9.197,-0.06317148,0.07859821,-1.31073,0.5540672,-0.3730345,-0.4992789,-0.5518835,
1,4,9.199,-0.06317148,0.07859821,-1.31073,0.5540672,-0.3730345,-0.4992789,-0.5518835,
1,4,9.201,-0.06317148,0.07859821,-1.31073,0.5540672,-0.3730345,-0.4992789,-0.5518835,
1,4,9.203,-0.06317148,0.07859821,-1.31073,0.5540672,-0.3730345,-0.4992789,-0.5518835,
1,4,9.205,-0.06318378,0.07856546,-1.310738,0.5541081,-0.3731017,-0.4992113,-0.5518581,
1,4,9.207,-0.06318378,0.07856546,-1.310738,0.5541081,-0.3731017,-0.4992113,-0.5518581,
1,4,9.209,-0.06318378,0.07856546,-1.310738,0.5541081,-0.3731017,-0.4992113,-0.5518581,
1,4,9.211,-0.06318378,0.07856546,-1.310738,0.5541081,-0.3731017,-0.4992113,-0.5518581,
1,4,9.213,-0.0631088,0.0785631,-1.310782,0.5541105,-0.3731503,-0.4991036,-0.5519203,
1,4,9.215,-0.0631088,0.0785631,-1.310782,0.5541105,-0.3731503,-0.4991036,-0.5519203,
1,4,9.217,-0.0631088,0.0785631,-1.310782,0.5541105,-0.3731503,-0.4991036,-0.5519203,
1,4,9.219,-0.0631088,0.0785631,-1.310782,0.5541105,-0.3731503,-0.4991036,-0.5519203,
1,4,9.221,-0.06308477,0.07856391,-1.310788,0.5541056,-0.3731367,-0.4990832,-0.5519528,
1,4,9.223,-0.06308477,0.07856391,-1.310788,0.5541056,-0.3731367,-0.4990832,-0.5519528,
1,4,9.225,-0.06308477,0.07856391,-1.310788,0.5541056,-0.3731367,-0.4990832,-0.5519528,
1,4,9.227,-0.06308477,0.07856391,-1.310788,0.5541056,-0.3731367,-0.4990832,-0.5519528,
1,4,9.229,-0.0631251,0.07857253,-1.310775,0.5540861,-0.3731266,-0.4991146,-0.5519509,
1,4,9.231,-0.0631251,0.07857253,-1.310775,0.5540861,-0.3731266,-0.4991146,-0.5519509,
1,4,9.233,-0.0631251,0.07857253,-1.310775,0.5540861,-0.3731266,-0.4991146,-0.5519509,
1,4,9.235,-0.0631251,0.07857253,-1.310775,0.5540861,-0.3731266,-0.4991146,-0.5519509,
1,4,9.237,-0.06310187,0.0785303,-1.310774,0.5541316,-0.3731993,-0.499034,-0.5519291,
1,4,9.239,-0.06310187,0.0785303,-1.310774,0.5541316,-0.3731993,-0.499034,-0.5519291,
1,4,9.241,-0.06310187,0.0785303,-1.310774,0.5541316,-0.3731993,-0.499034,-0.5519291,
1,4,9.243,-0.06310187,0.0785303,-1.310774,0.5541316,-0.3731993,-0.499034,-0.5519291,
1,4,9.245,-0.06314706,0.07855962,-1.310742,0.5540682,-0.3731388,-0.4991308,-0.551946,
1,4,9.247,-0.06314706,0.07855962,-1.310742,0.5540682,-0.3731388,-0.4991308,-0.551946,
1,4,9.249,-0.06314706,0.07855962,-1.310742,0.5540682,-0.3731388,-0.4991308,-0.551946,
1,4,9.251,-0.06314706,0.07855962,-1.310742,0.5540682,-0.3731388,-0.4991308,-0.551946,
1,4,9.253,-0.06314706,0.07855962,-1.310742,0.5540682,-0.3731388,-0.4991308,-0.551946,
1,4,9.255,-0.06317345,0.0785791,-1.310731,0.5540354,-0.3731117,-0.499176,-0.5519563,
1,4,9.257,-0.06317345,0.0785791,-1.310731,0.5540354,-0.3731117,-0.499176,-0.5519563,
1,4,9.259,-0.06317345,0.0785791,-1.310731,0.5540354,-0.3731117,-0.499176,-0.5519563,
1,4,9.261,-0.06317345,0.0785791,-1.310731,0.5540354,-0.3731117,-0.499176,-0.5519563,
1,4,9.263,-0.06309038,0.07855675,-1.310781,0.5541066,-0.3731856,-0.4990547,-0.5519446,
1,4,9.265,-0.06309038,0.07855675,-1.310781,0.5541066,-0.3731856,-0.4990547,-0.5519446,
1,4,9.267,-0.06309038,0.07855675,-1.310781,0.5541066,-0.3731856,-0.4990547,-0.5519446,
1,4,9.269,-0.06309038,0.07855675,-1.310781,0.5541066,-0.3731856,-0.4990547,-0.5519446,
1,4,9.271,-0.06314252,0.07856745,-1.310751,0.5540556,-0.3731331,-0.4991534,-0.5519421,
1,4,9.273,-0.06314252,0.07856745,-1.310751,0.5540556,-0.3731331,-0.4991534,-0.5519421,
1,4,9.275,-0.06314252,0.07856745,-1.310751,0.5540556,-0.3731331,-0.4991534,-0.5519421,
1,4,9.277,-0.06314252,0.07856745,-1.310751,0.5540556,-0.3731331,-0.4991534,-0.5519421,
1,4,9.279,-0.06311036,0.07857326,-1.310769,0.5541023,-0.3731821,-0.4990513,-0.5519544,
1,4,9.281,-0.06311036,0.07857326,-1.310769,0.5541023,-0.3731821,-0.4990513,-0.5519544,
1,4,9.283,-0.06311036,0.07857326,-1.310769,0.5541023,-0.3731821,-0.4990513,-0.5519544,
1,4,9.285,-0.06311036,0.07857326,-1.310769,0.5541023,-0.3731821,-0.4990513,-0.5519544,
1,4,9.287,-0.06311053,0.07858343,-1.31076,0.5540954,-0.3731329,-0.4990847,-0.5519643,
1,4,9.289,-0.06311053,0.07858343,-1.31076,0.5540954,-0.3731329,-0.4990847,-0.5519643,
1,4,9.291,-0.06311053,0.07858343,-1.31076,0.5540954,-0.3731329,-0.4990847,-0.5519643,
1,4,9.293,-0.06311053,0.07858343,-1.31076,0.5540954,-0.3731329,-0.4990847,-0.5519643,
1,4,9.295,-0.06316651,0.07856764,-1.310737,0.5540729,-0.3731712,-0.4991173,-0.5519316,
1,4,9.297,-0.06316651,0.07856764,-1.310737,0.5540729,-0.3731712,-0.4991173,-0.5519316,
1,4,9.299,-0.06316651,0.07856764,-1.310737,0.5540729,-0.3731712,-0.4991173,-0.5519316,
1,4,9.301,-0.06316651,0.07856764,-1.310737,0.5540729,-0.3731712,-0.4991173,-0.5519316,
1,4,9.303,-0.06316651,0.07856764,-1.310737,0.5540729,-0.3731712,-0.4991173,-0.5519316,
1,4,9.305,-0.06320841,0.07854877,-1.310701,0.5540535,-0.3732479,-0.4991291,-0.5518885,
1,4,9.307,-0.06320841,0.07854877,-1.310701,0.5540535,-0.3732479,-0.4991291,-0.5518885,
1,4,9.309,-0.06320841,0.07854877,-1.310701,0.5540535,-0.3732479,-0.4991291,-0.5518885,
1,4,9.311,-0.06320841,0.07854877,-1.310701,0.5540535,-0.3732479,-0.4991291,-0.5518885,
1,4,9.313,-0.06313231,0.07856102,-1.310765,0.5540546,-0.3732125,-0.4991079,-0.5519306,
1,4,9.315,-0.06313231,0.07856102,-1.310765,0.5540546,-0.3732125,-0.4991079,-0.5519306,
1,4,9.317,-0.06313231,0.07856102,-1.310765,0.5540546,-0.3732125,-0.4991079,-0.5519306,
1,4,9.319,-0.06313231,0.07856102,-1.310765,0.5540546,-0.3732125,-0.4991079,-0.5519306,
1,4,9.321,-0.06315114,0.07856408,-1.310749,0.5540668,-0.3732166,-0.4991202,-0.5519043,
1,4,9.323,-0.06315114,0.07856408,-1.310749,0.5540668,-0.3732166,-0.4991202,-0.5519043,
1,4,9.325,-0.06315114,0.07856408,-1.310749,0.5540668,-0.3732166,-0.4991202,-0.5519043,
1,4,9.327,-0.06315114,0.07856408,-1.310749,0.5540668,-0.3732166,-0.4991202,-0.5519043,
1,4,9.329,-0.06310439,0.07852813,-1.31073,0.5541503,-0.373326,-0.4989493,-0.5519011,
1,4,9.331,-0.06310439,0.07852813,-1.31073,0.5541503,-0.373326,-0.4989493,-0.5519011,
1,4,9.333,-0.06310439,0.07852813,-1.31073,0.5541503,-0.373326,-0.4989493,-0.5519011,
1,4,9.335,-0.06310439,0.07852813,-1.31073,0.5541503,-0.373326,-0.4989493,-0.5519011,
1,4,9.337,-0.06312518,0.0785287,-1.310725,0.5541646,-0.3733662,-0.4989317,-0.5518755,
1,4,9.339,-0.06312518,0.0785287,-1.310725,0.5541646,-0.3733662,-0.4989317,-0.5518755,
1,4,9.341,-0.06312518,0.0785287,-1.310725,0.5541646,-0.3733662,-0.4989317,-0.5518755,
1,4,9.343,-0.06312518,0.0785287,-1.310725,0.5541646,-0.3733662,-0.4989317,-0.5518755,
1,4,9.345,-0.06310078,0.07858058,-1.310793,0.5541058,-0.3732318,-0.4989962,-0.551967,
1,4,9.347,-0.06310078,0.07858058,-1.310793,0.5541058,-0.3732318,-0.4989962,-0.551967,
1,4,9.349,-0.06310078,0.07858058,-1.310793,0.5541058,-0.3732318,-0.4989962,-0.551967,
1,4,9.351,-0.06310078,0.07858058,-1.310793,0.5541058,-0.3732318,-0.4989962,-0.551967,
1,4,9.353,-0.06310078,0.07858058,-1.310793,0.5541058,-0.3732318,-0.4989962,-0.551967,
1,4,9.355,-0.06310232,0.07858642,-1.31085,0.554069,-0.3732255,-0.4989873,-0.5520163,
1,4,9.357,-0.06310232,0.07858642,-1.31085,0.554069,-0.3732255,-0.4989873,-0.5520163,
1,4,9.359,-0.06310232,0.07858642,-1.31085,0.554069,-0.3732255,-0.4989873,-0.5520163,
1,4,9.361,-0.06310232,0.07858642,-1.31085,0.554069,-0.3732255,-0.4989873,-0.5520163,
1,4,9.363,-0.06312776,0.0786023,-1.310837,0.5540397,-0.3732113,-0.4990082,-0.5520364,
1,4,9.365,-0.06312776,0.0786023,-1.310837,0.5540397,-0.3732113,-0.4990082,-0.5520364,
1,4,9.367,-0.06312776,0.0786023,-1.310837,0.5540397,-0.3732113,-0.4990082,-0.5520364,
1,4,9.369,-0.06312776,0.0786023,-1.310837,0.5540397,-0.3732113,-0.4990082,-0.5520364,
1,4,9.371,-0.06310512,0.07858548,-1.310835,0.5540716,-0.3732224,-0.4989577,-0.5520425,
1,4,9.373,-0.06310512,0.07858548,-1.310835,0.5540716,-0.3732224,-0.4989577,-0.5520425,
1,4,9.375,-0.06310512,0.07858548,-1.310835,0.5540716,-0.3732224,-0.4989577,-0.5520425,
1,4,9.377,-0.06310512,0.07858548,-1.310835,0.5540716,-0.3732224,-0.4989577,-0.5520425,
1,4,9.379,-0.06313525,0.0785911,-1.310804,0.5540292,-0.3731951,-0.4990326,-0.5520359,
1,4,9.381,-0.06313525,0.0785911,-1.310804,0.5540292,-0.3731951,-0.4990326,-0.5520359,
1,4,9.383,-0.06313525,0.0785911,-1.310804,0.5540292,-0.3731951,-0.4990326,-0.5520359,
1,4,9.385,-0.06313525,0.0785911,-1.310804,0.5540292,-0.3731951,-0.4990326,-0.5520359,
1,4,9.387,-0.06311945,0.07857779,-1.310807,0.5540092,-0.3731495,-0.4990692,-0.5520537,
1,4,9.389,-0.06311945,0.07857779,-1.310807,0.5540092,-0.3731495,-0.4990692,-0.5520537,
1,4,9.391,-0.06311945,0.07857779,-1.310807,0.5540092,-0.3731495,-0.4990692,-0.5520537,
1,4,9.393,-0.06311945,0.07857779,-1.310807,0.5540092,-0.3731495,-0.4990692,-0.5520537,
1,4,9.395,-0.06316397,0.07854453,-1.310812,0.5539716,-0.3731343,-0.4991332,-0.5520438,
1,4,9.397,-0.06316397,0.07854453,-1.310812,0.5539716,-0.3731343,-0.4991332,-0.5520438,
1,4,9.399,-0.06316397,0.07854453,-1.310812,0.5539716,-0.3731343,-0.4991332,-0.5520438,
1,4,9.401,-0.06316397,0.07854453,-1.310812,0.5539716,-0.3731343,-0.4991332,-0.5520438,
1,4,9.403,-0.06316397,0.07854453,-1.310812,0.5539716,-0.3731343,-0.4991332,-0.5520438,
1,4,9.405,-0.06308333,0.07853538,-1.310824,0.554033,-0.3729618,-0.4991786,-0.5520578,
1,4,9.407,-0.06308333,0.07853538,-1.310824,0.554033,-0.3729618,-0.4991786,-0.5520578,
1,4,9.409,-0.06308333,0.07853538,-1.310824,0.554033,-0.3729618,-0.4991786,-0.5520578,
1,4,9.411,-0.06308333,0.07853538,-1.310824,0.554033,-0.3729618,-0.4991786,-0.5520578,
1,4,9.413,-0.06307659,0.07852466,-1.310822,0.5540328,-0.3730718,-0.4991508,-0.5520087,
1,4,9.415,-0.06307659,0.07852466,-1.310822,0.5540328,-0.3730718,-0.4991508,-0.5520087,
1,4,9.417,-0.06307659,0.07852466,-1.310822,0.5540328,-0.3730718,-0.4991508,-0.5520087,
1,4,9.419,-0.06307659,0.07852466,-1.310822,0.5540328,-0.3730718,-0.4991508,-0.5520087,
1,4,9.421,-0.06309471,0.07851588,-1.310798,0.5539868,-0.3731618,-0.4991583,-0.5519872,
1,4,9.423,-0.06309471,0.07851588,-1.310798,0.5539868,-0.3731618,-0.4991583,-0.5519872,
1,4,9.425,-0.06309471,0.07851588,-1.310798,0.5539868,-0.3731618,-0.4991583,-0.5519872,
1,4,9.427,-0.06309471,0.07851588,-1.310798,0.5539868,-0.3731618,-0.4991583,-0.5519872,
1,4,9.429,-0.06310556,0.07853144,-1.31078,0.5540075,-0.3730638,-0.4992329,-0.5519652,
1,4,9.431,-0.06310556,0.07853144,-1.31078,0.5540075,-0.3730638,-0.4992329,-0.5519652,
1,4,9.433,-0.06310556,0.07853144,-1.31078,0.5540075,-0.3730638,-0.4992329,-0.5519652,
1,4,9.435,-0.06310556,0.07853144,-1.31078,0.5540075,-0.3730638,-0.4992329,-0.5519652,
1,4,9.437,-0.06315409,0.07853522,-1.310754,0.5539909,-0.3730522,-0.499286,-0.5519416,
1,4,9.439,-0.06315409,0.07853522,-1.310754,0.5539909,-0.3730522,-0.499286,-0.5519416,
1,4,9.441,-0.06315409,0.07853522,-1.310754,0.5539909,-0.3730522,-0.499286,-0.5519416,
1,4,9.443,-0.06315409,0.07853522,-1.310754,0.5539909,-0.3730522,-0.499286,-0.5519416,
1,4,9.445,-0.06313975,0.07853934,-1.310761,0.5540103,-0.3730191,-0.4992864,-0.5519443,
1,4,9.447,-0.06313975,0.07853934,-1.310761,0.5540103,-0.3730191,-0.4992864,-0.5519443,
1,4,9.449,-0.06313975,0.07853934,-1.310761,0.5540103,-0.3730191,-0.4992864,-0.5519443,
1,4,9.451,-0.06313975,0.07853934,-1.310761,0.5540103,-0.3730191,-0.4992864,-0.5519443,
1,4,9.453,-0.06313975,0.07853934,-1.310761,0.5540103,-0.3730191,-0.4992864,-0.5519443,
1,4,9.455,-0.06313507,0.07854198,-1.310796,0.5540473,-0.3730511,-0.4992526,-0.5519161,
1,4,9.457,-0.06313507,0.07854198,-1.310796,0.5540473,-0.3730511,-0.4992526,-0.5519161,
1,4,9.459,-0.06313507,0.07854198,-1.310796,0.5540473,-0.3730511,-0.4992526,-0.5519161,
1,4,9.461,-0.06313507,0.07854198,-1.310796,0.5540473,-0.3730511,-0.4992526,-0.5519161,
1,4,9.463,-0.06312209,0.07850559,-1.310799,0.5539371,-0.3730904,-0.4993372,-0.5519237,
1,4,9.465,-0.06312209,0.07850559,-1.310799,0.5539371,-0.3730904,-0.4993372,-0.5519237,
1,4,9.467,-0.06312209,0.07850559,-1.310799,0.5539371,-0.3730904,-0.4993372,-0.5519237,
1,4,9.469,-0.06312209,0.07850559,-1.310799,0.5539371,-0.3730904,-0.4993372,-0.5519237,
1,4,9.471,-0.06308843,0.0785123,-1.310804,0.5539042,-0.3730372,-0.4993733,-0.5519599,
1,4,9.473,-0.06308843,0.0785123,-1.310804,0.5539042,-0.3730372,-0.4993733,-0.5519599,
1,4,9.475,-0.06308843,0.0785123,-1.310804,0.5539042,-0.3730372,-0.4993733,-0.5519599,
1,4,9.477,-0.06308843,0.0785123,-1.310804,0.5539042,-0.3730372,-0.4993733,-0.5519599,
1,4,9.479,-0.06305838,0.07851061,-1.310856,0.5538976,-0.3730889,-0.4993647,-0.5519394,
1,4,9.481,-0.06305838,0.07851061,-1.310856,0.5538976,-0.3730889,-0.4993647,-0.5519394,
1,4,9.483,-0.06305838,0.07851061,-1.310856,0.5538976,-0.3730889,-0.4993647,-0.5519394,
1,4,9.485,-0.06305838,0.07851061,-1.310856,0.5538976,-0.3730889,-0.4993647,-0.5519394,
1,4,9.487,-0.06307893,0.07851613,-1.310866,0.5538598,-0.3731119,-0.4993986,-0.5519311,
1,4,9.489,-0.06307893,0.07851613,-1.310866,0.5538598,-0.3731119,-0.4993986,-0.5519311,
1,4,9.491,-0.06307893,0.07851613,-1.310866,0.5538598,-0.3731119,-0.4993986,-0.5519311,
1,4,9.493,-0.06307893,0.07851613,-1.310866,0.5538598,-0.3731119,-0.4993986,-0.5519311,
1,4,9.495,-0.06307343,0.07851988,-1.31085,0.553841,-0.3730851,-0.499418,-0.5519505,
1,4,9.497,-0.06307343,0.07851988,-1.31085,0.553841,-0.3730851,-0.499418,-0.5519505,
1,4,9.499,-0.06307343,0.07851988,-1.31085,0.553841,-0.3730851,-0.499418,-0.5519505,
1,4,9.501,-0.06307343,0.07851988,-1.31085,0.553841,-0.3730851,-0.499418,-0.5519505,
1,4,9.503,-0.06307343,0.07851988,-1.31085,0.553841,-0.3730851,-0.499418,-0.5519505,
1,4,9.505,-0.06309827,0.07852579,-1.310835,0.5538353,-0.3730774,-0.4994166,-0.5519627,
1,4,9.507,-0.06309827,0.07852579,-1.310835,0.5538353,-0.3730774,-0.4994166,-0.5519627,
1,4,9.509,-0.06309827,0.07852579,-1.310835,0.5538353,-0.3730774,-0.4994166,-0.5519627,
1,4,9.511,-0.06309827,0.07852579,-1.310835,0.5538353,-0.3730774,-0.4994166,-0.5519627,
1,4,9.513,-0.06310253,0.07852519,-1.310835,0.5538186,-0.3730799,-0.4994347,-0.5519613,
1,4,9.515,-0.06310253,0.07852519,-1.310835,0.5538186,-0.3730799,-0.4994347,-0.5519613,
1,4,9.517,-0.06310253,0.07852519,-1.310835,0.5538186,-0.3730799,-0.4994347,-0.5519613,
1,4,9.519,-0.06310253,0.07852519,-1.310835,0.5538186,-0.3730799,-0.4994347,-0.5519613,
1,4,9.521,-0.0631064,0.07852359,-1.310812,0.5538236,-0.3730605,-0.4994553,-0.5519509,
1,4,9.523,-0.0631064,0.07852359,-1.310812,0.5538236,-0.3730605,-0.4994553,-0.5519509,
1,4,9.525,-0.0631064,0.07852359,-1.310812,0.5538236,-0.3730605,-0.4994553,-0.5519509,
1,4,9.527,-0.0631064,0.07852359,-1.310812,0.5538236,-0.3730605,-0.4994553,-0.5519509,
1,4,9.529,-0.06305988,0.07851135,-1.310853,0.5538607,-0.3730966,-0.4993725,-0.5519642,
1,4,9.531,-0.06305988,0.07851135,-1.310853,0.5538607,-0.3730966,-0.4993725,-0.5519642,
1,4,9.533,-0.06305988,0.07851135,-1.310853,0.5538607,-0.3730966,-0.4993725,-0.5519642,
1,4,9.535,-0.06305988,0.07851135,-1.310853,0.5538607,-0.3730966,-0.4993725,-0.5519642,
1,4,9.537,-0.06304982,0.07852706,-1.310855,0.5538793,-0.3730605,-0.4993681,-0.5519739,
1,4,9.539,-0.06304982,0.07852706,-1.310855,0.5538793,-0.3730605,-0.4993681,-0.5519739,
1,4,9.541,-0.06304982,0.07852706,-1.310855,0.5538793,-0.3730605,-0.4993681,-0.5519739,
1,4,9.543,-0.06304982,0.07852706,-1.310855,0.5538793,-0.3730605,-0.4993681,-0.5519739,
1,4,9.545,-0.06305634,0.07853883,-1.310834,0.5538683,-0.373025,-0.4993984,-0.5519814,
1,4,9.547,-0.06305634,0.07853883,-1.310834,0.5538683,-0.373025,-0.4993984,-0.5519814,
1,4,9.549,-0.06305634,0.07853883,-1.310834,0.5538683,-0.373025,-0.4993984,-0.5519814,
1,4,9.551,-0.06305634,0.07853883,-1.310834,0.5538683,-0.373025,-0.4993984,-0.5519814,
1,4,9.553,-0.06305634,0.07853883,-1.310834,0.5538683,-0.373025,-0.4993984,-0.5519814,
1,4,9.555,-0.06305373,0.07852985,-1.310836,0.5538622,-0.3730273,-0.499387,-0.5519964,
1,4,9.557,-0.06305373,0.07852985,-1.310836,0.5538622,-0.3730273,-0.499387,-0.5519964,
1,4,9.559,-0.06305373,0.07852985,-1.310836,0.5538622,-0.3730273,-0.499387,-0.5519964,
1,4,9.561,-0.06305373,0.07852985,-1.310836,0.5538622,-0.3730273,-0.499387,-0.5519964,
1,4,9.563,-0.0630484,0.07851166,-1.310872,0.5538786,-0.3730538,-0.4993621,-0.5519845,
1,4,9.565,-0.0630484,0.07851166,-1.310872,0.5538786,-0.3730538,-0.4993621,-0.5519845,
1,4,9.567,-0.0630484,0.07851166,-1.310872,0.5538786,-0.3730538,-0.4993621,-0.5519845,
1,4,9.569,-0.0630484,0.07851166,-1.310872,0.5538786,-0.3730538,-0.4993621,-0.5519845,
1,4,9.571,-0.0630435,0.07851379,-1.310881,0.5538756,-0.3730407,-0.4993797,-0.5519806,
1,4,9.573,-0.0630435,0.07851379,-1.310881,0.5538756,-0.3730407,-0.4993797,-0.5519806,
1,4,9.575,-0.0630435,0.07851379,-1.310881,0.5538756,-0.3730407,-0.4993797,-0.5519806,
1,4,9.577,-0.0630435,0.07851379,-1.310881,0.5538756,-0.3730407,-0.4993797,-0.5519806,
1,4,9.579,-0.06306841,0.07851076,-1.310865,0.5538688,-0.3730361,-0.4994166,-0.551957,
1,4,9.581,-0.06306841,0.07851076,-1.310865,0.5538688,-0.3730361,-0.4994166,-0.551957,
1,4,9.583,-0.06306841,0.07851076,-1.310865,0.5538688,-0.3730361,-0.4994166,-0.551957,
1,4,9.585,-0.06306841,0.07851076,-1.310865,0.5538688,-0.3730361,-0.4994166,-0.551957,
1,4,9.587,-0.06309289,0.07850828,-1.310837,0.553852,-0.3730336,-0.4994356,-0.5519583,
1,4,9.589,-0.06309289,0.07850828,-1.310837,0.553852,-0.3730336,-0.4994356,-0.5519583,
1,4,9.591,-0.06309289,0.07850828,-1.310837,0.553852,-0.3730336,-0.4994356,-0.5519583,
1,4,9.593,-0.06309289,0.07850828,-1.310837,0.553852,-0.3730336,-0.4994356,-0.5519583,
1,4,9.595,-0.06312595,0.07850589,-1.310807,0.5538375,-0.3730597,-0.4994421,-0.5519494,
1,4,9.597,-0.06312595,0.07850589,-1.310807,0.5538375,-0.3730597,-0.4994421,-0.5519494,
1,4,9.599,-0.06312595,0.07850589,-1.310807,0.5538375,-0.3730597,-0.4994421,-0.5519494,
1,4,9.601,-0.06312595,0.07850589,-1.310807,0.5538375,-0.3730597,-0.4994421,-0.5519494,
1,4,9.603,-0.06312595,0.07850589,-1.310807,0.5538375,-0.3730597,-0.4994421,-0.5519494,
1,4,9.605,-0.06307456,0.07850993,-1.310845,0.5538446,-0.373055,-0.4994125,-0.5519722,
1,4,9.607,-0.06307456,0.07850993,-1.310845,0.5538446,-0.373055,-0.4994125,-0.5519722,
1,4,9.609,-0.06307456,0.07850993,-1.310845,0.5538446,-0.373055,-0.4994125,-0.5519722,
1,4,9.611,-0.06307456,0.07850993,-1.310845,0.5538446,-0.373055,-0.4994125,-0.5519722,
1,4,9.613,-0.06307385,0.07852492,-1.310863,0.5538049,-0.3729996,-0.4994892,-0.55198,
1,4,9.615,-0.06307385,0.07852492,-1.310863,0.5538049,-0.3729996,-0.4994892,-0.55198,
1,4,9.617,-0.06307385,0.07852492,-1.310863,0.5538049,-0.3729996,-0.4994892,-0.55198,
1,4,9.619,-0.06307385,0.07852492,-1.310863,0.5538049,-0.3729996,-0.4994892,-0.55198,
1,4,9.621,-0.06314284,0.0785353,-1.31082,0.5537632,-0.3729896,-0.4995553,-0.5519689,
1,4,9.623,-0.06314284,0.0785353,-1.31082,0.5537632,-0.3729896,-0.4995553,-0.5519689,
1,4,9.625,-0.06314284,0.0785353,-1.31082,0.5537632,-0.3729896,-0.4995553,-0.5519689,
1,4,9.627,-0.06314284,0.0785353,-1.31082,0.5537632,-0.3729896,-0.4995553,-0.5519689,
1,4,9.629,-0.06312784,0.07851917,-1.310803,0.5537814,-0.3729929,-0.4995442,-0.5519584,
1,4,9.631,-0.06312784,0.07851917,-1.310803,0.5537814,-0.3729929,-0.4995442,-0.5519584,
1,4,9.633,-0.06312784,0.07851917,-1.310803,0.5537814,-0.3729929,-0.4995442,-0.5519584,
1,4,9.635,-0.06312784,0.07851917,-1.310803,0.5537814,-0.3729929,-0.4995442,-0.5519584,
1,4,9.637,-0.06311045,0.07852486,-1.310834,0.5537339,-0.372991,-0.4995553,-0.5519974,
1,4,9.639,-0.06311045,0.07852486,-1.310834,0.5537339,-0.372991,-0.4995553,-0.5519974,
1,4,9.641,-0.06311045,0.07852486,-1.310834,0.5537339,-0.372991,-0.4995553,-0.5519974,
1,4,9.643,-0.06311045,0.07852486,-1.310834,0.5537339,-0.372991,-0.4995553,-0.5519974,
1,4,9.645,-0.06306452,0.07851039,-1.310858,0.5537801,-0.3730664,-0.499457,-0.551989,
1,4,9.647,-0.06306452,0.07851039,-1.310858,0.5537801,-0.3730664,-0.499457,-0.551989,
1,4,9.649,-0.06306452,0.07851039,-1.310858,0.5537801,-0.3730664,-0.499457,-0.551989,
1,4,9.651,-0.06306452,0.07851039,-1.310858,0.5537801,-0.3730664,-0.499457,-0.551989,
1,4,9.653,-0.06306452,0.07851039,-1.310858,0.5537801,-0.3730664,-0.499457,-0.551989,
1,4,9.655,-0.06307016,0.07851081,-1.310857,0.553766,-0.3730478,-0.4994693,-0.5520046,
1,4,9.657,-0.06307016,0.07851081,-1.310857,0.553766,-0.3730478,-0.4994693,-0.5520046,
1,4,9.659,-0.06307016,0.07851081,-1.310857,0.553766,-0.3730478,-0.4994693,-0.5520046,
1,4,9.661,-0.06307016,0.07851081,-1.310857,0.553766,-0.3730478,-0.4994693,-0.5520046,
1,4,9.663,-0.06310076,0.07851294,-1.310828,0.5537487,-0.3730654,-0.499471,-0.5520085,
1,4,9.665,-0.06310076,0.07851294,-1.310828,0.5537487,-0.3730654,-0.499471,-0.5520085,
1,4,9.667,-0.06310076,0.07851294,-1.310828,0.5537487,-0.3730654,-0.499471,-0.5520085,
1,4,9.669,-0.06310076,0.07851294,-1.310828,0.5537487,-0.3730654,-0.499471,-0.5520085,
1,4,9.671,-0.06309304,0.0785165,-1.310827,0.5537398,-0.3730051,-0.4995019,-0.5520301,
1,4,9.673,-0.06309304,0.0785165,-1.310827,0.5537398,-0.3730051,-0.4995019,-0.5520301,
1,4,9.675,-0.06309304,0.0785165,-1.310827,0.5537398,-0.3730051,-0.4995019,-0.5520301,
1,4,9.677,-0.06309304,0.0785165,-1.310827,0.5537398,-0.3730051,-0.4995019,-0.5520301,
1,4,9.679,-0.06304631,0.0784873,-1.31087,0.5537928,-0.3730814,-0.499406,-0.5520123,
1,4,9.681,-0.06304631,0.0784873,-1.31087,0.5537928,-0.3730814,-0.499406,-0.5520123,
1,4,9.683,-0.06304631,0.0784873,-1.31087,0.5537928,-0.3730814,-0.499406,-0.5520123,
1,4,9.685,-0.06304631,0.0784873,-1.31087,0.5537928,-0.3730814,-0.499406,-0.5520123,
1,4,9.687,-0.06309578,0.07854149,-1.310906,0.553703,-0.373042,-0.4994549,-0.5520847,
1,4,9.689,-0.06309578,0.07854149,-1.310906,0.553703,-0.373042,-0.4994549,-0.5520847,
1,4,9.691,-0.06309578,0.07854149,-1.310906,0.553703,-0.373042,-0.4994549,-0.5520847,
1,4,9.693,-0.06309578,0.07854149,-1.310906,0.553703,-0.373042,-0.4994549,-0.5520847,
1,4,9.695,-0.06309602,0.07853781,-1.310916,0.5537138,-0.3730605,-0.4993815,-0.5521278,
1,4,9.697,-0.06309602,0.07853781,-1.310916,0.5537138,-0.3730605,-0.4993815,-0.5521278,
1,4,9.699,-0.06309602,0.07853781,-1.310916,0.5537138,-0.3730605,-0.4993815,-0.5521278,
1,4,9.701,-0.06309602,0.07853781,-1.310916,0.5537138,-0.3730605,-0.4993815,-0.5521278,
1,4,9.703,-0.06309602,0.07853781,-1.310916,0.5537138,-0.3730605,-0.4993815,-0.5521278,
1,4,9.705,-0.06311963,0.07854282,-1.310887,0.55367,-0.3730112,-0.4994533,-0.55214,
1,4,9.707,-0.06311963,0.07854282,-1.310887,0.55367,-0.3730112,-0.4994533,-0.55214,
1,4,9.709,-0.06311963,0.07854282,-1.310887,0.55367,-0.3730112,-0.4994533,-0.55214,
1,4,9.711,-0.06311963,0.07854282,-1.310887,0.55367,-0.3730112,-0.4994533,-0.55214,
1,4,9.713,-0.06307621,0.07852232,-1.31091,0.5537046,-0.3730133,-0.4994076,-0.5521454,
1,4,9.715,-0.06307621,0.07852232,-1.31091,0.5537046,-0.3730133,-0.4994076,-0.5521454,
1,4,9.717,-0.06307621,0.07852232,-1.31091,0.5537046,-0.3730133,-0.4994076,-0.5521454,
1,4,9.719,-0.06307621,0.07852232,-1.31091,0.5537046,-0.3730133,-0.4994076,-0.5521454,
1,4,9.721,-0.06307597,0.07852634,-1.310901,0.5537021,-0.3730271,-0.4993948,-0.5521502,
1,4,9.723,-0.06307597,0.07852634,-1.310901,0.5537021,-0.3730271,-0.4993948,-0.5521502,
1,4,9.725,-0.06307597,0.07852634,-1.310901,0.5537021,-0.3730271,-0.4993948,-0.5521502,
1,4,9.727,-0.06307597,0.07852634,-1.310901,0.5537021,-0.3730271,-0.4993948,-0.5521502,
1,4,9.729,-0.06307249,0.07851898,-1.310904,0.553719,-0.3730722,-0.4993511,-0.552142,
1,4,9.731,-0.06307249,0.07851898,-1.310904,0.553719,-0.3730722,-0.4993511,-0.552142,
1,4,9.733,-0.06307249,0.07851898,-1.310904,0.553719,-0.3730722,-0.4993511,-0.552142,
1,4,9.735,-0.06307249,0.07851898,-1.310904,0.553719,-0.3730722,-0.4993511,-0.552142,
1,4,9.737,-0.06307202,0.07851446,-1.310908,0.553753,-0.3731338,-0.4992987,-0.5521138,
1,4,9.739,-0.06307202,0.07851446,-1.310908,0.553753,-0.3731338,-0.4992987,-0.5521138,
1,4,9.741,-0.06307202,0.07851446,-1.310908,0.553753,-0.3731338,-0.4992987,-0.5521138,
1,4,9.743,-0.06307202,0.07851446,-1.310908,0.553753,-0.3731338,-0.4992987,-0.5521138,
1,4,9.745,-0.06309928,0.07850383,-1.310902,0.5537322,-0.3731527,-0.4993275,-0.5520958,
1,4,9.747,-0.06309928,0.07850383,-1.310902,0.5537322,-0.3731527,-0.4993275,-0.5520958,
1,4,9.749,-0.06309928,0.07850383,-1.310902,0.5537322,-0.3731527,-0.4993275,-0.5520958,
1,4,9.751,-0.06309928,0.07850383,-1.310902,0.5537322,-0.3731527,-0.4993275,-0.5520958,
1,4,9.753,-0.06309928,0.07850383,-1.310902,0.5537322,-0.3731527,-0.4993275,-0.5520958,
1,4,9.755,-0.06309333,0.07851931,-1.310887,0.5537212,-0.3731161,-0.4993447,-0.552116,
1,4,9.757,-0.06309333,0.07851931,-1.310887,0.5537212,-0.3731161,-0.4993447,-0.552116,
1,4,9.759,-0.06309333,0.07851931,-1.310887,0.5537212,-0.3731161,-0.4993447,-0.552116,
1,4,9.761,-0.06309333,0.07851931,-1.310887,0.5537212,-0.3731161,-0.4993447,-0.552116,
1,4,9.763,-0.0630878,0.07853266,-1.310886,0.5536857,-0.3730493,-0.4994036,-0.5521436,
1,4,9.765,-0.0630878,0.07853266,-1.310886,0.5536857,-0.3730493,-0.4994036,-0.5521436,
1,4,9.767,-0.0630878,0.07853266,-1.310886,0.5536857,-0.3730493,-0.4994036,-0.5521436,
1,4,9.769,-0.0630878,0.07853266,-1.310886,0.5536857,-0.3730493,-0.4994036,-0.5521436,
1,4,9.771,-0.06310947,0.0785248,-1.31088,0.553697,-0.3730951,-0.499382,-0.5521207,
1,4,9.773,-0.06310947,0.0785248,-1.31088,0.553697,-0.3730951,-0.499382,-0.5521207,
1,4,9.775,-0.06310947,0.0785248,-1.31088,0.553697,-0.3730951,-0.499382,-0.5521207,
1,4,9.777,-0.06310947,0.0785248,-1.31088,0.553697,-0.3730951,-0.499382,-0.5521207,
1,4,9.779,-0.06310067,0.07852315,-1.310876,0.5536991,-0.373087,-0.4993861,-0.5521204,
1,4,9.781,-0.06310067,0.07852315,-1.310876,0.5536991,-0.373087,-0.4993861,-0.5521204,
1,4,9.783,-0.06310067,0.07852315,-1.310876,0.5536991,-0.373087,-0.4993861,-0.5521204,
1,4,9.785,-0.06310067,0.07852315,-1.310876,0.5536991,-0.373087,-0.4993861,-0.5521204,
1,4,9.787,-0.0630814,0.07852834,-1.310894,0.553709,-0.3730544,-0.49938,-0.5521381,
1,4,9.789,-0.0630814,0.07852834,-1.310894,0.553709,-0.3730544,-0.49938,-0.5521381,
1,4,9.791,-0.0630814,0.07852834,-1.310894,0.553709,-0.3730544,-0.49938,-0.5521381,
1,4,9.793,-0.0630814,0.07852834,-1.310894,0.553709,-0.3730544,-0.49938,-0.5521381,
1,4,9.795,-0.06310094,0.07852741,-1.310881,0.5536838,-0.3730432,-0.4994144,-0.5521398,
1,4,9.797,-0.06310094,0.07852741,-1.310881,0.5536838,-0.3730432,-0.4994144,-0.5521398,
1,4,9.799,-0.06310094,0.07852741,-1.310881,0.5536838,-0.3730432,-0.4994144,-0.5521398,
1,4,9.801,-0.06310094,0.07852741,-1.310881,0.5536838,-0.3730432,-0.4994144,-0.5521398,
1,4,9.803,-0.06310094,0.07852741,-1.310881,0.5536838,-0.3730432,-0.4994144,-0.5521398,
1,4,9.805,-0.06311041,0.07851647,-1.310877,0.5536866,-0.3730533,-0.4994062,-0.5521375,
1,4,9.807,-0.06311041,0.07851647,-1.310877,0.5536866,-0.3730533,-0.4994062,-0.5521375,
1,4,9.809,-0.06311041,0.07851647,-1.310877,0.5536866,-0.3730533,-0.4994062,-0.5521375,
1,4,9.811,-0.06311041,0.07851647,-1.310877,0.5536866,-0.3730533,-0.4994062,-0.5521375,
1,4,9.813,-0.06307746,0.07852097,-1.3109,0.5536943,-0.3730565,-0.4993817,-0.5521499,
1,4,9.815,-0.06307746,0.07852097,-1.3109,0.5536943,-0.3730565,-0.4993817,-0.5521499,
1,4,9.817,-0.06307746,0.07852097,-1.3109,0.5536943,-0.3730565,-0.4993817,-0.5521499,
1,4,9.819,-0.06307746,0.07852097,-1.3109,0.5536943,-0.3730565,-0.4993817,-0.5521499,
1,4,9.821,-0.0630696,0.07847837,-1.310956,0.5536147,-0.373116,-0.4994127,-0.5521615,
1,4,9.823,-0.0630696,0.07847837,-1.310956,0.5536147,-0.373116,-0.4994127,-0.5521615,
1,4,9.825,-0.0630696,0.07847837,-1.310956,0.5536147,-0.373116,-0.4994127,-0.5521615,
1,4,9.827,-0.0630696,0.07847837,-1.310956,0.5536147,-0.373116,-0.4994127,-0.5521615,
1,4,9.829,-0.06307282,0.07847599,-1.310948,0.5535472,-0.3731149,-0.4994725,-0.5521757,
1,4,9.831,-0.06307282,0.07847599,-1.310948,0.5535472,-0.3731149,-0.4994725,-0.5521757,
1,4,9.833,-0.06307282,0.07847599,-1.310948,0.5535472,-0.3731149,-0.4994725,-0.5521757,
1,4,9.835,-0.06307282,0.07847599,-1.310948,0.5535472,-0.3731149,-0.4994725,-0.5521757,
1,4,9.837,-0.06304234,0.07849333,-1.310922,0.5535684,-0.3730638,-0.4994753,-0.5521865,
1,4,9.839,-0.06304234,0.07849333,-1.310922,0.5535684,-0.3730638,-0.4994753,-0.5521865,
1,4,9.841,-0.06304234,0.07849333,-1.310922,0.5535684,-0.3730638,-0.4994753,-0.5521865,
1,4,9.843,-0.06304234,0.07849333,-1.310922,0.5535684,-0.3730638,-0.4994753,-0.5521865,
1,4,9.845,-0.06304803,0.07850774,-1.310902,0.5535787,-0.3730359,-0.4994803,-0.5521904,
1,4,9.847,-0.06304803,0.07850774,-1.310902,0.5535787,-0.3730359,-0.4994803,-0.5521904,
1,4,9.849,-0.06304803,0.07850774,-1.310902,0.5535787,-0.3730359,-0.4994803,-0.5521904,
1,4,9.851,-0.06304803,0.07850774,-1.310902,0.5535787,-0.3730359,-0.4994803,-0.5521904,
1,4,9.853,-0.06304803,0.07850774,-1.310902,0.5535787,-0.3730359,-0.4994803,-0.5521904,
1,4,9.855,-0.06302231,0.0785171,-1.310907,0.5535894,-0.3730175,-0.4994869,-0.5521861,
1,4,9.857,-0.06302231,0.0785171,-1.310907,0.5535894,-0.3730175,-0.4994869,-0.5521861,
1,4,9.859,-0.06302231,0.0785171,-1.310907,0.5535894,-0.3730175,-0.4994869,-0.5521861,
1,4,9.861,-0.06302231,0.0785171,-1.310907,0.5535894,-0.3730175,-0.4994869,-0.5521861,
1,4,9.863,-0.0630357,0.07850764,-1.310912,0.553628,-0.37301,-0.4994515,-0.5521846,
1,4,9.865,-0.0630357,0.07850764,-1.310912,0.553628,-0.37301,-0.4994515,-0.5521846,
1,4,9.867,-0.0630357,0.07850764,-1.310912,0.553628,-0.37301,-0.4994515,-0.5521846,
1,4,9.869,-0.0630357,0.07850764,-1.310912,0.553628,-0.37301,-0.4994515,-0.5521846,
1,4,9.871,-0.06306826,0.07855462,-1.310851,0.5537074,-0.3729669,-0.4994258,-0.5521573,
1,4,9.873,-0.06306826,0.07855462,-1.310851,0.5537074,-0.3729669,-0.4994258,-0.5521573,
1,4,9.875,-0.06306826,0.07855462,-1.310851,0.5537074,-0.3729669,-0.4994258,-0.5521573,
1,4,9.877,-0.06306826,0.07855462,-1.310851,0.5537074,-0.3729669,-0.4994258,-0.5521573,
1,4,9.879,-0.06311212,0.07854132,-1.310881,0.5537574,-0.3730751,-0.4993647,-0.5520892,
1,4,9.881,-0.06311212,0.07854132,-1.310881,0.5537574,-0.3730751,-0.4993647,-0.5520892,
1,4,9.883,-0.06311212,0.07854132,-1.310881,0.5537574,-0.3730751,-0.4993647,-0.5520892,
1,4,9.885,-0.06311212,0.07854132,-1.310881,0.5537574,-0.3730751,-0.4993647,-0.5520892,
1,4,9.887,-0.06309114,0.07852729,-1.310905,0.5537549,-0.3731314,-0.4993132,-0.5521004,
1,4,9.889,-0.06309114,0.07852729,-1.310905,0.5537549,-0.3731314,-0.4993132,-0.5521004,
1,4,9.891,-0.06309114,0.07852729,-1.310905,0.5537549,-0.3731314,-0.4993132,-0.5521004,
1,4,9.893,-0.06309114,0.07852729,-1.310905,0.5537549,-0.3731314,-0.4993132,-0.5521004,
1,4,9.895,-0.06306107,0.07853176,-1.310927,0.5537499,-0.3730927,-0.499307,-0.5521372,
1,4,9.897,-0.06306107,0.07853176,-1.310927,0.5537499,-0.3730927,-0.499307,-0.5521372,
1,4,9.899,-0.06306107,0.07853176,-1.310927,0.5537499,-0.3730927,-0.499307,-0.5521372,
1,4,9.901,-0.06306107,0.07853176,-1.310927,0.5537499,-0.3730927,-0.499307,-0.5521372,
1,4,9.903,-0.06306107,0.07853176,-1.310927,0.5537499,-0.3730927,-0.499307,-0.5521372,
1,4,9.905,-0.06310163,0.07853691,-1.310892,0.5537218,-0.3730488,-0.4993709,-0.5521373,
1,4,9.907,-0.06310163,0.07853691,-1.310892,0.5537218,-0.3730488,-0.4993709,-0.5521373,
1,4,9.909,-0.06310163,0.07853691,-1.310892,0.5537218,-0.3730488,-0.4993709,-0.5521373,
1,4,9.911,-0.06310163,0.07853691,-1.310892,0.5537218,-0.3730488,-0.4993709,-0.5521373,
1,4,9.913,-0.06309652,0.07852914,-1.310897,0.5537528,-0.3730931,-0.4993106,-0.5521307,
1,4,9.915,-0.06309652,0.07852914,-1.310897,0.5537528,-0.3730931,-0.4993106,-0.5521307,
1,4,9.917,-0.06309652,0.07852914,-1.310897,0.5537528,-0.3730931,-0.4993106,-0.5521307,
1,4,9.919,-0.06309652,0.07852914,-1.310897,0.5537528,-0.3730931,-0.4993106,-0.5521307,
1,4,9.921,-0.06309532,0.07854329,-1.310897,0.55372,-0.3730529,-0.4993673,-0.5521395,
1,4,9.923,-0.06309532,0.07854329,-1.310897,0.55372,-0.3730529,-0.4993673,-0.5521395,
1,4,9.925,-0.06309532,0.07854329,-1.310897,0.55372,-0.3730529,-0.4993673,-0.5521395,
1,4,9.927,-0.06309532,0.07854329,-1.310897,0.55372,-0.3730529,-0.4993673,-0.5521395,
1,4,9.929,-0.06307904,0.07854109,-1.310892,0.5537118,-0.3730676,-0.4993756,-0.5521303,
1,4,9.931,-0.06307904,0.07854109,-1.310892,0.5537118,-0.3730676,-0.4993756,-0.5521303,
1,4,9.933,-0.06307904,0.07854109,-1.310892,0.5537118,-0.3730676,-0.4993756,-0.5521303,
1,4,9.935,-0.06307904,0.07854109,-1.310892,0.5537118,-0.3730676,-0.4993756,-0.5521303,
1,4,9.937,-0.06308679,0.07853123,-1.310886,0.5537214,-0.3730551,-0.4993747,-0.5521299,
1,4,9.939,-0.06308679,0.07853123,-1.310886,0.5537214,-0.3730551,-0.4993747,-0.5521299,
1,4,9.941,-0.06308679,0.07853123,-1.310886,0.5537214,-0.3730551,-0.4993747,-0.5521299,
1,4,9.943,-0.06308679,0.07853123,-1.310886,0.5537214,-0.3730551,-0.4993747,-0.5521299,
1,4,9.945,-0.06307904,0.07852119,-1.310902,0.5537269,-0.3730915,-0.4993464,-0.5521256,
1,4,9.947,-0.06307904,0.07852119,-1.310902,0.5537269,-0.3730915,-0.4993464,-0.5521256,
1,4,9.949,-0.06307904,0.07852119,-1.310902,0.5537269,-0.3730915,-0.4993464,-0.5521256,
1,4,9.951,-0.06307904,0.07852119,-1.310902,0.5537269,-0.3730915,-0.4993464,-0.5521256,
1,4,9.953,-0.06307904,0.07852119,-1.310902,0.5537269,-0.3730915,-0.4993464,-0.5521256,
1,4,9.955,-0.06308369,0.07853183,-1.31089,0.5537201,-0.3730676,-0.4993599,-0.5521361,
1,4,9.957,-0.06308369,0.07853183,-1.31089,0.5537201,-0.3730676,-0.4993599,-0.5521361,
1,4,9.959,-0.06308369,0.07853183,-1.31089,0.5537201,-0.3730676,-0.4993599,-0.5521361,
1,4,9.961,-0.06308369,0.07853183,-1.31089,0.5537201,-0.3730676,-0.4993599,-0.5521361,
1,4,9.963,-0.06305886,0.07851837,-1.310913,0.5537497,-0.3731384,-0.49928,-0.5521309,
1,4,9.965,-0.06305886,0.07851837,-1.310913,0.5537497,-0.3731384,-0.49928,-0.5521309,
1,4,9.967,-0.06305886,0.07851837,-1.310913,0.5537497,-0.3731384,-0.49928,-0.5521309,
1,4,9.969,-0.06305886,0.07851837,-1.310913,0.5537497,-0.3731384,-0.49928,-0.5521309,
1,4,9.971,-0.06311452,0.07853328,-1.310889,0.5536992,-0.3731096,-0.4993608,-0.5521278,
1,4,9.973,-0.06311452,0.07853328,-1.310889,0.5536992,-0.3731096,-0.4993608,-0.5521278,
1,4,9.975,-0.06311452,0.07853328,-1.310889,0.5536992,-0.3731096,-0.4993608,-0.5521278,
1,4,9.977,-0.06311452,0.07853328,-1.310889,0.5536992,-0.3731096,-0.4993608,-0.5521278,
1,4,9.979,-0.06308738,0.07854579,-1.310919,0.5537004,-0.3730795,-0.4993779,-0.5521315,
1,4,9.981,-0.06308738,0.07854579,-1.310919,0.5537004,-0.3730795,-0.4993779,-0.5521315,
1,4,9.983,-0.06308738,0.07854579,-1.310919,0.5537004,-0.3730795,-0.4993779,-0.5521315,
1,4,9.985,-0.06308738,0.07854579,-1.310919,0.5537004,-0.3730795,-0.4993779,-0.5521315,
1,4,9.987,-0.0630833,0.07853287,-1.310928,0.5537012,-0.3730808,-0.4993822,-0.552126,
1,4,9.989,-0.0630833,0.07853287,-1.310928,0.5537012,-0.3730808,-0.4993822,-0.552126,
1,4,9.991,-0.0630833,0.07853287,-1.310928,0.5537012,-0.3730808,-0.4993822,-0.552126,
1,4,9.993,-0.0630833,0.07853287,-1.310928,0.5537012,-0.3730808,-0.4993822,-0.552126,
1,4,9.995,-0.06312116,0.07851793,-1.310913,0.5536855,-0.3730907,-0.4994195,-0.5521013,
1,4,9.997,-0.06312116,0.07851793,-1.310913,0.5536855,-0.3730907,-0.4994195,-0.5521013,
1,4,9.999,-0.06312116,0.07851793,-1.310913,0.5536855,-0.3730907,-0.4994195,-0.5521013,
1,4,10.001,-0.06312116,0.07851793,-1.310913,0.5536855,-0.3730907,-0.4994195,-0.5521013,
1,4,10.003,-0.06312116,0.07851793,-1.310913,0.5536855,-0.3730907,-0.4994195,-0.5521013,
1,4,10.005,-0.06309298,0.07850433,-1.31092,0.5537267,-0.3731543,-0.4993315,-0.5520966,
1,4,10.007,-0.06309298,0.07850433,-1.31092,0.5537267,-0.3731543,-0.4993315,-0.5520966,
1,4,10.009,-0.06309298,0.07850433,-1.31092,0.5537267,-0.3731543,-0.4993315,-0.5520966,
1,4,10.011,-0.06309298,0.07850433,-1.31092,0.5537267,-0.3731543,-0.4993315,-0.5520966,
1,4,10.013,-0.06306974,0.07852831,-1.310924,0.5537349,-0.3731402,-0.4993229,-0.5521058,
1,4,10.015,-0.06306974,0.07852831,-1.310924,0.5537349,-0.3731402,-0.4993229,-0.5521058,
1,4,10.017,-0.06306974,0.07852831,-1.310924,0.5537349,-0.3731402,-0.4993229,-0.5521058,
1,4,10.019,-0.06306974,0.07852831,-1.310924,0.5537349,-0.3731402,-0.4993229,-0.5521058,
1,4,10.021,-0.06308732,0.07853977,-1.310903,0.5537245,-0.3731024,-0.4993671,-0.5521016,
1,4,10.023,-0.06308732,0.07853977,-1.310903,0.5537245,-0.3731024,-0.4993671,-0.5521016,
1,4,10.025,-0.06308732,0.07853977,-1.310903,0.5537245,-0.3731024,-0.4993671,-0.5521016,
1,4,10.027,-0.06308732,0.07853977,-1.310903,0.5537245,-0.3731024,-0.4993671,-0.5521016,
1,4,10.029,-0.06306005,0.07852888,-1.310919,0.5537501,-0.3731147,-0.4993188,-0.5521114,
1,4,10.031,-0.06306005,0.07852888,-1.310919,0.5537501,-0.3731147,-0.4993188,-0.5521114,
1,4,10.033,-0.06306005,0.07852888,-1.310919,0.5537501,-0.3731147,-0.4993188,-0.5521114,
1,4,10.035,-0.06306005,0.07852888,-1.310919,0.5537501,-0.3731147,-0.4993188,-0.5521114,
1,4,10.037,-0.06304605,0.07852566,-1.310926,0.5537553,-0.3731202,-0.4993077,-0.5521125,
1,4,10.039,-0.06304605,0.07852566,-1.310926,0.5537553,-0.3731202,-0.4993077,-0.5521125,
1,4,10.041,-0.06304605,0.07852566,-1.310926,0.5537553,-0.3731202,-0.4993077,-0.5521125,
1,4,10.043,-0.06304605,0.07852566,-1.310926,0.5537553,-0.3731202,-0.4993077,-0.5521125,
1,4,10.045,-0.06307744,0.07851354,-1.310927,0.5537298,-0.3731664,-0.499314,-0.5521013,
1,4,10.047,-0.06307744,0.07851354,-1.310927,0.5537298,-0.3731664,-0.499314,-0.5521013,
1,4,10.049,-0.06307744,0.07851354,-1.310927,0.5537298,-0.3731664,-0.499314,-0.5521013,
1,4,10.051,-0.06307744,0.07851354,-1.310927,0.5537298,-0.3731664,-0.499314,-0.5521013,
1,4,10.053,-0.06307744,0.07851354,-1.310927,0.5537298,-0.3731664,-0.499314,-0.5521013,
1,4,10.055,-0.06311269,0.07852427,-1.31093,0.5536891,-0.3731464,-0.4993832,-0.552093,
1,4,10.057,-0.06311269,0.07852427,-1.31093,0.5536891,-0.3731464,-0.4993832,-0.552093,
1,4,10.059,-0.06311269,0.07852427,-1.31093,0.5536891,-0.3731464,-0.4993832,-0.552093,
1,4,10.061,-0.06311269,0.07852427,-1.31093,0.5536891,-0.3731464,-0.4993832,-0.552093,
1,4,10.063,-0.06311342,0.07848313,-1.310957,0.5535731,-0.3731404,-0.4994939,-0.5521132,
1,4,10.065,-0.06311342,0.07848313,-1.310957,0.5535731,-0.3731404,-0.4994939,-0.5521132,
1,4,10.067,-0.06311342,0.07848313,-1.310957,0.5535731,-0.3731404,-0.4994939,-0.5521132,
1,4,10.069,-0.06311342,0.07848313,-1.310957,0.5535731,-0.3731404,-0.4994939,-0.5521132,
1,4,10.071,-0.06302366,0.07846906,-1.310991,0.5535519,-0.3731505,-0.4994364,-0.5521796,
1,4,10.073,-0.06302366,0.07846906,-1.310991,0.5535519,-0.3731505,-0.4994364,-0.5521796,
1,4,10.075,-0.06302366,0.07846906,-1.310991,0.5535519,-0.3731505,-0.4994364,-0.5521796,
1,4,10.077,-0.06302366,0.07846906,-1.310991,0.5535519,-0.3731505,-0.4994364,-0.5521796,
1,4,10.079,-0.06301256,0.07851646,-1.310917,0.5535851,-0.3730193,-0.4994881,-0.5521883,
1,4,10.081,-0.06301256,0.07851646,-1.310917,0.5535851,-0.3730193,-0.4994881,-0.5521883,
1,4,10.083,-0.06301256,0.07851646,-1.310917,0.5535851,-0.3730193,-0.4994881,-0.5521883,
1,4,10.085,-0.06301256,0.07851646,-1.310917,0.5535851,-0.3730193,-0.4994881,-0.5521883,
1,4,10.087,-0.06303012,0.07854719,-1.310971,0.553529,-0.3729799,-0.4995008,-0.5522596,
1,4,10.089,-0.06303012,0.07854719,-1.310971,0.553529,-0.3729799,-0.4995008,-0.5522596,
1,4,10.091,-0.06303012,0.07854719,-1.310971,0.553529,-0.3729799,-0.4995008,-0.5522596,
1,4,10.093,-0.06303012,0.07854719,-1.310971,0.553529,-0.3729799,-0.4995008,-0.5522596,
1,4,10.095,-0.06305152,0.07854108,-1.311008,0.5535423,-0.3729994,-0.4994587,-0.5522711,
1,4,10.097,-0.06305152,0.07854108,-1.311008,0.5535423,-0.3729994,-0.4994587,-0.5522711,
1,4,10.099,-0.06305152,0.07854108,-1.311008,0.5535423,-0.3729994,-0.4994587,-0.5522711,
1,4,10.101,-0.06305152,0.07854108,-1.311008,0.5535423,-0.3729994,-0.4994587,-0.5522711,
1,4,10.103,-0.06305152,0.07854108,-1.311008,0.5535423,-0.3729994,-0.4994587,-0.5522711,
1,4,10.105,-0.06305081,0.07851804,-1.310964,0.5535288,-0.3729923,-0.4995024,-0.5522499,
1,4,10.107,-0.06305081,0.07851804,-1.310964,0.5535288,-0.3729923,-0.4995024,-0.5522499,
1,4,10.109,-0.06305081,0.07851804,-1.310964,0.5535288,-0.3729923,-0.4995024,-0.5522499,
1,4,10.111,-0.06305081,0.07851804,-1.310964,0.5535288,-0.3729923,-0.4995024,-0.5522499,
1,4,10.113,-0.06311888,0.07853081,-1.310937,0.5534621,-0.3729684,-0.4996025,-0.5522423,
1,4,10.115,-0.06311888,0.07853081,-1.310937,0.5534621,-0.3729684,-0.4996025,-0.5522423,
1,4,10.117,-0.06311888,0.07853081,-1.310937,0.5534621,-0.3729684,-0.4996025,-0.5522423,
1,4,10.119,-0.06311888,0.07853081,-1.310937,0.5534621,-0.3729684,-0.4996025,-0.5522423,
1,4,10.121,-0.06306836,0.07853702,-1.310937,0.5535005,-0.3729406,-0.4996048,-0.5522206,
1,4,10.123,-0.06306836,0.07853702,-1.310937,0.5535005,-0.3729406,-0.4996048,-0.5522206,
1,4,10.125,-0.06306836,0.07853702,-1.310937,0.5535005,-0.3729406,-0.4996048,-0.5522206,
1,4,10.127,-0.06306836,0.07853702,-1.310937,0.5535005,-0.3729406,-0.4996048,-0.5522206,
1,4,10.129,-0.06305045,0.07851706,-1.310968,0.5535513,-0.3730133,-0.4995117,-0.5522048,
1,4,10.131,-0.06305045,0.07851706,-1.310968,0.5535513,-0.3730133,-0.4995117,-0.5522048,
1,4,10.133,-0.06305045,0.07851706,-1.310968,0.5535513,-0.3730133,-0.4995117,-0.5522048,
1,4,10.135,-0.06305045,0.07851706,-1.310968,0.5535513,-0.3730133,-0.4995117,-0.5522048,
1,4,10.137,-0.06308647,0.07851256,-1.310954,0.5535136,-0.3729934,-0.4995849,-0.5521897,
1,4,10.139,-0.06308647,0.07851256,-1.310954,0.5535136,-0.3729934,-0.4995849,-0.5521897,
1,4,10.141,-0.06308647,0.07851256,-1.310954,0.5535136,-0.3729934,-0.4995849,-0.5521897,
1,4,10.143,-0.06308647,0.07851256,-1.310954,0.5535136,-0.3729934,-0.4995849,-0.5521897,
1,4,10.145,-0.06308925,0.07851697,-1.310939,0.5535224,-0.3729905,-0.4995683,-0.552198,
1,4,10.147,-0.06308925,0.07851697,-1.310939,0.5535224,-0.3729905,-0.4995683,-0.552198,
1,4,10.149,-0.06308925,0.07851697,-1.310939,0.5535224,-0.3729905,-0.4995683,-0.552198,
1,4,10.151,-0.06308925,0.07851697,-1.310939,0.5535224,-0.3729905,-0.4995683,-0.552198,
1,4,10.153,-0.06308925,0.07851697,-1.310939,0.5535224,-0.3729905,-0.4995683,-0.552198,
1,4,10.155,-0.06307936,0.07851438,-1.310939,0.5535286,-0.3729807,-0.4995705,-0.5521964,
1,4,10.157,-0.06307936,0.07851438,-1.310939,0.5535286,-0.3729807,-0.4995705,-0.5521964,
1,4,10.159,-0.06307936,0.07851438,-1.310939,0.5535286,-0.3729807,-0.4995705,-0.5521964,
1,4,10.161,-0.06307936,0.07851438,-1.310939,0.5535286,-0.3729807,-0.4995705,-0.5521964,
1,4,10.163,-0.06302232,0.07849625,-1.310965,0.5535883,-0.3730478,-0.4994645,-0.5521871,
1,4,10.165,-0.06302232,0.07849625,-1.310965,0.5535883,-0.3730478,-0.4994645,-0.5521871,
1,4,10.167,-0.06302232,0.07849625,-1.310965,0.5535883,-0.3730478,-0.4994645,-0.5521871,
1,4,10.169,-0.06302232,0.07849625,-1.310965,0.5535883,-0.3730478,-0.4994645,-0.5521871,
1,4,10.171,-0.06298266,0.07848775,-1.310997,0.553625,-0.3730674,-0.4994013,-0.5521943,
1,4,10.173,-0.06298266,0.07848775,-1.310997,0.553625,-0.3730674,-0.4994013,-0.5521943,
1,4,10.175,-0.06298266,0.07848775,-1.310997,0.553625,-0.3730674,-0.4994013,-0.5521943,
1,4,10.177,-0.06298266,0.07848775,-1.310997,0.553625,-0.3730674,-0.4994013,-0.5521943,
1,4,10.179,-0.06304888,0.07850783,-1.310972,0.5535825,-0.3730762,-0.4994309,-0.5522043,
1,4,10.181,-0.06304888,0.07850783,-1.310972,0.5535825,-0.3730762,-0.4994309,-0.5522043,CourtEnter
1,4,10.183,-0.06304888,0.07850783,-1.310972,0.5535825,-0.3730762,-0.4994309,-0.5522043,
1,4,10.185,-0.06304888,0.07850783,-1.310972,0.5535825,-0.3730762,-0.4994309,-0.5522043,
1,4,10.187,-0.06307995,0.07852138,-1.310946,0.5535324,-0.3729935,-0.4995409,-0.5522107,
1,4,10.189,-0.06307995,0.07852138,-1.310946,0.5535324,-0.3729935,-0.4995409,-0.5522107,CourtExit
1,4,10.191,-0.06307995,0.07852138,-1.310946,0.5535324,-0.3729935,-0.4995409,-0.5522107,
1,4,10.193,-0.06307995,0.07852138,-1.310946,0.5535324,-0.3729935,-0.4995409,-0.5522107,
1,4,10.195,-0.06311749,0.07851075,-1.310926,0.5535151,-0.373024,-0.4995705,-0.5521806,
1,4,10.197,-0.06311749,0.07851075,-1.310926,0.5535151,-0.373024,-0.4995705,-0.5521806,
1,4,10.199,-0.06311749,0.07851075,-1.310926,0.5535151,-0.373024,-0.4995705,-0.5521806,
1,4,10.201,-0.06311749,0.07851075,-1.310926,0.5535151,-0.373024,-0.4995705,-0.5521806,
1,4,10.203,-0.06311749,0.07851075,-1.310926,0.5535151,-0.373024,-0.4995705,-0.5521806,
1,4,10.205,-0.06304972,0.07850617,-1.310952,0.5535436,-0.3730043,-0.499518,-0.5522129,
1,4,10.207,-0.06304972,0.07850617,-1.310952,0.5535436,-0.3730043,-0.499518,-0.5522129,
1,4,10.209,-0.06304972,0.07850617,-1.310952,0.5535436,-0.3730043,-0.499518,-0.5522129,
1,4,10.211,-0.06304972,0.07850617,-1.310952,0.5535436,-0.3730043,-0.499518,-0.5522129,
1,4,10.213,-0.0630176,0.07851052,-1.310964,0.5535645,-0.3729901,-0.4994842,-0.5522321,
1,4,10.215,-0.0630176,0.07851052,-1.310964,0.5535645,-0.3729901,-0.4994842,-0.5522321,
1,4,10.217,-0.0630176,0.07851052,-1.310964,0.5535645,-0.3729901,-0.4994842,-0.5522321,
1,4,10.219,-0.0630176,0.07851052,-1.310964,0.5535645,-0.3729901,-0.4994842,-0.5522321,
1,4,10.221,-0.06299347,0.07852724,-1.310971,0.553578,-0.3729402,-0.4994767,-0.5522592,
1,4,10.223,-0.06299347,0.07852724,-1.310971,0.553578,-0.3729402,-0.4994767,-0.5522592,
1,4,10.225,-0.06299347,0.07852724,-1.310971,0.553578,-0.3729402,-0.4994767,-0.5522592,
1,4,10.227,-0.06299347,0.07852724,-1.310971,0.553578,-0.3729402,-0.4994767,-0.5522592,
1,4,10.229,-0.06302038,0.07851178,-1.310963,0.5535799,-0.3729455,-0.4994775,-0.5522529,
1,4,10.231,-0.06302038,0.07851178,-1.310963,0.5535799,-0.3729455,-0.4994775,-0.5522529,
1,4,10.233,-0.06302038,0.07851178,-1.310963,0.5535799,-0.3729455,-0.4994775,-0.5522529,
1,4,10.235,-0.06302038,0.07851178,-1.310963,0.5535799,-0.3729455,-0.4994775,-0.5522529,
1,4,10.237,-0.06307426,0.07851316,-1.310954,0.5535552,-0.3729771,-0.4995175,-0.55222,
1,4,10.239,-0.06307426,0.07851316,-1.310954,0.5535552,-0.3729771,-0.4995175,-0.55222,
1,4,10.241,-0.06307426,0.07851316,-1.310954,0.5535552,-0.3729771,-0.4995175,-0.55222,
1,4,10.243,-0.06307426,0.07851316,-1.310954,0.5535552,-0.3729771,-0.4995175,-0.55222,
1,4,10.245,-0.06312446,0.07852271,-1.310967,0.5536008,-0.373078,-0.4994341,-0.5521817,
1,4,10.247,-0.06312446,0.07852271,-1.310967,0.5536008,-0.373078,-0.4994341,-0.5521817,
1,4,10.249,-0.06312446,0.07852271,-1.310967,0.5536008,-0.373078,-0.4994341,-0.5521817,
1,4,10.251,-0.06312446,0.07852271,-1.310967,0.5536008,-0.373078,-0.4994341,-0.5521817,
1,4,10.253,-0.06312446,0.07852271,-1.310967,0.5536008,-0.373078,-0.4994341,-0.5521817,
1,4,10.255,-0.06309374,0.07853539,-1.310974,0.5536802,-0.3731623,-0.4993199,-0.5521484,
1,4,10.257,-0.06309374,0.07853539,-1.310974,0.5536802,-0.3731623,-0.4993199,-0.5521484,
1,4,10.259,-0.06309374,0.07853539,-1.310974,0.5536802,-0.3731623,-0.4993199,-0.5521484,
1,4,10.261,-0.06309374,0.07853539,-1.310974,0.5536802,-0.3731623,-0.4993199,-0.5521484,
1,4,10.263,-0.06311616,0.07853796,-1.310952,0.5536683,-0.3731523,-0.4993523,-0.5521377,
1,4,10.265,-0.06311616,0.07853796,-1.310952,0.5536683,-0.3731523,-0.4993523,-0.5521377,
1,4,10.267,-0.06311616,0.07853796,-1.310952,0.5536683,-0.3731523,-0.4993523,-0.5521377,
1,4,10.269,-0.06311616,0.07853796,-1.310952,0.5536683,-0.3731523,-0.4993523,-0.5521377,
1,4,10.271,-0.06309685,0.07851876,-1.310965,0.5537097,-0.3732361,-0.4992737,-0.5521107,
1,4,10.273,-0.06309685,0.07851876,-1.310965,0.5537097,-0.3732361,-0.4992737,-0.5521107,
1,4,10.275,-0.06309685,0.07851876,-1.310965,0.5537097,-0.3732361,-0.4992737,-0.5521107,
1,4,10.277,-0.06309685,0.07851876,-1.310965,0.5537097,-0.3732361,-0.4992737,-0.5521107,
1,4,10.279,-0.06314564,0.0785394,-1.310927,0.553654,-0.3731868,-0.4993616,-0.5521203,
1,4,10.281,-0.06314564,0.0785394,-1.310927,0.553654,-0.3731868,-0.4993616,-0.5521203,
1,4,10.283,-0.06314564,0.0785394,-1.310927,0.553654,-0.3731868,-0.4993616,-0.5521203,
1,4,10.285,-0.06314564,0.0785394,-1.310927,0.553654,-0.3731868,-0.4993616,-0.5521203,
1,4,10.287,-0.06318724,0.0785455,-1.310931,0.5536119,-0.3731994,-0.4994305,-0.5520917,
1,4,10.289,-0.06318724,0.0785455,-1.310931,0.5536119,-0.3731994,-0.4994305,-0.5520917,
1,4,10.291,-0.06318724,0.0785455,-1.310931,0.5536119,-0.3731994,-0.4994305,-0.5520917,
1,4,10.293,-0.06318724,0.0785455,-1.310931,0.5536119,-0.3731994,-0.4994305,-0.5520917,
1,4,10.295,-0.06310214,0.07854088,-1.310946,0.5536626,-0.3731664,-0.4993646,-0.5521227,
1,4,10.297,-0.06310214,0.07854088,-1.310946,0.5536626,-0.3731664,-0.4993646,-0.5521227,
1,4,10.299,-0.06310214,0.07854088,-1.310946,0.5536626,-0.3731664,-0.4993646,-0.5521227,
1,4,10.301,-0.06310214,0.07854088,-1.310946,0.5536626,-0.3731664,-0.4993646,-0.5521227,
1,4,10.303,-0.06310214,0.07854088,-1.310946,0.5536626,-0.3731664,-0.4993646,-0.5521227,
1,4,10.305,-0.06309883,0.07851689,-1.310962,0.553694,-0.3732573,-0.4993017,-0.5520868,
1,4,10.307,-0.06309883,0.07851689,-1.310962,0.553694,-0.3732573,-0.4993017,-0.5520868,
1,4,10.309,-0.06309883,0.07851689,-1.310962,0.553694,-0.3732573,-0.4993017,-0.5520868,
1,4,10.311,-0.06309883,0.07851689,-1.310962,0.553694,-0.3732573,-0.4993017,-0.5520868,
1,4,10.313,-0.06307764,0.07852326,-1.310963,0.5537068,-0.3732311,-0.4992823,-0.5521091,
1,4,10.315,-0.06307764,0.07852326,-1.310963,0.5537068,-0.3732311,-0.4992823,-0.5521091,
1,4,10.317,-0.06307764,0.07852326,-1.310963,0.5537068,-0.3732311,-0.4992823,-0.5521091,
1,4,10.319,-0.06307764,0.07852326,-1.310963,0.5537068,-0.3732311,-0.4992823,-0.5521091,
1,4,10.321,-0.06313132,0.07855321,-1.310936,0.5536575,-0.3731509,-0.4993812,-0.5521232,
1,4,10.323,-0.06313132,0.07855321,-1.310936,0.5536575,-0.3731509,-0.4993812,-0.5521232,
1,4,10.325,-0.06313132,0.07855321,-1.310936,0.5536575,-0.3731509,-0.4993812,-0.5521232,
1,4,10.327,-0.06313132,0.07855321,-1.310936,0.5536575,-0.3731509,-0.4993812,-0.5521232,
1,4,10.329,-0.06312472,0.07853764,-1.310929,0.5536323,-0.373118,-0.4994185,-0.5521372,
1,4,10.331,-0.06312472,0.07853764,-1.310929,0.5536323,-0.373118,-0.4994185,-0.5521372,
1,4,10.333,-0.06312472,0.07853764,-1.310929,0.5536323,-0.373118,-0.4994185,-0.5521372,
1,4,10.335,-0.06312472,0.07853764,-1.310929,0.5536323,-0.373118,-0.4994185,-0.5521372,
1,4,10.337,-0.06308873,0.07852527,-1.310951,0.5536662,-0.373154,-0.4993489,-0.5521419,
1,4,10.339,-0.06308873,0.07852527,-1.310951,0.5536662,-0.373154,-0.4993489,-0.5521419,
1,4,10.341,-0.06308873,0.07852527,-1.310951,0.5536662,-0.373154,-0.4993489,-0.5521419,
1,4,10.343,-0.06308873,0.07852527,-1.310951,0.5536662,-0.373154,-0.4993489,-0.5521419,
1,4,10.345,-0.06315496,0.07853808,-1.310946,0.553615,-0.3731485,-0.4994467,-0.5521084,
1,4,10.347,-0.06315496,0.07853808,-1.310946,0.553615,-0.3731485,-0.4994467,-0.5521084,
1,4,10.349,-0.06315496,0.07853808,-1.310946,0.553615,-0.3731485,-0.4994467,-0.5521084,
1,4,10.351,-0.06315496,0.07853808,-1.310946,0.553615,-0.3731485,-0.4994467,-0.5521084,
1,4,10.353,-0.06315496,0.07853808,-1.310946,0.553615,-0.3731485,-0.4994467,-0.5521084,
1,4,10.355,-0.06315216,0.07854063,-1.310942,0.5536005,-0.3731748,-0.4994562,-0.5520965,
1,4,10.357,-0.06315216,0.07854063,-1.310942,0.5536005,-0.3731748,-0.4994562,-0.5520965,
1,4,10.359,-0.06315216,0.07854063,-1.310942,0.5536005,-0.3731748,-0.4994562,-0.5520965,
1,4,10.361,-0.06315216,0.07854063,-1.310942,0.5536005,-0.3731748,-0.4994562,-0.5520965,
1,4,10.363,-0.06310422,0.07852001,-1.310967,0.5536763,-0.3732077,-0.4993408,-0.5521026,
1,4,10.365,-0.06310422,0.07852001,-1.310967,0.5536763,-0.3732077,-0.4993408,-0.5521026,
1,4,10.367,-0.06310422,0.07852001,-1.310967,0.5536763,-0.3732077,-0.4993408,-0.5521026,
1,4,10.369,-0.06310422,0.07852001,-1.310967,0.5536763,-0.3732077,-0.4993408,-0.5521026,
1,4,10.371,-0.0630711,0.07853875,-1.310964,0.5536869,-0.3731559,-0.4993478,-0.5521208,
1,4,10.373,-0.0630711,0.07853875,-1.310964,0.5536869,-0.3731559,-0.4993478,-0.5521208,
1,4,10.375,-0.0630711,0.07853875,-1.310964,0.5536869,-0.3731559,-0.4993478,-0.5521208,
1,4,10.377,-0.0630711,0.07853875,-1.310964,0.5536869,-0.3731559,-0.4993478,-0.5521208,
1,4,10.379,-0.0630875,0.07853228,-1.310959,0.5536855,-0.3731624,-0.4993376,-0.552127,
1,4,10.381,-0.0630875,0.07853228,-1.310959,0.5536855,-0.3731624,-0.4993376,-0.552127,
1,4,10.383,-0.0630875,0.07853228,-1.310959,0.5536855,-0.3731624,-0.4993376,-0.552127,
1,4,10.385,-0.0630875,0.07853228,-1.310959,0.5536855,-0.3731624,-0.4993376,-0.552127,
1,4,10.387,-0.06312611,0.07853972,-1.310949,0.5536383,-0.3731351,-0.4993966,-0.5521393,
1,4,10.389,-0.06312611,0.07853972,-1.310949,0.5536383,-0.3731351,-0.4993966,-0.5521393,
1,4,10.391,-0.06312611,0.07853972,-1.310949,0.5536383,-0.3731351,-0.4993966,-0.5521393,
1,4,10.393,-0.06312611,0.07853972,-1.310949,0.5536383,-0.3731351,-0.4993966,-0.5521393,
1,4,10.395,-0.06314477,0.07852877,-1.310944,0.5536426,-0.3732013,-0.4994028,-0.5520848,
1,4,10.397,-0.06314477,0.07852877,-1.310944,0.5536426,-0.3732013,-0.4994028,-0.5520848,
1,4,10.399,-0.06314477,0.07852877,-1.310944,0.5536426,-0.3732013,-0.4994028,-0.5520848,
1,4,10.401,-0.06314477,0.07852877,-1.310944,0.5536426,-0.3732013,-0.4994028,-0.5520848,
1,4,10.403,-0.06314477,0.07852877,-1.310944,0.5536426,-0.3732013,-0.4994028,-0.5520848,
1,4,10.405,-0.06313353,0.07854106,-1.310935,0.5536327,-0.3731667,-0.4994128,-0.5521091,
1,4,10.407,-0.06313353,0.07854106,-1.310935,0.5536327,-0.3731667,-0.4994128,-0.5521091,
1,4,10.409,-0.06313353,0.07854106,-1.310935,0.5536327,-0.3731667,-0.4994128,-0.5521091,
1,4,10.411,-0.06313353,0.07854106,-1.310935,0.5536327,-0.3731667,-0.4994128,-0.5521091,
1,4,10.413,-0.06308722,0.07853643,-1.310953,0.5536825,-0.3731307,-0.4993729,-0.5521194,
1,4,10.415,-0.06308722,0.07853643,-1.310953,0.5536825,-0.3731307,-0.4993729,-0.5521194,
1,4,10.417,-0.06308722,0.07853643,-1.310953,0.5536825,-0.3731307,-0.4993729,-0.5521194,
1,4,10.419,-0.06308722,0.07853643,-1.310953,0.5536825,-0.3731307,-0.4993729,-0.5521194,
1,4,10.421,-0.06311466,0.07851718,-1.310958,0.5536674,-0.3732248,-0.4993294,-0.5521104,
1,4,10.423,-0.06311466,0.07851718,-1.310958,0.5536674,-0.3732248,-0.4993294,-0.5521104,
1,4,10.425,-0.06311466,0.07851718,-1.310958,0.5536674,-0.3732248,-0.4993294,-0.5521104,
1,4,10.427,-0.06311466,0.07851718,-1.310958,0.5536674,-0.3732248,-0.4993294,-0.5521104,
1,4,10.429,-0.06312863,0.07852332,-1.310944,0.5536459,-0.3731922,-0.4993713,-0.5521161,
1,4,10.431,-0.06312863,0.07852332,-1.310944,0.5536459,-0.3731922,-0.4993713,-0.5521161,
1,4,10.433,-0.06312863,0.07852332,-1.310944,0.5536459,-0.3731922,-0.4993713,-0.5521161,
1,4,10.435,-0.06312863,0.07852332,-1.310944,0.5536459,-0.3731922,-0.4993713,-0.5521161,
1,4,10.437,-0.06311454,0.07853759,-1.310943,0.5536432,-0.3731503,-0.4993929,-0.5521276,
1,4,10.439,-0.06311454,0.07853759,-1.310943,0.5536432,-0.3731503,-0.4993929,-0.5521276,
1,4,10.441,-0.06311454,0.07853759,-1.310943,0.5536432,-0.3731503,-0.4993929,-0.5521276,
1,4,10.443,-0.06311454,0.07853759,-1.310943,0.5536432,-0.3731503,-0.4993929,-0.5521276,
1,4,10.445,-0.06311063,0.07852897,-1.310953,0.5536526,-0.3731747,-0.4993776,-0.5521154,
1,4,10.447,-0.06311063,0.07852897,-1.310953,0.5536526,-0.3731747,-0.4993776,-0.5521154,
1,4,10.449,-0.06311063,0.07852897,-1.310953,0.5536526,-0.3731747,-0.4993776,-0.5521154,
1,4,10.451,-0.06311063,0.07852897,-1.310953,0.5536526,-0.3731747,-0.4993776,-0.5521154,
1,4,10.453,-0.06311063,0.07852897,-1.310953,0.5536526,-0.3731747,-0.4993776,-0.5521154,
1,4,10.455,-0.06309363,0.07853928,-1.310948,0.5536695,-0.3731515,-0.4993492,-0.5521398,
1,4,10.457,-0.06309363,0.07853928,-1.310948,0.5536695,-0.3731515,-0.4993492,-0.5521398,
1,4,10.459,-0.06309363,0.07853928,-1.310948,0.5536695,-0.3731515,-0.4993492,-0.5521398,
1,4,10.461,-0.06309363,0.07853928,-1.310948,0.5536695,-0.3731515,-0.4993492,-0.5521398,
1,4,10.463,-0.06308918,0.07853572,-1.310948,0.5536801,-0.3731441,-0.4993399,-0.5521426,
1,4,10.465,-0.06308918,0.07853572,-1.310948,0.5536801,-0.3731441,-0.4993399,-0.5521426,
1,4,10.467,-0.06308918,0.07853572,-1.310948,0.5536801,-0.3731441,-0.4993399,-0.5521426,
1,4,10.469,-0.06308918,0.07853572,-1.310948,0.5536801,-0.3731441,-0.4993399,-0.5521426,
1,4,10.471,-0.06312361,0.07853902,-1.310926,0.5536464,-0.3731191,-0.4993967,-0.5521419,
1,4,10.473,-0.06312361,0.07853902,-1.310926,0.5536464,-0.3731191,-0.4993967,-0.5521419,
1,4,10.475,-0.06312361,0.07853902,-1.310926,0.5536464,-0.3731191,-0.4993967,-0.5521419,
1,4,10.477,-0.06312361,0.07853902,-1.310926,0.5536464,-0.3731191,-0.4993967,-0.5521419,
1,4,10.479,-0.06311327,0.07854465,-1.310937,0.5536317,-0.3730895,-0.4994387,-0.5521387,
1,4,10.481,-0.06311327,0.07854465,-1.310937,0.5536317,-0.3730895,-0.4994387,-0.5521387,
1,4,10.483,-0.06311327,0.07854465,-1.310937,0.5536317,-0.3730895,-0.4994387,-0.5521387,
1,4,10.485,-0.06311327,0.07854465,-1.310937,0.5536317,-0.3730895,-0.4994387,-0.5521387,
1,4,10.487,-0.06313048,0.07855093,-1.310933,0.5536141,-0.3730871,-0.499483,-0.5521179,
1,4,10.489,-0.06313048,0.07855093,-1.310933,0.5536141,-0.3730871,-0.499483,-0.5521179,
1,4,10.491,-0.06313048,0.07855093,-1.310933,0.5536141,-0.3730871,-0.499483,-0.5521179,
1,4,10.493,-0.06313048,0.07855093,-1.310933,0.5536141,-0.3730871,-0.499483,-0.5521179,
1,4,10.495,-0.06309344,0.078523,-1.310953,0.5536914,-0.3731959,-0.4993521,-0.5520853,
1,4,10.497,-0.06309344,0.078523,-1.310953,0.5536914,-0.3731959,-0.4993521,-0.5520853,
1,4,10.499,-0.06309344,0.078523,-1.310953,0.5536914,-0.3731959,-0.4993521,-0.5520853,
1,4,10.501,-0.06309344,0.078523,-1.310953,0.5536914,-0.3731959,-0.4993521,-0.5520853,
1,4,10.503,-0.06309344,0.078523,-1.310953,0.5536914,-0.3731959,-0.4993521,-0.5520853,
1,4,10.505,-0.06315103,0.07854086,-1.310945,0.5536364,-0.3732176,-0.4994147,-0.5520692,
1,4,10.507,-0.06315103,0.07854086,-1.310945,0.5536364,-0.3732176,-0.4994147,-0.5520692,
1,4,10.509,-0.06315103,0.07854086,-1.310945,0.5536364,-0.3732176,-0.4994147,-0.5520692,
1,4,10.511,-0.06315103,0.07854086,-1.310945,0.5536364,-0.3732176,-0.4994147,-0.5520692,
1,4,10.513,-0.06314617,0.07852376,-1.310934,0.5536434,-0.3732424,-0.4993889,-0.5520687,
1,4,10.515,-0.06314617,0.07852376,-1.310934,0.5536434,-0.3732424,-0.4993889,-0.5520687,
1,4,10.517,-0.06314617,0.07852376,-1.310934,0.5536434,-0.3732424,-0.4993889,-0.5520687,
1,4,10.519,-0.06314617,0.07852376,-1.310934,0.5536434,-0.3732424,-0.4993889,-0.5520687,
1,4,10.521,-0.06311484,0.07854746,-1.310949,0.5536478,-0.3731636,-0.4994074,-0.552101,
1,4,10.523,-0.06311484,0.07854746,-1.310949,0.5536478,-0.3731636,-0.4994074,-0.552101,
1,4,10.525,-0.06311484,0.07854746,-1.310949,0.5536478,-0.3731636,-0.4994074,-0.552101,
1,4,10.527,-0.06311484,0.07854746,-1.310949,0.5536478,-0.3731636,-0.4994074,-0.552101,
1,4,10.529,-0.06315004,0.07854602,-1.310947,0.5536062,-0.3731706,-0.4994533,-0.5520964,
1,4,10.531,-0.06315004,0.07854602,-1.310947,0.5536062,-0.3731706,-0.4994533,-0.5520964,
1,4,10.533,-0.06315004,0.07854602,-1.310947,0.5536062,-0.3731706,-0.4994533,-0.5520964,
1,4,10.535,-0.06315004,0.07854602,-1.310947,0.5536062,-0.3731706,-0.4994533,-0.5520964,
1,4,10.537,-0.06310412,0.07853792,-1.310951,0.5536581,-0.3731899,-0.4993635,-0.5521126,
1,4,10.539,-0.06310412,0.07853792,-1.310951,0.5536581,-0.3731899,-0.4993635,-0.5521126,
1,4,10.541,-0.06310412,0.07853792,-1.310951,0.5536581,-0.3731899,-0.4993635,-0.5521126,
1,4,10.543,-0.06310412,0.07853792,-1.310951,0.5536581,-0.3731899,-0.4993635,-0.5521126,
1,4,10.545,-0.06306834,0.07852528,-1.310966,0.5536909,-0.3732268,-0.4992922,-0.552119,
1,4,10.547,-0.06306834,0.07852528,-1.310966,0.5536909,-0.3732268,-0.4992922,-0.552119,
1,4,10.549,-0.06306834,0.07852528,-1.310966,0.5536909,-0.3732268,-0.4992922,-0.552119,
1,4,10.551,-0.06306834,0.07852528,-1.310966,0.5536909,-0.3732268,-0.4992922,-0.552119,
1,4,10.553,-0.06306834,0.07852528,-1.310966,0.5536909,-0.3732268,-0.4992922,-0.552119,
1,4,10.555,-0.06311519,0.07852716,-1.310946,0.5536525,-0.3732271,-0.4993398,-0.5521144,
1,4,10.557,-0.06311519,0.07852716,-1.310946,0.5536525,-0.3732271,-0.4993398,-0.5521144,
1,4,10.559,-0.06311519,0.07852716,-1.310946,0.5536525,-0.3732271,-0.4993398,-0.5521144,
1,4,10.561,-0.06311519,0.07852716,-1.310946,0.5536525,-0.3732271,-0.4993398,-0.5521144,
1,4,10.563,-0.06309064,0.07853158,-1.310959,0.553694,-0.3732277,-0.4992953,-0.5521126,
1,4,10.565,-0.06309064,0.07853158,-1.310959,0.553694,-0.3732277,-0.4992953,-0.5521126,
1,4,10.567,-0.06309064,0.07853158,-1.310959,0.553694,-0.3732277,-0.4992953,-0.5521126,
1,4,10.569,-0.06309064,0.07853158,-1.310959,0.553694,-0.3732277,-0.4992953,-0.5521126,
1,4,10.571,-0.06316776,0.07854263,-1.310936,0.5536368,-0.3732053,-0.4993894,-0.5521001,
1,4,10.573,-0.06316776,0.07854263,-1.310936,0.5536368,-0.3732053,-0.4993894,-0.5521001,
1,4,10.575,-0.06316776,0.07854263,-1.310936,0.5536368,-0.3732053,-0.4993894,-0.5521001,
1,4,10.577,-0.06316776,0.07854263,-1.310936,0.5536368,-0.3732053,-0.4993894,-0.5521001,
1,4,10.579,-0.06315866,0.07854503,-1.310936,0.5536004,-0.3731562,-0.499446,-0.5521185,
1,4,10.581,-0.06315866,0.07854503,-1.310936,0.5536004,-0.3731562,-0.499446,-0.5521185,
1,4,10.583,-0.06315866,0.07854503,-1.310936,0.5536004,-0.3731562,-0.499446,-0.5521185,
1,4,10.585,-0.06315866,0.07854503,-1.310936,0.5536004,-0.3731562,-0.499446,-0.5521185,
1,4,10.587,-0.06310484,0.07852008,-1.310963,0.5536757,-0.3732216,-0.4993253,-0.5521079,
1,4,10.589,-0.06310484,0.07852008,-1.310963,0.5536757,-0.3732216,-0.4993253,-0.5521079,
1,4,10.591,-0.06310484,0.07852008,-1.310963,0.5536757,-0.3732216,-0.4993253,-0.5521079,
1,4,10.593,-0.06310484,0.07852008,-1.310963,0.5536757,-0.3732216,-0.4993253,-0.5521079,
1,4,10.595,-0.06314763,0.07853677,-1.310945,0.553618,-0.3732145,-0.4993993,-0.5521036,
1,4,10.597,-0.06314763,0.07853677,-1.310945,0.553618,-0.3732145,-0.4993993,-0.5521036,
1,4,10.599,-0.06314763,0.07853677,-1.310945,0.553618,-0.3732145,-0.4993993,-0.5521036,
1,4,10.601,-0.06314763,0.07853677,-1.310945,0.553618,-0.3732145,-0.4993993,-0.5521036,
1,4,10.603,-0.06314763,0.07853677,-1.310945,0.553618,-0.3732145,-0.4993993,-0.5521036,
1,4,10.605,-0.06311385,0.0785249,-1.310948,0.5536693,-0.3732215,-0.4993485,-0.5520934,
1,4,10.607,-0.06311385,0.0785249,-1.310948,0.5536693,-0.3732215,-0.4993485,-0.5520934,
1,4,10.609,-0.06311385,0.0785249,-1.310948,0.5536693,-0.3732215,-0.4993485,-0.5520934,
1,4,10.611,-0.06311385,0.0785249,-1.310948,0.5536693,-0.3732215,-0.4993485,-0.5520934,
1,4,10.613,-0.06308536,0.0785365,-1.310949,0.5536723,-0.3731617,-0.4993656,-0.5521154,
1,4,10.615,-0.06308536,0.0785365,-1.310949,0.5536723,-0.3731617,-0.4993656,-0.5521154,
1,4,10.617,-0.06308536,0.0785365,-1.310949,0.5536723,-0.3731617,-0.4993656,-0.5521154,
1,4,10.619,-0.06308536,0.0785365,-1.310949,0.5536723,-0.3731617,-0.4993656,-0.5521154,
1,4,10.621,-0.06311885,0.07854648,-1.310944,0.5536729,-0.3731679,-0.4993672,-0.5521091,
1,4,10.623,-0.06311885,0.07854648,-1.310944,0.5536729,-0.3731679,-0.4993672,-0.5521091,
1,4,10.625,-0.06311885,0.07854648,-1.310944,0.5536729,-0.3731679,-0.4993672,-0.5521091,
1,4,10.627,-0.06311885,0.07854648,-1.310944,0.5536729,-0.3731679,-0.4993672,-0.5521091,
1,4,10.629,-0.06310931,0.07853211,-1.310955,0.5536723,-0.3731577,-0.499366,-0.5521176,
1,4,10.631,-0.06310931,0.07853211,-1.310955,0.5536723,-0.3731577,-0.499366,-0.5521176,
1,4,10.633,-0.06310931,0.07853211,-1.310955,0.5536723,-0.3731577,-0.499366,-0.5521176,
1,4,10.635,-0.06310931,0.07853211,-1.310955,0.5536723,-0.3731577,-0.499366,-0.5521176,
1,4,10.637,-0.06309337,0.07852055,-1.310969,0.5537125,-0.3732122,-0.4992906,-0.5521089,
1,4,10.639,-0.06309337,0.07852055,-1.310969,0.5537125,-0.3732122,-0.4992906,-0.5521089,
1,4,10.641,-0.06309337,0.07852055,-1.310969,0.5537125,-0.3732122,-0.4992906,-0.5521089,
1,4,10.643,-0.06309337,0.07852055,-1.310969,0.5537125,-0.3732122,-0.4992906,-0.5521089,
1,4,10.645,-0.06310399,0.07854582,-1.310957,0.5536755,-0.3731568,-0.4993339,-0.5521442,
1,4,10.647,-0.06310399,0.07854582,-1.310957,0.5536755,-0.3731568,-0.4993339,-0.5521442,
1,4,10.649,-0.06310399,0.07854582,-1.310957,0.5536755,-0.3731568,-0.4993339,-0.5521442,
1,4,10.651,-0.06310399,0.07854582,-1.310957,0.5536755,-0.3731568,-0.4993339,-0.5521442,
1,4,10.653,-0.06310399,0.07854582,-1.310957,0.5536755,-0.3731568,-0.4993339,-0.5521442,
1,4,10.655,-0.06311499,0.07855115,-1.310934,0.5536494,-0.3730799,-0.4994065,-0.5521566,
1,4,10.657,-0.06311499,0.07855115,-1.310934,0.5536494,-0.3730799,-0.4994065,-0.5521566,
1,4,10.659,-0.06311499,0.07855115,-1.310934,0.5536494,-0.3730799,-0.4994065,-0.5521566,
1,4,10.661,-0.06311499,0.07855115,-1.310934,0.5536494,-0.3730799,-0.4994065,-0.5521566,
1,4,10.663,-0.06309691,0.07852952,-1.310946,0.5536886,-0.3731285,-0.4993592,-0.5521272,
1,4,10.665,-0.06309691,0.07852952,-1.310946,0.5536886,-0.3731285,-0.4993592,-0.5521272,
1,4,10.667,-0.06309691,0.07852952,-1.310946,0.5536886,-0.3731285,-0.4993592,-0.5521272,
1,4,10.669,-0.06309691,0.07852952,-1.310946,0.5536886,-0.3731285,-0.4993592,-0.5521272,
1,4,10.671,-0.0631018,0.0785319,-1.310957,0.5537066,-0.3732086,-0.4992892,-0.5521183,
1,4,10.673,-0.0631018,0.0785319,-1.310957,0.5537066,-0.3732086,-0.4992892,-0.5521183,
1,4,10.675,-0.0631018,0.0785319,-1.310957,0.5537066,-0.3732086,-0.4992892,-0.5521183,
1,4,10.677,-0.0631018,0.0785319,-1.310957,0.5537066,-0.3732086,-0.4992892,-0.5521183,
1,4,10.679,-0.06309429,0.07853087,-1.310959,0.5537139,-0.3732255,-0.4992686,-0.5521182,
1,4,10.681,-0.06309429,0.07853087,-1.310959,0.5537139,-0.3732255,-0.4992686,-0.5521182,
1,4,10.683,-0.06309429,0.07853087,-1.310959,0.5537139,-0.3732255,-0.4992686,-0.5521182,
1,4,10.685,-0.06309429,0.07853087,-1.310959,0.5537139,-0.3732255,-0.4992686,-0.5521182,
1,4,10.687,-0.06312401,0.07852529,-1.310966,0.553694,-0.3732694,-0.4992763,-0.5521016,
1,4,10.689,-0.06312401,0.07852529,-1.310966,0.553694,-0.3732694,-0.4992763,-0.5521016,
1,4,10.691,-0.06312401,0.07852529,-1.310966,0.553694,-0.3732694,-0.4992763,-0.5521016,
1,4,10.693,-0.06312401,0.07852529,-1.310966,0.553694,-0.3732694,-0.4992763,-0.5521016,
1,4,10.695,-0.06313673,0.07853974,-1.310943,0.5536453,-0.3731824,-0.4993871,-0.5521089,
1,4,10.697,-0.06313673,0.07853974,-1.310943,0.5536453,-0.3731824,-0.4993871,-0.5521089,
1,4,10.699,-0.06313673,0.07853974,-1.310943,0.5536453,-0.3731824,-0.4993871,-0.5521089,
1,4,10.701,-0.06313673,0.07853974,-1.310943,0.5536453,-0.3731824,-0.4993871,-0.5521089,
1,4,10.703,-0.06313673,0.07853974,-1.310943,0.5536453,-0.3731824,-0.4993871,-0.5521089,
1,4,10.705,-0.0631428,0.07853705,-1.310946,0.5536468,-0.3731945,-0.499393,-0.552094,
1,4,10.707,-0.0631428,0.07853705,-1.310946,0.5536468,-0.3731945,-0.499393,-0.552094,
1,4,10.709,-0.0631428,0.07853705,-1.310946,0.5536468,-0.3731945,-0.499393,-0.552094,
1,4,10.711,-0.0631428,0.07853705,-1.310946,0.5536468,-0.3731945,-0.499393,-0.552094,
1,4,10.713,-0.06317067,0.07853924,-1.310937,0.5536242,-0.3731876,-0.4994454,-0.5520739,
1,4,10.715,-0.06317067,0.07853924,-1.310937,0.5536242,-0.3731876,-0.4994454,-0.5520739,
1,4,10.717,-0.06317067,0.07853924,-1.310937,0.5536242,-0.3731876,-0.4994454,-0.5520739,
1,4,10.719,-0.06317067,0.07853924,-1.310937,0.5536242,-0.3731876,-0.4994454,-0.5520739,
1,4,10.721,-0.06311601,0.07851963,-1.310947,0.5536733,-0.3732497,-0.4993421,-0.5520761,
1,4,10.723,-0.06311601,0.07851963,-1.310947,0.5536733,-0.3732497,-0.4993421,-0.5520761,
1,4,10.725,-0.06311601,0.07851963,-1.310947,0.5536733,-0.3732497,-0.4993421,-0.5520761,
1,4,10.727,-0.06311601,0.07851963,-1.310947,0.5536733,-0.3732497,-0.4993421,-0.5520761,
1,4,10.729,-0.06307674,0.07855237,-1.310952,0.5536987,-0.3731744,-0.4993057,-0.5521343,
1,4,10.731,-0.06307674,0.07855237,-1.310952,0.5536987,-0.3731744,-0.4993057,-0.5521343,
1,4,10.733,-0.06307674,0.07855237,-1.310952,0.5536987,-0.3731744,-0.4993057,-0.5521343,
1,4,10.735,-0.06307674,0.07855237,-1.310952,0.5536987,-0.3731744,-0.4993057,-0.5521343,
1,4,10.737,-0.06306571,0.07855254,-1.310951,0.5537005,-0.3731465,-0.4992949,-0.5521612,
1,4,10.739,-0.06306571,0.07855254,-1.310951,0.5537005,-0.3731465,-0.4992949,-0.5521612,
1,4,10.741,-0.06306571,0.07855254,-1.310951,0.5537005,-0.3731465,-0.4992949,-0.5521612,
1,4,10.743,-0.06306571,0.07855254,-1.310951,0.5537005,-0.3731465,-0.4992949,-0.5521612,
1,4,10.745,-0.06311894,0.07854332,-1.310941,0.5536448,-0.3731086,-0.4993866,-0.5521598,
1,4,10.747,-0.06311894,0.07854332,-1.310941,0.5536448,-0.3731086,-0.4993866,-0.5521598,
1,4,10.749,-0.06311894,0.07854332,-1.310941,0.5536448,-0.3731086,-0.4993866,-0.5521598,
1,4,10.751,-0.06311894,0.07854332,-1.310941,0.5536448,-0.3731086,-0.4993866,-0.5521598,
1,4,10.753,-0.06311894,0.07854332,-1.310941,0.5536448,-0.3731086,-0.4993866,-0.5521598,
1,4,10.755,-0.06313657,0.07854462,-1.310932,0.5536153,-0.373103,-0.4994322,-0.5521519,
1,4,10.757,-0.06313657,0.07854462,-1.310932,0.5536153,-0.373103,-0.4994322,-0.5521519,
1,4,10.759,-0.06313657,0.07854462,-1.310932,0.5536153,-0.373103,-0.4994322,-0.5521519,
1,4,10.761,-0.06313657,0.07854462,-1.310932,0.5536153,-0.373103,-0.4994322,-0.5521519,
1,4,10.763,-0.06312253,0.07853563,-1.310945,0.5536298,-0.3731295,-0.4994071,-0.5521424,
1,4,10.765,-0.06312253,0.07853563,-1.310945,0.5536298,-0.3731295,-0.4994071,-0.5521424,
1,4,10.767,-0.06312253,0.07853563,-1.310945,0.5536298,-0.3731295,-0.4994071,-0.5521424,
1,4,10.769,-0.06312253,0.07853563,-1.310945,0.5536298,-0.3731295,-0.4994071,-0.5521424,
1,4,10.771,-0.06310768,0.07853495,-1.310945,0.5536459,-0.3731622,-0.4993801,-0.5521284,
1,4,10.773,-0.06310768,0.07853495,-1.310945,0.5536459,-0.3731622,-0.4993801,-0.5521284,
1,4,10.775,-0.06310768,0.07853495,-1.310945,0.5536459,-0.3731622,-0.4993801,-0.5521284,
1,4,10.777,-0.06310768,0.07853495,-1.310945,0.5536459,-0.3731622,-0.4993801,-0.5521284,
1,4,10.779,-0.06309609,0.0785304,-1.310949,0.5536603,-0.3731486,-0.4993765,-0.5521264,
1,4,10.781,-0.06309609,0.0785304,-1.310949,0.5536603,-0.3731486,-0.4993765,-0.5521264,
1,4,10.783,-0.06309609,0.0785304,-1.310949,0.5536603,-0.3731486,-0.4993765,-0.5521264,
1,4,10.785,-0.06309609,0.0785304,-1.310949,0.5536603,-0.3731486,-0.4993765,-0.5521264,
1,4,10.787,-0.0630929,0.07851922,-1.310966,0.55371,-0.3732325,-0.4992984,-0.5520905,
1,4,10.789,-0.0630929,0.07851922,-1.310966,0.55371,-0.3732325,-0.4992984,-0.5520905,
1,4,10.791,-0.0630929,0.07851922,-1.310966,0.55371,-0.3732325,-0.4992984,-0.5520905,
1,4,10.793,-0.0630929,0.07851922,-1.310966,0.55371,-0.3732325,-0.4992984,-0.5520905,
1,4,10.795,-0.06312812,0.07852965,-1.310937,0.5536455,-0.3731679,-0.4994144,-0.5520939,
1,4,10.797,-0.06312812,0.07852965,-1.310937,0.5536455,-0.3731679,-0.4994144,-0.5520939,
1,4,10.799,-0.06312812,0.07852965,-1.310937,0.5536455,-0.3731679,-0.4994144,-0.5520939,
1,4,10.801,-0.06312812,0.07852965,-1.310937,0.5536455,-0.3731679,-0.4994144,-0.5520939,
1,4,10.803,-0.06312812,0.07852965,-1.310937,0.5536455,-0.3731679,-0.4994144,-0.5520939,
1,4,10.805,-0.06311441,0.07853363,-1.31093,0.553666,-0.3731879,-0.4993643,-0.5521051,
1,4,10.807,-0.06311441,0.07853363,-1.31093,0.553666,-0.3731879,-0.4993643,-0.5521051,
1,4,10.809,-0.06311441,0.07853363,-1.31093,0.553666,-0.3731879,-0.4993643,-0.5521051,
1,4,10.811,-0.06311441,0.07853363,-1.31093,0.553666,-0.3731879,-0.4993643,-0.5521051,
1,4,10.813,-0.06309853,0.0785301,-1.310951,0.5536816,-0.3732239,-0.4993369,-0.5520899,
1,4,10.815,-0.06309853,0.0785301,-1.310951,0.5536816,-0.3732239,-0.4993369,-0.5520899,
1,4,10.817,-0.06309853,0.0785301,-1.310951,0.5536816,-0.3732239,-0.4993369,-0.5520899,
1,4,10.819,-0.06309853,0.0785301,-1.310951,0.5536816,-0.3732239,-0.4993369,-0.5520899,
1,4,10.821,-0.06312336,0.07853641,-1.310949,0.5536625,-0.3732339,-0.4993599,-0.5520816,
1,4,10.823,-0.06312336,0.07853641,-1.310949,0.5536625,-0.3732339,-0.4993599,-0.5520816,
1,4,10.825,-0.06312336,0.07853641,-1.310949,0.5536625,-0.3732339,-0.4993599,-0.5520816,
1,4,10.827,-0.06312336,0.07853641,-1.310949,0.5536625,-0.3732339,-0.4993599,-0.5520816,
1,4,10.829,-0.06310321,0.0785346,-1.310938,0.5536524,-0.3731779,-0.4993682,-0.5521219,
1,4,10.831,-0.06310321,0.0785346,-1.310938,0.5536524,-0.3731779,-0.4993682,-0.5521219,
1,4,10.833,-0.06310321,0.0785346,-1.310938,0.5536524,-0.3731779,-0.4993682,-0.5521219,
1,4,10.835,-0.06310321,0.0785346,-1.310938,0.5536524,-0.3731779,-0.4993682,-0.5521219,
1,4,10.837,-0.06308701,0.07854192,-1.310941,0.5536427,-0.3731289,-0.4993849,-0.5521498,
1,4,10.839,-0.06308701,0.07854192,-1.310941,0.5536427,-0.3731289,-0.4993849,-0.5521498,
1,4,10.841,-0.06308701,0.07854192,-1.310941,0.5536427,-0.3731289,-0.4993849,-0.5521498,
1,4,10.843,-0.06308701,0.07854192,-1.310941,0.5536427,-0.3731289,-0.4993849,-0.5521498,
1,4,10.845,-0.06309573,0.07854575,-1.310948,0.5536554,-0.3731589,-0.4993443,-0.5521533,
1,4,10.847,-0.06309573,0.07854575,-1.310948,0.5536554,-0.3731589,-0.4993443,-0.5521533,
1,4,10.849,-0.06309573,0.07854575,-1.310948,0.5536554,-0.3731589,-0.4993443,-0.5521533,
1,4,10.851,-0.06309573,0.07854575,-1.310948,0.5536554,-0.3731589,-0.4993443,-0.5521533,
1,4,10.853,-0.06309573,0.07854575,-1.310948,0.5536554,-0.3731589,-0.4993443,-0.5521533,
1,4,10.855,-0.06309494,0.07854478,-1.310941,0.5536503,-0.3731146,-0.4993905,-0.5521468,
1,4,10.857,-0.06309494,0.07854478,-1.310941,0.5536503,-0.3731146,-0.4993905,-0.5521468,
1,4,10.859,-0.06309494,0.07854478,-1.310941,0.5536503,-0.3731146,-0.4993905,-0.5521468,
1,4,10.861,-0.06309494,0.07854478,-1.310941,0.5536503,-0.3731146,-0.4993905,-0.5521468,
1,4,10.863,-0.06308505,0.07854548,-1.310953,0.5536554,-0.3731023,-0.4994037,-0.5521381,
1,4,10.865,-0.06308505,0.07854548,-1.310953,0.5536554,-0.3731023,-0.4994037,-0.5521381,
1,4,10.867,-0.06308505,0.07854548,-1.310953,0.5536554,-0.3731023,-0.4994037,-0.5521381,
1,4,10.869,-0.06308505,0.07854548,-1.310953,0.5536554,-0.3731023,-0.4994037,-0.5521381,
1,4,10.871,-0.06307508,0.07853037,-1.310969,0.5537074,-0.3731716,-0.4993143,-0.55212,
1,4,10.873,-0.06307508,0.07853037,-1.310969,0.5537074,-0.3731716,-0.4993143,-0.55212,
1,4,10.875,-0.06307508,0.07853037,-1.310969,0.5537074,-0.3731716,-0.4993143,-0.55212,
1,4,10.877,-0.06307508,0.07853037,-1.310969,0.5537074,-0.3731716,-0.4993143,-0.55212,
1,4,10.879,-0.06312023,0.07854096,-1.310952,0.5536975,-0.3731621,-0.4993493,-0.5521046,
1,4,10.881,-0.06312023,0.07854096,-1.310952,0.5536975,-0.3731621,-0.4993493,-0.5521046,
1,4,10.883,-0.06312023,0.07854096,-1.310952,0.5536975,-0.3731621,-0.4993493,-0.5521046,
1,4,10.885,-0.06312023,0.07854096,-1.310952,0.5536975,-0.3731621,-0.4993493,-0.5521046,
1,4,10.887,-0.06314456,0.07854722,-1.310943,0.5536429,-0.3731676,-0.4994297,-0.5520828,
1,4,10.889,-0.06314456,0.07854722,-1.310943,0.5536429,-0.3731676,-0.4994297,-0.5520828,
1,4,10.891,-0.06314456,0.07854722,-1.310943,0.5536429,-0.3731676,-0.4994297,-0.5520828,
1,4,10.893,-0.06314456,0.07854722,-1.310943,0.5536429,-0.3731676,-0.4994297,-0.5520828,
1,4,10.895,-0.06311469,0.07852455,-1.310944,0.5536597,-0.3732117,-0.499352,-0.5521064,
1,4,10.897,-0.06311469,0.07852455,-1.310944,0.5536597,-0.3732117,-0.499352,-0.5521064,
1,4,10.899,-0.06311469,0.07852455,-1.310944,0.5536597,-0.3732117,-0.499352,-0.5521064,
1,4,10.901,-0.06311469,0.07852455,-1.310944,0.5536597,-0.3732117,-0.499352,-0.5521064,
1,4,10.903,-0.06311469,0.07852455,-1.310944,0.5536597,-0.3732117,-0.499352,-0.5521064,
1,4,10.905,-0.06310567,0.0785355,-1.310955,0.5536482,-0.3731987,-0.4993491,-0.5521296,
1,4,10.907,-0.06310567,0.0785355,-1.310955,0.5536482,-0.3731987,-0.4993491,-0.5521296,
1,4,10.909,-0.06310567,0.0785355,-1.310955,0.5536482,-0.3731987,-0.4993491,-0.5521296,
1,4,10.911,-0.06310567,0.0785355,-1.310955,0.5536482,-0.3731987,-0.4993491,-0.5521296,
1,4,10.913,-0.06309789,0.07853094,-1.31096,0.5536758,-0.3731938,-0.4993195,-0.5521318,
1,4,10.915,-0.06309789,0.07853094,-1.31096,0.5536758,-0.3731938,-0.4993195,-0.5521318,
1,4,10.917,-0.06309789,0.07853094,-1.31096,0.5536758,-0.3731938,-0.4993195,-0.5521318,
1,4,10.919,-0.06309789,0.07853094,-1.31096,0.5536758,-0.3731938,-0.4993195,-0.5521318,
1,4,10.921,-0.06312028,0.07854398,-1.310938,0.5536813,-0.3731691,-0.4993562,-0.5521098,
1,4,10.923,-0.06312028,0.07854398,-1.310938,0.5536813,-0.3731691,-0.4993562,-0.5521098,
1,4,10.925,-0.06312028,0.07854398,-1.310938,0.5536813,-0.3731691,-0.4993562,-0.5521098,
1,4,10.927,-0.06312028,0.07854398,-1.310938,0.5536813,-0.3731691,-0.4993562,-0.5521098,
1,4,10.929,-0.06311541,0.07853547,-1.310941,0.5536831,-0.3731831,-0.4993368,-0.552116,
1,4,10.931,-0.06311541,0.07853547,-1.310941,0.5536831,-0.3731831,-0.4993368,-0.552116,
1,4,10.933,-0.06311541,0.07853547,-1.310941,0.5536831,-0.3731831,-0.4993368,-0.552116,
1,4,10.935,-0.06311541,0.07853547,-1.310941,0.5536831,-0.3731831,-0.4993368,-0.552116,
1,4,10.937,-0.06308873,0.07853275,-1.310965,0.5536922,-0.3731766,-0.4993269,-0.5521204,
1,4,10.939,-0.06308873,0.07853275,-1.310965,0.5536922,-0.3731766,-0.4993269,-0.5521204,
1,4,10.941,-0.06308873,0.07853275,-1.310965,0.5536922,-0.3731766,-0.4993269,-0.5521204,
1,4,10.943,-0.06308873,0.07853275,-1.310965,0.5536922,-0.3731766,-0.4993269,-0.5521204,
1,4,10.945,-0.0630751,0.07852806,-1.31098,0.5537074,-0.3731892,-0.4992998,-0.5521212,
1,4,10.947,-0.0630751,0.07852806,-1.31098,0.5537074,-0.3731892,-0.4992998,-0.5521212,
1,4,10.949,-0.0630751,0.07852806,-1.31098,0.5537074,-0.3731892,-0.4992998,-0.5521212,
1,4,10.951,-0.0630751,0.07852806,-1.31098,0.5537074,-0.3731892,-0.4992998,-0.5521212,
1,4,10.953,-0.0630751,0.07852806,-1.31098,0.5537074,-0.3731892,-0.4992998,-0.5521212,
1,4,10.955,-0.06313119,0.07852915,-1.310947,0.5536432,-0.3731862,-0.499373,-0.5521213,
1,4,10.957,-0.06313119,0.07852915,-1.310947,0.5536432,-0.3731862,-0.499373,-0.5521213,
1,4,10.959,-0.06313119,0.07852915,-1.310947,0.5536432,-0.3731862,-0.499373,-0.5521213,
1,4,10.961,-0.06313119,0.07852915,-1.310947,0.5536432,-0.3731862,-0.499373,-0.5521213,
1,4,10.963,-0.06312156,0.07852003,-1.310958,0.5536446,-0.3732079,-0.4993811,-0.552098,
1,4,10.965,-0.06312156,0.07852003,-1.310958,0.5536446,-0.3732079,-0.4993811,-0.552098,
1,4,10.967,-0.06312156,0.07852003,-1.310958,0.5536446,-0.3732079,-0.4993811,-0.552098,
1,4,10.969,-0.06312156,0.07852003,-1.310958,0.5536446,-0.3732079,-0.4993811,-0.552098,
1,4,10.971,-0.06311994,0.07853211,-1.310938,0.5536598,-0.3731863,-0.4993962,-0.5520836,
1,4,10.973,-0.06311994,0.07853211,-1.310938,0.5536598,-0.3731863,-0.4993962,-0.5520836,
1,4,10.975,-0.06311994,0.07853211,-1.310938,0.5536598,-0.3731863,-0.4993962,-0.5520836,
1,4,10.977,-0.06311994,0.07853211,-1.310938,0.5536598,-0.3731863,-0.4993962,-0.5520836,
1,4,10.979,-0.06313951,0.07854627,-1.310929,0.5536406,-0.3731777,-0.4994135,-0.552093,
1,4,10.981,-0.06313951,0.07854627,-1.310929,0.5536406,-0.3731777,-0.4994135,-0.552093,
1,4,10.983,-0.06313951,0.07854627,-1.310929,0.5536406,-0.3731777,-0.4994135,-0.552093,
1,4,10.985,-0.06313951,0.07854627,-1.310929,0.5536406,-0.3731777,-0.4994135,-0.552093,
1,4,10.987,-0.06311053,0.07853404,-1.310942,0.5536683,-0.3731983,-0.4993705,-0.5520904,
1,4,10.989,-0.06311053,0.07853404,-1.310942,0.5536683,-0.3731983,-0.4993705,-0.5520904,
1,4,10.991,-0.06311053,0.07853404,-1.310942,0.5536683,-0.3731983,-0.4993705,-0.5520904,
1,4,10.993,-0.06311053,0.07853404,-1.310942,0.5536683,-0.3731983,-0.4993705,-0.5520904,
1,4,10.995,-0.06309377,0.07854651,-1.310947,0.5536702,-0.3731261,-0.499383,-0.5521258,
1,4,10.997,-0.06309377,0.07854651,-1.310947,0.5536702,-0.3731261,-0.499383,-0.5521258,
1,4,10.999,-0.06309377,0.07854651,-1.310947,0.5536702,-0.3731261,-0.499383,-0.5521258,
1,4,11.001,-0.06309377,0.07854651,-1.310947,0.5536702,-0.3731261,-0.499383,-0.5521258,
1,4,11.003,-0.06309377,0.07854651,-1.310947,0.5536702,-0.3731261,-0.499383,-0.5521258,
1,4,11.005,-0.06309003,0.07856638,-1.310966,0.5536309,-0.373042,-0.4994566,-0.5521554,
1,4,11.007,-0.06309003,0.07856638,-1.310966,0.5536309,-0.373042,-0.4994566,-0.5521554,
1,4,11.009,-0.06309003,0.07856638,-1.310966,0.5536309,-0.373042,-0.4994566,-0.5521554,
1,4,11.011,-0.06309003,0.07856638,-1.310966,0.5536309,-0.373042,-0.4994566,-0.5521554,
1,4,11.013,-0.06314692,0.07854298,-1.310938,0.5535818,-0.3730864,-0.4995182,-0.552119,
1,4,11.015,-0.06314692,0.07854298,-1.310938,0.5535818,-0.3730864,-0.4995182,-0.552119,
1,4,11.017,-0.06314692,0.07854298,-1.310938,0.5535818,-0.3730864,-0.4995182,-0.552119,
1,4,11.019,-0.06314692,0.07854298,-1.310938,0.5535818,-0.3730864,-0.4995182,-0.552119,
1,4,11.021,-0.06314825,0.07854468,-1.310933,0.5535876,-0.3731146,-0.499498,-0.5521123,
1,4,11.023,-0.06314825,0.07854468,-1.310933,0.5535876,-0.3731146,-0.499498,-0.5521123,
1,4,11.025,-0.06314825,0.07854468,-1.310933,0.5535876,-0.3731146,-0.499498,-0.5521123,
1,4,11.027,-0.06314825,0.07854468,-1.310933,0.5535876,-0.3731146,-0.499498,-0.5521123,
1,4,11.029,-0.06314132,0.07854602,-1.310932,0.5535979,-0.3731423,-0.4994521,-0.5521247,
1,4,11.031,-0.06314132,0.07854602,-1.310932,0.5535979,-0.3731423,-0.4994521,-0.5521247,
1,4,11.033,-0.06314132,0.07854602,-1.310932,0.5535979,-0.3731423,-0.4994521,-0.5521247,
1,4,11.035,-0.06314132,0.07854602,-1.310932,0.5535979,-0.3731423,-0.4994521,-0.5521247,
1,4,11.037,-0.063098,0.07854393,-1.310948,0.5536232,-0.3731337,-0.4994203,-0.552134,
1,4,11.039,-0.063098,0.07854393,-1.310948,0.5536232,-0.3731337,-0.4994203,-0.552134,
1,4,11.041,-0.063098,0.07854393,-1.310948,0.5536232,-0.3731337,-0.4994203,-0.552134,
1,4,11.043,-0.063098,0.07854393,-1.310948,0.5536232,-0.3731337,-0.4994203,-0.552134,
1,4,11.045,-0.06309758,0.07851596,-1.310957,0.5536677,-0.3732252,-0.499346,-0.5520948,
1,4,11.047,-0.06309758,0.07851596,-1.310957,0.5536677,-0.3732252,-0.499346,-0.5520948,
1,4,11.049,-0.06309758,0.07851596,-1.310957,0.5536677,-0.3732252,-0.499346,-0.5520948,
1,4,11.051,-0.06309758,0.07851596,-1.310957,0.5536677,-0.3732252,-0.499346,-0.5520948,
1,4,11.053,-0.06309758,0.07851596,-1.310957,0.5536677,-0.3732252,-0.499346,-0.5520948,
1,4,11.055,-0.06311289,0.07852723,-1.310949,0.5536402,-0.3731786,-0.499387,-0.5521166,
1,4,11.057,-0.06311289,0.07852723,-1.310949,0.5536402,-0.3731786,-0.499387,-0.5521166,
1,4,11.059,-0.06311289,0.07852723,-1.310949,0.5536402,-0.3731786,-0.499387,-0.5521166,
1,4,11.061,-0.06311289,0.07852723,-1.310949,0.5536402,-0.3731786,-0.499387,-0.5521166,
1,4,11.063,-0.06308063,0.07852993,-1.310961,0.5536671,-0.3731907,-0.4993372,-0.5521266,
1,4,11.065,-0.06308063,0.07852993,-1.310961,0.5536671,-0.3731907,-0.4993372,-0.5521266,
1,4,11.067,-0.06308063,0.07852993,-1.310961,0.5536671,-0.3731907,-0.4993372,-0.5521266,
1,4,11.069,-0.06308063,0.07852993,-1.310961,0.5536671,-0.3731907,-0.4993372,-0.5521266,
1,4,11.071,-0.06312385,0.07854108,-1.310947,0.5536429,-0.3731475,-0.4993936,-0.552129,
1,4,11.073,-0.06312385,0.07854108,-1.310947,0.5536429,-0.3731475,-0.4993936,-0.552129,
1,4,11.075,-0.06312385,0.07854108,-1.310947,0.5536429,-0.3731475,-0.4993936,-0.552129,
1,4,11.077,-0.06312385,0.07854108,-1.310947,0.5536429,-0.3731475,-0.4993936,-0.552129,
1,4,11.079,-0.06313201,0.0785543,-1.310934,0.5536196,-0.3731368,-0.4994442,-0.552114,
1,4,11.081,-0.06313201,0.0785543,-1.310934,0.5536196,-0.3731368,-0.4994442,-0.552114,CourtEnter
1,4,11.083,-0.06313201,0.0785543,-1.310934,0.5536196,-0.3731368,-0.4994442,-0.552114,
1,4,11.085,-0.06313201,0.0785543,-1.310934,0.5536196,-0.3731368,-0.4994442,-0.552114,
1,4,11.087,-0.06308213,0.07853504,-1.310942,0.5536631,-0.3731588,-0.4993764,-0.5521169,
1,4,11.089,-0.06308213,0.07853504,-1.310942,0.5536631,-0.3731588,-0.4993764,-0.5521169,
1,4,11.091,-0.06308213,0.07853504,-1.310942,0.5536631,-0.3731588,-0.4993764,-0.5521169,CourtExit
1,4,11.093,-0.06308213,0.07853504,-1.310942,0.5536631,-0.3731588,-0.4993764,-0.5521169,
1,4,11.095,-0.06312019,0.07853317,-1.310944,0.5536526,-0.3732097,-0.4993778,-0.5520917,
1,4,11.097,-0.06312019,0.07853317,-1.310944,0.5536526,-0.3732097,-0.4993778,-0.5520917,
1,4,11.099,-0.06312019,0.07853317,-1.310944,0.5536526,-0.3732097,-0.4993778,-0.5520917,
1,4,11.101,-0.06312019,0.07853317,-1.310944,0.5536526,-0.3732097,-0.4993778,-0.5520917,
1,4,11.103,-0.06312019,0.07853317,-1.310944,0.5536526,-0.3732097,-0.4993778,-0.5520917,
1,4,11.105,-0.06308115,0.07852689,-1.310963,0.5536917,-0.3732112,-0.4993257,-0.5520985,
1,4,11.107,-0.06308115,0.07852689,-1.310963,0.5536917,-0.3732112,-0.4993257,-0.5520985,
1,4,11.109,-0.06308115,0.07852689,-1.310963,0.5536917,-0.3732112,-0.4993257,-0.5520985,
1,4,11.111,-0.06308115,0.07852689,-1.310963,0.5536917,-0.3732112,-0.4993257,-0.5520985,
1,4,11.113,-0.06309808,0.07853743,-1.310948,0.5536834,-0.3731983,-0.4993603,-0.5520843,
1,4,11.115,-0.06309808,0.07853743,-1.310948,0.5536834,-0.3731983,-0.4993603,-0.5520843,
1,4,11.117,-0.06309808,0.07853743,-1.310948,0.5536834,-0.3731983,-0.4993603,-0.5520843,
1,4,11.119,-0.06309808,0.07853743,-1.310948,0.5536834,-0.3731983,-0.4993603,-0.5520843,
1,4,11.121,-0.06307028,0.07853457,-1.310961,0.5536935,-0.3731729,-0.4993128,-0.5521343,
1,4,11.123,-0.06307028,0.07853457,-1.310961,0.5536935,-0.3731729,-0.4993128,-0.5521343,
1,4,11.125,-0.06307028,0.07853457,-1.310961,0.5536935,-0.3731729,-0.4993128,-0.5521343,
1,4,11.127,-0.06307028,0.07853457,-1.310961,0.5536935,-0.3731729,-0.4993128,-0.5521343,
1,4,11.129,-0.06309194,0.07854386,-1.310958,0.5536664,-0.373137,-0.4993581,-0.5521449,
1,4,11.131,-0.06309194,0.07854386,-1.310958,0.5536664,-0.373137,-0.4993581,-0.5521449,
1,4,11.133,-0.06309194,0.07854386,-1.310958,0.5536664,-0.373137,-0.4993581,-0.5521449,
1,4,11.135,-0.06309194,0.07854386,-1.310958,0.5536664,-0.373137,-0.4993581,-0.5521449,
1,4,11.137,-0.06313524,0.07855269,-1.310939,0.5536248,-0.3731387,-0.499406,-0.552142,
1,4,11.139,-0.06313524,0.07855269,-1.310939,0.5536248,-0.3731387,-0.499406,-0.552142,
1,4,11.141,-0.06313524,0.07855269,-1.310939,0.5536248,-0.3731387,-0.499406,-0.552142,
1,4,11.143,-0.06313524,0.07855269,-1.310939,0.5536248,-0.3731387,-0.499406,-0.552142,
1,4,11.145,-0.06312671,0.0785349,-1.310937,0.5536276,-0.3731965,-0.4994111,-0.5520955,
1,4,11.147,-0.06312671,0.0785349,-1.310937,0.5536276,-0.3731965,-0.4994111,-0.5520955,
1,4,11.149,-0.06312671,0.0785349,-1.310937,0.5536276,-0.3731965,-0.4994111,-0.5520955,
1,4,11.151,-0.06312671,0.0785349,-1.310937,0.5536276,-0.3731965,-0.4994111,-0.5520955,
1,4,11.153,-0.06312671,0.0785349,-1.310937,0.5536276,-0.3731965,-0.4994111,-0.5520955,
1,4,11.155,-0.06309675,0.07852478,-1.310945,0.5536484,-0.3732235,-0.4993621,-0.5521007,
1,4,11.157,-0.06309675,0.07852478,-1.310945,0.5536484,-0.3732235,-0.4993621,-0.5521007,
1,4,11.159,-0.06309675,0.07852478,-1.310945,0.5536484,-0.3732235,-0.4993621,-0.5521007,
1,4,11.161,-0.06309675,0.07852478,-1.310945,0.5536484,-0.3732235,-0.4993621,-0.5521007,
1,4,11.163,-0.06311824,0.07854859,-1.310936,0.5536134,-0.3731527,-0.4994324,-0.5521201,
1,4,11.165,-0.06311824,0.07854859,-1.310936,0.5536134,-0.3731527,-0.4994324,-0.5521201,
1,4,11.167,-0.06311824,0.07854859,-1.310936,0.5536134,-0.3731527,-0.4994324,-0.5521201,
1,4,11.169,-0.06311824,0.07854859,-1.310936,0.5536134,-0.3731527,-0.4994324,-0.5521201,
1,4,11.171,-0.06310155,0.07853125,-1.310944,0.5536367,-0.3731706,-0.4994122,-0.5521029,
1,4,11.173,-0.06310155,0.07853125,-1.310944,0.5536367,-0.3731706,-0.4994122,-0.5521029,
1,4,11.175,-0.06310155,0.07853125,-1.310944,0.5536367,-0.3731706,-0.4994122,-0.5521029,
1,4,11.177,-0.06310155,0.07853125,-1.310944,0.5536367,-0.3731706,-0.4994122,-0.5521029,
1,4,11.179,-0.06314939,0.0785291,-1.310941,0.5536463,-0.373219,-0.4994099,-0.5520627,
1,4,11.181,-0.06314939,0.0785291,-1.310941,0.5536463,-0.373219,-0.4994099,-0.5520627,
1,4,11.183,-0.06314939,0.0785291,-1.310941,0.5536463,-0.373219,-0.4994099,-0.5520627,
1,4,11.185,-0.06314939,0.0785291,-1.310941,0.5536463,-0.373219,-0.4994099,-0.5520627,
1,4,11.187,-0.06309993,0.07854608,-1.310939,0.5536535,-0.3731686,-0.4993823,-0.5521145,
1,4,11.189,-0.06309993,0.07854608,-1.310939,0.5536535,-0.3731686,-0.4993823,-0.5521145,
1,4,11.191,-0.06309993,0.07854608,-1.310939,0.5536535,-0.3731686,-0.4993823,-0.5521145,
1,4,11.193,-0.06309993,0.07854608,-1.310939,0.5536535,-0.3731686,-0.4993823,-0.5521145,
1,4,11.195,-0.06308639,0.07855966,-1.310934,0.5536469,-0.3731253,-0.4994016,-0.552133,
1,4,11.197,-0.06308639,0.07855966,-1.310934,0.5536469,-0.3731253,-0.4994016,-0.552133,
1,4,11.199,-0.06308639,0.07855966,-1.310934,0.5536469,-0.3731253,-0.4994016,-0.552133,
1,4,11.201,-0.06308639,0.07855966,-1.310934,0.5536469,-0.3731253,-0.4994016,-0.552133,
1,4,11.203,-0.06308639,0.07855966,-1.310934,0.5536469,-0.3731253,-0.4994016,-0.552133,
1,4,11.205,-0.0631071,0.07853966,-1.310941,0.5536301,-0.3731491,-0.4994026,-0.5521328,
1,4,11.207,-0.0631071,0.07853966,-1.310941,0.5536301,-0.3731491,-0.4994026,-0.5521328,
1,4,11.209,-0.0631071,0.07853966,-1.310941,0.5536301,-0.3731491,-0.4994026,-0.5521328,
1,4,11.211,-0.0631071,0.07853966,-1.310941,0.5536301,-0.3731491,-0.4994026,-0.5521328,
1,4,11.213,-0.06313895,0.0785448,-1.310931,0.5535958,-0.3731476,-0.4994625,-0.552114,
1,4,11.215,-0.06313895,0.0785448,-1.310931,0.5535958,-0.3731476,-0.4994625,-0.552114,
1,4,11.217,-0.06313895,0.0785448,-1.310931,0.5535958,-0.3731476,-0.4994625,-0.552114,
1,4,11.219,-0.06313895,0.0785448,-1.310931,0.5535958,-0.3731476,-0.4994625,-0.552114,
1,4,11.221,-0.06309971,0.07853099,-1.310945,0.5536634,-0.3731647,-0.499404,-0.5520874,
1,4,11.223,-0.06309971,0.07853099,-1.310945,0.5536634,-0.3731647,-0.499404,-0.5520874,
1,4,11.225,-0.06309971,0.07853099,-1.310945,0.5536634,-0.3731647,-0.499404,-0.5520874,
1,4,11.227,-0.06309971,0.07853099,-1.310945,0.5536634,-0.3731647,-0.499404,-0.5520874,
1,4,11.229,-0.06308958,0.07853591,-1.310952,0.55368,-0.3731685,-0.499369,-0.5521,
1,4,11.231,-0.06308958,0.07853591,-1.310952,0.55368,-0.3731685,-0.499369,-0.5521,
1,4,11.233,-0.06308958,0.07853591,-1.310952,0.55368,-0.3731685,-0.499369,-0.5521,
1,4,11.235,-0.06308958,0.07853591,-1.310952,0.55368,-0.3731685,-0.499369,-0.5521,
1,4,11.237,-0.06308611,0.07853217,-1.310955,0.5537121,-0.3731847,-0.4993311,-0.5520911,
1,4,11.239,-0.06308611,0.07853217,-1.310955,0.5537121,-0.3731847,-0.4993311,-0.5520911,
1,4,11.241,-0.06308611,0.07853217,-1.310955,0.5537121,-0.3731847,-0.4993311,-0.5520911,
1,4,11.243,-0.06308611,0.07853217,-1.310955,0.5537121,-0.3731847,-0.4993311,-0.5520911,
1,4,11.245,-0.06309059,0.07853849,-1.310957,0.5536967,-0.3731889,-0.4993366,-0.5520988,
1,4,11.247,-0.06309059,0.07853849,-1.310957,0.5536967,-0.3731889,-0.4993366,-0.5520988,
1,4,11.249,-0.06309059,0.07853849,-1.310957,0.5536967,-0.3731889,-0.4993366,-0.5520988,
1,4,11.251,-0.06309059,0.07853849,-1.310957,0.5536967,-0.3731889,-0.4993366,-0.5520988,
1,4,11.253,-0.06309059,0.07853849,-1.310957,0.5536967,-0.3731889,-0.4993366,-0.5520988,
1,4,11.255,-0.06307532,0.0785312,-1.310962,0.5536972,-0.3731857,-0.4993277,-0.5521085,
1,4,11.257,-0.06307532,0.0785312,-1.310962,0.5536972,-0.3731857,-0.4993277,-0.5521085,
1,4,11.259,-0.06307532,0.0785312,-1.310962,0.5536972,-0.3731857,-0.4993277,-0.5521085,
1,4,11.261,-0.06307532,0.0785312,-1.310962,0.5536972,-0.3731857,-0.4993277,-0.5521085,
1,4,11.263,-0.06306804,0.07852693,-1.310971,0.5536982,-0.3731838,-0.4993101,-0.5521246,
1,4,11.265,-0.06306804,0.07852693,-1.310971,0.5536982,-0.3731838,-0.4993101,-0.5521246,
1,4,11.267,-0.06306804,0.07852693,-1.310971,0.5536982,-0.3731838,-0.4993101,-0.5521246,
1,4,11.269,-0.06306804,0.07852693,-1.310971,0.5536982,-0.3731838,-0.4993101,-0.5521246,
1,4,11.271,-0.06313334,0.07854594,-1.310939,0.5536153,-0.3731804,-0.4994062,-0.5521231,
1,4,11.273,-0.06313334,0.07854594,-1.310939,0.5536153,-0.3731804,-0.4994062,-0.5521231,
1,4,11.275,-0.06313334,0.07854594,-1.310939,0.5536153,-0.3731804,-0.4994062,-0.5521231,
1,4,11.277,-0.06313334,0.07854594,-1.310939,0.5536153,-0.3731804,-0.4994062,-0.5521231,
1,4,11.279,-0.06310327,0.07853378,-1.310945,0.5536402,-0.3731874,-0.4993759,-0.5521208,
1,4,11.281,-0.06310327,0.07853378,-1.310945,0.5536402,-0.3731874,-0.4993759,-0.5521208,
1,4,11.283,-0.06310327,0.07853378,-1.310945,0.5536402,-0.3731874,-0.4993759,-0.5521208,
1,4,11.285,-0.06310327,0.07853378,-1.310945,0.5536402,-0.3731874,-0.4993759,-0.5521208,
1,4,11.287,-0.06314588,0.07854206,-1.310938,0.5536008,-0.3731635,-0.4994631,-0.5520977,
1,4,11.289,-0.06314588,0.07854206,-1.310938,0.5536008,-0.3731635,-0.4994631,-0.5520977,
1,4,11.291,-0.06314588,0.07854206,-1.310938,0.5536008,-0.3731635,-0.4994631,-0.5520977,
1,4,11.293,-0.06314588,0.07854206,-1.310938,0.5536008,-0.3731635,-0.4994631,-0.5520977,
1,4,11.295,-0.06314515,0.078529,-1.31095,0.5536243,-0.3732139,-0.4994148,-0.5520837,
1,4,11.297,-0.06314515,0.078529,-1.31095,0.5536243,-0.3732139,-0.4994148,-0.5520837,
1,4,11.299,-0.06314515,0.078529,-1.31095,0.5536243,-0.3732139,-0.4994148,-0.5520837,
1,4,11.301,-0.06314515,0.078529,-1.31095,0.5536243,-0.3732139,-0.4994148,-0.5520837,
1,4,11.303,-0.06314515,0.078529,-1.31095,0.5536243,-0.3732139,-0.4994148,-0.5520837,
1,4,11.305,-0.06317101,0.07853012,-1.310941,0.5536014,-0.3732309,-0.499441,-0.5520713,
1,4,11.307,-0.06317101,0.07853012,-1.310941,0.5536014,-0.3732309,-0.499441,-0.5520713,
1,4,11.309,-0.06317101,0.07853012,-1.310941,0.5536014,-0.3732309,-0.499441,-0.5520713,
1,4,11.311,-0.06317101,0.07853012,-1.310941,0.5536014,-0.3732309,-0.499441,-0.5520713,
1,4,11.313,-0.06308974,0.07854747,-1.31095,0.5536509,-0.3731454,-0.4993892,-0.5521265,
1,4,11.315,-0.06308974,0.07854747,-1.31095,0.5536509,-0.3731454,-0.4993892,-0.5521265,
1,4,11.317,-0.06308974,0.07854747,-1.31095,0.5536509,-0.3731454,-0.4993892,-0.5521265,
1,4,11.319,-0.06308974,0.07854747,-1.31095,0.5536509,-0.3731454,-0.4993892,-0.5521265,
1,4,11.321,-0.0630831,0.07855029,-1.310942,0.5536298,-0.3731123,-0.4993955,-0.5521644,
1,4,11.323,-0.0630831,0.07855029,-1.310942,0.5536298,-0.3731123,-0.4993955,-0.5521644,
1,4,11.325,-0.0630831,0.07855029,-1.310942,0.5536298,-0.3731123,-0.4993955,-0.5521644,
1,4,11.327,-0.0630831,0.07855029,-1.310942,0.5536298,-0.3731123,-0.4993955,-0.5521644,
1,4,11.329,-0.06305894,0.07854757,-1.310959,0.5536717,-0.3731393,-0.4993394,-0.5521548,
1,4,11.331,-0.06305894,0.07854757,-1.310959,0.5536717,-0.3731393,-0.4993394,-0.5521548,
1,4,11.333,-0.06305894,0.07854757,-1.310959,0.5536717,-0.3731393,-0.4993394,-0.5521548,
1,4,11.335,-0.06305894,0.07854757,-1.310959,0.5536717,-0.3731393,-0.4993394,-0.5521548,
1,4,11.337,-0.06314275,0.07853924,-1.310934,0.553601,-0.3731278,-0.4994727,-0.5521128,
1,4,11.339,-0.06314275,0.07853924,-1.310934,0.553601,-0.3731278,-0.4994727,-0.5521128,
1,4,11.341,-0.06314275,0.07853924,-1.310934,0.553601,-0.3731278,-0.4994727,-0.5521128,
1,4,11.343,-0.06314275,0.07853924,-1.310934,0.553601,-0.3731278,-0.4994727,-0.5521128,
1,4,11.345,-0.06316584,0.0785195,-1.310942,0.5536181,-0.3731949,-0.4994471,-0.5520736,
1,4,11.347,-0.06316584,0.0785195,-1.310942,0.5536181,-0.3731949,-0.4994471,-0.5520736,
1,4,11.349,-0.06316584,0.0785195,-1.310942,0.5536181,-0.3731949,-0.4994471,-0.5520736,
1,4,11.351,-0.06316584,0.0785195,-1.310942,0.5536181,-0.3731949,-0.4994471,-0.5520736,
1,4,11.353,-0.06316584,0.0785195,-1.310942,0.5536181,-0.3731949,-0.4994471,-0.5520736,
1,4,11.355,-0.06309181,0.07851368,-1.310961,0.5536997,-0.3732486,-0.4993179,-0.5520722,
1,4,11.357,-0.06309181,0.07851368,-1.310961,0.5536997,-0.3732486,-0.4993179,-0.5520722,
1,4,11.359,-0.06309181,0.07851368,-1.310961,0.5536997,-0.3732486,-0.4993179,-0.5520722,
1,4,11.361,-0.06309181,0.07851368,-1.310961,0.5536997,-0.3732486,-0.4993179,-0.5520722,
1,4,11.363,-0.06314538,0.07853967,-1.310935,0.5536416,-0.3732122,-0.4994036,-0.5520777,
1,4,11.365,-0.06314538,0.07853967,-1.310935,0.5536416,-0.3732122,-0.4994036,-0.5520777,
1,4,11.367,-0.06314538,0.07853967,-1.310935,0.5536416,-0.3732122,-0.4994036,-0.5520777,
1,4,11.369,-0.06314538,0.07853967,-1.310935,0.5536416,-0.3732122,-0.4994036,-0.5520777,
1,4,11.371,-0.06314696,0.07854166,-1.310929,0.5536261,-0.3731987,-0.4994214,-0.5520862,
1,4,11.373,-0.06314696,0.07854166,-1.310929,0.5536261,-0.3731987,-0.4994214,-0.5520862,
1,4,11.375,-0.06314696,0.07854166,-1.310929,0.5536261,-0.3731987,-0.4994214,-0.5520862,
1,4,11.377,-0.06314696,0.07854166,-1.310929,0.5536261,-0.3731987,-0.4994214,-0.5520862,
1,4,11.379,-0.06309032,0.07853306,-1.310956,0.5536577,-0.3731692,-0.4993772,-0.5521144,
1,4,11.381,-0.06309032,0.07853306,-1.310956,0.5536577,-0.3731692,-0.4993772,-0.5521144,
1,4,11.383,-0.06309032,0.07853306,-1.310956,0.5536577,-0.3731692,-0.4993772,-0.5521144,
1,4,11.385,-0.06309032,0.07853306,-1.310956,0.5536577,-0.3731692,-0.4993772,-0.5521144,
1,4,11.387,-0.06308612,0.07853035,-1.31097,0.5537006,-0.373237,-0.4992919,-0.5521028,
1,4,11.389,-0.06308612,0.07853035,-1.31097,0.5537006,-0.373237,-0.4992919,-0.5521028,
1,4,11.391,-0.06308612,0.07853035,-1.31097,0.5537006,-0.373237,-0.4992919,-0.5521028,
1,4,11.393,-0.06308612,0.07853035,-1.31097,0.5537006,-0.373237,-0.4992919,-0.5521028,
1,4,11.395,-0.06309392,0.07853767,-1.310952,0.5536828,-0.3732047,-0.4993326,-0.5521056,
1,4,11.397,-0.06309392,0.07853767,-1.310952,0.5536828,-0.3732047,-0.4993326,-0.5521056,
1,4,11.399,-0.06309392,0.07853767,-1.310952,0.5536828,-0.3732047,-0.4993326,-0.5521056,
1,4,11.401,-0.06309392,0.07853767,-1.310952,0.5536828,-0.3732047,-0.4993326,-0.5521056,
1,4,11.403,-0.06309392,0.07853767,-1.310952,0.5536828,-0.3732047,-0.4993326,-0.5521056,
1,4,11.405,-0.06309842,0.07853872,-1.310955,0.5536849,-0.3731418,-0.499353,-0.5521275,
1,4,11.407,-0.06309842,0.07853872,-1.310955,0.5536849,-0.3731418,-0.499353,-0.5521275,
1,4,11.409,-0.06309842,0.07853872,-1.310955,0.5536849,-0.3731418,-0.499353,-0.5521275,
1,4,11.411,-0.06309842,0.07853872,-1.310955,0.5536849,-0.3731418,-0.499353,-0.5521275,
1,4,11.413,-0.06311528,0.07854602,-1.310953,0.5536439,-0.373101,-0.4994238,-0.5521322,
1,4,11.415,-0.06311528,0.07854602,-1.310953,0.5536439,-0.373101,-0.4994238,-0.5521322,
1,4,11.417,-0.06311528,0.07854602,-1.310953,0.5536439,-0.373101,-0.4994238,-0.5521322,
1,4,11.419,-0.06311528,0.07854602,-1.310953,0.5536439,-0.373101,-0.4994238,-0.5521322,
1,4,11.421,-0.06314581,0.07855093,-1.310931,0.5535998,-0.3731101,-0.4994701,-0.5521283,
1,4,11.423,-0.06314581,0.07855093,-1.310931,0.5535998,-0.3731101,-0.4994701,-0.5521283,
1,4,11.425,-0.06314581,0.07855093,-1.310931,0.5535998,-0.3731101,-0.4994701,-0.5521283,
1,4,11.427,-0.06314581,0.07855093,-1.310931,0.5535998,-0.3731101,-0.4994701,-0.5521283,
1,4,11.429,-0.06315363,0.07854985,-1.310928,0.5535746,-0.3730861,-0.4995245,-0.5521207,
1,4,11.431,-0.06315363,0.07854985,-1.310928,0.5535746,-0.3730861,-0.4995245,-0.5521207,
1,4,11.433,-0.06315363,0.07854985,-1.310928,0.5535746,-0.3730861,-0.4995245,-0.5521207,
1,4,11.435,-0.06315363,0.07854985,-1.310928,0.5535746,-0.3730861,-0.4995245,-0.5521207,
1,4,11.437,-0.06313197,0.0785499,-1.310924,0.553593,-0.3730995,-0.499494,-0.5521207,
1,4,11.439,-0.06313197,0.0785499,-1.310924,0.553593,-0.3730995,-0.499494,-0.5521207,
1,4,11.441,-0.06313197,0.0785499,-1.310924,0.553593,-0.3730995,-0.499494,-0.5521207,
1,4,11.443,-0.06313197,0.0785499,-1.310924,0.553593,-0.3730995,-0.499494,-0.5521207,
1,4,11.445,-0.06312489,0.07854307,-1.310908,0.5536028,-0.3731029,-0.4994669,-0.5521331,
1,4,11.447,-0.06312489,0.07854307,-1.310908,0.5536028,-0.3731029,-0.4994669,-0.5521331,
1,4,11.449,-0.06312489,0.07854307,-1.310908,0.5536028,-0.3731029,-0.4994669,-0.5521331,
1,4,11.451,-0.06312489,0.07854307,-1.310908,0.5536028,-0.3731029,-0.4994669,-0.5521331,
1,4,11.453,-0.06312489,0.07854307,-1.310908,0.5536028,-0.3731029,-0.4994669,-0.5521331,
1,4,11.455,-0.06311183,0.07854424,-1.310941,0.5536497,-0.3730946,-0.4994289,-0.5521262,
1,4,11.457,-0.06311183,0.07854424,-1.310941,0.5536497,-0.3730946,-0.4994289,-0.5521262,
1,4,11.459,-0.06311183,0.07854424,-1.310941,0.5536497,-0.3730946,-0.4994289,-0.5521262,
1,4,11.461,-0.06311183,0.07854424,-1.310941,0.5536497,-0.3730946,-0.4994289,-0.5521262,
1,4,11.463,-0.06311208,0.07854647,-1.310929,0.5536444,-0.3730784,-0.4994473,-0.5521257,
1,4,11.465,-0.06311208,0.07854647,-1.310929,0.5536444,-0.3730784,-0.4994473,-0.5521257,
1,4,11.467,-0.06311208,0.07854647,-1.310929,0.5536444,-0.3730784,-0.4994473,-0.5521257,
1,4,11.469,-0.06311208,0.07854647,-1.310929,0.5536444,-0.3730784,-0.4994473,-0.5521257,
1,4,11.471,-0.06307812,0.0785689,-1.310931,0.5536495,-0.3730478,-0.4994375,-0.5521502,
1,4,11.473,-0.06307812,0.0785689,-1.310931,0.5536495,-0.3730478,-0.4994375,-0.5521502,
1,4,11.475,-0.06307812,0.0785689,-1.310931,0.5536495,-0.3730478,-0.4994375,-0.5521502,
1,4,11.477,-0.06307812,0.0785689,-1.310931,0.5536495,-0.3730478,-0.4994375,-0.5521502,
1,4,11.479,-0.06309384,0.07855603,-1.310943,0.5536642,-0.3730933,-0.4993887,-0.5521489,
1,4,11.481,-0.06309384,0.07855603,-1.310943,0.5536642,-0.3730933,-0.4993887,-0.5521489,
1,4,11.483,-0.06309384,0.07855603,-1.310943,0.5536642,-0.3730933,-0.4993887,-0.5521489,
1,4,11.485,-0.06309384,0.07855603,-1.310943,0.5536642,-0.3730933,-0.4993887,-0.5521489,
1,4,11.487,-0.06307081,0.07854468,-1.310961,0.5536844,-0.3730876,-0.499384,-0.5521367,
1,4,11.489,-0.06307081,0.07854468,-1.310961,0.5536844,-0.3730876,-0.499384,-0.5521367,
1,4,11.491,-0.06307081,0.07854468,-1.310961,0.5536844,-0.3730876,-0.499384,-0.5521367,
1,4,11.493,-0.06307081,0.07854468,-1.310961,0.5536844,-0.3730876,-0.499384,-0.5521367,
1,4,11.495,-0.06309957,0.07854685,-1.310927,0.5536481,-0.373045,-0.4994414,-0.55215,
1,4,11.497,-0.06309957,0.07854685,-1.310927,0.5536481,-0.373045,-0.4994414,-0.55215,
1,4,11.499,-0.06309957,0.07854685,-1.310927,0.5536481,-0.373045,-0.4994414,-0.55215,
1,4,11.501,-0.06309957,0.07854685,-1.310927,0.5536481,-0.373045,-0.4994414,-0.55215,
1,4,11.503,-0.06309957,0.07854685,-1.310927,0.5536481,-0.373045,-0.4994414,-0.55215,
1,4,11.505,-0.06308614,0.07855081,-1.310931,0.5536669,-0.3730406,-0.4994103,-0.5521622,
1,4,11.507,-0.06308614,0.07855081,-1.310931,0.5536669,-0.3730406,-0.4994103,-0.5521622,
1,4,11.509,-0.06308614,0.07855081,-1.310931,0.5536669,-0.3730406,-0.4994103,-0.5521622,
1,4,11.511,-0.06308614,0.07855081,-1.310931,0.5536669,-0.3730406,-0.4994103,-0.5521622,
1,4,11.513,-0.06309661,0.07854362,-1.310933,0.5536493,-0.3730558,-0.4994186,-0.5521621,
1,4,11.515,-0.06309661,0.07854362,-1.310933,0.5536493,-0.3730558,-0.4994186,-0.5521621,
1,4,11.517,-0.06309661,0.07854362,-1.310933,0.5536493,-0.3730558,-0.4994186,-0.5521621,
1,4,11.519,-0.06309661,0.07854362,-1.310933,0.5536493,-0.3730558,-0.4994186,-0.5521621,
1,4,11.521,-0.06307792,0.0785609,-1.310925,0.5536391,-0.3730218,-0.4994292,-0.5521858,
1,4,11.523,-0.06307792,0.0785609,-1.310925,0.5536391,-0.3730218,-0.4994292,-0.5521858,
1,4,11.525,-0.06307792,0.0785609,-1.310925,0.5536391,-0.3730218,-0.4994292,-0.5521858,
1,4,11.527,-0.06307792,0.0785609,-1.310925,0.5536391,-0.3730218,-0.4994292,-0.5521858,
1,4,11.529,-0.06310981,0.07854507,-1.310926,0.5536397,-0.373072,-0.4994466,-0.5521355,
1,4,11.531,-0.06310981,0.07854507,-1.310926,0.5536397,-0.373072,-0.4994466,-0.5521355,
1,4,11.533,-0.06310981,0.07854507,-1.310926,0.5536397,-0.373072,-0.4994466,-0.5521355,
1,4,11.535,-0.06310981,0.07854507,-1.310926,0.5536397,-0.373072,-0.4994466,-0.5521355,
1,4,11.537,-0.06316704,0.0785558,-1.31092,0.5535792,-0.3730638,-0.4995297,-0.5521264,
1,4,11.539,-0.06316704,0.0785558,-1.31092,0.5535792,-0.3730638,-0.4995297,-0.5521264,
1,4,11.541,-0.06316704,0.0785558,-1.31092,0.5535792,-0.3730638,-0.4995297,-0.5521264,
1,4,11.543,-0.06316704,0.0785558,-1.31092,0.5535792,-0.3730638,-0.4995297,-0.5521264,
1,4,11.545,-0.0631561,0.07854215,-1.31094,0.5536085,-0.3731811,-0.4994692,-0.5520725,
1,4,11.547,-0.0631561,0.07854215,-1.31094,0.5536085,-0.3731811,-0.4994692,-0.5520725,
1,4,11.549,-0.0631561,0.07854215,-1.31094,0.5536085,-0.3731811,-0.4994692,-0.5520725,
1,4,11.551,-0.0631561,0.07854215,-1.31094,0.5536085,-0.3731811,-0.4994692,-0.5520725,
1,4,11.553,-0.0631561,0.07854215,-1.31094,0.5536085,-0.3731811,-0.4994692,-0.5520725,
1,4,11.555,-0.06310043,0.07852274,-1.310952,0.5536616,-0.3732043,-0.4993732,-0.5520903,
1,4,11.557,-0.06310043,0.07852274,-1.310952,0.5536616,-0.3732043,-0.4993732,-0.5520903,
1,4,11.559,-0.06310043,0.07852274,-1.310952,0.5536616,-0.3732043,-0.4993732,-0.5520903,
1,4,11.561,-0.06310043,0.07852274,-1.310952,0.5536616,-0.3732043,-0.4993732,-0.5520903,
1,4,11.563,-0.06308215,0.07853329,-1.310954,0.5536535,-0.3731639,-0.4993735,-0.5521255,
1,4,11.565,-0.06308215,0.07853329,-1.310954,0.5536535,-0.3731639,-0.4993735,-0.5521255,
1,4,11.567,-0.06308215,0.07853329,-1.310954,0.5536535,-0.3731639,-0.4993735,-0.5521255,
1,4,11.569,-0.06308215,0.07853329,-1.310954,0.5536535,-0.3731639,-0.4993735,-0.5521255,
1,4,11.571,-0.06309441,0.07853443,-1.310951,0.5536811,-0.3732002,-0.4993449,-0.5520992,
1,4,11.573,-0.06309441,0.07853443,-1.310951,0.5536811,-0.3732002,-0.4993449,-0.5520992,
1,4,11.575,-0.06309441,0.07853443,-1.310951,0.5536811,-0.3732002,-0.4993449,-0.5520992,
1,4,11.577,-0.06309441,0.07853443,-1.310951,0.5536811,-0.3732002,-0.4993449,-0.5520992,
1,4,11.579,-0.06307685,0.07853121,-1.310959,0.5536927,-0.3732018,-0.4993163,-0.5521124,
1,4,11.581,-0.06307685,0.07853121,-1.310959,0.5536927,-0.3732018,-0.4993163,-0.5521124,
1,4,11.583,-0.06307685,0.07853121,-1.310959,0.5536927,-0.3732018,-0.4993163,-0.5521124,
1,4,11.585,-0.06307685,0.07853121,-1.310959,0.5536927,-0.3732018,-0.4993163,-0.5521124,
1,4,11.587,-0.06308889,0.07853976,-1.31095,0.5536661,-0.3731605,-0.4993376,-0.5521478,
1,4,11.589,-0.06308889,0.07853976,-1.31095,0.5536661,-0.3731605,-0.4993376,-0.5521478,
1,4,11.591,-0.06308889,0.07853976,-1.31095,0.5536661,-0.3731605,-0.4993376,-0.5521478,
1,4,11.593,-0.06308889,0.07853976,-1.31095,0.5536661,-0.3731605,-0.4993376,-0.5521478,
1,4,11.595,-0.06307127,0.07852803,-1.310956,0.5536714,-0.3731467,-0.4993574,-0.5521339,
1,4,11.597,-0.06307127,0.07852803,-1.310956,0.5536714,-0.3731467,-0.4993574,-0.5521339,
1,4,11.599,-0.06307127,0.07852803,-1.310956,0.5536714,-0.3731467,-0.4993574,-0.5521339,
1,4,11.601,-0.06307127,0.07852803,-1.310956,0.5536714,-0.3731467,-0.4993574,-0.5521339,
1,4,11.603,-0.06307127,0.07852803,-1.310956,0.5536714,-0.3731467,-0.4993574,-0.5521339,
1,4,11.605,-0.06307802,0.07855561,-1.310945,0.5536563,-0.3731042,-0.4993827,-0.5521548,
1,4,11.607,-0.06307802,0.07855561,-1.310945,0.5536563,-0.3731042,-0.4993827,-0.5521548,
1,4,11.609,-0.06307802,0.07855561,-1.310945,0.5536563,-0.3731042,-0.4993827,-0.5521548,
1,4,11.611,-0.06307802,0.07855561,-1.310945,0.5536563,-0.3731042,-0.4993827,-0.5521548,
1,4,11.613,-0.06309669,0.07853667,-1.310956,0.5536933,-0.3731764,-0.499343,-0.5521048,
1,4,11.615,-0.06309669,0.07853667,-1.310956,0.5536933,-0.3731764,-0.499343,-0.5521048,
1,4,11.617,-0.06309669,0.07853667,-1.310956,0.5536933,-0.3731764,-0.499343,-0.5521048,
1,4,11.619,-0.06309669,0.07853667,-1.310956,0.5536933,-0.3731764,-0.499343,-0.5521048,
1,4,11.621,-0.0631009,0.0785322,-1.310937,0.5536902,-0.3731716,-0.4993437,-0.5521106,
1,4,11.623,-0.0631009,0.0785322,-1.310937,0.5536902,-0.3731716,-0.4993437,-0.5521106,
1,4,11.625,-0.0631009,0.0785322,-1.310937,0.5536902,-0.3731716,-0.4993437,-0.5521106,
1,4,11.627,-0.0631009,0.0785322,-1.310937,0.5536902,-0.3731716,-0.4993437,-0.5521106,
1,4,11.629,-0.06306081,0.07853118,-1.310969,0.5537215,-0.3731938,-0.4992784,-0.5521231,
1,4,11.631,-0.06306081,0.07853118,-1.310969,0.5537215,-0.3731938,-0.4992784,-0.5521231,
1,4,11.633,-0.06306081,0.07853118,-1.310969,0.5537215,-0.3731938,-0.4992784,-0.5521231,
1,4,11.635,-0.06306081,0.07853118,-1.310969,0.5537215,-0.3731938,-0.4992784,-0.5521231,
1,4,11.637,-0.06314063,0.07854185,-1.310951,0.5536565,-0.3731525,-0.4994074,-0.5520998,
1,4,11.639,-0.06314063,0.07854185,-1.310951,0.5536565,-0.3731525,-0.4994074,-0.5520998,
1,4,11.641,-0.06314063,0.07854185,-1.310951,0.5536565,-0.3731525,-0.4994074,-0.5520998,
1,4,11.643,-0.06314063,0.07854185,-1.310951,0.5536565,-0.3731525,-0.4994074,-0.5520998,
1,4,11.645,-0.06310692,0.07853017,-1.310947,0.5536624,-0.3732428,-0.499354,-0.552081,
1,4,11.647,-0.06310692,0.07853017,-1.310947,0.5536624,-0.3732428,-0.499354,-0.552081,
1,4,11.649,-0.06310692,0.07853017,-1.310947,0.5536624,-0.3732428,-0.499354,-0.552081,
1,4,11.651,-0.06310692,0.07853017,-1.310947,0.5536624,-0.3732428,-0.499354,-0.552081,
1,4,11.653,-0.06310692,0.07853017,-1.310947,0.5536624,-0.3732428,-0.499354,-0.552081,
1,4,11.655,-0.06307283,0.0785327,-1.310959,0.5536756,-0.3732271,-0.4993258,-0.5521038,
1,4,11.657,-0.06307283,0.0785327,-1.310959,0.5536756,-0.3732271,-0.4993258,-0.5521038,
1,4,11.659,-0.06307283,0.0785327,-1.310959,0.5536756,-0.3732271,-0.4993258,-0.5521038,
1,4,11.661,-0.06307283,0.0785327,-1.310959,0.5536756,-0.3732271,-0.4993258,-0.5521038,
1,4,11.663,-0.06315232,0.07853712,-1.310938,0.5536094,-0.3731973,-0.4994264,-0.5520993,
1,4,11.665,-0.06315232,0.07853712,-1.310938,0.5536094,-0.3731973,-0.4994264,-0.5520993,
1,4,11.667,-0.06315232,0.07853712,-1.310938,0.5536094,-0.3731973,-0.4994264,-0.5520993,
1,4,11.669,-0.06315232,0.07853712,-1.310938,0.5536094,-0.3731973,-0.4994264,-0.5520993,
1,4,11.671,-0.06309136,0.07853433,-1.310946,0.5536401,-0.3731734,-0.4993983,-0.5521101,
1,4,11.673,-0.06309136,0.07853433,-1.310946,0.5536401,-0.3731734,-0.4993983,-0.5521101,
1,4,11.675,-0.06309136,0.07853433,-1.310946,0.5536401,-0.3731734,-0.4993983,-0.5521101,
1,4,11.677,-0.06309136,0.07853433,-1.310946,0.5536401,-0.3731734,-0.4993983,-0.5521101,
1,4,11.679,-0.06308743,0.07854784,-1.310939,0.553614,-0.3731102,-0.4994462,-0.5521356,
1,4,11.681,-0.06308743,0.07854784,-1.310939,0.553614,-0.3731102,-0.4994462,-0.5521356,
1,4,11.683,-0.06308743,0.07854784,-1.310939,0.553614,-0.3731102,-0.4994462,-0.5521356,
1,4,11.685,-0.06308743,0.07854784,-1.310939,0.553614,-0.3731102,-0.4994462,-0.5521356,
1,4,11.687,-0.06311605,0.07854097,-1.310938,0.5536239,-0.37315,-0.4994153,-0.5521269,
1,4,11.689,-0.06311605,0.07854097,-1.310938,0.5536239,-0.37315,-0.4994153,-0.5521269,
1,4,11.691,-0.06311605,0.07854097,-1.310938,0.5536239,-0.37315,-0.4994153,-0.5521269,
1,4,11.693,-0.06311605,0.07854097,-1.310938,0.5536239,-0.37315,-0.4994153,-0.5521269,
1,4,11.695,-0.06312744,0.07853088,-1.31094,0.5536249,-0.3731672,-0.4994168,-0.5521129,
1,4,11.697,-0.06312744,0.07853088,-1.31094,0.5536249,-0.3731672,-0.4994168,-0.5521129,
1,4,11.699,-0.06312744,0.07853088,-1.31094,0.5536249,-0.3731672,-0.4994168,-0.5521129,
1,4,11.701,-0.06312744,0.07853088,-1.31094,0.5536249,-0.3731672,-0.4994168,-0.5521129,
1,4,11.703,-0.06312744,0.07853088,-1.31094,0.5536249,-0.3731672,-0.4994168,-0.5521129,
1,4,11.705,-0.06310832,0.07851873,-1.310955,0.5536409,-0.3732042,-0.4993921,-0.5520942,
1,4,11.707,-0.06310832,0.07851873,-1.310955,0.5536409,-0.3732042,-0.4993921,-0.5520942,
1,4,11.709,-0.06310832,0.07851873,-1.310955,0.5536409,-0.3732042,-0.4993921,-0.5520942,
1,4,11.711,-0.06310832,0.07851873,-1.310955,0.5536409,-0.3732042,-0.4993921,-0.5520942,
1,4,11.713,-0.0630988,0.07853002,-1.310943,0.5536216,-0.3731586,-0.4994115,-0.5521267,
1,4,11.715,-0.0630988,0.07853002,-1.310943,0.5536216,-0.3731586,-0.4994115,-0.5521267,
1,4,11.717,-0.0630988,0.07853002,-1.310943,0.5536216,-0.3731586,-0.4994115,-0.5521267,
1,4,11.719,-0.0630988,0.07853002,-1.310943,0.5536216,-0.3731586,-0.4994115,-0.5521267,
1,4,11.721,-0.0630841,0.07852763,-1.310953,0.5536559,-0.3731595,-0.4993672,-0.552132,
1,4,11.723,-0.0630841,0.07852763,-1.310953,0.5536559,-0.3731595,-0.4993672,-0.552132,
1,4,11.725,-0.0630841,0.07852763,-1.310953,0.5536559,-0.3731595,-0.4993672,-0.552132,
1,4,11.727,-0.0630841,0.07852763,-1.310953,0.5536559,-0.3731595,-0.4993672,-0.552132,
1,4,11.729,-0.06308962,0.07853345,-1.310971,0.5536634,-0.3732026,-0.4993561,-0.5521054,
1,4,11.731,-0.06308962,0.07853345,-1.310971,0.5536634,-0.3732026,-0.4993561,-0.5521054,
1,4,11.733,-0.06308962,0.07853345,-1.310971,0.5536634,-0.3732026,-0.4993561,-0.5521054,
1,4,11.735,-0.06308962,0.07853345,-1.310971,0.5536634,-0.3732026,-0.4993561,-0.5521054,
1,4,11.737,-0.06310286,0.07854298,-1.310938,0.5536392,-0.3731629,-0.4993909,-0.5521249,
1,4,11.739,-0.06310286,0.07854298,-1.310938,0.5536392,-0.3731629,-0.4993909,-0.5521249,
1,4,11.741,-0.06310286,0.07854298,-1.310938,0.5536392,-0.3731629,-0.4993909,-0.5521249,
1,4,11.743,-0.06310286,0.07854298,-1.310938,0.5536392,-0.3731629,-0.4993909,-0.5521249,
1,4,11.745,-0.06308278,0.07854756,-1.310943,0.5536629,-0.3731386,-0.4993688,-0.5521375,
1,4,11.747,-0.06308278,0.07854756,-1.310943,0.5536629,-0.3731386,-0.4993688,-0.5521375,
1,4,11.749,-0.06308278,0.07854756,-1.310943,0.5536629,-0.3731386,-0.4993688,-0.5521375,
1,4,11.751,-0.06308278,0.07854756,-1.310943,0.5536629,-0.3731386,-0.4993688,-0.5521375,
1,4,11.753,-0.06308278,0.07854756,-1.310943,0.5536629,-0.3731386,-0.4993688,-0.5521375,
1,4,11.755,-0.06314209,0.07855573,-1.31093,0.5536349,-0.3731375,-0.4994397,-0.5521021,CourtEnter
1,4,11.757,-0.06314209,0.07855573,-1.31093,0.5536349,-0.3731375,-0.4994397,-0.5521021,
1,4,11.759,-0.06314209,0.07855573,-1.31093,0.5536349,-0.3731375,-0.4994397,-0.5521021,
1,4,11.761,-0.06314209,0.07855573,-1.31093,0.5536349,-0.3731375,-0.4994397,-0.5521021,
1,4,11.763,-0.06315069,0.07854346,-1.310935,0.5536253,-0.3731822,-0.4994561,-0.5520667,
1,4,11.765,-0.06315069,0.07854346,-1.310935,0.5536253,-0.3731822,-0.4994561,-0.5520667,
1,4,11.767,-0.06315069,0.07854346,-1.310935,0.5536253,-0.3731822,-0.4994561,-0.5520667,CourtExit
1,4,11.769,-0.06315069,0.07854346,-1.310935,0.5536253,-0.3731822,-0.4994561,-0.5520667,
1,4,11.771,-0.06312219,0.07854737,-1.310932,0.5536366,-0.373149,-0.4994333,-0.5520986,
1,4,11.773,-0.06312219,0.07854737,-1.310932,0.5536366,-0.373149,-0.4994333,-0.5520986,
1,4,11.775,-0.06312219,0.07854737,-1.310932,0.5536366,-0.373149,-0.4994333,-0.5520986,
1,4,11.777,-0.06312219,0.07854737,-1.310932,0.5536366,-0.373149,-0.4994333,-0.5520986,
1,4,11.779,-0.06309824,0.07855273,-1.310936,0.5536486,-0.3731124,-0.4994115,-0.5521309,
1,4,11.781,-0.06309824,0.07855273,-1.310936,0.5536486,-0.3731124,-0.4994115,-0.5521309,
1,4,11.783,-0.06309824,0.07855273,-1.310936,0.5536486,-0.3731124,-0.4994115,-0.5521309,
1,4,11.785,-0.06309824,0.07855273,-1.310936,0.5536486,-0.3731124,-0.4994115,-0.5521309,
1,4,11.787,-0.06309064,0.07852486,-1.310956,0.5536867,-0.3731745,-0.4993447,-0.5521111,
1,4,11.789,-0.06309064,0.07852486,-1.310956,0.5536867,-0.3731745,-0.4993447,-0.5521111,
1,4,11.791,-0.06309064,0.07852486,-1.310956,0.5536867,-0.3731745,-0.4993447,-0.5521111,
1,4,11.793,-0.06309064,0.07852486,-1.310956,0.5536867,-0.3731745,-0.4993447,-0.5521111,
1,4,11.795,-0.06306043,0.07852317,-1.31096,0.5537195,-0.3732011,-0.4992834,-0.5521158,
1,4,11.797,-0.06306043,0.07852317,-1.31096,0.5537195,-0.3732011,-0.4992834,-0.5521158,
1,4,11.799,-0.06306043,0.07852317,-1.31096,0.5537195,-0.3732011,-0.4992834,-0.5521158,
1,4,11.801,-0.06306043,0.07852317,-1.31096,0.5537195,-0.3732011,-0.4992834,-0.5521158,
1,4,11.803,-0.06306043,0.07852317,-1.31096,0.5537195,-0.3732011,-0.4992834,-0.5521158,
1,4,11.805,-0.06311791,0.0785446,-1.310945,0.5536647,-0.3731401,-0.4994023,-0.5521045,
1,4,11.807,-0.06311791,0.0785446,-1.310945,0.5536647,-0.3731401,-0.4994023,-0.5521045,
1,4,11.809,-0.06311791,0.0785446,-1.310945,0.5536647,-0.3731401,-0.4994023,-0.5521045,
1,4,11.811,-0.06311791,0.0785446,-1.310945,0.5536647,-0.3731401,-0.4994023,-0.5521045,
1,4,11.813,-0.06309795,0.07853337,-1.310943,0.5536826,-0.3731423,-0.4993715,-0.5521128,
1,4,11.815,-0.06309795,0.07853337,-1.310943,0.5536826,-0.3731423,-0.4993715,-0.5521128,
1,4,11.817,-0.06309795,0.07853337,-1.310943,0.5536826,-0.3731423,-0.4993715,-0.5521128,
1,4,11.819,-0.06309795,0.07853337,-1.310943,0.5536826,-0.3731423,-0.4993715,-0.5521128,
1,4,11.821,-0.06311904,0.07853553,-1.310944,0.5536687,-0.37314,-0.4993908,-0.5521109,
1,4,11.823,-0.06311904,0.07853553,-1.310944,0.5536687,-0.37314,-0.4993908,-0.5521109,
1,4,11.825,-0.06311904,0.07853553,-1.310944,0.5536687,-0.37314,-0.4993908,-0.5521109,
1,4,11.827,-0.06311904,0.07853553,-1.310944,0.5536687,-0.37314,-0.4993908,-0.5521109,
1,4,11.829,-0.06315869,0.07854558,-1.310935,0.5536249,-0.3731246,-0.4994511,-0.5521107,
1,4,11.831,-0.06315869,0.07854558,-1.310935,0.5536249,-0.3731246,-0.4994511,-0.5521107,
1,4,11.833,-0.06315869,0.07854558,-1.310935,0.5536249,-0.3731246,-0.4994511,-0.5521107,
1,4,11.835,-0.06315869,0.07854558,-1.310935,0.5536249,-0.3731246,-0.4994511,-0.5521107,
1,4,11.837,-0.06312683,0.07854082,-1.310948,0.5536129,-0.3731534,-0.4994509,-0.5521034,
1,4,11.839,-0.06312683,0.07854082,-1.310948,0.5536129,-0.3731534,-0.4994509,-0.5521034,
1,4,11.841,-0.06312683,0.07854082,-1.310948,0.5536129,-0.3731534,-0.4994509,-0.5521034,
1,4,11.843,-0.06312683,0.07854082,-1.310948,0.5536129,-0.3731534,-0.4994509,-0.5521034,
1,4,11.845,-0.06313931,0.07854242,-1.310937,0.5536028,-0.373128,-0.499461,-0.5521215,
1,4,11.847,-0.06313931,0.07854242,-1.310937,0.5536028,-0.373128,-0.499461,-0.5521215,
1,4,11.849,-0.06313931,0.07854242,-1.310937,0.5536028,-0.373128,-0.499461,-0.5521215,
1,4,11.851,-0.06313931,0.07854242,-1.310937,0.5536028,-0.373128,-0.499461,-0.5521215,
1,4,11.853,-0.06313931,0.07854242,-1.310937,0.5536028,-0.373128,-0.499461,-0.5521215,
1,4,11.855,-0.06313041,0.07854903,-1.310943,0.5536001,-0.3731204,-0.4994683,-0.5521227,
1,4,11.857,-0.06313041,0.07854903,-1.310943,0.5536001,-0.3731204,-0.4994683,-0.5521227,
1,4,11.859,-0.06313041,0.07854903,-1.310943,0.5536001,-0.3731204,-0.4994683,-0.5521227,
1,4,11.861,-0.06313041,0.07854903,-1.310943,0.5536001,-0.3731204,-0.4994683,-0.5521227,
1,4,11.863,-0.06313121,0.07853435,-1.310938,0.5536122,-0.3731588,-0.4994338,-0.5521159,
1,4,11.865,-0.06313121,0.07853435,-1.310938,0.5536122,-0.3731588,-0.4994338,-0.5521159,
1,4,11.867,-0.06313121,0.07853435,-1.310938,0.5536122,-0.3731588,-0.4994338,-0.5521159,
1,4,11.869,-0.06313121,0.07853435,-1.310938,0.5536122,-0.3731588,-0.4994338,-0.5521159,
1,4,11.871,-0.0631578,0.07853851,-1.310946,0.5535951,-0.3731659,-0.49946,-0.5521047,
1,4,11.873,-0.0631578,0.07853851,-1.310946,0.5535951,-0.3731659,-0.49946,-0.5521047,
1,4,11.875,-0.0631578,0.07853851,-1.310946,0.5535951,-0.3731659,-0.49946,-0.5521047,
1,4,11.877,-0.0631578,0.07853851,-1.310946,0.5535951,-0.3731659,-0.49946,-0.5521047,
1,4,11.879,-0.06312856,0.07854296,-1.310941,0.5536101,-0.3731098,-0.4994678,-0.5521204,
1,4,11.881,-0.06312856,0.07854296,-1.310941,0.5536101,-0.3731098,-0.4994678,-0.5521204,
1,4,11.883,-0.06312856,0.07854296,-1.310941,0.5536101,-0.3731098,-0.4994678,-0.5521204,
1,4,11.885,-0.06312856,0.07854296,-1.310941,0.5536101,-0.3731098,-0.4994678,-0.5521204,
1,4,11.887,-0.06311784,0.07853565,-1.31096,0.5536389,-0.373164,-0.4994007,-0.5521154,
1,4,11.889,-0.06311784,0.07853565,-1.31096,0.5536389,-0.373164,-0.4994007,-0.5521154,
1,4,11.891,-0.06311784,0.07853565,-1.31096,0.5536389,-0.373164,-0.4994007,-0.5521154,
1,4,11.893,-0.06311784,0.07853565,-1.31096,0.5536389,-0.373164,-0.4994007,-0.5521154,
1,4,11.895,-0.06312247,0.07852881,-1.310949,0.5536258,-0.373164,-0.4994109,-0.5521196,
1,4,11.897,-0.06312247,0.07852881,-1.310949,0.5536258,-0.373164,-0.4994109,-0.5521196,
1,4,11.899,-0.06312247,0.07852881,-1.310949,0.5536258,-0.373164,-0.4994109,-0.5521196,
1,4,11.901,-0.06312247,0.07852881,-1.310949,0.5536258,-0.373164,-0.4994109,-0.5521196,
1,4,11.903,-0.06312247,0.07852881,-1.310949,0.5536258,-0.373164,-0.4994109,-0.5521196,
1,4,11.905,-0.06313345,0.07853083,-1.310946,0.5536113,-0.373162,-0.4994102,-0.552136,
1,4,11.907,-0.06313345,0.07853083,-1.310946,0.5536113,-0.373162,-0.4994102,-0.552136,
1,4,11.909,-0.06313345,0.07853083,-1.310946,0.5536113,-0.373162,-0.4994102,-0.552136,
1,4,11.911,-0.06313345,0.07853083,-1.310946,0.5536113,-0.373162,-0.4994102,-0.552136,
1,4,11.913,-0.06312628,0.07854883,-1.310943,0.5536035,-0.373121,-0.4994424,-0.5521424,
1,4,11.915,-0.06312628,0.07854883,-1.310943,0.5536035,-0.373121,-0.4994424,-0.5521424,
1,4,11.917,-0.06312628,0.07854883,-1.310943,0.5536035,-0.373121,-0.4994424,-0.5521424,
1,4,11.919,-0.06312628,0.07854883,-1.310943,0.5536035,-0.373121,-0.4994424,-0.5521424,
1,4,11.921,-0.06314663,0.07854132,-1.310936,0.5535901,-0.3731099,-0.4994898,-0.5521205,
1,4,11.923,-0.06314663,0.07854132,-1.310936,0.5535901,-0.3731099,-0.4994898,-0.5521205,
1,4,11.925,-0.06314663,0.07854132,-1.310936,0.5535901,-0.3731099,-0.4994898,-0.5521205,
1,4,11.927,-0.06314663,0.07854132,-1.310936,0.5535901,-0.3731099,-0.4994898,-0.5521205,
1,4,11.929,-0.06312544,0.07853782,-1.310938,0.5536223,-0.373089,-0.4994523,-0.5521362,
1,4,11.931,-0.06312544,0.07853782,-1.310938,0.5536223,-0.373089,-0.4994523,-0.5521362,
1,4,11.933,-0.06312544,0.07853782,-1.310938,0.5536223,-0.373089,-0.4994523,-0.5521362,
1,4,11.935,-0.06312544,0.07853782,-1.310938,0.5536223,-0.373089,-0.4994523,-0.5521362,
1,4,11.937,-0.06309017,0.07852739,-1.310953,0.5536603,-0.3731078,-0.4993954,-0.5521368,
1,4,11.939,-0.06309017,0.07852739,-1.310953,0.5536603,-0.3731078,-0.4993954,-0.5521368,
1,4,11.941,-0.06309017,0.07852739,-1.310953,0.5536603,-0.3731078,-0.4993954,-0.5521368,
1,4,11.943,-0.06309017,0.07852739,-1.310953,0.5536603,-0.3731078,-0.4993954,-0.5521368,
1,4,11.945,-0.06314756,0.07852933,-1.310937,0.5536101,-0.3731203,-0.499467,-0.5521141,
1,4,11.947,-0.06314756,0.07852933,-1.310937,0.5536101,-0.3731203,-0.499467,-0.5521141,
1,4,11.949,-0.06314756,0.07852933,-1.310937,0.5536101,-0.3731203,-0.499467,-0.5521141,
1,4,11.951,-0.06314756,0.07852933,-1.310937,0.5536101,-0.3731203,-0.499467,-0.5521141,
1,4,11.953,-0.06314756,0.07852933,-1.310937,0.5536101,-0.3731203,-0.499467,-0.5521141,
1,4,11.955,-0.063113,0.07852016,-1.310959,0.5536725,-0.3731972,-0.499347,-0.552108,
1,4,11.957,-0.063113,0.07852016,-1.310959,0.5536725,-0.3731972,-0.499347,-0.552108,
1,4,11.959,-0.063113,0.07852016,-1.310959,0.5536725,-0.3731972,-0.499347,-0.552108,
1,4,11.961,-0.063113,0.07852016,-1.310959,0.5536725,-0.3731972,-0.499347,-0.552108,
1,4,11.963,-0.0631218,0.07852195,-1.310954,0.5536671,-0.3731926,-0.4993623,-0.5521026,
1,4,11.965,-0.0631218,0.07852195,-1.310954,0.5536671,-0.3731926,-0.4993623,-0.5521026,
1,4,11.967,-0.0631218,0.07852195,-1.310954,0.5536671,-0.3731926,-0.4993623,-0.5521026,
1,4,11.969,-0.0631218,0.07852195,-1.310954,0.5536671,-0.3731926,-0.4993623,-0.5521026,
1,4,11.971,-0.06311778,0.07853702,-1.310947,0.5536296,-0.3731239,-0.4994398,-0.5521166,
1,4,11.973,-0.06311778,0.07853702,-1.310947,0.5536296,-0.3731239,-0.4994398,-0.5521166,
1,4,11.975,-0.06311778,0.07853702,-1.310947,0.5536296,-0.3731239,-0.4994398,-0.5521166,
1,4,11.977,-0.06311778,0.07853702,-1.310947,0.5536296,-0.3731239,-0.4994398,-0.5521166,
1,4,11.979,-0.06308981,0.07851716,-1.310964,0.5536638,-0.3731692,-0.4993691,-0.5521156,
1,4,11.981,-0.06308981,0.07851716,-1.310964,0.5536638,-0.3731692,-0.4993691,-0.5521156,
1,4,11.983,-0.06308981,0.07851716,-1.310964,0.5536638,-0.3731692,-0.4993691,-0.5521156,
1,4,11.985,-0.06308981,0.07851716,-1.310964,0.5536638,-0.3731692,-0.4993691,-0.5521156,
1,4,11.987,-0.0631137,0.07854152,-1.310948,0.5536365,-0.3731093,-0.4994171,-0.5521402,
1,4,11.989,-0.0631137,0.07854152,-1.310948,0.5536365,-0.3731093,-0.4994171,-0.5521402,
1,4,11.991,-0.0631137,0.07854152,-1.310948,0.5536365,-0.3731093,-0.4994171,-0.5521402,
1,4,11.993,-0.0631137,0.07854152,-1.310948,0.5536365,-0.3731093,-0.4994171,-0.5521402,
1,4,11.995,-0.06309482,0.07851832,-1.31095,0.5536721,-0.3731651,-0.4993777,-0.5521024,
1,4,11.997,-0.06309482,0.07851832,-1.31095,0.5536721,-0.3731651,-0.4993777,-0.5521024,
1,4,11.999,-0.06309482,0.07851832,-1.31095,0.5536721,-0.3731651,-0.4993777,-0.5521024,
1,5,12.001,-0.06309482,0.07851832,-1.31095,0.5536721,-0.3731651,-0.4993777,-0.5521024,TrialStart
1,5,12.003,-0.06309482,0.07851832,-1.31095,0.5536721,-0.3731651,-0.4993777,-0.5521024,
1,5,12.005,-0.06313919,0.07853522,-1.310943,0.5536017,-0.3731249,-0.4994701,-0.5521164,
1,5,12.007,-0.06313919,0.07853522,-1.310943,0.5536017,-0.3731249,-0.4994701,-0.5521164,
1,5,12.009,-0.06313919,0.07853522,-1.310943,0.5536017,-0.3731249,-0.4994701,-0.5521164,
1,5,12.011,-0.06313919,0.07853522,-1.310943,0.5536017,-0.3731249,-0.4994701,-0.5521164,
1,5,12.013,-0.0631512,0.07853502,-1.310944,0.5536064,-0.3731175,-0.499479,-0.5521088,
1,5,12.015,-0.0631512,0.07853502,-1.310944,0.5536064,-0.3731175,-0.499479,-0.5521088,
1,5,12.017,-0.0631512,0.07853502,-1.310944,0.5536064,-0.3731175,-0.499479,-0.5521088,
1,5,12.019,-0.0631512,0.07853502,-1.310944,0.5536064,-0.3731175,-0.499479,-0.5521088,
1,5,12.021,-0.06316154,0.07854024,-1.310934,0.5536005,-0.3730911,-0.4995039,-0.5521099,
1,5,12.023,-0.06316154,0.07854024,-1.310934,0.5536005,-0.3730911,-0.4995039,-0.5521099,
1,5,12.025,-0.06316154,0.07854024,-1.310934,0.5536005,-0.3730911,-0.4995039,-0.5521099,
1,5,12.027,-0.06316154,0.07854024,-1.310934,0.5536005,-0.3730911,-0.4995039,-0.5521099,
1,5,12.029,-0.06313626,0.07853967,-1.310947,0.5536041,-0.3731252,-0.4994609,-0.5521224,
1,5,12.031,-0.06313626,0.07853967,-1.310947,0.5536041,-0.3731252,-0.4994609,-0.5521224,
1,5,12.033,-0.06313626,0.07853967,-1.310947,0.5536041,-0.3731252,-0.4994609,-0.5521224,
1,5,12.035,-0.06313626,0.07853967,-1.310947,0.5536041,-0.3731252,-0.4994609,-0.5521224,
1,5,12.037,-0.06308476,0.07852459,-1.310961,0.5536892,-0.3731835,-0.499338,-0.5521087,
1,5,12.039,-0.06308476,0.07852459,-1.310961,0.5536892,-0.3731835,-0.499338,-0.5521087,
1,5,12.041,-0.06308476,0.07852459,-1.310961,0.5536892,-0.3731835,-0.499338,-0.5521087,
1,5,12.043,-0.06308476,0.07852459,-1.310961,0.5536892,-0.3731835,-0.499338,-0.5521087,
1,5,12.045,-0.06311053,0.07854293,-1.310943,0.5536453,-0.3731059,-0.4994312,-0.5521207,
1,5,12.047,-0.06311053,0.07854293,-1.310943,0.5536453,-0.3731059,-0.4994312,-0.5521207,
1,5,12.049,-0.06311053,0.07854293,-1.310943,0.5536453,-0.3731059,-0.4994312,-0.5521207,
1,5,12.051,-0.06311053,0.07854293,-1.310943,0.5536453,-0.3731059,-0.4994312,-0.5521207,
1,5,12.053,-0.06311053,0.07854293,-1.310943,0.5536453,-0.3731059,-0.4994312,-0.5521207,
1,5,12.055,-0.06313323,0.07854893,-1.310925,0.5536136,-0.3730754,-0.4995032,-0.552108,
1,5,12.057,-0.06313323,0.07854893,-1.310925,0.5536136,-0.3730754,-0.4995032,-0.552108,
1,5,12.059,-0.06313323,0.07854893,-1.310925,0.5536136,-0.3730754,-0.4995032,-0.552108,
1,5,12.061,-0.06313323,0.07854893,-1.310925,0.5536136,-0.3730754,-0.4995032,-0.552108,
1,5,12.063,-0.06314059,0.07852547,-1.31094,0.5535969,-0.3731288,-0.4994884,-0.5521021,
1,5,12.065,-0.06314059,0.07852547,-1.31094,0.5535969,-0.3731288,-0.4994884,-0.5521021,
1,5,12.067,-0.06314059,0.07852547,-1.31094,0.5535969,-0.3731288,-0.4994884,-0.5521021,
1,5,12.069,-0.06314059,0.07852547,-1.31094,0.5535969,-0.3731288,-0.4994884,-0.5521021,
1,5,12.071,-0.06314996,0.07852721,-1.310939,0.553591,-0.3731157,-0.4994854,-0.5521196,
1,5,12.073,-0.06314996,0.07852721,-1.310939,0.553591,-0.3731157,-0.4994854,-0.5521196,
1,5,12.075,-0.06314996,0.07852721,-1.310939,0.553591,-0.3731157,-0.4994854,-0.5521196,
1,5,12.077,-0.06314996,0.07852721,-1.310939,0.553591,-0.3731157,-0.4994854,-0.5521196,
1,5,12.079,-0.06317049,0.07854248,-1.310933,0.5535893,-0.3731469,-0.4994911,-0.552095,
1,5,12.081,-0.06317049,0.07854248,-1.310933,0.5535893,-0.3731469,-0.4994911,-0.552095,
1,5,12.083,-0.06317049,0.07854248,-1.310933,0.5535893,-0.3731469,-0.4994911,-0.552095,
1,5,12.085,-0.06317049,0.07854248,-1.310933,0.5535893,-0.3731469,-0.4994911,-0.552095,
1,5,12.087,-0.06312421,0.07854033,-1.310937,0.5536025,-0.3730909,-0.4994836,-0.5521265,
1,5,12.089,-0.06312421,0.07854033,-1.310937,0.5536025,-0.3730909,-0.4994836,-0.5521265,
1,5,12.091,-0.06312421,0.07854033,-1.310937,0.5536025,-0.3730909,-0.4994836,-0.5521265,
1,5,12.093,-0.06312421,0.07854033,-1.310937,0.5536025,-0.3730909,-0.4994836,-0.5521265,
1,5,12.095,-0.06312963,0.07854504,-1.310927,0.5535762,-0.3730738,-0.4995067,-0.5521435,
1,5,12.097,-0.06312963,0.07854504,-1.310927,0.5535762,-0.3730738,-0.4995067,-0.5521435,
1,5,12.099,-0.06312963,0.07854504,-1.310927,0.5535762,-0.3730738,-0.4995067,-0.5521435,
1,5,12.101,-0.06312963,0.07854504,-1.310927,0.5535762,-0.3730738,-0.4995067,-0.5521435,
1,5,12.103,-0.06312963,0.07854504,-1.310927,0.5535762,-0.3730738,-0.4995067,-0.5521435,
1,5,12.105,-0.06307682,0.07853111,-1.31095,0.5536715,-0.3731235,-0.4993745,-0.5521339,
1,5,12.107,-0.06307682,0.07853111,-1.31095,0.5536715,-0.3731235,-0.4993745,-0.5521339,
1,5,12.109,-0.06307682,0.07853111,-1.31095,0.5536715,-0.3731235,-0.4993745,-0.5521339,
1,5,12.111,-0.06307682,0.07853111,-1.31095,0.5536715,-0.3731235,-0.4993745,-0.5521339,
1,5,12.113,-0.0631323,0.07854217,-1.310939,0.5536123,-0.3731197,-0.4994346,-0.5521415,
1,5,12.115,-0.0631323,0.07854217,-1.310939,0.5536123,-0.3731197,-0.4994346,-0.5521415,
1,5,12.117,-0.0631323,0.07854217,-1.310939,0.5536123,-0.3731197,-0.4994346,-0.5521415,
1,5,12.119,-0.0631323,0.07854217,-1.310939,0.5536123,-0.3731197,-0.4994346,-0.5521415,
1,5,12.121,-0.06312455,0.07853607,-1.310945,0.5536266,-0.3731257,-0.4994321,-0.5521253,
1,5,12.123,-0.06312455,0.07853607,-1.310945,0.5536266,-0.3731257,-0.4994321,-0.5521253,
1,5,12.125,-0.06312455,0.07853607,-1.310945,0.5536266,-0.3731257,-0.4994321,-0.5521253,
1,5,12.127,-0.06312455,0.07853607,-1.310945,0.5536266,-0.3731257,-0.4994321,-0.5521253,
1,5,12.129,-0.06308337,0.07854982,-1.310938,0.5536528,-0.3730663,-0.4994222,-0.5521483,
1,5,12.131,-0.06308337,0.07854982,-1.310938,0.5536528,-0.3730663,-0.4994222,-0.5521483,
1,5,12.133,-0.06308337,0.07854982,-1.310938,0.5536528,-0.3730663,-0.4994222,-0.5521483,
1,5,12.135,-0.06308337,0.07854982,-1.310938,0.5536528,-0.3730663,-0.4994222,-0.5521483,
1,5,12.137,-0.06311048,0.07854425,-1.31095,0.5536522,-0.3730827,-0.499427,-0.5521334,
1,5,12.139,-0.06311048,0.07854425,-1.31095,0.5536522,-0.3730827,-0.499427,-0.5521334,
1,5,12.141,-0.06311048,0.07854425,-1.31095,0.5536522,-0.3730827,-0.499427,-0.5521334,
1,5,12.143,-0.06311048,0.07854425,-1.31095,0.5536522,-0.3730827,-0.499427,-0.5521334,
1,5,12.145,-0.06312636,0.07853113,-1.310941,0.5536266,-0.373119,-0.499436,-0.5521264,
1,5,12.147,-0.06312636,0.07853113,-1.310941,0.5536266,-0.373119,-0.499436,-0.5521264,
1,5,12.149,-0.06312636,0.07853113,-1.310941,0.5536266,-0.373119,-0.499436,-0.5521264,
1,5,12.151,-0.06312636,0.07853113,-1.310941,0.5536266,-0.373119,-0.499436,-0.5521264,
1,5,12.153,-0.06312636,0.07853113,-1.310941,0.5536266,-0.373119,-0.499436,-0.5521264,
1,5,12.155,-0.063122,0.07853423,-1.310947,0.5536621,-0.3731342,-0.4993874,-0.5521246,
1,5,12.157,-0.063122,0.07853423,-1.310947,0.5536621,-0.3731342,-0.4993874,-0.5521246,
1,5,12.159,-0.063122,0.07853423,-1.310947,0.5536621,-0.3731342,-0.4993874,-0.5521246,
1,5,12.161,-0.063122,0.07853423,-1.310947,0.5536621,-0.3731342,-0.4993874,-0.5521246,
1,5,12.163,-0.06309275,0.07854798,-1.310944,0.5536796,-0.3731126,-0.4993571,-0.5521489,
1,5,12.165,-0.06309275,0.07854798,-1.310944,0.5536796,-0.3731126,-0.4993571,-0.5521489,
1,5,12.167,-0.06309275,0.07854798,-1.310944,0.5536796,-0.3731126,-0.4993571,-0.5521489,
1,5,12.169,-0.06309275,0.07854798,-1.310944,0.5536796,-0.3731126,-0.4993571,-0.5521489,
1,5,12.171,-0.06311781,0.07855865,-1.310932,0.5536395,-0.3730898,-0.4994395,-0.5521301,
1,5,12.173,-0.06311781,0.07855865,-1.310932,0.5536395,-0.3730898,-0.4994395,-0.5521301,
1,5,12.175,-0.06311781,0.07855865,-1.310932,0.5536395,-0.3730898,-0.4994395,-0.5521301,
1,5,12.177,-0.06311781,0.07855865,-1.310932,0.5536395,-0.3730898,-0.4994395,-0.5521301,
1,5,12.179,-0.06313612,0.0785484,-1.310939,0.5536241,-0.3730979,-0.4994532,-0.5521276,
1,5,12.181,-0.06313612,0.0785484,-1.310939,0.5536241,-0.3730979,-0.4994532,-0.5521276,
1,5,12.183,-0.06313612,0.0785484,-1.310939,0.5536241,-0.3730979,-0.4994532,-0.5521276,
1,5,12.185,-0.06313612,0.0785484,-1.310939,0.5536241,-0.3730979,-0.4994532,-0.5521276,
1,5,12.187,-0.0631076,0.07853235,-1.310954,0.5536616,-0.3731354,-0.4994117,-0.5521021,
1,5,12.189,-0.0631076,0.07853235,-1.310954,0.5536616,-0.3731354,-0.4994117,-0.5521021,
1,5,12.191,-0.0631076,0.07853235,-1.310954,0.5536616,-0.3731354,-0.4994117,-0.5521021,
1,5,12.193,-0.0631076,0.07853235,-1.310954,0.5536616,-0.3731354,-0.4994117,-0.5521021,
1,5,12.195,-0.06310374,0.07853319,-1.31096,0.5536644,-0.3731552,-0.4994019,-0.5520948,
1,5,12.197,-0.06310374,0.07853319,-1.31096,0.5536644,-0.3731552,-0.4994019,-0.5520948,
1,5,12.199,-0.06310374,0.07853319,-1.31096,0.5536644,-0.3731552,-0.4994019,-0.5520948,
1,5,12.201,-0.06310374,0.07853319,-1.31096,0.5536644,-0.3731552,-0.4994019,-0.5520948,
1,5,12.203,-0.06310374,0.07853319,-1.31096,0.5536644,-0.3731552,-0.4994019,-0.5520948,
1,5,12.205,-0.06309575,0.07854247,-1.310946,0.5536644,-0.3731276,-0.4993917,-0.5521227,
1,5,12.207,-0.06309575,0.07854247,-1.310946,0.5536644,-0.3731276,-0.4993917,-0.5521227,
1,5,12.209,-0.06309575,0.07854247,-1.310946,0.5536644,-0.3731276,-0.4993917,-0.5521227,
1,5,12.211,-0.06309575,0.07854247,-1.310946,0.5536644,-0.3731276,-0.4993917,-0.5521227,
1,5,12.213,-0.0630865,0.07853491,-1.310954,0.5536945,-0.3731587,-0.4993443,-0.5521145,
1,5,12.215,-0.0630865,0.07853491,-1.310954,0.5536945,-0.3731587,-0.4993443,-0.5521145,
1,5,12.217,-0.0630865,0.07853491,-1.310954,0.5536945,-0.3731587,-0.4993443,-0.5521145,
1,5,12.219,-0.0630865,0.07853491,-1.310954,0.5536945,-0.3731587,-0.4993443,-0.5521145,
1,5,12.221,-0.06310032,0.07853641,-1.310951,0.5537145,-0.3731456,-0.4993348,-0.5521117,
1,5,12.223,-0.06310032,0.07853641,-1.310951,0.5537145,-0.3731456,-0.4993348,-0.5521117,
1,5,12.225,-0.06310032,0.07853641,-1.310951,0.5537145,-0.3731456,-0.4993348,-0.5521117,
1,5,12.227,-0.06310032,0.07853641,-1.310951,0.5537145,-0.3731456,-0.4993348,-0.5521117,
1,5,12.229,-0.06309289,0.07853767,-1.310953,0.553715,-0.3731504,-0.49934,-0.5521035,
1,5,12.231,-0.06309289,0.07853767,-1.310953,0.553715,-0.3731504,-0.49934,-0.5521035,
1,5,12.233,-0.06309289,0.07853767,-1.310953,0.553715,-0.3731504,-0.49934,-0.5521035,
1,5,12.235,-0.06309289,0.07853767,-1.310953,0.553715,-0.3731504,-0.49934,-0.5521035,
1,5,12.237,-0.06310222,0.07856311,-1.310956,0.5537249,-0.3731091,-0.4993378,-0.5521232,
1,5,12.239,-0.06310222,0.07856311,-1.310956,0.5537249,-0.3731091,-0.4993378,-0.5521232,
1,5,12.241,-0.06310222,0.07856311,-1.310956,0.5537249,-0.3731091,-0.4993378,-0.5521232,
1,5,12.243,-0.06310222,0.07856311,-1.310956,0.5537249,-0.3731091,-0.4993378,-0.5521232,
1,5,12.245,-0.06311499,0.07857314,-1.31094,0.5537044,-0.3730765,-0.4993839,-0.5521241,
1,5,12.247,-0.06311499,0.07857314,-1.31094,0.5537044,-0.3730765,-0.4993839,-0.5521241,
1,5,12.249,-0.06311499,0.07857314,-1.31094,0.5537044,-0.3730765,-0.4993839,-0.5521241,
1,5,12.251,-0.06311499,0.07857314,-1.31094,0.5537044,-0.3730765,-0.4993839,-0.5521241,
1,5,12.253,-0.06311499,0.07857314,-1.31094,0.5537044,-0.3730765,-0.4993839,-0.5521241,
1,5,12.255,-0.06309529,0.07850381,-1.310995,0.5536026,-0.3730944,-0.499431,-0.5521717,
1,5,12.257,-0.06309529,0.07850381,-1.310995,0.5536026,-0.3730944,-0.499431,-0.5521717,
1,5,12.259,-0.06309529,0.07850381,-1.310995,0.5536026,-0.3730944,-0.499431,-0.5521717,
1,5,12.261,-0.06309529,0.07850381,-1.310995,0.5536026,-0.3730944,-0.499431,-0.5521717,
1,5,12.263,-0.06303907,0.07849396,-1.310982,0.5535433,-0.3730688,-0.4994574,-0.5522243,
1,5,12.265,-0.06303907,0.07849396,-1.310982,0.5535433,-0.3730688,-0.4994574,-0.5522243,
1,5,12.267,-0.06303907,0.07849396,-1.310982,0.5535433,-0.3730688,-0.4994574,-0.5522243,
1,5,12.269,-0.06303907,0.07849396,-1.310982,0.5535433,-0.3730688,-0.4994574,-0.5522243,
1,5,12.271,-0.0629935,0.07851592,-1.31095,0.5535722,-0.3729759,-0.4994768,-0.5522407,
1,5,12.273,-0.0629935,0.07851592,-1.31095,0.5535722,-0.3729759,-0.4994768,-0.5522407,
1,5,12.275,-0.0629935,0.07851592,-1.31095,0.5535722,-0.3729759,-0.4994768,-0.5522407,
1,5,12.277,-0.0629935,0.07851592,-1.31095,0.5535722,-0.3729759,-0.4994768,-0.5522407,
1,5,12.279,-0.06305309,0.0784943,-1.310948,0.553614,-0.3730662,-0.4994496,-0.5521625,
1,5,12.281,-0.06305309,0.0784943,-1.310948,0.553614,-0.3730662,-0.4994496,-0.5521625,
1,5,12.283,-0.06305309,0.0784943,-1.310948,0.553614,-0.3730662,-0.4994496,-0.5521625,
1,5,12.285,-0.06305309,0.0784943,-1.310948,0.553614,-0.3730662,-0.4994496,-0.5521625,
1,5,12.287,-0.06310157,0.07851416,-1.310941,0.5535508,-0.3730342,-0.4995522,-0.5521546,
1,5,12.289,-0.06310157,0.07851416,-1.310941,0.5535508,-0.3730342,-0.4995522,-0.5521546,
1,5,12.291,-0.06310157,0.07851416,-1.310941,0.5535508,-0.3730342,-0.4995522,-0.5521546,
1,5,12.293,-0.06310157,0.07851416,-1.310941,0.5535508,-0.3730342,-0.4995522,-0.5521546,
1,5,12.295,-0.06307106,0.07853398,-1.31094,0.5535151,-0.3729578,-0.499592,-0.552206,
1,5,12.297,-0.06307106,0.07853398,-1.31094,0.5535151,-0.3729578,-0.499592,-0.552206,
1,5,12.299,-0.06307106,0.07853398,-1.31094,0.5535151,-0.3729578,-0.499592,-0.552206,
1,5,12.301,-0.06307106,0.07853398,-1.31094,0.5535151,-0.3729578,-0.499592,-0.552206,
1,5,12.303,-0.06307106,0.07853398,-1.31094,0.5535151,-0.3729578,-0.499592,-0.552206,
1,5,12.305,-0.06300513,0.07854058,-1.310943,0.553543,-0.3729137,-0.4995622,-0.5522346,
1,5,12.307,-0.06300513,0.07854058,-1.310943,0.553543,-0.3729137,-0.4995622,-0.5522346,
1,5,12.309,-0.06300513,0.07854058,-1.310943,0.553543,-0.3729137,-0.4995622,-0.5522346,
1,5,12.311,-0.06300513,0.07854058,-1.310943,0.553543,-0.3729137,-0.4995622,-0.5522346,
1,5,12.313,-0.0630746,0.07852576,-1.310947,0.5535585,-0.3730181,-0.4995274,-0.5521802,
1,5,12.315,-0.0630746,0.07852576,-1.310947,0.5535585,-0.3730181,-0.4995274,-0.5521802,
1,5,12.317,-0.0630746,0.07852576,-1.310947,0.5535585,-0.3730181,-0.4995274,-0.5521802,
1,5,12.319,-0.0630746,0.07852576,-1.310947,0.5535585,-0.3730181,-0.4995274,-0.5521802,
1,5,12.321,-0.0630818,0.07852957,-1.310944,0.5535271,-0.3729871,-0.4995515,-0.5522109,
1,5,12.323,-0.0630818,0.07852957,-1.310944,0.5535271,-0.3729871,-0.4995515,-0.5522109,
1,5,12.325,-0.0630818,0.07852957,-1.310944,0.5535271,-0.3729871,-0.4995515,-0.5522109,
1,5,12.327,-0.0630818,0.07852957,-1.310944,0.5535271,-0.3729871,-0.4995515,-0.5522109,
1,5,12.329,-0.06309289,0.07853489,-1.310952,0.553495,-0.3729563,-0.4995905,-0.5522285,
1,5,12.331,-0.06309289,0.07853489,-1.310952,0.553495,-0.3729563,-0.4995905,-0.5522285,
1,5,12.333,-0.06309289,0.07853489,-1.310952,0.553495,-0.3729563,-0.4995905,-0.5522285,
1,5,12.335,-0.06309289,0.07853489,-1.310952,0.553495,-0.3729563,-0.4995905,-0.5522285,
1,5,12.337,-0.06305884,0.07852499,-1.310962,0.5535219,-0.3729997,-0.4995373,-0.5522203,
1,5,12.339,-0.06305884,0.07852499,-1.310962,0.5535219,-0.3729997,-0.4995373,-0.5522203,
1,5,12.341,-0.06305884,0.07852499,-1.310962,0.5535219,-0.3729997,-0.4995373,-0.5522203,
1,5,12.343,-0.06305884,0.07852499,-1.310962,0.5535219,-0.3729997,-0.4995373,-0.5522203,
1,5,12.345,-0.06304531,0.07853328,-1.310956,0.5535247,-0.3729984,-0.4995181,-0.5522357,
1,5,12.347,-0.06304531,0.07853328,-1.310956,0.5535247,-0.3729984,-0.4995181,-0.5522357,
1,5,12.349,-0.06304531,0.07853328,-1.310956,0.5535247,-0.3729984,-0.4995181,-0.5522357,
1,5,12.351,-0.06304531,0.07853328,-1.310956,0.5535247,-0.3729984,-0.4995181,-0.5522357,
1,5,12.353,-0.06304531,0.07853328,-1.310956,0.5535247,-0.3729984,-0.4995181,-0.5522357,
1,5,12.355,-0.06307511,0.07853952,-1.310936,0.553508,-0.3729749,-0.4995564,-0.5522337,
1,5,12.357,-0.06307511,0.07853952,-1.310936,0.553508,-0.3729749,-0.4995564,-0.5522337,
1,5,12.359,-0.06307511,0.07853952,-1.310936,0.553508,-0.3729749,-0.4995564,-0.5522337,
1,5,12.361,-0.06307511,0.07853952,-1.310936,0.553508,-0.3729749,-0.4995564,-0.5522337,
1,5,12.363,-0.06306998,0.07853405,-1.310947,0.5535323,-0.3729907,-0.4995608,-0.5521947,
1,5,12.365,-0.06306998,0.07853405,-1.310947,0.5535323,-0.3729907,-0.4995608,-0.5521947,
1,5,12.367,-0.06306998,0.07853405,-1.310947,0.5535323,-0.3729907,-0.4995608,-0.5521947,
1,5,12.369,-0.06306998,0.07853405,-1.310947,0.5535323,-0.3729907,-0.4995608,-0.5521947,
1,5,12.371,-0.06304874,0.07852058,-1.310957,0.5535702,-0.3730194,-0.4995185,-0.5521756,
1,5,12.373,-0.06304874,0.07852058,-1.310957,0.5535702,-0.3730194,-0.4995185,-0.5521756,
1,5,12.375,-0.06304874,0.07852058,-1.310957,0.5535702,-0.3730194,-0.4995185,-0.5521756,
1,5,12.377,-0.06304874,0.07852058,-1.310957,0.5535702,-0.3730194,-0.4995185,-0.5521756,
1,5,12.379,-0.06303439,0.07852244,-1.310946,0.5535811,-0.3730208,-0.4994865,-0.5521926,
1,5,12.381,-0.06303439,0.07852244,-1.310946,0.5535811,-0.3730208,-0.4994865,-0.5521926,
1,5,12.383,-0.06303439,0.07852244,-1.310946,0.5535811,-0.3730208,-0.4994865,-0.5521926,
1,5,12.385,-0.06303439,0.07852244,-1.310946,0.5535811,-0.3730208,-0.4994865,-0.5521926,
1,5,12.387,-0.06310696,0.07853265,-1.310934,0.553496,-0.3729819,-0.4995899,-0.5522107,
1,5,12.389,-0.06310696,0.07853265,-1.310934,0.553496,-0.3729819,-0.4995899,-0.5522107,
1,5,12.391,-0.06310696,0.07853265,-1.310934,0.553496,-0.3729819,-0.4995899,-0.5522107,
1,5,12.393,-0.06310696,0.07853265,-1.310934,0.553496,-0.3729819,-0.4995899,-0.5522107,
1,5,12.395,-0.0631026,0.07853004,-1.310943,0.5535046,-0.3730098,-0.4995793,-0.5521928,
1,5,12.397,-0.0631026,0.07853004,-1.310943,0.5535046,-0.3730098,-0.4995793,-0.5521928,
1,5,12.399,-0.0631026,0.07853004,-1.310943,0.5535046,-0.3730098,-0.4995793,-0.5521928,
1,5,12.401,-0.0631026,0.07853004,-1.310943,0.5535046,-0.3730098,-0.4995793,-0.5521928,
1,5,12.403,-0.0631026,0.07853004,-1.310943,0.5535046,-0.3730098,-0.4995793,-0.5521928,
1,5,12.405,-0.06303532,0.07852475,-1.31095,0.5535496,-0.3730091,-0.4994978,-0.552222,
1,5,12.407,-0.06303532,0.07852475,-1.31095,0.5535496,-0.3730091,-0.4994978,-0.552222,
1,5,12.409,-0.06303532,0.07852475,-1.31095,0.5535496,-0.3730091,-0.4994978,-0.552222,
1,5,12.411,-0.06303532,0.07852475,-1.31095,0.5535496,-0.3730091,-0.4994978,-0.552222,
1,5,12.413,-0.06307565,0.07853439,-1.310944,0.5534998,-0.3729686,-0.4995615,-0.5522415,
1,5,12.415,-0.06307565,0.07853439,-1.310944,0.5534998,-0.3729686,-0.4995615,-0.5522415,
1,5,12.417,-0.06307565,0.07853439,-1.310944,0.5534998,-0.3729686,-0.4995615,-0.5522415,
1,5,12.419,-0.06307565,0.07853439,-1.310944,0.5534998,-0.3729686,-0.4995615,-0.5522415,
1,5,12.421,-0.06311555,0.07853754,-1.310941,0.5534901,-0.3729722,-0.4996025,-0.5522118,
1,5,12.423,-0.06311555,0.07853754,-1.310941,0.5534901,-0.3729722,-0.4996025,-0.5522118,
1,5,12.425,-0.06311555,0.07853754,-1.310941,0.5534901,-0.3729722,-0.4996025,-0.5522118,
1,5,12.427,-0.06311555,0.07853754,-1.310941,0.5534901,-0.3729722,-0.4996025,-0.5522118,
1,5,12.429,-0.06308461,0.07853329,-1.310936,0.553515,-0.372968,-0.4995837,-0.5522066,
1,5,12.431,-0.06308461,0.07853329,-1.310936,0.553515,-0.372968,-0.4995837,-0.5522066,
1,5,12.433,-0.06308461,0.07853329,-1.310936,0.553515,-0.372968,-0.4995837,-0.5522066,
1,5,12.435,-0.06308461,0.07853329,-1.310936,0.553515,-0.372968,-0.4995837,-0.5522066,
1,5,12.437,-0.06301662,0.07853169,-1.310976,0.553569,-0.3729661,-0.4994885,-0.55224,
1,5,12.439,-0.06301662,0.07853169,-1.310976,0.553569,-0.3729661,-0.4994885,-0.55224,
1,5,12.441,-0.06301662,0.07853169,-1.310976,0.553569,-0.3729661,-0.4994885,-0.55224,
1,5,12.443,-0.06301662,0.07853169,-1.310976,0.553569,-0.3729661,-0.4994885,-0.55224,
1,5,12.445,-0.06303923,0.07852568,-1.31097,0.55357,-0.3730257,-0.4994543,-0.5522295,
1,5,12.447,-0.06303923,0.07852568,-1.31097,0.55357,-0.3730257,-0.4994543,-0.5522295,
1,5,12.449,-0.06303923,0.07852568,-1.31097,0.55357,-0.3730257,-0.4994543,-0.5522295,
1,5,12.451,-0.06303923,0.07852568,-1.31097,0.55357,-0.3730257,-0.4994543,-0.5522295,
1,5,12.453,-0.06303923,0.07852568,-1.31097,0.55357,-0.3730257,-0.4994543,-0.5522295,
1,5,12.455,-0.06306375,0.07852665,-1.311,0.5535729,-0.3730325,-0.4994526,-0.5522236,
1,5,12.457,-0.06306375,0.07852665,-1.311,0.5535729,-0.3730325,-0.4994526,-0.5522236,
1,5,12.459,-0.06306375,0.07852665,-1.311,0.5535729,-0.3730325,-0.4994526,-0.5522236,
1,5,12.461,-0.06306375,0.07852665,-1.311,0.5535729,-0.3730325,-0.4994526,-0.5522236,
1,5,12.463,-0.0630249,0.07853658,-1.310987,0.5535963,-0.3730382,-0.499418,-0.5522277,
1,5,12.465,-0.0630249,0.07853658,-1.310987,0.5535963,-0.3730382,-0.499418,-0.5522277,
1,5,12.467,-0.0630249,0.07853658,-1.310987,0.5535963,-0.3730382,-0.499418,-0.5522277,
1,5,12.469,-0.0630249,0.07853658,-1.310987,0.5535963,-0.3730382,-0.499418,-0.5522277,
1,5,12.471,-0.06306505,0.0785302,-1.31092,0.5535271,-0.372995,-0.4995442,-0.5522121,
1,5,12.473,-0.06306505,0.0785302,-1.31092,0.5535271,-0.372995,-0.4995442,-0.5522121,
1,5,12.475,-0.06306505,0.0785302,-1.31092,0.5535271,-0.372995,-0.4995442,-0.5522121,
1,5,12.477,-0.06306505,0.0785302,-1.31092,0.5535271,-0.372995,-0.4995442,-0.5522121,
1,5,12.479,-0.06310999,0.07852563,-1.310903,0.5535095,-0.3730222,-0.4995533,-0.5522033,
1,5,12.481,-0.06310999,0.07852563,-1.310903,0.5535095,-0.3730222,-0.4995533,-0.5522033,
1,5,12.483,-0.06310999,0.07852563,-1.310903,0.5535095,-0.3730222,-0.4995533,-0.5522033,
1,5,12.485,-0.06310999,0.07852563,-1.310903,0.5535095,-0.3730222,-0.4995533,-0.5522033,
1,5,12.487,-0.06306781,0.07852187,-1.310929,0.5535564,-0.3730298,-0.4995311,-0.552171,
1,5,12.489,-0.06306781,0.07852187,-1.310929,0.5535564,-0.3730298,-0.4995311,-0.552171,
1,5,12.491,-0.06306781,0.07852187,-1.310929,0.5535564,-0.3730298,-0.4995311,-0.552171,
1,5,12.493,-0.06306781,0.07852187,-1.310929,0.5535564,-0.3730298,-0.4995311,-0.552171,
1,5,12.495,-0.06305805,0.07852604,-1.310912,0.5535638,-0.3730024,-0.4995525,-0.5521628,
1,5,12.497,-0.06305805,0.07852604,-1.310912,0.5535638,-0.3730024,-0.4995525,-0.5521628,
1,5,12.499,-0.06305805,0.07852604,-1.310912,0.5535638,-0.3730024,-0.4995525,-0.5521628,
1,5,12.501,-0.06305805,0.07852604,-1.310912,0.5535638,-0.3730024,-0.4995525,-0.5521628,
1,5,12.503,-0.06305805,0.07852604,-1.310912,0.5535638,-0.3730024,-0.4995525,-0.5521628,
1,5,12.505,-0.06300833,0.07852446,-1.310929,0.5535971,-0.3729772,-0.4995143,-0.552181,
1,5,12.507,-0.06300833,0.07852446,-1.310929,0.5535971,-0.3729772,-0.4995143,-0.552181,
1,5,12.509,-0.06300833,0.07852446,-1.310929,0.5535971,-0.3729772,-0.4995143,-0.552181,
1,5,12.511,-0.06300833,0.07852446,-1.310929,0.5535971,-0.3729772,-0.4995143,-0.552181,
1,5,12.513,-0.06306234,0.078506,-1.310931,0.5535858,-0.373042,-0.4995063,-0.5521557,
1,5,12.515,-0.06306234,0.078506,-1.310931,0.5535858,-0.373042,-0.4995063,-0.5521557,
1,5,12.517,-0.06306234,0.078506,-1.310931,0.5535858,-0.373042,-0.4995063,-0.5521557,
1,5,12.519,-0.06306234,0.078506,-1.310931,0.5535858,-0.373042,-0.4995063,-0.5521557,
1,5,12.521,-0.06302742,0.07851049,-1.31093,0.553619,-0.3730312,-0.4994801,-0.5521535,
1,5,12.523,-0.06302742,0.07851049,-1.31093,0.553619,-0.3730312,-0.4994801,-0.5521535,
1,5,12.525,-0.06302742,0.07851049,-1.31093,0.553619,-0.3730312,-0.4994801,-0.5521535,
1,5,12.527,-0.06302742,0.07851049,-1.31093,0.553619,-0.3730312,-0.4994801,-0.5521535,
1,5,12.529,-0.06303369,0.07851399,-1.310926,0.5536126,-0.3729888,-0.4995159,-0.5521561,
1,5,12.531,-0.06303369,0.07851399,-1.310926,0.5536126,-0.3729888,-0.4995159,-0.5521561,
1,5,12.533,-0.06303369,0.07851399,-1.310926,0.5536126,-0.3729888,-0.4995159,-0.5521561,
1,5,12.535,-0.06303369,0.07851399,-1.310926,0.5536126,-0.3729888,-0.4995159,-0.5521561,
1,5,12.537,-0.06300826,0.07850106,-1.310952,0.5536438,-0.3730145,-0.499449,-0.5521681,
1,5,12.539,-0.06300826,0.07850106,-1.310952,0.5536438,-0.3730145,-0.499449,-0.5521681,
1,5,12.541,-0.06300826,0.07850106,-1.310952,0.5536438,-0.3730145,-0.499449,-0.5521681,
1,5,12.543,-0.06300826,0.07850106,-1.310952,0.5536438,-0.3730145,-0.499449,-0.5521681,
1,5,12.545,-0.06299673,0.0784814,-1.310961,0.5536883,-0.3730905,-0.499364,-0.5521489,
1,5,12.547,-0.06299673,0.0784814,-1.310961,0.5536883,-0.3730905,-0.499364,-0.5521489,
1,5,12.549,-0.06299673,0.0784814,-1.310961,0.5536883,-0.3730905,-0.499364,-0.5521489,
1,5,12.551,-0.06299673,0.0784814,-1.310961,0.5536883,-0.3730905,-0.499364,-0.5521489,
1,5,12.553,-0.06299673,0.0784814,-1.310961,0.5536883,-0.3730905,-0.499364,-0.5521489,
1,5,12.555,-0.06306992,0.07850981,-1.310937,0.5536047,-0.3730217,-0.4994949,-0.5521608,
1,5,12.557,-0.06306992,0.07850981,-1.310937,0.5536047,-0.3730217,-0.4994949,-0.5521608,
1,5,12.559,-0.06306992,0.07850981,-1.310937,0.5536047,-0.3730217,-0.4994949,-0.5521608,
1,5,12.561,-0.06306992,0.07850981,-1.310937,0.5536047,-0.3730217,-0.4994949,-0.5521608,
1,5,12.563,-0.06300839,0.07853252,-1.31095,0.5535965,-0.3729368,-0.4995167,-0.5522068,
1,5,12.565,-0.06300839,0.07853252,-1.31095,0.5535965,-0.3729368,-0.4995167,-0.5522068,
1,5,12.567,-0.06300839,0.07853252,-1.31095,0.5535965,-0.3729368,-0.4995167,-0.5522068,
1,5,12.569,-0.06300839,0.07853252,-1.31095,0.5535965,-0.3729368,-0.4995167,-0.5522068,
1,5,12.571,-0.06304296,0.07854185,-1.310924,0.5535533,-0.3728951,-0.4995819,-0.5522192,
1,5,12.573,-0.06304296,0.07854185,-1.310924,0.5535533,-0.3728951,-0.4995819,-0.5522192,
1,5,12.575,-0.06304296,0.07854185,-1.310924,0.5535533,-0.3728951,-0.4995819,-0.5522192,
1,5,12.577,-0.06304296,0.07854185,-1.310924,0.5535533,-0.3728951,-0.4995819,-0.5522192,
1,5,12.579,-0.06302542,0.0785167,-1.310924,0.5535699,-0.3729194,-0.4995596,-0.5522062,
1,5,12.581,-0.06302542,0.0785167,-1.310924,0.5535699,-0.3729194,-0.4995596,-0.5522062,
1,5,12.583,-0.06302542,0.0785167,-1.310924,0.5535699,-0.3729194,-0.4995596,-0.5522062,
1,5,12.585,-0.06302542,0.0785167,-1.310924,0.5535699,-0.3729194,-0.4995596,-0.5522062,
1,5,12.587,-0.06306452,0.07851441,-1.310923,0.5535513,-0.3729388,-0.4995897,-0.5521845,
1,5,12.589,-0.06306452,0.07851441,-1.310923,0.5535513,-0.3729388,-0.4995897,-0.5521845,
1,5,12.591,-0.06306452,0.07851441,-1.310923,0.5535513,-0.3729388,-0.4995897,-0.5521845,
1,5,12.593,-0.06306452,0.07851441,-1.310923,0.5535513,-0.3729388,-0.4995897,-0.5521845,
1,5,12.595,-0.06303988,0.07851069,-1.310931,0.5535852,-0.3729822,-0.4995117,-0.5521919,
1,5,12.597,-0.06303988,0.07851069,-1.310931,0.5535852,-0.3729822,-0.4995117,-0.5521919,
1,5,12.599,-0.06303988,0.07851069,-1.310931,0.5535852,-0.3729822,-0.4995117,-0.5521919,
1,5,12.601,-0.06303988,0.07851069,-1.310931,0.5535852,-0.3729822,-0.4995117,-0.5521919,
1,5,12.603,-0.06303988,0.07851069,-1.310931,0.5535852,-0.3729822,-0.4995117,-0.5521919,
1,5,12.605,-0.06301852,0.07852274,-1.310949,0.5535872,-0.3729473,-0.4995088,-0.552216,
1,5,12.607,-0.06301852,0.07852274,-1.310949,0.5535872,-0.3729473,-0.4995088,-0.552216,
1,5,12.609,-0.06301852,0.07852274,-1.310949,0.5535872,-0.3729473,-0.4995088,-0.552216,
1,5,12.611,-0.06301852,0.07852274,-1.310949,0.5535872,-0.3729473,-0.4995088,-0.552216,
1,5,12.613,-0.06302909,0.07852137,-1.310903,0.5535822,-0.372902,-0.4995488,-0.5522156,
1,5,12.615,-0.06302909,0.07852137,-1.310903,0.5535822,-0.372902,-0.4995488,-0.5522156,
1,5,12.617,-0.06302909,0.07852137,-1.310903,0.5535822,-0.372902,-0.4995488,-0.5522156,
1,5,12.619,-0.06302909,0.07852137,-1.310903,0.5535822,-0.372902,-0.4995488,-0.5522156,
1,5,12.621,-0.06301578,0.07850241,-1.310926,0.5536138,-0.3729462,-0.4995013,-0.5521968,
1,5,12.623,-0.06301578,0.07850241,-1.310926,0.5536138,-0.3729462,-0.4995013,-0.5521968,
1,5,12.625,-0.06301578,0.07850241,-1.310926,0.5536138,-0.3729462,-0.4995013,-0.5521968,
1,5,12.627,-0.06301578,0.07850241,-1.310926,0.5536138,-0.3729462,-0.4995013,-0.5521968,
1,5,12.629,-0.06300829,0.07852133,-1.310908,0.5535923,-0.3729208,-0.4995252,-0.552214,
1,5,12.631,-0.06300829,0.07852133,-1.310908,0.5535923,-0.3729208,-0.4995252,-0.552214,
1,5,12.633,-0.06300829,0.07852133,-1.310908,0.5535923,-0.3729208,-0.4995252,-0.552214,
1,5,12.635,-0.06300829,0.07852133,-1.310908,0.5535923,-0.3729208,-0.4995252,-0.552214,
1,5,12.637,-0.0630578,0.07850909,-1.31089,0.5535713,-0.372965,-0.4995287,-0.552202,
1,5,12.639,-0.0630578,0.07850909,-1.31089,0.5535713,-0.372965,-0.4995287,-0.552202,
1,5,12.641,-0.0630578,0.07850909,-1.31089,0.5535713,-0.372965,-0.4995287,-0.552202,
1,5,12.643,-0.0630578,0.07850909,-1.31089,0.5535713,-0.372965,-0.4995287,-0.552202,
1,5,12.645,-0.06302903,0.07851505,-1.310905,0.5535697,-0.3729542,-0.4995078,-0.5522298,
1,5,12.647,-0.06302903,0.07851505,-1.310905,0.5535697,-0.3729542,-0.4995078,-0.5522298,
1,5,12.649,-0.06302903,0.07851505,-1.310905,0.5535697,-0.3729542,-0.4995078,-0.5522298,
1,5,12.651,-0.06302903,0.07851505,-1.310905,0.5535697,-0.3729542,-0.4995078,-0.5522298,
1,5,12.653,-0.06302903,0.07851505,-1.310905,0.5535697,-0.3729542,-0.4995078,-0.5522298,
1,5,12.655,-0.06300541,0.07850952,-1.310929,0.5535976,-0.3729711,-0.4994748,-0.5522202,
1,5,12.657,-0.06300541,0.07850952,-1.310929,0.5535976,-0.3729711,-0.4994748,-0.5522202,
1,5,12.659,-0.06300541,0.07850952,-1.310929,0.5535976,-0.3729711,-0.4994748,-0.5522202,
1,5,12.661,-0.06300541,0.07850952,-1.310929,0.5535976,-0.3729711,-0.4994748,-0.5522202,
1,5,12.663,-0.06300112,0.07852767,-1.310908,0.5536056,-0.372916,-0.499501,-0.5522258,
1,5,12.665,-0.06300112,0.07852767,-1.310908,0.5536056,-0.372916,-0.499501,-0.5522258,
1,5,12.667,-0.06300112,0.07852767,-1.310908,0.5536056,-0.372916,-0.499501,-0.5522258,
1,5,12.669,-0.06300112,0.07852767,-1.310908,0.5536056,-0.372916,-0.499501,-0.5522258,
1,5,12.671,-0.06305808,0.07852156,-1.310893,0.5535975,-0.3729697,-0.4995054,-0.5521936,
1,5,12.673,-0.06305808,0.07852156,-1.310893,0.5535975,-0.3729697,-0.4995054,-0.5521936,
1,5,12.675,-0.06305808,0.07852156,-1.310893,0.5535975,-0.3729697,-0.4995054,-0.5521936,
1,5,12.677,-0.06305808,0.07852156,-1.310893,0.5535975,-0.3729697,-0.4995054,-0.5521936,
1,5,12.679,-0.06303098,0.07851899,-1.31091,0.5536143,-0.372973,-0.4994897,-0.5521887,
1,5,12.681,-0.06303098,0.07851899,-1.31091,0.5536143,-0.372973,-0.4994897,-0.5521887,
1,5,12.683,-0.06303098,0.07851899,-1.31091,0.5536143,-0.372973,-0.4994897,-0.5521887,
1,5,12.685,-0.06303098,0.07851899,-1.31091,0.5536143,-0.372973,-0.4994897,-0.5521887,
1,5,12.687,-0.06300367,0.07851821,-1.310929,0.5536294,-0.3730157,-0.4994228,-0.5522053,
1,5,12.689,-0.06300367,0.07851821,-1.310929,0.5536294,-0.3730157,-0.4994228,-0.5522053,
1,5,12.691,-0.06300367,0.07851821,-1.310929,0.5536294,-0.3730157,-0.4994228,-0.5522053,
1,5,12.693,-0.06300367,0.07851821,-1.310929,0.5536294,-0.3730157,-0.4994228,-0.5522053,
1,5,12.695,-0.06301218,0.07851903,-1.310913,0.5536308,-0.3729731,-0.4994382,-0.5522186,
1,5,12.697,-0.06301218,0.07851903,-1.310913,0.5536308,-0.3729731,-0.4994382,-0.5522186,
1,5,12.699,-0.06301218,0.07851903,-1.310913,0.5536308,-0.3729731,-0.4994382,-0.5522186,
1,5,12.701,-0.06301218,0.07851903,-1.310913,0.5536308,-0.3729731,-0.4994382,-0.5522186,
1,5,12.703,-0.06301218,0.07851903,-1.310913,0.5536308,-0.3729731,-0.4994382,-0.5522186,
1,5,12.705,-0.06299746,0.07852706,-1.310929,0.5536451,-0.3729386,-0.4994375,-0.5522285,
1,5,12.707,-0.06299746,0.07852706,-1.310929,0.5536451,-0.3729386,-0.4994375,-0.5522285,
1,5,12.709,-0.06299746,0.07852706,-1.310929,0.5536451,-0.3729386,-0.4994375,-0.5522285,
1,5,12.711,-0.06299746,0.07852706,-1.310929,0.5536451,-0.3729386,-0.4994375,-0.5522285,
1,5,12.713,-0.06301719,0.07853843,-1.310908,0.5536157,-0.3729114,-0.4994721,-0.5522449,
1,5,12.715,-0.06301719,0.07853843,-1.310908,0.5536157,-0.3729114,-0.4994721,-0.5522449,
1,5,12.717,-0.06301719,0.07853843,-1.310908,0.5536157,-0.3729114,-0.4994721,-0.5522449,
1,5,12.719,-0.06301719,0.07853843,-1.310908,0.5536157,-0.3729114,-0.4994721,-0.5522449,
1,5,12.721,-0.06302188,0.07851695,-1.310915,0.5536217,-0.3729751,-0.4994482,-0.5522174,
1,5,12.723,-0.06302188,0.07851695,-1.310915,0.5536217,-0.3729751,-0.4994482,-0.5522174,
1,5,12.725,-0.06302188,0.07851695,-1.310915,0.5536217,-0.3729751,-0.4994482,-0.5522174,
1,5,12.727,-0.06302188,0.07851695,-1.310915,0.5536217,-0.3729751,-0.4994482,-0.5522174,
1,5,12.729,-0.06301118,0.07851999,-1.310909,0.5536153,-0.372922,-0.4994952,-0.5522172,
1,5,12.731,-0.06301118,0.07851999,-1.310909,0.5536153,-0.372922,-0.4994952,-0.5522172,
1,5,12.733,-0.06301118,0.07851999,-1.310909,0.5536153,-0.372922,-0.4994952,-0.5522172,
1,5,12.735,-0.06301118,0.07851999,-1.310909,0.5536153,-0.372922,-0.4994952,-0.5522172,
1,5,12.737,-0.06302022,0.0785255,-1.310911,0.5536129,-0.37293,-0.4994866,-0.552222,
1,5,12.739,-0.06302022,0.0785255,-1.310911,0.5536129,-0.37293,-0.4994866,-0.552222,
1,5,12.741,-0.06302022,0.0785255,-1.310911,0.5536129,-0.37293,-0.4994866,-0.552222,
1,5,12.743,-0.06302022,0.0785255,-1.310911,0.5536129,-0.37293,-0.4994866,-0.552222,
1,5,12.745,-0.06301638,0.07851195,-1.310934,0.5536299,-0.3729871,-0.4994174,-0.552229,
1,5,12.747,-0.06301638,0.07851195,-1.310934,0.5536299,-0.3729871,-0.4994174,-0.552229,
1,5,12.749,-0.06301638,0.07851195,-1.310934,0.5536299,-0.3729871,-0.4994174,-0.552229,
1,5,12.751,-0.06301638,0.07851195,-1.310934,0.5536299,-0.3729871,-0.4994174,-0.552229,
1,5,12.753,-0.06301638,0.07851195,-1.310934,0.5536299,-0.3729871,-0.4994174,-0.552229,
1,5,12.755,-0.0630201,0.07852058,-1.310916,0.5536227,-0.3729276,-0.4994783,-0.5522213,
1,5,12.757,-0.0630201,0.07852058,-1.310916,0.5536227,-0.3729276,-0.4994783,-0.5522213,
1,5,12.759,-0.0630201,0.07852058,-1.310916,0.5536227,-0.3729276,-0.4994783,-0.5522213,
1,5,12.761,-0.0630201,0.07852058,-1.310916,0.5536227,-0.3729276,-0.4994783,-0.5522213,
1,5,12.763,-0.06301327,0.07850825,-1.310925,0.553651,-0.3729825,-0.4994286,-0.5522009,
1,5,12.765,-0.06301327,0.07850825,-1.310925,0.553651,-0.3729825,-0.4994286,-0.5522009,
1,5,12.767,-0.06301327,0.07850825,-1.310925,0.553651,-0.3729825,-0.4994286,-0.5522009,
1,5,12.769,-0.06301327,0.07850825,-1.310925,0.553651,-0.3729825,-0.4994286,-0.5522009,
1,5,12.771,-0.06299603,0.07851332,-1.310931,0.5536347,-0.3729874,-0.4994237,-0.5522182,
1,5,12.773,-0.06299603,0.07851332,-1.310931,0.5536347,-0.3729874,-0.4994237,-0.5522182,
1,5,12.775,-0.06299603,0.07851332,-1.310931,0.5536347,-0.3729874,-0.4994237,-0.5522182,
1,5,12.777,-0.06299603,0.07851332,-1.310931,0.5536347,-0.3729874,-0.4994237,-0.5522182,
1,5,12.779,-0.06301547,0.07851242,-1.310924,0.5536472,-0.372991,-0.4994267,-0.5522006,
1,5,12.781,-0.06301547,0.07851242,-1.310924,0.5536472,-0.372991,-0.4994267,-0.5522006,
1,5,12.783,-0.06301547,0.07851242,-1.310924,0.5536472,-0.372991,-0.4994267,-0.5522006,
1,5,12.785,-0.06301547,0.07851242,-1.310924,0.5536472,-0.372991,-0.4994267,-0.5522006,
1,5,12.787,-0.06300627,0.07851775,-1.310927,0.5536563,-0.3729889,-0.4994265,-0.552193,
1,5,12.789,-0.06300627,0.07851775,-1.310927,0.5536563,-0.3729889,-0.4994265,-0.552193,
1,5,12.791,-0.06300627,0.07851775,-1.310927,0.5536563,-0.3729889,-0.4994265,-0.552193,
1,5,12.793,-0.06300627,0.07851775,-1.310927,0.5536563,-0.3729889,-0.4994265,-0.552193,
1,5,12.795,-0.06301311,0.07853135,-1.310914,0.5536244,-0.3729468,-0.4994722,-0.5522122,
1,5,12.797,-0.06301311,0.07853135,-1.310914,0.5536244,-0.3729468,-0.4994722,-0.5522122,
1,5,12.799,-0.06301311,0.07853135,-1.310914,0.5536244,-0.3729468,-0.4994722,-0.5522122,
1,5,12.801,-0.06301311,0.07853135,-1.310914,0.5536244,-0.3729468,-0.4994722,-0.5522122,
1,5,12.803,-0.06301311,0.07853135,-1.310914,0.5536244,-0.3729468,-0.4994722,-0.5522122,
1,5,12.805,-0.06299664,0.07852118,-1.310923,0.5536251,-0.3729391,-0.4994581,-0.5522295,
1,5,12.807,-0.06299664,0.07852118,-1.310923,0.5536251,-0.3729391,-0.4994581,-0.5522295,
1,5,12.809,-0.06299664,0.07852118,-1.310923,0.5536251,-0.3729391,-0.4994581,-0.5522295,
1,5,12.811,-0.06299664,0.07852118,-1.310923,0.5536251,-0.3729391,-0.4994581,-0.5522295,
1,5,12.813,-0.06301855,0.0785111,-1.310927,0.5536264,-0.3729474,-0.4994726,-0.5522094,
1,5,12.815,-0.06301855,0.0785111,-1.310927,0.5536264,-0.3729474,-0.4994726,-0.5522094,
1,5,12.817,-0.06301855,0.0785111,-1.310927,0.5536264,-0.3729474,-0.4994726,-0.5522094,
1,5,12.819,-0.06301855,0.0785111,-1.310927,0.5536264,-0.3729474,-0.4994726,-0.5522094,
1,5,12.821,-0.06304315,0.07852019,-1.310907,0.5536108,-0.3729341,-0.4994955,-0.5522134,
1,5,12.823,-0.06304315,0.07852019,-1.310907,0.5536108,-0.3729341,-0.4994955,-0.5522134,
1,5,12.825,-0.06304315,0.07852019,-1.310907,0.5536108,-0.3729341,-0.4994955,-0.5522134,
1,5,12.827,-0.06304315,0.07852019,-1.310907,0.5536108,-0.3729341,-0.4994955,-0.5522134,
1,5,12.829,-0.06300873,0.07852764,-1.31092,0.5536315,-0.3729419,-0.4994596,-0.5522197,
1,5,12.831,-0.06300873,0.07852764,-1.31092,0.5536315,-0.3729419,-0.4994596,-0.5522197,
1,5,12.833,-0.06300873,0.07852764,-1.31092,0.5536315,-0.3729419,-0.4994596,-0.5522197,
1,5,12.835,-0.06300873,0.07852764,-1.31092,0.5536315,-0.3729419,-0.4994596,-0.5522197,
1,5,12.837,-0.06298403,0.07853668,-1.310939,0.5536413,-0.3729214,-0.4994596,-0.5522239,
1,5,12.839,-0.06298403,0.07853668,-1.310939,0.5536413,-0.3729214,-0.4994596,-0.5522239,
1,5,12.841,-0.06298403,0.07853668,-1.310939,0.5536413,-0.3729214,-0.4994596,-0.5522239,
1,5,12.843,-0.06298403,0.07853668,-1.310939,0.5536413,-0.3729214,-0.4994596,-0.5522239,
1,5,12.845,-0.06301122,0.07852996,-1.310928,0.5536362,-0.3729537,-0.4994664,-0.5522009,
1,5,12.847,-0.06301122,0.07852996,-1.310928,0.5536362,-0.3729537,-0.4994664,-0.5522009,
1,5,12.849,-0.06301122,0.07852996,-1.310928,0.5536362,-0.3729537,-0.4994664,-0.5522009,
1,5,12.851,-0.06301122,0.07852996,-1.310928,0.5536362,-0.3729537,-0.4994664,-0.5522009,
1,5,12.853,-0.06301122,0.07852996,-1.310928,0.5536362,-0.3729537,-0.4994664,-0.5522009,
1,5,12.855,-0.06302503,0.07853201,-1.310904,0.5536086,-0.3729298,-0.4994982,-0.552216,
1,5,12.857,-0.06302503,0.07853201,-1.310904,0.5536086,-0.3729298,-0.4994982,-0.552216,
1,5,12.859,-0.06302503,0.07853201,-1.310904,0.5536086,-0.3729298,-0.4994982,-0.552216,
1,5,12.861,-0.06302503,0.07853201,-1.310904,0.5536086,-0.3729298,-0.4994982,-0.552216,
1,5,12.863,-0.06306586,0.07851791,-1.310881,0.5536004,-0.3729613,-0.499519,-0.5521841,
1,5,12.865,-0.06306586,0.07851791,-1.310881,0.5536004,-0.3729613,-0.499519,-0.5521841,
1,5,12.867,-0.06306586,0.07851791,-1.310881,0.5536004,-0.3729613,-0.499519,-0.5521841,
1,5,12.869,-0.06306586,0.07851791,-1.310881,0.5536004,-0.3729613,-0.499519,-0.5521841,
1,5,12.871,-0.0630191,0.07852264,-1.310916,0.5536042,-0.3729524,-0.4995071,-0.552197,
1,5,12.873,-0.0630191,0.07852264,-1.310916,0.5536042,-0.3729524,-0.4995071,-0.552197,
1,5,12.875,-0.0630191,0.07852264,-1.310916,0.5536042,-0.3729524,-0.4995071,-0.552197,
1,5,12.877,-0.0630191,0.07852264,-1.310916,0.5536042,-0.3729524,-0.4995071,-0.552197,
1,5,12.879,-0.06299501,0.07852645,-1.310917,0.5536009,-0.3729143,-0.4995115,-0.5522223,
1,5,12.881,-0.06299501,0.07852645,-1.310917,0.5536009,-0.3729143,-0.4995115,-0.5522223,
1,5,12.883,-0.06299501,0.07852645,-1.310917,0.5536009,-0.3729143,-0.4995115,-0.5522223,
1,5,12.885,-0.06299501,0.07852645,-1.310917,0.5536009,-0.3729143,-0.4995115,-0.5522223,
1,5,12.887,-0.06304335,0.07851004,-1.310906,0.5535812,-0.3729787,-0.499499,-0.5522097,
1,5,12.889,-0.06304335,0.07851004,-1.310906,0.5535812,-0.3729787,-0.499499,-0.5522097,
1,5,12.891,-0.06304335,0.07851004,-1.310906,0.5535812,-0.3729787,-0.499499,-0.5522097,
1,5,12.893,-0.06304335,0.07851004,-1.310906,0.5535812,-0.3729787,-0.499499,-0.5522097,
1,5,12.895,-0.06301435,0.07852272,-1.310922,0.5536197,-0.3729978,-0.4994715,-0.552183,
1,5,12.897,-0.06301435,0.07852272,-1.310922,0.5536197,-0.3729978,-0.4994715,-0.552183,
1,5,12.899,-0.06301435,0.07852272,-1.310922,0.5536197,-0.3729978,-0.4994715,-0.552183,
1,5,12.901,-0.06301435,0.07852272,-1.310922,0.5536197,-0.3729978,-0.4994715,-0.552183,
1,5,12.903,-0.06301435,0.07852272,-1.310922,0.5536197,-0.3729978,-0.4994715,-0.552183,
1,5,12.905,-0.06297877,0.07852627,-1.310936,0.5536354,-0.3729595,-0.4994546,-0.5522086,
1,5,12.907,-0.06297877,0.07852627,-1.310936,0.5536354,-0.3729595,-0.4994546,-0.5522086,
1,5,12.909,-0.06297877,0.07852627,-1.310936,0.5536354,-0.3729595,-0.4994546,-0.5522086,
1,5,12.911,-0.06297877,0.07852627,-1.310936,0.5536354,-0.3729595,-0.4994546,-0.5522086,
1,5,12.913,-0.0630667,0.07851023,-1.310953,0.5535635,-0.373042,-0.4994923,-0.5521907,
1,5,12.915,-0.0630667,0.07851023,-1.310953,0.5535635,-0.373042,-0.4994923,-0.5521907,
1,5,12.917,-0.0630667,0.07851023,-1.310953,0.5535635,-0.373042,-0.4994923,-0.5521907,
1,5,12.919,-0.0630667,0.07851023,-1.310953,0.5535635,-0.373042,-0.4994923,-0.5521907,
1,5,12.921,-0.06310313,0.0784975,-1.310943,0.5535359,-0.3731166,-0.4994894,-0.5521706,
1,5,12.923,-0.06310313,0.0784975,-1.310943,0.5535359,-0.3731166,-0.4994894,-0.5521706,
1,5,12.925,-0.06310313,0.0784975,-1.310943,0.5535359,-0.3731166,-0.4994894,-0.5521706,
1,5,12.927,-0.06310313,0.0784975,-1.310943,0.5535359,-0.3731166,-0.4994894,-0.5521706,
1,5,12.929,-0.06307063,0.07853846,-1.310935,0.5536238,-0.3730347,-0.499439,-0.5521834,
1,5,12.931,-0.06307063,0.07853846,-1.310935,0.5536238,-0.3730347,-0.499439,-0.5521834,
1,5,12.933,-0.06307063,0.07853846,-1.310935,0.5536238,-0.3730347,-0.499439,-0.5521834,
1,5,12.935,-0.06307063,0.07853846,-1.310935,0.5536238,-0.3730347,-0.499439,-0.5521834,
1,5,12.937,-0.06306781,0.07856454,-1.310919,0.5537017,-0.3730013,-0.4993892,-0.552173,
1,5,12.939,-0.06306781,0.07856454,-1.310919,0.5537017,-0.3730013,-0.4993892,-0.552173,
1,5,12.941,-0.06306781,0.07856454,-1.310919,0.5537017,-0.3730013,-0.4993892,-0.552173,
1,5,12.943,-0.06306781,0.07856454,-1.310919,0.5537017,-0.3730013,-0.4993892,-0.552173,
1,5,12.945,-0.06306369,0.07854576,-1.310934,0.5537379,-0.3730797,-0.4993227,-0.5521438,
1,5,12.947,-0.06306369,0.07854576,-1.310934,0.5537379,-0.3730797,-0.4993227,-0.5521438,
1,5,12.949,-0.06306369,0.07854576,-1.310934,0.5537379,-0.3730797,-0.4993227,-0.5521438,
1,5,12.951,-0.06306369,0.07854576,-1.310934,0.5537379,-0.3730797,-0.4993227,-0.5521438,
1,5,12.953,-0.06306369,0.07854576,-1.310934,0.5537379,-0.3730797,-0.4993227,-0.5521438,
1,5,12.955,-0.06308233,0.0785372,-1.310905,0.5537349,-0.3731003,-0.4993396,-0.5521177,
1,5,12.957,-0.06308233,0.0785372,-1.310905,0.5537349,-0.3731003,-0.4993396,-0.5521177,
1,5,12.959,-0.06308233,0.0785372,-1.310905,0.5537349,-0.3731003,-0.4993396,-0.5521177,
1,5,12.961,-0.06308233,0.0785372,-1.310905,0.5537349,-0.3731003,-0.4993396,-0.5521177,
1,5,12.963,-0.06308192,0.07854017,-1.310893,0.553708,-0.3730641,-0.4993828,-0.55213,
1,5,12.965,-0.06308192,0.07854017,-1.310893,0.553708,-0.3730641,-0.4993828,-0.55213,
1,5,12.967,-0.06308192,0.07854017,-1.310893,0.553708,-0.3730641,-0.4993828,-0.55213,
1,5,12.969,-0.06308192,0.07854017,-1.310893,0.553708,-0.3730641,-0.4993828,-0.55213,
1,5,12.971,-0.06305398,0.07854825,-1.310912,0.5537195,-0.3730415,-0.499384,-0.5521326,
1,5,12.973,-0.06305398,0.07854825,-1.310912,0.5537195,-0.3730415,-0.499384,-0.5521326,
1,5,12.975,-0.06305398,0.07854825,-1.310912,0.5537195,-0.3730415,-0.499384,-0.5521326,
1,5,12.977,-0.06305398,0.07854825,-1.310912,0.5537195,-0.3730415,-0.499384,-0.5521326,
1,5,12.979,-0.0630537,0.07854249,-1.310925,0.5537287,-0.3730229,-0.4993747,-0.5521443,
1,5,12.981,-0.0630537,0.07854249,-1.310925,0.5537287,-0.3730229,-0.4993747,-0.5521443,
1,5,12.983,-0.0630537,0.07854249,-1.310925,0.5537287,-0.3730229,-0.4993747,-0.5521443,
1,5,12.985,-0.0630537,0.07854249,-1.310925,0.5537287,-0.3730229,-0.4993747,-0.5521443,
1,5,12.987,-0.06308164,0.07853178,-1.310905,0.5537272,-0.3730987,-0.4993551,-0.5521124,
1,5,12.989,-0.06308164,0.07853178,-1.310905,0.5537272,-0.3730987,-0.4993551,-0.5521124,
1,5,12.991,-0.06308164,0.07853178,-1.310905,0.5537272,-0.3730987,-0.4993551,-0.5521124,
1,5,12.993,-0.06308164,0.07853178,-1.310905,0.5537272,-0.3730987,-0.4993551,-0.5521124,
1,5,12.995,-0.06305871,0.07854568,-1.310913,0.5537319,-0.3730795,-0.4993347,-0.5521392,
1,5,12.997,-0.06305871,0.07854568,-1.310913,0.5537319,-0.3730795,-0.4993347,-0.5521392,
1,5,12.999,-0.06305871,0.07854568,-1.310913,0.5537319,-0.3730795,-0.4993347,-0.5521392,
1,5,13.001,-0.06305871,0.07854568,-1.310913,0.5537319,-0.3730795,-0.4993347,-0.5521392,
1,5,13.003,-0.06305871,0.07854568,-1.310913,0.5537319,-0.3730795,-0.4993347,-0.5521392,
1,5,13.005,-0.06307453,0.078536,-1.310903,0.5537276,-0.3731023,-0.4993676,-0.5520983,
1,5,13.007,-0.06307453,0.078536,-1.310903,0.5537276,-0.3731023,-0.4993676,-0.5520983,
1,5,13.009,-0.06307453,0.078536,-1.310903,0.5537276,-0.3731023,-0.4993676,-0.5520983,
1,5,13.011,-0.06307453,0.078536,-1.310903,0.5537276,-0.3731023,-0.4993676,-0.5520983,
1,5,13.013,-0.06306946,0.07854064,-1.310906,0.5537233,-0.3730727,-0.4993662,-0.5521238,
1,5,13.015,-0.06306946,0.07854064,-1.310906,0.5537233,-0.3730727,-0.4993662,-0.5521238,
1,5,13.017,-0.06306946,0.07854064,-1.310906,0.5537233,-0.3730727,-0.4993662,-0.5521238,
1,5,13.019,-0.06306946,0.07854064,-1.310906,0.5537233,-0.3730727,-0.4993662,-0.5521238,
1,5,13.021,-0.06311639,0.07853118,-1.310894,0.5536963,-0.3730956,-0.4993944,-0.5521098,
1,5,13.023,-0.06311639,0.07853118,-1.310894,0.5536963,-0.3730956,-0.4993944,-0.5521098,
1,5,13.025,-0.06311639,0.07853118,-1.310894,0.5536963,-0.3730956,-0.4993944,-0.5521098,
1,5,13.027,-0.06311639,0.07853118,-1.310894,0.5536963,-0.3730956,-0.4993944,-0.5521098,
1,5,13.029,-0.06306323,0.07853177,-1.31091,0.5537278,-0.3730862,-0.4993705,-0.5521063,
1,5,13.031,-0.06306323,0.07853177,-1.31091,0.5537278,-0.3730862,-0.4993705,-0.5521063,
1,5,13.033,-0.06306323,0.07853177,-1.31091,0.5537278,-0.3730862,-0.4993705,-0.5521063,
1,5,13.035,-0.06306323,0.07853177,-1.31091,0.5537278,-0.3730862,-0.4993705,-0.5521063,
1,5,13.037,-0.06310795,0.07854019,-1.310887,0.5537007,-0.3730725,-0.4993993,-0.5521166,
1,5,13.039,-0.06310795,0.07854019,-1.310887,0.5537007,-0.3730725,-0.4993993,-0.5521166,
1,5,13.041,-0.06310795,0.07854019,-1.310887,0.5537007,-0.3730725,-0.4993993,-0.5521166,
1,5,13.043,-0.06310795,0.07854019,-1.310887,0.5537007,-0.3730725,-0.4993993,-0.5521166,
1,5,13.045,-0.0631066,0.07854088,-1.310885,0.5536981,-0.3730917,-0.4994096,-0.5520968,
1,5,13.047,-0.0631066,0.07854088,-1.310885,0.5536981,-0.3730917,-0.4994096,-0.5520968,
1,5,13.049,-0.0631066,0.07854088,-1.310885,0.5536981,-0.3730917,-0.4994096,-0.5520968,
1,5,13.051,-0.0631066,0.07854088,-1.310885,0.5536981,-0.3730917,-0.4994096,-0.5520968,
1,5,13.053,-0.0631066,0.07854088,-1.310885,0.5536981,-0.3730917,-0.4994096,-0.5520968,
1,5,13.055,-0.06308521,0.07855167,-1.310898,0.5536987,-0.3730764,-0.4994161,-0.5521009,
1,5,13.057,-0.06308521,0.07855167,-1.310898,0.5536987,-0.3730764,-0.4994161,-0.5521009,
1,5,13.059,-0.06308521,0.07855167,-1.310898,0.5536987,-0.3730764,-0.4994161,-0.5521009,
1,5,13.061,-0.06308521,0.07855167,-1.310898,0.5536987,-0.3730764,-0.4994161,-0.5521009,
1,5,13.063,-0.06308955,0.07853819,-1.310893,0.5536982,-0.3730861,-0.4994182,-0.5520929,
1,5,13.065,-0.06308955,0.07853819,-1.310893,0.5536982,-0.3730861,-0.4994182,-0.5520929,
1,5,13.067,-0.06308955,0.07853819,-1.310893,0.5536982,-0.3730861,-0.4994182,-0.5520929,
1,5,13.069,-0.06308955,0.07853819,-1.310893,0.5536982,-0.3730861,-0.4994182,-0.5520929,
1,5,13.071,-0.06305925,0.07854582,-1.31092,0.553727,-0.3730786,-0.4993686,-0.5521141,
1,5,13.073,-0.06305925,0.07854582,-1.31092,0.553727,-0.3730786,-0.4993686,-0.5521141,
1,5,13.075,-0.06305925,0.07854582,-1.31092,0.553727,-0.3730786,-0.4993686,-0.5521141,
1,5,13.077,-0.06305925,0.07854582,-1.31092,0.553727,-0.3730786,-0.4993686,-0.5521141,
1,5,13.079,-0.06308389,0.07852112,-1.310914,0.5537428,-0.3731852,-0.4993093,-0.5520797,
1,5,13.081,-0.06308389,0.07852112,-1.310914,0.5537428,-0.3731852,-0.4993093,-0.5520797,
1,5,13.083,-0.06308389,0.07852112,-1.310914,0.5537428,-0.3731852,-0.4993093,-0.5520797,
1,5,13.085,-0.06308389,0.07852112,-1.310914,0.5537428,-0.3731852,-0.4993093,-0.5520797,
1,5,13.087,-0.06306542,0.07854451,-1.310925,0.5537382,-0.3730839,-0.4993318,-0.5521323,
1,5,13.089,-0.06306542,0.07854451,-1.310925,0.5537382,-0.3730839,-0.4993318,-0.5521323,
1,5,13.091,-0.06306542,0.07854451,-1.310925,0.5537382,-0.3730839,-0.4993318,-0.5521323,
1,5,13.093,-0.06306542,0.07854451,-1.310925,0.5537382,-0.3730839,-0.4993318,-0.5521323,
1,5,13.095,-0.06305061,0.07855652,-1.310928,0.5537218,-0.3730463,-0.499344,-0.5521631,
1,5,13.097,-0.06305061,0.07855652,-1.310928,0.5537218,-0.3730463,-0.499344,-0.5521631,
1,5,13.099,-0.06305061,0.07855652,-1.310928,0.5537218,-0.3730463,-0.499344,-0.5521631,
1,5,13.101,-0.06305061,0.07855652,-1.310928,0.5537218,-0.3730463,-0.499344,-0.5521631,
1,5,13.103,-0.06305061,0.07855652,-1.310928,0.5537218,-0.3730463,-0.499344,-0.5521631,
1,5,13.105,-0.06309914,0.07854356,-1.310907,0.5537228,-0.3730938,-0.499366,-0.5521103,
1,5,13.107,-0.06309914,0.07854356,-1.310907,0.5537228,-0.3730938,-0.499366,-0.5521103,
1,5,13.109,-0.06309914,0.07854356,-1.310907,0.5537228,-0.3730938,-0.499366,-0.5521103,
1,5,13.111,-0.06309914,0.07854356,-1.310907,0.5537228,-0.3730938,-0.499366,-0.5521103,
1,5,13.113,-0.06305144,0.07853824,-1.310926,0.5537505,-0.3731084,-0.4993275,-0.5521075,
1,5,13.115,-0.06305144,0.07853824,-1.310926,0.5537505,-0.3731084,-0.4993275,-0.5521075,
1,5,13.117,-0.06305144,0.07853824,-1.310926,0.5537505,-0.3731084,-0.4993275,-0.5521075,
1,5,13.119,-0.06305144,0.07853824,-1.310926,0.5537505,-0.3731084,-0.4993275,-0.5521075,
1,5,13.121,-0.06304698,0.07855264,-1.31093,0.5537446,-0.3730917,-0.4993197,-0.5521318,
1,5,13.123,-0.06304698,0.07855264,-1.31093,0.5537446,-0.3730917,-0.4993197,-0.5521318,
1,5,13.125,-0.06304698,0.07855264,-1.31093,0.5537446,-0.3730917,-0.4993197,-0.5521318,
1,5,13.127,-0.06304698,0.07855264,-1.31093,0.5537446,-0.3730917,-0.4993197,-0.5521318,
1,5,13.129,-0.06305388,0.0785332,-1.310942,0.5537578,-0.3731069,-0.4992936,-0.5521317,
1,5,13.131,-0.06305388,0.0785332,-1.310942,0.5537578,-0.3731069,-0.4992936,-0.5521317,
1,5,13.133,-0.06305388,0.0785332,-1.310942,0.5537578,-0.3731069,-0.4992936,-0.5521317,
1,5,13.135,-0.06305388,0.0785332,-1.310942,0.5537578,-0.3731069,-0.4992936,-0.5521317,
1,5,13.137,-0.06305665,0.07855275,-1.310912,0.5537316,-0.3730476,-0.4993477,-0.5521492,
1,5,13.139,-0.06305665,0.07855275,-1.310912,0.5537316,-0.3730476,-0.4993477,-0.5521492,
1,5,13.141,-0.06305665,0.07855275,-1.310912,0.5537316,-0.3730476,-0.4993477,-0.5521492,
1,5,13.143,-0.06305665,0.07855275,-1.310912,0.5537316,-0.3730476,-0.4993477,-0.5521492,
1,5,13.145,-0.06309036,0.0785519,-1.310883,0.5536987,-0.3730586,-0.4993791,-0.5521464,
1,5,13.147,-0.06309036,0.0785519,-1.310883,0.5536987,-0.3730586,-0.4993791,-0.5521464,
1,5,13.149,-0.06309036,0.0785519,-1.310883,0.5536987,-0.3730586,-0.4993791,-0.5521464,
1,5,13.151,-0.06309036,0.0785519,-1.310883,0.5536987,-0.3730586,-0.4993791,-0.5521464,
1,5,13.153,-0.06309036,0.0785519,-1.310883,0.5536987,-0.3730586,-0.4993791,-0.5521464,
1,5,13.155,-0.06305804,0.07854118,-1.310917,0.5537226,-0.3731221,-0.4993266,-0.552127,
1,5,13.157,-0.06305804,0.07854118,-1.310917,0.5537226,-0.3731221,-0.4993266,-0.552127,
1,5,13.159,-0.06305804,0.07854118,-1.310917,0.5537226,-0.3731221,-0.4993266,-0.552127,
1,5,13.161,-0.06305804,0.07854118,-1.310917,0.5537226,-0.3731221,-0.4993266,-0.552127,
1,5,13.163,-0.06309417,0.07853623,-1.310899,0.553727,-0.3731342,-0.4993499,-0.5520933,
1,5,13.165,-0.06309417,0.07853623,-1.310899,0.553727,-0.3731342,-0.4993499,-0.5520933,
1,5,13.167,-0.06309417,0.07853623,-1.310899,0.553727,-0.3731342,-0.4993499,-0.5520933,
1,5,13.169,-0.06309417,0.07853623,-1.310899,0.553727,-0.3731342,-0.4993499,-0.5520933,
1,5,13.171,-0.06309302,0.07854769,-1.31089,0.5537266,-0.3731203,-0.4993486,-0.5521043,
1,5,13.173,-0.06309302,0.07854769,-1.31089,0.5537266,-0.3731203,-0.4993486,-0.5521043,
1,5,13.175,-0.06309302,0.07854769,-1.31089,0.5537266,-0.3731203,-0.4993486,-0.5521043,
1,5,13.177,-0.06309302,0.07854769,-1.31089,0.5537266,-0.3731203,-0.4993486,-0.5521043,
1,5,13.179,-0.06310563,0.07853901,-1.310886,0.5537134,-0.3731423,-0.4993698,-0.5520834,
1,5,13.181,-0.06310563,0.07853901,-1.310886,0.5537134,-0.3731423,-0.4993698,-0.5520834,CourtEnter
1,5,13.183,-0.06310563,0.07853901,-1.310886,0.5537134,-0.3731423,-0.4993698,-0.5520834,
1,5,13.185,-0.06310563,0.07853901,-1.310886,0.5537134,-0.3731423,-0.4993698,-0.5520834,
1,5,13.187,-0.06304406,0.07854321,-1.310925,0.5537424,-0.3731209,-0.4993247,-0.5521096,
1,5,13.189,-0.06304406,0.07854321,-1.310925,0.5537424,-0.3731209,-0.4993247,-0.5521096,CourtExit
1,5,13.191,-0.06304406,0.07854321,-1.310925,0.5537424,-0.3731209,-0.4993247,-0.5521096,
1,5,13.193,-0.06304406,0.07854321,-1.310925,0.5537424,-0.3731209,-0.4993247,-0.5521096,
1,5,13.195,-0.06308615,0.07853346,-1.310908,0.553737,-0.3731324,-0.4993401,-0.5520934,
1,5,13.197,-0.06308615,0.07853346,-1.310908,0.553737,-0.3731324,-0.4993401,-0.5520934,
1,5,13.199,-0.06308615,0.07853346,-1.310908,0.553737,-0.3731324,-0.4993401,-0.5520934,
1,5,13.201,-0.06308615,0.07853346,-1.310908,0.553737,-0.3731324,-0.4993401,-0.5520934,
1,5,13.203,-0.06308615,0.07853346,-1.310908,0.553737,-0.3731324,-0.4993401,-0.5520934,
1,5,13.205,-0.06308993,0.07854426,-1.310891,0.5537288,-0.3730976,-0.4993725,-0.5520957,
1,5,13.207,-0.06308993,0.07854426,-1.310891,0.5537288,-0.3730976,-0.4993725,-0.5520957,
1,5,13.209,-0.06308993,0.07854426,-1.310891,0.5537288,-0.3730976,-0.4993725,-0.5520957,
1,5,13.211,-0.06308993,0.07854426,-1.310891,0.5537288,-0.3730976,-0.4993725,-0.5520957,
1,5,13.213,-0.06308597,0.0785373,-1.310896,0.5537354,-0.3731328,-0.499339,-0.5520958,
1,5,13.215,-0.06308597,0.0785373,-1.310896,0.5537354,-0.3731328,-0.499339,-0.5520958,
1,5,13.217,-0.06308597,0.0785373,-1.310896,0.5537354,-0.3731328,-0.499339,-0.5520958,
1,5,13.219,-0.06308597,0.0785373,-1.310896,0.5537354,-0.3731328,-0.499339,-0.5520958,
1,5,13.221,-0.0631024,0.07855289,-1.310887,0.5537135,-0.3731065,-0.4993918,-0.5520876,
1,5,13.223,-0.0631024,0.07855289,-1.310887,0.5537135,-0.3731065,-0.4993918,-0.5520876,
1,5,13.225,-0.0631024,0.07855289,-1.310887,0.5537135,-0.3731065,-0.4993918,-0.5520876,
1,5,13.227,-0.0631024,0.07855289,-1.310887,0.5537135,-0.3731065,-0.4993918,-0.5520876,
1,5,13.229,-0.06305405,0.07855485,-1.310915,0.5537272,-0.3730835,-0.4993531,-0.5521244,
1,5,13.231,-0.06305405,0.07855485,-1.310915,0.5537272,-0.3730835,-0.4993531,-0.5521244,
1,5,13.233,-0.06305405,0.07855485,-1.310915,0.5537272,-0.3730835,-0.4993531,-0.5521244,
1,5,13.235,-0.06305405,0.07855485,-1.310915,0.5537272,-0.3730835,-0.4993531,-0.5521244,
1,5,13.237,-0.06305256,0.0785484,-1.310919,0.5537198,-0.3730477,-0.4993662,-0.5521443,
1,5,13.239,-0.06305256,0.0785484,-1.310919,0.5537198,-0.3730477,-0.4993662,-0.5521443,
1,5,13.241,-0.06305256,0.0785484,-1.310919,0.5537198,-0.3730477,-0.4993662,-0.5521443,
1,5,13.243,-0.06305256,0.0785484,-1.310919,0.5537198,-0.3730477,-0.4993662,-0.5521443,
1,5,13.245,-0.06309821,0.07853041,-1.310894,0.5537033,-0.3730724,-0.499402,-0.5521116,
1,5,13.247,-0.06309821,0.07853041,-1.310894,0.5537033,-0.3730724,-0.499402,-0.5521116,
1,5,13.249,-0.06309821,0.07853041,-1.310894,0.5537033,-0.3730724,-0.499402,-0.5521116,
1,5,13.251,-0.06309821,0.07853041,-1.310894,0.5537033,-0.3730724,-0.499402,-0.5521116,
1,5,13.253,-0.06309821,0.07853041,-1.310894,0.5537033,-0.3730724,-0.499402,-0.5521116,
1,5,13.255,-0.06312193,0.0785294,-1.310876,0.553695,-0.37312,-0.4994047,-0.5520854,
1,5,13.257,-0.06312193,0.0785294,-1.310876,0.553695,-0.37312,-0.4994047,-0.5520854,
1,5,13.259,-0.06312193,0.0785294,-1.310876,0.553695,-0.37312,-0.4994047,-0.5520854,
1,5,13.261,-0.06312193,0.0785294,-1.310876,0.553695,-0.37312,-0.4994047,-0.5520854,
1,5,13.263,-0.0631407,0.07851972,-1.310867,0.553691,-0.3731358,-0.4994003,-0.5520827,
1,5,13.265,-0.0631407,0.07851972,-1.310867,0.553691,-0.3731358,-0.4994003,-0.5520827,
1,5,13.267,-0.0631407,0.07851972,-1.310867,0.553691,-0.3731358,-0.4994003,-0.5520827,
1,5,13.269,-0.0631407,0.07851972,-1.310867,0.553691,-0.3731358,-0.4994003,-0.5520827,
1,5,13.271,-0.06305733,0.07852766,-1.31093,0.5537501,-0.373132,-0.4992943,-0.552122,
1,5,13.273,-0.06305733,0.07852766,-1.31093,0.5537501,-0.373132,-0.4992943,-0.552122,
1,5,13.275,-0.06305733,0.07852766,-1.31093,0.5537501,-0.373132,-0.4992943,-0.552122,
1,5,13.277,-0.06305733,0.07852766,-1.31093,0.5537501,-0.373132,-0.4992943,-0.552122,
1,5,13.279,-0.0630849,0.07854565,-1.310913,0.5537277,-0.3730885,-0.4993607,-0.5521137,
1,5,13.281,-0.0630849,0.07854565,-1.310913,0.5537277,-0.3730885,-0.4993607,-0.5521137,
1,5,13.283,-0.0630849,0.07854565,-1.310913,0.5537277,-0.3730885,-0.4993607,-0.5521137,
1,5,13.285,-0.0630849,0.07854565,-1.310913,0.5537277,-0.3730885,-0.4993607,-0.5521137,
1,5,13.287,-0.06308639,0.07854833,-1.31089,0.5537043,-0.3730775,-0.4993844,-0.5521232,
1,5,13.289,-0.06308639,0.07854833,-1.31089,0.5537043,-0.3730775,-0.4993844,-0.5521232,
1,5,13.291,-0.06308639,0.07854833,-1.31089,0.5537043,-0.3730775,-0.4993844,-0.5521232,
1,5,13.293,-0.06308639,0.07854833,-1.31089,0.5537043,-0.3730775,-0.4993844,-0.5521232,
1,5,13.295,-0.06304923,0.07854477,-1.310926,0.5537357,-0.3730997,-0.4993494,-0.5521085,
1,5,13.297,-0.06304923,0.07854477,-1.310926,0.5537357,-0.3730997,-0.4993494,-0.5521085,
1,5,13.299,-0.06304923,0.07854477,-1.310926,0.5537357,-0.3730997,-0.4993494,-0.5521085,
1,5,13.301,-0.06304923,0.07854477,-1.310926,0.5537357,-0.3730997,-0.4993494,-0.5521085,
1,5,13.303,-0.06304923,0.07854477,-1.310926,0.5537357,-0.3730997,-0.4993494,-0.5521085,
1,5,13.305,-0.06309527,0.07852735,-1.310904,0.5537162,-0.373119,-0.4993459,-0.5521181,
1,5,13.307,-0.06309527,0.07852735,-1.310904,0.5537162,-0.373119,-0.4993459,-0.5521181,
1,5,13.309,-0.06309527,0.07852735,-1.310904,0.5537162,-0.373119,-0.4993459,-0.5521181,
1,5,13.311,-0.06309527,0.07852735,-1.310904,0.5537162,-0.373119,-0.4993459,-0.5521181,
1,5,13.313,-0.06309285,0.07853692,-1.310892,0.5537131,-0.3730705,-0.4993605,-0.5521407,
1,5,13.315,-0.06309285,0.07853692,-1.310892,0.5537131,-0.3730705,-0.4993605,-0.5521407,
1,5,13.317,-0.06309285,0.07853692,-1.310892,0.5537131,-0.3730705,-0.4993605,-0.5521407,
1,5,13.319,-0.06309285,0.07853692,-1.310892,0.5537131,-0.3730705,-0.4993605,-0.5521407,
1,5,13.321,-0.06308937,0.07854587,-1.310908,0.5536954,-0.3730668,-0.4993968,-0.5521281,
1,5,13.323,-0.06308937,0.07854587,-1.310908,0.5536954,-0.3730668,-0.4993968,-0.5521281,
1,5,13.325,-0.06308937,0.07854587,-1.310908,0.5536954,-0.3730668,-0.4993968,-0.5521281,
1,5,13.327,-0.06308937,0.07854587,-1.310908,0.5536954,-0.3730668,-0.4993968,-0.5521281,
1,5,13.329,-0.06308216,0.07855504,-1.3109,0.5536926,-0.3730358,-0.4993995,-0.5521495,
1,5,13.331,-0.06308216,0.07855504,-1.3109,0.5536926,-0.3730358,-0.4993995,-0.5521495,
1,5,13.333,-0.06308216,0.07855504,-1.3109,0.5536926,-0.3730358,-0.4993995,-0.5521495,
1,5,13.335,-0.06308216,0.07855504,-1.3109,0.5536926,-0.3730358,-0.4993995,-0.5521495,
1,5,13.337,-0.06309658,0.07853171,-1.310898,0.5536995,-0.3731183,-0.4993755,-0.5521085,
1,5,13.339,-0.06309658,0.07853171,-1.310898,0.5536995,-0.3731183,-0.4993755,-0.5521085,
1,5,13.341,-0.06309658,0.07853171,-1.310898,0.5536995,-0.3731183,-0.4993755,-0.5521085,
1,5,13.343,-0.06309658,0.07853171,-1.310898,0.5536995,-0.3731183,-0.4993755,-0.5521085,
1,5,13.345,-0.06304968,0.07853881,-1.310922,0.5537279,-0.3730875,-0.4993359,-0.5521365,
1,5,13.347,-0.06304968,0.07853881,-1.310922,0.5537279,-0.3730875,-0.4993359,-0.5521365,
1,5,13.349,-0.06304968,0.07853881,-1.310922,0.5537279,-0.3730875,-0.4993359,-0.5521365,
1,5,13.351,-0.06304968,0.07853881,-1.310922,0.5537279,-0.3730875,-0.4993359,-0.5521365,
1,5,13.353,-0.06304968,0.07853881,-1.310922,0.5537279,-0.3730875,-0.4993359,-0.5521365,
1,5,13.355,-0.06307768,0.0785442,-1.3109,0.5537053,-0.3730353,-0.4993918,-0.552144,
1,5,13.357,-0.06307768,0.0785442,-1.3109,0.5537053,-0.3730353,-0.4993918,-0.552144,
1,5,13.359,-0.06307768,0.0785442,-1.3109,0.5537053,-0.3730353,-0.4993918,-0.552144,
1,5,13.361,-0.06307768,0.0785442,-1.3109,0.5537053,-0.3730353,-0.4993918,-0.552144,
1,5,13.363,-0.0630675,0.07853822,-1.310915,0.5537185,-0.3730642,-0.4993711,-0.55213,
1,5,13.365,-0.0630675,0.07853822,-1.310915,0.5537185,-0.3730642,-0.4993711,-0.55213,
1,5,13.367,-0.0630675,0.07853822,-1.310915,0.5537185,-0.3730642,-0.4993711,-0.55213,
1,5,13.369,-0.0630675,0.07853822,-1.310915,0.5537185,-0.3730642,-0.4993711,-0.55213,
1,5,13.371,-0.0630676,0.07852913,-1.310923,0.5537394,-0.3730889,-0.4993316,-0.5521281,
1,5,13.373,-0.0630676,0.07852913,-1.310923,0.5537394,-0.3730889,-0.4993316,-0.5521281,
1,5,13.375,-0.0630676,0.07852913,-1.310923,0.5537394,-0.3730889,-0.4993316,-0.5521281,
1,5,13.377,-0.0630676,0.07852913,-1.310923,0.5537394,-0.3730889,-0.4993316,-0.5521281,
1,5,13.379,-0.06308656,0.07854567,-1.310897,0.5537087,-0.3730796,-0.4993741,-0.5521266,
1,5,13.381,-0.06308656,0.07854567,-1.310897,0.5537087,-0.3730796,-0.4993741,-0.5521266,
1,5,13.383,-0.06308656,0.07854567,-1.310897,0.5537087,-0.3730796,-0.4993741,-0.5521266,
1,5,13.385,-0.06308656,0.07854567,-1.310897,0.5537087,-0.3730796,-0.4993741,-0.5521266,
1,5,13.387,-0.06304673,0.07854025,-1.310929,0.55374,-0.3730904,-0.4993278,-0.5521299,
1,5,13.389,-0.06304673,0.07854025,-1.310929,0.55374,-0.3730904,-0.4993278,-0.5521299,
1,5,13.391,-0.06304673,0.07854025,-1.310929,0.55374,-0.3730904,-0.4993278,-0.5521299,
1,5,13.393,-0.06304673,0.07854025,-1.310929,0.55374,-0.3730904,-0.4993278,-0.5521299,
1,5,13.395,-0.0630508,0.07855348,-1.310911,0.5537159,-0.373041,-0.4993785,-0.5521415,
1,5,13.397,-0.0630508,0.07855348,-1.310911,0.5537159,-0.373041,-0.4993785,-0.5521415,
1,5,13.399,-0.0630508,0.07855348,-1.310911,0.5537159,-0.373041,-0.4993785,-0.5521415,
1,5,13.401,-0.0630508,0.07855348,-1.310911,0.5537159,-0.373041,-0.4993785,-0.5521415,
1,5,13.403,-0.0630508,0.07855348,-1.310911,0.5537159,-0.373041,-0.4993785,-0.5521415,
1,5,13.405,-0.06307533,0.07853109,-1.31091,0.5537238,-0.373108,-0.4993417,-0.5521215,
1,5,13.407,-0.06307533,0.07853109,-1.31091,0.5537238,-0.373108,-0.4993417,-0.5521215,
1,5,13.409,-0.06307533,0.07853109,-1.31091,0.5537238,-0.373108,-0.4993417,-0.5521215,
1,5,13.411,-0.06307533,0.07853109,-1.31091,0.5537238,-0.373108,-0.4993417,-0.5521215,
1,5,13.413,-0.0630498,0.07854227,-1.310916,0.5537177,-0.3730593,-0.4993531,-0.5521504,
1,5,13.415,-0.0630498,0.07854227,-1.310916,0.5537177,-0.3730593,-0.4993531,-0.5521504,
1,5,13.417,-0.0630498,0.07854227,-1.310916,0.5537177,-0.3730593,-0.4993531,-0.5521504,
1,5,13.419,-0.0630498,0.07854227,-1.310916,0.5537177,-0.3730593,-0.4993531,-0.5521504,
1,5,13.421,-0.06309202,0.07852583,-1.310895,0.5537039,-0.3730773,-0.499372,-0.552135,
1,5,13.423,-0.06309202,0.07852583,-1.310895,0.5537039,-0.3730773,-0.499372,-0.552135,
1,5,13.425,-0.06309202,0.07852583,-1.310895,0.5537039,-0.3730773,-0.499372,-0.552135,
1,5,13.427,-0.06309202,0.07852583,-1.310895,0.5537039,-0.3730773,-0.499372,-0.552135,
1,5,13.429,-0.06306111,0.07854474,-1.310915,0.5537299,-0.3730493,-0.499361,-0.5521376,
1,5,13.431,-0.06306111,0.07854474,-1.310915,0.5537299,-0.3730493,-0.499361,-0.5521376,
1,5,13.433,-0.06306111,0.07854474,-1.310915,0.5537299,-0.3730493,-0.499361,-0.5521376,
1,5,13.435,-0.06306111,0.07854474,-1.310915,0.5537299,-0.3730493,-0.499361,-0.5521376,
1,5,13.437,-0.06308109,0.07855346,-1.310897,0.5536969,-0.3730395,-0.4994043,-0.5521383,
1,5,13.439,-0.06308109,0.07855346,-1.310897,0.5536969,-0.3730395,-0.4994043,-0.5521383,
1,5,13.441,-0.06308109,0.07855346,-1.310897,0.5536969,-0.3730395,-0.4994043,-0.5521383,
1,5,13.443,-0.06308109,0.07855346,-1.310897,0.5536969,-0.3730395,-0.4994043,-0.5521383,
1,5,13.445,-0.06310724,0.07854944,-1.310887,0.5536945,-0.3730532,-0.499405,-0.5521308,
1,5,13.447,-0.06310724,0.07854944,-1.310887,0.5536945,-0.3730532,-0.499405,-0.5521308,
1,5,13.449,-0.06310724,0.07854944,-1.310887,0.5536945,-0.3730532,-0.499405,-0.5521308,
1,5,13.451,-0.06310724,0.07854944,-1.310887,0.5536945,-0.3730532,-0.499405,-0.5521308,
1,5,13.453,-0.06310724,0.07854944,-1.310887,0.5536945,-0.3730532,-0.499405,-0.5521308,
1,5,13.455,-0.06305595,0.078534,-1.31093,0.5537502,-0.3730853,-0.4993196,-0.5521306,
1,5,13.457,-0.06305595,0.078534,-1.31093,0.5537502,-0.3730853,-0.4993196,-0.5521306,
1,5,13.459,-0.06305595,0.078534,-1.31093,0.5537502,-0.3730853,-0.4993196,-0.5521306,
1,5,13.461,-0.06305595,0.078534,-1.31093,0.5537502,-0.3730853,-0.4993196,-0.5521306,
1,5,13.463,-0.06306138,0.07854693,-1.310917,0.5537162,-0.373026,-0.49938,-0.5521501,
1,5,13.465,-0.06306138,0.07854693,-1.310917,0.5537162,-0.373026,-0.49938,-0.5521501,
1,5,13.467,-0.06306138,0.07854693,-1.310917,0.5537162,-0.373026,-0.49938,-0.5521501,
1,5,13.469,-0.06306138,0.07854693,-1.310917,0.5537162,-0.373026,-0.49938,-0.5521501,
1,5,13.471,-0.06309485,0.07852818,-1.310898,0.5536998,-0.3730342,-0.4994068,-0.5521367,
1,5,13.473,-0.06309485,0.07852818,-1.310898,0.5536998,-0.3730342,-0.4994068,-0.5521367,
1,5,13.475,-0.06309485,0.07852818,-1.310898,0.5536998,-0.3730342,-0.4994068,-0.5521367,
1,5,13.477,-0.06309485,0.07852818,-1.310898,0.5536998,-0.3730342,-0.4994068,-0.5521367,
1,5,13.479,-0.06305119,0.07854404,-1.310914,0.5537329,-0.3730782,-0.4993512,-0.552124,
1,5,13.481,-0.06305119,0.07854404,-1.310914,0.5537329,-0.3730782,-0.4993512,-0.552124,
1,5,13.483,-0.06305119,0.07854404,-1.310914,0.5537329,-0.3730782,-0.4993512,-0.552124,
1,5,13.485,-0.06305119,0.07854404,-1.310914,0.5537329,-0.3730782,-0.4993512,-0.552124,
1,5,13.487,-0.06308889,0.07853712,-1.310898,0.5537276,-0.3730872,-0.4993515,-0.5521231,
1,5,13.489,-0.06308889,0.07853712,-1.310898,0.5537276,-0.3730872,-0.4993515,-0.5521231,
1,5,13.491,-0.06308889,0.07853712,-1.310898,0.5537276,-0.3730872,-0.4993515,-0.5521231,
1,5,13.493,-0.06308889,0.07853712,-1.310898,0.5537276,-0.3730872,-0.4993515,-0.5521231,
1,5,13.495,-0.06312218,0.07853499,-1.310874,0.5536929,-0.3731177,-0.4993959,-0.5520971,
1,5,13.497,-0.06312218,0.07853499,-1.310874,0.5536929,-0.3731177,-0.4993959,-0.5520971,
1,5,13.499,-0.06312218,0.07853499,-1.310874,0.5536929,-0.3731177,-0.4993959,-0.5520971,
1,5,13.501,-0.06312218,0.07853499,-1.310874,0.5536929,-0.3731177,-0.4993959,-0.5520971,
1,5,13.503,-0.06312218,0.07853499,-1.310874,0.5536929,-0.3731177,-0.4993959,-0.5520971,
1,5,13.505,-0.06308731,0.07852273,-1.310894,0.5536966,-0.3731158,-0.4993878,-0.5521019,
1,5,13.507,-0.06308731,0.07852273,-1.310894,0.5536966,-0.3731158,-0.4993878,-0.5521019,
1,5,13.509,-0.06308731,0.07852273,-1.310894,0.5536966,-0.3731158,-0.4993878,-0.5521019,
1,5,13.511,-0.06308731,0.07852273,-1.310894,0.5536966,-0.3731158,-0.4993878,-0.5521019,
1,5,13.513,-0.06311747,0.07853153,-1.310879,0.5536662,-0.3731137,-0.4994117,-0.5521123,
1,5,13.515,-0.06311747,0.07853153,-1.310879,0.5536662,-0.3731137,-0.4994117,-0.5521123,
1,5,13.517,-0.06311747,0.07853153,-1.310879,0.5536662,-0.3731137,-0.4994117,-0.5521123,
1,5,13.519,-0.06311747,0.07853153,-1.310879,0.5536662,-0.3731137,-0.4994117,-0.5521123,
1,5,13.521,-0.06306204,0.07852494,-1.310912,0.553691,-0.3731191,-0.4993689,-0.5521222,
1,5,13.523,-0.06306204,0.07852494,-1.310912,0.553691,-0.3731191,-0.4993689,-0.5521222,
1,5,13.525,-0.06306204,0.07852494,-1.310912,0.553691,-0.3731191,-0.4993689,-0.5521222,
1,5,13.527,-0.06306204,0.07852494,-1.310912,0.553691,-0.3731191,-0.4993689,-0.5521222,
1,5,13.529,-0.06305218,0.07854325,-1.310919,0.5537136,-0.3730593,-0.4993492,-0.552158,
1,5,13.531,-0.06305218,0.07854325,-1.310919,0.5537136,-0.3730593,-0.4993492,-0.552158,
1,5,13.533,-0.06305218,0.07854325,-1.310919,0.5537136,-0.3730593,-0.4993492,-0.552158,
1,5,13.535,-0.06305218,0.07854325,-1.310919,0.5537136,-0.3730593,-0.4993492,-0.552158,
1,5,13.537,-0.06304849,0.07855144,-1.310916,0.5537122,-0.3730461,-0.4993708,-0.5521489,
1,5,13.539,-0.06304849,0.07855144,-1.310916,0.5537122,-0.3730461,-0.4993708,-0.5521489,
1,5,13.541,-0.06304849,0.07855144,-1.310916,0.5537122,-0.3730461,-0.4993708,-0.5521489,
1,5,13.543,-0.06304849,0.07855144,-1.310916,0.5537122,-0.3730461,-0.4993708,-0.5521489,
1,5,13.545,-0.06310518,0.07852847,-1.310892,0.5537155,-0.3731361,-0.4993662,-0.5520887,
1,5,13.547,-0.06310518,0.07852847,-1.310892,0.5537155,-0.3731361,-0.4993662,-0.5520887,
1,5,13.549,-0.06310518,0.07852847,-1.310892,0.5537155,-0.3731361,-0.4993662,-0.5520887,
1,5,13.551,-0.06310518,0.07852847,-1.310892,0.5537155,-0.3731361,-0.4993662,-0.5520887,
1,5,13.553,-0.06310518,0.07852847,-1.310892,0.5537155,-0.3731361,-0.4993662,-0.5520887,
1,5,13.555,-0.06306215,0.07854202,-1.3109,0.5537261,-0.3730875,-0.4993544,-0.5521217,
1,5,13.557,-0.06306215,0.07854202,-1.3109,0.5537261,-0.3730875,-0.4993544,-0.5521217,
1,5,13.559,-0.06306215,0.07854202,-1.3109,0.5537261,-0.3730875,-0.4993544,-0.5521217,
1,5,13.561,-0.06306215,0.07854202,-1.3109,0.5537261,-0.3730875,-0.4993544,-0.5521217,
1,5,13.563,-0.06309251,0.07853214,-1.310887,0.5536931,-0.3730775,-0.4994161,-0.5521057,
1,5,13.565,-0.06309251,0.07853214,-1.310887,0.5536931,-0.3730775,-0.4994161,-0.5521057,
1,5,13.567,-0.06309251,0.07853214,-1.310887,0.5536931,-0.3730775,-0.4994161,-0.5521057,
1,5,13.569,-0.06309251,0.07853214,-1.310887,0.5536931,-0.3730775,-0.4994161,-0.5521057,
1,5,13.571,-0.06311683,0.07851738,-1.31088,0.5536783,-0.3731415,-0.499395,-0.5520964,
1,5,13.573,-0.06311683,0.07851738,-1.31088,0.5536783,-0.3731415,-0.499395,-0.5520964,
1,5,13.575,-0.06311683,0.07851738,-1.31088,0.5536783,-0.3731415,-0.499395,-0.5520964,
1,5,13.577,-0.06311683,0.07851738,-1.31088,0.5536783,-0.3731415,-0.499395,-0.5520964,
1,5,13.579,-0.06307187,0.07852829,-1.310908,0.5536982,-0.3731303,-0.4993572,-0.5521184,
1,5,13.581,-0.06307187,0.07852829,-1.310908,0.5536982,-0.3731303,-0.4993572,-0.5521184,
1,5,13.583,-0.06307187,0.07852829,-1.310908,0.5536982,-0.3731303,-0.4993572,-0.5521184,
1,5,13.585,-0.06307187,0.07852829,-1.310908,0.5536982,-0.3731303,-0.4993572,-0.5521184,
1,5,13.587,-0.06307088,0.07854412,-1.310897,0.5536948,-0.373057,-0.4994021,-0.5521305,
1,5,13.589,-0.06307088,0.07854412,-1.310897,0.5536948,-0.373057,-0.4994021,-0.5521305,
1,5,13.591,-0.06307088,0.07854412,-1.310897,0.5536948,-0.373057,-0.4994021,-0.5521305,
1,5,13.593,-0.06307088,0.07854412,-1.310897,0.5536948,-0.373057,-0.4994021,-0.5521305,
1,5,13.595,-0.06308251,0.07854959,-1.310888,0.5536843,-0.3730499,-0.4994126,-0.5521364,
1,5,13.597,-0.06308251,0.07854959,-1.310888,0.5536843,-0.3730499,-0.4994126,-0.5521364,
1,5,13.599,-0.06308251,0.07854959,-1.310888,0.5536843,-0.3730499,-0.4994126,-0.5521364,
1,5,13.601,-0.06308251,0.07854959,-1.310888,0.5536843,-0.3730499,-0.4994126,-0.5521364,
1,5,13.603,-0.06308251,0.07854959,-1.310888,0.5536843,-0.3730499,-0.4994126,-0.5521364,
1,5,13.605,-0.06309045,0.07853337,-1.310894,0.5536924,-0.3731202,-0.4993961,-0.5520956,
1,5,13.607,-0.06309045,0.07853337,-1.310894,0.5536924,-0.3731202,-0.4993961,-0.5520956,
1,5,13.609,-0.06309045,0.07853337,-1.310894,0.5536924,-0.3731202,-0.4993961,-0.5520956,
1,5,13.611,-0.06309045,0.07853337,-1.310894,0.5536924,-0.3731202,-0.4993961,-0.5520956,
1,5,13.613,-0.0630701,0.07854526,-1.310898,0.5536966,-0.3730479,-0.4994083,-0.5521293,
1,5,13.615,-0.0630701,0.07854526,-1.310898,0.5536966,-0.3730479,-0.4994083,-0.5521293,
1,5,13.617,-0.0630701,0.07854526,-1.310898,0.5536966,-0.3730479,-0.4994083,-0.5521293,
1,5,13.619,-0.0630701,0.07854526,-1.310898,0.5536966,-0.3730479,-0.4994083,-0.5521293,
1,5,13.621,-0.06306554,0.07854306,-1.31089,0.5537019,-0.3730402,-0.4994085,-0.552129,
1,5,13.623,-0.06306554,0.07854306,-1.31089,0.5537019,-0.3730402,-0.4994085,-0.552129,
1,5,13.625,-0.06306554,0.07854306,-1.31089,0.5537019,-0.3730402,-0.4994085,-0.552129,
1,5,13.627,-0.06306554,0.07854306,-1.31089,0.5537019,-0.3730402,-0.4994085,-0.552129,
1,5,13.629,-0.06305619,0.07853193,-1.31092,0.5537033,-0.373055,-0.4993873,-0.5521368,
1,5,13.631,-0.06305619,0.07853193,-1.31092,0.5537033,-0.373055,-0.4993873,-0.5521368,
1,5,13.633,-0.06305619,0.07853193,-1.31092,0.5537033,-0.373055,-0.4993873,-0.5521368,
1,5,13.635,-0.06305619,0.07853193,-1.31092,0.5537033,-0.373055,-0.4993873,-0.5521368,
1,5,13.637,-0.06307742,0.07852132,-1.310908,0.5537008,-0.3730879,-0.4993936,-0.5521114,
1,5,13.639,-0.06307742,0.07852132,-1.310908,0.5537008,-0.3730879,-0.4993936,-0.5521114,
1,5,13.641,-0.06307742,0.07852132,-1.310908,0.5537008,-0.3730879,-0.4993936,-0.5521114,
1,5,13.643,-0.06307742,0.07852132,-1.310908,0.5537008,-0.3730879,-0.4993936,-0.5521114,
1,5,13.645,-0.06307184,0.07851608,-1.310894,0.5537148,-0.3731121,-0.4993809,-0.5520924,
1,5,13.647,-0.06307184,0.07851608,-1.310894,0.5537148,-0.3731121,-0.4993809,-0.5520924,
1,5,13.649,-0.06307184,0.07851608,-1.310894,0.5537148,-0.3731121,-0.4993809,-0.5520924,
1,5,13.651,-0.06307184,0.07851608,-1.310894,0.5537148,-0.3731121,-0.4993809,-0.5520924,
1,5,13.653,-0.06307184,0.07851608,-1.310894,0.5537148,-0.3731121,-0.4993809,-0.5520924,
1,5,13.655,-0.06309411,0.07852054,-1.310887,0.5537075,-0.373144,-0.4993738,-0.5520847,
1,5,13.657,-0.06309411,0.07852054,-1.310887,0.5537075,-0.373144,-0.4993738,-0.5520847,
1,5,13.659,-0.06309411,0.07852054,-1.310887,0.5537075,-0.373144,-0.4993738,-0.5520847,
1,5,13.661,-0.06309411,0.07852054,-1.310887,0.5537075,-0.373144,-0.4993738,-0.5520847,
1,5,13.663,-0.06309603,0.07853608,-1.310873,0.5536941,-0.3731312,-0.4993946,-0.5520878,
1,5,13.665,-0.06309603,0.07853608,-1.310873,0.5536941,-0.3731312,-0.4993946,-0.5520878,
1,5,13.667,-0.06309603,0.07853608,-1.310873,0.5536941,-0.3731312,-0.4993946,-0.5520878,
1,5,13.669,-0.06309603,0.07853608,-1.310873,0.5536941,-0.3731312,-0.4993946,-0.5520878,
1,5,13.671,-0.06304429,0.0785467,-1.310914,0.5537344,-0.3730659,-0.4993816,-0.5521033,
1,5,13.673,-0.06304429,0.0785467,-1.310914,0.5537344,-0.3730659,-0.4993816,-0.5521033,
1,5,13.675,-0.06304429,0.0785467,-1.310914,0.5537344,-0.3730659,-0.4993816,-0.5521033,
1,5,13.677,-0.06304429,0.0785467,-1.310914,0.5537344,-0.3730659,-0.4993816,-0.5521033,
1,5,13.679,-0.06309425,0.07853133,-1.310891,0.5537159,-0.3731047,-0.4993815,-0.5520958,
1,5,13.681,-0.06309425,0.07853133,-1.310891,0.5537159,-0.3731047,-0.4993815,-0.5520958,
1,5,13.683,-0.06309425,0.07853133,-1.310891,0.5537159,-0.3731047,-0.4993815,-0.5520958,
1,5,13.685,-0.06309425,0.07853133,-1.310891,0.5537159,-0.3731047,-0.4993815,-0.5520958,
1,5,13.687,-0.06305195,0.07852436,-1.310917,0.5537373,-0.3731251,-0.4993426,-0.5520957,
1,5,13.689,-0.06305195,0.07852436,-1.310917,0.5537373,-0.3731251,-0.4993426,-0.5520957,
1,5,13.691,-0.06305195,0.07852436,-1.310917,0.5537373,-0.3731251,-0.4993426,-0.5520957,
1,5,13.693,-0.06305195,0.07852436,-1.310917,0.5537373,-0.3731251,-0.4993426,-0.5520957,
1,5,13.695,-0.06304032,0.07854072,-1.310921,0.5537565,-0.3730704,-0.4993289,-0.5521259,
1,5,13.697,-0.06304032,0.07854072,-1.310921,0.5537565,-0.3730704,-0.4993289,-0.5521259,
1,5,13.699,-0.06304032,0.07854072,-1.310921,0.5537565,-0.3730704,-0.4993289,-0.5521259,
1,5,13.701,-0.06304032,0.07854072,-1.310921,0.5537565,-0.3730704,-0.4993289,-0.5521259,
1,5,13.703,-0.06304032,0.07854072,-1.310921,0.5537565,-0.3730704,-0.4993289,-0.5521259,
1,5,13.705,-0.06305296,0.07854901,-1.3109,0.5537342,-0.3730283,-0.4993777,-0.5521325,
1,5,13.707,-0.06305296,0.07854901,-1.3109,0.5537342,-0.3730283,-0.4993777,-0.5521325,
1,5,13.709,-0.06305296,0.07854901,-1.3109,0.5537342,-0.3730283,-0.4993777,-0.5521325,
1,5,13.711,-0.06305296,0.07854901,-1.3109,0.5537342,-0.3730283,-0.4993777,-0.5521325,
1,5,13.713,-0.06309301,0.07853962,-1.310877,0.5537221,-0.3730224,-0.4994273,-0.5521037,
1,5,13.715,-0.06309301,0.07853962,-1.310877,0.5537221,-0.3730224,-0.4994273,-0.5521037,
1,5,13.717,-0.06309301,0.07853962,-1.310877,0.5537221,-0.3730224,-0.4994273,-0.5521037,
1,5,13.719,-0.06309301,0.07853962,-1.310877,0.5537221,-0.3730224,-0.4994273,-0.5521037,
1,5,13.721,-0.06308588,0.07852544,-1.310892,0.5537112,-0.3730935,-0.4993834,-0.5521063,
1,5,13.723,-0.06308588,0.07852544,-1.310892,0.5537112,-0.3730935,-0.4993834,-0.5521063,
1,5,13.725,-0.06308588,0.07852544,-1.310892,0.5537112,-0.3730935,-0.4993834,-0.5521063,
1,5,13.727,-0.06308588,0.07852544,-1.310892,0.5537112,-0.3730935,-0.4993834,-0.5521063,
1,5,13.729,-0.06307019,0.07853329,-1.310902,0.5537088,-0.3730879,-0.4993709,-0.5521238,
1,5,13.731,-0.06307019,0.07853329,-1.310902,0.5537088,-0.3730879,-0.4993709,-0.5521238,
1,5,13.733,-0.06307019,0.07853329,-1.310902,0.5537088,-0.3730879,-0.4993709,-0.5521238,
1,5,13.735,-0.06307019,0.07853329,-1.310902,0.5537088,-0.3730879,-0.4993709,-0.5521238,
1,5,13.737,-0.0630516,0.07852732,-1.310903,0.5537032,-0.3730765,-0.4993766,-0.552132,
1,5,13.739,-0.0630516,0.07852732,-1.310903,0.5537032,-0.3730765,-0.4993766,-0.552132,
1,5,13.741,-0.0630516,0.07852732,-1.310903,0.5537032,-0.3730765,-0.4993766,-0.552132,
1,5,13.743,-0.0630516,0.07852732,-1.310903,0.5537032,-0.3730765,-0.4993766,-0.552132,
1,5,13.745,-0.063078,0.07852827,-1.310904,0.5536837,-0.3730728,-0.4994054,-0.552128,
1,5,13.747,-0.063078,0.07852827,-1.310904,0.5536837,-0.3730728,-0.4994054,-0.552128,
1,5,13.749,-0.063078,0.07852827,-1.310904,0.5536837,-0.3730728,-0.4994054,-0.552128,
1,5,13.751,-0.063078,0.07852827,-1.310904,0.5536837,-0.3730728,-0.4994054,-0.552128,
1,5,13.753,-0.063078,0.07852827,-1.310904,0.5536837,-0.3730728,-0.4994054,-0.552128,
1,5,13.755,-0.06305467,0.0785365,-1.310907,0.5537135,-0.3730621,-0.499389,-0.5521201,
1,5,13.757,-0.06305467,0.0785365,-1.310907,0.5537135,-0.3730621,-0.499389,-0.5521201,
1,5,13.759,-0.06305467,0.0785365,-1.310907,0.5537135,-0.3730621,-0.499389,-0.5521201,
1,5,13.761,-0.06305467,0.0785365,-1.310907,0.5537135,-0.3730621,-0.499389,-0.5521201,
1,5,13.763,-0.06304064,0.07854222,-1.310935,0.5537394,-0.3730677,-0.4993535,-0.5521226,
1,5,13.765,-0.06304064,0.07854222,-1.310935,0.5537394,-0.3730677,-0.4993535,-0.5521226,
1,5,13.767,-0.06304064,0.07854222,-1.310935,0.5537394,-0.3730677,-0.4993535,-0.5521226,
1,5,13.769,-0.06304064,0.07854222,-1.310935,0.5537394,-0.3730677,-0.4993535,-0.5521226,
1,5,13.771,-0.06306429,0.07853838,-1.310898,0.5537345,-0.3730531,-0.4993842,-0.5521095,
1,5,13.773,-0.06306429,0.07853838,-1.310898,0.5537345,-0.3730531,-0.4993842,-0.5521095,
1,5,13.775,-0.06306429,0.07853838,-1.310898,0.5537345,-0.3730531,-0.4993842,-0.5521095,
1,5,13.777,-0.06306429,0.07853838,-1.310898,0.5537345,-0.3730531,-0.4993842,-0.5521095,
1,5,13.779,-0.06308694,0.07853835,-1.310875,0.5537089,-0.3730456,-0.4994114,-0.5521157,
1,5,13.781,-0.06308694,0.07853835,-1.310875,0.5537089,-0.3730456,-0.4994114,-0.5521157,
1,5,13.783,-0.06308694,0.07853835,-1.310875,0.5537089,-0.3730456,-0.4994114,-0.5521157,
1,5,13.785,-0.06308694,0.07853835,-1.310875,0.5537089,-0.3730456,-0.4994114,-0.5521157,
1,5,13.787,-0.06310713,0.0785279,-1.31087,0.5536876,-0.3730612,-0.4994407,-0.5521,
1,5,13.789,-0.06310713,0.0785279,-1.31087,0.5536876,-0.3730612,-0.4994407,-0.5521,
1,5,13.791,-0.06310713,0.0785279,-1.31087,0.5536876,-0.3730612,-0.4994407,-0.5521,
1,5,13.793,-0.06310713,0.0785279,-1.31087,0.5536876,-0.3730612,-0.4994407,-0.5521,
1,5,13.795,-0.06307945,0.0785351,-1.310886,0.5536891,-0.3730891,-0.4994167,-0.5521014,
1,5,13.797,-0.06307945,0.0785351,-1.310886,0.5536891,-0.3730891,-0.4994167,-0.5521014,
1,5,13.799,-0.06307945,0.0785351,-1.310886,0.5536891,-0.3730891,-0.4994167,-0.5521014,
1,5,13.801,-0.06307945,0.0785351,-1.310886,0.5536891,-0.3730891,-0.4994167,-0.5521014,
1,5,13.803,-0.06307945,0.0785351,-1.310886,0.5536891,-0.3730891,-0.4994167,-0.5521014,
1,5,13.805,-0.06309803,0.07852399,-1.310877,0.5536896,-0.3731285,-0.4994068,-0.5520832,
1,5,13.807,-0.06309803,0.07852399,-1.310877,0.5536896,-0.3731285,-0.4994068,-0.5520832,
1,5,13.809,-0.06309803,0.07852399,-1.310877,0.5536896,-0.3731285,-0.4994068,-0.5520832,
1,5,13.811,-0.06309803,0.07852399,-1.310877,0.5536896,-0.3731285,-0.4994068,-0.5520832,
1,5,13.813,-0.06306741,0.07854088,-1.310899,0.5537034,-0.3730974,-0.4993981,-0.552098,
1,5,13.815,-0.06306741,0.07854088,-1.310899,0.5537034,-0.3730974,-0.4993981,-0.552098,
1,5,13.817,-0.06306741,0.07854088,-1.310899,0.5537034,-0.3730974,-0.4993981,-0.552098,
1,5,13.819,-0.06306741,0.07854088,-1.310899,0.5537034,-0.3730974,-0.4993981,-0.552098,
1,5,13.821,-0.06307626,0.07853445,-1.3109,0.5536994,-0.3730975,-0.4993981,-0.5521024,
1,5,13.823,-0.06307626,0.07853445,-1.3109,0.5536994,-0.3730975,-0.4993981,-0.5521024,
1,5,13.825,-0.06307626,0.07853445,-1.3109,0.5536994,-0.3730975,-0.4993981,-0.5521024,
1,5,13.827,-0.06307626,0.07853445,-1.3109,0.5536994,-0.3730975,-0.4993981,-0.5521024,
1,5,13.829,-0.06306259,0.07852581,-1.310904,0.5537248,-0.3731049,-0.4993648,-0.5521017,
1,5,13.831,-0.06306259,0.07852581,-1.310904,0.5537248,-0.3731049,-0.4993648,-0.5521017,
1,5,13.833,-0.06306259,0.07852581,-1.310904,0.5537248,-0.3731049,-0.4993648,-0.5521017,
1,5,13.835,-0.06306259,0.07852581,-1.310904,0.5537248,-0.3731049,-0.4993648,-0.5521017,
1,5,13.837,-0.06306551,0.0785452,-1.310893,0.5537332,-0.3730792,-0.4993676,-0.5521083,
1,5,13.839,-0.06306551,0.0785452,-1.310893,0.5537332,-0.3730792,-0.4993676,-0.5521083,
1,5,13.841,-0.06306551,0.0785452,-1.310893,0.5537332,-0.3730792,-0.4993676,-0.5521083,
1,5,13.843,-0.06306551,0.0785452,-1.310893,0.5537332,-0.3730792,-0.4993676,-0.5521083,
1,5,13.845,-0.06310102,0.07853749,-1.310881,0.5537169,-0.373078,-0.4994029,-0.5520935,
1,5,13.847,-0.06310102,0.07853749,-1.310881,0.5537169,-0.373078,-0.4994029,-0.5520935,
1,5,13.849,-0.06310102,0.07853749,-1.310881,0.5537169,-0.373078,-0.4994029,-0.5520935,
1,5,13.851,-0.06310102,0.07853749,-1.310881,0.5537169,-0.373078,-0.4994029,-0.5520935,
1,5,13.853,-0.06310102,0.07853749,-1.310881,0.5537169,-0.373078,-0.4994029,-0.5520935,
1,5,13.855,-0.06305441,0.07853319,-1.310918,0.5537345,-0.3730712,-0.4993756,-0.5521051,
1,5,13.857,-0.06305441,0.07853319,-1.310918,0.5537345,-0.3730712,-0.4993756,-0.5521051,
1,5,13.859,-0.06305441,0.07853319,-1.310918,0.5537345,-0.3730712,-0.4993756,-0.5521051,
1,5,13.861,-0.06305441,0.07853319,-1.310918,0.5537345,-0.3730712,-0.4993756,-0.5521051,
1,5,13.863,-0.06303833,0.07852834,-1.310937,0.5537403,-0.373096,-0.4993397,-0.552115,
1,5,13.865,-0.06303833,0.07852834,-1.310937,0.5537403,-0.373096,-0.4993397,-0.552115,
1,5,13.867,-0.06303833,0.07852834,-1.310937,0.5537403,-0.373096,-0.4993397,-0.552115,
1,5,13.869,-0.06303833,0.07852834,-1.310937,0.5537403,-0.373096,-0.4993397,-0.552115,
1,5,13.871,-0.06310082,0.0785199,-1.310888,0.5537018,-0.3731161,-0.4993933,-0.5520915,
1,5,13.873,-0.06310082,0.0785199,-1.310888,0.5537018,-0.3731161,-0.4993933,-0.5520915,
1,5,13.875,-0.06310082,0.0785199,-1.310888,0.5537018,-0.3731161,-0.4993933,-0.5520915,
1,5,13.877,-0.06310082,0.0785199,-1.310888,0.5537018,-0.3731161,-0.4993933,-0.5520915,
1,5,13.879,-0.06306349,0.07852,-1.31091,0.5537328,-0.3731297,-0.4993446,-0.5520954,
1,5,13.881,-0.06306349,0.07852,-1.31091,0.5537328,-0.3731297,-0.4993446,-0.5520954,
1,5,13.883,-0.06306349,0.07852,-1.31091,0.5537328,-0.3731297,-0.4993446,-0.5520954,
1,5,13.885,-0.06306349,0.07852,-1.31091,0.5537328,-0.3731297,-0.4993446,-0.5520954,
1,5,13.887,-0.06305365,0.07854541,-1.310907,0.5537126,-0.3730507,-0.4993921,-0.552126,
1,5,13.889,-0.06305365,0.07854541,-1.310907,0.5537126,-0.3730507,-0.4993921,-0.552126,
1,5,13.891,-0.06305365,0.07854541,-1.310907,0.5537126,-0.3730507,-0.4993921,-0.552126,
1,5,13.893,-0.06305365,0.07854541,-1.310907,0.5537126,-0.3730507,-0.4993921,-0.552126,
1,5,13.895,-0.06307574,0.07853563,-1.310906,0.5537138,-0.3731129,-0.4993813,-0.5520926,
1,5,13.897,-0.06307574,0.07853563,-1.310906,0.5537138,-0.3731129,-0.4993813,-0.5520926,
1,5,13.899,-0.06307574,0.07853563,-1.310906,0.5537138,-0.3731129,-0.4993813,-0.5520926,
1,5,13.901,-0.06307574,0.07853563,-1.310906,0.5537138,-0.3731129,-0.4993813,-0.5520926,
1,5,13.903,-0.06307574,0.07853563,-1.310906,0.5537138,-0.3731129,-0.4993813,-0.5520926,
1,5,13.905,-0.06304745,0.07854502,-1.310913,0.5537331,-0.3730739,-0.4993609,-0.552118,
1,5,13.907,-0.06304745,0.07854502,-1.310913,0.5537331,-0.3730739,-0.4993609,-0.552118,
1,5,13.909,-0.06304745,0.07854502,-1.310913,0.5537331,-0.3730739,-0.4993609,-0.552118,
1,5,13.911,-0.06304745,0.07854502,-1.310913,0.5537331,-0.3730739,-0.4993609,-0.552118,
1,5,13.913,-0.06307774,0.07853785,-1.310901,0.5537353,-0.3730843,-0.4993653,-0.5521048,
1,5,13.915,-0.06307774,0.07853785,-1.310901,0.5537353,-0.3730843,-0.4993653,-0.5521048,
1,5,13.917,-0.06307774,0.07853785,-1.310901,0.5537353,-0.3730843,-0.4993653,-0.5521048,
1,5,13.919,-0.06307774,0.07853785,-1.310901,0.5537353,-0.3730843,-0.4993653,-0.5521048,
1,5,13.921,-0.06305782,0.07854693,-1.310906,0.5537274,-0.3730839,-0.4993663,-0.552112,
1,5,13.923,-0.06305782,0.07854693,-1.310906,0.5537274,-0.3730839,-0.4993663,-0.552112,
1,5,13.925,-0.06305782,0.07854693,-1.310906,0.5537274,-0.3730839,-0.4993663,-0.552112,
1,5,13.927,-0.06305782,0.07854693,-1.310906,0.5537274,-0.3730839,-0.4993663,-0.552112,
1,5,13.929,-0.06304265,0.07855086,-1.310923,0.553737,-0.3730774,-0.4993472,-0.552124,
1,5,13.931,-0.06304265,0.07855086,-1.310923,0.553737,-0.3730774,-0.4993472,-0.552124,
1,5,13.933,-0.06304265,0.07855086,-1.310923,0.553737,-0.3730774,-0.4993472,-0.552124,
1,5,13.935,-0.06304265,0.07855086,-1.310923,0.553737,-0.3730774,-0.4993472,-0.552124,
1,5,13.937,-0.06306092,0.07852551,-1.310925,0.5537429,-0.373108,-0.4993413,-0.5521029,
1,5,13.939,-0.06306092,0.07852551,-1.310925,0.5537429,-0.373108,-0.4993413,-0.5521029,
1,5,13.941,-0.06306092,0.07852551,-1.310925,0.5537429,-0.373108,-0.4993413,-0.5521029,
1,5,13.943,-0.06306092,0.07852551,-1.310925,0.5537429,-0.373108,-0.4993413,-0.5521029,
1,5,13.945,-0.06312138,0.07852017,-1.310885,0.5537039,-0.3731456,-0.4993697,-0.5520907,
1,5,13.947,-0.06312138,0.07852017,-1.310885,0.5537039,-0.3731456,-0.4993697,-0.5520907,
1,5,13.949,-0.06312138,0.07852017,-1.310885,0.5537039,-0.3731456,-0.4993697,-0.5520907,
1,5,13.951,-0.06312138,0.07852017,-1.310885,0.5537039,-0.3731456,-0.4993697,-0.5520907,
1,5,13.953,-0.06312138,0.07852017,-1.310885,0.5537039,-0.3731456,-0.4993697,-0.5520907,
1,5,13.955,-0.06308467,0.07851624,-1.310899,0.5537305,-0.3731764,-0.4993446,-0.5520661,
1,5,13.957,-0.06308467,0.07851624,-1.310899,0.5537305,-0.3731764,-0.4993446,-0.5520661,
1,5,13.959,-0.06308467,0.07851624,-1.310899,0.5537305,-0.3731764,-0.4993446,-0.5520661,
1,5,13.961,-0.06308467,0.07851624,-1.310899,0.5537305,-0.3731764,-0.4993446,-0.5520661,
1,5,13.963,-0.06307673,0.07851874,-1.310904,0.5537311,-0.3731594,-0.4993451,-0.5520765,
1,5,13.965,-0.06307673,0.07851874,-1.310904,0.5537311,-0.3731594,-0.4993451,-0.5520765,
1,5,13.967,-0.06307673,0.07851874,-1.310904,0.5537311,-0.3731594,-0.4993451,-0.5520765,
1,5,13.969,-0.06307673,0.07851874,-1.310904,0.5537311,-0.3731594,-0.4993451,-0.5520765,
1,5,13.971,-0.06305448,0.0785372,-1.31092,0.5537114,-0.3730747,-0.4993492,-0.5521498,
1,5,13.973,-0.06305448,0.0785372,-1.31092,0.5537114,-0.3730747,-0.4993492,-0.5521498,
1,5,13.975,-0.06305448,0.0785372,-1.31092,0.5537114,-0.3730747,-0.4993492,-0.5521498,
1,5,13.977,-0.06305448,0.0785372,-1.31092,0.5537114,-0.3730747,-0.4993492,-0.5521498,
1,5,13.979,-0.06303532,0.07854222,-1.310911,0.5537198,-0.3730591,-0.4993597,-0.5521425,
1,5,13.981,-0.06303532,0.07854222,-1.310911,0.5537198,-0.3730591,-0.4993597,-0.5521425,
1,5,13.983,-0.06303532,0.07854222,-1.310911,0.5537198,-0.3730591,-0.4993597,-0.5521425,
1,5,13.985,-0.06303532,0.07854222,-1.310911,0.5537198,-0.3730591,-0.4993597,-0.5521425,
1,5,13.987,-0.06306525,0.07854255,-1.310902,0.5537098,-0.3730469,-0.499387,-0.5521359,
1,5,13.989,-0.06306525,0.07854255,-1.310902,0.5537098,-0.3730469,-0.499387,-0.5521359,
1,5,13.991,-0.06306525,0.07854255,-1.310902,0.5537098,-0.3730469,-0.499387,-0.5521359,
1,5,13.993,-0.06306525,0.07854255,-1.310902,0.5537098,-0.3730469,-0.499387,-0.5521359,
1,5,13.995,-0.0631177,0.07851829,-1.310878,0.5537089,-0.3731751,-0.4993524,-0.5520816,
1,5,13.997,-0.0631177,0.07851829,-1.310878,0.5537089,-0.3731751,-0.4993524,-0.5520816,
1,5,13.999,-0.0631177,0.07851829,-1.310878,0.5537089,-0.3731751,-0.4993524,-0.5520816,
1,5,14.001,-0.0631177,0.07851829,-1.310878,0.5537089,-0.3731751,-0.4993524,-0.5520816,
1,5,14.003,-0.0631177,0.07851829,-1.310878,0.5537089,-0.3731751,-0.4993524,-0.5520816,
1,5,14.005,-0.06306829,0.07852684,-1.310902,0.5537376,-0.3731524,-0.4993183,-0.5520988,
1,5,14.007,-0.06306829,0.07852684,-1.310902,0.5537376,-0.3731524,-0.4993183,-0.5520988,
1,5,14.009,-0.06306829,0.07852684,-1.310902,0.5537376,-0.3731524,-0.4993183,-0.5520988,
1,5,14.011,-0.06306829,0.07852684,-1.310902,0.5537376,-0.3731524,-0.4993183,-0.5520988,
1,5,14.013,-0.06308013,0.07854487,-1.31091,0.5537204,-0.3731093,-0.4993515,-0.5521154,
1,5,14.015,-0.06308013,0.07854487,-1.31091,0.5537204,-0.3731093,-0.4993515,-0.5521154,
1,5,14.017,-0.06308013,0.07854487,-1.31091,0.5537204,-0.3731093,-0.4993515,-0.5521154,
1,5,14.019,-0.06308013,0.07854487,-1.31091,0.5537204,-0.3731093,-0.4993515,-0.5521154,
1,5,14.021,-0.06311447,0.07852717,-1.310881,0.5536885,-0.3731312,-0.4993883,-0.5520992,
1,5,14.023,-0.06311447,0.07852717,-1.310881,0.5536885,-0.3731312,-0.4993883,-0.5520992,
1,5,14.025,-0.06311447,0.07852717,-1.310881,0.5536885,-0.3731312,-0.4993883,-0.5520992,
1,5,14.027,-0.06311447,0.07852717,-1.310881,0.5536885,-0.3731312,-0.4993883,-0.5520992,
1,5,14.029,-0.06306853,0.07853296,-1.31091,0.5537319,-0.3731312,-0.4993374,-0.5521018,
1,5,14.031,-0.06306853,0.07853296,-1.31091,0.5537319,-0.3731312,-0.4993374,-0.5521018,
1,5,14.033,-0.06306853,0.07853296,-1.31091,0.5537319,-0.3731312,-0.4993374,-0.5521018,
1,5,14.035,-0.06306853,0.07853296,-1.31091,0.5537319,-0.3731312,-0.4993374,-0.5521018,
1,5,14.037,-0.06305216,0.07852457,-1.310915,0.5537442,-0.3730952,-0.4993418,-0.5521097,
1,5,14.039,-0.06305216,0.07852457,-1.310915,0.5537442,-0.3730952,-0.4993418,-0.5521097,
1,5,14.041,-0.06305216,0.07852457,-1.310915,0.5537442,-0.3730952,-0.4993418,-0.5521097,
1,5,14.043,-0.06305216,0.07852457,-1.310915,0.5537442,-0.3730952,-0.4993418,-0.5521097,
1,5,14.045,-0.06307548,0.07852834,-1.310904,0.5537329,-0.3730969,-0.4993494,-0.552113,
1,5,14.047,-0.06307548,0.07852834,-1.310904,0.5537329,-0.3730969,-0.4993494,-0.552113,
1,5,14.049,-0.06307548,0.07852834,-1.310904,0.5537329,-0.3730969,-0.4993494,-0.552113,
1,5,14.051,-0.06307548,0.07852834,-1.310904,0.5537329,-0.3730969,-0.4993494,-0.552113,
1,5,14.053,-0.06307548,0.07852834,-1.310904,0.5537329,-0.3730969,-0.4993494,-0.552113,
1,5,14.055,-0.06308228,0.07852318,-1.310911,0.5537281,-0.3731206,-0.4993309,-0.5521185,
1,5,14.057,-0.06308228,0.07852318,-1.310911,0.5537281,-0.3731206,-0.4993309,-0.5521185,
1,5,14.059,-0.06308228,0.07852318,-1.310911,0.5537281,-0.3731206,-0.4993309,-0.5521185,
1,5,14.061,-0.06308228,0.07852318,-1.310911,0.5537281,-0.3731206,-0.4993309,-0.5521185,
1,5,14.063,-0.06309254,0.07853124,-1.310911,0.5537171,-0.3731147,-0.4993606,-0.5521068,
1,5,14.065,-0.06309254,0.07853124,-1.310911,0.5537171,-0.3731147,-0.4993606,-0.5521068,
1,5,14.067,-0.06309254,0.07853124,-1.310911,0.5537171,-0.3731147,-0.4993606,-0.5521068,
1,5,14.069,-0.06309254,0.07853124,-1.310911,0.5537171,-0.3731147,-0.4993606,-0.5521068,
1,5,14.071,-0.06307214,0.07852985,-1.310907,0.5537363,-0.3731181,-0.4993433,-0.5521008,
1,5,14.073,-0.06307214,0.07852985,-1.310907,0.5537363,-0.3731181,-0.4993433,-0.5521008,
1,5,14.075,-0.06307214,0.07852985,-1.310907,0.5537363,-0.3731181,-0.4993433,-0.5521008,
1,5,14.077,-0.06307214,0.07852985,-1.310907,0.5537363,-0.3731181,-0.4993433,-0.5521008,
1,5,14.079,-0.06310898,0.07852664,-1.310884,0.5537083,-0.3731328,-0.4993764,-0.5520891,
1,5,14.081,-0.06310898,0.07852664,-1.310884,0.5537083,-0.3731328,-0.4993764,-0.5520891,CourtEnter
1,5,14.083,-0.06310898,0.07852664,-1.310884,0.5537083,-0.3731328,-0.4993764,-0.5520891,
1,5,14.085,-0.06310898,0.07852664,-1.310884,0.5537083,-0.3731328,-0.4993764,-0.5520891,
1,5,14.087,-0.06310231,0.07852861,-1.310879,0.5536951,-0.3731099,-0.4993814,-0.5521132,
1,5,14.089,-0.06310231,0.07852861,-1.310879,0.5536951,-0.3731099,-0.4993814,-0.5521132,
1,5,14.091,-0.06310231,0.07852861,-1.310879,0.5536951,-0.3731099,-0.4993814,-0.5521132,CourtExit
1,5,14.093,-0.06310231,0.07852861,-1.310879,0.5536951,-0.3731099,-0.4993814,-0.5521132,
1,5,14.095,-0.06306785,0.07853555,-1.310909,0.5537099,-0.3730592,-0.4993582,-0.5521536,
1,5,14.097,-0.06306785,0.07853555,-1.310909,0.5537099,-0.3730592,-0.4993582,-0.5521536,
1,5,14.099,-0.06306785,0.07853555,-1.310909,0.5537099,-0.3730592,-0.4993582,-0.5521536,
1,5,14.101,-0.06306785,0.07853555,-1.310909,0.5537099,-0.3730592,-0.4993582,-0.5521536,
1,5,14.103,-0.06306785,0.07853555,-1.310909,0.5537099,-0.3730592,-0.4993582,-0.5521536,
1,5,14.105,-0.06311332,0.07854889,-1.310901,0.5536845,-0.3730803,-0.4993754,-0.5521494,
1,5,14.107,-0.06311332,0.07854889,-1.310901,0.5536845,-0.3730803,-0.4993754,-0.5521494,
1,5,14.109,-0.06311332,0.07854889,-1.310901,0.5536845,-0.3730803,-0.4993754,-0.5521494,
1,5,14.111,-0.06311332,0.07854889,-1.310901,0.5536845,-0.3730803,-0.4993754,-0.5521494,
1,5,14.113,-0.06308683,0.07853556,-1.310893,0.5536867,-0.3730449,-0.4994045,-0.5521447,
1,5,14.115,-0.06308683,0.07853556,-1.310893,0.5536867,-0.3730449,-0.4994045,-0.5521447,
1,5,14.117,-0.06308683,0.07853556,-1.310893,0.5536867,-0.3730449,-0.4994045,-0.5521447,
1,5,14.119,-0.06308683,0.07853556,-1.310893,0.5536867,-0.3730449,-0.4994045,-0.5521447,
1,5,14.121,-0.0630669,0.07852004,-1.310922,0.553713,-0.373088,-0.4993418,-0.5521459,
1,5,14.123,-0.0630669,0.07852004,-1.310922,0.553713,-0.373088,-0.4993418,-0.5521459,
1,5,14.125,-0.0630669,0.07852004,-1.310922,0.553713,-0.373088,-0.4993418,-0.5521459,
1,5,14.127,-0.0630669,0.07852004,-1.310922,0.553713,-0.373088,-0.4993418,-0.5521459,
1,5,14.129,-0.06302653,0.07852102,-1.310936,0.5537289,-0.3730983,-0.4993202,-0.5521424,
1,5,14.131,-0.06302653,0.07852102,-1.310936,0.5537289,-0.3730983,-0.4993202,-0.5521424,
1,5,14.133,-0.06302653,0.07852102,-1.310936,0.5537289,-0.3730983,-0.4993202,-0.5521424,
1,5,14.135,-0.06302653,0.07852102,-1.310936,0.5537289,-0.3730983,-0.4993202,-0.5521424,
1,5,14.137,-0.0630964,0.07852923,-1.310892,0.5536857,-0.3730991,-0.4993916,-0.5521208,
1,5,14.139,-0.0630964,0.07852923,-1.310892,0.5536857,-0.3730991,-0.4993916,-0.5521208,
1,5,14.141,-0.0630964,0.07852923,-1.310892,0.5536857,-0.3730991,-0.4993916,-0.5521208,
1,5,14.143,-0.0630964,0.07852923,-1.310892,0.5536857,-0.3730991,-0.4993916,-0.5521208,
1,5,14.145,-0.06308709,0.07853747,-1.310895,0.5536993,-0.3730512,-0.4993958,-0.5521357,
1,5,14.147,-0.06308709,0.07853747,-1.310895,0.5536993,-0.3730512,-0.4993958,-0.5521357,
1,5,14.149,-0.06308709,0.07853747,-1.310895,0.5536993,-0.3730512,-0.4993958,-0.5521357,
1,5,14.151,-0.06308709,0.07853747,-1.310895,0.5536993,-0.3730512,-0.4993958,-0.5521357,
1,5,14.153,-0.06308709,0.07853747,-1.310895,0.5536993,-0.3730512,-0.4993958,-0.5521357,
1,5,14.155,-0.06308538,0.07853152,-1.310903,0.5536951,-0.3730471,-0.4993971,-0.5521414,
1,5,14.157,-0.06308538,0.07853152,-1.310903,0.5536951,-0.3730471,-0.4993971,-0.5521414,
1,5,14.159,-0.06308538,0.07853152,-1.310903,0.5536951,-0.3730471,-0.4993971,-0.5521414,
1,5,14.161,-0.06308538,0.07853152,-1.310903,0.5536951,-0.3730471,-0.4993971,-0.5521414,
1,5,14.163,-0.06308462,0.07854059,-1.310894,0.5537064,-0.3730624,-0.4993796,-0.5521356,
1,5,14.165,-0.06308462,0.07854059,-1.310894,0.5537064,-0.3730624,-0.4993796,-0.5521356,
1,5,14.167,-0.06308462,0.07854059,-1.310894,0.5537064,-0.3730624,-0.4993796,-0.5521356,
1,5,14.169,-0.06308462,0.07854059,-1.310894,0.5537064,-0.3730624,-0.4993796,-0.5521356,
1,5,14.171,-0.06307279,0.07854278,-1.310905,0.5537218,-0.3730802,-0.4993647,-0.5521217,
1,5,14.173,-0.06307279,0.07854278,-1.310905,0.5537218,-0.3730802,-0.4993647,-0.5521217,
1,5,14.175,-0.06307279,0.07854278,-1.310905,0.5537218,-0.3730802,-0.4993647,-0.5521217,
1,5,14.177,-0.06307279,0.07854278,-1.310905,0.5537218,-0.3730802,-0.4993647,-0.5521217,
1,5,14.179,-0.06307753,0.07852999,-1.310907,0.5537125,-0.373099,-0.499382,-0.5521026,
1,5,14.181,-0.06307753,0.07852999,-1.310907,0.5537125,-0.373099,-0.499382,-0.5521026,
1,5,14.183,-0.06307753,0.07852999,-1.310907,0.5537125,-0.373099,-0.499382,-0.5521026,
1,5,14.185,-0.06307753,0.07852999,-1.310907,0.5537125,-0.373099,-0.499382,-0.5521026,
1,5,14.187,-0.06308975,0.07853553,-1.310897,0.5537044,-0.3730987,-0.4993922,-0.5521016,
1,5,14.189,-0.06308975,0.07853553,-1.310897,0.5537044,-0.3730987,-0.4993922,-0.5521016,
1,5,14.191,-0.06308975,0.07853553,-1.310897,0.5537044,-0.3730987,-0.4993922,-0.5521016,
1,5,14.193,-0.06308975,0.07853553,-1.310897,0.5537044,-0.3730987,-0.4993922,-0.5521016,
1,5,14.195,-0.06308318,0.07853542,-1.310929,0.5537282,-0.373146,-0.4993119,-0.5521185,
1,5,14.197,-0.06308318,0.07853542,-1.310929,0.5537282,-0.373146,-0.4993119,-0.5521185,
1,5,14.199,-0.06308318,0.07853542,-1.310929,0.5537282,-0.373146,-0.4993119,-0.5521185,
1,5,14.201,-0.06308318,0.07853542,-1.310929,0.5537282,-0.373146,-0.4993119,-0.5521185,
1,5,14.203,-0.06308318,0.07853542,-1.310929,0.5537282,-0.373146,-0.4993119,-0.5521185,
1,5,14.205,-0.06312504,0.07853328,-1.310891,0.5537094,-0.3731261,-0.4993573,-0.5521097,
1,5,14.207,-0.06312504,0.07853328,-1.310891,0.5537094,-0.3731261,-0.4993573,-0.5521097,
1,5,14.209,-0.06312504,0.07853328,-1.310891,0.5537094,-0.3731261,-0.4993573,-0.5521097,
1,5,14.211,-0.06312504,0.07853328,-1.310891,0.5537094,-0.3731261,-0.4993573,-0.5521097,
1,5,14.213,-0.0631066,0.07853621,-1.310898,0.5536925,-0.373092,-0.4993765,-0.5521324,
1,5,14.215,-0.0631066,0.07853621,-1.310898,0.5536925,-0.373092,-0.4993765,-0.5521324,
1,5,14.217,-0.0631066,0.07853621,-1.310898,0.5536925,-0.373092,-0.4993765,-0.5521324,
1,5,14.219,-0.0631066,0.07853621,-1.310898,0.5536925,-0.373092,-0.4993765,-0.5521324,
1,5,14.221,-0.06308653,0.0785396,-1.310902,0.5536911,-0.3730792,-0.4993831,-0.5521364,
1,5,14.223,-0.06308653,0.0785396,-1.310902,0.5536911,-0.3730792,-0.4993831,-0.5521364,
1,5,14.225,-0.06308653,0.0785396,-1.310902,0.5536911,-0.3730792,-0.4993831,-0.5521364,
1,5,14.227,-0.06308653,0.0785396,-1.310902,0.5536911,-0.3730792,-0.4993831,-0.5521364,
1,5,14.229,-0.06303343,0.07853919,-1.310929,0.5537142,-0.3730647,-0.499365,-0.5521395,
1,5,14.231,-0.06303343,0.07853919,-1.310929,0.5537142,-0.3730647,-0.499365,-0.5521395,
1,5,14.233,-0.06303343,0.07853919,-1.310929,0.5537142,-0.3730647,-0.499365,-0.5521395,
1,5,14.235,-0.06303343,0.07853919,-1.310929,0.5537142,-0.3730647,-0.499365,-0.5521395,
1,5,14.237,-0.06311757,0.07852376,-1.310883,0.5536828,-0.3731013,-0.4994209,-0.5520956,
1,5,14.239,-0.06311757,0.07852376,-1.310883,0.5536828,-0.3731013,-0.4994209,-0.5520956,
1,5,14.241,-0.06311757,0.07852376,-1.310883,0.5536828,-0.3731013,-0.4994209,-0.5520956,
1,5,14.243,-0.06311757,0.07852376,-1.310883,0.5536828,-0.3731013,-0.4994209,-0.5520956,
1,5,14.245,-0.06310324,0.07853475,-1.310886,0.5536883,-0.3730782,-0.4994134,-0.5521126,
1,5,14.247,-0.06310324,0.07853475,-1.310886,0.5536883,-0.3730782,-0.4994134,-0.5521126,
1,5,14.249,-0.06310324,0.07853475,-1.310886,0.5536883,-0.3730782,-0.4994134,-0.5521126,
1,5,14.251,-0.06310324,0.07853475,-1.310886,0.5536883,-0.3730782,-0.4994134,-0.5521126,
1,5,14.253,-0.06310324,0.07853475,-1.310886,0.5536883,-0.3730782,-0.4994134,-0.5521126,
1,5,14.255,-0.06305344,0.0785429,-1.310911,0.5537068,-0.373045,-0.4993802,-0.5521464,
1,5,14.257,-0.06305344,0.0785429,-1.310911,0.5537068,-0.373045,-0.4993802,-0.5521464,
1,5,14.259,-0.06305344,0.0785429,-1.310911,0.5537068,-0.373045,-0.4993802,-0.5521464,
1,5,14.261,-0.06305344,0.0785429,-1.310911,0.5537068,-0.373045,-0.4993802,-0.5521464,
1,5,14.263,-0.06306037,0.07855189,-1.310923,0.5537123,-0.3730452,-0.4993701,-0.5521499,
1,5,14.265,-0.06306037,0.07855189,-1.310923,0.5537123,-0.3730452,-0.4993701,-0.5521499,
1,5,14.267,-0.06306037,0.07855189,-1.310923,0.5537123,-0.3730452,-0.4993701,-0.5521499,
1,5,14.269,-0.06306037,0.07855189,-1.310923,0.5537123,-0.3730452,-0.4993701,-0.5521499,
1,5,14.271,-0.06307953,0.07854778,-1.310913,0.5536962,-0.3730502,-0.4993895,-0.5521452,
1,5,14.273,-0.06307953,0.07854778,-1.310913,0.5536962,-0.3730502,-0.4993895,-0.5521452,
1,5,14.275,-0.06307953,0.07854778,-1.310913,0.5536962,-0.3730502,-0.4993895,-0.5521452,
1,5,14.277,-0.06307953,0.07854778,-1.310913,0.5536962,-0.3730502,-0.4993895,-0.5521452,
1,5,14.279,-0.06309053,0.07854425,-1.310889,0.5536853,-0.3730844,-0.4993899,-0.5521326,
1,5,14.281,-0.06309053,0.07854425,-1.310889,0.5536853,-0.3730844,-0.4993899,-0.5521326,
1,5,14.283,-0.06309053,0.07854425,-1.310889,0.5536853,-0.3730844,-0.4993899,-0.5521326,
1,5,14.285,-0.06309053,0.07854425,-1.310889,0.5536853,-0.3730844,-0.4993899,-0.5521326,
1,5,14.287,-0.0630693,0.07854799,-1.310906,0.5536962,-0.3730353,-0.4993976,-0.5521479,
1,5,14.289,-0.0630693,0.07854799,-1.310906,0.5536962,-0.3730353,-0.4993976,-0.5521479,
1,5,14.291,-0.0630693,0.07854799,-1.310906,0.5536962,-0.3730353,-0.4993976,-0.5521479,
1,5,14.293,-0.0630693,0.07854799,-1.310906,0.5536962,-0.3730353,-0.4993976,-0.5521479,
1,5,14.295,-0.06304839,0.07854158,-1.310913,0.5536998,-0.3730121,-0.4994031,-0.5521549,
1,5,14.297,-0.06304839,0.07854158,-1.310913,0.5536998,-0.3730121,-0.4994031,-0.5521549,
1,5,14.299,-0.06304839,0.07854158,-1.310913,0.5536998,-0.3730121,-0.4994031,-0.5521549,
1,5,14.301,-0.06304839,0.07854158,-1.310913,0.5536998,-0.3730121,-0.4994031,-0.5521549,
1,5,14.303,-0.06304839,0.07854158,-1.310913,0.5536998,-0.3730121,-0.4994031,-0.5521549,
1,5,14.305,-0.06304716,0.0785483,-1.310917,0.553709,-0.3730031,-0.4993808,-0.5521721,
1,5,14.307,-0.06304716,0.0785483,-1.310917,0.553709,-0.3730031,-0.4993808,-0.5521721,
1,5,14.309,-0.06304716,0.0785483,-1.310917,0.553709,-0.3730031,-0.4993808,-0.5521721,
1,5,14.311,-0.06304716,0.0785483,-1.310917,0.553709,-0.3730031,-0.4993808,-0.5521721,
1,5,14.313,-0.06309471,0.0785272,-1.310895,0.5537216,-0.3730914,-0.4993702,-0.5521093,
1,5,14.315,-0.06309471,0.0785272,-1.310895,0.5537216,-0.3730914,-0.4993702,-0.5521093,
1,5,14.317,-0.06309471,0.0785272,-1.310895,0.5537216,-0.3730914,-0.4993702,-0.5521093,
1,5,14.319,-0.06309471,0.0785272,-1.310895,0.5537216,-0.3730914,-0.4993702,-0.5521093,
1,5,14.321,-0.06305849,0.07852636,-1.310925,0.5537284,-0.3731059,-0.4993301,-0.5521289,
1,5,14.323,-0.06305849,0.07852636,-1.310925,0.5537284,-0.3731059,-0.4993301,-0.5521289,
1,5,14.325,-0.06305849,0.07852636,-1.310925,0.5537284,-0.3731059,-0.4993301,-0.5521289,
1,5,14.327,-0.06305849,0.07852636,-1.310925,0.5537284,-0.3731059,-0.4993301,-0.5521289,
1,5,14.329,-0.06303994,0.07852773,-1.310936,0.5537432,-0.373097,-0.4993008,-0.5521466,
1,5,14.331,-0.06303994,0.07852773,-1.310936,0.5537432,-0.373097,-0.4993008,-0.5521466,
1,5,14.333,-0.06303994,0.07852773,-1.310936,0.5537432,-0.373097,-0.4993008,-0.5521466,
1,5,14.335,-0.06303994,0.07852773,-1.310936,0.5537432,-0.373097,-0.4993008,-0.5521466,
1,5,14.337,-0.06306519,0.07852627,-1.31091,0.5537336,-0.3731055,-0.4993391,-0.5521157,
1,5,14.339,-0.06306519,0.07852627,-1.31091,0.5537336,-0.3731055,-0.4993391,-0.5521157,
1,5,14.341,-0.06306519,0.07852627,-1.31091,0.5537336,-0.3731055,-0.4993391,-0.5521157,
1,5,14.343,-0.06306519,0.07852627,-1.31091,0.5537336,-0.3731055,-0.4993391,-0.5521157,
1,5,14.345,-0.06311769,0.07851513,-1.310881,0.5537043,-0.3731575,-0.4993805,-0.5520728,
1,5,14.347,-0.06311769,0.07851513,-1.310881,0.5537043,-0.3731575,-0.4993805,-0.5520728,
1,5,14.349,-0.06311769,0.07851513,-1.310881,0.5537043,-0.3731575,-0.4993805,-0.5520728,
1,5,14.351,-0.06311769,0.07851513,-1.310881,0.5537043,-0.3731575,-0.4993805,-0.5520728,
1,5,14.353,-0.06311769,0.07851513,-1.310881,0.5537043,-0.3731575,-0.4993805,-0.5520728,
1,5,14.355,-0.06310993,0.07850657,-1.31089,0.5537118,-0.3731866,-0.4993626,-0.5520617,
1,5,14.357,-0.06310993,0.07850657,-1.31089,0.5537118,-0.3731866,-0.4993626,-0.5520617,
1,5,14.359,-0.06310993,0.07850657,-1.31089,0.5537118,-0.3731866,-0.4993626,-0.5520617,
1,5,14.361,-0.06310993,0.07850657,-1.31089,0.5537118,-0.3731866,-0.4993626,-0.5520617,
1,5,14.363,-0.06308973,0.07852701,-1.310888,0.5537077,-0.3731533,-0.4993788,-0.5520737,
1,5,14.365,-0.06308973,0.07852701,-1.310888,0.5537077,-0.3731533,-0.4993788,-0.5520737,
1,5,14.367,-0.06308973,0.07852701,-1.310888,0.5537077,-0.3731533,-0.4993788,-0.5520737,
1,5,14.369,-0.06308973,0.07852701,-1.310888,0.5537077,-0.3731533,-0.4993788,-0.5520737,
1,5,14.371,-0.06313374,0.07852468,-1.310888,0.5537047,-0.3731894,-0.4993567,-0.5520722,
1,5,14.373,-0.06313374,0.07852468,-1.310888,0.5537047,-0.3731894,-0.4993567,-0.5520722,
1,5,14.375,-0.06313374,0.07852468,-1.310888,0.5537047,-0.3731894,-0.4993567,-0.5520722,
1,5,14.377,-0.06313374,0.07852468,-1.310888,0.5537047,-0.3731894,-0.4993567,-0.5520722,
1,5,14.379,-0.06308256,0.07853723,-1.31089,0.5536863,-0.3730968,-0.4994043,-0.5521102,
1,5,14.381,-0.06308256,0.07853723,-1.31089,0.5536863,-0.3730968,-0.4994043,-0.5521102,
1,5,14.383,-0.06308256,0.07853723,-1.31089,0.5536863,-0.3730968,-0.4994043,-0.5521102,
1,5,14.385,-0.06308256,0.07853723,-1.31089,0.5536863,-0.3730968,-0.4994043,-0.5521102,
1,5,14.387,-0.06309088,0.07854247,-1.310891,0.5536888,-0.3730722,-0.4994302,-0.5521008,
1,5,14.389,-0.06309088,0.07854247,-1.310891,0.5536888,-0.3730722,-0.4994302,-0.5521008,
1,5,14.391,-0.06309088,0.07854247,-1.310891,0.5536888,-0.3730722,-0.4994302,-0.5521008,
1,5,14.393,-0.06309088,0.07854247,-1.310891,0.5536888,-0.3730722,-0.4994302,-0.5521008,
1,5,14.395,-0.06306221,0.07852545,-1.310918,0.5537339,-0.3730963,-0.4993625,-0.5521005,
1,5,14.397,-0.06306221,0.07852545,-1.310918,0.5537339,-0.3730963,-0.4993625,-0.5521005,
1,5,14.399,-0.06306221,0.07852545,-1.310918,0.5537339,-0.3730963,-0.4993625,-0.5521005,
1,5,14.401,-0.06306221,0.07852545,-1.310918,0.5537339,-0.3730963,-0.4993625,-0.5521005,
1,5,14.403,-0.06306221,0.07852545,-1.310918,0.5537339,-0.3730963,-0.4993625,-0.5521005,
1,5,14.405,-0.0630732,0.07853429,-1.310906,0.553711,-0.3730431,-0.4994152,-0.5521119,
1,5,14.407,-0.0630732,0.07853429,-1.310906,0.553711,-0.3730431,-0.4994152,-0.5521119,
1,5,14.409,-0.0630732,0.07853429,-1.310906,0.553711,-0.3730431,-0.4994152,-0.5521119,
1,5,14.411,-0.0630732,0.07853429,-1.310906,0.553711,-0.3730431,-0.4994152,-0.5521119,
1,5,14.413,-0.06310865,0.07852222,-1.310896,0.5537077,-0.3731196,-0.4993985,-0.5520786,
1,5,14.415,-0.06310865,0.07852222,-1.310896,0.5537077,-0.3731196,-0.4993985,-0.5520786,
1,5,14.417,-0.06310865,0.07852222,-1.310896,0.5537077,-0.3731196,-0.4993985,-0.5520786,
1,5,14.419,-0.06310865,0.07852222,-1.310896,0.5537077,-0.3731196,-0.4993985,-0.5520786,
1,5,14.421,-0.06310901,0.07851958,-1.310887,0.5537062,-0.373128,-0.4993858,-0.5520859,
1,5,14.423,-0.06310901,0.07851958,-1.310887,0.5537062,-0.373128,-0.4993858,-0.5520859,
1,5,14.425,-0.06310901,0.07851958,-1.310887,0.5537062,-0.373128,-0.4993858,-0.5520859,
1,5,14.427,-0.06310901,0.07851958,-1.310887,0.5537062,-0.373128,-0.4993858,-0.5520859,
1,5,14.429,-0.06307197,0.07854573,-1.310898,0.5537087,-0.3730323,-0.4994281,-0.5521098,
1,5,14.431,-0.06307197,0.07854573,-1.310898,0.5537087,-0.3730323,-0.4994281,-0.5521098,
1,5,14.433,-0.06307197,0.07854573,-1.310898,0.5537087,-0.3730323,-0.4994281,-0.5521098,
1,5,14.435,-0.06307197,0.07854573,-1.310898,0.5537087,-0.3730323,-0.4994281,-0.5521098,
1,5,14.437,-0.06305099,0.07853163,-1.31093,0.5537338,-0.3730797,-0.4993559,-0.5521179,
1,5,14.439,-0.06305099,0.07853163,-1.31093,0.5537338,-0.3730797,-0.4993559,-0.5521179,
1,5,14.441,-0.06305099,0.07853163,-1.31093,0.5537338,-0.3730797,-0.4993559,-0.5521179,
1,5,14.443,-0.06305099,0.07853163,-1.31093,0.5537338,-0.3730797,-0.4993559,-0.5521179,
1,5,14.445,-0.06309909,0.07853868,-1.310902,0.5536926,-0.3731058,-0.4993892,-0.5521114,
1,5,14.447,-0.06309909,0.07853868,-1.310902,0.5536926,-0.3731058,-0.4993892,-0.5521114,
1,5,14.449,-0.06309909,0.07853868,-1.310902,0.5536926,-0.3731058,-0.4993892,-0.5521114,
1,5,14.451,-0.06309909,0.07853868,-1.310902,0.5536926,-0.3731058,-0.4993892,-0.5521114,
1,5,14.453,-0.06309909,0.07853868,-1.310902,0.5536926,-0.3731058,-0.4993892,-0.5521114,
1,5,14.455,-0.06309646,0.0785394,-1.310891,0.5536973,-0.3730825,-0.4994066,-0.5521066,
1,5,14.457,-0.06309646,0.0785394,-1.310891,0.5536973,-0.3730825,-0.4994066,-0.5521066,
1,5,14.459,-0.06309646,0.0785394,-1.310891,0.5536973,-0.3730825,-0.4994066,-0.5521066,
1,5,14.461,-0.06309646,0.0785394,-1.310891,0.5536973,-0.3730825,-0.4994066,-0.5521066,
1,5,14.463,-0.06308032,0.07853943,-1.310908,0.553705,-0.3730696,-0.4994024,-0.5521115,
1,5,14.465,-0.06308032,0.07853943,-1.310908,0.553705,-0.3730696,-0.4994024,-0.5521115,
1,5,14.467,-0.06308032,0.07853943,-1.310908,0.553705,-0.3730696,-0.4994024,-0.5521115,
1,5,14.469,-0.06308032,0.07853943,-1.310908,0.553705,-0.3730696,-0.4994024,-0.5521115,
1,5,14.471,-0.06307395,0.07853722,-1.310904,0.5537087,-0.373034,-0.4993988,-0.5521351,
1,5,14.473,-0.06307395,0.07853722,-1.310904,0.5537087,-0.373034,-0.4993988,-0.5521351,
1,5,14.475,-0.06307395,0.07853722,-1.310904,0.5537087,-0.373034,-0.4993988,-0.5521351,
1,5,14.477,-0.06307395,0.07853722,-1.310904,0.5537087,-0.373034,-0.4993988,-0.5521351,
1,5,14.479,-0.06308183,0.07853653,-1.310914,0.5537139,-0.3730443,-0.4993952,-0.5521262,
1,5,14.481,-0.06308183,0.07853653,-1.310914,0.5537139,-0.3730443,-0.4993952,-0.5521262,
1,5,14.483,-0.06308183,0.07853653,-1.310914,0.5537139,-0.3730443,-0.4993952,-0.5521262,
1,5,14.485,-0.06308183,0.07853653,-1.310914,0.5537139,-0.3730443,-0.4993952,-0.5521262,
1,5,14.487,-0.06305382,0.07852947,-1.310944,0.5537457,-0.3731381,-0.4992918,-0.5521246,
1,5,14.489,-0.06305382,0.07852947,-1.310944,0.5537457,-0.3731381,-0.4992918,-0.5521246,
1,5,14.491,-0.06305382,0.07852947,-1.310944,0.5537457,-0.3731381,-0.4992918,-0.5521246,
1,5,14.493,-0.06305382,0.07852947,-1.310944,0.5537457,-0.3731381,-0.4992918,-0.5521246,
1,5,14.495,-0.0630618,0.07853669,-1.310915,0.5537342,-0.3731011,-0.4993206,-0.5521349,
1,5,14.497,-0.0630618,0.07853669,-1.310915,0.5537342,-0.3731011,-0.4993206,-0.5521349,
1,5,14.499,-0.0630618,0.07853669,-1.310915,0.5537342,-0.3731011,-0.4993206,-0.5521349,
1,5,14.501,-0.0630618,0.07853669,-1.310915,0.5537342,-0.3731011,-0.4993206,-0.5521349,
1,5,14.503,-0.0630618,0.07853669,-1.310915,0.5537342,-0.3731011,-0.4993206,-0.5521349,
1,5,14.505,-0.06306551,0.07854877,-1.310902,0.5537277,-0.3730603,-0.4993591,-0.5521342,
1,5,14.507,-0.06306551,0.07854877,-1.310902,0.5537277,-0.3730603,-0.4993591,-0.5521342,
1,5,14.509,-0.06306551,0.07854877,-1.310902,0.5537277,-0.3730603,-0.4993591,-0.5521342,
1,5,14.511,-0.06306551,0.07854877,-1.310902,0.5537277,-0.3730603,-0.4993591,-0.5521342,
1,5,14.513,-0.06307662,0.07853834,-1.310904,0.5537439,-0.3730561,-0.4993646,-0.5521159,
1,5,14.515,-0.06307662,0.07853834,-1.310904,0.5537439,-0.3730561,-0.4993646,-0.5521159,
1,5,14.517,-0.06307662,0.07853834,-1.310904,0.5537439,-0.3730561,-0.4993646,-0.5521159,
1,5,14.519,-0.06307662,0.07853834,-1.310904,0.5537439,-0.3730561,-0.4993646,-0.5521159,
1,5,14.521,-0.06308971,0.07854875,-1.310908,0.5537153,-0.3730611,-0.4993775,-0.5521294,
1,5,14.523,-0.06308971,0.07854875,-1.310908,0.5537153,-0.3730611,-0.4993775,-0.5521294,
1,5,14.525,-0.06308971,0.07854875,-1.310908,0.5537153,-0.3730611,-0.4993775,-0.5521294,
1,5,14.527,-0.06308971,0.07854875,-1.310908,0.5537153,-0.3730611,-0.4993775,-0.5521294,
1,5,14.529,-0.06306227,0.07854594,-1.310918,0.5537255,-0.3730447,-0.4993774,-0.5521305,
1,5,14.531,-0.06306227,0.07854594,-1.310918,0.5537255,-0.3730447,-0.4993774,-0.5521305,
1,5,14.533,-0.06306227,0.07854594,-1.310918,0.5537255,-0.3730447,-0.4993774,-0.5521305,
1,5,14.535,-0.06306227,0.07854594,-1.310918,0.5537255,-0.3730447,-0.4993774,-0.5521305,
1,5,14.537,-0.06310833,0.07852853,-1.310901,0.5537146,-0.3731064,-0.4993722,-0.5521042,
1,5,14.539,-0.06310833,0.07852853,-1.310901,0.5537146,-0.3731064,-0.4993722,-0.5521042,
1,5,14.541,-0.06310833,0.07852853,-1.310901,0.5537146,-0.3731064,-0.4993722,-0.5521042,
1,5,14.543,-0.06310833,0.07852853,-1.310901,0.5537146,-0.3731064,-0.4993722,-0.5521042,
1,5,14.545,-0.06307481,0.07851902,-1.310926,0.5537631,-0.3731283,-0.4993121,-0.5520953,
1,5,14.547,-0.06307481,0.07851902,-1.310926,0.5537631,-0.3731283,-0.4993121,-0.5520953,
1,5,14.549,-0.06307481,0.07851902,-1.310926,0.5537631,-0.3731283,-0.4993121,-0.5520953,
1,5,14.551,-0.06307481,0.07851902,-1.310926,0.5537631,-0.3731283,-0.4993121,-0.5520953,
1,5,14.553,-0.06307481,0.07851902,-1.310926,0.5537631,-0.3731283,-0.4993121,-0.5520953,
1,5,14.555,-0.0630847,0.07854194,-1.31092,0.553728,-0.3731103,-0.4993523,-0.5521063,
1,5,14.557,-0.0630847,0.07854194,-1.31092,0.553728,-0.3731103,-0.4993523,-0.5521063,
1,5,14.559,-0.0630847,0.07854194,-1.31092,0.553728,-0.3731103,-0.4993523,-0.5521063,
1,5,14.561,-0.0630847,0.07854194,-1.31092,0.553728,-0.3731103,-0.4993523,-0.5521063,
1,5,14.563,-0.06311222,0.07853801,-1.310913,0.5537045,-0.3731354,-0.4993627,-0.5521035,
1,5,14.565,-0.06311222,0.07853801,-1.310913,0.5537045,-0.3731354,-0.4993627,-0.5521035,
1,5,14.567,-0.06311222,0.07853801,-1.310913,0.5537045,-0.3731354,-0.4993627,-0.5521035,
1,5,14.569,-0.06311222,0.07853801,-1.310913,0.5537045,-0.3731354,-0.4993627,-0.5521035,
1,5,14.571,-0.06311117,0.07853612,-1.310907,0.5537131,-0.3731573,-0.4993584,-0.5520839,
1,5,14.573,-0.06311117,0.07853612,-1.310907,0.5537131,-0.3731573,-0.4993584,-0.5520839,
1,5,14.575,-0.06311117,0.07853612,-1.310907,0.5537131,-0.3731573,-0.4993584,-0.5520839,
1,5,14.577,-0.06311117,0.07853612,-1.310907,0.5537131,-0.3731573,-0.4993584,-0.5520839,
1,5,14.579,-0.06309091,0.07854477,-1.310902,0.5536975,-0.3730857,-0.4993815,-0.552127,
1,5,14.581,-0.06309091,0.07854477,-1.310902,0.5536975,-0.3730857,-0.4993815,-0.552127,
1,5,14.583,-0.06309091,0.07854477,-1.310902,0.5536975,-0.3730857,-0.4993815,-0.552127,
1,5,14.585,-0.06309091,0.07854477,-1.310902,0.5536975,-0.3730857,-0.4993815,-0.552127,
1,5,14.587,-0.06304929,0.07852601,-1.310928,0.5537338,-0.3730926,-0.4993375,-0.5521259,
1,5,14.589,-0.06304929,0.07852601,-1.310928,0.5537338,-0.3730926,-0.4993375,-0.5521259,
1,5,14.591,-0.06304929,0.07852601,-1.310928,0.5537338,-0.3730926,-0.4993375,-0.5521259,
1,5,14.593,-0.06304929,0.07852601,-1.310928,0.5537338,-0.3730926,-0.4993375,-0.5521259,
1,5,14.595,-0.06304118,0.07854239,-1.310944,0.5537431,-0.3730446,-0.4993198,-0.552165,
1,5,14.597,-0.06304118,0.07854239,-1.310944,0.5537431,-0.3730446,-0.4993198,-0.552165,
1,5,14.599,-0.06304118,0.07854239,-1.310944,0.5537431,-0.3730446,-0.4993198,-0.552165,
1,5,14.601,-0.06304118,0.07854239,-1.310944,0.5537431,-0.3730446,-0.4993198,-0.552165,
1,5,14.603,-0.06304118,0.07854239,-1.310944,0.5537431,-0.3730446,-0.4993198,-0.552165,
1,5,14.605,-0.06308991,0.07854667,-1.310899,0.5537142,-0.373045,-0.4993696,-0.5521487,
1,5,14.607,-0.06308991,0.07854667,-1.310899,0.5537142,-0.373045,-0.4993696,-0.5521487,
1,5,14.609,-0.06308991,0.07854667,-1.310899,0.5537142,-0.373045,-0.4993696,-0.5521487,
1,5,14.611,-0.06308991,0.07854667,-1.310899,0.5537142,-0.373045,-0.4993696,-0.5521487,
1,5,14.613,-0.06308585,0.07853422,-1.31091,0.5537217,-0.3730741,-0.4993636,-0.5521269,
1,5,14.615,-0.06308585,0.07853422,-1.31091,0.5537217,-0.3730741,-0.4993636,-0.5521269,
1,5,14.617,-0.06308585,0.07853422,-1.31091,0.5537217,-0.3730741,-0.4993636,-0.5521269,
1,5,14.619,-0.06308585,0.07853422,-1.31091,0.5537217,-0.3730741,-0.4993636,-0.5521269,
1,5,14.621,-0.06313295,0.07852411,-1.310897,0.5537257,-0.3731116,-0.4993567,-0.5521038,
1,5,14.623,-0.06313295,0.07852411,-1.310897,0.5537257,-0.3731116,-0.4993567,-0.5521038,
1,5,14.625,-0.06313295,0.07852411,-1.310897,0.5537257,-0.3731116,-0.4993567,-0.5521038,
1,5,14.627,-0.06313295,0.07852411,-1.310897,0.5537257,-0.3731116,-0.4993567,-0.5521038,
1,5,14.629,-0.06309282,0.07854372,-1.310903,0.5537062,-0.3730852,-0.4993748,-0.5521246,
1,5,14.631,-0.06309282,0.07854372,-1.310903,0.5537062,-0.3730852,-0.4993748,-0.5521246,
1,5,14.633,-0.06309282,0.07854372,-1.310903,0.5537062,-0.3730852,-0.4993748,-0.5521246,
1,5,14.635,-0.06309282,0.07854372,-1.310903,0.5537062,-0.3730852,-0.4993748,-0.5521246,
1,5,14.637,-0.06310792,0.07855059,-1.310898,0.5536851,-0.3730884,-0.4993955,-0.552125,
1,5,14.639,-0.06310792,0.07855059,-1.310898,0.5536851,-0.3730884,-0.4993955,-0.552125,
1,5,14.641,-0.06310792,0.07855059,-1.310898,0.5536851,-0.3730884,-0.4993955,-0.552125,
1,5,14.643,-0.06310792,0.07855059,-1.310898,0.5536851,-0.3730884,-0.4993955,-0.552125,
1,5,14.645,-0.06310263,0.07853866,-1.310906,0.5536935,-0.3730886,-0.4993781,-0.5521322,
1,5,14.647,-0.06310263,0.07853866,-1.310906,0.5536935,-0.3730886,-0.4993781,-0.5521322,
1,5,14.649,-0.06310263,0.07853866,-1.310906,0.5536935,-0.3730886,-0.4993781,-0.5521322,
1,5,14.651,-0.06310263,0.07853866,-1.310906,0.5536935,-0.3730886,-0.4993781,-0.5521322,
1,5,14.653,-0.06310263,0.07853866,-1.310906,0.5536935,-0.3730886,-0.4993781,-0.5521322,
1,5,14.655,-0.06311572,0.07853141,-1.310899,0.5537202,-0.3731273,-0.4993539,-0.5521011,
1,5,14.657,-0.06311572,0.07853141,-1.310899,0.5537202,-0.3731273,-0.4993539,-0.5521011,
1,5,14.659,-0.06311572,0.07853141,-1.310899,0.5537202,-0.3731273,-0.4993539,-0.5521011,
1,5,14.661,-0.06311572,0.07853141,-1.310899,0.5537202,-0.3731273,-0.4993539,-0.5521011,
1,5,14.663,-0.06306643,0.07854122,-1.310916,0.5537255,-0.3730227,-0.4993771,-0.5521456,
1,5,14.665,-0.06306643,0.07854122,-1.310916,0.5537255,-0.3730227,-0.4993771,-0.5521456,
1,5,14.667,-0.06306643,0.07854122,-1.310916,0.5537255,-0.3730227,-0.4993771,-0.5521456,
1,5,14.669,-0.06306643,0.07854122,-1.310916,0.5537255,-0.3730227,-0.4993771,-0.5521456,
1,5,14.671,-0.06308438,0.07853991,-1.310898,0.5536931,-0.3730236,-0.4994122,-0.5521457,
1,5,14.673,-0.06308438,0.07853991,-1.310898,0.5536931,-0.3730236,-0.4994122,-0.5521457,
1,5,14.675,-0.06308438,0.07853991,-1.310898,0.5536931,-0.3730236,-0.4994122,-0.5521457,
1,5,14.677,-0.06308438,0.07853991,-1.310898,0.5536931,-0.3730236,-0.4994122,-0.5521457,
1,5,14.679,-0.063098,0.07853796,-1.310893,0.5536887,-0.3730583,-0.4993974,-0.5521401,
1,5,14.681,-0.063098,0.07853796,-1.310893,0.5536887,-0.3730583,-0.4993974,-0.5521401,
1,5,14.683,-0.063098,0.07853796,-1.310893,0.5536887,-0.3730583,-0.4993974,-0.5521401,
1,5,14.685,-0.063098,0.07853796,-1.310893,0.5536887,-0.3730583,-0.4993974,-0.5521401,
1,5,14.687,-0.06309571,0.07853562,-1.310897,0.5537221,-0.3731132,-0.499369,-0.5520951,
1,5,14.689,-0.06309571,0.07853562,-1.310897,0.5537221,-0.3731132,-0.499369,-0.5520951,
1,5,14.691,-0.06309571,0.07853562,-1.310897,0.5537221,-0.3731132,-0.499369,-0.5520951,
1,5,14.693,-0.06309571,0.07853562,-1.310897,0.5537221,-0.3731132,-0.499369,-0.5520951,
1,5,14.695,-0.0630951,0.07854066,-1.310902,0.5537133,-0.3730972,-0.4993836,-0.5521016,
1,5,14.697,-0.0630951,0.07854066,-1.310902,0.5537133,-0.3730972,-0.4993836,-0.5521016,
1,5,14.699,-0.0630951,0.07854066,-1.310902,0.5537133,-0.3730972,-0.4993836,-0.5521016,
1,5,14.701,-0.0630951,0.07854066,-1.310902,0.5537133,-0.3730972,-0.4993836,-0.5521016,
1,5,14.703,-0.0630951,0.07854066,-1.310902,0.5537133,-0.3730972,-0.4993836,-0.5521016,
1,5,14.705,-0.06306787,0.07853969,-1.31092,0.5537489,-0.3731073,-0.4993207,-0.552116,
1,5,14.707,-0.06306787,0.07853969,-1.31092,0.5537489,-0.3731073,-0.4993207,-0.552116,
1,5,14.709,-0.06306787,0.07853969,-1.31092,0.5537489,-0.3731073,-0.4993207,-0.552116,
1,5,14.711,-0.06306787,0.07853969,-1.31092,0.5537489,-0.3731073,-0.4993207,-0.552116,
1,5,14.713,-0.06309981,0.07853374,-1.310906,0.5537242,-0.3731121,-0.4993567,-0.5521049,
1,5,14.715,-0.06309981,0.07853374,-1.310906,0.5537242,-0.3731121,-0.4993567,-0.5521049,
1,5,14.717,-0.06309981,0.07853374,-1.310906,0.5537242,-0.3731121,-0.4993567,-0.5521049,
1,5,14.719,-0.06309981,0.07853374,-1.310906,0.5537242,-0.3731121,-0.4993567,-0.5521049,
1,5,14.721,-0.0631039,0.07853749,-1.310902,0.5537188,-0.3731058,-0.4993732,-0.5520997,
1,5,14.723,-0.0631039,0.07853749,-1.310902,0.5537188,-0.3731058,-0.4993732,-0.5520997,
1,5,14.725,-0.0631039,0.07853749,-1.310902,0.5537188,-0.3731058,-0.4993732,-0.5520997,
1,5,14.727,-0.0631039,0.07853749,-1.310902,0.5537188,-0.3731058,-0.4993732,-0.5520997,
1,5,14.729,-0.06308778,0.07854585,-1.310901,0.5537085,-0.3730754,-0.4993833,-0.5521214,
1,5,14.731,-0.06308778,0.07854585,-1.310901,0.5537085,-0.3730754,-0.4993833,-0.5521214,
1,5,14.733,-0.06308778,0.07854585,-1.310901,0.5537085,-0.3730754,-0.4993833,-0.5521214,
1,5,14.735,-0.06308778,0.07854585,-1.310901,0.5537085,-0.3730754,-0.4993833,-0.5521214,
1,5,14.737,-0.06305492,0.07854566,-1.310911,0.5537286,-0.3730816,-0.4993634,-0.552115,
1,5,14.739,-0.06305492,0.07854566,-1.310911,0.5537286,-0.3730816,-0.4993634,-0.552115,
1,5,14.741,-0.06305492,0.07854566,-1.310911,0.5537286,-0.3730816,-0.4993634,-0.552115,
1,5,14.743,-0.06305492,0.07854566,-1.310911,0.5537286,-0.3730816,-0.4993634,-0.552115,
1,5,14.745,-0.0630594,0.07853213,-1.310927,0.5537353,-0.3731506,-0.4992959,-0.5521227,
1,5,14.747,-0.0630594,0.07853213,-1.310927,0.5537353,-0.3731506,-0.4992959,-0.5521227,
1,5,14.749,-0.0630594,0.07853213,-1.310927,0.5537353,-0.3731506,-0.4992959,-0.5521227,
1,5,14.751,-0.0630594,0.07853213,-1.310927,0.5537353,-0.3731506,-0.4992959,-0.5521227,
1,5,14.753,-0.0630594,0.07853213,-1.310927,0.5537353,-0.3731506,-0.4992959,-0.5521227,
1,5,14.755,-0.06305204,0.07852839,-1.310937,0.5537357,-0.3731709,-0.4992862,-0.5521173,CourtEnter
1,5,14.757,-0.06305204,0.07852839,-1.310937,0.5537357,-0.3731709,-0.4992862,-0.5521173,
1,5,14.759,-0.06305204,0.07852839,-1.310937,0.5537357,-0.3731709,-0.4992862,-0.5521173,
1,5,14.761,-0.06305204,0.07852839,-1.310937,0.5537357,-0.3731709,-0.4992862,-0.5521173,
1,5,14.763,-0.06310926,0.07853991,-1.310897,0.5537089,-0.3731319,-0.499351,-0.5521122,
1,5,14.765,-0.06310926,0.07853991,-1.310897,0.5537089,-0.3731319,-0.499351,-0.5521122,
1,5,14.767,-0.06310926,0.07853991,-1.310897,0.5537089,-0.3731319,-0.499351,-0.5521122,CourtExit
1,5,14.769,-0.06310926,0.07853991,-1.310897,0.5537089,-0.3731319,-0.499351,-0.5521122,
1,5,14.771,-0.06305069,0.07854687,-1.310915,0.5537261,-0.3730597,-0.4993553,-0.5521396,
1,5,14.773,-0.06305069,0.07854687,-1.310915,0.5537261,-0.3730597,-0.4993553,-0.5521396,
1,5,14.775,-0.06305069,0.07854687,-1.310915,0.5537261,-0.3730597,-0.4993553,-0.5521396,
1,5,14.777,-0.06305069,0.07854687,-1.310915,0.5537261,-0.3730597,-0.4993553,-0.5521396,
1,5,14.779,-0.06303015,0.07856064,-1.310917,0.5537249,-0.3730215,-0.4993689,-0.5521542,
1,5,14.781,-0.06303015,0.07856064,-1.310917,0.5537249,-0.3730215,-0.4993689,-0.5521542,
1,5,14.783,-0.06303015,0.07856064,-1.310917,0.5537249,-0.3730215,-0.4993689,-0.5521542,
1,5,14.785,-0.06303015,0.07856064,-1.310917,0.5537249,-0.3730215,-0.4993689,-0.5521542,
1,5,14.787,-0.0630681,0.07854085,-1.310907,0.5537594,-0.3731278,-0.4993146,-0.552097,
1,5,14.789,-0.0630681,0.07854085,-1.310907,0.5537594,-0.3731278,-0.4993146,-0.552097,
1,5,14.791,-0.0630681,0.07854085,-1.310907,0.5537594,-0.3731278,-0.4993146,-0.552097,
1,5,14.793,-0.0630681,0.07854085,-1.310907,0.5537594,-0.3731278,-0.4993146,-0.552097,
1,5,14.795,-0.0630528,0.07853825,-1.310908,0.5537665,-0.3731043,-0.499321,-0.5521,
1,5,14.797,-0.0630528,0.07853825,-1.310908,0.5537665,-0.3731043,-0.499321,-0.5521,
1,5,14.799,-0.0630528,0.07853825,-1.310908,0.5537665,-0.3731043,-0.499321,-0.5521,
1,5,14.801,-0.0630528,0.07853825,-1.310908,0.5537665,-0.3731043,-0.499321,-0.5521,
1,5,14.803,-0.0630528,0.07853825,-1.310908,0.5537665,-0.3731043,-0.499321,-0.5521,
1,5,14.805,-0.06308681,0.07854407,-1.310912,0.5537377,-0.3731427,-0.4993338,-0.5520913,
1,5,14.807,-0.06308681,0.07854407,-1.310912,0.5537377,-0.3731427,-0.4993338,-0.5520913,
1,5,14.809,-0.06308681,0.07854407,-1.310912,0.5537377,-0.3731427,-0.4993338,-0.5520913,
1,5,14.811,-0.06308681,0.07854407,-1.310912,0.5537377,-0.3731427,-0.4993338,-0.5520913,
1,5,14.813,-0.06307174,0.07853942,-1.310918,0.5537369,-0.3731145,-0.499334,-0.5521111,
1,5,14.815,-0.06307174,0.07853942,-1.310918,0.5537369,-0.3731145,-0.499334,-0.5521111,
1,5,14.817,-0.06307174,0.07853942,-1.310918,0.5537369,-0.3731145,-0.499334,-0.5521111,
1,5,14.819,-0.06307174,0.07853942,-1.310918,0.5537369,-0.3731145,-0.499334,-0.5521111,
1,5,14.821,-0.06305744,0.07854188,-1.310921,0.5537423,-0.3730842,-0.499333,-0.5521271,
1,5,14.823,-0.06305744,0.07854188,-1.310921,0.5537423,-0.3730842,-0.499333,-0.5521271,
1,5,14.825,-0.06305744,0.07854188,-1.310921,0.5537423,-0.3730842,-0.499333,-0.5521271,
1,5,14.827,-0.06305744,0.07854188,-1.310921,0.5537423,-0.3730842,-0.499333,-0.5521271,
1,5,14.829,-0.06305012,0.07853161,-1.310907,0.5537269,-0.3730318,-0.4993684,-0.5521457,
1,5,14.831,-0.06305012,0.07853161,-1.310907,0.5537269,-0.3730318,-0.4993684,-0.5521457,
1,5,14.833,-0.06305012,0.07853161,-1.310907,0.5537269,-0.3730318,-0.4993684,-0.5521457,
1,5,14.835,-0.06305012,0.07853161,-1.310907,0.5537269,-0.3730318,-0.4993684,-0.5521457,
1,5,14.837,-0.06306435,0.0785316,-1.310911,0.5537264,-0.3730744,-0.4993416,-0.5521418,
1,5,14.839,-0.06306435,0.0785316,-1.310911,0.5537264,-0.3730744,-0.4993416,-0.5521418,
1,5,14.841,-0.06306435,0.0785316,-1.310911,0.5537264,-0.3730744,-0.4993416,-0.5521418,
1,5,14.843,-0.06306435,0.0785316,-1.310911,0.5537264,-0.3730744,-0.4993416,-0.5521418,
1,5,14.845,-0.06306159,0.07854483,-1.310914,0.5537423,-0.3731303,-0.4993262,-0.552102,
1,5,14.847,-0.06306159,0.07854483,-1.310914,0.5537423,-0.3731303,-0.4993262,-0.552102,
1,5,14.849,-0.06306159,0.07854483,-1.310914,0.5537423,-0.3731303,-0.4993262,-0.552102,
1,5,14.851,-0.06306159,0.07854483,-1.310914,0.5537423,-0.3731303,-0.4993262,-0.552102,
1,5,14.853,-0.06306159,0.07854483,-1.310914,0.5537423,-0.3731303,-0.4993262,-0.552102,
1,5,14.855,-0.06308127,0.07854705,-1.310892,0.5537364,-0.373082,-0.4993592,-0.5521107,
1,5,14.857,-0.06308127,0.07854705,-1.310892,0.5537364,-0.373082,-0.4993592,-0.5521107,
1,5,14.859,-0.06308127,0.07854705,-1.310892,0.5537364,-0.373082,-0.4993592,-0.5521107,
1,5,14.861,-0.06308127,0.07854705,-1.310892,0.5537364,-0.373082,-0.4993592,-0.5521107,
1,5,14.863,-0.06309378,0.07853862,-1.310885,0.5537055,-0.3730544,-0.4994171,-0.5521082,
1,5,14.865,-0.06309378,0.07853862,-1.310885,0.5537055,-0.3730544,-0.4994171,-0.5521082,
1,5,14.867,-0.06309378,0.07853862,-1.310885,0.5537055,-0.3730544,-0.4994171,-0.5521082,
1,5,14.869,-0.06309378,0.07853862,-1.310885,0.5537055,-0.3730544,-0.4994171,-0.5521082,
1,5,14.871,-0.06309738,0.07852473,-1.310892,0.5537085,-0.3731048,-0.4993875,-0.5520977,
1,5,14.873,-0.06309738,0.07852473,-1.310892,0.5537085,-0.3731048,-0.4993875,-0.5520977,
1,5,14.875,-0.06309738,0.07852473,-1.310892,0.5537085,-0.3731048,-0.4993875,-0.5520977,
1,5,14.877,-0.06309738,0.07852473,-1.310892,0.5537085,-0.3731048,-0.4993875,-0.5520977,
1,5,14.879,-0.06308784,0.07854141,-1.310898,0.5537204,-0.3731267,-0.4993461,-0.5521085,
1,5,14.881,-0.06308784,0.07854141,-1.310898,0.5537204,-0.3731267,-0.4993461,-0.5521085,
1,5,14.883,-0.06308784,0.07854141,-1.310898,0.5537204,-0.3731267,-0.4993461,-0.5521085,
1,5,14.885,-0.06308784,0.07854141,-1.310898,0.5537204,-0.3731267,-0.4993461,-0.5521085,
1,5,14.887,-0.06308575,0.07854263,-1.310892,0.5537038,-0.3730219,-0.4994168,-0.5521319,
1,5,14.889,-0.06308575,0.07854263,-1.310892,0.5537038,-0.3730219,-0.4994168,-0.5521319,
1,5,14.891,-0.06308575,0.07854263,-1.310892,0.5537038,-0.3730219,-0.4994168,-0.5521319,
1,5,14.893,-0.06308575,0.07854263,-1.310892,0.5537038,-0.3730219,-0.4994168,-0.5521319,
1,5,14.895,-0.0630638,0.07854739,-1.310906,0.5537099,-0.373033,-0.4993949,-0.5521383,
1,5,14.897,-0.0630638,0.07854739,-1.310906,0.5537099,-0.373033,-0.4993949,-0.5521383,
1,5,14.899,-0.0630638,0.07854739,-1.310906,0.5537099,-0.373033,-0.4993949,-0.5521383,
1,5,14.901,-0.0630638,0.07854739,-1.310906,0.5537099,-0.373033,-0.4993949,-0.5521383,
1,5,14.903,-0.0630638,0.07854739,-1.310906,0.5537099,-0.373033,-0.4993949,-0.5521383,
1,5,14.905,-0.0630929,0.0785364,-1.310899,0.5537071,-0.3730976,-0.4993953,-0.5520969,
1,5,14.907,-0.0630929,0.0785364,-1.310899,0.5537071,-0.3730976,-0.4993953,-0.5520969,
1,5,14.909,-0.0630929,0.0785364,-1.310899,0.5537071,-0.3730976,-0.4993953,-0.5520969,
1,5,14.911,-0.0630929,0.0785364,-1.310899,0.5537071,-0.3730976,-0.4993953,-0.5520969,
1,5,14.913,-0.06307465,0.07853652,-1.310894,0.5537074,-0.3730667,-0.4993972,-0.5521158,
1,5,14.915,-0.06307465,0.07853652,-1.310894,0.5537074,-0.3730667,-0.4993972,-0.5521158,
1,5,14.917,-0.06307465,0.07853652,-1.310894,0.5537074,-0.3730667,-0.4993972,-0.5521158,
1,5,14.919,-0.06307465,0.07853652,-1.310894,0.5537074,-0.3730667,-0.4993972,-0.5521158,
1,5,14.921,-0.06306496,0.07854024,-1.310914,0.5537224,-0.3730881,-0.4993785,-0.5521033,
1,5,14.923,-0.06306496,0.07854024,-1.310914,0.5537224,-0.3730881,-0.4993785,-0.5521033,
1,5,14.925,-0.06306496,0.07854024,-1.310914,0.5537224,-0.3730881,-0.4993785,-0.5521033,
1,5,14.927,-0.06306496,0.07854024,-1.310914,0.5537224,-0.3730881,-0.4993785,-0.5521033,
1,5,14.929,-0.06306703,0.07854218,-1.310911,0.5537189,-0.3730748,-0.4993777,-0.5521165,
1,5,14.931,-0.06306703,0.07854218,-1.310911,0.5537189,-0.3730748,-0.4993777,-0.5521165,
1,5,14.933,-0.06306703,0.07854218,-1.310911,0.5537189,-0.3730748,-0.4993777,-0.5521165,
1,5,14.935,-0.06306703,0.07854218,-1.310911,0.5537189,-0.3730748,-0.4993777,-0.5521165,
1,5,14.937,-0.06309291,0.07853092,-1.310886,0.5536891,-0.3730605,-0.4994057,-0.5521305,
1,5,14.939,-0.06309291,0.07853092,-1.310886,0.5536891,-0.3730605,-0.4994057,-0.5521305,
1,5,14.941,-0.06309291,0.07853092,-1.310886,0.5536891,-0.3730605,-0.4994057,-0.5521305,
1,5,14.943,-0.06309291,0.07853092,-1.310886,0.5536891,-0.3730605,-0.4994057,-0.5521305,
1,5,14.945,-0.06306117,0.07852955,-1.310911,0.5537144,-0.3730997,-0.4993538,-0.5521258,
1,5,14.947,-0.06306117,0.07852955,-1.310911,0.5537144,-0.3730997,-0.4993538,-0.5521258,
1,5,14.949,-0.06306117,0.07852955,-1.310911,0.5537144,-0.3730997,-0.4993538,-0.5521258,
1,5,14.951,-0.06306117,0.07852955,-1.310911,0.5537144,-0.3730997,-0.4993538,-0.5521258,
1,5,14.953,-0.06306117,0.07852955,-1.310911,0.5537144,-0.3730997,-0.4993538,-0.5521258,
1,5,14.955,-0.06304488,0.07853817,-1.310929,0.5537157,-0.3730754,-0.4993591,-0.552136,
1,5,14.957,-0.06304488,0.07853817,-1.310929,0.5537157,-0.3730754,-0.4993591,-0.552136,
1,5,14.959,-0.06304488,0.07853817,-1.310929,0.5537157,-0.3730754,-0.4993591,-0.552136,
1,5,14.961,-0.06304488,0.07853817,-1.310929,0.5537157,-0.3730754,-0.4993591,-0.552136,
1,5,14.963,-0.06306205,0.07854214,-1.310916,0.5537127,-0.3730567,-0.4993598,-0.5521511,
1,5,14.965,-0.06306205,0.07854214,-1.310916,0.5537127,-0.3730567,-0.4993598,-0.5521511,
1,5,14.967,-0.06306205,0.07854214,-1.310916,0.5537127,-0.3730567,-0.4993598,-0.5521511,
1,5,14.969,-0.06306205,0.07854214,-1.310916,0.5537127,-0.3730567,-0.4993598,-0.5521511,
1,5,14.971,-0.06308313,0.07852937,-1.310897,0.5537114,-0.37311,-0.4993697,-0.5521074,
1,5,14.973,-0.06308313,0.07852937,-1.310897,0.5537114,-0.37311,-0.4993697,-0.5521074,
1,5,14.975,-0.06308313,0.07852937,-1.310897,0.5537114,-0.37311,-0.4993697,-0.5521074,
1,5,14.977,-0.06308313,0.07852937,-1.310897,0.5537114,-0.37311,-0.4993697,-0.5521074,
1,5,14.979,-0.0630975,0.07852311,-1.310898,0.553706,-0.3731504,-0.4993638,-0.5520909,
1,5,14.981,-0.0630975,0.07852311,-1.310898,0.553706,-0.3731504,-0.4993638,-0.5520909,
1,5,14.983,-0.0630975,0.07852311,-1.310898,0.553706,-0.3731504,-0.4993638,-0.5520909,
1,5,14.985,-0.0630975,0.07852311,-1.310898,0.553706,-0.3731504,-0.4993638,-0.5520909,
1,5,14.987,-0.06308928,0.07851661,-1.31091,0.553729,-0.373174,-0.499335,-0.5520778,
1,5,14.989,-0.06308928,0.07851661,-1.31091,0.553729,-0.373174,-0.499335,-0.5520778,
1,5,14.991,-0.06308928,0.07851661,-1.31091,0.553729,-0.373174,-0.499335,-0.5520778,
1,5,14.993,-0.06308928,0.07851661,-1.31091,0.553729,-0.373174,-0.499335,-0.5520778,
1,5,14.995,-0.06308025,0.07852606,-1.3109,0.5537034,-0.3731048,-0.4993783,-0.5521113,
1,5,14.997,-0.06308025,0.07852606,-1.3109,0.5537034,-0.3731048,-0.4993783,-0.5521113,
1,5,14.999,-0.06308025,0.07852606,-1.3109,0.5537034,-0.3731048,-0.4993783,-0.5521113,
1,6,15.001,-0.06308025,0.07852606,-1.3109,0.5537034,-0.3731048,-0.4993783,-0.5521113,TrialStart
1,6,15.003,-0.06308025,0.07852606,-1.3109,0.5537034,-0.3731048,-0.4993783,-0.5521113,
1,6,15.005,-0.06306572,0.07853384,-1.310904,0.5536998,-0.3730551,-0.4993795,-0.5521473,
1,6,15.007,-0.06306572,0.07853384,-1.310904,0.5536998,-0.3730551,-0.4993795,-0.5521473,
1,6,15.009,-0.06306572,0.07853384,-1.310904,0.5536998,-0.3730551,-0.4993795,-0.5521473,
1,6,15.011,-0.06306572,0.07853384,-1.310904,0.5536998,-0.3730551,-0.4993795,-0.5521473,
1,6,15.013,-0.0630497,0.07853579,-1.310927,0.5537144,-0.3730594,-0.4993514,-0.5521551,
1,6,15.015,-0.0630497,0.07853579,-1.310927,0.5537144,-0.3730594,-0.4993514,-0.5521551,
1,6,15.017,-0.0630497,0.07853579,-1.310927,0.5537144,-0.3730594,-0.4993514,-0.5521551,
1,6,15.019,-0.0630497,0.07853579,-1.310927,0.5537144,-0.3730594,-0.4993514,-0.5521551,
1,6,15.021,-0.0630635,0.07854753,-1.310906,0.5537027,-0.3730481,-0.4993668,-0.5521606,
1,6,15.023,-0.0630635,0.07854753,-1.310906,0.5537027,-0.3730481,-0.4993668,-0.5521606,
1,6,15.025,-0.0630635,0.07854753,-1.310906,0.5537027,-0.3730481,-0.4993668,-0.5521606,
1,6,15.027,-0.0630635,0.07854753,-1.310906,0.5537027,-0.3730481,-0.4993668,-0.5521606,
1,6,15.029,-0.06306989,0.07854234,-1.310909,0.5537211,-0.3730901,-0.4993349,-0.5521427,
1,6,15.031,-0.06306989,0.07854234,-1.310909,0.5537211,-0.3730901,-0.4993349,-0.5521427,
1,6,15.033,-0.06306989,0.07854234,-1.310909,0.5537211,-0.3730901,-0.4993349,-0.5521427,
1,6,15.035,-0.06306989,0.07854234,-1.310909,0.5537211,-0.3730901,-0.4993349,-0.5521427,
1,6,15.037,-0.06307752,0.07852777,-1.310897,0.5537256,-0.3730964,-0.4993682,-0.5521038,
1,6,15.039,-0.06307752,0.07852777,-1.310897,0.5537256,-0.3730964,-0.4993682,-0.5521038,
1,6,15.041,-0.06307752,0.07852777,-1.310897,0.5537256,-0.3730964,-0.4993682,-0.5521038,
1,6,15.043,-0.06307752,0.07852777,-1.310897,0.5537256,-0.3730964,-0.4993682,-0.5521038,
1,6,15.045,-0.06307759,0.07852685,-1.310895,0.5537221,-0.3730768,-0.4993812,-0.5521086,
1,6,15.047,-0.06307759,0.07852685,-1.310895,0.5537221,-0.3730768,-0.4993812,-0.5521086,
1,6,15.049,-0.06307759,0.07852685,-1.310895,0.5537221,-0.3730768,-0.4993812,-0.5521086,
1,6,15.051,-0.06307759,0.07852685,-1.310895,0.5537221,-0.3730768,-0.4993812,-0.5521086,
1,6,15.053,-0.06307759,0.07852685,-1.310895,0.5537221,-0.3730768,-0.4993812,-0.5521086,
1,6,15.055,-0.06308817,0.07854932,-1.31089,0.553697,-0.3730674,-0.4994155,-0.5521091,
1,6,15.057,-0.06308817,0.07854932,-1.31089,0.553697,-0.3730674,-0.4994155,-0.5521091,
1,6,15.059,-0.06308817,0.07854932,-1.31089,0.553697,-0.3730674,-0.4994155,-0.5521091,
1,6,15.061,-0.06308817,0.07854932,-1.31089,0.553697,-0.3730674,-0.4994155,-0.5521091,
1,6,15.063,-0.0630849,0.07854048,-1.310898,0.5537166,-0.3731053,-0.4993713,-0.5521038,
1,6,15.065,-0.0630849,0.07854048,-1.310898,0.5537166,-0.3731053,-0.4993713,-0.5521038,
1,6,15.067,-0.0630849,0.07854048,-1.310898,0.5537166,-0.3731053,-0.4993713,-0.5521038,
1,6,15.069,-0.0630849,0.07854048,-1.310898,0.5537166,-0.3731053,-0.4993713,-0.5521038,
1,6,15.071,-0.06309389,0.07854033,-1.310887,0.5537236,-0.3731397,-0.4993531,-0.5520901,
1,6,15.073,-0.06309389,0.07854033,-1.310887,0.5537236,-0.3731397,-0.4993531,-0.5520901,
1,6,15.075,-0.06309389,0.07854033,-1.310887,0.5537236,-0.3731397,-0.4993531,-0.5520901,
1,6,15.077,-0.06309389,0.07854033,-1.310887,0.5537236,-0.3731397,-0.4993531,-0.5520901,
1,6,15.079,-0.06307311,0.07854412,-1.31089,0.5537277,-0.3730783,-0.4993609,-0.5521204,
1,6,15.081,-0.06307311,0.07854412,-1.31089,0.5537277,-0.3730783,-0.4993609,-0.5521204,
1,6,15.083,-0.06307311,0.07854412,-1.31089,0.5537277,-0.3730783,-0.4993609,-0.5521204,
1,6,15.085,-0.06307311,0.07854412,-1.31089,0.5537277,-0.3730783,-0.4993609,-0.5521204,
1,6,15.087,-0.06307244,0.07855202,-1.310897,0.5537136,-0.3730406,-0.4993894,-0.5521343,
1,6,15.089,-0.06307244,0.07855202,-1.310897,0.5537136,-0.3730406,-0.4993894,-0.5521343,
1,6,15.091,-0.06307244,0.07855202,-1.310897,0.5537136,-0.3730406,-0.4993894,-0.5521343,
1,6,15.093,-0.06307244,0.07855202,-1.310897,0.5537136,-0.3730406,-0.4993894,-0.5521343,
1,6,15.095,-0.06306793,0.07853694,-1.310901,0.5537199,-0.3730963,-0.4993621,-0.552115,
1,6,15.097,-0.06306793,0.07853694,-1.310901,0.5537199,-0.3730963,-0.4993621,-0.552115,
1,6,15.099,-0.06306793,0.07853694,-1.310901,0.5537199,-0.3730963,-0.4993621,-0.552115,
1,6,15.101,-0.06306793,0.07853694,-1.310901,0.5537199,-0.3730963,-0.4993621,-0.552115,
1,6,15.103,-0.06306793,0.07853694,-1.310901,0.5537199,-0.3730963,-0.4993621,-0.552115,
1,6,15.105,-0.06305427,0.07854543,-1.310908,0.5537177,-0.3730713,-0.4993685,-0.5521283,
1,6,15.107,-0.06305427,0.07854543,-1.310908,0.5537177,-0.3730713,-0.4993685,-0.5521283,
1,6,15.109,-0.06305427,0.07854543,-1.310908,0.5537177,-0.3730713,-0.4993685,-0.5521283,
1,6,15.111,-0.06305427,0.07854543,-1.310908,0.5537177,-0.3730713,-0.4993685,-0.5521283,
1,6,15.113,-0.06303704,0.07853403,-1.310915,0.5537481,-0.37308,-0.4993331,-0.552124,
1,6,15.115,-0.06303704,0.07853403,-1.310915,0.5537481,-0.37308,-0.4993331,-0.552124,
1,6,15.117,-0.06303704,0.07853403,-1.310915,0.5537481,-0.37308,-0.4993331,-0.552124,
1,6,15.119,-0.06303704,0.07853403,-1.310915,0.5537481,-0.37308,-0.4993331,-0.552124,
1,6,15.121,-0.06306662,0.07855256,-1.310902,0.5537165,-0.3730611,-0.4993707,-0.5521345,
1,6,15.123,-0.06306662,0.07855256,-1.310902,0.5537165,-0.3730611,-0.4993707,-0.5521345,
1,6,15.125,-0.06306662,0.07855256,-1.310902,0.5537165,-0.3730611,-0.4993707,-0.5521345,
1,6,15.127,-0.06306662,0.07855256,-1.310902,0.5537165,-0.3730611,-0.4993707,-0.5521345,
1,6,15.129,-0.06309702,0.07853723,-1.310885,0.5537032,-0.373088,-0.4993984,-0.5521045,
1,6,15.131,-0.06309702,0.07853723,-1.310885,0.5537032,-0.373088,-0.4993984,-0.5521045,
1,6,15.133,-0.06309702,0.07853723,-1.310885,0.5537032,-0.373088,-0.4993984,-0.5521045,
1,6,15.135,-0.06309702,0.07853723,-1.310885,0.5537032,-0.373088,-0.4993984,-0.5521045,
1,6,15.137,-0.06312414,0.07853077,-1.310883,0.5536978,-0.3731476,-0.4993869,-0.5520801,
1,6,15.139,-0.06312414,0.07853077,-1.310883,0.5536978,-0.3731476,-0.4993869,-0.5520801,
1,6,15.141,-0.06312414,0.07853077,-1.310883,0.5536978,-0.3731476,-0.4993869,-0.5520801,
1,6,15.143,-0.06312414,0.07853077,-1.310883,0.5536978,-0.3731476,-0.4993869,-0.5520801,
1,6,15.145,-0.06307087,0.07854017,-1.31089,0.5537131,-0.3731218,-0.4993629,-0.5521038,
1,6,15.147,-0.06307087,0.07854017,-1.31089,0.5537131,-0.3731218,-0.4993629,-0.5521038,
1,6,15.149,-0.06307087,0.07854017,-1.31089,0.5537131,-0.3731218,-0.4993629,-0.5521038,
1,6,15.151,-0.06307087,0.07854017,-1.31089,0.5537131,-0.3731218,-0.4993629,-0.5521038,
1,6,15.153,-0.06307087,0.07854017,-1.31089,0.5537131,-0.3731218,-0.4993629,-0.5521038,
1,6,15.155,-0.06308503,0.07853265,-1.310909,0.5537268,-0.3731716,-0.4993304,-0.5520858,
1,6,15.157,-0.06308503,0.07853265,-1.310909,0.5537268,-0.3731716,-0.4993304,-0.5520858,
1,6,15.159,-0.06308503,0.07853265,-1.310909,0.5537268,-0.3731716,-0.4993304,-0.5520858,
1,6,15.161,-0.06308503,0.07853265,-1.310909,0.5537268,-0.3731716,-0.4993304,-0.5520858,
1,6,15.163,-0.06305787,0.07855474,-1.310921,0.5537283,-0.3731102,-0.4993335,-0.552123,
1,6,15.165,-0.06305787,0.07855474,-1.310921,0.5537283,-0.3731102,-0.4993335,-0.552123,
1,6,15.167,-0.06305787,0.07855474,-1.310921,0.5537283,-0.3731102,-0.4993335,-0.552123,
1,6,15.169,-0.06305787,0.07855474,-1.310921,0.5537283,-0.3731102,-0.4993335,-0.552123,
1,6,15.171,-0.06306636,0.07855513,-1.310916,0.5537196,-0.3730544,-0.4993595,-0.552146,
1,6,15.173,-0.06306636,0.07855513,-1.310916,0.5537196,-0.3730544,-0.4993595,-0.552146,
1,6,15.175,-0.06306636,0.07855513,-1.310916,0.5537196,-0.3730544,-0.4993595,-0.552146,
1,6,15.177,-0.06306636,0.07855513,-1.310916,0.5537196,-0.3730544,-0.4993595,-0.552146,
1,6,15.179,-0.06306017,0.07854632,-1.31093,0.5537573,-0.3731282,-0.49929,-0.5521212,
1,6,15.181,-0.06306017,0.07854632,-1.31093,0.5537573,-0.3731282,-0.49929,-0.5521212,
1,6,15.183,-0.06306017,0.07854632,-1.31093,0.5537573,-0.3731282,-0.49929,-0.5521212,
1,6,15.185,-0.06306017,0.07854632,-1.31093,0.5537573,-0.3731282,-0.49929,-0.5521212,
1,6,15.187,-0.06306926,0.07854638,-1.310937,0.5537441,-0.3731216,-0.4992915,-0.5521374,
1,6,15.189,-0.06306926,0.07854638,-1.310937,0.5537441,-0.3731216,-0.4992915,-0.5521374,
1,6,15.191,-0.06306926,0.07854638,-1.310937,0.5537441,-0.3731216,-0.4992915,-0.5521374,
1,6,15.193,-0.06306926,0.07854638,-1.310937,0.5537441,-0.3731216,-0.4992915,-0.5521374,
1,6,15.195,-0.06306743,0.07854853,-1.310905,0.5537161,-0.3730451,-0.4993674,-0.5521487,
1,6,15.197,-0.06306743,0.07854853,-1.310905,0.5537161,-0.3730451,-0.4993674,-0.5521487,
1,6,15.199,-0.06306743,0.07854853,-1.310905,0.5537161,-0.3730451,-0.4993674,-0.5521487,
1,6,15.201,-0.06306743,0.07854853,-1.310905,0.5537161,-0.3730451,-0.4993674,-0.5521487,
1,6,15.203,-0.06306743,0.07854853,-1.310905,0.5537161,-0.3730451,-0.4993674,-0.5521487,
1,6,15.205,-0.06306806,0.07853938,-1.31091,0.5537447,-0.3730934,-0.4993297,-0.5521214,
1,6,15.207,-0.06306806,0.07853938,-1.31091,0.5537447,-0.3730934,-0.4993297,-0.5521214,
1,6,15.209,-0.06306806,0.07853938,-1.31091,0.5537447,-0.3730934,-0.4993297,-0.5521214,
1,6,15.211,-0.06306806,0.07853938,-1.31091,0.5537447,-0.3730934,-0.4993297,-0.5521214,
1,6,15.213,-0.06305155,0.07853561,-1.310912,0.553753,-0.3730504,-0.499338,-0.5521345,
1,6,15.215,-0.06305155,0.07853561,-1.310912,0.553753,-0.3730504,-0.499338,-0.5521345,
1,6,15.217,-0.06305155,0.07853561,-1.310912,0.553753,-0.3730504,-0.499338,-0.5521345,
1,6,15.219,-0.06305155,0.07853561,-1.310912,0.553753,-0.3730504,-0.499338,-0.5521345,
1,6,15.221,-0.06307433,0.0785275,-1.310902,0.5537255,-0.3730952,-0.4993465,-0.5521243,
1,6,15.223,-0.06307433,0.0785275,-1.310902,0.5537255,-0.3730952,-0.4993465,-0.5521243,
1,6,15.225,-0.06307433,0.0785275,-1.310902,0.5537255,-0.3730952,-0.4993465,-0.5521243,
1,6,15.227,-0.06307433,0.0785275,-1.310902,0.5537255,-0.3730952,-0.4993465,-0.5521243,
1,6,15.229,-0.06308795,0.07855067,-1.310892,0.5537156,-0.3731083,-0.4993416,-0.5521299,
1,6,15.231,-0.06308795,0.07855067,-1.310892,0.5537156,-0.3731083,-0.4993416,-0.5521299,
1,6,15.233,-0.06308795,0.07855067,-1.310892,0.5537156,-0.3731083,-0.4993416,-0.5521299,
1,6,15.235,-0.06308795,0.07855067,-1.310892,0.5537156,-0.3731083,-0.4993416,-0.5521299,
1,6,15.237,-0.06305691,0.07855532,-1.310915,0.5537329,-0.3730988,-0.4993148,-0.5521431,
1,6,15.239,-0.06305691,0.07855532,-1.310915,0.5537329,-0.3730988,-0.4993148,-0.5521431,
1,6,15.241,-0.06305691,0.07855532,-1.310915,0.5537329,-0.3730988,-0.4993148,-0.5521431,
1,6,15.243,-0.06305691,0.07855532,-1.310915,0.5537329,-0.3730988,-0.4993148,-0.5521431,
1,6,15.245,-0.06309372,0.07853088,-1.310905,0.5537258,-0.3731062,-0.4993317,-0.55213,
1,6,15.247,-0.06309372,0.07853088,-1.310905,0.5537258,-0.3731062,-0.4993317,-0.55213,
1,6,15.249,-0.06309372,0.07853088,-1.310905,0.5537258,-0.3731062,-0.4993317,-0.55213,
1,6,15.251,-0.06309372,0.07853088,-1.310905,0.5537258,-0.3731062,-0.4993317,-0.55213,
1,6,15.253,-0.06309372,0.07853088,-1.310905,0.5537258,-0.3731062,-0.4993317,-0.55213,
1,6,15.255,-0.06306277,0.07852323,-1.310912,0.5537387,-0.3731202,-0.4993006,-0.5521356,
1,6,15.257,-0.06306277,0.07852323,-1.310912,0.5537387,-0.3731202,-0.4993006,-0.5521356,
1,6,15.259,-0.06306277,0.07852323,-1.310912,0.5537387,-0.3731202,-0.4993006,-0.5521356,
1,6,15.261,-0.06306277,0.07852323,-1.310912,0.5537387,-0.3731202,-0.4993006,-0.5521356,
1,6,15.263,-0.06304855,0.078545,-1.310925,0.5537296,-0.3730534,-0.4993413,-0.5521531,
1,6,15.265,-0.06304855,0.078545,-1.310925,0.5537296,-0.3730534,-0.4993413,-0.5521531,
1,6,15.267,-0.06304855,0.078545,-1.310925,0.5537296,-0.3730534,-0.4993413,-0.5521531,
1,6,15.269,-0.06304855,0.078545,-1.310925,0.5537296,-0.3730534,-0.4993413,-0.5521531,
1,6,15.271,-0.06307532,0.07854299,-1.310901,0.5537138,-0.3730492,-0.4993785,-0.5521381,
1,6,15.273,-0.06307532,0.07854299,-1.310901,0.5537138,-0.3730492,-0.4993785,-0.5521381,
1,6,15.275,-0.06307532,0.07854299,-1.310901,0.5537138,-0.3730492,-0.4993785,-0.5521381,
1,6,15.277,-0.06307532,0.07854299,-1.310901,0.5537138,-0.3730492,-0.4993785,-0.5521381,
1,6,15.279,-0.06307535,0.07853552,-1.310904,0.5537183,-0.3730619,-0.4993701,-0.5521327,
1,6,15.281,-0.06307535,0.07853552,-1.310904,0.5537183,-0.3730619,-0.4993701,-0.5521327,
1,6,15.283,-0.06307535,0.07853552,-1.310904,0.5537183,-0.3730619,-0.4993701,-0.5521327,
1,6,15.285,-0.06307535,0.07853552,-1.310904,0.5537183,-0.3730619,-0.4993701,-0.5521327,
1,6,15.287,-0.06306875,0.07853594,-1.310909,0.5537328,-0.3730771,-0.4993544,-0.552122,
1,6,15.289,-0.06306875,0.07853594,-1.310909,0.5537328,-0.3730771,-0.4993544,-0.552122,
1,6,15.291,-0.06306875,0.07853594,-1.310909,0.5537328,-0.3730771,-0.4993544,-0.552122,
1,6,15.293,-0.06306875,0.07853594,-1.310909,0.5537328,-0.3730771,-0.4993544,-0.552122,
1,6,15.295,-0.06304967,0.07853485,-1.310932,0.5537282,-0.3730526,-0.4993507,-0.5521466,
1,6,15.297,-0.06304967,0.07853485,-1.310932,0.5537282,-0.3730526,-0.4993507,-0.5521466,
1,6,15.299,-0.06304967,0.07853485,-1.310932,0.5537282,-0.3730526,-0.4993507,-0.5521466,
1,6,15.301,-0.06304967,0.07853485,-1.310932,0.5537282,-0.3730526,-0.4993507,-0.5521466,
1,6,15.303,-0.06304967,0.07853485,-1.310932,0.5537282,-0.3730526,-0.4993507,-0.5521466,
1,6,15.305,-0.06306162,0.07854212,-1.310904,0.5537084,-0.3730281,-0.4993849,-0.552152,
1,6,15.307,-0.06306162,0.07854212,-1.310904,0.5537084,-0.3730281,-0.4993849,-0.552152,
1,6,15.309,-0.06306162,0.07854212,-1.310904,0.5537084,-0.3730281,-0.4993849,-0.552152,
1,6,15.311,-0.06306162,0.07854212,-1.310904,0.5537084,-0.3730281,-0.4993849,-0.552152,
1,6,15.313,-0.06310619,0.07853713,-1.310879,0.5536957,-0.373066,-0.4994081,-0.5521182,
1,6,15.315,-0.06310619,0.07853713,-1.310879,0.5536957,-0.373066,-0.4994081,-0.5521182,
1,6,15.317,-0.06310619,0.07853713,-1.310879,0.5536957,-0.373066,-0.4994081,-0.5521182,
1,6,15.319,-0.06310619,0.07853713,-1.310879,0.5536957,-0.373066,-0.4994081,-0.5521182,
1,6,15.321,-0.06310241,0.07853152,-1.310894,0.5536993,-0.373142,-0.4993771,-0.5520913,
1,6,15.323,-0.06310241,0.07853152,-1.310894,0.5536993,-0.373142,-0.4993771,-0.5520913,
1,6,15.325,-0.06310241,0.07853152,-1.310894,0.5536993,-0.373142,-0.4993771,-0.5520913,
1,6,15.327,-0.06310241,0.07853152,-1.310894,0.5536993,-0.373142,-0.4993771,-0.5520913,
1,6,15.329,-0.06306291,0.07851906,-1.310911,0.5537211,-0.3731479,-0.4993477,-0.552092,
1,6,15.331,-0.06306291,0.07851906,-1.310911,0.5537211,-0.3731479,-0.4993477,-0.552092,
1,6,15.333,-0.06306291,0.07851906,-1.310911,0.5537211,-0.3731479,-0.4993477,-0.552092,
1,6,15.335,-0.06306291,0.07851906,-1.310911,0.5537211,-0.3731479,-0.4993477,-0.552092,
1,6,15.337,-0.06308288,0.07852016,-1.310897,0.5537012,-0.373114,-0.4993903,-0.5520962,
1,6,15.339,-0.06308288,0.07852016,-1.310897,0.5537012,-0.373114,-0.4993903,-0.5520962,
1,6,15.341,-0.06308288,0.07852016,-1.310897,0.5537012,-0.373114,-0.4993903,-0.5520962,
1,6,15.343,-0.06308288,0.07852016,-1.310897,0.5537012,-0.373114,-0.4993903,-0.5520962,
1,6,15.345,-0.06307659,0.07852303,-1.310895,0.5536963,-0.3730867,-0.4993897,-0.5521201,
1,6,15.347,-0.06307659,0.07852303,-1.310895,0.5536963,-0.3730867,-0.4993897,-0.5521201,
1,6,15.349,-0.06307659,0.07852303,-1.310895,0.5536963,-0.3730867,-0.4993897,-0.5521201,
1,6,15.351,-0.06307659,0.07852303,-1.310895,0.5536963,-0.3730867,-0.4993897,-0.5521201,
1,6,15.353,-0.06307659,0.07852303,-1.310895,0.5536963,-0.3730867,-0.4993897,-0.5521201,
1,6,15.355,-0.06311347,0.07853054,-1.310877,0.5536786,-0.3731276,-0.4994031,-0.5520982,
1,6,15.357,-0.06311347,0.07853054,-1.310877,0.5536786,-0.3731276,-0.4994031,-0.5520982,
1,6,15.359,-0.06311347,0.07853054,-1.310877,0.5536786,-0.3731276,-0.4994031,-0.5520982,
1,6,15.361,-0.06311347,0.07853054,-1.310877,0.5536786,-0.3731276,-0.4994031,-0.5520982,
1,6,15.363,-0.06309032,0.07854486,-1.310895,0.5536816,-0.3730868,-0.4994115,-0.5521152,
1,6,15.365,-0.06309032,0.07854486,-1.310895,0.5536816,-0.3730868,-0.4994115,-0.5521152,
1,6,15.367,-0.06309032,0.07854486,-1.310895,0.5536816,-0.3730868,-0.4994115,-0.5521152,
1,6,15.369,-0.06309032,0.07854486,-1.310895,0.5536816,-0.3730868,-0.4994115,-0.5521152,
1,6,15.371,-0.06310564,0.07854465,-1.310889,0.5536721,-0.3730734,-0.4994478,-0.5521011,
1,6,15.373,-0.06310564,0.07854465,-1.310889,0.5536721,-0.3730734,-0.4994478,-0.5521011,
1,6,15.375,-0.06310564,0.07854465,-1.310889,0.5536721,-0.3730734,-0.4994478,-0.5521011,
1,6,15.377,-0.06310564,0.07854465,-1.310889,0.5536721,-0.3730734,-0.4994478,-0.5521011,
1,6,15.379,-0.06310028,0.07853676,-1.310878,0.55369,-0.3730957,-0.499405,-0.5521066,
1,6,15.381,-0.06310028,0.07853676,-1.310878,0.55369,-0.3730957,-0.499405,-0.5521066,
1,6,15.383,-0.06310028,0.07853676,-1.310878,0.55369,-0.3730957,-0.499405,-0.5521066,
1,6,15.385,-0.06310028,0.07853676,-1.310878,0.55369,-0.3730957,-0.499405,-0.5521066,
1,6,15.387,-0.06305232,0.07854156,-1.310911,0.5537158,-0.3730694,-0.4993704,-0.5521297,
1,6,15.389,-0.06305232,0.07854156,-1.310911,0.5537158,-0.3730694,-0.4993704,-0.5521297,
1,6,15.391,-0.06305232,0.07854156,-1.310911,0.5537158,-0.3730694,-0.4993704,-0.5521297,
1,6,15.393,-0.06305232,0.07854156,-1.310911,0.5537158,-0.3730694,-0.4993704,-0.5521297,
1,6,15.395,-0.06303418,0.07853122,-1.310931,0.5537519,-0.3731283,-0.4993165,-0.5521025,
1,6,15.397,-0.06303418,0.07853122,-1.310931,0.5537519,-0.3731283,-0.4993165,-0.5521025,
1,6,15.399,-0.06303418,0.07853122,-1.310931,0.5537519,-0.3731283,-0.4993165,-0.5521025,
1,6,15.401,-0.06303418,0.07853122,-1.310931,0.5537519,-0.3731283,-0.4993165,-0.5521025,
1,6,15.403,-0.06303418,0.07853122,-1.310931,0.5537519,-0.3731283,-0.4993165,-0.5521025,
1,6,15.405,-0.06305612,0.07852819,-1.310916,0.5537658,-0.3731153,-0.4993374,-0.5520784,
1,6,15.407,-0.06305612,0.07852819,-1.310916,0.5537658,-0.3731153,-0.4993374,-0.5520784,
1,6,15.409,-0.06305612,0.07852819,-1.310916,0.5537658,-0.3731153,-0.4993374,-0.5520784,
1,6,15.411,-0.06305612,0.07852819,-1.310916,0.5537658,-0.3731153,-0.4993374,-0.5520784,
1,6,15.413,-0.06307672,0.07853109,-1.310895,0.5537295,-0.3731207,-0.4993679,-0.5520836,
1,6,15.415,-0.06307672,0.07853109,-1.310895,0.5537295,-0.3731207,-0.4993679,-0.5520836,
1,6,15.417,-0.06307672,0.07853109,-1.310895,0.5537295,-0.3731207,-0.4993679,-0.5520836,
1,6,15.419,-0.06307672,0.07853109,-1.310895,0.5537295,-0.3731207,-0.4993679,-0.5520836,
1,6,15.421,-0.06307809,0.07854076,-1.310896,0.5537218,-0.3731102,-0.4993725,-0.5520943,
1,6,15.423,-0.06307809,0.07854076,-1.310896,0.5537218,-0.3731102,-0.4993725,-0.5520943,
1,6,15.425,-0.06307809,0.07854076,-1.310896,0.5537218,-0.3731102,-0.4993725,-0.5520943,
1,6,15.427,-0.06307809,0.07854076,-1.310896,0.5537218,-0.3731102,-0.4993725,-0.5520943,
1,6,15.429,-0.06308862,0.07853696,-1.310885,0.5536991,-0.3730656,-0.4994198,-0.5521044,
1,6,15.431,-0.06308862,0.07853696,-1.310885,0.5536991,-0.3730656,-0.4994198,-0.5521044,
1,6,15.433,-0.06308862,0.07853696,-1.310885,0.5536991,-0.3730656,-0.4994198,-0.5521044,
1,6,15.435,-0.06308862,0.07853696,-1.310885,0.5536991,-0.3730656,-0.4994198,-0.5521044,
1,6,15.437,-0.06311799,0.07852776,-1.310899,0.5537055,-0.3731437,-0.4993622,-0.5520973,
1,6,15.439,-0.06311799,0.07852776,-1.310899,0.5537055,-0.3731437,-0.4993622,-0.5520973,
1,6,15.441,-0.06311799,0.07852776,-1.310899,0.5537055,-0.3731437,-0.4993622,-0.5520973,
1,6,15.443,-0.06311799,0.07852776,-1.310899,0.5537055,-0.3731437,-0.4993622,-0.5520973,
1,6,15.445,-0.06307704,0.07853495,-1.310903,0.5537208,-0.373105,-0.4993585,-0.5521115,
1,6,15.447,-0.06307704,0.07853495,-1.310903,0.5537208,-0.373105,-0.4993585,-0.5521115,
1,6,15.449,-0.06307704,0.07853495,-1.310903,0.5537208,-0.373105,-0.4993585,-0.5521115,
1,6,15.451,-0.06307704,0.07853495,-1.310903,0.5537208,-0.373105,-0.4993585,-0.5521115,
1,6,15.453,-0.06307704,0.07853495,-1.310903,0.5537208,-0.373105,-0.4993585,-0.5521115,
1,6,15.455,-0.06305461,0.07854705,-1.310911,0.5537363,-0.3730145,-0.4993739,-0.5521433,
1,6,15.457,-0.06305461,0.07854705,-1.310911,0.5537363,-0.3730145,-0.4993739,-0.5521433,
1,6,15.459,-0.06305461,0.07854705,-1.310911,0.5537363,-0.3730145,-0.4993739,-0.5521433,
1,6,15.461,-0.06305461,0.07854705,-1.310911,0.5537363,-0.3730145,-0.4993739,-0.5521433,
1,6,15.463,-0.06308383,0.07855053,-1.310894,0.5537041,-0.373024,-0.4994171,-0.5521299,
1,6,15.465,-0.06308383,0.07855053,-1.310894,0.5537041,-0.373024,-0.4994171,-0.5521299,
1,6,15.467,-0.06308383,0.07855053,-1.310894,0.5537041,-0.373024,-0.4994171,-0.5521299,
1,6,15.469,-0.06308383,0.07855053,-1.310894,0.5537041,-0.373024,-0.4994171,-0.5521299,
1,6,15.471,-0.06309672,0.07853795,-1.310897,0.5537064,-0.3731202,-0.4993774,-0.5520983,
1,6,15.473,-0.06309672,0.07853795,-1.310897,0.5537064,-0.3731202,-0.4993774,-0.5520983,
1,6,15.475,-0.06309672,0.07853795,-1.310897,0.5537064,-0.3731202,-0.4993774,-0.5520983,
1,6,15.477,-0.06309672,0.07853795,-1.310897,0.5537064,-0.3731202,-0.4993774,-0.5520983,
1,6,15.479,-0.06310372,0.07852798,-1.3109,0.5537013,-0.3731212,-0.4993869,-0.5520946,
1,6,15.481,-0.06310372,0.07852798,-1.3109,0.5537013,-0.3731212,-0.4993869,-0.5520946,
1,6,15.483,-0.06310372,0.07852798,-1.3109,0.5537013,-0.3731212,-0.4993869,-0.5520946,
1,6,15.485,-0.06310372,0.07852798,-1.3109,0.5537013,-0.3731212,-0.4993869,-0.5520946,
1,6,15.487,-0.06311034,0.07853383,-1.31088,0.5536909,-0.373123,-0.4994132,-0.5520799,
1,6,15.489,-0.06311034,0.07853383,-1.31088,0.5536909,-0.373123,-0.4994132,-0.5520799,
1,6,15.491,-0.06311034,0.07853383,-1.31088,0.5536909,-0.373123,-0.4994132,-0.5520799,
1,6,15.493,-0.06311034,0.07853383,-1.31088,0.5536909,-0.373123,-0.4994132,-0.5520799,
1,6,15.495,-0.06309807,0.07853944,-1.310876,0.5536926,-0.3730827,-0.4994115,-0.5521068,
1,6,15.497,-0.06309807,0.07853944,-1.310876,0.5536926,-0.3730827,-0.4994115,-0.5521068,
1,6,15.499,-0.06309807,0.07853944,-1.310876,0.5536926,-0.3730827,-0.4994115,-0.5521068,
1,6,15.501,-0.06309807,0.07853944,-1.310876,0.5536926,-0.3730827,-0.4994115,-0.5521068,
1,6,15.503,-0.06309807,0.07853944,-1.310876,0.5536926,-0.3730827,-0.4994115,-0.5521068,
1,6,15.505,-0.06310577,0.07854144,-1.310885,0.5536843,-0.3730732,-0.4994161,-0.5521175,
1,6,15.507,-0.06310577,0.07854144,-1.310885,0.5536843,-0.3730732,-0.4994161,-0.5521175,
1,6,15.509,-0.06310577,0.07854144,-1.310885,0.5536843,-0.3730732,-0.4994161,-0.5521175,
1,6,15.511,-0.06310577,0.07854144,-1.310885,0.5536843,-0.3730732,-0.4994161,-0.5521175,
1,6,15.513,-0.06311147,0.07853178,-1.310895,0.5537325,-0.3731283,-0.4993686,-0.552075,
1,6,15.515,-0.06311147,0.07853178,-1.310895,0.5537325,-0.3731283,-0.4993686,-0.552075,
1,6,15.517,-0.06311147,0.07853178,-1.310895,0.5537325,-0.3731283,-0.4993686,-0.552075,
1,6,15.519,-0.06311147,0.07853178,-1.310895,0.5537325,-0.3731283,-0.4993686,-0.552075,
1,6,15.521,-0.06310891,0.07853006,-1.310892,0.5537398,-0.3731346,-0.4993562,-0.5520746,
1,6,15.523,-0.06310891,0.07853006,-1.310892,0.5537398,-0.3731346,-0.4993562,-0.5520746,
1,6,15.525,-0.06310891,0.07853006,-1.310892,0.5537398,-0.3731346,-0.4993562,-0.5520746,
1,6,15.527,-0.06310891,0.07853006,-1.310892,0.5537398,-0.3731346,-0.4993562,-0.5520746,
1,6,15.529,-0.06306896,0.07853736,-1.310902,0.55372,-0.3730547,-0.4993889,-0.5521188,
1,6,15.531,-0.06306896,0.07853736,-1.310902,0.55372,-0.3730547,-0.4993889,-0.5521188,
1,6,15.533,-0.06306896,0.07853736,-1.310902,0.55372,-0.3730547,-0.4993889,-0.5521188,
1,6,15.535,-0.06306896,0.07853736,-1.310902,0.55372,-0.3730547,-0.4993889,-0.5521188,
1,6,15.537,-0.06306285,0.07854617,-1.310899,0.553718,-0.3730323,-0.4993905,-0.5521346,
1,6,15.539,-0.06306285,0.07854617,-1.310899,0.553718,-0.3730323,-0.4993905,-0.5521346,
1,6,15.541,-0.06306285,0.07854617,-1.310899,0.553718,-0.3730323,-0.4993905,-0.5521346,
1,6,15.543,-0.06306285,0.07854617,-1.310899,0.553718,-0.3730323,-0.4993905,-0.5521346,
1,6,15.545,-0.06308127,0.07855105,-1.310904,0.5537189,-0.3730717,-0.4993657,-0.5521293,
1,6,15.547,-0.06308127,0.07855105,-1.310904,0.5537189,-0.3730717,-0.4993657,-0.5521293,
1,6,15.549,-0.06308127,0.07855105,-1.310904,0.5537189,-0.3730717,-0.4993657,-0.5521293,
1,6,15.551,-0.06308127,0.07855105,-1.310904,0.5537189,-0.3730717,-0.4993657,-0.5521293,
1,6,15.553,-0.06308127,0.07855105,-1.310904,0.5537189,-0.3730717,-0.4993657,-0.5521293,
1,6,15.555,-0.063066,0.07854809,-1.310909,0.5537283,-0.3730806,-0.4993424,-0.5521351,
1,6,15.557,-0.063066,0.07854809,-1.310909,0.5537283,-0.3730806,-0.4993424,-0.5521351,
1,6,15.559,-0.063066,0.07854809,-1.310909,0.5537283,-0.3730806,-0.4993424,-0.5521351,
1,6,15.561,-0.063066,0.07854809,-1.310909,0.5537283,-0.3730806,-0.4993424,-0.5521351,
1,6,15.563,-0.0630664,0.07854362,-1.310909,0.5537288,-0.3730842,-0.4993434,-0.5521312,
1,6,15.565,-0.0630664,0.07854362,-1.310909,0.5537288,-0.3730842,-0.4993434,-0.5521312,
1,6,15.567,-0.0630664,0.07854362,-1.310909,0.5537288,-0.3730842,-0.4993434,-0.5521312,
1,6,15.569,-0.0630664,0.07854362,-1.310909,0.5537288,-0.3730842,-0.4993434,-0.5521312,
1,6,15.571,-0.06310069,0.07852944,-1.310879,0.5537153,-0.3730972,-0.4993597,-0.5521212,
1,6,15.573,-0.06310069,0.07852944,-1.310879,0.5537153,-0.3730972,-0.4993597,-0.5521212,
1,6,15.575,-0.06310069,0.07852944,-1.310879,0.5537153,-0.3730972,-0.4993597,-0.5521212,
1,6,15.577,-0.06310069,0.07852944,-1.310879,0.5537153,-0.3730972,-0.4993597,-0.5521212,
1,6,15.579,-0.06307584,0.07853013,-1.310897,0.553728,-0.3730941,-0.4993587,-0.5521113,
1,6,15.581,-0.06307584,0.07853013,-1.310897,0.553728,-0.3730941,-0.4993587,-0.5521113,
1,6,15.583,-0.06307584,0.07853013,-1.310897,0.553728,-0.3730941,-0.4993587,-0.5521113,
1,6,15.585,-0.06307584,0.07853013,-1.310897,0.553728,-0.3730941,-0.4993587,-0.5521113,
1,6,15.587,-0.06306281,0.0785276,-1.310912,0.5537338,-0.3730928,-0.4993515,-0.5521129,
1,6,15.589,-0.06306281,0.0785276,-1.310912,0.5537338,-0.3730928,-0.4993515,-0.5521129,
1,6,15.591,-0.06306281,0.0785276,-1.310912,0.5537338,-0.3730928,-0.4993515,-0.5521129,
1,6,15.593,-0.06306281,0.0785276,-1.310912,0.5537338,-0.3730928,-0.4993515,-0.5521129,
1,6,15.595,-0.06310543,0.07852504,-1.310902,0.5537217,-0.3731354,-0.499367,-0.5520824,
1,6,15.597,-0.06310543,0.07852504,-1.310902,0.5537217,-0.3731354,-0.499367,-0.5520824,
1,6,15.599,-0.06310543,0.07852504,-1.310902,0.5537217,-0.3731354,-0.499367,-0.5520824,
1,6,15.601,-0.06310543,0.07852504,-1.310902,0.5537217,-0.3731354,-0.499367,-0.5520824,
1,6,15.603,-0.06310543,0.07852504,-1.310902,0.5537217,-0.3731354,-0.499367,-0.5520824,
1,6,15.605,-0.06308506,0.07853614,-1.310904,0.5537386,-0.3731573,-0.4993193,-0.5520937,
1,6,15.607,-0.06308506,0.07853614,-1.310904,0.5537386,-0.3731573,-0.4993193,-0.5520937,
1,6,15.609,-0.06308506,0.07853614,-1.310904,0.5537386,-0.3731573,-0.4993193,-0.5520937,
1,6,15.611,-0.06308506,0.07853614,-1.310904,0.5537386,-0.3731573,-0.4993193,-0.5520937,
1,6,15.613,-0.06308223,0.07853689,-1.310897,0.5537203,-0.3731021,-0.4993618,-0.5521109,
1,6,15.615,-0.06308223,0.07853689,-1.310897,0.5537203,-0.3731021,-0.4993618,-0.5521109,
1,6,15.617,-0.06308223,0.07853689,-1.310897,0.5537203,-0.3731021,-0.4993618,-0.5521109,
1,6,15.619,-0.06308223,0.07853689,-1.310897,0.5537203,-0.3731021,-0.4993618,-0.5521109,
1,6,15.621,-0.06309894,0.07854497,-1.310882,0.5537053,-0.3731056,-0.4993836,-0.552104,
1,6,15.623,-0.06309894,0.07854497,-1.310882,0.5537053,-0.3731056,-0.4993836,-0.552104,
1,6,15.625,-0.06309894,0.07854497,-1.310882,0.5537053,-0.3731056,-0.4993836,-0.552104,
1,6,15.627,-0.06309894,0.07854497,-1.310882,0.5537053,-0.3731056,-0.4993836,-0.552104,
1,6,15.629,-0.06308399,0.07854757,-1.310898,0.5537,-0.3730561,-0.4993931,-0.552134,
1,6,15.631,-0.06308399,0.07854757,-1.310898,0.5537,-0.3730561,-0.4993931,-0.552134,
1,6,15.633,-0.06308399,0.07854757,-1.310898,0.5537,-0.3730561,-0.4993931,-0.552134,
1,6,15.635,-0.06308399,0.07854757,-1.310898,0.5537,-0.3730561,-0.4993931,-0.552134,
1,6,15.637,-0.06305506,0.07854839,-1.310904,0.5537164,-0.3730336,-0.4993576,-0.552165,
1,6,15.639,-0.06305506,0.07854839,-1.310904,0.5537164,-0.3730336,-0.4993576,-0.552165,
1,6,15.641,-0.06305506,0.07854839,-1.310904,0.5537164,-0.3730336,-0.4993576,-0.552165,
1,6,15.643,-0.06305506,0.07854839,-1.310904,0.5537164,-0.3730336,-0.4993576,-0.552165,
1,6,15.645,-0.06307775,0.07854822,-1.310886,0.5536937,-0.3730428,-0.4993884,-0.5521536,
1,6,15.647,-0.06307775,0.07854822,-1.310886,0.5536937,-0.3730428,-0.4993884,-0.5521536,
1,6,15.649,-0.06307775,0.07854822,-1.310886,0.5536937,-0.3730428,-0.4993884,-0.5521536,
1,6,15.651,-0.06307775,0.07854822,-1.310886,0.5536937,-0.3730428,-0.4993884,-0.5521536,
1,6,15.653,-0.06307775,0.07854822,-1.310886,0.5536937,-0.3730428,-0.4993884,-0.5521536,
1,6,15.655,-0.06307963,0.07854244,-1.3109,0.5537143,-0.3730865,-0.4993766,-0.5521142,
1,6,15.657,-0.06307963,0.07854244,-1.3109,0.5537143,-0.3730865,-0.4993766,-0.5521142,
1,6,15.659,-0.06307963,0.07854244,-1.3109,0.5537143,-0.3730865,-0.4993766,-0.5521142,
1,6,15.661,-0.06307963,0.07854244,-1.3109,0.5537143,-0.3730865,-0.4993766,-0.5521142,
1,6,15.663,-0.06305113,0.07853373,-1.310927,0.5537347,-0.3731029,-0.4993374,-0.5521181,
1,6,15.665,-0.06305113,0.07853373,-1.310927,0.5537347,-0.3731029,-0.4993374,-0.5521181,
1,6,15.667,-0.06305113,0.07853373,-1.310927,0.5537347,-0.3731029,-0.4993374,-0.5521181,
1,6,15.669,-0.06305113,0.07853373,-1.310927,0.5537347,-0.3731029,-0.4993374,-0.5521181,
1,6,15.671,-0.06309862,0.07853121,-1.310897,0.5536938,-0.3730936,-0.499381,-0.5521259,
1,6,15.673,-0.06309862,0.07853121,-1.310897,0.5536938,-0.3730936,-0.499381,-0.5521259,
1,6,15.675,-0.06309862,0.07853121,-1.310897,0.5536938,-0.3730936,-0.499381,-0.5521259,
1,6,15.677,-0.06309862,0.07853121,-1.310897,0.5536938,-0.3730936,-0.499381,-0.5521259,
1,6,15.679,-0.06310504,0.07853934,-1.310885,0.5536927,-0.3730911,-0.4993832,-0.5521266,
1,6,15.681,-0.06310504,0.07853934,-1.310885,0.5536927,-0.3730911,-0.4993832,-0.5521266,
1,6,15.683,-0.06310504,0.07853934,-1.310885,0.5536927,-0.3730911,-0.4993832,-0.5521266,
1,6,15.685,-0.06310504,0.07853934,-1.310885,0.5536927,-0.3730911,-0.4993832,-0.5521266,
1,6,15.687,-0.06308025,0.07853758,-1.310882,0.5537022,-0.3730716,-0.499379,-0.5521342,
1,6,15.689,-0.06308025,0.07853758,-1.310882,0.5537022,-0.3730716,-0.499379,-0.5521342,
1,6,15.691,-0.06308025,0.07853758,-1.310882,0.5537022,-0.3730716,-0.499379,-0.5521342,
1,6,15.693,-0.06308025,0.07853758,-1.310882,0.5537022,-0.3730716,-0.499379,-0.5521342,
1,6,15.695,-0.06306525,0.07854152,-1.310905,0.5537247,-0.3730581,-0.4993769,-0.5521227,
1,6,15.697,-0.06306525,0.07854152,-1.310905,0.5537247,-0.3730581,-0.4993769,-0.5521227,
1,6,15.699,-0.06306525,0.07854152,-1.310905,0.5537247,-0.3730581,-0.4993769,-0.5521227,
1,6,15.701,-0.06306525,0.07854152,-1.310905,0.5537247,-0.3730581,-0.4993769,-0.5521227,
1,6,15.703,-0.06306525,0.07854152,-1.310905,0.5537247,-0.3730581,-0.4993769,-0.5521227,
1,6,15.705,-0.06308424,0.07853582,-1.310906,0.5537089,-0.37311,-0.4993795,-0.552101,
1,6,15.707,-0.06308424,0.07853582,-1.310906,0.5537089,-0.37311,-0.4993795,-0.552101,
1,6,15.709,-0.06308424,0.07853582,-1.310906,0.5537089,-0.37311,-0.4993795,-0.552101,
1,6,15.711,-0.06308424,0.07853582,-1.310906,0.5537089,-0.37311,-0.4993795,-0.552101,
1,6,15.713,-0.06306519,0.07854103,-1.310909,0.5537288,-0.3730665,-0.4993633,-0.5521252,
1,6,15.715,-0.06306519,0.07854103,-1.310909,0.5537288,-0.3730665,-0.4993633,-0.5521252,
1,6,15.717,-0.06306519,0.07854103,-1.310909,0.5537288,-0.3730665,-0.4993633,-0.5521252,
1,6,15.719,-0.06306519,0.07854103,-1.310909,0.5537288,-0.3730665,-0.4993633,-0.5521252,
1,6,15.721,-0.06311005,0.07854524,-1.310896,0.5537154,-0.3731041,-0.4993643,-0.5521123,
1,6,15.723,-0.06311005,0.07854524,-1.310896,0.5537154,-0.3731041,-0.4993643,-0.5521123,
1,6,15.725,-0.06311005,0.07854524,-1.310896,0.5537154,-0.3731041,-0.4993643,-0.5521123,
1,6,15.727,-0.06311005,0.07854524,-1.310896,0.5537154,-0.3731041,-0.4993643,-0.5521123,
1,6,15.729,-0.06313213,0.07854273,-1.310879,0.5537058,-0.3731186,-0.4993773,-0.5521003,
1,6,15.731,-0.06313213,0.07854273,-1.310879,0.5537058,-0.3731186,-0.4993773,-0.5521003,
1,6,15.733,-0.06313213,0.07854273,-1.310879,0.5537058,-0.3731186,-0.4993773,-0.5521003,
1,6,15.735,-0.06313213,0.07854273,-1.310879,0.5537058,-0.3731186,-0.4993773,-0.5521003,
1,6,15.737,-0.06305312,0.07855035,-1.310915,0.5537102,-0.3730331,-0.4993728,-0.5521576,
1,6,15.739,-0.06305312,0.07855035,-1.310915,0.5537102,-0.3730331,-0.4993728,-0.5521576,
1,6,15.741,-0.06305312,0.07855035,-1.310915,0.5537102,-0.3730331,-0.4993728,-0.5521576,
1,6,15.743,-0.06305312,0.07855035,-1.310915,0.5537102,-0.3730331,-0.4993728,-0.5521576,
1,6,15.745,-0.06305823,0.0785678,-1.310902,0.5536975,-0.3730072,-0.4993897,-0.5521728,
1,6,15.747,-0.06305823,0.0785678,-1.310902,0.5536975,-0.3730072,-0.4993897,-0.5521728,
1,6,15.749,-0.06305823,0.0785678,-1.310902,0.5536975,-0.3730072,-0.4993897,-0.5521728,
1,6,15.751,-0.06305823,0.0785678,-1.310902,0.5536975,-0.3730072,-0.4993897,-0.5521728,
1,6,15.753,-0.06305823,0.0785678,-1.310902,0.5536975,-0.3730072,-0.4993897,-0.5521728,
1,6,15.755,-0.06310705,0.07852506,-1.310887,0.5537,-0.3730805,-0.4993875,-0.5521225,
1,6,15.757,-0.06310705,0.07852506,-1.310887,0.5537,-0.3730805,-0.4993875,-0.5521225,
1,6,15.759,-0.06310705,0.07852506,-1.310887,0.5537,-0.3730805,-0.4993875,-0.5521225,
1,6,15.761,-0.06310705,0.07852506,-1.310887,0.5537,-0.3730805,-0.4993875,-0.5521225,
1,6,15.763,-0.06314605,0.07851232,-1.310875,0.5537021,-0.3731376,-0.4993777,-0.5520908,
1,6,15.765,-0.06314605,0.07851232,-1.310875,0.5537021,-0.3731376,-0.4993777,-0.5520908,
1,6,15.767,-0.06314605,0.07851232,-1.310875,0.5537021,-0.3731376,-0.4993777,-0.5520908,
1,6,15.769,-0.06314605,0.07851232,-1.310875,0.5537021,-0.3731376,-0.4993777,-0.5520908,
1,6,15.771,-0.0631026,0.0785381,-1.310891,0.5536837,-0.3731072,-0.4993812,-0.5521267,
1,6,15.773,-0.0631026,0.0785381,-1.310891,0.5536837,-0.3731072,-0.4993812,-0.5521267,
1,6,15.775,-0.0631026,0.0785381,-1.310891,0.5536837,-0.3731072,-0.4993812,-0.5521267,
1,6,15.777,-0.0631026,0.0785381,-1.310891,0.5536837,-0.3731072,-0.4993812,-0.5521267,
1,6,15.779,-0.06308535,0.07854354,-1.310886,0.553666,-0.3730406,-0.4994212,-0.5521532,
1,6,15.781,-0.06308535,0.07854354,-1.310886,0.553666,-0.3730406,-0.4994212,-0.5521532,
1,6,15.783,-0.06308535,0.07854354,-1.310886,0.553666,-0.3730406,-0.4994212,-0.5521532,
1,6,15.785,-0.06308535,0.07854354,-1.310886,0.553666,-0.3730406,-0.4994212,-0.5521532,
1,6,15.787,-0.06307615,0.07853991,-1.310888,0.5536681,-0.373018,-0.4994316,-0.552157,
1,6,15.789,-0.06307615,0.07853991,-1.310888,0.5536681,-0.373018,-0.4994316,-0.552157,
1,6,15.791,-0.06307615,0.07853991,-1.310888,0.5536681,-0.373018,-0.4994316,-0.552157,
1,6,15.793,-0.06307615,0.07853991,-1.310888,0.5536681,-0.373018,-0.4994316,-0.552157,
1,6,15.795,-0.06307176,0.07854431,-1.310911,0.5537044,-0.3730488,-0.4993863,-0.5521409,
1,6,15.797,-0.06307176,0.07854431,-1.310911,0.5537044,-0.3730488,-0.4993863,-0.5521409,
1,6,15.799,-0.06307176,0.07854431,-1.310911,0.5537044,-0.3730488,-0.4993863,-0.5521409,
1,6,15.801,-0.06307176,0.07854431,-1.310911,0.5537044,-0.3730488,-0.4993863,-0.5521409,
1,6,15.803,-0.06307176,0.07854431,-1.310911,0.5537044,-0.3730488,-0.4993863,-0.5521409,
1,6,15.805,-0.06304328,0.07854605,-1.310926,0.5537201,-0.3730309,-0.4993737,-0.5521486,
1,6,15.807,-0.06304328,0.07854605,-1.310926,0.5537201,-0.3730309,-0.4993737,-0.5521486,
1,6,15.809,-0.06304328,0.07854605,-1.310926,0.5537201,-0.3730309,-0.4993737,-0.5521486,
1,6,15.811,-0.06304328,0.07854605,-1.310926,0.5537201,-0.3730309,-0.4993737,-0.5521486,
1,6,15.813,-0.06307256,0.07852995,-1.31091,0.5537118,-0.3730619,-0.49937,-0.5521393,
1,6,15.815,-0.06307256,0.07852995,-1.31091,0.5537118,-0.3730619,-0.49937,-0.5521393,
1,6,15.817,-0.06307256,0.07852995,-1.31091,0.5537118,-0.3730619,-0.49937,-0.5521393,
1,6,15.819,-0.06307256,0.07852995,-1.31091,0.5537118,-0.3730619,-0.49937,-0.5521393,
1,6,15.821,-0.0630567,0.07854755,-1.310912,0.553712,-0.3730733,-0.4993392,-0.5521592,
1,6,15.823,-0.0630567,0.07854755,-1.310912,0.553712,-0.3730733,-0.4993392,-0.5521592,
1,6,15.825,-0.0630567,0.07854755,-1.310912,0.553712,-0.3730733,-0.4993392,-0.5521592,
1,6,15.827,-0.0630567,0.07854755,-1.310912,0.553712,-0.3730733,-0.4993392,-0.5521592,
1,6,15.829,-0.06309291,0.07852519,-1.310892,0.5537203,-0.3730948,-0.4993535,-0.5521234,
1,6,15.831,-0.06309291,0.07852519,-1.310892,0.5537203,-0.3730948,-0.4993535,-0.5521234,
1,6,15.833,-0.06309291,0.07852519,-1.310892,0.5537203,-0.3730948,-0.4993535,-0.5521234,
1,6,15.835,-0.06309291,0.07852519,-1.310892,0.5537203,-0.3730948,-0.4993535,-0.5521234,
1,6,15.837,-0.06307156,0.07854205,-1.310898,0.5537258,-0.373035,-0.499381,-0.5521333,
1,6,15.839,-0.06307156,0.07854205,-1.310898,0.5537258,-0.373035,-0.499381,-0.5521333,
1,6,15.841,-0.06307156,0.07854205,-1.310898,0.5537258,-0.373035,-0.499381,-0.5521333,
1,6,15.843,-0.06307156,0.07854205,-1.310898,0.5537258,-0.373035,-0.499381,-0.5521333,
1,6,15.845,-0.06306978,0.07853666,-1.310905,0.5537155,-0.3730231,-0.4993821,-0.5521508,
1,6,15.847,-0.06306978,0.07853666,-1.310905,0.5537155,-0.3730231,-0.4993821,-0.5521508,
1,6,15.849,-0.06306978,0.07853666,-1.310905,0.5537155,-0.3730231,-0.4993821,-0.5521508,
1,6,15.851,-0.06306978,0.07853666,-1.310905,0.5537155,-0.3730231,-0.4993821,-0.5521508,
1,6,15.853,-0.06306978,0.07853666,-1.310905,0.5537155,-0.3730231,-0.4993821,-0.5521508,
1,6,15.855,-0.06305362,0.07852983,-1.310935,0.5537501,-0.3730858,-0.4993143,-0.552135,
1,6,15.857,-0.06305362,0.07852983,-1.310935,0.5537501,-0.3730858,-0.4993143,-0.552135,
1,6,15.859,-0.06305362,0.07852983,-1.310935,0.5537501,-0.3730858,-0.4993143,-0.552135,
1,6,15.861,-0.06305362,0.07852983,-1.310935,0.5537501,-0.3730858,-0.4993143,-0.552135,
1,6,15.863,-0.06306214,0.07853597,-1.310923,0.553751,-0.3730953,-0.4993129,-0.552129,
1,6,15.865,-0.06306214,0.07853597,-1.310923,0.553751,-0.3730953,-0.4993129,-0.552129,
1,6,15.867,-0.06306214,0.07853597,-1.310923,0.553751,-0.3730953,-0.4993129,-0.552129,
1,6,15.869,-0.06306214,0.07853597,-1.310923,0.553751,-0.3730953,-0.4993129,-0.552129,
1,6,15.871,-0.06310238,0.07853366,-1.310905,0.5537255,-0.373099,-0.4993467,-0.5521215,
1,6,15.873,-0.06310238,0.07853366,-1.310905,0.5537255,-0.373099,-0.4993467,-0.5521215,
1,6,15.875,-0.06310238,0.07853366,-1.310905,0.5537255,-0.373099,-0.4993467,-0.5521215,
1,6,15.877,-0.06310238,0.07853366,-1.310905,0.5537255,-0.373099,-0.4993467,-0.5521215,
1,6,15.879,-0.06312593,0.07853956,-1.310887,0.5537127,-0.373087,-0.499383,-0.5521097,
1,6,15.881,-0.06312593,0.07853956,-1.310887,0.5537127,-0.373087,-0.499383,-0.5521097,
1,6,15.883,-0.06312593,0.07853956,-1.310887,0.5537127,-0.373087,-0.499383,-0.5521097,
1,6,15.885,-0.06312593,0.07853956,-1.310887,0.5537127,-0.373087,-0.499383,-0.5521097,
1,6,15.887,-0.06312946,0.078531,-1.310881,0.5536987,-0.3730882,-0.4994116,-0.552097,
1,6,15.889,-0.06312946,0.078531,-1.310881,0.5536987,-0.3730882,-0.4994116,-0.552097,
1,6,15.891,-0.06312946,0.078531,-1.310881,0.5536987,-0.3730882,-0.4994116,-0.552097,
1,6,15.893,-0.06312946,0.078531,-1.310881,0.5536987,-0.3730882,-0.4994116,-0.552097,
1,6,15.895,-0.06306863,0.07853562,-1.31091,0.5537176,-0.3730366,-0.4993761,-0.552145,
1,6,15.897,-0.06306863,0.07853562,-1.31091,0.5537176,-0.3730366,-0.4993761,-0.552145,
1,6,15.899,-0.06306863,0.07853562,-1.31091,0.5537176,-0.3730366,-0.4993761,-0.552145,
1,6,15.901,-0.06306863,0.07853562,-1.31091,0.5537176,-0.3730366,-0.4993761,-0.552145,
1,6,15.903,-0.06306863,0.07853562,-1.31091,0.5537176,-0.3730366,-0.4993761,-0.552145,
1,6,15.905,-0.06305961,0.07852221,-1.310924,0.553751,-0.3730681,-0.4993336,-0.5521287,
1,6,15.907,-0.06305961,0.07852221,-1.310924,0.553751,-0.3730681,-0.4993336,-0.5521287,
1,6,15.909,-0.06305961,0.07852221,-1.310924,0.553751,-0.3730681,-0.4993336,-0.5521287,
1,6,15.911,-0.06305961,0.07852221,-1.310924,0.553751,-0.3730681,-0.4993336,-0.5521287,
1,6,15.913,-0.06307089,0.07853575,-1.310899,0.5537172,-0.373032,-0.4993666,-0.5521572,
1,6,15.915,-0.06307089,0.07853575,-1.310899,0.5537172,-0.373032,-0.4993666,-0.5521572,
1,6,15.917,-0.06307089,0.07853575,-1.310899,0.5537172,-0.373032,-0.4993666,-0.5521572,
1,6,15.919,-0.06307089,0.07853575,-1.310899,0.5537172,-0.373032,-0.4993666,-0.5521572,
1,6,15.921,-0.06311625,0.07852823,-1.310887,0.5536883,-0.373077,-0.4994029,-0.5521228,
1,6,15.923,-0.06311625,0.07852823,-1.310887,0.5536883,-0.373077,-0.4994029,-0.5521228,
1,6,15.925,-0.06311625,0.07852823,-1.310887,0.5536883,-0.373077,-0.4994029,-0.5521228,
1,6,15.927,-0.06311625,0.07852823,-1.310887,0.5536883,-0.373077,-0.4994029,-0.5521228,
1,6,15.929,-0.0631007,0.07852694,-1.310895,0.553705,-0.3731028,-0.499369,-0.5521191,
1,6,15.931,-0.0631007,0.07852694,-1.310895,0.553705,-0.3731028,-0.499369,-0.5521191,
1,6,15.933,-0.0631007,0.07852694,-1.310895,0.553705,-0.3731028,-0.499369,-0.5521191,
1,6,15.935,-0.0631007,0.07852694,-1.310895,0.553705,-0.3731028,-0.499369,-0.5521191,
1,6,15.937,-0.06306089,0.07853185,-1.310917,0.5537072,-0.3730735,-0.4993556,-0.5521491,
1,6,15.939,-0.06306089,0.07853185,-1.310917,0.5537072,-0.3730735,-0.4993556,-0.5521491,
1,6,15.941,-0.06306089,0.07853185,-1.310917,0.5537072,-0.3730735,-0.4993556,-0.5521491,
1,6,15.943,-0.06306089,0.07853185,-1.310917,0.5537072,-0.3730735,-0.4993556,-0.5521491,
1,6,15.945,-0.06308817,0.07852532,-1.310906,0.5537167,-0.3730829,-0.4993685,-0.5521215,
1,6,15.947,-0.06308817,0.07852532,-1.310906,0.5537167,-0.3730829,-0.4993685,-0.5521215,
1,6,15.949,-0.06308817,0.07852532,-1.310906,0.5537167,-0.3730829,-0.4993685,-0.5521215,
1,6,15.951,-0.06308817,0.07852532,-1.310906,0.5537167,-0.3730829,-0.4993685,-0.5521215,
1,6,15.953,-0.06308817,0.07852532,-1.310906,0.5537167,-0.3730829,-0.4993685,-0.5521215,
1,6,15.955,-0.06310133,0.07852424,-1.310907,0.5537109,-0.3731043,-0.4993803,-0.5521022,
1,6,15.957,-0.06310133,0.07852424,-1.310907,0.5537109,-0.3731043,-0.4993803,-0.5521022,
1,6,15.959,-0.06310133,0.07852424,-1.310907,0.5537109,-0.3731043,-0.4993803,-0.5521022,
1,6,15.961,-0.06310133,0.07852424,-1.310907,0.5537109,-0.3731043,-0.4993803,-0.5521022,
1,6,15.963,-0.06306835,0.0785403,-1.3109,0.5537145,-0.3730348,-0.4993919,-0.552135,
1,6,15.965,-0.06306835,0.0785403,-1.3109,0.5537145,-0.3730348,-0.4993919,-0.552135,
1,6,15.967,-0.06306835,0.0785403,-1.3109,0.5537145,-0.3730348,-0.4993919,-0.552135,
1,6,15.969,-0.06306835,0.0785403,-1.3109,0.5537145,-0.3730348,-0.4993919,-0.552135,
1,6,15.971,-0.06310288,0.07853445,-1.310893,0.5536901,-0.3730731,-0.4993933,-0.5521322,
1,6,15.973,-0.06310288,0.07853445,-1.310893,0.5536901,-0.3730731,-0.4993933,-0.5521322,
1,6,15.975,-0.06310288,0.07853445,-1.310893,0.5536901,-0.3730731,-0.4993933,-0.5521322,
1,6,15.977,-0.06310288,0.07853445,-1.310893,0.5536901,-0.3730731,-0.4993933,-0.5521322,
1,6,15.979,-0.06309634,0.07853466,-1.310893,0.5537044,-0.3730732,-0.4993775,-0.5521322,
1,6,15.981,-0.06309634,0.07853466,-1.310893,0.5537044,-0.3730732,-0.4993775,-0.5521322,
1,6,15.983,-0.06309634,0.07853466,-1.310893,0.5537044,-0.3730732,-0.4993775,-0.5521322,
1,6,15.985,-0.06309634,0.07853466,-1.310893,0.5537044,-0.3730732,-0.4993775,-0.5521322,
1,6,15.987,-0.06307455,0.07854984,-1.310918,0.5537147,-0.3730742,-0.4993584,-0.5521385,
1,6,15.989,-0.06307455,0.07854984,-1.310918,0.5537147,-0.3730742,-0.4993584,-0.5521385,
1,6,15.991,-0.06307455,0.07854984,-1.310918,0.5537147,-0.3730742,-0.4993584,-0.5521385,
1,6,15.993,-0.06307455,0.07854984,-1.310918,0.5537147,-0.3730742,-0.4993584,-0.5521385,
1,6,15.995,-0.06310492,0.07852665,-1.310908,0.5537147,-0.3731104,-0.4993499,-0.5521219,
1,6,15.997,-0.06310492,0.07852665,-1.310908,0.5537147,-0.3731104,-0.4993499,-0.5521219,
1,6,15.999,-0.06310492,0.07852665,-1.310908,0.5537147,-0.3731104,-0.4993499,-0.5521219,
1,6,16.001,-0.06310492,0.07852665,-1.310908,0.5537147,-0.3731104,-0.4993499,-0.5521219,
1,6,16.003,-0.06310492,0.07852665,-1.310908,0.5537147,-0.3731104,-0.4993499,-0.5521219,
1,6,16.005,-0.06312281,0.07851901,-1.310882,0.5537173,-0.3731227,-0.4993593,-0.5521023,
1,6,16.007,-0.06312281,0.07851901,-1.310882,0.5537173,-0.3731227,-0.4993593,-0.5521023,
1,6,16.009,-0.06312281,0.07851901,-1.310882,0.5537173,-0.3731227,-0.4993593,-0.5521023,
1,6,16.011,-0.06312281,0.07851901,-1.310882,0.5537173,-0.3731227,-0.4993593,-0.5521023,
1,6,16.013,-0.06307053,0.07853384,-1.31091,0.5537202,-0.373096,-0.499345,-0.5521303,
1,6,16.015,-0.06307053,0.07853384,-1.31091,0.5537202,-0.373096,-0.499345,-0.5521303,
1,6,16.017,-0.06307053,0.07853384,-1.31091,0.5537202,-0.373096,-0.499345,-0.5521303,
1,6,16.019,-0.06307053,0.07853384,-1.31091,0.5537202,-0.373096,-0.499345,-0.5521303,
1,6,16.021,-0.06305669,0.0785485,-1.310898,0.553717,-0.3730228,-0.4993799,-0.5521516,
1,6,16.023,-0.06305669,0.0785485,-1.310898,0.553717,-0.3730228,-0.4993799,-0.5521516,
1,6,16.025,-0.06305669,0.0785485,-1.310898,0.553717,-0.3730228,-0.4993799,-0.5521516,
1,6,16.027,-0.06305669,0.0785485,-1.310898,0.553717,-0.3730228,-0.4993799,-0.5521516,
1,6,16.029,-0.06305555,0.07852416,-1.310935,0.5537337,-0.3730576,-0.4993276,-0.5521585,
1,6,16.031,-0.06305555,0.07852416,-1.310935,0.5537337,-0.3730576,-0.4993276,-0.5521585,
1,6,16.033,-0.06305555,0.07852416,-1.310935,0.5537337,-0.3730576,-0.4993276,-0.5521585,
1,6,16.035,-0.06305555,0.07852416,-1.310935,0.5537337,-0.3730576,-0.4993276,-0.5521585,
1,6,16.037,-0.06306642,0.07853527,-1.310904,0.5537134,-0.3730268,-0.4993788,-0.5521534,
1,6,16.039,-0.06306642,0.07853527,-1.310904,0.5537134,-0.3730268,-0.4993788,-0.5521534,
1,6,16.041,-0.06306642,0.07853527,-1.310904,0.5537134,-0.3730268,-0.4993788,-0.5521534,
1,6,16.043,-0.06306642,0.07853527,-1.310904,0.5537134,-0.3730268,-0.4993788,-0.5521534,
1,6,16.045,-0.06307653,0.07852829,-1.310895,0.5537189,-0.3730671,-0.4993723,-0.5521265,
1,6,16.047,-0.06307653,0.07852829,-1.310895,0.5537189,-0.3730671,-0.4993723,-0.5521265,
1,6,16.049,-0.06307653,0.07852829,-1.310895,0.5537189,-0.3730671,-0.4993723,-0.5521265,
1,6,16.051,-0.06307653,0.07852829,-1.310895,0.5537189,-0.3730671,-0.4993723,-0.5521265,
1,6,16.053,-0.06307653,0.07852829,-1.310895,0.5537189,-0.3730671,-0.4993723,-0.5521265,
1,6,16.055,-0.06308532,0.07852948,-1.310889,0.5537242,-0.3730244,-0.4994081,-0.5521175,
1,6,16.057,-0.06308532,0.07852948,-1.310889,0.5537242,-0.3730244,-0.4994081,-0.5521175,
1,6,16.059,-0.06308532,0.07852948,-1.310889,0.5537242,-0.3730244,-0.4994081,-0.5521175,
1,6,16.061,-0.06308532,0.07852948,-1.310889,0.5537242,-0.3730244,-0.4994081,-0.5521175,
1,6,16.063,-0.0630592,0.07853659,-1.310907,0.5537173,-0.3730236,-0.4994001,-0.5521324,
1,6,16.065,-0.0630592,0.07853659,-1.310907,0.5537173,-0.3730236,-0.4994001,-0.5521324,
1,6,16.067,-0.0630592,0.07853659,-1.310907,0.5537173,-0.3730236,-0.4994001,-0.5521324,
1,6,16.069,-0.0630592,0.07853659,-1.310907,0.5537173,-0.3730236,-0.4994001,-0.5521324,
1,6,16.071,-0.06303641,0.07853671,-1.310919,0.5537195,-0.3730166,-0.4993891,-0.5521449,
1,6,16.073,-0.06303641,0.07853671,-1.310919,0.5537195,-0.3730166,-0.4993891,-0.5521449,
1,6,16.075,-0.06303641,0.07853671,-1.310919,0.5537195,-0.3730166,-0.4993891,-0.5521449,
1,6,16.077,-0.06303641,0.07853671,-1.310919,0.5537195,-0.3730166,-0.4993891,-0.5521449,
1,6,16.079,-0.06305088,0.0785303,-1.310925,0.55374,-0.3730678,-0.4993274,-0.5521455,
1,6,16.081,-0.06305088,0.0785303,-1.310925,0.55374,-0.3730678,-0.4993274,-0.5521455,
1,6,16.083,-0.06305088,0.0785303,-1.310925,0.55374,-0.3730678,-0.4993274,-0.5521455,
1,6,16.085,-0.06305088,0.0785303,-1.310925,0.55374,-0.3730678,-0.4993274,-0.5521455,
1,6,16.087,-0.06311382,0.07852399,-1.310894,0.5537061,-0.3731128,-0.4993656,-0.5521145,
1,6,16.089,-0.06311382,0.07852399,-1.310894,0.5537061,-0.3731128,-0.4993656,-0.5521145,
1,6,16.091,-0.06311382,0.07852399,-1.310894,0.5537061,-0.3731128,-0.4993656,-0.5521145,
1,6,16.093,-0.06311382,0.07852399,-1.310894,0.5537061,-0.3731128,-0.4993656,-0.5521145,
1,6,16.095,-0.06305248,0.07852374,-1.310908,0.5537316,-0.373063,-0.4993552,-0.5521321,
1,6,16.097,-0.06305248,0.07852374,-1.310908,0.5537316,-0.373063,-0.4993552,-0.5521321,
1,6,16.099,-0.06305248,0.07852374,-1.310908,0.5537316,-0.373063,-0.4993552,-0.5521321,
1,6,16.101,-0.06305248,0.07852374,-1.310908,0.5537316,-0.373063,-0.4993552,-0.5521321,
1,6,16.103,-0.06305248,0.07852374,-1.310908,0.5537316,-0.373063,-0.4993552,-0.5521321,
1,6,16.105,-0.06308797,0.078523,-1.310894,0.5537167,-0.3730579,-0.499376,-0.5521316,
1,6,16.107,-0.06308797,0.078523,-1.310894,0.5537167,-0.3730579,-0.499376,-0.5521316,
1,6,16.109,-0.06308797,0.078523,-1.310894,0.5537167,-0.3730579,-0.499376,-0.5521316,
1,6,16.111,-0.06308797,0.078523,-1.310894,0.5537167,-0.3730579,-0.499376,-0.5521316,
1,6,16.113,-0.06307732,0.07852209,-1.310894,0.5537233,-0.3730678,-0.499373,-0.552121,
1,6,16.115,-0.06307732,0.07852209,-1.310894,0.5537233,-0.3730678,-0.499373,-0.552121,
1,6,16.117,-0.06307732,0.07852209,-1.310894,0.5537233,-0.3730678,-0.499373,-0.552121,
1,6,16.119,-0.06307732,0.07852209,-1.310894,0.5537233,-0.3730678,-0.499373,-0.552121,
1,6,16.121,-0.06306357,0.07853853,-1.310902,0.5537015,-0.3730177,-0.4994098,-0.5521435,
1,6,16.123,-0.06306357,0.07853853,-1.310902,0.5537015,-0.3730177,-0.4994098,-0.5521435,
1,6,16.125,-0.06306357,0.07853853,-1.310902,0.5537015,-0.3730177,-0.4994098,-0.5521435,
1,6,16.127,-0.06306357,0.07853853,-1.310902,0.5537015,-0.3730177,-0.4994098,-0.5521435,
1,6,16.129,-0.0630873,0.07852765,-1.310897,0.5537214,-0.373091,-0.4993752,-0.5521053,
1,6,16.131,-0.0630873,0.07852765,-1.310897,0.5537214,-0.373091,-0.4993752,-0.5521053,
1,6,16.133,-0.0630873,0.07852765,-1.310897,0.5537214,-0.373091,-0.4993752,-0.5521053,
1,6,16.135,-0.0630873,0.07852765,-1.310897,0.5537214,-0.373091,-0.4993752,-0.5521053,
1,6,16.137,-0.06306922,0.07852845,-1.310902,0.5537218,-0.373082,-0.4993627,-0.5521222,
1,6,16.139,-0.06306922,0.07852845,-1.310902,0.5537218,-0.373082,-0.4993627,-0.5521222,
1,6,16.141,-0.06306922,0.07852845,-1.310902,0.5537218,-0.373082,-0.4993627,-0.5521222,
1,6,16.143,-0.06306922,0.07852845,-1.310902,0.5537218,-0.373082,-0.4993627,-0.5521222,
1,6,16.145,-0.06310268,0.07853222,-1.31089,0.5536954,-0.3730582,-0.4994112,-0.5521209,
1,6,16.147,-0.06310268,0.07853222,-1.31089,0.5536954,-0.3730582,-0.4994112,-0.5521209,
1,6,16.149,-0.06310268,0.07853222,-1.31089,0.5536954,-0.3730582,-0.4994112,-0.5521209,
1,6,16.151,-0.06310268,0.07853222,-1.31089,0.5536954,-0.3730582,-0.4994112,-0.5521209,
1,6,16.153,-0.06310268,0.07853222,-1.31089,0.5536954,-0.3730582,-0.4994112,-0.5521209,
1,6,16.155,-0.06308828,0.07852793,-1.310896,0.553714,-0.3730734,-0.4993938,-0.5521076,
1,6,16.157,-0.06308828,0.07852793,-1.310896,0.553714,-0.3730734,-0.4993938,-0.5521076,
1,6,16.159,-0.06308828,0.07852793,-1.310896,0.553714,-0.3730734,-0.4993938,-0.5521076,
1,6,16.161,-0.06308828,0.07852793,-1.310896,0.553714,-0.3730734,-0.4993938,-0.5521076,
1,6,16.163,-0.06310584,0.07852976,-1.310881,0.5537058,-0.3730426,-0.4994259,-0.5521077,
1,6,16.165,-0.06310584,0.07852976,-1.310881,0.5537058,-0.3730426,-0.4994259,-0.5521077,
1,6,16.167,-0.06310584,0.07852976,-1.310881,0.5537058,-0.3730426,-0.4994259,-0.5521077,
1,6,16.169,-0.06310584,0.07852976,-1.310881,0.5537058,-0.3730426,-0.4994259,-0.5521077,
1,6,16.171,-0.06307258,0.078536,-1.310911,0.5537472,-0.3730785,-0.4993547,-0.5521064,
1,6,16.173,-0.06307258,0.078536,-1.310911,0.5537472,-0.3730785,-0.4993547,-0.5521064,
1,6,16.175,-0.06307258,0.078536,-1.310911,0.5537472,-0.3730785,-0.4993547,-0.5521064,
1,6,16.177,-0.06307258,0.078536,-1.310911,0.5537472,-0.3730785,-0.4993547,-0.5521064,
1,6,16.179,-0.06306791,0.07854415,-1.310915,0.5537483,-0.3730464,-0.4993712,-0.5521121,
1,6,16.181,-0.06306791,0.07854415,-1.310915,0.5537483,-0.3730464,-0.4993712,-0.5521121,CourtEnter
1,6,16.183,-0.06306791,0.07854415,-1.310915,0.5537483,-0.3730464,-0.4993712,-0.5521121,
1,6,16.185,-0.06306791,0.07854415,-1.310915,0.5537483,-0.3730464,-0.4993712,-0.5521121,
1,6,16.187,-0.06307945,0.07853507,-1.310892,0.5537363,-0.3730561,-0.4993948,-0.5520962,
1,6,16.189,-0.06307945,0.07853507,-1.310892,0.5537363,-0.3730561,-0.4993948,-0.5520962,CourtExit
1,6,16.191,-0.06307945,0.07853507,-1.310892,0.5537363,-0.3730561,-0.4993948,-0.5520962,
1,6,16.193,-0.06307945,0.07853507,-1.310892,0.5537363,-0.3730561,-0.4993948,-0.5520962,
1,6,16.195,-0.06306793,0.07854147,-1.310904,0.5537441,-0.3730723,-0.4993646,-0.5521048,
1,6,16.197,-0.06306793,0.07854147,-1.310904,0.5537441,-0.3730723,-0.4993646,-0.5521048,
1,6,16.199,-0.06306793,0.07854147,-1.310904,0.5537441,-0.3730723,-0.4993646,-0.5521048,
1,6,16.201,-0.06306793,0.07854147,-1.310904,0.5537441,-0.3730723,-0.4993646,-0.5521048,
1,6,16.203,-0.06306793,0.07854147,-1.310904,0.5537441,-0.3730723,-0.4993646,-0.5521048,
1,6,16.205,-0.06312416,0.07851759,-1.310882,0.5537023,-0.3731317,-0.4993814,-0.5520912,
1,6,16.207,-0.06312416,0.07851759,-1.310882,0.5537023,-0.3731317,-0.4993814,-0.5520912,
1,6,16.209,-0.06312416,0.07851759,-1.310882,0.5537023,-0.3731317,-0.4993814,-0.5520912,
1,6,16.211,-0.06312416,0.07851759,-1.310882,0.5537023,-0.3731317,-0.4993814,-0.5520912,
