stage,trial,time,position.x,position.y,position.z,rotation.x,rotation.y,rotation.z,rotation.w,event
1,1,0.001,-0.2484679,0.04287486,-1.016187,0.5084484,-0.5039992,0.4949181,0.4924645,TrialStart
1,1,0.003,-0.2484679,0.04287486,-1.016187,0.5084484,-0.5039992,0.4949181,0.4924645,
1,1,0.005,-0.2484679,0.04287486,-1.016187,0.5084484,-0.5039992,0.4949181,0.4924645,
1,1,0.007,-0.2484679,0.04287486,-1.016187,0.5084484,-0.5039992,0.4949181,0.4924645,
1,1,0.009,-0.2484679,0.04287486,-1.016187,0.5084484,-0.5039992,0.4949181,0.4924645,
1,1,0.011,-0.2484679,0.04287486,-1.016187,0.5084484,-0.5039992,0.4949181,0.4924645,
1,1,0.013,-0.2484679,0.04287486,-1.016187,0.5084484,-0.5039992,0.4949181,0.4924645,
1,1,0.015,-0.2484679,0.04287486,-1.016187,0.5084484,-0.5039992,0.4949181,0.4924645,
1,1,0.017,-0.2484679,0.04287486,-1.016187,0.5084484,-0.5039992,0.4949181,0.4924645,
1,1,0.019,-0.2484679,0.04287486,-1.016187,0.5084484,-0.5039992,0.4949181,0.4924645,
1,1,0.021,-0.2484629,0.04286344,-1.016187,0.5084848,-0.5039226,0.4949531,0.49247,
1,1,0.023,-0.2484629,0.04286344,-1.016187,0.5084848,-0.5039226,0.4949531,0.49247,
1,1,0.025,-0.2484629,0.04286344,-1.016187,0.5084848,-0.5039226,0.4949531,0.49247,
1,1,0.027,-0.2484629,0.04286344,-1.016187,0.5084848,-0.5039226,0.4949531,0.49247,
1,1,0.029,-0.2484651,0.04286433,-1.01619,0.5084661,-0.5039386,0.4949418,0.4924843,
1,1,0.031,-0.2484651,0.04286433,-1.01619,0.5084661,-0.5039386,0.4949418,0.4924843,
1,1,0.033,-0.2484651,0.04286433,-1.01619,0.5084661,-0.5039386,0.4949418,0.4924843,
1,1,0.035,-0.2484651,0.04286433,-1.01619,0.5084661,-0.5039386,0.4949418,0.4924843,
1,1,0.037,-0.2484539,0.04285461,-1.016193,0.5084725,-0.5039321,0.4949294,0.4924969,
1,1,0.039,-0.2484539,0.04285461,-1.016193,0.5084725,-0.5039321,0.4949294,0.4924969,
1,1,0.041,-0.2484539,0.04285461,-1.016193,0.5084725,-0.5039321,0.4949294,0.4924969,
1,1,0.043,-0.2484539,0.04285461,-1.016193,0.5084725,-0.5039321,0.4949294,0.4924969,
1,1,0.045,-0.2484555,0.04285874,-1.016196,0.5084659,-0.5039389,0.4949374,0.4924887,
1,1,0.047,-0.2484555,0.04285874,-1.016196,0.5084659,-0.5039389,0.4949374,0.4924887,
1,1,0.049,-0.2484555,0.04285874,-1.016196,0.5084659,-0.5039389,0.4949374,0.4924887,
1,1,0.051,-0.2484555,0.04285874,-1.016196,0.5084659,-0.5039389,0.4949374,0.4924887,
1,1,0.053,-0.2484555,0.04285874,-1.016196,0.5084659,-0.5039389,0.4949374,0.4924887,
1,1,0.055,-0.2484625,0.04286581,-1.016191,0.5084649,-0.5039219,0.4949538,0.4924905,
1,1,0.057,-0.2484625,0.04286581,-1.016191,0.5084649,-0.5039219,0.4949538,0.4924905,
1,1,0.059,-0.2484625,0.04286581,-1.016191,0.5084649,-0.5039219,0.4949538,0.4924905,
1,1,0.061,-0.2484625,0.04286581,-1.016191,0.5084649,-0.5039219,0.4949538,0.4924905,
1,1,0.063,-0.2484658,0.04286169,-1.016188,0.5084599,-0.5039385,0.4949236,0.4925091,
1,1,0.065,-0.2484658,0.04286169,-1.016188,0.5084599,-0.5039385,0.4949236,0.4925091,
1,1,0.067,-0.2484658,0.04286169,-1.016188,0.5084599,-0.5039385,0.4949236,0.4925091,
1,1,0.069,-0.2484658,0.04286169,-1.016188,0.5084599,-0.5039385,0.4949236,0.4925091,
1,1,0.071,-0.2484696,0.04285834,-1.016192,0.5084541,-0.5039224,0.4949453,0.4925098,
1,1,0.073,-0.2484696,0.04285834,-1.016192,0.5084541,-0.5039224,0.4949453,0.4925098,
1,1,0.075,-0.2484696,0.04285834,-1.016192,0.5084541,-0.5039224,0.4949453,0.4925098,
1,1,0.077,-0.2484696,0.04285834,-1.016192,0.5084541,-0.5039224,0.4949453,0.4925098,
1,1,0.079,-0.2484608,0.04286755,-1.016193,0.5084664,-0.5039081,0.4949563,0.4925006,
1,1,0.081,-0.2484608,0.04286755,-1.016193,0.5084664,-0.5039081,0.4949563,0.4925006,
1,1,0.083,-0.2484608,0.04286755,-1.016193,0.5084664,-0.5039081,0.4949563,0.4925006,
1,1,0.085,-0.2484608,0.04286755,-1.016193,0.5084664,-0.5039081,0.4949563,0.4925006,
1,1,0.087,-0.2484583,0.04285711,-1.016199,0.5084663,-0.5039412,0.4949379,0.4924854,
1,1,0.089,-0.2484583,0.04285711,-1.016199,0.5084663,-0.5039412,0.4949379,0.4924854,
1,1,0.091,-0.2484583,0.04285711,-1.016199,0.5084663,-0.5039412,0.4949379,0.4924854,
1,1,0.093,-0.2484583,0.04285711,-1.016199,0.5084663,-0.5039412,0.4949379,0.4924854,
1,1,0.095,-0.2484618,0.04286135,-1.016199,0.5084764,-0.5039304,0.4949304,0.4924935,
1,1,0.097,-0.2484618,0.04286135,-1.016199,0.5084764,-0.5039304,0.4949304,0.4924935,
1,1,0.099,-0.2484618,0.04286135,-1.016199,0.5084764,-0.5039304,0.4949304,0.4924935,
1,1,0.101,-0.2484618,0.04286135,-1.016199,0.5084764,-0.5039304,0.4949304,0.4924935,
1,1,0.103,-0.2484618,0.04286135,-1.016199,0.5084764,-0.5039304,0.4949304,0.4924935,
1,1,0.105,-0.2484644,0.0428585,-1.016194,0.5084757,-0.5039274,0.4949266,0.4925012,
1,1,0.107,-0.2484644,0.0428585,-1.016194,0.5084757,-0.5039274,0.4949266,0.4925012,
1,1,0.109,-0.2484644,0.0428585,-1.016194,0.5084757,-0.5039274,0.4949266,0.4925012,
1,1,0.111,-0.2484644,0.0428585,-1.016194,0.5084757,-0.5039274,0.4949266,0.4925012,
1,1,0.113,-0.2484676,0.04286672,-1.016209,0.5084773,-0.5039169,0.4949459,0.4924909,
1,1,0.115,-0.2484676,0.04286672,-1.016209,0.5084773,-0.5039169,0.4949459,0.4924909,
1,1,0.117,-0.2484676,0.04286672,-1.016209,0.5084773,-0.5039169,0.4949459,0.4924909,
1,1,0.119,-0.2484676,0.04286672,-1.016209,0.5084773,-0.5039169,0.4949459,0.4924909,
1,1,0.121,-0.2484626,0.04285851,-1.016192,0.5084767,-0.5039132,0.4949459,0.4924953,
1,1,0.123,-0.2484626,0.04285851,-1.016192,0.5084767,-0.5039132,0.4949459,0.4924953,
1,1,0.125,-0.2484626,0.04285851,-1.016192,0.5084767,-0.5039132,0.4949459,0.4924953,
1,1,0.127,-0.2484626,0.04285851,-1.016192,0.5084767,-0.5039132,0.4949459,0.4924953,
1,1,0.129,-0.248456,0.04285908,-1.016194,0.5084782,-0.5039063,0.4949586,0.492488,
1,1,0.131,-0.248456,0.04285908,-1.016194,0.5084782,-0.5039063,0.4949586,0.492488,
1,1,0.133,-0.248456,0.04285908,-1.016194,0.5084782,-0.5039063,0.4949586,0.492488,
1,1,0.135,-0.248456,0.04285908,-1.016194,0.5084782,-0.5039063,0.4949586,0.492488,
1,1,0.137,-0.2484678,0.0428597,-1.016188,0.5084708,-0.5039111,0.4949456,0.4925037,
1,1,0.139,-0.2484678,0.0428597,-1.016188,0.5084708,-0.5039111,0.4949456,0.4925037,
1,1,0.141,-0.2484678,0.0428597,-1.016188,0.5084708,-0.5039111,0.4949456,0.4925037,
1,1,0.143,-0.2484678,0.0428597,-1.016188,0.5084708,-0.5039111,0.4949456,0.4925037,
1,1,0.145,-0.2484734,0.04286426,-1.016193,0.5084847,-0.5039284,0.494926,0.4924915,
1,1,0.147,-0.2484734,0.04286426,-1.016193,0.5084847,-0.5039284,0.494926,0.4924915,
1,1,0.149,-0.2484734,0.04286426,-1.016193,0.5084847,-0.5039284,0.494926,0.4924915,
1,1,0.151,-0.2484734,0.04286426,-1.016193,0.5084847,-0.5039284,0.494926,0.4924915,
1,1,0.153,-0.2484734,0.04286426,-1.016193,0.5084847,-0.5039284,0.494926,0.4924915,
1,1,0.155,-0.2484692,0.04286125,-1.016188,0.5084798,-0.5039352,0.494922,0.4924937,
1,1,0.157,-0.2484692,0.04286125,-1.016188,0.5084798,-0.5039352,0.494922,0.4924937,
1,1,0.159,-0.2484692,0.04286125,-1.016188,0.5084798,-0.5039352,0.494922,0.4924937,
1,1,0.161,-0.2484692,0.04286125,-1.016188,0.5084798,-0.5039352,0.494922,0.4924937,
1,1,0.163,-0.2484632,0.0428628,-1.016193,0.5085049,-0.5039216,0.494922,0.4924815,
1,1,0.165,-0.2484632,0.0428628,-1.016193,0.5085049,-0.5039216,0.494922,0.4924815,
1,1,0.167,-0.2484632,0.0428628,-1.016193,0.5085049,-0.5039216,0.494922,0.4924815,
1,1,0.169,-0.2484632,0.0428628,-1.016193,0.5085049,-0.5039216,0.494922,0.4924815,
1,1,0.171,-0.248462,0.04285742,-1.01619,0.508489,-0.5039227,0.4949171,0.4925018,
1,1,0.173,-0.248462,0.04285742,-1.01619,0.508489,-0.5039227,0.4949171,0.4925018,
1,1,0.175,-0.248462,0.04285742,-1.01619,0.508489,-0.5039227,0.4949171,0.4925018,
1,1,0.177,-0.248462,0.04285742,-1.01619,0.508489,-0.5039227,0.4949171,0.4925018,
1,1,0.179,-0.2484619,0.04285935,-1.016191,0.5084941,-0.5039383,0.4949095,0.4924883,
1,1,0.181,-0.2484619,0.04285935,-1.016191,0.5084941,-0.5039383,0.4949095,0.4924883,
1,1,0.183,-0.2484619,0.04285935,-1.016191,0.5084941,-0.5039383,0.4949095,0.4924883,
1,1,0.185,-0.2484619,0.04285935,-1.016191,0.5084941,-0.5039383,0.4949095,0.4924883,
1,1,0.187,-0.2484782,0.04283433,-1.0162,0.5084828,-0.5039766,0.4948515,0.4925189,
1,1,0.189,-0.2484782,0.04283433,-1.0162,0.5084828,-0.5039766,0.4948515,0.4925189,
1,1,0.191,-0.2484782,0.04283433,-1.0162,0.5084828,-0.5039766,0.4948515,0.4925189,
1,1,0.193,-0.2484782,0.04283433,-1.0162,0.5084828,-0.5039766,0.4948515,0.4925189,
1,1,0.195,-0.2484558,0.042858,-1.016188,0.5084999,-0.5039549,0.4948917,0.492483,
1,1,0.197,-0.2484558,0.042858,-1.016188,0.5084999,-0.5039549,0.4948917,0.492483,
1,1,0.199,-0.2484558,0.042858,-1.016188,0.5084999,-0.5039549,0.4948917,0.492483,
1,1,0.201,-0.2484558,0.042858,-1.016188,0.5084999,-0.5039549,0.4948917,0.492483,
1,1,0.203,-0.2484558,0.042858,-1.016188,0.5084999,-0.5039549,0.4948917,0.492483,
1,1,0.205,-0.2484543,0.04286748,-1.016191,0.5085137,-0.5039308,0.4949163,0.4924687,
1,1,0.207,-0.2484543,0.04286748,-1.016191,0.5085137,-0.5039308,0.4949163,0.4924687,
1,1,0.209,-0.2484543,0.04286748,-1.016191,0.5085137,-0.5039308,0.4949163,0.4924687,
1,1,0.211,-0.2484543,0.04286748,-1.016191,0.5085137,-0.5039308,0.4949163,0.4924687,
1,1,0.213,-0.2484534,0.0428529,-1.016192,0.5085089,-0.5039569,0.4948995,0.4924639,
1,1,0.215,-0.2484534,0.0428529,-1.016192,0.5085089,-0.5039569,0.4948995,0.4924639,
1,1,0.217,-0.2484534,0.0428529,-1.016192,0.5085089,-0.5039569,0.4948995,0.4924639,
1,1,0.219,-0.2484534,0.0428529,-1.016192,0.5085089,-0.5039569,0.4948995,0.4924639,
1,1,0.221,-0.2484569,0.04286324,-1.016195,0.5085052,-0.5039455,0.4949003,0.4924787,
1,1,0.223,-0.2484569,0.04286324,-1.016195,0.5085052,-0.5039455,0.4949003,0.4924787,
1,1,0.225,-0.2484569,0.04286324,-1.016195,0.5085052,-0.5039455,0.4949003,0.4924787,
1,1,0.227,-0.2484569,0.04286324,-1.016195,0.5085052,-0.5039455,0.4949003,0.4924787,
1,1,0.229,-0.2484622,0.04285348,-1.01619,0.5085151,-0.5039676,0.4948891,0.4924569,
1,1,0.231,-0.2484622,0.04285348,-1.01619,0.5085151,-0.5039676,0.4948891,0.4924569,
1,1,0.233,-0.2484622,0.04285348,-1.01619,0.5085151,-0.5039676,0.4948891,0.4924569,
1,1,0.235,-0.2484622,0.04285348,-1.01619,0.5085151,-0.5039676,0.4948891,0.4924569,
1,1,0.237,-0.2484624,0.04285262,-1.01619,0.5085195,-0.503947,0.4949051,0.4924574,
1,1,0.239,-0.2484624,0.04285262,-1.01619,0.5085195,-0.503947,0.4949051,0.4924574,
1,1,0.241,-0.2484624,0.04285262,-1.01619,0.5085195,-0.503947,0.4949051,0.4924574,
1,1,0.243,-0.2484624,0.04285262,-1.01619,0.5085195,-0.503947,0.4949051,0.4924574,
1,1,0.245,-0.2484561,0.04286434,-1.016195,0.5085116,-0.5039271,0.494912,0.4924791,
1,1,0.247,-0.2484561,0.04286434,-1.016195,0.5085116,-0.5039271,0.494912,0.4924791,
1,1,0.249,-0.2484561,0.04286434,-1.016195,0.5085116,-0.5039271,0.494912,0.4924791,
1,1,0.251,-0.2484561,0.04286434,-1.016195,0.5085116,-0.5039271,0.494912,0.4924791,
1,1,0.253,-0.2484561,0.04286434,-1.016195,0.5085116,-0.5039271,0.494912,0.4924791,
1,1,0.255,-0.2484699,0.04286946,-1.016186,0.5084994,-0.5039396,0.4949086,0.4924823,
1,1,0.257,-0.2484699,0.04286946,-1.016186,0.5084994,-0.5039396,0.4949086,0.4924823,
1,1,0.259,-0.2484699,0.04286946,-1.016186,0.5084994,-0.5039396,0.4949086,0.4924823,
1,1,0.261,-0.2484699,0.04286946,-1.016186,0.5084994,-0.5039396,0.4949086,0.4924823,
1,1,0.263,-0.248461,0.0428624,-1.016189,0.5084967,-0.5039338,0.4949138,0.4924858,
1,1,0.265,-0.248461,0.0428624,-1.016189,0.5084967,-0.5039338,0.4949138,0.4924858,
1,1,0.267,-0.248461,0.0428624,-1.016189,0.5084967,-0.5039338,0.4949138,0.4924858,
1,1,0.269,-0.248461,0.0428624,-1.016189,0.5084967,-0.5039338,0.4949138,0.4924858,
1,1,0.271,-0.2484624,0.04286065,-1.016182,0.5085058,-0.5039558,0.4948978,0.4924698,
1,1,0.273,-0.2484624,0.04286065,-1.016182,0.5085058,-0.5039558,0.4948978,0.4924698,
1,1,0.275,-0.2484624,0.04286065,-1.016182,0.5085058,-0.5039558,0.4948978,0.4924698,
1,1,0.277,-0.2484624,0.04286065,-1.016182,0.5085058,-0.5039558,0.4948978,0.4924698,
1,1,0.279,-0.2484567,0.04287202,-1.016185,0.5085217,-0.5039371,0.4949266,0.4924437,
1,1,0.281,-0.2484567,0.04287202,-1.016185,0.5085217,-0.5039371,0.4949266,0.4924437,
1,1,0.283,-0.2484567,0.04287202,-1.016185,0.5085217,-0.5039371,0.4949266,0.4924437,
1,1,0.285,-0.2484567,0.04287202,-1.016185,0.5085217,-0.5039371,0.4949266,0.4924437,
1,1,0.287,-0.2484687,0.04287373,-1.01619,0.508503,-0.5039479,0.4949209,0.4924577,
1,1,0.289,-0.2484687,0.04287373,-1.01619,0.508503,-0.5039479,0.4949209,0.4924577,
1,1,0.291,-0.2484687,0.04287373,-1.01619,0.508503,-0.5039479,0.4949209,0.4924577,
1,1,0.293,-0.2484687,0.04287373,-1.01619,0.508503,-0.5039479,0.4949209,0.4924577,
1,1,0.295,-0.2484687,0.04286371,-1.016198,0.5084856,-0.5039544,0.4949143,0.4924757,
1,1,0.297,-0.2484687,0.04286371,-1.016198,0.5084856,-0.5039544,0.4949143,0.4924757,
1,1,0.299,-0.2484687,0.04286371,-1.016198,0.5084856,-0.5039544,0.4949143,0.4924757,
1,1,0.301,-0.2484687,0.04286371,-1.016198,0.5084856,-0.5039544,0.4949143,0.4924757,
1,1,0.303,-0.2484687,0.04286371,-1.016198,0.5084856,-0.5039544,0.4949143,0.4924757,
1,1,0.305,-0.2484641,0.04286975,-1.016188,0.508495,-0.5039366,0.494925,0.4924732,
1,1,0.307,-0.2484641,0.04286975,-1.016188,0.508495,-0.5039366,0.494925,0.4924732,
1,1,0.309,-0.2484641,0.04286975,-1.016188,0.508495,-0.5039366,0.494925,0.4924732,
1,1,0.311,-0.2484641,0.04286975,-1.016188,0.508495,-0.5039366,0.494925,0.4924732,
1,1,0.313,-0.2484564,0.04285462,-1.016183,0.508487,-0.5039594,0.4949011,0.4924822,
1,1,0.315,-0.2484564,0.04285462,-1.016183,0.508487,-0.5039594,0.4949011,0.4924822,
1,1,0.317,-0.2484564,0.04285462,-1.016183,0.508487,-0.5039594,0.4949011,0.4924822,
1,1,0.319,-0.2484564,0.04285462,-1.016183,0.508487,-0.5039594,0.4949011,0.4924822,
1,1,0.321,-0.2484619,0.0428637,-1.01619,0.5085156,-0.5039643,0.4948979,0.492451,
1,1,0.323,-0.2484619,0.0428637,-1.01619,0.5085156,-0.5039643,0.4948979,0.492451,
1,1,0.325,-0.2484619,0.0428637,-1.01619,0.5085156,-0.5039643,0.4948979,0.492451,
1,1,0.327,-0.2484619,0.0428637,-1.01619,0.5085156,-0.5039643,0.4948979,0.492451,
1,1,0.329,-0.2484536,0.04286097,-1.016183,0.5085098,-0.5039304,0.4949324,0.492457,
1,1,0.331,-0.2484536,0.04286097,-1.016183,0.5085098,-0.5039304,0.4949324,0.492457,
1,1,0.333,-0.2484536,0.04286097,-1.016183,0.5085098,-0.5039304,0.4949324,0.492457,
1,1,0.335,-0.2484536,0.04286097,-1.016183,0.5085098,-0.5039304,0.4949324,0.492457,
1,1,0.337,-0.2484472,0.04286252,-1.016191,0.5085106,-0.5039067,0.4949463,0.4924664,
1,1,0.339,-0.2484472,0.04286252,-1.016191,0.5085106,-0.5039067,0.4949463,0.4924664,
1,1,0.341,-0.2484472,0.04286252,-1.016191,0.5085106,-0.5039067,0.4949463,0.4924664,
1,1,0.343,-0.2484472,0.04286252,-1.016191,0.5085106,-0.5039067,0.4949463,0.4924664,
1,1,0.345,-0.2484499,0.0428734,-1.016196,0.5085229,-0.5039085,0.4949363,0.492462,
1,1,0.347,-0.2484499,0.0428734,-1.016196,0.5085229,-0.5039085,0.4949363,0.492462,
1,1,0.349,-0.2484499,0.0428734,-1.016196,0.5085229,-0.5039085,0.4949363,0.492462,
1,1,0.351,-0.2484499,0.0428734,-1.016196,0.5085229,-0.5039085,0.4949363,0.492462,
1,1,0.353,-0.2484528,0.04286854,-1.016191,0.5085042,-0.503924,0.4949366,0.4924652,
1,1,0.355,-0.2484528,0.04286854,-1.016191,0.5085042,-0.503924,0.4949366,0.4924652,
1,1,0.357,-0.2484528,0.04286854,-1.016191,0.5085042,-0.503924,0.4949366,0.4924652,
1,1,0.359,-0.2484528,0.04286854,-1.016191,0.5085042,-0.503924,0.4949366,0.4924652,
1,1,0.361,-0.2484542,0.04287264,-1.016187,0.5084897,-0.5039359,0.4949409,0.4924635,
1,1,0.363,-0.2484542,0.04287264,-1.016187,0.5084897,-0.5039359,0.4949409,0.4924635,
1,1,0.365,-0.2484542,0.04287264,-1.016187,0.5084897,-0.5039359,0.4949409,0.4924635,
1,1,0.367,-0.2484542,0.04287264,-1.016187,0.5084897,-0.5039359,0.4949409,0.4924635,
1,1,0.369,-0.2484628,0.04286829,-1.016186,0.5084794,-0.503951,0.4949363,0.4924635,
1,1,0.371,-0.2484628,0.04286829,-1.016186,0.5084794,-0.503951,0.4949363,0.4924635,
1,1,0.373,-0.2484628,0.04286829,-1.016186,0.5084794,-0.503951,0.4949363,0.4924635,
1,1,0.375,-0.2484628,0.04286829,-1.016186,0.5084794,-0.503951,0.4949363,0.4924635,
1,1,0.377,-0.2484585,0.04286236,-1.016189,0.5084842,-0.5039294,0.4949344,0.4924826,
1,1,0.379,-0.2484585,0.04286236,-1.016189,0.5084842,-0.5039294,0.4949344,0.4924826,
1,1,0.381,-0.2484585,0.04286236,-1.016189,0.5084842,-0.5039294,0.4949344,0.4924826,
1,1,0.383,-0.2484585,0.04286236,-1.016189,0.5084842,-0.5039294,0.4949344,0.4924826,
1,1,0.385,-0.2484507,0.04285886,-1.01619,0.5084859,-0.5039257,0.4949291,0.4924899,
1,1,0.387,-0.2484507,0.04285886,-1.01619,0.5084859,-0.5039257,0.4949291,0.4924899,
1,1,0.389,-0.2484507,0.04285886,-1.01619,0.5084859,-0.5039257,0.4949291,0.4924899,
1,1,0.391,-0.2484507,0.04285886,-1.01619,0.5084859,-0.5039257,0.4949291,0.4924899,
1,1,0.393,-0.2484448,0.04285983,-1.016188,0.5084944,-0.5039331,0.4949187,0.4924838,
1,1,0.395,-0.2484448,0.04285983,-1.016188,0.5084944,-0.5039331,0.4949187,0.4924838,
1,1,0.397,-0.2484448,0.04285983,-1.016188,0.5084944,-0.5039331,0.4949187,0.4924838,
1,1,0.399,-0.2484448,0.04285983,-1.016188,0.5084944,-0.5039331,0.4949187,0.4924838,
1,1,0.401,-0.2484447,0.04286975,-1.016189,0.5084938,-0.5039269,0.4949234,0.4924861,
1,1,0.403,-0.2484447,0.04286975,-1.016189,0.5084938,-0.5039269,0.4949234,0.4924861,
1,1,0.405,-0.2484447,0.04286975,-1.016189,0.5084938,-0.5039269,0.4949234,0.4924861,
1,1,0.407,-0.2484447,0.04286975,-1.016189,0.5084938,-0.5039269,0.4949234,0.4924861,
1,1,0.409,-0.2484444,0.04286858,-1.016188,0.5084974,-0.5039207,0.4949296,0.4924824,
1,1,0.411,-0.2484444,0.04286858,-1.016188,0.5084974,-0.5039207,0.4949296,0.4924824,
1,1,0.413,-0.2484444,0.04286858,-1.016188,0.5084974,-0.5039207,0.4949296,0.4924824,
1,1,0.415,-0.2484444,0.04286858,-1.016188,0.5084974,-0.5039207,0.4949296,0.4924824,
1,1,0.417,-0.2484444,0.04286858,-1.016188,0.5084974,-0.5039207,0.4949296,0.4924824,
1,1,0.419,-0.2484471,0.04287793,-1.016184,0.5085021,-0.5038974,0.4949479,0.4924833,
1,1,0.421,-0.2484471,0.04287793,-1.016184,0.5085021,-0.5038974,0.4949479,0.4924833,
1,1,0.423,-0.2484471,0.04287793,-1.016184,0.5085021,-0.5038974,0.4949479,0.4924833,
1,1,0.425,-0.2484471,0.04287793,-1.016184,0.5085021,-0.5038974,0.4949479,0.4924833,
1,1,0.427,-0.2484486,0.04287396,-1.016183,0.508506,-0.503912,0.4949476,0.4924643,
1,1,0.429,-0.2484486,0.04287396,-1.016183,0.508506,-0.503912,0.4949476,0.4924643,
1,1,0.431,-0.2484486,0.04287396,-1.016183,0.508506,-0.503912,0.4949476,0.4924643,
1,1,0.433,-0.2484486,0.04287396,-1.016183,0.508506,-0.503912,0.4949476,0.4924643,
1,1,0.435,-0.248456,0.04286814,-1.016184,0.5085116,-0.5039249,0.4949471,0.4924461,
1,1,0.437,-0.248456,0.04286814,-1.016184,0.5085116,-0.5039249,0.4949471,0.4924461,
1,1,0.439,-0.248456,0.04286814,-1.016184,0.5085116,-0.5039249,0.4949471,0.4924461,
1,1,0.441,-0.248456,0.04286814,-1.016184,0.5085116,-0.5039249,0.4949471,0.4924461,
1,1,0.443,-0.2484622,0.04286674,-1.016183,0.508505,-0.5039228,0.4949532,0.4924489,
1,1,0.445,-0.2484622,0.04286674,-1.016183,0.508505,-0.5039228,0.4949532,0.4924489,
1,1,0.447,-0.2484622,0.04286674,-1.016183,0.508505,-0.5039228,0.4949532,0.4924489,
1,1,0.449,-0.2484622,0.04286674,-1.016183,0.508505,-0.5039228,0.4949532,0.4924489,
1,1,0.451,-0.2484639,0.04285932,-1.016184,0.508511,-0.5039329,0.4949395,0.4924461,
1,1,0.453,-0.2484639,0.04285932,-1.016184,0.508511,-0.5039329,0.4949395,0.4924461,
1,1,0.455,-0.2484639,0.04285932,-1.016184,0.508511,-0.5039329,0.4949395,0.4924461,
1,1,0.457,-0.2484639,0.04285932,-1.016184,0.508511,-0.5039329,0.4949395,0.4924461,
1,1,0.459,-0.2484499,0.04285438,-1.016186,0.5085002,-0.5039021,0.4949751,0.4924529,
1,1,0.461,-0.2484499,0.04285438,-1.016186,0.5085002,-0.5039021,0.4949751,0.4924529,
1,1,0.463,-0.2484499,0.04285438,-1.016186,0.5085002,-0.5039021,0.4949751,0.4924529,
1,1,0.465,-0.2484499,0.04285438,-1.016186,0.5085002,-0.5039021,0.4949751,0.4924529,
1,1,0.467,-0.248458,0.04285349,-1.016183,0.5084877,-0.503916,0.4949724,0.4924545,
1,1,0.469,-0.248458,0.04285349,-1.016183,0.5084877,-0.503916,0.4949724,0.4924545,
1,1,0.471,-0.248458,0.04285349,-1.016183,0.5084877,-0.503916,0.4949724,0.4924545,
1,1,0.473,-0.248458,0.04285349,-1.016183,0.5084877,-0.503916,0.4949724,0.4924545,
1,1,0.475,-0.2484515,0.04286934,-1.016187,0.5084844,-0.5039209,0.4949669,0.4924583,
1,1,0.477,-0.2484515,0.04286934,-1.016187,0.5084844,-0.5039209,0.4949669,0.4924583,
1,1,0.479,-0.2484515,0.04286934,-1.016187,0.5084844,-0.5039209,0.4949669,0.4924583,
1,1,0.481,-0.2484515,0.04286934,-1.016187,0.5084844,-0.5039209,0.4949669,0.4924583,
1,1,0.483,-0.2484515,0.04286934,-1.016187,0.5084844,-0.5039209,0.4949669,0.4924583,
1,1,0.485,-0.2484524,0.04286592,-1.016188,0.5084841,-0.5038986,0.4949759,0.4924725,
1,1,0.487,-0.2484524,0.04286592,-1.016188,0.5084841,-0.5038986,0.4949759,0.4924725,
1,1,0.489,-0.2484524,0.04286592,-1.016188,0.5084841,-0.5038986,0.4949759,0.4924725,
1,1,0.491,-0.2484524,0.04286592,-1.016188,0.5084841,-0.5038986,0.4949759,0.4924725,
1,1,0.493,-0.2484573,0.04286248,-1.016189,0.5084831,-0.5039161,0.4949706,0.4924608,
1,1,0.495,-0.2484573,0.04286248,-1.016189,0.5084831,-0.5039161,0.4949706,0.4924608,
1,1,0.497,-0.2484573,0.04286248,-1.016189,0.5084831,-0.5039161,0.4949706,0.4924608,
1,1,0.499,-0.2484573,0.04286248,-1.016189,0.5084831,-0.5039161,0.4949706,0.4924608,
1,1,0.501,-0.2484632,0.04286833,-1.016186,0.5084735,-0.5039265,0.4949738,0.4924569,
1,1,0.503,-0.2484632,0.04286833,-1.016186,0.5084735,-0.5039265,0.4949738,0.4924569,
1,1,0.505,-0.2484632,0.04286833,-1.016186,0.5084735,-0.5039265,0.4949738,0.4924569,
1,1,0.507,-0.2484632,0.04286833,-1.016186,0.5084735,-0.5039265,0.4949738,0.4924569,
1,1,0.509,-0.2484666,0.04287601,-1.016187,0.5084849,-0.5039167,0.4949756,0.4924533,
1,1,0.511,-0.2484666,0.04287601,-1.016187,0.5084849,-0.5039167,0.4949756,0.4924533,
1,1,0.513,-0.2484666,0.04287601,-1.016187,0.5084849,-0.5039167,0.4949756,0.4924533,
1,1,0.515,-0.2484666,0.04287601,-1.016187,0.5084849,-0.5039167,0.4949756,0.4924533,
1,1,0.517,-0.2484618,0.04287302,-1.01618,0.5084925,-0.5039081,0.4949797,0.4924502,
1,1,0.519,-0.2484618,0.04287302,-1.01618,0.5084925,-0.5039081,0.4949797,0.4924502,
1,1,0.521,-0.2484618,0.04287302,-1.01618,0.5084925,-0.5039081,0.4949797,0.4924502,
1,1,0.523,-0.2484618,0.04287302,-1.01618,0.5084925,-0.5039081,0.4949797,0.4924502,
1,1,0.525,-0.2484664,0.04286867,-1.016188,0.5084878,-0.5039051,0.4949799,0.492458,
1,1,0.527,-0.2484664,0.04286867,-1.016188,0.5084878,-0.5039051,0.4949799,0.492458,
1,1,0.529,-0.2484664,0.04286867,-1.016188,0.5084878,-0.5039051,0.4949799,0.492458,
1,1,0.531,-0.2484664,0.04286867,-1.016188,0.5084878,-0.5039051,0.4949799,0.492458,
1,1,0.533,-0.2484664,0.04286867,-1.016188,0.5084878,-0.5039051,0.4949799,0.492458,
1,1,0.535,-0.2484659,0.04286575,-1.016189,0.5084859,-0.5039102,0.4949793,0.4924553,
1,1,0.537,-0.2484659,0.04286575,-1.016189,0.5084859,-0.5039102,0.4949793,0.4924553,
1,1,0.539,-0.2484659,0.04286575,-1.016189,0.5084859,-0.5039102,0.4949793,0.4924553,
1,1,0.541,-0.2484659,0.04286575,-1.016189,0.5084859,-0.5039102,0.4949793,0.4924553,
1,1,0.543,-0.2484694,0.04285895,-1.016188,0.5084839,-0.5039199,0.4949802,0.4924465,
1,1,0.545,-0.2484694,0.04285895,-1.016188,0.5084839,-0.5039199,0.4949802,0.4924465,
1,1,0.547,-0.2484694,0.04285895,-1.016188,0.5084839,-0.5039199,0.4949802,0.4924465,
1,1,0.549,-0.2484694,0.04285895,-1.016188,0.5084839,-0.5039199,0.4949802,0.4924465,
1,1,0.551,-0.2484631,0.04285103,-1.016192,0.508488,-0.5039408,0.494968,0.4924331,
1,1,0.553,-0.2484631,0.04285103,-1.016192,0.508488,-0.5039408,0.494968,0.4924331,
1,1,0.555,-0.2484631,0.04285103,-1.016192,0.508488,-0.5039408,0.494968,0.4924331,
1,1,0.557,-0.2484631,0.04285103,-1.016192,0.508488,-0.5039408,0.494968,0.4924331,
1,1,0.559,-0.2484647,0.04284807,-1.016187,0.508489,-0.5039519,0.4949578,0.492431,
1,1,0.561,-0.2484647,0.04284807,-1.016187,0.508489,-0.5039519,0.4949578,0.492431,
1,1,0.563,-0.2484647,0.04284807,-1.016187,0.508489,-0.5039519,0.4949578,0.492431,
1,1,0.565,-0.2484647,0.04284807,-1.016187,0.508489,-0.5039519,0.4949578,0.492431,
1,1,0.567,-0.2484601,0.04285287,-1.016181,0.5085145,-0.5039521,0.4949279,0.4924346,
1,1,0.569,-0.2484601,0.04285287,-1.016181,0.5085145,-0.5039521,0.4949279,0.4924346,
1,1,0.571,-0.2484601,0.04285287,-1.016181,0.5085145,-0.5039521,0.4949279,0.4924346,
1,1,0.573,-0.2484601,0.04285287,-1.016181,0.5085145,-0.5039521,0.4949279,0.4924346,
1,1,0.575,-0.2484553,0.0428602,-1.01618,0.5084965,-0.5039772,0.4949171,0.4924382,
1,1,0.577,-0.2484553,0.0428602,-1.01618,0.5084965,-0.5039772,0.4949171,0.4924382,
1,1,0.579,-0.2484553,0.0428602,-1.01618,0.5084965,-0.5039772,0.4949171,0.4924382,
1,1,0.581,-0.2484553,0.0428602,-1.01618,0.5084965,-0.5039772,0.4949171,0.4924382,
1,1,0.583,-0.2484553,0.0428602,-1.01618,0.5084965,-0.5039772,0.4949171,0.4924382,
1,1,0.585,-0.2484504,0.04285039,-1.016187,0.508502,-0.5039815,0.4949031,0.4924424,
1,1,0.587,-0.2484504,0.04285039,-1.016187,0.508502,-0.5039815,0.4949031,0.4924424,
1,1,0.589,-0.2484504,0.04285039,-1.016187,0.508502,-0.5039815,0.4949031,0.4924424,
1,1,0.591,-0.2484504,0.04285039,-1.016187,0.508502,-0.5039815,0.4949031,0.4924424,
1,1,0.593,-0.2484473,0.04283935,-1.016187,0.5084891,-0.5039467,0.4949323,0.4924618,
1,1,0.595,-0.2484473,0.04283935,-1.016187,0.5084891,-0.5039467,0.4949323,0.4924618,
1,1,0.597,-0.2484473,0.04283935,-1.016187,0.5084891,-0.5039467,0.4949323,0.4924618,
1,1,0.599,-0.2484473,0.04283935,-1.016187,0.5084891,-0.5039467,0.4949323,0.4924618,
1,1,0.601,-0.2484414,0.04284436,-1.016188,0.5084912,-0.5039304,0.4949464,0.4924622,
1,1,0.603,-0.2484414,0.04284436,-1.016188,0.5084912,-0.5039304,0.4949464,0.4924622,
1,1,0.605,-0.2484414,0.04284436,-1.016188,0.5084912,-0.5039304,0.4949464,0.4924622,
1,1,0.607,-0.2484414,0.04284436,-1.016188,0.5084912,-0.5039304,0.4949464,0.4924622,
1,1,0.609,-0.2484491,0.04285526,-1.016187,0.508496,-0.5039138,0.4949511,0.4924694,
1,1,0.611,-0.2484491,0.04285526,-1.016187,0.508496,-0.5039138,0.4949511,0.4924694,
1,1,0.613,-0.2484491,0.04285526,-1.016187,0.508496,-0.5039138,0.4949511,0.4924694,
1,1,0.615,-0.2484491,0.04285526,-1.016187,0.508496,-0.5039138,0.4949511,0.4924694,
1,1,0.617,-0.2484565,0.04285977,-1.016186,0.5084925,-0.5039163,0.494951,0.4924707,
1,1,0.619,-0.2484565,0.04285977,-1.016186,0.5084925,-0.5039163,0.494951,0.4924707,
1,1,0.621,-0.2484565,0.04285977,-1.016186,0.5084925,-0.5039163,0.494951,0.4924707,
1,1,0.623,-0.2484565,0.04285977,-1.016186,0.5084925,-0.5039163,0.494951,0.4924707,
1,1,0.625,-0.2484551,0.04285495,-1.016187,0.5085008,-0.5039195,0.4949451,0.4924647,
1,1,0.627,-0.2484551,0.04285495,-1.016187,0.5085008,-0.5039195,0.4949451,0.4924647,
1,1,0.629,-0.2484551,0.04285495,-1.016187,0.5085008,-0.5039195,0.4949451,0.4924647,
1,1,0.631,-0.2484551,0.04285495,-1.016187,0.5085008,-0.5039195,0.4949451,0.4924647,
1,1,0.633,-0.248445,0.04285371,-1.016183,0.5085037,-0.5038925,0.4949724,0.4924619,
1,1,0.635,-0.248445,0.04285371,-1.016183,0.5085037,-0.5038925,0.4949724,0.4924619,
1,1,0.637,-0.248445,0.04285371,-1.016183,0.5085037,-0.5038925,0.4949724,0.4924619,
1,1,0.639,-0.248445,0.04285371,-1.016183,0.5085037,-0.5038925,0.4949724,0.4924619,
1,1,0.641,-0.2484485,0.04285608,-1.016182,0.5085021,-0.5039041,0.4949614,0.4924628,
1,1,0.643,-0.2484485,0.04285608,-1.016182,0.5085021,-0.5039041,0.4949614,0.4924628,
1,1,0.645,-0.2484485,0.04285608,-1.016182,0.5085021,-0.5039041,0.4949614,0.4924628,
1,1,0.647,-0.2484485,0.04285608,-1.016182,0.5085021,-0.5039041,0.4949614,0.4924628,
1,1,0.649,-0.2484485,0.04285608,-1.016182,0.5085021,-0.5039041,0.4949614,0.4924628,
1,1,0.651,-0.2484476,0.042857,-1.016191,0.5084879,-0.5039415,0.4949426,0.4924579,
1,1,0.653,-0.2484476,0.042857,-1.016191,0.5084879,-0.5039415,0.4949426,0.4924579,
1,1,0.655,-0.2484476,0.042857,-1.016191,0.5084879,-0.5039415,0.4949426,0.4924579,
1,1,0.657,-0.2484476,0.042857,-1.016191,0.5084879,-0.5039415,0.4949426,0.4924579,
1,1,0.659,-0.248452,0.04286579,-1.016194,0.5084788,-0.5039464,0.4949422,0.4924629,
1,1,0.661,-0.248452,0.04286579,-1.016194,0.5084788,-0.5039464,0.4949422,0.4924629,
1,1,0.663,-0.248452,0.04286579,-1.016194,0.5084788,-0.5039464,0.4949422,0.4924629,
1,1,0.665,-0.248452,0.04286579,-1.016194,0.5084788,-0.5039464,0.4949422,0.4924629,
1,1,0.667,-0.248451,0.04286737,-1.016187,0.5084749,-0.5039338,0.4949454,0.4924766,
1,1,0.669,-0.248451,0.04286737,-1.016187,0.5084749,-0.5039338,0.4949454,0.4924766,
1,1,0.671,-0.248451,0.04286737,-1.016187,0.5084749,-0.5039338,0.4949454,0.4924766,
1,1,0.673,-0.248451,0.04286737,-1.016187,0.5084749,-0.5039338,0.4949454,0.4924766,
1,1,0.675,-0.2484555,0.04285625,-1.016194,0.5084923,-0.5039411,0.4949265,0.4924701,
1,1,0.677,-0.2484555,0.04285625,-1.016194,0.5084923,-0.5039411,0.4949265,0.4924701,
1,1,0.679,-0.2484555,0.04285625,-1.016194,0.5084923,-0.5039411,0.4949265,0.4924701,
1,1,0.681,-0.2484555,0.04285625,-1.016194,0.5084923,-0.5039411,0.4949265,0.4924701,
1,1,0.683,-0.2484532,0.04285758,-1.016197,0.5085035,-0.5039377,0.4949256,0.4924631,
1,1,0.685,-0.2484532,0.04285758,-1.016197,0.5085035,-0.5039377,0.4949256,0.4924631,
1,1,0.687,-0.2484532,0.04285758,-1.016197,0.5085035,-0.5039377,0.4949256,0.4924631,
1,1,0.689,-0.2484532,0.04285758,-1.016197,0.5085035,-0.5039377,0.4949256,0.4924631,
1,1,0.691,-0.2484446,0.04285746,-1.016192,0.5085008,-0.5039435,0.4949172,0.4924682,
1,1,0.693,-0.2484446,0.04285746,-1.016192,0.5085008,-0.5039435,0.4949172,0.4924682,
1,1,0.695,-0.2484446,0.04285746,-1.016192,0.5085008,-0.5039435,0.4949172,0.4924682,
1,1,0.697,-0.2484446,0.04285746,-1.016192,0.5085008,-0.5039435,0.4949172,0.4924682,
1,1,0.699,-0.2484495,0.04286719,-1.016189,0.5084865,-0.5039676,0.4948992,0.4924765,
1,1,0.701,-0.2484495,0.04286719,-1.016189,0.5084865,-0.5039676,0.4948992,0.4924765,
1,1,0.703,-0.2484495,0.04286719,-1.016189,0.5084865,-0.5039676,0.4948992,0.4924765,
1,1,0.705,-0.2484495,0.04286719,-1.016189,0.5084865,-0.5039676,0.4948992,0.4924765,
1,1,0.707,-0.2484542,0.04286246,-1.016193,0.5084946,-0.5039648,0.4949019,0.4924682,
1,1,0.709,-0.2484542,0.04286246,-1.016193,0.5084946,-0.5039648,0.4949019,0.4924682,
1,1,0.711,-0.2484542,0.04286246,-1.016193,0.5084946,-0.5039648,0.4949019,0.4924682,
1,1,0.713,-0.2484542,0.04286246,-1.016193,0.5084946,-0.5039648,0.4949019,0.4924682,
1,1,0.715,-0.2484492,0.0428583,-1.016194,0.5085165,-0.5039677,0.4948827,0.492462,
1,1,0.717,-0.2484492,0.0428583,-1.016194,0.5085165,-0.5039677,0.4948827,0.492462,
1,1,0.719,-0.2484492,0.0428583,-1.016194,0.5085165,-0.5039677,0.4948827,0.492462,
1,1,0.721,-0.2484492,0.0428583,-1.016194,0.5085165,-0.5039677,0.4948827,0.492462,
1,1,0.723,-0.2484486,0.04286521,-1.016193,0.508504,-0.5039719,0.4948914,0.4924618,
1,1,0.725,-0.2484486,0.04286521,-1.016193,0.508504,-0.5039719,0.4948914,0.4924618,
1,1,0.727,-0.2484486,0.04286521,-1.016193,0.508504,-0.5039719,0.4948914,0.4924618,
1,1,0.729,-0.2484486,0.04286521,-1.016193,0.508504,-0.5039719,0.4948914,0.4924618,
1,1,0.731,-0.2484486,0.04286521,-1.016193,0.508504,-0.5039719,0.4948914,0.4924618,
1,1,0.733,-0.2484441,0.04285358,-1.016189,0.5085041,-0.5039631,0.4949109,0.4924511,
1,1,0.735,-0.2484441,0.04285358,-1.016189,0.5085041,-0.5039631,0.4949109,0.4924511,
1,1,0.737,-0.2484441,0.04285358,-1.016189,0.5085041,-0.5039631,0.4949109,0.4924511,
1,1,0.739,-0.2484441,0.04285358,-1.016189,0.5085041,-0.5039631,0.4949109,0.4924511,
1,1,0.741,-0.2484469,0.04286066,-1.016195,0.508512,-0.503953,0.4949167,0.4924473,
1,1,0.743,-0.2484469,0.04286066,-1.016195,0.508512,-0.503953,0.4949167,0.4924473,
1,1,0.745,-0.2484469,0.04286066,-1.016195,0.508512,-0.503953,0.4949167,0.4924473,
1,1,0.747,-0.2484469,0.04286066,-1.016195,0.508512,-0.503953,0.4949167,0.4924473,
1,1,0.749,-0.2484547,0.04286468,-1.016207,0.5085081,-0.5039365,0.4949308,0.4924542,
1,1,0.751,-0.2484547,0.04286468,-1.016207,0.5085081,-0.5039365,0.4949308,0.4924542,
1,1,0.753,-0.2484547,0.04286468,-1.016207,0.5085081,-0.5039365,0.4949308,0.4924542,
1,1,0.755,-0.2484547,0.04286468,-1.016207,0.5085081,-0.5039365,0.4949308,0.4924542,
1,1,0.757,-0.248459,0.04286982,-1.016205,0.5084839,-0.5039525,0.4949253,0.4924682,
1,1,0.759,-0.248459,0.04286982,-1.016205,0.5084839,-0.5039525,0.4949253,0.4924682,
1,1,0.761,-0.248459,0.04286982,-1.016205,0.5084839,-0.5039525,0.4949253,0.4924682,
1,1,0.763,-0.248459,0.04286982,-1.016205,0.5084839,-0.5039525,0.4949253,0.4924682,
1,1,0.765,-0.2484554,0.04286033,-1.016199,0.5084916,-0.5039617,0.494914,0.4924621,
1,1,0.767,-0.2484554,0.04286033,-1.016199,0.5084916,-0.5039617,0.494914,0.4924621,
1,1,0.769,-0.2484554,0.04286033,-1.016199,0.5084916,-0.5039617,0.494914,0.4924621,
1,1,0.771,-0.2484554,0.04286033,-1.016199,0.5084916,-0.5039617,0.494914,0.4924621,
1,1,0.773,-0.2484633,0.04286109,-1.016192,0.5085002,-0.5039269,0.4949459,0.4924569,
1,1,0.775,-0.2484633,0.04286109,-1.016192,0.5085002,-0.5039269,0.4949459,0.4924569,
1,1,0.777,-0.2484633,0.04286109,-1.016192,0.5085002,-0.5039269,0.4949459,0.4924569,
1,1,0.779,-0.2484633,0.04286109,-1.016192,0.5085002,-0.5039269,0.4949459,0.4924569,
1,1,0.781,-0.2484633,0.04286109,-1.016192,0.5085002,-0.5039269,0.4949459,0.4924569,
1,1,0.783,-0.2484545,0.04286068,-1.016197,0.5085009,-0.5039343,0.4949346,0.49246,
1,1,0.785,-0.2484545,0.04286068,-1.016197,0.5085009,-0.5039343,0.4949346,0.49246,
1,1,0.787,-0.2484545,0.04286068,-1.016197,0.5085009,-0.5039343,0.4949346,0.49246,
1,1,0.789,-0.2484545,0.04286068,-1.016197,0.5085009,-0.5039343,0.4949346,0.49246,
1,1,0.791,-0.2484636,0.0428651,-1.016204,0.5084882,-0.5039487,0.494932,0.492461,
1,1,0.793,-0.2484636,0.0428651,-1.016204,0.5084882,-0.5039487,0.494932,0.492461,
1,1,0.795,-0.2484636,0.0428651,-1.016204,0.5084882,-0.5039487,0.494932,0.492461,
1,1,0.797,-0.2484708,0.04285841,-1.016199,0.5084919,-0.5039573,0.4949323,0.492448,
1,1,0.799,-0.2484708,0.04285841,-1.016199,0.5084919,-0.5039573,0.4949323,0.492448,
1,1,0.801,-0.2484708,0.04285841,-1.016199,0.5084919,-0.5039573,0.4949323,0.492448,
1,1,0.803,-0.2484708,0.04285841,-1.016199,0.5084919,-0.5039573,0.4949323,0.492448,
1,1,0.805,-0.2484708,0.04285841,-1.016199,0.5084919,-0.5039573,0.4949323,0.492448,
1,1,0.807,-0.248476,0.04285708,-1.016199,0.5085104,-0.5039458,0.4949337,0.4924392,
1,1,0.809,-0.248476,0.04285708,-1.016199,0.5085104,-0.5039458,0.4949337,0.4924392,
1,1,0.811,-0.248476,0.04285708,-1.016199,0.5085104,-0.5039458,0.4949337,0.4924392,
1,1,0.813,-0.248476,0.04285708,-1.016199,0.5085104,-0.5039458,0.4949337,0.4924392,
1,1,0.815,-0.2484684,0.04286451,-1.016198,0.5085029,-0.5039243,0.4949493,0.4924534,
1,1,0.817,-0.2484684,0.04286451,-1.016198,0.5085029,-0.5039243,0.4949493,0.4924534,
1,1,0.819,-0.2484684,0.04286451,-1.016198,0.5085029,-0.5039243,0.4949493,0.4924534,
1,1,0.821,-0.2484684,0.04286451,-1.016198,0.5085029,-0.5039243,0.4949493,0.4924534,
1,1,0.823,-0.2484622,0.04286581,-1.016198,0.5084913,-0.5039107,0.4949549,0.4924737,
1,1,0.825,-0.2484622,0.04286581,-1.016198,0.5084913,-0.5039107,0.4949549,0.4924737,
1,1,0.827,-0.2484622,0.04286581,-1.016198,0.5084913,-0.5039107,0.4949549,0.4924737,
1,1,0.829,-0.2484622,0.04286581,-1.016198,0.5084913,-0.5039107,0.4949549,0.4924737,
1,1,0.831,-0.2484551,0.04286586,-1.016198,0.5084849,-0.5039381,0.494925,0.4924822,
1,1,0.833,-0.2484551,0.04286586,-1.016198,0.5084849,-0.5039381,0.494925,0.4924822,
1,1,0.835,-0.2484551,0.04286586,-1.016198,0.5084849,-0.5039381,0.494925,0.4924822,
1,1,0.837,-0.2484551,0.04286586,-1.016198,0.5084849,-0.5039381,0.494925,0.4924822,
1,1,0.839,-0.2484535,0.04286097,-1.016197,0.5084976,-0.5039525,0.4949118,0.4924677,
1,1,0.841,-0.2484535,0.04286097,-1.016197,0.5084976,-0.5039525,0.4949118,0.4924677,
1,1,0.843,-0.2484535,0.04286097,-1.016197,0.5084976,-0.5039525,0.4949118,0.4924677,
1,1,0.845,-0.2484535,0.04286097,-1.016197,0.5084976,-0.5039525,0.4949118,0.4924677,
1,1,0.847,-0.2484554,0.04286537,-1.016196,0.5085086,-0.5039662,0.4949117,0.4924424,
1,1,0.849,-0.2484554,0.04286537,-1.016196,0.5085086,-0.5039662,0.4949117,0.4924424,
1,1,0.851,-0.2484554,0.04286537,-1.016196,0.5085086,-0.5039662,0.4949117,0.4924424,
1,1,0.853,-0.2484554,0.04286537,-1.016196,0.5085086,-0.5039662,0.4949117,0.4924424,
1,1,0.855,-0.2484607,0.04287272,-1.016201,0.5085058,-0.5039725,0.494903,0.4924476,
1,1,0.857,-0.2484607,0.04287272,-1.016201,0.5085058,-0.5039725,0.494903,0.4924476,
1,1,0.859,-0.2484607,0.04287272,-1.016201,0.5085058,-0.5039725,0.494903,0.4924476,
1,1,0.861,-0.2484607,0.04287272,-1.016201,0.5085058,-0.5039725,0.494903,0.4924476,
1,1,0.863,-0.2484523,0.04286394,-1.016201,0.5084891,-0.503948,0.494926,0.4924669,
1,1,0.865,-0.2484523,0.04286394,-1.016201,0.5084891,-0.503948,0.494926,0.4924669,
1,1,0.867,-0.2484523,0.04286394,-1.016201,0.5084891,-0.503948,0.494926,0.4924669,
1,1,0.869,-0.2484523,0.04286394,-1.016201,0.5084891,-0.503948,0.494926,0.4924669,
1,1,0.871,-0.2484523,0.04286394,-1.016201,0.5084891,-0.503948,0.494926,0.4924669,
1,1,0.873,-0.248456,0.04286451,-1.016199,0.5084957,-0.5039641,0.4949136,0.492456,
1,1,0.875,-0.248456,0.04286451,-1.016199,0.5084957,-0.5039641,0.4949136,0.492456,
1,1,0.877,-0.248456,0.04286451,-1.016199,0.5084957,-0.5039641,0.4949136,0.492456,
1,1,0.879,-0.248456,0.04286451,-1.016199,0.5084957,-0.5039641,0.4949136,0.492456,
1,1,0.881,-0.2484658,0.04286374,-1.016197,0.5084929,-0.5039786,0.494906,0.4924516,
1,1,0.883,-0.2484658,0.04286374,-1.016197,0.5084929,-0.5039786,0.494906,0.4924516,
1,1,0.885,-0.2484658,0.04286374,-1.016197,0.5084929,-0.5039786,0.494906,0.4924516,
1,1,0.887,-0.2484658,0.04286374,-1.016197,0.5084929,-0.5039786,0.494906,0.4924516,
1,1,0.889,-0.2484584,0.04286291,-1.016202,0.5084971,-0.5039685,0.4949144,0.4924493,
1,1,0.891,-0.2484584,0.04286291,-1.016202,0.5084971,-0.5039685,0.4949144,0.4924493,
1,1,0.893,-0.2484584,0.04286291,-1.016202,0.5084971,-0.5039685,0.4949144,0.4924493,
1,1,0.895,-0.2484584,0.04286291,-1.016202,0.5084971,-0.5039685,0.4949144,0.4924493,
1,1,0.897,-0.248456,0.04285303,-1.016211,0.5085173,-0.503968,0.4949071,0.4924362,
1,1,0.899,-0.248456,0.04285303,-1.016211,0.5085173,-0.503968,0.4949071,0.4924362,
1,1,0.901,-0.248456,0.04285303,-1.016211,0.5085173,-0.503968,0.4949071,0.4924362,
1,1,0.903,-0.248456,0.04285303,-1.016211,0.5085173,-0.503968,0.4949071,0.4924362,
1,1,0.905,-0.2484511,0.04285904,-1.016209,0.5085071,-0.5039489,0.4949383,0.4924347,
1,1,0.907,-0.2484511,0.04285904,-1.016209,0.5085071,-0.5039489,0.4949383,0.4924347,
1,1,0.909,-0.2484511,0.04285904,-1.016209,0.5085071,-0.5039489,0.4949383,0.4924347,
1,1,0.911,-0.2484511,0.04285904,-1.016209,0.5085071,-0.5039489,0.4949383,0.4924347,
1,1,0.913,-0.2484471,0.0428628,-1.016197,0.5085067,-0.5039557,0.4949218,0.4924451,
1,1,0.915,-0.2484471,0.0428628,-1.016197,0.5085067,-0.5039557,0.4949218,0.4924451,
1,1,0.917,-0.2484471,0.0428628,-1.016197,0.5085067,-0.5039557,0.4949218,0.4924451,
1,1,0.919,-0.2484471,0.0428628,-1.016197,0.5085067,-0.5039557,0.4949218,0.4924451,
1,1,0.921,-0.2484561,0.04286514,-1.016205,0.5085254,-0.5039686,0.4948963,0.4924381,
1,1,0.923,-0.2484561,0.04286514,-1.016205,0.5085254,-0.5039686,0.4948963,0.4924381,
1,1,0.925,-0.2484561,0.04286514,-1.016205,0.5085254,-0.5039686,0.4948963,0.4924381,
1,1,0.927,-0.2484561,0.04286514,-1.016205,0.5085254,-0.5039686,0.4948963,0.4924381,
1,1,0.929,-0.2484561,0.04286514,-1.016205,0.5085254,-0.5039686,0.4948963,0.4924381,
1,1,0.931,-0.2484548,0.0428607,-1.016197,0.5085298,-0.5039486,0.494907,0.4924433,
1,1,0.933,-0.2484548,0.0428607,-1.016197,0.5085298,-0.5039486,0.494907,0.4924433,
1,1,0.935,-0.2484548,0.0428607,-1.016197,0.5085298,-0.5039486,0.494907,0.4924433,
1,1,0.937,-0.2484548,0.0428607,-1.016197,0.5085298,-0.5039486,0.494907,0.4924433,
1,1,0.939,-0.2484496,0.04285998,-1.016197,0.5085176,-0.5039437,0.4949107,0.4924572,
1,1,0.941,-0.2484496,0.04285998,-1.016197,0.5085176,-0.5039437,0.4949107,0.4924572,
1,1,0.943,-0.2484496,0.04285998,-1.016197,0.5085176,-0.5039437,0.4949107,0.4924572,
1,1,0.945,-0.2484496,0.04285998,-1.016197,0.5085176,-0.5039437,0.4949107,0.4924572,
1,1,0.947,-0.2484475,0.04286508,-1.016198,0.5085177,-0.5039548,0.494907,0.4924493,
1,1,0.949,-0.2484475,0.04286508,-1.016198,0.5085177,-0.5039548,0.494907,0.4924493,
1,1,0.951,-0.2484475,0.04286508,-1.016198,0.5085177,-0.5039548,0.494907,0.4924493,
1,1,0.953,-0.2484475,0.04286508,-1.016198,0.5085177,-0.5039548,0.494907,0.4924493,
1,1,0.955,-0.2484576,0.04286287,-1.016195,0.5085031,-0.5039397,0.4949211,0.4924656,
1,1,0.957,-0.2484576,0.04286287,-1.016195,0.5085031,-0.5039397,0.4949211,0.4924656,
1,1,0.959,-0.2484576,0.04286287,-1.016195,0.5085031,-0.5039397,0.4949211,0.4924656,
1,1,0.961,-0.2484576,0.04286287,-1.016195,0.5085031,-0.5039397,0.4949211,0.4924656,
1,1,0.963,-0.2484655,0.04285602,-1.016198,0.5085082,-0.5039562,0.4949087,0.4924562,
1,1,0.965,-0.2484655,0.04285602,-1.016198,0.5085082,-0.5039562,0.4949087,0.4924562,
1,1,0.967,-0.2484655,0.04285602,-1.016198,0.5085082,-0.5039562,0.4949087,0.4924562,
1,1,0.969,-0.2484655,0.04285602,-1.016198,0.5085082,-0.5039562,0.4949087,0.4924562,
1,1,0.971,-0.2484608,0.04284995,-1.016202,0.5085319,-0.5039502,0.4949001,0.4924464,
1,1,0.973,-0.2484608,0.04284995,-1.016202,0.5085319,-0.5039502,0.4949001,0.4924464,
1,1,0.975,-0.2484608,0.04284995,-1.016202,0.5085319,-0.5039502,0.4949001,0.4924464,
1,1,0.977,-0.2484608,0.04284995,-1.016202,0.5085319,-0.5039502,0.4949001,0.4924464,
1,1,0.979,-0.2484608,0.04284995,-1.016202,0.5085319,-0.5039502,0.4949001,0.4924464,
1,1,0.981,-0.2484537,0.04287269,-1.016192,0.508486,-0.5039438,0.4949339,0.4924664,
1,1,0.983,-0.2484537,0.04287269,-1.016192,0.508486,-0.5039438,0.4949339,0.4924664,
1,1,0.985,-0.2484537,0.04287269,-1.016192,0.508486,-0.5039438,0.4949339,0.4924664,
1,1,0.987,-0.2484537,0.04287269,-1.016192,0.508486,-0.5039438,0.4949339,0.4924664,
1,1,0.989,-0.2484541,0.04286959,-1.016203,0.5084999,-0.5039284,0.4949391,0.4924626,
1,1,0.991,-0.2484541,0.04286959,-1.016203,0.5084999,-0.5039284,0.4949391,0.4924626,
1,1,0.993,-0.2484541,0.04286959,-1.016203,0.5084999,-0.5039284,0.4949391,0.4924626,
1,1,0.995,-0.2484541,0.04286959,-1.016203,0.5084999,-0.5039284,0.4949391,0.4924626,
1,1,0.997,-0.2484575,0.04286363,-1.016209,0.5085111,-0.5039541,0.4949117,0.4924524,
1,1,0.999,-0.2484575,0.04286363,-1.016209,0.5085111,-0.5039541,0.4949117,0.4924524,
1,1,1.001,-0.2484575,0.04286363,-1.016209,0.5085111,-0.5039541,0.4949117,0.4924524,
1,1,1.003,-0.2484575,0.04286363,-1.016209,0.5085111,-0.5039541,0.4949117,0.4924524,
1,1,1.005,-0.2484656,0.04286348,-1.016204,0.5085009,-0.5039597,0.4949128,0.4924559,
1,1,1.007,-0.2484656,0.04286348,-1.016204,0.5085009,-0.5039597,0.4949128,0.4924559,
1,1,1.009,-0.2484656,0.04286348,-1.016204,0.5085009,-0.5039597,0.4949128,0.4924559,
1,1,1.011,-0.2484656,0.04286348,-1.016204,0.5085009,-0.5039597,0.4949128,0.4924559,
1,1,1.013,-0.2484617,0.0428713,-1.016201,0.5084748,-0.5039425,0.4949428,0.4924703,
1,1,1.015,-0.2484617,0.0428713,-1.016201,0.5084748,-0.5039425,0.4949428,0.4924703,
1,1,1.017,-0.2484617,0.0428713,-1.016201,0.5084748,-0.5039425,0.4949428,0.4924703,
1,1,1.019,-0.2484617,0.0428713,-1.016201,0.5084748,-0.5039425,0.4949428,0.4924703,
1,1,1.021,-0.2484551,0.04287044,-1.016201,0.5085012,-0.5039437,0.4949264,0.4924583,
1,1,1.023,-0.2484551,0.04287044,-1.016201,0.5085012,-0.5039437,0.4949264,0.4924583,
1,1,1.025,-0.2484551,0.04287044,-1.016201,0.5085012,-0.5039437,0.4949264,0.4924583,
1,1,1.027,-0.2484551,0.04287044,-1.016201,0.5085012,-0.5039437,0.4949264,0.4924583,
1,1,1.029,-0.2484551,0.04287044,-1.016201,0.5085012,-0.5039437,0.4949264,0.4924583,
1,1,1.031,-0.2484536,0.04286011,-1.016201,0.5085176,-0.5039292,0.4949322,0.4924504,
1,1,1.033,-0.2484536,0.04286011,-1.016201,0.5085176,-0.5039292,0.4949322,0.4924504,
1,1,1.035,-0.2484536,0.04286011,-1.016201,0.5085176,-0.5039292,0.4949322,0.4924504,
1,1,1.037,-0.2484536,0.04286011,-1.016201,0.5085176,-0.5039292,0.4949322,0.4924504,
1,1,1.039,-0.2484555,0.04285553,-1.016206,0.5085146,-0.503938,0.4949235,0.4924532,
1,1,1.041,-0.2484555,0.04285553,-1.016206,0.5085146,-0.503938,0.4949235,0.4924532,
1,1,1.043,-0.2484555,0.04285553,-1.016206,0.5085146,-0.503938,0.4949235,0.4924532,
1,1,1.045,-0.2484555,0.04285553,-1.016206,0.5085146,-0.503938,0.4949235,0.4924532,
1,1,1.047,-0.2484674,0.04286379,-1.016198,0.5085035,-0.503938,0.4949194,0.4924687,
1,1,1.049,-0.2484674,0.04286379,-1.016198,0.5085035,-0.503938,0.4949194,0.4924687,
1,1,1.051,-0.2484674,0.04286379,-1.016198,0.5085035,-0.503938,0.4949194,0.4924687,
1,1,1.053,-0.2484674,0.04286379,-1.016198,0.5085035,-0.503938,0.4949194,0.4924687,
1,1,1.055,-0.2484644,0.04286568,-1.016195,0.5085012,-0.5039441,0.4949205,0.4924638,
1,1,1.057,-0.2484644,0.04286568,-1.016195,0.5085012,-0.5039441,0.4949205,0.4924638,
1,1,1.059,-0.2484644,0.04286568,-1.016195,0.5085012,-0.5039441,0.4949205,0.4924638,
1,1,1.061,-0.2484644,0.04286568,-1.016195,0.5085012,-0.5039441,0.4949205,0.4924638,
1,1,1.063,-0.2484542,0.0428685,-1.01619,0.5084983,-0.5039505,0.4949206,0.4924601,
1,1,1.065,-0.2484542,0.0428685,-1.01619,0.5084983,-0.5039505,0.4949206,0.4924601,
1,1,1.067,-0.2484542,0.0428685,-1.01619,0.5084983,-0.5039505,0.4949206,0.4924601,
1,1,1.069,-0.2484542,0.0428685,-1.01619,0.5084983,-0.5039505,0.4949206,0.4924601,
1,1,1.071,-0.248446,0.04286643,-1.016196,0.5085084,-0.5039557,0.4949206,0.4924445,
1,1,1.073,-0.248446,0.04286643,-1.016196,0.5085084,-0.5039557,0.4949206,0.4924445,
1,1,1.075,-0.248446,0.04286643,-1.016196,0.5085084,-0.5039557,0.4949206,0.4924445,
1,1,1.077,-0.248446,0.04286643,-1.016196,0.5085084,-0.5039557,0.4949206,0.4924445,
1,1,1.079,-0.2484474,0.04286123,-1.016195,0.5085128,-0.5039469,0.4949288,0.4924406,
1,1,1.081,-0.2484474,0.04286123,-1.016195,0.5085128,-0.5039469,0.4949288,0.4924406,
1,1,1.083,-0.2484474,0.04286123,-1.016195,0.5085128,-0.5039469,0.4949288,0.4924406,
1,1,1.085,-0.2484474,0.04286123,-1.016195,0.5085128,-0.5039469,0.4949288,0.4924406,
1,1,1.087,-0.2484631,0.04284421,-1.016207,0.5085022,-0.5039521,0.4948916,0.4924836,
1,1,1.089,-0.2484631,0.04284421,-1.016207,0.5085022,-0.5039521,0.4948916,0.4924836,
1,1,1.091,-0.2484631,0.04284421,-1.016207,0.5085022,-0.5039521,0.4948916,0.4924836,
1,1,1.093,-0.2484631,0.04284421,-1.016207,0.5085022,-0.5039521,0.4948916,0.4924836,
1,1,1.095,-0.2484666,0.04285192,-1.016202,0.5084765,-0.5039579,0.4949033,0.4924926,
1,1,1.097,-0.2484666,0.04285192,-1.016202,0.5084765,-0.5039579,0.4949033,0.4924926,
1,1,1.099,-0.2484666,0.04285192,-1.016202,0.5084765,-0.5039579,0.4949033,0.4924926,
1,1,1.101,-0.2484666,0.04285192,-1.016202,0.5084765,-0.5039579,0.4949033,0.4924926,
1,1,1.103,-0.2484641,0.04285936,-1.016191,0.5084717,-0.5039425,0.4949265,0.49249,
1,1,1.105,-0.2484641,0.04285936,-1.016191,0.5084717,-0.5039425,0.4949265,0.49249,
1,1,1.107,-0.2484641,0.04285936,-1.016191,0.5084717,-0.5039425,0.4949265,0.49249,
1,1,1.109,-0.2484641,0.04285936,-1.016191,0.5084717,-0.5039425,0.4949265,0.49249,
1,1,1.111,-0.2484641,0.04285936,-1.016191,0.5084717,-0.5039425,0.4949265,0.49249,
1,1,1.113,-0.2484506,0.04285624,-1.016201,0.5084978,-0.5039198,0.4949425,0.49247,
1,1,1.115,-0.2484506,0.04285624,-1.016201,0.5084978,-0.5039198,0.4949425,0.49247,
1,1,1.117,-0.2484506,0.04285624,-1.016201,0.5084978,-0.5039198,0.4949425,0.49247,
1,1,1.119,-0.2484506,0.04285624,-1.016201,0.5084978,-0.5039198,0.4949425,0.49247,
1,1,1.121,-0.248459,0.04286965,-1.016202,0.5084949,-0.5038983,0.494944,0.4924936,
1,1,1.123,-0.248459,0.04286965,-1.016202,0.5084949,-0.5038983,0.494944,0.4924936,
1,1,1.125,-0.248459,0.04286965,-1.016202,0.5084949,-0.5038983,0.494944,0.4924936,
1,1,1.127,-0.248459,0.04286965,-1.016202,0.5084949,-0.5038983,0.494944,0.4924936,
1,1,1.129,-0.2484483,0.04286881,-1.016191,0.5085057,-0.5039027,0.4949294,0.4924925,
1,1,1.131,-0.2484483,0.04286881,-1.016191,0.5085057,-0.5039027,0.4949294,0.4924925,
1,1,1.133,-0.2484483,0.04286881,-1.016191,0.5085057,-0.5039027,0.4949294,0.4924925,
1,1,1.135,-0.2484483,0.04286881,-1.016191,0.5085057,-0.5039027,0.4949294,0.4924925,
1,1,1.137,-0.2484574,0.04286509,-1.016186,0.5085001,-0.5039046,0.4949531,0.4924726,
1,1,1.139,-0.2484574,0.04286509,-1.016186,0.5085001,-0.5039046,0.4949531,0.4924726,
1,1,1.141,-0.2484574,0.04286509,-1.016186,0.5085001,-0.5039046,0.4949531,0.4924726,
1,1,1.143,-0.2484574,0.04286509,-1.016186,0.5085001,-0.5039046,0.4949531,0.4924726,
1,1,1.145,-0.2484522,0.04286893,-1.016185,0.5084863,-0.5038942,0.4949727,0.492478,
1,1,1.147,-0.2484522,0.04286893,-1.016185,0.5084863,-0.5038942,0.4949727,0.492478,
1,1,1.149,-0.2484522,0.04286893,-1.016185,0.5084863,-0.5038942,0.4949727,0.492478,
1,1,1.151,-0.2484522,0.04286893,-1.016185,0.5084863,-0.5038942,0.4949727,0.492478,
1,1,1.153,-0.2484522,0.04287449,-1.016186,0.508478,-0.5039039,0.4949646,0.4924846,
1,1,1.155,-0.2484522,0.04287449,-1.016186,0.508478,-0.5039039,0.4949646,0.4924846,
1,1,1.157,-0.2484522,0.04287449,-1.016186,0.508478,-0.5039039,0.4949646,0.4924846,
1,1,1.159,-0.2484522,0.04287449,-1.016186,0.508478,-0.5039039,0.4949646,0.4924846,
1,1,1.161,-0.2484522,0.04287449,-1.016186,0.508478,-0.5039039,0.4949646,0.4924846,
1,1,1.163,-0.2484448,0.04287468,-1.016184,0.5084903,-0.5039124,0.4949468,0.4924811,
1,1,1.165,-0.2484448,0.04287468,-1.016184,0.5084903,-0.5039124,0.4949468,0.4924811,
1,1,1.167,-0.2484448,0.04287468,-1.016184,0.5084903,-0.5039124,0.4949468,0.4924811,
1,1,1.169,-0.2484448,0.04287468,-1.016184,0.5084903,-0.5039124,0.4949468,0.4924811,
1,1,1.171,-0.2484554,0.04287132,-1.016185,0.5084856,-0.5039294,0.494931,0.4924845,
1,1,1.173,-0.2484554,0.04287132,-1.016185,0.5084856,-0.5039294,0.494931,0.4924845,
1,1,1.175,-0.2484554,0.04287132,-1.016185,0.5084856,-0.5039294,0.494931,0.4924845,
1,1,1.177,-0.2484554,0.04287132,-1.016185,0.5084856,-0.5039294,0.494931,0.4924845,
1,1,1.179,-0.2484469,0.04286648,-1.016187,0.508477,-0.5039319,0.4949328,0.4924891,
1,1,1.181,-0.2484469,0.04286648,-1.016187,0.508477,-0.5039319,0.4949328,0.4924891,CourtEnter
1,1,1.183,-0.2484469,0.04286648,-1.016187,0.508477,-0.5039319,0.4949328,0.4924891,
1,1,1.185,-0.2484469,0.04286648,-1.016187,0.508477,-0.5039319,0.4949328,0.4924891,
1,1,1.187,-0.248447,0.04286629,-1.016184,0.5084869,-0.503944,0.4949293,0.4924698,
1,1,1.189,-0.248447,0.04286629,-1.016184,0.5084869,-0.503944,0.4949293,0.4924698,CourtExit
1,1,1.191,-0.248447,0.04286629,-1.016184,0.5084869,-0.503944,0.4949293,0.4924698,
1,1,1.193,-0.248447,0.04286629,-1.016184,0.5084869,-0.503944,0.4949293,0.4924698,
1,1,1.195,-0.2484562,0.04286384,-1.016179,0.5084844,-0.5039248,0.4949459,0.4924754,
1,1,1.197,-0.2484562,0.04286384,-1.016179,0.5084844,-0.5039248,0.4949459,0.4924754,
1,1,1.199,-0.2484562,0.04286384,-1.016179,0.5084844,-0.5039248,0.4949459,0.4924754,
1,1,1.201,-0.2484562,0.04286384,-1.016179,0.5084844,-0.5039248,0.4949459,0.4924754,
1,1,1.203,-0.2484514,0.04285399,-1.016181,0.5084894,-0.5039399,0.4949305,0.4924702,
1,1,1.205,-0.2484514,0.04285399,-1.016181,0.5084894,-0.5039399,0.4949305,0.4924702,
1,1,1.207,-0.2484514,0.04285399,-1.016181,0.5084894,-0.5039399,0.4949305,0.4924702,
1,1,1.209,-0.2484514,0.04285399,-1.016181,0.5084894,-0.5039399,0.4949305,0.4924702,
1,1,1.211,-0.2484514,0.04285399,-1.016181,0.5084894,-0.5039399,0.4949305,0.4924702,
1,1,1.213,-0.2484506,0.04286233,-1.016186,0.508491,-0.5039414,0.4949298,0.4924678,
1,1,1.215,-0.2484506,0.04286233,-1.016186,0.508491,-0.5039414,0.4949298,0.4924678,
1,1,1.217,-0.2484506,0.04286233,-1.016186,0.508491,-0.5039414,0.4949298,0.4924678,
1,1,1.219,-0.2484506,0.04286233,-1.016186,0.508491,-0.5039414,0.4949298,0.4924678,
1,1,1.221,-0.2484494,0.04286607,-1.016184,0.5084848,-0.5039495,0.4949199,0.492476,
1,1,1.223,-0.2484494,0.04286607,-1.016184,0.5084848,-0.5039495,0.4949199,0.492476,
1,1,1.225,-0.2484494,0.04286607,-1.016184,0.5084848,-0.5039495,0.4949199,0.492476,
1,1,1.227,-0.2484494,0.04286607,-1.016184,0.5084848,-0.5039495,0.4949199,0.492476,
1,1,1.229,-0.2484454,0.04286686,-1.016174,0.508476,-0.5039316,0.4949351,0.492488,
1,1,1.231,-0.2484454,0.04286686,-1.016174,0.508476,-0.5039316,0.4949351,0.492488,
1,1,1.233,-0.2484454,0.04286686,-1.016174,0.508476,-0.5039316,0.4949351,0.492488,
1,1,1.235,-0.2484454,0.04286686,-1.016174,0.508476,-0.5039316,0.4949351,0.492488,
1,1,1.237,-0.2484539,0.04286277,-1.016184,0.5084783,-0.5039333,0.4949414,0.4924775,
1,1,1.239,-0.2484539,0.04286277,-1.016184,0.5084783,-0.5039333,0.4949414,0.4924775,
1,1,1.241,-0.2484539,0.04286277,-1.016184,0.5084783,-0.5039333,0.4949414,0.4924775,
1,1,1.243,-0.2484539,0.04286277,-1.016184,0.5084783,-0.5039333,0.4949414,0.4924775,
1,1,1.245,-0.2484439,0.0428637,-1.016182,0.5084911,-0.5039229,0.4949185,0.4924979,
1,1,1.247,-0.2484439,0.0428637,-1.016182,0.5084911,-0.5039229,0.4949185,0.4924979,
1,1,1.249,-0.2484439,0.0428637,-1.016182,0.5084911,-0.5039229,0.4949185,0.4924979,
1,1,1.251,-0.2484439,0.0428637,-1.016182,0.5084911,-0.5039229,0.4949185,0.4924979,
1,1,1.253,-0.2484477,0.04285997,-1.016187,0.508492,-0.5039064,0.4949262,0.4925061,
1,1,1.255,-0.2484477,0.04285997,-1.016187,0.508492,-0.5039064,0.4949262,0.4925061,
1,1,1.257,-0.2484477,0.04285997,-1.016187,0.508492,-0.5039064,0.4949262,0.4925061,
1,1,1.259,-0.2484477,0.04285997,-1.016187,0.508492,-0.5039064,0.4949262,0.4925061,
1,1,1.261,-0.2484535,0.04286101,-1.016189,0.5084679,-0.5039003,0.494953,0.4925104,
1,1,1.263,-0.2484535,0.04286101,-1.016189,0.5084679,-0.5039003,0.494953,0.4925104,
1,1,1.265,-0.2484535,0.04286101,-1.016189,0.5084679,-0.5039003,0.494953,0.4925104,
1,1,1.267,-0.2484535,0.04286101,-1.016189,0.5084679,-0.5039003,0.494953,0.4925104,
1,1,1.269,-0.2484535,0.04286101,-1.016189,0.5084679,-0.5039003,0.494953,0.4925104,
1,1,1.271,-0.2484571,0.04286679,-1.016191,0.508465,-0.5039043,0.4949576,0.4925046,
1,1,1.273,-0.2484571,0.04286679,-1.016191,0.508465,-0.5039043,0.4949576,0.4925046,
1,1,1.275,-0.2484571,0.04286679,-1.016191,0.508465,-0.5039043,0.4949576,0.4925046,
1,1,1.277,-0.2484571,0.04286679,-1.016191,0.508465,-0.5039043,0.4949576,0.4925046,
1,1,1.279,-0.2484459,0.04287718,-1.016189,0.5084512,-0.5039049,0.4949578,0.492518,
1,1,1.281,-0.2484459,0.04287718,-1.016189,0.5084512,-0.5039049,0.4949578,0.492518,
1,1,1.283,-0.2484459,0.04287718,-1.016189,0.5084512,-0.5039049,0.4949578,0.492518,
1,1,1.285,-0.2484459,0.04287718,-1.016189,0.5084512,-0.5039049,0.4949578,0.492518,
1,1,1.287,-0.248442,0.04286837,-1.016189,0.5084589,-0.5039055,0.494952,0.4925153,
1,1,1.289,-0.248442,0.04286837,-1.016189,0.5084589,-0.5039055,0.494952,0.4925153,
1,1,1.291,-0.248442,0.04286837,-1.016189,0.5084589,-0.5039055,0.494952,0.4925153,
1,1,1.293,-0.248442,0.04286837,-1.016189,0.5084589,-0.5039055,0.494952,0.4925153,
1,1,1.295,-0.2484503,0.04285846,-1.016187,0.50848,-0.5039287,0.494926,0.4924959,
1,1,1.297,-0.2484503,0.04285846,-1.016187,0.50848,-0.5039287,0.494926,0.4924959,
1,1,1.299,-0.2484503,0.04285846,-1.016187,0.50848,-0.5039287,0.494926,0.4924959,
1,1,1.301,-0.2484503,0.04285846,-1.016187,0.50848,-0.5039287,0.494926,0.4924959,
1,1,1.303,-0.2484537,0.04285289,-1.016188,0.5084876,-0.5039268,0.4949304,0.4924856,
1,1,1.305,-0.2484537,0.04285289,-1.016188,0.5084876,-0.5039268,0.4949304,0.4924856,
1,1,1.307,-0.2484537,0.04285289,-1.016188,0.5084876,-0.5039268,0.4949304,0.4924856,
1,1,1.309,-0.2484537,0.04285289,-1.016188,0.5084876,-0.5039268,0.4949304,0.4924856,
1,1,1.311,-0.2484494,0.04286532,-1.016186,0.5084918,-0.5039204,0.4949284,0.4924899,
1,1,1.313,-0.2484494,0.04286532,-1.016186,0.5084918,-0.5039204,0.4949284,0.4924899,
1,1,1.315,-0.2484494,0.04286532,-1.016186,0.5084918,-0.5039204,0.4949284,0.4924899,
1,1,1.317,-0.2484494,0.04286532,-1.016186,0.5084918,-0.5039204,0.4949284,0.4924899,
1,1,1.319,-0.2484493,0.04286283,-1.01619,0.5084908,-0.5039344,0.4949125,0.4924925,
1,1,1.321,-0.2484493,0.04286283,-1.01619,0.5084908,-0.5039344,0.4949125,0.4924925,
1,1,1.323,-0.2484493,0.04286283,-1.01619,0.5084908,-0.5039344,0.4949125,0.4924925,
1,1,1.325,-0.2484493,0.04286283,-1.01619,0.5084908,-0.5039344,0.4949125,0.4924925,
1,1,1.327,-0.2484529,0.04285697,-1.016197,0.5084867,-0.5039496,0.4948978,0.492496,
1,1,1.329,-0.2484529,0.04285697,-1.016197,0.5084867,-0.5039496,0.4948978,0.492496,
1,1,1.331,-0.2484529,0.04285697,-1.016197,0.5084867,-0.5039496,0.4948978,0.492496,
1,1,1.333,-0.2484529,0.04285697,-1.016197,0.5084867,-0.5039496,0.4948978,0.492496,
1,1,1.335,-0.2484604,0.04286049,-1.016194,0.5084824,-0.5039505,0.49489,0.4925072,
1,1,1.337,-0.2484604,0.04286049,-1.016194,0.5084824,-0.5039505,0.49489,0.4925072,
1,1,1.339,-0.2484604,0.04286049,-1.016194,0.5084824,-0.5039505,0.49489,0.4925072,
1,1,1.341,-0.2484604,0.04286049,-1.016194,0.5084824,-0.5039505,0.49489,0.4925072,
1,1,1.343,-0.2484574,0.04285996,-1.01619,0.5084704,-0.5039597,0.4948905,0.49251,
1,1,1.345,-0.2484574,0.04285996,-1.01619,0.5084704,-0.5039597,0.4948905,0.49251,
1,1,1.347,-0.2484574,0.04285996,-1.01619,0.5084704,-0.5039597,0.4948905,0.49251,
1,1,1.349,-0.2484574,0.04285996,-1.01619,0.5084704,-0.5039597,0.4948905,0.49251,
1,1,1.351,-0.2484574,0.04285996,-1.01619,0.5084704,-0.5039597,0.4948905,0.49251,
1,1,1.353,-0.2484623,0.04286961,-1.01619,0.5084707,-0.503958,0.4949002,0.4925016,
1,1,1.355,-0.2484623,0.04286961,-1.01619,0.5084707,-0.503958,0.4949002,0.4925016,
1,1,1.357,-0.2484623,0.04286961,-1.01619,0.5084707,-0.503958,0.4949002,0.4925016,
1,1,1.359,-0.2484623,0.04286961,-1.01619,0.5084707,-0.503958,0.4949002,0.4925016,
1,1,1.361,-0.2484543,0.04286864,-1.016194,0.5084764,-0.503957,0.4948996,0.4924972,
1,1,1.363,-0.2484543,0.04286864,-1.016194,0.5084764,-0.503957,0.4948996,0.4924972,
1,1,1.365,-0.2484543,0.04286864,-1.016194,0.5084764,-0.503957,0.4948996,0.4924972,
1,1,1.367,-0.2484543,0.04286864,-1.016194,0.5084764,-0.503957,0.4948996,0.4924972,
1,1,1.369,-0.2484546,0.04286494,-1.016191,0.5084711,-0.5039405,0.4949155,0.4925037,
1,1,1.371,-0.2484546,0.04286494,-1.016191,0.5084711,-0.5039405,0.4949155,0.4925037,
1,1,1.373,-0.2484546,0.04286494,-1.016191,0.5084711,-0.5039405,0.4949155,0.4925037,
1,1,1.375,-0.2484546,0.04286494,-1.016191,0.5084711,-0.5039405,0.4949155,0.4925037,
1,1,1.377,-0.2484522,0.04285946,-1.016195,0.5084932,-0.5039498,0.4949018,0.4924851,
1,1,1.379,-0.2484522,0.04285946,-1.016195,0.5084932,-0.5039498,0.4949018,0.4924851,
1,1,1.381,-0.2484522,0.04285946,-1.016195,0.5084932,-0.5039498,0.4949018,0.4924851,
1,1,1.383,-0.2484522,0.04285946,-1.016195,0.5084932,-0.5039498,0.4949018,0.4924851,
1,1,1.385,-0.2484519,0.04284917,-1.016193,0.5084978,-0.5039452,0.4949072,0.4924796,
1,1,1.387,-0.2484519,0.04284917,-1.016193,0.5084978,-0.5039452,0.4949072,0.4924796,
1,1,1.389,-0.2484519,0.04284917,-1.016193,0.5084978,-0.5039452,0.4949072,0.4924796,
1,1,1.391,-0.2484519,0.04284917,-1.016193,0.5084978,-0.5039452,0.4949072,0.4924796,
1,1,1.393,-0.2484574,0.0428654,-1.016185,0.5084991,-0.5039328,0.4949066,0.4924914,
1,1,1.395,-0.2484574,0.0428654,-1.016185,0.5084991,-0.5039328,0.4949066,0.4924914,
1,1,1.397,-0.2484574,0.0428654,-1.016185,0.5084991,-0.5039328,0.4949066,0.4924914,
1,1,1.399,-0.2484574,0.0428654,-1.016185,0.5084991,-0.5039328,0.4949066,0.4924914,
1,1,1.401,-0.2484574,0.0428654,-1.016185,0.5084991,-0.5039328,0.4949066,0.4924914,
1,1,1.403,-0.2484605,0.04285569,-1.016189,0.5084969,-0.5039472,0.4949054,0.4924802,
1,1,1.405,-0.2484605,0.04285569,-1.016189,0.5084969,-0.5039472,0.4949054,0.4924802,
1,1,1.407,-0.2484605,0.04285569,-1.016189,0.5084969,-0.5039472,0.4949054,0.4924802,
1,1,1.409,-0.2484605,0.04285569,-1.016189,0.5084969,-0.5039472,0.4949054,0.4924802,
1,1,1.411,-0.2484592,0.04285737,-1.016182,0.5084881,-0.5039447,0.4949144,0.4924828,
1,1,1.413,-0.2484592,0.04285737,-1.016182,0.5084881,-0.5039447,0.4949144,0.4924828,
1,1,1.415,-0.2484592,0.04285737,-1.016182,0.5084881,-0.5039447,0.4949144,0.4924828,
1,1,1.417,-0.2484592,0.04285737,-1.016182,0.5084881,-0.5039447,0.4949144,0.4924828,
1,1,1.419,-0.2484584,0.04285329,-1.016186,0.5084993,-0.503947,0.4949096,0.4924739,
1,1,1.421,-0.2484584,0.04285329,-1.016186,0.5084993,-0.503947,0.4949096,0.4924739,
1,1,1.423,-0.2484584,0.04285329,-1.016186,0.5084993,-0.503947,0.4949096,0.4924739,
1,1,1.425,-0.2484584,0.04285329,-1.016186,0.5084993,-0.503947,0.4949096,0.4924739,
1,1,1.427,-0.2484552,0.04285288,-1.016194,0.5085005,-0.5039378,0.4949118,0.4924798,
1,1,1.429,-0.2484552,0.04285288,-1.016194,0.5085005,-0.5039378,0.4949118,0.4924798,
1,1,1.431,-0.2484552,0.04285288,-1.016194,0.5085005,-0.5039378,0.4949118,0.4924798,
1,1,1.433,-0.2484552,0.04285288,-1.016194,0.5085005,-0.5039378,0.4949118,0.4924798,
1,1,1.435,-0.2484509,0.04286811,-1.016192,0.5084987,-0.5039201,0.4949258,0.4924856,
1,1,1.437,-0.2484509,0.04286811,-1.016192,0.5084987,-0.5039201,0.4949258,0.4924856,
1,1,1.439,-0.2484509,0.04286811,-1.016192,0.5084987,-0.5039201,0.4949258,0.4924856,
1,1,1.441,-0.2484509,0.04286811,-1.016192,0.5084987,-0.5039201,0.4949258,0.4924856,
1,1,1.443,-0.2484467,0.042858,-1.016192,0.5084896,-0.503934,0.4949191,0.4924875,
1,1,1.445,-0.2484467,0.042858,-1.016192,0.5084896,-0.503934,0.4949191,0.4924875,
1,1,1.447,-0.2484467,0.042858,-1.016192,0.5084896,-0.503934,0.4949191,0.4924875,
1,1,1.449,-0.2484467,0.042858,-1.016192,0.5084896,-0.503934,0.4949191,0.4924875,
1,1,1.451,-0.2484552,0.04286367,-1.016196,0.5084864,-0.5039555,0.4949192,0.4924687,
1,1,1.453,-0.2484552,0.04286367,-1.016196,0.5084864,-0.5039555,0.4949192,0.4924687,
1,1,1.455,-0.2484552,0.04286367,-1.016196,0.5084864,-0.5039555,0.4949192,0.4924687,
1,1,1.457,-0.2484552,0.04286367,-1.016196,0.5084864,-0.5039555,0.4949192,0.4924687,
1,1,1.459,-0.2484552,0.04286367,-1.016196,0.5084864,-0.5039555,0.4949192,0.4924687,
1,1,1.461,-0.2484681,0.04285623,-1.016197,0.5084968,-0.5039513,0.4949173,0.4924645,
1,1,1.463,-0.2484681,0.04285623,-1.016197,0.5084968,-0.5039513,0.4949173,0.4924645,
1,1,1.465,-0.2484681,0.04285623,-1.016197,0.5084968,-0.5039513,0.4949173,0.4924645,
1,1,1.467,-0.2484681,0.04285623,-1.016197,0.5084968,-0.5039513,0.4949173,0.4924645,
1,1,1.469,-0.248459,0.04286203,-1.016188,0.5084922,-0.5039202,0.4949415,0.4924765,
1,1,1.471,-0.248459,0.04286203,-1.016188,0.5084922,-0.5039202,0.4949415,0.4924765,
1,1,1.473,-0.248459,0.04286203,-1.016188,0.5084922,-0.5039202,0.4949415,0.4924765,
1,1,1.475,-0.248459,0.04286203,-1.016188,0.5084922,-0.5039202,0.4949415,0.4924765,
1,1,1.477,-0.2484547,0.04288394,-1.016197,0.5084826,-0.5039337,0.4949237,0.4924904,
1,1,1.479,-0.2484547,0.04288394,-1.016197,0.5084826,-0.5039337,0.4949237,0.4924904,
1,1,1.481,-0.2484547,0.04288394,-1.016197,0.5084826,-0.5039337,0.4949237,0.4924904,
1,1,1.483,-0.2484547,0.04288394,-1.016197,0.5084826,-0.5039337,0.4949237,0.4924904,
1,1,1.485,-0.2484612,0.04287114,-1.016192,0.5084816,-0.5039123,0.4949465,0.4924904,
1,1,1.487,-0.2484612,0.04287114,-1.016192,0.5084816,-0.5039123,0.4949465,0.4924904,
1,1,1.489,-0.2484612,0.04287114,-1.016192,0.5084816,-0.5039123,0.4949465,0.4924904,
1,1,1.491,-0.2484612,0.04287114,-1.016192,0.5084816,-0.5039123,0.4949465,0.4924904,
1,1,1.493,-0.2484609,0.04286787,-1.016186,0.5084862,-0.503911,0.4949494,0.4924841,
1,1,1.495,-0.2484609,0.04286787,-1.016186,0.5084862,-0.503911,0.4949494,0.4924841,
1,1,1.497,-0.2484609,0.04286787,-1.016186,0.5084862,-0.503911,0.4949494,0.4924841,
1,1,1.499,-0.2484609,0.04286787,-1.016186,0.5084862,-0.503911,0.4949494,0.4924841,
1,1,1.501,-0.2484576,0.0428683,-1.016188,0.5084736,-0.5039371,0.4949517,0.4924681,
1,1,1.503,-0.2484576,0.0428683,-1.016188,0.5084736,-0.5039371,0.4949517,0.4924681,
1,1,1.505,-0.2484576,0.0428683,-1.016188,0.5084736,-0.5039371,0.4949517,0.4924681,
1,1,1.507,-0.2484576,0.0428683,-1.016188,0.5084736,-0.5039371,0.4949517,0.4924681,
1,1,1.509,-0.248465,0.04287145,-1.016183,0.5084811,-0.5039448,0.4949444,0.4924599,
1,1,1.511,-0.248465,0.04287145,-1.016183,0.5084811,-0.5039448,0.4949444,0.4924599,
1,1,1.513,-0.248465,0.04287145,-1.016183,0.5084811,-0.5039448,0.4949444,0.4924599,
1,1,1.515,-0.248465,0.04287145,-1.016183,0.5084811,-0.5039448,0.4949444,0.4924599,
1,1,1.517,-0.248465,0.04287145,-1.016183,0.5084811,-0.5039448,0.4949444,0.4924599,
1,1,1.519,-0.248458,0.04286909,-1.016199,0.5084755,-0.5039265,0.494941,0.4924878,
1,1,1.521,-0.248458,0.04286909,-1.016199,0.5084755,-0.5039265,0.494941,0.4924878,
1,1,1.523,-0.248458,0.04286909,-1.016199,0.5084755,-0.5039265,0.494941,0.4924878,
1,1,1.525,-0.248458,0.04286909,-1.016199,0.5084755,-0.5039265,0.494941,0.4924878,
1,1,1.527,-0.2484582,0.04286357,-1.016194,0.5084677,-0.5039397,0.4949329,0.4924904,
1,1,1.529,-0.2484582,0.04286357,-1.016194,0.5084677,-0.5039397,0.4949329,0.4924904,
1,1,1.531,-0.2484582,0.04286357,-1.016194,0.5084677,-0.5039397,0.4949329,0.4924904,
1,1,1.533,-0.2484582,0.04286357,-1.016194,0.5084677,-0.5039397,0.4949329,0.4924904,
1,1,1.535,-0.2484719,0.0428586,-1.016192,0.5084715,-0.5039685,0.4949008,0.4924893,
1,1,1.537,-0.2484719,0.0428586,-1.016192,0.5084715,-0.5039685,0.4949008,0.4924893,
1,1,1.539,-0.2484719,0.0428586,-1.016192,0.5084715,-0.5039685,0.4949008,0.4924893,
1,1,1.541,-0.2484719,0.0428586,-1.016192,0.5084715,-0.5039685,0.4949008,0.4924893,
1,1,1.543,-0.2484657,0.04285626,-1.016201,0.5084825,-0.5039641,0.4949018,0.4924816,
1,1,1.545,-0.2484657,0.04285626,-1.016201,0.5084825,-0.5039641,0.4949018,0.4924816,
1,1,1.547,-0.2484657,0.04285626,-1.016201,0.5084825,-0.5039641,0.4949018,0.4924816,
1,1,1.549,-0.2484657,0.04285626,-1.016201,0.5084825,-0.5039641,0.4949018,0.4924816,
1,1,1.551,-0.2484634,0.04285882,-1.016197,0.5084835,-0.5039649,0.4949087,0.4924727,
1,1,1.553,-0.2484634,0.04285882,-1.016197,0.5084835,-0.5039649,0.4949087,0.4924727,
1,1,1.555,-0.2484634,0.04285882,-1.016197,0.5084835,-0.5039649,0.4949087,0.4924727,
1,1,1.557,-0.2484634,0.04285882,-1.016197,0.5084835,-0.5039649,0.4949087,0.4924727,
1,1,1.559,-0.2484646,0.04286567,-1.016196,0.5084905,-0.5039572,0.4949132,0.4924686,
1,1,1.561,-0.2484646,0.04286567,-1.016196,0.5084905,-0.5039572,0.4949132,0.4924686,
1,1,1.563,-0.2484646,0.04286567,-1.016196,0.5084905,-0.5039572,0.4949132,0.4924686,
1,1,1.565,-0.2484646,0.04286567,-1.016196,0.5084905,-0.5039572,0.4949132,0.4924686,
1,1,1.567,-0.2484646,0.04286567,-1.016196,0.5084905,-0.5039572,0.4949132,0.4924686,
1,1,1.569,-0.2484577,0.04286091,-1.016196,0.508495,-0.5039573,0.4948989,0.4924785,
1,1,1.571,-0.2484577,0.04286091,-1.016196,0.508495,-0.5039573,0.4948989,0.4924785,
1,1,1.573,-0.2484577,0.04286091,-1.016196,0.508495,-0.5039573,0.4948989,0.4924785,
1,1,1.575,-0.2484577,0.04286091,-1.016196,0.508495,-0.5039573,0.4948989,0.4924785,
1,1,1.577,-0.2484566,0.0428604,-1.016192,0.5084959,-0.5039506,0.4949147,0.4924684,
1,1,1.579,-0.2484566,0.0428604,-1.016192,0.5084959,-0.5039506,0.4949147,0.4924684,
1,1,1.581,-0.2484566,0.0428604,-1.016192,0.5084959,-0.5039506,0.4949147,0.4924684,
1,1,1.583,-0.2484566,0.0428604,-1.016192,0.5084959,-0.5039506,0.4949147,0.4924684,
1,1,1.585,-0.2484629,0.04286094,-1.016196,0.5085022,-0.5039248,0.4949258,0.4924771,
1,1,1.587,-0.2484629,0.04286094,-1.016196,0.5085022,-0.5039248,0.4949258,0.4924771,
1,1,1.589,-0.2484629,0.04286094,-1.016196,0.5085022,-0.5039248,0.4949258,0.4924771,
1,1,1.591,-0.2484629,0.04286094,-1.016196,0.5085022,-0.5039248,0.4949258,0.4924771,
1,1,1.593,-0.2484651,0.04286632,-1.016197,0.5085087,-0.5039276,0.4949169,0.4924766,
1,1,1.595,-0.2484651,0.04286632,-1.016197,0.5085087,-0.5039276,0.4949169,0.4924766,
1,1,1.597,-0.2484651,0.04286632,-1.016197,0.5085087,-0.5039276,0.4949169,0.4924766,
1,1,1.599,-0.2484651,0.04286632,-1.016197,0.5085087,-0.5039276,0.4949169,0.4924766,
1,1,1.601,-0.248462,0.04287334,-1.016194,0.508496,-0.5039427,0.4949018,0.4924892,
1,1,1.603,-0.248462,0.04287334,-1.016194,0.508496,-0.5039427,0.4949018,0.4924892,
1,1,1.605,-0.248462,0.04287334,-1.016194,0.508496,-0.5039427,0.4949018,0.4924892,
1,1,1.607,-0.248462,0.04287334,-1.016194,0.508496,-0.5039427,0.4949018,0.4924892,
1,1,1.609,-0.2484586,0.04287118,-1.016191,0.5084893,-0.5039471,0.4949006,0.4924931,
1,1,1.611,-0.2484586,0.04287118,-1.016191,0.5084893,-0.5039471,0.4949006,0.4924931,
1,1,1.613,-0.2484586,0.04287118,-1.016191,0.5084893,-0.5039471,0.4949006,0.4924931,
1,1,1.615,-0.2484586,0.04287118,-1.016191,0.5084893,-0.5039471,0.4949006,0.4924931,
1,1,1.617,-0.2484654,0.04286934,-1.016194,0.5084818,-0.503949,0.4949129,0.4924864,
1,1,1.619,-0.2484654,0.04286934,-1.016194,0.5084818,-0.503949,0.4949129,0.4924864,
1,1,1.621,-0.2484654,0.04286934,-1.016194,0.5084818,-0.503949,0.4949129,0.4924864,
1,1,1.623,-0.2484654,0.04286934,-1.016194,0.5084818,-0.503949,0.4949129,0.4924864,
1,1,1.625,-0.2484658,0.0428658,-1.016201,0.5084743,-0.5039334,0.4949389,0.4924842,
1,1,1.627,-0.2484658,0.0428658,-1.016201,0.5084743,-0.5039334,0.4949389,0.4924842,
1,1,1.629,-0.2484658,0.0428658,-1.016201,0.5084743,-0.5039334,0.4949389,0.4924842,
1,1,1.631,-0.2484658,0.0428658,-1.016201,0.5084743,-0.5039334,0.4949389,0.4924842,
1,1,1.633,-0.2484658,0.0428658,-1.016201,0.5084743,-0.5039334,0.4949389,0.4924842,
1,1,1.635,-0.2484529,0.04284709,-1.016195,0.5084954,-0.5039412,0.4949148,0.4924785,
1,1,1.637,-0.2484529,0.04284709,-1.016195,0.5084954,-0.5039412,0.4949148,0.4924785,
1,1,1.639,-0.2484529,0.04284709,-1.016195,0.5084954,-0.5039412,0.4949148,0.4924785,
1,1,1.641,-0.2484529,0.04284709,-1.016195,0.5084954,-0.5039412,0.4949148,0.4924785,
1,1,1.643,-0.2484529,0.04285506,-1.016199,0.5085003,-0.5039207,0.4949321,0.492477,
1,1,1.645,-0.2484529,0.04285506,-1.016199,0.5085003,-0.5039207,0.4949321,0.492477,
1,1,1.647,-0.2484529,0.04285506,-1.016199,0.5085003,-0.5039207,0.4949321,0.492477,
1,1,1.649,-0.2484529,0.04285506,-1.016199,0.5085003,-0.5039207,0.4949321,0.492477,
1,1,1.651,-0.2484471,0.04284453,-1.016198,0.5085048,-0.5039221,0.4949222,0.4924809,
1,1,1.653,-0.2484471,0.04284453,-1.016198,0.5085048,-0.5039221,0.4949222,0.4924809,
1,1,1.655,-0.2484471,0.04284453,-1.016198,0.5085048,-0.5039221,0.4949222,0.4924809,
1,1,1.657,-0.2484471,0.04284453,-1.016198,0.5085048,-0.5039221,0.4949222,0.4924809,
1,1,1.659,-0.2484536,0.04284066,-1.016191,0.5085139,-0.50391,0.4949316,0.4924745,
1,1,1.661,-0.2484536,0.04284066,-1.016191,0.5085139,-0.50391,0.4949316,0.4924745,
1,1,1.663,-0.2484536,0.04284066,-1.016191,0.5085139,-0.50391,0.4949316,0.4924745,
1,1,1.665,-0.2484536,0.04284066,-1.016191,0.5085139,-0.50391,0.4949316,0.4924745,
1,1,1.667,-0.2484583,0.04283625,-1.016196,0.508517,-0.5039192,0.4949259,0.4924676,
1,1,1.669,-0.2484583,0.04283625,-1.016196,0.508517,-0.5039192,0.4949259,0.4924676,
1,1,1.671,-0.2484583,0.04283625,-1.016196,0.508517,-0.5039192,0.4949259,0.4924676,
1,1,1.673,-0.2484583,0.04283625,-1.016196,0.508517,-0.5039192,0.4949259,0.4924676,
1,1,1.675,-0.2484607,0.04284605,-1.016199,0.5085191,-0.5039308,0.494909,0.4924707,
1,1,1.677,-0.2484607,0.04284605,-1.016199,0.5085191,-0.5039308,0.494909,0.4924707,
1,1,1.679,-0.2484607,0.04284605,-1.016199,0.5085191,-0.5039308,0.494909,0.4924707,
1,1,1.681,-0.2484607,0.04284605,-1.016199,0.5085191,-0.5039308,0.494909,0.4924707,
1,1,1.683,-0.2484582,0.04285724,-1.016202,0.5084923,-0.503917,0.4949352,0.492486,
1,1,1.685,-0.2484582,0.04285724,-1.016202,0.5084923,-0.503917,0.4949352,0.492486,
1,1,1.687,-0.2484582,0.04285724,-1.016202,0.5084923,-0.503917,0.4949352,0.492486,
1,1,1.689,-0.2484582,0.04285724,-1.016202,0.5084923,-0.503917,0.4949352,0.492486,
1,1,1.691,-0.2484581,0.04285508,-1.016199,0.5085031,-0.5039123,0.4949398,0.4924751,
1,1,1.693,-0.2484581,0.04285508,-1.016199,0.5085031,-0.5039123,0.4949398,0.4924751,
1,1,1.695,-0.2484581,0.04285508,-1.016199,0.5085031,-0.5039123,0.4949398,0.4924751,
1,1,1.697,-0.2484581,0.04285508,-1.016199,0.5085031,-0.5039123,0.4949398,0.4924751,
1,1,1.699,-0.2484581,0.04285508,-1.016199,0.5085031,-0.5039123,0.4949398,0.4924751,
1,1,1.701,-0.2484562,0.04286336,-1.016189,0.5084865,-0.5039398,0.4949255,0.4924785,
1,1,1.703,-0.2484562,0.04286336,-1.016189,0.5084865,-0.5039398,0.4949255,0.4924785,
1,1,1.705,-0.2484562,0.04286336,-1.016189,0.5084865,-0.5039398,0.4949255,0.4924785,
1,1,1.707,-0.2484562,0.04286336,-1.016189,0.5084865,-0.5039398,0.4949255,0.4924785,
1,1,1.709,-0.2484693,0.04285556,-1.016192,0.5084926,-0.5039548,0.4949271,0.4924552,
1,1,1.711,-0.2484693,0.04285556,-1.016192,0.5084926,-0.5039548,0.4949271,0.4924552,
1,1,1.713,-0.2484693,0.04285556,-1.016192,0.5084926,-0.5039548,0.4949271,0.4924552,
1,1,1.715,-0.2484693,0.04285556,-1.016192,0.5084926,-0.5039548,0.4949271,0.4924552,
1,1,1.717,-0.2484635,0.04285415,-1.016189,0.5084813,-0.5039564,0.4949299,0.4924623,
1,1,1.719,-0.2484635,0.04285415,-1.016189,0.5084813,-0.5039564,0.4949299,0.4924623,
1,1,1.721,-0.2484635,0.04285415,-1.016189,0.5084813,-0.5039564,0.4949299,0.4924623,
1,1,1.723,-0.2484635,0.04285415,-1.016189,0.5084813,-0.5039564,0.4949299,0.4924623,
1,1,1.725,-0.2484662,0.0428613,-1.016198,0.5084783,-0.5039611,0.4949134,0.4924771,
1,1,1.727,-0.2484662,0.0428613,-1.016198,0.5084783,-0.5039611,0.4949134,0.4924771,
1,1,1.729,-0.2484662,0.0428613,-1.016198,0.5084783,-0.5039611,0.4949134,0.4924771,
1,1,1.731,-0.2484662,0.0428613,-1.016198,0.5084783,-0.5039611,0.4949134,0.4924771,
1,1,1.733,-0.2484735,0.04286712,-1.016195,0.5084656,-0.5039636,0.4949129,0.4924882,
1,1,1.735,-0.2484735,0.04286712,-1.016195,0.5084656,-0.5039636,0.4949129,0.4924882,
1,1,1.737,-0.2484735,0.04286712,-1.016195,0.5084656,-0.5039636,0.4949129,0.4924882,
1,1,1.739,-0.2484735,0.04286712,-1.016195,0.5084656,-0.5039636,0.4949129,0.4924882,
1,1,1.741,-0.2484675,0.04286529,-1.016187,0.5084676,-0.5039464,0.4949338,0.492483,
1,1,1.743,-0.2484675,0.04286529,-1.016187,0.5084676,-0.5039464,0.4949338,0.492483,
1,1,1.745,-0.2484675,0.04286529,-1.016187,0.5084676,-0.5039464,0.4949338,0.492483,
1,1,1.747,-0.2484675,0.04286529,-1.016187,0.5084676,-0.5039464,0.4949338,0.492483,
1,1,1.749,-0.248453,0.04286278,-1.016199,0.5084839,-0.5039612,0.4949245,0.4924604,
1,1,1.751,-0.248453,0.04286278,-1.016199,0.5084839,-0.5039612,0.4949245,0.4924604,
1,1,1.753,-0.248453,0.04286278,-1.016199,0.5084839,-0.5039612,0.4949245,0.4924604,
1,1,1.755,-0.248453,0.04286278,-1.016199,0.5084839,-0.5039612,0.4949245,0.4924604,
1,1,1.757,-0.2484497,0.04286538,-1.016195,0.5084888,-0.5039427,0.4949337,0.4924649,
1,1,1.759,-0.2484497,0.04286538,-1.016195,0.5084888,-0.5039427,0.4949337,0.4924649,
1,1,1.761,-0.2484497,0.04286538,-1.016195,0.5084888,-0.5039427,0.4949337,0.4924649,
1,1,1.763,-0.2484497,0.04286538,-1.016195,0.5084888,-0.5039427,0.4949337,0.4924649,
1,1,1.765,-0.248446,0.04287254,-1.016194,0.5084944,-0.5039264,0.4949379,0.4924716,
1,1,1.767,-0.248446,0.04287254,-1.016194,0.5084944,-0.5039264,0.4949379,0.4924716,
1,1,1.769,-0.248446,0.04287254,-1.016194,0.5084944,-0.5039264,0.4949379,0.4924716,
1,1,1.771,-0.248446,0.04287254,-1.016194,0.5084944,-0.5039264,0.4949379,0.4924716,
1,1,1.773,-0.2484516,0.04286804,-1.016192,0.5084924,-0.5039102,0.4949405,0.4924875,
1,1,1.775,-0.2484516,0.04286804,-1.016192,0.5084924,-0.5039102,0.4949405,0.4924875,
1,1,1.777,-0.2484516,0.04286804,-1.016192,0.5084924,-0.5039102,0.4949405,0.4924875,
1,1,1.779,-0.2484516,0.04286804,-1.016192,0.5084924,-0.5039102,0.4949405,0.4924875,
1,1,1.781,-0.2484516,0.04286804,-1.016192,0.5084924,-0.5039102,0.4949405,0.4924875,
1,1,1.783,-0.2484625,0.04286493,-1.016183,0.5084687,-0.5039137,0.4949496,0.4924992,
1,1,1.785,-0.2484625,0.04286493,-1.016183,0.5084687,-0.5039137,0.4949496,0.4924992,
1,1,1.787,-0.2484625,0.04286493,-1.016183,0.5084687,-0.5039137,0.4949496,0.4924992,
1,1,1.789,-0.2484625,0.04286493,-1.016183,0.5084687,-0.5039137,0.4949496,0.4924992,
1,1,1.791,-0.2484637,0.042868,-1.016191,0.5084812,-0.50392,0.4949405,0.492489,
1,1,1.793,-0.2484637,0.042868,-1.016191,0.5084812,-0.50392,0.4949405,0.492489,
1,1,1.795,-0.2484637,0.042868,-1.016191,0.5084812,-0.50392,0.4949405,0.492489,
1,1,1.797,-0.2484637,0.042868,-1.016191,0.5084812,-0.50392,0.4949405,0.492489,
1,1,1.799,-0.2484471,0.04286256,-1.016196,0.5085095,-0.5039107,0.49494,0.4924697,
1,1,1.801,-0.2484471,0.04286256,-1.016196,0.5085095,-0.5039107,0.49494,0.4924697,
1,1,1.803,-0.2484471,0.04286256,-1.016196,0.5085095,-0.5039107,0.49494,0.4924697,
1,1,1.805,-0.2484471,0.04286256,-1.016196,0.5085095,-0.5039107,0.49494,0.4924697,
1,1,1.807,-0.2484609,0.04285967,-1.016194,0.5085095,-0.5039289,0.4949247,0.4924665,
1,1,1.809,-0.2484609,0.04285967,-1.016194,0.5085095,-0.5039289,0.4949247,0.4924665,
1,1,1.811,-0.2484609,0.04285967,-1.016194,0.5085095,-0.5039289,0.4949247,0.4924665,
1,1,1.813,-0.2484609,0.04285967,-1.016194,0.5085095,-0.5039289,0.4949247,0.4924665,
1,1,1.815,-0.2484609,0.04285315,-1.016192,0.5084919,-0.5039384,0.4949219,0.4924779,
1,1,1.817,-0.2484609,0.04285315,-1.016192,0.5084919,-0.5039384,0.4949219,0.4924779,
1,1,1.819,-0.2484609,0.04285315,-1.016192,0.5084919,-0.5039384,0.4949219,0.4924779,
1,1,1.821,-0.2484609,0.04285315,-1.016192,0.5084919,-0.5039384,0.4949219,0.4924779,
1,1,1.823,-0.2484571,0.04285152,-1.01619,0.5084728,-0.5039461,0.4949246,0.4924869,
1,1,1.825,-0.2484571,0.04285152,-1.01619,0.5084728,-0.5039461,0.4949246,0.4924869,
1,1,1.827,-0.2484571,0.04285152,-1.01619,0.5084728,-0.5039461,0.4949246,0.4924869,
1,1,1.829,-0.2484571,0.04285152,-1.01619,0.5084728,-0.5039461,0.4949246,0.4924869,
1,1,1.831,-0.2484526,0.04284978,-1.01619,0.508486,-0.5039488,0.4949176,0.4924775,
1,1,1.833,-0.2484526,0.04284978,-1.01619,0.508486,-0.5039488,0.4949176,0.4924775,
1,1,1.835,-0.2484526,0.04284978,-1.01619,0.508486,-0.5039488,0.4949176,0.4924775,
1,1,1.837,-0.2484526,0.04284978,-1.01619,0.508486,-0.5039488,0.4949176,0.4924775,
1,1,1.839,-0.2484526,0.04284978,-1.01619,0.508486,-0.5039488,0.4949176,0.4924775,
1,1,1.841,-0.2484471,0.04284737,-1.016195,0.5084834,-0.503965,0.4949161,0.4924653,
1,1,1.843,-0.2484471,0.04284737,-1.016195,0.5084834,-0.503965,0.4949161,0.4924653,
1,1,1.845,-0.2484471,0.04284737,-1.016195,0.5084834,-0.503965,0.4949161,0.4924653,
1,1,1.847,-0.2484471,0.04284737,-1.016195,0.5084834,-0.503965,0.4949161,0.4924653,
1,1,1.849,-0.2484574,0.04285538,-1.016202,0.5084832,-0.5039719,0.4949153,0.4924592,
1,1,1.851,-0.2484574,0.04285538,-1.016202,0.5084832,-0.5039719,0.4949153,0.4924592,
1,1,1.853,-0.2484574,0.04285538,-1.016202,0.5084832,-0.5039719,0.4949153,0.4924592,
1,1,1.855,-0.2484574,0.04285538,-1.016202,0.5084832,-0.5039719,0.4949153,0.4924592,
1,1,1.857,-0.2484578,0.04285336,-1.016205,0.5085005,-0.5039737,0.4949016,0.4924534,
1,1,1.859,-0.2484578,0.04285336,-1.016205,0.5085005,-0.5039737,0.4949016,0.4924534,
1,1,1.861,-0.2484578,0.04285336,-1.016205,0.5085005,-0.5039737,0.4949016,0.4924534,
1,1,1.863,-0.2484578,0.04285336,-1.016205,0.5085005,-0.5039737,0.4949016,0.4924534,
1,1,1.865,-0.248461,0.04285912,-1.016202,0.5084971,-0.5039849,0.4948948,0.492452,
1,1,1.867,-0.248461,0.04285912,-1.016202,0.5084971,-0.5039849,0.4948948,0.492452,
1,1,1.869,-0.248461,0.04285912,-1.016202,0.5084971,-0.5039849,0.4948948,0.492452,
1,1,1.871,-0.248461,0.04285912,-1.016202,0.5084971,-0.5039849,0.4948948,0.492452,
1,1,1.873,-0.2484625,0.04285787,-1.016205,0.5085124,-0.5039738,0.4948952,0.492447,
1,1,1.875,-0.2484625,0.04285787,-1.016205,0.5085124,-0.5039738,0.4948952,0.492447,
1,1,1.877,-0.2484625,0.04285787,-1.016205,0.5085124,-0.5039738,0.4948952,0.492447,
1,1,1.879,-0.2484625,0.04285787,-1.016205,0.5085124,-0.5039738,0.4948952,0.492447,
1,1,1.881,-0.248461,0.04285707,-1.016205,0.5085006,-0.5039546,0.494914,0.4924603,
1,1,1.883,-0.248461,0.04285707,-1.016205,0.5085006,-0.5039546,0.494914,0.4924603,
1,1,1.885,-0.248461,0.04285707,-1.016205,0.5085006,-0.5039546,0.494914,0.4924603,
1,1,1.887,-0.248461,0.04285707,-1.016205,0.5085006,-0.5039546,0.494914,0.4924603,
1,1,1.889,-0.2484567,0.0428629,-1.016198,0.5084864,-0.5039366,0.4949404,0.4924669,
1,1,1.891,-0.2484567,0.0428629,-1.016198,0.5084864,-0.5039366,0.4949404,0.4924669,
1,1,1.893,-0.2484567,0.0428629,-1.016198,0.5084864,-0.5039366,0.4949404,0.4924669,
1,1,1.895,-0.2484567,0.0428629,-1.016198,0.5084864,-0.5039366,0.4949404,0.4924669,
1,1,1.897,-0.2484548,0.04286123,-1.016206,0.5084903,-0.5039359,0.4949425,0.4924615,
1,1,1.899,-0.2484548,0.04286123,-1.016206,0.5084903,-0.5039359,0.4949425,0.4924615,
1,1,1.901,-0.2484548,0.04286123,-1.016206,0.5084903,-0.5039359,0.4949425,0.4924615,
1,1,1.903,-0.2484548,0.04286123,-1.016206,0.5084903,-0.5039359,0.4949425,0.4924615,
1,1,1.905,-0.2484604,0.04287249,-1.016212,0.5084896,-0.5039382,0.4949427,0.4924594,
1,1,1.907,-0.2484604,0.04287249,-1.016212,0.5084896,-0.5039382,0.4949427,0.4924594,
1,1,1.909,-0.2484604,0.04287249,-1.016212,0.5084896,-0.5039382,0.4949427,0.4924594,
1,1,1.911,-0.2484604,0.04287249,-1.016212,0.5084896,-0.5039382,0.4949427,0.4924594,
1,1,1.913,-0.2484604,0.04287249,-1.016212,0.5084896,-0.5039382,0.4949427,0.4924594,
1,1,1.915,-0.2484563,0.04286278,-1.01621,0.5085101,-0.503929,0.4949333,0.4924574,
1,1,1.917,-0.2484563,0.04286278,-1.01621,0.5085101,-0.503929,0.4949333,0.4924574,
1,1,1.919,-0.2484563,0.04286278,-1.01621,0.5085101,-0.503929,0.4949333,0.4924574,
1,1,1.921,-0.2484563,0.04286278,-1.01621,0.5085101,-0.503929,0.4949333,0.4924574,
1,1,1.923,-0.2484481,0.04285967,-1.016207,0.5085047,-0.5039287,0.4949271,0.4924693,
1,1,1.925,-0.2484481,0.04285967,-1.016207,0.5085047,-0.5039287,0.4949271,0.4924693,
1,1,1.927,-0.2484481,0.04285967,-1.016207,0.5085047,-0.5039287,0.4949271,0.4924693,
1,1,1.929,-0.2484481,0.04285967,-1.016207,0.5085047,-0.5039287,0.4949271,0.4924693,
1,1,1.931,-0.2484508,0.0428604,-1.016214,0.5085086,-0.5039402,0.4949231,0.4924575,
1,1,1.933,-0.2484508,0.0428604,-1.016214,0.5085086,-0.5039402,0.4949231,0.4924575,
1,1,1.935,-0.2484508,0.0428604,-1.016214,0.5085086,-0.5039402,0.4949231,0.4924575,
1,1,1.937,-0.2484508,0.0428604,-1.016214,0.5085086,-0.5039402,0.4949231,0.4924575,
1,1,1.939,-0.2484553,0.04286486,-1.016208,0.5084928,-0.5039445,0.4949243,0.4924683,
1,1,1.941,-0.2484553,0.04286486,-1.016208,0.5084928,-0.5039445,0.4949243,0.4924683,
1,1,1.943,-0.2484553,0.04286486,-1.016208,0.5084928,-0.5039445,0.4949243,0.4924683,
1,1,1.945,-0.2484553,0.04286486,-1.016208,0.5084928,-0.5039445,0.4949243,0.4924683,
1,1,1.947,-0.2484526,0.04287504,-1.01621,0.5084971,-0.5039467,0.4949207,0.4924653,
1,1,1.949,-0.2484526,0.04287504,-1.01621,0.5084971,-0.5039467,0.4949207,0.4924653,
1,1,1.951,-0.2484526,0.04287504,-1.01621,0.5084971,-0.5039467,0.4949207,0.4924653,
1,1,1.953,-0.2484526,0.04287504,-1.01621,0.5084971,-0.5039467,0.4949207,0.4924653,
1,1,1.955,-0.2484587,0.04287401,-1.016211,0.5085039,-0.5039394,0.4949226,0.4924636,
1,1,1.957,-0.2484587,0.04287401,-1.016211,0.5085039,-0.5039394,0.4949226,0.4924636,
1,1,1.959,-0.2484587,0.04287401,-1.016211,0.5085039,-0.5039394,0.4949226,0.4924636,
1,1,1.961,-0.2484587,0.04287401,-1.016211,0.5085039,-0.5039394,0.4949226,0.4924636,
1,1,1.963,-0.2484536,0.04285574,-1.016201,0.5085275,-0.5039297,0.4949069,0.4924652,
1,1,1.965,-0.2484536,0.04285574,-1.016201,0.5085275,-0.5039297,0.4949069,0.4924652,
1,1,1.967,-0.2484536,0.04285574,-1.016201,0.5085275,-0.5039297,0.4949069,0.4924652,
1,1,1.969,-0.2484536,0.04285574,-1.016201,0.5085275,-0.5039297,0.4949069,0.4924652,
1,1,1.971,-0.2484572,0.04285817,-1.016191,0.5085148,-0.5039139,0.4949326,0.4924686,
1,1,1.973,-0.2484572,0.04285817,-1.016191,0.5085148,-0.5039139,0.4949326,0.4924686,
1,1,1.975,-0.2484572,0.04285817,-1.016191,0.5085148,-0.5039139,0.4949326,0.4924686,
1,1,1.977,-0.2484572,0.04285817,-1.016191,0.5085148,-0.5039139,0.4949326,0.4924686,
1,1,1.979,-0.2484572,0.04285817,-1.016191,0.5085148,-0.5039139,0.4949326,0.4924686,
1,1,1.981,-0.2484663,0.04286293,-1.016198,0.5085042,-0.5039414,0.4949173,0.4924668,
1,1,1.983,-0.2484663,0.04286293,-1.016198,0.5085042,-0.5039414,0.4949173,0.4924668,
1,1,1.985,-0.2484663,0.04286293,-1.016198,0.5085042,-0.5039414,0.4949173,0.4924668,
1,1,1.987,-0.2484663,0.04286293,-1.016198,0.5085042,-0.5039414,0.4949173,0.4924668,
1,1,1.989,-0.248451,0.04285386,-1.016193,0.5085006,-0.5039321,0.4949222,0.4924751,
1,1,1.991,-0.248451,0.04285386,-1.016193,0.5085006,-0.5039321,0.4949222,0.4924751,
1,1,1.993,-0.248451,0.04285386,-1.016193,0.5085006,-0.5039321,0.4949222,0.4924751,
1,1,1.995,-0.248451,0.04285386,-1.016193,0.5085006,-0.5039321,0.4949222,0.4924751,
1,1,1.997,-0.2484488,0.04286636,-1.016198,0.5085098,-0.5039198,0.4949273,0.4924729,
1,1,1.999,-0.2484488,0.04286636,-1.016198,0.5085098,-0.5039198,0.4949273,0.4924729,
1,1,2.001,-0.2484488,0.04286636,-1.016198,0.5085098,-0.5039198,0.4949273,0.4924729,
1,1,2.003,-0.2484488,0.04286636,-1.016198,0.5085098,-0.5039198,0.4949273,0.4924729,
1,1,2.005,-0.2484574,0.04286641,-1.016201,0.5084983,-0.5039379,0.4949337,0.49246,
1,1,2.007,-0.2484574,0.04286641,-1.016201,0.5084983,-0.5039379,0.4949337,0.49246,
1,1,2.009,-0.2484574,0.04286641,-1.016201,0.5084983,-0.5039379,0.4949337,0.49246,
1,1,2.011,-0.2484574,0.04286641,-1.016201,0.5084983,-0.5039379,0.4949337,0.49246,
1,1,2.013,-0.2484618,0.04287628,-1.016204,0.5085005,-0.5039255,0.4949376,0.4924664,
1,1,2.015,-0.2484618,0.04287628,-1.016204,0.5085005,-0.5039255,0.4949376,0.4924664,
1,1,2.017,-0.2484618,0.04287628,-1.016204,0.5085005,-0.5039255,0.4949376,0.4924664,
1,1,2.019,-0.2484618,0.04287628,-1.016204,0.5085005,-0.5039255,0.4949376,0.4924664,
1,1,2.021,-0.2484559,0.04287627,-1.0162,0.5084886,-0.5039239,0.4949394,0.4924786,
1,1,2.023,-0.2484559,0.04287627,-1.0162,0.5084886,-0.5039239,0.4949394,0.4924786,
1,1,2.025,-0.2484559,0.04287627,-1.0162,0.5084886,-0.5039239,0.4949394,0.4924786,
1,1,2.027,-0.2484559,0.04287627,-1.0162,0.5084886,-0.5039239,0.4949394,0.4924786,
1,1,2.029,-0.2484559,0.04287627,-1.0162,0.5084886,-0.5039239,0.4949394,0.4924786,
1,1,2.031,-0.2484561,0.04286832,-1.016205,0.5084835,-0.5039504,0.4949301,0.492466,
1,1,2.033,-0.2484561,0.04286832,-1.016205,0.5084835,-0.5039504,0.4949301,0.492466,
1,1,2.035,-0.2484561,0.04286832,-1.016205,0.5084835,-0.5039504,0.4949301,0.492466,
1,1,2.037,-0.2484561,0.04286832,-1.016205,0.5084835,-0.5039504,0.4949301,0.492466,
1,1,2.039,-0.2484641,0.04286365,-1.016207,0.5084938,-0.5039448,0.4949357,0.4924556,
1,1,2.041,-0.2484641,0.04286365,-1.016207,0.5084938,-0.5039448,0.4949357,0.4924556,
1,1,2.043,-0.2484641,0.04286365,-1.016207,0.5084938,-0.5039448,0.4949357,0.4924556,
1,1,2.045,-0.2484641,0.04286365,-1.016207,0.5084938,-0.5039448,0.4949357,0.4924556,
1,1,2.047,-0.2484664,0.04285615,-1.016206,0.5084963,-0.5039438,0.4949292,0.4924604,
1,1,2.049,-0.2484664,0.04285615,-1.016206,0.5084963,-0.5039438,0.4949292,0.4924604,
1,1,2.051,-0.2484664,0.04285615,-1.016206,0.5084963,-0.5039438,0.4949292,0.4924604,
1,1,2.053,-0.2484664,0.04285615,-1.016206,0.5084963,-0.5039438,0.4949292,0.4924604,
1,1,2.055,-0.2484669,0.04285646,-1.016196,0.5084953,-0.503925,0.4949404,0.4924694,
1,1,2.057,-0.2484669,0.04285646,-1.016196,0.5084953,-0.503925,0.4949404,0.4924694,
1,1,2.059,-0.2484669,0.04285646,-1.016196,0.5084953,-0.503925,0.4949404,0.4924694,
1,1,2.061,-0.2484669,0.04285646,-1.016196,0.5084953,-0.503925,0.4949404,0.4924694,
1,1,2.063,-0.2484592,0.04286019,-1.016192,0.5085011,-0.5039277,0.4949335,0.4924677,
1,1,2.065,-0.2484592,0.04286019,-1.016192,0.5085011,-0.5039277,0.4949335,0.4924677,
1,1,2.067,-0.2484592,0.04286019,-1.016192,0.5085011,-0.5039277,0.4949335,0.4924677,
1,1,2.069,-0.2484592,0.04286019,-1.016192,0.5085011,-0.5039277,0.4949335,0.4924677,
1,1,2.071,-0.2484558,0.04285353,-1.016198,0.5084959,-0.5039449,0.4949235,0.4924654,
1,1,2.073,-0.2484558,0.04285353,-1.016198,0.5084959,-0.5039449,0.4949235,0.4924654,
1,1,2.075,-0.2484558,0.04285353,-1.016198,0.5084959,-0.5039449,0.4949235,0.4924654,
1,1,2.077,-0.2484558,0.04285353,-1.016198,0.5084959,-0.5039449,0.4949235,0.4924654,
1,1,2.079,-0.2484563,0.04285705,-1.016196,0.5084919,-0.503956,0.4949119,0.4924698,
1,1,2.081,-0.2484563,0.04285705,-1.016196,0.5084919,-0.503956,0.4949119,0.4924698,CourtEnter
1,1,2.083,-0.2484563,0.04285705,-1.016196,0.5084919,-0.503956,0.4949119,0.4924698,
1,1,2.085,-0.2484563,0.04285705,-1.016196,0.5084919,-0.503956,0.4949119,0.4924698,
1,1,2.087,-0.2484582,0.04286315,-1.016199,0.5084745,-0.5039414,0.4949427,0.4924718,
1,1,2.089,-0.2484582,0.04286315,-1.016199,0.5084745,-0.5039414,0.4949427,0.4924718,
1,1,2.091,-0.2484582,0.04286315,-1.016199,0.5084745,-0.5039414,0.4949427,0.4924718,CourtExit
1,1,2.093,-0.2484582,0.04286315,-1.016199,0.5084745,-0.5039414,0.4949427,0.4924718,
1,1,2.095,-0.2484582,0.04286315,-1.016199,0.5084745,-0.5039414,0.4949427,0.4924718,
1,1,2.097,-0.2484556,0.04287913,-1.016193,0.5084761,-0.503938,0.4949422,0.4924742,
1,1,2.099,-0.2484556,0.04287913,-1.016193,0.5084761,-0.503938,0.4949422,0.4924742,
1,1,2.101,-0.2484556,0.04287913,-1.016193,0.5084761,-0.503938,0.4949422,0.4924742,
1,1,2.103,-0.2484556,0.04287913,-1.016193,0.5084761,-0.503938,0.4949422,0.4924742,
1,1,2.105,-0.2484624,0.04287188,-1.016191,0.5084851,-0.5039601,0.4949191,0.4924655,
1,1,2.107,-0.2484624,0.04287188,-1.016191,0.5084851,-0.5039601,0.4949191,0.4924655,
1,1,2.109,-0.2484624,0.04287188,-1.016191,0.5084851,-0.5039601,0.4949191,0.4924655,
1,1,2.111,-0.2484624,0.04287188,-1.016191,0.5084851,-0.5039601,0.4949191,0.4924655,
1,1,2.113,-0.248462,0.04286665,-1.016194,0.5085024,-0.5039369,0.4949335,0.4924568,
1,1,2.115,-0.248462,0.04286665,-1.016194,0.5085024,-0.5039369,0.4949335,0.4924568,
1,1,2.117,-0.248462,0.04286665,-1.016194,0.5085024,-0.5039369,0.4949335,0.4924568,
1,1,2.119,-0.248462,0.04286665,-1.016194,0.5085024,-0.5039369,0.4949335,0.4924568,
1,1,2.121,-0.2484696,0.04287022,-1.016204,0.5084857,-0.5039065,0.4949581,0.4924805,
1,1,2.123,-0.2484696,0.04287022,-1.016204,0.5084857,-0.5039065,0.4949581,0.4924805,
1,1,2.125,-0.2484696,0.04287022,-1.016204,0.5084857,-0.5039065,0.4949581,0.4924805,
1,1,2.127,-0.2484696,0.04287022,-1.016204,0.5084857,-0.5039065,0.4949581,0.4924805,
1,1,2.129,-0.2484681,0.04286211,-1.016198,0.5084971,-0.5039228,0.4949527,0.4924575,
1,1,2.131,-0.2484681,0.04286211,-1.016198,0.5084971,-0.5039228,0.4949527,0.4924575,
1,1,2.133,-0.2484681,0.04286211,-1.016198,0.5084971,-0.5039228,0.4949527,0.4924575,
1,1,2.135,-0.2484681,0.04286211,-1.016198,0.5084971,-0.5039228,0.4949527,0.4924575,
1,1,2.137,-0.2484587,0.04287103,-1.016199,0.5085127,-0.5039532,0.4949144,0.4924488,
1,1,2.139,-0.2484587,0.04287103,-1.016199,0.5085127,-0.5039532,0.4949144,0.4924488,
1,1,2.141,-0.2484587,0.04287103,-1.016199,0.5085127,-0.5039532,0.4949144,0.4924488,
1,1,2.143,-0.2484587,0.04287103,-1.016199,0.5085127,-0.5039532,0.4949144,0.4924488,
1,1,2.145,-0.2484587,0.04287103,-1.016199,0.5085127,-0.5039532,0.4949144,0.4924488,
1,1,2.147,-0.248458,0.04286117,-1.0162,0.5084941,-0.5039643,0.4949143,0.4924566,
1,1,2.149,-0.248458,0.04286117,-1.0162,0.5084941,-0.5039643,0.4949143,0.4924566,
1,1,2.151,-0.248458,0.04286117,-1.0162,0.5084941,-0.5039643,0.4949143,0.4924566,
1,1,2.153,-0.248458,0.04286117,-1.0162,0.5084941,-0.5039643,0.4949143,0.4924566,
1,1,2.155,-0.2484647,0.04286645,-1.016188,0.5084917,-0.5039358,0.4949433,0.4924592,
1,1,2.157,-0.2484647,0.04286645,-1.016188,0.5084917,-0.5039358,0.4949433,0.4924592,
1,1,2.159,-0.2484647,0.04286645,-1.016188,0.5084917,-0.5039358,0.4949433,0.4924592,
1,1,2.161,-0.2484647,0.04286645,-1.016188,0.5084917,-0.5039358,0.4949433,0.4924592,
1,1,2.163,-0.2484605,0.0428704,-1.016196,0.5084781,-0.5039189,0.4949484,0.4924854,
1,1,2.165,-0.2484605,0.0428704,-1.016196,0.5084781,-0.5039189,0.4949484,0.4924854,
1,1,2.167,-0.2484605,0.0428704,-1.016196,0.5084781,-0.5039189,0.4949484,0.4924854,
1,1,2.169,-0.2484605,0.0428704,-1.016196,0.5084781,-0.5039189,0.4949484,0.4924854,
1,1,2.171,-0.2484554,0.04286515,-1.016206,0.5084867,-0.5039371,0.4949436,0.4924628,
1,1,2.173,-0.2484554,0.04286515,-1.016206,0.5084867,-0.5039371,0.4949436,0.4924628,
1,1,2.175,-0.2484554,0.04286515,-1.016206,0.5084867,-0.5039371,0.4949436,0.4924628,
1,1,2.177,-0.2484554,0.04286515,-1.016206,0.5084867,-0.5039371,0.4949436,0.4924628,
1,1,2.179,-0.2484554,0.04286702,-1.016207,0.5084862,-0.5039391,0.4949418,0.4924631,
1,1,2.181,-0.2484554,0.04286702,-1.016207,0.5084862,-0.5039391,0.4949418,0.4924631,
1,1,2.183,-0.2484554,0.04286702,-1.016207,0.5084862,-0.5039391,0.4949418,0.4924631,
1,1,2.185,-0.2484554,0.04286702,-1.016207,0.5084862,-0.5039391,0.4949418,0.4924631,
1,1,2.187,-0.2484542,0.04286294,-1.016212,0.5084764,-0.5039548,0.4949306,0.4924684,
1,1,2.189,-0.2484542,0.04286294,-1.016212,0.5084764,-0.5039548,0.4949306,0.4924684,
1,1,2.191,-0.2484542,0.04286294,-1.016212,0.5084764,-0.5039548,0.4949306,0.4924684,
1,1,2.193,-0.2484542,0.04286294,-1.016212,0.5084764,-0.5039548,0.4949306,0.4924684,
1,1,2.195,-0.2484542,0.04286294,-1.016212,0.5084764,-0.5039548,0.4949306,0.4924684,
1,1,2.197,-0.2484585,0.04286336,-1.016213,0.5084733,-0.5039538,0.4949345,0.4924687,
1,1,2.199,-0.2484585,0.04286336,-1.016213,0.5084733,-0.5039538,0.4949345,0.4924687,
1,1,2.201,-0.2484585,0.04286336,-1.016213,0.5084733,-0.5039538,0.4949345,0.4924687,
1,1,2.203,-0.2484585,0.04286336,-1.016213,0.5084733,-0.5039538,0.4949345,0.4924687,
1,1,2.205,-0.2484578,0.04286358,-1.016201,0.5084832,-0.5039397,0.4949417,0.4924656,
1,1,2.207,-0.2484578,0.04286358,-1.016201,0.5084832,-0.5039397,0.4949417,0.4924656,
1,1,2.209,-0.2484578,0.04286358,-1.016201,0.5084832,-0.5039397,0.4949417,0.4924656,
1,1,2.211,-0.2484578,0.04286358,-1.016201,0.5084832,-0.5039397,0.4949417,0.4924656,
1,1,2.213,-0.2484775,0.04287077,-1.016196,0.5084763,-0.5039589,0.4949247,0.4924703,
1,1,2.215,-0.2484775,0.04287077,-1.016196,0.5084763,-0.5039589,0.4949247,0.4924703,
1,1,2.217,-0.2484775,0.04287077,-1.016196,0.5084763,-0.5039589,0.4949247,0.4924703,
1,1,2.219,-0.2484775,0.04287077,-1.016196,0.5084763,-0.5039589,0.4949247,0.4924703,
1,1,2.221,-0.2484764,0.042871,-1.016199,0.5084757,-0.5039682,0.4949176,0.4924685,
1,1,2.223,-0.2484764,0.042871,-1.016199,0.5084757,-0.5039682,0.4949176,0.4924685,
1,1,2.225,-0.2484764,0.042871,-1.016199,0.5084757,-0.5039682,0.4949176,0.4924685,
1,1,2.227,-0.2484764,0.042871,-1.016199,0.5084757,-0.5039682,0.4949176,0.4924685,
1,1,2.229,-0.2484722,0.04287941,-1.016196,0.5084738,-0.5039537,0.494937,0.4924658,
1,1,2.231,-0.2484722,0.04287941,-1.016196,0.5084738,-0.5039537,0.494937,0.4924658,
1,1,2.233,-0.2484722,0.04287941,-1.016196,0.5084738,-0.5039537,0.494937,0.4924658,
1,1,2.235,-0.2484722,0.04287941,-1.016196,0.5084738,-0.5039537,0.494937,0.4924658,
1,1,2.237,-0.2484681,0.0428741,-1.016188,0.5084676,-0.5039417,0.4949651,0.4924562,
1,1,2.239,-0.2484681,0.0428741,-1.016188,0.5084676,-0.5039417,0.4949651,0.4924562,
1,1,2.241,-0.2484681,0.0428741,-1.016188,0.5084676,-0.5039417,0.4949651,0.4924562,
1,1,2.243,-0.2484681,0.0428741,-1.016188,0.5084676,-0.5039417,0.4949651,0.4924562,
1,1,2.245,-0.2484647,0.04286481,-1.01619,0.508473,-0.5039441,0.4949614,0.492452,
1,1,2.247,-0.2484647,0.04286481,-1.01619,0.508473,-0.5039441,0.4949614,0.492452,
1,1,2.249,-0.2484647,0.04286481,-1.01619,0.508473,-0.5039441,0.4949614,0.492452,
1,1,2.251,-0.2484647,0.04286481,-1.01619,0.508473,-0.5039441,0.4949614,0.492452,
1,1,2.253,-0.2484647,0.04286481,-1.01619,0.508473,-0.5039441,0.4949614,0.492452,
1,1,2.255,-0.2484687,0.04286435,-1.016188,0.5084777,-0.503936,0.4949566,0.4924603,
1,1,2.257,-0.2484687,0.04286435,-1.016188,0.5084777,-0.503936,0.4949566,0.4924603,
1,1,2.259,-0.2484687,0.04286435,-1.016188,0.5084777,-0.503936,0.4949566,0.4924603,
1,1,2.261,-0.2484687,0.04286435,-1.016188,0.5084777,-0.503936,0.4949566,0.4924603,
1,1,2.263,-0.2484709,0.04287095,-1.016183,0.5084805,-0.5039307,0.4949568,0.4924625,
1,1,2.265,-0.2484709,0.04287095,-1.016183,0.5084805,-0.5039307,0.4949568,0.4924625,
1,1,2.267,-0.2484709,0.04287095,-1.016183,0.5084805,-0.5039307,0.4949568,0.4924625,
1,1,2.269,-0.2484709,0.04287095,-1.016183,0.5084805,-0.5039307,0.4949568,0.4924625,
1,1,2.271,-0.2484661,0.04288138,-1.01619,0.5084891,-0.5039403,0.4949353,0.4924654,
1,1,2.273,-0.2484661,0.04288138,-1.01619,0.5084891,-0.5039403,0.4949353,0.4924654,
1,1,2.275,-0.2484661,0.04288138,-1.01619,0.5084891,-0.5039403,0.4949353,0.4924654,
1,1,2.277,-0.2484661,0.04288138,-1.01619,0.5084891,-0.5039403,0.4949353,0.4924654,
1,1,2.279,-0.248462,0.0428791,-1.01619,0.508488,-0.5039307,0.4949412,0.4924704,
1,1,2.281,-0.248462,0.0428791,-1.01619,0.508488,-0.5039307,0.4949412,0.4924704,
1,1,2.283,-0.248462,0.0428791,-1.01619,0.508488,-0.5039307,0.4949412,0.4924704,
1,1,2.285,-0.248462,0.0428791,-1.01619,0.508488,-0.5039307,0.4949412,0.4924704,
1,1,2.287,-0.2484548,0.04287713,-1.016191,0.5084984,-0.503925,0.4949361,0.4924706,
1,1,2.289,-0.2484548,0.04287713,-1.016191,0.5084984,-0.503925,0.4949361,0.4924706,
1,1,2.291,-0.2484548,0.04287713,-1.016191,0.5084984,-0.503925,0.4949361,0.4924706,
1,1,2.293,-0.2484548,0.04287713,-1.016191,0.5084984,-0.503925,0.4949361,0.4924706,
1,1,2.295,-0.2484542,0.04287944,-1.01618,0.5084962,-0.503921,0.4949373,0.4924757,
1,1,2.297,-0.2484542,0.04287944,-1.01618,0.5084962,-0.503921,0.4949373,0.4924757,
1,1,2.299,-0.2484542,0.04287944,-1.01618,0.5084962,-0.503921,0.4949373,0.4924757,
1,1,2.301,-0.2484542,0.04287944,-1.01618,0.5084962,-0.503921,0.4949373,0.4924757,
1,1,2.303,-0.2484542,0.04287944,-1.01618,0.5084962,-0.503921,0.4949373,0.4924757,
1,1,2.305,-0.2484567,0.04288143,-1.016182,0.5084881,-0.5039214,0.4949472,0.4924739,
1,1,2.307,-0.2484567,0.04288143,-1.016182,0.5084881,-0.5039214,0.4949472,0.4924739,
1,1,2.309,-0.2484567,0.04288143,-1.016182,0.5084881,-0.5039214,0.4949472,0.4924739,
1,1,2.311,-0.2484567,0.04288143,-1.016182,0.5084881,-0.5039214,0.4949472,0.4924739,
1,1,2.313,-0.2484559,0.04288723,-1.016186,0.5084856,-0.503905,0.4949589,0.4924814,
1,1,2.315,-0.2484559,0.04288723,-1.016186,0.5084856,-0.503905,0.4949589,0.4924814,
1,1,2.317,-0.2484559,0.04288723,-1.016186,0.5084856,-0.503905,0.4949589,0.4924814,
1,1,2.319,-0.2484559,0.04288723,-1.016186,0.5084856,-0.503905,0.4949589,0.4924814,
1,1,2.321,-0.2484591,0.04287586,-1.016181,0.5084847,-0.5039018,0.4949458,0.4924989,
1,1,2.323,-0.2484591,0.04287586,-1.016181,0.5084847,-0.5039018,0.4949458,0.4924989,
1,1,2.325,-0.2484591,0.04287586,-1.016181,0.5084847,-0.5039018,0.4949458,0.4924989,
1,1,2.327,-0.2484591,0.04287586,-1.016181,0.5084847,-0.5039018,0.4949458,0.4924989,
1,1,2.329,-0.2484576,0.04288024,-1.016176,0.5084765,-0.5039065,0.4949369,0.4925113,
1,1,2.331,-0.2484576,0.04288024,-1.016176,0.5084765,-0.5039065,0.4949369,0.4925113,
1,1,2.333,-0.2484576,0.04288024,-1.016176,0.5084765,-0.5039065,0.4949369,0.4925113,
1,1,2.335,-0.2484576,0.04288024,-1.016176,0.5084765,-0.5039065,0.4949369,0.4925113,
1,1,2.337,-0.2484522,0.04288168,-1.01618,0.5084788,-0.5039036,0.4949405,0.4925082,
1,1,2.339,-0.2484522,0.04288168,-1.01618,0.5084788,-0.5039036,0.4949405,0.4925082,
1,1,2.341,-0.2484522,0.04288168,-1.01618,0.5084788,-0.5039036,0.4949405,0.4925082,
1,1,2.343,-0.2484522,0.04288168,-1.01618,0.5084788,-0.5039036,0.4949405,0.4925082,
1,1,2.345,-0.2484571,0.04288213,-1.016189,0.5084929,-0.5038934,0.4949514,0.4924933,
1,1,2.347,-0.2484571,0.04288213,-1.016189,0.5084929,-0.5038934,0.4949514,0.4924933,
1,1,2.349,-0.2484571,0.04288213,-1.016189,0.5084929,-0.5038934,0.4949514,0.4924933,
1,1,2.351,-0.2484571,0.04288213,-1.016189,0.5084929,-0.5038934,0.4949514,0.4924933,
1,1,2.353,-0.2484464,0.04288459,-1.016191,0.508497,-0.5038766,0.4949588,0.4924989,
1,1,2.355,-0.2484464,0.04288459,-1.016191,0.508497,-0.5038766,0.4949588,0.4924989,
1,1,2.357,-0.2484464,0.04288459,-1.016191,0.508497,-0.5038766,0.4949588,0.4924989,
1,1,2.359,-0.2484464,0.04288459,-1.016191,0.508497,-0.5038766,0.4949588,0.4924989,
1,1,2.361,-0.2484539,0.04288475,-1.016194,0.5085016,-0.503873,0.494971,0.4924855,
1,1,2.363,-0.2484539,0.04288475,-1.016194,0.5085016,-0.503873,0.494971,0.4924855,
1,1,2.365,-0.2484539,0.04288475,-1.016194,0.5085016,-0.503873,0.494971,0.4924855,
1,1,2.367,-0.2484539,0.04288475,-1.016194,0.5085016,-0.503873,0.494971,0.4924855,
1,1,2.369,-0.2484612,0.04288344,-1.016189,0.5085091,-0.5038684,0.4949738,0.4924796,
1,1,2.371,-0.2484612,0.04288344,-1.016189,0.5085091,-0.5038684,0.4949738,0.4924796,
1,1,2.373,-0.2484612,0.04288344,-1.016189,0.5085091,-0.5038684,0.4949738,0.4924796,
1,1,2.375,-0.2484612,0.04288344,-1.016189,0.5085091,-0.5038684,0.4949738,0.4924796,
1,1,2.377,-0.2484612,0.04288344,-1.016189,0.5085091,-0.5038684,0.4949738,0.4924796,
1,1,2.379,-0.2484671,0.04288267,-1.016192,0.5085129,-0.5038726,0.4949671,0.4924781,
1,1,2.381,-0.2484671,0.04288267,-1.016192,0.5085129,-0.5038726,0.4949671,0.4924781,
1,1,2.383,-0.2484671,0.04288267,-1.016192,0.5085129,-0.5038726,0.4949671,0.4924781,
1,1,2.385,-0.2484671,0.04288267,-1.016192,0.5085129,-0.5038726,0.4949671,0.4924781,
1,1,2.387,-0.2484608,0.04288663,-1.016189,0.5085081,-0.5039033,0.4949459,0.492473,
1,1,2.389,-0.2484608,0.04288663,-1.016189,0.5085081,-0.5039033,0.4949459,0.492473,
1,1,2.391,-0.2484608,0.04288663,-1.016189,0.5085081,-0.5039033,0.4949459,0.492473,
1,1,2.393,-0.2484608,0.04288663,-1.016189,0.5085081,-0.5039033,0.4949459,0.492473,
1,1,2.395,-0.2484577,0.04288058,-1.016196,0.5085084,-0.5039274,0.4949335,0.4924604,
1,1,2.397,-0.2484577,0.04288058,-1.016196,0.5085084,-0.5039274,0.4949335,0.4924604,
1,1,2.399,-0.2484577,0.04288058,-1.016196,0.5085084,-0.5039274,0.4949335,0.4924604,
1,1,2.401,-0.2484577,0.04288058,-1.016196,0.5085084,-0.5039274,0.4949335,0.4924604,
1,1,2.403,-0.2484587,0.04288145,-1.016193,0.5085053,-0.5039316,0.4949296,0.4924632,
1,1,2.405,-0.2484587,0.04288145,-1.016193,0.5085053,-0.5039316,0.4949296,0.4924632,
1,1,2.407,-0.2484587,0.04288145,-1.016193,0.5085053,-0.5039316,0.4949296,0.4924632,
1,1,2.409,-0.2484587,0.04288145,-1.016193,0.5085053,-0.5039316,0.4949296,0.4924632,
1,1,2.411,-0.248458,0.04288556,-1.016193,0.5085115,-0.503913,0.4949464,0.4924591,
1,1,2.413,-0.248458,0.04288556,-1.016193,0.5085115,-0.503913,0.4949464,0.4924591,
1,1,2.415,-0.248458,0.04288556,-1.016193,0.5085115,-0.503913,0.4949464,0.4924591,
1,1,2.417,-0.248458,0.04288556,-1.016193,0.5085115,-0.503913,0.4949464,0.4924591,
1,1,2.419,-0.2484614,0.04287456,-1.016198,0.5085168,-0.5039347,0.4949149,0.4924629,
1,1,2.421,-0.2484614,0.04287456,-1.016198,0.5085168,-0.5039347,0.4949149,0.4924629,
1,1,2.423,-0.2484614,0.04287456,-1.016198,0.5085168,-0.5039347,0.4949149,0.4924629,
1,1,2.425,-0.2484614,0.04287456,-1.016198,0.5085168,-0.5039347,0.4949149,0.4924629,
1,1,2.427,-0.2484614,0.04287456,-1.016198,0.5085168,-0.5039347,0.4949149,0.4924629,
1,1,2.429,-0.2484588,0.04286303,-1.016195,0.5085235,-0.5039299,0.4949227,0.4924532,
1,1,2.431,-0.2484588,0.04286303,-1.016195,0.5085235,-0.5039299,0.4949227,0.4924532,
1,1,2.433,-0.2484588,0.04286303,-1.016195,0.5085235,-0.5039299,0.4949227,0.4924532,
1,1,2.435,-0.2484588,0.04286303,-1.016195,0.5085235,-0.5039299,0.4949227,0.4924532,
1,1,2.437,-0.2484597,0.0428674,-1.016184,0.5085138,-0.5039303,0.4949309,0.4924545,
1,1,2.439,-0.2484597,0.0428674,-1.016184,0.5085138,-0.5039303,0.4949309,0.4924545,
1,1,2.441,-0.2484597,0.0428674,-1.016184,0.5085138,-0.5039303,0.4949309,0.4924545,
1,1,2.443,-0.2484597,0.0428674,-1.016184,0.5085138,-0.5039303,0.4949309,0.4924545,
1,1,2.445,-0.2484504,0.04287367,-1.016184,0.5085077,-0.5039061,0.4949583,0.492458,
1,1,2.447,-0.2484504,0.04287367,-1.016184,0.5085077,-0.5039061,0.4949583,0.492458,
1,1,2.449,-0.2484504,0.04287367,-1.016184,0.5085077,-0.5039061,0.4949583,0.492458,
1,1,2.451,-0.2484504,0.04287367,-1.016184,0.5085077,-0.5039061,0.4949583,0.492458,
1,1,2.453,-0.2484446,0.04287697,-1.016197,0.5084973,-0.5039203,0.4949447,0.4924679,
1,1,2.455,-0.2484446,0.04287697,-1.016197,0.5084973,-0.5039203,0.4949447,0.4924679,
1,1,2.457,-0.2484446,0.04287697,-1.016197,0.5084973,-0.5039203,0.4949447,0.4924679,
1,1,2.459,-0.2484446,0.04287697,-1.016197,0.5084973,-0.5039203,0.4949447,0.4924679,
1,1,2.461,-0.2484475,0.04286972,-1.016195,0.5084971,-0.5039271,0.4949349,0.4924709,
1,1,2.463,-0.2484475,0.04286972,-1.016195,0.5084971,-0.5039271,0.4949349,0.4924709,
1,1,2.465,-0.2484475,0.04286972,-1.016195,0.5084971,-0.5039271,0.4949349,0.4924709,
1,1,2.467,-0.2484475,0.04286972,-1.016195,0.5084971,-0.5039271,0.4949349,0.4924709,
1,1,2.469,-0.2484441,0.0428627,-1.016196,0.5085054,-0.50393,0.494936,0.4924583,
1,1,2.471,-0.2484441,0.0428627,-1.016196,0.5085054,-0.50393,0.494936,0.4924583,
1,1,2.473,-0.2484441,0.0428627,-1.016196,0.5085054,-0.50393,0.494936,0.4924583,
1,1,2.475,-0.2484441,0.0428627,-1.016196,0.5085054,-0.50393,0.494936,0.4924583,
1,1,2.477,-0.2484441,0.0428627,-1.016196,0.5085054,-0.50393,0.494936,0.4924583,
1,1,2.479,-0.2484471,0.04285894,-1.016205,0.5084976,-0.5039282,0.4949355,0.4924687,
1,1,2.481,-0.2484471,0.04285894,-1.016205,0.5084976,-0.5039282,0.4949355,0.4924687,
1,1,2.483,-0.2484471,0.04285894,-1.016205,0.5084976,-0.5039282,0.4949355,0.4924687,
1,1,2.485,-0.2484471,0.04285894,-1.016205,0.5084976,-0.5039282,0.4949355,0.4924687,
1,1,2.487,-0.2484582,0.04286322,-1.016197,0.5085149,-0.5039474,0.4949153,0.4924517,
1,1,2.489,-0.2484582,0.04286322,-1.016197,0.5085149,-0.5039474,0.4949153,0.4924517,
1,1,2.491,-0.2484582,0.04286322,-1.016197,0.5085149,-0.5039474,0.4949153,0.4924517,
1,1,2.493,-0.2484582,0.04286322,-1.016197,0.5085149,-0.5039474,0.4949153,0.4924517,
1,1,2.495,-0.2484622,0.04286696,-1.016199,0.5085211,-0.5039685,0.4948972,0.4924417,
1,1,2.497,-0.2484622,0.04286696,-1.016199,0.5085211,-0.5039685,0.4948972,0.4924417,
1,1,2.499,-0.2484622,0.04286696,-1.016199,0.5085211,-0.5039685,0.4948972,0.4924417,
1,1,2.501,-0.2484622,0.04286696,-1.016199,0.5085211,-0.5039685,0.4948972,0.4924417,
1,1,2.503,-0.2484635,0.04286375,-1.016191,0.5085043,-0.5039665,0.494897,0.4924614,
1,1,2.505,-0.2484635,0.04286375,-1.016191,0.5085043,-0.5039665,0.494897,0.4924614,
1,1,2.507,-0.2484635,0.04286375,-1.016191,0.5085043,-0.5039665,0.494897,0.4924614,
1,1,2.509,-0.2484635,0.04286375,-1.016191,0.5085043,-0.5039665,0.494897,0.4924614,
1,1,2.511,-0.2484571,0.04286917,-1.016191,0.5085006,-0.503947,0.494912,0.4924702,
1,1,2.513,-0.2484571,0.04286917,-1.016191,0.5085006,-0.503947,0.494912,0.4924702,
1,1,2.515,-0.2484571,0.04286917,-1.016191,0.5085006,-0.503947,0.494912,0.4924702,
1,1,2.517,-0.2484571,0.04286917,-1.016191,0.5085006,-0.503947,0.494912,0.4924702,
1,1,2.519,-0.2484416,0.04287378,-1.016198,0.5084709,-0.5039195,0.4949445,0.4924962,
1,1,2.521,-0.2484416,0.04287378,-1.016198,0.5084709,-0.5039195,0.4949445,0.4924962,
1,1,2.523,-0.2484416,0.04287378,-1.016198,0.5084709,-0.5039195,0.4949445,0.4924962,
1,1,2.525,-0.2484416,0.04287378,-1.016198,0.5084709,-0.5039195,0.4949445,0.4924962,
1,1,2.527,-0.248443,0.04287042,-1.01621,0.5084966,-0.5039228,0.4949329,0.492478,
1,1,2.529,-0.248443,0.04287042,-1.01621,0.5084966,-0.5039228,0.4949329,0.492478,
1,1,2.531,-0.248443,0.04287042,-1.01621,0.5084966,-0.5039228,0.4949329,0.492478,
1,1,2.533,-0.248443,0.04287042,-1.01621,0.5084966,-0.5039228,0.4949329,0.492478,
1,1,2.535,-0.248443,0.04287042,-1.01621,0.5084966,-0.5039228,0.4949329,0.492478,
1,1,2.537,-0.2484383,0.04287665,-1.016205,0.5084992,-0.5039185,0.4949307,0.4924819,
1,1,2.539,-0.2484383,0.04287665,-1.016205,0.5084992,-0.5039185,0.4949307,0.4924819,
1,1,2.541,-0.2484383,0.04287665,-1.016205,0.5084992,-0.5039185,0.4949307,0.4924819,
1,1,2.543,-0.2484383,0.04287665,-1.016205,0.5084992,-0.5039185,0.4949307,0.4924819,
1,1,2.545,-0.2484363,0.04287301,-1.016206,0.5084952,-0.5039155,0.4949341,0.4924857,
1,1,2.547,-0.2484363,0.04287301,-1.016206,0.5084952,-0.5039155,0.4949341,0.4924857,
1,1,2.549,-0.2484363,0.04287301,-1.016206,0.5084952,-0.5039155,0.4949341,0.4924857,
1,1,2.551,-0.2484363,0.04287301,-1.016206,0.5084952,-0.5039155,0.4949341,0.4924857,
1,1,2.553,-0.2484343,0.04287998,-1.016221,0.5084972,-0.5039083,0.494941,0.4924839,
1,1,2.555,-0.2484343,0.04287998,-1.016221,0.5084972,-0.5039083,0.494941,0.4924839,
1,1,2.557,-0.2484343,0.04287998,-1.016221,0.5084972,-0.5039083,0.494941,0.4924839,
1,1,2.559,-0.2484343,0.04287998,-1.016221,0.5084972,-0.5039083,0.494941,0.4924839,
1,1,2.561,-0.2484427,0.04287385,-1.01622,0.5085029,-0.503912,0.4949397,0.4924757,
1,1,2.563,-0.2484427,0.04287385,-1.01622,0.5085029,-0.503912,0.4949397,0.4924757,
1,1,2.565,-0.2484427,0.04287385,-1.01622,0.5085029,-0.503912,0.4949397,0.4924757,
1,1,2.567,-0.2484427,0.04287385,-1.01622,0.5085029,-0.503912,0.4949397,0.4924757,
1,1,2.569,-0.2484432,0.04286616,-1.016213,0.5085139,-0.5039168,0.4949245,0.4924746,
1,1,2.571,-0.2484432,0.04286616,-1.016213,0.5085139,-0.5039168,0.4949245,0.4924746,
1,1,2.573,-0.2484432,0.04286616,-1.016213,0.5085139,-0.5039168,0.4949245,0.4924746,
1,1,2.575,-0.2484432,0.04286616,-1.016213,0.5085139,-0.5039168,0.4949245,0.4924746,
1,1,2.577,-0.2484416,0.04285988,-1.016216,0.5085123,-0.5039176,0.4949176,0.4924823,
1,1,2.579,-0.2484416,0.04285988,-1.016216,0.5085123,-0.5039176,0.4949176,0.4924823,
1,1,2.581,-0.2484416,0.04285988,-1.016216,0.5085123,-0.5039176,0.4949176,0.4924823,
1,1,2.583,-0.2484416,0.04285988,-1.016216,0.5085123,-0.5039176,0.4949176,0.4924823,
1,1,2.585,-0.2484494,0.04286641,-1.016216,0.5084814,-0.5039177,0.4949435,0.4924883,
1,1,2.587,-0.2484494,0.04286641,-1.016216,0.5084814,-0.5039177,0.4949435,0.4924883,
1,1,2.589,-0.2484494,0.04286641,-1.016216,0.5084814,-0.5039177,0.4949435,0.4924883,
1,1,2.591,-0.2484494,0.04286641,-1.016216,0.5084814,-0.5039177,0.4949435,0.4924883,
1,1,2.593,-0.2484349,0.04286553,-1.016213,0.5084648,-0.5039212,0.4949498,0.4924955,
1,1,2.595,-0.2484349,0.04286553,-1.016213,0.5084648,-0.5039212,0.4949498,0.4924955,
1,1,2.597,-0.2484349,0.04286553,-1.016213,0.5084648,-0.5039212,0.4949498,0.4924955,
1,1,2.599,-0.2484349,0.04286553,-1.016213,0.5084648,-0.5039212,0.4949498,0.4924955,
1,1,2.601,-0.2484349,0.04286553,-1.016213,0.5084648,-0.5039212,0.4949498,0.4924955,
1,1,2.603,-0.24843,0.04285932,-1.016212,0.5084751,-0.5039147,0.4949565,0.4924847,
1,1,2.605,-0.24843,0.04285932,-1.016212,0.5084751,-0.5039147,0.4949565,0.4924847,
1,1,2.607,-0.24843,0.04285932,-1.016212,0.5084751,-0.5039147,0.4949565,0.4924847,
1,1,2.609,-0.24843,0.04285932,-1.016212,0.5084751,-0.5039147,0.4949565,0.4924847,
1,1,2.611,-0.2484347,0.04285545,-1.016213,0.5084966,-0.5039175,0.4949425,0.4924737,
1,1,2.613,-0.2484347,0.04285545,-1.016213,0.5084966,-0.5039175,0.4949425,0.4924737,
1,1,2.615,-0.2484347,0.04285545,-1.016213,0.5084966,-0.5039175,0.4949425,0.4924737,
1,1,2.617,-0.2484347,0.04285545,-1.016213,0.5084966,-0.5039175,0.4949425,0.4924737,
1,1,2.619,-0.2484303,0.04285351,-1.016207,0.5085133,-0.5039149,0.4949483,0.4924532,
1,1,2.621,-0.2484303,0.04285351,-1.016207,0.5085133,-0.5039149,0.4949483,0.4924532,
1,1,2.623,-0.2484303,0.04285351,-1.016207,0.5085133,-0.5039149,0.4949483,0.4924532,
1,1,2.625,-0.2484303,0.04285351,-1.016207,0.5085133,-0.5039149,0.4949483,0.4924532,
1,1,2.627,-0.2484391,0.04286396,-1.016197,0.508505,-0.5039208,0.4949479,0.4924563,
1,1,2.629,-0.2484391,0.04286396,-1.016197,0.508505,-0.5039208,0.4949479,0.4924563,
1,1,2.631,-0.2484391,0.04286396,-1.016197,0.508505,-0.5039208,0.4949479,0.4924563,
1,1,2.633,-0.2484391,0.04286396,-1.016197,0.508505,-0.5039208,0.4949479,0.4924563,
1,1,2.635,-0.2484415,0.04286427,-1.016197,0.5085031,-0.5039368,0.4949366,0.4924532,
1,1,2.637,-0.2484415,0.04286427,-1.016197,0.5085031,-0.5039368,0.4949366,0.4924532,
1,1,2.639,-0.2484415,0.04286427,-1.016197,0.5085031,-0.5039368,0.4949366,0.4924532,
1,1,2.641,-0.2484415,0.04286427,-1.016197,0.5085031,-0.5039368,0.4949366,0.4924532,
1,1,2.643,-0.2484373,0.04285949,-1.016202,0.5085071,-0.5039225,0.4949499,0.4924504,
1,1,2.645,-0.2484373,0.04285949,-1.016202,0.5085071,-0.5039225,0.4949499,0.4924504,
1,1,2.647,-0.2484373,0.04285949,-1.016202,0.5085071,-0.5039225,0.4949499,0.4924504,
1,1,2.649,-0.2484373,0.04285949,-1.016202,0.5085071,-0.5039225,0.4949499,0.4924504,
1,1,2.651,-0.2484373,0.04287086,-1.016202,0.5085109,-0.5039065,0.494965,0.4924476,
1,1,2.653,-0.2484373,0.04287086,-1.016202,0.5085109,-0.5039065,0.494965,0.4924476,
1,1,2.655,-0.2484373,0.04287086,-1.016202,0.5085109,-0.5039065,0.494965,0.4924476,
1,1,2.657,-0.2484373,0.04287086,-1.016202,0.5085109,-0.5039065,0.494965,0.4924476,
1,1,2.659,-0.2484373,0.04287086,-1.016202,0.5085109,-0.5039065,0.494965,0.4924476,
1,1,2.661,-0.248441,0.04286736,-1.016193,0.5084854,-0.5039453,0.4949453,0.4924539,
1,1,2.663,-0.248441,0.04286736,-1.016193,0.5084854,-0.5039453,0.4949453,0.4924539,
1,1,2.665,-0.248441,0.04286736,-1.016193,0.5084854,-0.5039453,0.4949453,0.4924539,
1,1,2.667,-0.248441,0.04286736,-1.016193,0.5084854,-0.5039453,0.4949453,0.4924539,
1,1,2.669,-0.24843,0.04286378,-1.016187,0.5084826,-0.5039381,0.4949506,0.4924589,
1,1,2.671,-0.24843,0.04286378,-1.016187,0.5084826,-0.5039381,0.4949506,0.4924589,
1,1,2.673,-0.24843,0.04286378,-1.016187,0.5084826,-0.5039381,0.4949506,0.4924589,
1,1,2.675,-0.24843,0.04286378,-1.016187,0.5084826,-0.5039381,0.4949506,0.4924589,
1,1,2.677,-0.2484352,0.04286313,-1.0162,0.5084927,-0.5039429,0.4949439,0.4924504,
1,1,2.679,-0.2484352,0.04286313,-1.0162,0.5084927,-0.5039429,0.4949439,0.4924504,
1,1,2.681,-0.2484352,0.04286313,-1.0162,0.5084927,-0.5039429,0.4949439,0.4924504,
1,1,2.683,-0.2484352,0.04286313,-1.0162,0.5084927,-0.5039429,0.4949439,0.4924504,
1,1,2.685,-0.2484433,0.0428603,-1.016208,0.5085079,-0.5039526,0.4949234,0.4924454,
1,1,2.687,-0.2484433,0.0428603,-1.016208,0.5085079,-0.5039526,0.4949234,0.4924454,
1,1,2.689,-0.2484433,0.0428603,-1.016208,0.5085079,-0.5039526,0.4949234,0.4924454,
1,1,2.691,-0.2484433,0.0428603,-1.016208,0.5085079,-0.5039526,0.4949234,0.4924454,
1,1,2.693,-0.248447,0.04286264,-1.016205,0.5085219,-0.5039554,0.4949185,0.492433,
1,1,2.695,-0.248447,0.04286264,-1.016205,0.5085219,-0.5039554,0.4949185,0.492433,
1,1,2.697,-0.248447,0.04286264,-1.016205,0.5085219,-0.5039554,0.4949185,0.492433,
1,1,2.699,-0.248447,0.04286264,-1.016205,0.5085219,-0.5039554,0.4949185,0.492433,
1,1,2.701,-0.2484477,0.04286229,-1.016194,0.5085135,-0.503938,0.4949521,0.4924258,
1,1,2.703,-0.2484477,0.04286229,-1.016194,0.5085135,-0.503938,0.4949521,0.4924258,
1,1,2.705,-0.2484477,0.04286229,-1.016194,0.5085135,-0.503938,0.4949521,0.4924258,
1,1,2.707,-0.2484477,0.04286229,-1.016194,0.5085135,-0.503938,0.4949521,0.4924258,
1,1,2.709,-0.2484409,0.04287592,-1.016196,0.5085133,-0.5039272,0.4949623,0.4924267,
1,1,2.711,-0.2484409,0.04287592,-1.016196,0.5085133,-0.5039272,0.4949623,0.4924267,
1,1,2.713,-0.2484409,0.04287592,-1.016196,0.5085133,-0.5039272,0.4949623,0.4924267,
1,1,2.715,-0.2484409,0.04287592,-1.016196,0.5085133,-0.5039272,0.4949623,0.4924267,
1,1,2.717,-0.2484427,0.0428777,-1.016192,0.5085307,-0.5039211,0.4949494,0.4924278,
1,1,2.719,-0.2484427,0.0428777,-1.016192,0.5085307,-0.5039211,0.4949494,0.4924278,
1,1,2.721,-0.2484427,0.0428777,-1.016192,0.5085307,-0.5039211,0.4949494,0.4924278,
1,1,2.723,-0.2484427,0.0428777,-1.016192,0.5085307,-0.5039211,0.4949494,0.4924278,
1,1,2.725,-0.2484493,0.0428852,-1.016198,0.5085202,-0.5039131,0.4949554,0.4924408,
1,1,2.727,-0.2484493,0.0428852,-1.016198,0.5085202,-0.5039131,0.4949554,0.4924408,
1,1,2.729,-0.2484493,0.0428852,-1.016198,0.5085202,-0.5039131,0.4949554,0.4924408,
1,1,2.731,-0.2484493,0.0428852,-1.016198,0.5085202,-0.5039131,0.4949554,0.4924408,
1,1,2.733,-0.2484493,0.0428852,-1.016198,0.5085202,-0.5039131,0.4949554,0.4924408,
1,1,2.735,-0.2484519,0.04288116,-1.016199,0.5085161,-0.5039189,0.4949565,0.492438,
1,1,2.737,-0.2484519,0.04288116,-1.016199,0.5085161,-0.5039189,0.4949565,0.492438,
1,1,2.739,-0.2484519,0.04288116,-1.016199,0.5085161,-0.5039189,0.4949565,0.492438,
1,1,2.741,-0.2484519,0.04288116,-1.016199,0.5085161,-0.5039189,0.4949565,0.492438,
1,1,2.743,-0.2484507,0.04288071,-1.016188,0.5085218,-0.5039096,0.4949724,0.4924257,
1,1,2.745,-0.2484507,0.04288071,-1.016188,0.5085218,-0.5039096,0.4949724,0.4924257,
1,1,2.747,-0.2484507,0.04288071,-1.016188,0.5085218,-0.5039096,0.4949724,0.4924257,
1,1,2.749,-0.2484507,0.04288071,-1.016188,0.5085218,-0.5039096,0.4949724,0.4924257,
1,1,2.751,-0.2484557,0.04287789,-1.016189,0.5085279,-0.5039266,0.4949649,0.4924096,
1,1,2.753,-0.2484557,0.04287789,-1.016189,0.5085279,-0.5039266,0.4949649,0.4924096,
1,1,2.755,-0.2484557,0.04287789,-1.016189,0.5085279,-0.5039266,0.4949649,0.4924096,CourtEnter
1,1,2.757,-0.2484557,0.04287789,-1.016189,0.5085279,-0.5039266,0.4949649,0.4924096,
1,1,2.759,-0.2484574,0.04287671,-1.016191,0.5085288,-0.5039161,0.4949719,0.4924125,
1,1,2.761,-0.2484574,0.04287671,-1.016191,0.5085288,-0.5039161,0.4949719,0.4924125,
1,1,2.763,-0.2484574,0.04287671,-1.016191,0.5085288,-0.5039161,0.4949719,0.4924125,
1,1,2.765,-0.2484574,0.04287671,-1.016191,0.5085288,-0.5039161,0.4949719,0.4924125,
1,1,2.767,-0.2484549,0.04287214,-1.016189,0.5085222,-0.5039172,0.4949623,0.4924276,CourtExit
1,1,2.769,-0.2484549,0.04287214,-1.016189,0.5085222,-0.5039172,0.4949623,0.4924276,
1,1,2.771,-0.2484549,0.04287214,-1.016189,0.5085222,-0.5039172,0.4949623,0.4924276,
1,1,2.773,-0.2484549,0.04287214,-1.016189,0.5085222,-0.5039172,0.4949623,0.4924276,
1,1,2.775,-0.2484484,0.0428764,-1.016193,0.5085316,-0.5039217,0.4949613,0.4924142,
1,1,2.777,-0.2484484,0.0428764,-1.016193,0.5085316,-0.5039217,0.4949613,0.4924142,
1,1,2.779,-0.2484484,0.0428764,-1.016193,0.5085316,-0.5039217,0.4949613,0.4924142,
1,1,2.781,-0.2484484,0.0428764,-1.016193,0.5085316,-0.5039217,0.4949613,0.4924142,
1,1,2.783,-0.2484473,0.0428705,-1.016197,0.5085076,-0.5039309,0.494963,0.4924279,
1,1,2.785,-0.2484473,0.0428705,-1.016197,0.5085076,-0.5039309,0.494963,0.4924279,
1,1,2.787,-0.2484473,0.0428705,-1.016197,0.5085076,-0.5039309,0.494963,0.4924279,
1,1,2.789,-0.2484473,0.0428705,-1.016197,0.5085076,-0.5039309,0.494963,0.4924279,
1,1,2.791,-0.2484473,0.0428705,-1.016197,0.5085076,-0.5039309,0.494963,0.4924279,
1,1,2.793,-0.2484493,0.04287431,-1.016192,0.5084882,-0.503949,0.4949423,0.4924503,
1,1,2.795,-0.2484493,0.04287431,-1.016192,0.5084882,-0.503949,0.4949423,0.4924503,
1,1,2.797,-0.2484493,0.04287431,-1.016192,0.5084882,-0.503949,0.4949423,0.4924503,
1,1,2.799,-0.2484493,0.04287431,-1.016192,0.5084882,-0.503949,0.4949423,0.4924503,
1,1,2.801,-0.2484492,0.04286411,-1.016193,0.5084972,-0.5039589,0.4949321,0.492441,
1,1,2.803,-0.2484492,0.04286411,-1.016193,0.5084972,-0.5039589,0.4949321,0.492441,
1,1,2.805,-0.2484492,0.04286411,-1.016193,0.5084972,-0.5039589,0.4949321,0.492441,
1,1,2.807,-0.2484492,0.04286411,-1.016193,0.5084972,-0.5039589,0.4949321,0.492441,
1,1,2.809,-0.2484502,0.04286512,-1.016195,0.5085032,-0.5039644,0.4949178,0.4924438,
1,1,2.811,-0.2484502,0.04286512,-1.016195,0.5085032,-0.5039644,0.4949178,0.4924438,
1,1,2.813,-0.2484502,0.04286512,-1.016195,0.5085032,-0.5039644,0.4949178,0.4924438,
1,1,2.815,-0.2484502,0.04286512,-1.016195,0.5085032,-0.5039644,0.4949178,0.4924438,
1,1,2.817,-0.2484508,0.04286597,-1.016195,0.5085094,-0.5039812,0.4948941,0.4924439,
1,1,2.819,-0.2484508,0.04286597,-1.016195,0.5085094,-0.5039812,0.4948941,0.4924439,
1,1,2.821,-0.2484508,0.04286597,-1.016195,0.5085094,-0.5039812,0.4948941,0.4924439,
1,1,2.823,-0.2484508,0.04286597,-1.016195,0.5085094,-0.5039812,0.4948941,0.4924439,
1,1,2.825,-0.2484532,0.04287268,-1.016194,0.5085148,-0.5039791,0.4948982,0.4924363,
1,1,2.827,-0.2484532,0.04287268,-1.016194,0.5085148,-0.5039791,0.4948982,0.4924363,
1,1,2.829,-0.2484532,0.04287268,-1.016194,0.5085148,-0.5039791,0.4948982,0.4924363,
1,1,2.831,-0.2484532,0.04287268,-1.016194,0.5085148,-0.5039791,0.4948982,0.4924363,
1,1,2.833,-0.2484572,0.0428796,-1.016204,0.5085217,-0.5039862,0.4948837,0.4924367,
1,1,2.835,-0.2484572,0.0428796,-1.016204,0.5085217,-0.5039862,0.4948837,0.4924367,
1,1,2.837,-0.2484572,0.0428796,-1.016204,0.5085217,-0.5039862,0.4948837,0.4924367,
1,1,2.839,-0.2484572,0.0428796,-1.016204,0.5085217,-0.5039862,0.4948837,0.4924367,
1,1,2.841,-0.2484421,0.04287083,-1.016191,0.5085155,-0.5039385,0.4949257,0.4924496,
1,1,2.843,-0.2484421,0.04287083,-1.016191,0.5085155,-0.5039385,0.4949257,0.4924496,
1,1,2.845,-0.2484421,0.04287083,-1.016191,0.5085155,-0.5039385,0.4949257,0.4924496,
1,1,2.847,-0.2484421,0.04287083,-1.016191,0.5085155,-0.5039385,0.4949257,0.4924496,
1,1,2.849,-0.2484472,0.0428627,-1.016193,0.5085198,-0.5039386,0.4949264,0.4924444,
1,1,2.851,-0.2484472,0.0428627,-1.016193,0.5085198,-0.5039386,0.4949264,0.4924444,
1,1,2.853,-0.2484472,0.0428627,-1.016193,0.5085198,-0.5039386,0.4949264,0.4924444,
1,1,2.855,-0.2484472,0.0428627,-1.016193,0.5085198,-0.5039386,0.4949264,0.4924444,
1,1,2.857,-0.2484472,0.0428627,-1.016193,0.5085198,-0.5039386,0.4949264,0.4924444,
1,1,2.859,-0.2484391,0.04285702,-1.01619,0.5085051,-0.5039337,0.4949439,0.492447,
1,1,2.861,-0.2484391,0.04285702,-1.01619,0.5085051,-0.5039337,0.4949439,0.492447,
1,1,2.863,-0.2484391,0.04285702,-1.01619,0.5085051,-0.5039337,0.4949439,0.492447,
1,1,2.865,-0.2484391,0.04285702,-1.01619,0.5085051,-0.5039337,0.4949439,0.492447,
1,1,2.867,-0.248443,0.04286332,-1.016188,0.508515,-0.5039324,0.4949441,0.4924379,
1,1,2.869,-0.248443,0.04286332,-1.016188,0.508515,-0.5039324,0.4949441,0.4924379,
1,1,2.871,-0.248443,0.04286332,-1.016188,0.508515,-0.5039324,0.4949441,0.4924379,
1,1,2.873,-0.248443,0.04286332,-1.016188,0.508515,-0.5039324,0.4949441,0.4924379,
1,1,2.875,-0.2484513,0.04286619,-1.016179,0.5085129,-0.5039419,0.4949348,0.4924397,
1,1,2.877,-0.2484513,0.04286619,-1.016179,0.5085129,-0.5039419,0.4949348,0.4924397,
1,1,2.879,-0.2484513,0.04286619,-1.016179,0.5085129,-0.5039419,0.4949348,0.4924397,
1,1,2.881,-0.2484513,0.04286619,-1.016179,0.5085129,-0.5039419,0.4949348,0.4924397,
1,1,2.883,-0.2484444,0.04287177,-1.016187,0.5085241,-0.5039188,0.4949502,0.4924363,
1,1,2.885,-0.2484444,0.04287177,-1.016187,0.5085241,-0.5039188,0.4949502,0.4924363,
1,1,2.887,-0.2484444,0.04287177,-1.016187,0.5085241,-0.5039188,0.4949502,0.4924363,
1,1,2.889,-0.2484444,0.04287177,-1.016187,0.5085241,-0.5039188,0.4949502,0.4924363,
1,1,2.891,-0.2484509,0.04287253,-1.016197,0.5085124,-0.5039139,0.4949616,0.4924417,
1,1,2.893,-0.2484509,0.04287253,-1.016197,0.5085124,-0.5039139,0.4949616,0.4924417,
1,1,2.895,-0.2484509,0.04287253,-1.016197,0.5085124,-0.5039139,0.4949616,0.4924417,
1,1,2.897,-0.2484509,0.04287253,-1.016197,0.5085124,-0.5039139,0.4949616,0.4924417,
1,1,2.899,-0.2484431,0.04286392,-1.016202,0.5085153,-0.5039469,0.4949262,0.4924408,
1,1,2.901,-0.2484431,0.04286392,-1.016202,0.5085153,-0.5039469,0.4949262,0.4924408,
1,1,2.903,-0.2484431,0.04286392,-1.016202,0.5085153,-0.5039469,0.4949262,0.4924408,
1,1,2.905,-0.2484431,0.04286392,-1.016202,0.5085153,-0.5039469,0.4949262,0.4924408,
1,1,2.907,-0.2484465,0.04285815,-1.016196,0.5085179,-0.5039515,0.4949315,0.4924278,
1,1,2.909,-0.2484465,0.04285815,-1.016196,0.5085179,-0.5039515,0.4949315,0.4924278,
1,1,2.911,-0.2484465,0.04285815,-1.016196,0.5085179,-0.5039515,0.4949315,0.4924278,
1,1,2.913,-0.2484465,0.04285815,-1.016196,0.5085179,-0.5039515,0.4949315,0.4924278,
1,1,2.915,-0.2484465,0.04286425,-1.016188,0.5085239,-0.5039383,0.4949384,0.4924284,
1,1,2.917,-0.2484465,0.04286425,-1.016188,0.5085239,-0.5039383,0.4949384,0.4924284,
1,1,2.919,-0.2484465,0.04286425,-1.016188,0.5085239,-0.5039383,0.4949384,0.4924284,
1,1,2.921,-0.2484465,0.04286425,-1.016188,0.5085239,-0.5039383,0.4949384,0.4924284,
1,1,2.923,-0.2484465,0.04286425,-1.016188,0.5085239,-0.5039383,0.4949384,0.4924284,
1,1,2.925,-0.2484491,0.04287439,-1.01618,0.5085154,-0.503933,0.4949313,0.4924495,
1,1,2.927,-0.2484491,0.04287439,-1.01618,0.5085154,-0.503933,0.4949313,0.4924495,
1,1,2.929,-0.2484491,0.04287439,-1.01618,0.5085154,-0.503933,0.4949313,0.4924495,
1,1,2.931,-0.2484491,0.04287439,-1.01618,0.5085154,-0.503933,0.4949313,0.4924495,
1,1,2.933,-0.2484498,0.04287675,-1.016193,0.5084968,-0.5039015,0.494983,0.4924493,
1,1,2.935,-0.2484498,0.04287675,-1.016193,0.5084968,-0.5039015,0.494983,0.4924493,
1,1,2.937,-0.2484498,0.04287675,-1.016193,0.5084968,-0.5039015,0.494983,0.4924493,
1,1,2.939,-0.2484498,0.04287675,-1.016193,0.5084968,-0.5039015,0.494983,0.4924493,
1,1,2.941,-0.2484437,0.04287159,-1.016202,0.5085009,-0.5039215,0.4949652,0.4924424,
1,1,2.943,-0.2484437,0.04287159,-1.016202,0.5085009,-0.5039215,0.4949652,0.4924424,
1,1,2.945,-0.2484437,0.04287159,-1.016202,0.5085009,-0.5039215,0.4949652,0.4924424,
1,1,2.947,-0.2484437,0.04287159,-1.016202,0.5085009,-0.5039215,0.4949652,0.4924424,
1,1,2.949,-0.2484557,0.04287307,-1.016199,0.5084934,-0.5039387,0.4949537,0.4924441,
1,1,2.951,-0.2484557,0.04287307,-1.016199,0.5084934,-0.5039387,0.4949537,0.4924441,
1,1,2.953,-0.2484557,0.04287307,-1.016199,0.5084934,-0.5039387,0.4949537,0.4924441,
1,1,2.955,-0.2484557,0.04287307,-1.016199,0.5084934,-0.5039387,0.4949537,0.4924441,
1,1,2.957,-0.2484619,0.04287207,-1.016199,0.5084856,-0.5039342,0.4949654,0.4924451,
1,1,2.959,-0.2484619,0.04287207,-1.016199,0.5084856,-0.5039342,0.4949654,0.4924451,
1,1,2.961,-0.2484619,0.04287207,-1.016199,0.5084856,-0.5039342,0.4949654,0.4924451,
1,1,2.963,-0.2484619,0.04287207,-1.016199,0.5084856,-0.5039342,0.4949654,0.4924451,
1,1,2.965,-0.2484592,0.04287119,-1.016191,0.5084937,-0.5039284,0.4949638,0.4924442,
1,1,2.967,-0.2484592,0.04287119,-1.016191,0.5084937,-0.5039284,0.4949638,0.4924442,
1,1,2.969,-0.2484592,0.04287119,-1.016191,0.5084937,-0.5039284,0.4949638,0.4924442,
1,1,2.971,-0.2484592,0.04287119,-1.016191,0.5084937,-0.5039284,0.4949638,0.4924442,
1,1,2.973,-0.2484482,0.04287254,-1.016191,0.5084882,-0.5039603,0.4949508,0.4924302,
1,1,2.975,-0.2484482,0.04287254,-1.016191,0.5084882,-0.5039603,0.4949508,0.4924302,
1,1,2.977,-0.2484482,0.04287254,-1.016191,0.5084882,-0.5039603,0.4949508,0.4924302,
1,1,2.979,-0.2484482,0.04287254,-1.016191,0.5084882,-0.5039603,0.4949508,0.4924302,
1,1,2.981,-0.2484482,0.04287254,-1.016191,0.5084882,-0.5039603,0.4949508,0.4924302,
1,1,2.983,-0.2484475,0.04287235,-1.016198,0.5084873,-0.5039508,0.4949526,0.492439,
1,1,2.985,-0.2484475,0.04287235,-1.016198,0.5084873,-0.5039508,0.4949526,0.492439,
1,1,2.987,-0.2484475,0.04287235,-1.016198,0.5084873,-0.5039508,0.4949526,0.492439,
1,1,2.989,-0.2484475,0.04287235,-1.016198,0.5084873,-0.5039508,0.4949526,0.492439,
1,1,2.991,-0.2484618,0.04287523,-1.016201,0.508478,-0.5039406,0.4949625,0.4924491,
1,1,2.993,-0.2484618,0.04287523,-1.016201,0.508478,-0.5039406,0.4949625,0.4924491,
1,1,2.995,-0.2484618,0.04287523,-1.016201,0.508478,-0.5039406,0.4949625,0.4924491,
1,1,2.997,-0.2484618,0.04287523,-1.016201,0.508478,-0.5039406,0.4949625,0.4924491,
1,1,2.999,-0.2484538,0.04287455,-1.016199,0.5084791,-0.5039413,0.4949609,0.492449,
1,2,3.001,-0.2484538,0.04287455,-1.016199,0.5084791,-0.5039413,0.4949609,0.492449,TrialStart
1,2,3.003,-0.2484538,0.04287455,-1.016199,0.5084791,-0.5039413,0.4949609,0.492449,
1,2,3.005,-0.2484538,0.04287455,-1.016199,0.5084791,-0.5039413,0.4949609,0.492449,
1,2,3.007,-0.2484502,0.04286906,-1.016189,0.5084593,-0.5039325,0.494968,0.4924714,
1,2,3.009,-0.2484502,0.04286906,-1.016189,0.5084593,-0.5039325,0.494968,0.4924714,
1,2,3.011,-0.2484502,0.04286906,-1.016189,0.5084593,-0.5039325,0.494968,0.4924714,
1,2,3.013,-0.2484502,0.04286906,-1.016189,0.5084593,-0.5039325,0.494968,0.4924714,
1,2,3.015,-0.2484567,0.04286908,-1.016194,0.5084643,-0.5039356,0.494953,0.492478,
1,2,3.017,-0.2484567,0.04286908,-1.016194,0.5084643,-0.5039356,0.494953,0.492478,
1,2,3.019,-0.2484567,0.04286908,-1.016194,0.5084643,-0.5039356,0.494953,0.492478,
1,2,3.021,-0.2484567,0.04286908,-1.016194,0.5084643,-0.5039356,0.494953,0.492478,
1,2,3.023,-0.2484644,0.04286386,-1.016192,0.5084727,-0.5039621,0.4949292,0.4924661,
1,2,3.025,-0.2484644,0.04286386,-1.016192,0.5084727,-0.5039621,0.4949292,0.4924661,
1,2,3.027,-0.2484644,0.04286386,-1.016192,0.5084727,-0.5039621,0.4949292,0.4924661,
1,2,3.029,-0.2484644,0.04286386,-1.016192,0.5084727,-0.5039621,0.4949292,0.4924661,
1,2,3.031,-0.2484571,0.04287102,-1.016191,0.5084637,-0.5039495,0.4949426,0.4924748,
1,2,3.033,-0.2484571,0.04287102,-1.016191,0.5084637,-0.5039495,0.4949426,0.4924748,
1,2,3.035,-0.2484571,0.04287102,-1.016191,0.5084637,-0.5039495,0.4949426,0.4924748,
1,2,3.037,-0.2484571,0.04287102,-1.016191,0.5084637,-0.5039495,0.4949426,0.4924748,
1,2,3.039,-0.2484571,0.04287102,-1.016191,0.5084637,-0.5039495,0.4949426,0.4924748,
1,2,3.041,-0.2484533,0.0428702,-1.016188,0.5084819,-0.5039316,0.4949545,0.4924625,
1,2,3.043,-0.2484533,0.0428702,-1.016188,0.5084819,-0.5039316,0.4949545,0.4924625,
1,2,3.045,-0.2484533,0.0428702,-1.016188,0.5084819,-0.5039316,0.4949545,0.4924625,
1,2,3.047,-0.2484533,0.0428702,-1.016188,0.5084819,-0.5039316,0.4949545,0.4924625,
1,2,3.049,-0.2484538,0.04287292,-1.016195,0.5084907,-0.5039228,0.4949497,0.492467,
1,2,3.051,-0.2484538,0.04287292,-1.016195,0.5084907,-0.5039228,0.4949497,0.492467,
1,2,3.053,-0.2484538,0.04287292,-1.016195,0.5084907,-0.5039228,0.4949497,0.492467,
1,2,3.055,-0.2484538,0.04287292,-1.016195,0.5084907,-0.5039228,0.4949497,0.492467,
1,2,3.057,-0.2484476,0.042866,-1.016188,0.5085157,-0.5039376,0.4949279,0.4924482,
1,2,3.059,-0.2484476,0.042866,-1.016188,0.5085157,-0.5039376,0.4949279,0.4924482,
1,2,3.061,-0.2484476,0.042866,-1.016188,0.5085157,-0.5039376,0.4949279,0.4924482,
1,2,3.063,-0.2484476,0.042866,-1.016188,0.5085157,-0.5039376,0.4949279,0.4924482,
1,2,3.065,-0.2484463,0.0428675,-1.016191,0.50849,-0.5039603,0.4949286,0.4924506,
1,2,3.067,-0.2484463,0.0428675,-1.016191,0.50849,-0.5039603,0.4949286,0.4924506,
1,2,3.069,-0.2484463,0.0428675,-1.016191,0.50849,-0.5039603,0.4949286,0.4924506,
1,2,3.071,-0.2484463,0.0428675,-1.016191,0.50849,-0.5039603,0.4949286,0.4924506,
1,2,3.073,-0.2484524,0.04287872,-1.016191,0.5084829,-0.5039549,0.4949373,0.4924547,
1,2,3.075,-0.2484524,0.04287872,-1.016191,0.5084829,-0.5039549,0.4949373,0.4924547,
1,2,3.077,-0.2484524,0.04287872,-1.016191,0.5084829,-0.5039549,0.4949373,0.4924547,
1,2,3.079,-0.2484524,0.04287872,-1.016191,0.5084829,-0.5039549,0.4949373,0.4924547,
1,2,3.081,-0.2484847,0.0428589,-1.016197,0.508476,-0.5039613,0.4948984,0.4924947,
1,2,3.083,-0.2484847,0.0428589,-1.016197,0.508476,-0.5039613,0.4948984,0.4924947,
1,2,3.085,-0.2484847,0.0428589,-1.016197,0.508476,-0.5039613,0.4948984,0.4924947,
1,2,3.087,-0.2484847,0.0428589,-1.016197,0.508476,-0.5039613,0.4948984,0.4924947,
1,2,3.089,-0.2484649,0.04284963,-1.01619,0.5084686,-0.5039492,0.4949108,0.4925022,
1,2,3.091,-0.2484649,0.04284963,-1.01619,0.5084686,-0.5039492,0.4949108,0.4925022,
1,2,3.093,-0.2484649,0.04284963,-1.01619,0.5084686,-0.5039492,0.4949108,0.4925022,
1,2,3.095,-0.2484649,0.04284963,-1.01619,0.5084686,-0.5039492,0.4949108,0.4925022,
1,2,3.097,-0.2484649,0.04284963,-1.01619,0.5084686,-0.5039492,0.4949108,0.4925022,
1,2,3.099,-0.2484531,0.04287449,-1.016193,0.5084863,-0.5039362,0.4949331,0.4924748,
1,2,3.101,-0.2484531,0.04287449,-1.016193,0.5084863,-0.5039362,0.4949331,0.4924748,
1,2,3.103,-0.2484531,0.04287449,-1.016193,0.5084863,-0.5039362,0.4949331,0.4924748,
1,2,3.105,-0.2484531,0.04287449,-1.016193,0.5084863,-0.5039362,0.4949331,0.4924748,
1,2,3.107,-0.2484435,0.04287901,-1.01619,0.5084819,-0.5039219,0.4949493,0.4924776,
1,2,3.109,-0.2484435,0.04287901,-1.01619,0.5084819,-0.5039219,0.4949493,0.4924776,
1,2,3.111,-0.2484435,0.04287901,-1.01619,0.5084819,-0.5039219,0.4949493,0.4924776,
1,2,3.113,-0.2484435,0.04287901,-1.01619,0.5084819,-0.5039219,0.4949493,0.4924776,
1,2,3.115,-0.2484593,0.04287877,-1.016184,0.5084683,-0.503932,0.4949455,0.4924852,
1,2,3.117,-0.2484593,0.04287877,-1.016184,0.5084683,-0.503932,0.4949455,0.4924852,
1,2,3.119,-0.2484593,0.04287877,-1.016184,0.5084683,-0.503932,0.4949455,0.4924852,
1,2,3.121,-0.2484593,0.04287877,-1.016184,0.5084683,-0.503932,0.4949455,0.4924852,
1,2,3.123,-0.2484517,0.04286926,-1.016183,0.5084847,-0.5039458,0.494931,0.4924685,
1,2,3.125,-0.2484517,0.04286926,-1.016183,0.5084847,-0.5039458,0.494931,0.4924685,
1,2,3.127,-0.2484517,0.04286926,-1.016183,0.5084847,-0.5039458,0.494931,0.4924685,
1,2,3.129,-0.2484517,0.04286926,-1.016183,0.5084847,-0.5039458,0.494931,0.4924685,
1,2,3.131,-0.2484484,0.04286334,-1.01619,0.508509,-0.5039473,0.4949176,0.4924556,
1,2,3.133,-0.2484484,0.04286334,-1.01619,0.508509,-0.5039473,0.4949176,0.4924556,
1,2,3.135,-0.2484484,0.04286334,-1.01619,0.508509,-0.5039473,0.4949176,0.4924556,
1,2,3.137,-0.2484484,0.04286334,-1.01619,0.508509,-0.5039473,0.4949176,0.4924556,
1,2,3.139,-0.2484488,0.04286765,-1.016189,0.5084994,-0.5039572,0.4949033,0.4924695,
1,2,3.141,-0.2484488,0.04286765,-1.016189,0.5084994,-0.5039572,0.4949033,0.4924695,
1,2,3.143,-0.2484488,0.04286765,-1.016189,0.5084994,-0.5039572,0.4949033,0.4924695,
1,2,3.145,-0.2484488,0.04286765,-1.016189,0.5084994,-0.5039572,0.4949033,0.4924695,
1,2,3.147,-0.2484488,0.04286765,-1.016189,0.5084994,-0.5039572,0.4949033,0.4924695,
1,2,3.149,-0.2484591,0.04287471,-1.016192,0.508496,-0.5039493,0.4949199,0.4924645,
1,2,3.151,-0.2484591,0.04287471,-1.016192,0.508496,-0.5039493,0.4949199,0.4924645,
1,2,3.153,-0.2484591,0.04287471,-1.016192,0.508496,-0.5039493,0.4949199,0.4924645,
1,2,3.155,-0.2484591,0.04287471,-1.016192,0.508496,-0.5039493,0.4949199,0.4924645,
1,2,3.157,-0.2484561,0.04286747,-1.016192,0.5084894,-0.5039378,0.4949526,0.4924502,
1,2,3.159,-0.2484561,0.04286747,-1.016192,0.5084894,-0.5039378,0.4949526,0.4924502,
1,2,3.161,-0.2484561,0.04286747,-1.016192,0.5084894,-0.5039378,0.4949526,0.4924502,
1,2,3.163,-0.2484561,0.04286747,-1.016192,0.5084894,-0.5039378,0.4949526,0.4924502,
1,2,3.165,-0.2484567,0.04287409,-1.016191,0.5084732,-0.5039246,0.4949746,0.4924583,
1,2,3.167,-0.2484567,0.04287409,-1.016191,0.5084732,-0.5039246,0.4949746,0.4924583,
1,2,3.169,-0.2484567,0.04287409,-1.016191,0.5084732,-0.5039246,0.4949746,0.4924583,
1,2,3.171,-0.2484567,0.04287409,-1.016191,0.5084732,-0.5039246,0.4949746,0.4924583,
1,2,3.173,-0.248451,0.04287274,-1.016192,0.5084899,-0.5039342,0.4949585,0.4924474,
1,2,3.175,-0.248451,0.04287274,-1.016192,0.5084899,-0.5039342,0.4949585,0.4924474,
1,2,3.177,-0.248451,0.04287274,-1.016192,0.5084899,-0.5039342,0.4949585,0.4924474,
1,2,3.179,-0.248451,0.04287274,-1.016192,0.5084899,-0.5039342,0.4949585,0.4924474,
1,2,3.181,-0.2484511,0.04286049,-1.016187,0.5084876,-0.5039582,0.494931,0.4924527,
1,2,3.183,-0.2484511,0.04286049,-1.016187,0.5084876,-0.5039582,0.494931,0.4924527,
1,2,3.185,-0.2484511,0.04286049,-1.016187,0.5084876,-0.5039582,0.494931,0.4924527,
1,2,3.187,-0.2484511,0.04286049,-1.016187,0.5084876,-0.5039582,0.494931,0.4924527,
1,2,3.189,-0.2484708,0.04286362,-1.016191,0.508481,-0.5039384,0.4949428,0.4924681,
1,2,3.191,-0.2484708,0.04286362,-1.016191,0.508481,-0.5039384,0.4949428,0.4924681,
1,2,3.193,-0.2484708,0.04286362,-1.016191,0.508481,-0.5039384,0.4949428,0.4924681,
1,2,3.195,-0.2484708,0.04286362,-1.016191,0.508481,-0.5039384,0.4949428,0.4924681,
1,2,3.197,-0.2484774,0.04286662,-1.016205,0.5084773,-0.5039581,0.4949355,0.4924591,
1,2,3.199,-0.2484774,0.04286662,-1.016205,0.5084773,-0.5039581,0.4949355,0.4924591,
1,2,3.201,-0.2484774,0.04286662,-1.016205,0.5084773,-0.5039581,0.4949355,0.4924591,
1,2,3.203,-0.2484774,0.04286662,-1.016205,0.5084773,-0.5039581,0.4949355,0.4924591,
1,2,3.205,-0.2484774,0.04286662,-1.016205,0.5084773,-0.5039581,0.4949355,0.4924591,
1,2,3.207,-0.2484608,0.04286415,-1.016203,0.5084875,-0.5039709,0.4949291,0.4924419,
1,2,3.209,-0.2484608,0.04286415,-1.016203,0.5084875,-0.5039709,0.4949291,0.4924419,
1,2,3.211,-0.2484608,0.04286415,-1.016203,0.5084875,-0.5039709,0.4949291,0.4924419,
1,2,3.213,-0.2484608,0.04286415,-1.016203,0.5084875,-0.5039709,0.4949291,0.4924419,
1,2,3.215,-0.2484515,0.04287058,-1.016192,0.5084959,-0.5039458,0.4949394,0.4924487,
1,2,3.217,-0.2484515,0.04287058,-1.016192,0.5084959,-0.5039458,0.4949394,0.4924487,
1,2,3.219,-0.2484515,0.04287058,-1.016192,0.5084959,-0.5039458,0.4949394,0.4924487,
1,2,3.221,-0.2484515,0.04287058,-1.016192,0.5084959,-0.5039458,0.4949394,0.4924487,
1,2,3.223,-0.2484477,0.04287548,-1.016189,0.5084942,-0.5039434,0.494938,0.4924542,
1,2,3.225,-0.2484477,0.04287548,-1.016189,0.5084942,-0.5039434,0.494938,0.4924542,
1,2,3.227,-0.2484477,0.04287548,-1.016189,0.5084942,-0.5039434,0.494938,0.4924542,
1,2,3.229,-0.2484477,0.04287548,-1.016189,0.5084942,-0.5039434,0.494938,0.4924542,
1,2,3.231,-0.248448,0.04287868,-1.01619,0.5084718,-0.5039296,0.494963,0.4924663,
1,2,3.233,-0.248448,0.04287868,-1.01619,0.5084718,-0.5039296,0.494963,0.4924663,
1,2,3.235,-0.248448,0.04287868,-1.01619,0.5084718,-0.5039296,0.494963,0.4924663,
1,2,3.237,-0.248448,0.04287868,-1.01619,0.5084718,-0.5039296,0.494963,0.4924663,
1,2,3.239,-0.2484569,0.04287494,-1.016193,0.5084659,-0.5039336,0.4949743,0.4924569,
1,2,3.241,-0.2484569,0.04287494,-1.016193,0.5084659,-0.5039336,0.4949743,0.4924569,
1,2,3.243,-0.2484569,0.04287494,-1.016193,0.5084659,-0.5039336,0.4949743,0.4924569,
1,2,3.245,-0.2484569,0.04287494,-1.016193,0.5084659,-0.5039336,0.4949743,0.4924569,
1,2,3.247,-0.2484599,0.04287149,-1.016196,0.5084656,-0.503948,0.4949483,0.4924686,
1,2,3.249,-0.2484599,0.04287149,-1.016196,0.5084656,-0.503948,0.4949483,0.4924686,
1,2,3.251,-0.2484599,0.04287149,-1.016196,0.5084656,-0.503948,0.4949483,0.4924686,
1,2,3.253,-0.2484599,0.04287149,-1.016196,0.5084656,-0.503948,0.4949483,0.4924686,
1,2,3.255,-0.2484603,0.04287064,-1.016195,0.5084583,-0.5039621,0.4949327,0.4924776,
1,2,3.257,-0.2484603,0.04287064,-1.016195,0.5084583,-0.5039621,0.4949327,0.4924776,
1,2,3.259,-0.2484603,0.04287064,-1.016195,0.5084583,-0.5039621,0.4949327,0.4924776,
1,2,3.261,-0.2484603,0.04287064,-1.016195,0.5084583,-0.5039621,0.4949327,0.4924776,
1,2,3.263,-0.2484566,0.04286673,-1.016193,0.5084656,-0.5039561,0.4949346,0.4924742,
1,2,3.265,-0.2484566,0.04286673,-1.016193,0.5084656,-0.5039561,0.4949346,0.4924742,
1,2,3.267,-0.2484566,0.04286673,-1.016193,0.5084656,-0.5039561,0.4949346,0.4924742,
1,2,3.269,-0.2484566,0.04286673,-1.016193,0.5084656,-0.5039561,0.4949346,0.4924742,
1,2,3.271,-0.2484566,0.04286673,-1.016193,0.5084656,-0.5039561,0.4949346,0.4924742,
1,2,3.273,-0.2484562,0.04285593,-1.016195,0.5084672,-0.5039618,0.4949417,0.4924596,
1,2,3.275,-0.2484562,0.04285593,-1.016195,0.5084672,-0.5039618,0.4949417,0.4924596,
1,2,3.277,-0.2484562,0.04285593,-1.016195,0.5084672,-0.5039618,0.4949417,0.4924596,
1,2,3.279,-0.2484562,0.04285593,-1.016195,0.5084672,-0.5039618,0.4949417,0.4924596,
1,2,3.281,-0.2484543,0.04286757,-1.016194,0.5084746,-0.5039411,0.4949529,0.4924618,
1,2,3.283,-0.2484543,0.04286757,-1.016194,0.5084746,-0.5039411,0.4949529,0.4924618,
1,2,3.285,-0.2484543,0.04286757,-1.016194,0.5084746,-0.5039411,0.4949529,0.4924618,
1,2,3.287,-0.2484543,0.04286757,-1.016194,0.5084746,-0.5039411,0.4949529,0.4924618,
1,2,3.289,-0.2484546,0.04287378,-1.016188,0.5084874,-0.5039456,0.4949374,0.4924595,
1,2,3.291,-0.2484546,0.04287378,-1.016188,0.5084874,-0.5039456,0.4949374,0.4924595,
1,2,3.293,-0.2484546,0.04287378,-1.016188,0.5084874,-0.5039456,0.4949374,0.4924595,
1,2,3.295,-0.2484546,0.04287378,-1.016188,0.5084874,-0.5039456,0.4949374,0.4924595,
1,2,3.297,-0.2484503,0.04286689,-1.016201,0.5084701,-0.5039485,0.4949507,0.4924611,
1,2,3.299,-0.2484503,0.04286689,-1.016201,0.5084701,-0.5039485,0.4949507,0.4924611,
1,2,3.301,-0.2484503,0.04286689,-1.016201,0.5084701,-0.5039485,0.4949507,0.4924611,
1,2,3.303,-0.2484503,0.04286689,-1.016201,0.5084701,-0.5039485,0.4949507,0.4924611,
1,2,3.305,-0.2484484,0.04287183,-1.016203,0.5084663,-0.5039627,0.4949449,0.4924564,
1,2,3.307,-0.2484484,0.04287183,-1.016203,0.5084663,-0.5039627,0.4949449,0.4924564,
1,2,3.309,-0.2484484,0.04287183,-1.016203,0.5084663,-0.5039627,0.4949449,0.4924564,
1,2,3.311,-0.2484484,0.04287183,-1.016203,0.5084663,-0.5039627,0.4949449,0.4924564,
1,2,3.313,-0.2484532,0.04285995,-1.016189,0.5084695,-0.5039461,0.4949518,0.4924631,
1,2,3.315,-0.2484532,0.04285995,-1.016189,0.5084695,-0.5039461,0.4949518,0.4924631,
1,2,3.317,-0.2484532,0.04285995,-1.016189,0.5084695,-0.5039461,0.4949518,0.4924631,
1,2,3.319,-0.2484532,0.04285995,-1.016189,0.5084695,-0.5039461,0.4949518,0.4924631,
1,2,3.321,-0.2484524,0.04286122,-1.016191,0.5084773,-0.5039747,0.4949267,0.4924509,
1,2,3.323,-0.2484524,0.04286122,-1.016191,0.5084773,-0.5039747,0.4949267,0.4924509,
1,2,3.325,-0.2484524,0.04286122,-1.016191,0.5084773,-0.5039747,0.4949267,0.4924509,
1,2,3.327,-0.2484524,0.04286122,-1.016191,0.5084773,-0.5039747,0.4949267,0.4924509,
1,2,3.329,-0.2484486,0.04285605,-1.016195,0.5084834,-0.5039593,0.4949394,0.4924477,
1,2,3.331,-0.2484486,0.04285605,-1.016195,0.5084834,-0.5039593,0.4949394,0.4924477,
1,2,3.333,-0.2484486,0.04285605,-1.016195,0.5084834,-0.5039593,0.4949394,0.4924477,
1,2,3.335,-0.2484486,0.04285605,-1.016195,0.5084834,-0.5039593,0.4949394,0.4924477,
1,2,3.337,-0.2484486,0.04285605,-1.016195,0.5084834,-0.5039593,0.4949394,0.4924477,
1,2,3.339,-0.248454,0.0428627,-1.016195,0.5084766,-0.5039718,0.4949282,0.4924532,
1,2,3.341,-0.248454,0.0428627,-1.016195,0.5084766,-0.5039718,0.4949282,0.4924532,
1,2,3.343,-0.248454,0.0428627,-1.016195,0.5084766,-0.5039718,0.4949282,0.4924532,
1,2,3.345,-0.248454,0.0428627,-1.016195,0.5084766,-0.5039718,0.4949282,0.4924532,
1,2,3.347,-0.2484574,0.04286953,-1.01618,0.508474,-0.5039634,0.4949476,0.4924449,
1,2,3.349,-0.2484574,0.04286953,-1.01618,0.508474,-0.5039634,0.4949476,0.4924449,
1,2,3.351,-0.2484574,0.04286953,-1.01618,0.508474,-0.5039634,0.4949476,0.4924449,
1,2,3.353,-0.2484574,0.04286953,-1.01618,0.508474,-0.5039634,0.4949476,0.4924449,
1,2,3.355,-0.2484526,0.04286858,-1.016194,0.5084704,-0.5039673,0.4949401,0.4924521,
1,2,3.357,-0.2484526,0.04286858,-1.016194,0.5084704,-0.5039673,0.4949401,0.4924521,
1,2,3.359,-0.2484526,0.04286858,-1.016194,0.5084704,-0.5039673,0.4949401,0.4924521,
1,2,3.361,-0.2484526,0.04286858,-1.016194,0.5084704,-0.5039673,0.4949401,0.4924521,
1,2,3.363,-0.2484522,0.04287024,-1.016197,0.5084704,-0.5039673,0.4949401,0.4924521,
1,2,3.365,-0.2484522,0.04287024,-1.016197,0.5084704,-0.5039673,0.4949401,0.4924521,
1,2,3.367,-0.2484522,0.04287024,-1.016197,0.5084704,-0.5039673,0.4949401,0.4924521,
1,2,3.369,-0.2484522,0.04287024,-1.016197,0.5084704,-0.5039673,0.4949401,0.4924521,
1,2,3.371,-0.2484519,0.04286493,-1.016202,0.5084681,-0.5039507,0.49496,0.4924515,
1,2,3.373,-0.2484519,0.04286493,-1.016202,0.5084681,-0.5039507,0.49496,0.4924515,
1,2,3.375,-0.2484519,0.04286493,-1.016202,0.5084681,-0.5039507,0.49496,0.4924515,
1,2,3.377,-0.2484519,0.04286493,-1.016202,0.5084681,-0.5039507,0.49496,0.4924515,
1,2,3.379,-0.2484545,0.04286538,-1.016189,0.5084631,-0.5039366,0.4949617,0.4924696,
1,2,3.381,-0.2484545,0.04286538,-1.016189,0.5084631,-0.5039366,0.4949617,0.4924696,
1,2,3.383,-0.2484545,0.04286538,-1.016189,0.5084631,-0.5039366,0.4949617,0.4924696,
1,2,3.385,-0.2484545,0.04286538,-1.016189,0.5084631,-0.5039366,0.4949617,0.4924696,
1,2,3.387,-0.2484549,0.04286009,-1.016178,0.5084651,-0.5039459,0.4949499,0.4924699,
1,2,3.389,-0.2484549,0.04286009,-1.016178,0.5084651,-0.5039459,0.4949499,0.4924699,
1,2,3.391,-0.2484549,0.04286009,-1.016178,0.5084651,-0.5039459,0.4949499,0.4924699,
1,2,3.393,-0.2484549,0.04286009,-1.016178,0.5084651,-0.5039459,0.4949499,0.4924699,
1,2,3.395,-0.2484549,0.04286009,-1.016178,0.5084651,-0.5039459,0.4949499,0.4924699,
1,2,3.397,-0.2484531,0.04286509,-1.016183,0.5084437,-0.5039477,0.4949633,0.4924765,
1,2,3.399,-0.2484531,0.04286509,-1.016183,0.5084437,-0.5039477,0.4949633,0.4924765,
1,2,3.401,-0.2484531,0.04286509,-1.016183,0.5084437,-0.5039477,0.4949633,0.4924765,
1,2,3.403,-0.2484531,0.04286509,-1.016183,0.5084437,-0.5039477,0.4949633,0.4924765,
1,2,3.405,-0.2484493,0.04286185,-1.016184,0.5084532,-0.5039577,0.4949639,0.4924557,
1,2,3.407,-0.2484493,0.04286185,-1.016184,0.5084532,-0.5039577,0.4949639,0.4924557,
1,2,3.409,-0.2484493,0.04286185,-1.016184,0.5084532,-0.5039577,0.4949639,0.4924557,
1,2,3.411,-0.2484493,0.04286185,-1.016184,0.5084532,-0.5039577,0.4949639,0.4924557,
1,2,3.413,-0.248446,0.04285973,-1.016188,0.5084726,-0.5039464,0.4949592,0.4924521,
1,2,3.415,-0.248446,0.04285973,-1.016188,0.5084726,-0.5039464,0.4949592,0.4924521,
1,2,3.417,-0.248446,0.04285973,-1.016188,0.5084726,-0.5039464,0.4949592,0.4924521,
1,2,3.419,-0.248446,0.04285973,-1.016188,0.5084726,-0.5039464,0.4949592,0.4924521,
1,2,3.421,-0.2484543,0.04286223,-1.016196,0.5084804,-0.5039492,0.4949537,0.4924467,
1,2,3.423,-0.2484543,0.04286223,-1.016196,0.5084804,-0.5039492,0.4949537,0.4924467,
1,2,3.425,-0.2484543,0.04286223,-1.016196,0.5084804,-0.5039492,0.4949537,0.4924467,
1,2,3.427,-0.2484543,0.04286223,-1.016196,0.5084804,-0.5039492,0.4949537,0.4924467,
1,2,3.429,-0.2484531,0.04286255,-1.016192,0.5084768,-0.5039557,0.4949464,0.4924511,
1,2,3.431,-0.2484531,0.04286255,-1.016192,0.5084768,-0.5039557,0.4949464,0.4924511,
1,2,3.433,-0.2484531,0.04286255,-1.016192,0.5084768,-0.5039557,0.4949464,0.4924511,
1,2,3.435,-0.2484531,0.04286255,-1.016192,0.5084768,-0.5039557,0.4949464,0.4924511,
1,2,3.437,-0.248463,0.04286358,-1.016191,0.5084734,-0.5039734,0.494932,0.492451,
1,2,3.439,-0.248463,0.04286358,-1.016191,0.5084734,-0.5039734,0.494932,0.492451,
1,2,3.441,-0.248463,0.04286358,-1.016191,0.5084734,-0.5039734,0.494932,0.492451,
1,2,3.443,-0.248463,0.04286358,-1.016191,0.5084734,-0.5039734,0.494932,0.492451,
1,2,3.445,-0.2484614,0.04286972,-1.016195,0.5084674,-0.5039635,0.4949454,0.4924537,
1,2,3.447,-0.2484614,0.04286972,-1.016195,0.5084674,-0.5039635,0.4949454,0.4924537,
1,2,3.449,-0.2484614,0.04286972,-1.016195,0.5084674,-0.5039635,0.4949454,0.4924537,
1,2,3.451,-0.2484614,0.04286972,-1.016195,0.5084674,-0.5039635,0.4949454,0.4924537,
1,2,3.453,-0.2484587,0.04286948,-1.016189,0.508466,-0.50395,0.4949625,0.4924519,
1,2,3.455,-0.2484587,0.04286948,-1.016189,0.508466,-0.50395,0.4949625,0.4924519,
1,2,3.457,-0.2484587,0.04286948,-1.016189,0.508466,-0.50395,0.4949625,0.4924519,
1,2,3.459,-0.2484587,0.04286948,-1.016189,0.508466,-0.50395,0.4949625,0.4924519,
1,2,3.461,-0.2484587,0.04286948,-1.016189,0.508466,-0.50395,0.4949625,0.4924519,
1,2,3.463,-0.2484597,0.04286214,-1.016182,0.5084543,-0.5039386,0.4949812,0.4924568,
1,2,3.465,-0.2484597,0.04286214,-1.016182,0.5084543,-0.5039386,0.4949812,0.4924568,
1,2,3.467,-0.2484597,0.04286214,-1.016182,0.5084543,-0.5039386,0.4949812,0.4924568,
1,2,3.469,-0.2484597,0.04286214,-1.016182,0.5084543,-0.5039386,0.4949812,0.4924568,
1,2,3.471,-0.2484539,0.04286505,-1.016182,0.5084605,-0.5039397,0.4949792,0.4924512,
1,2,3.473,-0.2484539,0.04286505,-1.016182,0.5084605,-0.5039397,0.4949792,0.4924512,
1,2,3.475,-0.2484539,0.04286505,-1.016182,0.5084605,-0.5039397,0.4949792,0.4924512,
1,2,3.477,-0.2484539,0.04286505,-1.016182,0.5084605,-0.5039397,0.4949792,0.4924512,
1,2,3.479,-0.2484585,0.04287205,-1.016188,0.5084583,-0.5039595,0.4949612,0.4924515,
1,2,3.481,-0.2484585,0.04287205,-1.016188,0.5084583,-0.5039595,0.4949612,0.4924515,
1,2,3.483,-0.2484585,0.04287205,-1.016188,0.5084583,-0.5039595,0.4949612,0.4924515,
1,2,3.485,-0.2484585,0.04287205,-1.016188,0.5084583,-0.5039595,0.4949612,0.4924515,
1,2,3.487,-0.2484684,0.0428617,-1.016181,0.50847,-0.5039509,0.4949636,0.4924458,
1,2,3.489,-0.2484684,0.0428617,-1.016181,0.50847,-0.5039509,0.4949636,0.4924458,
1,2,3.491,-0.2484684,0.0428617,-1.016181,0.50847,-0.5039509,0.4949636,0.4924458,
1,2,3.493,-0.2484684,0.0428617,-1.016181,0.50847,-0.5039509,0.4949636,0.4924458,
1,2,3.495,-0.248466,0.04284924,-1.016193,0.5084839,-0.5039282,0.4949725,0.4924457,
1,2,3.497,-0.248466,0.04284924,-1.016193,0.5084839,-0.5039282,0.4949725,0.4924457,
1,2,3.499,-0.248466,0.04284924,-1.016193,0.5084839,-0.5039282,0.4949725,0.4924457,
1,2,3.501,-0.248466,0.04284924,-1.016193,0.5084839,-0.5039282,0.4949725,0.4924457,
1,2,3.503,-0.2484561,0.04286122,-1.016191,0.5084649,-0.5039439,0.4949588,0.4924632,
1,2,3.505,-0.2484561,0.04286122,-1.016191,0.5084649,-0.5039439,0.4949588,0.4924632,
1,2,3.507,-0.2484561,0.04286122,-1.016191,0.5084649,-0.5039439,0.4949588,0.4924632,
1,2,3.509,-0.2484561,0.04286122,-1.016191,0.5084649,-0.5039439,0.4949588,0.4924632,
1,2,3.511,-0.2484599,0.04287114,-1.016194,0.5084594,-0.503933,0.4949744,0.4924642,
1,2,3.513,-0.2484599,0.04287114,-1.016194,0.5084594,-0.503933,0.4949744,0.4924642,
1,2,3.515,-0.2484599,0.04287114,-1.016194,0.5084594,-0.503933,0.4949744,0.4924642,
1,2,3.517,-0.2484599,0.04287114,-1.016194,0.5084594,-0.503933,0.4949744,0.4924642,
1,2,3.519,-0.2484599,0.04287114,-1.016194,0.5084594,-0.503933,0.4949744,0.4924642,
1,2,3.521,-0.2484501,0.04286093,-1.016188,0.5084769,-0.5039397,0.4949613,0.4924523,
1,2,3.523,-0.2484501,0.04286093,-1.016188,0.5084769,-0.5039397,0.4949613,0.4924523,
1,2,3.525,-0.2484501,0.04286093,-1.016188,0.5084769,-0.5039397,0.4949613,0.4924523,
1,2,3.527,-0.2484501,0.04286093,-1.016188,0.5084769,-0.5039397,0.4949613,0.4924523,
1,2,3.529,-0.248456,0.04287024,-1.016188,0.5084919,-0.503971,0.4949141,0.4924524,
1,2,3.531,-0.248456,0.04287024,-1.016188,0.5084919,-0.503971,0.4949141,0.4924524,
1,2,3.533,-0.248456,0.04287024,-1.016188,0.5084919,-0.503971,0.4949141,0.4924524,
1,2,3.535,-0.248456,0.04287024,-1.016188,0.5084919,-0.503971,0.4949141,0.4924524,
1,2,3.537,-0.2484566,0.04287906,-1.016184,0.5084878,-0.503971,0.4949257,0.4924451,
1,2,3.539,-0.2484566,0.04287906,-1.016184,0.5084878,-0.503971,0.4949257,0.4924451,
1,2,3.541,-0.2484566,0.04287906,-1.016184,0.5084878,-0.503971,0.4949257,0.4924451,
1,2,3.543,-0.2484566,0.04287906,-1.016184,0.5084878,-0.503971,0.4949257,0.4924451,
1,2,3.545,-0.2484544,0.04287827,-1.016188,0.5084756,-0.5039651,0.4949455,0.4924437,
1,2,3.547,-0.2484544,0.04287827,-1.016188,0.5084756,-0.5039651,0.4949455,0.4924437,
1,2,3.549,-0.2484544,0.04287827,-1.016188,0.5084756,-0.5039651,0.4949455,0.4924437,
1,2,3.551,-0.2484544,0.04287827,-1.016188,0.5084756,-0.5039651,0.4949455,0.4924437,
1,2,3.553,-0.2484599,0.04287468,-1.016185,0.5084516,-0.5039545,0.4949597,0.4924649,
1,2,3.555,-0.2484599,0.04287468,-1.016185,0.5084516,-0.5039545,0.4949597,0.4924649,
1,2,3.557,-0.2484599,0.04287468,-1.016185,0.5084516,-0.5039545,0.4949597,0.4924649,
1,2,3.559,-0.2484599,0.04287468,-1.016185,0.5084516,-0.5039545,0.4949597,0.4924649,
1,2,3.561,-0.2484631,0.04286656,-1.016181,0.5084465,-0.5039375,0.4949802,0.492467,
1,2,3.563,-0.2484631,0.04286656,-1.016181,0.5084465,-0.5039375,0.4949802,0.492467,
1,2,3.565,-0.2484631,0.04286656,-1.016181,0.5084465,-0.5039375,0.4949802,0.492467,
1,2,3.567,-0.2484631,0.04286656,-1.016181,0.5084465,-0.5039375,0.4949802,0.492467,
1,2,3.569,-0.2484631,0.04286656,-1.016181,0.5084465,-0.5039375,0.4949802,0.492467,
1,2,3.571,-0.2484576,0.04287606,-1.016178,0.5084702,-0.5039104,0.4949882,0.4924623,
1,2,3.573,-0.2484576,0.04287606,-1.016178,0.5084702,-0.5039104,0.4949882,0.4924623,
1,2,3.575,-0.2484576,0.04287606,-1.016178,0.5084702,-0.5039104,0.4949882,0.4924623,
1,2,3.577,-0.2484576,0.04287606,-1.016178,0.5084702,-0.5039104,0.4949882,0.4924623,
1,2,3.579,-0.2484642,0.04287504,-1.016185,0.5084791,-0.5039102,0.4949782,0.4924632,
1,2,3.581,-0.2484642,0.04287504,-1.016185,0.5084791,-0.5039102,0.4949782,0.4924632,
1,2,3.583,-0.2484642,0.04287504,-1.016185,0.5084791,-0.5039102,0.4949782,0.4924632,
1,2,3.585,-0.2484642,0.04287504,-1.016185,0.5084791,-0.5039102,0.4949782,0.4924632,
1,2,3.587,-0.2484761,0.04287268,-1.016186,0.5084818,-0.503922,0.4949714,0.4924555,
1,2,3.589,-0.2484761,0.04287268,-1.016186,0.5084818,-0.503922,0.4949714,0.4924555,
1,2,3.591,-0.2484761,0.04287268,-1.016186,0.5084818,-0.503922,0.4949714,0.4924555,
1,2,3.593,-0.2484761,0.04287268,-1.016186,0.5084818,-0.503922,0.4949714,0.4924555,
1,2,3.595,-0.2484818,0.04286154,-1.016188,0.5085058,-0.5039376,0.4949469,0.4924392,
1,2,3.597,-0.2484818,0.04286154,-1.016188,0.5085058,-0.5039376,0.4949469,0.4924392,
1,2,3.599,-0.2484818,0.04286154,-1.016188,0.5085058,-0.5039376,0.4949469,0.4924392,
1,2,3.601,-0.2484818,0.04286154,-1.016188,0.5085058,-0.5039376,0.4949469,0.4924392,
1,2,3.603,-0.2484695,0.04287244,-1.016183,0.5084619,-0.5039309,0.4949825,0.4924557,
1,2,3.605,-0.2484695,0.04287244,-1.016183,0.5084619,-0.5039309,0.4949825,0.4924557,
1,2,3.607,-0.2484695,0.04287244,-1.016183,0.5084619,-0.5039309,0.4949825,0.4924557,
1,2,3.609,-0.2484695,0.04287244,-1.016183,0.5084619,-0.5039309,0.4949825,0.4924557,
1,2,3.611,-0.2484693,0.04287424,-1.016181,0.5084619,-0.5039309,0.4949825,0.4924557,
1,2,3.613,-0.2484693,0.04287424,-1.016181,0.5084619,-0.5039309,0.4949825,0.4924557,
1,2,3.615,-0.2484693,0.04287424,-1.016181,0.5084619,-0.5039309,0.4949825,0.4924557,
1,2,3.617,-0.2484693,0.04287424,-1.016181,0.5084619,-0.5039309,0.4949825,0.4924557,
1,2,3.619,-0.2484656,0.04287925,-1.016185,0.5084636,-0.5039273,0.4949769,0.4924632,
1,2,3.621,-0.2484656,0.04287925,-1.016185,0.5084636,-0.5039273,0.4949769,0.4924632,
1,2,3.623,-0.2484656,0.04287925,-1.016185,0.5084636,-0.5039273,0.4949769,0.4924632,
1,2,3.625,-0.2484656,0.04287925,-1.016185,0.5084636,-0.5039273,0.4949769,0.4924632,
1,2,3.627,-0.2484656,0.04287925,-1.016185,0.5084636,-0.5039273,0.4949769,0.4924632,
1,2,3.629,-0.2484655,0.04287061,-1.016187,0.5084703,-0.5039322,0.4949533,0.4924749,
1,2,3.631,-0.2484655,0.04287061,-1.016187,0.5084703,-0.5039322,0.4949533,0.4924749,
1,2,3.633,-0.2484655,0.04287061,-1.016187,0.5084703,-0.5039322,0.4949533,0.4924749,
1,2,3.635,-0.2484655,0.04287061,-1.016187,0.5084703,-0.5039322,0.4949533,0.4924749,
1,2,3.637,-0.2484713,0.04286512,-1.016184,0.5084751,-0.5039425,0.4949412,0.4924716,
1,2,3.639,-0.2484713,0.04286512,-1.016184,0.5084751,-0.5039425,0.4949412,0.4924716,
1,2,3.641,-0.2484713,0.04286512,-1.016184,0.5084751,-0.5039425,0.4949412,0.4924716,
1,2,3.643,-0.2484713,0.04286512,-1.016184,0.5084751,-0.5039425,0.4949412,0.4924716,
1,2,3.645,-0.2484671,0.04286915,-1.016185,0.508482,-0.5039535,0.4949234,0.4924711,
1,2,3.647,-0.2484671,0.04286915,-1.016185,0.508482,-0.5039535,0.4949234,0.4924711,
1,2,3.649,-0.2484671,0.04286915,-1.016185,0.508482,-0.5039535,0.4949234,0.4924711,
1,2,3.651,-0.2484671,0.04286915,-1.016185,0.508482,-0.5039535,0.4949234,0.4924711,
1,2,3.653,-0.2484598,0.04287001,-1.016193,0.5084838,-0.503944,0.4949551,0.4924471,
1,2,3.655,-0.2484598,0.04287001,-1.016193,0.5084838,-0.503944,0.4949551,0.4924471,
1,2,3.657,-0.2484598,0.04287001,-1.016193,0.5084838,-0.503944,0.4949551,0.4924471,
1,2,3.659,-0.2484598,0.04287001,-1.016193,0.5084838,-0.503944,0.4949551,0.4924471,
1,2,3.661,-0.2484611,0.0428683,-1.016181,0.50847,-0.5039427,0.4949805,0.4924372,
1,2,3.663,-0.2484611,0.0428683,-1.016181,0.50847,-0.5039427,0.4949805,0.4924372,
1,2,3.665,-0.2484611,0.0428683,-1.016181,0.50847,-0.5039427,0.4949805,0.4924372,
1,2,3.667,-0.2484611,0.0428683,-1.016181,0.50847,-0.5039427,0.4949805,0.4924372,
1,2,3.669,-0.2484628,0.04286984,-1.016185,0.5084809,-0.5039331,0.4949768,0.4924394,
1,2,3.671,-0.2484628,0.04286984,-1.016185,0.5084809,-0.5039331,0.4949768,0.4924394,
1,2,3.673,-0.2484628,0.04286984,-1.016185,0.5084809,-0.5039331,0.4949768,0.4924394,
1,2,3.675,-0.2484628,0.04286984,-1.016185,0.5084809,-0.5039331,0.4949768,0.4924394,
1,2,3.677,-0.2484628,0.04286984,-1.016185,0.5084809,-0.5039331,0.4949768,0.4924394,
1,2,3.679,-0.2484576,0.04287183,-1.016186,0.5084771,-0.5039194,0.4949859,0.4924482,
1,2,3.681,-0.2484576,0.04287183,-1.016186,0.5084771,-0.5039194,0.4949859,0.4924482,
1,2,3.683,-0.2484576,0.04287183,-1.016186,0.5084771,-0.5039194,0.4949859,0.4924482,
1,2,3.685,-0.2484576,0.04287183,-1.016186,0.5084771,-0.5039194,0.4949859,0.4924482,
1,2,3.687,-0.2484614,0.04288175,-1.016187,0.5084731,-0.5039119,0.4949868,0.4924593,
1,2,3.689,-0.2484614,0.04288175,-1.016187,0.5084731,-0.5039119,0.4949868,0.4924593,
1,2,3.691,-0.2484614,0.04288175,-1.016187,0.5084731,-0.5039119,0.4949868,0.4924593,
1,2,3.693,-0.2484614,0.04288175,-1.016187,0.5084731,-0.5039119,0.4949868,0.4924593,
1,2,3.695,-0.2484602,0.04287136,-1.016193,0.5084699,-0.503938,0.4949706,0.4924521,
1,2,3.697,-0.2484602,0.04287136,-1.016193,0.5084699,-0.503938,0.4949706,0.4924521,
1,2,3.699,-0.2484602,0.04287136,-1.016193,0.5084699,-0.503938,0.4949706,0.4924521,
1,2,3.701,-0.2484602,0.04287136,-1.016193,0.5084699,-0.503938,0.4949706,0.4924521,
1,2,3.703,-0.2484662,0.04287047,-1.016188,0.5084637,-0.5039411,0.4949641,0.4924618,
1,2,3.705,-0.2484662,0.04287047,-1.016188,0.5084637,-0.5039411,0.4949641,0.4924618,
1,2,3.707,-0.2484662,0.04287047,-1.016188,0.5084637,-0.5039411,0.4949641,0.4924618,
1,2,3.709,-0.2484662,0.04287047,-1.016188,0.5084637,-0.5039411,0.4949641,0.4924618,
1,2,3.711,-0.2484744,0.04287168,-1.016191,0.5084683,-0.503947,0.4949594,0.4924559,
1,2,3.713,-0.2484744,0.04287168,-1.016191,0.5084683,-0.503947,0.4949594,0.4924559,
1,2,3.715,-0.2484744,0.04287168,-1.016191,0.5084683,-0.503947,0.4949594,0.4924559,
1,2,3.717,-0.2484744,0.04287168,-1.016191,0.5084683,-0.503947,0.4949594,0.4924559,
1,2,3.719,-0.2484617,0.04286795,-1.016183,0.5084639,-0.5039538,0.4949654,0.4924473,
1,2,3.721,-0.2484617,0.04286795,-1.016183,0.5084639,-0.5039538,0.4949654,0.4924473,
1,2,3.723,-0.2484617,0.04286795,-1.016183,0.5084639,-0.5039538,0.4949654,0.4924473,
1,2,3.725,-0.2484617,0.04286795,-1.016183,0.5084639,-0.5039538,0.4949654,0.4924473,
1,2,3.727,-0.2484617,0.04286795,-1.016183,0.5084639,-0.5039538,0.4949654,0.4924473,
1,2,3.729,-0.2484686,0.04286877,-1.016192,0.5084669,-0.5039364,0.4949669,0.4924606,
1,2,3.731,-0.2484686,0.04286877,-1.016192,0.5084669,-0.5039364,0.4949669,0.4924606,
1,2,3.733,-0.2484686,0.04286877,-1.016192,0.5084669,-0.5039364,0.4949669,0.4924606,
1,2,3.735,-0.2484686,0.04286877,-1.016192,0.5084669,-0.5039364,0.4949669,0.4924606,
1,2,3.737,-0.248459,0.04286679,-1.016191,0.5084716,-0.5039244,0.4949841,0.4924505,
1,2,3.739,-0.248459,0.04286679,-1.016191,0.5084716,-0.5039244,0.4949841,0.4924505,
1,2,3.741,-0.248459,0.04286679,-1.016191,0.5084716,-0.5039244,0.4949841,0.4924505,
1,2,3.743,-0.248459,0.04286679,-1.016191,0.5084716,-0.5039244,0.4949841,0.4924505,
1,2,3.745,-0.2484574,0.04285866,-1.016189,0.5084797,-0.5039275,0.4949721,0.4924512,
1,2,3.747,-0.2484574,0.04285866,-1.016189,0.5084797,-0.5039275,0.4949721,0.4924512,
1,2,3.749,-0.2484574,0.04285866,-1.016189,0.5084797,-0.5039275,0.4949721,0.4924512,
1,2,3.751,-0.2484574,0.04285866,-1.016189,0.5084797,-0.5039275,0.4949721,0.4924512,
1,2,3.753,-0.248455,0.04286202,-1.016195,0.508481,-0.5039289,0.4949583,0.4924623,
1,2,3.755,-0.248455,0.04286202,-1.016195,0.508481,-0.5039289,0.4949583,0.4924623,
1,2,3.757,-0.248455,0.04286202,-1.016195,0.508481,-0.5039289,0.4949583,0.4924623,
1,2,3.759,-0.248455,0.04286202,-1.016195,0.508481,-0.5039289,0.4949583,0.4924623,
1,2,3.761,-0.2484548,0.04286748,-1.0162,0.508476,-0.5039479,0.4949454,0.492461,
1,2,3.763,-0.2484548,0.04286748,-1.0162,0.508476,-0.5039479,0.4949454,0.492461,
1,2,3.765,-0.2484548,0.04286748,-1.0162,0.508476,-0.5039479,0.4949454,0.492461,
1,2,3.767,-0.2484548,0.04286748,-1.0162,0.508476,-0.5039479,0.4949454,0.492461,
1,2,3.769,-0.2484513,0.042864,-1.016192,0.508481,-0.5039324,0.494952,0.492465,
1,2,3.771,-0.2484513,0.042864,-1.016192,0.508481,-0.5039324,0.494952,0.492465,
1,2,3.773,-0.2484513,0.042864,-1.016192,0.508481,-0.5039324,0.494952,0.492465,
1,2,3.775,-0.2484513,0.042864,-1.016192,0.508481,-0.5039324,0.494952,0.492465,
1,2,3.777,-0.2484513,0.042864,-1.016192,0.508481,-0.5039324,0.494952,0.492465,
1,2,3.779,-0.2484434,0.04286987,-1.016191,0.5084847,-0.5039203,0.4949612,0.4924643,
1,2,3.781,-0.2484434,0.04286987,-1.016191,0.5084847,-0.5039203,0.4949612,0.4924643,
1,2,3.783,-0.2484434,0.04286987,-1.016191,0.5084847,-0.5039203,0.4949612,0.4924643,
1,2,3.785,-0.2484434,0.04286987,-1.016191,0.5084847,-0.5039203,0.4949612,0.4924643,
1,2,3.787,-0.2484421,0.04286614,-1.016197,0.5084797,-0.5039318,0.4949492,0.4924698,
1,2,3.789,-0.2484421,0.04286614,-1.016197,0.5084797,-0.5039318,0.4949492,0.4924698,
1,2,3.791,-0.2484421,0.04286614,-1.016197,0.5084797,-0.5039318,0.4949492,0.4924698,
1,2,3.793,-0.2484421,0.04286614,-1.016197,0.5084797,-0.5039318,0.4949492,0.4924698,
1,2,3.795,-0.24845,0.04286163,-1.016195,0.508481,-0.5039237,0.4949677,0.4924582,
1,2,3.797,-0.24845,0.04286163,-1.016195,0.508481,-0.5039237,0.4949677,0.4924582,
1,2,3.799,-0.24845,0.04286163,-1.016195,0.508481,-0.5039237,0.4949677,0.4924582,
1,2,3.801,-0.24845,0.04286163,-1.016195,0.508481,-0.5039237,0.4949677,0.4924582,
1,2,3.803,-0.2484394,0.04285781,-1.0162,0.5085043,-0.503917,0.4949661,0.4924425,
1,2,3.805,-0.2484394,0.04285781,-1.0162,0.5085043,-0.503917,0.4949661,0.4924425,
1,2,3.807,-0.2484394,0.04285781,-1.0162,0.5085043,-0.503917,0.4949661,0.4924425,
1,2,3.809,-0.2484394,0.04285781,-1.0162,0.5085043,-0.503917,0.4949661,0.4924425,
1,2,3.811,-0.2484352,0.0428394,-1.016187,0.5084957,-0.5039316,0.4949597,0.492443,
1,2,3.813,-0.2484352,0.0428394,-1.016187,0.5084957,-0.5039316,0.4949597,0.492443,
1,2,3.815,-0.2484352,0.0428394,-1.016187,0.5084957,-0.5039316,0.4949597,0.492443,
1,2,3.817,-0.2484352,0.0428394,-1.016187,0.5084957,-0.5039316,0.4949597,0.492443,
1,2,3.819,-0.2484431,0.04285827,-1.016196,0.5084975,-0.5039471,0.4949202,0.492465,
1,2,3.821,-0.2484431,0.04285827,-1.016196,0.5084975,-0.5039471,0.4949202,0.492465,
1,2,3.823,-0.2484431,0.04285827,-1.016196,0.5084975,-0.5039471,0.4949202,0.492465,
1,2,3.825,-0.2484431,0.04285827,-1.016196,0.5084975,-0.5039471,0.4949202,0.492465,
1,2,3.827,-0.248444,0.04285834,-1.016193,0.5084847,-0.5039544,0.4949251,0.4924659,
1,2,3.829,-0.248444,0.04285834,-1.016193,0.5084847,-0.5039544,0.4949251,0.4924659,
1,2,3.831,-0.248444,0.04285834,-1.016193,0.5084847,-0.5039544,0.4949251,0.4924659,
1,2,3.833,-0.248444,0.04285834,-1.016193,0.5084847,-0.5039544,0.4949251,0.4924659,
1,2,3.835,-0.248444,0.04285834,-1.016193,0.5084847,-0.5039544,0.4949251,0.4924659,
1,2,3.837,-0.2484458,0.04285976,-1.016193,0.5084847,-0.5039544,0.4949251,0.4924659,
1,2,3.839,-0.2484458,0.04285976,-1.016193,0.5084847,-0.5039544,0.4949251,0.4924659,
1,2,3.841,-0.2484458,0.04285976,-1.016193,0.5084847,-0.5039544,0.4949251,0.4924659,
1,2,3.843,-0.2484458,0.04285976,-1.016193,0.5084847,-0.5039544,0.4949251,0.4924659,
1,2,3.845,-0.2484503,0.0428566,-1.016191,0.5084811,-0.5039456,0.4949241,0.4924794,
1,2,3.847,-0.2484503,0.0428566,-1.016191,0.5084811,-0.5039456,0.4949241,0.4924794,
1,2,3.849,-0.2484503,0.0428566,-1.016191,0.5084811,-0.5039456,0.4949241,0.4924794,
1,2,3.851,-0.2484503,0.0428566,-1.016191,0.5084811,-0.5039456,0.4949241,0.4924794,
1,2,3.853,-0.2484525,0.04285195,-1.016193,0.5084953,-0.5039426,0.4949242,0.4924678,
1,2,3.855,-0.2484525,0.04285195,-1.016193,0.5084953,-0.5039426,0.4949242,0.4924678,
1,2,3.857,-0.2484525,0.04285195,-1.016193,0.5084953,-0.5039426,0.4949242,0.4924678,
1,2,3.859,-0.2484525,0.04285195,-1.016193,0.5084953,-0.5039426,0.4949242,0.4924678,
1,2,3.861,-0.2484519,0.04286182,-1.016193,0.5084925,-0.5039288,0.4949399,0.4924691,
1,2,3.863,-0.2484519,0.04286182,-1.016193,0.5084925,-0.5039288,0.4949399,0.4924691,
1,2,3.865,-0.2484519,0.04286182,-1.016193,0.5084925,-0.5039288,0.4949399,0.4924691,
1,2,3.867,-0.2484519,0.04286182,-1.016193,0.5084925,-0.5039288,0.4949399,0.4924691,
1,2,3.869,-0.2484502,0.04286378,-1.016192,0.5084944,-0.5039275,0.4949395,0.4924687,
1,2,3.871,-0.2484502,0.04286378,-1.016192,0.5084944,-0.5039275,0.4949395,0.4924687,
1,2,3.873,-0.2484502,0.04286378,-1.016192,0.5084944,-0.5039275,0.4949395,0.4924687,
1,2,3.875,-0.2484502,0.04286378,-1.016192,0.5084944,-0.5039275,0.4949395,0.4924687,
1,2,3.877,-0.2484474,0.04286567,-1.016187,0.5084917,-0.5039073,0.4949549,0.4924769,
1,2,3.879,-0.2484474,0.04286567,-1.016187,0.5084917,-0.5039073,0.4949549,0.4924769,
1,2,3.881,-0.2484474,0.04286567,-1.016187,0.5084917,-0.5039073,0.4949549,0.4924769,
1,2,3.883,-0.2484474,0.04286567,-1.016187,0.5084917,-0.5039073,0.4949549,0.4924769,
1,2,3.885,-0.2484505,0.04286643,-1.016183,0.5084997,-0.5039016,0.4949603,0.4924689,
1,2,3.887,-0.2484505,0.04286643,-1.016183,0.5084997,-0.5039016,0.4949603,0.4924689,
1,2,3.889,-0.2484505,0.04286643,-1.016183,0.5084997,-0.5039016,0.4949603,0.4924689,
1,2,3.891,-0.2484505,0.04286643,-1.016183,0.5084997,-0.5039016,0.4949603,0.4924689,
1,2,3.893,-0.2484505,0.04286643,-1.016183,0.5084997,-0.5039016,0.4949603,0.4924689,
1,2,3.895,-0.2484424,0.04286721,-1.016186,0.5085062,-0.5039133,0.4949407,0.4924699,
1,2,3.897,-0.2484424,0.04286721,-1.016186,0.5085062,-0.5039133,0.4949407,0.4924699,
1,2,3.899,-0.2484424,0.04286721,-1.016186,0.5085062,-0.5039133,0.4949407,0.4924699,
1,2,3.901,-0.2484424,0.04286721,-1.016186,0.5085062,-0.5039133,0.4949407,0.4924699,
1,2,3.903,-0.2484457,0.04286304,-1.016194,0.5084928,-0.5039246,0.4949401,0.4924728,
1,2,3.905,-0.2484457,0.04286304,-1.016194,0.5084928,-0.5039246,0.4949401,0.4924728,
1,2,3.907,-0.2484457,0.04286304,-1.016194,0.5084928,-0.5039246,0.4949401,0.4924728,
1,2,3.909,-0.2484457,0.04286304,-1.016194,0.5084928,-0.5039246,0.4949401,0.4924728,
1,2,3.911,-0.2484483,0.04286173,-1.016197,0.5084984,-0.5039107,0.4949559,0.4924653,
1,2,3.913,-0.2484483,0.04286173,-1.016197,0.5084984,-0.5039107,0.4949559,0.4924653,
1,2,3.915,-0.2484483,0.04286173,-1.016197,0.5084984,-0.5039107,0.4949559,0.4924653,
1,2,3.917,-0.2484483,0.04286173,-1.016197,0.5084984,-0.5039107,0.4949559,0.4924653,
1,2,3.919,-0.2484448,0.04285932,-1.016191,0.5085067,-0.5038979,0.4949627,0.492463,
1,2,3.921,-0.2484448,0.04285932,-1.016191,0.5085067,-0.5038979,0.4949627,0.492463,
1,2,3.923,-0.2484448,0.04285932,-1.016191,0.5085067,-0.5038979,0.4949627,0.492463,
1,2,3.925,-0.2484448,0.04285932,-1.016191,0.5085067,-0.5038979,0.4949627,0.492463,
1,2,3.927,-0.2484491,0.04285237,-1.016191,0.5085121,-0.5038908,0.494963,0.4924643,
1,2,3.929,-0.2484491,0.04285237,-1.016191,0.5085121,-0.5038908,0.494963,0.4924643,
1,2,3.931,-0.2484491,0.04285237,-1.016191,0.5085121,-0.5038908,0.494963,0.4924643,
1,2,3.933,-0.2484491,0.04285237,-1.016191,0.5085121,-0.5038908,0.494963,0.4924643,
1,2,3.935,-0.2484559,0.04285897,-1.016201,0.5085166,-0.5039196,0.4949349,0.4924586,
1,2,3.937,-0.2484559,0.04285897,-1.016201,0.5085166,-0.5039196,0.4949349,0.4924586,
1,2,3.939,-0.2484559,0.04285897,-1.016201,0.5085166,-0.5039196,0.4949349,0.4924586,
1,2,3.941,-0.2484559,0.04285897,-1.016201,0.5085166,-0.5039196,0.4949349,0.4924586,
1,2,3.943,-0.2484559,0.04285897,-1.016201,0.5085166,-0.5039196,0.4949349,0.4924586,
1,2,3.945,-0.2484509,0.0428612,-1.016195,0.5084997,-0.5039017,0.4949607,0.4924683,
1,2,3.947,-0.2484509,0.0428612,-1.016195,0.5084997,-0.5039017,0.4949607,0.4924683,
1,2,3.949,-0.2484509,0.0428612,-1.016195,0.5084997,-0.5039017,0.4949607,0.4924683,
1,2,3.951,-0.2484509,0.0428612,-1.016195,0.5084997,-0.5039017,0.4949607,0.4924683,
1,2,3.953,-0.2484597,0.04286283,-1.016194,0.5084975,-0.5039097,0.4949594,0.4924638,
1,2,3.955,-0.2484597,0.04286283,-1.016194,0.5084975,-0.5039097,0.4949594,0.4924638,
1,2,3.957,-0.2484597,0.04286283,-1.016194,0.5084975,-0.5039097,0.4949594,0.4924638,
1,2,3.959,-0.2484597,0.04286283,-1.016194,0.5084975,-0.5039097,0.4949594,0.4924638,
1,2,3.961,-0.2484455,0.04286511,-1.016201,0.508493,-0.5039421,0.4949289,0.4924657,
1,2,3.963,-0.2484455,0.04286511,-1.016201,0.508493,-0.5039421,0.4949289,0.4924657,
1,2,3.965,-0.2484455,0.04286511,-1.016201,0.508493,-0.5039421,0.4949289,0.4924657,
1,2,3.967,-0.2484455,0.04286511,-1.016201,0.508493,-0.5039421,0.4949289,0.4924657,
1,2,3.969,-0.2484567,0.04286641,-1.016209,0.5084944,-0.503926,0.4949423,0.4924674,
1,2,3.971,-0.2484567,0.04286641,-1.016209,0.5084944,-0.503926,0.4949423,0.4924674,
1,2,3.973,-0.2484567,0.04286641,-1.016209,0.5084944,-0.503926,0.4949423,0.4924674,
1,2,3.975,-0.2484567,0.04286641,-1.016209,0.5084944,-0.503926,0.4949423,0.4924674,
1,2,3.977,-0.248455,0.04286864,-1.016202,0.508486,-0.5039216,0.494957,0.4924659,
1,2,3.979,-0.248455,0.04286864,-1.016202,0.508486,-0.5039216,0.494957,0.4924659,
1,2,3.981,-0.248455,0.04286864,-1.016202,0.508486,-0.5039216,0.494957,0.4924659,
1,2,3.983,-0.248455,0.04286864,-1.016202,0.508486,-0.5039216,0.494957,0.4924659,
1,2,3.985,-0.2484518,0.04287091,-1.016204,0.5084845,-0.5039175,0.4949612,0.4924674,
1,2,3.987,-0.2484518,0.04287091,-1.016204,0.5084845,-0.5039175,0.4949612,0.4924674,
1,2,3.989,-0.2484518,0.04287091,-1.016204,0.5084845,-0.5039175,0.4949612,0.4924674,
1,2,3.991,-0.2484518,0.04287091,-1.016204,0.5084845,-0.5039175,0.4949612,0.4924674,
1,2,3.993,-0.2484518,0.04287091,-1.016204,0.5084845,-0.5039175,0.4949612,0.4924674,
1,2,3.995,-0.2484429,0.04286521,-1.0162,0.5084872,-0.5039334,0.4949563,0.4924535,
1,2,3.997,-0.2484429,0.04286521,-1.0162,0.5084872,-0.5039334,0.4949563,0.4924535,
1,2,3.999,-0.2484429,0.04286521,-1.0162,0.5084872,-0.5039334,0.4949563,0.4924535,
1,2,4.001,-0.2484429,0.04286521,-1.0162,0.5084872,-0.5039334,0.4949563,0.4924535,
1,2,4.003,-0.2484495,0.04286148,-1.016209,0.5084931,-0.5039331,0.4949616,0.4924422,
1,2,4.005,-0.2484495,0.04286148,-1.016209,0.5084931,-0.5039331,0.4949616,0.4924422,
1,2,4.007,-0.2484495,0.04286148,-1.016209,0.5084931,-0.5039331,0.4949616,0.4924422,
1,2,4.009,-0.2484495,0.04286148,-1.016209,0.5084931,-0.5039331,0.4949616,0.4924422,
1,2,4.011,-0.2484492,0.04286732,-1.016207,0.508493,-0.5039364,0.494957,0.4924435,
1,2,4.013,-0.2484492,0.04286732,-1.016207,0.508493,-0.5039364,0.494957,0.4924435,
1,2,4.015,-0.2484492,0.04286732,-1.016207,0.508493,-0.5039364,0.494957,0.4924435,
1,2,4.017,-0.2484492,0.04286732,-1.016207,0.508493,-0.5039364,0.494957,0.4924435,
1,2,4.019,-0.2484513,0.04286338,-1.016206,0.5085006,-0.5039449,0.4949397,0.4924443,
1,2,4.021,-0.2484513,0.04286338,-1.016206,0.5085006,-0.5039449,0.4949397,0.4924443,
1,2,4.023,-0.2484513,0.04286338,-1.016206,0.5085006,-0.5039449,0.4949397,0.4924443,
1,2,4.025,-0.2484513,0.04286338,-1.016206,0.5085006,-0.5039449,0.4949397,0.4924443,
1,2,4.027,-0.2484515,0.04286591,-1.016208,0.5085012,-0.5039454,0.4949328,0.4924502,
1,2,4.029,-0.2484515,0.04286591,-1.016208,0.5085012,-0.5039454,0.4949328,0.4924502,
1,2,4.031,-0.2484515,0.04286591,-1.016208,0.5085012,-0.5039454,0.4949328,0.4924502,
1,2,4.033,-0.2484515,0.04286591,-1.016208,0.5085012,-0.5039454,0.4949328,0.4924502,
1,2,4.035,-0.2484529,0.04285564,-1.016208,0.5085072,-0.5039539,0.4949156,0.4924527,
1,2,4.037,-0.2484529,0.04285564,-1.016208,0.5085072,-0.5039539,0.4949156,0.4924527,
1,2,4.039,-0.2484529,0.04285564,-1.016208,0.5085072,-0.5039539,0.4949156,0.4924527,
1,2,4.041,-0.2484529,0.04285564,-1.016208,0.5085072,-0.5039539,0.4949156,0.4924527,
1,2,4.043,-0.248463,0.04285456,-1.016206,0.5085031,-0.503929,0.4949518,0.492446,
1,2,4.045,-0.248463,0.04285456,-1.016206,0.5085031,-0.503929,0.4949518,0.492446,
1,2,4.047,-0.248463,0.04285456,-1.016206,0.5085031,-0.503929,0.4949518,0.492446,
1,2,4.049,-0.248463,0.04285456,-1.016206,0.5085031,-0.503929,0.4949518,0.492446,
1,2,4.051,-0.248463,0.04285456,-1.016206,0.5085031,-0.503929,0.4949518,0.492446,
1,2,4.053,-0.2484481,0.04285695,-1.016202,0.5084886,-0.5039408,0.4949558,0.4924449,
1,2,4.055,-0.2484481,0.04285695,-1.016202,0.5084886,-0.5039408,0.4949558,0.4924449,
1,2,4.057,-0.2484481,0.04285695,-1.016202,0.5084886,-0.5039408,0.4949558,0.4924449,
1,2,4.059,-0.2484481,0.04285695,-1.016202,0.5084886,-0.5039408,0.4949558,0.4924449,
1,2,4.061,-0.2484456,0.04285628,-1.016201,0.5084886,-0.5039408,0.4949558,0.4924449,
1,2,4.063,-0.2484456,0.04285628,-1.016201,0.5084886,-0.5039408,0.4949558,0.4924449,
1,2,4.065,-0.2484456,0.04285628,-1.016201,0.5084886,-0.5039408,0.4949558,0.4924449,
1,2,4.067,-0.2484456,0.04285628,-1.016201,0.5084886,-0.5039408,0.4949558,0.4924449,
1,2,4.069,-0.2484525,0.04286264,-1.016209,0.5084773,-0.5039477,0.4949486,0.4924567,
1,2,4.071,-0.2484525,0.04286264,-1.016209,0.5084773,-0.5039477,0.4949486,0.4924567,
1,2,4.073,-0.2484525,0.04286264,-1.016209,0.5084773,-0.5039477,0.4949486,0.4924567,
1,2,4.075,-0.2484525,0.04286264,-1.016209,0.5084773,-0.5039477,0.4949486,0.4924567,
1,2,4.077,-0.2484636,0.04286775,-1.016202,0.5084853,-0.5039636,0.4949326,0.4924481,
1,2,4.079,-0.2484636,0.04286775,-1.016202,0.5084853,-0.5039636,0.4949326,0.4924481,
1,2,4.081,-0.2484636,0.04286775,-1.016202,0.5084853,-0.5039636,0.4949326,0.4924481,
1,2,4.083,-0.2484636,0.04286775,-1.016202,0.5084853,-0.5039636,0.4949326,0.4924481,
1,2,4.085,-0.248463,0.04287555,-1.016195,0.5084723,-0.5039713,0.4949297,0.4924564,
1,2,4.087,-0.248463,0.04287555,-1.016195,0.5084723,-0.5039713,0.4949297,0.4924564,
1,2,4.089,-0.248463,0.04287555,-1.016195,0.5084723,-0.5039713,0.4949297,0.4924564,
1,2,4.091,-0.248463,0.04287555,-1.016195,0.5084723,-0.5039713,0.4949297,0.4924564,
1,2,4.093,-0.2484587,0.04285923,-1.016191,0.5084615,-0.5039663,0.4949411,0.4924614,
1,2,4.095,-0.2484587,0.04285923,-1.016191,0.5084615,-0.5039663,0.4949411,0.4924614,
1,2,4.097,-0.2484587,0.04285923,-1.016191,0.5084615,-0.5039663,0.4949411,0.4924614,
1,2,4.099,-0.2484587,0.04285923,-1.016191,0.5084615,-0.5039663,0.4949411,0.4924614,
1,2,4.101,-0.2484597,0.04286684,-1.016195,0.5084502,-0.5039769,0.4949476,0.4924558,
1,2,4.103,-0.2484597,0.04286684,-1.016195,0.5084502,-0.5039769,0.4949476,0.4924558,
1,2,4.105,-0.2484597,0.04286684,-1.016195,0.5084502,-0.5039769,0.4949476,0.4924558,
1,2,4.107,-0.2484597,0.04286684,-1.016195,0.5084502,-0.5039769,0.4949476,0.4924558,
1,2,4.109,-0.2484597,0.04286684,-1.016195,0.5084502,-0.5039769,0.4949476,0.4924558,
1,2,4.111,-0.2484591,0.04286572,-1.016191,0.5084627,-0.5039433,0.4949717,0.4924531,
1,2,4.113,-0.2484591,0.04286572,-1.016191,0.5084627,-0.5039433,0.4949717,0.4924531,
1,2,4.115,-0.2484591,0.04286572,-1.016191,0.5084627,-0.5039433,0.4949717,0.4924531,
1,2,4.117,-0.2484591,0.04286572,-1.016191,0.5084627,-0.5039433,0.4949717,0.4924531,
1,2,4.119,-0.2484629,0.04286909,-1.016191,0.5084739,-0.5039365,0.4949523,0.4924679,
1,2,4.121,-0.2484629,0.04286909,-1.016191,0.5084739,-0.5039365,0.4949523,0.4924679,
1,2,4.123,-0.2484629,0.04286909,-1.016191,0.5084739,-0.5039365,0.4949523,0.4924679,
1,2,4.125,-0.2484629,0.04286909,-1.016191,0.5084739,-0.5039365,0.4949523,0.4924679,
1,2,4.127,-0.2484649,0.04287026,-1.01619,0.5084739,-0.5039365,0.4949523,0.4924679,
1,2,4.129,-0.2484649,0.04287026,-1.01619,0.5084739,-0.5039365,0.4949523,0.4924679,
1,2,4.131,-0.2484649,0.04287026,-1.01619,0.5084739,-0.5039365,0.4949523,0.4924679,
1,2,4.133,-0.2484649,0.04287026,-1.01619,0.5084739,-0.5039365,0.4949523,0.4924679,
1,2,4.135,-0.2484575,0.04285537,-1.016191,0.50848,-0.5039512,0.4949459,0.4924531,
1,2,4.137,-0.2484575,0.04285537,-1.016191,0.50848,-0.5039512,0.4949459,0.4924531,
1,2,4.139,-0.2484575,0.04285537,-1.016191,0.50848,-0.5039512,0.4949459,0.4924531,
1,2,4.141,-0.2484575,0.04285537,-1.016191,0.50848,-0.5039512,0.4949459,0.4924531,
1,2,4.143,-0.2484573,0.04285844,-1.016195,0.5084931,-0.5039396,0.4949569,0.4924402,
1,2,4.145,-0.2484573,0.04285844,-1.016195,0.5084931,-0.5039396,0.4949569,0.4924402,
1,2,4.147,-0.2484573,0.04285844,-1.016195,0.5084931,-0.5039396,0.4949569,0.4924402,
1,2,4.149,-0.2484573,0.04285844,-1.016195,0.5084931,-0.5039396,0.4949569,0.4924402,
1,2,4.151,-0.2484604,0.0428707,-1.0162,0.5084914,-0.5039321,0.4949574,0.4924492,
1,2,4.153,-0.2484604,0.0428707,-1.0162,0.5084914,-0.5039321,0.4949574,0.4924492,
1,2,4.155,-0.2484604,0.0428707,-1.0162,0.5084914,-0.5039321,0.4949574,0.4924492,
1,2,4.157,-0.2484604,0.0428707,-1.0162,0.5084914,-0.5039321,0.4949574,0.4924492,
1,2,4.159,-0.2484604,0.0428707,-1.0162,0.5084914,-0.5039321,0.4949574,0.4924492,
1,2,4.161,-0.2484588,0.04287728,-1.016201,0.5085025,-0.5039326,0.4949403,0.4924543,
1,2,4.163,-0.2484588,0.04287728,-1.016201,0.5085025,-0.5039326,0.4949403,0.4924543,
1,2,4.165,-0.2484588,0.04287728,-1.016201,0.5085025,-0.5039326,0.4949403,0.4924543,
1,2,4.167,-0.2484588,0.04287728,-1.016201,0.5085025,-0.5039326,0.4949403,0.4924543,
1,2,4.169,-0.2484569,0.04286746,-1.016199,0.5084991,-0.5039597,0.494922,0.4924486,
1,2,4.171,-0.2484569,0.04286746,-1.016199,0.5084991,-0.5039597,0.494922,0.4924486,
1,2,4.173,-0.2484569,0.04286746,-1.016199,0.5084991,-0.5039597,0.494922,0.4924486,
1,2,4.175,-0.2484569,0.04286746,-1.016199,0.5084991,-0.5039597,0.494922,0.4924486,
1,2,4.177,-0.2484633,0.04287507,-1.016193,0.5084879,-0.5039663,0.4949273,0.4924482,
1,2,4.179,-0.2484633,0.04287507,-1.016193,0.5084879,-0.5039663,0.4949273,0.4924482,
1,2,4.181,-0.2484633,0.04287507,-1.016193,0.5084879,-0.5039663,0.4949273,0.4924482,CourtEnter
1,2,4.183,-0.2484633,0.04287507,-1.016193,0.5084879,-0.5039663,0.4949273,0.4924482,
1,2,4.185,-0.2484656,0.04287292,-1.016197,0.5084826,-0.5039483,0.4949524,0.4924466,
1,2,4.187,-0.2484656,0.04287292,-1.016197,0.5084826,-0.5039483,0.4949524,0.4924466,
1,2,4.189,-0.2484656,0.04287292,-1.016197,0.5084826,-0.5039483,0.4949524,0.4924466,CourtExit
1,2,4.191,-0.2484656,0.04287292,-1.016197,0.5084826,-0.5039483,0.4949524,0.4924466,
1,2,4.193,-0.2484618,0.04286584,-1.016201,0.5084798,-0.5039387,0.4949525,0.4924593,
1,2,4.195,-0.2484618,0.04286584,-1.016201,0.5084798,-0.5039387,0.4949525,0.4924593,
1,2,4.197,-0.2484618,0.04286584,-1.016201,0.5084798,-0.5039387,0.4949525,0.4924593,
1,2,4.199,-0.2484618,0.04286584,-1.016201,0.5084798,-0.5039387,0.4949525,0.4924593,
1,2,4.201,-0.2484633,0.04287102,-1.016194,0.5084872,-0.5039161,0.4949578,0.4924695,
1,2,4.203,-0.2484633,0.04287102,-1.016194,0.5084872,-0.5039161,0.4949578,0.4924695,
1,2,4.205,-0.2484633,0.04287102,-1.016194,0.5084872,-0.5039161,0.4949578,0.4924695,
1,2,4.207,-0.2484633,0.04287102,-1.016194,0.5084872,-0.5039161,0.4949578,0.4924695,
1,2,4.209,-0.2484633,0.04287102,-1.016194,0.5084872,-0.5039161,0.4949578,0.4924695,
1,2,4.211,-0.2484566,0.04287925,-1.0162,0.5084814,-0.5039613,0.4949336,0.4924535,
1,2,4.213,-0.2484566,0.04287925,-1.0162,0.5084814,-0.5039613,0.4949336,0.4924535,
1,2,4.215,-0.2484566,0.04287925,-1.0162,0.5084814,-0.5039613,0.4949336,0.4924535,
1,2,4.217,-0.2484566,0.04287925,-1.0162,0.5084814,-0.5039613,0.4949336,0.4924535,
1,2,4.219,-0.2484703,0.04287935,-1.016197,0.5084769,-0.5039666,0.4949428,0.4924436,
1,2,4.221,-0.2484703,0.04287935,-1.016197,0.5084769,-0.5039666,0.4949428,0.4924436,
1,2,4.223,-0.2484703,0.04287935,-1.016197,0.5084769,-0.5039666,0.4949428,0.4924436,
1,2,4.225,-0.2484703,0.04287935,-1.016197,0.5084769,-0.5039666,0.4949428,0.4924436,
1,2,4.227,-0.2484646,0.04287795,-1.016198,0.5084691,-0.5039738,0.4949361,0.4924508,
1,2,4.229,-0.2484646,0.04287795,-1.016198,0.5084691,-0.5039738,0.4949361,0.4924508,
1,2,4.231,-0.2484646,0.04287795,-1.016198,0.5084691,-0.5039738,0.4949361,0.4924508,
1,2,4.233,-0.2484646,0.04287795,-1.016198,0.5084691,-0.5039738,0.4949361,0.4924508,
1,2,4.235,-0.2484614,0.04286687,-1.016198,0.5084733,-0.5039778,0.4949292,0.4924496,
1,2,4.237,-0.2484614,0.04286687,-1.016198,0.5084733,-0.5039778,0.4949292,0.4924496,
1,2,4.239,-0.2484614,0.04286687,-1.016198,0.5084733,-0.5039778,0.4949292,0.4924496,
1,2,4.241,-0.2484614,0.04286687,-1.016198,0.5084733,-0.5039778,0.4949292,0.4924496,
1,2,4.243,-0.2484702,0.04287336,-1.016195,0.5084676,-0.503989,0.4949147,0.4924586,
1,2,4.245,-0.2484702,0.04287336,-1.016195,0.5084676,-0.503989,0.4949147,0.4924586,
1,2,4.247,-0.2484702,0.04287336,-1.016195,0.5084676,-0.503989,0.4949147,0.4924586,
1,2,4.249,-0.2484702,0.04287336,-1.016195,0.5084676,-0.503989,0.4949147,0.4924586,
1,2,4.251,-0.2484685,0.04288141,-1.016192,0.5084641,-0.5039864,0.4949084,0.492471,
1,2,4.253,-0.2484685,0.04288141,-1.016192,0.5084641,-0.5039864,0.4949084,0.492471,
1,2,4.255,-0.2484685,0.04288141,-1.016192,0.5084641,-0.5039864,0.4949084,0.492471,
1,2,4.257,-0.2484685,0.04288141,-1.016192,0.5084641,-0.5039864,0.4949084,0.492471,
1,2,4.259,-0.248471,0.04288118,-1.016195,0.508474,-0.5039667,0.4949215,0.4924678,
1,2,4.261,-0.248471,0.04288118,-1.016195,0.508474,-0.5039667,0.4949215,0.4924678,
1,2,4.263,-0.248471,0.04288118,-1.016195,0.508474,-0.5039667,0.4949215,0.4924678,
1,2,4.265,-0.248471,0.04288118,-1.016195,0.508474,-0.5039667,0.4949215,0.4924678,
1,2,4.267,-0.248471,0.04288118,-1.016195,0.508474,-0.5039667,0.4949215,0.4924678,
1,2,4.269,-0.248456,0.04287054,-1.0162,0.5084936,-0.5039579,0.4949285,0.4924495,
1,2,4.271,-0.248456,0.04287054,-1.0162,0.5084936,-0.5039579,0.4949285,0.4924495,
1,2,4.273,-0.248456,0.04287054,-1.0162,0.5084936,-0.5039579,0.4949285,0.4924495,
1,2,4.275,-0.248456,0.04287054,-1.0162,0.5084936,-0.5039579,0.4949285,0.4924495,
1,2,4.277,-0.2484643,0.0428748,-1.016198,0.5084978,-0.5039639,0.4949165,0.492451,
1,2,4.279,-0.2484643,0.0428748,-1.016198,0.5084978,-0.5039639,0.4949165,0.492451,
1,2,4.281,-0.2484643,0.0428748,-1.016198,0.5084978,-0.5039639,0.4949165,0.492451,
1,2,4.283,-0.2484643,0.0428748,-1.016198,0.5084978,-0.5039639,0.4949165,0.492451,
1,2,4.285,-0.2484655,0.04287269,-1.016188,0.5084904,-0.5039635,0.4949334,0.492442,
1,2,4.287,-0.2484655,0.04287269,-1.016188,0.5084904,-0.5039635,0.4949334,0.492442,
1,2,4.289,-0.2484655,0.04287269,-1.016188,0.5084904,-0.5039635,0.4949334,0.492442,
1,2,4.291,-0.2484655,0.04287269,-1.016188,0.5084904,-0.5039635,0.4949334,0.492442,
1,2,4.293,-0.2484608,0.04287532,-1.016191,0.5084868,-0.5039191,0.4949575,0.4924671,
1,2,4.295,-0.2484608,0.04287532,-1.016191,0.5084868,-0.5039191,0.4949575,0.4924671,
1,2,4.297,-0.2484608,0.04287532,-1.016191,0.5084868,-0.5039191,0.4949575,0.4924671,
1,2,4.299,-0.2484608,0.04287532,-1.016191,0.5084868,-0.5039191,0.4949575,0.4924671,
1,2,4.301,-0.2484586,0.04287686,-1.016193,0.5084873,-0.5039025,0.494975,0.4924659,
1,2,4.303,-0.2484586,0.04287686,-1.016193,0.5084873,-0.5039025,0.494975,0.4924659,
1,2,4.305,-0.2484586,0.04287686,-1.016193,0.5084873,-0.5039025,0.494975,0.4924659,
1,2,4.307,-0.2484586,0.04287686,-1.016193,0.5084873,-0.5039025,0.494975,0.4924659,
1,2,4.309,-0.2484615,0.04287579,-1.016189,0.5085015,-0.5039099,0.4949688,0.49245,
1,2,4.311,-0.2484615,0.04287579,-1.016189,0.5085015,-0.5039099,0.4949688,0.49245,
1,2,4.313,-0.2484615,0.04287579,-1.016189,0.5085015,-0.5039099,0.4949688,0.49245,
1,2,4.315,-0.2484615,0.04287579,-1.016189,0.5085015,-0.5039099,0.4949688,0.49245,
1,2,4.317,-0.2484615,0.04287579,-1.016189,0.5085015,-0.5039099,0.4949688,0.49245,
1,2,4.319,-0.2484549,0.04288082,-1.016185,0.5085026,-0.5039133,0.4949646,0.4924494,
1,2,4.321,-0.2484549,0.04288082,-1.016185,0.5085026,-0.5039133,0.4949646,0.4924494,
1,2,4.323,-0.2484549,0.04288082,-1.016185,0.5085026,-0.5039133,0.4949646,0.4924494,
1,2,4.325,-0.2484549,0.04288082,-1.016185,0.5085026,-0.5039133,0.4949646,0.4924494,
1,2,4.327,-0.2484579,0.04287479,-1.016191,0.5085027,-0.5039254,0.4949487,0.4924531,
1,2,4.329,-0.2484579,0.04287479,-1.016191,0.5085027,-0.5039254,0.4949487,0.4924531,
1,2,4.331,-0.2484579,0.04287479,-1.016191,0.5085027,-0.5039254,0.4949487,0.4924531,
1,2,4.333,-0.2484579,0.04287479,-1.016191,0.5085027,-0.5039254,0.4949487,0.4924531,
1,2,4.335,-0.248465,0.04287728,-1.016193,0.5084785,-0.5039368,0.4949429,0.4924723,
1,2,4.337,-0.248465,0.04287728,-1.016193,0.5084785,-0.5039368,0.4949429,0.4924723,
1,2,4.339,-0.248465,0.04287728,-1.016193,0.5084785,-0.5039368,0.4949429,0.4924723,
1,2,4.341,-0.248465,0.04287728,-1.016193,0.5084785,-0.5039368,0.4949429,0.4924723,
1,2,4.343,-0.2484659,0.04287823,-1.016201,0.5084773,-0.5039563,0.4949314,0.4924653,
1,2,4.345,-0.2484659,0.04287823,-1.016201,0.5084773,-0.5039563,0.4949314,0.4924653,
1,2,4.347,-0.2484659,0.04287823,-1.016201,0.5084773,-0.5039563,0.4949314,0.4924653,
1,2,4.349,-0.2484659,0.04287823,-1.016201,0.5084773,-0.5039563,0.4949314,0.4924653,
1,2,4.351,-0.248464,0.04287163,-1.016204,0.5084766,-0.5039638,0.4949304,0.4924593,
1,2,4.353,-0.248464,0.04287163,-1.016204,0.5084766,-0.5039638,0.4949304,0.4924593,
1,2,4.355,-0.248464,0.04287163,-1.016204,0.5084766,-0.5039638,0.4949304,0.4924593,
1,2,4.357,-0.248464,0.04287163,-1.016204,0.5084766,-0.5039638,0.4949304,0.4924593,
1,2,4.359,-0.2484616,0.04286907,-1.0162,0.5084744,-0.5039795,0.4949121,0.4924637,
1,2,4.361,-0.2484616,0.04286907,-1.0162,0.5084744,-0.5039795,0.4949121,0.4924637,
1,2,4.363,-0.2484616,0.04286907,-1.0162,0.5084744,-0.5039795,0.4949121,0.4924637,
1,2,4.365,-0.2484616,0.04286907,-1.0162,0.5084744,-0.5039795,0.4949121,0.4924637,
1,2,4.367,-0.2484616,0.04286907,-1.0162,0.5084744,-0.5039795,0.4949121,0.4924637,
1,2,4.369,-0.2484615,0.04287594,-1.016192,0.5084875,-0.5039832,0.4949087,0.49245,
1,2,4.371,-0.2484615,0.04287594,-1.016192,0.5084875,-0.5039832,0.4949087,0.49245,
1,2,4.373,-0.2484615,0.04287594,-1.016192,0.5084875,-0.5039832,0.4949087,0.49245,
1,2,4.375,-0.2484615,0.04287594,-1.016192,0.5084875,-0.5039832,0.4949087,0.49245,
1,2,4.377,-0.2484684,0.04286942,-1.016184,0.5084619,-0.5039636,0.4949387,0.4924661,
1,2,4.379,-0.2484684,0.04286942,-1.016184,0.5084619,-0.5039636,0.4949387,0.4924661,
1,2,4.381,-0.2484684,0.04286942,-1.016184,0.5084619,-0.5039636,0.4949387,0.4924661,
1,2,4.383,-0.2484684,0.04286942,-1.016184,0.5084619,-0.5039636,0.4949387,0.4924661,
1,2,4.385,-0.2484579,0.04286721,-1.016184,0.5084435,-0.5039498,0.4949599,0.4924781,
1,2,4.387,-0.2484579,0.04286721,-1.016184,0.5084435,-0.5039498,0.4949599,0.4924781,
1,2,4.389,-0.2484579,0.04286721,-1.016184,0.5084435,-0.5039498,0.4949599,0.4924781,
1,2,4.391,-0.2484579,0.04286721,-1.016184,0.5084435,-0.5039498,0.4949599,0.4924781,
1,2,4.393,-0.2484555,0.04287174,-1.016197,0.5084851,-0.5039647,0.4949278,0.492452,
1,2,4.395,-0.2484555,0.04287174,-1.016197,0.5084851,-0.5039647,0.4949278,0.492452,
1,2,4.397,-0.2484555,0.04287174,-1.016197,0.5084851,-0.5039647,0.4949278,0.492452,
1,2,4.399,-0.2484555,0.04287174,-1.016197,0.5084851,-0.5039647,0.4949278,0.492452,
1,2,4.401,-0.2484594,0.04287221,-1.016191,0.5084913,-0.5039464,0.4949482,0.4924438,
1,2,4.403,-0.2484594,0.04287221,-1.016191,0.5084913,-0.5039464,0.4949482,0.4924438,
1,2,4.405,-0.2484594,0.04287221,-1.016191,0.5084913,-0.5039464,0.4949482,0.4924438,
1,2,4.407,-0.2484594,0.04287221,-1.016191,0.5084913,-0.5039464,0.4949482,0.4924438,
1,2,4.409,-0.2484581,0.04287194,-1.016203,0.5084894,-0.5039521,0.4949436,0.4924446,
1,2,4.411,-0.2484581,0.04287194,-1.016203,0.5084894,-0.5039521,0.4949436,0.4924446,
1,2,4.413,-0.2484581,0.04287194,-1.016203,0.5084894,-0.5039521,0.4949436,0.4924446,
1,2,4.415,-0.2484581,0.04287194,-1.016203,0.5084894,-0.5039521,0.4949436,0.4924446,
1,2,4.417,-0.2484581,0.04287194,-1.016203,0.5084894,-0.5039521,0.4949436,0.4924446,
1,2,4.419,-0.248461,0.04286641,-1.016217,0.5084949,-0.5039622,0.4949288,0.4924435,
1,2,4.421,-0.248461,0.04286641,-1.016217,0.5084949,-0.5039622,0.4949288,0.4924435,
1,2,4.423,-0.248461,0.04286641,-1.016217,0.5084949,-0.5039622,0.4949288,0.4924435,
1,2,4.425,-0.248461,0.04286641,-1.016217,0.5084949,-0.5039622,0.4949288,0.4924435,
1,2,4.427,-0.2484622,0.0428613,-1.016217,0.5085303,-0.5039628,0.4949014,0.4924338,
1,2,4.429,-0.2484622,0.0428613,-1.016217,0.5085303,-0.5039628,0.4949014,0.4924338,
1,2,4.431,-0.2484622,0.0428613,-1.016217,0.5085303,-0.5039628,0.4949014,0.4924338,
1,2,4.433,-0.2484622,0.0428613,-1.016217,0.5085303,-0.5039628,0.4949014,0.4924338,
1,2,4.435,-0.2484514,0.04287262,-1.016213,0.5085071,-0.5039463,0.4949332,0.4924427,
1,2,4.437,-0.2484514,0.04287262,-1.016213,0.5085071,-0.5039463,0.4949332,0.4924427,
1,2,4.439,-0.2484514,0.04287262,-1.016213,0.5085071,-0.5039463,0.4949332,0.4924427,
1,2,4.441,-0.2484514,0.04287262,-1.016213,0.5085071,-0.5039463,0.4949332,0.4924427,
1,2,4.443,-0.2484664,0.04287506,-1.016213,0.5084703,-0.5039634,0.4949362,0.4924603,
1,2,4.445,-0.2484664,0.04287506,-1.016213,0.5084703,-0.5039634,0.4949362,0.4924603,
1,2,4.447,-0.2484664,0.04287506,-1.016213,0.5084703,-0.5039634,0.4949362,0.4924603,
1,2,4.449,-0.2484664,0.04287506,-1.016213,0.5084703,-0.5039634,0.4949362,0.4924603,
1,2,4.451,-0.2484556,0.04285781,-1.016207,0.5084826,-0.5039577,0.4949301,0.4924595,
1,2,4.453,-0.2484556,0.04285781,-1.016207,0.5084826,-0.5039577,0.4949301,0.4924595,
1,2,4.455,-0.2484556,0.04285781,-1.016207,0.5084826,-0.5039577,0.4949301,0.4924595,
1,2,4.457,-0.2484556,0.04285781,-1.016207,0.5084826,-0.5039577,0.4949301,0.4924595,
1,2,4.459,-0.2484515,0.04285396,-1.016205,0.508502,-0.5039265,0.4949418,0.4924597,
1,2,4.461,-0.2484515,0.04285396,-1.016205,0.508502,-0.5039265,0.4949418,0.4924597,
1,2,4.463,-0.2484515,0.04285396,-1.016205,0.508502,-0.5039265,0.4949418,0.4924597,
1,2,4.465,-0.2484515,0.04285396,-1.016205,0.508502,-0.5039265,0.4949418,0.4924597,
1,2,4.467,-0.2484515,0.04285396,-1.016205,0.508502,-0.5039265,0.4949418,0.4924597,
1,2,4.469,-0.2484543,0.04286731,-1.016209,0.5084896,-0.5039445,0.4949229,0.492473,
1,2,4.471,-0.2484543,0.04286731,-1.016209,0.5084896,-0.5039445,0.4949229,0.492473,
1,2,4.473,-0.2484543,0.04286731,-1.016209,0.5084896,-0.5039445,0.4949229,0.492473,
1,2,4.475,-0.2484543,0.04286731,-1.016209,0.5084896,-0.5039445,0.4949229,0.492473,
1,2,4.477,-0.2484547,0.04286684,-1.016203,0.5084775,-0.5039247,0.4949619,0.4924665,
1,2,4.479,-0.2484547,0.04286684,-1.016203,0.5084775,-0.5039247,0.4949619,0.4924665,
1,2,4.481,-0.2484547,0.04286684,-1.016203,0.5084775,-0.5039247,0.4949619,0.4924665,
1,2,4.483,-0.2484547,0.04286684,-1.016203,0.5084775,-0.5039247,0.4949619,0.4924665,
1,2,4.485,-0.2484515,0.04286271,-1.01621,0.5084873,-0.5039278,0.4949545,0.4924607,
1,2,4.487,-0.2484515,0.04286271,-1.01621,0.5084873,-0.5039278,0.4949545,0.4924607,
1,2,4.489,-0.2484515,0.04286271,-1.01621,0.5084873,-0.5039278,0.4949545,0.4924607,
1,2,4.491,-0.2484515,0.04286271,-1.01621,0.5084873,-0.5039278,0.4949545,0.4924607,
1,2,4.493,-0.2484526,0.04286081,-1.016203,0.508494,-0.5039384,0.4949365,0.4924611,
1,2,4.495,-0.2484526,0.04286081,-1.016203,0.508494,-0.5039384,0.4949365,0.4924611,
1,2,4.497,-0.2484526,0.04286081,-1.016203,0.508494,-0.5039384,0.4949365,0.4924611,
1,2,4.499,-0.2484526,0.04286081,-1.016203,0.508494,-0.5039384,0.4949365,0.4924611,
1,2,4.501,-0.2484573,0.0428623,-1.016207,0.5085002,-0.5039451,0.4949246,0.4924597,
1,2,4.503,-0.2484573,0.0428623,-1.016207,0.5085002,-0.5039451,0.4949246,0.4924597,
1,2,4.505,-0.2484573,0.0428623,-1.016207,0.5085002,-0.5039451,0.4949246,0.4924597,
1,2,4.507,-0.2484573,0.0428623,-1.016207,0.5085002,-0.5039451,0.4949246,0.4924597,
1,2,4.509,-0.2484585,0.04286142,-1.016205,0.5084839,-0.5039477,0.4949491,0.4924493,
1,2,4.511,-0.2484585,0.04286142,-1.016205,0.5084839,-0.5039477,0.4949491,0.4924493,
1,2,4.513,-0.2484585,0.04286142,-1.016205,0.5084839,-0.5039477,0.4949491,0.4924493,
1,2,4.515,-0.2484585,0.04286142,-1.016205,0.5084839,-0.5039477,0.4949491,0.4924493,
1,2,4.517,-0.2484585,0.04286142,-1.016205,0.5084839,-0.5039477,0.4949491,0.4924493,
1,2,4.519,-0.2484533,0.04286117,-1.016205,0.5085173,-0.5039288,0.4949413,0.4924421,
1,2,4.521,-0.2484533,0.04286117,-1.016205,0.5085173,-0.5039288,0.4949413,0.4924421,
1,2,4.523,-0.2484533,0.04286117,-1.016205,0.5085173,-0.5039288,0.4949413,0.4924421,
1,2,4.525,-0.2484533,0.04286117,-1.016205,0.5085173,-0.5039288,0.4949413,0.4924421,
1,2,4.527,-0.2484523,0.04286361,-1.016207,0.5085188,-0.5039279,0.4949259,0.4924569,
1,2,4.529,-0.2484523,0.04286361,-1.016207,0.5085188,-0.5039279,0.4949259,0.4924569,
1,2,4.531,-0.2484523,0.04286361,-1.016207,0.5085188,-0.5039279,0.4949259,0.4924569,
1,2,4.533,-0.2484523,0.04286361,-1.016207,0.5085188,-0.5039279,0.4949259,0.4924569,
1,2,4.535,-0.2484492,0.04287473,-1.016204,0.5085,-0.5039364,0.4949272,0.4924664,
1,2,4.537,-0.2484492,0.04287473,-1.016204,0.5085,-0.5039364,0.4949272,0.4924664,
1,2,4.539,-0.2484492,0.04287473,-1.016204,0.5085,-0.5039364,0.4949272,0.4924664,
1,2,4.541,-0.2484492,0.04287473,-1.016204,0.5085,-0.5039364,0.4949272,0.4924664,
1,2,4.543,-0.2484506,0.04286305,-1.016209,0.5085035,-0.5039518,0.4949158,0.4924583,
1,2,4.545,-0.2484506,0.04286305,-1.016209,0.5085035,-0.5039518,0.4949158,0.4924583,
1,2,4.547,-0.2484506,0.04286305,-1.016209,0.5085035,-0.5039518,0.4949158,0.4924583,
1,2,4.549,-0.2484506,0.04286305,-1.016209,0.5085035,-0.5039518,0.4949158,0.4924583,
1,2,4.551,-0.2484576,0.04285771,-1.016208,0.5084985,-0.503956,0.4949274,0.4924474,
1,2,4.553,-0.2484576,0.04285771,-1.016208,0.5084985,-0.503956,0.4949274,0.4924474,
1,2,4.555,-0.2484576,0.04285771,-1.016208,0.5084985,-0.503956,0.4949274,0.4924474,
1,2,4.557,-0.2484576,0.04285771,-1.016208,0.5084985,-0.503956,0.4949274,0.4924474,
1,2,4.559,-0.2484666,0.04285657,-1.016206,0.5085002,-0.5039549,0.4949375,0.4924366,
1,2,4.561,-0.2484666,0.04285657,-1.016206,0.5085002,-0.5039549,0.4949375,0.4924366,
1,2,4.563,-0.2484666,0.04285657,-1.016206,0.5085002,-0.5039549,0.4949375,0.4924366,
1,2,4.565,-0.2484666,0.04285657,-1.016206,0.5085002,-0.5039549,0.4949375,0.4924366,
1,2,4.567,-0.2484666,0.04285657,-1.016206,0.5085002,-0.5039549,0.4949375,0.4924366,
1,2,4.569,-0.2484517,0.04285937,-1.016203,0.5085001,-0.5039724,0.494903,0.4924536,
1,2,4.571,-0.2484517,0.04285937,-1.016203,0.5085001,-0.5039724,0.494903,0.4924536,
1,2,4.573,-0.2484517,0.04285937,-1.016203,0.5085001,-0.5039724,0.494903,0.4924536,
1,2,4.575,-0.2484517,0.04285937,-1.016203,0.5085001,-0.5039724,0.494903,0.4924536,
1,2,4.577,-0.2484553,0.04286047,-1.016192,0.5084865,-0.5039638,0.4949313,0.4924481,
1,2,4.579,-0.2484553,0.04286047,-1.016192,0.5084865,-0.5039638,0.4949313,0.4924481,
1,2,4.581,-0.2484553,0.04286047,-1.016192,0.5084865,-0.5039638,0.4949313,0.4924481,
1,2,4.583,-0.2484553,0.04286047,-1.016192,0.5084865,-0.5039638,0.4949313,0.4924481,
1,2,4.585,-0.248458,0.04285708,-1.01619,0.5084941,-0.5039481,0.4949528,0.4924347,
1,2,4.587,-0.248458,0.04285708,-1.01619,0.5084941,-0.5039481,0.4949528,0.4924347,
1,2,4.589,-0.248458,0.04285708,-1.01619,0.5084941,-0.5039481,0.4949528,0.4924347,
1,2,4.591,-0.248458,0.04285708,-1.01619,0.5084941,-0.5039481,0.4949528,0.4924347,
1,2,4.593,-0.2484534,0.04285098,-1.016186,0.5085118,-0.5039386,0.494954,0.4924247,
1,2,4.595,-0.2484534,0.04285098,-1.016186,0.5085118,-0.5039386,0.494954,0.4924247,
1,2,4.597,-0.2484534,0.04285098,-1.016186,0.5085118,-0.5039386,0.494954,0.4924247,
1,2,4.599,-0.2484534,0.04285098,-1.016186,0.5085118,-0.5039386,0.494954,0.4924247,
1,2,4.601,-0.2484645,0.04286472,-1.016185,0.5085003,-0.5039678,0.4949316,0.4924292,
1,2,4.603,-0.2484645,0.04286472,-1.016185,0.5085003,-0.5039678,0.4949316,0.4924292,
1,2,4.605,-0.2484645,0.04286472,-1.016185,0.5085003,-0.5039678,0.4949316,0.4924292,
1,2,4.607,-0.2484645,0.04286472,-1.016185,0.5085003,-0.5039678,0.4949316,0.4924292,
1,2,4.609,-0.2484639,0.04286291,-1.016186,0.5084894,-0.503976,0.49492,0.492444,
1,2,4.611,-0.2484639,0.04286291,-1.016186,0.5084894,-0.503976,0.49492,0.492444,
1,2,4.613,-0.2484639,0.04286291,-1.016186,0.5084894,-0.503976,0.49492,0.492444,
1,2,4.615,-0.2484639,0.04286291,-1.016186,0.5084894,-0.503976,0.49492,0.492444,
1,2,4.617,-0.2484639,0.04286291,-1.016186,0.5084894,-0.503976,0.49492,0.492444,
1,2,4.619,-0.2484659,0.04286652,-1.016186,0.5084785,-0.5039566,0.4949416,0.4924533,
1,2,4.621,-0.2484659,0.04286652,-1.016186,0.5084785,-0.5039566,0.4949416,0.4924533,
1,2,4.623,-0.2484659,0.04286652,-1.016186,0.5084785,-0.5039566,0.4949416,0.4924533,
1,2,4.625,-0.2484659,0.04286652,-1.016186,0.5084785,-0.5039566,0.4949416,0.4924533,
1,2,4.627,-0.2484665,0.04286904,-1.016185,0.5084785,-0.5039566,0.4949416,0.4924533,
1,2,4.629,-0.2484665,0.04286904,-1.016185,0.5084785,-0.5039566,0.4949416,0.4924533,
1,2,4.631,-0.2484665,0.04286904,-1.016185,0.5084785,-0.5039566,0.4949416,0.4924533,
1,2,4.633,-0.2484665,0.04286904,-1.016185,0.5084785,-0.5039566,0.4949416,0.4924533,
1,2,4.635,-0.2484579,0.0428679,-1.016188,0.5085006,-0.5039597,0.4949425,0.4924264,
1,2,4.637,-0.2484579,0.0428679,-1.016188,0.5085006,-0.5039597,0.4949425,0.4924264,
1,2,4.639,-0.2484579,0.0428679,-1.016188,0.5085006,-0.5039597,0.4949425,0.4924264,
1,2,4.641,-0.2484579,0.0428679,-1.016188,0.5085006,-0.5039597,0.4949425,0.4924264,
1,2,4.643,-0.2484598,0.04287239,-1.016189,0.5084807,-0.5039482,0.4949544,0.4924468,
1,2,4.645,-0.2484598,0.04287239,-1.016189,0.5084807,-0.5039482,0.4949544,0.4924468,
1,2,4.647,-0.2484598,0.04287239,-1.016189,0.5084807,-0.5039482,0.4949544,0.4924468,
1,2,4.649,-0.2484598,0.04287239,-1.016189,0.5084807,-0.5039482,0.4949544,0.4924468,
1,2,4.651,-0.2484572,0.04286621,-1.016191,0.5085152,-0.5039359,0.4949399,0.4924383,
1,2,4.653,-0.2484572,0.04286621,-1.016191,0.5085152,-0.5039359,0.4949399,0.4924383,
1,2,4.655,-0.2484572,0.04286621,-1.016191,0.5085152,-0.5039359,0.4949399,0.4924383,
1,2,4.657,-0.2484572,0.04286621,-1.016191,0.5085152,-0.5039359,0.4949399,0.4924383,
1,2,4.659,-0.2484625,0.04286947,-1.016186,0.5084805,-0.5039634,0.494919,0.492467,
1,2,4.661,-0.2484625,0.04286947,-1.016186,0.5084805,-0.5039634,0.494919,0.492467,
1,2,4.663,-0.2484625,0.04286947,-1.016186,0.5084805,-0.5039634,0.494919,0.492467,
1,2,4.665,-0.2484625,0.04286947,-1.016186,0.5084805,-0.5039634,0.494919,0.492467,
1,2,4.667,-0.2484625,0.04286947,-1.016186,0.5084805,-0.5039634,0.494919,0.492467,
1,2,4.669,-0.248461,0.04287098,-1.016184,0.508477,-0.5039513,0.4949341,0.4924679,
1,2,4.671,-0.248461,0.04287098,-1.016184,0.508477,-0.5039513,0.4949341,0.4924679,
1,2,4.673,-0.248461,0.04287098,-1.016184,0.508477,-0.5039513,0.4949341,0.4924679,
1,2,4.675,-0.248461,0.04287098,-1.016184,0.508477,-0.5039513,0.4949341,0.4924679,
1,2,4.677,-0.2484643,0.0428702,-1.016178,0.5084669,-0.5039374,0.4949594,0.4924672,
1,2,4.679,-0.2484643,0.0428702,-1.016178,0.5084669,-0.5039374,0.4949594,0.4924672,
1,2,4.681,-0.2484643,0.0428702,-1.016178,0.5084669,-0.5039374,0.4949594,0.4924672,
1,2,4.683,-0.2484643,0.0428702,-1.016178,0.5084669,-0.5039374,0.4949594,0.4924672,
1,2,4.685,-0.2484597,0.04287888,-1.016188,0.508472,-0.5039295,0.4949673,0.4924619,
1,2,4.687,-0.2484597,0.04287888,-1.016188,0.508472,-0.5039295,0.4949673,0.4924619,
1,2,4.689,-0.2484597,0.04287888,-1.016188,0.508472,-0.5039295,0.4949673,0.4924619,
1,2,4.691,-0.2484597,0.04287888,-1.016188,0.508472,-0.5039295,0.4949673,0.4924619,
1,2,4.693,-0.2484569,0.04287337,-1.016186,0.5084748,-0.5039506,0.4949598,0.492445,
1,2,4.695,-0.2484569,0.04287337,-1.016186,0.5084748,-0.5039506,0.4949598,0.492445,
1,2,4.697,-0.2484569,0.04287337,-1.016186,0.5084748,-0.5039506,0.4949598,0.492445,
1,2,4.699,-0.2484569,0.04287337,-1.016186,0.5084748,-0.5039506,0.4949598,0.492445,
1,2,4.701,-0.248459,0.04286971,-1.01618,0.5084799,-0.5039464,0.494952,0.4924518,
1,2,4.703,-0.248459,0.04286971,-1.01618,0.5084799,-0.5039464,0.494952,0.4924518,
1,2,4.705,-0.248459,0.04286971,-1.01618,0.5084799,-0.5039464,0.494952,0.4924518,
1,2,4.707,-0.248459,0.04286971,-1.01618,0.5084799,-0.5039464,0.494952,0.4924518,
1,2,4.709,-0.24846,0.04287484,-1.016184,0.5084874,-0.5039388,0.4949501,0.4924537,
1,2,4.711,-0.24846,0.04287484,-1.016184,0.5084874,-0.5039388,0.4949501,0.4924537,
1,2,4.713,-0.24846,0.04287484,-1.016184,0.5084874,-0.5039388,0.4949501,0.4924537,
1,2,4.715,-0.24846,0.04287484,-1.016184,0.5084874,-0.5039388,0.4949501,0.4924537,
1,2,4.717,-0.24846,0.04287484,-1.016184,0.5084874,-0.5039388,0.4949501,0.4924537,
1,2,4.719,-0.2484565,0.04287051,-1.016183,0.508478,-0.503962,0.4949434,0.4924463,
1,2,4.721,-0.2484565,0.04287051,-1.016183,0.508478,-0.503962,0.4949434,0.4924463,
1,2,4.723,-0.2484565,0.04287051,-1.016183,0.508478,-0.503962,0.4949434,0.4924463,
1,2,4.725,-0.2484565,0.04287051,-1.016183,0.508478,-0.503962,0.4949434,0.4924463,
1,2,4.727,-0.2484601,0.04287466,-1.016189,0.5084781,-0.503968,0.4949274,0.4924562,
1,2,4.729,-0.2484601,0.04287466,-1.016189,0.5084781,-0.503968,0.4949274,0.4924562,
1,2,4.731,-0.2484601,0.04287466,-1.016189,0.5084781,-0.503968,0.4949274,0.4924562,
1,2,4.733,-0.2484601,0.04287466,-1.016189,0.5084781,-0.503968,0.4949274,0.4924562,
1,2,4.735,-0.2484636,0.04287372,-1.016186,0.508482,-0.5039626,0.4949347,0.4924504,
1,2,4.737,-0.2484636,0.04287372,-1.016186,0.508482,-0.5039626,0.4949347,0.4924504,
1,2,4.739,-0.2484636,0.04287372,-1.016186,0.508482,-0.5039626,0.4949347,0.4924504,
1,2,4.741,-0.2484636,0.04287372,-1.016186,0.508482,-0.5039626,0.4949347,0.4924504,
1,2,4.743,-0.2484649,0.0428733,-1.016187,0.508482,-0.5039626,0.4949347,0.4924504,
1,2,4.745,-0.2484649,0.0428733,-1.016187,0.508482,-0.5039626,0.4949347,0.4924504,
1,2,4.747,-0.2484649,0.0428733,-1.016187,0.508482,-0.5039626,0.4949347,0.4924504,
1,2,4.749,-0.2484649,0.0428733,-1.016187,0.508482,-0.5039626,0.4949347,0.4924504,
1,2,4.751,-0.2484533,0.04286284,-1.016191,0.5084862,-0.5039448,0.4949459,0.4924532,
1,2,4.753,-0.2484533,0.04286284,-1.016191,0.5084862,-0.5039448,0.4949459,0.4924532,
1,2,4.755,-0.2484533,0.04286284,-1.016191,0.5084862,-0.5039448,0.4949459,0.4924532,
1,2,4.757,-0.2484533,0.04286284,-1.016191,0.5084862,-0.5039448,0.4949459,0.4924532,
1,2,4.759,-0.2484571,0.0428704,-1.016197,0.5084867,-0.5039268,0.4949597,0.4924571,
1,2,4.761,-0.2484571,0.0428704,-1.016197,0.5084867,-0.5039268,0.4949597,0.4924571,
1,2,4.763,-0.2484571,0.0428704,-1.016197,0.5084867,-0.5039268,0.4949597,0.4924571,
1,2,4.765,-0.2484571,0.0428704,-1.016197,0.5084867,-0.5039268,0.4949597,0.4924571,
1,2,4.767,-0.2484571,0.0428704,-1.016197,0.5084867,-0.5039268,0.4949597,0.4924571,
1,2,4.769,-0.2484493,0.04286265,-1.016186,0.5085005,-0.5039392,0.4949382,0.4924518,
1,2,4.771,-0.2484493,0.04286265,-1.016186,0.5085005,-0.5039392,0.4949382,0.4924518,
1,2,4.773,-0.2484493,0.04286265,-1.016186,0.5085005,-0.5039392,0.4949382,0.4924518,
1,2,4.775,-0.2484493,0.04286265,-1.016186,0.5085005,-0.5039392,0.4949382,0.4924518,
1,2,4.777,-0.2484543,0.04286342,-1.016182,0.5084969,-0.5039344,0.4949449,0.4924536,
1,2,4.779,-0.2484543,0.04286342,-1.016182,0.5084969,-0.5039344,0.4949449,0.4924536,
1,2,4.781,-0.2484543,0.04286342,-1.016182,0.5084969,-0.5039344,0.4949449,0.4924536,
1,2,4.783,-0.2484543,0.04286342,-1.016182,0.5084969,-0.5039344,0.4949449,0.4924536,
1,2,4.785,-0.2484519,0.04286489,-1.01619,0.5084872,-0.5039231,0.494958,0.4924622,
1,2,4.787,-0.2484519,0.04286489,-1.01619,0.5084872,-0.5039231,0.494958,0.4924622,
1,2,4.789,-0.2484519,0.04286489,-1.01619,0.5084872,-0.5039231,0.494958,0.4924622,
1,2,4.791,-0.2484519,0.04286489,-1.01619,0.5084872,-0.5039231,0.494958,0.4924622,
1,2,4.793,-0.2484571,0.04286841,-1.016193,0.5084891,-0.5039102,0.4949598,0.4924716,
1,2,4.795,-0.2484571,0.04286841,-1.016193,0.5084891,-0.5039102,0.4949598,0.4924716,
1,2,4.797,-0.2484571,0.04286841,-1.016193,0.5084891,-0.5039102,0.4949598,0.4924716,
1,2,4.799,-0.2484571,0.04286841,-1.016193,0.5084891,-0.5039102,0.4949598,0.4924716,
1,2,4.801,-0.2484512,0.04286559,-1.016199,0.5084968,-0.5039187,0.4949465,0.4924682,
1,2,4.803,-0.2484512,0.04286559,-1.016199,0.5084968,-0.5039187,0.4949465,0.4924682,
1,2,4.805,-0.2484512,0.04286559,-1.016199,0.5084968,-0.5039187,0.4949465,0.4924682,
1,2,4.807,-0.2484512,0.04286559,-1.016199,0.5084968,-0.5039187,0.4949465,0.4924682,
1,2,4.809,-0.2484586,0.04286867,-1.016203,0.5085136,-0.5039403,0.4949217,0.4924536,
1,2,4.811,-0.2484586,0.04286867,-1.016203,0.5085136,-0.5039403,0.4949217,0.4924536,
1,2,4.813,-0.2484586,0.04286867,-1.016203,0.5085136,-0.5039403,0.4949217,0.4924536,
1,2,4.815,-0.2484586,0.04286867,-1.016203,0.5085136,-0.5039403,0.4949217,0.4924536,
1,2,4.817,-0.2484586,0.04286867,-1.016203,0.5085136,-0.5039403,0.4949217,0.4924536,
1,2,4.819,-0.2484615,0.04287016,-1.016195,0.5084948,-0.503934,0.4949403,0.4924609,
1,2,4.821,-0.2484615,0.04287016,-1.016195,0.5084948,-0.503934,0.4949403,0.4924609,
1,2,4.823,-0.2484615,0.04287016,-1.016195,0.5084948,-0.503934,0.4949403,0.4924609,
1,2,4.825,-0.2484615,0.04287016,-1.016195,0.5084948,-0.503934,0.4949403,0.4924609,
1,2,4.827,-0.2484628,0.04286341,-1.016193,0.5085036,-0.5039196,0.4949619,0.4924447,
1,2,4.829,-0.2484628,0.04286341,-1.016193,0.5085036,-0.5039196,0.4949619,0.4924447,
1,2,4.831,-0.2484628,0.04286341,-1.016193,0.5085036,-0.5039196,0.4949619,0.4924447,
1,2,4.833,-0.2484628,0.04286341,-1.016193,0.5085036,-0.5039196,0.4949619,0.4924447,
1,2,4.835,-0.2484601,0.04286484,-1.01619,0.5084984,-0.5039104,0.4949594,0.4924622,
1,2,4.837,-0.2484601,0.04286484,-1.01619,0.5084984,-0.5039104,0.4949594,0.4924622,
1,2,4.839,-0.2484601,0.04286484,-1.01619,0.5084984,-0.5039104,0.4949594,0.4924622,
1,2,4.841,-0.2484601,0.04286484,-1.01619,0.5084984,-0.5039104,0.4949594,0.4924622,
1,2,4.843,-0.2484601,0.04287079,-1.016198,0.5084923,-0.5039176,0.4949618,0.4924587,
1,2,4.845,-0.2484601,0.04287079,-1.016198,0.5084923,-0.5039176,0.4949618,0.4924587,
1,2,4.847,-0.2484601,0.04287079,-1.016198,0.5084923,-0.5039176,0.4949618,0.4924587,
1,2,4.849,-0.2484601,0.04287079,-1.016198,0.5084923,-0.5039176,0.4949618,0.4924587,
1,2,4.851,-0.248456,0.04287417,-1.016207,0.5084996,-0.5039176,0.4949548,0.4924583,
1,2,4.853,-0.248456,0.04287417,-1.016207,0.5084996,-0.5039176,0.4949548,0.4924583,
1,2,4.855,-0.248456,0.04287417,-1.016207,0.5084996,-0.5039176,0.4949548,0.4924583,
1,2,4.857,-0.248456,0.04287417,-1.016207,0.5084996,-0.5039176,0.4949548,0.4924583,
1,2,4.859,-0.2484552,0.04287438,-1.016204,0.5084767,-0.5039466,0.4949363,0.4924707,
1,2,4.861,-0.2484552,0.04287438,-1.016204,0.5084767,-0.5039466,0.4949363,0.4924707,
1,2,4.863,-0.2484552,0.04287438,-1.016204,0.5084767,-0.5039466,0.4949363,0.4924707,
1,2,4.865,-0.2484552,0.04287438,-1.016204,0.5084767,-0.5039466,0.4949363,0.4924707,
1,2,4.867,-0.2484552,0.04287438,-1.016204,0.5084767,-0.5039466,0.4949363,0.4924707,
1,2,4.869,-0.2484661,0.04287023,-1.016203,0.508476,-0.5039344,0.4949465,0.4924737,
1,2,4.871,-0.2484661,0.04287023,-1.016203,0.508476,-0.5039344,0.4949465,0.4924737,
1,2,4.873,-0.2484661,0.04287023,-1.016203,0.508476,-0.5039344,0.4949465,0.4924737,
1,2,4.875,-0.2484661,0.04287023,-1.016203,0.508476,-0.5039344,0.4949465,0.4924737,
1,2,4.877,-0.2484643,0.04286897,-1.016208,0.5084844,-0.5039304,0.4949497,0.4924658,
1,2,4.879,-0.2484643,0.04286897,-1.016208,0.5084844,-0.5039304,0.4949497,0.4924658,
1,2,4.881,-0.2484643,0.04286897,-1.016208,0.5084844,-0.5039304,0.4949497,0.4924658,
1,2,4.883,-0.2484643,0.04286897,-1.016208,0.5084844,-0.5039304,0.4949497,0.4924658,
1,2,4.885,-0.2484652,0.04286893,-1.01621,0.5084785,-0.5039241,0.4949571,0.4924711,
1,2,4.887,-0.2484652,0.04286893,-1.01621,0.5084785,-0.5039241,0.4949571,0.4924711,
1,2,4.889,-0.2484652,0.04286893,-1.01621,0.5084785,-0.5039241,0.4949571,0.4924711,
1,2,4.891,-0.2484652,0.04286893,-1.01621,0.5084785,-0.5039241,0.4949571,0.4924711,
1,2,4.893,-0.2484564,0.04286502,-1.016201,0.508494,-0.5039213,0.4949474,0.4924676,
1,2,4.895,-0.2484564,0.04286502,-1.016201,0.508494,-0.5039213,0.4949474,0.4924676,
1,2,4.897,-0.2484564,0.04286502,-1.016201,0.508494,-0.5039213,0.4949474,0.4924676,
1,2,4.899,-0.2484564,0.04286502,-1.016201,0.508494,-0.5039213,0.4949474,0.4924676,
1,2,4.901,-0.2484526,0.0428622,-1.016198,0.508494,-0.5039213,0.4949474,0.4924676,
1,2,4.903,-0.2484526,0.0428622,-1.016198,0.508494,-0.5039213,0.4949474,0.4924676,
1,2,4.905,-0.2484526,0.0428622,-1.016198,0.508494,-0.5039213,0.4949474,0.4924676,
1,2,4.907,-0.2484526,0.0428622,-1.016198,0.508494,-0.5039213,0.4949474,0.4924676,
1,2,4.909,-0.2484681,0.0428663,-1.016198,0.5084862,-0.5039322,0.494963,0.4924488,
1,2,4.911,-0.2484681,0.0428663,-1.016198,0.5084862,-0.5039322,0.494963,0.4924488,
1,2,4.913,-0.2484681,0.0428663,-1.016198,0.5084862,-0.5039322,0.494963,0.4924488,
1,2,4.915,-0.2484681,0.0428663,-1.016198,0.5084862,-0.5039322,0.494963,0.4924488,
1,2,4.917,-0.2484681,0.0428663,-1.016198,0.5084862,-0.5039322,0.494963,0.4924488,
1,2,4.919,-0.248466,0.04286472,-1.016199,0.5084695,-0.5039574,0.4949428,0.4924605,
1,2,4.921,-0.248466,0.04286472,-1.016199,0.5084695,-0.5039574,0.4949428,0.4924605,
1,2,4.923,-0.248466,0.04286472,-1.016199,0.5084695,-0.5039574,0.4949428,0.4924605,
1,2,4.925,-0.248466,0.04286472,-1.016199,0.5084695,-0.5039574,0.4949428,0.4924605,
1,2,4.927,-0.2484655,0.04285949,-1.016193,0.5084829,-0.503943,0.494931,0.4924735,
1,2,4.929,-0.2484655,0.04285949,-1.016193,0.5084829,-0.503943,0.494931,0.4924735,
1,2,4.931,-0.2484655,0.04285949,-1.016193,0.5084829,-0.503943,0.494931,0.4924735,
1,2,4.933,-0.2484655,0.04285949,-1.016193,0.5084829,-0.503943,0.494931,0.4924735,
1,2,4.935,-0.248468,0.04287101,-1.016195,0.5084748,-0.5039417,0.4949456,0.4924684,
1,2,4.937,-0.248468,0.04287101,-1.016195,0.5084748,-0.5039417,0.4949456,0.4924684,
1,2,4.939,-0.248468,0.04287101,-1.016195,0.5084748,-0.5039417,0.4949456,0.4924684,
1,2,4.941,-0.248468,0.04287101,-1.016195,0.5084748,-0.5039417,0.4949456,0.4924684,
1,2,4.943,-0.2484754,0.04286914,-1.016193,0.5084558,-0.5039465,0.4949533,0.4924753,
1,2,4.945,-0.2484754,0.04286914,-1.016193,0.5084558,-0.5039465,0.4949533,0.4924753,
1,2,4.947,-0.2484754,0.04286914,-1.016193,0.5084558,-0.5039465,0.4949533,0.4924753,
1,2,4.949,-0.2484754,0.04286914,-1.016193,0.5084558,-0.5039465,0.4949533,0.4924753,
1,2,4.951,-0.2484726,0.04287594,-1.016193,0.5084596,-0.5039505,0.4949404,0.4924802,
1,2,4.953,-0.2484726,0.04287594,-1.016193,0.5084596,-0.5039505,0.4949404,0.4924802,
1,2,4.955,-0.2484726,0.04287594,-1.016193,0.5084596,-0.5039505,0.4949404,0.4924802,
1,2,4.957,-0.2484726,0.04287594,-1.016193,0.5084596,-0.5039505,0.4949404,0.4924802,
1,2,4.959,-0.2484741,0.04286618,-1.016185,0.508451,-0.5039788,0.4949192,0.4924816,
1,2,4.961,-0.2484741,0.04286618,-1.016185,0.508451,-0.5039788,0.4949192,0.4924816,
1,2,4.963,-0.2484741,0.04286618,-1.016185,0.508451,-0.5039788,0.4949192,0.4924816,
1,2,4.965,-0.2484741,0.04286618,-1.016185,0.508451,-0.5039788,0.4949192,0.4924816,
1,2,4.967,-0.2484741,0.04286618,-1.016185,0.508451,-0.5039788,0.4949192,0.4924816,
1,2,4.969,-0.2484717,0.04286847,-1.016181,0.508443,-0.5039667,0.4949356,0.4924857,
1,2,4.971,-0.2484717,0.04286847,-1.016181,0.508443,-0.5039667,0.4949356,0.4924857,
1,2,4.973,-0.2484717,0.04286847,-1.016181,0.508443,-0.5039667,0.4949356,0.4924857,
1,2,4.975,-0.2484717,0.04286847,-1.016181,0.508443,-0.5039667,0.4949356,0.4924857,
1,2,4.977,-0.2484684,0.04286518,-1.016196,0.5084602,-0.5039707,0.4949274,0.4924721,
1,2,4.979,-0.2484684,0.04286518,-1.016196,0.5084602,-0.5039707,0.4949274,0.4924721,
1,2,4.981,-0.2484684,0.04286518,-1.016196,0.5084602,-0.5039707,0.4949274,0.4924721,
1,2,4.983,-0.2484684,0.04286518,-1.016196,0.5084602,-0.5039707,0.4949274,0.4924721,
1,2,4.985,-0.2484657,0.04286282,-1.016192,0.5084605,-0.5039647,0.494926,0.4924792,
1,2,4.987,-0.2484657,0.04286282,-1.016192,0.5084605,-0.5039647,0.494926,0.4924792,
1,2,4.989,-0.2484657,0.04286282,-1.016192,0.5084605,-0.5039647,0.494926,0.4924792,
1,2,4.991,-0.2484657,0.04286282,-1.016192,0.5084605,-0.5039647,0.494926,0.4924792,
1,2,4.993,-0.2484698,0.0428558,-1.016186,0.5084513,-0.5039544,0.4949452,0.4924801,
1,2,4.995,-0.2484698,0.0428558,-1.016186,0.5084513,-0.5039544,0.4949452,0.4924801,
1,2,4.997,-0.2484698,0.0428558,-1.016186,0.5084513,-0.5039544,0.4949452,0.4924801,
1,2,4.999,-0.2484698,0.0428558,-1.016186,0.5084513,-0.5039544,0.4949452,0.4924801,
1,2,5.001,-0.2484661,0.04286073,-1.016188,0.5084471,-0.5039517,0.4949567,0.4924756,
1,2,5.003,-0.2484661,0.04286073,-1.016188,0.5084471,-0.5039517,0.4949567,0.4924756,
1,2,5.005,-0.2484661,0.04286073,-1.016188,0.5084471,-0.5039517,0.4949567,0.4924756,
1,2,5.007,-0.2484661,0.04286073,-1.016188,0.5084471,-0.5039517,0.4949567,0.4924756,
1,2,5.009,-0.2484679,0.04286961,-1.016186,0.5084414,-0.5039451,0.4949709,0.4924739,
1,2,5.011,-0.2484679,0.04286961,-1.016186,0.5084414,-0.5039451,0.4949709,0.4924739,
1,2,5.013,-0.2484679,0.04286961,-1.016186,0.5084414,-0.5039451,0.4949709,0.4924739,
1,2,5.015,-0.2484679,0.04286961,-1.016186,0.5084414,-0.5039451,0.4949709,0.4924739,
1,2,5.017,-0.2484679,0.04286961,-1.016186,0.5084414,-0.5039451,0.4949709,0.4924739,
1,2,5.019,-0.2484695,0.04286474,-1.016186,0.5084468,-0.5039368,0.4949667,0.4924811,
1,2,5.021,-0.2484695,0.04286474,-1.016186,0.5084468,-0.5039368,0.4949667,0.4924811,
1,2,5.023,-0.2484695,0.04286474,-1.016186,0.5084468,-0.5039368,0.4949667,0.4924811,
1,2,5.025,-0.2484695,0.04286474,-1.016186,0.5084468,-0.5039368,0.4949667,0.4924811,
1,2,5.027,-0.2484644,0.04286592,-1.01619,0.5084572,-0.5039693,0.4949181,0.4924858,
1,2,5.029,-0.2484644,0.04286592,-1.01619,0.5084572,-0.5039693,0.4949181,0.4924858,
1,2,5.031,-0.2484644,0.04286592,-1.01619,0.5084572,-0.5039693,0.4949181,0.4924858,
1,2,5.033,-0.2484644,0.04286592,-1.01619,0.5084572,-0.5039693,0.4949181,0.4924858,
1,2,5.035,-0.2484632,0.04286639,-1.01619,0.5084572,-0.5039693,0.4949181,0.4924858,
1,2,5.037,-0.2484632,0.04286639,-1.01619,0.5084572,-0.5039693,0.4949181,0.4924858,
1,2,5.039,-0.2484632,0.04286639,-1.01619,0.5084572,-0.5039693,0.4949181,0.4924858,
1,2,5.041,-0.2484632,0.04286639,-1.01619,0.5084572,-0.5039693,0.4949181,0.4924858,
1,2,5.043,-0.2484605,0.04285843,-1.016181,0.508459,-0.5039651,0.4949171,0.4924894,
1,2,5.045,-0.2484605,0.04285843,-1.016181,0.508459,-0.5039651,0.4949171,0.4924894,
1,2,5.047,-0.2484605,0.04285843,-1.016181,0.508459,-0.5039651,0.4949171,0.4924894,
1,2,5.049,-0.2484605,0.04285843,-1.016181,0.508459,-0.5039651,0.4949171,0.4924894,
1,2,5.051,-0.2484559,0.04284781,-1.016178,0.5084702,-0.5039739,0.4949042,0.4924817,
1,2,5.053,-0.2484559,0.04284781,-1.016178,0.5084702,-0.5039739,0.4949042,0.4924817,
1,2,5.055,-0.2484559,0.04284781,-1.016178,0.5084702,-0.5039739,0.4949042,0.4924817,
1,2,5.057,-0.2484559,0.04284781,-1.016178,0.5084702,-0.5039739,0.4949042,0.4924817,
1,2,5.059,-0.2484525,0.0428563,-1.016189,0.5084751,-0.5039518,0.4949199,0.4924836,
1,2,5.061,-0.2484525,0.0428563,-1.016189,0.5084751,-0.5039518,0.4949199,0.4924836,
1,2,5.063,-0.2484525,0.0428563,-1.016189,0.5084751,-0.5039518,0.4949199,0.4924836,
1,2,5.065,-0.2484525,0.0428563,-1.016189,0.5084751,-0.5039518,0.4949199,0.4924836,
1,2,5.067,-0.2484525,0.0428563,-1.016189,0.5084751,-0.5039518,0.4949199,0.4924836,
1,2,5.069,-0.2484642,0.04286847,-1.01619,0.5084743,-0.5039521,0.4949301,0.4924737,
1,2,5.071,-0.2484642,0.04286847,-1.01619,0.5084743,-0.5039521,0.4949301,0.4924737,
1,2,5.073,-0.2484642,0.04286847,-1.01619,0.5084743,-0.5039521,0.4949301,0.4924737,
1,2,5.075,-0.2484642,0.04286847,-1.01619,0.5084743,-0.5039521,0.4949301,0.4924737,
1,2,5.077,-0.2484545,0.04286638,-1.016191,0.5084884,-0.5039326,0.494955,0.4924542,
1,2,5.079,-0.2484545,0.04286638,-1.016191,0.5084884,-0.5039326,0.494955,0.4924542,
1,2,5.081,-0.2484545,0.04286638,-1.016191,0.5084884,-0.5039326,0.494955,0.4924542,CourtEnter
1,2,5.083,-0.2484545,0.04286638,-1.016191,0.5084884,-0.5039326,0.494955,0.4924542,
1,2,5.085,-0.248461,0.04287244,-1.016192,0.5084755,-0.5039109,0.4949863,0.4924582,
1,2,5.087,-0.248461,0.04287244,-1.016192,0.5084755,-0.5039109,0.4949863,0.4924582,
1,2,5.089,-0.248461,0.04287244,-1.016192,0.5084755,-0.5039109,0.4949863,0.4924582,
1,2,5.091,-0.248461,0.04287244,-1.016192,0.5084755,-0.5039109,0.4949863,0.4924582,CourtExit
1,2,5.093,-0.248456,0.04287234,-1.016195,0.5084684,-0.503931,0.494969,0.4924623,
1,2,5.095,-0.248456,0.04287234,-1.016195,0.5084684,-0.503931,0.494969,0.4924623,
1,2,5.097,-0.248456,0.04287234,-1.016195,0.5084684,-0.503931,0.494969,0.4924623,
1,2,5.099,-0.248456,0.04287234,-1.016195,0.5084684,-0.503931,0.494969,0.4924623,
1,2,5.101,-0.2484614,0.04287463,-1.016196,0.5084777,-0.5039324,0.4949677,0.4924527,
1,2,5.103,-0.2484614,0.04287463,-1.016196,0.5084777,-0.5039324,0.4949677,0.4924527,
1,2,5.105,-0.2484614,0.04287463,-1.016196,0.5084777,-0.5039324,0.4949677,0.4924527,
1,2,5.107,-0.2484614,0.04287463,-1.016196,0.5084777,-0.5039324,0.4949677,0.4924527,
1,2,5.109,-0.2484616,0.04287366,-1.016194,0.5084895,-0.5039528,0.4949508,0.4924366,
1,2,5.111,-0.2484616,0.04287366,-1.016194,0.5084895,-0.5039528,0.4949508,0.4924366,
1,2,5.113,-0.2484616,0.04287366,-1.016194,0.5084895,-0.5039528,0.4949508,0.4924366,
1,2,5.115,-0.2484616,0.04287366,-1.016194,0.5084895,-0.5039528,0.4949508,0.4924366,
1,2,5.117,-0.2484616,0.04287366,-1.016194,0.5084895,-0.5039528,0.4949508,0.4924366,
1,2,5.119,-0.2484614,0.04287577,-1.016193,0.5084862,-0.5039639,0.494926,0.4924537,
1,2,5.121,-0.2484614,0.04287577,-1.016193,0.5084862,-0.5039639,0.494926,0.4924537,
1,2,5.123,-0.2484614,0.04287577,-1.016193,0.5084862,-0.5039639,0.494926,0.4924537,
1,2,5.125,-0.2484614,0.04287577,-1.016193,0.5084862,-0.5039639,0.494926,0.4924537,
1,2,5.127,-0.2484576,0.04286897,-1.016185,0.5084958,-0.5039541,0.4949604,0.4924192,
1,2,5.129,-0.2484576,0.04286897,-1.016185,0.5084958,-0.5039541,0.4949604,0.4924192,
1,2,5.131,-0.2484576,0.04286897,-1.016185,0.5084958,-0.5039541,0.4949604,0.4924192,
1,2,5.133,-0.2484576,0.04286897,-1.016185,0.5084958,-0.5039541,0.4949604,0.4924192,
1,2,5.135,-0.2484542,0.04287889,-1.016187,0.5084874,-0.5039234,0.4949924,0.4924271,
1,2,5.137,-0.2484542,0.04287889,-1.016187,0.5084874,-0.5039234,0.4949924,0.4924271,
1,2,5.139,-0.2484542,0.04287889,-1.016187,0.5084874,-0.5039234,0.4949924,0.4924271,
1,2,5.141,-0.2484542,0.04287889,-1.016187,0.5084874,-0.5039234,0.4949924,0.4924271,
1,2,5.143,-0.2484596,0.04286696,-1.01619,0.5084794,-0.5039263,0.4949839,0.4924408,
1,2,5.145,-0.2484596,0.04286696,-1.01619,0.5084794,-0.5039263,0.4949839,0.4924408,
1,2,5.147,-0.2484596,0.04286696,-1.01619,0.5084794,-0.5039263,0.4949839,0.4924408,
1,2,5.149,-0.2484596,0.04286696,-1.01619,0.5084794,-0.5039263,0.4949839,0.4924408,
1,2,5.151,-0.2484656,0.04287278,-1.016194,0.5084867,-0.5039326,0.494972,0.4924389,
1,2,5.153,-0.2484656,0.04287278,-1.016194,0.5084867,-0.5039326,0.494972,0.4924389,
1,2,5.155,-0.2484656,0.04287278,-1.016194,0.5084867,-0.5039326,0.494972,0.4924389,
1,2,5.157,-0.2484656,0.04287278,-1.016194,0.5084867,-0.5039326,0.494972,0.4924389,
1,2,5.159,-0.248457,0.04287791,-1.016192,0.5084962,-0.5039376,0.4949606,0.4924355,
1,2,5.161,-0.248457,0.04287791,-1.016192,0.5084962,-0.5039376,0.4949606,0.4924355,
1,2,5.163,-0.248457,0.04287791,-1.016192,0.5084962,-0.5039376,0.4949606,0.4924355,
1,2,5.165,-0.248457,0.04287791,-1.016192,0.5084962,-0.5039376,0.4949606,0.4924355,
1,2,5.167,-0.248457,0.04287791,-1.016192,0.5084962,-0.5039376,0.4949606,0.4924355,
1,2,5.169,-0.2484489,0.0428742,-1.0162,0.5084854,-0.5039701,0.4949478,0.4924261,
1,2,5.171,-0.2484489,0.0428742,-1.0162,0.5084854,-0.5039701,0.4949478,0.4924261,
1,2,5.173,-0.2484489,0.0428742,-1.0162,0.5084854,-0.5039701,0.4949478,0.4924261,
1,2,5.175,-0.2484489,0.0428742,-1.0162,0.5084854,-0.5039701,0.4949478,0.4924261,
1,2,5.177,-0.2484532,0.04287306,-1.0162,0.5084875,-0.503962,0.494951,0.492429,
1,2,5.179,-0.2484532,0.04287306,-1.0162,0.5084875,-0.503962,0.494951,0.492429,
1,2,5.181,-0.2484532,0.04287306,-1.0162,0.5084875,-0.503962,0.494951,0.492429,
1,2,5.183,-0.2484532,0.04287306,-1.0162,0.5084875,-0.503962,0.494951,0.492429,
1,2,5.185,-0.2484495,0.04286354,-1.016186,0.5084955,-0.5039435,0.4949382,0.4924526,
1,2,5.187,-0.2484495,0.04286354,-1.016186,0.5084955,-0.5039435,0.4949382,0.4924526,
1,2,5.189,-0.2484495,0.04286354,-1.016186,0.5084955,-0.5039435,0.4949382,0.4924526,
1,2,5.191,-0.2484495,0.04286354,-1.016186,0.5084955,-0.5039435,0.4949382,0.4924526,
1,2,5.193,-0.2484443,0.04286402,-1.016193,0.5085227,-0.503945,0.4949141,0.4924473,
1,2,5.195,-0.2484443,0.04286402,-1.016193,0.5085227,-0.503945,0.4949141,0.4924473,
1,2,5.197,-0.2484443,0.04286402,-1.016193,0.5085227,-0.503945,0.4949141,0.4924473,
1,2,5.199,-0.2484443,0.04286402,-1.016193,0.5085227,-0.503945,0.4949141,0.4924473,
1,2,5.201,-0.2484576,0.04286486,-1.016196,0.5084949,-0.5039306,0.4949487,0.4924559,
1,2,5.203,-0.2484576,0.04286486,-1.016196,0.5084949,-0.5039306,0.4949487,0.4924559,
1,2,5.205,-0.2484576,0.04286486,-1.016196,0.5084949,-0.5039306,0.4949487,0.4924559,
1,2,5.207,-0.2484576,0.04286486,-1.016196,0.5084949,-0.5039306,0.4949487,0.4924559,
1,2,5.209,-0.2484446,0.04286977,-1.016204,0.5084822,-0.5039354,0.4949411,0.4924717,
1,2,5.211,-0.2484446,0.04286977,-1.016204,0.5084822,-0.5039354,0.4949411,0.4924717,
1,2,5.213,-0.2484446,0.04286977,-1.016204,0.5084822,-0.5039354,0.4949411,0.4924717,
1,2,5.215,-0.2484446,0.04286977,-1.016204,0.5084822,-0.5039354,0.4949411,0.4924717,
1,2,5.217,-0.2484446,0.04286977,-1.016204,0.5084822,-0.5039354,0.4949411,0.4924717,
1,2,5.219,-0.2484529,0.04286283,-1.01619,0.5084965,-0.5039294,0.4949511,0.492453,
1,2,5.221,-0.2484529,0.04286283,-1.01619,0.5084965,-0.5039294,0.4949511,0.492453,
1,2,5.223,-0.2484529,0.04286283,-1.01619,0.5084965,-0.5039294,0.4949511,0.492453,
1,2,5.225,-0.2484529,0.04286283,-1.01619,0.5084965,-0.5039294,0.4949511,0.492453,
1,2,5.227,-0.2484559,0.04286212,-1.016193,0.5084949,-0.5039267,0.4949666,0.4924418,
1,2,5.229,-0.2484559,0.04286212,-1.016193,0.5084949,-0.5039267,0.4949666,0.4924418,
1,2,5.231,-0.2484559,0.04286212,-1.016193,0.5084949,-0.5039267,0.4949666,0.4924418,
1,2,5.233,-0.2484559,0.04286212,-1.016193,0.5084949,-0.5039267,0.4949666,0.4924418,
1,2,5.235,-0.2484573,0.04286417,-1.016189,0.5084942,-0.5039181,0.4949712,0.4924468,
1,2,5.237,-0.2484573,0.04286417,-1.016189,0.5084942,-0.5039181,0.4949712,0.4924468,
1,2,5.239,-0.2484573,0.04286417,-1.016189,0.5084942,-0.5039181,0.4949712,0.4924468,
1,2,5.241,-0.2484573,0.04286417,-1.016189,0.5084942,-0.5039181,0.4949712,0.4924468,
1,2,5.243,-0.24845,0.04287057,-1.016189,0.5084874,-0.5039303,0.4949603,0.4924522,
1,2,5.245,-0.24845,0.04287057,-1.016189,0.5084874,-0.5039303,0.4949603,0.4924522,
1,2,5.247,-0.24845,0.04287057,-1.016189,0.5084874,-0.5039303,0.4949603,0.4924522,
1,2,5.249,-0.24845,0.04287057,-1.016189,0.5084874,-0.5039303,0.4949603,0.4924522,
1,2,5.251,-0.2484504,0.04287572,-1.016193,0.5084876,-0.5039359,0.4949551,0.4924515,
1,2,5.253,-0.2484504,0.04287572,-1.016193,0.5084876,-0.5039359,0.4949551,0.4924515,
1,2,5.255,-0.2484504,0.04287572,-1.016193,0.5084876,-0.5039359,0.4949551,0.4924515,
1,2,5.257,-0.2484504,0.04287572,-1.016193,0.5084876,-0.5039359,0.4949551,0.4924515,
1,2,5.259,-0.2484564,0.042857,-1.016195,0.5085017,-0.5039431,0.4949469,0.4924379,
1,2,5.261,-0.2484564,0.042857,-1.016195,0.5085017,-0.5039431,0.4949469,0.4924379,
1,2,5.263,-0.2484564,0.042857,-1.016195,0.5085017,-0.5039431,0.4949469,0.4924379,
1,2,5.265,-0.2484564,0.042857,-1.016195,0.5085017,-0.5039431,0.4949469,0.4924379,
1,2,5.267,-0.2484564,0.042857,-1.016195,0.5085017,-0.5039431,0.4949469,0.4924379,
1,2,5.269,-0.2484584,0.04286698,-1.016188,0.5084805,-0.5039384,0.4949702,0.4924412,
1,2,5.271,-0.2484584,0.04286698,-1.016188,0.5084805,-0.5039384,0.4949702,0.4924412,
1,2,5.273,-0.2484584,0.04286698,-1.016188,0.5084805,-0.5039384,0.4949702,0.4924412,
1,2,5.275,-0.2484584,0.04286698,-1.016188,0.5084805,-0.5039384,0.4949702,0.4924412,
1,2,5.277,-0.2484595,0.04286205,-1.016192,0.5084931,-0.5039257,0.4949673,0.4924441,
1,2,5.279,-0.2484595,0.04286205,-1.016192,0.5084931,-0.5039257,0.4949673,0.4924441,
1,2,5.281,-0.2484595,0.04286205,-1.016192,0.5084931,-0.5039257,0.4949673,0.4924441,
1,2,5.283,-0.2484595,0.04286205,-1.016192,0.5084931,-0.5039257,0.4949673,0.4924441,
1,2,5.285,-0.2484463,0.04285942,-1.016193,0.5085034,-0.5039424,0.4949383,0.4924453,
1,2,5.287,-0.2484463,0.04285942,-1.016193,0.5085034,-0.5039424,0.4949383,0.4924453,
1,2,5.289,-0.2484463,0.04285942,-1.016193,0.5085034,-0.5039424,0.4949383,0.4924453,
1,2,5.291,-0.2484463,0.04285942,-1.016193,0.5085034,-0.5039424,0.4949383,0.4924453,
1,2,5.293,-0.2484498,0.04285575,-1.016191,0.5085186,-0.5039462,0.4949298,0.4924345,
1,2,5.295,-0.2484498,0.04285575,-1.016191,0.5085186,-0.5039462,0.4949298,0.4924345,
1,2,5.297,-0.2484498,0.04285575,-1.016191,0.5085186,-0.5039462,0.4949298,0.4924345,
1,2,5.299,-0.2484498,0.04285575,-1.016191,0.5085186,-0.5039462,0.4949298,0.4924345,
1,2,5.301,-0.2484478,0.0428637,-1.016192,0.5085226,-0.5039642,0.4949149,0.492427,
1,2,5.303,-0.2484478,0.0428637,-1.016192,0.5085226,-0.5039642,0.4949149,0.492427,
1,2,5.305,-0.2484478,0.0428637,-1.016192,0.5085226,-0.5039642,0.4949149,0.492427,
1,2,5.307,-0.2484478,0.0428637,-1.016192,0.5085226,-0.5039642,0.4949149,0.492427,
1,2,5.309,-0.2484426,0.04286361,-1.01619,0.5085247,-0.5039697,0.494909,0.492425,
1,2,5.311,-0.2484426,0.04286361,-1.01619,0.5085247,-0.5039697,0.494909,0.492425,
1,2,5.313,-0.2484426,0.04286361,-1.01619,0.5085247,-0.5039697,0.494909,0.492425,
1,2,5.315,-0.2484426,0.04286361,-1.01619,0.5085247,-0.5039697,0.494909,0.492425,
1,2,5.317,-0.2484426,0.04286361,-1.01619,0.5085247,-0.5039697,0.494909,0.492425,
1,2,5.319,-0.2484534,0.04286252,-1.016187,0.5084901,-0.5039275,0.49497,0.4924424,
1,2,5.321,-0.2484534,0.04286252,-1.016187,0.5084901,-0.5039275,0.49497,0.4924424,
1,2,5.323,-0.2484534,0.04286252,-1.016187,0.5084901,-0.5039275,0.49497,0.4924424,
1,2,5.325,-0.2484534,0.04286252,-1.016187,0.5084901,-0.5039275,0.49497,0.4924424,
1,2,5.327,-0.248446,0.04286011,-1.016195,0.5084836,-0.50394,0.4949577,0.4924488,
1,2,5.329,-0.248446,0.04286011,-1.016195,0.5084836,-0.50394,0.4949577,0.4924488,
1,2,5.331,-0.248446,0.04286011,-1.016195,0.5084836,-0.50394,0.4949577,0.4924488,
1,2,5.333,-0.248446,0.04286011,-1.016195,0.5084836,-0.50394,0.4949577,0.4924488,
1,2,5.335,-0.2484515,0.04286804,-1.016197,0.5084846,-0.5039552,0.4949445,0.4924454,
1,2,5.337,-0.2484515,0.04286804,-1.016197,0.5084846,-0.5039552,0.4949445,0.4924454,
1,2,5.339,-0.2484515,0.04286804,-1.016197,0.5084846,-0.5039552,0.4949445,0.4924454,
1,2,5.341,-0.2484515,0.04286804,-1.016197,0.5084846,-0.5039552,0.4949445,0.4924454,
1,2,5.343,-0.2484471,0.04287622,-1.016198,0.5084813,-0.5039468,0.4949439,0.4924581,
1,2,5.345,-0.2484471,0.04287622,-1.016198,0.5084813,-0.5039468,0.4949439,0.4924581,
1,2,5.347,-0.2484471,0.04287622,-1.016198,0.5084813,-0.5039468,0.4949439,0.4924581,
1,2,5.349,-0.2484471,0.04287622,-1.016198,0.5084813,-0.5039468,0.4949439,0.4924581,
1,2,5.351,-0.2484464,0.04287241,-1.016193,0.5084873,-0.5039195,0.4949695,0.4924541,
1,2,5.353,-0.2484464,0.04287241,-1.016193,0.5084873,-0.5039195,0.4949695,0.4924541,
1,2,5.355,-0.2484464,0.04287241,-1.016193,0.5084873,-0.5039195,0.4949695,0.4924541,
1,2,5.357,-0.2484464,0.04287241,-1.016193,0.5084873,-0.5039195,0.4949695,0.4924541,
1,2,5.359,-0.248444,0.04287329,-1.016194,0.5084914,-0.5039068,0.4949768,0.4924555,
1,2,5.361,-0.248444,0.04287329,-1.016194,0.5084914,-0.5039068,0.4949768,0.4924555,
1,2,5.363,-0.248444,0.04287329,-1.016194,0.5084914,-0.5039068,0.4949768,0.4924555,
1,2,5.365,-0.248444,0.04287329,-1.016194,0.5084914,-0.5039068,0.4949768,0.4924555,
1,2,5.367,-0.248444,0.04287329,-1.016194,0.5084914,-0.5039068,0.4949768,0.4924555,
1,2,5.369,-0.2484475,0.04286593,-1.016194,0.5084876,-0.50395,0.4949499,0.4924421,
1,2,5.371,-0.2484475,0.04286593,-1.016194,0.5084876,-0.50395,0.4949499,0.4924421,
1,2,5.373,-0.2484475,0.04286593,-1.016194,0.5084876,-0.50395,0.4949499,0.4924421,
1,2,5.375,-0.2484475,0.04286593,-1.016194,0.5084876,-0.50395,0.4949499,0.4924421,
1,2,5.377,-0.2484453,0.04287142,-1.016195,0.5084791,-0.503939,0.4949577,0.4924543,
1,2,5.379,-0.2484453,0.04287142,-1.016195,0.5084791,-0.503939,0.4949577,0.4924543,
1,2,5.381,-0.2484453,0.04287142,-1.016195,0.5084791,-0.503939,0.4949577,0.4924543,
1,2,5.383,-0.2484453,0.04287142,-1.016195,0.5084791,-0.503939,0.4949577,0.4924543,
1,2,5.385,-0.2484454,0.04287462,-1.016196,0.5084791,-0.503939,0.4949577,0.4924543,
1,2,5.387,-0.2484454,0.04287462,-1.016196,0.5084791,-0.503939,0.4949577,0.4924543,
1,2,5.389,-0.2484454,0.04287462,-1.016196,0.5084791,-0.503939,0.4949577,0.4924543,
1,2,5.391,-0.2484454,0.04287462,-1.016196,0.5084791,-0.503939,0.4949577,0.4924543,
1,2,5.393,-0.2484403,0.04286191,-1.016186,0.508489,-0.5039213,0.4949721,0.4924479,
1,2,5.395,-0.2484403,0.04286191,-1.016186,0.508489,-0.5039213,0.4949721,0.4924479,
1,2,5.397,-0.2484403,0.04286191,-1.016186,0.508489,-0.5039213,0.4949721,0.4924479,
1,2,5.399,-0.2484403,0.04286191,-1.016186,0.508489,-0.5039213,0.4949721,0.4924479,
1,2,5.401,-0.2484453,0.04286787,-1.016196,0.5084899,-0.5039107,0.4949752,0.4924548,
1,2,5.403,-0.2484453,0.04286787,-1.016196,0.5084899,-0.5039107,0.4949752,0.4924548,
1,2,5.405,-0.2484453,0.04286787,-1.016196,0.5084899,-0.5039107,0.4949752,0.4924548,
1,2,5.407,-0.2484453,0.04286787,-1.016196,0.5084899,-0.5039107,0.4949752,0.4924548,
1,2,5.409,-0.2484484,0.0428689,-1.016199,0.5084833,-0.5039365,0.4949465,0.492464,
1,2,5.411,-0.2484484,0.0428689,-1.016199,0.5084833,-0.5039365,0.4949465,0.492464,
1,2,5.413,-0.2484484,0.0428689,-1.016199,0.5084833,-0.5039365,0.4949465,0.492464,
1,2,5.415,-0.2484484,0.0428689,-1.016199,0.5084833,-0.5039365,0.4949465,0.492464,
1,2,5.417,-0.2484484,0.0428689,-1.016199,0.5084833,-0.5039365,0.4949465,0.492464,
1,2,5.419,-0.2484474,0.04287542,-1.016199,0.5084761,-0.5039231,0.494958,0.4924735,
1,2,5.421,-0.2484474,0.04287542,-1.016199,0.5084761,-0.5039231,0.494958,0.4924735,
1,2,5.423,-0.2484474,0.04287542,-1.016199,0.5084761,-0.5039231,0.494958,0.4924735,
1,2,5.425,-0.2484474,0.04287542,-1.016199,0.5084761,-0.5039231,0.494958,0.4924735,
1,2,5.427,-0.2484557,0.04286904,-1.016201,0.508486,-0.5039445,0.4949397,0.4924598,
1,2,5.429,-0.2484557,0.04286904,-1.016201,0.508486,-0.5039445,0.4949397,0.4924598,
1,2,5.431,-0.2484557,0.04286904,-1.016201,0.508486,-0.5039445,0.4949397,0.4924598,
1,2,5.433,-0.2484557,0.04286904,-1.016201,0.508486,-0.5039445,0.4949397,0.4924598,
1,2,5.435,-0.2484527,0.04286507,-1.016202,0.5084758,-0.5039433,0.4949497,0.4924615,
1,2,5.437,-0.2484527,0.04286507,-1.016202,0.5084758,-0.5039433,0.4949497,0.4924615,
1,2,5.439,-0.2484527,0.04286507,-1.016202,0.5084758,-0.5039433,0.4949497,0.4924615,
1,2,5.441,-0.2484527,0.04286507,-1.016202,0.5084758,-0.5039433,0.4949497,0.4924615,
1,2,5.443,-0.2484524,0.0428804,-1.016189,0.508472,-0.5039475,0.4949659,0.4924448,
1,2,5.445,-0.2484524,0.0428804,-1.016189,0.508472,-0.5039475,0.4949659,0.4924448,
1,2,5.447,-0.2484524,0.0428804,-1.016189,0.508472,-0.5039475,0.4949659,0.4924448,
1,2,5.449,-0.2484524,0.0428804,-1.016189,0.508472,-0.5039475,0.4949659,0.4924448,
1,2,5.451,-0.2484606,0.04287331,-1.016189,0.508473,-0.5039605,0.4949403,0.4924562,
1,2,5.453,-0.2484606,0.04287331,-1.016189,0.508473,-0.5039605,0.4949403,0.4924562,
1,2,5.455,-0.2484606,0.04287331,-1.016189,0.508473,-0.5039605,0.4949403,0.4924562,
1,2,5.457,-0.2484606,0.04287331,-1.016189,0.508473,-0.5039605,0.4949403,0.4924562,
1,2,5.459,-0.2484579,0.04287352,-1.016196,0.5084618,-0.5039582,0.4949569,0.4924536,
1,2,5.461,-0.2484579,0.04287352,-1.016196,0.5084618,-0.5039582,0.4949569,0.4924536,
1,2,5.463,-0.2484579,0.04287352,-1.016196,0.5084618,-0.5039582,0.4949569,0.4924536,
1,2,5.465,-0.2484579,0.04287352,-1.016196,0.5084618,-0.5039582,0.4949569,0.4924536,
1,2,5.467,-0.2484579,0.04287352,-1.016196,0.5084618,-0.5039582,0.4949569,0.4924536,
1,2,5.469,-0.2484517,0.0428658,-1.016201,0.508477,-0.5039433,0.4949561,0.492454,
1,2,5.471,-0.2484517,0.0428658,-1.016201,0.508477,-0.5039433,0.4949561,0.492454,
1,2,5.473,-0.2484517,0.0428658,-1.016201,0.508477,-0.5039433,0.4949561,0.492454,
1,2,5.475,-0.2484517,0.0428658,-1.016201,0.508477,-0.5039433,0.4949561,0.492454,
1,2,5.477,-0.2484575,0.04286418,-1.016191,0.5084858,-0.5039474,0.4949266,0.4924704,
1,2,5.479,-0.2484575,0.04286418,-1.016191,0.5084858,-0.5039474,0.4949266,0.4924704,
1,2,5.481,-0.2484575,0.04286418,-1.016191,0.5084858,-0.5039474,0.4949266,0.4924704,
1,2,5.483,-0.2484575,0.04286418,-1.016191,0.5084858,-0.5039474,0.4949266,0.4924704,
1,2,5.485,-0.2484557,0.04286345,-1.016197,0.5084993,-0.5039392,0.4949367,0.4924546,
1,2,5.487,-0.2484557,0.04286345,-1.016197,0.5084993,-0.5039392,0.4949367,0.4924546,
1,2,5.489,-0.2484557,0.04286345,-1.016197,0.5084993,-0.5039392,0.4949367,0.4924546,
1,2,5.491,-0.2484557,0.04286345,-1.016197,0.5084993,-0.5039392,0.4949367,0.4924546,
1,2,5.493,-0.2484552,0.0428623,-1.016196,0.5084888,-0.5039538,0.4949325,0.4924547,
1,2,5.495,-0.2484552,0.0428623,-1.016196,0.5084888,-0.5039538,0.4949325,0.4924547,
1,2,5.497,-0.2484552,0.0428623,-1.016196,0.5084888,-0.5039538,0.4949325,0.4924547,
1,2,5.499,-0.2484552,0.0428623,-1.016196,0.5084888,-0.5039538,0.4949325,0.4924547,
1,2,5.501,-0.2484537,0.04285907,-1.016198,0.5084789,-0.5039656,0.4949407,0.4924446,
1,2,5.503,-0.2484537,0.04285907,-1.016198,0.5084789,-0.5039656,0.4949407,0.4924446,
1,2,5.505,-0.2484537,0.04285907,-1.016198,0.5084789,-0.5039656,0.4949407,0.4924446,
1,2,5.507,-0.2484537,0.04285907,-1.016198,0.5084789,-0.5039656,0.4949407,0.4924446,
1,2,5.509,-0.2484518,0.04286192,-1.016197,0.5084732,-0.5039411,0.4949676,0.4924486,
1,2,5.511,-0.2484518,0.04286192,-1.016197,0.5084732,-0.5039411,0.4949676,0.4924486,
1,2,5.513,-0.2484518,0.04286192,-1.016197,0.5084732,-0.5039411,0.4949676,0.4924486,
1,2,5.515,-0.2484518,0.04286192,-1.016197,0.5084732,-0.5039411,0.4949676,0.4924486,
1,2,5.517,-0.2484518,0.04286192,-1.016197,0.5084732,-0.5039411,0.4949676,0.4924486,
1,2,5.519,-0.248447,0.04285572,-1.016195,0.5084924,-0.5039401,0.4949574,0.4924399,
1,2,5.521,-0.248447,0.04285572,-1.016195,0.5084924,-0.5039401,0.4949574,0.4924399,
1,2,5.523,-0.248447,0.04285572,-1.016195,0.5084924,-0.5039401,0.4949574,0.4924399,
1,2,5.525,-0.248447,0.04285572,-1.016195,0.5084924,-0.5039401,0.4949574,0.4924399,
1,2,5.527,-0.2484457,0.04286102,-1.016199,0.5085095,-0.5039293,0.4949389,0.4924518,
1,2,5.529,-0.2484457,0.04286102,-1.016199,0.5085095,-0.5039293,0.4949389,0.4924518,
1,2,5.531,-0.2484457,0.04286102,-1.016199,0.5085095,-0.5039293,0.4949389,0.4924518,
1,2,5.533,-0.2484457,0.04286102,-1.016199,0.5085095,-0.5039293,0.4949389,0.4924518,
1,2,5.535,-0.2484485,0.04285685,-1.016195,0.5085016,-0.5039305,0.4949535,0.4924442,
1,2,5.537,-0.2484485,0.04285685,-1.016195,0.5085016,-0.5039305,0.4949535,0.4924442,
1,2,5.539,-0.2484485,0.04285685,-1.016195,0.5085016,-0.5039305,0.4949535,0.4924442,
1,2,5.541,-0.2484485,0.04285685,-1.016195,0.5085016,-0.5039305,0.4949535,0.4924442,
1,2,5.543,-0.2484464,0.04285416,-1.016202,0.5084844,-0.5039305,0.4949559,0.4924595,
1,2,5.545,-0.2484464,0.04285416,-1.016202,0.5084844,-0.5039305,0.4949559,0.4924595,
1,2,5.547,-0.2484464,0.04285416,-1.016202,0.5084844,-0.5039305,0.4949559,0.4924595,
1,2,5.549,-0.2484464,0.04285416,-1.016202,0.5084844,-0.5039305,0.4949559,0.4924595,
1,2,5.551,-0.248452,0.04285678,-1.016203,0.5085058,-0.5039486,0.4949271,0.4924478,
1,2,5.553,-0.248452,0.04285678,-1.016203,0.5085058,-0.5039486,0.4949271,0.4924478,
1,2,5.555,-0.248452,0.04285678,-1.016203,0.5085058,-0.5039486,0.4949271,0.4924478,
1,2,5.557,-0.248452,0.04285678,-1.016203,0.5085058,-0.5039486,0.4949271,0.4924478,
1,2,5.559,-0.2484565,0.04286242,-1.016201,0.508487,-0.5039353,0.4949712,0.4924366,
1,2,5.561,-0.2484565,0.04286242,-1.016201,0.508487,-0.5039353,0.4949712,0.4924366,
1,2,5.563,-0.2484565,0.04286242,-1.016201,0.508487,-0.5039353,0.4949712,0.4924366,
1,2,5.565,-0.2484565,0.04286242,-1.016201,0.508487,-0.5039353,0.4949712,0.4924366,
1,2,5.567,-0.2484565,0.04286242,-1.016201,0.508487,-0.5039353,0.4949712,0.4924366,
1,2,5.569,-0.2484537,0.04287652,-1.016204,0.5084929,-0.503934,0.4949607,0.4924423,
1,2,5.571,-0.2484537,0.04287652,-1.016204,0.5084929,-0.503934,0.4949607,0.4924423,
1,2,5.573,-0.2484537,0.04287652,-1.016204,0.5084929,-0.503934,0.4949607,0.4924423,
1,2,5.575,-0.2484537,0.04287652,-1.016204,0.5084929,-0.503934,0.4949607,0.4924423,
1,2,5.577,-0.2484556,0.04286418,-1.016205,0.5085173,-0.5039754,0.4949054,0.4924304,
1,2,5.579,-0.2484556,0.04286418,-1.016205,0.5085173,-0.5039754,0.4949054,0.4924304,
1,2,5.581,-0.2484556,0.04286418,-1.016205,0.5085173,-0.5039754,0.4949054,0.4924304,
1,2,5.583,-0.2484556,0.04286418,-1.016205,0.5085173,-0.5039754,0.4949054,0.4924304,
1,2,5.585,-0.2484547,0.04286503,-1.016198,0.5085094,-0.503956,0.4949343,0.4924292,
1,2,5.587,-0.2484547,0.04286503,-1.016198,0.5085094,-0.503956,0.4949343,0.4924292,
1,2,5.589,-0.2484547,0.04286503,-1.016198,0.5085094,-0.503956,0.4949343,0.4924292,
1,2,5.591,-0.2484547,0.04286503,-1.016198,0.5085094,-0.503956,0.4949343,0.4924292,
1,2,5.593,-0.2484496,0.04286753,-1.016194,0.5085146,-0.5039634,0.4949242,0.4924264,
1,2,5.595,-0.2484496,0.04286753,-1.016194,0.5085146,-0.5039634,0.4949242,0.4924264,
1,2,5.597,-0.2484496,0.04286753,-1.016194,0.5085146,-0.5039634,0.4949242,0.4924264,
1,2,5.599,-0.2484496,0.04286753,-1.016194,0.5085146,-0.5039634,0.4949242,0.4924264,
1,2,5.601,-0.24845,0.04286748,-1.016205,0.5085078,-0.503984,0.4948914,0.4924454,
1,2,5.603,-0.24845,0.04286748,-1.016205,0.5085078,-0.503984,0.4948914,0.4924454,
1,2,5.605,-0.24845,0.04286748,-1.016205,0.5085078,-0.503984,0.4948914,0.4924454,
1,2,5.607,-0.24845,0.04286748,-1.016205,0.5085078,-0.503984,0.4948914,0.4924454,
1,2,5.609,-0.2484506,0.04286938,-1.016201,0.5085043,-0.5039651,0.4949147,0.492445,
1,2,5.611,-0.2484506,0.04286938,-1.016201,0.5085043,-0.5039651,0.4949147,0.492445,
1,2,5.613,-0.2484506,0.04286938,-1.016201,0.5085043,-0.5039651,0.4949147,0.492445,
1,2,5.615,-0.2484506,0.04286938,-1.016201,0.5085043,-0.5039651,0.4949147,0.492445,
1,2,5.617,-0.2484506,0.04286938,-1.016201,0.5085043,-0.5039651,0.4949147,0.492445,
1,2,5.619,-0.2484511,0.0428652,-1.01621,0.5085164,-0.50398,0.4949052,0.4924268,
1,2,5.621,-0.2484511,0.0428652,-1.01621,0.5085164,-0.50398,0.4949052,0.4924268,
1,2,5.623,-0.2484511,0.0428652,-1.01621,0.5085164,-0.50398,0.4949052,0.4924268,
1,2,5.625,-0.2484511,0.0428652,-1.01621,0.5085164,-0.50398,0.4949052,0.4924268,
1,2,5.627,-0.2484535,0.04287365,-1.016202,0.5084972,-0.5039839,0.4949101,0.4924378,
1,2,5.629,-0.2484535,0.04287365,-1.016202,0.5084972,-0.5039839,0.4949101,0.4924378,
1,2,5.631,-0.2484535,0.04287365,-1.016202,0.5084972,-0.5039839,0.4949101,0.4924378,
1,2,5.633,-0.2484535,0.04287365,-1.016202,0.5084972,-0.5039839,0.4949101,0.4924378,
1,2,5.635,-0.2484559,0.04286867,-1.016204,0.5085013,-0.5039806,0.4949163,0.4924307,
1,2,5.637,-0.2484559,0.04286867,-1.016204,0.5085013,-0.5039806,0.4949163,0.4924307,
1,2,5.639,-0.2484559,0.04286867,-1.016204,0.5085013,-0.5039806,0.4949163,0.4924307,
1,2,5.641,-0.2484559,0.04286867,-1.016204,0.5085013,-0.5039806,0.4949163,0.4924307,
1,2,5.643,-0.2484529,0.04286816,-1.0162,0.5085062,-0.5039568,0.4949224,0.4924437,
1,2,5.645,-0.2484529,0.04286816,-1.0162,0.5085062,-0.5039568,0.4949224,0.4924437,
1,2,5.647,-0.2484529,0.04286816,-1.0162,0.5085062,-0.5039568,0.4949224,0.4924437,
1,2,5.649,-0.2484529,0.04286816,-1.0162,0.5085062,-0.5039568,0.4949224,0.4924437,
1,2,5.651,-0.2484532,0.04286603,-1.016205,0.5085325,-0.5039399,0.4949273,0.492429,
1,2,5.653,-0.2484532,0.04286603,-1.016205,0.5085325,-0.5039399,0.4949273,0.492429,
1,2,5.655,-0.2484532,0.04286603,-1.016205,0.5085325,-0.5039399,0.4949273,0.492429,
1,2,5.657,-0.2484532,0.04286603,-1.016205,0.5085325,-0.5039399,0.4949273,0.492429,
1,2,5.659,-0.2484561,0.04286414,-1.016201,0.5085307,-0.5039588,0.4949055,0.4924335,
1,2,5.661,-0.2484561,0.04286414,-1.016201,0.5085307,-0.5039588,0.4949055,0.4924335,
1,2,5.663,-0.2484561,0.04286414,-1.016201,0.5085307,-0.5039588,0.4949055,0.4924335,
1,2,5.665,-0.2484561,0.04286414,-1.016201,0.5085307,-0.5039588,0.4949055,0.4924335,
1,2,5.667,-0.2484561,0.04286414,-1.016201,0.5085307,-0.5039588,0.4949055,0.4924335,
1,2,5.669,-0.2484566,0.04286975,-1.0162,0.508526,-0.5039628,0.4949062,0.4924335,
1,2,5.671,-0.2484566,0.04286975,-1.0162,0.508526,-0.5039628,0.4949062,0.4924335,
1,2,5.673,-0.2484566,0.04286975,-1.0162,0.508526,-0.5039628,0.4949062,0.4924335,
1,2,5.675,-0.2484566,0.04286975,-1.0162,0.508526,-0.5039628,0.4949062,0.4924335,
1,2,5.677,-0.2484595,0.04286765,-1.0162,0.5085209,-0.5039654,0.4949057,0.4924366,
1,2,5.679,-0.2484595,0.04286765,-1.0162,0.5085209,-0.5039654,0.4949057,0.4924366,
1,2,5.681,-0.2484595,0.04286765,-1.0162,0.5085209,-0.5039654,0.4949057,0.4924366,
1,2,5.683,-0.2484595,0.04286765,-1.0162,0.5085209,-0.5039654,0.4949057,0.4924366,
1,2,5.685,-0.2484609,0.04286479,-1.0162,0.5085077,-0.5039532,0.4949288,0.4924394,
1,2,5.687,-0.2484609,0.04286479,-1.0162,0.5085077,-0.5039532,0.4949288,0.4924394,
1,2,5.689,-0.2484609,0.04286479,-1.0162,0.5085077,-0.5039532,0.4949288,0.4924394,
1,2,5.691,-0.2484609,0.04286479,-1.0162,0.5085077,-0.5039532,0.4949288,0.4924394,
1,2,5.693,-0.2484616,0.04286477,-1.016193,0.5085078,-0.5039576,0.4949231,0.4924405,
1,2,5.695,-0.2484616,0.04286477,-1.016193,0.5085078,-0.5039576,0.4949231,0.4924405,
1,2,5.697,-0.2484616,0.04286477,-1.016193,0.5085078,-0.5039576,0.4949231,0.4924405,
1,2,5.699,-0.2484616,0.04286477,-1.016193,0.5085078,-0.5039576,0.4949231,0.4924405,
1,2,5.701,-0.2484542,0.04287946,-1.016195,0.5084955,-0.5039663,0.4949224,0.492445,
1,2,5.703,-0.2484542,0.04287946,-1.016195,0.5084955,-0.5039663,0.4949224,0.492445,
1,2,5.705,-0.2484542,0.04287946,-1.016195,0.5084955,-0.5039663,0.4949224,0.492445,
1,2,5.707,-0.2484542,0.04287946,-1.016195,0.5084955,-0.5039663,0.4949224,0.492445,
1,2,5.709,-0.2484462,0.04287662,-1.016191,0.5084963,-0.5039626,0.4949233,0.4924471,
1,2,5.711,-0.2484462,0.04287662,-1.016191,0.5084963,-0.5039626,0.4949233,0.4924471,
1,2,5.713,-0.2484462,0.04287662,-1.016191,0.5084963,-0.5039626,0.4949233,0.4924471,
1,2,5.715,-0.2484462,0.04287662,-1.016191,0.5084963,-0.5039626,0.4949233,0.4924471,
1,2,5.717,-0.2484462,0.04287662,-1.016191,0.5084963,-0.5039626,0.4949233,0.4924471,
1,2,5.719,-0.2484597,0.04286496,-1.016205,0.5084763,-0.5039646,0.494939,0.4924501,
1,2,5.721,-0.2484597,0.04286496,-1.016205,0.5084763,-0.5039646,0.494939,0.4924501,
1,2,5.723,-0.2484597,0.04286496,-1.016205,0.5084763,-0.5039646,0.494939,0.4924501,
1,2,5.725,-0.2484597,0.04286496,-1.016205,0.5084763,-0.5039646,0.494939,0.4924501,
1,2,5.727,-0.2484504,0.04287121,-1.016187,0.5084776,-0.5039433,0.4949482,0.4924612,
1,2,5.729,-0.2484504,0.04287121,-1.016187,0.5084776,-0.5039433,0.4949482,0.4924612,
1,2,5.731,-0.2484504,0.04287121,-1.016187,0.5084776,-0.5039433,0.4949482,0.4924612,
1,2,5.733,-0.2484504,0.04287121,-1.016187,0.5084776,-0.5039433,0.4949482,0.4924612,
1,2,5.735,-0.2484555,0.04286455,-1.016198,0.5084866,-0.5039695,0.4949184,0.4924551,
1,2,5.737,-0.2484555,0.04286455,-1.016198,0.5084866,-0.5039695,0.4949184,0.4924551,
1,2,5.739,-0.2484555,0.04286455,-1.016198,0.5084866,-0.5039695,0.4949184,0.4924551,
1,2,5.741,-0.2484555,0.04286455,-1.016198,0.5084866,-0.5039695,0.4949184,0.4924551,
1,2,5.743,-0.2484599,0.04285507,-1.016196,0.5085031,-0.5039602,0.494923,0.4924428,
1,2,5.745,-0.2484599,0.04285507,-1.016196,0.5085031,-0.5039602,0.494923,0.4924428,
1,2,5.747,-0.2484599,0.04285507,-1.016196,0.5085031,-0.5039602,0.494923,0.4924428,
1,2,5.749,-0.2484599,0.04285507,-1.016196,0.5085031,-0.5039602,0.494923,0.4924428,
1,2,5.751,-0.2484649,0.04286928,-1.016182,0.5084836,-0.5039479,0.4949421,0.4924563,
1,2,5.753,-0.2484649,0.04286928,-1.016182,0.5084836,-0.5039479,0.4949421,0.4924563,
1,2,5.755,-0.2484649,0.04286928,-1.016182,0.5084836,-0.5039479,0.4949421,0.4924563,CourtEnter
1,2,5.757,-0.2484649,0.04286928,-1.016182,0.5084836,-0.5039479,0.4949421,0.4924563,
1,2,5.759,-0.2484559,0.04286952,-1.016189,0.5084659,-0.5039608,0.4949278,0.4924759,
1,2,5.761,-0.2484559,0.04286952,-1.016189,0.5084659,-0.5039608,0.4949278,0.4924759,
1,2,5.763,-0.2484559,0.04286952,-1.016189,0.5084659,-0.5039608,0.4949278,0.4924759,
1,2,5.765,-0.2484559,0.04286952,-1.016189,0.5084659,-0.5039608,0.4949278,0.4924759,
1,2,5.767,-0.2484559,0.04286952,-1.016189,0.5084659,-0.5039608,0.4949278,0.4924759,CourtExit
1,2,5.769,-0.248455,0.04286662,-1.016179,0.5084849,-0.5039603,0.4949164,0.4924681,
1,2,5.771,-0.248455,0.04286662,-1.016179,0.5084849,-0.5039603,0.4949164,0.4924681,
1,2,5.773,-0.248455,0.04286662,-1.016179,0.5084849,-0.5039603,0.4949164,0.4924681,
1,2,5.775,-0.248455,0.04286662,-1.016179,0.5084849,-0.5039603,0.4949164,0.4924681,
1,2,5.777,-0.2484545,0.04286429,-1.016186,0.5084801,-0.5039529,0.4949285,0.4924686,
1,2,5.779,-0.2484545,0.04286429,-1.016186,0.5084801,-0.5039529,0.4949285,0.4924686,
1,2,5.781,-0.2484545,0.04286429,-1.016186,0.5084801,-0.5039529,0.4949285,0.4924686,
1,2,5.783,-0.2484545,0.04286429,-1.016186,0.5084801,-0.5039529,0.4949285,0.4924686,
1,2,5.785,-0.2484565,0.04286863,-1.016182,0.5084854,-0.5039358,0.4949374,0.4924717,
1,2,5.787,-0.2484565,0.04286863,-1.016182,0.5084854,-0.5039358,0.4949374,0.4924717,
1,2,5.789,-0.2484565,0.04286863,-1.016182,0.5084854,-0.5039358,0.4949374,0.4924717,
1,2,5.791,-0.2484565,0.04286863,-1.016182,0.5084854,-0.5039358,0.4949374,0.4924717,
1,2,5.793,-0.2484595,0.04287563,-1.016191,0.5084664,-0.5039397,0.4949497,0.492475,
1,2,5.795,-0.2484595,0.04287563,-1.016191,0.5084664,-0.5039397,0.4949497,0.492475,
1,2,5.797,-0.2484595,0.04287563,-1.016191,0.5084664,-0.5039397,0.4949497,0.492475,
1,2,5.799,-0.2484595,0.04287563,-1.016191,0.5084664,-0.5039397,0.4949497,0.492475,
1,2,5.801,-0.2484708,0.0428642,-1.01618,0.5084568,-0.5039565,0.4949385,0.4924789,
1,2,5.803,-0.2484708,0.0428642,-1.01618,0.5084568,-0.5039565,0.4949385,0.4924789,
1,2,5.805,-0.2484708,0.0428642,-1.01618,0.5084568,-0.5039565,0.4949385,0.4924789,
1,2,5.807,-0.2484708,0.0428642,-1.01618,0.5084568,-0.5039565,0.4949385,0.4924789,
1,2,5.809,-0.2484648,0.04286997,-1.016187,0.5084723,-0.5039721,0.4949062,0.4924794,
1,2,5.811,-0.2484648,0.04286997,-1.016187,0.5084723,-0.5039721,0.4949062,0.4924794,
1,2,5.813,-0.2484648,0.04286997,-1.016187,0.5084723,-0.5039721,0.4949062,0.4924794,
1,2,5.815,-0.2484648,0.04286997,-1.016187,0.5084723,-0.5039721,0.4949062,0.4924794,
1,2,5.817,-0.2484648,0.04286997,-1.016187,0.5084723,-0.5039721,0.4949062,0.4924794,
1,2,5.819,-0.248462,0.04286267,-1.016181,0.5084808,-0.5039565,0.4949181,0.4924745,
1,2,5.821,-0.248462,0.04286267,-1.016181,0.5084808,-0.5039565,0.4949181,0.4924745,
1,2,5.823,-0.248462,0.04286267,-1.016181,0.5084808,-0.5039565,0.4949181,0.4924745,
1,2,5.825,-0.248462,0.04286267,-1.016181,0.5084808,-0.5039565,0.4949181,0.4924745,
1,2,5.827,-0.2484527,0.0428634,-1.016186,0.5084723,-0.5039477,0.4949227,0.4924878,
1,2,5.829,-0.2484527,0.0428634,-1.016186,0.5084723,-0.5039477,0.4949227,0.4924878,
1,2,5.831,-0.2484527,0.0428634,-1.016186,0.5084723,-0.5039477,0.4949227,0.4924878,
1,2,5.833,-0.2484527,0.0428634,-1.016186,0.5084723,-0.5039477,0.4949227,0.4924878,
1,2,5.835,-0.2484634,0.04286736,-1.016185,0.5084842,-0.5039578,0.4949211,0.4924668,
1,2,5.837,-0.2484634,0.04286736,-1.016185,0.5084842,-0.5039578,0.4949211,0.4924668,
1,2,5.839,-0.2484634,0.04286736,-1.016185,0.5084842,-0.5039578,0.4949211,0.4924668,
1,2,5.841,-0.2484634,0.04286736,-1.016185,0.5084842,-0.5039578,0.4949211,0.4924668,
1,2,5.843,-0.2484665,0.04287504,-1.016191,0.5084879,-0.5039651,0.494909,0.4924678,
1,2,5.845,-0.2484665,0.04287504,-1.016191,0.5084879,-0.5039651,0.494909,0.4924678,
1,2,5.847,-0.2484665,0.04287504,-1.016191,0.5084879,-0.5039651,0.494909,0.4924678,
1,2,5.849,-0.2484665,0.04287504,-1.016191,0.5084879,-0.5039651,0.494909,0.4924678,
1,2,5.851,-0.2484595,0.04286845,-1.016189,0.5084926,-0.5039862,0.4948901,0.4924602,
1,2,5.853,-0.2484595,0.04286845,-1.016189,0.5084926,-0.5039862,0.4948901,0.4924602,
1,2,5.855,-0.2484595,0.04286845,-1.016189,0.5084926,-0.5039862,0.4948901,0.4924602,
1,2,5.857,-0.2484595,0.04286845,-1.016189,0.5084926,-0.5039862,0.4948901,0.4924602,
1,2,5.859,-0.2484554,0.04286616,-1.016185,0.5085024,-0.5039893,0.4948817,0.4924553,
1,2,5.861,-0.2484554,0.04286616,-1.016185,0.5085024,-0.5039893,0.4948817,0.4924553,
1,2,5.863,-0.2484554,0.04286616,-1.016185,0.5085024,-0.5039893,0.4948817,0.4924553,
1,2,5.865,-0.2484554,0.04286616,-1.016185,0.5085024,-0.5039893,0.4948817,0.4924553,
1,2,5.867,-0.2484554,0.04286616,-1.016185,0.5085024,-0.5039893,0.4948817,0.4924553,
1,2,5.869,-0.2484582,0.04287263,-1.016183,0.5085202,-0.5039299,0.4949256,0.4924536,
1,2,5.871,-0.2484582,0.04287263,-1.016183,0.5085202,-0.5039299,0.4949256,0.4924536,
1,2,5.873,-0.2484582,0.04287263,-1.016183,0.5085202,-0.5039299,0.4949256,0.4924536,
1,2,5.875,-0.2484582,0.04287263,-1.016183,0.5085202,-0.5039299,0.4949256,0.4924536,
1,2,5.877,-0.2484487,0.042867,-1.016187,0.5085132,-0.5039274,0.4949356,0.4924533,
1,2,5.879,-0.2484487,0.042867,-1.016187,0.5085132,-0.5039274,0.4949356,0.4924533,
1,2,5.881,-0.2484487,0.042867,-1.016187,0.5085132,-0.5039274,0.4949356,0.4924533,
1,2,5.883,-0.2484487,0.042867,-1.016187,0.5085132,-0.5039274,0.4949356,0.4924533,
1,2,5.885,-0.2484629,0.04286185,-1.016184,0.5084872,-0.5039443,0.4949385,0.49246,
1,2,5.887,-0.2484629,0.04286185,-1.016184,0.5084872,-0.5039443,0.4949385,0.49246,
1,2,5.889,-0.2484629,0.04286185,-1.016184,0.5084872,-0.5039443,0.4949385,0.49246,
1,2,5.891,-0.2484629,0.04286185,-1.016184,0.5084872,-0.5039443,0.4949385,0.49246,
1,2,5.893,-0.248456,0.04287511,-1.016181,0.5084787,-0.5039512,0.4949322,0.492468,
1,2,5.895,-0.248456,0.04287511,-1.016181,0.5084787,-0.5039512,0.4949322,0.492468,
1,2,5.897,-0.248456,0.04287511,-1.016181,0.5084787,-0.5039512,0.4949322,0.492468,
1,2,5.899,-0.248456,0.04287511,-1.016181,0.5084787,-0.5039512,0.4949322,0.492468,
1,2,5.901,-0.2484515,0.04287088,-1.016174,0.5084829,-0.5039497,0.4949338,0.4924636,
1,2,5.903,-0.2484515,0.04287088,-1.016174,0.5084829,-0.5039497,0.4949338,0.4924636,
1,2,5.905,-0.2484515,0.04287088,-1.016174,0.5084829,-0.5039497,0.4949338,0.4924636,
1,2,5.907,-0.2484515,0.04287088,-1.016174,0.5084829,-0.5039497,0.4949338,0.4924636,
1,2,5.909,-0.2484489,0.04287018,-1.01617,0.5084829,-0.5039497,0.4949338,0.4924636,
1,2,5.911,-0.2484489,0.04287018,-1.01617,0.5084829,-0.5039497,0.4949338,0.4924636,
1,2,5.913,-0.2484489,0.04287018,-1.01617,0.5084829,-0.5039497,0.4949338,0.4924636,
1,2,5.915,-0.2484489,0.04287018,-1.01617,0.5084829,-0.5039497,0.4949338,0.4924636,
1,2,5.917,-0.2484489,0.04287018,-1.01617,0.5084829,-0.5039497,0.4949338,0.4924636,
1,2,5.919,-0.2484505,0.04286233,-1.016183,0.5085053,-0.5039731,0.4949047,0.4924458,
1,2,5.921,-0.2484505,0.04286233,-1.016183,0.5085053,-0.5039731,0.4949047,0.4924458,
1,2,5.923,-0.2484505,0.04286233,-1.016183,0.5085053,-0.5039731,0.4949047,0.4924458,
1,2,5.925,-0.2484505,0.04286233,-1.016183,0.5085053,-0.5039731,0.4949047,0.4924458,
1,2,5.927,-0.2484551,0.04286953,-1.016184,0.5084741,-0.5039775,0.494929,0.4924491,
1,2,5.929,-0.2484551,0.04286953,-1.016184,0.5084741,-0.5039775,0.494929,0.4924491,
1,2,5.931,-0.2484551,0.04286953,-1.016184,0.5084741,-0.5039775,0.494929,0.4924491,
1,2,5.933,-0.2484551,0.04286953,-1.016184,0.5084741,-0.5039775,0.494929,0.4924491,
1,2,5.935,-0.2484614,0.04286095,-1.016186,0.5084803,-0.5039902,0.4949147,0.4924442,
1,2,5.937,-0.2484614,0.04286095,-1.016186,0.5084803,-0.5039902,0.4949147,0.4924442,
1,2,5.939,-0.2484614,0.04286095,-1.016186,0.5084803,-0.5039902,0.4949147,0.4924442,
1,2,5.941,-0.2484614,0.04286095,-1.016186,0.5084803,-0.5039902,0.4949147,0.4924442,
1,2,5.943,-0.2484532,0.0428578,-1.016185,0.5084916,-0.5039703,0.4949072,0.4924603,
1,2,5.945,-0.2484532,0.0428578,-1.016185,0.5084916,-0.5039703,0.4949072,0.4924603,
1,2,5.947,-0.2484532,0.0428578,-1.016185,0.5084916,-0.5039703,0.4949072,0.4924603,
1,2,5.949,-0.2484532,0.0428578,-1.016185,0.5084916,-0.5039703,0.4949072,0.4924603,
1,2,5.951,-0.2484566,0.0428619,-1.016186,0.5085107,-0.5039536,0.4949115,0.4924533,
1,2,5.953,-0.2484566,0.0428619,-1.016186,0.5085107,-0.5039536,0.4949115,0.4924533,
1,2,5.955,-0.2484566,0.0428619,-1.016186,0.5085107,-0.5039536,0.4949115,0.4924533,
1,2,5.957,-0.2484566,0.0428619,-1.016186,0.5085107,-0.5039536,0.4949115,0.4924533,
1,2,5.959,-0.248455,0.04285502,-1.016182,0.5085164,-0.5039376,0.4949231,0.4924521,
1,2,5.961,-0.248455,0.04285502,-1.016182,0.5085164,-0.5039376,0.4949231,0.4924521,
1,2,5.963,-0.248455,0.04285502,-1.016182,0.5085164,-0.5039376,0.4949231,0.4924521,
1,2,5.965,-0.248455,0.04285502,-1.016182,0.5085164,-0.5039376,0.4949231,0.4924521,
1,2,5.967,-0.248455,0.04285502,-1.016182,0.5085164,-0.5039376,0.4949231,0.4924521,
1,2,5.969,-0.2484445,0.04286349,-1.016178,0.5085106,-0.5039426,0.4949183,0.4924579,
1,2,5.971,-0.2484445,0.04286349,-1.016178,0.5085106,-0.5039426,0.4949183,0.4924579,
1,2,5.973,-0.2484445,0.04286349,-1.016178,0.5085106,-0.5039426,0.4949183,0.4924579,
1,2,5.975,-0.2484445,0.04286349,-1.016178,0.5085106,-0.5039426,0.4949183,0.4924579,
1,2,5.977,-0.248444,0.04285936,-1.016184,0.5085244,-0.5039272,0.4949269,0.4924506,
1,2,5.979,-0.248444,0.04285936,-1.016184,0.5085244,-0.5039272,0.4949269,0.4924506,
1,2,5.981,-0.248444,0.04285936,-1.016184,0.5085244,-0.5039272,0.4949269,0.4924506,
1,2,5.983,-0.248444,0.04285936,-1.016184,0.5085244,-0.5039272,0.4949269,0.4924506,
1,2,5.985,-0.2484458,0.04286071,-1.016186,0.5085182,-0.5039293,0.4949184,0.4924637,
1,2,5.987,-0.2484458,0.04286071,-1.016186,0.5085182,-0.5039293,0.4949184,0.4924637,
1,2,5.989,-0.2484458,0.04286071,-1.016186,0.5085182,-0.5039293,0.4949184,0.4924637,
1,2,5.991,-0.2484458,0.04286071,-1.016186,0.5085182,-0.5039293,0.4949184,0.4924637,
1,2,5.993,-0.2484551,0.04286795,-1.016189,0.5085213,-0.5039312,0.4949324,0.4924445,
1,2,5.995,-0.2484551,0.04286795,-1.016189,0.5085213,-0.5039312,0.4949324,0.4924445,
1,2,5.997,-0.2484551,0.04286795,-1.016189,0.5085213,-0.5039312,0.4949324,0.4924445,
1,2,5.999,-0.2484551,0.04286795,-1.016189,0.5085213,-0.5039312,0.4949324,0.4924445,
1,3,6.001,-0.2484524,0.04286758,-1.016191,0.5085089,-0.5039221,0.4949356,0.4924633,TrialStart
1,3,6.003,-0.2484524,0.04286758,-1.016191,0.5085089,-0.5039221,0.4949356,0.4924633,
1,3,6.005,-0.2484524,0.04286758,-1.016191,0.5085089,-0.5039221,0.4949356,0.4924633,
1,3,6.007,-0.2484524,0.04286758,-1.016191,0.5085089,-0.5039221,0.4949356,0.4924633,
1,3,6.009,-0.2484533,0.04286748,-1.016189,0.5084972,-0.5039194,0.4949445,0.4924693,
1,3,6.011,-0.2484533,0.04286748,-1.016189,0.5084972,-0.5039194,0.4949445,0.4924693,
1,3,6.013,-0.2484533,0.04286748,-1.016189,0.5084972,-0.5039194,0.4949445,0.4924693,
1,3,6.015,-0.2484533,0.04286748,-1.016189,0.5084972,-0.5039194,0.4949445,0.4924693,
1,3,6.017,-0.2484533,0.04286748,-1.016189,0.5084972,-0.5039194,0.4949445,0.4924693,
1,3,6.019,-0.2484617,0.04287353,-1.016176,0.5084811,-0.5039277,0.4949452,0.4924766,
1,3,6.021,-0.2484617,0.04287353,-1.016176,0.5084811,-0.5039277,0.4949452,0.4924766,
1,3,6.023,-0.2484617,0.04287353,-1.016176,0.5084811,-0.5039277,0.4949452,0.4924766,
1,3,6.025,-0.2484617,0.04287353,-1.016176,0.5084811,-0.5039277,0.4949452,0.4924766,
1,3,6.027,-0.24846,0.04287599,-1.016182,0.5084863,-0.5039355,0.494937,0.4924714,
1,3,6.029,-0.24846,0.04287599,-1.016182,0.5084863,-0.5039355,0.494937,0.4924714,
1,3,6.031,-0.24846,0.04287599,-1.016182,0.5084863,-0.5039355,0.494937,0.4924714,
1,3,6.033,-0.24846,0.04287599,-1.016182,0.5084863,-0.5039355,0.494937,0.4924714,
1,3,6.035,-0.2484586,0.04286388,-1.016187,0.5084897,-0.5039459,0.4949194,0.4924751,
1,3,6.037,-0.2484586,0.04286388,-1.016187,0.5084897,-0.5039459,0.4949194,0.4924751,
1,3,6.039,-0.2484586,0.04286388,-1.016187,0.5084897,-0.5039459,0.4949194,0.4924751,
1,3,6.041,-0.2484586,0.04286388,-1.016187,0.5084897,-0.5039459,0.4949194,0.4924751,
1,3,6.043,-0.248459,0.04286515,-1.016193,0.5084667,-0.5039579,0.4949377,0.4924682,
1,3,6.045,-0.248459,0.04286515,-1.016193,0.5084667,-0.5039579,0.4949377,0.4924682,
1,3,6.047,-0.248459,0.04286515,-1.016193,0.5084667,-0.5039579,0.4949377,0.4924682,
1,3,6.049,-0.248459,0.04286515,-1.016193,0.5084667,-0.5039579,0.4949377,0.4924682,
1,3,6.051,-0.2484508,0.04286532,-1.016189,0.5084789,-0.5039308,0.4949439,0.4924768,
1,3,6.053,-0.2484508,0.04286532,-1.016189,0.5084789,-0.5039308,0.4949439,0.4924768,
1,3,6.055,-0.2484508,0.04286532,-1.016189,0.5084789,-0.5039308,0.4949439,0.4924768,
1,3,6.057,-0.2484508,0.04286532,-1.016189,0.5084789,-0.5039308,0.4949439,0.4924768,
1,3,6.059,-0.2484495,0.04286028,-1.016184,0.5084807,-0.5039243,0.4949533,0.4924723,
1,3,6.061,-0.2484495,0.04286028,-1.016184,0.5084807,-0.5039243,0.4949533,0.4924723,
1,3,6.063,-0.2484495,0.04286028,-1.016184,0.5084807,-0.5039243,0.4949533,0.4924723,
1,3,6.065,-0.2484495,0.04286028,-1.016184,0.5084807,-0.5039243,0.4949533,0.4924723,
1,3,6.067,-0.2484495,0.04286028,-1.016184,0.5084807,-0.5039243,0.4949533,0.4924723,
1,3,6.069,-0.2484506,0.04286364,-1.016185,0.5084889,-0.5039394,0.4949371,0.4924646,
1,3,6.071,-0.2484506,0.04286364,-1.016185,0.5084889,-0.5039394,0.4949371,0.4924646,
1,3,6.073,-0.2484506,0.04286364,-1.016185,0.5084889,-0.5039394,0.4949371,0.4924646,
1,3,6.075,-0.2484506,0.04286364,-1.016185,0.5084889,-0.5039394,0.4949371,0.4924646,
1,3,6.077,-0.2484503,0.04285984,-1.016192,0.5085039,-0.5039473,0.4949196,0.4924589,
1,3,6.079,-0.2484503,0.04285984,-1.016192,0.5085039,-0.5039473,0.4949196,0.4924589,
1,3,6.081,-0.2484503,0.04285984,-1.016192,0.5085039,-0.5039473,0.4949196,0.4924589,
1,3,6.083,-0.2484503,0.04285984,-1.016192,0.5085039,-0.5039473,0.4949196,0.4924589,
1,3,6.085,-0.2484432,0.04286227,-1.016196,0.5085001,-0.5039682,0.4949073,0.4924537,
1,3,6.087,-0.2484432,0.04286227,-1.016196,0.5085001,-0.5039682,0.4949073,0.4924537,
1,3,6.089,-0.2484432,0.04286227,-1.016196,0.5085001,-0.5039682,0.4949073,0.4924537,
1,3,6.091,-0.2484432,0.04286227,-1.016196,0.5085001,-0.5039682,0.4949073,0.4924537,
1,3,6.093,-0.248446,0.04287084,-1.016196,0.5084874,-0.503969,0.4949121,0.4924609,
1,3,6.095,-0.248446,0.04287084,-1.016196,0.5084874,-0.503969,0.4949121,0.4924609,
1,3,6.097,-0.248446,0.04287084,-1.016196,0.5084874,-0.503969,0.4949121,0.4924609,
1,3,6.099,-0.248446,0.04287084,-1.016196,0.5084874,-0.503969,0.4949121,0.4924609,
1,3,6.101,-0.2484388,0.04286656,-1.016192,0.508491,-0.5039435,0.4949308,0.4924647,
1,3,6.103,-0.2484388,0.04286656,-1.016192,0.508491,-0.5039435,0.4949308,0.4924647,
1,3,6.105,-0.2484388,0.04286656,-1.016192,0.508491,-0.5039435,0.4949308,0.4924647,
1,3,6.107,-0.2484388,0.04286656,-1.016192,0.508491,-0.5039435,0.4949308,0.4924647,
1,3,6.109,-0.2484392,0.0428551,-1.016185,0.5085018,-0.5039524,0.4949302,0.492445,
1,3,6.111,-0.2484392,0.0428551,-1.016185,0.5085018,-0.5039524,0.4949302,0.492445,
1,3,6.113,-0.2484392,0.0428551,-1.016185,0.5085018,-0.5039524,0.4949302,0.492445,
1,3,6.115,-0.2484392,0.0428551,-1.016185,0.5085018,-0.5039524,0.4949302,0.492445,
1,3,6.117,-0.2484392,0.0428551,-1.016185,0.5085018,-0.5039524,0.4949302,0.492445,
1,3,6.119,-0.248435,0.04286053,-1.016184,0.5084996,-0.50396,0.4949178,0.4924519,
1,3,6.121,-0.248435,0.04286053,-1.016184,0.5084996,-0.50396,0.4949178,0.4924519,
1,3,6.123,-0.248435,0.04286053,-1.016184,0.5084996,-0.50396,0.4949178,0.4924519,
1,3,6.125,-0.248435,0.04286053,-1.016184,0.5084996,-0.50396,0.4949178,0.4924519,
1,3,6.127,-0.2484389,0.04286603,-1.016186,0.5084792,-0.5039185,0.4949591,0.4924739,
1,3,6.129,-0.2484389,0.04286603,-1.016186,0.5084792,-0.5039185,0.4949591,0.4924739,
1,3,6.131,-0.2484389,0.04286603,-1.016186,0.5084792,-0.5039185,0.4949591,0.4924739,
1,3,6.133,-0.2484389,0.04286603,-1.016186,0.5084792,-0.5039185,0.4949591,0.4924739,
1,3,6.135,-0.2484446,0.04287219,-1.016182,0.5085049,-0.5039207,0.4949397,0.4924648,
1,3,6.137,-0.2484446,0.04287219,-1.016182,0.5085049,-0.5039207,0.4949397,0.4924648,
1,3,6.139,-0.2484446,0.04287219,-1.016182,0.5085049,-0.5039207,0.4949397,0.4924648,
1,3,6.141,-0.2484446,0.04287219,-1.016182,0.5085049,-0.5039207,0.4949397,0.4924648,
1,3,6.143,-0.2484521,0.04286352,-1.016184,0.5085104,-0.5039316,0.4949245,0.4924631,
1,3,6.145,-0.2484521,0.04286352,-1.016184,0.5085104,-0.5039316,0.4949245,0.4924631,
1,3,6.147,-0.2484521,0.04286352,-1.016184,0.5085104,-0.5039316,0.4949245,0.4924631,
1,3,6.149,-0.2484521,0.04286352,-1.016184,0.5085104,-0.5039316,0.4949245,0.4924631,
1,3,6.151,-0.2484408,0.04286456,-1.016186,0.5085085,-0.5039588,0.4949192,0.4924425,
1,3,6.153,-0.2484408,0.04286456,-1.016186,0.5085085,-0.5039588,0.4949192,0.4924425,
1,3,6.155,-0.2484408,0.04286456,-1.016186,0.5085085,-0.5039588,0.4949192,0.4924425,
1,3,6.157,-0.2484408,0.04286456,-1.016186,0.5085085,-0.5039588,0.4949192,0.4924425,
1,3,6.159,-0.2484457,0.04286917,-1.016191,0.5084893,-0.5039458,0.494942,0.4924528,
1,3,6.161,-0.2484457,0.04286917,-1.016191,0.5084893,-0.5039458,0.494942,0.4924528,
1,3,6.163,-0.2484457,0.04286917,-1.016191,0.5084893,-0.5039458,0.494942,0.4924528,
1,3,6.165,-0.2484457,0.04286917,-1.016191,0.5084893,-0.5039458,0.494942,0.4924528,
1,3,6.167,-0.2484457,0.04286917,-1.016191,0.5084893,-0.5039458,0.494942,0.4924528,
1,3,6.169,-0.248449,0.04286036,-1.016193,0.5084819,-0.5039608,0.4949261,0.492461,
1,3,6.171,-0.248449,0.04286036,-1.016193,0.5084819,-0.5039608,0.4949261,0.492461,
1,3,6.173,-0.248449,0.04286036,-1.016193,0.5084819,-0.5039608,0.4949261,0.492461,
1,3,6.175,-0.248449,0.04286036,-1.016193,0.5084819,-0.5039608,0.4949261,0.492461,
1,3,6.177,-0.248449,0.04286612,-1.016194,0.5084844,-0.5039679,0.4949078,0.4924697,
1,3,6.179,-0.248449,0.04286612,-1.016194,0.5084844,-0.5039679,0.4949078,0.4924697,
1,3,6.181,-0.248449,0.04286612,-1.016194,0.5084844,-0.5039679,0.4949078,0.4924697,
1,3,6.183,-0.248449,0.04286612,-1.016194,0.5084844,-0.5039679,0.4949078,0.4924697,
1,3,6.185,-0.248455,0.04286432,-1.016191,0.5084705,-0.5039681,0.4949137,0.4924779,
1,3,6.187,-0.248455,0.04286432,-1.016191,0.5084705,-0.5039681,0.4949137,0.4924779,
1,3,6.189,-0.248455,0.04286432,-1.016191,0.5084705,-0.5039681,0.4949137,0.4924779,
1,3,6.191,-0.248455,0.04286432,-1.016191,0.5084705,-0.5039681,0.4949137,0.4924779,
1,3,6.193,-0.2484521,0.04285582,-1.016189,0.5084797,-0.5039485,0.4949486,0.4924534,
1,3,6.195,-0.2484521,0.04285582,-1.016189,0.5084797,-0.5039485,0.4949486,0.4924534,
1,3,6.197,-0.2484521,0.04285582,-1.016189,0.5084797,-0.5039485,0.4949486,0.4924534,
1,3,6.199,-0.2484521,0.04285582,-1.016189,0.5084797,-0.5039485,0.4949486,0.4924534,
1,3,6.201,-0.2484431,0.04285083,-1.016195,0.5084774,-0.5039642,0.4949358,0.4924524,
1,3,6.203,-0.2484431,0.04285083,-1.016195,0.5084774,-0.5039642,0.4949358,0.4924524,
1,3,6.205,-0.2484431,0.04285083,-1.016195,0.5084774,-0.5039642,0.4949358,0.4924524,
1,3,6.207,-0.2484431,0.04285083,-1.016195,0.5084774,-0.5039642,0.4949358,0.4924524,
1,3,6.209,-0.2484546,0.04285474,-1.016183,0.5084747,-0.5039565,0.4949302,0.4924686,
1,3,6.211,-0.2484546,0.04285474,-1.016183,0.5084747,-0.5039565,0.4949302,0.4924686,
1,3,6.213,-0.2484546,0.04285474,-1.016183,0.5084747,-0.5039565,0.4949302,0.4924686,
1,3,6.215,-0.2484546,0.04285474,-1.016183,0.5084747,-0.5039565,0.4949302,0.4924686,
1,3,6.217,-0.2484546,0.04285474,-1.016183,0.5084747,-0.5039565,0.4949302,0.4924686,
1,3,6.219,-0.2484463,0.04286731,-1.016191,0.5084574,-0.5039591,0.494948,0.4924662,
1,3,6.221,-0.2484463,0.04286731,-1.016191,0.5084574,-0.5039591,0.494948,0.4924662,
1,3,6.223,-0.2484463,0.04286731,-1.016191,0.5084574,-0.5039591,0.494948,0.4924662,
1,3,6.225,-0.2484463,0.04286731,-1.016191,0.5084574,-0.5039591,0.494948,0.4924662,
1,3,6.227,-0.2484484,0.04286016,-1.016184,0.5084705,-0.5039696,0.4949103,0.4924798,
1,3,6.229,-0.2484484,0.04286016,-1.016184,0.5084705,-0.5039696,0.4949103,0.4924798,
1,3,6.231,-0.2484484,0.04286016,-1.016184,0.5084705,-0.5039696,0.4949103,0.4924798,
1,3,6.233,-0.2484484,0.04286016,-1.016184,0.5084705,-0.5039696,0.4949103,0.4924798,
1,3,6.235,-0.2484455,0.0428565,-1.01618,0.5084797,-0.5039641,0.4949197,0.4924664,
1,3,6.237,-0.2484455,0.0428565,-1.01618,0.5084797,-0.5039641,0.4949197,0.4924664,
1,3,6.239,-0.2484455,0.0428565,-1.01618,0.5084797,-0.5039641,0.4949197,0.4924664,
1,3,6.241,-0.2484455,0.0428565,-1.01618,0.5084797,-0.5039641,0.4949197,0.4924664,
1,3,6.243,-0.2484424,0.04285869,-1.016184,0.5084897,-0.503953,0.494932,0.492455,
1,3,6.245,-0.2484424,0.04285869,-1.016184,0.5084897,-0.503953,0.494932,0.492455,
1,3,6.247,-0.2484424,0.04285869,-1.016184,0.5084897,-0.503953,0.494932,0.492455,
1,3,6.249,-0.2484424,0.04285869,-1.016184,0.5084897,-0.503953,0.494932,0.492455,
1,3,6.251,-0.2484511,0.0428595,-1.016181,0.5085076,-0.5039646,0.4949074,0.4924494,
1,3,6.253,-0.2484511,0.0428595,-1.016181,0.5085076,-0.5039646,0.4949074,0.4924494,
1,3,6.255,-0.2484511,0.0428595,-1.016181,0.5085076,-0.5039646,0.4949074,0.4924494,
1,3,6.257,-0.2484511,0.0428595,-1.016181,0.5085076,-0.5039646,0.4949074,0.4924494,
1,3,6.259,-0.2484508,0.04286281,-1.016189,0.5084727,-0.5039721,0.4949073,0.4924777,
1,3,6.261,-0.2484508,0.04286281,-1.016189,0.5084727,-0.5039721,0.4949073,0.4924777,
1,3,6.263,-0.2484508,0.04286281,-1.016189,0.5084727,-0.5039721,0.4949073,0.4924777,
1,3,6.265,-0.2484508,0.04286281,-1.016189,0.5084727,-0.5039721,0.4949073,0.4924777,
1,3,6.267,-0.2484508,0.04286281,-1.016189,0.5084727,-0.5039721,0.4949073,0.4924777,
1,3,6.269,-0.2484556,0.04286828,-1.016185,0.5084567,-0.5039626,0.4949294,0.492482,
1,3,6.271,-0.2484556,0.04286828,-1.016185,0.5084567,-0.5039626,0.4949294,0.492482,
1,3,6.273,-0.2484556,0.04286828,-1.016185,0.5084567,-0.5039626,0.4949294,0.492482,
1,3,6.275,-0.2484556,0.04286828,-1.016185,0.5084567,-0.5039626,0.4949294,0.492482,
1,3,6.277,-0.2484428,0.04286435,-1.016185,0.5084717,-0.5039672,0.494913,0.4924782,
1,3,6.279,-0.2484428,0.04286435,-1.016185,0.5084717,-0.5039672,0.494913,0.4924782,
1,3,6.281,-0.2484428,0.04286435,-1.016185,0.5084717,-0.5039672,0.494913,0.4924782,
1,3,6.283,-0.2484428,0.04286435,-1.016185,0.5084717,-0.5039672,0.494913,0.4924782,
1,3,6.285,-0.2484488,0.04286003,-1.016188,0.5084755,-0.5039711,0.4949182,0.4924652,
1,3,6.287,-0.2484488,0.04286003,-1.016188,0.5084755,-0.5039711,0.4949182,0.4924652,
1,3,6.289,-0.2484488,0.04286003,-1.016188,0.5084755,-0.5039711,0.4949182,0.4924652,
1,3,6.291,-0.2484488,0.04286003,-1.016188,0.5084755,-0.5039711,0.4949182,0.4924652,
1,3,6.293,-0.2484508,0.04285455,-1.016186,0.5084744,-0.5039573,0.4949243,0.4924742,
1,3,6.295,-0.2484508,0.04285455,-1.016186,0.5084744,-0.5039573,0.4949243,0.4924742,
1,3,6.297,-0.2484508,0.04285455,-1.016186,0.5084744,-0.5039573,0.4949243,0.4924742,
1,3,6.299,-0.2484508,0.04285455,-1.016186,0.5084744,-0.5039573,0.4949243,0.4924742,
1,3,6.301,-0.2484545,0.04286065,-1.016188,0.5084631,-0.5039867,0.4949195,0.4924606,
1,3,6.303,-0.2484545,0.04286065,-1.016188,0.5084631,-0.5039867,0.4949195,0.4924606,
1,3,6.305,-0.2484545,0.04286065,-1.016188,0.5084631,-0.5039867,0.4949195,0.4924606,
1,3,6.307,-0.2484545,0.04286065,-1.016188,0.5084631,-0.5039867,0.4949195,0.4924606,
1,3,6.309,-0.2484525,0.04286305,-1.016191,0.5084666,-0.5039869,0.4949232,0.4924531,
1,3,6.311,-0.2484525,0.04286305,-1.016191,0.5084666,-0.5039869,0.4949232,0.4924531,
1,3,6.313,-0.2484525,0.04286305,-1.016191,0.5084666,-0.5039869,0.4949232,0.4924531,
1,3,6.315,-0.2484525,0.04286305,-1.016191,0.5084666,-0.5039869,0.4949232,0.4924531,
1,3,6.317,-0.2484525,0.04286305,-1.016191,0.5084666,-0.5039869,0.4949232,0.4924531,
1,3,6.319,-0.2484605,0.04287132,-1.016188,0.5084665,-0.5039909,0.4949188,0.4924535,
1,3,6.321,-0.2484605,0.04287132,-1.016188,0.5084665,-0.5039909,0.4949188,0.4924535,
1,3,6.323,-0.2484605,0.04287132,-1.016188,0.5084665,-0.5039909,0.4949188,0.4924535,
1,3,6.325,-0.2484605,0.04287132,-1.016188,0.5084665,-0.5039909,0.4949188,0.4924535,
1,3,6.327,-0.2484527,0.0428727,-1.016183,0.5084648,-0.5039692,0.4949359,0.4924603,
1,3,6.329,-0.2484527,0.0428727,-1.016183,0.5084648,-0.5039692,0.4949359,0.4924603,
1,3,6.331,-0.2484527,0.0428727,-1.016183,0.5084648,-0.5039692,0.4949359,0.4924603,
1,3,6.333,-0.2484527,0.0428727,-1.016183,0.5084648,-0.5039692,0.4949359,0.4924603,
1,3,6.335,-0.2484561,0.04286844,-1.016186,0.5084676,-0.5039753,0.4949216,0.4924656,
1,3,6.337,-0.2484561,0.04286844,-1.016186,0.5084676,-0.5039753,0.4949216,0.4924656,
1,3,6.339,-0.2484561,0.04286844,-1.016186,0.5084676,-0.5039753,0.4949216,0.4924656,
1,3,6.341,-0.2484561,0.04286844,-1.016186,0.5084676,-0.5039753,0.4949216,0.4924656,
1,3,6.343,-0.2484416,0.04287941,-1.016183,0.5084705,-0.5039818,0.4949104,0.492467,
1,3,6.345,-0.2484416,0.04287941,-1.016183,0.5084705,-0.5039818,0.4949104,0.492467,
1,3,6.347,-0.2484416,0.04287941,-1.016183,0.5084705,-0.5039818,0.4949104,0.492467,
1,3,6.349,-0.2484416,0.04287941,-1.016183,0.5084705,-0.5039818,0.4949104,0.492467,
1,3,6.351,-0.2484555,0.04286939,-1.016191,0.5084565,-0.5039749,0.49492,0.4924791,
1,3,6.353,-0.2484555,0.04286939,-1.016191,0.5084565,-0.5039749,0.49492,0.4924791,
1,3,6.355,-0.2484555,0.04286939,-1.016191,0.5084565,-0.5039749,0.49492,0.4924791,
1,3,6.357,-0.2484555,0.04286939,-1.016191,0.5084565,-0.5039749,0.49492,0.4924791,
1,3,6.359,-0.2484521,0.04287279,-1.016198,0.5084583,-0.5039535,0.4949321,0.492487,
1,3,6.361,-0.2484521,0.04287279,-1.016198,0.5084583,-0.5039535,0.4949321,0.492487,
1,3,6.363,-0.2484521,0.04287279,-1.016198,0.5084583,-0.5039535,0.4949321,0.492487,
1,3,6.365,-0.2484521,0.04287279,-1.016198,0.5084583,-0.5039535,0.4949321,0.492487,
1,3,6.367,-0.2484521,0.04287279,-1.016198,0.5084583,-0.5039535,0.4949321,0.492487,
1,3,6.369,-0.2484567,0.04286399,-1.016184,0.508453,-0.503969,0.4949205,0.4924881,
1,3,6.371,-0.2484567,0.04286399,-1.016184,0.508453,-0.503969,0.4949205,0.4924881,
1,3,6.373,-0.2484567,0.04286399,-1.016184,0.508453,-0.503969,0.4949205,0.4924881,
1,3,6.375,-0.2484567,0.04286399,-1.016184,0.508453,-0.503969,0.4949205,0.4924881,
1,3,6.377,-0.2484592,0.04287176,-1.016184,0.5084432,-0.5039881,0.494905,0.4924943,
1,3,6.379,-0.2484592,0.04287176,-1.016184,0.5084432,-0.5039881,0.494905,0.4924943,
1,3,6.381,-0.2484592,0.04287176,-1.016184,0.5084432,-0.5039881,0.494905,0.4924943,
1,3,6.383,-0.2484592,0.04287176,-1.016184,0.5084432,-0.5039881,0.494905,0.4924943,
1,3,6.385,-0.2484533,0.04286874,-1.016185,0.5084616,-0.50397,0.4949196,0.4924792,
1,3,6.387,-0.2484533,0.04286874,-1.016185,0.5084616,-0.50397,0.4949196,0.4924792,
1,3,6.389,-0.2484533,0.04286874,-1.016185,0.5084616,-0.50397,0.4949196,0.4924792,
1,3,6.391,-0.2484533,0.04286874,-1.016185,0.5084616,-0.50397,0.4949196,0.4924792,
1,3,6.393,-0.2484421,0.0428656,-1.01618,0.5084593,-0.5039572,0.4949352,0.4924787,
1,3,6.395,-0.2484421,0.0428656,-1.01618,0.5084593,-0.5039572,0.4949352,0.4924787,
1,3,6.397,-0.2484421,0.0428656,-1.01618,0.5084593,-0.5039572,0.4949352,0.4924787,
1,3,6.399,-0.2484421,0.0428656,-1.01618,0.5084593,-0.5039572,0.4949352,0.4924787,
1,3,6.401,-0.2484566,0.04286092,-1.016185,0.508465,-0.5039546,0.4949475,0.4924634,
1,3,6.403,-0.2484566,0.04286092,-1.016185,0.508465,-0.5039546,0.4949475,0.4924634,
1,3,6.405,-0.2484566,0.04286092,-1.016185,0.508465,-0.5039546,0.4949475,0.4924634,
1,3,6.407,-0.2484566,0.04286092,-1.016185,0.508465,-0.5039546,0.4949475,0.4924634,
1,3,6.409,-0.248444,0.04286757,-1.016179,0.5084686,-0.503971,0.4949198,0.4924707,
1,3,6.411,-0.248444,0.04286757,-1.016179,0.5084686,-0.503971,0.4949198,0.4924707,
1,3,6.413,-0.248444,0.04286757,-1.016179,0.5084686,-0.503971,0.4949198,0.4924707,
1,3,6.415,-0.248444,0.04286757,-1.016179,0.5084686,-0.503971,0.4949198,0.4924707,
1,3,6.417,-0.248444,0.04286757,-1.016179,0.5084686,-0.503971,0.4949198,0.4924707,
1,3,6.419,-0.2484422,0.04287025,-1.016176,0.5084604,-0.5039774,0.494912,0.4924805,
1,3,6.421,-0.2484422,0.04287025,-1.016176,0.5084604,-0.5039774,0.494912,0.4924805,
1,3,6.423,-0.2484422,0.04287025,-1.016176,0.5084604,-0.5039774,0.494912,0.4924805,
1,3,6.425,-0.2484422,0.04287025,-1.016176,0.5084604,-0.5039774,0.494912,0.4924805,
1,3,6.427,-0.2484556,0.04286215,-1.016177,0.5084797,-0.5039766,0.4949107,0.4924627,
1,3,6.429,-0.2484556,0.04286215,-1.016177,0.5084797,-0.5039766,0.4949107,0.4924627,
1,3,6.431,-0.2484556,0.04286215,-1.016177,0.5084797,-0.5039766,0.4949107,0.4924627,
1,3,6.433,-0.2484556,0.04286215,-1.016177,0.5084797,-0.5039766,0.4949107,0.4924627,
1,3,6.435,-0.248458,0.04286871,-1.016183,0.5084765,-0.5039697,0.4949214,0.4924622,
1,3,6.437,-0.248458,0.04286871,-1.016183,0.5084765,-0.5039697,0.4949214,0.4924622,
1,3,6.439,-0.248458,0.04286871,-1.016183,0.5084765,-0.5039697,0.4949214,0.4924622,
1,3,6.441,-0.248458,0.04286871,-1.016183,0.5084765,-0.5039697,0.4949214,0.4924622,
1,3,6.443,-0.2484525,0.04286465,-1.016181,0.5084857,-0.5039769,0.4949052,0.4924615,
1,3,6.445,-0.2484525,0.04286465,-1.016181,0.5084857,-0.5039769,0.4949052,0.4924615,
1,3,6.447,-0.2484525,0.04286465,-1.016181,0.5084857,-0.5039769,0.4949052,0.4924615,
1,3,6.449,-0.2484525,0.04286465,-1.016181,0.5084857,-0.5039769,0.4949052,0.4924615,
1,3,6.451,-0.2484512,0.04287323,-1.016178,0.5084616,-0.5039712,0.4949203,0.4924771,
1,3,6.453,-0.2484512,0.04287323,-1.016178,0.5084616,-0.5039712,0.4949203,0.4924771,
1,3,6.455,-0.2484512,0.04287323,-1.016178,0.5084616,-0.5039712,0.4949203,0.4924771,
1,3,6.457,-0.2484512,0.04287323,-1.016178,0.5084616,-0.5039712,0.4949203,0.4924771,
1,3,6.459,-0.248446,0.04287039,-1.016177,0.5084655,-0.5039471,0.4949469,0.4924712,
1,3,6.461,-0.248446,0.04287039,-1.016177,0.5084655,-0.5039471,0.4949469,0.4924712,
1,3,6.463,-0.248446,0.04287039,-1.016177,0.5084655,-0.5039471,0.4949469,0.4924712,
1,3,6.465,-0.248446,0.04287039,-1.016177,0.5084655,-0.5039471,0.4949469,0.4924712,
1,3,6.467,-0.248446,0.04287039,-1.016177,0.5084655,-0.5039471,0.4949469,0.4924712,
1,3,6.469,-0.2484472,0.04286142,-1.016175,0.5084555,-0.5039701,0.4949372,0.4924675,
1,3,6.471,-0.2484472,0.04286142,-1.016175,0.5084555,-0.5039701,0.4949372,0.4924675,
1,3,6.473,-0.2484472,0.04286142,-1.016175,0.5084555,-0.5039701,0.4949372,0.4924675,
1,3,6.475,-0.2484472,0.04286142,-1.016175,0.5084555,-0.5039701,0.4949372,0.4924675,
1,3,6.477,-0.2484514,0.04286396,-1.016181,0.508461,-0.5039536,0.4949481,0.4924679,
1,3,6.479,-0.2484514,0.04286396,-1.016181,0.508461,-0.5039536,0.4949481,0.4924679,
1,3,6.481,-0.2484514,0.04286396,-1.016181,0.508461,-0.5039536,0.4949481,0.4924679,
1,3,6.483,-0.2484514,0.04286396,-1.016181,0.508461,-0.5039536,0.4949481,0.4924679,
1,3,6.485,-0.2484568,0.04286201,-1.016183,0.5084549,-0.5039455,0.4949632,0.4924673,
1,3,6.487,-0.2484568,0.04286201,-1.016183,0.5084549,-0.5039455,0.4949632,0.4924673,
1,3,6.489,-0.2484568,0.04286201,-1.016183,0.5084549,-0.5039455,0.4949632,0.4924673,
1,3,6.491,-0.2484568,0.04286201,-1.016183,0.5084549,-0.5039455,0.4949632,0.4924673,
1,3,6.493,-0.2484464,0.04285263,-1.016179,0.508481,-0.5039418,0.49495,0.4924574,
1,3,6.495,-0.2484464,0.04285263,-1.016179,0.508481,-0.5039418,0.49495,0.4924574,
1,3,6.497,-0.2484464,0.04285263,-1.016179,0.508481,-0.5039418,0.49495,0.4924574,
1,3,6.499,-0.2484464,0.04285263,-1.016179,0.508481,-0.5039418,0.49495,0.4924574,
1,3,6.501,-0.2484563,0.04286463,-1.016181,0.5084739,-0.5039276,0.4949573,0.4924719,
1,3,6.503,-0.2484563,0.04286463,-1.016181,0.5084739,-0.5039276,0.4949573,0.4924719,
1,3,6.505,-0.2484563,0.04286463,-1.016181,0.5084739,-0.5039276,0.4949573,0.4924719,
1,3,6.507,-0.2484563,0.04286463,-1.016181,0.5084739,-0.5039276,0.4949573,0.4924719,
1,3,6.509,-0.2484628,0.04286207,-1.01618,0.5084854,-0.5039477,0.4949366,0.4924604,
1,3,6.511,-0.2484628,0.04286207,-1.01618,0.5084854,-0.5039477,0.4949366,0.4924604,
1,3,6.513,-0.2484628,0.04286207,-1.01618,0.5084854,-0.5039477,0.4949366,0.4924604,
1,3,6.515,-0.2484628,0.04286207,-1.01618,0.5084854,-0.5039477,0.4949366,0.4924604,
1,3,6.517,-0.2484628,0.04286207,-1.01618,0.5084854,-0.5039477,0.4949366,0.4924604,
1,3,6.519,-0.2484526,0.04286246,-1.016181,0.5084633,-0.5039448,0.4949463,0.4924763,
1,3,6.521,-0.2484526,0.04286246,-1.016181,0.5084633,-0.5039448,0.4949463,0.4924763,
1,3,6.523,-0.2484526,0.04286246,-1.016181,0.5084633,-0.5039448,0.4949463,0.4924763,
1,3,6.525,-0.2484526,0.04286246,-1.016181,0.5084633,-0.5039448,0.4949463,0.4924763,
1,3,6.527,-0.248456,0.04285968,-1.016181,0.5084435,-0.5039728,0.4949349,0.4924797,
1,3,6.529,-0.248456,0.04285968,-1.016181,0.5084435,-0.5039728,0.4949349,0.4924797,
1,3,6.531,-0.248456,0.04285968,-1.016181,0.5084435,-0.5039728,0.4949349,0.4924797,
1,3,6.533,-0.248456,0.04285968,-1.016181,0.5084435,-0.5039728,0.4949349,0.4924797,
1,3,6.535,-0.2484637,0.04286461,-1.01618,0.5084435,-0.5039802,0.4949234,0.4924836,
1,3,6.537,-0.2484637,0.04286461,-1.01618,0.5084435,-0.5039802,0.4949234,0.4924836,
1,3,6.539,-0.2484637,0.04286461,-1.01618,0.5084435,-0.5039802,0.4949234,0.4924836,
1,3,6.541,-0.2484637,0.04286461,-1.01618,0.5084435,-0.5039802,0.4949234,0.4924836,
1,3,6.543,-0.2484475,0.0428651,-1.016175,0.5084761,-0.5039271,0.4949479,0.4924797,
1,3,6.545,-0.2484475,0.0428651,-1.016175,0.5084761,-0.5039271,0.4949479,0.4924797,
1,3,6.547,-0.2484475,0.0428651,-1.016175,0.5084761,-0.5039271,0.4949479,0.4924797,
1,3,6.549,-0.2484475,0.0428651,-1.016175,0.5084761,-0.5039271,0.4949479,0.4924797,
1,3,6.551,-0.2484554,0.04286296,-1.016189,0.5084892,-0.5039253,0.4949413,0.4924746,
1,3,6.553,-0.2484554,0.04286296,-1.016189,0.5084892,-0.5039253,0.4949413,0.4924746,
1,3,6.555,-0.2484554,0.04286296,-1.016189,0.5084892,-0.5039253,0.4949413,0.4924746,
1,3,6.557,-0.2484554,0.04286296,-1.016189,0.5084892,-0.5039253,0.4949413,0.4924746,
1,3,6.559,-0.2484431,0.04285114,-1.016184,0.5084962,-0.503974,0.4949093,0.4924497,
1,3,6.561,-0.2484431,0.04285114,-1.016184,0.5084962,-0.503974,0.4949093,0.4924497,
1,3,6.563,-0.2484431,0.04285114,-1.016184,0.5084962,-0.503974,0.4949093,0.4924497,
1,3,6.565,-0.2484431,0.04285114,-1.016184,0.5084962,-0.503974,0.4949093,0.4924497,
1,3,6.567,-0.2484431,0.04285114,-1.016184,0.5084962,-0.503974,0.4949093,0.4924497,
1,3,6.569,-0.2484573,0.04286938,-1.016189,0.5084875,-0.5039703,0.4949154,0.4924563,
1,3,6.571,-0.2484573,0.04286938,-1.016189,0.5084875,-0.5039703,0.4949154,0.4924563,
1,3,6.573,-0.2484573,0.04286938,-1.016189,0.5084875,-0.5039703,0.4949154,0.4924563,
1,3,6.575,-0.2484573,0.04286938,-1.016189,0.5084875,-0.5039703,0.4949154,0.4924563,
1,3,6.577,-0.2484595,0.04288061,-1.01619,0.5084677,-0.5039651,0.4949252,0.4924723,
1,3,6.579,-0.2484595,0.04288061,-1.01619,0.5084677,-0.5039651,0.4949252,0.4924723,
1,3,6.581,-0.2484595,0.04288061,-1.01619,0.5084677,-0.5039651,0.4949252,0.4924723,
1,3,6.583,-0.2484595,0.04288061,-1.01619,0.5084677,-0.5039651,0.4949252,0.4924723,
1,3,6.585,-0.2484526,0.0428583,-1.016183,0.5084771,-0.5039477,0.4949309,0.4924746,
1,3,6.587,-0.2484526,0.0428583,-1.016183,0.5084771,-0.5039477,0.4949309,0.4924746,
1,3,6.589,-0.2484526,0.0428583,-1.016183,0.5084771,-0.5039477,0.4949309,0.4924746,
1,3,6.591,-0.2484526,0.0428583,-1.016183,0.5084771,-0.5039477,0.4949309,0.4924746,
1,3,6.593,-0.2484577,0.04286594,-1.016183,0.5084995,-0.5039479,0.4949209,0.4924614,
1,3,6.595,-0.2484577,0.04286594,-1.016183,0.5084995,-0.5039479,0.4949209,0.4924614,
1,3,6.597,-0.2484577,0.04286594,-1.016183,0.5084995,-0.5039479,0.4949209,0.4924614,
1,3,6.599,-0.2484577,0.04286594,-1.016183,0.5084995,-0.5039479,0.4949209,0.4924614,
1,3,6.601,-0.2484527,0.04286526,-1.016178,0.5084925,-0.503917,0.4949471,0.492474,
1,3,6.603,-0.2484527,0.04286526,-1.016178,0.5084925,-0.503917,0.4949471,0.492474,
1,3,6.605,-0.2484527,0.04286526,-1.016178,0.5084925,-0.503917,0.4949471,0.492474,
1,3,6.607,-0.2484527,0.04286526,-1.016178,0.5084925,-0.503917,0.4949471,0.492474,
1,3,6.609,-0.2484515,0.04286761,-1.016179,0.5084828,-0.5039588,0.4949176,0.4924707,
1,3,6.611,-0.2484515,0.04286761,-1.016179,0.5084828,-0.5039588,0.4949176,0.4924707,
1,3,6.613,-0.2484515,0.04286761,-1.016179,0.5084828,-0.5039588,0.4949176,0.4924707,
1,3,6.615,-0.2484515,0.04286761,-1.016179,0.5084828,-0.5039588,0.4949176,0.4924707,
1,3,6.617,-0.2484515,0.04286761,-1.016179,0.5084828,-0.5039588,0.4949176,0.4924707,
1,3,6.619,-0.2484476,0.04287103,-1.016186,0.5084667,-0.5039494,0.494939,0.4924755,
1,3,6.621,-0.2484476,0.04287103,-1.016186,0.5084667,-0.5039494,0.494939,0.4924755,
1,3,6.623,-0.2484476,0.04287103,-1.016186,0.5084667,-0.5039494,0.494939,0.4924755,
1,3,6.625,-0.2484476,0.04287103,-1.016186,0.5084667,-0.5039494,0.494939,0.4924755,
1,3,6.627,-0.2484518,0.04286846,-1.016188,0.508474,-0.5039076,0.4949573,0.4924923,
1,3,6.629,-0.2484518,0.04286846,-1.016188,0.508474,-0.5039076,0.4949573,0.4924923,
1,3,6.631,-0.2484518,0.04286846,-1.016188,0.508474,-0.5039076,0.4949573,0.4924923,
1,3,6.633,-0.2484518,0.04286846,-1.016188,0.508474,-0.5039076,0.4949573,0.4924923,
1,3,6.635,-0.2484574,0.04286066,-1.016191,0.508504,-0.5039364,0.4949177,0.4924718,
1,3,6.637,-0.2484574,0.04286066,-1.016191,0.508504,-0.5039364,0.4949177,0.4924718,
1,3,6.639,-0.2484574,0.04286066,-1.016191,0.508504,-0.5039364,0.4949177,0.4924718,
1,3,6.641,-0.2484574,0.04286066,-1.016191,0.508504,-0.5039364,0.4949177,0.4924718,
1,3,6.643,-0.248456,0.04285419,-1.016186,0.5084982,-0.5039412,0.4949198,0.4924707,
1,3,6.645,-0.248456,0.04285419,-1.016186,0.5084982,-0.5039412,0.4949198,0.4924707,
1,3,6.647,-0.248456,0.04285419,-1.016186,0.5084982,-0.5039412,0.4949198,0.4924707,
1,3,6.649,-0.248456,0.04285419,-1.016186,0.5084982,-0.5039412,0.4949198,0.4924707,
1,3,6.651,-0.2484625,0.04286131,-1.016176,0.5084941,-0.5039279,0.4949508,0.4924574,
1,3,6.653,-0.2484625,0.04286131,-1.016176,0.5084941,-0.5039279,0.4949508,0.4924574,
1,3,6.655,-0.2484625,0.04286131,-1.016176,0.5084941,-0.5039279,0.4949508,0.4924574,
1,3,6.657,-0.2484625,0.04286131,-1.016176,0.5084941,-0.5039279,0.4949508,0.4924574,
1,3,6.659,-0.2484594,0.04287102,-1.016186,0.5084632,-0.5039447,0.4949488,0.492474,
1,3,6.661,-0.2484594,0.04287102,-1.016186,0.5084632,-0.5039447,0.4949488,0.492474,
1,3,6.663,-0.2484594,0.04287102,-1.016186,0.5084632,-0.5039447,0.4949488,0.492474,
1,3,6.665,-0.2484594,0.04287102,-1.016186,0.5084632,-0.5039447,0.4949488,0.492474,
1,3,6.667,-0.2484594,0.04287102,-1.016186,0.5084632,-0.5039447,0.4949488,0.492474,
1,3,6.669,-0.2484599,0.04286794,-1.016184,0.5084839,-0.5039504,0.4949238,0.492472,
1,3,6.671,-0.2484599,0.04286794,-1.016184,0.5084839,-0.5039504,0.4949238,0.492472,
1,3,6.673,-0.2484599,0.04286794,-1.016184,0.5084839,-0.5039504,0.4949238,0.492472,
1,3,6.675,-0.2484599,0.04286794,-1.016184,0.5084839,-0.5039504,0.4949238,0.492472,
1,3,6.677,-0.2484555,0.04287022,-1.016198,0.5084806,-0.5039635,0.4949242,0.4924614,
1,3,6.679,-0.2484555,0.04287022,-1.016198,0.5084806,-0.5039635,0.4949242,0.4924614,
1,3,6.681,-0.2484555,0.04287022,-1.016198,0.5084806,-0.5039635,0.4949242,0.4924614,
1,3,6.683,-0.2484555,0.04287022,-1.016198,0.5084806,-0.5039635,0.4949242,0.4924614,
1,3,6.685,-0.2484408,0.04287387,-1.01619,0.5084929,-0.503935,0.4949349,0.492467,
1,3,6.687,-0.2484408,0.04287387,-1.01619,0.5084929,-0.503935,0.4949349,0.492467,
1,3,6.689,-0.2484408,0.04287387,-1.01619,0.5084929,-0.503935,0.4949349,0.492467,
1,3,6.691,-0.2484408,0.04287387,-1.01619,0.5084929,-0.503935,0.4949349,0.492467,
1,3,6.693,-0.2484537,0.04286878,-1.016195,0.5084938,-0.5039388,0.4949248,0.4924725,
1,3,6.695,-0.2484537,0.04286878,-1.016195,0.5084938,-0.5039388,0.4949248,0.4924725,
1,3,6.697,-0.2484537,0.04286878,-1.016195,0.5084938,-0.5039388,0.4949248,0.4924725,
1,3,6.699,-0.2484537,0.04286878,-1.016195,0.5084938,-0.5039388,0.4949248,0.4924725,
1,3,6.701,-0.2484595,0.04286485,-1.016192,0.5084731,-0.5039576,0.4949185,0.4924811,
1,3,6.703,-0.2484595,0.04286485,-1.016192,0.5084731,-0.5039576,0.4949185,0.4924811,
1,3,6.705,-0.2484595,0.04286485,-1.016192,0.5084731,-0.5039576,0.4949185,0.4924811,
1,3,6.707,-0.2484595,0.04286485,-1.016192,0.5084731,-0.5039576,0.4949185,0.4924811,
1,3,6.709,-0.2484605,0.04286691,-1.016195,0.5084538,-0.503957,0.4949317,0.4924882,
1,3,6.711,-0.2484605,0.04286691,-1.016195,0.5084538,-0.503957,0.4949317,0.4924882,
1,3,6.713,-0.2484605,0.04286691,-1.016195,0.5084538,-0.503957,0.4949317,0.4924882,
1,3,6.715,-0.2484605,0.04286691,-1.016195,0.5084538,-0.503957,0.4949317,0.4924882,
1,3,6.717,-0.2484605,0.04286691,-1.016195,0.5084538,-0.503957,0.4949317,0.4924882,
1,3,6.719,-0.2484573,0.04286902,-1.016191,0.5084612,-0.5039442,0.4949396,0.4924859,
1,3,6.721,-0.2484573,0.04286902,-1.016191,0.5084612,-0.5039442,0.4949396,0.4924859,
1,3,6.723,-0.2484573,0.04286902,-1.016191,0.5084612,-0.5039442,0.4949396,0.4924859,
1,3,6.725,-0.2484573,0.04286902,-1.016191,0.5084612,-0.5039442,0.4949396,0.4924859,
1,3,6.727,-0.2484571,0.04286418,-1.01619,0.5084621,-0.5039485,0.4949313,0.492489,
1,3,6.729,-0.2484571,0.04286418,-1.01619,0.5084621,-0.5039485,0.4949313,0.492489,
1,3,6.731,-0.2484571,0.04286418,-1.01619,0.5084621,-0.5039485,0.4949313,0.492489,
1,3,6.733,-0.2484571,0.04286418,-1.01619,0.5084621,-0.5039485,0.4949313,0.492489,
1,3,6.735,-0.2484611,0.04286066,-1.016189,0.5084676,-0.5039573,0.494918,0.4924875,
1,3,6.737,-0.2484611,0.04286066,-1.016189,0.5084676,-0.5039573,0.494918,0.4924875,
1,3,6.739,-0.2484611,0.04286066,-1.016189,0.5084676,-0.5039573,0.494918,0.4924875,
1,3,6.741,-0.2484611,0.04286066,-1.016189,0.5084676,-0.5039573,0.494918,0.4924875,
1,3,6.743,-0.2484521,0.04287017,-1.016181,0.5084913,-0.5039299,0.4949381,0.492471,
1,3,6.745,-0.2484521,0.04287017,-1.016181,0.5084913,-0.5039299,0.4949381,0.492471,
1,3,6.747,-0.2484521,0.04287017,-1.016181,0.5084913,-0.5039299,0.4949381,0.492471,
1,3,6.749,-0.2484521,0.04287017,-1.016181,0.5084913,-0.5039299,0.4949381,0.492471,
1,3,6.751,-0.2484465,0.04285849,-1.016187,0.5085123,-0.503933,0.4949293,0.492455,
1,3,6.753,-0.2484465,0.04285849,-1.016187,0.5085123,-0.503933,0.4949293,0.492455,
1,3,6.755,-0.2484465,0.04285849,-1.016187,0.5085123,-0.503933,0.4949293,0.492455,
1,3,6.757,-0.2484465,0.04285849,-1.016187,0.5085123,-0.503933,0.4949293,0.492455,
1,3,6.759,-0.2484499,0.0428616,-1.016185,0.5085158,-0.5039397,0.4949226,0.492451,
1,3,6.761,-0.2484499,0.0428616,-1.016185,0.5085158,-0.5039397,0.4949226,0.492451,
1,3,6.763,-0.2484499,0.0428616,-1.016185,0.5085158,-0.5039397,0.4949226,0.492451,
1,3,6.765,-0.2484499,0.0428616,-1.016185,0.5085158,-0.5039397,0.4949226,0.492451,
1,3,6.767,-0.2484499,0.0428616,-1.016185,0.5085158,-0.5039397,0.4949226,0.492451,
1,3,6.769,-0.2484376,0.04286594,-1.016187,0.5084987,-0.50395,0.4949181,0.4924628,
1,3,6.771,-0.2484376,0.04286594,-1.016187,0.5084987,-0.50395,0.4949181,0.4924628,
1,3,6.773,-0.2484376,0.04286594,-1.016187,0.5084987,-0.50395,0.4949181,0.4924628,
1,3,6.775,-0.2484376,0.04286594,-1.016187,0.5084987,-0.50395,0.4949181,0.4924628,
1,3,6.777,-0.2484596,0.04285876,-1.016189,0.5084928,-0.5039652,0.494908,0.4924635,
1,3,6.779,-0.2484596,0.04285876,-1.016189,0.5084928,-0.5039652,0.494908,0.4924635,
1,3,6.781,-0.2484596,0.04285876,-1.016189,0.5084928,-0.5039652,0.494908,0.4924635,
1,3,6.783,-0.2484596,0.04285876,-1.016189,0.5084928,-0.5039652,0.494908,0.4924635,
1,3,6.785,-0.2484403,0.04286266,-1.016185,0.5085079,-0.5039437,0.4949242,0.4924535,
1,3,6.787,-0.2484403,0.04286266,-1.016185,0.5085079,-0.5039437,0.4949242,0.4924535,
1,3,6.789,-0.2484403,0.04286266,-1.016185,0.5085079,-0.5039437,0.4949242,0.4924535,
1,3,6.791,-0.2484403,0.04286266,-1.016185,0.5085079,-0.5039437,0.4949242,0.4924535,
1,3,6.793,-0.248439,0.04286385,-1.016183,0.5085031,-0.5039423,0.4949274,0.4924567,
1,3,6.795,-0.248439,0.04286385,-1.016183,0.5085031,-0.5039423,0.4949274,0.4924567,
1,3,6.797,-0.248439,0.04286385,-1.016183,0.5085031,-0.5039423,0.4949274,0.4924567,
1,3,6.799,-0.248439,0.04286385,-1.016183,0.5085031,-0.5039423,0.4949274,0.4924567,
1,3,6.801,-0.2484508,0.04286071,-1.01619,0.5084733,-0.5039406,0.4949463,0.4924703,
1,3,6.803,-0.2484508,0.04286071,-1.01619,0.5084733,-0.5039406,0.4949463,0.4924703,
1,3,6.805,-0.2484508,0.04286071,-1.01619,0.5084733,-0.5039406,0.4949463,0.4924703,
1,3,6.807,-0.2484508,0.04286071,-1.01619,0.5084733,-0.5039406,0.4949463,0.4924703,
1,3,6.809,-0.2484484,0.04286103,-1.016188,0.5084672,-0.503948,0.4949342,0.4924812,
1,3,6.811,-0.2484484,0.04286103,-1.016188,0.5084672,-0.503948,0.4949342,0.4924812,
1,3,6.813,-0.2484484,0.04286103,-1.016188,0.5084672,-0.503948,0.4949342,0.4924812,
1,3,6.815,-0.2484484,0.04286103,-1.016188,0.5084672,-0.503948,0.4949342,0.4924812,
1,3,6.817,-0.2484484,0.04286103,-1.016188,0.5084672,-0.503948,0.4949342,0.4924812,
1,3,6.819,-0.2484577,0.04286398,-1.016183,0.5084829,-0.5039387,0.4949318,0.4924769,
1,3,6.821,-0.2484577,0.04286398,-1.016183,0.5084829,-0.5039387,0.4949318,0.4924769,
1,3,6.823,-0.2484577,0.04286398,-1.016183,0.5084829,-0.5039387,0.4949318,0.4924769,
1,3,6.825,-0.2484577,0.04286398,-1.016183,0.5084829,-0.5039387,0.4949318,0.4924769,
1,3,6.827,-0.2484664,0.04285629,-1.016191,0.5084696,-0.5039558,0.4949402,0.4924646,
1,3,6.829,-0.2484664,0.04285629,-1.016191,0.5084696,-0.5039558,0.4949402,0.4924646,
1,3,6.831,-0.2484664,0.04285629,-1.016191,0.5084696,-0.5039558,0.4949402,0.4924646,
1,3,6.833,-0.2484664,0.04285629,-1.016191,0.5084696,-0.5039558,0.4949402,0.4924646,
1,3,6.835,-0.2484609,0.04285161,-1.016195,0.5084685,-0.5039542,0.4949458,0.4924618,
1,3,6.837,-0.2484609,0.04285161,-1.016195,0.5084685,-0.5039542,0.4949458,0.4924618,
1,3,6.839,-0.2484609,0.04285161,-1.016195,0.5084685,-0.5039542,0.4949458,0.4924618,
1,3,6.841,-0.2484609,0.04285161,-1.016195,0.5084685,-0.5039542,0.4949458,0.4924618,
1,3,6.843,-0.2484499,0.04285249,-1.016184,0.5084819,-0.5039468,0.4949378,0.4924636,
1,3,6.845,-0.2484499,0.04285249,-1.016184,0.5084819,-0.5039468,0.4949378,0.4924636,
1,3,6.847,-0.2484499,0.04285249,-1.016184,0.5084819,-0.5039468,0.4949378,0.4924636,
1,3,6.849,-0.2484499,0.04285249,-1.016184,0.5084819,-0.5039468,0.4949378,0.4924636,
1,3,6.851,-0.2484434,0.04285204,-1.01619,0.5084966,-0.5039563,0.494929,0.4924476,
1,3,6.853,-0.2484434,0.04285204,-1.01619,0.5084966,-0.5039563,0.494929,0.4924476,
1,3,6.855,-0.2484434,0.04285204,-1.01619,0.5084966,-0.5039563,0.494929,0.4924476,
1,3,6.857,-0.2484434,0.04285204,-1.01619,0.5084966,-0.5039563,0.494929,0.4924476,
1,3,6.859,-0.2484522,0.04286136,-1.016189,0.5084884,-0.5039668,0.4949424,0.4924318,
1,3,6.861,-0.2484522,0.04286136,-1.016189,0.5084884,-0.5039668,0.4949424,0.4924318,
1,3,6.863,-0.2484522,0.04286136,-1.016189,0.5084884,-0.5039668,0.4949424,0.4924318,
1,3,6.865,-0.2484522,0.04286136,-1.016189,0.5084884,-0.5039668,0.4949424,0.4924318,
1,3,6.867,-0.2484522,0.04286136,-1.016189,0.5084884,-0.5039668,0.4949424,0.4924318,
1,3,6.869,-0.2484517,0.04286599,-1.016196,0.5084773,-0.503973,0.4949407,0.4924386,
1,3,6.871,-0.2484517,0.04286599,-1.016196,0.5084773,-0.503973,0.4949407,0.4924386,
1,3,6.873,-0.2484517,0.04286599,-1.016196,0.5084773,-0.503973,0.4949407,0.4924386,
1,3,6.875,-0.2484517,0.04286599,-1.016196,0.5084773,-0.503973,0.4949407,0.4924386,
1,3,6.877,-0.2484442,0.04285818,-1.016195,0.5085038,-0.503956,0.4949365,0.492433,
1,3,6.879,-0.2484442,0.04285818,-1.016195,0.5085038,-0.503956,0.4949365,0.492433,
1,3,6.881,-0.2484442,0.04285818,-1.016195,0.5085038,-0.503956,0.4949365,0.492433,
1,3,6.883,-0.2484442,0.04285818,-1.016195,0.5085038,-0.503956,0.4949365,0.492433,
1,3,6.885,-0.2484346,0.04286201,-1.016192,0.5085133,-0.5039441,0.4949377,0.4924341,
1,3,6.887,-0.2484346,0.04286201,-1.016192,0.5085133,-0.5039441,0.4949377,0.4924341,
1,3,6.889,-0.2484346,0.04286201,-1.016192,0.5085133,-0.5039441,0.4949377,0.4924341,
1,3,6.891,-0.2484346,0.04286201,-1.016192,0.5085133,-0.5039441,0.4949377,0.4924341,
1,3,6.893,-0.2484398,0.04286191,-1.016194,0.5084941,-0.5039342,0.4949472,0.4924543,
1,3,6.895,-0.2484398,0.04286191,-1.016194,0.5084941,-0.5039342,0.4949472,0.4924543,
1,3,6.897,-0.2484398,0.04286191,-1.016194,0.5084941,-0.5039342,0.4949472,0.4924543,
1,3,6.899,-0.2484398,0.04286191,-1.016194,0.5084941,-0.5039342,0.4949472,0.4924543,
1,3,6.901,-0.2484519,0.04286417,-1.016189,0.5084858,-0.5039521,0.4949483,0.4924435,
1,3,6.903,-0.2484519,0.04286417,-1.016189,0.5084858,-0.5039521,0.4949483,0.4924435,
1,3,6.905,-0.2484519,0.04286417,-1.016189,0.5084858,-0.5039521,0.4949483,0.4924435,
1,3,6.907,-0.2484519,0.04286417,-1.016189,0.5084858,-0.5039521,0.4949483,0.4924435,
1,3,6.909,-0.2484515,0.04286754,-1.016191,0.5084897,-0.5039368,0.4949636,0.49244,
1,3,6.911,-0.2484515,0.04286754,-1.016191,0.5084897,-0.5039368,0.4949636,0.49244,
1,3,6.913,-0.2484515,0.04286754,-1.016191,0.5084897,-0.5039368,0.4949636,0.49244,
1,3,6.915,-0.2484515,0.04286754,-1.016191,0.5084897,-0.5039368,0.4949636,0.49244,
1,3,6.917,-0.2484515,0.04286754,-1.016191,0.5084897,-0.5039368,0.4949636,0.49244,
1,3,6.919,-0.248444,0.04286734,-1.016188,0.5084969,-0.5039409,0.4949584,0.4924334,
1,3,6.921,-0.248444,0.04286734,-1.016188,0.5084969,-0.5039409,0.4949584,0.4924334,
1,3,6.923,-0.248444,0.04286734,-1.016188,0.5084969,-0.5039409,0.4949584,0.4924334,
1,3,6.925,-0.248444,0.04286734,-1.016188,0.5084969,-0.5039409,0.4949584,0.4924334,
1,3,6.927,-0.2484482,0.04286692,-1.016193,0.5084972,-0.5039707,0.4949278,0.4924335,
1,3,6.929,-0.2484482,0.04286692,-1.016193,0.5084972,-0.5039707,0.4949278,0.4924335,
1,3,6.931,-0.2484482,0.04286692,-1.016193,0.5084972,-0.5039707,0.4949278,0.4924335,
1,3,6.933,-0.2484482,0.04286692,-1.016193,0.5084972,-0.5039707,0.4949278,0.4924335,
1,3,6.935,-0.2484453,0.04286379,-1.016191,0.5084986,-0.5039515,0.4949372,0.4924422,
1,3,6.937,-0.2484453,0.04286379,-1.016191,0.5084986,-0.5039515,0.4949372,0.4924422,
1,3,6.939,-0.2484453,0.04286379,-1.016191,0.5084986,-0.5039515,0.4949372,0.4924422,
1,3,6.941,-0.2484453,0.04286379,-1.016191,0.5084986,-0.5039515,0.4949372,0.4924422,
1,3,6.943,-0.2484493,0.04286582,-1.016185,0.5084951,-0.5039388,0.4949435,0.4924525,
1,3,6.945,-0.2484493,0.04286582,-1.016185,0.5084951,-0.5039388,0.4949435,0.4924525,
1,3,6.947,-0.2484493,0.04286582,-1.016185,0.5084951,-0.5039388,0.4949435,0.4924525,
1,3,6.949,-0.2484493,0.04286582,-1.016185,0.5084951,-0.5039388,0.4949435,0.4924525,
1,3,6.951,-0.248451,0.04287285,-1.016185,0.5084965,-0.5039416,0.4949431,0.4924486,
1,3,6.953,-0.248451,0.04287285,-1.016185,0.5084965,-0.5039416,0.4949431,0.4924486,
1,3,6.955,-0.248451,0.04287285,-1.016185,0.5084965,-0.5039416,0.4949431,0.4924486,
1,3,6.957,-0.248451,0.04287285,-1.016185,0.5084965,-0.5039416,0.4949431,0.4924486,
1,3,6.959,-0.2484538,0.04286811,-1.016183,0.5084891,-0.5039312,0.4949494,0.4924605,
1,3,6.961,-0.2484538,0.04286811,-1.016183,0.5084891,-0.5039312,0.4949494,0.4924605,
1,3,6.963,-0.2484538,0.04286811,-1.016183,0.5084891,-0.5039312,0.4949494,0.4924605,
1,3,6.965,-0.2484538,0.04286811,-1.016183,0.5084891,-0.5039312,0.4949494,0.4924605,
1,3,6.967,-0.2484538,0.04286811,-1.016183,0.5084891,-0.5039312,0.4949494,0.4924605,
1,3,6.969,-0.2484537,0.0428647,-1.016182,0.508507,-0.5039297,0.4949391,0.492454,
1,3,6.971,-0.2484537,0.0428647,-1.016182,0.508507,-0.5039297,0.4949391,0.492454,
1,3,6.973,-0.2484537,0.0428647,-1.016182,0.508507,-0.5039297,0.4949391,0.492454,
1,3,6.975,-0.2484537,0.0428647,-1.016182,0.508507,-0.5039297,0.4949391,0.492454,
1,3,6.977,-0.2484475,0.04285464,-1.01619,0.5085217,-0.5039265,0.4949345,0.4924466,
1,3,6.979,-0.2484475,0.04285464,-1.01619,0.5085217,-0.5039265,0.4949345,0.4924466,
1,3,6.981,-0.2484475,0.04285464,-1.01619,0.5085217,-0.5039265,0.4949345,0.4924466,
1,3,6.983,-0.2484475,0.04285464,-1.01619,0.5085217,-0.5039265,0.4949345,0.4924466,
1,3,6.985,-0.2484478,0.04285821,-1.016182,0.5085145,-0.5039241,0.4949337,0.4924574,
1,3,6.987,-0.2484478,0.04285821,-1.016182,0.5085145,-0.5039241,0.4949337,0.4924574,
1,3,6.989,-0.2484478,0.04285821,-1.016182,0.5085145,-0.5039241,0.4949337,0.4924574,
1,3,6.991,-0.2484478,0.04285821,-1.016182,0.5085145,-0.5039241,0.4949337,0.4924574,
1,3,6.993,-0.2484504,0.0428667,-1.016187,0.508495,-0.503935,0.4949365,0.4924634,
1,3,6.995,-0.2484504,0.0428667,-1.016187,0.508495,-0.503935,0.4949365,0.4924634,
1,3,6.997,-0.2484504,0.0428667,-1.016187,0.508495,-0.503935,0.4949365,0.4924634,
1,3,6.999,-0.2484504,0.0428667,-1.016187,0.508495,-0.503935,0.4949365,0.4924634,
1,3,7.001,-0.2484384,0.04286073,-1.01618,0.5084971,-0.5039451,0.4949282,0.4924594,
1,3,7.003,-0.2484384,0.04286073,-1.01618,0.5084971,-0.5039451,0.4949282,0.4924594,
1,3,7.005,-0.2484384,0.04286073,-1.01618,0.5084971,-0.5039451,0.4949282,0.4924594,
1,3,7.007,-0.2484384,0.04286073,-1.01618,0.5084971,-0.5039451,0.4949282,0.4924594,
1,3,7.009,-0.248451,0.04285892,-1.016184,0.5085248,-0.5039483,0.4949132,0.4924425,
1,3,7.011,-0.248451,0.04285892,-1.016184,0.5085248,-0.5039483,0.4949132,0.4924425,
1,3,7.013,-0.248451,0.04285892,-1.016184,0.5085248,-0.5039483,0.4949132,0.4924425,
1,3,7.015,-0.248451,0.04285892,-1.016184,0.5085248,-0.5039483,0.4949132,0.4924425,
1,3,7.017,-0.248451,0.04285892,-1.016184,0.5085248,-0.5039483,0.4949132,0.4924425,
1,3,7.019,-0.2484471,0.04286604,-1.016181,0.5085101,-0.5039816,0.4948744,0.4924627,
1,3,7.021,-0.2484471,0.04286604,-1.016181,0.5085101,-0.5039816,0.4948744,0.4924627,
1,3,7.023,-0.2484471,0.04286604,-1.016181,0.5085101,-0.5039816,0.4948744,0.4924627,
1,3,7.025,-0.2484471,0.04286604,-1.016181,0.5085101,-0.5039816,0.4948744,0.4924627,
1,3,7.027,-0.248444,0.04286661,-1.016175,0.5085189,-0.5039704,0.4948774,0.492462,
1,3,7.029,-0.248444,0.04286661,-1.016175,0.5085189,-0.5039704,0.4948774,0.492462,
1,3,7.031,-0.248444,0.04286661,-1.016175,0.5085189,-0.5039704,0.4948774,0.492462,
1,3,7.033,-0.248444,0.04286661,-1.016175,0.5085189,-0.5039704,0.4948774,0.492462,
1,3,7.035,-0.2484413,0.04286445,-1.016171,0.5085351,-0.503936,0.4949051,0.4924526,
1,3,7.037,-0.2484413,0.04286445,-1.016171,0.5085351,-0.503936,0.4949051,0.4924526,
1,3,7.039,-0.2484413,0.04286445,-1.016171,0.5085351,-0.503936,0.4949051,0.4924526,
1,3,7.041,-0.2484413,0.04286445,-1.016171,0.5085351,-0.503936,0.4949051,0.4924526,
1,3,7.043,-0.2484362,0.0428565,-1.016176,0.5085097,-0.5039214,0.4949377,0.4924609,
1,3,7.045,-0.2484362,0.0428565,-1.016176,0.5085097,-0.5039214,0.4949377,0.4924609,
1,3,7.047,-0.2484362,0.0428565,-1.016176,0.5085097,-0.5039214,0.4949377,0.4924609,
1,3,7.049,-0.2484362,0.0428565,-1.016176,0.5085097,-0.5039214,0.4949377,0.4924609,
1,3,7.051,-0.2484428,0.04285486,-1.016183,0.5085196,-0.5039337,0.4949388,0.492437,
1,3,7.053,-0.2484428,0.04285486,-1.016183,0.5085196,-0.5039337,0.4949388,0.492437,
1,3,7.055,-0.2484428,0.04285486,-1.016183,0.5085196,-0.5039337,0.4949388,0.492437,
1,3,7.057,-0.2484428,0.04285486,-1.016183,0.5085196,-0.5039337,0.4949388,0.492437,
1,3,7.059,-0.2484393,0.04286446,-1.016189,0.5085141,-0.5039235,0.4949434,0.4924485,
1,3,7.061,-0.2484393,0.04286446,-1.016189,0.5085141,-0.5039235,0.4949434,0.4924485,
1,3,7.063,-0.2484393,0.04286446,-1.016189,0.5085141,-0.5039235,0.4949434,0.4924485,
1,3,7.065,-0.2484393,0.04286446,-1.016189,0.5085141,-0.5039235,0.4949434,0.4924485,
1,3,7.067,-0.2484393,0.04286446,-1.016189,0.5085141,-0.5039235,0.4949434,0.4924485,
1,3,7.069,-0.2484431,0.04286956,-1.016186,0.5085012,-0.5039423,0.4949062,0.4924802,
1,3,7.071,-0.2484431,0.04286956,-1.016186,0.5085012,-0.5039423,0.4949062,0.4924802,
1,3,7.073,-0.2484431,0.04286956,-1.016186,0.5085012,-0.5039423,0.4949062,0.4924802,
1,3,7.075,-0.2484431,0.04286956,-1.016186,0.5085012,-0.5039423,0.4949062,0.4924802,
1,3,7.077,-0.2484455,0.04286944,-1.016192,0.5085024,-0.5039327,0.4949156,0.4924792,
1,3,7.079,-0.2484455,0.04286944,-1.016192,0.5085024,-0.5039327,0.4949156,0.4924792,
1,3,7.081,-0.2484455,0.04286944,-1.016192,0.5085024,-0.5039327,0.4949156,0.4924792,
1,3,7.083,-0.2484455,0.04286944,-1.016192,0.5085024,-0.5039327,0.4949156,0.4924792,
1,3,7.085,-0.2484351,0.04287633,-1.016186,0.5085074,-0.5039269,0.4949187,0.4924769,
1,3,7.087,-0.2484351,0.04287633,-1.016186,0.5085074,-0.5039269,0.4949187,0.4924769,
1,3,7.089,-0.2484351,0.04287633,-1.016186,0.5085074,-0.5039269,0.4949187,0.4924769,
1,3,7.091,-0.2484351,0.04287633,-1.016186,0.5085074,-0.5039269,0.4949187,0.4924769,
1,3,7.093,-0.2484578,0.04286591,-1.016183,0.5084739,-0.50392,0.4949739,0.492463,
1,3,7.095,-0.2484578,0.04286591,-1.016183,0.5084739,-0.50392,0.4949739,0.492463,
1,3,7.097,-0.2484578,0.04286591,-1.016183,0.5084739,-0.50392,0.4949739,0.492463,
1,3,7.099,-0.2484578,0.04286591,-1.016183,0.5084739,-0.50392,0.4949739,0.492463,
1,3,7.101,-0.2484604,0.04286179,-1.016188,0.5084885,-0.5039292,0.4949509,0.4924616,
1,3,7.103,-0.2484604,0.04286179,-1.016188,0.5084885,-0.5039292,0.4949509,0.4924616,
1,3,7.105,-0.2484604,0.04286179,-1.016188,0.5084885,-0.5039292,0.4949509,0.4924616,
1,3,7.107,-0.2484604,0.04286179,-1.016188,0.5084885,-0.5039292,0.4949509,0.4924616,
1,3,7.109,-0.2484539,0.042858,-1.016176,0.5084912,-0.503924,0.4949676,0.4924475,
1,3,7.111,-0.2484539,0.042858,-1.016176,0.5084912,-0.503924,0.4949676,0.4924475,
1,3,7.113,-0.2484539,0.042858,-1.016176,0.5084912,-0.503924,0.4949676,0.4924475,
1,3,7.115,-0.2484539,0.042858,-1.016176,0.5084912,-0.503924,0.4949676,0.4924475,
1,3,7.117,-0.2484539,0.042858,-1.016176,0.5084912,-0.503924,0.4949676,0.4924475,
1,3,7.119,-0.2484457,0.04285464,-1.01618,0.5085174,-0.5039445,0.4949386,0.4924286,
1,3,7.121,-0.2484457,0.04285464,-1.01618,0.5085174,-0.5039445,0.4949386,0.4924286,
1,3,7.123,-0.2484457,0.04285464,-1.01618,0.5085174,-0.5039445,0.4949386,0.4924286,
1,3,7.125,-0.2484457,0.04285464,-1.01618,0.5085174,-0.5039445,0.4949386,0.4924286,
1,3,7.127,-0.2484472,0.04285637,-1.016178,0.5085108,-0.5039178,0.4949387,0.4924626,
1,3,7.129,-0.2484472,0.04285637,-1.016178,0.5085108,-0.5039178,0.4949387,0.4924626,
1,3,7.131,-0.2484472,0.04285637,-1.016178,0.5085108,-0.5039178,0.4949387,0.4924626,
1,3,7.133,-0.2484472,0.04285637,-1.016178,0.5085108,-0.5039178,0.4949387,0.4924626,
1,3,7.135,-0.2484484,0.04286959,-1.016189,0.5084958,-0.5039088,0.4949537,0.4924723,
1,3,7.137,-0.2484484,0.04286959,-1.016189,0.5084958,-0.5039088,0.4949537,0.4924723,
1,3,7.139,-0.2484484,0.04286959,-1.016189,0.5084958,-0.5039088,0.4949537,0.4924723,
1,3,7.141,-0.2484484,0.04286959,-1.016189,0.5084958,-0.5039088,0.4949537,0.4924723,
1,3,7.143,-0.2484474,0.04286995,-1.016175,0.5085119,-0.5038952,0.4949665,0.4924566,
1,3,7.145,-0.2484474,0.04286995,-1.016175,0.5085119,-0.5038952,0.4949665,0.4924566,
1,3,7.147,-0.2484474,0.04286995,-1.016175,0.5085119,-0.5038952,0.4949665,0.4924566,
1,3,7.149,-0.2484474,0.04286995,-1.016175,0.5085119,-0.5038952,0.4949665,0.4924566,
1,3,7.151,-0.2484483,0.04286421,-1.016175,0.5085121,-0.5039115,0.4949475,0.4924588,
1,3,7.153,-0.2484483,0.04286421,-1.016175,0.5085121,-0.5039115,0.4949475,0.4924588,
1,3,7.155,-0.2484483,0.04286421,-1.016175,0.5085121,-0.5039115,0.4949475,0.4924588,
1,3,7.157,-0.2484483,0.04286421,-1.016175,0.5085121,-0.5039115,0.4949475,0.4924588,
1,3,7.159,-0.2484441,0.0428673,-1.016181,0.5084898,-0.5039344,0.4949346,0.4924712,
1,3,7.161,-0.2484441,0.0428673,-1.016181,0.5084898,-0.5039344,0.4949346,0.4924712,
1,3,7.163,-0.2484441,0.0428673,-1.016181,0.5084898,-0.5039344,0.4949346,0.4924712,
1,3,7.165,-0.2484441,0.0428673,-1.016181,0.5084898,-0.5039344,0.4949346,0.4924712,
1,3,7.167,-0.2484441,0.0428673,-1.016181,0.5084898,-0.5039344,0.4949346,0.4924712,
1,3,7.169,-0.2484457,0.04286215,-1.016185,0.5084997,-0.5039434,0.4949318,0.4924547,
1,3,7.171,-0.2484457,0.04286215,-1.016185,0.5084997,-0.5039434,0.4949318,0.4924547,
1,3,7.173,-0.2484457,0.04286215,-1.016185,0.5084997,-0.5039434,0.4949318,0.4924547,
1,3,7.175,-0.2484457,0.04286215,-1.016185,0.5084997,-0.5039434,0.4949318,0.4924547,
1,3,7.177,-0.248448,0.04285561,-1.016185,0.5085055,-0.5039052,0.4949583,0.4924613,
1,3,7.179,-0.248448,0.04285561,-1.016185,0.5085055,-0.5039052,0.4949583,0.4924613,
1,3,7.181,-0.248448,0.04285561,-1.016185,0.5085055,-0.5039052,0.4949583,0.4924613,CourtEnter
1,3,7.183,-0.248448,0.04285561,-1.016185,0.5085055,-0.5039052,0.4949583,0.4924613,
1,3,7.185,-0.2484535,0.04286787,-1.016182,0.5085137,-0.5039134,0.4949491,0.4924535,
1,3,7.187,-0.2484535,0.04286787,-1.016182,0.5085137,-0.5039134,0.4949491,0.4924535,
1,3,7.189,-0.2484535,0.04286787,-1.016182,0.5085137,-0.5039134,0.4949491,0.4924535,CourtExit
1,3,7.191,-0.2484535,0.04286787,-1.016182,0.5085137,-0.5039134,0.4949491,0.4924535,
1,3,7.193,-0.2484553,0.04287422,-1.016178,0.5085028,-0.503923,0.4949429,0.4924613,
1,3,7.195,-0.2484553,0.04287422,-1.016178,0.5085028,-0.503923,0.4949429,0.4924613,
1,3,7.197,-0.2484553,0.04287422,-1.016178,0.5085028,-0.503923,0.4949429,0.4924613,
1,3,7.199,-0.2484553,0.04287422,-1.016178,0.5085028,-0.503923,0.4949429,0.4924613,
1,3,7.201,-0.2484583,0.04287178,-1.016181,0.5085037,-0.5039272,0.4949377,0.4924613,
1,3,7.203,-0.2484583,0.04287178,-1.016181,0.5085037,-0.5039272,0.4949377,0.4924613,
1,3,7.205,-0.2484583,0.04287178,-1.016181,0.5085037,-0.5039272,0.4949377,0.4924613,
1,3,7.207,-0.2484583,0.04287178,-1.016181,0.5085037,-0.5039272,0.4949377,0.4924613,
1,3,7.209,-0.2484436,0.04287742,-1.016186,0.5085057,-0.5039209,0.4949211,0.4924824,
1,3,7.211,-0.2484436,0.04287742,-1.016186,0.5085057,-0.5039209,0.4949211,0.4924824,
1,3,7.213,-0.2484436,0.04287742,-1.016186,0.5085057,-0.5039209,0.4949211,0.4924824,
1,3,7.215,-0.2484436,0.04287742,-1.016186,0.5085057,-0.5039209,0.4949211,0.4924824,
1,3,7.217,-0.2484436,0.04287742,-1.016186,0.5085057,-0.5039209,0.4949211,0.4924824,
1,3,7.219,-0.248437,0.04286305,-1.016188,0.5085179,-0.5039108,0.4949275,0.4924736,
1,3,7.221,-0.248437,0.04286305,-1.016188,0.5085179,-0.5039108,0.4949275,0.4924736,
1,3,7.223,-0.248437,0.04286305,-1.016188,0.5085179,-0.5039108,0.4949275,0.4924736,
1,3,7.225,-0.248437,0.04286305,-1.016188,0.5085179,-0.5039108,0.4949275,0.4924736,
1,3,7.227,-0.2484499,0.04287558,-1.016182,0.5085298,-0.5039089,0.4949316,0.4924591,
1,3,7.229,-0.2484499,0.04287558,-1.016182,0.5085298,-0.5039089,0.4949316,0.4924591,
1,3,7.231,-0.2484499,0.04287558,-1.016182,0.5085298,-0.5039089,0.4949316,0.4924591,
1,3,7.233,-0.2484499,0.04287558,-1.016182,0.5085298,-0.5039089,0.4949316,0.4924591,
1,3,7.235,-0.2484473,0.04286506,-1.016189,0.5085196,-0.5039097,0.4949255,0.4924751,
1,3,7.237,-0.2484473,0.04286506,-1.016189,0.5085196,-0.5039097,0.4949255,0.4924751,
1,3,7.239,-0.2484473,0.04286506,-1.016189,0.5085196,-0.5039097,0.4949255,0.4924751,
1,3,7.241,-0.2484473,0.04286506,-1.016189,0.5085196,-0.5039097,0.4949255,0.4924751,
1,3,7.243,-0.2484431,0.04286511,-1.016185,0.5085073,-0.5039151,0.494936,0.4924717,
1,3,7.245,-0.2484431,0.04286511,-1.016185,0.5085073,-0.5039151,0.494936,0.4924717,
1,3,7.247,-0.2484431,0.04286511,-1.016185,0.5085073,-0.5039151,0.494936,0.4924717,
1,3,7.249,-0.2484431,0.04286511,-1.016185,0.5085073,-0.5039151,0.494936,0.4924717,
1,3,7.251,-0.2484543,0.04288154,-1.016183,0.5084952,-0.5039525,0.4949115,0.4924704,
1,3,7.253,-0.2484543,0.04288154,-1.016183,0.5084952,-0.5039525,0.4949115,0.4924704,
1,3,7.255,-0.2484543,0.04288154,-1.016183,0.5084952,-0.5039525,0.4949115,0.4924704,
1,3,7.257,-0.2484543,0.04288154,-1.016183,0.5084952,-0.5039525,0.4949115,0.4924704,
1,3,7.259,-0.248459,0.04287213,-1.016185,0.5084976,-0.5039421,0.4949135,0.4924767,
1,3,7.261,-0.248459,0.04287213,-1.016185,0.5084976,-0.5039421,0.4949135,0.4924767,
1,3,7.263,-0.248459,0.04287213,-1.016185,0.5084976,-0.5039421,0.4949135,0.4924767,
1,3,7.265,-0.248459,0.04287213,-1.016185,0.5084976,-0.5039421,0.4949135,0.4924767,
1,3,7.267,-0.248459,0.04287213,-1.016185,0.5084976,-0.5039421,0.4949135,0.4924767,
1,3,7.269,-0.2484512,0.04286733,-1.016184,0.5085029,-0.5039351,0.4949088,0.4924831,
1,3,7.271,-0.2484512,0.04286733,-1.016184,0.5085029,-0.5039351,0.4949088,0.4924831,
1,3,7.273,-0.2484512,0.04286733,-1.016184,0.5085029,-0.5039351,0.4949088,0.4924831,
1,3,7.275,-0.2484512,0.04286733,-1.016184,0.5085029,-0.5039351,0.4949088,0.4924831,
1,3,7.277,-0.2484533,0.04286618,-1.016185,0.5084834,-0.5039137,0.4949461,0.4924875,
1,3,7.279,-0.2484533,0.04286618,-1.016185,0.5084834,-0.5039137,0.4949461,0.4924875,
1,3,7.281,-0.2484533,0.04286618,-1.016185,0.5084834,-0.5039137,0.4949461,0.4924875,
1,3,7.283,-0.2484533,0.04286618,-1.016185,0.5084834,-0.5039137,0.4949461,0.4924875,
1,3,7.285,-0.2484581,0.04286243,-1.016183,0.5084717,-0.5039309,0.4949354,0.4924929,
1,3,7.287,-0.2484581,0.04286243,-1.016183,0.5084717,-0.5039309,0.4949354,0.4924929,
1,3,7.289,-0.2484581,0.04286243,-1.016183,0.5084717,-0.5039309,0.4949354,0.4924929,
1,3,7.291,-0.2484581,0.04286243,-1.016183,0.5084717,-0.5039309,0.4949354,0.4924929,
1,3,7.293,-0.2484556,0.0428628,-1.016176,0.5084737,-0.5039316,0.4949324,0.4924931,
1,3,7.295,-0.2484556,0.0428628,-1.016176,0.5084737,-0.5039316,0.4949324,0.4924931,
1,3,7.297,-0.2484556,0.0428628,-1.016176,0.5084737,-0.5039316,0.4949324,0.4924931,
1,3,7.299,-0.2484556,0.0428628,-1.016176,0.5084737,-0.5039316,0.4949324,0.4924931,
1,3,7.301,-0.2484612,0.04287292,-1.016173,0.5084705,-0.5039303,0.4949329,0.492497,
1,3,7.303,-0.2484612,0.04287292,-1.016173,0.5084705,-0.5039303,0.4949329,0.492497,
1,3,7.305,-0.2484612,0.04287292,-1.016173,0.5084705,-0.5039303,0.4949329,0.492497,
1,3,7.307,-0.2484612,0.04287292,-1.016173,0.5084705,-0.5039303,0.4949329,0.492497,
1,3,7.309,-0.2484515,0.04287017,-1.016182,0.5084827,-0.503939,0.4949477,0.4924607,
1,3,7.311,-0.2484515,0.04287017,-1.016182,0.5084827,-0.503939,0.4949477,0.4924607,
1,3,7.313,-0.2484515,0.04287017,-1.016182,0.5084827,-0.503939,0.4949477,0.4924607,
1,3,7.315,-0.2484515,0.04287017,-1.016182,0.5084827,-0.503939,0.4949477,0.4924607,
1,3,7.317,-0.2484515,0.04287017,-1.016182,0.5084827,-0.503939,0.4949477,0.4924607,
1,3,7.319,-0.2484545,0.042877,-1.016179,0.5084921,-0.5039393,0.4949335,0.4924651,
1,3,7.321,-0.2484545,0.042877,-1.016179,0.5084921,-0.5039393,0.4949335,0.4924651,
1,3,7.323,-0.2484545,0.042877,-1.016179,0.5084921,-0.5039393,0.4949335,0.4924651,
1,3,7.325,-0.2484545,0.042877,-1.016179,0.5084921,-0.5039393,0.4949335,0.4924651,
1,3,7.327,-0.2484529,0.04286596,-1.016191,0.5085038,-0.5039222,0.4949432,0.4924608,
1,3,7.329,-0.2484529,0.04286596,-1.016191,0.5085038,-0.5039222,0.4949432,0.4924608,
1,3,7.331,-0.2484529,0.04286596,-1.016191,0.5085038,-0.5039222,0.4949432,0.4924608,
1,3,7.333,-0.2484529,0.04286596,-1.016191,0.5085038,-0.5039222,0.4949432,0.4924608,
1,3,7.335,-0.2484487,0.04287098,-1.016183,0.5085253,-0.5039367,0.4949266,0.4924405,
1,3,7.337,-0.2484487,0.04287098,-1.016183,0.5085253,-0.5039367,0.4949266,0.4924405,
1,3,7.339,-0.2484487,0.04287098,-1.016183,0.5085253,-0.5039367,0.4949266,0.4924405,
1,3,7.341,-0.2484487,0.04287098,-1.016183,0.5085253,-0.5039367,0.4949266,0.4924405,
1,3,7.343,-0.248452,0.04288135,-1.016185,0.5084987,-0.5039076,0.4949468,0.4924774,
1,3,7.345,-0.248452,0.04288135,-1.016185,0.5084987,-0.5039076,0.4949468,0.4924774,
1,3,7.347,-0.248452,0.04288135,-1.016185,0.5084987,-0.5039076,0.4949468,0.4924774,
1,3,7.349,-0.248452,0.04288135,-1.016185,0.5084987,-0.5039076,0.4949468,0.4924774,
1,3,7.351,-0.2484483,0.04285903,-1.01619,0.5084878,-0.5039126,0.4949433,0.4924871,
1,3,7.353,-0.2484483,0.04285903,-1.01619,0.5084878,-0.5039126,0.4949433,0.4924871,
1,3,7.355,-0.2484483,0.04285903,-1.01619,0.5084878,-0.5039126,0.4949433,0.4924871,
1,3,7.357,-0.2484483,0.04285903,-1.01619,0.5084878,-0.5039126,0.4949433,0.4924871,
1,3,7.359,-0.2484476,0.04287093,-1.016185,0.5085067,-0.5039136,0.4949611,0.4924485,
1,3,7.361,-0.2484476,0.04287093,-1.016185,0.5085067,-0.5039136,0.4949611,0.4924485,
1,3,7.363,-0.2484476,0.04287093,-1.016185,0.5085067,-0.5039136,0.4949611,0.4924485,
1,3,7.365,-0.2484476,0.04287093,-1.016185,0.5085067,-0.5039136,0.4949611,0.4924485,
1,3,7.367,-0.2484476,0.04287093,-1.016185,0.5085067,-0.5039136,0.4949611,0.4924485,
1,3,7.369,-0.2484463,0.04287025,-1.016183,0.5084983,-0.5039229,0.4949569,0.4924521,
1,3,7.371,-0.2484463,0.04287025,-1.016183,0.5084983,-0.5039229,0.4949569,0.4924521,
1,3,7.373,-0.2484463,0.04287025,-1.016183,0.5084983,-0.5039229,0.4949569,0.4924521,
1,3,7.375,-0.2484463,0.04287025,-1.016183,0.5084983,-0.5039229,0.4949569,0.4924521,
1,3,7.377,-0.2484611,0.04286768,-1.016193,0.5085066,-0.503935,0.4949489,0.4924391,
1,3,7.379,-0.2484611,0.04286768,-1.016193,0.5085066,-0.503935,0.4949489,0.4924391,
1,3,7.381,-0.2484611,0.04286768,-1.016193,0.5085066,-0.503935,0.4949489,0.4924391,
1,3,7.383,-0.2484611,0.04286768,-1.016193,0.5085066,-0.503935,0.4949489,0.4924391,
1,3,7.385,-0.2484579,0.04287138,-1.016194,0.5084862,-0.5039262,0.4949568,0.4924612,
1,3,7.387,-0.2484579,0.04287138,-1.016194,0.5084862,-0.5039262,0.4949568,0.4924612,
1,3,7.389,-0.2484579,0.04287138,-1.016194,0.5084862,-0.5039262,0.4949568,0.4924612,
1,3,7.391,-0.2484579,0.04287138,-1.016194,0.5084862,-0.5039262,0.4949568,0.4924612,
1,3,7.393,-0.2484529,0.04286858,-1.016196,0.5084983,-0.5039445,0.4949242,0.4924626,
1,3,7.395,-0.2484529,0.04286858,-1.016196,0.5084983,-0.5039445,0.4949242,0.4924626,
1,3,7.397,-0.2484529,0.04286858,-1.016196,0.5084983,-0.5039445,0.4949242,0.4924626,
1,3,7.399,-0.2484529,0.04286858,-1.016196,0.5084983,-0.5039445,0.4949242,0.4924626,
1,3,7.401,-0.2484596,0.04286249,-1.016194,0.5085037,-0.5039649,0.4949135,0.492447,
1,3,7.403,-0.2484596,0.04286249,-1.016194,0.5085037,-0.5039649,0.4949135,0.492447,
1,3,7.405,-0.2484596,0.04286249,-1.016194,0.5085037,-0.5039649,0.4949135,0.492447,
1,3,7.407,-0.2484596,0.04286249,-1.016194,0.5085037,-0.5039649,0.4949135,0.492447,
1,3,7.409,-0.2484602,0.04286233,-1.016192,0.508513,-0.5039802,0.4948985,0.4924367,
1,3,7.411,-0.2484602,0.04286233,-1.016192,0.508513,-0.5039802,0.4948985,0.4924367,
1,3,7.413,-0.2484602,0.04286233,-1.016192,0.508513,-0.5039802,0.4948985,0.4924367,
1,3,7.415,-0.2484602,0.04286233,-1.016192,0.508513,-0.5039802,0.4948985,0.4924367,
1,3,7.417,-0.2484602,0.04286233,-1.016192,0.508513,-0.5039802,0.4948985,0.4924367,
1,3,7.419,-0.2484622,0.04286328,-1.016185,0.5085132,-0.5039535,0.4949114,0.4924511,
1,3,7.421,-0.2484622,0.04286328,-1.016185,0.5085132,-0.5039535,0.4949114,0.4924511,
1,3,7.423,-0.2484622,0.04286328,-1.016185,0.5085132,-0.5039535,0.4949114,0.4924511,
1,3,7.425,-0.2484622,0.04286328,-1.016185,0.5085132,-0.5039535,0.4949114,0.4924511,
1,3,7.427,-0.248459,0.04286164,-1.016187,0.5084894,-0.5039346,0.4949449,0.4924613,
1,3,7.429,-0.248459,0.04286164,-1.016187,0.5084894,-0.5039346,0.4949449,0.4924613,
1,3,7.431,-0.248459,0.04286164,-1.016187,0.5084894,-0.5039346,0.4949449,0.4924613,
1,3,7.433,-0.248459,0.04286164,-1.016187,0.5084894,-0.5039346,0.4949449,0.4924613,
1,3,7.435,-0.2484464,0.04285955,-1.016191,0.5085046,-0.503962,0.4949214,0.4924409,
1,3,7.437,-0.2484464,0.04285955,-1.016191,0.5085046,-0.503962,0.4949214,0.4924409,
1,3,7.439,-0.2484464,0.04285955,-1.016191,0.5085046,-0.503962,0.4949214,0.4924409,
1,3,7.441,-0.2484464,0.04285955,-1.016191,0.5085046,-0.503962,0.4949214,0.4924409,
1,3,7.443,-0.2484574,0.04286191,-1.016193,0.5084921,-0.5039628,0.4949251,0.4924496,
1,3,7.445,-0.2484574,0.04286191,-1.016193,0.5084921,-0.5039628,0.4949251,0.4924496,
1,3,7.447,-0.2484574,0.04286191,-1.016193,0.5084921,-0.5039628,0.4949251,0.4924496,
1,3,7.449,-0.2484574,0.04286191,-1.016193,0.5084921,-0.5039628,0.4949251,0.4924496,
1,3,7.451,-0.2484548,0.04287007,-1.016187,0.5085054,-0.5039293,0.4949396,0.4924555,
1,3,7.453,-0.2484548,0.04287007,-1.016187,0.5085054,-0.5039293,0.4949396,0.4924555,
1,3,7.455,-0.2484548,0.04287007,-1.016187,0.5085054,-0.5039293,0.4949396,0.4924555,
1,3,7.457,-0.2484548,0.04287007,-1.016187,0.5085054,-0.5039293,0.4949396,0.4924555,
1,3,7.459,-0.2484533,0.04286861,-1.016186,0.508512,-0.5039431,0.4949186,0.4924556,
1,3,7.461,-0.2484533,0.04286861,-1.016186,0.508512,-0.5039431,0.4949186,0.4924556,
1,3,7.463,-0.2484533,0.04286861,-1.016186,0.508512,-0.5039431,0.4949186,0.4924556,
1,3,7.465,-0.2484533,0.04286861,-1.016186,0.508512,-0.5039431,0.4949186,0.4924556,
1,3,7.467,-0.2484533,0.04286861,-1.016186,0.508512,-0.5039431,0.4949186,0.4924556,
1,3,7.469,-0.2484515,0.04286647,-1.016187,0.5085072,-0.5039425,0.4949288,0.4924509,
1,3,7.471,-0.2484515,0.04286647,-1.016187,0.5085072,-0.5039425,0.4949288,0.4924509,
1,3,7.473,-0.2484515,0.04286647,-1.016187,0.5085072,-0.5039425,0.4949288,0.4924509,
1,3,7.475,-0.2484515,0.04286647,-1.016187,0.5085072,-0.5039425,0.4949288,0.4924509,
1,3,7.477,-0.2484535,0.04287032,-1.016192,0.5085067,-0.5039518,0.4949187,0.492452,
1,3,7.479,-0.2484535,0.04287032,-1.016192,0.5085067,-0.5039518,0.4949187,0.492452,
1,3,7.481,-0.2484535,0.04287032,-1.016192,0.5085067,-0.5039518,0.4949187,0.492452,
1,3,7.483,-0.2484535,0.04287032,-1.016192,0.5085067,-0.5039518,0.4949187,0.492452,
1,3,7.485,-0.2484534,0.04286793,-1.016184,0.5084838,-0.503948,0.4949523,0.4924458,
1,3,7.487,-0.2484534,0.04286793,-1.016184,0.5084838,-0.503948,0.4949523,0.4924458,
1,3,7.489,-0.2484534,0.04286793,-1.016184,0.5084838,-0.503948,0.4949523,0.4924458,
1,3,7.491,-0.2484534,0.04286793,-1.016184,0.5084838,-0.503948,0.4949523,0.4924458,
1,3,7.493,-0.2484541,0.04286656,-1.016186,0.5084779,-0.5039513,0.4949518,0.4924491,
1,3,7.495,-0.2484541,0.04286656,-1.016186,0.5084779,-0.5039513,0.4949518,0.4924491,
1,3,7.497,-0.2484541,0.04286656,-1.016186,0.5084779,-0.5039513,0.4949518,0.4924491,
1,3,7.499,-0.2484541,0.04286656,-1.016186,0.5084779,-0.5039513,0.4949518,0.4924491,
1,3,7.501,-0.2484552,0.0428561,-1.016186,0.5085016,-0.5039702,0.4949059,0.4924515,
1,3,7.503,-0.2484552,0.0428561,-1.016186,0.5085016,-0.5039702,0.4949059,0.4924515,
1,3,7.505,-0.2484552,0.0428561,-1.016186,0.5085016,-0.5039702,0.4949059,0.4924515,
1,3,7.507,-0.2484552,0.0428561,-1.016186,0.5085016,-0.5039702,0.4949059,0.4924515,
1,3,7.509,-0.2484563,0.04285771,-1.016194,0.5085238,-0.5039893,0.4948708,0.4924442,
1,3,7.511,-0.2484563,0.04285771,-1.016194,0.5085238,-0.5039893,0.4948708,0.4924442,
1,3,7.513,-0.2484563,0.04285771,-1.016194,0.5085238,-0.5039893,0.4948708,0.4924442,
1,3,7.515,-0.2484563,0.04285771,-1.016194,0.5085238,-0.5039893,0.4948708,0.4924442,
1,3,7.517,-0.2484563,0.04285771,-1.016194,0.5085238,-0.5039893,0.4948708,0.4924442,
1,3,7.519,-0.2484493,0.04286837,-1.016186,0.5084823,-0.5039768,0.4949031,0.4924674,
1,3,7.521,-0.2484493,0.04286837,-1.016186,0.5084823,-0.5039768,0.4949031,0.4924674,
1,3,7.523,-0.2484493,0.04286837,-1.016186,0.5084823,-0.5039768,0.4949031,0.4924674,
1,3,7.525,-0.2484493,0.04286837,-1.016186,0.5084823,-0.5039768,0.4949031,0.4924674,
1,3,7.527,-0.2484519,0.04286624,-1.016178,0.5084861,-0.5039771,0.4949082,0.4924581,
1,3,7.529,-0.2484519,0.04286624,-1.016178,0.5084861,-0.5039771,0.4949082,0.4924581,
1,3,7.531,-0.2484519,0.04286624,-1.016178,0.5084861,-0.5039771,0.4949082,0.4924581,
1,3,7.533,-0.2484519,0.04286624,-1.016178,0.5084861,-0.5039771,0.4949082,0.4924581,
1,3,7.535,-0.2484558,0.04287907,-1.016184,0.5084745,-0.503958,0.4949314,0.4924662,
1,3,7.537,-0.2484558,0.04287907,-1.016184,0.5084745,-0.503958,0.4949314,0.4924662,
1,3,7.539,-0.2484558,0.04287907,-1.016184,0.5084745,-0.503958,0.4949314,0.4924662,
1,3,7.541,-0.2484558,0.04287907,-1.016184,0.5084745,-0.503958,0.4949314,0.4924662,
1,3,7.543,-0.2484446,0.0428691,-1.016192,0.5085112,-0.5039473,0.4949143,0.4924565,
1,3,7.545,-0.2484446,0.0428691,-1.016192,0.5085112,-0.5039473,0.4949143,0.4924565,
1,3,7.547,-0.2484446,0.0428691,-1.016192,0.5085112,-0.5039473,0.4949143,0.4924565,
1,3,7.549,-0.2484446,0.0428691,-1.016192,0.5085112,-0.5039473,0.4949143,0.4924565,
1,3,7.551,-0.2484501,0.04285901,-1.01619,0.5085011,-0.5039365,0.4949372,0.4924549,
1,3,7.553,-0.2484501,0.04285901,-1.01619,0.5085011,-0.5039365,0.4949372,0.4924549,
1,3,7.555,-0.2484501,0.04285901,-1.01619,0.5085011,-0.5039365,0.4949372,0.4924549,
1,3,7.557,-0.2484501,0.04285901,-1.01619,0.5085011,-0.5039365,0.4949372,0.4924549,
1,3,7.559,-0.2484582,0.04286702,-1.016189,0.508507,-0.5039539,0.4949005,0.4924679,
1,3,7.561,-0.2484582,0.04286702,-1.016189,0.508507,-0.5039539,0.4949005,0.4924679,
1,3,7.563,-0.2484582,0.04286702,-1.016189,0.508507,-0.5039539,0.4949005,0.4924679,
1,3,7.565,-0.2484582,0.04286702,-1.016189,0.508507,-0.5039539,0.4949005,0.4924679,
1,3,7.567,-0.2484582,0.04286702,-1.016189,0.508507,-0.5039539,0.4949005,0.4924679,
1,3,7.569,-0.2484605,0.04285894,-1.016184,0.5085106,-0.5039645,0.4949058,0.492448,
1,3,7.571,-0.2484605,0.04285894,-1.016184,0.5085106,-0.5039645,0.4949058,0.492448,
1,3,7.573,-0.2484605,0.04285894,-1.016184,0.5085106,-0.5039645,0.4949058,0.492448,
1,3,7.575,-0.2484605,0.04285894,-1.016184,0.5085106,-0.5039645,0.4949058,0.492448,
1,3,7.577,-0.248464,0.04286721,-1.016194,0.5084981,-0.5039558,0.4949221,0.4924533,
1,3,7.579,-0.248464,0.04286721,-1.016194,0.5084981,-0.5039558,0.4949221,0.4924533,
1,3,7.581,-0.248464,0.04286721,-1.016194,0.5084981,-0.5039558,0.4949221,0.4924533,
1,3,7.583,-0.248464,0.04286721,-1.016194,0.5084981,-0.5039558,0.4949221,0.4924533,
1,3,7.585,-0.2484658,0.04287151,-1.016202,0.5084785,-0.50396,0.4949332,0.4924582,
1,3,7.587,-0.2484658,0.04287151,-1.016202,0.5084785,-0.50396,0.4949332,0.4924582,
1,3,7.589,-0.2484658,0.04287151,-1.016202,0.5084785,-0.50396,0.4949332,0.4924582,
1,3,7.591,-0.2484658,0.04287151,-1.016202,0.5084785,-0.50396,0.4949332,0.4924582,
1,3,7.593,-0.2484595,0.04286542,-1.016196,0.5084759,-0.5039502,0.4949372,0.492467,
1,3,7.595,-0.2484595,0.04286542,-1.016196,0.5084759,-0.5039502,0.4949372,0.492467,
1,3,7.597,-0.2484595,0.04286542,-1.016196,0.5084759,-0.5039502,0.4949372,0.492467,
1,3,7.599,-0.2484595,0.04286542,-1.016196,0.5084759,-0.5039502,0.4949372,0.492467,
1,3,7.601,-0.2484609,0.04287042,-1.016189,0.5084752,-0.5039529,0.4949263,0.4924759,
1,3,7.603,-0.2484609,0.04287042,-1.016189,0.5084752,-0.5039529,0.4949263,0.4924759,
1,3,7.605,-0.2484609,0.04287042,-1.016189,0.5084752,-0.5039529,0.4949263,0.4924759,
1,3,7.607,-0.2484609,0.04287042,-1.016189,0.5084752,-0.5039529,0.4949263,0.4924759,
1,3,7.609,-0.2484573,0.0428707,-1.016189,0.5084801,-0.5039558,0.4949297,0.4924644,
1,3,7.611,-0.2484573,0.0428707,-1.016189,0.5084801,-0.5039558,0.4949297,0.4924644,
1,3,7.613,-0.2484573,0.0428707,-1.016189,0.5084801,-0.5039558,0.4949297,0.4924644,
1,3,7.615,-0.2484573,0.0428707,-1.016189,0.5084801,-0.5039558,0.4949297,0.4924644,
1,3,7.617,-0.2484573,0.0428707,-1.016189,0.5084801,-0.5039558,0.4949297,0.4924644,
1,3,7.619,-0.2484557,0.0428651,-1.016186,0.5084805,-0.5039723,0.4949114,0.4924655,
1,3,7.621,-0.2484557,0.0428651,-1.016186,0.5084805,-0.5039723,0.4949114,0.4924655,
1,3,7.623,-0.2484557,0.0428651,-1.016186,0.5084805,-0.5039723,0.4949114,0.4924655,
1,3,7.625,-0.2484557,0.0428651,-1.016186,0.5084805,-0.5039723,0.4949114,0.4924655,
1,3,7.627,-0.2484532,0.04286414,-1.016187,0.5084769,-0.5039786,0.4949114,0.4924629,
1,3,7.629,-0.2484532,0.04286414,-1.016187,0.5084769,-0.5039786,0.4949114,0.4924629,
1,3,7.631,-0.2484532,0.04286414,-1.016187,0.5084769,-0.5039786,0.4949114,0.4924629,
1,3,7.633,-0.2484532,0.04286414,-1.016187,0.5084769,-0.5039786,0.4949114,0.4924629,
1,3,7.635,-0.2484596,0.04286893,-1.016187,0.5084641,-0.5039538,0.494944,0.4924685,
1,3,7.637,-0.2484596,0.04286893,-1.016187,0.5084641,-0.5039538,0.494944,0.4924685,
1,3,7.639,-0.2484596,0.04286893,-1.016187,0.5084641,-0.5039538,0.494944,0.4924685,
1,3,7.641,-0.2484596,0.04286893,-1.016187,0.5084641,-0.5039538,0.494944,0.4924685,
1,3,7.643,-0.2484566,0.04287436,-1.016194,0.5084557,-0.5039552,0.4949399,0.49248,
1,3,7.645,-0.2484566,0.04287436,-1.016194,0.5084557,-0.5039552,0.4949399,0.49248,
1,3,7.647,-0.2484566,0.04287436,-1.016194,0.5084557,-0.5039552,0.4949399,0.49248,
1,3,7.649,-0.2484566,0.04287436,-1.016194,0.5084557,-0.5039552,0.4949399,0.49248,
1,3,7.651,-0.2484587,0.04287346,-1.01619,0.5084486,-0.5039344,0.494947,0.4925014,
1,3,7.653,-0.2484587,0.04287346,-1.01619,0.5084486,-0.5039344,0.494947,0.4925014,
1,3,7.655,-0.2484587,0.04287346,-1.01619,0.5084486,-0.5039344,0.494947,0.4925014,
1,3,7.657,-0.2484587,0.04287346,-1.01619,0.5084486,-0.5039344,0.494947,0.4925014,
1,3,7.659,-0.2484509,0.04286468,-1.016185,0.5085045,-0.503983,0.4948841,0.4924571,
1,3,7.661,-0.2484509,0.04286468,-1.016185,0.5085045,-0.503983,0.4948841,0.4924571,
1,3,7.663,-0.2484509,0.04286468,-1.016185,0.5085045,-0.503983,0.4948841,0.4924571,
1,3,7.665,-0.2484509,0.04286468,-1.016185,0.5085045,-0.503983,0.4948841,0.4924571,
1,3,7.667,-0.2484509,0.04286468,-1.016185,0.5085045,-0.503983,0.4948841,0.4924571,
1,3,7.669,-0.2484524,0.04286241,-1.016186,0.5085063,-0.504003,0.4948809,0.4924382,
1,3,7.671,-0.2484524,0.04286241,-1.016186,0.5085063,-0.504003,0.4948809,0.4924382,
1,3,7.673,-0.2484524,0.04286241,-1.016186,0.5085063,-0.504003,0.4948809,0.4924382,
1,3,7.675,-0.2484524,0.04286241,-1.016186,0.5085063,-0.504003,0.4948809,0.4924382,
1,3,7.677,-0.2484645,0.04287396,-1.016184,0.5084971,-0.5039757,0.4949025,0.4924539,
1,3,7.679,-0.2484645,0.04287396,-1.016184,0.5084971,-0.5039757,0.4949025,0.4924539,
1,3,7.681,-0.2484645,0.04287396,-1.016184,0.5084971,-0.5039757,0.4949025,0.4924539,
1,3,7.683,-0.2484645,0.04287396,-1.016184,0.5084971,-0.5039757,0.4949025,0.4924539,
1,3,7.685,-0.2484738,0.04285828,-1.016203,0.50847,-0.5040116,0.4948423,0.4925055,
1,3,7.687,-0.2484738,0.04285828,-1.016203,0.50847,-0.5040116,0.4948423,0.4925055,
1,3,7.689,-0.2484738,0.04285828,-1.016203,0.50847,-0.5040116,0.4948423,0.4925055,
1,3,7.691,-0.2484738,0.04285828,-1.016203,0.50847,-0.5040116,0.4948423,0.4925055,
1,3,7.693,-0.2484641,0.04286577,-1.016196,0.5084799,-0.5039887,0.4948636,0.4924974,
1,3,7.695,-0.2484641,0.04286577,-1.016196,0.5084799,-0.5039887,0.4948636,0.4924974,
1,3,7.697,-0.2484641,0.04286577,-1.016196,0.5084799,-0.5039887,0.4948636,0.4924974,
1,3,7.699,-0.2484641,0.04286577,-1.016196,0.5084799,-0.5039887,0.4948636,0.4924974,
1,3,7.701,-0.2484639,0.04286955,-1.016189,0.508469,-0.503946,0.4949307,0.4924849,
1,3,7.703,-0.2484639,0.04286955,-1.016189,0.508469,-0.503946,0.4949307,0.4924849,
1,3,7.705,-0.2484639,0.04286955,-1.016189,0.508469,-0.503946,0.4949307,0.4924849,
1,3,7.707,-0.2484639,0.04286955,-1.016189,0.508469,-0.503946,0.4949307,0.4924849,
1,3,7.709,-0.2484553,0.0428702,-1.016186,0.508468,-0.5039408,0.4949385,0.4924836,
1,3,7.711,-0.2484553,0.0428702,-1.016186,0.508468,-0.5039408,0.4949385,0.4924836,
1,3,7.713,-0.2484553,0.0428702,-1.016186,0.508468,-0.5039408,0.4949385,0.4924836,
1,3,7.715,-0.2484553,0.0428702,-1.016186,0.508468,-0.5039408,0.4949385,0.4924836,
1,3,7.717,-0.2484553,0.0428702,-1.016186,0.508468,-0.5039408,0.4949385,0.4924836,
1,3,7.719,-0.2484752,0.04285586,-1.016197,0.5084635,-0.5039763,0.4948705,0.49252,
1,3,7.721,-0.2484752,0.04285586,-1.016197,0.5084635,-0.5039763,0.4948705,0.49252,
1,3,7.723,-0.2484752,0.04285586,-1.016197,0.5084635,-0.5039763,0.4948705,0.49252,
1,3,7.725,-0.2484752,0.04285586,-1.016197,0.5084635,-0.5039763,0.4948705,0.49252,
1,3,7.727,-0.2484614,0.04286709,-1.016198,0.5084916,-0.5039554,0.4948974,0.4924853,
1,3,7.729,-0.2484614,0.04286709,-1.016198,0.5084916,-0.5039554,0.4948974,0.4924853,
1,3,7.731,-0.2484614,0.04286709,-1.016198,0.5084916,-0.5039554,0.4948974,0.4924853,
1,3,7.733,-0.2484614,0.04286709,-1.016198,0.5084916,-0.5039554,0.4948974,0.4924853,
1,3,7.735,-0.2484585,0.04287744,-1.016193,0.5084826,-0.5039408,0.4949201,0.4924868,
1,3,7.737,-0.2484585,0.04287744,-1.016193,0.5084826,-0.5039408,0.4949201,0.4924868,
1,3,7.739,-0.2484585,0.04287744,-1.016193,0.5084826,-0.5039408,0.4949201,0.4924868,
1,3,7.741,-0.2484585,0.04287744,-1.016193,0.5084826,-0.5039408,0.4949201,0.4924868,
1,3,7.743,-0.2484616,0.04286619,-1.01619,0.5084687,-0.5039447,0.4949413,0.4924758,
1,3,7.745,-0.2484616,0.04286619,-1.01619,0.5084687,-0.5039447,0.4949413,0.4924758,
1,3,7.747,-0.2484616,0.04286619,-1.01619,0.5084687,-0.5039447,0.4949413,0.4924758,
1,3,7.749,-0.2484616,0.04286619,-1.01619,0.5084687,-0.5039447,0.4949413,0.4924758,
1,3,7.751,-0.2484549,0.04286331,-1.016189,0.5084796,-0.5039184,0.4949518,0.4924809,
1,3,7.753,-0.2484549,0.04286331,-1.016189,0.5084796,-0.5039184,0.4949518,0.4924809,
1,3,7.755,-0.2484549,0.04286331,-1.016189,0.5084796,-0.5039184,0.4949518,0.4924809,
1,3,7.757,-0.2484549,0.04286331,-1.016189,0.5084796,-0.5039184,0.4949518,0.4924809,
1,3,7.759,-0.248454,0.04285765,-1.016183,0.5084953,-0.503896,0.4949698,0.4924695,
1,3,7.761,-0.248454,0.04285765,-1.016183,0.5084953,-0.503896,0.4949698,0.4924695,
1,3,7.763,-0.248454,0.04285765,-1.016183,0.5084953,-0.503896,0.4949698,0.4924695,
1,3,7.765,-0.248454,0.04285765,-1.016183,0.5084953,-0.503896,0.4949698,0.4924695,
1,3,7.767,-0.248454,0.04285765,-1.016183,0.5084953,-0.503896,0.4949698,0.4924695,
1,3,7.769,-0.2484636,0.04288739,-1.016188,0.5084775,-0.5039441,0.4949119,0.4924971,
1,3,7.771,-0.2484636,0.04288739,-1.016188,0.5084775,-0.5039441,0.4949119,0.4924971,
1,3,7.773,-0.2484636,0.04288739,-1.016188,0.5084775,-0.5039441,0.4949119,0.4924971,
1,3,7.775,-0.2484636,0.04288739,-1.016188,0.5084775,-0.5039441,0.4949119,0.4924971,
1,3,7.777,-0.2484703,0.04287303,-1.016189,0.5084746,-0.5039427,0.4949333,0.4924799,
1,3,7.779,-0.2484703,0.04287303,-1.016189,0.5084746,-0.5039427,0.4949333,0.4924799,
1,3,7.781,-0.2484703,0.04287303,-1.016189,0.5084746,-0.5039427,0.4949333,0.4924799,
1,3,7.783,-0.2484703,0.04287303,-1.016189,0.5084746,-0.5039427,0.4949333,0.4924799,
1,3,7.785,-0.248463,0.04287337,-1.016187,0.5084731,-0.5039438,0.4949253,0.4924883,
1,3,7.787,-0.248463,0.04287337,-1.016187,0.5084731,-0.5039438,0.4949253,0.4924883,
1,3,7.789,-0.248463,0.04287337,-1.016187,0.5084731,-0.5039438,0.4949253,0.4924883,
1,3,7.791,-0.248463,0.04287337,-1.016187,0.5084731,-0.5039438,0.4949253,0.4924883,
1,3,7.793,-0.248455,0.04287317,-1.016186,0.5084798,-0.5039361,0.4949325,0.492482,
1,3,7.795,-0.248455,0.04287317,-1.016186,0.5084798,-0.5039361,0.4949325,0.492482,
1,3,7.797,-0.248455,0.04287317,-1.016186,0.5084798,-0.5039361,0.4949325,0.492482,
1,3,7.799,-0.248455,0.04287317,-1.016186,0.5084798,-0.5039361,0.4949325,0.492482,
1,3,7.801,-0.2484637,0.04286487,-1.016184,0.5084832,-0.5039337,0.4949382,0.4924754,
1,3,7.803,-0.2484637,0.04286487,-1.016184,0.5084832,-0.5039337,0.4949382,0.4924754,
1,3,7.805,-0.2484637,0.04286487,-1.016184,0.5084832,-0.5039337,0.4949382,0.4924754,
1,3,7.807,-0.2484637,0.04286487,-1.016184,0.5084832,-0.5039337,0.4949382,0.4924754,
1,3,7.809,-0.2484649,0.04287233,-1.016183,0.5084701,-0.5039225,0.494965,0.4924735,
1,3,7.811,-0.2484649,0.04287233,-1.016183,0.5084701,-0.5039225,0.494965,0.4924735,
1,3,7.813,-0.2484649,0.04287233,-1.016183,0.5084701,-0.5039225,0.494965,0.4924735,
1,3,7.815,-0.2484649,0.04287233,-1.016183,0.5084701,-0.5039225,0.494965,0.4924735,
1,3,7.817,-0.2484649,0.04287233,-1.016183,0.5084701,-0.5039225,0.494965,0.4924735,
1,3,7.819,-0.2484623,0.04287082,-1.016183,0.5084793,-0.5039496,0.4949241,0.4924772,
1,3,7.821,-0.2484623,0.04287082,-1.016183,0.5084793,-0.5039496,0.4949241,0.4924772,
1,3,7.823,-0.2484623,0.04287082,-1.016183,0.5084793,-0.5039496,0.4949241,0.4924772,
1,3,7.825,-0.2484623,0.04287082,-1.016183,0.5084793,-0.5039496,0.4949241,0.4924772,
1,3,7.827,-0.2484663,0.04287969,-1.016187,0.5084833,-0.5039202,0.4949403,0.492487,
1,3,7.829,-0.2484663,0.04287969,-1.016187,0.5084833,-0.5039202,0.4949403,0.492487,
1,3,7.831,-0.2484663,0.04287969,-1.016187,0.5084833,-0.5039202,0.4949403,0.492487,
1,3,7.833,-0.2484663,0.04287969,-1.016187,0.5084833,-0.5039202,0.4949403,0.492487,
1,3,7.835,-0.2484599,0.04287662,-1.016187,0.5084759,-0.5039172,0.4949435,0.4924945,
1,3,7.837,-0.2484599,0.04287662,-1.016187,0.5084759,-0.5039172,0.4949435,0.4924945,
1,3,7.839,-0.2484599,0.04287662,-1.016187,0.5084759,-0.5039172,0.4949435,0.4924945,
1,3,7.841,-0.2484599,0.04287662,-1.016187,0.5084759,-0.5039172,0.4949435,0.4924945,
1,3,7.843,-0.2484594,0.04287713,-1.016187,0.5084772,-0.5039244,0.4949492,0.49248,
1,3,7.845,-0.2484594,0.04287713,-1.016187,0.5084772,-0.5039244,0.4949492,0.49248,
1,3,7.847,-0.2484594,0.04287713,-1.016187,0.5084772,-0.5039244,0.4949492,0.49248,
1,3,7.849,-0.2484594,0.04287713,-1.016187,0.5084772,-0.5039244,0.4949492,0.49248,
1,3,7.851,-0.2484667,0.0428746,-1.016188,0.5084742,-0.5039235,0.4949551,0.492478,
1,3,7.853,-0.2484667,0.0428746,-1.016188,0.5084742,-0.5039235,0.4949551,0.492478,
1,3,7.855,-0.2484667,0.0428746,-1.016188,0.5084742,-0.5039235,0.4949551,0.492478,
1,3,7.857,-0.2484667,0.0428746,-1.016188,0.5084742,-0.5039235,0.4949551,0.492478,
1,3,7.859,-0.2484597,0.0428698,-1.016186,0.5084814,-0.5039527,0.4949355,0.4924605,
1,3,7.861,-0.2484597,0.0428698,-1.016186,0.5084814,-0.5039527,0.4949355,0.4924605,
1,3,7.863,-0.2484597,0.0428698,-1.016186,0.5084814,-0.5039527,0.4949355,0.4924605,
1,3,7.865,-0.2484597,0.0428698,-1.016186,0.5084814,-0.5039527,0.4949355,0.4924605,
1,3,7.867,-0.2484597,0.0428698,-1.016186,0.5084814,-0.5039527,0.4949355,0.4924605,
1,3,7.869,-0.2484598,0.04287073,-1.016186,0.5084777,-0.5039611,0.4949327,0.4924584,
1,3,7.871,-0.2484598,0.04287073,-1.016186,0.5084777,-0.5039611,0.4949327,0.4924584,
1,3,7.873,-0.2484598,0.04287073,-1.016186,0.5084777,-0.5039611,0.4949327,0.4924584,
1,3,7.875,-0.2484598,0.04287073,-1.016186,0.5084777,-0.5039611,0.4949327,0.4924584,
1,3,7.877,-0.2484624,0.04286972,-1.016187,0.508477,-0.5039491,0.4949274,0.4924767,
1,3,7.879,-0.2484624,0.04286972,-1.016187,0.508477,-0.5039491,0.4949274,0.4924767,
1,3,7.881,-0.2484624,0.04286972,-1.016187,0.508477,-0.5039491,0.4949274,0.4924767,
1,3,7.883,-0.2484624,0.04286972,-1.016187,0.508477,-0.5039491,0.4949274,0.4924767,
1,3,7.885,-0.2484545,0.04286961,-1.016185,0.508469,-0.5039631,0.4949223,0.4924758,
1,3,7.887,-0.2484545,0.04286961,-1.016185,0.508469,-0.5039631,0.4949223,0.4924758,
1,3,7.889,-0.2484545,0.04286961,-1.016185,0.508469,-0.5039631,0.4949223,0.4924758,
1,3,7.891,-0.2484545,0.04286961,-1.016185,0.508469,-0.5039631,0.4949223,0.4924758,
1,3,7.893,-0.2484639,0.04287653,-1.016179,0.5084589,-0.5039515,0.494936,0.4924843,
1,3,7.895,-0.2484639,0.04287653,-1.016179,0.5084589,-0.5039515,0.494936,0.4924843,
1,3,7.897,-0.2484639,0.04287653,-1.016179,0.5084589,-0.5039515,0.494936,0.4924843,
1,3,7.899,-0.2484639,0.04287653,-1.016179,0.5084589,-0.5039515,0.494936,0.4924843,
1,3,7.901,-0.2484568,0.04287096,-1.016185,0.5084897,-0.5039432,0.4949276,0.4924695,
1,3,7.903,-0.2484568,0.04287096,-1.016185,0.5084897,-0.5039432,0.4949276,0.4924695,
1,3,7.905,-0.2484568,0.04287096,-1.016185,0.5084897,-0.5039432,0.4949276,0.4924695,
1,3,7.907,-0.2484568,0.04287096,-1.016185,0.5084897,-0.5039432,0.4949276,0.4924695,
1,3,7.909,-0.2484641,0.04286989,-1.016191,0.5084792,-0.5039827,0.4949006,0.492467,
1,3,7.911,-0.2484641,0.04286989,-1.016191,0.5084792,-0.5039827,0.4949006,0.492467,
1,3,7.913,-0.2484641,0.04286989,-1.016191,0.5084792,-0.5039827,0.4949006,0.492467,
1,3,7.915,-0.2484641,0.04286989,-1.016191,0.5084792,-0.5039827,0.4949006,0.492467,
1,3,7.917,-0.2484641,0.04286989,-1.016191,0.5084792,-0.5039827,0.4949006,0.492467,
1,3,7.919,-0.2484568,0.04288172,-1.016192,0.5084845,-0.503961,0.4949153,0.4924689,
1,3,7.921,-0.2484568,0.04288172,-1.016192,0.5084845,-0.503961,0.4949153,0.4924689,
1,3,7.923,-0.2484568,0.04288172,-1.016192,0.5084845,-0.503961,0.4949153,0.4924689,
1,3,7.925,-0.2484568,0.04288172,-1.016192,0.5084845,-0.503961,0.4949153,0.4924689,
1,3,7.927,-0.2484617,0.04286906,-1.016183,0.5084856,-0.5039443,0.4949362,0.4924639,
1,3,7.929,-0.2484617,0.04286906,-1.016183,0.5084856,-0.5039443,0.4949362,0.4924639,
1,3,7.931,-0.2484617,0.04286906,-1.016183,0.5084856,-0.5039443,0.4949362,0.4924639,
1,3,7.933,-0.2484617,0.04286906,-1.016183,0.5084856,-0.5039443,0.4949362,0.4924639,
1,3,7.935,-0.2484666,0.04287352,-1.016187,0.508487,-0.5039567,0.494931,0.4924551,
1,3,7.937,-0.2484666,0.04287352,-1.016187,0.508487,-0.5039567,0.494931,0.4924551,
1,3,7.939,-0.2484666,0.04287352,-1.016187,0.508487,-0.5039567,0.494931,0.4924551,
1,3,7.941,-0.2484666,0.04287352,-1.016187,0.508487,-0.5039567,0.494931,0.4924551,
1,3,7.943,-0.2484581,0.04287051,-1.016184,0.5084775,-0.5039354,0.494946,0.4924716,
1,3,7.945,-0.2484581,0.04287051,-1.016184,0.5084775,-0.5039354,0.494946,0.4924716,
1,3,7.947,-0.2484581,0.04287051,-1.016184,0.5084775,-0.5039354,0.494946,0.4924716,
1,3,7.949,-0.2484581,0.04287051,-1.016184,0.5084775,-0.5039354,0.494946,0.4924716,
1,3,7.951,-0.2484655,0.04286605,-1.016181,0.5084747,-0.5039646,0.4949364,0.4924542,
1,3,7.953,-0.2484655,0.04286605,-1.016181,0.5084747,-0.5039646,0.4949364,0.4924542,
1,3,7.955,-0.2484655,0.04286605,-1.016181,0.5084747,-0.5039646,0.4949364,0.4924542,
1,3,7.957,-0.2484655,0.04286605,-1.016181,0.5084747,-0.5039646,0.4949364,0.4924542,
1,3,7.959,-0.2484599,0.04286973,-1.016182,0.5084884,-0.5039243,0.4949611,0.4924565,
1,3,7.961,-0.2484599,0.04286973,-1.016182,0.5084884,-0.5039243,0.4949611,0.4924565,
1,3,7.963,-0.2484599,0.04286973,-1.016182,0.5084884,-0.5039243,0.4949611,0.4924565,
1,3,7.965,-0.2484599,0.04286973,-1.016182,0.5084884,-0.5039243,0.4949611,0.4924565,
1,3,7.967,-0.2484599,0.04286973,-1.016182,0.5084884,-0.5039243,0.4949611,0.4924565,
1,3,7.969,-0.2484565,0.04286275,-1.016188,0.508485,-0.503946,0.494947,0.492452,
1,3,7.971,-0.2484565,0.04286275,-1.016188,0.508485,-0.503946,0.494947,0.492452,
1,3,7.973,-0.2484565,0.04286275,-1.016188,0.508485,-0.503946,0.494947,0.492452,
1,3,7.975,-0.2484565,0.04286275,-1.016188,0.508485,-0.503946,0.494947,0.492452,
1,3,7.977,-0.2484666,0.04286534,-1.016187,0.5084871,-0.5039802,0.4949167,0.4924453,
1,3,7.979,-0.2484666,0.04286534,-1.016187,0.5084871,-0.5039802,0.4949167,0.4924453,
1,3,7.981,-0.2484666,0.04286534,-1.016187,0.5084871,-0.5039802,0.4949167,0.4924453,
1,3,7.983,-0.2484666,0.04286534,-1.016187,0.5084871,-0.5039802,0.4949167,0.4924453,
1,3,7.985,-0.2484636,0.04286629,-1.016179,0.5084904,-0.5039858,0.4949103,0.4924426,
1,3,7.987,-0.2484636,0.04286629,-1.016179,0.5084904,-0.5039858,0.4949103,0.4924426,
1,3,7.989,-0.2484636,0.04286629,-1.016179,0.5084904,-0.5039858,0.4949103,0.4924426,
1,3,7.991,-0.2484636,0.04286629,-1.016179,0.5084904,-0.5039858,0.4949103,0.4924426,
1,3,7.993,-0.2484625,0.04287555,-1.01618,0.508483,-0.5039719,0.494924,0.4924507,
1,3,7.995,-0.2484625,0.04287555,-1.01618,0.508483,-0.5039719,0.494924,0.4924507,
1,3,7.997,-0.2484625,0.04287555,-1.01618,0.508483,-0.5039719,0.494924,0.4924507,
1,3,7.999,-0.2484625,0.04287555,-1.01618,0.508483,-0.5039719,0.494924,0.4924507,
1,3,8.001,-0.2484551,0.0428612,-1.016184,0.508512,-0.503967,0.494913,0.492437,
1,3,8.003,-0.2484551,0.0428612,-1.016184,0.508512,-0.503967,0.494913,0.492437,
1,3,8.005,-0.2484551,0.0428612,-1.016184,0.508512,-0.503967,0.494913,0.492437,
1,3,8.007,-0.2484551,0.0428612,-1.016184,0.508512,-0.503967,0.494913,0.492437,
1,3,8.009,-0.2484513,0.04287701,-1.016181,0.5085038,-0.5039368,0.4949375,0.4924516,
1,3,8.011,-0.2484513,0.04287701,-1.016181,0.5085038,-0.5039368,0.4949375,0.4924516,
1,3,8.013,-0.2484513,0.04287701,-1.016181,0.5085038,-0.5039368,0.4949375,0.4924516,
1,3,8.015,-0.2484513,0.04287701,-1.016181,0.5085038,-0.5039368,0.4949375,0.4924516,
1,3,8.017,-0.2484513,0.04287701,-1.016181,0.5085038,-0.5039368,0.4949375,0.4924516,
1,3,8.019,-0.2484569,0.04287707,-1.016176,0.5085019,-0.5039431,0.4949322,0.4924523,
1,3,8.021,-0.2484569,0.04287707,-1.016176,0.5085019,-0.5039431,0.4949322,0.4924523,
1,3,8.023,-0.2484569,0.04287707,-1.016176,0.5085019,-0.5039431,0.4949322,0.4924523,
1,3,8.025,-0.2484569,0.04287707,-1.016176,0.5085019,-0.5039431,0.4949322,0.4924523,
1,3,8.027,-0.2484529,0.0428677,-1.016181,0.5085022,-0.5039514,0.4949203,0.4924557,
1,3,8.029,-0.2484529,0.0428677,-1.016181,0.5085022,-0.5039514,0.4949203,0.4924557,
1,3,8.031,-0.2484529,0.0428677,-1.016181,0.5085022,-0.5039514,0.4949203,0.4924557,
1,3,8.033,-0.2484529,0.0428677,-1.016181,0.5085022,-0.5039514,0.4949203,0.4924557,
1,3,8.035,-0.2484479,0.04286723,-1.016176,0.5085037,-0.5039424,0.494923,0.4924605,
1,3,8.037,-0.2484479,0.04286723,-1.016176,0.5085037,-0.5039424,0.494923,0.4924605,
1,3,8.039,-0.2484479,0.04286723,-1.016176,0.5085037,-0.5039424,0.494923,0.4924605,
1,3,8.041,-0.2484479,0.04286723,-1.016176,0.5085037,-0.5039424,0.494923,0.4924605,
1,3,8.043,-0.2484491,0.04286605,-1.016178,0.5085068,-0.5039416,0.4949292,0.492452,
1,3,8.045,-0.2484491,0.04286605,-1.016178,0.5085068,-0.5039416,0.4949292,0.492452,
1,3,8.047,-0.2484491,0.04286605,-1.016178,0.5085068,-0.5039416,0.4949292,0.492452,
1,3,8.049,-0.2484491,0.04286605,-1.016178,0.5085068,-0.5039416,0.4949292,0.492452,
1,3,8.051,-0.2484458,0.0428624,-1.01618,0.5085111,-0.5039294,0.4949353,0.4924538,
1,3,8.053,-0.2484458,0.0428624,-1.01618,0.5085111,-0.5039294,0.4949353,0.4924538,
1,3,8.055,-0.2484458,0.0428624,-1.01618,0.5085111,-0.5039294,0.4949353,0.4924538,
1,3,8.057,-0.2484458,0.0428624,-1.01618,0.5085111,-0.5039294,0.4949353,0.4924538,
1,3,8.059,-0.2484531,0.04285541,-1.016181,0.508521,-0.5039329,0.4949311,0.4924442,
1,3,8.061,-0.2484531,0.04285541,-1.016181,0.508521,-0.5039329,0.4949311,0.4924442,
1,3,8.063,-0.2484531,0.04285541,-1.016181,0.508521,-0.5039329,0.4949311,0.4924442,
1,3,8.065,-0.2484531,0.04285541,-1.016181,0.508521,-0.5039329,0.4949311,0.4924442,
1,3,8.067,-0.2484531,0.04285541,-1.016181,0.508521,-0.5039329,0.4949311,0.4924442,
1,3,8.069,-0.2484524,0.04286974,-1.01618,0.5085026,-0.5039259,0.49494,0.4924615,
1,3,8.071,-0.2484524,0.04286974,-1.01618,0.5085026,-0.5039259,0.49494,0.4924615,
1,3,8.073,-0.2484524,0.04286974,-1.01618,0.5085026,-0.5039259,0.49494,0.4924615,
1,3,8.075,-0.2484524,0.04286974,-1.01618,0.5085026,-0.5039259,0.49494,0.4924615,
1,3,8.077,-0.2484448,0.04286171,-1.01617,0.5085213,-0.5039356,0.4949331,0.4924392,
1,3,8.079,-0.2484448,0.04286171,-1.01617,0.5085213,-0.5039356,0.4949331,0.4924392,
1,3,8.081,-0.2484448,0.04286171,-1.01617,0.5085213,-0.5039356,0.4949331,0.4924392,CourtEnter
1,3,8.083,-0.2484448,0.04286171,-1.01617,0.5085213,-0.5039356,0.4949331,0.4924392,
1,3,8.085,-0.2484478,0.04285699,-1.016177,0.5085289,-0.503899,0.4949607,0.4924409,
1,3,8.087,-0.2484478,0.04285699,-1.016177,0.5085289,-0.503899,0.4949607,0.4924409,
1,3,8.089,-0.2484478,0.04285699,-1.016177,0.5085289,-0.503899,0.4949607,0.4924409,
1,3,8.091,-0.2484478,0.04285699,-1.016177,0.5085289,-0.503899,0.4949607,0.4924409,CourtExit
1,3,8.093,-0.2484481,0.04286726,-1.01618,0.5085226,-0.5039089,0.4949471,0.492451,
1,3,8.095,-0.2484481,0.04286726,-1.01618,0.5085226,-0.5039089,0.4949471,0.492451,
1,3,8.097,-0.2484481,0.04286726,-1.01618,0.5085226,-0.5039089,0.4949471,0.492451,
1,3,8.099,-0.2484481,0.04286726,-1.01618,0.5085226,-0.5039089,0.4949471,0.492451,
1,3,8.101,-0.2484417,0.04286351,-1.016178,0.5085201,-0.5039193,0.4949424,0.4924478,
1,3,8.103,-0.2484417,0.04286351,-1.016178,0.5085201,-0.5039193,0.4949424,0.4924478,
1,3,8.105,-0.2484417,0.04286351,-1.016178,0.5085201,-0.5039193,0.4949424,0.4924478,
1,3,8.107,-0.2484417,0.04286351,-1.016178,0.5085201,-0.5039193,0.4949424,0.4924478,
1,3,8.109,-0.248439,0.04286992,-1.01617,0.5085119,-0.5039225,0.4949365,0.4924589,
1,3,8.111,-0.248439,0.04286992,-1.01617,0.5085119,-0.5039225,0.4949365,0.4924589,
1,3,8.113,-0.248439,0.04286992,-1.01617,0.5085119,-0.5039225,0.4949365,0.4924589,
1,3,8.115,-0.248439,0.04286992,-1.01617,0.5085119,-0.5039225,0.4949365,0.4924589,
1,3,8.117,-0.248439,0.04286992,-1.01617,0.5085119,-0.5039225,0.4949365,0.4924589,
1,3,8.119,-0.2484497,0.04285837,-1.016173,0.5085214,-0.5039263,0.4949305,0.4924511,
1,3,8.121,-0.2484497,0.04285837,-1.016173,0.5085214,-0.5039263,0.4949305,0.4924511,
1,3,8.123,-0.2484497,0.04285837,-1.016173,0.5085214,-0.5039263,0.4949305,0.4924511,
1,3,8.125,-0.2484497,0.04285837,-1.016173,0.5085214,-0.5039263,0.4949305,0.4924511,
1,3,8.127,-0.248456,0.04286717,-1.016182,0.5085085,-0.5039181,0.49495,0.4924532,
1,3,8.129,-0.248456,0.04286717,-1.016182,0.5085085,-0.5039181,0.49495,0.4924532,
1,3,8.131,-0.248456,0.04286717,-1.016182,0.5085085,-0.5039181,0.49495,0.4924532,
1,3,8.133,-0.248456,0.04286717,-1.016182,0.5085085,-0.5039181,0.49495,0.4924532,
1,3,8.135,-0.2484541,0.04286874,-1.016181,0.5084978,-0.5039202,0.4949616,0.4924505,
1,3,8.137,-0.2484541,0.04286874,-1.016181,0.5084978,-0.5039202,0.4949616,0.4924505,
1,3,8.139,-0.2484541,0.04286874,-1.016181,0.5084978,-0.5039202,0.4949616,0.4924505,
1,3,8.141,-0.2484541,0.04286874,-1.016181,0.5084978,-0.5039202,0.4949616,0.4924505,
1,3,8.143,-0.2484493,0.0428612,-1.016184,0.5084975,-0.5039543,0.4949319,0.4924459,
1,3,8.145,-0.2484493,0.0428612,-1.016184,0.5084975,-0.5039543,0.4949319,0.4924459,
1,3,8.147,-0.2484493,0.0428612,-1.016184,0.5084975,-0.5039543,0.4949319,0.4924459,
1,3,8.149,-0.2484493,0.0428612,-1.016184,0.5084975,-0.5039543,0.4949319,0.4924459,
1,3,8.151,-0.2484531,0.04286013,-1.016187,0.5085024,-0.5039605,0.4949221,0.4924443,
1,3,8.153,-0.2484531,0.04286013,-1.016187,0.5085024,-0.5039605,0.4949221,0.4924443,
1,3,8.155,-0.2484531,0.04286013,-1.016187,0.5085024,-0.5039605,0.4949221,0.4924443,
1,3,8.157,-0.2484531,0.04286013,-1.016187,0.5085024,-0.5039605,0.4949221,0.4924443,
1,3,8.159,-0.248444,0.0428666,-1.016185,0.5085097,-0.5039628,0.4949143,0.4924423,
1,3,8.161,-0.248444,0.0428666,-1.016185,0.5085097,-0.5039628,0.4949143,0.4924423,
1,3,8.163,-0.248444,0.0428666,-1.016185,0.5085097,-0.5039628,0.4949143,0.4924423,
1,3,8.165,-0.248444,0.0428666,-1.016185,0.5085097,-0.5039628,0.4949143,0.4924423,
1,3,8.167,-0.248444,0.0428666,-1.016185,0.5085097,-0.5039628,0.4949143,0.4924423,
1,3,8.169,-0.2484445,0.04285571,-1.016172,0.5084969,-0.503953,0.4949341,0.4924456,
1,3,8.171,-0.2484445,0.04285571,-1.016172,0.5084969,-0.503953,0.4949341,0.4924456,
1,3,8.173,-0.2484445,0.04285571,-1.016172,0.5084969,-0.503953,0.4949341,0.4924456,
1,3,8.175,-0.2484445,0.04285571,-1.016172,0.5084969,-0.503953,0.4949341,0.4924456,
1,3,8.177,-0.248458,0.04286464,-1.016173,0.5084957,-0.5039644,0.494919,0.4924502,
1,3,8.179,-0.248458,0.04286464,-1.016173,0.5084957,-0.5039644,0.494919,0.4924502,
1,3,8.181,-0.248458,0.04286464,-1.016173,0.5084957,-0.5039644,0.494919,0.4924502,
1,3,8.183,-0.248458,0.04286464,-1.016173,0.5084957,-0.5039644,0.494919,0.4924502,
1,3,8.185,-0.2484606,0.04286656,-1.016177,0.5085046,-0.5039406,0.494933,0.4924513,
1,3,8.187,-0.2484606,0.04286656,-1.016177,0.5085046,-0.5039406,0.494933,0.4924513,
1,3,8.189,-0.2484606,0.04286656,-1.016177,0.5085046,-0.5039406,0.494933,0.4924513,
1,3,8.191,-0.2484606,0.04286656,-1.016177,0.5085046,-0.5039406,0.494933,0.4924513,
1,3,8.193,-0.2484469,0.04286847,-1.016183,0.5084975,-0.5039346,0.4949427,0.492455,
1,3,8.195,-0.2484469,0.04286847,-1.016183,0.5084975,-0.5039346,0.4949427,0.492455,
1,3,8.197,-0.2484469,0.04286847,-1.016183,0.5084975,-0.5039346,0.4949427,0.492455,
1,3,8.199,-0.2484469,0.04286847,-1.016183,0.5084975,-0.5039346,0.4949427,0.492455,
1,3,8.201,-0.2484461,0.04286448,-1.01619,0.5085109,-0.5039423,0.4949228,0.4924535,
1,3,8.203,-0.2484461,0.04286448,-1.01619,0.5085109,-0.5039423,0.4949228,0.4924535,
1,3,8.205,-0.2484461,0.04286448,-1.01619,0.5085109,-0.5039423,0.4949228,0.4924535,
1,3,8.207,-0.2484461,0.04286448,-1.01619,0.5085109,-0.5039423,0.4949228,0.4924535,
1,3,8.209,-0.2484523,0.0428644,-1.016185,0.5084846,-0.5039355,0.4949488,0.4924614,
1,3,8.211,-0.2484523,0.0428644,-1.016185,0.5084846,-0.5039355,0.4949488,0.4924614,
1,3,8.213,-0.2484523,0.0428644,-1.016185,0.5084846,-0.5039355,0.4949488,0.4924614,
1,3,8.215,-0.2484523,0.0428644,-1.016185,0.5084846,-0.5039355,0.4949488,0.4924614,
1,3,8.217,-0.2484523,0.0428644,-1.016185,0.5084846,-0.5039355,0.4949488,0.4924614,
1,3,8.219,-0.2484484,0.0428587,-1.016175,0.5084856,-0.5039813,0.4948984,0.4924642,
1,3,8.221,-0.2484484,0.0428587,-1.016175,0.5084856,-0.5039813,0.4948984,0.4924642,
1,3,8.223,-0.2484484,0.0428587,-1.016175,0.5084856,-0.5039813,0.4948984,0.4924642,
1,3,8.225,-0.2484484,0.0428587,-1.016175,0.5084856,-0.5039813,0.4948984,0.4924642,
1,3,8.227,-0.2484539,0.04286124,-1.016175,0.508478,-0.5039907,0.4948854,0.4924754,
1,3,8.229,-0.2484539,0.04286124,-1.016175,0.508478,-0.5039907,0.4948854,0.4924754,
1,3,8.231,-0.2484539,0.04286124,-1.016175,0.508478,-0.5039907,0.4948854,0.4924754,
1,3,8.233,-0.2484539,0.04286124,-1.016175,0.508478,-0.5039907,0.4948854,0.4924754,
1,3,8.235,-0.2484476,0.04286737,-1.016174,0.5084816,-0.5039553,0.4949221,0.4924709,
1,3,8.237,-0.2484476,0.04286737,-1.016174,0.5084816,-0.5039553,0.4949221,0.4924709,
1,3,8.239,-0.2484476,0.04286737,-1.016174,0.5084816,-0.5039553,0.4949221,0.4924709,
1,3,8.241,-0.2484476,0.04286737,-1.016174,0.5084816,-0.5039553,0.4949221,0.4924709,
1,3,8.243,-0.2484543,0.04285515,-1.016183,0.5084848,-0.5039802,0.4949152,0.4924491,
1,3,8.245,-0.2484543,0.04285515,-1.016183,0.5084848,-0.5039802,0.4949152,0.4924491,
1,3,8.247,-0.2484543,0.04285515,-1.016183,0.5084848,-0.5039802,0.4949152,0.4924491,
1,3,8.249,-0.2484543,0.04285515,-1.016183,0.5084848,-0.5039802,0.4949152,0.4924491,
1,3,8.251,-0.2484515,0.04286152,-1.016183,0.5084741,-0.5039715,0.4949248,0.4924595,
1,3,8.253,-0.2484515,0.04286152,-1.016183,0.5084741,-0.5039715,0.4949248,0.4924595,
1,3,8.255,-0.2484515,0.04286152,-1.016183,0.5084741,-0.5039715,0.4949248,0.4924595,
1,3,8.257,-0.2484515,0.04286152,-1.016183,0.5084741,-0.5039715,0.4949248,0.4924595,
1,3,8.259,-0.2484521,0.04285666,-1.016178,0.5085039,-0.5039919,0.4949021,0.4924307,
1,3,8.261,-0.2484521,0.04285666,-1.016178,0.5085039,-0.5039919,0.4949021,0.4924307,
1,3,8.263,-0.2484521,0.04285666,-1.016178,0.5085039,-0.5039919,0.4949021,0.4924307,
1,3,8.265,-0.2484521,0.04285666,-1.016178,0.5085039,-0.5039919,0.4949021,0.4924307,
1,3,8.267,-0.2484521,0.04285666,-1.016178,0.5085039,-0.5039919,0.4949021,0.4924307,
1,3,8.269,-0.2484524,0.04287224,-1.016183,0.5084904,-0.5039749,0.4949096,0.4924545,
1,3,8.271,-0.2484524,0.04287224,-1.016183,0.5084904,-0.5039749,0.4949096,0.4924545,
1,3,8.273,-0.2484524,0.04287224,-1.016183,0.5084904,-0.5039749,0.4949096,0.4924545,
1,3,8.275,-0.2484524,0.04287224,-1.016183,0.5084904,-0.5039749,0.4949096,0.4924545,
1,3,8.277,-0.2484475,0.04286705,-1.016186,0.5084865,-0.503966,0.4949109,0.4924663,
1,3,8.279,-0.2484475,0.04286705,-1.016186,0.5084865,-0.503966,0.4949109,0.4924663,
1,3,8.281,-0.2484475,0.04286705,-1.016186,0.5084865,-0.503966,0.4949109,0.4924663,
1,3,8.283,-0.2484475,0.04286705,-1.016186,0.5084865,-0.503966,0.4949109,0.4924663,
1,3,8.285,-0.2484529,0.04287444,-1.016189,0.5084894,-0.5039486,0.4949161,0.4924758,
1,3,8.287,-0.2484529,0.04287444,-1.016189,0.5084894,-0.5039486,0.4949161,0.4924758,
1,3,8.289,-0.2484529,0.04287444,-1.016189,0.5084894,-0.5039486,0.4949161,0.4924758,
1,3,8.291,-0.2484529,0.04287444,-1.016189,0.5084894,-0.5039486,0.4949161,0.4924758,
1,3,8.293,-0.2484537,0.04286789,-1.016189,0.508492,-0.5039418,0.4949289,0.4924673,
1,3,8.295,-0.2484537,0.04286789,-1.016189,0.508492,-0.5039418,0.4949289,0.4924673,
1,3,8.297,-0.2484537,0.04286789,-1.016189,0.508492,-0.5039418,0.4949289,0.4924673,
1,3,8.299,-0.2484537,0.04286789,-1.016189,0.508492,-0.5039418,0.4949289,0.4924673,
1,3,8.301,-0.2484521,0.04286693,-1.016188,0.5085033,-0.5039409,0.4949471,0.4924382,
1,3,8.303,-0.2484521,0.04286693,-1.016188,0.5085033,-0.5039409,0.4949471,0.4924382,
1,3,8.305,-0.2484521,0.04286693,-1.016188,0.5085033,-0.5039409,0.4949471,0.4924382,
1,3,8.307,-0.2484521,0.04286693,-1.016188,0.5085033,-0.5039409,0.4949471,0.4924382,
1,3,8.309,-0.248444,0.04286934,-1.016182,0.5085135,-0.5039374,0.4949209,0.4924575,
1,3,8.311,-0.248444,0.04286934,-1.016182,0.5085135,-0.5039374,0.4949209,0.4924575,
1,3,8.313,-0.248444,0.04286934,-1.016182,0.5085135,-0.5039374,0.4949209,0.4924575,
1,3,8.315,-0.248444,0.04286934,-1.016182,0.5085135,-0.5039374,0.4949209,0.4924575,
1,3,8.317,-0.248444,0.04286934,-1.016182,0.5085135,-0.5039374,0.4949209,0.4924575,
1,3,8.319,-0.2484446,0.04286325,-1.016178,0.5085204,-0.5039365,0.4949238,0.4924485,
1,3,8.321,-0.2484446,0.04286325,-1.016178,0.5085204,-0.5039365,0.4949238,0.4924485,
1,3,8.323,-0.2484446,0.04286325,-1.016178,0.5085204,-0.5039365,0.4949238,0.4924485,
1,3,8.325,-0.2484446,0.04286325,-1.016178,0.5085204,-0.5039365,0.4949238,0.4924485,
1,3,8.327,-0.2484539,0.04285858,-1.016177,0.5085134,-0.5039411,0.4949209,0.4924539,
1,3,8.329,-0.2484539,0.04285858,-1.016177,0.5085134,-0.5039411,0.4949209,0.4924539,
1,3,8.331,-0.2484539,0.04285858,-1.016177,0.5085134,-0.5039411,0.4949209,0.4924539,
1,3,8.333,-0.2484539,0.04285858,-1.016177,0.5085134,-0.5039411,0.4949209,0.4924539,
1,3,8.335,-0.248449,0.04286975,-1.016181,0.5085018,-0.5039416,0.4949249,0.4924614,
1,3,8.337,-0.248449,0.04286975,-1.016181,0.5085018,-0.5039416,0.4949249,0.4924614,
1,3,8.339,-0.248449,0.04286975,-1.016181,0.5085018,-0.5039416,0.4949249,0.4924614,
1,3,8.341,-0.248449,0.04286975,-1.016181,0.5085018,-0.5039416,0.4949249,0.4924614,
1,3,8.343,-0.2484556,0.04287079,-1.016181,0.508512,-0.5039502,0.494916,0.492451,
1,3,8.345,-0.2484556,0.04287079,-1.016181,0.508512,-0.5039502,0.494916,0.492451,
1,3,8.347,-0.2484556,0.04287079,-1.016181,0.508512,-0.5039502,0.494916,0.492451,
1,3,8.349,-0.2484556,0.04287079,-1.016181,0.508512,-0.5039502,0.494916,0.492451,
1,3,8.351,-0.2484449,0.04287247,-1.01619,0.5084802,-0.5039489,0.4949299,0.4924711,
1,3,8.353,-0.2484449,0.04287247,-1.01619,0.5084802,-0.5039489,0.4949299,0.4924711,
1,3,8.355,-0.2484449,0.04287247,-1.01619,0.5084802,-0.5039489,0.4949299,0.4924711,
1,3,8.357,-0.2484449,0.04287247,-1.01619,0.5084802,-0.5039489,0.4949299,0.4924711,
1,3,8.359,-0.2484429,0.04286455,-1.016181,0.5084852,-0.5039532,0.4949183,0.4924732,
1,3,8.361,-0.2484429,0.04286455,-1.016181,0.5084852,-0.5039532,0.4949183,0.4924732,
1,3,8.363,-0.2484429,0.04286455,-1.016181,0.5084852,-0.5039532,0.4949183,0.4924732,
1,3,8.365,-0.2484429,0.04286455,-1.016181,0.5084852,-0.5039532,0.4949183,0.4924732,
1,3,8.367,-0.2484429,0.04286455,-1.016181,0.5084852,-0.5039532,0.4949183,0.4924732,
1,3,8.369,-0.2484536,0.04286732,-1.016186,0.5084818,-0.5039582,0.4949162,0.4924738,
1,3,8.371,-0.2484536,0.04286732,-1.016186,0.5084818,-0.5039582,0.4949162,0.4924738,
1,3,8.373,-0.2484536,0.04286732,-1.016186,0.5084818,-0.5039582,0.4949162,0.4924738,
1,3,8.375,-0.2484536,0.04286732,-1.016186,0.5084818,-0.5039582,0.4949162,0.4924738,
1,3,8.377,-0.2484527,0.04286709,-1.016187,0.5084854,-0.5039845,0.4949001,0.4924593,
1,3,8.379,-0.2484527,0.04286709,-1.016187,0.5084854,-0.5039845,0.4949001,0.4924593,
1,3,8.381,-0.2484527,0.04286709,-1.016187,0.5084854,-0.5039845,0.4949001,0.4924593,
1,3,8.383,-0.2484527,0.04286709,-1.016187,0.5084854,-0.5039845,0.4949001,0.4924593,
1,3,8.385,-0.2484382,0.04286275,-1.016182,0.5085074,-0.503967,0.4948975,0.4924571,
1,3,8.387,-0.2484382,0.04286275,-1.016182,0.5085074,-0.503967,0.4948975,0.4924571,
1,3,8.389,-0.2484382,0.04286275,-1.016182,0.5085074,-0.503967,0.4948975,0.4924571,
1,3,8.391,-0.2484382,0.04286275,-1.016182,0.5085074,-0.503967,0.4948975,0.4924571,
1,3,8.393,-0.2484444,0.04286088,-1.016187,0.5085102,-0.5039786,0.4948888,0.492451,
1,3,8.395,-0.2484444,0.04286088,-1.016187,0.5085102,-0.5039786,0.4948888,0.492451,
1,3,8.397,-0.2484444,0.04286088,-1.016187,0.5085102,-0.5039786,0.4948888,0.492451,
1,3,8.399,-0.2484444,0.04286088,-1.016187,0.5085102,-0.5039786,0.4948888,0.492451,
1,3,8.401,-0.248448,0.0428655,-1.016186,0.5084975,-0.5039518,0.4949308,0.4924494,
1,3,8.403,-0.248448,0.0428655,-1.016186,0.5084975,-0.5039518,0.4949308,0.4924494,
1,3,8.405,-0.248448,0.0428655,-1.016186,0.5084975,-0.5039518,0.4949308,0.4924494,
1,3,8.407,-0.248448,0.0428655,-1.016186,0.5084975,-0.5039518,0.4949308,0.4924494,
1,3,8.409,-0.2484541,0.04286387,-1.016192,0.5085089,-0.5039358,0.4949347,0.49245,
1,3,8.411,-0.2484541,0.04286387,-1.016192,0.5085089,-0.5039358,0.4949347,0.49245,
1,3,8.413,-0.2484541,0.04286387,-1.016192,0.5085089,-0.5039358,0.4949347,0.49245,
1,3,8.415,-0.2484541,0.04286387,-1.016192,0.5085089,-0.5039358,0.4949347,0.49245,
1,3,8.417,-0.2484541,0.04286387,-1.016192,0.5085089,-0.5039358,0.4949347,0.49245,
1,3,8.419,-0.2484505,0.04286985,-1.01619,0.508494,-0.5039572,0.4949291,0.4924493,
1,3,8.421,-0.2484505,0.04286985,-1.01619,0.508494,-0.5039572,0.4949291,0.4924493,
1,3,8.423,-0.2484505,0.04286985,-1.01619,0.508494,-0.5039572,0.4949291,0.4924493,
1,3,8.425,-0.2484505,0.04286985,-1.01619,0.508494,-0.5039572,0.4949291,0.4924493,
1,3,8.427,-0.2484609,0.04286744,-1.016183,0.5084968,-0.5039703,0.4949209,0.4924411,
1,3,8.429,-0.2484609,0.04286744,-1.016183,0.5084968,-0.5039703,0.4949209,0.4924411,
1,3,8.431,-0.2484609,0.04286744,-1.016183,0.5084968,-0.5039703,0.4949209,0.4924411,
1,3,8.433,-0.2484609,0.04286744,-1.016183,0.5084968,-0.5039703,0.4949209,0.4924411,
1,3,8.435,-0.2484465,0.04287677,-1.016175,0.5084938,-0.5039403,0.4949262,0.4924698,
1,3,8.437,-0.2484465,0.04287677,-1.016175,0.5084938,-0.5039403,0.4949262,0.4924698,
1,3,8.439,-0.2484465,0.04287677,-1.016175,0.5084938,-0.5039403,0.4949262,0.4924698,
1,3,8.441,-0.2484465,0.04287677,-1.016175,0.5084938,-0.5039403,0.4949262,0.4924698,
1,3,8.443,-0.2484422,0.04286546,-1.016169,0.508501,-0.503928,0.4949352,0.4924659,
1,3,8.445,-0.2484422,0.04286546,-1.016169,0.508501,-0.503928,0.4949352,0.4924659,
1,3,8.447,-0.2484422,0.04286546,-1.016169,0.508501,-0.503928,0.4949352,0.4924659,
1,3,8.449,-0.2484422,0.04286546,-1.016169,0.508501,-0.503928,0.4949352,0.4924659,
1,3,8.451,-0.2484434,0.04287404,-1.016178,0.5084684,-0.5039418,0.4949359,0.4924846,
1,3,8.453,-0.2484434,0.04287404,-1.016178,0.5084684,-0.5039418,0.4949359,0.4924846,
1,3,8.455,-0.2484434,0.04287404,-1.016178,0.5084684,-0.5039418,0.4949359,0.4924846,
1,3,8.457,-0.2484434,0.04287404,-1.016178,0.5084684,-0.5039418,0.4949359,0.4924846,
1,3,8.459,-0.2484521,0.0428745,-1.016194,0.5084717,-0.5039478,0.4949202,0.4924908,
1,3,8.461,-0.2484521,0.0428745,-1.016194,0.5084717,-0.5039478,0.4949202,0.4924908,
1,3,8.463,-0.2484521,0.0428745,-1.016194,0.5084717,-0.5039478,0.4949202,0.4924908,
1,3,8.465,-0.2484521,0.0428745,-1.016194,0.5084717,-0.5039478,0.4949202,0.4924908,
1,3,8.467,-0.2484521,0.0428745,-1.016194,0.5084717,-0.5039478,0.4949202,0.4924908,
1,3,8.469,-0.2484602,0.04287456,-1.016186,0.5084797,-0.5039411,0.4949257,0.4924839,
1,3,8.471,-0.2484602,0.04287456,-1.016186,0.5084797,-0.5039411,0.4949257,0.4924839,
1,3,8.473,-0.2484602,0.04287456,-1.016186,0.5084797,-0.5039411,0.4949257,0.4924839,
1,3,8.475,-0.2484602,0.04287456,-1.016186,0.5084797,-0.5039411,0.4949257,0.4924839,
1,3,8.477,-0.248459,0.04288056,-1.016186,0.5084166,-0.5039602,0.494947,0.4925081,
1,3,8.479,-0.248459,0.04288056,-1.016186,0.5084166,-0.5039602,0.494947,0.4925081,
1,3,8.481,-0.248459,0.04288056,-1.016186,0.5084166,-0.5039602,0.494947,0.4925081,
1,3,8.483,-0.248459,0.04288056,-1.016186,0.5084166,-0.5039602,0.494947,0.4925081,
1,3,8.485,-0.2484501,0.04287821,-1.016178,0.5084478,-0.5039278,0.4949526,0.4925035,
1,3,8.487,-0.2484501,0.04287821,-1.016178,0.5084478,-0.5039278,0.4949526,0.4925035,
1,3,8.489,-0.2484501,0.04287821,-1.016178,0.5084478,-0.5039278,0.4949526,0.4925035,
1,3,8.491,-0.2484501,0.04287821,-1.016178,0.5084478,-0.5039278,0.4949526,0.4925035,
1,3,8.493,-0.248444,0.04287052,-1.016178,0.5084741,-0.503939,0.4949242,0.4924933,
1,3,8.495,-0.248444,0.04287052,-1.016178,0.5084741,-0.503939,0.4949242,0.4924933,
1,3,8.497,-0.248444,0.04287052,-1.016178,0.5084741,-0.503939,0.4949242,0.4924933,
1,3,8.499,-0.248444,0.04287052,-1.016178,0.5084741,-0.503939,0.4949242,0.4924933,
1,3,8.501,-0.248442,0.04286192,-1.016183,0.5084931,-0.5039207,0.494928,0.4924886,
1,3,8.503,-0.248442,0.04286192,-1.016183,0.5084931,-0.5039207,0.494928,0.4924886,
1,3,8.505,-0.248442,0.04286192,-1.016183,0.5084931,-0.5039207,0.494928,0.4924886,
1,3,8.507,-0.248442,0.04286192,-1.016183,0.5084931,-0.5039207,0.494928,0.4924886,
1,3,8.509,-0.2484375,0.04286382,-1.016191,0.5084979,-0.5039342,0.4949236,0.4924742,
1,3,8.511,-0.2484375,0.04286382,-1.016191,0.5084979,-0.5039342,0.4949236,0.4924742,
1,3,8.513,-0.2484375,0.04286382,-1.016191,0.5084979,-0.5039342,0.4949236,0.4924742,
1,3,8.515,-0.2484375,0.04286382,-1.016191,0.5084979,-0.5039342,0.4949236,0.4924742,
1,3,8.517,-0.2484375,0.04286382,-1.016191,0.5084979,-0.5039342,0.4949236,0.4924742,
1,3,8.519,-0.2484509,0.04286257,-1.016198,0.5084928,-0.5039256,0.4949404,0.4924715,
1,3,8.521,-0.2484509,0.04286257,-1.016198,0.5084928,-0.5039256,0.4949404,0.4924715,
1,3,8.523,-0.2484509,0.04286257,-1.016198,0.5084928,-0.5039256,0.4949404,0.4924715,
1,3,8.525,-0.2484509,0.04286257,-1.016198,0.5084928,-0.5039256,0.4949404,0.4924715,
1,3,8.527,-0.2484493,0.04287773,-1.016197,0.5084872,-0.5039372,0.494938,0.492468,
1,3,8.529,-0.2484493,0.04287773,-1.016197,0.5084872,-0.5039372,0.494938,0.492468,
1,3,8.531,-0.2484493,0.04287773,-1.016197,0.5084872,-0.5039372,0.494938,0.492468,
1,3,8.533,-0.2484493,0.04287773,-1.016197,0.5084872,-0.5039372,0.494938,0.492468,
1,3,8.535,-0.2484483,0.04286898,-1.016205,0.5084745,-0.5039483,0.4949287,0.4924788,
1,3,8.537,-0.2484483,0.04286898,-1.016205,0.5084745,-0.5039483,0.4949287,0.4924788,
1,3,8.539,-0.2484483,0.04286898,-1.016205,0.5084745,-0.5039483,0.4949287,0.4924788,
1,3,8.541,-0.2484483,0.04286898,-1.016205,0.5084745,-0.5039483,0.4949287,0.4924788,
1,3,8.543,-0.2484491,0.04287322,-1.016203,0.5084862,-0.5039375,0.4949273,0.4924793,
1,3,8.545,-0.2484491,0.04287322,-1.016203,0.5084862,-0.5039375,0.4949273,0.4924793,
1,3,8.547,-0.2484491,0.04287322,-1.016203,0.5084862,-0.5039375,0.4949273,0.4924793,
1,3,8.549,-0.2484491,0.04287322,-1.016203,0.5084862,-0.5039375,0.4949273,0.4924793,
1,3,8.551,-0.2484361,0.04286716,-1.016204,0.5084984,-0.5039249,0.4949288,0.4924779,
1,3,8.553,-0.2484361,0.04286716,-1.016204,0.5084984,-0.5039249,0.4949288,0.4924779,
1,3,8.555,-0.2484361,0.04286716,-1.016204,0.5084984,-0.5039249,0.4949288,0.4924779,
1,3,8.557,-0.2484361,0.04286716,-1.016204,0.5084984,-0.5039249,0.4949288,0.4924779,
1,3,8.559,-0.2484557,0.04287049,-1.016206,0.5085014,-0.5039449,0.4949054,0.4924781,
1,3,8.561,-0.2484557,0.04287049,-1.016206,0.5085014,-0.5039449,0.4949054,0.4924781,
1,3,8.563,-0.2484557,0.04287049,-1.016206,0.5085014,-0.5039449,0.4949054,0.4924781,
1,3,8.565,-0.2484557,0.04287049,-1.016206,0.5085014,-0.5039449,0.4949054,0.4924781,
1,3,8.567,-0.2484557,0.04287049,-1.016206,0.5085014,-0.5039449,0.4949054,0.4924781,
1,3,8.569,-0.248453,0.0428695,-1.01621,0.5085086,-0.5039476,0.4948953,0.492478,
1,3,8.571,-0.248453,0.0428695,-1.01621,0.5085086,-0.5039476,0.4948953,0.492478,
1,3,8.573,-0.248453,0.0428695,-1.01621,0.5085086,-0.5039476,0.4948953,0.492478,
1,3,8.575,-0.248453,0.0428695,-1.01621,0.5085086,-0.5039476,0.4948953,0.492478,
1,3,8.577,-0.2484517,0.04287885,-1.016199,0.5085099,-0.5039412,0.4948939,0.4924845,
1,3,8.579,-0.2484517,0.04287885,-1.016199,0.5085099,-0.5039412,0.4948939,0.4924845,
1,3,8.581,-0.2484517,0.04287885,-1.016199,0.5085099,-0.5039412,0.4948939,0.4924845,
1,3,8.583,-0.2484517,0.04287885,-1.016199,0.5085099,-0.5039412,0.4948939,0.4924845,
1,3,8.585,-0.2484471,0.04287264,-1.016207,0.5085295,-0.5039271,0.4949039,0.4924687,
1,3,8.587,-0.2484471,0.04287264,-1.016207,0.5085295,-0.5039271,0.4949039,0.4924687,
1,3,8.589,-0.2484471,0.04287264,-1.016207,0.5085295,-0.5039271,0.4949039,0.4924687,
1,3,8.591,-0.2484471,0.04287264,-1.016207,0.5085295,-0.5039271,0.4949039,0.4924687,
1,3,8.593,-0.2484564,0.04287251,-1.016202,0.5085369,-0.5039317,0.4948966,0.4924636,
1,3,8.595,-0.2484564,0.04287251,-1.016202,0.5085369,-0.5039317,0.4948966,0.4924636,
1,3,8.597,-0.2484564,0.04287251,-1.016202,0.5085369,-0.5039317,0.4948966,0.4924636,
1,3,8.599,-0.2484564,0.04287251,-1.016202,0.5085369,-0.5039317,0.4948966,0.4924636,
1,3,8.601,-0.2484479,0.04288273,-1.016206,0.5084966,-0.5039351,0.4949162,0.4924821,
1,3,8.603,-0.2484479,0.04288273,-1.016206,0.5084966,-0.5039351,0.4949162,0.4924821,
1,3,8.605,-0.2484479,0.04288273,-1.016206,0.5084966,-0.5039351,0.4949162,0.4924821,
1,3,8.607,-0.2484479,0.04288273,-1.016206,0.5084966,-0.5039351,0.4949162,0.4924821,
1,3,8.609,-0.248466,0.04288562,-1.016201,0.5085049,-0.5039298,0.4949081,0.4924872,
1,3,8.611,-0.248466,0.04288562,-1.016201,0.5085049,-0.5039298,0.4949081,0.4924872,
1,3,8.613,-0.248466,0.04288562,-1.016201,0.5085049,-0.5039298,0.4949081,0.4924872,
1,3,8.615,-0.248466,0.04288562,-1.016201,0.5085049,-0.5039298,0.4949081,0.4924872,
1,3,8.617,-0.248466,0.04288562,-1.016201,0.5085049,-0.5039298,0.4949081,0.4924872,
1,3,8.619,-0.2484687,0.04287522,-1.016198,0.5085069,-0.5039384,0.4949042,0.4924801,
1,3,8.621,-0.2484687,0.04287522,-1.016198,0.5085069,-0.5039384,0.4949042,0.4924801,
1,3,8.623,-0.2484687,0.04287522,-1.016198,0.5085069,-0.5039384,0.4949042,0.4924801,
1,3,8.625,-0.2484687,0.04287522,-1.016198,0.5085069,-0.5039384,0.4949042,0.4924801,
1,3,8.627,-0.2484688,0.04287447,-1.016201,0.5085104,-0.5039295,0.494918,0.492472,
1,3,8.629,-0.2484688,0.04287447,-1.016201,0.5085104,-0.5039295,0.494918,0.492472,
1,3,8.631,-0.2484688,0.04287447,-1.016201,0.5085104,-0.5039295,0.494918,0.492472,
1,3,8.633,-0.2484688,0.04287447,-1.016201,0.5085104,-0.5039295,0.494918,0.492472,
1,3,8.635,-0.2484623,0.04288022,-1.016196,0.508505,-0.5039293,0.4949277,0.4924679,
1,3,8.637,-0.2484623,0.04288022,-1.016196,0.508505,-0.5039293,0.4949277,0.4924679,
1,3,8.639,-0.2484623,0.04288022,-1.016196,0.508505,-0.5039293,0.4949277,0.4924679,
1,3,8.641,-0.2484623,0.04288022,-1.016196,0.508505,-0.5039293,0.4949277,0.4924679,
1,3,8.643,-0.2484562,0.0428837,-1.016191,0.5084972,-0.5039182,0.4949274,0.4924875,
1,3,8.645,-0.2484562,0.0428837,-1.016191,0.5084972,-0.5039182,0.4949274,0.4924875,
1,3,8.647,-0.2484562,0.0428837,-1.016191,0.5084972,-0.5039182,0.4949274,0.4924875,
1,3,8.649,-0.2484562,0.0428837,-1.016191,0.5084972,-0.5039182,0.4949274,0.4924875,
1,3,8.651,-0.2484422,0.04287538,-1.016194,0.508498,-0.5039291,0.4949375,0.4924653,
1,3,8.653,-0.2484422,0.04287538,-1.016194,0.508498,-0.5039291,0.4949375,0.4924653,
1,3,8.655,-0.2484422,0.04287538,-1.016194,0.508498,-0.5039291,0.4949375,0.4924653,
1,3,8.657,-0.2484422,0.04287538,-1.016194,0.508498,-0.5039291,0.4949375,0.4924653,
1,3,8.659,-0.2484556,0.04286696,-1.016199,0.5084805,-0.5039212,0.494941,0.492488,
1,3,8.661,-0.2484556,0.04286696,-1.016199,0.5084805,-0.5039212,0.494941,0.492488,
1,3,8.663,-0.2484556,0.04286696,-1.016199,0.5084805,-0.5039212,0.494941,0.492488,
1,3,8.665,-0.2484556,0.04286696,-1.016199,0.5084805,-0.5039212,0.494941,0.492488,
1,3,8.667,-0.2484556,0.04286696,-1.016199,0.5084805,-0.5039212,0.494941,0.492488,
1,3,8.669,-0.2484617,0.042893,-1.016183,0.5084791,-0.5039141,0.4949282,0.4925096,
1,3,8.671,-0.2484617,0.042893,-1.016183,0.5084791,-0.5039141,0.4949282,0.4925096,
1,3,8.673,-0.2484617,0.042893,-1.016183,0.5084791,-0.5039141,0.4949282,0.4925096,
1,3,8.675,-0.2484617,0.042893,-1.016183,0.5084791,-0.5039141,0.4949282,0.4925096,
1,3,8.677,-0.2484505,0.04288195,-1.016196,0.5084933,-0.5039169,0.49492,0.4925004,
1,3,8.679,-0.2484505,0.04288195,-1.016196,0.5084933,-0.5039169,0.49492,0.4925004,
1,3,8.681,-0.2484505,0.04288195,-1.016196,0.5084933,-0.5039169,0.49492,0.4925004,
1,3,8.683,-0.2484505,0.04288195,-1.016196,0.5084933,-0.5039169,0.49492,0.4925004,
1,3,8.685,-0.2484543,0.04288562,-1.016198,0.5084751,-0.5039447,0.4949271,0.4924835,
1,3,8.687,-0.2484543,0.04288562,-1.016198,0.5084751,-0.5039447,0.4949271,0.4924835,
1,3,8.689,-0.2484543,0.04288562,-1.016198,0.5084751,-0.5039447,0.4949271,0.4924835,
1,3,8.691,-0.2484543,0.04288562,-1.016198,0.5084751,-0.5039447,0.4949271,0.4924835,
1,3,8.693,-0.248455,0.04287448,-1.016193,0.5084758,-0.5039503,0.4949226,0.4924817,
1,3,8.695,-0.248455,0.04287448,-1.016193,0.5084758,-0.5039503,0.4949226,0.4924817,
1,3,8.697,-0.248455,0.04287448,-1.016193,0.5084758,-0.5039503,0.4949226,0.4924817,
1,3,8.699,-0.248455,0.04287448,-1.016193,0.5084758,-0.5039503,0.4949226,0.4924817,
1,3,8.701,-0.2484508,0.04288102,-1.016195,0.5084372,-0.5039541,0.4949379,0.4925023,
1,3,8.703,-0.2484508,0.04288102,-1.016195,0.5084372,-0.5039541,0.4949379,0.4925023,
1,3,8.705,-0.2484508,0.04288102,-1.016195,0.5084372,-0.5039541,0.4949379,0.4925023,
1,3,8.707,-0.2484508,0.04288102,-1.016195,0.5084372,-0.5039541,0.4949379,0.4925023,
1,3,8.709,-0.2484535,0.04288641,-1.016205,0.5084434,-0.5039397,0.4949295,0.4925189,
1,3,8.711,-0.2484535,0.04288641,-1.016205,0.5084434,-0.5039397,0.4949295,0.4925189,
1,3,8.713,-0.2484535,0.04288641,-1.016205,0.5084434,-0.5039397,0.4949295,0.4925189,
1,3,8.715,-0.2484535,0.04288641,-1.016205,0.5084434,-0.5039397,0.4949295,0.4925189,
1,3,8.717,-0.2484535,0.04288641,-1.016205,0.5084434,-0.5039397,0.4949295,0.4925189,
1,3,8.719,-0.2484457,0.04288195,-1.016188,0.5084733,-0.5039292,0.4949452,0.4924832,
1,3,8.721,-0.2484457,0.04288195,-1.016188,0.5084733,-0.5039292,0.4949452,0.4924832,
1,3,8.723,-0.2484457,0.04288195,-1.016188,0.5084733,-0.5039292,0.4949452,0.4924832,
1,3,8.725,-0.2484457,0.04288195,-1.016188,0.5084733,-0.5039292,0.4949452,0.4924832,
1,3,8.727,-0.2484456,0.04287521,-1.016179,0.5084821,-0.5039407,0.4949371,0.4924704,
1,3,8.729,-0.2484456,0.04287521,-1.016179,0.5084821,-0.5039407,0.4949371,0.4924704,
1,3,8.731,-0.2484456,0.04287521,-1.016179,0.5084821,-0.5039407,0.4949371,0.4924704,
1,3,8.733,-0.2484456,0.04287521,-1.016179,0.5084821,-0.5039407,0.4949371,0.4924704,
1,3,8.735,-0.2484556,0.0428821,-1.016185,0.5084563,-0.5039151,0.4949501,0.4925102,
1,3,8.737,-0.2484556,0.0428821,-1.016185,0.5084563,-0.5039151,0.4949501,0.4925102,
1,3,8.739,-0.2484556,0.0428821,-1.016185,0.5084563,-0.5039151,0.4949501,0.4925102,
1,3,8.741,-0.2484556,0.0428821,-1.016185,0.5084563,-0.5039151,0.4949501,0.4925102,
1,3,8.743,-0.2484552,0.0428779,-1.016191,0.5084653,-0.5039178,0.4949337,0.4925146,
1,3,8.745,-0.2484552,0.0428779,-1.016191,0.5084653,-0.5039178,0.4949337,0.4925146,
1,3,8.747,-0.2484552,0.0428779,-1.016191,0.5084653,-0.5039178,0.4949337,0.4925146,
1,3,8.749,-0.2484552,0.0428779,-1.016191,0.5084653,-0.5039178,0.4949337,0.4925146,
1,3,8.751,-0.2484637,0.04287411,-1.016185,0.5084603,-0.5039287,0.4949297,0.4925128,
1,3,8.753,-0.2484637,0.04287411,-1.016185,0.5084603,-0.5039287,0.4949297,0.4925128,
1,3,8.755,-0.2484637,0.04287411,-1.016185,0.5084603,-0.5039287,0.4949297,0.4925128,CourtEnter
1,3,8.757,-0.2484637,0.04287411,-1.016185,0.5084603,-0.5039287,0.4949297,0.4925128,
1,3,8.759,-0.2484401,0.04288575,-1.016172,0.5084636,-0.5039397,0.4949181,0.4925095,
1,3,8.761,-0.2484401,0.04288575,-1.016172,0.5084636,-0.5039397,0.4949181,0.4925095,
1,3,8.763,-0.2484401,0.04288575,-1.016172,0.5084636,-0.5039397,0.4949181,0.4925095,
1,3,8.765,-0.2484401,0.04288575,-1.016172,0.5084636,-0.5039397,0.4949181,0.4925095,
1,3,8.767,-0.2484401,0.04288575,-1.016172,0.5084636,-0.5039397,0.4949181,0.4925095,CourtExit
1,3,8.769,-0.2484387,0.04288043,-1.016179,0.5084825,-0.5039304,0.4949137,0.492504,
1,3,8.771,-0.2484387,0.04288043,-1.016179,0.5084825,-0.5039304,0.4949137,0.492504,
1,3,8.773,-0.2484387,0.04288043,-1.016179,0.5084825,-0.5039304,0.4949137,0.492504,
1,3,8.775,-0.2484387,0.04288043,-1.016179,0.5084825,-0.5039304,0.4949137,0.492504,
1,3,8.777,-0.2484615,0.04288043,-1.016189,0.5084702,-0.5039176,0.4949367,0.4925066,
1,3,8.779,-0.2484615,0.04288043,-1.016189,0.5084702,-0.5039176,0.4949367,0.4925066,
1,3,8.781,-0.2484615,0.04288043,-1.016189,0.5084702,-0.5039176,0.4949367,0.4925066,
1,3,8.783,-0.2484615,0.04288043,-1.016189,0.5084702,-0.5039176,0.4949367,0.4925066,
1,3,8.785,-0.2484449,0.04288429,-1.016189,0.5084345,-0.5039657,0.4949202,0.4925109,
1,3,8.787,-0.2484449,0.04288429,-1.016189,0.5084345,-0.5039657,0.4949202,0.4925109,
1,3,8.789,-0.2484449,0.04288429,-1.016189,0.5084345,-0.5039657,0.4949202,0.4925109,
1,3,8.791,-0.2484449,0.04288429,-1.016189,0.5084345,-0.5039657,0.4949202,0.4925109,
1,3,8.793,-0.2484525,0.04287031,-1.016177,0.5084483,-0.5039493,0.4949326,0.492501,
1,3,8.795,-0.2484525,0.04287031,-1.016177,0.5084483,-0.5039493,0.4949326,0.492501,
1,3,8.797,-0.2484525,0.04287031,-1.016177,0.5084483,-0.5039493,0.4949326,0.492501,
1,3,8.799,-0.2484525,0.04287031,-1.016177,0.5084483,-0.5039493,0.4949326,0.492501,
1,3,8.801,-0.2484622,0.04287457,-1.016179,0.5084553,-0.5039387,0.494936,0.4925011,
1,3,8.803,-0.2484622,0.04287457,-1.016179,0.5084553,-0.5039387,0.494936,0.4925011,
1,3,8.805,-0.2484622,0.04287457,-1.016179,0.5084553,-0.5039387,0.494936,0.4925011,
1,3,8.807,-0.2484622,0.04287457,-1.016179,0.5084553,-0.5039387,0.494936,0.4925011,
1,3,8.809,-0.2484572,0.04288403,-1.016183,0.5084559,-0.5039221,0.4949557,0.4924976,
1,3,8.811,-0.2484572,0.04288403,-1.016183,0.5084559,-0.5039221,0.4949557,0.4924976,
1,3,8.813,-0.2484572,0.04288403,-1.016183,0.5084559,-0.5039221,0.4949557,0.4924976,
1,3,8.815,-0.2484572,0.04288403,-1.016183,0.5084559,-0.5039221,0.4949557,0.4924976,
1,3,8.817,-0.2484572,0.04288403,-1.016183,0.5084559,-0.5039221,0.4949557,0.4924976,
1,3,8.819,-0.2484516,0.0428811,-1.016188,0.5084637,-0.5039274,0.4949511,0.492489,
1,3,8.821,-0.2484516,0.0428811,-1.016188,0.5084637,-0.5039274,0.4949511,0.492489,
1,3,8.823,-0.2484516,0.0428811,-1.016188,0.5084637,-0.5039274,0.4949511,0.492489,
1,3,8.825,-0.2484516,0.0428811,-1.016188,0.5084637,-0.5039274,0.4949511,0.492489,
1,3,8.827,-0.2484555,0.04288818,-1.016188,0.5084571,-0.5039117,0.4949456,0.4925173,
1,3,8.829,-0.2484555,0.04288818,-1.016188,0.5084571,-0.5039117,0.4949456,0.4925173,
1,3,8.831,-0.2484555,0.04288818,-1.016188,0.5084571,-0.5039117,0.4949456,0.4925173,
1,3,8.833,-0.2484555,0.04288818,-1.016188,0.5084571,-0.5039117,0.4949456,0.4925173,
1,3,8.835,-0.2484633,0.04288268,-1.01619,0.5084706,-0.5039254,0.4949467,0.4924884,
1,3,8.837,-0.2484633,0.04288268,-1.01619,0.5084706,-0.5039254,0.4949467,0.4924884,
1,3,8.839,-0.2484633,0.04288268,-1.01619,0.5084706,-0.5039254,0.4949467,0.4924884,
1,3,8.841,-0.2484633,0.04288268,-1.01619,0.5084706,-0.5039254,0.4949467,0.4924884,
1,3,8.843,-0.2484666,0.04288684,-1.016187,0.5084518,-0.5039271,0.4949592,0.4924933,
1,3,8.845,-0.2484666,0.04288684,-1.016187,0.5084518,-0.5039271,0.4949592,0.4924933,
1,3,8.847,-0.2484666,0.04288684,-1.016187,0.5084518,-0.5039271,0.4949592,0.4924933,
1,3,8.849,-0.2484666,0.04288684,-1.016187,0.5084518,-0.5039271,0.4949592,0.4924933,
1,3,8.851,-0.2484703,0.04289538,-1.016183,0.5084272,-0.503938,0.4949615,0.4925055,
1,3,8.853,-0.2484703,0.04289538,-1.016183,0.5084272,-0.503938,0.4949615,0.4925055,
1,3,8.855,-0.2484703,0.04289538,-1.016183,0.5084272,-0.503938,0.4949615,0.4925055,
1,3,8.857,-0.2484703,0.04289538,-1.016183,0.5084272,-0.503938,0.4949615,0.4925055,
1,3,8.859,-0.2484579,0.04289725,-1.016188,0.5084129,-0.5039676,0.494934,0.4925174,
1,3,8.861,-0.2484579,0.04289725,-1.016188,0.5084129,-0.5039676,0.494934,0.4925174,
1,3,8.863,-0.2484579,0.04289725,-1.016188,0.5084129,-0.5039676,0.494934,0.4925174,
1,3,8.865,-0.2484579,0.04289725,-1.016188,0.5084129,-0.5039676,0.494934,0.4925174,
1,3,8.867,-0.2484579,0.04289725,-1.016188,0.5084129,-0.5039676,0.494934,0.4925174,
1,3,8.869,-0.2484451,0.04287669,-1.016189,0.5084609,-0.5039456,0.4949267,0.4924976,
1,3,8.871,-0.2484451,0.04287669,-1.016189,0.5084609,-0.5039456,0.4949267,0.4924976,
1,3,8.873,-0.2484451,0.04287669,-1.016189,0.5084609,-0.5039456,0.4949267,0.4924976,
1,3,8.875,-0.2484451,0.04287669,-1.016189,0.5084609,-0.5039456,0.4949267,0.4924976,
1,3,8.877,-0.2484439,0.04287639,-1.016179,0.5084782,-0.5039197,0.4949466,0.4924864,
1,3,8.879,-0.2484439,0.04287639,-1.016179,0.5084782,-0.5039197,0.4949466,0.4924864,
1,3,8.881,-0.2484439,0.04287639,-1.016179,0.5084782,-0.5039197,0.4949466,0.4924864,
1,3,8.883,-0.2484439,0.04287639,-1.016179,0.5084782,-0.5039197,0.4949466,0.4924864,
1,3,8.885,-0.2484436,0.04288904,-1.016174,0.5084732,-0.503917,0.4949601,0.4924806,
1,3,8.887,-0.2484436,0.04288904,-1.016174,0.5084732,-0.503917,0.4949601,0.4924806,
1,3,8.889,-0.2484436,0.04288904,-1.016174,0.5084732,-0.503917,0.4949601,0.4924806,
1,3,8.891,-0.2484436,0.04288904,-1.016174,0.5084732,-0.503917,0.4949601,0.4924806,
1,3,8.893,-0.2484528,0.04288248,-1.016184,0.50846,-0.5039203,0.4949617,0.4924893,
1,3,8.895,-0.2484528,0.04288248,-1.016184,0.50846,-0.5039203,0.4949617,0.4924893,
1,3,8.897,-0.2484528,0.04288248,-1.016184,0.50846,-0.5039203,0.4949617,0.4924893,
1,3,8.899,-0.2484528,0.04288248,-1.016184,0.50846,-0.5039203,0.4949617,0.4924893,
1,3,8.901,-0.2484472,0.04287883,-1.01619,0.5084575,-0.5039336,0.4949535,0.4924865,
1,3,8.903,-0.2484472,0.04287883,-1.01619,0.5084575,-0.5039336,0.4949535,0.4924865,
1,3,8.905,-0.2484472,0.04287883,-1.01619,0.5084575,-0.5039336,0.4949535,0.4924865,
1,3,8.907,-0.2484472,0.04287883,-1.01619,0.5084575,-0.5039336,0.4949535,0.4924865,
1,3,8.909,-0.2484521,0.04288457,-1.016188,0.5084702,-0.5039506,0.4949406,0.492469,
1,3,8.911,-0.2484521,0.04288457,-1.016188,0.5084702,-0.5039506,0.4949406,0.492469,
1,3,8.913,-0.2484521,0.04288457,-1.016188,0.5084702,-0.5039506,0.4949406,0.492469,
1,3,8.915,-0.2484521,0.04288457,-1.016188,0.5084702,-0.5039506,0.4949406,0.492469,
1,3,8.917,-0.2484521,0.04288457,-1.016188,0.5084702,-0.5039506,0.4949406,0.492469,
1,3,8.919,-0.2484646,0.04288591,-1.016182,0.5084632,-0.5039533,0.4949403,0.4924737,
1,3,8.921,-0.2484646,0.04288591,-1.016182,0.5084632,-0.5039533,0.4949403,0.4924737,
1,3,8.923,-0.2484646,0.04288591,-1.016182,0.5084632,-0.5039533,0.4949403,0.4924737,
1,3,8.925,-0.2484646,0.04288591,-1.016182,0.5084632,-0.5039533,0.4949403,0.4924737,
1,3,8.927,-0.2484568,0.04288096,-1.016176,0.508468,-0.5039393,0.4949438,0.4924796,
1,3,8.929,-0.2484568,0.04288096,-1.016176,0.508468,-0.5039393,0.4949438,0.4924796,
1,3,8.931,-0.2484568,0.04288096,-1.016176,0.508468,-0.5039393,0.4949438,0.4924796,
1,3,8.933,-0.2484568,0.04288096,-1.016176,0.508468,-0.5039393,0.4949438,0.4924796,
1,3,8.935,-0.2484371,0.04288265,-1.016184,0.5084807,-0.5039065,0.4949645,0.4924794,
1,3,8.937,-0.2484371,0.04288265,-1.016184,0.5084807,-0.5039065,0.4949645,0.4924794,
1,3,8.939,-0.2484371,0.04288265,-1.016184,0.5084807,-0.5039065,0.4949645,0.4924794,
1,3,8.941,-0.2484371,0.04288265,-1.016184,0.5084807,-0.5039065,0.4949645,0.4924794,
1,3,8.943,-0.2484633,0.04288697,-1.016189,0.5084733,-0.5039231,0.494949,0.4924856,
1,3,8.945,-0.2484633,0.04288697,-1.016189,0.5084733,-0.5039231,0.494949,0.4924856,
1,3,8.947,-0.2484633,0.04288697,-1.016189,0.5084733,-0.5039231,0.494949,0.4924856,
1,3,8.949,-0.2484633,0.04288697,-1.016189,0.5084733,-0.5039231,0.494949,0.4924856,
1,3,8.951,-0.2484584,0.04289361,-1.016198,0.5084498,-0.5039086,0.4949859,0.4924875,
1,3,8.953,-0.2484584,0.04289361,-1.016198,0.5084498,-0.5039086,0.4949859,0.4924875,
1,3,8.955,-0.2484584,0.04289361,-1.016198,0.5084498,-0.5039086,0.4949859,0.4924875,
1,3,8.957,-0.2484584,0.04289361,-1.016198,0.5084498,-0.5039086,0.4949859,0.4924875,
1,3,8.959,-0.2484451,0.04288203,-1.016194,0.5084713,-0.5039218,0.4949583,0.4924795,
1,3,8.961,-0.2484451,0.04288203,-1.016194,0.5084713,-0.5039218,0.4949583,0.4924795,
1,3,8.963,-0.2484451,0.04288203,-1.016194,0.5084713,-0.5039218,0.4949583,0.4924795,
1,3,8.965,-0.2484451,0.04288203,-1.016194,0.5084713,-0.5039218,0.4949583,0.4924795,
1,3,8.967,-0.2484451,0.04288203,-1.016194,0.5084713,-0.5039218,0.4949583,0.4924795,
1,3,8.969,-0.248448,0.0428868,-1.016192,0.5084666,-0.5039224,0.4949592,0.4924829,
1,3,8.971,-0.248448,0.0428868,-1.016192,0.5084666,-0.5039224,0.4949592,0.4924829,
1,3,8.973,-0.248448,0.0428868,-1.016192,0.5084666,-0.5039224,0.4949592,0.4924829,
1,3,8.975,-0.248448,0.0428868,-1.016192,0.5084666,-0.5039224,0.4949592,0.4924829,
1,3,8.977,-0.2484446,0.04287298,-1.016182,0.5084556,-0.5039304,0.4949593,0.4924859,
1,3,8.979,-0.2484446,0.04287298,-1.016182,0.5084556,-0.5039304,0.4949593,0.4924859,
1,3,8.981,-0.2484446,0.04287298,-1.016182,0.5084556,-0.5039304,0.4949593,0.4924859,
1,3,8.983,-0.2484446,0.04287298,-1.016182,0.5084556,-0.5039304,0.4949593,0.4924859,
1,3,8.985,-0.2484495,0.04287972,-1.016178,0.5084692,-0.5039486,0.4949255,0.4924871,
1,3,8.987,-0.2484495,0.04287972,-1.016178,0.5084692,-0.5039486,0.4949255,0.4924871,
1,3,8.989,-0.2484495,0.04287972,-1.016178,0.5084692,-0.5039486,0.4949255,0.4924871,
1,3,8.991,-0.2484495,0.04287972,-1.016178,0.5084692,-0.5039486,0.4949255,0.4924871,
1,3,8.993,-0.2484568,0.04286397,-1.016193,0.5084827,-0.5039356,0.4949478,0.4924641,
1,3,8.995,-0.2484568,0.04286397,-1.016193,0.5084827,-0.5039356,0.4949478,0.4924641,
1,3,8.997,-0.2484568,0.04286397,-1.016193,0.5084827,-0.5039356,0.4949478,0.4924641,
1,3,8.999,-0.2484568,0.04286397,-1.016193,0.5084827,-0.5039356,0.4949478,0.4924641,
1,4,9.001,-0.2484598,0.04288462,-1.016188,0.5084525,-0.5039333,0.4949602,0.4924851,TrialStart
1,4,9.003,-0.2484598,0.04288462,-1.016188,0.5084525,-0.5039333,0.4949602,0.4924851,
1,4,9.005,-0.2484598,0.04288462,-1.016188,0.5084525,-0.5039333,0.4949602,0.4924851,
1,4,9.007,-0.2484598,0.04288462,-1.016188,0.5084525,-0.5039333,0.4949602,0.4924851,
1,4,9.009,-0.2484542,0.04288445,-1.016189,0.5084641,-0.5039297,0.4949515,0.4924858,
1,4,9.011,-0.2484542,0.04288445,-1.016189,0.5084641,-0.5039297,0.4949515,0.4924858,
1,4,9.013,-0.2484542,0.04288445,-1.016189,0.5084641,-0.5039297,0.4949515,0.4924858,
1,4,9.015,-0.2484542,0.04288445,-1.016189,0.5084641,-0.5039297,0.4949515,0.4924858,
1,4,9.017,-0.2484542,0.04288445,-1.016189,0.5084641,-0.5039297,0.4949515,0.4924858,
1,4,9.019,-0.2484528,0.04287942,-1.016201,0.5084806,-0.5039445,0.4949154,0.4924899,
1,4,9.021,-0.2484528,0.04287942,-1.016201,0.5084806,-0.5039445,0.4949154,0.4924899,
1,4,9.023,-0.2484528,0.04287942,-1.016201,0.5084806,-0.5039445,0.4949154,0.4924899,
1,4,9.025,-0.2484528,0.04287942,-1.016201,0.5084806,-0.5039445,0.4949154,0.4924899,
1,4,9.027,-0.2484498,0.04287345,-1.016181,0.5084722,-0.5039394,0.4949267,0.4924925,
1,4,9.029,-0.2484498,0.04287345,-1.016181,0.5084722,-0.5039394,0.4949267,0.4924925,
1,4,9.031,-0.2484498,0.04287345,-1.016181,0.5084722,-0.5039394,0.4949267,0.4924925,
1,4,9.033,-0.2484498,0.04287345,-1.016181,0.5084722,-0.5039394,0.4949267,0.4924925,
1,4,9.035,-0.2484519,0.04287216,-1.016196,0.5084794,-0.5039348,0.4949524,0.4924638,
1,4,9.037,-0.2484519,0.04287216,-1.016196,0.5084794,-0.5039348,0.4949524,0.4924638,
1,4,9.039,-0.2484519,0.04287216,-1.016196,0.5084794,-0.5039348,0.4949524,0.4924638,
1,4,9.041,-0.2484519,0.04287216,-1.016196,0.5084794,-0.5039348,0.4949524,0.4924638,
1,4,9.043,-0.2484565,0.04286975,-1.016203,0.5084737,-0.5039498,0.4949332,0.4924737,
1,4,9.045,-0.2484565,0.04286975,-1.016203,0.5084737,-0.5039498,0.4949332,0.4924737,
1,4,9.047,-0.2484565,0.04286975,-1.016203,0.5084737,-0.5039498,0.4949332,0.4924737,
1,4,9.049,-0.2484565,0.04286975,-1.016203,0.5084737,-0.5039498,0.4949332,0.4924737,
1,4,9.051,-0.2484552,0.04287369,-1.01619,0.5084796,-0.5039542,0.4949306,0.4924656,
1,4,9.053,-0.2484552,0.04287369,-1.01619,0.5084796,-0.5039542,0.4949306,0.4924656,
1,4,9.055,-0.2484552,0.04287369,-1.01619,0.5084796,-0.5039542,0.4949306,0.4924656,
1,4,9.057,-0.2484552,0.04287369,-1.01619,0.5084796,-0.5039542,0.4949306,0.4924656,
1,4,9.059,-0.2484529,0.04287534,-1.016184,0.5084752,-0.5039551,0.4949246,0.4924754,
1,4,9.061,-0.2484529,0.04287534,-1.016184,0.5084752,-0.5039551,0.4949246,0.4924754,
1,4,9.063,-0.2484529,0.04287534,-1.016184,0.5084752,-0.5039551,0.4949246,0.4924754,
1,4,9.065,-0.2484529,0.04287534,-1.016184,0.5084752,-0.5039551,0.4949246,0.4924754,
1,4,9.067,-0.2484529,0.04287534,-1.016184,0.5084752,-0.5039551,0.4949246,0.4924754,
1,4,9.069,-0.2484462,0.04287253,-1.016197,0.5084711,-0.5039461,0.4949422,0.4924709,
1,4,9.071,-0.2484462,0.04287253,-1.016197,0.5084711,-0.5039461,0.4949422,0.4924709,
1,4,9.073,-0.2484462,0.04287253,-1.016197,0.5084711,-0.5039461,0.4949422,0.4924709,
1,4,9.075,-0.2484462,0.04287253,-1.016197,0.5084711,-0.5039461,0.4949422,0.4924709,
1,4,9.077,-0.2484465,0.04287733,-1.016192,0.5084874,-0.5039352,0.4949449,0.4924628,
1,4,9.079,-0.2484465,0.04287733,-1.016192,0.5084874,-0.5039352,0.4949449,0.4924628,
1,4,9.081,-0.2484465,0.04287733,-1.016192,0.5084874,-0.5039352,0.4949449,0.4924628,
1,4,9.083,-0.2484465,0.04287733,-1.016192,0.5084874,-0.5039352,0.4949449,0.4924628,
1,4,9.085,-0.2484571,0.04285815,-1.016191,0.5084771,-0.5039593,0.494924,0.4924697,
1,4,9.087,-0.2484571,0.04285815,-1.016191,0.5084771,-0.5039593,0.494924,0.4924697,
1,4,9.089,-0.2484571,0.04285815,-1.016191,0.5084771,-0.5039593,0.494924,0.4924697,
1,4,9.091,-0.2484571,0.04285815,-1.016191,0.5084771,-0.5039593,0.494924,0.4924697,
1,4,9.093,-0.2484558,0.04287895,-1.016193,0.5084558,-0.5039688,0.4949349,0.492471,
1,4,9.095,-0.2484558,0.04287895,-1.016193,0.5084558,-0.5039688,0.4949349,0.492471,
1,4,9.097,-0.2484558,0.04287895,-1.016193,0.5084558,-0.5039688,0.4949349,0.492471,
1,4,9.099,-0.2484558,0.04287895,-1.016193,0.5084558,-0.5039688,0.4949349,0.492471,
1,4,9.101,-0.2484477,0.04287344,-1.016178,0.5084795,-0.5039406,0.4949321,0.4924781,
1,4,9.103,-0.2484477,0.04287344,-1.016178,0.5084795,-0.5039406,0.4949321,0.4924781,
1,4,9.105,-0.2484477,0.04287344,-1.016178,0.5084795,-0.5039406,0.4949321,0.4924781,
1,4,9.107,-0.2484477,0.04287344,-1.016178,0.5084795,-0.5039406,0.4949321,0.4924781,
1,4,9.109,-0.2484614,0.04286783,-1.01618,0.5084713,-0.5039731,0.4949141,0.4924714,
1,4,9.111,-0.2484614,0.04286783,-1.01618,0.5084713,-0.5039731,0.4949141,0.4924714,
1,4,9.113,-0.2484614,0.04286783,-1.01618,0.5084713,-0.5039731,0.4949141,0.4924714,
1,4,9.115,-0.2484614,0.04286783,-1.01618,0.5084713,-0.5039731,0.4949141,0.4924714,
1,4,9.117,-0.2484614,0.04286783,-1.01618,0.5084713,-0.5039731,0.4949141,0.4924714,
1,4,9.119,-0.2484484,0.04287026,-1.016169,0.508486,-0.5039404,0.4949247,0.4924791,
1,4,9.121,-0.2484484,0.04287026,-1.016169,0.508486,-0.5039404,0.4949247,0.4924791,
1,4,9.123,-0.2484484,0.04287026,-1.016169,0.508486,-0.5039404,0.4949247,0.4924791,
1,4,9.125,-0.2484484,0.04287026,-1.016169,0.508486,-0.5039404,0.4949247,0.4924791,
1,4,9.127,-0.2484409,0.04286971,-1.016176,0.5084577,-0.503928,0.4949461,0.4924996,
1,4,9.129,-0.2484409,0.04286971,-1.016176,0.5084577,-0.503928,0.4949461,0.4924996,
1,4,9.131,-0.2484409,0.04286971,-1.016176,0.5084577,-0.503928,0.4949461,0.4924996,
1,4,9.133,-0.2484409,0.04286971,-1.016176,0.5084577,-0.503928,0.4949461,0.4924996,
1,4,9.135,-0.2484491,0.04286965,-1.016185,0.508476,-0.5039347,0.4949415,0.4924783,
1,4,9.137,-0.2484491,0.04286965,-1.016185,0.508476,-0.5039347,0.4949415,0.4924783,
1,4,9.139,-0.2484491,0.04286965,-1.016185,0.508476,-0.5039347,0.4949415,0.4924783,
1,4,9.141,-0.2484491,0.04286965,-1.016185,0.508476,-0.5039347,0.4949415,0.4924783,
1,4,9.143,-0.2484571,0.04285919,-1.016191,0.5084743,-0.5039476,0.4949223,0.4924861,
1,4,9.145,-0.2484571,0.04285919,-1.016191,0.5084743,-0.5039476,0.4949223,0.4924861,
1,4,9.147,-0.2484571,0.04285919,-1.016191,0.5084743,-0.5039476,0.4949223,0.4924861,
1,4,9.149,-0.2484571,0.04285919,-1.016191,0.5084743,-0.5039476,0.4949223,0.4924861,
1,4,9.151,-0.2484436,0.04288071,-1.016199,0.5084804,-0.5039399,0.4949155,0.4924947,
1,4,9.153,-0.2484436,0.04288071,-1.016199,0.5084804,-0.5039399,0.4949155,0.4924947,
1,4,9.155,-0.2484436,0.04288071,-1.016199,0.5084804,-0.5039399,0.4949155,0.4924947,
1,4,9.157,-0.2484436,0.04288071,-1.016199,0.5084804,-0.5039399,0.4949155,0.4924947,
1,4,9.159,-0.248459,0.04287985,-1.016199,0.508452,-0.5039878,0.4949049,0.4924855,
1,4,9.161,-0.248459,0.04287985,-1.016199,0.508452,-0.5039878,0.4949049,0.4924855,
1,4,9.163,-0.248459,0.04287985,-1.016199,0.508452,-0.5039878,0.4949049,0.4924855,
1,4,9.165,-0.248459,0.04287985,-1.016199,0.508452,-0.5039878,0.4949049,0.4924855,
1,4,9.167,-0.248459,0.04287985,-1.016199,0.508452,-0.5039878,0.4949049,0.4924855,
1,4,9.169,-0.2484816,0.0428567,-1.0162,0.5084324,-0.503989,0.4948885,0.4925212,
1,4,9.171,-0.2484816,0.0428567,-1.0162,0.5084324,-0.503989,0.4948885,0.4925212,
1,4,9.173,-0.2484816,0.0428567,-1.0162,0.5084324,-0.503989,0.4948885,0.4925212,
1,4,9.175,-0.2484816,0.0428567,-1.0162,0.5084324,-0.503989,0.4948885,0.4925212,
1,4,9.177,-0.2484548,0.04288132,-1.016188,0.508465,-0.5039486,0.4949183,0.4924988,
1,4,9.179,-0.2484548,0.04288132,-1.016188,0.508465,-0.5039486,0.4949183,0.4924988,
1,4,9.181,-0.2484548,0.04288132,-1.016188,0.508465,-0.5039486,0.4949183,0.4924988,
1,4,9.183,-0.2484548,0.04288132,-1.016188,0.508465,-0.5039486,0.4949183,0.4924988,
1,4,9.185,-0.2484472,0.0428747,-1.016193,0.5084542,-0.5039186,0.4949491,0.4925097,
1,4,9.187,-0.2484472,0.0428747,-1.016193,0.5084542,-0.5039186,0.4949491,0.4925097,
1,4,9.189,-0.2484472,0.0428747,-1.016193,0.5084542,-0.5039186,0.4949491,0.4925097,
1,4,9.191,-0.2484472,0.0428747,-1.016193,0.5084542,-0.5039186,0.4949491,0.4925097,
1,4,9.193,-0.2484571,0.04287641,-1.016177,0.5084621,-0.5039083,0.4949626,0.4924985,
1,4,9.195,-0.2484571,0.04287641,-1.016177,0.5084621,-0.5039083,0.4949626,0.4924985,
1,4,9.197,-0.2484571,0.04287641,-1.016177,0.5084621,-0.5039083,0.4949626,0.4924985,
1,4,9.199,-0.2484571,0.04287641,-1.016177,0.5084621,-0.5039083,0.4949626,0.4924985,
1,4,9.201,-0.2484528,0.04287874,-1.016186,0.5084635,-0.5039057,0.4949679,0.4924944,
1,4,9.203,-0.2484528,0.04287874,-1.016186,0.5084635,-0.5039057,0.4949679,0.4924944,
1,4,9.205,-0.2484528,0.04287874,-1.016186,0.5084635,-0.5039057,0.4949679,0.4924944,
1,4,9.207,-0.2484528,0.04287874,-1.016186,0.5084635,-0.5039057,0.4949679,0.4924944,
1,4,9.209,-0.2484474,0.04288253,-1.016185,0.5084626,-0.503922,0.4949481,0.4924987,
1,4,9.211,-0.2484474,0.04288253,-1.016185,0.5084626,-0.503922,0.4949481,0.4924987,
1,4,9.213,-0.2484474,0.04288253,-1.016185,0.5084626,-0.503922,0.4949481,0.4924987,
1,4,9.215,-0.2484474,0.04288253,-1.016185,0.5084626,-0.503922,0.4949481,0.4924987,
1,4,9.217,-0.2484474,0.04288253,-1.016185,0.5084626,-0.503922,0.4949481,0.4924987,
1,4,9.219,-0.2484597,0.04288071,-1.01619,0.5084603,-0.5039523,0.4949145,0.4925036,
1,4,9.221,-0.2484597,0.04288071,-1.01619,0.5084603,-0.5039523,0.4949145,0.4925036,
1,4,9.223,-0.2484597,0.04288071,-1.01619,0.5084603,-0.5039523,0.4949145,0.4925036,
1,4,9.225,-0.2484597,0.04288071,-1.01619,0.5084603,-0.5039523,0.4949145,0.4925036,
1,4,9.227,-0.2484523,0.04288863,-1.016197,0.5084783,-0.5039246,0.4949371,0.4924908,
1,4,9.229,-0.2484523,0.04288863,-1.016197,0.5084783,-0.5039246,0.4949371,0.4924908,
1,4,9.231,-0.2484523,0.04288863,-1.016197,0.5084783,-0.5039246,0.4949371,0.4924908,
1,4,9.233,-0.2484523,0.04288863,-1.016197,0.5084783,-0.5039246,0.4949371,0.4924908,
1,4,9.235,-0.2484434,0.04289149,-1.016186,0.508466,-0.5039434,0.4949373,0.492484,
1,4,9.237,-0.2484434,0.04289149,-1.016186,0.508466,-0.5039434,0.4949373,0.492484,
1,4,9.239,-0.2484434,0.04289149,-1.016186,0.508466,-0.5039434,0.4949373,0.492484,
1,4,9.241,-0.2484434,0.04289149,-1.016186,0.508466,-0.5039434,0.4949373,0.492484,
1,4,9.243,-0.2484539,0.04288054,-1.01619,0.5084694,-0.5039398,0.4949336,0.4924879,
1,4,9.245,-0.2484539,0.04288054,-1.01619,0.5084694,-0.5039398,0.4949336,0.4924879,
1,4,9.247,-0.2484539,0.04288054,-1.01619,0.5084694,-0.5039398,0.4949336,0.4924879,
1,4,9.249,-0.2484539,0.04288054,-1.01619,0.5084694,-0.5039398,0.4949336,0.4924879,
1,4,9.251,-0.2484578,0.04287463,-1.016195,0.5084807,-0.503947,0.4949147,0.4924878,
1,4,9.253,-0.2484578,0.04287463,-1.016195,0.5084807,-0.503947,0.4949147,0.4924878,
1,4,9.255,-0.2484578,0.04287463,-1.016195,0.5084807,-0.503947,0.4949147,0.4924878,
1,4,9.257,-0.2484578,0.04287463,-1.016195,0.5084807,-0.503947,0.4949147,0.4924878,
1,4,9.259,-0.2484543,0.04287113,-1.016203,0.5084801,-0.5039564,0.4949234,0.4924701,
1,4,9.261,-0.2484543,0.04287113,-1.016203,0.5084801,-0.5039564,0.4949234,0.4924701,
1,4,9.263,-0.2484543,0.04287113,-1.016203,0.5084801,-0.5039564,0.4949234,0.4924701,
1,4,9.265,-0.2484543,0.04287113,-1.016203,0.5084801,-0.5039564,0.4949234,0.4924701,
1,4,9.267,-0.2484543,0.04287113,-1.016203,0.5084801,-0.5039564,0.4949234,0.4924701,
1,4,9.269,-0.2484551,0.04287516,-1.016193,0.5084818,-0.5039659,0.4949045,0.4924776,
1,4,9.271,-0.2484551,0.04287516,-1.016193,0.5084818,-0.5039659,0.4949045,0.4924776,
1,4,9.273,-0.2484551,0.04287516,-1.016193,0.5084818,-0.5039659,0.4949045,0.4924776,
1,4,9.275,-0.2484551,0.04287516,-1.016193,0.5084818,-0.5039659,0.4949045,0.4924776,
1,4,9.277,-0.2484598,0.04286426,-1.016189,0.5084697,-0.5039554,0.4949146,0.4924908,
1,4,9.279,-0.2484598,0.04286426,-1.016189,0.5084697,-0.5039554,0.4949146,0.4924908,
1,4,9.281,-0.2484598,0.04286426,-1.016189,0.5084697,-0.5039554,0.4949146,0.4924908,
1,4,9.283,-0.2484598,0.04286426,-1.016189,0.5084697,-0.5039554,0.4949146,0.4924908,
1,4,9.285,-0.2484613,0.04287266,-1.016191,0.5084776,-0.5039323,0.4949267,0.4924941,
1,4,9.287,-0.2484613,0.04287266,-1.016191,0.5084776,-0.5039323,0.4949267,0.4924941,
1,4,9.289,-0.2484613,0.04287266,-1.016191,0.5084776,-0.5039323,0.4949267,0.4924941,
1,4,9.291,-0.2484613,0.04287266,-1.016191,0.5084776,-0.5039323,0.4949267,0.4924941,
1,4,9.293,-0.2484552,0.04287927,-1.016187,0.5084708,-0.5039307,0.4949362,0.492493,
1,4,9.295,-0.2484552,0.04287927,-1.016187,0.5084708,-0.5039307,0.4949362,0.492493,
1,4,9.297,-0.2484552,0.04287927,-1.016187,0.5084708,-0.5039307,0.4949362,0.492493,
1,4,9.299,-0.2484552,0.04287927,-1.016187,0.5084708,-0.5039307,0.4949362,0.492493,
1,4,9.301,-0.2484623,0.04286898,-1.016184,0.5084766,-0.5039342,0.494931,0.4924889,
1,4,9.303,-0.2484623,0.04286898,-1.016184,0.5084766,-0.5039342,0.494931,0.4924889,
1,4,9.305,-0.2484623,0.04286898,-1.016184,0.5084766,-0.5039342,0.494931,0.4924889,
1,4,9.307,-0.2484623,0.04286898,-1.016184,0.5084766,-0.5039342,0.494931,0.4924889,
1,4,9.309,-0.2484686,0.04286788,-1.016192,0.5084983,-0.5039465,0.4949107,0.4924743,
1,4,9.311,-0.2484686,0.04286788,-1.016192,0.5084983,-0.5039465,0.4949107,0.4924743,
1,4,9.313,-0.2484686,0.04286788,-1.016192,0.5084983,-0.5039465,0.4949107,0.4924743,
1,4,9.315,-0.2484686,0.04286788,-1.016192,0.5084983,-0.5039465,0.4949107,0.4924743,
1,4,9.317,-0.2484686,0.04286788,-1.016192,0.5084983,-0.5039465,0.4949107,0.4924743,
1,4,9.319,-0.2484546,0.04287172,-1.016192,0.5084909,-0.5039611,0.4949101,0.4924675,
1,4,9.321,-0.2484546,0.04287172,-1.016192,0.5084909,-0.5039611,0.4949101,0.4924675,
1,4,9.323,-0.2484546,0.04287172,-1.016192,0.5084909,-0.5039611,0.4949101,0.4924675,
1,4,9.325,-0.2484546,0.04287172,-1.016192,0.5084909,-0.5039611,0.4949101,0.4924675,
1,4,9.327,-0.2484644,0.04287498,-1.016183,0.5084682,-0.5039667,0.4949145,0.4924808,
1,4,9.329,-0.2484644,0.04287498,-1.016183,0.5084682,-0.5039667,0.4949145,0.4924808,
1,4,9.331,-0.2484644,0.04287498,-1.016183,0.5084682,-0.5039667,0.4949145,0.4924808,
1,4,9.333,-0.2484644,0.04287498,-1.016183,0.5084682,-0.5039667,0.4949145,0.4924808,
1,4,9.335,-0.2484614,0.04288447,-1.016191,0.5084817,-0.5039067,0.4949491,0.4924935,
1,4,9.337,-0.2484614,0.04288447,-1.016191,0.5084817,-0.5039067,0.4949491,0.4924935,
1,4,9.339,-0.2484614,0.04288447,-1.016191,0.5084817,-0.5039067,0.4949491,0.4924935,
1,4,9.341,-0.2484614,0.04288447,-1.016191,0.5084817,-0.5039067,0.4949491,0.4924935,
1,4,9.343,-0.2484599,0.04287042,-1.0162,0.5084952,-0.5039082,0.4949599,0.4924673,
1,4,9.345,-0.2484599,0.04287042,-1.0162,0.5084952,-0.5039082,0.4949599,0.4924673,
1,4,9.347,-0.2484599,0.04287042,-1.0162,0.5084952,-0.5039082,0.4949599,0.4924673,
1,4,9.349,-0.2484599,0.04287042,-1.0162,0.5084952,-0.5039082,0.4949599,0.4924673,
1,4,9.351,-0.248462,0.0428738,-1.016186,0.5084785,-0.5039439,0.4949387,0.4924692,
1,4,9.353,-0.248462,0.0428738,-1.016186,0.5084785,-0.5039439,0.4949387,0.4924692,
1,4,9.355,-0.248462,0.0428738,-1.016186,0.5084785,-0.5039439,0.4949387,0.4924692,
1,4,9.357,-0.248462,0.0428738,-1.016186,0.5084785,-0.5039439,0.4949387,0.4924692,
1,4,9.359,-0.2484648,0.04286505,-1.016189,0.5084823,-0.5039566,0.4949169,0.4924742,
1,4,9.361,-0.2484648,0.04286505,-1.016189,0.5084823,-0.5039566,0.4949169,0.4924742,
1,4,9.363,-0.2484648,0.04286505,-1.016189,0.5084823,-0.5039566,0.4949169,0.4924742,
1,4,9.365,-0.2484648,0.04286505,-1.016189,0.5084823,-0.5039566,0.4949169,0.4924742,
1,4,9.367,-0.2484648,0.04286505,-1.016189,0.5084823,-0.5039566,0.4949169,0.4924742,
1,4,9.369,-0.2484525,0.0428769,-1.016192,0.5084927,-0.5039484,0.4949268,0.492462,
1,4,9.371,-0.2484525,0.0428769,-1.016192,0.5084927,-0.5039484,0.4949268,0.492462,
1,4,9.373,-0.2484525,0.0428769,-1.016192,0.5084927,-0.5039484,0.4949268,0.492462,
1,4,9.375,-0.2484525,0.0428769,-1.016192,0.5084927,-0.5039484,0.4949268,0.492462,
1,4,9.377,-0.2484678,0.0428756,-1.016193,0.5084631,-0.5039425,0.4949328,0.4924925,
1,4,9.379,-0.2484678,0.0428756,-1.016193,0.5084631,-0.5039425,0.4949328,0.4924925,
1,4,9.381,-0.2484678,0.0428756,-1.016193,0.5084631,-0.5039425,0.4949328,0.4924925,
1,4,9.383,-0.2484678,0.0428756,-1.016193,0.5084631,-0.5039425,0.4949328,0.4924925,
1,4,9.385,-0.2484616,0.04287161,-1.016191,0.5084593,-0.5039234,0.4949481,0.4925005,
1,4,9.387,-0.2484616,0.04287161,-1.016191,0.5084593,-0.5039234,0.4949481,0.4925005,
1,4,9.389,-0.2484616,0.04287161,-1.016191,0.5084593,-0.5039234,0.4949481,0.4925005,
1,4,9.391,-0.2484616,0.04287161,-1.016191,0.5084593,-0.5039234,0.4949481,0.4925005,
1,4,9.393,-0.2484479,0.04288263,-1.016189,0.5084727,-0.5039027,0.4949608,0.4924951,
1,4,9.395,-0.2484479,0.04288263,-1.016189,0.5084727,-0.5039027,0.4949608,0.4924951,
1,4,9.397,-0.2484479,0.04288263,-1.016189,0.5084727,-0.5039027,0.4949608,0.4924951,
1,4,9.399,-0.2484479,0.04288263,-1.016189,0.5084727,-0.5039027,0.4949608,0.4924951,
1,4,9.401,-0.2484553,0.0428782,-1.01619,0.5084893,-0.503907,0.4949338,0.4925009,
1,4,9.403,-0.2484553,0.0428782,-1.01619,0.5084893,-0.503907,0.4949338,0.4925009,
1,4,9.405,-0.2484553,0.0428782,-1.01619,0.5084893,-0.503907,0.4949338,0.4925009,
1,4,9.407,-0.2484553,0.0428782,-1.01619,0.5084893,-0.503907,0.4949338,0.4925009,
1,4,9.409,-0.2484564,0.04287947,-1.016194,0.5084848,-0.5039096,0.4949475,0.492489,
1,4,9.411,-0.2484564,0.04287947,-1.016194,0.5084848,-0.5039096,0.4949475,0.492489,
1,4,9.413,-0.2484564,0.04287947,-1.016194,0.5084848,-0.5039096,0.4949475,0.492489,
1,4,9.415,-0.2484564,0.04287947,-1.016194,0.5084848,-0.5039096,0.4949475,0.492489,
1,4,9.417,-0.2484564,0.04287947,-1.016194,0.5084848,-0.5039096,0.4949475,0.492489,
1,4,9.419,-0.248458,0.04287567,-1.016184,0.5084982,-0.5039236,0.4949359,0.4924724,
1,4,9.421,-0.248458,0.04287567,-1.016184,0.5084982,-0.5039236,0.4949359,0.4924724,
1,4,9.423,-0.248458,0.04287567,-1.016184,0.5084982,-0.5039236,0.4949359,0.4924724,
1,4,9.425,-0.248458,0.04287567,-1.016184,0.5084982,-0.5039236,0.4949359,0.4924724,
1,4,9.427,-0.2484548,0.04287173,-1.016185,0.5084996,-0.5039287,0.4949313,0.4924704,
1,4,9.429,-0.2484548,0.04287173,-1.016185,0.5084996,-0.5039287,0.4949313,0.4924704,
1,4,9.431,-0.2484548,0.04287173,-1.016185,0.5084996,-0.5039287,0.4949313,0.4924704,
1,4,9.433,-0.2484548,0.04287173,-1.016185,0.5084996,-0.5039287,0.4949313,0.4924704,
1,4,9.435,-0.2484621,0.04288119,-1.016185,0.5084907,-0.5039255,0.4949339,0.4924803,
1,4,9.437,-0.2484621,0.04288119,-1.016185,0.5084907,-0.5039255,0.4949339,0.4924803,
1,4,9.439,-0.2484621,0.04288119,-1.016185,0.5084907,-0.5039255,0.4949339,0.4924803,
1,4,9.441,-0.2484621,0.04288119,-1.016185,0.5084907,-0.5039255,0.4949339,0.4924803,
1,4,9.443,-0.2484702,0.04289363,-1.016192,0.5084689,-0.5039271,0.494958,0.4924769,
1,4,9.445,-0.2484702,0.04289363,-1.016192,0.5084689,-0.5039271,0.494958,0.4924769,
1,4,9.447,-0.2484702,0.04289363,-1.016192,0.5084689,-0.5039271,0.494958,0.4924769,
1,4,9.449,-0.2484702,0.04289363,-1.016192,0.5084689,-0.5039271,0.494958,0.4924769,
1,4,9.451,-0.2484718,0.04289925,-1.016197,0.5084729,-0.5039206,0.4949539,0.4924837,
1,4,9.453,-0.2484718,0.04289925,-1.016197,0.5084729,-0.5039206,0.4949539,0.4924837,
1,4,9.455,-0.2484718,0.04289925,-1.016197,0.5084729,-0.5039206,0.4949539,0.4924837,
1,4,9.457,-0.2484718,0.04289925,-1.016197,0.5084729,-0.5039206,0.4949539,0.4924837,
1,4,9.459,-0.2484703,0.04289823,-1.016196,0.5084684,-0.5039047,0.4949615,0.4924969,
1,4,9.461,-0.2484703,0.04289823,-1.016196,0.5084684,-0.5039047,0.4949615,0.4924969,
1,4,9.463,-0.2484703,0.04289823,-1.016196,0.5084684,-0.5039047,0.4949615,0.4924969,
1,4,9.465,-0.2484703,0.04289823,-1.016196,0.5084684,-0.5039047,0.4949615,0.4924969,
1,4,9.467,-0.2484703,0.04289823,-1.016196,0.5084684,-0.5039047,0.4949615,0.4924969,
1,4,9.469,-0.2484639,0.04288346,-1.016192,0.5084901,-0.503921,0.4949189,0.4925005,
1,4,9.471,-0.2484639,0.04288346,-1.016192,0.5084901,-0.503921,0.4949189,0.4925005,
1,4,9.473,-0.2484639,0.04288346,-1.016192,0.5084901,-0.503921,0.4949189,0.4925005,
1,4,9.475,-0.2484639,0.04288346,-1.016192,0.5084901,-0.503921,0.4949189,0.4925005,
1,4,9.477,-0.2484638,0.0428757,-1.016201,0.5085056,-0.5039405,0.4949095,0.4924741,
1,4,9.479,-0.2484638,0.0428757,-1.016201,0.5085056,-0.5039405,0.4949095,0.4924741,
1,4,9.481,-0.2484638,0.0428757,-1.016201,0.5085056,-0.5039405,0.4949095,0.4924741,
1,4,9.483,-0.2484638,0.0428757,-1.016201,0.5085056,-0.5039405,0.4949095,0.4924741,
1,4,9.485,-0.2484734,0.04288272,-1.016201,0.5085463,-0.5038994,0.49492,0.4924635,
1,4,9.487,-0.2484734,0.04288272,-1.016201,0.5085463,-0.5038994,0.49492,0.4924635,
1,4,9.489,-0.2484734,0.04288272,-1.016201,0.5085463,-0.5038994,0.49492,0.4924635,
1,4,9.491,-0.2484734,0.04288272,-1.016201,0.5085463,-0.5038994,0.49492,0.4924635,
1,4,9.493,-0.2484668,0.04288145,-1.016196,0.5085363,-0.5038879,0.4949386,0.492467,
1,4,9.495,-0.2484668,0.04288145,-1.016196,0.5085363,-0.5038879,0.4949386,0.492467,
1,4,9.497,-0.2484668,0.04288145,-1.016196,0.5085363,-0.5038879,0.4949386,0.492467,
1,4,9.499,-0.2484668,0.04288145,-1.016196,0.5085363,-0.5038879,0.4949386,0.492467,
1,4,9.501,-0.248463,0.04287875,-1.016198,0.5085202,-0.5039225,0.494926,0.4924608,
1,4,9.503,-0.248463,0.04287875,-1.016198,0.5085202,-0.5039225,0.494926,0.4924608,
1,4,9.505,-0.248463,0.04287875,-1.016198,0.5085202,-0.5039225,0.494926,0.4924608,
1,4,9.507,-0.248463,0.04287875,-1.016198,0.5085202,-0.5039225,0.494926,0.4924608,
1,4,9.509,-0.2484638,0.04289025,-1.0162,0.5085154,-0.5039001,0.4949645,0.4924501,
1,4,9.511,-0.2484638,0.04289025,-1.0162,0.5085154,-0.5039001,0.4949645,0.4924501,
1,4,9.513,-0.2484638,0.04289025,-1.0162,0.5085154,-0.5039001,0.4949645,0.4924501,
1,4,9.515,-0.2484638,0.04289025,-1.0162,0.5085154,-0.5039001,0.4949645,0.4924501,
1,4,9.517,-0.2484638,0.04289025,-1.0162,0.5085154,-0.5039001,0.4949645,0.4924501,
1,4,9.519,-0.2484649,0.04288192,-1.016202,0.5085176,-0.5039071,0.4949457,0.4924595,
1,4,9.521,-0.2484649,0.04288192,-1.016202,0.5085176,-0.5039071,0.4949457,0.4924595,
1,4,9.523,-0.2484649,0.04288192,-1.016202,0.5085176,-0.5039071,0.4949457,0.4924595,
1,4,9.525,-0.2484649,0.04288192,-1.016202,0.5085176,-0.5039071,0.4949457,0.4924595,
1,4,9.527,-0.2484681,0.04288484,-1.0162,0.5084901,-0.5039064,0.4949619,0.4924724,
1,4,9.529,-0.2484681,0.04288484,-1.0162,0.5084901,-0.5039064,0.4949619,0.4924724,
1,4,9.531,-0.2484681,0.04288484,-1.0162,0.5084901,-0.5039064,0.4949619,0.4924724,
1,4,9.533,-0.2484681,0.04288484,-1.0162,0.5084901,-0.5039064,0.4949619,0.4924724,
1,4,9.535,-0.2484772,0.04288546,-1.016206,0.5084898,-0.5039158,0.4949595,0.4924654,
1,4,9.537,-0.2484772,0.04288546,-1.016206,0.5084898,-0.5039158,0.4949595,0.4924654,
1,4,9.539,-0.2484772,0.04288546,-1.016206,0.5084898,-0.5039158,0.4949595,0.4924654,
1,4,9.541,-0.2484772,0.04288546,-1.016206,0.5084898,-0.5039158,0.4949595,0.4924654,
1,4,9.543,-0.2484731,0.04287722,-1.016199,0.5084979,-0.5039471,0.4949285,0.4924561,
1,4,9.545,-0.2484731,0.04287722,-1.016199,0.5084979,-0.5039471,0.4949285,0.4924561,
1,4,9.547,-0.2484731,0.04287722,-1.016199,0.5084979,-0.5039471,0.4949285,0.4924561,
1,4,9.549,-0.2484731,0.04287722,-1.016199,0.5084979,-0.5039471,0.4949285,0.4924561,
1,4,9.551,-0.2484682,0.04288841,-1.016206,0.5084654,-0.5039124,0.4949659,0.4924875,
1,4,9.553,-0.2484682,0.04288841,-1.016206,0.5084654,-0.5039124,0.4949659,0.4924875,
1,4,9.555,-0.2484682,0.04288841,-1.016206,0.5084654,-0.5039124,0.4949659,0.4924875,
1,4,9.557,-0.2484682,0.04288841,-1.016206,0.5084654,-0.5039124,0.4949659,0.4924875,
1,4,9.559,-0.2484652,0.04288284,-1.016194,0.5084857,-0.5039352,0.4949407,0.4924688,
1,4,9.561,-0.2484652,0.04288284,-1.016194,0.5084857,-0.5039352,0.4949407,0.4924688,
1,4,9.563,-0.2484652,0.04288284,-1.016194,0.5084857,-0.5039352,0.4949407,0.4924688,
1,4,9.565,-0.2484652,0.04288284,-1.016194,0.5084857,-0.5039352,0.4949407,0.4924688,
1,4,9.567,-0.2484652,0.04288284,-1.016194,0.5084857,-0.5039352,0.4949407,0.4924688,
1,4,9.569,-0.2484705,0.04287425,-1.01619,0.5084793,-0.5039442,0.4949251,0.4924818,
1,4,9.571,-0.2484705,0.04287425,-1.01619,0.5084793,-0.5039442,0.4949251,0.4924818,
1,4,9.573,-0.2484705,0.04287425,-1.01619,0.5084793,-0.5039442,0.4949251,0.4924818,
1,4,9.575,-0.2484705,0.04287425,-1.01619,0.5084793,-0.5039442,0.4949251,0.4924818,
1,4,9.577,-0.2484588,0.04287719,-1.016194,0.5084803,-0.503934,0.4949395,0.4924768,
1,4,9.579,-0.2484588,0.04287719,-1.016194,0.5084803,-0.503934,0.4949395,0.4924768,
1,4,9.581,-0.2484588,0.04287719,-1.016194,0.5084803,-0.503934,0.4949395,0.4924768,
1,4,9.583,-0.2484588,0.04287719,-1.016194,0.5084803,-0.503934,0.4949395,0.4924768,
1,4,9.585,-0.2484648,0.04289468,-1.016198,0.5084972,-0.5039049,0.4949537,0.4924747,
1,4,9.587,-0.2484648,0.04289468,-1.016198,0.5084972,-0.5039049,0.4949537,0.4924747,
1,4,9.589,-0.2484648,0.04289468,-1.016198,0.5084972,-0.5039049,0.4949537,0.4924747,
1,4,9.591,-0.2484648,0.04289468,-1.016198,0.5084972,-0.5039049,0.4949537,0.4924747,
1,4,9.593,-0.248468,0.04289066,-1.016199,0.5084887,-0.503911,0.4949617,0.4924693,
1,4,9.595,-0.248468,0.04289066,-1.016199,0.5084887,-0.503911,0.4949617,0.4924693,
1,4,9.597,-0.248468,0.04289066,-1.016199,0.5084887,-0.503911,0.4949617,0.4924693,
1,4,9.599,-0.248468,0.04289066,-1.016199,0.5084887,-0.503911,0.4949617,0.4924693,
1,4,9.601,-0.2484685,0.04289415,-1.016193,0.508494,-0.5039029,0.4949697,0.492464,
1,4,9.603,-0.2484685,0.04289415,-1.016193,0.508494,-0.5039029,0.4949697,0.492464,
1,4,9.605,-0.2484685,0.04289415,-1.016193,0.508494,-0.5039029,0.4949697,0.492464,
1,4,9.607,-0.2484685,0.04289415,-1.016193,0.508494,-0.5039029,0.4949697,0.492464,
1,4,9.609,-0.2484661,0.04288408,-1.016191,0.5084965,-0.503924,0.4949413,0.4924683,
1,4,9.611,-0.2484661,0.04288408,-1.016191,0.5084965,-0.503924,0.4949413,0.4924683,
1,4,9.613,-0.2484661,0.04288408,-1.016191,0.5084965,-0.503924,0.4949413,0.4924683,
1,4,9.615,-0.2484661,0.04288408,-1.016191,0.5084965,-0.503924,0.4949413,0.4924683,
1,4,9.617,-0.2484661,0.04288408,-1.016191,0.5084965,-0.503924,0.4949413,0.4924683,
1,4,9.619,-0.2484605,0.04286924,-1.016188,0.5085174,-0.5039245,0.4949409,0.4924468,
1,4,9.621,-0.2484605,0.04286924,-1.016188,0.5085174,-0.5039245,0.4949409,0.4924468,
1,4,9.623,-0.2484605,0.04286924,-1.016188,0.5085174,-0.5039245,0.4949409,0.4924468,
1,4,9.625,-0.2484605,0.04286924,-1.016188,0.5085174,-0.5039245,0.4949409,0.4924468,
1,4,9.627,-0.2484701,0.04288651,-1.016194,0.5085019,-0.5039398,0.4949499,0.4924379,
1,4,9.629,-0.2484701,0.04288651,-1.016194,0.5085019,-0.5039398,0.4949499,0.4924379,
1,4,9.631,-0.2484701,0.04288651,-1.016194,0.5085019,-0.5039398,0.4949499,0.4924379,
1,4,9.633,-0.2484701,0.04288651,-1.016194,0.5085019,-0.5039398,0.4949499,0.4924379,
1,4,9.635,-0.2484677,0.04288814,-1.016191,0.5084997,-0.5039346,0.4949453,0.4924501,
1,4,9.637,-0.2484677,0.04288814,-1.016191,0.5084997,-0.5039346,0.4949453,0.4924501,
1,4,9.639,-0.2484677,0.04288814,-1.016191,0.5084997,-0.5039346,0.4949453,0.4924501,
1,4,9.641,-0.2484677,0.04288814,-1.016191,0.5084997,-0.5039346,0.4949453,0.4924501,
1,4,9.643,-0.2484715,0.042891,-1.016184,0.508499,-0.5039416,0.4949285,0.4924607,
1,4,9.645,-0.2484715,0.042891,-1.016184,0.508499,-0.5039416,0.4949285,0.4924607,
1,4,9.647,-0.2484715,0.042891,-1.016184,0.508499,-0.5039416,0.4949285,0.4924607,
1,4,9.649,-0.2484715,0.042891,-1.016184,0.508499,-0.5039416,0.4949285,0.4924607,
1,4,9.651,-0.2484679,0.04289386,-1.01619,0.5084862,-0.5039467,0.494924,0.4924731,
1,4,9.653,-0.2484679,0.04289386,-1.01619,0.5084862,-0.5039467,0.494924,0.4924731,
1,4,9.655,-0.2484679,0.04289386,-1.01619,0.5084862,-0.5039467,0.494924,0.4924731,
1,4,9.657,-0.2484679,0.04289386,-1.01619,0.5084862,-0.5039467,0.494924,0.4924731,
1,4,9.659,-0.2484728,0.04288635,-1.016184,0.5084679,-0.5039414,0.4949343,0.4924872,
1,4,9.661,-0.2484728,0.04288635,-1.016184,0.5084679,-0.5039414,0.4949343,0.4924872,
1,4,9.663,-0.2484728,0.04288635,-1.016184,0.5084679,-0.5039414,0.4949343,0.4924872,
1,4,9.665,-0.2484728,0.04288635,-1.016184,0.5084679,-0.5039414,0.4949343,0.4924872,
1,4,9.667,-0.2484728,0.04288635,-1.016184,0.5084679,-0.5039414,0.4949343,0.4924872,
1,4,9.669,-0.2484695,0.04287756,-1.016187,0.5084866,-0.503955,0.494921,0.4924673,
1,4,9.671,-0.2484695,0.04287756,-1.016187,0.5084866,-0.503955,0.494921,0.4924673,
1,4,9.673,-0.2484695,0.04287756,-1.016187,0.5084866,-0.503955,0.494921,0.4924673,
1,4,9.675,-0.2484695,0.04287756,-1.016187,0.5084866,-0.503955,0.494921,0.4924673,
1,4,9.677,-0.2484674,0.04288568,-1.016201,0.508468,-0.5039471,0.4949337,0.4924818,
1,4,9.679,-0.2484674,0.04288568,-1.016201,0.508468,-0.5039471,0.4949337,0.4924818,
1,4,9.681,-0.2484674,0.04288568,-1.016201,0.508468,-0.5039471,0.4949337,0.4924818,
1,4,9.683,-0.2484674,0.04288568,-1.016201,0.508468,-0.5039471,0.4949337,0.4924818,
1,4,9.685,-0.2484721,0.04288129,-1.016193,0.5084705,-0.5039496,0.4949301,0.4924803,
1,4,9.687,-0.2484721,0.04288129,-1.016193,0.5084705,-0.5039496,0.4949301,0.4924803,
1,4,9.689,-0.2484721,0.04288129,-1.016193,0.5084705,-0.5039496,0.4949301,0.4924803,
1,4,9.691,-0.2484721,0.04288129,-1.016193,0.5084705,-0.5039496,0.4949301,0.4924803,
1,4,9.693,-0.248473,0.04288901,-1.016189,0.508482,-0.5039414,0.494936,0.4924708,
1,4,9.695,-0.248473,0.04288901,-1.016189,0.508482,-0.5039414,0.494936,0.4924708,
1,4,9.697,-0.248473,0.04288901,-1.016189,0.508482,-0.5039414,0.494936,0.4924708,
1,4,9.699,-0.248473,0.04288901,-1.016189,0.508482,-0.5039414,0.494936,0.4924708,
1,4,9.701,-0.2484743,0.04288061,-1.016194,0.5084853,-0.5039319,0.4949437,0.4924695,
1,4,9.703,-0.2484743,0.04288061,-1.016194,0.5084853,-0.5039319,0.4949437,0.4924695,
1,4,9.705,-0.2484743,0.04288061,-1.016194,0.5084853,-0.5039319,0.4949437,0.4924695,
1,4,9.707,-0.2484743,0.04288061,-1.016194,0.5084853,-0.5039319,0.4949437,0.4924695,
1,4,9.709,-0.2484753,0.04288241,-1.016195,0.5084724,-0.5039154,0.4949611,0.4924823,
1,4,9.711,-0.2484753,0.04288241,-1.016195,0.5084724,-0.5039154,0.4949611,0.4924823,
1,4,9.713,-0.2484753,0.04288241,-1.016195,0.5084724,-0.5039154,0.4949611,0.4924823,
1,4,9.715,-0.2484753,0.04288241,-1.016195,0.5084724,-0.5039154,0.4949611,0.4924823,
1,4,9.717,-0.2484753,0.04288241,-1.016195,0.5084724,-0.5039154,0.4949611,0.4924823,
1,4,9.719,-0.2484782,0.04288608,-1.016199,0.5084661,-0.5039403,0.4949485,0.4924759,
1,4,9.721,-0.2484782,0.04288608,-1.016199,0.5084661,-0.5039403,0.4949485,0.4924759,
1,4,9.723,-0.2484782,0.04288608,-1.016199,0.5084661,-0.5039403,0.4949485,0.4924759,
1,4,9.725,-0.2484782,0.04288608,-1.016199,0.5084661,-0.5039403,0.4949485,0.4924759,
1,4,9.727,-0.2484714,0.04288369,-1.016188,0.50848,-0.5039138,0.4949526,0.4924846,
1,4,9.729,-0.2484714,0.04288369,-1.016188,0.50848,-0.5039138,0.4949526,0.4924846,
1,4,9.731,-0.2484714,0.04288369,-1.016188,0.50848,-0.5039138,0.4949526,0.4924846,
1,4,9.733,-0.2484714,0.04288369,-1.016188,0.50848,-0.5039138,0.4949526,0.4924846,
1,4,9.735,-0.2484624,0.04287719,-1.016194,0.5084892,-0.5039129,0.4949461,0.4924825,
1,4,9.737,-0.2484624,0.04287719,-1.016194,0.5084892,-0.5039129,0.4949461,0.4924825,
1,4,9.739,-0.2484624,0.04287719,-1.016194,0.5084892,-0.5039129,0.4949461,0.4924825,
1,4,9.741,-0.2484624,0.04287719,-1.016194,0.5084892,-0.5039129,0.4949461,0.4924825,
1,4,9.743,-0.2484721,0.04286938,-1.016199,0.5084918,-0.5039266,0.4949353,0.4924765,
1,4,9.745,-0.2484721,0.04286938,-1.016199,0.5084918,-0.5039266,0.4949353,0.4924765,
1,4,9.747,-0.2484721,0.04286938,-1.016199,0.5084918,-0.5039266,0.4949353,0.4924765,
1,4,9.749,-0.2484721,0.04286938,-1.016199,0.5084918,-0.5039266,0.4949353,0.4924765,
1,4,9.751,-0.2484732,0.04287465,-1.016191,0.5084999,-0.503907,0.4949524,0.4924712,
1,4,9.753,-0.2484732,0.04287465,-1.016191,0.5084999,-0.503907,0.4949524,0.4924712,
1,4,9.755,-0.2484732,0.04287465,-1.016191,0.5084999,-0.503907,0.4949524,0.4924712,
1,4,9.757,-0.2484732,0.04287465,-1.016191,0.5084999,-0.503907,0.4949524,0.4924712,
1,4,9.759,-0.2484719,0.04287346,-1.016192,0.508495,-0.5038989,0.4949577,0.4924791,
1,4,9.761,-0.2484719,0.04287346,-1.016192,0.508495,-0.5038989,0.4949577,0.4924791,
1,4,9.763,-0.2484719,0.04287346,-1.016192,0.508495,-0.5038989,0.4949577,0.4924791,
1,4,9.765,-0.2484719,0.04287346,-1.016192,0.508495,-0.5038989,0.4949577,0.4924791,
1,4,9.767,-0.2484719,0.04287346,-1.016192,0.508495,-0.5038989,0.4949577,0.4924791,
1,4,9.769,-0.2484589,0.04288163,-1.016186,0.5084934,-0.5038958,0.4949553,0.4924862,
1,4,9.771,-0.2484589,0.04288163,-1.016186,0.5084934,-0.5038958,0.4949553,0.4924862,
1,4,9.773,-0.2484589,0.04288163,-1.016186,0.5084934,-0.5038958,0.4949553,0.4924862,
1,4,9.775,-0.2484589,0.04288163,-1.016186,0.5084934,-0.5038958,0.4949553,0.4924862,
1,4,9.777,-0.2484673,0.04287797,-1.016193,0.5085021,-0.5038949,0.4949619,0.4924717,
1,4,9.779,-0.2484673,0.04287797,-1.016193,0.5085021,-0.5038949,0.4949619,0.4924717,
1,4,9.781,-0.2484673,0.04287797,-1.016193,0.5085021,-0.5038949,0.4949619,0.4924717,
1,4,9.783,-0.2484673,0.04287797,-1.016193,0.5085021,-0.5038949,0.4949619,0.4924717,
1,4,9.785,-0.2484602,0.04287471,-1.016184,0.5085154,-0.5038671,0.4949625,0.4924857,
1,4,9.787,-0.2484602,0.04287471,-1.016184,0.5085154,-0.5038671,0.4949625,0.4924857,
1,4,9.789,-0.2484602,0.04287471,-1.016184,0.5085154,-0.5038671,0.4949625,0.4924857,
1,4,9.791,-0.2484602,0.04287471,-1.016184,0.5085154,-0.5038671,0.4949625,0.4924857,
1,4,9.793,-0.2484637,0.04287405,-1.01619,0.5085,-0.5038974,0.4949524,0.4924807,
1,4,9.795,-0.2484637,0.04287405,-1.01619,0.5085,-0.5038974,0.4949524,0.4924807,
1,4,9.797,-0.2484637,0.04287405,-1.01619,0.5085,-0.5038974,0.4949524,0.4924807,
1,4,9.799,-0.2484637,0.04287405,-1.01619,0.5085,-0.5038974,0.4949524,0.4924807,
1,4,9.801,-0.2484677,0.04287917,-1.016187,0.5084796,-0.5039259,0.4949365,0.4924887,
1,4,9.803,-0.2484677,0.04287917,-1.016187,0.5084796,-0.5039259,0.4949365,0.4924887,
1,4,9.805,-0.2484677,0.04287917,-1.016187,0.5084796,-0.5039259,0.4949365,0.4924887,
1,4,9.807,-0.2484677,0.04287917,-1.016187,0.5084796,-0.5039259,0.4949365,0.4924887,
1,4,9.809,-0.2484722,0.04287958,-1.016187,0.5084776,-0.5039337,0.4949317,0.4924877,
1,4,9.811,-0.2484722,0.04287958,-1.016187,0.5084776,-0.5039337,0.4949317,0.4924877,
1,4,9.813,-0.2484722,0.04287958,-1.016187,0.5084776,-0.5039337,0.4949317,0.4924877,
1,4,9.815,-0.2484722,0.04287958,-1.016187,0.5084776,-0.5039337,0.4949317,0.4924877,
1,4,9.817,-0.2484722,0.04287958,-1.016187,0.5084776,-0.5039337,0.4949317,0.4924877,
1,4,9.819,-0.2484687,0.04287179,-1.016178,0.5084675,-0.5039168,0.4949568,0.4924902,
1,4,9.821,-0.2484687,0.04287179,-1.016178,0.5084675,-0.5039168,0.4949568,0.4924902,
1,4,9.823,-0.2484687,0.04287179,-1.016178,0.5084675,-0.5039168,0.4949568,0.4924902,
1,4,9.825,-0.2484687,0.04287179,-1.016178,0.5084675,-0.5039168,0.4949568,0.4924902,
1,4,9.827,-0.2484579,0.0428785,-1.016176,0.5084757,-0.5039092,0.4949549,0.4924914,
1,4,9.829,-0.2484579,0.0428785,-1.016176,0.5084757,-0.5039092,0.4949549,0.4924914,
1,4,9.831,-0.2484579,0.0428785,-1.016176,0.5084757,-0.5039092,0.4949549,0.4924914,
1,4,9.833,-0.2484579,0.0428785,-1.016176,0.5084757,-0.5039092,0.4949549,0.4924914,
1,4,9.835,-0.2484855,0.04286359,-1.016184,0.5084862,-0.5039321,0.4949346,0.4924775,
1,4,9.837,-0.2484855,0.04286359,-1.016184,0.5084862,-0.5039321,0.4949346,0.4924775,
1,4,9.839,-0.2484855,0.04286359,-1.016184,0.5084862,-0.5039321,0.4949346,0.4924775,
1,4,9.841,-0.2484855,0.04286359,-1.016184,0.5084862,-0.5039321,0.4949346,0.4924775,
1,4,9.843,-0.2484612,0.04287653,-1.016177,0.5084449,-0.5039519,0.4949456,0.4924887,
1,4,9.845,-0.2484612,0.04287653,-1.016177,0.5084449,-0.5039519,0.4949456,0.4924887,
1,4,9.847,-0.2484612,0.04287653,-1.016177,0.5084449,-0.5039519,0.4949456,0.4924887,
1,4,9.849,-0.2484612,0.04287653,-1.016177,0.5084449,-0.5039519,0.4949456,0.4924887,
1,4,9.851,-0.2484673,0.04285675,-1.016178,0.5084755,-0.5039372,0.4949365,0.4924813,
1,4,9.853,-0.2484673,0.04285675,-1.016178,0.5084755,-0.5039372,0.4949365,0.4924813,
1,4,9.855,-0.2484673,0.04285675,-1.016178,0.5084755,-0.5039372,0.4949365,0.4924813,
1,4,9.857,-0.2484673,0.04285675,-1.016178,0.5084755,-0.5039372,0.4949365,0.4924813,
1,4,9.859,-0.2484753,0.04286134,-1.01618,0.5084696,-0.5039416,0.494932,0.4924874,
1,4,9.861,-0.2484753,0.04286134,-1.01618,0.5084696,-0.5039416,0.494932,0.4924874,
1,4,9.863,-0.2484753,0.04286134,-1.01618,0.5084696,-0.5039416,0.494932,0.4924874,
1,4,9.865,-0.2484753,0.04286134,-1.01618,0.5084696,-0.5039416,0.494932,0.4924874,
1,4,9.867,-0.2484753,0.04286134,-1.01618,0.5084696,-0.5039416,0.494932,0.4924874,
1,4,9.869,-0.2484828,0.0428611,-1.01619,0.508482,-0.5039684,0.4949188,0.4924606,
1,4,9.871,-0.2484828,0.0428611,-1.01619,0.508482,-0.5039684,0.4949188,0.4924606,
1,4,9.873,-0.2484828,0.0428611,-1.01619,0.508482,-0.5039684,0.4949188,0.4924606,
1,4,9.875,-0.2484828,0.0428611,-1.01619,0.508482,-0.5039684,0.4949188,0.4924606,
1,4,9.877,-0.2484713,0.04286947,-1.016181,0.5084835,-0.503956,0.4949231,0.4924674,
1,4,9.879,-0.2484713,0.04286947,-1.016181,0.5084835,-0.503956,0.4949231,0.4924674,
1,4,9.881,-0.2484713,0.04286947,-1.016181,0.5084835,-0.503956,0.4949231,0.4924674,
1,4,9.883,-0.2484713,0.04286947,-1.016181,0.5084835,-0.503956,0.4949231,0.4924674,
1,4,9.885,-0.2484748,0.0428751,-1.01618,0.5084525,-0.5039406,0.4949429,0.4924953,
1,4,9.887,-0.2484748,0.0428751,-1.01618,0.5084525,-0.5039406,0.4949429,0.4924953,
1,4,9.889,-0.2484748,0.0428751,-1.01618,0.5084525,-0.5039406,0.4949429,0.4924953,
1,4,9.891,-0.2484748,0.0428751,-1.01618,0.5084525,-0.5039406,0.4949429,0.4924953,
1,4,9.893,-0.2484727,0.04287613,-1.016186,0.508455,-0.5038915,0.494988,0.4924974,
1,4,9.895,-0.2484727,0.04287613,-1.016186,0.508455,-0.5038915,0.494988,0.4924974,
1,4,9.897,-0.2484727,0.04287613,-1.016186,0.508455,-0.5038915,0.494988,0.4924974,
1,4,9.899,-0.2484727,0.04287613,-1.016186,0.508455,-0.5038915,0.494988,0.4924974,
1,4,9.901,-0.2484633,0.04287241,-1.016188,0.5084665,-0.5038915,0.494992,0.4924816,
1,4,9.903,-0.2484633,0.04287241,-1.016188,0.5084665,-0.5038915,0.494992,0.4924816,
1,4,9.905,-0.2484633,0.04287241,-1.016188,0.5084665,-0.5038915,0.494992,0.4924816,
1,4,9.907,-0.2484633,0.04287241,-1.016188,0.5084665,-0.5038915,0.494992,0.4924816,
1,4,9.909,-0.2484702,0.0428654,-1.01619,0.5084725,-0.5039382,0.4949442,0.4924757,
1,4,9.911,-0.2484702,0.0428654,-1.01619,0.5084725,-0.5039382,0.4949442,0.4924757,
1,4,9.913,-0.2484702,0.0428654,-1.01619,0.5084725,-0.5039382,0.4949442,0.4924757,
1,4,9.915,-0.2484702,0.0428654,-1.01619,0.5084725,-0.5039382,0.4949442,0.4924757,
1,4,9.917,-0.2484702,0.0428654,-1.01619,0.5084725,-0.5039382,0.4949442,0.4924757,
1,4,9.919,-0.2484839,0.04287916,-1.016184,0.5084664,-0.5039423,0.4949474,0.4924747,
1,4,9.921,-0.2484839,0.04287916,-1.016184,0.5084664,-0.5039423,0.4949474,0.4924747,
1,4,9.923,-0.2484839,0.04287916,-1.016184,0.5084664,-0.5039423,0.4949474,0.4924747,
1,4,9.925,-0.2484839,0.04287916,-1.016184,0.5084664,-0.5039423,0.4949474,0.4924747,
1,4,9.927,-0.2484561,0.04286974,-1.016188,0.5084883,-0.5039281,0.4949376,0.4924764,
1,4,9.929,-0.2484561,0.04286974,-1.016188,0.5084883,-0.5039281,0.4949376,0.4924764,
1,4,9.931,-0.2484561,0.04286974,-1.016188,0.5084883,-0.5039281,0.4949376,0.4924764,
1,4,9.933,-0.2484561,0.04286974,-1.016188,0.5084883,-0.5039281,0.4949376,0.4924764,
1,4,9.935,-0.2484714,0.04287552,-1.016183,0.5084933,-0.5038906,0.4949783,0.4924687,
1,4,9.937,-0.2484714,0.04287552,-1.016183,0.5084933,-0.5038906,0.4949783,0.4924687,
1,4,9.939,-0.2484714,0.04287552,-1.016183,0.5084933,-0.5038906,0.4949783,0.4924687,
1,4,9.941,-0.2484714,0.04287552,-1.016183,0.5084933,-0.5038906,0.4949783,0.4924687,
1,4,9.943,-0.2484717,0.04287136,-1.016189,0.508478,-0.5039192,0.4949582,0.4924755,
1,4,9.945,-0.2484717,0.04287136,-1.016189,0.508478,-0.5039192,0.4949582,0.4924755,
1,4,9.947,-0.2484717,0.04287136,-1.016189,0.508478,-0.5039192,0.4949582,0.4924755,
1,4,9.949,-0.2484717,0.04287136,-1.016189,0.508478,-0.5039192,0.4949582,0.4924755,
1,4,9.951,-0.2484616,0.0428631,-1.016185,0.50848,-0.5038992,0.4949746,0.4924775,
1,4,9.953,-0.2484616,0.0428631,-1.016185,0.50848,-0.5038992,0.4949746,0.4924775,
1,4,9.955,-0.2484616,0.0428631,-1.016185,0.50848,-0.5038992,0.4949746,0.4924775,
1,4,9.957,-0.2484616,0.0428631,-1.016185,0.50848,-0.5038992,0.4949746,0.4924775,
1,4,9.959,-0.2484658,0.04287448,-1.016181,0.508501,-0.5039371,0.4949319,0.4924598,
1,4,9.961,-0.2484658,0.04287448,-1.016181,0.508501,-0.5039371,0.4949319,0.4924598,
1,4,9.963,-0.2484658,0.04287448,-1.016181,0.508501,-0.5039371,0.4949319,0.4924598,
1,4,9.965,-0.2484658,0.04287448,-1.016181,0.508501,-0.5039371,0.4949319,0.4924598,
1,4,9.967,-0.2484658,0.04287448,-1.016181,0.508501,-0.5039371,0.4949319,0.4924598,
1,4,9.969,-0.2484614,0.04287892,-1.01618,0.5084878,-0.5039271,0.4949453,0.4924702,
1,4,9.971,-0.2484614,0.04287892,-1.01618,0.5084878,-0.5039271,0.4949453,0.4924702,
1,4,9.973,-0.2484614,0.04287892,-1.01618,0.5084878,-0.5039271,0.4949453,0.4924702,
1,4,9.975,-0.2484614,0.04287892,-1.01618,0.5084878,-0.5039271,0.4949453,0.4924702,
1,4,9.977,-0.2484599,0.04287534,-1.016185,0.5084962,-0.5038972,0.4949616,0.4924756,
1,4,9.979,-0.2484599,0.04287534,-1.016185,0.5084962,-0.5038972,0.4949616,0.4924756,
1,4,9.981,-0.2484599,0.04287534,-1.016185,0.5084962,-0.5038972,0.4949616,0.4924756,
1,4,9.983,-0.2484599,0.04287534,-1.016185,0.5084962,-0.5038972,0.4949616,0.4924756,
1,4,9.985,-0.2484731,0.04287636,-1.016189,0.5084977,-0.5038862,0.4949718,0.4924753,
1,4,9.987,-0.2484731,0.04287636,-1.016189,0.5084977,-0.5038862,0.4949718,0.4924753,
1,4,9.989,-0.2484731,0.04287636,-1.016189,0.5084977,-0.5038862,0.4949718,0.4924753,
1,4,9.991,-0.2484731,0.04287636,-1.016189,0.5084977,-0.5038862,0.4949718,0.4924753,
1,4,9.993,-0.2484759,0.0428693,-1.016185,0.5084661,-0.50393,0.4949308,0.4925041,
1,4,9.995,-0.2484759,0.0428693,-1.016185,0.5084661,-0.50393,0.4949308,0.4925041,
1,4,9.997,-0.2484759,0.0428693,-1.016185,0.5084661,-0.50393,0.4949308,0.4925041,
1,4,9.999,-0.2484759,0.0428693,-1.016185,0.5084661,-0.50393,0.4949308,0.4925041,
1,4,10.001,-0.2484673,0.04288114,-1.016184,0.508487,-0.5039114,0.4949521,0.4924803,
1,4,10.003,-0.2484673,0.04288114,-1.016184,0.508487,-0.5039114,0.4949521,0.4924803,
1,4,10.005,-0.2484673,0.04288114,-1.016184,0.508487,-0.5039114,0.4949521,0.4924803,
1,4,10.007,-0.2484673,0.04288114,-1.016184,0.508487,-0.5039114,0.4949521,0.4924803,
1,4,10.009,-0.2484564,0.04288346,-1.016189,0.5085092,-0.5039047,0.4949554,0.4924609,
1,4,10.011,-0.2484564,0.04288346,-1.016189,0.5085092,-0.5039047,0.4949554,0.4924609,
1,4,10.013,-0.2484564,0.04288346,-1.016189,0.5085092,-0.5039047,0.4949554,0.4924609,
1,4,10.015,-0.2484564,0.04288346,-1.016189,0.5085092,-0.5039047,0.4949554,0.4924609,
1,4,10.017,-0.2484564,0.04288346,-1.016189,0.5085092,-0.5039047,0.4949554,0.4924609,
1,4,10.019,-0.2484607,0.04287443,-1.016182,0.5085119,-0.5038794,0.4949831,0.4924561,
1,4,10.021,-0.2484607,0.04287443,-1.016182,0.5085119,-0.5038794,0.4949831,0.4924561,
1,4,10.023,-0.2484607,0.04287443,-1.016182,0.5085119,-0.5038794,0.4949831,0.4924561,
1,4,10.025,-0.2484607,0.04287443,-1.016182,0.5085119,-0.5038794,0.4949831,0.4924561,
1,4,10.027,-0.2484614,0.04288303,-1.016184,0.5085098,-0.5038978,0.4949642,0.4924585,
1,4,10.029,-0.2484614,0.04288303,-1.016184,0.5085098,-0.5038978,0.4949642,0.4924585,
1,4,10.031,-0.2484614,0.04288303,-1.016184,0.5085098,-0.5038978,0.4949642,0.4924585,
1,4,10.033,-0.2484614,0.04288303,-1.016184,0.5085098,-0.5038978,0.4949642,0.4924585,
1,4,10.035,-0.2484638,0.04288254,-1.01619,0.5084974,-0.5039111,0.4949534,0.4924685,
1,4,10.037,-0.2484638,0.04288254,-1.01619,0.5084974,-0.5039111,0.4949534,0.4924685,
1,4,10.039,-0.2484638,0.04288254,-1.01619,0.5084974,-0.5039111,0.4949534,0.4924685,
1,4,10.041,-0.2484638,0.04288254,-1.01619,0.5084974,-0.5039111,0.4949534,0.4924685,
1,4,10.043,-0.2484675,0.0428758,-1.016184,0.508471,-0.50392,0.4949522,0.492488,
1,4,10.045,-0.2484675,0.0428758,-1.016184,0.508471,-0.50392,0.4949522,0.492488,
1,4,10.047,-0.2484675,0.0428758,-1.016184,0.508471,-0.50392,0.4949522,0.492488,
1,4,10.049,-0.2484675,0.0428758,-1.016184,0.508471,-0.50392,0.4949522,0.492488,
1,4,10.051,-0.2484592,0.04287374,-1.016183,0.5085004,-0.5039122,0.4949455,0.4924723,
1,4,10.053,-0.2484592,0.04287374,-1.016183,0.5085004,-0.5039122,0.4949455,0.4924723,
1,4,10.055,-0.2484592,0.04287374,-1.016183,0.5085004,-0.5039122,0.4949455,0.4924723,
1,4,10.057,-0.2484592,0.04287374,-1.016183,0.5085004,-0.5039122,0.4949455,0.4924723,
1,4,10.059,-0.2484696,0.04287108,-1.016185,0.5084836,-0.503918,0.4949557,0.4924733,
1,4,10.061,-0.2484696,0.04287108,-1.016185,0.5084836,-0.503918,0.4949557,0.4924733,
1,4,10.063,-0.2484696,0.04287108,-1.016185,0.5084836,-0.503918,0.4949557,0.4924733,
1,4,10.065,-0.2484696,0.04287108,-1.016185,0.5084836,-0.503918,0.4949557,0.4924733,
1,4,10.067,-0.2484696,0.04287108,-1.016185,0.5084836,-0.503918,0.4949557,0.4924733,
1,4,10.069,-0.2484679,0.0428772,-1.01619,0.5084736,-0.5039008,0.4949832,0.4924736,
1,4,10.071,-0.2484679,0.0428772,-1.01619,0.5084736,-0.5039008,0.4949832,0.4924736,
1,4,10.073,-0.2484679,0.0428772,-1.01619,0.5084736,-0.5039008,0.4949832,0.4924736,
1,4,10.075,-0.2484679,0.0428772,-1.01619,0.5084736,-0.5039008,0.4949832,0.4924736,
1,4,10.077,-0.248463,0.04287941,-1.016193,0.5084882,-0.5039253,0.494956,0.4924607,
1,4,10.079,-0.248463,0.04287941,-1.016193,0.5084882,-0.5039253,0.494956,0.4924607,
1,4,10.081,-0.248463,0.04287941,-1.016193,0.5084882,-0.5039253,0.494956,0.4924607,
1,4,10.083,-0.248463,0.04287941,-1.016193,0.5084882,-0.5039253,0.494956,0.4924607,
1,4,10.085,-0.2484623,0.04287828,-1.016184,0.5084856,-0.5039213,0.4949528,0.4924708,
1,4,10.087,-0.2484623,0.04287828,-1.016184,0.5084856,-0.5039213,0.4949528,0.4924708,
1,4,10.089,-0.2484623,0.04287828,-1.016184,0.5084856,-0.5039213,0.4949528,0.4924708,
1,4,10.091,-0.2484623,0.04287828,-1.016184,0.5084856,-0.5039213,0.4949528,0.4924708,
1,4,10.093,-0.2484685,0.04288198,-1.016195,0.5084949,-0.5039301,0.4949419,0.4924631,
1,4,10.095,-0.2484685,0.04288198,-1.016195,0.5084949,-0.5039301,0.4949419,0.4924631,
1,4,10.097,-0.2484685,0.04288198,-1.016195,0.5084949,-0.5039301,0.4949419,0.4924631,
1,4,10.099,-0.2484685,0.04288198,-1.016195,0.5084949,-0.5039301,0.4949419,0.4924631,
1,4,10.101,-0.2484567,0.04286972,-1.016192,0.5084915,-0.5038992,0.4949611,0.4924788,
1,4,10.103,-0.2484567,0.04286972,-1.016192,0.5084915,-0.5038992,0.4949611,0.4924788,
1,4,10.105,-0.2484567,0.04286972,-1.016192,0.5084915,-0.5038992,0.4949611,0.4924788,
1,4,10.107,-0.2484567,0.04286972,-1.016192,0.5084915,-0.5038992,0.4949611,0.4924788,
1,4,10.109,-0.2484557,0.04287142,-1.016191,0.508505,-0.5039119,0.4949411,0.4924721,
1,4,10.111,-0.2484557,0.04287142,-1.016191,0.508505,-0.5039119,0.4949411,0.4924721,
1,4,10.113,-0.2484557,0.04287142,-1.016191,0.508505,-0.5039119,0.4949411,0.4924721,
1,4,10.115,-0.2484557,0.04287142,-1.016191,0.508505,-0.5039119,0.4949411,0.4924721,
1,4,10.117,-0.2484557,0.04287142,-1.016191,0.508505,-0.5039119,0.4949411,0.4924721,
1,4,10.119,-0.2484665,0.04288024,-1.016185,0.5084961,-0.5039412,0.4949141,0.4924784,
1,4,10.121,-0.2484665,0.04288024,-1.016185,0.5084961,-0.5039412,0.4949141,0.4924784,
1,4,10.123,-0.2484665,0.04288024,-1.016185,0.5084961,-0.5039412,0.4949141,0.4924784,
1,4,10.125,-0.2484665,0.04288024,-1.016185,0.5084961,-0.5039412,0.4949141,0.4924784,
1,4,10.127,-0.2484538,0.04287546,-1.01619,0.5084814,-0.5039496,0.4949252,0.492474,
1,4,10.129,-0.2484538,0.04287546,-1.01619,0.5084814,-0.5039496,0.4949252,0.492474,
1,4,10.131,-0.2484538,0.04287546,-1.01619,0.5084814,-0.5039496,0.4949252,0.492474,
1,4,10.133,-0.2484538,0.04287546,-1.01619,0.5084814,-0.5039496,0.4949252,0.492474,
1,4,10.135,-0.2484583,0.04287431,-1.016189,0.5084845,-0.5039377,0.4949234,0.4924847,
1,4,10.137,-0.2484583,0.04287431,-1.016189,0.5084845,-0.5039377,0.4949234,0.4924847,
1,4,10.139,-0.2484583,0.04287431,-1.016189,0.5084845,-0.5039377,0.4949234,0.4924847,
1,4,10.141,-0.2484583,0.04287431,-1.016189,0.5084845,-0.5039377,0.4949234,0.4924847,
1,4,10.143,-0.2484558,0.04287719,-1.016191,0.50848,-0.5039338,0.494927,0.4924896,
1,4,10.145,-0.2484558,0.04287719,-1.016191,0.50848,-0.5039338,0.494927,0.4924896,
1,4,10.147,-0.2484558,0.04287719,-1.016191,0.50848,-0.5039338,0.494927,0.4924896,
1,4,10.149,-0.2484558,0.04287719,-1.016191,0.50848,-0.5039338,0.494927,0.4924896,
1,4,10.151,-0.2484613,0.04287753,-1.016203,0.5084864,-0.5039276,0.4949387,0.4924778,
1,4,10.153,-0.2484613,0.04287753,-1.016203,0.5084864,-0.5039276,0.4949387,0.4924778,
1,4,10.155,-0.2484613,0.04287753,-1.016203,0.5084864,-0.5039276,0.4949387,0.4924778,
1,4,10.157,-0.2484613,0.04287753,-1.016203,0.5084864,-0.5039276,0.4949387,0.4924778,
1,4,10.159,-0.2484616,0.04288312,-1.016206,0.5085015,-0.5039154,0.4949459,0.4924675,
1,4,10.161,-0.2484616,0.04288312,-1.016206,0.5085015,-0.5039154,0.4949459,0.4924675,
1,4,10.163,-0.2484616,0.04288312,-1.016206,0.5085015,-0.5039154,0.4949459,0.4924675,
1,4,10.165,-0.2484616,0.04288312,-1.016206,0.5085015,-0.5039154,0.4949459,0.4924675,
1,4,10.167,-0.2484616,0.04288312,-1.016206,0.5085015,-0.5039154,0.4949459,0.4924675,
1,4,10.169,-0.2484728,0.04288168,-1.016208,0.5084929,-0.5039197,0.4949498,0.492468,
1,4,10.171,-0.2484728,0.04288168,-1.016208,0.5084929,-0.5039197,0.4949498,0.492468,
1,4,10.173,-0.2484728,0.04288168,-1.016208,0.5084929,-0.5039197,0.4949498,0.492468,
1,4,10.175,-0.2484728,0.04288168,-1.016208,0.5084929,-0.5039197,0.4949498,0.492468,
1,4,10.177,-0.2484692,0.0428847,-1.016199,0.5085146,-0.5039288,0.494929,0.4924571,
1,4,10.179,-0.2484692,0.0428847,-1.016199,0.5085146,-0.5039288,0.494929,0.4924571,
1,4,10.181,-0.2484692,0.0428847,-1.016199,0.5085146,-0.5039288,0.494929,0.4924571,CourtEnter
1,4,10.183,-0.2484692,0.0428847,-1.016199,0.5085146,-0.5039288,0.494929,0.4924571,
1,4,10.185,-0.2484572,0.04287533,-1.016202,0.5085139,-0.5039254,0.494936,0.4924543,
1,4,10.187,-0.2484572,0.04287533,-1.016202,0.5085139,-0.5039254,0.494936,0.4924543,
1,4,10.189,-0.2484572,0.04287533,-1.016202,0.5085139,-0.5039254,0.494936,0.4924543,CourtExit
1,4,10.191,-0.2484572,0.04287533,-1.016202,0.5085139,-0.5039254,0.494936,0.4924543,
1,4,10.193,-0.2484585,0.04288343,-1.016207,0.5084922,-0.5039042,0.4949607,0.4924737,
1,4,10.195,-0.2484585,0.04288343,-1.016207,0.5084922,-0.5039042,0.4949607,0.4924737,
1,4,10.197,-0.2484585,0.04288343,-1.016207,0.5084922,-0.5039042,0.4949607,0.4924737,
1,4,10.199,-0.2484585,0.04288343,-1.016207,0.5084922,-0.5039042,0.4949607,0.4924737,
1,4,10.201,-0.2484568,0.04287309,-1.016201,0.5084843,-0.5039444,0.4949326,0.4924689,
1,4,10.203,-0.2484568,0.04287309,-1.016201,0.5084843,-0.5039444,0.4949326,0.4924689,
1,4,10.205,-0.2484568,0.04287309,-1.016201,0.5084843,-0.5039444,0.4949326,0.4924689,
1,4,10.207,-0.2484568,0.04287309,-1.016201,0.5084843,-0.5039444,0.4949326,0.4924689,
1,4,10.209,-0.2484638,0.0428756,-1.016197,0.5084931,-0.5039562,0.4949185,0.4924618,
1,4,10.211,-0.2484638,0.0428756,-1.016197,0.5084931,-0.5039562,0.4949185,0.4924618,
1,4,10.213,-0.2484638,0.0428756,-1.016197,0.5084931,-0.5039562,0.4949185,0.4924618,
1,4,10.215,-0.2484638,0.0428756,-1.016197,0.5084931,-0.5039562,0.4949185,0.4924618,
1,4,10.217,-0.2484638,0.0428756,-1.016197,0.5084931,-0.5039562,0.4949185,0.4924618,
1,4,10.219,-0.2484612,0.04287756,-1.016192,0.5084823,-0.503932,0.4949435,0.4924726,
1,4,10.221,-0.2484612,0.04287756,-1.016192,0.5084823,-0.503932,0.4949435,0.4924726,
1,4,10.223,-0.2484612,0.04287756,-1.016192,0.5084823,-0.503932,0.4949435,0.4924726,
1,4,10.225,-0.2484612,0.04287756,-1.016192,0.5084823,-0.503932,0.4949435,0.4924726,
1,4,10.227,-0.2484552,0.04287185,-1.016191,0.5084782,-0.5039248,0.4949428,0.492485,
1,4,10.229,-0.2484552,0.04287185,-1.016191,0.5084782,-0.5039248,0.4949428,0.492485,
1,4,10.231,-0.2484552,0.04287185,-1.016191,0.5084782,-0.5039248,0.4949428,0.492485,
1,4,10.233,-0.2484552,0.04287185,-1.016191,0.5084782,-0.5039248,0.4949428,0.492485,
1,4,10.235,-0.248459,0.04287969,-1.016196,0.5085086,-0.5039175,0.4949289,0.4924749,
1,4,10.237,-0.248459,0.04287969,-1.016196,0.5085086,-0.5039175,0.4949289,0.4924749,
1,4,10.239,-0.248459,0.04287969,-1.016196,0.5085086,-0.5039175,0.4949289,0.4924749,
1,4,10.241,-0.248459,0.04287969,-1.016196,0.5085086,-0.5039175,0.4949289,0.4924749,
1,4,10.243,-0.2484577,0.04287896,-1.016187,0.5084991,-0.503907,0.494951,0.4924735,
1,4,10.245,-0.2484577,0.04287896,-1.016187,0.5084991,-0.503907,0.494951,0.4924735,
1,4,10.247,-0.2484577,0.04287896,-1.016187,0.5084991,-0.503907,0.494951,0.4924735,
1,4,10.249,-0.2484577,0.04287896,-1.016187,0.5084991,-0.503907,0.494951,0.4924735,
1,4,10.251,-0.2484618,0.04287628,-1.016186,0.5084904,-0.5039119,0.4949449,0.4924836,
1,4,10.253,-0.2484618,0.04287628,-1.016186,0.5084904,-0.5039119,0.4949449,0.4924836,
1,4,10.255,-0.2484618,0.04287628,-1.016186,0.5084904,-0.5039119,0.4949449,0.4924836,
1,4,10.257,-0.2484618,0.04287628,-1.016186,0.5084904,-0.5039119,0.4949449,0.4924836,
1,4,10.259,-0.2484633,0.04286757,-1.016189,0.5084859,-0.5039217,0.4949424,0.4924805,
1,4,10.261,-0.2484633,0.04286757,-1.016189,0.5084859,-0.5039217,0.4949424,0.4924805,
1,4,10.263,-0.2484633,0.04286757,-1.016189,0.5084859,-0.5039217,0.4949424,0.4924805,
1,4,10.265,-0.2484633,0.04286757,-1.016189,0.5084859,-0.5039217,0.4949424,0.4924805,
1,4,10.267,-0.2484633,0.04286757,-1.016189,0.5084859,-0.5039217,0.4949424,0.4924805,
1,4,10.269,-0.2484629,0.04287182,-1.016195,0.5085088,-0.5039379,0.4949029,0.49248,
1,4,10.271,-0.2484629,0.04287182,-1.016195,0.5085088,-0.5039379,0.4949029,0.49248,
1,4,10.273,-0.2484629,0.04287182,-1.016195,0.5085088,-0.5039379,0.4949029,0.49248,
1,4,10.275,-0.2484629,0.04287182,-1.016195,0.5085088,-0.5039379,0.4949029,0.49248,
1,4,10.277,-0.2484492,0.04287108,-1.016195,0.5085253,-0.5039309,0.4949116,0.4924615,
1,4,10.279,-0.2484492,0.04287108,-1.016195,0.5085253,-0.5039309,0.4949116,0.4924615,
1,4,10.281,-0.2484492,0.04287108,-1.016195,0.5085253,-0.5039309,0.4949116,0.4924615,
1,4,10.283,-0.2484492,0.04287108,-1.016195,0.5085253,-0.5039309,0.4949116,0.4924615,
1,4,10.285,-0.2484476,0.04286534,-1.016188,0.5085168,-0.5039377,0.4948981,0.4924769,
1,4,10.287,-0.2484476,0.04286534,-1.016188,0.5085168,-0.5039377,0.4948981,0.4924769,
1,4,10.289,-0.2484476,0.04286534,-1.016188,0.5085168,-0.5039377,0.4948981,0.4924769,
1,4,10.291,-0.2484476,0.04286534,-1.016188,0.5085168,-0.5039377,0.4948981,0.4924769,
1,4,10.293,-0.2484545,0.04286951,-1.016189,0.5085139,-0.503931,0.4949214,0.4924631,
1,4,10.295,-0.2484545,0.04286951,-1.016189,0.5085139,-0.503931,0.4949214,0.4924631,
1,4,10.297,-0.2484545,0.04286951,-1.016189,0.5085139,-0.503931,0.4949214,0.4924631,
1,4,10.299,-0.2484545,0.04286951,-1.016189,0.5085139,-0.503931,0.4949214,0.4924631,
1,4,10.301,-0.2484478,0.04287468,-1.01619,0.5084944,-0.5039154,0.494955,0.4924654,
1,4,10.303,-0.2484478,0.04287468,-1.01619,0.5084944,-0.5039154,0.494955,0.4924654,
1,4,10.305,-0.2484478,0.04287468,-1.01619,0.5084944,-0.5039154,0.494955,0.4924654,
1,4,10.307,-0.2484478,0.04287468,-1.01619,0.5084944,-0.5039154,0.494955,0.4924654,
1,4,10.309,-0.2484573,0.04286578,-1.016196,0.5084982,-0.5039282,0.4949319,0.4924717,
1,4,10.311,-0.2484573,0.04286578,-1.016196,0.5084982,-0.5039282,0.4949319,0.4924717,
1,4,10.313,-0.2484573,0.04286578,-1.016196,0.5084982,-0.5039282,0.4949319,0.4924717,
1,4,10.315,-0.2484573,0.04286578,-1.016196,0.5084982,-0.5039282,0.4949319,0.4924717,
1,4,10.317,-0.2484573,0.04286578,-1.016196,0.5084982,-0.5039282,0.4949319,0.4924717,
1,4,10.319,-0.2484495,0.04286943,-1.016187,0.5085066,-0.503923,0.4949316,0.4924687,
1,4,10.321,-0.2484495,0.04286943,-1.016187,0.5085066,-0.503923,0.4949316,0.4924687,
1,4,10.323,-0.2484495,0.04286943,-1.016187,0.5085066,-0.503923,0.4949316,0.4924687,
1,4,10.325,-0.2484495,0.04286943,-1.016187,0.5085066,-0.503923,0.4949316,0.4924687,
1,4,10.327,-0.2484477,0.04286124,-1.016196,0.5085272,-0.5039164,0.4949275,0.4924583,
1,4,10.329,-0.2484477,0.04286124,-1.016196,0.5085272,-0.5039164,0.4949275,0.4924583,
1,4,10.331,-0.2484477,0.04286124,-1.016196,0.5085272,-0.5039164,0.4949275,0.4924583,
1,4,10.333,-0.2484477,0.04286124,-1.016196,0.5085272,-0.5039164,0.4949275,0.4924583,
1,4,10.335,-0.2484516,0.04286469,-1.016197,0.5085159,-0.5039361,0.4949038,0.4924736,
1,4,10.337,-0.2484516,0.04286469,-1.016197,0.5085159,-0.5039361,0.4949038,0.4924736,
1,4,10.339,-0.2484516,0.04286469,-1.016197,0.5085159,-0.5039361,0.4949038,0.4924736,
1,4,10.341,-0.2484516,0.04286469,-1.016197,0.5085159,-0.5039361,0.4949038,0.4924736,
1,4,10.343,-0.2484568,0.04286221,-1.016198,0.5084996,-0.5039083,0.4949398,0.4924828,
1,4,10.345,-0.2484568,0.04286221,-1.016198,0.5084996,-0.5039083,0.4949398,0.4924828,
1,4,10.347,-0.2484568,0.04286221,-1.016198,0.5084996,-0.5039083,0.4949398,0.4924828,
1,4,10.349,-0.2484568,0.04286221,-1.016198,0.5084996,-0.5039083,0.4949398,0.4924828,
1,4,10.351,-0.2484584,0.04285645,-1.0162,0.508514,-0.5038966,0.4949461,0.4924735,
1,4,10.353,-0.2484584,0.04285645,-1.0162,0.508514,-0.5038966,0.4949461,0.4924735,
1,4,10.355,-0.2484584,0.04285645,-1.0162,0.508514,-0.5038966,0.4949461,0.4924735,
1,4,10.357,-0.2484584,0.04285645,-1.0162,0.508514,-0.5038966,0.4949461,0.4924735,
1,4,10.359,-0.2484466,0.04285933,-1.0162,0.5085121,-0.5039052,0.4949494,0.4924633,
1,4,10.361,-0.2484466,0.04285933,-1.0162,0.5085121,-0.5039052,0.4949494,0.4924633,
1,4,10.363,-0.2484466,0.04285933,-1.0162,0.5085121,-0.5039052,0.4949494,0.4924633,
1,4,10.365,-0.2484466,0.04285933,-1.0162,0.5085121,-0.5039052,0.4949494,0.4924633,
1,4,10.367,-0.2484466,0.04285933,-1.0162,0.5085121,-0.5039052,0.4949494,0.4924633,
1,4,10.369,-0.2484557,0.04288181,-1.016201,0.5084901,-0.5039482,0.4949169,0.4924748,
1,4,10.371,-0.2484557,0.04288181,-1.016201,0.5084901,-0.5039482,0.4949169,0.4924748,
1,4,10.373,-0.2484557,0.04288181,-1.016201,0.5084901,-0.5039482,0.4949169,0.4924748,
1,4,10.375,-0.2484557,0.04288181,-1.016201,0.5084901,-0.5039482,0.4949169,0.4924748,
1,4,10.377,-0.2484481,0.04286872,-1.016197,0.5085217,-0.5039217,0.4949161,0.4924701,
1,4,10.379,-0.2484481,0.04286872,-1.016197,0.5085217,-0.5039217,0.4949161,0.4924701,
1,4,10.381,-0.2484481,0.04286872,-1.016197,0.5085217,-0.5039217,0.4949161,0.4924701,
1,4,10.383,-0.2484481,0.04286872,-1.016197,0.5085217,-0.5039217,0.4949161,0.4924701,
1,4,10.385,-0.2484505,0.0428631,-1.016184,0.5085022,-0.503906,0.4949399,0.4924825,
1,4,10.387,-0.2484505,0.0428631,-1.016184,0.5085022,-0.503906,0.4949399,0.4924825,
1,4,10.389,-0.2484505,0.0428631,-1.016184,0.5085022,-0.503906,0.4949399,0.4924825,
1,4,10.391,-0.2484505,0.0428631,-1.016184,0.5085022,-0.503906,0.4949399,0.4924825,
1,4,10.393,-0.24846,0.04287799,-1.016195,0.5085046,-0.5039039,0.494947,0.4924748,
1,4,10.395,-0.24846,0.04287799,-1.016195,0.5085046,-0.5039039,0.494947,0.4924748,
1,4,10.397,-0.24846,0.04287799,-1.016195,0.5085046,-0.5039039,0.494947,0.4924748,
1,4,10.399,-0.24846,0.04287799,-1.016195,0.5085046,-0.5039039,0.494947,0.4924748,
1,4,10.401,-0.248452,0.04286743,-1.016198,0.5085308,-0.5039088,0.4949405,0.4924494,
1,4,10.403,-0.248452,0.04286743,-1.016198,0.5085308,-0.5039088,0.4949405,0.4924494,
1,4,10.405,-0.248452,0.04286743,-1.016198,0.5085308,-0.5039088,0.4949405,0.4924494,
1,4,10.407,-0.248452,0.04286743,-1.016198,0.5085308,-0.5039088,0.4949405,0.4924494,
1,4,10.409,-0.2484515,0.04286028,-1.016196,0.5085208,-0.5039114,0.4949356,0.4924619,
1,4,10.411,-0.2484515,0.04286028,-1.016196,0.5085208,-0.5039114,0.4949356,0.4924619,
1,4,10.413,-0.2484515,0.04286028,-1.016196,0.5085208,-0.5039114,0.4949356,0.4924619,
1,4,10.415,-0.2484515,0.04286028,-1.016196,0.5085208,-0.5039114,0.4949356,0.4924619,
1,4,10.417,-0.2484515,0.04286028,-1.016196,0.5085208,-0.5039114,0.4949356,0.4924619,
1,4,10.419,-0.2484492,0.04285434,-1.016197,0.5085362,-0.5039142,0.4949251,0.4924534,
1,4,10.421,-0.2484492,0.04285434,-1.016197,0.5085362,-0.5039142,0.4949251,0.4924534,
1,4,10.423,-0.2484492,0.04285434,-1.016197,0.5085362,-0.5039142,0.4949251,0.4924534,
1,4,10.425,-0.2484492,0.04285434,-1.016197,0.5085362,-0.5039142,0.4949251,0.4924534,
1,4,10.427,-0.248448,0.04286318,-1.016195,0.508542,-0.5039123,0.4949131,0.4924617,
1,4,10.429,-0.248448,0.04286318,-1.016195,0.508542,-0.5039123,0.4949131,0.4924617,
1,4,10.431,-0.248448,0.04286318,-1.016195,0.508542,-0.5039123,0.4949131,0.4924617,
1,4,10.433,-0.248448,0.04286318,-1.016195,0.508542,-0.5039123,0.4949131,0.4924617,
1,4,10.435,-0.2484525,0.0428666,-1.016193,0.508525,-0.5038993,0.4949358,0.4924698,
1,4,10.437,-0.2484525,0.0428666,-1.016193,0.508525,-0.5038993,0.4949358,0.4924698,
1,4,10.439,-0.2484525,0.0428666,-1.016193,0.508525,-0.5038993,0.4949358,0.4924698,
1,4,10.441,-0.2484525,0.0428666,-1.016193,0.508525,-0.5038993,0.4949358,0.4924698,
1,4,10.443,-0.2484579,0.04286674,-1.016198,0.5085291,-0.5039008,0.4949328,0.492467,
1,4,10.445,-0.2484579,0.04286674,-1.016198,0.5085291,-0.5039008,0.4949328,0.492467,
1,4,10.447,-0.2484579,0.04286674,-1.016198,0.5085291,-0.5039008,0.4949328,0.492467,
1,4,10.449,-0.2484579,0.04286674,-1.016198,0.5085291,-0.5039008,0.4949328,0.492467,
1,4,10.451,-0.2484514,0.04285958,-1.016195,0.5085388,-0.503894,0.4949285,0.4924682,
1,4,10.453,-0.2484514,0.04285958,-1.016195,0.5085388,-0.503894,0.4949285,0.4924682,
1,4,10.455,-0.2484514,0.04285958,-1.016195,0.5085388,-0.503894,0.4949285,0.4924682,
1,4,10.457,-0.2484514,0.04285958,-1.016195,0.5085388,-0.503894,0.4949285,0.4924682,
1,4,10.459,-0.2484465,0.04286705,-1.016192,0.5085325,-0.5038899,0.4949434,0.492464,
1,4,10.461,-0.2484465,0.04286705,-1.016192,0.5085325,-0.5038899,0.4949434,0.492464,
1,4,10.463,-0.2484465,0.04286705,-1.016192,0.5085325,-0.5038899,0.4949434,0.492464,
1,4,10.465,-0.2484465,0.04286705,-1.016192,0.5085325,-0.5038899,0.4949434,0.492464,
1,4,10.467,-0.2484465,0.04286705,-1.016192,0.5085325,-0.5038899,0.4949434,0.492464,
1,4,10.469,-0.2484458,0.04286253,-1.016178,0.5085053,-0.5038757,0.4949701,0.4924796,
1,4,10.471,-0.2484458,0.04286253,-1.016178,0.5085053,-0.5038757,0.4949701,0.4924796,
1,4,10.473,-0.2484458,0.04286253,-1.016178,0.5085053,-0.5038757,0.4949701,0.4924796,
1,4,10.475,-0.2484458,0.04286253,-1.016178,0.5085053,-0.5038757,0.4949701,0.4924796,
1,4,10.477,-0.2484456,0.04287278,-1.016184,0.5084919,-0.5038773,0.4949834,0.4924785,
1,4,10.479,-0.2484456,0.04287278,-1.016184,0.5084919,-0.5038773,0.4949834,0.4924785,
1,4,10.481,-0.2484456,0.04287278,-1.016184,0.5084919,-0.5038773,0.4949834,0.4924785,
1,4,10.483,-0.2484456,0.04287278,-1.016184,0.5084919,-0.5038773,0.4949834,0.4924785,
1,4,10.485,-0.2484447,0.04286659,-1.01618,0.5085121,-0.503897,0.4949554,0.4924657,
1,4,10.487,-0.2484447,0.04286659,-1.01618,0.5085121,-0.503897,0.4949554,0.4924657,
1,4,10.489,-0.2484447,0.04286659,-1.01618,0.5085121,-0.503897,0.4949554,0.4924657,
1,4,10.491,-0.2484447,0.04286659,-1.01618,0.5085121,-0.503897,0.4949554,0.4924657,
1,4,10.493,-0.2484434,0.04287025,-1.016183,0.5085126,-0.5038951,0.4949586,0.492464,
1,4,10.495,-0.2484434,0.04287025,-1.016183,0.5085126,-0.5038951,0.4949586,0.492464,
1,4,10.497,-0.2484434,0.04287025,-1.016183,0.5085126,-0.5038951,0.4949586,0.492464,
1,4,10.499,-0.2484434,0.04287025,-1.016183,0.5085126,-0.5038951,0.4949586,0.492464,
1,4,10.501,-0.2484432,0.04288077,-1.0162,0.5085129,-0.503901,0.4949557,0.4924606,
1,4,10.503,-0.2484432,0.04288077,-1.0162,0.5085129,-0.503901,0.4949557,0.4924606,
1,4,10.505,-0.2484432,0.04288077,-1.0162,0.5085129,-0.503901,0.4949557,0.4924606,
1,4,10.507,-0.2484432,0.04288077,-1.0162,0.5085129,-0.503901,0.4949557,0.4924606,
1,4,10.509,-0.2484351,0.04287181,-1.016187,0.5085303,-0.5039142,0.4949431,0.4924417,
1,4,10.511,-0.2484351,0.04287181,-1.016187,0.5085303,-0.5039142,0.4949431,0.4924417,
1,4,10.513,-0.2484351,0.04287181,-1.016187,0.5085303,-0.5039142,0.4949431,0.4924417,
1,4,10.515,-0.2484351,0.04287181,-1.016187,0.5085303,-0.5039142,0.4949431,0.4924417,
1,4,10.517,-0.2484351,0.04287181,-1.016187,0.5085303,-0.5039142,0.4949431,0.4924417,
1,4,10.519,-0.2484387,0.0428758,-1.016186,0.5085191,-0.5039312,0.4949487,0.4924301,
1,4,10.521,-0.2484387,0.0428758,-1.016186,0.5085191,-0.5039312,0.4949487,0.4924301,
1,4,10.523,-0.2484387,0.0428758,-1.016186,0.5085191,-0.5039312,0.4949487,0.4924301,
1,4,10.525,-0.2484387,0.0428758,-1.016186,0.5085191,-0.5039312,0.4949487,0.4924301,
1,4,10.527,-0.2484399,0.04286879,-1.016177,0.508536,-0.5039413,0.4949027,0.4924486,
1,4,10.529,-0.2484399,0.04286879,-1.016177,0.508536,-0.5039413,0.4949027,0.4924486,
1,4,10.531,-0.2484399,0.04286879,-1.016177,0.508536,-0.5039413,0.4949027,0.4924486,
1,4,10.533,-0.2484399,0.04286879,-1.016177,0.508536,-0.5039413,0.4949027,0.4924486,
1,4,10.535,-0.2484304,0.04287534,-1.016179,0.5085437,-0.5039299,0.4949077,0.4924474,
1,4,10.537,-0.2484304,0.04287534,-1.016179,0.5085437,-0.5039299,0.4949077,0.4924474,
1,4,10.539,-0.2484304,0.04287534,-1.016179,0.5085437,-0.5039299,0.4949077,0.4924474,
1,4,10.541,-0.2484304,0.04287534,-1.016179,0.5085437,-0.5039299,0.4949077,0.4924474,
1,4,10.543,-0.2484265,0.04287579,-1.016181,0.508548,-0.5039312,0.4949147,0.4924346,
1,4,10.545,-0.2484265,0.04287579,-1.016181,0.508548,-0.5039312,0.4949147,0.4924346,
1,4,10.547,-0.2484265,0.04287579,-1.016181,0.508548,-0.5039312,0.4949147,0.4924346,
1,4,10.549,-0.2484265,0.04287579,-1.016181,0.508548,-0.5039312,0.4949147,0.4924346,
1,4,10.551,-0.2484297,0.04287917,-1.016173,0.5085403,-0.503915,0.4949281,0.4924457,
1,4,10.553,-0.2484297,0.04287917,-1.016173,0.5085403,-0.503915,0.4949281,0.4924457,
1,4,10.555,-0.2484297,0.04287917,-1.016173,0.5085403,-0.503915,0.4949281,0.4924457,
1,4,10.557,-0.2484297,0.04287917,-1.016173,0.5085403,-0.503915,0.4949281,0.4924457,
1,4,10.559,-0.2484272,0.04288435,-1.01618,0.5085403,-0.5039108,0.4949416,0.4924364,
1,4,10.561,-0.2484272,0.04288435,-1.01618,0.5085403,-0.5039108,0.4949416,0.4924364,
1,4,10.563,-0.2484272,0.04288435,-1.01618,0.5085403,-0.5039108,0.4949416,0.4924364,
1,4,10.565,-0.2484272,0.04288435,-1.01618,0.5085403,-0.5039108,0.4949416,0.4924364,
1,4,10.567,-0.2484272,0.04288435,-1.01618,0.5085403,-0.5039108,0.4949416,0.4924364,
1,4,10.569,-0.24843,0.04287985,-1.016175,0.5085394,-0.5039397,0.494925,0.4924246,
1,4,10.571,-0.24843,0.04287985,-1.016175,0.5085394,-0.5039397,0.494925,0.4924246,
1,4,10.573,-0.24843,0.04287985,-1.016175,0.5085394,-0.5039397,0.494925,0.4924246,
1,4,10.575,-0.24843,0.04287985,-1.016175,0.5085394,-0.5039397,0.494925,0.4924246,
1,4,10.577,-0.2484389,0.04288321,-1.01618,0.5085281,-0.50394,0.4949135,0.4924472,
1,4,10.579,-0.2484389,0.04288321,-1.01618,0.5085281,-0.50394,0.4949135,0.4924472,
1,4,10.581,-0.2484389,0.04288321,-1.01618,0.5085281,-0.50394,0.4949135,0.4924472,
1,4,10.583,-0.2484389,0.04288321,-1.01618,0.5085281,-0.50394,0.4949135,0.4924472,
1,4,10.585,-0.2484304,0.04288422,-1.016179,0.5085166,-0.5039399,0.4949377,0.492435,
1,4,10.587,-0.2484304,0.04288422,-1.016179,0.5085166,-0.5039399,0.4949377,0.492435,
1,4,10.589,-0.2484304,0.04288422,-1.016179,0.5085166,-0.5039399,0.4949377,0.492435,
1,4,10.591,-0.2484304,0.04288422,-1.016179,0.5085166,-0.5039399,0.4949377,0.492435,
1,4,10.593,-0.24843,0.0428877,-1.016193,0.5085213,-0.5039287,0.4949385,0.4924408,
1,4,10.595,-0.24843,0.0428877,-1.016193,0.5085213,-0.5039287,0.4949385,0.4924408,
1,4,10.597,-0.24843,0.0428877,-1.016193,0.5085213,-0.5039287,0.4949385,0.4924408,
1,4,10.599,-0.24843,0.0428877,-1.016193,0.5085213,-0.5039287,0.4949385,0.4924408,
1,4,10.601,-0.2484285,0.04287979,-1.016189,0.5085461,-0.503938,0.4949162,0.4924282,
1,4,10.603,-0.2484285,0.04287979,-1.016189,0.5085461,-0.503938,0.4949162,0.4924282,
1,4,10.605,-0.2484285,0.04287979,-1.016189,0.5085461,-0.503938,0.4949162,0.4924282,
1,4,10.607,-0.2484285,0.04287979,-1.016189,0.5085461,-0.503938,0.4949162,0.4924282,
1,4,10.609,-0.2484372,0.04288089,-1.01619,0.5085249,-0.5039648,0.4948974,0.4924415,
1,4,10.611,-0.2484372,0.04288089,-1.01619,0.5085249,-0.5039648,0.4948974,0.4924415,
1,4,10.613,-0.2484372,0.04288089,-1.01619,0.5085249,-0.5039648,0.4948974,0.4924415,
1,4,10.615,-0.2484372,0.04288089,-1.01619,0.5085249,-0.5039648,0.4948974,0.4924415,
1,4,10.617,-0.2484372,0.04288089,-1.01619,0.5085249,-0.5039648,0.4948974,0.4924415,
1,4,10.619,-0.248431,0.04288457,-1.016195,0.5085077,-0.5039476,0.4949394,0.4924347,
1,4,10.621,-0.248431,0.04288457,-1.016195,0.5085077,-0.5039476,0.4949394,0.4924347,
1,4,10.623,-0.248431,0.04288457,-1.016195,0.5085077,-0.5039476,0.4949394,0.4924347,
1,4,10.625,-0.248431,0.04288457,-1.016195,0.5085077,-0.5039476,0.4949394,0.4924347,
1,4,10.627,-0.24844,0.0428807,-1.01619,0.5085222,-0.5039576,0.494922,0.4924269,
1,4,10.629,-0.24844,0.0428807,-1.01619,0.5085222,-0.5039576,0.494922,0.4924269,
1,4,10.631,-0.24844,0.0428807,-1.01619,0.5085222,-0.5039576,0.494922,0.4924269,
1,4,10.633,-0.24844,0.0428807,-1.01619,0.5085222,-0.5039576,0.494922,0.4924269,
1,4,10.635,-0.2484351,0.04288178,-1.016189,0.5085068,-0.5039343,0.4949493,0.4924392,
1,4,10.637,-0.2484351,0.04288178,-1.016189,0.5085068,-0.5039343,0.4949493,0.4924392,
1,4,10.639,-0.2484351,0.04288178,-1.016189,0.5085068,-0.5039343,0.4949493,0.4924392,
1,4,10.641,-0.2484351,0.04288178,-1.016189,0.5085068,-0.5039343,0.4949493,0.4924392,
1,4,10.643,-0.2484406,0.04287914,-1.016188,0.508516,-0.5039443,0.4949278,0.4924411,
1,4,10.645,-0.2484406,0.04287914,-1.016188,0.508516,-0.5039443,0.4949278,0.4924411,
1,4,10.647,-0.2484406,0.04287914,-1.016188,0.508516,-0.5039443,0.4949278,0.4924411,
1,4,10.649,-0.2484406,0.04287914,-1.016188,0.508516,-0.5039443,0.4949278,0.4924411,
1,4,10.651,-0.2484425,0.04289008,-1.016182,0.5084993,-0.5039678,0.4949119,0.4924503,
1,4,10.653,-0.2484425,0.04289008,-1.016182,0.5084993,-0.5039678,0.4949119,0.4924503,
1,4,10.655,-0.2484425,0.04289008,-1.016182,0.5084993,-0.5039678,0.4949119,0.4924503,
1,4,10.657,-0.2484425,0.04289008,-1.016182,0.5084993,-0.5039678,0.4949119,0.4924503,
1,4,10.659,-0.2484357,0.04287506,-1.016188,0.5085139,-0.5039722,0.494905,0.4924376,
1,4,10.661,-0.2484357,0.04287506,-1.016188,0.5085139,-0.5039722,0.494905,0.4924376,
1,4,10.663,-0.2484357,0.04287506,-1.016188,0.5085139,-0.5039722,0.494905,0.4924376,
1,4,10.665,-0.2484357,0.04287506,-1.016188,0.5085139,-0.5039722,0.494905,0.4924376,
1,4,10.667,-0.2484357,0.04287506,-1.016188,0.5085139,-0.5039722,0.494905,0.4924376,
1,4,10.669,-0.2484379,0.04287998,-1.016189,0.5084972,-0.5039576,0.4949288,0.4924459,
1,4,10.671,-0.2484379,0.04287998,-1.016189,0.5084972,-0.5039576,0.4949288,0.4924459,
1,4,10.673,-0.2484379,0.04287998,-1.016189,0.5084972,-0.5039576,0.4949288,0.4924459,
1,4,10.675,-0.2484379,0.04287998,-1.016189,0.5084972,-0.5039576,0.4949288,0.4924459,
1,4,10.677,-0.2484516,0.04287174,-1.016211,0.5085074,-0.5039756,0.4948709,0.492475,
1,4,10.679,-0.2484516,0.04287174,-1.016211,0.5085074,-0.5039756,0.4948709,0.492475,
1,4,10.681,-0.2484516,0.04287174,-1.016211,0.5085074,-0.5039756,0.4948709,0.492475,
1,4,10.683,-0.2484516,0.04287174,-1.016211,0.5085074,-0.5039756,0.4948709,0.492475,
1,4,10.685,-0.2484417,0.04288232,-1.016191,0.5085008,-0.5040019,0.4948746,0.4924512,
1,4,10.687,-0.2484417,0.04288232,-1.016191,0.5085008,-0.5040019,0.4948746,0.4924512,
1,4,10.689,-0.2484417,0.04288232,-1.016191,0.5085008,-0.5040019,0.4948746,0.4924512,
1,4,10.691,-0.2484417,0.04288232,-1.016191,0.5085008,-0.5040019,0.4948746,0.4924512,
1,4,10.693,-0.2484345,0.04288425,-1.01619,0.5085104,-0.5039974,0.494877,0.4924437,
1,4,10.695,-0.2484345,0.04288425,-1.01619,0.5085104,-0.5039974,0.494877,0.4924437,
1,4,10.697,-0.2484345,0.04288425,-1.01619,0.5085104,-0.5039974,0.494877,0.4924437,
1,4,10.699,-0.2484345,0.04288425,-1.01619,0.5085104,-0.5039974,0.494877,0.4924437,
1,4,10.701,-0.2484365,0.04288745,-1.01619,0.5085155,-0.5039874,0.4948916,0.4924338,
1,4,10.703,-0.2484365,0.04288745,-1.01619,0.5085155,-0.5039874,0.4948916,0.4924338,
1,4,10.705,-0.2484365,0.04288745,-1.01619,0.5085155,-0.5039874,0.4948916,0.4924338,
1,4,10.707,-0.2484365,0.04288745,-1.01619,0.5085155,-0.5039874,0.4948916,0.4924338,
1,4,10.709,-0.2484327,0.04288559,-1.016197,0.5085279,-0.5039546,0.4949277,0.4924182,
1,4,10.711,-0.2484327,0.04288559,-1.016197,0.5085279,-0.5039546,0.4949277,0.4924182,
1,4,10.713,-0.2484327,0.04288559,-1.016197,0.5085279,-0.5039546,0.4949277,0.4924182,
1,4,10.715,-0.2484327,0.04288559,-1.016197,0.5085279,-0.5039546,0.4949277,0.4924182,
1,4,10.717,-0.2484327,0.04288559,-1.016197,0.5085279,-0.5039546,0.4949277,0.4924182,
1,4,10.719,-0.2484301,0.04288843,-1.016194,0.5085217,-0.5039359,0.4949386,0.4924328,
1,4,10.721,-0.2484301,0.04288843,-1.016194,0.5085217,-0.5039359,0.4949386,0.4924328,
1,4,10.723,-0.2484301,0.04288843,-1.016194,0.5085217,-0.5039359,0.4949386,0.4924328,
1,4,10.725,-0.2484301,0.04288843,-1.016194,0.5085217,-0.5039359,0.4949386,0.4924328,
1,4,10.727,-0.2484366,0.04287794,-1.016194,0.5085332,-0.5039316,0.4949371,0.4924268,
1,4,10.729,-0.2484366,0.04287794,-1.016194,0.5085332,-0.5039316,0.4949371,0.4924268,
1,4,10.731,-0.2484366,0.04287794,-1.016194,0.5085332,-0.5039316,0.4949371,0.4924268,
1,4,10.733,-0.2484366,0.04287794,-1.016194,0.5085332,-0.5039316,0.4949371,0.4924268,
1,4,10.735,-0.248426,0.04288206,-1.01619,0.5085202,-0.5039352,0.4949375,0.4924362,
1,4,10.737,-0.248426,0.04288206,-1.01619,0.5085202,-0.5039352,0.4949375,0.4924362,
1,4,10.739,-0.248426,0.04288206,-1.01619,0.5085202,-0.5039352,0.4949375,0.4924362,
1,4,10.741,-0.248426,0.04288206,-1.01619,0.5085202,-0.5039352,0.4949375,0.4924362,
1,4,10.743,-0.2484286,0.04287704,-1.016198,0.5085265,-0.5039477,0.4949217,0.4924328,
1,4,10.745,-0.2484286,0.04287704,-1.016198,0.5085265,-0.5039477,0.4949217,0.4924328,
1,4,10.747,-0.2484286,0.04287704,-1.016198,0.5085265,-0.5039477,0.4949217,0.4924328,
1,4,10.749,-0.2484286,0.04287704,-1.016198,0.5085265,-0.5039477,0.4949217,0.4924328,
1,4,10.751,-0.248427,0.04287625,-1.016201,0.5085264,-0.5039678,0.4949042,0.4924298,
1,4,10.753,-0.248427,0.04287625,-1.016201,0.5085264,-0.5039678,0.4949042,0.4924298,
1,4,10.755,-0.248427,0.04287625,-1.016201,0.5085264,-0.5039678,0.4949042,0.4924298,
1,4,10.757,-0.248427,0.04287625,-1.016201,0.5085264,-0.5039678,0.4949042,0.4924298,
1,4,10.759,-0.2484329,0.04288094,-1.016193,0.5085104,-0.503958,0.4949345,0.492426,
1,4,10.761,-0.2484329,0.04288094,-1.016193,0.5085104,-0.503958,0.4949345,0.492426,
1,4,10.763,-0.2484329,0.04288094,-1.016193,0.5085104,-0.503958,0.4949345,0.492426,
1,4,10.765,-0.2484329,0.04288094,-1.016193,0.5085104,-0.503958,0.4949345,0.492426,
1,4,10.767,-0.2484329,0.04288094,-1.016193,0.5085104,-0.503958,0.4949345,0.492426,
1,4,10.769,-0.2484292,0.04287907,-1.016186,0.5085135,-0.503965,0.494911,0.4924394,
1,4,10.771,-0.2484292,0.04287907,-1.016186,0.5085135,-0.503965,0.494911,0.4924394,
1,4,10.773,-0.2484292,0.04287907,-1.016186,0.5085135,-0.503965,0.494911,0.4924394,
1,4,10.775,-0.2484292,0.04287907,-1.016186,0.5085135,-0.503965,0.494911,0.4924394,
1,4,10.777,-0.248436,0.04288252,-1.016189,0.5085185,-0.5039611,0.4949096,0.4924395,
1,4,10.779,-0.248436,0.04288252,-1.016189,0.5085185,-0.5039611,0.4949096,0.4924395,
1,4,10.781,-0.248436,0.04288252,-1.016189,0.5085185,-0.5039611,0.4949096,0.4924395,
1,4,10.783,-0.248436,0.04288252,-1.016189,0.5085185,-0.5039611,0.4949096,0.4924395,
1,4,10.785,-0.2484339,0.04288042,-1.016185,0.508505,-0.5039695,0.4949188,0.4924356,
1,4,10.787,-0.2484339,0.04288042,-1.016185,0.508505,-0.5039695,0.4949188,0.4924356,
1,4,10.789,-0.2484339,0.04288042,-1.016185,0.508505,-0.5039695,0.4949188,0.4924356,
1,4,10.791,-0.2484339,0.04288042,-1.016185,0.508505,-0.5039695,0.4949188,0.4924356,
1,4,10.793,-0.2484324,0.04287743,-1.016176,0.5085112,-0.5039749,0.4949161,0.4924265,
1,4,10.795,-0.2484324,0.04287743,-1.016176,0.5085112,-0.5039749,0.4949161,0.4924265,
1,4,10.797,-0.2484324,0.04287743,-1.016176,0.5085112,-0.5039749,0.4949161,0.4924265,
1,4,10.799,-0.2484324,0.04287743,-1.016176,0.5085112,-0.5039749,0.4949161,0.4924265,
1,4,10.801,-0.2484345,0.04288353,-1.016183,0.5085242,-0.5039577,0.4949342,0.4924124,
1,4,10.803,-0.2484345,0.04288353,-1.016183,0.5085242,-0.5039577,0.4949342,0.4924124,
1,4,10.805,-0.2484345,0.04288353,-1.016183,0.5085242,-0.5039577,0.4949342,0.4924124,
1,4,10.807,-0.2484345,0.04288353,-1.016183,0.5085242,-0.5039577,0.4949342,0.4924124,
1,4,10.809,-0.248443,0.04288644,-1.016182,0.5084966,-0.5039765,0.4949308,0.4924252,
1,4,10.811,-0.248443,0.04288644,-1.016182,0.5084966,-0.5039765,0.4949308,0.4924252,
1,4,10.813,-0.248443,0.04288644,-1.016182,0.5084966,-0.5039765,0.4949308,0.4924252,
1,4,10.815,-0.248443,0.04288644,-1.016182,0.5084966,-0.5039765,0.4949308,0.4924252,
1,4,10.817,-0.248443,0.04288644,-1.016182,0.5084966,-0.5039765,0.4949308,0.4924252,
1,4,10.819,-0.2484501,0.04289459,-1.016178,0.508501,-0.5039574,0.494941,0.4924299,
1,4,10.821,-0.2484501,0.04289459,-1.016178,0.508501,-0.5039574,0.494941,0.4924299,
1,4,10.823,-0.2484501,0.04289459,-1.016178,0.508501,-0.5039574,0.494941,0.4924299,
1,4,10.825,-0.2484501,0.04289459,-1.016178,0.508501,-0.5039574,0.494941,0.4924299,
1,4,10.827,-0.2484488,0.04288533,-1.016191,0.5085153,-0.5039417,0.4949442,0.4924279,
1,4,10.829,-0.2484488,0.04288533,-1.016191,0.5085153,-0.5039417,0.4949442,0.4924279,
1,4,10.831,-0.2484488,0.04288533,-1.016191,0.5085153,-0.5039417,0.4949442,0.4924279,
1,4,10.833,-0.2484488,0.04288533,-1.016191,0.5085153,-0.5039417,0.4949442,0.4924279,
1,4,10.835,-0.2484332,0.04288573,-1.016187,0.5085427,-0.5039327,0.4949446,0.4924085,
1,4,10.837,-0.2484332,0.04288573,-1.016187,0.5085427,-0.5039327,0.4949446,0.4924085,
1,4,10.839,-0.2484332,0.04288573,-1.016187,0.5085427,-0.5039327,0.4949446,0.4924085,
1,4,10.841,-0.2484332,0.04288573,-1.016187,0.5085427,-0.5039327,0.4949446,0.4924085,
1,4,10.843,-0.2484393,0.04289194,-1.01619,0.5085282,-0.5039341,0.4949577,0.4924088,
1,4,10.845,-0.2484393,0.04289194,-1.01619,0.5085282,-0.5039341,0.4949577,0.4924088,
1,4,10.847,-0.2484393,0.04289194,-1.01619,0.5085282,-0.5039341,0.4949577,0.4924088,
1,4,10.849,-0.2484393,0.04289194,-1.01619,0.5085282,-0.5039341,0.4949577,0.4924088,
1,4,10.851,-0.2484414,0.04289464,-1.016191,0.508531,-0.5039685,0.4949131,0.4924155,
1,4,10.853,-0.2484414,0.04289464,-1.016191,0.508531,-0.5039685,0.4949131,0.4924155,
1,4,10.855,-0.2484414,0.04289464,-1.016191,0.508531,-0.5039685,0.4949131,0.4924155,
1,4,10.857,-0.2484414,0.04289464,-1.016191,0.508531,-0.5039685,0.4949131,0.4924155,
1,4,10.859,-0.248435,0.0429031,-1.016188,0.5085205,-0.5039614,0.4949186,0.4924282,
1,4,10.861,-0.248435,0.0429031,-1.016188,0.5085205,-0.5039614,0.4949186,0.4924282,
1,4,10.863,-0.248435,0.0429031,-1.016188,0.5085205,-0.5039614,0.4949186,0.4924282,
1,4,10.865,-0.248435,0.0429031,-1.016188,0.5085205,-0.5039614,0.4949186,0.4924282,
1,4,10.867,-0.248435,0.0429031,-1.016188,0.5085205,-0.5039614,0.4949186,0.4924282,
1,4,10.869,-0.2484438,0.04289358,-1.016184,0.5085523,-0.5039358,0.4949181,0.4924219,
1,4,10.871,-0.2484438,0.04289358,-1.016184,0.5085523,-0.5039358,0.4949181,0.4924219,
1,4,10.873,-0.2484438,0.04289358,-1.016184,0.5085523,-0.5039358,0.4949181,0.4924219,
1,4,10.875,-0.2484438,0.04289358,-1.016184,0.5085523,-0.5039358,0.4949181,0.4924219,
1,4,10.877,-0.2484419,0.04289494,-1.016182,0.5085493,-0.5039601,0.4949081,0.4924102,
1,4,10.879,-0.2484419,0.04289494,-1.016182,0.5085493,-0.5039601,0.4949081,0.4924102,
1,4,10.881,-0.2484419,0.04289494,-1.016182,0.5085493,-0.5039601,0.4949081,0.4924102,
1,4,10.883,-0.2484419,0.04289494,-1.016182,0.5085493,-0.5039601,0.4949081,0.4924102,
1,4,10.885,-0.2484421,0.04290125,-1.016183,0.508534,-0.503957,0.4949078,0.4924296,
1,4,10.887,-0.2484421,0.04290125,-1.016183,0.508534,-0.503957,0.4949078,0.4924296,
1,4,10.889,-0.2484421,0.04290125,-1.016183,0.508534,-0.503957,0.4949078,0.4924296,
1,4,10.891,-0.2484421,0.04290125,-1.016183,0.508534,-0.503957,0.4949078,0.4924296,
1,4,10.893,-0.2484505,0.04289833,-1.016186,0.5085454,-0.503923,0.4949369,0.4924233,
1,4,10.895,-0.2484505,0.04289833,-1.016186,0.5085454,-0.503923,0.4949369,0.4924233,
1,4,10.897,-0.2484505,0.04289833,-1.016186,0.5085454,-0.503923,0.4949369,0.4924233,
1,4,10.899,-0.2484505,0.04289833,-1.016186,0.5085454,-0.503923,0.4949369,0.4924233,
1,4,10.901,-0.2484554,0.0428929,-1.016183,0.5085477,-0.5039407,0.4949245,0.4924154,
1,4,10.903,-0.2484554,0.0428929,-1.016183,0.5085477,-0.5039407,0.4949245,0.4924154,
1,4,10.905,-0.2484554,0.0428929,-1.016183,0.5085477,-0.5039407,0.4949245,0.4924154,
1,4,10.907,-0.2484554,0.0428929,-1.016183,0.5085477,-0.5039407,0.4949245,0.4924154,
1,4,10.909,-0.2484571,0.0428932,-1.016184,0.5085402,-0.5039259,0.4949403,0.4924225,
1,4,10.911,-0.2484571,0.0428932,-1.016184,0.5085402,-0.5039259,0.4949403,0.4924225,
1,4,10.913,-0.2484571,0.0428932,-1.016184,0.5085402,-0.5039259,0.4949403,0.4924225,
1,4,10.915,-0.2484571,0.0428932,-1.016184,0.5085402,-0.5039259,0.4949403,0.4924225,
1,4,10.917,-0.2484571,0.0428932,-1.016184,0.5085402,-0.5039259,0.4949403,0.4924225,
1,4,10.919,-0.2484441,0.04289808,-1.016188,0.5085112,-0.5039215,0.4949577,0.4924392,
1,4,10.921,-0.2484441,0.04289808,-1.016188,0.5085112,-0.5039215,0.4949577,0.4924392,
1,4,10.923,-0.2484441,0.04289808,-1.016188,0.5085112,-0.5039215,0.4949577,0.4924392,
1,4,10.925,-0.2484441,0.04289808,-1.016188,0.5085112,-0.5039215,0.4949577,0.4924392,
1,4,10.927,-0.2484438,0.04288738,-1.016181,0.5085123,-0.5039223,0.4949555,0.4924394,
1,4,10.929,-0.2484438,0.04288738,-1.016181,0.5085123,-0.5039223,0.4949555,0.4924394,
1,4,10.931,-0.2484438,0.04288738,-1.016181,0.5085123,-0.5039223,0.4949555,0.4924394,
1,4,10.933,-0.2484438,0.04288738,-1.016181,0.5085123,-0.5039223,0.4949555,0.4924394,
1,4,10.935,-0.2484458,0.04288724,-1.016183,0.5085045,-0.5039347,0.4949491,0.4924413,
1,4,10.937,-0.2484458,0.04288724,-1.016183,0.5085045,-0.5039347,0.4949491,0.4924413,
1,4,10.939,-0.2484458,0.04288724,-1.016183,0.5085045,-0.5039347,0.4949491,0.4924413,
1,4,10.941,-0.2484458,0.04288724,-1.016183,0.5085045,-0.5039347,0.4949491,0.4924413,
1,4,10.943,-0.2484523,0.04289337,-1.016184,0.508513,-0.5039061,0.4949719,0.4924389,
1,4,10.945,-0.2484523,0.04289337,-1.016184,0.508513,-0.5039061,0.4949719,0.4924389,
1,4,10.947,-0.2484523,0.04289337,-1.016184,0.508513,-0.5039061,0.4949719,0.4924389,
1,4,10.949,-0.2484523,0.04289337,-1.016184,0.508513,-0.5039061,0.4949719,0.4924389,
1,4,10.951,-0.2484476,0.04288515,-1.016187,0.5085246,-0.5039258,0.4949488,0.4924299,
1,4,10.953,-0.2484476,0.04288515,-1.016187,0.5085246,-0.5039258,0.4949488,0.4924299,
1,4,10.955,-0.2484476,0.04288515,-1.016187,0.5085246,-0.5039258,0.4949488,0.4924299,
1,4,10.957,-0.2484476,0.04288515,-1.016187,0.5085246,-0.5039258,0.4949488,0.4924299,
1,4,10.959,-0.2484484,0.04288181,-1.01619,0.5085144,-0.5039377,0.4949345,0.4924427,
1,4,10.961,-0.2484484,0.04288181,-1.01619,0.5085144,-0.5039377,0.4949345,0.4924427,
1,4,10.963,-0.2484484,0.04288181,-1.01619,0.5085144,-0.5039377,0.4949345,0.4924427,
1,4,10.965,-0.2484484,0.04288181,-1.01619,0.5085144,-0.5039377,0.4949345,0.4924427,
1,4,10.967,-0.2484484,0.04288181,-1.01619,0.5085144,-0.5039377,0.4949345,0.4924427,
1,4,10.969,-0.2484436,0.04288145,-1.016192,0.5085142,-0.5039636,0.4949254,0.4924255,
1,4,10.971,-0.2484436,0.04288145,-1.016192,0.5085142,-0.5039636,0.4949254,0.4924255,
1,4,10.973,-0.2484436,0.04288145,-1.016192,0.5085142,-0.5039636,0.4949254,0.4924255,
1,4,10.975,-0.2484436,0.04288145,-1.016192,0.5085142,-0.5039636,0.4949254,0.4924255,
1,4,10.977,-0.2484461,0.04288684,-1.016188,0.5085115,-0.5039508,0.4949298,0.4924372,
1,4,10.979,-0.2484461,0.04288684,-1.016188,0.5085115,-0.5039508,0.4949298,0.4924372,
1,4,10.981,-0.2484461,0.04288684,-1.016188,0.5085115,-0.5039508,0.4949298,0.4924372,
1,4,10.983,-0.2484461,0.04288684,-1.016188,0.5085115,-0.5039508,0.4949298,0.4924372,
1,4,10.985,-0.2484486,0.04288612,-1.016187,0.5085004,-0.5039625,0.4949259,0.4924405,
1,4,10.987,-0.2484486,0.04288612,-1.016187,0.5085004,-0.5039625,0.4949259,0.4924405,
1,4,10.989,-0.2484486,0.04288612,-1.016187,0.5085004,-0.5039625,0.4949259,0.4924405,
1,4,10.991,-0.2484486,0.04288612,-1.016187,0.5085004,-0.5039625,0.4949259,0.4924405,
1,4,10.993,-0.2484445,0.04287877,-1.016196,0.5085069,-0.5039634,0.4949261,0.4924326,
1,4,10.995,-0.2484445,0.04287877,-1.016196,0.5085069,-0.5039634,0.4949261,0.4924326,
1,4,10.997,-0.2484445,0.04287877,-1.016196,0.5085069,-0.5039634,0.4949261,0.4924326,
1,4,10.999,-0.2484445,0.04287877,-1.016196,0.5085069,-0.5039634,0.4949261,0.4924326,
1,4,11.001,-0.2484409,0.04288129,-1.016192,0.5085114,-0.5039533,0.4949382,0.4924262,
1,4,11.003,-0.2484409,0.04288129,-1.016192,0.5085114,-0.5039533,0.4949382,0.4924262,
1,4,11.005,-0.2484409,0.04288129,-1.016192,0.5085114,-0.5039533,0.4949382,0.4924262,
1,4,11.007,-0.2484409,0.04288129,-1.016192,0.5085114,-0.5039533,0.4949382,0.4924262,
1,4,11.009,-0.2484438,0.0428905,-1.016196,0.5085151,-0.5039532,0.4949193,0.4924414,
1,4,11.011,-0.2484438,0.0428905,-1.016196,0.5085151,-0.5039532,0.4949193,0.4924414,
1,4,11.013,-0.2484438,0.0428905,-1.016196,0.5085151,-0.5039532,0.4949193,0.4924414,
1,4,11.015,-0.2484438,0.0428905,-1.016196,0.5085151,-0.5039532,0.4949193,0.4924414,
1,4,11.017,-0.2484438,0.0428905,-1.016196,0.5085151,-0.5039532,0.4949193,0.4924414,
1,4,11.019,-0.2484437,0.04288885,-1.016189,0.5085117,-0.5039538,0.494929,0.4924345,
1,4,11.021,-0.2484437,0.04288885,-1.016189,0.5085117,-0.5039538,0.494929,0.4924345,
1,4,11.023,-0.2484437,0.04288885,-1.016189,0.5085117,-0.5039538,0.494929,0.4924345,
1,4,11.025,-0.2484437,0.04288885,-1.016189,0.5085117,-0.5039538,0.494929,0.4924345,
1,4,11.027,-0.2484479,0.04289879,-1.016183,0.5085194,-0.5039637,0.4949107,0.4924349,
1,4,11.029,-0.2484479,0.04289879,-1.016183,0.5085194,-0.5039637,0.4949107,0.4924349,
1,4,11.031,-0.2484479,0.04289879,-1.016183,0.5085194,-0.5039637,0.4949107,0.4924349,
1,4,11.033,-0.2484479,0.04289879,-1.016183,0.5085194,-0.5039637,0.4949107,0.4924349,
1,4,11.035,-0.2484441,0.04289527,-1.016187,0.5085028,-0.5039763,0.4949101,0.4924395,
1,4,11.037,-0.2484441,0.04289527,-1.016187,0.5085028,-0.5039763,0.4949101,0.4924395,
1,4,11.039,-0.2484441,0.04289527,-1.016187,0.5085028,-0.5039763,0.4949101,0.4924395,
1,4,11.041,-0.2484441,0.04289527,-1.016187,0.5085028,-0.5039763,0.4949101,0.4924395,
1,4,11.043,-0.2484413,0.04289268,-1.01619,0.5085012,-0.5039719,0.4949169,0.4924389,
1,4,11.045,-0.2484413,0.04289268,-1.01619,0.5085012,-0.5039719,0.4949169,0.4924389,
1,4,11.047,-0.2484413,0.04289268,-1.01619,0.5085012,-0.5039719,0.4949169,0.4924389,
1,4,11.049,-0.2484413,0.04289268,-1.01619,0.5085012,-0.5039719,0.4949169,0.4924389,
1,4,11.051,-0.2484424,0.04288278,-1.016187,0.5085143,-0.5039819,0.49491,0.4924221,
1,4,11.053,-0.2484424,0.04288278,-1.016187,0.5085143,-0.5039819,0.49491,0.4924221,
1,4,11.055,-0.2484424,0.04288278,-1.016187,0.5085143,-0.5039819,0.49491,0.4924221,
1,4,11.057,-0.2484424,0.04288278,-1.016187,0.5085143,-0.5039819,0.49491,0.4924221,
1,4,11.059,-0.2484366,0.04287766,-1.016185,0.5084978,-0.5039865,0.4949166,0.4924278,
1,4,11.061,-0.2484366,0.04287766,-1.016185,0.5084978,-0.5039865,0.4949166,0.4924278,
1,4,11.063,-0.2484366,0.04287766,-1.016185,0.5084978,-0.5039865,0.4949166,0.4924278,
1,4,11.065,-0.2484366,0.04287766,-1.016185,0.5084978,-0.5039865,0.4949166,0.4924278,
1,4,11.067,-0.2484366,0.04287766,-1.016185,0.5084978,-0.5039865,0.4949166,0.4924278,
1,4,11.069,-0.2484438,0.04288875,-1.016196,0.508498,-0.5039682,0.4949309,0.4924321,
1,4,11.071,-0.2484438,0.04288875,-1.016196,0.508498,-0.5039682,0.4949309,0.4924321,
1,4,11.073,-0.2484438,0.04288875,-1.016196,0.508498,-0.5039682,0.4949309,0.4924321,
1,4,11.075,-0.2484438,0.04288875,-1.016196,0.508498,-0.5039682,0.4949309,0.4924321,
1,4,11.077,-0.2484461,0.0428891,-1.016195,0.5085052,-0.5039853,0.4949102,0.4924278,
1,4,11.079,-0.2484461,0.0428891,-1.016195,0.5085052,-0.5039853,0.4949102,0.4924278,
1,4,11.081,-0.2484461,0.0428891,-1.016195,0.5085052,-0.5039853,0.4949102,0.4924278,CourtEnter
1,4,11.083,-0.2484461,0.0428891,-1.016195,0.5085052,-0.5039853,0.4949102,0.4924278,
1,4,11.085,-0.2484467,0.04289282,-1.016198,0.5085105,-0.5039867,0.4949048,0.4924265,
1,4,11.087,-0.2484467,0.04289282,-1.016198,0.5085105,-0.5039867,0.4949048,0.4924265,
1,4,11.089,-0.2484467,0.04289282,-1.016198,0.5085105,-0.5039867,0.4949048,0.4924265,
1,4,11.091,-0.2484467,0.04289282,-1.016198,0.5085105,-0.5039867,0.4949048,0.4924265,CourtExit
1,4,11.093,-0.2484334,0.04289198,-1.016189,0.5085127,-0.5039736,0.4949123,0.4924299,
1,4,11.095,-0.2484334,0.04289198,-1.016189,0.5085127,-0.5039736,0.4949123,0.4924299,
1,4,11.097,-0.2484334,0.04289198,-1.016189,0.5085127,-0.5039736,0.4949123,0.4924299,
1,4,11.099,-0.2484334,0.04289198,-1.016189,0.5085127,-0.5039736,0.4949123,0.4924299,
1,4,11.101,-0.2484287,0.04289021,-1.016194,0.5085233,-0.5039884,0.4948777,0.4924388,
1,4,11.103,-0.2484287,0.04289021,-1.016194,0.5085233,-0.5039884,0.4948777,0.4924388,
1,4,11.105,-0.2484287,0.04289021,-1.016194,0.5085233,-0.5039884,0.4948777,0.4924388,
1,4,11.107,-0.2484287,0.04289021,-1.016194,0.5085233,-0.5039884,0.4948777,0.4924388,
1,4,11.109,-0.2484355,0.04288512,-1.016196,0.5085309,-0.5039718,0.4948836,0.4924419,
1,4,11.111,-0.2484355,0.04288512,-1.016196,0.5085309,-0.5039718,0.4948836,0.4924419,
1,4,11.113,-0.2484355,0.04288512,-1.016196,0.5085309,-0.5039718,0.4948836,0.4924419,
1,4,11.115,-0.2484355,0.04288512,-1.016196,0.5085309,-0.5039718,0.4948836,0.4924419,
1,4,11.117,-0.2484355,0.04288512,-1.016196,0.5085309,-0.5039718,0.4948836,0.4924419,
1,4,11.119,-0.2484281,0.04288651,-1.016176,0.5085266,-0.5039644,0.4949071,0.4924304,
1,4,11.121,-0.2484281,0.04288651,-1.016176,0.5085266,-0.5039644,0.4949071,0.4924304,
1,4,11.123,-0.2484281,0.04288651,-1.016176,0.5085266,-0.5039644,0.4949071,0.4924304,
1,4,11.125,-0.2484281,0.04288651,-1.016176,0.5085266,-0.5039644,0.4949071,0.4924304,
1,4,11.127,-0.2484308,0.04288431,-1.016176,0.5085462,-0.5039351,0.4949221,0.4924248,
1,4,11.129,-0.2484308,0.04288431,-1.016176,0.5085462,-0.5039351,0.4949221,0.4924248,
1,4,11.131,-0.2484308,0.04288431,-1.016176,0.5085462,-0.5039351,0.4949221,0.4924248,
1,4,11.133,-0.2484308,0.04288431,-1.016176,0.5085462,-0.5039351,0.4949221,0.4924248,
1,4,11.135,-0.2484307,0.04288397,-1.016176,0.5085462,-0.5039351,0.4949221,0.4924248,
1,4,11.137,-0.2484307,0.04288397,-1.016176,0.5085462,-0.5039351,0.4949221,0.4924248,
1,4,11.139,-0.2484307,0.04288397,-1.016176,0.5085462,-0.5039351,0.4949221,0.4924248,
1,4,11.141,-0.2484307,0.04288397,-1.016176,0.5085462,-0.5039351,0.4949221,0.4924248,
1,4,11.143,-0.2484411,0.04288707,-1.016187,0.5085329,-0.5039538,0.494919,0.4924228,
1,4,11.145,-0.2484411,0.04288707,-1.016187,0.5085329,-0.5039538,0.494919,0.4924228,
1,4,11.147,-0.2484411,0.04288707,-1.016187,0.5085329,-0.5039538,0.494919,0.4924228,
1,4,11.149,-0.2484411,0.04288707,-1.016187,0.5085329,-0.5039538,0.494919,0.4924228,
1,4,11.151,-0.2484342,0.04287954,-1.016185,0.508539,-0.503939,0.4949256,0.492425,
1,4,11.153,-0.2484342,0.04287954,-1.016185,0.508539,-0.503939,0.4949256,0.492425,
1,4,11.155,-0.2484342,0.04287954,-1.016185,0.508539,-0.503939,0.4949256,0.492425,
1,4,11.157,-0.2484342,0.04287954,-1.016185,0.508539,-0.503939,0.4949256,0.492425,
1,4,11.159,-0.2484209,0.04286386,-1.016176,0.5085561,-0.5039342,0.4949079,0.4924299,
1,4,11.161,-0.2484209,0.04286386,-1.016176,0.5085561,-0.5039342,0.4949079,0.4924299,
1,4,11.163,-0.2484209,0.04286386,-1.016176,0.5085561,-0.5039342,0.4949079,0.4924299,
1,4,11.165,-0.2484209,0.04286386,-1.016176,0.5085561,-0.5039342,0.4949079,0.4924299,
1,4,11.167,-0.2484209,0.04286386,-1.016176,0.5085561,-0.5039342,0.4949079,0.4924299,
1,4,11.169,-0.2484291,0.04287456,-1.016182,0.5085317,-0.5039408,0.4949168,0.4924393,
1,4,11.171,-0.2484291,0.04287456,-1.016182,0.5085317,-0.5039408,0.4949168,0.4924393,
1,4,11.173,-0.2484291,0.04287456,-1.016182,0.5085317,-0.5039408,0.4949168,0.4924393,
1,4,11.175,-0.2484291,0.04287456,-1.016182,0.5085317,-0.5039408,0.4949168,0.4924393,
1,4,11.177,-0.2484203,0.04286765,-1.016187,0.50854,-0.5039276,0.4949282,0.4924329,
1,4,11.179,-0.2484203,0.04286765,-1.016187,0.50854,-0.5039276,0.4949282,0.4924329,
1,4,11.181,-0.2484203,0.04286765,-1.016187,0.50854,-0.5039276,0.4949282,0.4924329,
1,4,11.183,-0.2484203,0.04286765,-1.016187,0.50854,-0.5039276,0.4949282,0.4924329,
1,4,11.185,-0.2484332,0.04286001,-1.016188,0.5085515,-0.5039386,0.4949127,0.4924254,
1,4,11.187,-0.2484332,0.04286001,-1.016188,0.5085515,-0.5039386,0.4949127,0.4924254,
1,4,11.189,-0.2484332,0.04286001,-1.016188,0.5085515,-0.5039386,0.4949127,0.4924254,
1,4,11.191,-0.2484332,0.04286001,-1.016188,0.5085515,-0.5039386,0.4949127,0.4924254,
1,4,11.193,-0.2484251,0.04287389,-1.016198,0.5085671,-0.5039278,0.4949042,0.4924289,
1,4,11.195,-0.2484251,0.04287389,-1.016198,0.5085671,-0.5039278,0.4949042,0.4924289,
1,4,11.197,-0.2484251,0.04287389,-1.016198,0.5085671,-0.5039278,0.4949042,0.4924289,
1,4,11.199,-0.2484251,0.04287389,-1.016198,0.5085671,-0.5039278,0.4949042,0.4924289,
1,4,11.201,-0.2484358,0.04287684,-1.016184,0.5085385,-0.503931,0.4949229,0.4924363,
1,4,11.203,-0.2484358,0.04287684,-1.016184,0.5085385,-0.503931,0.4949229,0.4924363,
1,4,11.205,-0.2484358,0.04287684,-1.016184,0.5085385,-0.503931,0.4949229,0.4924363,
1,4,11.207,-0.2484358,0.04287684,-1.016184,0.5085385,-0.503931,0.4949229,0.4924363,
1,4,11.209,-0.2484334,0.04288507,-1.016189,0.5085439,-0.5039269,0.4949106,0.4924473,
1,4,11.211,-0.2484334,0.04288507,-1.016189,0.5085439,-0.5039269,0.4949106,0.4924473,
1,4,11.213,-0.2484334,0.04288507,-1.016189,0.5085439,-0.5039269,0.4949106,0.4924473,
1,4,11.215,-0.2484334,0.04288507,-1.016189,0.5085439,-0.5039269,0.4949106,0.4924473,
1,4,11.217,-0.2484334,0.04288507,-1.016189,0.5085439,-0.5039269,0.4949106,0.4924473,
1,4,11.219,-0.2484327,0.04287509,-1.016201,0.5085514,-0.5039172,0.4949064,0.4924537,
1,4,11.221,-0.2484327,0.04287509,-1.016201,0.5085514,-0.5039172,0.4949064,0.4924537,
1,4,11.223,-0.2484327,0.04287509,-1.016201,0.5085514,-0.5039172,0.4949064,0.4924537,
1,4,11.225,-0.2484327,0.04287509,-1.016201,0.5085514,-0.5039172,0.4949064,0.4924537,
1,4,11.227,-0.2484394,0.04287622,-1.016194,0.5085493,-0.5039209,0.4949354,0.4924228,
1,4,11.229,-0.2484394,0.04287622,-1.016194,0.5085493,-0.5039209,0.4949354,0.4924228,
1,4,11.231,-0.2484394,0.04287622,-1.016194,0.5085493,-0.5039209,0.4949354,0.4924228,
1,4,11.233,-0.2484394,0.04287622,-1.016194,0.5085493,-0.5039209,0.4949354,0.4924228,
1,4,11.235,-0.2484407,0.04287512,-1.016193,0.5085429,-0.5039237,0.4949288,0.4924332,
1,4,11.237,-0.2484407,0.04287512,-1.016193,0.5085429,-0.5039237,0.4949288,0.4924332,
1,4,11.239,-0.2484407,0.04287512,-1.016193,0.5085429,-0.5039237,0.4949288,0.4924332,
1,4,11.241,-0.2484407,0.04287512,-1.016193,0.5085429,-0.5039237,0.4949288,0.4924332,
1,4,11.243,-0.2484518,0.04287141,-1.016204,0.5085275,-0.5039088,0.494936,0.4924572,
1,4,11.245,-0.2484518,0.04287141,-1.016204,0.5085275,-0.5039088,0.494936,0.4924572,
1,4,11.247,-0.2484518,0.04287141,-1.016204,0.5085275,-0.5039088,0.494936,0.4924572,
1,4,11.249,-0.2484518,0.04287141,-1.016204,0.5085275,-0.5039088,0.494936,0.4924572,
1,4,11.251,-0.248444,0.04287609,-1.016198,0.5085146,-0.5039001,0.4949512,0.4924643,
1,4,11.253,-0.248444,0.04287609,-1.016198,0.5085146,-0.5039001,0.4949512,0.4924643,
1,4,11.255,-0.248444,0.04287609,-1.016198,0.5085146,-0.5039001,0.4949512,0.4924643,
1,4,11.257,-0.248444,0.04287609,-1.016198,0.5085146,-0.5039001,0.4949512,0.4924643,
1,4,11.259,-0.2484502,0.04287967,-1.016202,0.5085042,-0.5039154,0.4949404,0.4924701,
1,4,11.261,-0.2484502,0.04287967,-1.016202,0.5085042,-0.5039154,0.4949404,0.4924701,
1,4,11.263,-0.2484502,0.04287967,-1.016202,0.5085042,-0.5039154,0.4949404,0.4924701,
1,4,11.265,-0.2484502,0.04287967,-1.016202,0.5085042,-0.5039154,0.4949404,0.4924701,
1,4,11.267,-0.2484502,0.04287967,-1.016202,0.5085042,-0.5039154,0.4949404,0.4924701,
1,4,11.269,-0.2484645,0.04288848,-1.016212,0.5085202,-0.5039272,0.4949206,0.4924615,
1,4,11.271,-0.2484645,0.04288848,-1.016212,0.5085202,-0.5039272,0.4949206,0.4924615,
1,4,11.273,-0.2484645,0.04288848,-1.016212,0.5085202,-0.5039272,0.4949206,0.4924615,
1,4,11.275,-0.2484645,0.04288848,-1.016212,0.5085202,-0.5039272,0.4949206,0.4924615,
1,4,11.277,-0.2484562,0.0428854,-1.016205,0.5085433,-0.5039085,0.4949363,0.4924411,
1,4,11.279,-0.2484562,0.0428854,-1.016205,0.5085433,-0.5039085,0.4949363,0.4924411,
1,4,11.281,-0.2484562,0.0428854,-1.016205,0.5085433,-0.5039085,0.4949363,0.4924411,
1,4,11.283,-0.2484562,0.0428854,-1.016205,0.5085433,-0.5039085,0.4949363,0.4924411,
1,4,11.285,-0.2484499,0.04287399,-1.016194,0.5085414,-0.5039095,0.4949334,0.4924447,
1,4,11.287,-0.2484499,0.04287399,-1.016194,0.5085414,-0.5039095,0.4949334,0.4924447,
1,4,11.289,-0.2484499,0.04287399,-1.016194,0.5085414,-0.5039095,0.4949334,0.4924447,
1,4,11.291,-0.2484499,0.04287399,-1.016194,0.5085414,-0.5039095,0.4949334,0.4924447,
1,4,11.293,-0.2484552,0.04287862,-1.016192,0.5085225,-0.5039175,0.494929,0.4924606,
1,4,11.295,-0.2484552,0.04287862,-1.016192,0.5085225,-0.5039175,0.494929,0.4924606,
1,4,11.297,-0.2484552,0.04287862,-1.016192,0.5085225,-0.5039175,0.494929,0.4924606,
1,4,11.299,-0.2484552,0.04287862,-1.016192,0.5085225,-0.5039175,0.494929,0.4924606,
1,4,11.301,-0.2484463,0.04288508,-1.016194,0.5085197,-0.5039096,0.4949195,0.4924811,
1,4,11.303,-0.2484463,0.04288508,-1.016194,0.5085197,-0.5039096,0.4949195,0.4924811,
1,4,11.305,-0.2484463,0.04288508,-1.016194,0.5085197,-0.5039096,0.4949195,0.4924811,
1,4,11.307,-0.2484463,0.04288508,-1.016194,0.5085197,-0.5039096,0.4949195,0.4924811,
1,4,11.309,-0.2484496,0.04288589,-1.0162,0.5085434,-0.5039305,0.4948983,0.4924565,
1,4,11.311,-0.2484496,0.04288589,-1.0162,0.5085434,-0.5039305,0.4948983,0.4924565,
1,4,11.313,-0.2484496,0.04288589,-1.0162,0.5085434,-0.5039305,0.4948983,0.4924565,
1,4,11.315,-0.2484496,0.04288589,-1.0162,0.5085434,-0.5039305,0.4948983,0.4924565,
1,4,11.317,-0.2484496,0.04288589,-1.0162,0.5085434,-0.5039305,0.4948983,0.4924565,
1,4,11.319,-0.2484531,0.04287797,-1.016205,0.5085183,-0.5039272,0.4949179,0.4924661,
1,4,11.321,-0.2484531,0.04287797,-1.016205,0.5085183,-0.5039272,0.4949179,0.4924661,
1,4,11.323,-0.2484531,0.04287797,-1.016205,0.5085183,-0.5039272,0.4949179,0.4924661,
1,4,11.325,-0.2484531,0.04287797,-1.016205,0.5085183,-0.5039272,0.4949179,0.4924661,
1,4,11.327,-0.2484504,0.04287387,-1.0162,0.5085113,-0.5039196,0.4949357,0.4924631,
1,4,11.329,-0.2484504,0.04287387,-1.0162,0.5085113,-0.5039196,0.4949357,0.4924631,
1,4,11.331,-0.2484504,0.04287387,-1.0162,0.5085113,-0.5039196,0.4949357,0.4924631,
1,4,11.333,-0.2484504,0.04287387,-1.0162,0.5085113,-0.5039196,0.4949357,0.4924631,
1,4,11.335,-0.248454,0.04288715,-1.0162,0.5085217,-0.5039022,0.494943,0.4924629,
1,4,11.337,-0.248454,0.04288715,-1.0162,0.5085217,-0.5039022,0.494943,0.4924629,
1,4,11.339,-0.248454,0.04288715,-1.0162,0.5085217,-0.5039022,0.494943,0.4924629,
1,4,11.341,-0.248454,0.04288715,-1.0162,0.5085217,-0.5039022,0.494943,0.4924629,
1,4,11.343,-0.2484496,0.04288536,-1.016196,0.5085195,-0.5039137,0.4949324,0.492464,
1,4,11.345,-0.2484496,0.04288536,-1.016196,0.5085195,-0.5039137,0.4949324,0.492464,
1,4,11.347,-0.2484496,0.04288536,-1.016196,0.5085195,-0.5039137,0.4949324,0.492464,
1,4,11.349,-0.2484496,0.04288536,-1.016196,0.5085195,-0.5039137,0.4949324,0.492464,
1,4,11.351,-0.2484561,0.04288356,-1.016194,0.5085123,-0.5039139,0.4949359,0.4924677,
1,4,11.353,-0.2484561,0.04288356,-1.016194,0.5085123,-0.5039139,0.4949359,0.4924677,
1,4,11.355,-0.2484561,0.04288356,-1.016194,0.5085123,-0.5039139,0.4949359,0.4924677,
1,4,11.357,-0.2484561,0.04288356,-1.016194,0.5085123,-0.5039139,0.4949359,0.4924677,
1,4,11.359,-0.2484582,0.04287902,-1.016188,0.5085109,-0.5039148,0.4949337,0.4924705,
1,4,11.361,-0.2484582,0.04287902,-1.016188,0.5085109,-0.5039148,0.4949337,0.4924705,
1,4,11.363,-0.2484582,0.04287902,-1.016188,0.5085109,-0.5039148,0.4949337,0.4924705,
1,4,11.365,-0.2484582,0.04287902,-1.016188,0.5085109,-0.5039148,0.4949337,0.4924705,
1,4,11.367,-0.2484582,0.04287902,-1.016188,0.5085109,-0.5039148,0.4949337,0.4924705,
1,4,11.369,-0.2484419,0.04287433,-1.01619,0.5085217,-0.5039559,0.494913,0.4924382,
1,4,11.371,-0.2484419,0.04287433,-1.01619,0.5085217,-0.5039559,0.494913,0.4924382,
1,4,11.373,-0.2484419,0.04287433,-1.01619,0.5085217,-0.5039559,0.494913,0.4924382,
1,4,11.375,-0.2484419,0.04287433,-1.01619,0.5085217,-0.5039559,0.494913,0.4924382,
1,4,11.377,-0.2484489,0.04288312,-1.016184,0.5085211,-0.5039295,0.4949237,0.4924551,
1,4,11.379,-0.2484489,0.04288312,-1.016184,0.5085211,-0.5039295,0.4949237,0.4924551,
1,4,11.381,-0.2484489,0.04288312,-1.016184,0.5085211,-0.5039295,0.4949237,0.4924551,
1,4,11.383,-0.2484489,0.04288312,-1.016184,0.5085211,-0.5039295,0.4949237,0.4924551,
1,4,11.385,-0.2484479,0.04287122,-1.01619,0.5084951,-0.5039288,0.494948,0.4924581,
1,4,11.387,-0.2484479,0.04287122,-1.01619,0.5084951,-0.5039288,0.494948,0.4924581,
1,4,11.389,-0.2484479,0.04287122,-1.01619,0.5084951,-0.5039288,0.494948,0.4924581,
1,4,11.391,-0.2484479,0.04287122,-1.01619,0.5084951,-0.5039288,0.494948,0.4924581,
1,4,11.393,-0.2484533,0.04287291,-1.016198,0.5085042,-0.5039368,0.49494,0.4924487,
1,4,11.395,-0.2484533,0.04287291,-1.016198,0.5085042,-0.5039368,0.49494,0.4924487,
1,4,11.397,-0.2484533,0.04287291,-1.016198,0.5085042,-0.5039368,0.49494,0.4924487,
1,4,11.399,-0.2484533,0.04287291,-1.016198,0.5085042,-0.5039368,0.49494,0.4924487,
1,4,11.401,-0.2484585,0.04286281,-1.016197,0.5085047,-0.5039453,0.4949287,0.4924507,
1,4,11.403,-0.2484585,0.04286281,-1.016197,0.5085047,-0.5039453,0.4949287,0.4924507,
1,4,11.405,-0.2484585,0.04286281,-1.016197,0.5085047,-0.5039453,0.4949287,0.4924507,
1,4,11.407,-0.2484585,0.04286281,-1.016197,0.5085047,-0.5039453,0.4949287,0.4924507,
1,4,11.409,-0.2484601,0.04288299,-1.016184,0.5084828,-0.5039653,0.494918,0.4924638,
1,4,11.411,-0.2484601,0.04288299,-1.016184,0.5084828,-0.5039653,0.494918,0.4924638,
1,4,11.413,-0.2484601,0.04288299,-1.016184,0.5084828,-0.5039653,0.494918,0.4924638,
1,4,11.415,-0.2484601,0.04288299,-1.016184,0.5084828,-0.5039653,0.494918,0.4924638,
1,4,11.417,-0.2484601,0.04288299,-1.016184,0.5084828,-0.5039653,0.494918,0.4924638,
1,4,11.419,-0.2484563,0.042862,-1.016192,0.5084971,-0.5039716,0.4949155,0.4924449,
1,4,11.421,-0.2484563,0.042862,-1.016192,0.5084971,-0.5039716,0.4949155,0.4924449,
1,4,11.423,-0.2484563,0.042862,-1.016192,0.5084971,-0.5039716,0.4949155,0.4924449,
1,4,11.425,-0.2484563,0.042862,-1.016192,0.5084971,-0.5039716,0.4949155,0.4924449,
1,4,11.427,-0.2484593,0.0428754,-1.016199,0.50849,-0.5039776,0.4949202,0.4924414,
1,4,11.429,-0.2484593,0.0428754,-1.016199,0.50849,-0.5039776,0.4949202,0.4924414,
1,4,11.431,-0.2484593,0.0428754,-1.016199,0.50849,-0.5039776,0.4949202,0.4924414,
1,4,11.433,-0.2484593,0.0428754,-1.016199,0.50849,-0.5039776,0.4949202,0.4924414,
1,4,11.435,-0.2484565,0.04287982,-1.016206,0.5085065,-0.5039518,0.4949276,0.4924435,
1,4,11.437,-0.2484565,0.04287982,-1.016206,0.5085065,-0.5039518,0.4949276,0.4924435,
1,4,11.439,-0.2484565,0.04287982,-1.016206,0.5085065,-0.5039518,0.4949276,0.4924435,
1,4,11.441,-0.2484565,0.04287982,-1.016206,0.5085065,-0.5039518,0.4949276,0.4924435,
1,4,11.443,-0.2484438,0.04287837,-1.0162,0.5085123,-0.5039285,0.4949236,0.4924651,
1,4,11.445,-0.2484438,0.04287837,-1.0162,0.5085123,-0.5039285,0.4949236,0.4924651,
1,4,11.447,-0.2484438,0.04287837,-1.0162,0.5085123,-0.5039285,0.4949236,0.4924651,
1,4,11.449,-0.2484438,0.04287837,-1.0162,0.5085123,-0.5039285,0.4949236,0.4924651,
1,4,11.451,-0.2484501,0.04286488,-1.016197,0.5085452,-0.5039428,0.4948918,0.4924485,
1,4,11.453,-0.2484501,0.04286488,-1.016197,0.5085452,-0.5039428,0.4948918,0.4924485,
1,4,11.455,-0.2484501,0.04286488,-1.016197,0.5085452,-0.5039428,0.4948918,0.4924485,
1,4,11.457,-0.2484501,0.04286488,-1.016197,0.5085452,-0.5039428,0.4948918,0.4924485,
1,4,11.459,-0.2484416,0.04286862,-1.016192,0.5085117,-0.5039479,0.4949141,0.4924556,
1,4,11.461,-0.2484416,0.04286862,-1.016192,0.5085117,-0.5039479,0.4949141,0.4924556,
1,4,11.463,-0.2484416,0.04286862,-1.016192,0.5085117,-0.5039479,0.4949141,0.4924556,
1,4,11.465,-0.2484416,0.04286862,-1.016192,0.5085117,-0.5039479,0.4949141,0.4924556,
1,4,11.467,-0.2484416,0.04286862,-1.016192,0.5085117,-0.5039479,0.4949141,0.4924556,
1,4,11.469,-0.2484409,0.04287421,-1.016195,0.5085156,-0.5039377,0.4949266,0.4924493,
1,4,11.471,-0.2484409,0.04287421,-1.016195,0.5085156,-0.5039377,0.4949266,0.4924493,
1,4,11.473,-0.2484409,0.04287421,-1.016195,0.5085156,-0.5039377,0.4949266,0.4924493,
1,4,11.475,-0.2484409,0.04287421,-1.016195,0.5085156,-0.5039377,0.4949266,0.4924493,
1,4,11.477,-0.2484482,0.04286758,-1.016197,0.5085095,-0.5039465,0.4949235,0.4924498,
1,4,11.479,-0.2484482,0.04286758,-1.016197,0.5085095,-0.5039465,0.4949235,0.4924498,
1,4,11.481,-0.2484482,0.04286758,-1.016197,0.5085095,-0.5039465,0.4949235,0.4924498,
1,4,11.483,-0.2484482,0.04286758,-1.016197,0.5085095,-0.5039465,0.4949235,0.4924498,
1,4,11.485,-0.2484524,0.04286941,-1.016203,0.5085086,-0.5039567,0.4949119,0.492452,
1,4,11.487,-0.2484524,0.04286941,-1.016203,0.5085086,-0.5039567,0.4949119,0.492452,
1,4,11.489,-0.2484524,0.04286941,-1.016203,0.5085086,-0.5039567,0.4949119,0.492452,
1,4,11.491,-0.2484524,0.04286941,-1.016203,0.5085086,-0.5039567,0.4949119,0.492452,
1,4,11.493,-0.248452,0.04286139,-1.016202,0.5085033,-0.5039613,0.4949122,0.4924525,
1,4,11.495,-0.248452,0.04286139,-1.016202,0.5085033,-0.5039613,0.4949122,0.4924525,
1,4,11.497,-0.248452,0.04286139,-1.016202,0.5085033,-0.5039613,0.4949122,0.4924525,
1,4,11.499,-0.248452,0.04286139,-1.016202,0.5085033,-0.5039613,0.4949122,0.4924525,
1,4,11.501,-0.2484534,0.04286884,-1.016205,0.5085124,-0.5039616,0.4949057,0.4924493,
1,4,11.503,-0.2484534,0.04286884,-1.016205,0.5085124,-0.5039616,0.4949057,0.4924493,
1,4,11.505,-0.2484534,0.04286884,-1.016205,0.5085124,-0.5039616,0.4949057,0.4924493,
1,4,11.507,-0.2484534,0.04286884,-1.016205,0.5085124,-0.5039616,0.4949057,0.4924493,
1,4,11.509,-0.2484564,0.04286752,-1.016208,0.5085059,-0.5039638,0.4949194,0.4924399,
1,4,11.511,-0.2484564,0.04286752,-1.016208,0.5085059,-0.5039638,0.4949194,0.4924399,
1,4,11.513,-0.2484564,0.04286752,-1.016208,0.5085059,-0.5039638,0.4949194,0.4924399,
1,4,11.515,-0.2484564,0.04286752,-1.016208,0.5085059,-0.5039638,0.4949194,0.4924399,
1,4,11.517,-0.2484564,0.04286752,-1.016208,0.5085059,-0.5039638,0.4949194,0.4924399,
1,4,11.519,-0.2484635,0.04288285,-1.016205,0.5085037,-0.5039283,0.4949605,0.4924372,
1,4,11.521,-0.2484635,0.04288285,-1.016205,0.5085037,-0.5039283,0.4949605,0.4924372,
1,4,11.523,-0.2484635,0.04288285,-1.016205,0.5085037,-0.5039283,0.4949605,0.4924372,
1,4,11.525,-0.2484635,0.04288285,-1.016205,0.5085037,-0.5039283,0.4949605,0.4924372,
1,4,11.527,-0.2484585,0.04288286,-1.016203,0.5085039,-0.5039051,0.4949679,0.4924534,
1,4,11.529,-0.2484585,0.04288286,-1.016203,0.5085039,-0.5039051,0.4949679,0.4924534,
1,4,11.531,-0.2484585,0.04288286,-1.016203,0.5085039,-0.5039051,0.4949679,0.4924534,
1,4,11.533,-0.2484585,0.04288286,-1.016203,0.5085039,-0.5039051,0.4949679,0.4924534,
1,4,11.535,-0.248448,0.0428724,-1.016197,0.508521,-0.5039152,0.4949543,0.492439,
1,4,11.537,-0.248448,0.0428724,-1.016197,0.508521,-0.5039152,0.4949543,0.492439,
1,4,11.539,-0.248448,0.0428724,-1.016197,0.508521,-0.5039152,0.4949543,0.492439,
1,4,11.541,-0.248448,0.0428724,-1.016197,0.508521,-0.5039152,0.4949543,0.492439,
1,4,11.543,-0.2484451,0.04287373,-1.016199,0.5085306,-0.5039253,0.4949267,0.4924465,
1,4,11.545,-0.2484451,0.04287373,-1.016199,0.5085306,-0.5039253,0.4949267,0.4924465,
1,4,11.547,-0.2484451,0.04287373,-1.016199,0.5085306,-0.5039253,0.4949267,0.4924465,
1,4,11.549,-0.2484451,0.04287373,-1.016199,0.5085306,-0.5039253,0.4949267,0.4924465,
1,4,11.551,-0.2484529,0.04287846,-1.016205,0.5085354,-0.5039117,0.4949388,0.4924432,
1,4,11.553,-0.2484529,0.04287846,-1.016205,0.5085354,-0.5039117,0.4949388,0.4924432,
1,4,11.555,-0.2484529,0.04287846,-1.016205,0.5085354,-0.5039117,0.4949388,0.4924432,
1,4,11.557,-0.2484529,0.04287846,-1.016205,0.5085354,-0.5039117,0.4949388,0.4924432,
1,4,11.559,-0.2484538,0.0428728,-1.016203,0.5084689,-0.5039525,0.4949507,0.4924583,
1,4,11.561,-0.2484538,0.0428728,-1.016203,0.5084689,-0.5039525,0.4949507,0.4924583,
1,4,11.563,-0.2484538,0.0428728,-1.016203,0.5084689,-0.5039525,0.4949507,0.4924583,
1,4,11.565,-0.2484538,0.0428728,-1.016203,0.5084689,-0.5039525,0.4949507,0.4924583,
1,4,11.567,-0.2484538,0.0428728,-1.016203,0.5084689,-0.5039525,0.4949507,0.4924583,
1,4,11.569,-0.2484536,0.04286402,-1.016203,0.5084927,-0.5039361,0.4949495,0.4924517,
1,4,11.571,-0.2484536,0.04286402,-1.016203,0.5084927,-0.5039361,0.4949495,0.4924517,
1,4,11.573,-0.2484536,0.04286402,-1.016203,0.5084927,-0.5039361,0.4949495,0.4924517,
1,4,11.575,-0.2484536,0.04286402,-1.016203,0.5084927,-0.5039361,0.4949495,0.4924517,
1,4,11.577,-0.2484548,0.04286838,-1.016193,0.508515,-0.5039287,0.4949319,0.4924539,
1,4,11.579,-0.2484548,0.04286838,-1.016193,0.508515,-0.5039287,0.4949319,0.4924539,
1,4,11.581,-0.2484548,0.04286838,-1.016193,0.508515,-0.5039287,0.4949319,0.4924539,
1,4,11.583,-0.2484548,0.04286838,-1.016193,0.508515,-0.5039287,0.4949319,0.4924539,
1,4,11.585,-0.2484495,0.04286312,-1.016199,0.5085336,-0.5039353,0.4949101,0.4924499,
1,4,11.587,-0.2484495,0.04286312,-1.016199,0.5085336,-0.5039353,0.4949101,0.4924499,
1,4,11.589,-0.2484495,0.04286312,-1.016199,0.5085336,-0.5039353,0.4949101,0.4924499,
1,4,11.591,-0.2484495,0.04286312,-1.016199,0.5085336,-0.5039353,0.4949101,0.4924499,
1,4,11.593,-0.2484471,0.04286232,-1.0162,0.5085076,-0.5039411,0.4949094,0.4924715,
1,4,11.595,-0.2484471,0.04286232,-1.0162,0.5085076,-0.5039411,0.4949094,0.4924715,
1,4,11.597,-0.2484471,0.04286232,-1.0162,0.5085076,-0.5039411,0.4949094,0.4924715,
1,4,11.599,-0.2484471,0.04286232,-1.0162,0.5085076,-0.5039411,0.4949094,0.4924715,
1,4,11.601,-0.2484635,0.04287022,-1.016196,0.5084727,-0.5039629,0.4949213,0.4924732,
1,4,11.603,-0.2484635,0.04287022,-1.016196,0.5084727,-0.5039629,0.4949213,0.4924732,
1,4,11.605,-0.2484635,0.04287022,-1.016196,0.5084727,-0.5039629,0.4949213,0.4924732,
1,4,11.607,-0.2484635,0.04287022,-1.016196,0.5084727,-0.5039629,0.4949213,0.4924732,
1,4,11.609,-0.2484633,0.04287864,-1.016197,0.5084471,-0.5039611,0.4949409,0.4924819,
1,4,11.611,-0.2484633,0.04287864,-1.016197,0.5084471,-0.5039611,0.4949409,0.4924819,
1,4,11.613,-0.2484633,0.04287864,-1.016197,0.5084471,-0.5039611,0.4949409,0.4924819,
1,4,11.615,-0.2484633,0.04287864,-1.016197,0.5084471,-0.5039611,0.4949409,0.4924819,
1,4,11.617,-0.2484633,0.04287864,-1.016197,0.5084471,-0.5039611,0.4949409,0.4924819,
1,4,11.619,-0.2484589,0.04286435,-1.016194,0.5084897,-0.5039496,0.4949265,0.4924641,
1,4,11.621,-0.2484589,0.04286435,-1.016194,0.5084897,-0.5039496,0.4949265,0.4924641,
1,4,11.623,-0.2484589,0.04286435,-1.016194,0.5084897,-0.5039496,0.4949265,0.4924641,
1,4,11.625,-0.2484589,0.04286435,-1.016194,0.5084897,-0.5039496,0.4949265,0.4924641,
1,4,11.627,-0.2484531,0.04285334,-1.016191,0.5084982,-0.503931,0.4949294,0.4924714,
1,4,11.629,-0.2484531,0.04285334,-1.016191,0.5084982,-0.503931,0.4949294,0.4924714,
1,4,11.631,-0.2484531,0.04285334,-1.016191,0.5084982,-0.503931,0.4949294,0.4924714,
1,4,11.633,-0.2484531,0.04285334,-1.016191,0.5084982,-0.503931,0.4949294,0.4924714,
1,4,11.635,-0.2484421,0.04286279,-1.016192,0.5085012,-0.5039207,0.4949092,0.492499,
1,4,11.637,-0.2484421,0.04286279,-1.016192,0.5085012,-0.5039207,0.4949092,0.492499,
1,4,11.639,-0.2484421,0.04286279,-1.016192,0.5085012,-0.5039207,0.4949092,0.492499,
1,4,11.641,-0.2484421,0.04286279,-1.016192,0.5085012,-0.5039207,0.4949092,0.492499,
1,4,11.643,-0.2484547,0.04286911,-1.016193,0.5084952,-0.5039161,0.4949134,0.4925057,
1,4,11.645,-0.2484547,0.04286911,-1.016193,0.5084952,-0.5039161,0.4949134,0.4925057,
1,4,11.647,-0.2484547,0.04286911,-1.016193,0.5084952,-0.5039161,0.4949134,0.4925057,
1,4,11.649,-0.2484547,0.04286911,-1.016193,0.5084952,-0.5039161,0.4949134,0.4925057,
1,4,11.651,-0.2484495,0.04286228,-1.016197,0.5084989,-0.503905,0.4949245,0.4925022,
1,4,11.653,-0.2484495,0.04286228,-1.016197,0.5084989,-0.503905,0.4949245,0.4925022,
1,4,11.655,-0.2484495,0.04286228,-1.016197,0.5084989,-0.503905,0.4949245,0.4925022,
1,4,11.657,-0.2484495,0.04286228,-1.016197,0.5084989,-0.503905,0.4949245,0.4925022,
1,4,11.659,-0.2484445,0.04284951,-1.016192,0.5085062,-0.5039186,0.4949077,0.4924977,
1,4,11.661,-0.2484445,0.04284951,-1.016192,0.5085062,-0.5039186,0.4949077,0.4924977,
1,4,11.663,-0.2484445,0.04284951,-1.016192,0.5085062,-0.5039186,0.4949077,0.4924977,
1,4,11.665,-0.2484445,0.04284951,-1.016192,0.5085062,-0.5039186,0.4949077,0.4924977,
1,4,11.667,-0.2484445,0.04284951,-1.016192,0.5085062,-0.5039186,0.4949077,0.4924977,
1,4,11.669,-0.2484658,0.04287242,-1.016204,0.5084998,-0.5039281,0.4949224,0.4924797,
1,4,11.671,-0.2484658,0.04287242,-1.016204,0.5084998,-0.5039281,0.4949224,0.4924797,
1,4,11.673,-0.2484658,0.04287242,-1.016204,0.5084998,-0.5039281,0.4949224,0.4924797,
1,4,11.675,-0.2484658,0.04287242,-1.016204,0.5084998,-0.5039281,0.4949224,0.4924797,
1,4,11.677,-0.2484549,0.04286728,-1.016198,0.5085082,-0.5039387,0.4949135,0.492469,
1,4,11.679,-0.2484549,0.04286728,-1.016198,0.5085082,-0.5039387,0.4949135,0.492469,
1,4,11.681,-0.2484549,0.04286728,-1.016198,0.5085082,-0.5039387,0.4949135,0.492469,
1,4,11.683,-0.2484549,0.04286728,-1.016198,0.5085082,-0.5039387,0.4949135,0.492469,
1,4,11.685,-0.248453,0.0428657,-1.016194,0.5085117,-0.5039483,0.4949042,0.492465,
1,4,11.687,-0.248453,0.0428657,-1.016194,0.5085117,-0.5039483,0.4949042,0.492465,
1,4,11.689,-0.248453,0.0428657,-1.016194,0.5085117,-0.5039483,0.4949042,0.492465,
1,4,11.691,-0.248453,0.0428657,-1.016194,0.5085117,-0.5039483,0.4949042,0.492465,
1,4,11.693,-0.2484567,0.04287004,-1.016196,0.5084964,-0.5039532,0.494907,0.492473,
1,4,11.695,-0.2484567,0.04287004,-1.016196,0.5084964,-0.5039532,0.494907,0.492473,
1,4,11.697,-0.2484567,0.04287004,-1.016196,0.5084964,-0.5039532,0.494907,0.492473,
1,4,11.699,-0.2484567,0.04287004,-1.016196,0.5084964,-0.5039532,0.494907,0.492473,
1,4,11.701,-0.2484497,0.04287424,-1.0162,0.5085028,-0.5039512,0.4949147,0.4924608,
1,4,11.703,-0.2484497,0.04287424,-1.0162,0.5085028,-0.5039512,0.4949147,0.4924608,
1,4,11.705,-0.2484497,0.04287424,-1.0162,0.5085028,-0.5039512,0.4949147,0.4924608,
1,4,11.707,-0.2484497,0.04287424,-1.0162,0.5085028,-0.5039512,0.4949147,0.4924608,
1,4,11.709,-0.2484432,0.04286834,-1.016191,0.5085128,-0.5039603,0.4949027,0.4924532,
1,4,11.711,-0.2484432,0.04286834,-1.016191,0.5085128,-0.5039603,0.4949027,0.4924532,
1,4,11.713,-0.2484432,0.04286834,-1.016191,0.5085128,-0.5039603,0.4949027,0.4924532,
1,4,11.715,-0.2484432,0.04286834,-1.016191,0.5085128,-0.5039603,0.4949027,0.4924532,
1,4,11.717,-0.2484432,0.04286834,-1.016191,0.5085128,-0.5039603,0.4949027,0.4924532,
1,4,11.719,-0.2484553,0.04288017,-1.016201,0.5085024,-0.5039223,0.4949465,0.4924588,
1,4,11.721,-0.2484553,0.04288017,-1.016201,0.5085024,-0.5039223,0.4949465,0.4924588,
1,4,11.723,-0.2484553,0.04288017,-1.016201,0.5085024,-0.5039223,0.4949465,0.4924588,
1,4,11.725,-0.2484553,0.04288017,-1.016201,0.5085024,-0.5039223,0.4949465,0.4924588,
1,4,11.727,-0.2484605,0.04287256,-1.016198,0.5084764,-0.5039169,0.4949654,0.4924722,
1,4,11.729,-0.2484605,0.04287256,-1.016198,0.5084764,-0.5039169,0.4949654,0.4924722,
1,4,11.731,-0.2484605,0.04287256,-1.016198,0.5084764,-0.5039169,0.4949654,0.4924722,
1,4,11.733,-0.2484605,0.04287256,-1.016198,0.5084764,-0.5039169,0.4949654,0.4924722,
1,4,11.735,-0.2484698,0.04287183,-1.016202,0.5084779,-0.5039353,0.4949443,0.492473,
1,4,11.737,-0.2484698,0.04287183,-1.016202,0.5084779,-0.5039353,0.4949443,0.492473,
1,4,11.739,-0.2484698,0.04287183,-1.016202,0.5084779,-0.5039353,0.4949443,0.492473,
1,4,11.741,-0.2484698,0.04287183,-1.016202,0.5084779,-0.5039353,0.4949443,0.492473,
1,4,11.743,-0.2484646,0.04287179,-1.016194,0.5084606,-0.5039353,0.4949458,0.4924895,
1,4,11.745,-0.2484646,0.04287179,-1.016194,0.5084606,-0.5039353,0.4949458,0.4924895,
1,4,11.747,-0.2484646,0.04287179,-1.016194,0.5084606,-0.5039353,0.4949458,0.4924895,
1,4,11.749,-0.2484646,0.04287179,-1.016194,0.5084606,-0.5039353,0.4949458,0.4924895,
1,4,11.751,-0.248458,0.04286544,-1.016196,0.5084695,-0.5039318,0.4949318,0.4924977,
1,4,11.753,-0.248458,0.04286544,-1.016196,0.5084695,-0.5039318,0.4949318,0.4924977,
1,4,11.755,-0.248458,0.04286544,-1.016196,0.5084695,-0.5039318,0.4949318,0.4924977,CourtEnter
1,4,11.757,-0.248458,0.04286544,-1.016196,0.5084695,-0.5039318,0.4949318,0.4924977,
1,4,11.759,-0.2484642,0.04286526,-1.016198,0.5084794,-0.5039603,0.4949145,0.4924757,
1,4,11.761,-0.2484642,0.04286526,-1.016198,0.5084794,-0.5039603,0.4949145,0.4924757,
1,4,11.763,-0.2484642,0.04286526,-1.016198,0.5084794,-0.5039603,0.4949145,0.4924757,
1,4,11.765,-0.2484642,0.04286526,-1.016198,0.5084794,-0.5039603,0.4949145,0.4924757,
1,4,11.767,-0.2484642,0.04286526,-1.016198,0.5084794,-0.5039603,0.4949145,0.4924757,CourtExit
1,4,11.769,-0.2484567,0.04286383,-1.016191,0.5084575,-0.5039531,0.4949356,0.4924847,
1,4,11.771,-0.2484567,0.04286383,-1.016191,0.5084575,-0.5039531,0.4949356,0.4924847,
1,4,11.773,-0.2484567,0.04286383,-1.016191,0.5084575,-0.5039531,0.4949356,0.4924847,
1,4,11.775,-0.2484567,0.04286383,-1.016191,0.5084575,-0.5039531,0.4949356,0.4924847,
1,4,11.777,-0.2484628,0.04287737,-1.016188,0.5084604,-0.5039439,0.4949451,0.4924813,
1,4,11.779,-0.2484628,0.04287737,-1.016188,0.5084604,-0.5039439,0.4949451,0.4924813,
1,4,11.781,-0.2484628,0.04287737,-1.016188,0.5084604,-0.5039439,0.4949451,0.4924813,
1,4,11.783,-0.2484628,0.04287737,-1.016188,0.5084604,-0.5039439,0.4949451,0.4924813,
1,4,11.785,-0.2484644,0.04287133,-1.016186,0.5084847,-0.5039006,0.4949635,0.4924821,
1,4,11.787,-0.2484644,0.04287133,-1.016186,0.5084847,-0.5039006,0.4949635,0.4924821,
1,4,11.789,-0.2484644,0.04287133,-1.016186,0.5084847,-0.5039006,0.4949635,0.4924821,
1,4,11.791,-0.2484644,0.04287133,-1.016186,0.5084847,-0.5039006,0.4949635,0.4924821,
1,4,11.793,-0.2484623,0.04286285,-1.016186,0.508492,-0.5038954,0.4949564,0.492487,
1,4,11.795,-0.2484623,0.04286285,-1.016186,0.508492,-0.5038954,0.4949564,0.492487,
1,4,11.797,-0.2484623,0.04286285,-1.016186,0.508492,-0.5038954,0.4949564,0.492487,
1,4,11.799,-0.2484623,0.04286285,-1.016186,0.508492,-0.5038954,0.4949564,0.492487,
1,4,11.801,-0.2484596,0.04285601,-1.016184,0.5085022,-0.503933,0.4949012,0.4924936,
1,4,11.803,-0.2484596,0.04285601,-1.016184,0.5085022,-0.503933,0.4949012,0.4924936,
1,4,11.805,-0.2484596,0.04285601,-1.016184,0.5085022,-0.503933,0.4949012,0.4924936,
1,4,11.807,-0.2484596,0.04285601,-1.016184,0.5085022,-0.503933,0.4949012,0.4924936,
1,4,11.809,-0.2484702,0.0428569,-1.016184,0.5084959,-0.5039419,0.4949057,0.4924864,
1,4,11.811,-0.2484702,0.0428569,-1.016184,0.5084959,-0.5039419,0.4949057,0.4924864,
1,4,11.813,-0.2484702,0.0428569,-1.016184,0.5084959,-0.5039419,0.4949057,0.4924864,
1,4,11.815,-0.2484702,0.0428569,-1.016184,0.5084959,-0.5039419,0.4949057,0.4924864,
1,4,11.817,-0.2484702,0.0428569,-1.016184,0.5084959,-0.5039419,0.4949057,0.4924864,
1,4,11.819,-0.2484642,0.04286128,-1.016194,0.5085045,-0.5039262,0.4949166,0.4924828,
1,4,11.821,-0.2484642,0.04286128,-1.016194,0.5085045,-0.5039262,0.4949166,0.4924828,
1,4,11.823,-0.2484642,0.04286128,-1.016194,0.5085045,-0.5039262,0.4949166,0.4924828,
1,4,11.825,-0.2484642,0.04286128,-1.016194,0.5085045,-0.5039262,0.4949166,0.4924828,
1,4,11.827,-0.2484633,0.04287281,-1.016193,0.5084927,-0.5039226,0.4949331,0.4924819,
1,4,11.829,-0.2484633,0.04287281,-1.016193,0.5084927,-0.5039226,0.4949331,0.4924819,
1,4,11.831,-0.2484633,0.04287281,-1.016193,0.5084927,-0.5039226,0.4949331,0.4924819,
1,4,11.833,-0.2484633,0.04287281,-1.016193,0.5084927,-0.5039226,0.4949331,0.4924819,
1,4,11.835,-0.2484763,0.0428693,-1.016197,0.5084857,-0.5039311,0.4949508,0.4924626,
1,4,11.837,-0.2484763,0.0428693,-1.016197,0.5084857,-0.5039311,0.4949508,0.4924626,
1,4,11.839,-0.2484763,0.0428693,-1.016197,0.5084857,-0.5039311,0.4949508,0.4924626,
1,4,11.841,-0.2484763,0.0428693,-1.016197,0.5084857,-0.5039311,0.4949508,0.4924626,
1,4,11.843,-0.248466,0.04286453,-1.01619,0.5084844,-0.50392,0.4949328,0.4924936,
1,4,11.845,-0.248466,0.04286453,-1.01619,0.5084844,-0.50392,0.4949328,0.4924936,
1,4,11.847,-0.248466,0.04286453,-1.01619,0.5084844,-0.50392,0.4949328,0.4924936,
1,4,11.849,-0.248466,0.04286453,-1.01619,0.5084844,-0.50392,0.4949328,0.4924936,
1,4,11.851,-0.2484725,0.04287143,-1.016189,0.5085001,-0.5039366,0.4949018,0.4924915,
1,4,11.853,-0.2484725,0.04287143,-1.016189,0.5085001,-0.5039366,0.4949018,0.4924915,
1,4,11.855,-0.2484725,0.04287143,-1.016189,0.5085001,-0.5039366,0.4949018,0.4924915,
1,4,11.857,-0.2484725,0.04287143,-1.016189,0.5085001,-0.5039366,0.4949018,0.4924915,
1,4,11.859,-0.2484611,0.04286004,-1.016186,0.5085034,-0.5039295,0.4949142,0.4924828,
1,4,11.861,-0.2484611,0.04286004,-1.016186,0.5085034,-0.5039295,0.4949142,0.4924828,
1,4,11.863,-0.2484611,0.04286004,-1.016186,0.5085034,-0.5039295,0.4949142,0.4924828,
1,4,11.865,-0.2484611,0.04286004,-1.016186,0.5085034,-0.5039295,0.4949142,0.4924828,
1,4,11.867,-0.2484611,0.04286004,-1.016186,0.5085034,-0.5039295,0.4949142,0.4924828,
1,4,11.869,-0.2484583,0.04286086,-1.016185,0.5085088,-0.5039315,0.4949111,0.4924784,
1,4,11.871,-0.2484583,0.04286086,-1.016185,0.5085088,-0.5039315,0.4949111,0.4924784,
1,4,11.873,-0.2484583,0.04286086,-1.016185,0.5085088,-0.5039315,0.4949111,0.4924784,
1,4,11.875,-0.2484583,0.04286086,-1.016185,0.5085088,-0.5039315,0.4949111,0.4924784,
1,4,11.877,-0.248467,0.04285607,-1.016189,0.5085177,-0.5039306,0.494904,0.4924771,
1,4,11.879,-0.248467,0.04285607,-1.016189,0.5085177,-0.5039306,0.494904,0.4924771,
1,4,11.881,-0.248467,0.04285607,-1.016189,0.5085177,-0.5039306,0.494904,0.4924771,
1,4,11.883,-0.248467,0.04285607,-1.016189,0.5085177,-0.5039306,0.494904,0.4924771,
1,4,11.885,-0.2484706,0.0428656,-1.016185,0.508539,-0.5039357,0.4948928,0.4924613,
1,4,11.887,-0.2484706,0.0428656,-1.016185,0.508539,-0.5039357,0.4948928,0.4924613,
1,4,11.889,-0.2484706,0.0428656,-1.016185,0.508539,-0.5039357,0.4948928,0.4924613,
1,4,11.891,-0.2484706,0.0428656,-1.016185,0.508539,-0.5039357,0.4948928,0.4924613,
1,4,11.893,-0.2484694,0.04285684,-1.016195,0.5085196,-0.5039396,0.4949052,0.4924648,
1,4,11.895,-0.2484694,0.04285684,-1.016195,0.5085196,-0.5039396,0.4949052,0.4924648,
1,4,11.897,-0.2484694,0.04285684,-1.016195,0.5085196,-0.5039396,0.4949052,0.4924648,
1,4,11.899,-0.2484694,0.04285684,-1.016195,0.5085196,-0.5039396,0.4949052,0.4924648,
1,4,11.901,-0.2484616,0.04286316,-1.016204,0.5085356,-0.5039534,0.4948806,0.4924589,
1,4,11.903,-0.2484616,0.04286316,-1.016204,0.5085356,-0.5039534,0.4948806,0.4924589,
1,4,11.905,-0.2484616,0.04286316,-1.016204,0.5085356,-0.5039534,0.4948806,0.4924589,
1,4,11.907,-0.2484616,0.04286316,-1.016204,0.5085356,-0.5039534,0.4948806,0.4924589,
1,4,11.909,-0.2484663,0.04285647,-1.016202,0.508531,-0.5039518,0.4948846,0.4924614,
1,4,11.911,-0.2484663,0.04285647,-1.016202,0.508531,-0.5039518,0.4948846,0.4924614,
1,4,11.913,-0.2484663,0.04285647,-1.016202,0.508531,-0.5039518,0.4948846,0.4924614,
1,4,11.915,-0.2484663,0.04285647,-1.016202,0.508531,-0.5039518,0.4948846,0.4924614,
1,4,11.917,-0.2484663,0.04285647,-1.016202,0.508531,-0.5039518,0.4948846,0.4924614,
1,4,11.919,-0.2484677,0.04286053,-1.016196,0.5085199,-0.5039487,0.4948875,0.4924731,
1,4,11.921,-0.2484677,0.04286053,-1.016196,0.5085199,-0.5039487,0.4948875,0.4924731,
1,4,11.923,-0.2484677,0.04286053,-1.016196,0.5085199,-0.5039487,0.4948875,0.4924731,
1,4,11.925,-0.2484677,0.04286053,-1.016196,0.5085199,-0.5039487,0.4948875,0.4924731,
1,4,11.927,-0.248454,0.04286322,-1.016196,0.5085337,-0.5039455,0.4948929,0.4924564,
1,4,11.929,-0.248454,0.04286322,-1.016196,0.5085337,-0.5039455,0.4948929,0.4924564,
1,4,11.931,-0.248454,0.04286322,-1.016196,0.5085337,-0.5039455,0.4948929,0.4924564,
1,4,11.933,-0.248454,0.04286322,-1.016196,0.5085337,-0.5039455,0.4948929,0.4924564,
1,4,11.935,-0.24846,0.04286225,-1.016198,0.5085305,-0.503914,0.4949144,0.4924707,
1,4,11.937,-0.24846,0.04286225,-1.016198,0.5085305,-0.503914,0.4949144,0.4924707,
1,4,11.939,-0.24846,0.04286225,-1.016198,0.5085305,-0.503914,0.4949144,0.4924707,
1,4,11.941,-0.24846,0.04286225,-1.016198,0.5085305,-0.503914,0.4949144,0.4924707,
1,4,11.943,-0.2484514,0.04285977,-1.016187,0.5085154,-0.5038996,0.4949324,0.492483,
1,4,11.945,-0.2484514,0.04285977,-1.016187,0.5085154,-0.5038996,0.4949324,0.492483,
1,4,11.947,-0.2484514,0.04285977,-1.016187,0.5085154,-0.5038996,0.4949324,0.492483,
1,4,11.949,-0.2484514,0.04285977,-1.016187,0.5085154,-0.5038996,0.4949324,0.492483,
1,4,11.951,-0.2484669,0.04286735,-1.016191,0.5085096,-0.5039173,0.4949293,0.492474,
1,4,11.953,-0.2484669,0.04286735,-1.016191,0.5085096,-0.5039173,0.4949293,0.492474,
1,4,11.955,-0.2484669,0.04286735,-1.016191,0.5085096,-0.5039173,0.4949293,0.492474,
1,4,11.957,-0.2484669,0.04286735,-1.016191,0.5085096,-0.5039173,0.4949293,0.492474,
1,4,11.959,-0.2484641,0.04287012,-1.01619,0.5085146,-0.5039243,0.4949235,0.4924671,
1,4,11.961,-0.2484641,0.04287012,-1.01619,0.5085146,-0.5039243,0.4949235,0.4924671,
1,4,11.963,-0.2484641,0.04287012,-1.01619,0.5085146,-0.5039243,0.4949235,0.4924671,
1,4,11.965,-0.2484641,0.04287012,-1.01619,0.5085146,-0.5039243,0.4949235,0.4924671,
1,4,11.967,-0.2484641,0.04287012,-1.01619,0.5085146,-0.5039243,0.4949235,0.4924671,
1,4,11.969,-0.2484591,0.04287739,-1.016191,0.5084887,-0.5039139,0.4949395,0.4924886,
1,4,11.971,-0.2484591,0.04287739,-1.016191,0.5084887,-0.5039139,0.4949395,0.4924886,
1,4,11.973,-0.2484591,0.04287739,-1.016191,0.5084887,-0.5039139,0.4949395,0.4924886,
1,4,11.975,-0.2484591,0.04287739,-1.016191,0.5084887,-0.5039139,0.4949395,0.4924886,
1,4,11.977,-0.248451,0.04286493,-1.016186,0.5085132,-0.5039041,0.4949399,0.492473,
1,4,11.979,-0.248451,0.04286493,-1.016186,0.5085132,-0.5039041,0.4949399,0.492473,
1,4,11.981,-0.248451,0.04286493,-1.016186,0.5085132,-0.5039041,0.4949399,0.492473,
1,4,11.983,-0.248451,0.04286493,-1.016186,0.5085132,-0.5039041,0.4949399,0.492473,
1,4,11.985,-0.2484631,0.04287419,-1.016195,0.5084665,-0.5039247,0.494938,0.4925018,
1,4,11.987,-0.2484631,0.04287419,-1.016195,0.5084665,-0.5039247,0.494938,0.4925018,
1,4,11.989,-0.2484631,0.04287419,-1.016195,0.5084665,-0.5039247,0.494938,0.4925018,
1,4,11.991,-0.2484631,0.04287419,-1.016195,0.5084665,-0.5039247,0.494938,0.4925018,
1,4,11.993,-0.2484733,0.04288216,-1.016197,0.5084791,-0.5039321,0.4949184,0.4925011,
1,4,11.995,-0.2484733,0.04288216,-1.016197,0.5084791,-0.5039321,0.4949184,0.4925011,
1,4,11.997,-0.2484733,0.04288216,-1.016197,0.5084791,-0.5039321,0.4949184,0.4925011,
1,4,11.999,-0.2484733,0.04288216,-1.016197,0.5084791,-0.5039321,0.4949184,0.4925011,
1,5,12.001,-0.2484634,0.04286573,-1.01619,0.5084782,-0.5039585,0.4949108,0.4924827,TrialStart
1,5,12.003,-0.2484634,0.04286573,-1.01619,0.5084782,-0.5039585,0.4949108,0.4924827,
1,5,12.005,-0.2484634,0.04286573,-1.01619,0.5084782,-0.5039585,0.4949108,0.4924827,
1,5,12.007,-0.2484634,0.04286573,-1.01619,0.5084782,-0.5039585,0.4949108,0.4924827,
1,5,12.009,-0.2484618,0.04286494,-1.016184,0.5084934,-0.5039534,0.4949182,0.4924649,
1,5,12.011,-0.2484618,0.04286494,-1.016184,0.5084934,-0.5039534,0.4949182,0.4924649,
1,5,12.013,-0.2484618,0.04286494,-1.016184,0.5084934,-0.5039534,0.4949182,0.4924649,
1,5,12.015,-0.2484618,0.04286494,-1.016184,0.5084934,-0.5039534,0.4949182,0.4924649,
1,5,12.017,-0.2484618,0.04286494,-1.016184,0.5084934,-0.5039534,0.4949182,0.4924649,
1,5,12.019,-0.2484617,0.04287576,-1.016193,0.5085028,-0.5039256,0.4949526,0.4924488,
1,5,12.021,-0.2484617,0.04287576,-1.016193,0.5085028,-0.5039256,0.4949526,0.4924488,
1,5,12.023,-0.2484617,0.04287576,-1.016193,0.5085028,-0.5039256,0.4949526,0.4924488,
1,5,12.025,-0.2484617,0.04287576,-1.016193,0.5085028,-0.5039256,0.4949526,0.4924488,
1,5,12.027,-0.2484605,0.04288113,-1.016199,0.5085046,-0.5039263,0.4949553,0.4924437,
1,5,12.029,-0.2484605,0.04288113,-1.016199,0.5085046,-0.5039263,0.4949553,0.4924437,
1,5,12.031,-0.2484605,0.04288113,-1.016199,0.5085046,-0.5039263,0.4949553,0.4924437,
1,5,12.033,-0.2484605,0.04288113,-1.016199,0.5085046,-0.5039263,0.4949553,0.4924437,
1,5,12.035,-0.2484644,0.04288964,-1.016194,0.5084876,-0.5039124,0.4949783,0.4924521,
1,5,12.037,-0.2484644,0.04288964,-1.016194,0.5084876,-0.5039124,0.4949783,0.4924521,
1,5,12.039,-0.2484644,0.04288964,-1.016194,0.5084876,-0.5039124,0.4949783,0.4924521,
1,5,12.041,-0.2484644,0.04288964,-1.016194,0.5084876,-0.5039124,0.4949783,0.4924521,
1,5,12.043,-0.2484742,0.04288142,-1.016202,0.5084541,-0.5039389,0.4949728,0.4924654,
1,5,12.045,-0.2484742,0.04288142,-1.016202,0.5084541,-0.5039389,0.4949728,0.4924654,
1,5,12.047,-0.2484742,0.04288142,-1.016202,0.5084541,-0.5039389,0.4949728,0.4924654,
1,5,12.049,-0.2484742,0.04288142,-1.016202,0.5084541,-0.5039389,0.4949728,0.4924654,
1,5,12.051,-0.2484788,0.04288402,-1.016197,0.5084521,-0.5039511,0.4949619,0.4924659,
1,5,12.053,-0.2484788,0.04288402,-1.016197,0.5084521,-0.5039511,0.4949619,0.4924659,
1,5,12.055,-0.2484788,0.04288402,-1.016197,0.5084521,-0.5039511,0.4949619,0.4924659,
1,5,12.057,-0.2484788,0.04288402,-1.016197,0.5084521,-0.5039511,0.4949619,0.4924659,
1,5,12.059,-0.2484655,0.04288757,-1.016196,0.5084774,-0.5039354,0.4949689,0.4924486,
1,5,12.061,-0.2484655,0.04288757,-1.016196,0.5084774,-0.5039354,0.4949689,0.4924486,
1,5,12.063,-0.2484655,0.04288757,-1.016196,0.5084774,-0.5039354,0.4949689,0.4924486,
1,5,12.065,-0.2484655,0.04288757,-1.016196,0.5084774,-0.5039354,0.4949689,0.4924486,
1,5,12.067,-0.2484655,0.04288757,-1.016196,0.5084774,-0.5039354,0.4949689,0.4924486,
1,5,12.069,-0.2484663,0.04289313,-1.016199,0.5084786,-0.5039231,0.4949699,0.4924591,
1,5,12.071,-0.2484663,0.04289313,-1.016199,0.5084786,-0.5039231,0.4949699,0.4924591,
1,5,12.073,-0.2484663,0.04289313,-1.016199,0.5084786,-0.5039231,0.4949699,0.4924591,
1,5,12.075,-0.2484663,0.04289313,-1.016199,0.5084786,-0.5039231,0.4949699,0.4924591,
1,5,12.077,-0.24845,0.04288006,-1.016191,0.5084955,-0.5039324,0.4949397,0.4924626,
1,5,12.079,-0.24845,0.04288006,-1.016191,0.5084955,-0.5039324,0.4949397,0.4924626,
1,5,12.081,-0.24845,0.04288006,-1.016191,0.5084955,-0.5039324,0.4949397,0.4924626,
1,5,12.083,-0.24845,0.04288006,-1.016191,0.5084955,-0.5039324,0.4949397,0.4924626,
1,5,12.085,-0.2484493,0.04288334,-1.016183,0.5085086,-0.5039206,0.4949276,0.4924731,
1,5,12.087,-0.2484493,0.04288334,-1.016183,0.5085086,-0.5039206,0.4949276,0.4924731,
1,5,12.089,-0.2484493,0.04288334,-1.016183,0.5085086,-0.5039206,0.4949276,0.4924731,
1,5,12.091,-0.2484493,0.04288334,-1.016183,0.5085086,-0.5039206,0.4949276,0.4924731,
1,5,12.093,-0.2484527,0.04287321,-1.016183,0.5085077,-0.5039116,0.4949402,0.4924706,
1,5,12.095,-0.2484527,0.04287321,-1.016183,0.5085077,-0.5039116,0.4949402,0.4924706,
1,5,12.097,-0.2484527,0.04287321,-1.016183,0.5085077,-0.5039116,0.4949402,0.4924706,
1,5,12.099,-0.2484527,0.04287321,-1.016183,0.5085077,-0.5039116,0.4949402,0.4924706,
1,5,12.101,-0.2484499,0.04287599,-1.016182,0.5085256,-0.5039153,0.4949296,0.4924591,
1,5,12.103,-0.2484499,0.04287599,-1.016182,0.5085256,-0.5039153,0.4949296,0.4924591,
1,5,12.105,-0.2484499,0.04287599,-1.016182,0.5085256,-0.5039153,0.4949296,0.4924591,
1,5,12.107,-0.2484499,0.04287599,-1.016182,0.5085256,-0.5039153,0.4949296,0.4924591,
1,5,12.109,-0.2484485,0.04287857,-1.016197,0.508531,-0.503888,0.4949457,0.4924652,
1,5,12.111,-0.2484485,0.04287857,-1.016197,0.508531,-0.503888,0.4949457,0.4924652,
1,5,12.113,-0.2484485,0.04287857,-1.016197,0.508531,-0.503888,0.4949457,0.4924652,
1,5,12.115,-0.2484485,0.04287857,-1.016197,0.508531,-0.503888,0.4949457,0.4924652,
1,5,12.117,-0.2484485,0.04287857,-1.016197,0.508531,-0.503888,0.4949457,0.4924652,
1,5,12.119,-0.248458,0.04287713,-1.016193,0.5085052,-0.5038931,0.4949622,0.4924699,
1,5,12.121,-0.248458,0.04287713,-1.016193,0.5085052,-0.5038931,0.4949622,0.4924699,
1,5,12.123,-0.248458,0.04287713,-1.016193,0.5085052,-0.5038931,0.4949622,0.4924699,
1,5,12.125,-0.248458,0.04287713,-1.016193,0.5085052,-0.5038931,0.4949622,0.4924699,
1,5,12.127,-0.2484589,0.04287812,-1.0162,0.5085151,-0.5039042,0.4949512,0.4924595,
1,5,12.129,-0.2484589,0.04287812,-1.0162,0.5085151,-0.5039042,0.4949512,0.4924595,
1,5,12.131,-0.2484589,0.04287812,-1.0162,0.5085151,-0.5039042,0.4949512,0.4924595,
1,5,12.133,-0.2484589,0.04287812,-1.0162,0.5085151,-0.5039042,0.4949512,0.4924595,
1,5,12.135,-0.2484614,0.0428927,-1.016186,0.5084913,-0.5039189,0.4949459,0.4924743,
1,5,12.137,-0.2484614,0.0428927,-1.016186,0.5084913,-0.5039189,0.4949459,0.4924743,
1,5,12.139,-0.2484614,0.0428927,-1.016186,0.5084913,-0.5039189,0.4949459,0.4924743,
1,5,12.141,-0.2484614,0.0428927,-1.016186,0.5084913,-0.5039189,0.4949459,0.4924743,
1,5,12.143,-0.2484611,0.04289377,-1.016197,0.5084931,-0.5038821,0.4949766,0.4924794,
1,5,12.145,-0.2484611,0.04289377,-1.016197,0.5084931,-0.5038821,0.4949766,0.4924794,
1,5,12.147,-0.2484611,0.04289377,-1.016197,0.5084931,-0.5038821,0.4949766,0.4924794,
1,5,12.149,-0.2484611,0.04289377,-1.016197,0.5084931,-0.5038821,0.4949766,0.4924794,
1,5,12.151,-0.2484591,0.0428932,-1.016202,0.5085009,-0.5038905,0.4949625,0.4924767,
1,5,12.153,-0.2484591,0.0428932,-1.016202,0.5085009,-0.5038905,0.4949625,0.4924767,
1,5,12.155,-0.2484591,0.0428932,-1.016202,0.5085009,-0.5038905,0.4949625,0.4924767,
1,5,12.157,-0.2484591,0.0428932,-1.016202,0.5085009,-0.5038905,0.4949625,0.4924767,
1,5,12.159,-0.2484552,0.04287903,-1.01619,0.5085021,-0.5038862,0.4949769,0.4924656,
1,5,12.161,-0.2484552,0.04287903,-1.01619,0.5085021,-0.5038862,0.4949769,0.4924656,
1,5,12.163,-0.2484552,0.04287903,-1.01619,0.5085021,-0.5038862,0.4949769,0.4924656,
1,5,12.165,-0.2484552,0.04287903,-1.01619,0.5085021,-0.5038862,0.4949769,0.4924656,
1,5,12.167,-0.2484552,0.04287903,-1.01619,0.5085021,-0.5038862,0.4949769,0.4924656,
1,5,12.169,-0.248449,0.04287141,-1.016187,0.508499,-0.5039028,0.4949729,0.4924558,
1,5,12.171,-0.248449,0.04287141,-1.016187,0.508499,-0.5039028,0.4949729,0.4924558,
1,5,12.173,-0.248449,0.04287141,-1.016187,0.508499,-0.5039028,0.4949729,0.4924558,
1,5,12.175,-0.248449,0.04287141,-1.016187,0.508499,-0.5039028,0.4949729,0.4924558,
1,5,12.177,-0.248454,0.04287434,-1.016189,0.5085028,-0.5038928,0.4949725,0.4924625,
1,5,12.179,-0.248454,0.04287434,-1.016189,0.5085028,-0.5038928,0.4949725,0.4924625,
1,5,12.181,-0.248454,0.04287434,-1.016189,0.5085028,-0.5038928,0.4949725,0.4924625,
1,5,12.183,-0.248454,0.04287434,-1.016189,0.5085028,-0.5038928,0.4949725,0.4924625,
1,5,12.185,-0.248454,0.04287058,-1.016189,0.5084768,-0.5039159,0.4949718,0.4924663,
1,5,12.187,-0.248454,0.04287058,-1.016189,0.5084768,-0.5039159,0.4949718,0.4924663,
1,5,12.189,-0.248454,0.04287058,-1.016189,0.5084768,-0.5039159,0.4949718,0.4924663,
1,5,12.191,-0.248454,0.04287058,-1.016189,0.5084768,-0.5039159,0.4949718,0.4924663,
1,5,12.193,-0.248465,0.04287744,-1.016199,0.5084738,-0.5039253,0.4949677,0.4924638,
1,5,12.195,-0.248465,0.04287744,-1.016199,0.5084738,-0.5039253,0.4949677,0.4924638,
1,5,12.197,-0.248465,0.04287744,-1.016199,0.5084738,-0.5039253,0.4949677,0.4924638,
1,5,12.199,-0.248465,0.04287744,-1.016199,0.5084738,-0.5039253,0.4949677,0.4924638,
1,5,12.201,-0.2484583,0.04287371,-1.016196,0.5084768,-0.5039409,0.4949493,0.4924635,
1,5,12.203,-0.2484583,0.04287371,-1.016196,0.5084768,-0.5039409,0.4949493,0.4924635,
1,5,12.205,-0.2484583,0.04287371,-1.016196,0.5084768,-0.5039409,0.4949493,0.4924635,
1,5,12.207,-0.2484583,0.04287371,-1.016196,0.5084768,-0.5039409,0.4949493,0.4924635,
1,5,12.209,-0.2484577,0.04287798,-1.016203,0.5084802,-0.5039361,0.4949489,0.4924651,
1,5,12.211,-0.2484577,0.04287798,-1.016203,0.5084802,-0.5039361,0.4949489,0.4924651,
1,5,12.213,-0.2484577,0.04287798,-1.016203,0.5084802,-0.5039361,0.4949489,0.4924651,
1,5,12.215,-0.2484577,0.04287798,-1.016203,0.5084802,-0.5039361,0.4949489,0.4924651,
1,5,12.217,-0.2484577,0.04287798,-1.016203,0.5084802,-0.5039361,0.4949489,0.4924651,
1,5,12.219,-0.2484481,0.04287127,-1.016196,0.508494,-0.503956,0.4949292,0.4924504,
1,5,12.221,-0.2484481,0.04287127,-1.016196,0.508494,-0.503956,0.4949292,0.4924504,
1,5,12.223,-0.2484481,0.04287127,-1.016196,0.508494,-0.503956,0.4949292,0.4924504,
1,5,12.225,-0.2484481,0.04287127,-1.016196,0.508494,-0.503956,0.4949292,0.4924504,
1,5,12.227,-0.2484473,0.04286667,-1.016202,0.5084914,-0.5039383,0.4949396,0.4924607,
1,5,12.229,-0.2484473,0.04286667,-1.016202,0.5084914,-0.5039383,0.4949396,0.4924607,
1,5,12.231,-0.2484473,0.04286667,-1.016202,0.5084914,-0.5039383,0.4949396,0.4924607,
1,5,12.233,-0.2484473,0.04286667,-1.016202,0.5084914,-0.5039383,0.4949396,0.4924607,
1,5,12.235,-0.2484485,0.04287107,-1.016196,0.5084844,-0.5039282,0.4949437,0.492474,
1,5,12.237,-0.2484485,0.04287107,-1.016196,0.5084844,-0.5039282,0.4949437,0.492474,
1,5,12.239,-0.2484485,0.04287107,-1.016196,0.5084844,-0.5039282,0.4949437,0.492474,
1,5,12.241,-0.2484485,0.04287107,-1.016196,0.5084844,-0.5039282,0.4949437,0.492474,
1,5,12.243,-0.2484538,0.04288472,-1.016202,0.5084607,-0.5039438,0.4949353,0.4924912,
1,5,12.245,-0.2484538,0.04288472,-1.016202,0.5084607,-0.5039438,0.4949353,0.4924912,
1,5,12.247,-0.2484538,0.04288472,-1.016202,0.5084607,-0.5039438,0.4949353,0.4924912,
1,5,12.249,-0.2484538,0.04288472,-1.016202,0.5084607,-0.5039438,0.4949353,0.4924912,
1,5,12.251,-0.2484584,0.04287844,-1.0162,0.5084758,-0.5039409,0.4949394,0.4924744,
1,5,12.253,-0.2484584,0.04287844,-1.0162,0.5084758,-0.5039409,0.4949394,0.4924744,
1,5,12.255,-0.2484584,0.04287844,-1.0162,0.5084758,-0.5039409,0.4949394,0.4924744,
1,5,12.257,-0.2484584,0.04287844,-1.0162,0.5084758,-0.5039409,0.4949394,0.4924744,
1,5,12.259,-0.2484713,0.04287842,-1.016201,0.5084798,-0.5039536,0.4949436,0.4924532,
1,5,12.261,-0.2484713,0.04287842,-1.016201,0.5084798,-0.5039536,0.4949436,0.4924532,
1,5,12.263,-0.2484713,0.04287842,-1.016201,0.5084798,-0.5039536,0.4949436,0.4924532,
1,5,12.265,-0.2484713,0.04287842,-1.016201,0.5084798,-0.5039536,0.4949436,0.4924532,
1,5,12.267,-0.2484713,0.04287842,-1.016201,0.5084798,-0.5039536,0.4949436,0.4924532,
1,5,12.269,-0.2484808,0.04288511,-1.016202,0.5084572,-0.5039546,0.4949542,0.4924647,
1,5,12.271,-0.2484808,0.04288511,-1.016202,0.5084572,-0.5039546,0.4949542,0.4924647,
1,5,12.273,-0.2484808,0.04288511,-1.016202,0.5084572,-0.5039546,0.4949542,0.4924647,
1,5,12.275,-0.2484808,0.04288511,-1.016202,0.5084572,-0.5039546,0.4949542,0.4924647,
1,5,12.277,-0.2484689,0.04287881,-1.016204,0.5084561,-0.5039406,0.4949541,0.4924802,
1,5,12.279,-0.2484689,0.04287881,-1.016204,0.5084561,-0.5039406,0.4949541,0.4924802,
1,5,12.281,-0.2484689,0.04287881,-1.016204,0.5084561,-0.5039406,0.4949541,0.4924802,
1,5,12.283,-0.2484689,0.04287881,-1.016204,0.5084561,-0.5039406,0.4949541,0.4924802,
1,5,12.285,-0.2484739,0.04286975,-1.016195,0.5084624,-0.5039424,0.4949507,0.4924751,
1,5,12.287,-0.2484739,0.04286975,-1.016195,0.5084624,-0.5039424,0.4949507,0.4924751,
1,5,12.289,-0.2484739,0.04286975,-1.016195,0.5084624,-0.5039424,0.4949507,0.4924751,
1,5,12.291,-0.2484739,0.04286975,-1.016195,0.5084624,-0.5039424,0.4949507,0.4924751,
1,5,12.293,-0.2484831,0.04287364,-1.016197,0.508441,-0.5039284,0.4949786,0.4924836,
1,5,12.295,-0.2484831,0.04287364,-1.016197,0.508441,-0.5039284,0.4949786,0.4924836,
1,5,12.297,-0.2484831,0.04287364,-1.016197,0.508441,-0.5039284,0.4949786,0.4924836,
1,5,12.299,-0.2484831,0.04287364,-1.016197,0.508441,-0.5039284,0.4949786,0.4924836,
1,5,12.301,-0.2484761,0.04287507,-1.016194,0.5084384,-0.5039502,0.4949535,0.4924892,
1,5,12.303,-0.2484761,0.04287507,-1.016194,0.5084384,-0.5039502,0.4949535,0.4924892,
1,5,12.305,-0.2484761,0.04287507,-1.016194,0.5084384,-0.5039502,0.4949535,0.4924892,
1,5,12.307,-0.2484761,0.04287507,-1.016194,0.5084384,-0.5039502,0.4949535,0.4924892,
1,5,12.309,-0.2484739,0.04286669,-1.01619,0.5084694,-0.5039434,0.4949381,0.4924797,
1,5,12.311,-0.2484739,0.04286669,-1.01619,0.5084694,-0.5039434,0.4949381,0.4924797,
1,5,12.313,-0.2484739,0.04286669,-1.01619,0.5084694,-0.5039434,0.4949381,0.4924797,
1,5,12.315,-0.2484739,0.04286669,-1.01619,0.5084694,-0.5039434,0.4949381,0.4924797,
1,5,12.317,-0.2484739,0.04286669,-1.01619,0.5084694,-0.5039434,0.4949381,0.4924797,
1,5,12.319,-0.2484667,0.04285971,-1.016192,0.5084673,-0.5039751,0.4949175,0.4924701,
1,5,12.321,-0.2484667,0.04285971,-1.016192,0.5084673,-0.5039751,0.4949175,0.4924701,
1,5,12.323,-0.2484667,0.04285971,-1.016192,0.5084673,-0.5039751,0.4949175,0.4924701,
1,5,12.325,-0.2484667,0.04285971,-1.016192,0.5084673,-0.5039751,0.4949175,0.4924701,
1,5,12.327,-0.2484574,0.04285928,-1.016201,0.5084605,-0.5039292,0.4949478,0.4924937,
1,5,12.329,-0.2484574,0.04285928,-1.016201,0.5084605,-0.5039292,0.4949478,0.4924937,
1,5,12.331,-0.2484574,0.04285928,-1.016201,0.5084605,-0.5039292,0.4949478,0.4924937,
1,5,12.333,-0.2484574,0.04285928,-1.016201,0.5084605,-0.5039292,0.4949478,0.4924937,
1,5,12.335,-0.2484599,0.04285951,-1.016199,0.5084794,-0.5038962,0.4949616,0.4924941,
1,5,12.337,-0.2484599,0.04285951,-1.016199,0.5084794,-0.5038962,0.4949616,0.4924941,
1,5,12.339,-0.2484599,0.04285951,-1.016199,0.5084794,-0.5038962,0.4949616,0.4924941,
1,5,12.341,-0.2484599,0.04285951,-1.016199,0.5084794,-0.5038962,0.4949616,0.4924941,
1,5,12.343,-0.2484635,0.04285926,-1.016196,0.5084701,-0.5039123,0.4949556,0.4924932,
1,5,12.345,-0.2484635,0.04285926,-1.016196,0.5084701,-0.5039123,0.4949556,0.4924932,
1,5,12.347,-0.2484635,0.04285926,-1.016196,0.5084701,-0.5039123,0.4949556,0.4924932,
1,5,12.349,-0.2484635,0.04285926,-1.016196,0.5084701,-0.5039123,0.4949556,0.4924932,
1,5,12.351,-0.2484612,0.04286778,-1.016193,0.5084675,-0.5039205,0.4949401,0.4925031,
1,5,12.353,-0.2484612,0.04286778,-1.016193,0.5084675,-0.5039205,0.4949401,0.4925031,
1,5,12.355,-0.2484612,0.04286778,-1.016193,0.5084675,-0.5039205,0.4949401,0.4925031,
1,5,12.357,-0.2484612,0.04286778,-1.016193,0.5084675,-0.5039205,0.4949401,0.4925031,
1,5,12.359,-0.2484764,0.04287071,-1.016198,0.5084791,-0.5039431,0.4949205,0.4924876,
1,5,12.361,-0.2484764,0.04287071,-1.016198,0.5084791,-0.5039431,0.4949205,0.4924876,
1,5,12.363,-0.2484764,0.04287071,-1.016198,0.5084791,-0.5039431,0.4949205,0.4924876,
1,5,12.365,-0.2484764,0.04287071,-1.016198,0.5084791,-0.5039431,0.4949205,0.4924876,
1,5,12.367,-0.2484764,0.04287071,-1.016198,0.5084791,-0.5039431,0.4949205,0.4924876,
1,5,12.369,-0.2484788,0.04287209,-1.016202,0.5085005,-0.5039447,0.4949058,0.4924788,
1,5,12.371,-0.2484788,0.04287209,-1.016202,0.5085005,-0.5039447,0.4949058,0.4924788,
1,5,12.373,-0.2484788,0.04287209,-1.016202,0.5085005,-0.5039447,0.4949058,0.4924788,
1,5,12.375,-0.2484788,0.04287209,-1.016202,0.5085005,-0.5039447,0.4949058,0.4924788,
1,5,12.377,-0.2484699,0.04287192,-1.016207,0.5084959,-0.5039243,0.4949192,0.4924911,
1,5,12.379,-0.2484699,0.04287192,-1.016207,0.5084959,-0.5039243,0.4949192,0.4924911,
1,5,12.381,-0.2484699,0.04287192,-1.016207,0.5084959,-0.5039243,0.4949192,0.4924911,
1,5,12.383,-0.2484699,0.04287192,-1.016207,0.5084959,-0.5039243,0.4949192,0.4924911,
1,5,12.385,-0.2484721,0.04287878,-1.016205,0.5084676,-0.5039401,0.4949176,0.4925056,
1,5,12.387,-0.2484721,0.04287878,-1.016205,0.5084676,-0.5039401,0.4949176,0.4925056,
1,5,12.389,-0.2484721,0.04287878,-1.016205,0.5084676,-0.5039401,0.4949176,0.4925056,
1,5,12.391,-0.2484721,0.04287878,-1.016205,0.5084676,-0.5039401,0.4949176,0.4925056,
1,5,12.393,-0.2484648,0.04287191,-1.016194,0.5084758,-0.5039397,0.4949248,0.4924904,
1,5,12.395,-0.2484648,0.04287191,-1.016194,0.5084758,-0.5039397,0.4949248,0.4924904,
1,5,12.397,-0.2484648,0.04287191,-1.016194,0.5084758,-0.5039397,0.4949248,0.4924904,
1,5,12.399,-0.2484648,0.04287191,-1.016194,0.5084758,-0.5039397,0.4949248,0.4924904,
1,5,12.401,-0.2484703,0.04287812,-1.016192,0.508471,-0.5039085,0.494949,0.4925029,
1,5,12.403,-0.2484703,0.04287812,-1.016192,0.508471,-0.5039085,0.494949,0.4925029,
1,5,12.405,-0.2484703,0.04287812,-1.016192,0.508471,-0.5039085,0.494949,0.4925029,
1,5,12.407,-0.2484703,0.04287812,-1.016192,0.508471,-0.5039085,0.494949,0.4925029,
1,5,12.409,-0.2484658,0.042867,-1.016189,0.5084819,-0.5039177,0.4949331,0.4924982,
1,5,12.411,-0.2484658,0.042867,-1.016189,0.5084819,-0.5039177,0.4949331,0.4924982,
1,5,12.413,-0.2484658,0.042867,-1.016189,0.5084819,-0.5039177,0.4949331,0.4924982,
1,5,12.415,-0.2484658,0.042867,-1.016189,0.5084819,-0.5039177,0.4949331,0.4924982,
1,5,12.417,-0.2484658,0.042867,-1.016189,0.5084819,-0.5039177,0.4949331,0.4924982,
1,5,12.419,-0.2484641,0.04287369,-1.01619,0.5084827,-0.5038963,0.4949586,0.4924937,
1,5,12.421,-0.2484641,0.04287369,-1.01619,0.5084827,-0.5038963,0.4949586,0.4924937,
1,5,12.423,-0.2484641,0.04287369,-1.01619,0.5084827,-0.5038963,0.4949586,0.4924937,
1,5,12.425,-0.2484641,0.04287369,-1.01619,0.5084827,-0.5038963,0.4949586,0.4924937,
1,5,12.427,-0.2484657,0.04288565,-1.016193,0.5084818,-0.503905,0.4949449,0.4924994,
1,5,12.429,-0.2484657,0.04288565,-1.016193,0.5084818,-0.503905,0.4949449,0.4924994,
1,5,12.431,-0.2484657,0.04288565,-1.016193,0.5084818,-0.503905,0.4949449,0.4924994,
1,5,12.433,-0.2484657,0.04288565,-1.016193,0.5084818,-0.503905,0.4949449,0.4924994,
1,5,12.435,-0.2484757,0.04287979,-1.016195,0.5084727,-0.5039132,0.4949338,0.4925115,
1,5,12.437,-0.2484757,0.04287979,-1.016195,0.5084727,-0.5039132,0.4949338,0.4925115,
1,5,12.439,-0.2484757,0.04287979,-1.016195,0.5084727,-0.5039132,0.4949338,0.4925115,
1,5,12.441,-0.2484757,0.04287979,-1.016195,0.5084727,-0.5039132,0.4949338,0.4925115,
1,5,12.443,-0.2484711,0.04287245,-1.016196,0.5084859,-0.5039247,0.494916,0.492504,
1,5,12.445,-0.2484711,0.04287245,-1.016196,0.5084859,-0.5039247,0.494916,0.492504,
1,5,12.447,-0.2484711,0.04287245,-1.016196,0.5084859,-0.5039247,0.494916,0.492504,
1,5,12.449,-0.2484711,0.04287245,-1.016196,0.5084859,-0.5039247,0.494916,0.492504,
1,5,12.451,-0.2484728,0.04287023,-1.016185,0.5084829,-0.5039199,0.4949218,0.4925062,
1,5,12.453,-0.2484728,0.04287023,-1.016185,0.5084829,-0.5039199,0.4949218,0.4925062,
1,5,12.455,-0.2484728,0.04287023,-1.016185,0.5084829,-0.5039199,0.4949218,0.4925062,
1,5,12.457,-0.2484728,0.04287023,-1.016185,0.5084829,-0.5039199,0.4949218,0.4925062,
1,5,12.459,-0.2484689,0.04287463,-1.016189,0.5084966,-0.5039279,0.4949257,0.4924798,
1,5,12.461,-0.2484689,0.04287463,-1.016189,0.5084966,-0.5039279,0.4949257,0.4924798,
1,5,12.463,-0.2484689,0.04287463,-1.016189,0.5084966,-0.5039279,0.4949257,0.4924798,
1,5,12.465,-0.2484689,0.04287463,-1.016189,0.5084966,-0.5039279,0.4949257,0.4924798,
1,5,12.467,-0.2484689,0.04287463,-1.016189,0.5084966,-0.5039279,0.4949257,0.4924798,
1,5,12.469,-0.2484678,0.04287693,-1.016185,0.5084891,-0.5039445,0.4949097,0.4924869,
1,5,12.471,-0.2484678,0.04287693,-1.016185,0.5084891,-0.5039445,0.4949097,0.4924869,
1,5,12.473,-0.2484678,0.04287693,-1.016185,0.5084891,-0.5039445,0.4949097,0.4924869,
1,5,12.475,-0.2484678,0.04287693,-1.016185,0.5084891,-0.5039445,0.4949097,0.4924869,
1,5,12.477,-0.2484632,0.04288431,-1.016188,0.5084919,-0.5039244,0.4949284,0.4924857,
1,5,12.479,-0.2484632,0.04288431,-1.016188,0.5084919,-0.5039244,0.4949284,0.4924857,
1,5,12.481,-0.2484632,0.04288431,-1.016188,0.5084919,-0.5039244,0.4949284,0.4924857,
1,5,12.483,-0.2484632,0.04288431,-1.016188,0.5084919,-0.5039244,0.4949284,0.4924857,
1,5,12.485,-0.2484654,0.04288196,-1.016183,0.5084913,-0.5039344,0.4949192,0.4924853,
1,5,12.487,-0.2484654,0.04288196,-1.016183,0.5084913,-0.5039344,0.4949192,0.4924853,
1,5,12.489,-0.2484654,0.04288196,-1.016183,0.5084913,-0.5039344,0.4949192,0.4924853,
1,5,12.491,-0.2484654,0.04288196,-1.016183,0.5084913,-0.5039344,0.4949192,0.4924853,
1,5,12.493,-0.2484734,0.04287773,-1.016184,0.5084944,-0.503924,0.4949296,0.4924822,
1,5,12.495,-0.2484734,0.04287773,-1.016184,0.5084944,-0.503924,0.4949296,0.4924822,
1,5,12.497,-0.2484734,0.04287773,-1.016184,0.5084944,-0.503924,0.4949296,0.4924822,
1,5,12.499,-0.2484734,0.04287773,-1.016184,0.5084944,-0.503924,0.4949296,0.4924822,
1,5,12.501,-0.2484641,0.0428787,-1.016183,0.5084956,-0.5039091,0.4949396,0.4924861,
1,5,12.503,-0.2484641,0.0428787,-1.016183,0.5084956,-0.5039091,0.4949396,0.4924861,
1,5,12.505,-0.2484641,0.0428787,-1.016183,0.5084956,-0.5039091,0.4949396,0.4924861,
1,5,12.507,-0.2484641,0.0428787,-1.016183,0.5084956,-0.5039091,0.4949396,0.4924861,
1,5,12.509,-0.2484666,0.04288053,-1.016185,0.5084746,-0.5039385,0.4949318,0.4924858,
1,5,12.511,-0.2484666,0.04288053,-1.016185,0.5084746,-0.5039385,0.4949318,0.4924858,
1,5,12.513,-0.2484666,0.04288053,-1.016185,0.5084746,-0.5039385,0.4949318,0.4924858,
1,5,12.515,-0.2484666,0.04288053,-1.016185,0.5084746,-0.5039385,0.4949318,0.4924858,
1,5,12.517,-0.2484666,0.04288053,-1.016185,0.5084746,-0.5039385,0.4949318,0.4924858,
1,5,12.519,-0.2484624,0.04287514,-1.016188,0.5084638,-0.5039527,0.4949316,0.4924824,
1,5,12.521,-0.2484624,0.04287514,-1.016188,0.5084638,-0.5039527,0.4949316,0.4924824,
1,5,12.523,-0.2484624,0.04287514,-1.016188,0.5084638,-0.5039527,0.4949316,0.4924824,
1,5,12.525,-0.2484624,0.04287514,-1.016188,0.5084638,-0.5039527,0.4949316,0.4924824,
1,5,12.527,-0.2484632,0.04287267,-1.016183,0.5084796,-0.5039608,0.4949234,0.4924662,
1,5,12.529,-0.2484632,0.04287267,-1.016183,0.5084796,-0.5039608,0.4949234,0.4924662,
1,5,12.531,-0.2484632,0.04287267,-1.016183,0.5084796,-0.5039608,0.4949234,0.4924662,
1,5,12.533,-0.2484632,0.04287267,-1.016183,0.5084796,-0.5039608,0.4949234,0.4924662,
1,5,12.535,-0.2484676,0.04287194,-1.016188,0.5084881,-0.5039485,0.4949254,0.4924681,
1,5,12.537,-0.2484676,0.04287194,-1.016188,0.5084881,-0.5039485,0.4949254,0.4924681,
1,5,12.539,-0.2484676,0.04287194,-1.016188,0.5084881,-0.5039485,0.4949254,0.4924681,
1,5,12.541,-0.2484676,0.04287194,-1.016188,0.5084881,-0.5039485,0.4949254,0.4924681,
1,5,12.543,-0.2484618,0.04286729,-1.016183,0.5084896,-0.5039309,0.4949327,0.4924771,
1,5,12.545,-0.2484618,0.04286729,-1.016183,0.5084896,-0.5039309,0.4949327,0.4924771,
1,5,12.547,-0.2484618,0.04286729,-1.016183,0.5084896,-0.5039309,0.4949327,0.4924771,
1,5,12.549,-0.2484618,0.04286729,-1.016183,0.5084896,-0.5039309,0.4949327,0.4924771,
1,5,12.551,-0.2484585,0.04287092,-1.016188,0.5084682,-0.5039293,0.4949508,0.4924828,
1,5,12.553,-0.2484585,0.04287092,-1.016188,0.5084682,-0.5039293,0.4949508,0.4924828,
1,5,12.555,-0.2484585,0.04287092,-1.016188,0.5084682,-0.5039293,0.4949508,0.4924828,
1,5,12.557,-0.2484585,0.04287092,-1.016188,0.5084682,-0.5039293,0.4949508,0.4924828,
1,5,12.559,-0.248456,0.04287138,-1.01619,0.5084682,-0.5039293,0.4949508,0.4924828,
1,5,12.561,-0.248456,0.04287138,-1.01619,0.5084682,-0.5039293,0.4949508,0.4924828,
1,5,12.563,-0.248456,0.04287138,-1.01619,0.5084682,-0.5039293,0.4949508,0.4924828,
1,5,12.565,-0.248456,0.04287138,-1.01619,0.5084682,-0.5039293,0.4949508,0.4924828,
1,5,12.567,-0.248456,0.04287138,-1.01619,0.5084682,-0.5039293,0.4949508,0.4924828,
1,5,12.569,-0.248466,0.04286689,-1.016189,0.5084698,-0.5039349,0.4949344,0.4924918,
1,5,12.571,-0.248466,0.04286689,-1.016189,0.5084698,-0.5039349,0.4949344,0.4924918,
1,5,12.573,-0.248466,0.04286689,-1.016189,0.5084698,-0.5039349,0.4949344,0.4924918,
1,5,12.575,-0.248466,0.04286689,-1.016189,0.5084698,-0.5039349,0.4949344,0.4924918,
1,5,12.577,-0.2484589,0.0428692,-1.016182,0.508484,-0.5039344,0.4949252,0.4924868,
1,5,12.579,-0.2484589,0.0428692,-1.016182,0.508484,-0.5039344,0.4949252,0.4924868,
1,5,12.581,-0.2484589,0.0428692,-1.016182,0.508484,-0.5039344,0.4949252,0.4924868,
1,5,12.583,-0.2484589,0.0428692,-1.016182,0.508484,-0.5039344,0.4949252,0.4924868,
1,5,12.585,-0.2484554,0.04287397,-1.016196,0.5084899,-0.5039217,0.4949489,0.4924699,
1,5,12.587,-0.2484554,0.04287397,-1.016196,0.5084899,-0.5039217,0.4949489,0.4924699,
1,5,12.589,-0.2484554,0.04287397,-1.016196,0.5084899,-0.5039217,0.4949489,0.4924699,
1,5,12.591,-0.2484554,0.04287397,-1.016196,0.5084899,-0.5039217,0.4949489,0.4924699,
1,5,12.593,-0.2484647,0.04287996,-1.016193,0.5084925,-0.5039294,0.4949378,0.4924705,
1,5,12.595,-0.2484647,0.04287996,-1.016193,0.5084925,-0.5039294,0.4949378,0.4924705,
1,5,12.597,-0.2484647,0.04287996,-1.016193,0.5084925,-0.5039294,0.4949378,0.4924705,
1,5,12.599,-0.2484647,0.04287996,-1.016193,0.5084925,-0.5039294,0.4949378,0.4924705,
1,5,12.601,-0.2484641,0.04287043,-1.016194,0.5084879,-0.5039418,0.4949351,0.4924653,
1,5,12.603,-0.2484641,0.04287043,-1.016194,0.5084879,-0.5039418,0.4949351,0.4924653,
1,5,12.605,-0.2484641,0.04287043,-1.016194,0.5084879,-0.5039418,0.4949351,0.4924653,
1,5,12.607,-0.2484641,0.04287043,-1.016194,0.5084879,-0.5039418,0.4949351,0.4924653,
1,5,12.609,-0.2484725,0.04287595,-1.016195,0.5084779,-0.5039352,0.4949362,0.4924812,
1,5,12.611,-0.2484725,0.04287595,-1.016195,0.5084779,-0.5039352,0.4949362,0.4924812,
1,5,12.613,-0.2484725,0.04287595,-1.016195,0.5084779,-0.5039352,0.4949362,0.4924812,
1,5,12.615,-0.2484725,0.04287595,-1.016195,0.5084779,-0.5039352,0.4949362,0.4924812,
1,5,12.617,-0.2484725,0.04287595,-1.016195,0.5084779,-0.5039352,0.4949362,0.4924812,
1,5,12.619,-0.2484687,0.04287896,-1.016197,0.5084656,-0.503958,0.4949257,0.4924811,
1,5,12.621,-0.2484687,0.04287896,-1.016197,0.5084656,-0.503958,0.4949257,0.4924811,
1,5,12.623,-0.2484687,0.04287896,-1.016197,0.5084656,-0.503958,0.4949257,0.4924811,
1,5,12.625,-0.2484687,0.04287896,-1.016197,0.5084656,-0.503958,0.4949257,0.4924811,
1,5,12.627,-0.2484715,0.0428725,-1.016193,0.5084624,-0.5039518,0.4949422,0.4924741,
1,5,12.629,-0.2484715,0.0428725,-1.016193,0.5084624,-0.5039518,0.4949422,0.4924741,
1,5,12.631,-0.2484715,0.0428725,-1.016193,0.5084624,-0.5039518,0.4949422,0.4924741,
1,5,12.633,-0.2484715,0.0428725,-1.016193,0.5084624,-0.5039518,0.4949422,0.4924741,
1,5,12.635,-0.2484646,0.0428771,-1.016197,0.5084647,-0.5039325,0.4949639,0.4924699,
1,5,12.637,-0.2484646,0.0428771,-1.016197,0.5084647,-0.5039325,0.4949639,0.4924699,
1,5,12.639,-0.2484646,0.0428771,-1.016197,0.5084647,-0.5039325,0.4949639,0.4924699,
1,5,12.641,-0.2484646,0.0428771,-1.016197,0.5084647,-0.5039325,0.4949639,0.4924699,
1,5,12.643,-0.2484729,0.04287689,-1.016198,0.5084382,-0.5039432,0.4949766,0.4924733,
1,5,12.645,-0.2484729,0.04287689,-1.016198,0.5084382,-0.5039432,0.4949766,0.4924733,
1,5,12.647,-0.2484729,0.04287689,-1.016198,0.5084382,-0.5039432,0.4949766,0.4924733,
1,5,12.649,-0.2484729,0.04287689,-1.016198,0.5084382,-0.5039432,0.4949766,0.4924733,
1,5,12.651,-0.2484773,0.04287152,-1.016193,0.5084645,-0.5039488,0.4949505,0.4924668,
1,5,12.653,-0.2484773,0.04287152,-1.016193,0.5084645,-0.5039488,0.4949505,0.4924668,
1,5,12.655,-0.2484773,0.04287152,-1.016193,0.5084645,-0.5039488,0.4949505,0.4924668,
1,5,12.657,-0.2484773,0.04287152,-1.016193,0.5084645,-0.5039488,0.4949505,0.4924668,
1,5,12.659,-0.2484756,0.04286772,-1.016192,0.5084642,-0.503972,0.4949178,0.4924763,
1,5,12.661,-0.2484756,0.04286772,-1.016192,0.5084642,-0.503972,0.4949178,0.4924763,
1,5,12.663,-0.2484756,0.04286772,-1.016192,0.5084642,-0.503972,0.4949178,0.4924763,
1,5,12.665,-0.2484756,0.04286772,-1.016192,0.5084642,-0.503972,0.4949178,0.4924763,
1,5,12.667,-0.2484756,0.04286772,-1.016192,0.5084642,-0.503972,0.4949178,0.4924763,
1,5,12.669,-0.2484808,0.04287587,-1.016187,0.508446,-0.5039694,0.4949313,0.4924843,
1,5,12.671,-0.2484808,0.04287587,-1.016187,0.508446,-0.5039694,0.4949313,0.4924843,
1,5,12.673,-0.2484808,0.04287587,-1.016187,0.508446,-0.5039694,0.4949313,0.4924843,
1,5,12.675,-0.2484808,0.04287587,-1.016187,0.508446,-0.5039694,0.4949313,0.4924843,
1,5,12.677,-0.2484587,0.04287509,-1.016194,0.5084622,-0.5039502,0.4949303,0.4924881,
1,5,12.679,-0.2484587,0.04287509,-1.016194,0.5084622,-0.5039502,0.4949303,0.4924881,
1,5,12.681,-0.2484587,0.04287509,-1.016194,0.5084622,-0.5039502,0.4949303,0.4924881,
1,5,12.683,-0.2484587,0.04287509,-1.016194,0.5084622,-0.5039502,0.4949303,0.4924881,
1,5,12.685,-0.24847,0.04288825,-1.016196,0.5084432,-0.5039401,0.4949489,0.4924991,
1,5,12.687,-0.24847,0.04288825,-1.016196,0.5084432,-0.5039401,0.4949489,0.4924991,
1,5,12.689,-0.24847,0.04288825,-1.016196,0.5084432,-0.5039401,0.4949489,0.4924991,
1,5,12.691,-0.24847,0.04288825,-1.016196,0.5084432,-0.5039401,0.4949489,0.4924991,
1,5,12.693,-0.24848,0.04288748,-1.016194,0.508442,-0.5039534,0.4949369,0.4924988,
1,5,12.695,-0.24848,0.04288748,-1.016194,0.508442,-0.5039534,0.4949369,0.4924988,
1,5,12.697,-0.24848,0.04288748,-1.016194,0.508442,-0.5039534,0.4949369,0.4924988,
1,5,12.699,-0.24848,0.04288748,-1.016194,0.508442,-0.5039534,0.4949369,0.4924988,
1,5,12.701,-0.2484721,0.04286794,-1.016195,0.5084666,-0.503922,0.4949549,0.4924878,
1,5,12.703,-0.2484721,0.04286794,-1.016195,0.5084666,-0.503922,0.4949549,0.4924878,
1,5,12.705,-0.2484721,0.04286794,-1.016195,0.5084666,-0.503922,0.4949549,0.4924878,
1,5,12.707,-0.2484721,0.04286794,-1.016195,0.5084666,-0.503922,0.4949549,0.4924878,
1,5,12.709,-0.2484741,0.04287095,-1.016192,0.5084523,-0.5039455,0.4949531,0.4924802,
1,5,12.711,-0.2484741,0.04287095,-1.016192,0.5084523,-0.5039455,0.4949531,0.4924802,
1,5,12.713,-0.2484741,0.04287095,-1.016192,0.5084523,-0.5039455,0.4949531,0.4924802,
1,5,12.715,-0.2484741,0.04287095,-1.016192,0.5084523,-0.5039455,0.4949531,0.4924802,
1,5,12.717,-0.2484741,0.04287095,-1.016192,0.5084523,-0.5039455,0.4949531,0.4924802,
1,5,12.719,-0.2484697,0.04287197,-1.016191,0.508448,-0.5039598,0.4949456,0.4924776,
1,5,12.721,-0.2484697,0.04287197,-1.016191,0.508448,-0.5039598,0.4949456,0.4924776,
1,5,12.723,-0.2484697,0.04287197,-1.016191,0.508448,-0.5039598,0.4949456,0.4924776,
1,5,12.725,-0.2484697,0.04287197,-1.016191,0.508448,-0.5039598,0.4949456,0.4924776,
1,5,12.727,-0.2484731,0.04288612,-1.016186,0.5084527,-0.5039367,0.4949586,0.4924831,
1,5,12.729,-0.2484731,0.04288612,-1.016186,0.5084527,-0.5039367,0.4949586,0.4924831,
1,5,12.731,-0.2484731,0.04288612,-1.016186,0.5084527,-0.5039367,0.4949586,0.4924831,
1,5,12.733,-0.2484731,0.04288612,-1.016186,0.5084527,-0.5039367,0.4949586,0.4924831,
1,5,12.735,-0.2484689,0.04287659,-1.016191,0.5084714,-0.5039534,0.4949307,0.4924749,
1,5,12.737,-0.2484689,0.04287659,-1.016191,0.5084714,-0.5039534,0.4949307,0.4924749,
1,5,12.739,-0.2484689,0.04287659,-1.016191,0.5084714,-0.5039534,0.4949307,0.4924749,
1,5,12.741,-0.2484689,0.04287659,-1.016191,0.5084714,-0.5039534,0.4949307,0.4924749,
1,5,12.743,-0.2484677,0.04288027,-1.016194,0.5084479,-0.5039434,0.4949575,0.4924824,
1,5,12.745,-0.2484677,0.04288027,-1.016194,0.5084479,-0.5039434,0.4949575,0.4924824,
1,5,12.747,-0.2484677,0.04288027,-1.016194,0.5084479,-0.5039434,0.4949575,0.4924824,
1,5,12.749,-0.2484677,0.04288027,-1.016194,0.5084479,-0.5039434,0.4949575,0.4924824,
1,5,12.751,-0.2484618,0.0428756,-1.016193,0.5084597,-0.503915,0.4949595,0.4924972,
1,5,12.753,-0.2484618,0.0428756,-1.016193,0.5084597,-0.503915,0.4949595,0.4924972,
1,5,12.755,-0.2484618,0.0428756,-1.016193,0.5084597,-0.503915,0.4949595,0.4924972,
1,5,12.757,-0.2484618,0.0428756,-1.016193,0.5084597,-0.503915,0.4949595,0.4924972,
1,5,12.759,-0.248461,0.04286918,-1.016198,0.508476,-0.5039181,0.494963,0.4924737,
1,5,12.761,-0.248461,0.04286918,-1.016198,0.508476,-0.5039181,0.494963,0.4924737,
1,5,12.763,-0.248461,0.04286918,-1.016198,0.508476,-0.5039181,0.494963,0.4924737,
1,5,12.765,-0.248461,0.04286918,-1.016198,0.508476,-0.5039181,0.494963,0.4924737,
1,5,12.767,-0.248461,0.04286918,-1.016198,0.508476,-0.5039181,0.494963,0.4924737,
1,5,12.769,-0.2484576,0.04286874,-1.016196,0.5084725,-0.5039263,0.4949578,0.4924742,
1,5,12.771,-0.2484576,0.04286874,-1.016196,0.5084725,-0.5039263,0.4949578,0.4924742,
1,5,12.773,-0.2484576,0.04286874,-1.016196,0.5084725,-0.5039263,0.4949578,0.4924742,
1,5,12.775,-0.2484576,0.04286874,-1.016196,0.5084725,-0.5039263,0.4949578,0.4924742,
1,5,12.777,-0.2484511,0.0428765,-1.016186,0.5084743,-0.5039376,0.4949517,0.4924669,
1,5,12.779,-0.2484511,0.0428765,-1.016186,0.5084743,-0.5039376,0.4949517,0.4924669,
1,5,12.781,-0.2484511,0.0428765,-1.016186,0.5084743,-0.5039376,0.4949517,0.4924669,
1,5,12.783,-0.2484511,0.0428765,-1.016186,0.5084743,-0.5039376,0.4949517,0.4924669,
1,5,12.785,-0.2484623,0.04287185,-1.016197,0.508466,-0.5039425,0.4949568,0.4924653,
1,5,12.787,-0.2484623,0.04287185,-1.016197,0.508466,-0.5039425,0.4949568,0.4924653,
1,5,12.789,-0.2484623,0.04287185,-1.016197,0.508466,-0.5039425,0.4949568,0.4924653,
1,5,12.791,-0.2484623,0.04287185,-1.016197,0.508466,-0.5039425,0.4949568,0.4924653,
1,5,12.793,-0.2484642,0.04287396,-1.016193,0.5084695,-0.5039558,0.4949328,0.4924723,
1,5,12.795,-0.2484642,0.04287396,-1.016193,0.5084695,-0.5039558,0.4949328,0.4924723,
1,5,12.797,-0.2484642,0.04287396,-1.016193,0.5084695,-0.5039558,0.4949328,0.4924723,
1,5,12.799,-0.2484642,0.04287396,-1.016193,0.5084695,-0.5039558,0.4949328,0.4924723,
1,5,12.801,-0.2484608,0.04288207,-1.016192,0.5084778,-0.5039441,0.494945,0.4924633,
1,5,12.803,-0.2484608,0.04288207,-1.016192,0.5084778,-0.5039441,0.494945,0.4924633,
1,5,12.805,-0.2484608,0.04288207,-1.016192,0.5084778,-0.5039441,0.494945,0.4924633,
1,5,12.807,-0.2484608,0.04288207,-1.016192,0.5084778,-0.5039441,0.494945,0.4924633,
1,5,12.809,-0.2484476,0.04287754,-1.016197,0.5084909,-0.5039443,0.4949436,0.492451,
1,5,12.811,-0.2484476,0.04287754,-1.016197,0.5084909,-0.5039443,0.4949436,0.492451,
1,5,12.813,-0.2484476,0.04287754,-1.016197,0.5084909,-0.5039443,0.4949436,0.492451,
1,5,12.815,-0.2484476,0.04287754,-1.016197,0.5084909,-0.5039443,0.4949436,0.492451,
1,5,12.817,-0.2484476,0.04287754,-1.016197,0.5084909,-0.5039443,0.4949436,0.492451,
1,5,12.819,-0.2484544,0.04288566,-1.0162,0.5084813,-0.5039309,0.4949414,0.4924769,
1,5,12.821,-0.2484544,0.04288566,-1.0162,0.5084813,-0.5039309,0.4949414,0.4924769,
1,5,12.823,-0.2484544,0.04288566,-1.0162,0.5084813,-0.5039309,0.4949414,0.4924769,
1,5,12.825,-0.2484544,0.04288566,-1.0162,0.5084813,-0.5039309,0.4949414,0.4924769,
1,5,12.827,-0.2484662,0.04287476,-1.016189,0.508482,-0.5039165,0.4949636,0.4924687,
1,5,12.829,-0.2484662,0.04287476,-1.016189,0.508482,-0.5039165,0.4949636,0.4924687,
1,5,12.831,-0.2484662,0.04287476,-1.016189,0.508482,-0.5039165,0.4949636,0.4924687,
1,5,12.833,-0.2484662,0.04287476,-1.016189,0.508482,-0.5039165,0.4949636,0.4924687,
1,5,12.835,-0.2484511,0.04287812,-1.016187,0.5084798,-0.5039268,0.4949555,0.4924686,
1,5,12.837,-0.2484511,0.04287812,-1.016187,0.5084798,-0.5039268,0.4949555,0.4924686,
1,5,12.839,-0.2484511,0.04287812,-1.016187,0.5084798,-0.5039268,0.4949555,0.4924686,
1,5,12.841,-0.2484511,0.04287812,-1.016187,0.5084798,-0.5039268,0.4949555,0.4924686,
1,5,12.843,-0.2484497,0.04287503,-1.016198,0.508496,-0.5039434,0.4949387,0.4924516,
1,5,12.845,-0.2484497,0.04287503,-1.016198,0.508496,-0.5039434,0.4949387,0.4924516,
1,5,12.847,-0.2484497,0.04287503,-1.016198,0.508496,-0.5039434,0.4949387,0.4924516,
1,5,12.849,-0.2484497,0.04287503,-1.016198,0.508496,-0.5039434,0.4949387,0.4924516,
1,5,12.851,-0.2484494,0.0428796,-1.016201,0.5084898,-0.5039559,0.4949293,0.4924545,
1,5,12.853,-0.2484494,0.0428796,-1.016201,0.5084898,-0.5039559,0.4949293,0.4924545,
1,5,12.855,-0.2484494,0.0428796,-1.016201,0.5084898,-0.5039559,0.4949293,0.4924545,
1,5,12.857,-0.2484494,0.0428796,-1.016201,0.5084898,-0.5039559,0.4949293,0.4924545,
1,5,12.859,-0.2484525,0.04286417,-1.016203,0.5084949,-0.5039499,0.4949237,0.4924611,
1,5,12.861,-0.2484525,0.04286417,-1.016203,0.5084949,-0.5039499,0.4949237,0.4924611,
1,5,12.863,-0.2484525,0.04286417,-1.016203,0.5084949,-0.5039499,0.4949237,0.4924611,
1,5,12.865,-0.2484525,0.04286417,-1.016203,0.5084949,-0.5039499,0.4949237,0.4924611,
1,5,12.867,-0.2484525,0.04286417,-1.016203,0.5084949,-0.5039499,0.4949237,0.4924611,
1,5,12.869,-0.2484577,0.04286765,-1.016194,0.5084952,-0.5039651,0.4949115,0.4924575,
1,5,12.871,-0.2484577,0.04286765,-1.016194,0.5084952,-0.5039651,0.4949115,0.4924575,
1,5,12.873,-0.2484577,0.04286765,-1.016194,0.5084952,-0.5039651,0.4949115,0.4924575,
1,5,12.875,-0.2484577,0.04286765,-1.016194,0.5084952,-0.5039651,0.4949115,0.4924575,
1,5,12.877,-0.2484601,0.04286454,-1.0162,0.508503,-0.5039431,0.4949296,0.4924538,
1,5,12.879,-0.2484601,0.04286454,-1.0162,0.508503,-0.5039431,0.4949296,0.4924538,
1,5,12.881,-0.2484601,0.04286454,-1.0162,0.508503,-0.5039431,0.4949296,0.4924538,
1,5,12.883,-0.2484601,0.04286454,-1.0162,0.508503,-0.5039431,0.4949296,0.4924538,
1,5,12.885,-0.2484627,0.04287317,-1.0162,0.5084999,-0.503943,0.4949375,0.4924492,
1,5,12.887,-0.2484627,0.04287317,-1.0162,0.5084999,-0.503943,0.4949375,0.4924492,
1,5,12.889,-0.2484627,0.04287317,-1.0162,0.5084999,-0.503943,0.4949375,0.4924492,
1,5,12.891,-0.2484627,0.04287317,-1.0162,0.5084999,-0.503943,0.4949375,0.4924492,
1,5,12.893,-0.2484586,0.04287326,-1.016193,0.5084975,-0.5039274,0.4949552,0.4924499,
1,5,12.895,-0.2484586,0.04287326,-1.016193,0.5084975,-0.5039274,0.4949552,0.4924499,
1,5,12.897,-0.2484586,0.04287326,-1.016193,0.5084975,-0.5039274,0.4949552,0.4924499,
1,5,12.899,-0.2484586,0.04287326,-1.016193,0.5084975,-0.5039274,0.4949552,0.4924499,
1,5,12.901,-0.2484578,0.04287374,-1.016205,0.5084872,-0.5039185,0.4949659,0.4924589,
1,5,12.903,-0.2484578,0.04287374,-1.016205,0.5084872,-0.5039185,0.4949659,0.4924589,
1,5,12.905,-0.2484578,0.04287374,-1.016205,0.5084872,-0.5039185,0.4949659,0.4924589,
1,5,12.907,-0.2484578,0.04287374,-1.016205,0.5084872,-0.5039185,0.4949659,0.4924589,
1,5,12.909,-0.2484586,0.04286722,-1.016199,0.5084842,-0.503932,0.4949495,0.4924647,
1,5,12.911,-0.2484586,0.04286722,-1.016199,0.5084842,-0.503932,0.4949495,0.4924647,
1,5,12.913,-0.2484586,0.04286722,-1.016199,0.5084842,-0.503932,0.4949495,0.4924647,
1,5,12.915,-0.2484586,0.04286722,-1.016199,0.5084842,-0.503932,0.4949495,0.4924647,
1,5,12.917,-0.2484586,0.04286722,-1.016199,0.5084842,-0.503932,0.4949495,0.4924647,
1,5,12.919,-0.2484636,0.04286862,-1.016198,0.5084829,-0.5039442,0.4949366,0.4924666,
1,5,12.921,-0.2484636,0.04286862,-1.016198,0.5084829,-0.5039442,0.4949366,0.4924666,
1,5,12.923,-0.2484636,0.04286862,-1.016198,0.5084829,-0.5039442,0.4949366,0.4924666,
1,5,12.925,-0.2484636,0.04286862,-1.016198,0.5084829,-0.5039442,0.4949366,0.4924666,
1,5,12.927,-0.2484672,0.04286979,-1.016203,0.508486,-0.5039505,0.4949561,0.4924372,
1,5,12.929,-0.2484672,0.04286979,-1.016203,0.508486,-0.5039505,0.4949561,0.4924372,
1,5,12.931,-0.2484672,0.04286979,-1.016203,0.508486,-0.5039505,0.4949561,0.4924372,
1,5,12.933,-0.2484672,0.04286979,-1.016203,0.508486,-0.5039505,0.4949561,0.4924372,
1,5,12.935,-0.248465,0.04287412,-1.016205,0.5085071,-0.5039447,0.4949418,0.4924357,
1,5,12.937,-0.248465,0.04287412,-1.016205,0.5085071,-0.5039447,0.4949418,0.4924357,
1,5,12.939,-0.248465,0.04287412,-1.016205,0.5085071,-0.5039447,0.4949418,0.4924357,
1,5,12.941,-0.248465,0.04287412,-1.016205,0.5085071,-0.5039447,0.4949418,0.4924357,
1,5,12.943,-0.2484608,0.04287351,-1.016203,0.5085177,-0.5039509,0.4949243,0.492436,
1,5,12.945,-0.2484608,0.04287351,-1.016203,0.5085177,-0.5039509,0.4949243,0.492436,
1,5,12.947,-0.2484608,0.04287351,-1.016203,0.5085177,-0.5039509,0.4949243,0.492436,
1,5,12.949,-0.2484608,0.04287351,-1.016203,0.5085177,-0.5039509,0.4949243,0.492436,
1,5,12.951,-0.2484651,0.04287506,-1.016199,0.5084975,-0.5039212,0.4949589,0.4924526,
1,5,12.953,-0.2484651,0.04287506,-1.016199,0.5084975,-0.5039212,0.4949589,0.4924526,
1,5,12.955,-0.2484651,0.04287506,-1.016199,0.5084975,-0.5039212,0.4949589,0.4924526,
1,5,12.957,-0.2484651,0.04287506,-1.016199,0.5084975,-0.5039212,0.4949589,0.4924526,
1,5,12.959,-0.2484615,0.04287514,-1.016199,0.5085022,-0.5039073,0.4949643,0.4924565,
1,5,12.961,-0.2484615,0.04287514,-1.016199,0.5085022,-0.5039073,0.4949643,0.4924565,
1,5,12.963,-0.2484615,0.04287514,-1.016199,0.5085022,-0.5039073,0.4949643,0.4924565,
1,5,12.965,-0.2484615,0.04287514,-1.016199,0.5085022,-0.5039073,0.4949643,0.4924565,
1,5,12.967,-0.2484615,0.04287514,-1.016199,0.5085022,-0.5039073,0.4949643,0.4924565,
1,5,12.969,-0.2484611,0.04288838,-1.016194,0.5084924,-0.5039045,0.494966,0.4924676,
1,5,12.971,-0.2484611,0.04288838,-1.016194,0.5084924,-0.5039045,0.494966,0.4924676,
1,5,12.973,-0.2484611,0.04288838,-1.016194,0.5084924,-0.5039045,0.494966,0.4924676,
1,5,12.975,-0.2484611,0.04288838,-1.016194,0.5084924,-0.5039045,0.494966,0.4924676,
1,5,12.977,-0.2484677,0.04288663,-1.016199,0.5084957,-0.5039022,0.4949594,0.4924733,
1,5,12.979,-0.2484677,0.04288663,-1.016199,0.5084957,-0.5039022,0.4949594,0.4924733,
1,5,12.981,-0.2484677,0.04288663,-1.016199,0.5084957,-0.5039022,0.4949594,0.4924733,
1,5,12.983,-0.2484677,0.04288663,-1.016199,0.5084957,-0.5039022,0.4949594,0.4924733,
1,5,12.985,-0.2484721,0.04287795,-1.016204,0.5084885,-0.5039302,0.4949552,0.4924561,
1,5,12.987,-0.2484721,0.04287795,-1.016204,0.5084885,-0.5039302,0.4949552,0.4924561,
1,5,12.989,-0.2484721,0.04287795,-1.016204,0.5084885,-0.5039302,0.4949552,0.4924561,
1,5,12.991,-0.2484721,0.04287795,-1.016204,0.5084885,-0.5039302,0.4949552,0.4924561,
1,5,12.993,-0.2484689,0.04288208,-1.016201,0.5084913,-0.5039321,0.4949474,0.4924594,
1,5,12.995,-0.2484689,0.04288208,-1.016201,0.5084913,-0.5039321,0.4949474,0.4924594,
1,5,12.997,-0.2484689,0.04288208,-1.016201,0.5084913,-0.5039321,0.4949474,0.4924594,
1,5,12.999,-0.2484689,0.04288208,-1.016201,0.5084913,-0.5039321,0.4949474,0.4924594,
1,5,13.001,-0.2484638,0.04287875,-1.0162,0.5084835,-0.5039232,0.4949507,0.4924731,
1,5,13.003,-0.2484638,0.04287875,-1.0162,0.5084835,-0.5039232,0.4949507,0.4924731,
1,5,13.005,-0.2484638,0.04287875,-1.0162,0.5084835,-0.5039232,0.4949507,0.4924731,
1,5,13.007,-0.2484638,0.04287875,-1.0162,0.5084835,-0.5039232,0.4949507,0.4924731,
1,5,13.009,-0.2484661,0.04286527,-1.016202,0.5084819,-0.5039193,0.4949608,0.4924686,
1,5,13.011,-0.2484661,0.04286527,-1.016202,0.5084819,-0.5039193,0.4949608,0.4924686,
1,5,13.013,-0.2484661,0.04286527,-1.016202,0.5084819,-0.5039193,0.4949608,0.4924686,
1,5,13.015,-0.2484661,0.04286527,-1.016202,0.5084819,-0.5039193,0.4949608,0.4924686,
1,5,13.017,-0.2484661,0.04286527,-1.016202,0.5084819,-0.5039193,0.4949608,0.4924686,
1,5,13.019,-0.2484666,0.04286412,-1.016205,0.5084976,-0.5039252,0.494954,0.4924533,
1,5,13.021,-0.2484666,0.04286412,-1.016205,0.5084976,-0.5039252,0.494954,0.4924533,
1,5,13.023,-0.2484666,0.04286412,-1.016205,0.5084976,-0.5039252,0.494954,0.4924533,
1,5,13.025,-0.2484666,0.04286412,-1.016205,0.5084976,-0.5039252,0.494954,0.4924533,
1,5,13.027,-0.2484633,0.04286197,-1.016202,0.5085036,-0.5039422,0.4949396,0.4924442,
1,5,13.029,-0.2484633,0.04286197,-1.016202,0.5085036,-0.5039422,0.4949396,0.4924442,
1,5,13.031,-0.2484633,0.04286197,-1.016202,0.5085036,-0.5039422,0.4949396,0.4924442,
1,5,13.033,-0.2484633,0.04286197,-1.016202,0.5085036,-0.5039422,0.4949396,0.4924442,
1,5,13.035,-0.2484575,0.0428626,-1.01619,0.508485,-0.5039431,0.4949256,0.4924764,
1,5,13.037,-0.2484575,0.0428626,-1.01619,0.508485,-0.5039431,0.4949256,0.4924764,
1,5,13.039,-0.2484575,0.0428626,-1.01619,0.508485,-0.5039431,0.4949256,0.4924764,
1,5,13.041,-0.2484575,0.0428626,-1.01619,0.508485,-0.5039431,0.4949256,0.4924764,
1,5,13.043,-0.2484745,0.04286313,-1.016202,0.5084862,-0.5039404,0.4949363,0.4924673,
1,5,13.045,-0.2484745,0.04286313,-1.016202,0.5084862,-0.5039404,0.4949363,0.4924673,
1,5,13.047,-0.2484745,0.04286313,-1.016202,0.5084862,-0.5039404,0.4949363,0.4924673,
1,5,13.049,-0.2484745,0.04286313,-1.016202,0.5084862,-0.5039404,0.4949363,0.4924673,
1,5,13.051,-0.2484666,0.04286402,-1.016209,0.5084967,-0.5039436,0.4949328,0.4924568,
1,5,13.053,-0.2484666,0.04286402,-1.016209,0.5084967,-0.5039436,0.4949328,0.4924568,
1,5,13.055,-0.2484666,0.04286402,-1.016209,0.5084967,-0.5039436,0.4949328,0.4924568,
1,5,13.057,-0.2484666,0.04286402,-1.016209,0.5084967,-0.5039436,0.4949328,0.4924568,
1,5,13.059,-0.2484719,0.04286873,-1.016206,0.5084913,-0.503925,0.4949521,0.4924619,
1,5,13.061,-0.2484719,0.04286873,-1.016206,0.5084913,-0.503925,0.4949521,0.4924619,
1,5,13.063,-0.2484719,0.04286873,-1.016206,0.5084913,-0.503925,0.4949521,0.4924619,
1,5,13.065,-0.2484719,0.04286873,-1.016206,0.5084913,-0.503925,0.4949521,0.4924619,
1,5,13.067,-0.2484719,0.04286873,-1.016206,0.5084913,-0.503925,0.4949521,0.4924619,
1,5,13.069,-0.2484622,0.04287454,-1.016209,0.5085092,-0.5039298,0.4949282,0.4924626,
1,5,13.071,-0.2484622,0.04287454,-1.016209,0.5085092,-0.5039298,0.4949282,0.4924626,
1,5,13.073,-0.2484622,0.04287454,-1.016209,0.5085092,-0.5039298,0.4949282,0.4924626,
1,5,13.075,-0.2484622,0.04287454,-1.016209,0.5085092,-0.5039298,0.4949282,0.4924626,
1,5,13.077,-0.2484719,0.04287212,-1.016204,0.5084881,-0.5039419,0.494927,0.4924731,
1,5,13.079,-0.2484719,0.04287212,-1.016204,0.5084881,-0.5039419,0.494927,0.4924731,
1,5,13.081,-0.2484719,0.04287212,-1.016204,0.5084881,-0.5039419,0.494927,0.4924731,
1,5,13.083,-0.2484719,0.04287212,-1.016204,0.5084881,-0.5039419,0.494927,0.4924731,
1,5,13.085,-0.2484784,0.04287303,-1.016199,0.5084909,-0.5039455,0.4949288,0.4924648,
1,5,13.087,-0.2484784,0.04287303,-1.016199,0.5084909,-0.5039455,0.4949288,0.4924648,
1,5,13.089,-0.2484784,0.04287303,-1.016199,0.5084909,-0.5039455,0.4949288,0.4924648,
1,5,13.091,-0.2484784,0.04287303,-1.016199,0.5084909,-0.5039455,0.4949288,0.4924648,
1,5,13.093,-0.2484663,0.04286505,-1.016192,0.50849,-0.5039161,0.4949505,0.4924741,
1,5,13.095,-0.2484663,0.04286505,-1.016192,0.50849,-0.5039161,0.4949505,0.4924741,
1,5,13.097,-0.2484663,0.04286505,-1.016192,0.50849,-0.5039161,0.4949505,0.4924741,
1,5,13.099,-0.2484663,0.04286505,-1.016192,0.50849,-0.5039161,0.4949505,0.4924741,
1,5,13.101,-0.2484602,0.04287462,-1.0162,0.5084985,-0.5038881,0.4949615,0.4924827,
1,5,13.103,-0.2484602,0.04287462,-1.0162,0.5084985,-0.5038881,0.4949615,0.4924827,
1,5,13.105,-0.2484602,0.04287462,-1.0162,0.5084985,-0.5038881,0.4949615,0.4924827,
1,5,13.107,-0.2484602,0.04287462,-1.0162,0.5084985,-0.5038881,0.4949615,0.4924827,
1,5,13.109,-0.2484539,0.0428801,-1.016197,0.5084844,-0.5038804,0.4949738,0.4924928,
1,5,13.111,-0.2484539,0.0428801,-1.016197,0.5084844,-0.5038804,0.4949738,0.4924928,
1,5,13.113,-0.2484539,0.0428801,-1.016197,0.5084844,-0.5038804,0.4949738,0.4924928,
1,5,13.115,-0.2484539,0.0428801,-1.016197,0.5084844,-0.5038804,0.4949738,0.4924928,
1,5,13.117,-0.2484539,0.0428801,-1.016197,0.5084844,-0.5038804,0.4949738,0.4924928,
1,5,13.119,-0.2484622,0.04287077,-1.016202,0.5084881,-0.5038799,0.494975,0.4924883,
1,5,13.121,-0.2484622,0.04287077,-1.016202,0.5084881,-0.5038799,0.494975,0.4924883,
1,5,13.123,-0.2484622,0.04287077,-1.016202,0.5084881,-0.5038799,0.494975,0.4924883,
1,5,13.125,-0.2484622,0.04287077,-1.016202,0.5084881,-0.5038799,0.494975,0.4924883,
1,5,13.127,-0.2484677,0.04286845,-1.016195,0.508483,-0.5038916,0.4949725,0.4924842,
1,5,13.129,-0.2484677,0.04286845,-1.016195,0.508483,-0.5038916,0.4949725,0.4924842,
1,5,13.131,-0.2484677,0.04286845,-1.016195,0.508483,-0.5038916,0.4949725,0.4924842,
1,5,13.133,-0.2484677,0.04286845,-1.016195,0.508483,-0.5038916,0.4949725,0.4924842,
1,5,13.135,-0.2484711,0.04286179,-1.016203,0.5084857,-0.5039148,0.494943,0.4924873,
1,5,13.137,-0.2484711,0.04286179,-1.016203,0.5084857,-0.5039148,0.494943,0.4924873,
1,5,13.139,-0.2484711,0.04286179,-1.016203,0.5084857,-0.5039148,0.494943,0.4924873,
1,5,13.141,-0.2484711,0.04286179,-1.016203,0.5084857,-0.5039148,0.494943,0.4924873,
1,5,13.143,-0.2484728,0.04285938,-1.016193,0.5084832,-0.5039033,0.4949403,0.4925042,
1,5,13.145,-0.2484728,0.04285938,-1.016193,0.5084832,-0.5039033,0.4949403,0.4925042,
1,5,13.147,-0.2484728,0.04285938,-1.016193,0.5084832,-0.5039033,0.4949403,0.4925042,
1,5,13.149,-0.2484728,0.04285938,-1.016193,0.5084832,-0.5039033,0.4949403,0.4925042,
1,5,13.151,-0.2484691,0.04285895,-1.016194,0.5084906,-0.5039012,0.4949352,0.492504,
1,5,13.153,-0.2484691,0.04285895,-1.016194,0.5084906,-0.5039012,0.4949352,0.492504,
1,5,13.155,-0.2484691,0.04285895,-1.016194,0.5084906,-0.5039012,0.4949352,0.492504,
1,5,13.157,-0.2484691,0.04285895,-1.016194,0.5084906,-0.5039012,0.4949352,0.492504,
1,5,13.159,-0.2484657,0.04286746,-1.016199,0.508488,-0.5039118,0.4949395,0.4924914,
1,5,13.161,-0.2484657,0.04286746,-1.016199,0.508488,-0.5039118,0.4949395,0.4924914,
1,5,13.163,-0.2484657,0.04286746,-1.016199,0.508488,-0.5039118,0.4949395,0.4924914,
1,5,13.165,-0.2484657,0.04286746,-1.016199,0.508488,-0.5039118,0.4949395,0.4924914,
1,5,13.167,-0.2484657,0.04286746,-1.016199,0.508488,-0.5039118,0.4949395,0.4924914,
1,5,13.169,-0.2484568,0.04287314,-1.016196,0.5084985,-0.5039036,0.4949625,0.4924657,
1,5,13.171,-0.2484568,0.04287314,-1.016196,0.5084985,-0.5039036,0.4949625,0.4924657,
1,5,13.173,-0.2484568,0.04287314,-1.016196,0.5084985,-0.5039036,0.4949625,0.4924657,
1,5,13.175,-0.2484568,0.04287314,-1.016196,0.5084985,-0.5039036,0.4949625,0.4924657,
1,5,13.177,-0.2484515,0.04287733,-1.016197,0.5084842,-0.5039149,0.4949567,0.4924749,
1,5,13.179,-0.2484515,0.04287733,-1.016197,0.5084842,-0.5039149,0.4949567,0.4924749,
1,5,13.181,-0.2484515,0.04287733,-1.016197,0.5084842,-0.5039149,0.4949567,0.4924749,CourtEnter
1,5,13.183,-0.2484515,0.04287733,-1.016197,0.5084842,-0.5039149,0.4949567,0.4924749,
1,5,13.185,-0.2484502,0.04287054,-1.016199,0.5084978,-0.5039324,0.4949459,0.4924538,
1,5,13.187,-0.2484502,0.04287054,-1.016199,0.5084978,-0.5039324,0.4949459,0.4924538,
1,5,13.189,-0.2484502,0.04287054,-1.016199,0.5084978,-0.5039324,0.4949459,0.4924538,CourtExit
1,5,13.191,-0.2484502,0.04287054,-1.016199,0.5084978,-0.5039324,0.4949459,0.4924538,
1,5,13.193,-0.2484561,0.04286828,-1.016206,0.5084866,-0.5039324,0.4949539,0.4924573,
1,5,13.195,-0.2484561,0.04286828,-1.016206,0.5084866,-0.5039324,0.4949539,0.4924573,
1,5,13.197,-0.2484561,0.04286828,-1.016206,0.5084866,-0.5039324,0.4949539,0.4924573,
1,5,13.199,-0.2484561,0.04286828,-1.016206,0.5084866,-0.5039324,0.4949539,0.4924573,
1,5,13.201,-0.2484562,0.04287306,-1.016206,0.5084849,-0.5039393,0.4949508,0.4924551,
1,5,13.203,-0.2484562,0.04287306,-1.016206,0.5084849,-0.5039393,0.4949508,0.4924551,
1,5,13.205,-0.2484562,0.04287306,-1.016206,0.5084849,-0.5039393,0.4949508,0.4924551,
1,5,13.207,-0.2484562,0.04287306,-1.016206,0.5084849,-0.5039393,0.4949508,0.4924551,
1,5,13.209,-0.248457,0.04287317,-1.016209,0.5084961,-0.5039459,0.4949393,0.4924484,
1,5,13.211,-0.248457,0.04287317,-1.016209,0.5084961,-0.5039459,0.4949393,0.4924484,
1,5,13.213,-0.248457,0.04287317,-1.016209,0.5084961,-0.5039459,0.4949393,0.4924484,
1,5,13.215,-0.248457,0.04287317,-1.016209,0.5084961,-0.5039459,0.4949393,0.4924484,
1,5,13.217,-0.248457,0.04287317,-1.016209,0.5084961,-0.5039459,0.4949393,0.4924484,
1,5,13.219,-0.2484518,0.04286554,-1.016199,0.5084959,-0.5039466,0.4949313,0.492456,
1,5,13.221,-0.2484518,0.04286554,-1.016199,0.5084959,-0.5039466,0.4949313,0.492456,
1,5,13.223,-0.2484518,0.04286554,-1.016199,0.5084959,-0.5039466,0.4949313,0.492456,
1,5,13.225,-0.2484518,0.04286554,-1.016199,0.5084959,-0.5039466,0.4949313,0.492456,
1,5,13.227,-0.2484589,0.0428612,-1.016189,0.5084974,-0.5039275,0.4949498,0.4924554,
1,5,13.229,-0.2484589,0.0428612,-1.016189,0.5084974,-0.5039275,0.4949498,0.4924554,
1,5,13.231,-0.2484589,0.0428612,-1.016189,0.5084974,-0.5039275,0.4949498,0.4924554,
1,5,13.233,-0.2484589,0.0428612,-1.016189,0.5084974,-0.5039275,0.4949498,0.4924554,
1,5,13.235,-0.2484537,0.0428634,-1.016192,0.5085061,-0.5039275,0.4949447,0.4924515,
1,5,13.237,-0.2484537,0.0428634,-1.016192,0.5085061,-0.5039275,0.4949447,0.4924515,
1,5,13.239,-0.2484537,0.0428634,-1.016192,0.5085061,-0.5039275,0.4949447,0.4924515,
1,5,13.241,-0.2484537,0.0428634,-1.016192,0.5085061,-0.5039275,0.4949447,0.4924515,
1,5,13.243,-0.2484576,0.04287826,-1.016194,0.5085114,-0.5039327,0.4949401,0.4924453,
1,5,13.245,-0.2484576,0.04287826,-1.016194,0.5085114,-0.5039327,0.4949401,0.4924453,
1,5,13.247,-0.2484576,0.04287826,-1.016194,0.5085114,-0.5039327,0.4949401,0.4924453,
1,5,13.249,-0.2484576,0.04287826,-1.016194,0.5085114,-0.5039327,0.4949401,0.4924453,
1,5,13.251,-0.2484664,0.04286203,-1.016192,0.5085095,-0.5039372,0.4949389,0.492444,
1,5,13.253,-0.2484664,0.04286203,-1.016192,0.5085095,-0.5039372,0.4949389,0.492444,
1,5,13.255,-0.2484664,0.04286203,-1.016192,0.5085095,-0.5039372,0.4949389,0.492444,
1,5,13.257,-0.2484664,0.04286203,-1.016192,0.5085095,-0.5039372,0.4949389,0.492444,
1,5,13.259,-0.2484662,0.04286149,-1.016198,0.508504,-0.5039488,0.4949275,0.4924492,
1,5,13.261,-0.2484662,0.04286149,-1.016198,0.508504,-0.5039488,0.4949275,0.4924492,
1,5,13.263,-0.2484662,0.04286149,-1.016198,0.508504,-0.5039488,0.4949275,0.4924492,
1,5,13.265,-0.2484662,0.04286149,-1.016198,0.508504,-0.5039488,0.4949275,0.4924492,
1,5,13.267,-0.2484662,0.04286149,-1.016198,0.508504,-0.5039488,0.4949275,0.4924492,
1,5,13.269,-0.248457,0.04285921,-1.016199,0.5085062,-0.5039479,0.494918,0.4924574,
1,5,13.271,-0.248457,0.04285921,-1.016199,0.5085062,-0.5039479,0.494918,0.4924574,
1,5,13.273,-0.248457,0.04285921,-1.016199,0.5085062,-0.5039479,0.494918,0.4924574,
1,5,13.275,-0.248457,0.04285921,-1.016199,0.5085062,-0.5039479,0.494918,0.4924574,
1,5,13.277,-0.2484548,0.04286036,-1.01619,0.5085103,-0.5039304,0.494933,0.4924559,
1,5,13.279,-0.2484548,0.04286036,-1.01619,0.5085103,-0.5039304,0.494933,0.4924559,
1,5,13.281,-0.2484548,0.04286036,-1.01619,0.5085103,-0.5039304,0.494933,0.4924559,
1,5,13.283,-0.2484548,0.04286036,-1.01619,0.5085103,-0.5039304,0.494933,0.4924559,
1,5,13.285,-0.2484567,0.04286718,-1.016192,0.5085191,-0.5039238,0.4949344,0.4924521,
1,5,13.287,-0.2484567,0.04286718,-1.016192,0.5085191,-0.5039238,0.4949344,0.4924521,
1,5,13.289,-0.2484567,0.04286718,-1.016192,0.5085191,-0.5039238,0.4949344,0.4924521,
1,5,13.291,-0.2484567,0.04286718,-1.016192,0.5085191,-0.5039238,0.4949344,0.4924521,
1,5,13.293,-0.2484661,0.04287065,-1.016194,0.5085196,-0.5039492,0.494912,0.4924482,
1,5,13.295,-0.2484661,0.04287065,-1.016194,0.5085196,-0.5039492,0.494912,0.4924482,
1,5,13.297,-0.2484661,0.04287065,-1.016194,0.5085196,-0.5039492,0.494912,0.4924482,
1,5,13.299,-0.2484661,0.04287065,-1.016194,0.5085196,-0.5039492,0.494912,0.4924482,
1,5,13.301,-0.248464,0.04286601,-1.016198,0.5085137,-0.5039471,0.4949132,0.4924554,
1,5,13.303,-0.248464,0.04286601,-1.016198,0.5085137,-0.5039471,0.4949132,0.4924554,
1,5,13.305,-0.248464,0.04286601,-1.016198,0.5085137,-0.5039471,0.4949132,0.4924554,
1,5,13.307,-0.248464,0.04286601,-1.016198,0.5085137,-0.5039471,0.4949132,0.4924554,
1,5,13.309,-0.2484671,0.04286332,-1.0162,0.5085156,-0.5039339,0.4949315,0.4924484,
1,5,13.311,-0.2484671,0.04286332,-1.0162,0.5085156,-0.5039339,0.4949315,0.4924484,
1,5,13.313,-0.2484671,0.04286332,-1.0162,0.5085156,-0.5039339,0.4949315,0.4924484,
1,5,13.315,-0.2484671,0.04286332,-1.0162,0.5085156,-0.5039339,0.4949315,0.4924484,
1,5,13.317,-0.2484671,0.04286332,-1.0162,0.5085156,-0.5039339,0.4949315,0.4924484,
1,5,13.319,-0.2484586,0.04286376,-1.016199,0.5085058,-0.5039099,0.4949496,0.4924648,
1,5,13.321,-0.2484586,0.04286376,-1.016199,0.5085058,-0.5039099,0.4949496,0.4924648,
1,5,13.323,-0.2484586,0.04286376,-1.016199,0.5085058,-0.5039099,0.4949496,0.4924648,
1,5,13.325,-0.2484586,0.04286376,-1.016199,0.5085058,-0.5039099,0.4949496,0.4924648,
1,5,13.327,-0.2484602,0.04286088,-1.016199,0.5085131,-0.5039356,0.4949242,0.4924567,
1,5,13.329,-0.2484602,0.04286088,-1.016199,0.5085131,-0.5039356,0.4949242,0.4924567,
1,5,13.331,-0.2484602,0.04286088,-1.016199,0.5085131,-0.5039356,0.4949242,0.4924567,
1,5,13.333,-0.2484602,0.04286088,-1.016199,0.5085131,-0.5039356,0.4949242,0.4924567,
1,5,13.335,-0.2484587,0.04286074,-1.016194,0.5085134,-0.5039489,0.4949178,0.492449,
1,5,13.337,-0.2484587,0.04286074,-1.016194,0.5085134,-0.5039489,0.4949178,0.492449,
1,5,13.339,-0.2484587,0.04286074,-1.016194,0.5085134,-0.5039489,0.4949178,0.492449,
1,5,13.341,-0.2484587,0.04286074,-1.016194,0.5085134,-0.5039489,0.4949178,0.492449,
1,5,13.343,-0.2484558,0.04287294,-1.016194,0.5084906,-0.5039427,0.494936,0.4924608,
1,5,13.345,-0.2484558,0.04287294,-1.016194,0.5084906,-0.5039427,0.494936,0.4924608,
1,5,13.347,-0.2484558,0.04287294,-1.016194,0.5084906,-0.5039427,0.494936,0.4924608,
1,5,13.349,-0.2484558,0.04287294,-1.016194,0.5084906,-0.5039427,0.494936,0.4924608,
1,5,13.351,-0.2484591,0.04286589,-1.016198,0.5084749,-0.503946,0.4949438,0.4924656,
1,5,13.353,-0.2484591,0.04286589,-1.016198,0.5084749,-0.503946,0.4949438,0.4924656,
1,5,13.355,-0.2484591,0.04286589,-1.016198,0.5084749,-0.503946,0.4949438,0.4924656,
1,5,13.357,-0.2484591,0.04286589,-1.016198,0.5084749,-0.503946,0.4949438,0.4924656,
1,5,13.359,-0.2484511,0.04286698,-1.01619,0.5085042,-0.5039355,0.4949268,0.4924633,
1,5,13.361,-0.2484511,0.04286698,-1.01619,0.5085042,-0.5039355,0.4949268,0.4924633,
1,5,13.363,-0.2484511,0.04286698,-1.01619,0.5085042,-0.5039355,0.4949268,0.4924633,
1,5,13.365,-0.2484511,0.04286698,-1.01619,0.5085042,-0.5039355,0.4949268,0.4924633,
1,5,13.367,-0.2484511,0.04286698,-1.01619,0.5085042,-0.5039355,0.4949268,0.4924633,
1,5,13.369,-0.2484553,0.04286489,-1.016196,0.5085148,-0.5039434,0.4949279,0.4924431,
1,5,13.371,-0.2484553,0.04286489,-1.016196,0.5085148,-0.5039434,0.4949279,0.4924431,
1,5,13.373,-0.2484553,0.04286489,-1.016196,0.5085148,-0.5039434,0.4949279,0.4924431,
1,5,13.375,-0.2484553,0.04286489,-1.016196,0.5085148,-0.5039434,0.4949279,0.4924431,
1,5,13.377,-0.2484557,0.0428645,-1.016198,0.5085148,-0.5039474,0.4949204,0.4924467,
1,5,13.379,-0.2484557,0.0428645,-1.016198,0.5085148,-0.5039474,0.4949204,0.4924467,
1,5,13.381,-0.2484557,0.0428645,-1.016198,0.5085148,-0.5039474,0.4949204,0.4924467,
1,5,13.383,-0.2484557,0.0428645,-1.016198,0.5085148,-0.5039474,0.4949204,0.4924467,
1,5,13.385,-0.2484642,0.0428558,-1.016191,0.5085066,-0.5039485,0.4949159,0.4924585,
1,5,13.387,-0.2484642,0.0428558,-1.016191,0.5085066,-0.5039485,0.4949159,0.4924585,
1,5,13.389,-0.2484642,0.0428558,-1.016191,0.5085066,-0.5039485,0.4949159,0.4924585,
1,5,13.391,-0.2484642,0.0428558,-1.016191,0.5085066,-0.5039485,0.4949159,0.4924585,
1,5,13.393,-0.2484577,0.04285717,-1.016185,0.5085176,-0.5039448,0.4949132,0.4924535,
1,5,13.395,-0.2484577,0.04285717,-1.016185,0.5085176,-0.5039448,0.4949132,0.4924535,
1,5,13.397,-0.2484577,0.04285717,-1.016185,0.5085176,-0.5039448,0.4949132,0.4924535,
1,5,13.399,-0.2484577,0.04285717,-1.016185,0.5085176,-0.5039448,0.4949132,0.4924535,
1,5,13.401,-0.2484397,0.04286044,-1.016184,0.5085142,-0.5039529,0.4949054,0.4924566,
1,5,13.403,-0.2484397,0.04286044,-1.016184,0.5085142,-0.5039529,0.4949054,0.4924566,
1,5,13.405,-0.2484397,0.04286044,-1.016184,0.5085142,-0.5039529,0.4949054,0.4924566,
1,5,13.407,-0.2484397,0.04286044,-1.016184,0.5085142,-0.5039529,0.4949054,0.4924566,
1,5,13.409,-0.248436,0.04286447,-1.016198,0.5085182,-0.5039415,0.4949148,0.4924546,
1,5,13.411,-0.248436,0.04286447,-1.016198,0.5085182,-0.5039415,0.4949148,0.4924546,
1,5,13.413,-0.248436,0.04286447,-1.016198,0.5085182,-0.5039415,0.4949148,0.4924546,
1,5,13.415,-0.248436,0.04286447,-1.016198,0.5085182,-0.5039415,0.4949148,0.4924546,
1,5,13.417,-0.248436,0.04286447,-1.016198,0.5085182,-0.5039415,0.4949148,0.4924546,
1,5,13.419,-0.2484508,0.04286112,-1.01619,0.5085089,-0.5039369,0.4949214,0.4924625,
1,5,13.421,-0.2484508,0.04286112,-1.01619,0.5085089,-0.5039369,0.4949214,0.4924625,
1,5,13.423,-0.2484508,0.04286112,-1.01619,0.5085089,-0.5039369,0.4949214,0.4924625,
1,5,13.425,-0.2484508,0.04286112,-1.01619,0.5085089,-0.5039369,0.4949214,0.4924625,
1,5,13.427,-0.2484462,0.0428571,-1.016185,0.508515,-0.503934,0.4949255,0.492455,
1,5,13.429,-0.2484462,0.0428571,-1.016185,0.508515,-0.503934,0.4949255,0.492455,
1,5,13.431,-0.2484462,0.0428571,-1.016185,0.508515,-0.503934,0.4949255,0.492455,
1,5,13.433,-0.2484462,0.0428571,-1.016185,0.508515,-0.503934,0.4949255,0.492455,
1,5,13.435,-0.2484568,0.04286037,-1.016183,0.508523,-0.5039085,0.4949381,0.4924602,
1,5,13.437,-0.2484568,0.04286037,-1.016183,0.508523,-0.5039085,0.4949381,0.4924602,
1,5,13.439,-0.2484568,0.04286037,-1.016183,0.508523,-0.5039085,0.4949381,0.4924602,
1,5,13.441,-0.2484568,0.04286037,-1.016183,0.508523,-0.5039085,0.4949381,0.4924602,
1,5,13.443,-0.2484607,0.04286011,-1.016196,0.5085244,-0.5039281,0.4949115,0.4924652,
1,5,13.445,-0.2484607,0.04286011,-1.016196,0.5085244,-0.5039281,0.4949115,0.4924652,
1,5,13.447,-0.2484607,0.04286011,-1.016196,0.5085244,-0.5039281,0.4949115,0.4924652,
1,5,13.449,-0.2484607,0.04286011,-1.016196,0.5085244,-0.5039281,0.4949115,0.4924652,
1,5,13.451,-0.2484649,0.04285403,-1.016192,0.5085101,-0.5039393,0.4949171,0.4924631,
1,5,13.453,-0.2484649,0.04285403,-1.016192,0.5085101,-0.5039393,0.4949171,0.4924631,
1,5,13.455,-0.2484649,0.04285403,-1.016192,0.5085101,-0.5039393,0.4949171,0.4924631,
1,5,13.457,-0.2484649,0.04285403,-1.016192,0.5085101,-0.5039393,0.4949171,0.4924631,
1,5,13.459,-0.2484731,0.04286583,-1.016195,0.5084908,-0.5039433,0.4949339,0.4924619,
1,5,13.461,-0.2484731,0.04286583,-1.016195,0.5084908,-0.5039433,0.4949339,0.4924619,
1,5,13.463,-0.2484731,0.04286583,-1.016195,0.5084908,-0.5039433,0.4949339,0.4924619,
1,5,13.465,-0.2484731,0.04286583,-1.016195,0.5084908,-0.5039433,0.4949339,0.4924619,
1,5,13.467,-0.2484731,0.04286583,-1.016195,0.5084908,-0.5039433,0.4949339,0.4924619,
1,5,13.469,-0.2484672,0.0428589,-1.016191,0.5084974,-0.5039407,0.4949415,0.4924501,
1,5,13.471,-0.2484672,0.0428589,-1.016191,0.5084974,-0.5039407,0.4949415,0.4924501,
1,5,13.473,-0.2484672,0.0428589,-1.016191,0.5084974,-0.5039407,0.4949415,0.4924501,
1,5,13.475,-0.2484672,0.0428589,-1.016191,0.5084974,-0.5039407,0.4949415,0.4924501,
1,5,13.477,-0.2484563,0.04286591,-1.016184,0.508506,-0.5039355,0.494936,0.4924522,
1,5,13.479,-0.2484563,0.04286591,-1.016184,0.508506,-0.5039355,0.494936,0.4924522,
1,5,13.481,-0.2484563,0.04286591,-1.016184,0.508506,-0.5039355,0.494936,0.4924522,
1,5,13.483,-0.2484563,0.04286591,-1.016184,0.508506,-0.5039355,0.494936,0.4924522,
1,5,13.485,-0.2484454,0.04286876,-1.016188,0.5085153,-0.5039292,0.4949232,0.4924619,
1,5,13.487,-0.2484454,0.04286876,-1.016188,0.5085153,-0.5039292,0.4949232,0.4924619,
1,5,13.489,-0.2484454,0.04286876,-1.016188,0.5085153,-0.5039292,0.4949232,0.4924619,
1,5,13.491,-0.2484454,0.04286876,-1.016188,0.5085153,-0.5039292,0.4949232,0.4924619,
1,5,13.493,-0.2484485,0.04285883,-1.016196,0.5085152,-0.5039246,0.4949116,0.4924784,
1,5,13.495,-0.2484485,0.04285883,-1.016196,0.5085152,-0.5039246,0.4949116,0.4924784,
1,5,13.497,-0.2484485,0.04285883,-1.016196,0.5085152,-0.5039246,0.4949116,0.4924784,
1,5,13.499,-0.2484485,0.04285883,-1.016196,0.5085152,-0.5039246,0.4949116,0.4924784,
1,5,13.501,-0.2484517,0.04286965,-1.016204,0.5085083,-0.5039207,0.4949227,0.4924784,
1,5,13.503,-0.2484517,0.04286965,-1.016204,0.5085083,-0.5039207,0.4949227,0.4924784,
1,5,13.505,-0.2484517,0.04286965,-1.016204,0.5085083,-0.5039207,0.4949227,0.4924784,
1,5,13.507,-0.2484517,0.04286965,-1.016204,0.5085083,-0.5039207,0.4949227,0.4924784,
1,5,13.509,-0.2484514,0.04286548,-1.016205,0.508496,-0.5039409,0.4949129,0.4924802,
1,5,13.511,-0.2484514,0.04286548,-1.016205,0.508496,-0.5039409,0.4949129,0.4924802,
1,5,13.513,-0.2484514,0.04286548,-1.016205,0.508496,-0.5039409,0.4949129,0.4924802,
1,5,13.515,-0.2484514,0.04286548,-1.016205,0.508496,-0.5039409,0.4949129,0.4924802,
1,5,13.517,-0.2484514,0.04286548,-1.016205,0.508496,-0.5039409,0.4949129,0.4924802,
1,5,13.519,-0.2484673,0.04286328,-1.016204,0.5084766,-0.5039335,0.4949379,0.4924826,
1,5,13.521,-0.2484673,0.04286328,-1.016204,0.5084766,-0.5039335,0.4949379,0.4924826,
1,5,13.523,-0.2484673,0.04286328,-1.016204,0.5084766,-0.5039335,0.4949379,0.4924826,
1,5,13.525,-0.2484673,0.04286328,-1.016204,0.5084766,-0.5039335,0.4949379,0.4924826,
1,5,13.527,-0.2484614,0.04286275,-1.016203,0.5084774,-0.5039297,0.4949349,0.4924888,
1,5,13.529,-0.2484614,0.04286275,-1.016203,0.5084774,-0.5039297,0.4949349,0.4924888,
1,5,13.531,-0.2484614,0.04286275,-1.016203,0.5084774,-0.5039297,0.4949349,0.4924888,
1,5,13.533,-0.2484614,0.04286275,-1.016203,0.5084774,-0.5039297,0.4949349,0.4924888,
1,5,13.535,-0.2484503,0.04285771,-1.016202,0.508495,-0.5039327,0.4949243,0.492478,
1,5,13.537,-0.2484503,0.04285771,-1.016202,0.508495,-0.5039327,0.4949243,0.492478,
1,5,13.539,-0.2484503,0.04285771,-1.016202,0.508495,-0.5039327,0.4949243,0.492478,
1,5,13.541,-0.2484503,0.04285771,-1.016202,0.508495,-0.5039327,0.4949243,0.492478,
1,5,13.543,-0.2484608,0.04285899,-1.016205,0.5085077,-0.5039407,0.4949192,0.492462,
1,5,13.545,-0.2484608,0.04285899,-1.016205,0.5085077,-0.5039407,0.4949192,0.492462,
1,5,13.547,-0.2484608,0.04285899,-1.016205,0.5085077,-0.5039407,0.4949192,0.492462,
1,5,13.549,-0.2484608,0.04285899,-1.016205,0.5085077,-0.5039407,0.4949192,0.492462,
1,5,13.551,-0.2484612,0.04285533,-1.016203,0.5085157,-0.5039361,0.4949261,0.4924515,
1,5,13.553,-0.2484612,0.04285533,-1.016203,0.5085157,-0.5039361,0.4949261,0.4924515,
1,5,13.555,-0.2484612,0.04285533,-1.016203,0.5085157,-0.5039361,0.4949261,0.4924515,
1,5,13.557,-0.2484612,0.04285533,-1.016203,0.5085157,-0.5039361,0.4949261,0.4924515,
1,5,13.559,-0.2484635,0.04285466,-1.016202,0.5085237,-0.5039231,0.4949316,0.492451,
1,5,13.561,-0.2484635,0.04285466,-1.016202,0.5085237,-0.5039231,0.4949316,0.492451,
1,5,13.563,-0.2484635,0.04285466,-1.016202,0.5085237,-0.5039231,0.4949316,0.492451,
1,5,13.565,-0.2484635,0.04285466,-1.016202,0.5085237,-0.5039231,0.4949316,0.492451,
1,5,13.567,-0.2484635,0.04285466,-1.016202,0.5085237,-0.5039231,0.4949316,0.492451,
1,5,13.569,-0.2484628,0.04286174,-1.016202,0.5085146,-0.5039392,0.4949243,0.4924512,
1,5,13.571,-0.2484628,0.04286174,-1.016202,0.5085146,-0.5039392,0.4949243,0.4924512,
1,5,13.573,-0.2484628,0.04286174,-1.016202,0.5085146,-0.5039392,0.4949243,0.4924512,
1,5,13.575,-0.2484628,0.04286174,-1.016202,0.5085146,-0.5039392,0.4949243,0.4924512,
1,5,13.577,-0.2484682,0.04285967,-1.016209,0.5084991,-0.5039439,0.4949311,0.4924557,
1,5,13.579,-0.2484682,0.04285967,-1.016209,0.5084991,-0.5039439,0.4949311,0.4924557,
1,5,13.581,-0.2484682,0.04285967,-1.016209,0.5084991,-0.5039439,0.4949311,0.4924557,
1,5,13.583,-0.2484682,0.04285967,-1.016209,0.5084991,-0.5039439,0.4949311,0.4924557,
1,5,13.585,-0.2484681,0.04285927,-1.016208,0.5085026,-0.5039424,0.4949263,0.4924584,
1,5,13.587,-0.2484681,0.04285927,-1.016208,0.5085026,-0.5039424,0.4949263,0.4924584,
1,5,13.589,-0.2484681,0.04285927,-1.016208,0.5085026,-0.5039424,0.4949263,0.4924584,
1,5,13.591,-0.2484681,0.04285927,-1.016208,0.5085026,-0.5039424,0.4949263,0.4924584,
1,5,13.593,-0.2484627,0.04286031,-1.016205,0.5084982,-0.5039403,0.4949277,0.4924635,
1,5,13.595,-0.2484627,0.04286031,-1.016205,0.5084982,-0.5039403,0.4949277,0.4924635,
1,5,13.597,-0.2484627,0.04286031,-1.016205,0.5084982,-0.5039403,0.4949277,0.4924635,
1,5,13.599,-0.2484627,0.04286031,-1.016205,0.5084982,-0.5039403,0.4949277,0.4924635,
1,5,13.601,-0.2484629,0.04287099,-1.016202,0.5085043,-0.5039241,0.4949449,0.4924565,
1,5,13.603,-0.2484629,0.04287099,-1.016202,0.5085043,-0.5039241,0.4949449,0.4924565,
1,5,13.605,-0.2484629,0.04287099,-1.016202,0.5085043,-0.5039241,0.4949449,0.4924565,
1,5,13.607,-0.2484629,0.04287099,-1.016202,0.5085043,-0.5039241,0.4949449,0.4924565,
1,5,13.609,-0.2484593,0.0428739,-1.016205,0.5084834,-0.5039168,0.4949527,0.4924779,
1,5,13.611,-0.2484593,0.0428739,-1.016205,0.5084834,-0.5039168,0.4949527,0.4924779,
1,5,13.613,-0.2484593,0.0428739,-1.016205,0.5084834,-0.5039168,0.4949527,0.4924779,
1,5,13.615,-0.2484593,0.0428739,-1.016205,0.5084834,-0.5039168,0.4949527,0.4924779,
1,5,13.617,-0.2484593,0.0428739,-1.016205,0.5084834,-0.5039168,0.4949527,0.4924779,
1,5,13.619,-0.248451,0.04286917,-1.016197,0.5085022,-0.5039049,0.4949505,0.4924727,
1,5,13.621,-0.248451,0.04286917,-1.016197,0.5085022,-0.5039049,0.4949505,0.4924727,
1,5,13.623,-0.248451,0.04286917,-1.016197,0.5085022,-0.5039049,0.4949505,0.4924727,
1,5,13.625,-0.248451,0.04286917,-1.016197,0.5085022,-0.5039049,0.4949505,0.4924727,
1,5,13.627,-0.2484565,0.04288308,-1.016197,0.5085051,-0.5038974,0.4949499,0.492478,
1,5,13.629,-0.2484565,0.04288308,-1.016197,0.5085051,-0.5038974,0.4949499,0.492478,
1,5,13.631,-0.2484565,0.04288308,-1.016197,0.5085051,-0.5038974,0.4949499,0.492478,
1,5,13.633,-0.2484565,0.04288308,-1.016197,0.5085051,-0.5038974,0.4949499,0.492478,
1,5,13.635,-0.248456,0.04286445,-1.016201,0.5085134,-0.5039123,0.4949325,0.4924717,
1,5,13.637,-0.248456,0.04286445,-1.016201,0.5085134,-0.5039123,0.4949325,0.4924717,
1,5,13.639,-0.248456,0.04286445,-1.016201,0.5085134,-0.5039123,0.4949325,0.4924717,
1,5,13.641,-0.248456,0.04286445,-1.016201,0.5085134,-0.5039123,0.4949325,0.4924717,
1,5,13.643,-0.2484593,0.04286322,-1.016195,0.5085195,-0.5039133,0.4949345,0.4924626,
1,5,13.645,-0.2484593,0.04286322,-1.016195,0.5085195,-0.5039133,0.4949345,0.4924626,
1,5,13.647,-0.2484593,0.04286322,-1.016195,0.5085195,-0.5039133,0.4949345,0.4924626,
1,5,13.649,-0.2484593,0.04286322,-1.016195,0.5085195,-0.5039133,0.4949345,0.4924626,
1,5,13.651,-0.2484603,0.04286829,-1.0162,0.508528,-0.5039224,0.4949371,0.4924416,
1,5,13.653,-0.2484603,0.04286829,-1.0162,0.508528,-0.5039224,0.4949371,0.4924416,
1,5,13.655,-0.2484603,0.04286829,-1.0162,0.508528,-0.5039224,0.4949371,0.4924416,
1,5,13.657,-0.2484603,0.04286829,-1.0162,0.508528,-0.5039224,0.4949371,0.4924416,
1,5,13.659,-0.2484633,0.04287046,-1.016205,0.5085152,-0.5039169,0.4949592,0.4924383,
1,5,13.661,-0.2484633,0.04287046,-1.016205,0.5085152,-0.5039169,0.4949592,0.4924383,
1,5,13.663,-0.2484633,0.04287046,-1.016205,0.5085152,-0.5039169,0.4949592,0.4924383,
1,5,13.665,-0.2484633,0.04287046,-1.016205,0.5085152,-0.5039169,0.4949592,0.4924383,
1,5,13.667,-0.2484633,0.04287046,-1.016205,0.5085152,-0.5039169,0.4949592,0.4924383,
1,5,13.669,-0.2484662,0.0428781,-1.016209,0.5085187,-0.5039073,0.4949789,0.4924247,
1,5,13.671,-0.2484662,0.0428781,-1.016209,0.5085187,-0.5039073,0.4949789,0.4924247,
1,5,13.673,-0.2484662,0.0428781,-1.016209,0.5085187,-0.5039073,0.4949789,0.4924247,
1,5,13.675,-0.2484662,0.0428781,-1.016209,0.5085187,-0.5039073,0.4949789,0.4924247,
1,5,13.677,-0.2484699,0.0428681,-1.016207,0.5085,-0.5039232,0.4949656,0.4924411,
1,5,13.679,-0.2484699,0.0428681,-1.016207,0.5085,-0.5039232,0.4949656,0.4924411,
1,5,13.681,-0.2484699,0.0428681,-1.016207,0.5085,-0.5039232,0.4949656,0.4924411,
1,5,13.683,-0.2484699,0.0428681,-1.016207,0.5085,-0.5039232,0.4949656,0.4924411,
1,5,13.685,-0.2484699,0.04286542,-1.016218,0.5084907,-0.5039309,0.4949645,0.492444,
1,5,13.687,-0.2484699,0.04286542,-1.016218,0.5084907,-0.5039309,0.4949645,0.492444,
1,5,13.689,-0.2484699,0.04286542,-1.016218,0.5084907,-0.5039309,0.4949645,0.492444,
1,5,13.691,-0.2484699,0.04286542,-1.016218,0.5084907,-0.5039309,0.4949645,0.492444,
1,5,13.693,-0.2484675,0.04287183,-1.016213,0.5084866,-0.5039349,0.4949574,0.4924512,
1,5,13.695,-0.2484675,0.04287183,-1.016213,0.5084866,-0.5039349,0.4949574,0.4924512,
1,5,13.697,-0.2484675,0.04287183,-1.016213,0.5084866,-0.5039349,0.4949574,0.4924512,
1,5,13.699,-0.2484675,0.04287183,-1.016213,0.5084866,-0.5039349,0.4949574,0.4924512,
1,5,13.701,-0.2484643,0.04285594,-1.016195,0.5085123,-0.5039169,0.4949732,0.4924273,
1,5,13.703,-0.2484643,0.04285594,-1.016195,0.5085123,-0.5039169,0.4949732,0.4924273,
1,5,13.705,-0.2484643,0.04285594,-1.016195,0.5085123,-0.5039169,0.4949732,0.4924273,
1,5,13.707,-0.2484643,0.04285594,-1.016195,0.5085123,-0.5039169,0.4949732,0.4924273,
1,5,13.709,-0.2484548,0.04285642,-1.016192,0.5085125,-0.5039288,0.4949515,0.4924367,
1,5,13.711,-0.2484548,0.04285642,-1.016192,0.5085125,-0.5039288,0.4949515,0.4924367,
1,5,13.713,-0.2484548,0.04285642,-1.016192,0.5085125,-0.5039288,0.4949515,0.4924367,
1,5,13.715,-0.2484548,0.04285642,-1.016192,0.5085125,-0.5039288,0.4949515,0.4924367,
1,5,13.717,-0.2484548,0.04285642,-1.016192,0.5085125,-0.5039288,0.4949515,0.4924367,
1,5,13.719,-0.2484527,0.04285754,-1.016188,0.5085154,-0.5039234,0.4949366,0.4924544,
1,5,13.721,-0.2484527,0.04285754,-1.016188,0.5085154,-0.5039234,0.4949366,0.4924544,
1,5,13.723,-0.2484527,0.04285754,-1.016188,0.5085154,-0.5039234,0.4949366,0.4924544,
1,5,13.725,-0.2484527,0.04285754,-1.016188,0.5085154,-0.5039234,0.4949366,0.4924544,
1,5,13.727,-0.2484497,0.04286576,-1.016193,0.5085163,-0.5039132,0.4949492,0.4924511,
1,5,13.729,-0.2484497,0.04286576,-1.016193,0.5085163,-0.5039132,0.4949492,0.4924511,
1,5,13.731,-0.2484497,0.04286576,-1.016193,0.5085163,-0.5039132,0.4949492,0.4924511,
1,5,13.733,-0.2484497,0.04286576,-1.016193,0.5085163,-0.5039132,0.4949492,0.4924511,
1,5,13.735,-0.2484569,0.04286034,-1.016204,0.5085088,-0.503916,0.4949583,0.4924468,
1,5,13.737,-0.2484569,0.04286034,-1.016204,0.5085088,-0.503916,0.4949583,0.4924468,
1,5,13.739,-0.2484569,0.04286034,-1.016204,0.5085088,-0.503916,0.4949583,0.4924468,
1,5,13.741,-0.2484569,0.04286034,-1.016204,0.5085088,-0.503916,0.4949583,0.4924468,
1,5,13.743,-0.2484579,0.04285159,-1.016211,0.5085099,-0.5039259,0.4949523,0.4924416,
1,5,13.745,-0.2484579,0.04285159,-1.016211,0.5085099,-0.5039259,0.4949523,0.4924416,
1,5,13.747,-0.2484579,0.04285159,-1.016211,0.5085099,-0.5039259,0.4949523,0.4924416,
1,5,13.749,-0.2484579,0.04285159,-1.016211,0.5085099,-0.5039259,0.4949523,0.4924416,
1,5,13.751,-0.2484593,0.0428624,-1.016193,0.5085133,-0.5039172,0.494958,0.4924413,
1,5,13.753,-0.2484593,0.0428624,-1.016193,0.5085133,-0.5039172,0.494958,0.4924413,
1,5,13.755,-0.2484593,0.0428624,-1.016193,0.5085133,-0.5039172,0.494958,0.4924413,
1,5,13.757,-0.2484593,0.0428624,-1.016193,0.5085133,-0.5039172,0.494958,0.4924413,
1,5,13.759,-0.2484614,0.04285768,-1.016201,0.5085249,-0.5039194,0.494951,0.4924341,
1,5,13.761,-0.2484614,0.04285768,-1.016201,0.5085249,-0.5039194,0.494951,0.4924341,
1,5,13.763,-0.2484614,0.04285768,-1.016201,0.5085249,-0.5039194,0.494951,0.4924341,
1,5,13.765,-0.2484614,0.04285768,-1.016201,0.5085249,-0.5039194,0.494951,0.4924341,
1,5,13.767,-0.2484614,0.04285768,-1.016201,0.5085249,-0.5039194,0.494951,0.4924341,
1,5,13.769,-0.2484587,0.04286467,-1.016199,0.5085208,-0.5039161,0.4949597,0.4924328,
1,5,13.771,-0.2484587,0.04286467,-1.016199,0.5085208,-0.5039161,0.4949597,0.4924328,
1,5,13.773,-0.2484587,0.04286467,-1.016199,0.5085208,-0.5039161,0.4949597,0.4924328,
1,5,13.775,-0.2484587,0.04286467,-1.016199,0.5085208,-0.5039161,0.4949597,0.4924328,
1,5,13.777,-0.248457,0.04287268,-1.016201,0.508516,-0.503915,0.4949376,0.4924613,
1,5,13.779,-0.248457,0.04287268,-1.016201,0.508516,-0.503915,0.4949376,0.4924613,
1,5,13.781,-0.248457,0.04287268,-1.016201,0.508516,-0.503915,0.4949376,0.4924613,
1,5,13.783,-0.248457,0.04287268,-1.016201,0.508516,-0.503915,0.4949376,0.4924613,
1,5,13.785,-0.2484556,0.04286714,-1.0162,0.5085101,-0.5039212,0.4949472,0.4924513,
1,5,13.787,-0.2484556,0.04286714,-1.0162,0.5085101,-0.5039212,0.4949472,0.4924513,
1,5,13.789,-0.2484556,0.04286714,-1.0162,0.5085101,-0.5039212,0.4949472,0.4924513,
1,5,13.791,-0.2484556,0.04286714,-1.0162,0.5085101,-0.5039212,0.4949472,0.4924513,
1,5,13.793,-0.2484608,0.04287718,-1.016201,0.5085186,-0.503934,0.4949402,0.4924364,
1,5,13.795,-0.2484608,0.04287718,-1.016201,0.5085186,-0.503934,0.4949402,0.4924364,
1,5,13.797,-0.2484608,0.04287718,-1.016201,0.5085186,-0.503934,0.4949402,0.4924364,
1,5,13.799,-0.2484608,0.04287718,-1.016201,0.5085186,-0.503934,0.4949402,0.4924364,
1,5,13.801,-0.2484695,0.04287865,-1.016201,0.5085148,-0.5039054,0.4949465,0.4924632,
1,5,13.803,-0.2484695,0.04287865,-1.016201,0.5085148,-0.5039054,0.4949465,0.4924632,
1,5,13.805,-0.2484695,0.04287865,-1.016201,0.5085148,-0.5039054,0.4949465,0.4924632,
1,5,13.807,-0.2484695,0.04287865,-1.016201,0.5085148,-0.5039054,0.4949465,0.4924632,
1,5,13.809,-0.2484698,0.04287643,-1.016198,0.5084904,-0.5039098,0.4949613,0.4924691,
1,5,13.811,-0.2484698,0.04287643,-1.016198,0.5084904,-0.5039098,0.4949613,0.4924691,
1,5,13.813,-0.2484698,0.04287643,-1.016198,0.5084904,-0.5039098,0.4949613,0.4924691,
1,5,13.815,-0.2484698,0.04287643,-1.016198,0.5084904,-0.5039098,0.4949613,0.4924691,
1,5,13.817,-0.2484698,0.04287643,-1.016198,0.5084904,-0.5039098,0.4949613,0.4924691,
1,5,13.819,-0.2484742,0.04286683,-1.016198,0.5084989,-0.5039368,0.4949507,0.4924434,
1,5,13.821,-0.2484742,0.04286683,-1.016198,0.5084989,-0.5039368,0.4949507,0.4924434,
1,5,13.823,-0.2484742,0.04286683,-1.016198,0.5084989,-0.5039368,0.4949507,0.4924434,
1,5,13.825,-0.2484742,0.04286683,-1.016198,0.5084989,-0.5039368,0.4949507,0.4924434,
1,5,13.827,-0.248479,0.04286384,-1.016194,0.5084996,-0.5039527,0.4949307,0.4924463,
1,5,13.829,-0.248479,0.04286384,-1.016194,0.5084996,-0.5039527,0.4949307,0.4924463,
1,5,13.831,-0.248479,0.04286384,-1.016194,0.5084996,-0.5039527,0.4949307,0.4924463,
1,5,13.833,-0.248479,0.04286384,-1.016194,0.5084996,-0.5039527,0.4949307,0.4924463,
1,5,13.835,-0.2484688,0.04285919,-1.016192,0.5084972,-0.5039381,0.4949306,0.492464,
1,5,13.837,-0.2484688,0.04285919,-1.016192,0.5084972,-0.5039381,0.4949306,0.492464,
1,5,13.839,-0.2484688,0.04285919,-1.016192,0.5084972,-0.5039381,0.4949306,0.492464,
1,5,13.841,-0.2484688,0.04285919,-1.016192,0.5084972,-0.5039381,0.4949306,0.492464,
1,5,13.843,-0.2484554,0.04286047,-1.016194,0.508494,-0.5039363,0.4949404,0.4924593,
1,5,13.845,-0.2484554,0.04286047,-1.016194,0.508494,-0.5039363,0.4949404,0.4924593,
1,5,13.847,-0.2484554,0.04286047,-1.016194,0.508494,-0.5039363,0.4949404,0.4924593,
1,5,13.849,-0.2484554,0.04286047,-1.016194,0.508494,-0.5039363,0.4949404,0.4924593,
1,5,13.851,-0.2484719,0.0428527,-1.016195,0.5084878,-0.5039405,0.4949421,0.4924596,
1,5,13.853,-0.2484719,0.0428527,-1.016195,0.5084878,-0.5039405,0.4949421,0.4924596,
1,5,13.855,-0.2484719,0.0428527,-1.016195,0.5084878,-0.5039405,0.4949421,0.4924596,
1,5,13.857,-0.2484719,0.0428527,-1.016195,0.5084878,-0.5039405,0.4949421,0.4924596,
1,5,13.859,-0.2484653,0.04286237,-1.016189,0.5085051,-0.5039336,0.4949436,0.4924472,
1,5,13.861,-0.2484653,0.04286237,-1.016189,0.5085051,-0.5039336,0.4949436,0.4924472,
1,5,13.863,-0.2484653,0.04286237,-1.016189,0.5085051,-0.5039336,0.4949436,0.4924472,
1,5,13.865,-0.2484653,0.04286237,-1.016189,0.5085051,-0.5039336,0.4949436,0.4924472,
1,5,13.867,-0.2484653,0.04286237,-1.016189,0.5085051,-0.5039336,0.4949436,0.4924472,
1,5,13.869,-0.2484658,0.04286979,-1.01619,0.5084958,-0.5039321,0.4949589,0.4924431,
1,5,13.871,-0.2484658,0.04286979,-1.01619,0.5084958,-0.5039321,0.4949589,0.4924431,
1,5,13.873,-0.2484658,0.04286979,-1.01619,0.5084958,-0.5039321,0.4949589,0.4924431,
1,5,13.875,-0.2484658,0.04286979,-1.01619,0.5084958,-0.5039321,0.4949589,0.4924431,
1,5,13.877,-0.2484777,0.04286603,-1.016184,0.5084826,-0.5039247,0.4949658,0.4924574,
1,5,13.879,-0.2484777,0.04286603,-1.016184,0.5084826,-0.5039247,0.4949658,0.4924574,
1,5,13.881,-0.2484777,0.04286603,-1.016184,0.5084826,-0.5039247,0.4949658,0.4924574,
1,5,13.883,-0.2484777,0.04286603,-1.016184,0.5084826,-0.5039247,0.4949658,0.4924574,
1,5,13.885,-0.2484703,0.04286489,-1.016182,0.5084891,-0.5039199,0.4949486,0.4924729,
1,5,13.887,-0.2484703,0.04286489,-1.016182,0.5084891,-0.5039199,0.4949486,0.4924729,
1,5,13.889,-0.2484703,0.04286489,-1.016182,0.5084891,-0.5039199,0.4949486,0.4924729,
1,5,13.891,-0.2484703,0.04286489,-1.016182,0.5084891,-0.5039199,0.4949486,0.4924729,
1,5,13.893,-0.2484666,0.04286684,-1.016189,0.5084854,-0.5039218,0.4949463,0.4924771,
1,5,13.895,-0.2484666,0.04286684,-1.016189,0.5084854,-0.5039218,0.4949463,0.4924771,
1,5,13.897,-0.2484666,0.04286684,-1.016189,0.5084854,-0.5039218,0.4949463,0.4924771,
1,5,13.899,-0.2484666,0.04286684,-1.016189,0.5084854,-0.5039218,0.4949463,0.4924771,
1,5,13.901,-0.2484559,0.0428608,-1.016189,0.5084851,-0.5039246,0.4949436,0.4924772,
1,5,13.903,-0.2484559,0.0428608,-1.016189,0.5084851,-0.5039246,0.4949436,0.4924772,
1,5,13.905,-0.2484559,0.0428608,-1.016189,0.5084851,-0.5039246,0.4949436,0.4924772,
1,5,13.907,-0.2484559,0.0428608,-1.016189,0.5084851,-0.5039246,0.4949436,0.4924772,
1,5,13.909,-0.2484582,0.04285804,-1.016188,0.5084879,-0.5039254,0.4949442,0.4924729,
1,5,13.911,-0.2484582,0.04285804,-1.016188,0.5084879,-0.5039254,0.4949442,0.4924729,
1,5,13.913,-0.2484582,0.04285804,-1.016188,0.5084879,-0.5039254,0.4949442,0.4924729,
1,5,13.915,-0.2484582,0.04285804,-1.016188,0.5084879,-0.5039254,0.4949442,0.4924729,
1,5,13.917,-0.2484582,0.04285804,-1.016188,0.5084879,-0.5039254,0.4949442,0.4924729,
